ac,track,species,fold,r2,rmse,mae
ACOLITE,ACOLITE_only,Alexandrium_catenella,0,0.42999,916.00071,478.84079
ACOLITE,ACOLITE_only,Alexandrium_catenella,1,0.39941,1155.67708,497.09223
ACOLITE,ACOLITE_only,Alexandrium_catenella,2,0.41427,736.02685,435.44859
ACOLITE,ACOLITE_only,Alexandrium_catenella,3,0.38691,887.02763,494.11292
ACOLITE,ACOLITE_only,Alexandrium_catenella,4,0.42033,1022.71833,531.1135
ACOLITE,ACOLITE_only,Alexandrium_catenella,5,0.36877,964.70321,468.75074
ACOLITE,ACOLITE_only,Alexandrium_catenella,6,0.35746,1247.36529,542.19405
ACOLITE,ACOLITE_only,Alexandrium_catenella,7,0.43227,1126.21928,545.77637
ACOLITE,ACOLITE_only,Alexandrium_catenella,8,0.40982,964.48479,482.18517
ACOLITE,ACOLITE_only,Alexandrium_catenella,9,0.37282,1049.98719,512.54994
ACOLITE,ACOLITE_only,Alexandrium_catenella,10,0.4273,975.47506,541.73368
ACOLITE,ACOLITE_only,Alexandrium_catenella,11,0.37793,1171.89811,486.83278
ACOLITE,ACOLITE_only,Alexandrium_catenella,12,0.36254,1095.81279,501.63903
ACOLITE,ACOLITE_only,Alexandrium_catenella,13,0.41166,920.25649,471.24062
ACOLITE,ACOLITE_only,Alexandrium_catenella,14,0.39527,777.06757,455.66413
ACOLITE,ACOLITE_only,Alexandrium_catenella,15,0.42154,1227.05577,545.72287
ACOLITE,ACOLITE_only,Alexandrium_catenella,16,0.3361,2206.33183,579.16663
ACOLITE,ACOLITE_only,Alexandrium_catenella,17,0.37398,789.40956,437.78143
ACOLITE,ACOLITE_only,Alexandrium_catenella,18,0.31996,1350.67468,517.94878
ACOLITE,ACOLITE_only,Alexandrium_catenella,19,0.43271,2130.09418,541.23002
ACOLITE,ACOLITE_only,Alexandrium_catenella,20,0.41963,1138.75728,499.19602
ACOLITE,ACOLITE_only,Alexandrium_catenella,21,0.4654,1098.50415,508.1576
ACOLITE,ACOLITE_only,Alexandrium_catenella,22,0.35505,1176.99304,489.47757
ACOLITE,ACOLITE_only,Alexandrium_catenella,23,0.41159,826.02125,453.77383
ACOLITE,ACOLITE_only,Alexandrium_catenella,24,0.43491,1126.97765,556.08031
ACOLITE,ACOLITE_only,Alexandrium_catenella,25,0.41184,858.97356,462.17782
ACOLITE,ACOLITE_only,Alexandrium_catenella,26,0.38601,2082.87517,561.6184
ACOLITE,ACOLITE_only,Alexandrium_catenella,27,0.44338,1082.22125,525.66678
ACOLITE,ACOLITE_only,Alexandrium_catenella,28,0.29663,1208.60103,434.62782
ACOLITE,ACOLITE_only,Alexandrium_catenella,29,0.4727,1475.79543,570.18456
ACOLITE,ACOLITE_only,Alexandrium_catenella,30,0.36682,739.77889,455.04528
ACOLITE,ACOLITE_only,Alexandrium_catenella,31,0.32552,1190.58923,511.86128
ACOLITE,ACOLITE_only,Alexandrium_catenella,32,0.38791,829.74817,485.11519
ACOLITE,ACOLITE_only,Alexandrium_catenella,33,0.39644,756.94415,433.16779
ACOLITE,ACOLITE_only,Alexandrium_catenella,34,0.37333,990.81674,516.98175
ACOLITE,ACOLITE_only,Alexandrium_catenella,35,0.38415,861.2525,444.1737
ACOLITE,ACOLITE_only,Alexandrium_catenella,36,0.38341,973.62033,456.98128
ACOLITE,ACOLITE_only,Alexandrium_catenella,37,0.3636,1320.31814,540.10205
ACOLITE,ACOLITE_only,Alexandrium_catenella,38,0.43713,2158.19559,578.52882
ACOLITE,ACOLITE_only,Alexandrium_catenella,39,0.4437,748.48118,439.62001
ACOLITE,ACOLITE_only,Alexandrium_catenella,40,0.45968,2284.51329,630.81863
ACOLITE,ACOLITE_only,Alexandrium_catenella,41,0.34832,1163.98117,544.63343
ACOLITE,ACOLITE_only,Alexandrium_catenella,42,0.39349,2511.27277,606.54631
ACOLITE,ACOLITE_only,Alexandrium_catenella,43,0.35487,1015.10882,472.87083
ACOLITE,ACOLITE_only,Alexandrium_catenella,44,0.44273,2194.85037,595.05093
ACOLITE,ACOLITE_only,Alexandrium_catenella,45,0.41929,770.96323,419.65032
ACOLITE,ACOLITE_only,Alexandrium_catenella,46,0.42311,2076.96294,544.18077
ACOLITE,ACOLITE_only,Alexandrium_catenella,47,0.39976,962.28861,524.17277
ACOLITE,ACOLITE_only,Alexandrium_catenella,48,0.41155,820.9072,443.82197
ACOLITE,ACOLITE_only,Alexandrium_catenella,49,0.43799,777.64894,438.6653
ACOLITE,ACOLITE_roms,Alexandrium_catenella,0,0.46617,917.54418,475.96424
ACOLITE,ACOLITE_roms,Alexandrium_catenella,1,0.44497,1208.29058,481.48265
ACOLITE,ACOLITE_roms,Alexandrium_catenella,2,0.43961,698.448,431.43435
ACOLITE,ACOLITE_roms,Alexandrium_catenella,3,0.42908,829.21629,469.16624
ACOLITE,ACOLITE_roms,Alexandrium_catenella,4,0.4612,1073.60304,518.54852
ACOLITE,ACOLITE_roms,Alexandrium_catenella,5,0.45451,828.66784,427.59692
ACOLITE,ACOLITE_roms,Alexandrium_catenella,6,0.40036,1236.87754,534.24693
ACOLITE,ACOLITE_roms,Alexandrium_catenella,7,0.44811,1168.69071,551.53655
ACOLITE,ACOLITE_roms,Alexandrium_catenella,8,0.4867,852.34293,459.32222
ACOLITE,ACOLITE_roms,Alexandrium_catenella,9,0.41942,1039.49611,494.17853
ACOLITE,ACOLITE_roms,Alexandrium_catenella,10,0.46512,1066.20778,536.03778
ACOLITE,ACOLITE_roms,Alexandrium_catenella,11,0.42052,1252.75957,484.56285
ACOLITE,ACOLITE_roms,Alexandrium_catenella,12,0.40203,1216.04341,508.23679
ACOLITE,ACOLITE_roms,Alexandrium_catenella,13,0.46281,913.53044,451.72662
ACOLITE,ACOLITE_roms,Alexandrium_catenella,14,0.43157,755.03837,442.75384
ACOLITE,ACOLITE_roms,Alexandrium_catenella,15,0.45468,1311.43871,528.01102
ACOLITE,ACOLITE_roms,Alexandrium_catenella,16,0.3544,2322.53248,574.79845
ACOLITE,ACOLITE_roms,Alexandrium_catenella,17,0.43286,787.31761,429.98265
ACOLITE,ACOLITE_roms,Alexandrium_catenella,18,0.40741,1319.38361,477.88221
ACOLITE,ACOLITE_roms,Alexandrium_catenella,19,0.46931,2170.86469,527.5421
ACOLITE,ACOLITE_roms,Alexandrium_catenella,20,0.45418,1086.59543,484.70128
ACOLITE,ACOLITE_roms,Alexandrium_catenella,21,0.47071,1102.85104,502.50734
ACOLITE,ACOLITE_roms,Alexandrium_catenella,22,0.43434,1131.93154,458.98812
ACOLITE,ACOLITE_roms,Alexandrium_catenella,23,0.45594,709.58869,432.08856
ACOLITE,ACOLITE_roms,Alexandrium_catenella,24,0.45755,1051.78872,549.02542
ACOLITE,ACOLITE_roms,Alexandrium_catenella,25,0.42244,886.59882,462.06805
ACOLITE,ACOLITE_roms,Alexandrium_catenella,26,0.43614,2147.6168,547.77273
ACOLITE,ACOLITE_roms,Alexandrium_catenella,27,0.47185,1097.58535,529.6386
ACOLITE,ACOLITE_roms,Alexandrium_catenella,28,0.30271,1227.05569,428.57175
ACOLITE,ACOLITE_roms,Alexandrium_catenella,29,0.51422,1515.08215,551.72758
ACOLITE,ACOLITE_roms,Alexandrium_catenella,30,0.39177,765.37857,458.40766
ACOLITE,ACOLITE_roms,Alexandrium_catenella,31,0.37414,1183.94775,489.37011
ACOLITE,ACOLITE_roms,Alexandrium_catenella,32,0.45244,772.30216,464.59017
ACOLITE,ACOLITE_roms,Alexandrium_catenella,33,0.44873,730.22408,416.91493
ACOLITE,ACOLITE_roms,Alexandrium_catenella,34,0.43391,905.24497,489.84432
ACOLITE,ACOLITE_roms,Alexandrium_catenella,35,0.42309,792.75661,422.92772
ACOLITE,ACOLITE_roms,Alexandrium_catenella,36,0.4271,1009.88073,449.50796
ACOLITE,ACOLITE_roms,Alexandrium_catenella,37,0.45479,1269.03549,512.40486
ACOLITE,ACOLITE_roms,Alexandrium_catenella,38,0.46987,2177.19867,567.34728
ACOLITE,ACOLITE_roms,Alexandrium_catenella,39,0.45606,931.9805,451.13816
ACOLITE,ACOLITE_roms,Alexandrium_catenella,40,0.51387,2292.63418,619.19122
ACOLITE,ACOLITE_roms,Alexandrium_catenella,41,0.43058,1100.19185,498.24818
ACOLITE,ACOLITE_roms,Alexandrium_catenella,42,0.4417,2510.67401,598.41057
ACOLITE,ACOLITE_roms,Alexandrium_catenella,43,0.41387,994.21808,447.02643
ACOLITE,ACOLITE_roms,Alexandrium_catenella,44,0.45206,2275.39509,594.06106
ACOLITE,ACOLITE_roms,Alexandrium_catenella,45,0.44421,905.8378,417.18601
ACOLITE,ACOLITE_roms,Alexandrium_catenella,46,0.45538,2171.22364,544.79448
ACOLITE,ACOLITE_roms,Alexandrium_catenella,47,0.46985,903.38433,492.25401
ACOLITE,ACOLITE_roms,Alexandrium_catenella,48,0.45082,805.54495,426.68081
ACOLITE,ACOLITE_roms,Alexandrium_catenella,49,0.48376,853.90939,436.41502
ACOLITE,ACOLITE_only,Dinophysis_acuminata,0,0.559,756.33781,392.28104
ACOLITE,ACOLITE_only,Dinophysis_acuminata,1,0.52522,9994.00822,743.53241
ACOLITE,ACOLITE_only,Dinophysis_acuminata,2,0.53547,2341.13257,509.65584
ACOLITE,ACOLITE_only,Dinophysis_acuminata,3,0.52912,1845.28786,501.90655
ACOLITE,ACOLITE_only,Dinophysis_acuminata,4,0.4864,1973.60779,521.36158
ACOLITE,ACOLITE_only,Dinophysis_acuminata,5,0.56087,1829.51312,551.10982
ACOLITE,ACOLITE_only,Dinophysis_acuminata,6,0.55758,10324.22151,829.12157
ACOLITE,ACOLITE_only,Dinophysis_acuminata,7,0.54478,6402.52245,723.54852
ACOLITE,ACOLITE_only,Dinophysis_acuminata,8,0.53426,1494.55239,498.89284
ACOLITE,ACOLITE_only,Dinophysis_acuminata,9,0.45214,10281.45892,907.86953
ACOLITE,ACOLITE_only,Dinophysis_acuminata,10,0.53526,6177.25504,678.69971
ACOLITE,ACOLITE_only,Dinophysis_acuminata,11,0.52608,1854.08112,474.79035
ACOLITE,ACOLITE_only,Dinophysis_acuminata,12,0.5573,1063.67779,448.19199
ACOLITE,ACOLITE_only,Dinophysis_acuminata,13,0.53242,1437.86416,493.6029
ACOLITE,ACOLITE_only,Dinophysis_acuminata,14,0.52191,10456.47553,895.72822
ACOLITE,ACOLITE_only,Dinophysis_acuminata,15,0.48722,11906.0542,1031.85425
ACOLITE,ACOLITE_only,Dinophysis_acuminata,16,0.55679,1277.89936,451.9654
ACOLITE,ACOLITE_only,Dinophysis_acuminata,17,0.52274,10063.47908,776.2022
ACOLITE,ACOLITE_only,Dinophysis_acuminata,18,0.58482,2040.73228,494.28303
ACOLITE,ACOLITE_only,Dinophysis_acuminata,19,0.48359,6189.17638,663.87709
ACOLITE,ACOLITE_only,Dinophysis_acuminata,20,0.56249,2214.20763,560.25961
ACOLITE,ACOLITE_only,Dinophysis_acuminata,21,0.53337,803.69738,395.6081
ACOLITE,ACOLITE_only,Dinophysis_acuminata,22,0.55332,1470.51703,448.27014
ACOLITE,ACOLITE_only,Dinophysis_acuminata,23,0.58017,6372.12464,671.34216
ACOLITE,ACOLITE_only,Dinophysis_acuminata,24,0.53314,1232.91854,486.17557
ACOLITE,ACOLITE_only,Dinophysis_acuminata,25,0.51863,6254.67264,677.38026
ACOLITE,ACOLITE_only,Dinophysis_acuminata,26,0.56439,1273.41655,463.87876
ACOLITE,ACOLITE_only,Dinophysis_acuminata,27,0.55253,1063.00531,444.35684
ACOLITE,ACOLITE_only,Dinophysis_acuminata,28,0.51362,10260.42514,808.36343
ACOLITE,ACOLITE_only,Dinophysis_acuminata,29,0.54698,1210.70334,457.70693
ACOLITE,ACOLITE_only,Dinophysis_acuminata,30,0.54687,1404.61949,482.9911
ACOLITE,ACOLITE_only,Dinophysis_acuminata,31,0.55974,6016.13113,649.61601
ACOLITE,ACOLITE_only,Dinophysis_acuminata,32,0.50604,1605.5672,471.99843
ACOLITE,ACOLITE_only,Dinophysis_acuminata,33,0.56864,1361.29034,476.70868
ACOLITE,ACOLITE_only,Dinophysis_acuminata,34,0.581,5981.81821,622.24207
ACOLITE,ACOLITE_only,Dinophysis_acuminata,35,0.57564,1754.14706,504.91968
ACOLITE,ACOLITE_only,Dinophysis_acuminata,36,0.53905,2051.02801,492.90212
ACOLITE,ACOLITE_only,Dinophysis_acuminata,37,0.54672,1406.586,462.17594
ACOLITE,ACOLITE_only,Dinophysis_acuminata,38,0.55471,1015.4795,420.37386
ACOLITE,ACOLITE_only,Dinophysis_acuminata,39,0.5403,6058.10705,658.39204
ACOLITE,ACOLITE_only,Dinophysis_acuminata,40,0.55645,976.89432,411.53825
ACOLITE,ACOLITE_only,Dinophysis_acuminata,41,0.51731,10059.84064,757.43963
ACOLITE,ACOLITE_only,Dinophysis_acuminata,42,0.5304,9977.62589,760.04086
ACOLITE,ACOLITE_only,Dinophysis_acuminata,43,0.4848,1039.60142,422.52707
ACOLITE,ACOLITE_only,Dinophysis_acuminata,44,0.53096,1340.05766,484.48576
ACOLITE,ACOLITE_only,Dinophysis_acuminata,45,0.53154,857.10039,426.61981
ACOLITE,ACOLITE_only,Dinophysis_acuminata,46,0.54909,1165.65764,473.90994
ACOLITE,ACOLITE_only,Dinophysis_acuminata,47,0.52532,6503.57382,719.09459
ACOLITE,ACOLITE_only,Dinophysis_acuminata,48,0.56566,2048.34667,507.85744
ACOLITE,ACOLITE_only,Dinophysis_acuminata,49,0.52937,1397.38155,413.62555
ACOLITE,ACOLITE_roms,Dinophysis_acuminata,0,0.58503,730.50983,385.27018
ACOLITE,ACOLITE_roms,Dinophysis_acuminata,1,0.55788,9985.56502,740.72135
ACOLITE,ACOLITE_roms,Dinophysis_acuminata,2,0.57004,2338.3873,499.51381
ACOLITE,ACOLITE_roms,Dinophysis_acuminata,3,0.57552,1804.54914,491.63009
ACOLITE,ACOLITE_roms,Dinophysis_acuminata,4,0.51954,2110.44126,532.81772
ACOLITE,ACOLITE_roms,Dinophysis_acuminata,5,0.61355,1834.89077,534.90512
ACOLITE,ACOLITE_roms,Dinophysis_acuminata,6,0.57489,10307.20034,840.65683
ACOLITE,ACOLITE_roms,Dinophysis_acuminata,7,0.59543,6336.74029,699.52057
ACOLITE,ACOLITE_roms,Dinophysis_acuminata,8,0.57848,1509.13867,486.84901
ACOLITE,ACOLITE_roms,Dinophysis_acuminata,9,0.52614,10276.70286,895.2907
ACOLITE,ACOLITE_roms,Dinophysis_acuminata,10,0.58832,6154.932,660.07402
ACOLITE,ACOLITE_roms,Dinophysis_acuminata,11,0.5532,1909.91797,478.70016
ACOLITE,ACOLITE_roms,Dinophysis_acuminata,12,0.57253,1041.22402,449.86324
ACOLITE,ACOLITE_roms,Dinophysis_acuminata,13,0.57588,1336.26876,477.04676
ACOLITE,ACOLITE_roms,Dinophysis_acuminata,14,0.53111,10455.23391,900.64411
ACOLITE,ACOLITE_roms,Dinophysis_acuminata,15,0.5344,11867.26083,1017.1738
ACOLITE,ACOLITE_roms,Dinophysis_acuminata,16,0.58573,1252.67376,439.31194
ACOLITE,ACOLITE_roms,Dinophysis_acuminata,17,0.54983,10063.31672,768.53908
ACOLITE,ACOLITE_roms,Dinophysis_acuminata,18,0.61063,2038.26053,492.42796
ACOLITE,ACOLITE_roms,Dinophysis_acuminata,19,0.52806,6188.00169,655.46292
ACOLITE,ACOLITE_roms,Dinophysis_acuminata,20,0.59653,2307.05271,558.45697
ACOLITE,ACOLITE_roms,Dinophysis_acuminata,21,0.56166,835.44374,384.51844
ACOLITE,ACOLITE_roms,Dinophysis_acuminata,22,0.57583,1382.08392,453.51871
ACOLITE,ACOLITE_roms,Dinophysis_acuminata,23,0.61127,6363.07689,665.65056
ACOLITE,ACOLITE_roms,Dinophysis_acuminata,24,0.57603,1135.80118,464.42802
ACOLITE,ACOLITE_roms,Dinophysis_acuminata,25,0.57727,6213.55453,654.50421
ACOLITE,ACOLITE_roms,Dinophysis_acuminata,26,0.60368,1340.29661,455.79345
ACOLITE,ACOLITE_roms,Dinophysis_acuminata,27,0.6005,997.59595,428.19007
ACOLITE,ACOLITE_roms,Dinophysis_acuminata,28,0.54381,10250.65283,806.64665
ACOLITE,ACOLITE_roms,Dinophysis_acuminata,29,0.55466,1239.87421,456.80986
ACOLITE,ACOLITE_roms,Dinophysis_acuminata,30,0.5865,1341.18778,460.89733
ACOLITE,ACOLITE_roms,Dinophysis_acuminata,31,0.59875,5898.25448,633.73016
ACOLITE,ACOLITE_roms,Dinophysis_acuminata,32,0.55662,1532.18648,450.75519
ACOLITE,ACOLITE_roms,Dinophysis_acuminata,33,0.58291,1291.34185,474.06112
ACOLITE,ACOLITE_roms,Dinophysis_acuminata,34,0.61364,5933.10163,612.21709
ACOLITE,ACOLITE_roms,Dinophysis_acuminata,35,0.60127,1742.52913,505.24683
ACOLITE,ACOLITE_roms,Dinophysis_acuminata,36,0.56342,2026.37158,490.58178
ACOLITE,ACOLITE_roms,Dinophysis_acuminata,37,0.57979,1346.91205,470.10793
ACOLITE,ACOLITE_roms,Dinophysis_acuminata,38,0.57229,1109.9864,430.25761
ACOLITE,ACOLITE_roms,Dinophysis_acuminata,39,0.54093,6046.34925,660.75665
ACOLITE,ACOLITE_roms,Dinophysis_acuminata,40,0.5777,967.87886,403.95618
ACOLITE,ACOLITE_roms,Dinophysis_acuminata,41,0.53161,10049.08446,744.43631
ACOLITE,ACOLITE_roms,Dinophysis_acuminata,42,0.56202,9974.85599,747.13522
ACOLITE,ACOLITE_roms,Dinophysis_acuminata,43,0.53127,994.39697,417.35923
ACOLITE,ACOLITE_roms,Dinophysis_acuminata,44,0.55082,1255.96601,474.61008
ACOLITE,ACOLITE_roms,Dinophysis_acuminata,45,0.57825,835.64622,405.81269
ACOLITE,ACOLITE_roms,Dinophysis_acuminata,46,0.5824,1062.17231,456.57371
ACOLITE,ACOLITE_roms,Dinophysis_acuminata,47,0.55658,6495.54849,710.46594
ACOLITE,ACOLITE_roms,Dinophysis_acuminata,48,0.59435,2123.84695,508.77153
ACOLITE,ACOLITE_roms,Dinophysis_acuminata,49,0.56709,1352.96267,401.33923
ACOLITE,ACOLITE_only,Dinophysis_norvegica,0,0.33143,189.07124,113.17019
ACOLITE,ACOLITE_only,Dinophysis_norvegica,1,0.39619,210.14762,129.00076
ACOLITE,ACOLITE_only,Dinophysis_norvegica,2,0.29449,191.17196,115.65316
ACOLITE,ACOLITE_only,Dinophysis_norvegica,3,0.36125,194.02956,125.72626
ACOLITE,ACOLITE_only,Dinophysis_norvegica,4,0.38861,172.69471,115.91574
ACOLITE,ACOLITE_only,Dinophysis_norvegica,5,0.29603,220.36633,134.68435
ACOLITE,ACOLITE_only,Dinophysis_norvegica,6,0.36835,217.93504,131.96376
ACOLITE,ACOLITE_only,Dinophysis_norvegica,7,0.27639,207.07177,130.80456
ACOLITE,ACOLITE_only,Dinophysis_norvegica,8,0.34536,180.92466,119.51072
ACOLITE,ACOLITE_only,Dinophysis_norvegica,9,0.41917,169.3892,110.78951
ACOLITE,ACOLITE_only,Dinophysis_norvegica,10,0.30713,152.45849,107.89461
ACOLITE,ACOLITE_only,Dinophysis_norvegica,11,0.34655,182.75914,123.77296
ACOLITE,ACOLITE_only,Dinophysis_norvegica,12,0.38494,185.14091,121.66714
ACOLITE,ACOLITE_only,Dinophysis_norvegica,13,0.38445,223.60528,136.00476
ACOLITE,ACOLITE_only,Dinophysis_norvegica,14,0.32522,198.78378,126.49086
ACOLITE,ACOLITE_only,Dinophysis_norvegica,15,0.26102,229.76921,136.89391
ACOLITE,ACOLITE_only,Dinophysis_norvegica,16,0.35826,190.27368,122.81444
ACOLITE,ACOLITE_only,Dinophysis_norvegica,17,0.36168,192.29675,127.04189
ACOLITE,ACOLITE_only,Dinophysis_norvegica,18,0.34272,189.48663,122.12691
ACOLITE,ACOLITE_only,Dinophysis_norvegica,19,0.42387,187.24202,124.72219
ACOLITE,ACOLITE_only,Dinophysis_norvegica,20,0.45358,165.94264,113.50306
ACOLITE,ACOLITE_only,Dinophysis_norvegica,21,0.3217,203.22828,130.12874
ACOLITE,ACOLITE_only,Dinophysis_norvegica,22,0.27034,195.79316,128.45736
ACOLITE,ACOLITE_only,Dinophysis_norvegica,23,0.38001,212.59311,128.93455
ACOLITE,ACOLITE_only,Dinophysis_norvegica,24,0.33358,238.65495,138.34922
ACOLITE,ACOLITE_only,Dinophysis_norvegica,25,0.24556,175.94282,116.91487
ACOLITE,ACOLITE_only,Dinophysis_norvegica,26,0.27298,167.75116,115.92903
ACOLITE,ACOLITE_only,Dinophysis_norvegica,27,0.36429,186.95805,120.46319
ACOLITE,ACOLITE_only,Dinophysis_norvegica,28,0.36022,151.65974,104.78991
ACOLITE,ACOLITE_only,Dinophysis_norvegica,29,0.3086,256.90435,153.93165
ACOLITE,ACOLITE_only,Dinophysis_norvegica,30,0.33364,190.96361,124.90314
ACOLITE,ACOLITE_only,Dinophysis_norvegica,31,0.3366,241.30785,145.9639
ACOLITE,ACOLITE_only,Dinophysis_norvegica,32,0.32711,213.6768,130.34247
ACOLITE,ACOLITE_only,Dinophysis_norvegica,33,0.32525,189.08868,123.57614
ACOLITE,ACOLITE_only,Dinophysis_norvegica,34,0.38202,171.00447,116.82294
ACOLITE,ACOLITE_only,Dinophysis_norvegica,35,0.27351,231.17173,144.19727
ACOLITE,ACOLITE_only,Dinophysis_norvegica,36,0.35692,193.20877,118.89314
ACOLITE,ACOLITE_only,Dinophysis_norvegica,37,0.35424,215.68597,128.54726
ACOLITE,ACOLITE_only,Dinophysis_norvegica,38,0.33678,186.51732,118.52692
ACOLITE,ACOLITE_only,Dinophysis_norvegica,39,0.42881,194.47908,119.69152
ACOLITE,ACOLITE_only,Dinophysis_norvegica,40,0.33544,157.3955,110.70567
ACOLITE,ACOLITE_only,Dinophysis_norvegica,41,0.31414,225.68829,139.42633
ACOLITE,ACOLITE_only,Dinophysis_norvegica,42,0.28349,169.38402,113.3321
ACOLITE,ACOLITE_only,Dinophysis_norvegica,43,0.32797,168.79843,117.01964
ACOLITE,ACOLITE_only,Dinophysis_norvegica,44,0.2854,208.69187,120.93156
ACOLITE,ACOLITE_only,Dinophysis_norvegica,45,0.36945,185.47743,120.53469
ACOLITE,ACOLITE_only,Dinophysis_norvegica,46,0.25755,193.99006,132.57714
ACOLITE,ACOLITE_only,Dinophysis_norvegica,47,0.34037,174.51704,112.88625
ACOLITE,ACOLITE_only,Dinophysis_norvegica,48,0.43151,171.09067,113.81683
ACOLITE,ACOLITE_only,Dinophysis_norvegica,49,0.28786,189.7153,128.63041
ACOLITE,ACOLITE_roms,Dinophysis_norvegica,0,0.38971,176.31131,109.79615
ACOLITE,ACOLITE_roms,Dinophysis_norvegica,1,0.38698,212.32243,129.36563
ACOLITE,ACOLITE_roms,Dinophysis_norvegica,2,0.38359,175.80617,110.08084
ACOLITE,ACOLITE_roms,Dinophysis_norvegica,3,0.41488,185.32253,122.63162
ACOLITE,ACOLITE_roms,Dinophysis_norvegica,4,0.39453,175.95058,116.19516
ACOLITE,ACOLITE_roms,Dinophysis_norvegica,5,0.35677,209.73224,129.20962
ACOLITE,ACOLITE_roms,Dinophysis_norvegica,6,0.41945,210.43862,128.67322
ACOLITE,ACOLITE_roms,Dinophysis_norvegica,7,0.29117,209.9465,131.246
ACOLITE,ACOLITE_roms,Dinophysis_norvegica,8,0.37515,175.76921,117.09271
ACOLITE,ACOLITE_roms,Dinophysis_norvegica,9,0.41093,173.7854,117.47898
ACOLITE,ACOLITE_roms,Dinophysis_norvegica,10,0.30423,148.7099,104.80096
ACOLITE,ACOLITE_roms,Dinophysis_norvegica,11,0.37281,178.10304,122.80964
ACOLITE,ACOLITE_roms,Dinophysis_norvegica,12,0.39357,180.26236,121.66653
ACOLITE,ACOLITE_roms,Dinophysis_norvegica,13,0.39557,227.5653,135.49227
ACOLITE,ACOLITE_roms,Dinophysis_norvegica,14,0.31237,200.41325,128.50062
ACOLITE,ACOLITE_roms,Dinophysis_norvegica,15,0.32573,218.71521,132.54018
ACOLITE,ACOLITE_roms,Dinophysis_norvegica,16,0.4293,172.33765,115.59668
ACOLITE,ACOLITE_roms,Dinophysis_norvegica,17,0.39109,190.24848,124.93536
ACOLITE,ACOLITE_roms,Dinophysis_norvegica,18,0.39033,181.41414,118.17774
ACOLITE,ACOLITE_roms,Dinophysis_norvegica,19,0.42561,189.90643,124.54686
ACOLITE,ACOLITE_roms,Dinophysis_norvegica,20,0.42428,177.96068,121.9762
ACOLITE,ACOLITE_roms,Dinophysis_norvegica,21,0.33026,200.69709,129.38122
ACOLITE,ACOLITE_roms,Dinophysis_norvegica,22,0.271,198.42372,130.07159
ACOLITE,ACOLITE_roms,Dinophysis_norvegica,23,0.37644,217.6668,129.96456
ACOLITE,ACOLITE_roms,Dinophysis_norvegica,24,0.37938,232.70038,134.41624
ACOLITE,ACOLITE_roms,Dinophysis_norvegica,25,0.29464,170.23724,112.72153
ACOLITE,ACOLITE_roms,Dinophysis_norvegica,26,0.29134,165.11264,114.01638
ACOLITE,ACOLITE_roms,Dinophysis_norvegica,27,0.38022,182.40056,121.94169
ACOLITE,ACOLITE_roms,Dinophysis_norvegica,28,0.38605,144.32166,102.66093
ACOLITE,ACOLITE_roms,Dinophysis_norvegica,29,0.38731,245.42457,145.79973
ACOLITE,ACOLITE_roms,Dinophysis_norvegica,30,0.32561,197.43951,127.46916
ACOLITE,ACOLITE_roms,Dinophysis_norvegica,31,0.40093,230.11696,142.22439
ACOLITE,ACOLITE_roms,Dinophysis_norvegica,32,0.38952,200.46689,124.82814
ACOLITE,ACOLITE_roms,Dinophysis_norvegica,33,0.36394,178.08502,121.3418
ACOLITE,ACOLITE_roms,Dinophysis_norvegica,34,0.43447,162.70615,113.09279
ACOLITE,ACOLITE_roms,Dinophysis_norvegica,35,0.34608,218.50792,137.4163
ACOLITE,ACOLITE_roms,Dinophysis_norvegica,36,0.3549,188.11903,119.59918
ACOLITE,ACOLITE_roms,Dinophysis_norvegica,37,0.38143,210.84478,122.99036
ACOLITE,ACOLITE_roms,Dinophysis_norvegica,38,0.36863,189.36279,117.78946
ACOLITE,ACOLITE_roms,Dinophysis_norvegica,39,0.42498,196.34441,122.50639
ACOLITE,ACOLITE_roms,Dinophysis_norvegica,40,0.33323,157.82507,110.43639
ACOLITE,ACOLITE_roms,Dinophysis_norvegica,41,0.36673,213.98404,130.32966
ACOLITE,ACOLITE_roms,Dinophysis_norvegica,42,0.30368,167.38754,112.07241
ACOLITE,ACOLITE_roms,Dinophysis_norvegica,43,0.32107,169.6843,117.03074
ACOLITE,ACOLITE_roms,Dinophysis_norvegica,44,0.31083,201.86908,122.73091
ACOLITE,ACOLITE_roms,Dinophysis_norvegica,45,0.40118,176.42129,115.96765
ACOLITE,ACOLITE_roms,Dinophysis_norvegica,46,0.32495,181.6534,123.24155
ACOLITE,ACOLITE_roms,Dinophysis_norvegica,47,0.38791,167.5792,110.45571
ACOLITE,ACOLITE_roms,Dinophysis_norvegica,48,0.44574,179.18111,115.6918
ACOLITE,ACOLITE_roms,Dinophysis_norvegica,49,0.30375,197.03115,132.64237
ACOLITE,ACOLITE_only,Karenia,0,0.51927,5076.74107,2277.37455
ACOLITE,ACOLITE_only,Karenia,1,0.47549,3991.54925,2226.70379
ACOLITE,ACOLITE_only,Karenia,2,0.48821,5008.42595,2198.17053
ACOLITE,ACOLITE_only,Karenia,3,0.51932,3594.71827,2151.16713
ACOLITE,ACOLITE_only,Karenia,4,0.5029,4176.72014,2226.94912
ACOLITE,ACOLITE_only,Karenia,5,0.47394,3993.63625,2193.41626
ACOLITE,ACOLITE_only,Karenia,6,0.4951,3896.23158,2152.02211
ACOLITE,ACOLITE_only,Karenia,7,0.46745,3849.53888,2200.46476
ACOLITE,ACOLITE_only,Karenia,8,0.49414,3295.1463,1986.75463
ACOLITE,ACOLITE_only,Karenia,9,0.51179,4543.39821,1984.58467
ACOLITE,ACOLITE_only,Karenia,10,0.52533,2727.67769,1907.98528
ACOLITE,ACOLITE_only,Karenia,11,0.56204,2821.2572,2023.61649
ACOLITE,ACOLITE_only,Karenia,12,0.49748,3600.58394,2093.53626
ACOLITE,ACOLITE_only,Karenia,13,0.50544,4952.39187,2252.07882
ACOLITE,ACOLITE_only,Karenia,14,0.4835,2943.44084,1973.63189
ACOLITE,ACOLITE_only,Karenia,15,0.51679,3001.30055,1973.45385
ACOLITE,ACOLITE_only,Karenia,16,0.50832,3036.8622,1981.81116
ACOLITE,ACOLITE_only,Karenia,17,0.48795,4968.94944,2200.57428
ACOLITE,ACOLITE_only,Karenia,18,0.52114,3428.19128,2008.68809
ACOLITE,ACOLITE_only,Karenia,19,0.49269,3813.58818,2175.23735
ACOLITE,ACOLITE_only,Karenia,20,0.53816,2923.91356,1933.09563
ACOLITE,ACOLITE_only,Karenia,21,0.52245,4007.60991,2178.1397
ACOLITE,ACOLITE_only,Karenia,22,0.48966,4794.88106,2136.7203
ACOLITE,ACOLITE_only,Karenia,23,0.54605,2759.5991,1942.77761
ACOLITE,ACOLITE_only,Karenia,24,0.47555,3773.22231,2214.55651
ACOLITE,ACOLITE_only,Karenia,25,0.52673,2740.88287,1956.03055
ACOLITE,ACOLITE_only,Karenia,26,0.51011,3092.87675,1942.80411
ACOLITE,ACOLITE_only,Karenia,27,0.53386,3301.92822,2047.22824
ACOLITE,ACOLITE_only,Karenia,28,0.47302,3839.36415,2194.5188
ACOLITE,ACOLITE_only,Karenia,29,0.52386,4193.75902,2172.81451
ACOLITE,ACOLITE_only,Karenia,30,0.52867,3037.29743,2018.93475
ACOLITE,ACOLITE_only,Karenia,31,0.5371,2902.9413,1938.86579
ACOLITE,ACOLITE_only,Karenia,32,0.4944,3246.30821,2063.88084
ACOLITE,ACOLITE_only,Karenia,33,0.50926,3659.95236,2157.74303
ACOLITE,ACOLITE_only,Karenia,34,0.48702,5019.99208,2239.06197
ACOLITE,ACOLITE_only,Karenia,35,0.52056,3584.2263,2086.99958
ACOLITE,ACOLITE_only,Karenia,36,0.51639,3046.61243,2039.04039
ACOLITE,ACOLITE_only,Karenia,37,0.45385,4842.30268,2055.66019
ACOLITE,ACOLITE_only,Karenia,38,0.47865,3538.47248,2217.15975
ACOLITE,ACOLITE_only,Karenia,39,0.51761,3341.51552,2026.23913
ACOLITE,ACOLITE_only,Karenia,40,0.49344,3395.34923,2079.05254
ACOLITE,ACOLITE_only,Karenia,41,0.49715,3891.49467,2058.50792
ACOLITE,ACOLITE_only,Karenia,42,0.47223,4034.0347,2165.15471
ACOLITE,ACOLITE_only,Karenia,43,0.50631,3066.01666,2028.67371
ACOLITE,ACOLITE_only,Karenia,44,0.5078,3243.02616,2030.61532
ACOLITE,ACOLITE_only,Karenia,45,0.52166,3580.65987,2051.38278
ACOLITE,ACOLITE_only,Karenia,46,0.48272,3327.09013,2093.28814
ACOLITE,ACOLITE_only,Karenia,47,0.49508,3759.84543,2317.16693
ACOLITE,ACOLITE_only,Karenia,48,0.51323,3165.60403,2008.59542
ACOLITE,ACOLITE_only,Karenia,49,0.50666,4128.06262,2148.9724
ACOLITE,ACOLITE_roms,Karenia,0,0.59766,4737.85538,2031.47117
ACOLITE,ACOLITE_roms,Karenia,1,0.57493,3411.76138,1952.15958
ACOLITE,ACOLITE_roms,Karenia,2,0.5942,4671.58654,1941.61386
ACOLITE,ACOLITE_roms,Karenia,3,0.59489,3023.34835,1912.21598
ACOLITE,ACOLITE_roms,Karenia,4,0.59992,3634.69802,2036.91136
ACOLITE,ACOLITE_roms,Karenia,5,0.55848,3437.17953,1969.94466
ACOLITE,ACOLITE_roms,Karenia,6,0.56342,3305.85022,1959.65617
ACOLITE,ACOLITE_roms,Karenia,7,0.55251,3438.26211,2000.03983
ACOLITE,ACOLITE_roms,Karenia,8,0.5768,2939.04664,1834.53969
ACOLITE,ACOLITE_roms,Karenia,9,0.59619,4266.69616,1776.26303
ACOLITE,ACOLITE_roms,Karenia,10,0.55306,2480.98029,1758.52293
ACOLITE,ACOLITE_roms,Karenia,11,0.61471,2581.27277,1845.17791
ACOLITE,ACOLITE_roms,Karenia,12,0.58061,3216.02634,1888.39358
ACOLITE,ACOLITE_roms,Karenia,13,0.58225,4577.63614,2019.93059
ACOLITE,ACOLITE_roms,Karenia,14,0.57005,2626.93654,1733.96862
ACOLITE,ACOLITE_roms,Karenia,15,0.60784,2508.18174,1712.44739
ACOLITE,ACOLITE_roms,Karenia,16,0.5863,2490.60044,1728.13734
ACOLITE,ACOLITE_roms,Karenia,17,0.58983,4662.28469,1964.43658
ACOLITE,ACOLITE_roms,Karenia,18,0.60783,3001.08983,1787.01675
ACOLITE,ACOLITE_roms,Karenia,19,0.60422,3302.59246,1907.51152
ACOLITE,ACOLITE_roms,Karenia,20,0.60473,2572.6606,1711.08496
ACOLITE,ACOLITE_roms,Karenia,21,0.63889,3349.99229,1911.647
ACOLITE,ACOLITE_roms,Karenia,22,0.58226,4504.06858,1890.09813
ACOLITE,ACOLITE_roms,Karenia,23,0.60031,2624.07931,1797.87813
ACOLITE,ACOLITE_roms,Karenia,24,0.56611,3307.25908,1981.52104
ACOLITE,ACOLITE_roms,Karenia,25,0.60227,2400.97133,1752.79247
ACOLITE,ACOLITE_roms,Karenia,26,0.59941,2705.72119,1704.28704
ACOLITE,ACOLITE_roms,Karenia,27,0.62516,2692.0337,1792.22966
ACOLITE,ACOLITE_roms,Karenia,28,0.56382,3309.34698,1924.91458
ACOLITE,ACOLITE_roms,Karenia,29,0.60677,3685.0477,1940.33458
ACOLITE,ACOLITE_roms,Karenia,30,0.63099,2618.31854,1752.67174
ACOLITE,ACOLITE_roms,Karenia,31,0.60566,2553.85041,1729.93975
ACOLITE,ACOLITE_roms,Karenia,32,0.59646,2736.95434,1793.4298
ACOLITE,ACOLITE_roms,Karenia,33,0.60495,3254.43499,1933.25867
ACOLITE,ACOLITE_roms,Karenia,34,0.55739,4684.96259,2043.80457
ACOLITE,ACOLITE_roms,Karenia,35,0.5882,3137.00642,1886.08452
ACOLITE,ACOLITE_roms,Karenia,36,0.56826,2733.34395,1860.35406
ACOLITE,ACOLITE_roms,Karenia,37,0.54371,4474.29208,1834.01448
ACOLITE,ACOLITE_roms,Karenia,38,0.55379,3185.65159,1977.21823
ACOLITE,ACOLITE_roms,Karenia,39,0.60164,2784.9431,1766.04408
ACOLITE,ACOLITE_roms,Karenia,40,0.53905,3066.12843,1946.01397
ACOLITE,ACOLITE_roms,Karenia,41,0.58937,3416.61813,1819.51511
ACOLITE,ACOLITE_roms,Karenia,42,0.58499,3443.5244,1906.99772
ACOLITE,ACOLITE_roms,Karenia,43,0.58302,2773.64855,1834.75468
ACOLITE,ACOLITE_roms,Karenia,44,0.57959,2752.04874,1826.4527
ACOLITE,ACOLITE_roms,Karenia,45,0.61633,3126.38465,1848.21698
ACOLITE,ACOLITE_roms,Karenia,46,0.56194,3009.79437,1878.48571
ACOLITE,ACOLITE_roms,Karenia,47,0.57903,3414.59958,2099.71629
ACOLITE,ACOLITE_roms,Karenia,48,0.59803,2801.21693,1804.09176
ACOLITE,ACOLITE_roms,Karenia,49,0.59253,3700.73544,1941.70926
ACOLITE,ACOLITE_only,Pseudo-nitzschia,0,0.36341,19026.58343,5635.61923
ACOLITE,ACOLITE_only,Pseudo-nitzschia,1,0.32789,27507.90827,6561.22162
ACOLITE,ACOLITE_only,Pseudo-nitzschia,2,0.40659,17425.48008,4996.96183
ACOLITE,ACOLITE_only,Pseudo-nitzschia,3,0.33685,12236.9748,4250.96136
ACOLITE,ACOLITE_only,Pseudo-nitzschia,4,0.38975,12152.85285,4230.36199
ACOLITE,ACOLITE_only,Pseudo-nitzschia,5,0.42346,15722.71463,4730.7578
ACOLITE,ACOLITE_only,Pseudo-nitzschia,6,0.34611,20497.84032,5685.25906
ACOLITE,ACOLITE_only,Pseudo-nitzschia,7,0.38965,6849.61998,3772.27893
ACOLITE,ACOLITE_only,Pseudo-nitzschia,8,0.3596,17648.67803,5338.76758
ACOLITE,ACOLITE_only,Pseudo-nitzschia,9,0.33973,9458.8635,4635.90796
ACOLITE,ACOLITE_only,Pseudo-nitzschia,10,0.33446,9316.59528,4341.56995
ACOLITE,ACOLITE_only,Pseudo-nitzschia,11,0.36535,16904.76789,4884.65757
ACOLITE,ACOLITE_only,Pseudo-nitzschia,12,0.41462,18074.50131,5372.39546
ACOLITE,ACOLITE_only,Pseudo-nitzschia,13,0.36666,25212.04059,5839.43024
ACOLITE,ACOLITE_only,Pseudo-nitzschia,14,0.32308,8493.47696,4329.56049
ACOLITE,ACOLITE_only,Pseudo-nitzschia,15,0.39293,19876.00472,5386.37093
ACOLITE,ACOLITE_only,Pseudo-nitzschia,16,0.36416,17363.15164,5572.11326
ACOLITE,ACOLITE_only,Pseudo-nitzschia,17,0.37253,12777.49082,4819.63337
ACOLITE,ACOLITE_only,Pseudo-nitzschia,18,0.42275,13970.41138,4688.17472
ACOLITE,ACOLITE_only,Pseudo-nitzschia,19,0.41525,24910.49198,5788.47183
ACOLITE,ACOLITE_only,Pseudo-nitzschia,20,0.41279,24327.27763,5387.87601
ACOLITE,ACOLITE_only,Pseudo-nitzschia,21,0.41262,12011.83718,4533.52795
ACOLITE,ACOLITE_only,Pseudo-nitzschia,22,0.43256,23771.89924,5930.94415
ACOLITE,ACOLITE_only,Pseudo-nitzschia,23,0.39578,24638.30713,5481.24852
ACOLITE,ACOLITE_only,Pseudo-nitzschia,24,0.3092,14787.07148,5349.24269
ACOLITE,ACOLITE_only,Pseudo-nitzschia,25,0.4225,17980.88259,5255.44907
ACOLITE,ACOLITE_only,Pseudo-nitzschia,26,0.41489,9732.67914,4090.27169
ACOLITE,ACOLITE_only,Pseudo-nitzschia,27,0.41899,13461.33478,4366.89347
ACOLITE,ACOLITE_only,Pseudo-nitzschia,28,0.36008,28105.12394,6198.36217
ACOLITE,ACOLITE_only,Pseudo-nitzschia,29,0.38318,19289.09123,5146.65615
ACOLITE,ACOLITE_only,Pseudo-nitzschia,30,0.3706,18598.19339,5080.99125
ACOLITE,ACOLITE_only,Pseudo-nitzschia,31,0.41197,16034.69342,5568.2496
ACOLITE,ACOLITE_only,Pseudo-nitzschia,32,0.3953,19785.0571,4668.22928
ACOLITE,ACOLITE_only,Pseudo-nitzschia,33,0.34168,7403.04644,4168.03664
ACOLITE,ACOLITE_only,Pseudo-nitzschia,34,0.38976,14311.6835,4592.39269
ACOLITE,ACOLITE_only,Pseudo-nitzschia,35,0.38001,20254.4078,4834.77633
ACOLITE,ACOLITE_only,Pseudo-nitzschia,36,0.43221,23412.02026,6222.92235
ACOLITE,ACOLITE_only,Pseudo-nitzschia,37,0.37058,23003.89726,6113.46536
ACOLITE,ACOLITE_only,Pseudo-nitzschia,38,0.33018,31334.95133,6809.6824
ACOLITE,ACOLITE_only,Pseudo-nitzschia,39,0.34543,10678.78815,4606.4643
ACOLITE,ACOLITE_only,Pseudo-nitzschia,40,0.44011,14079.84587,4863.03486
ACOLITE,ACOLITE_only,Pseudo-nitzschia,41,0.36843,13874.5685,4744.99468
ACOLITE,ACOLITE_only,Pseudo-nitzschia,42,0.38549,19600.3705,5043.06052
ACOLITE,ACOLITE_only,Pseudo-nitzschia,43,0.39248,21021.01773,5340.27092
ACOLITE,ACOLITE_only,Pseudo-nitzschia,44,0.29854,16540.96186,4727.42039
ACOLITE,ACOLITE_only,Pseudo-nitzschia,45,0.42337,16615.31468,5352.45139
ACOLITE,ACOLITE_only,Pseudo-nitzschia,46,0.41362,24977.80365,6177.12345
ACOLITE,ACOLITE_only,Pseudo-nitzschia,47,0.41279,20514.51804,5438.55953
ACOLITE,ACOLITE_only,Pseudo-nitzschia,48,0.32702,26359.39313,5663.43933
ACOLITE,ACOLITE_only,Pseudo-nitzschia,49,0.3909,8058.5942,4342.31435
ACOLITE,ACOLITE_roms,Pseudo-nitzschia,0,0.45752,13401.75685,4783.01346
ACOLITE,ACOLITE_roms,Pseudo-nitzschia,1,0.45125,22564.22349,5956.31258
ACOLITE,ACOLITE_roms,Pseudo-nitzschia,2,0.48783,10463.23296,4244.62556
ACOLITE,ACOLITE_roms,Pseudo-nitzschia,3,0.44263,8998.48014,3865.40856
ACOLITE,ACOLITE_roms,Pseudo-nitzschia,4,0.45914,8342.39832,3745.36778
ACOLITE,ACOLITE_roms,Pseudo-nitzschia,5,0.46682,12706.19252,4394.93329
ACOLITE,ACOLITE_roms,Pseudo-nitzschia,6,0.46528,13668.04508,4951.75605
ACOLITE,ACOLITE_roms,Pseudo-nitzschia,7,0.42823,7664.56767,3798.71325
ACOLITE,ACOLITE_roms,Pseudo-nitzschia,8,0.38593,16614.75261,5121.23887
ACOLITE,ACOLITE_roms,Pseudo-nitzschia,9,0.42629,8094.41625,4105.95376
ACOLITE,ACOLITE_roms,Pseudo-nitzschia,10,0.44176,7680.25931,3872.47957
ACOLITE,ACOLITE_roms,Pseudo-nitzschia,11,0.48024,14645.95934,4374.67384
ACOLITE,ACOLITE_roms,Pseudo-nitzschia,12,0.56592,12249.05306,4296.35676
ACOLITE,ACOLITE_roms,Pseudo-nitzschia,13,0.49073,16852.62641,4706.4197
ACOLITE,ACOLITE_roms,Pseudo-nitzschia,14,0.40156,8052.09814,4040.48459
ACOLITE,ACOLITE_roms,Pseudo-nitzschia,15,0.49453,14012.93758,4688.09931
ACOLITE,ACOLITE_roms,Pseudo-nitzschia,16,0.4537,15127.23923,5096.24507
ACOLITE,ACOLITE_roms,Pseudo-nitzschia,17,0.47359,10277.88412,4373.17989
ACOLITE,ACOLITE_roms,Pseudo-nitzschia,18,0.51469,13158.83188,4383.24336
ACOLITE,ACOLITE_roms,Pseudo-nitzschia,19,0.51752,19629.61054,5126.42412
ACOLITE,ACOLITE_roms,Pseudo-nitzschia,20,0.52067,15652.76602,4469.22934
ACOLITE,ACOLITE_roms,Pseudo-nitzschia,21,0.50121,9189.65702,4131.23943
ACOLITE,ACOLITE_roms,Pseudo-nitzschia,22,0.55798,13944.80062,4650.76364
ACOLITE,ACOLITE_roms,Pseudo-nitzschia,23,0.49785,18092.54115,4684.8799
ACOLITE,ACOLITE_roms,Pseudo-nitzschia,24,0.43468,13135.59628,4829.08717
ACOLITE,ACOLITE_roms,Pseudo-nitzschia,25,0.54368,10368.99079,4280.68738
ACOLITE,ACOLITE_roms,Pseudo-nitzschia,26,0.48356,6208.08802,3621.1401
ACOLITE,ACOLITE_roms,Pseudo-nitzschia,27,0.48138,7581.76714,3753.36316
ACOLITE,ACOLITE_roms,Pseudo-nitzschia,28,0.53554,17722.97431,4796.27223
ACOLITE,ACOLITE_roms,Pseudo-nitzschia,29,0.4843,11598.31921,4411.99331
ACOLITE,ACOLITE_roms,Pseudo-nitzschia,30,0.4474,12182.72097,4453.7792
ACOLITE,ACOLITE_roms,Pseudo-nitzschia,31,0.43815,11736.01046,4786.95642
ACOLITE,ACOLITE_roms,Pseudo-nitzschia,32,0.46454,15327.24266,4229.87754
ACOLITE,ACOLITE_roms,Pseudo-nitzschia,33,0.38642,6943.2372,3983.15695
ACOLITE,ACOLITE_roms,Pseudo-nitzschia,34,0.49826,8177.86415,3806.65496
ACOLITE,ACOLITE_roms,Pseudo-nitzschia,35,0.49375,14411.30284,4233.33037
ACOLITE,ACOLITE_roms,Pseudo-nitzschia,36,0.53606,16387.58962,5204.95803
ACOLITE,ACOLITE_roms,Pseudo-nitzschia,37,0.50872,14785.59403,5045.68915
ACOLITE,ACOLITE_roms,Pseudo-nitzschia,38,0.47547,24602.94249,6006.32801
ACOLITE,ACOLITE_roms,Pseudo-nitzschia,39,0.4152,10517.67467,4283.93248
ACOLITE,ACOLITE_roms,Pseudo-nitzschia,40,0.51045,9435.37559,4168.65736
ACOLITE,ACOLITE_roms,Pseudo-nitzschia,41,0.45823,12710.06483,4506.66887
ACOLITE,ACOLITE_roms,Pseudo-nitzschia,42,0.45867,10767.7967,4171.29474
ACOLITE,ACOLITE_roms,Pseudo-nitzschia,43,0.48164,14097.20303,4672.69622
ACOLITE,ACOLITE_roms,Pseudo-nitzschia,44,0.44051,13328.35143,4159.71707
ACOLITE,ACOLITE_roms,Pseudo-nitzschia,45,0.51438,14143.03742,4880.83357
ACOLITE,ACOLITE_roms,Pseudo-nitzschia,46,0.57278,15272.6677,4682.79881
ACOLITE,ACOLITE_roms,Pseudo-nitzschia,47,0.52998,12667.4502,4349.94253
ACOLITE,ACOLITE_roms,Pseudo-nitzschia,48,0.46632,19988.74243,4921.7091
ACOLITE,ACOLITE_roms,Pseudo-nitzschia,49,0.44702,7217.7946,3965.8284
Baseline,Baseline_only,Alexandrium_catenella,0,0.40627,977.1168,487.86057
Baseline,Baseline_only,Alexandrium_catenella,1,0.31498,1153.22602,517.53465
Baseline,Baseline_only,Alexandrium_catenella,2,0.37969,672.97294,435.85624
Baseline,Baseline_only,Alexandrium_catenella,3,0.32638,908.66806,503.23269
Baseline,Baseline_only,Alexandrium_catenella,4,0.39557,1065.17373,534.15573
Baseline,Baseline_only,Alexandrium_catenella,5,0.38741,945.55799,447.40908
Baseline,Baseline_only,Alexandrium_catenella,6,0.36816,1211.29396,529.55936
Baseline,Baseline_only,Alexandrium_catenella,7,0.40938,1110.89507,543.6993
Baseline,Baseline_only,Alexandrium_catenella,8,0.37217,805.05397,465.09868
Baseline,Baseline_only,Alexandrium_catenella,9,0.3674,1035.66454,497.69393
Baseline,Baseline_only,Alexandrium_catenella,10,0.39241,1157.28731,549.95027
Baseline,Baseline_only,Alexandrium_catenella,11,0.35113,1300.08003,498.56219
Baseline,Baseline_only,Alexandrium_catenella,12,0.34665,1230.02264,528.4341
Baseline,Baseline_only,Alexandrium_catenella,13,0.37408,996.02989,469.88009
Baseline,Baseline_only,Alexandrium_catenella,14,0.37512,751.64827,446.64521
Baseline,Baseline_only,Alexandrium_catenella,15,0.36959,1200.31876,533.13232
Baseline,Baseline_only,Alexandrium_catenella,16,0.31634,2255.76311,575.7374
Baseline,Baseline_only,Alexandrium_catenella,17,0.42157,707.44285,401.86576
Baseline,Baseline_only,Alexandrium_catenella,18,0.32121,1298.20793,512.80135
Baseline,Baseline_only,Alexandrium_catenella,19,0.39153,2206.78619,562.69291
Baseline,Baseline_only,Alexandrium_catenella,20,0.41675,1163.45325,503.00367
Baseline,Baseline_only,Alexandrium_catenella,21,0.41459,1046.36913,503.47101
Baseline,Baseline_only,Alexandrium_catenella,22,0.3817,1164.66341,480.39692
Baseline,Baseline_only,Alexandrium_catenella,23,0.36343,809.98483,459.53238
Baseline,Baseline_only,Alexandrium_catenella,24,0.45121,1054.35946,525.31099
Baseline,Baseline_only,Alexandrium_catenella,25,0.37975,878.09431,468.24934
Baseline,Baseline_only,Alexandrium_catenella,26,0.36455,2069.26194,559.10063
Baseline,Baseline_only,Alexandrium_catenella,27,0.41739,1064.6379,514.23447
Baseline,Baseline_only,Alexandrium_catenella,28,0.23169,1242.52409,436.51351
Baseline,Baseline_only,Alexandrium_catenella,29,0.41937,1500.67541,570.02999
Baseline,Baseline_only,Alexandrium_catenella,30,0.32096,786.85753,464.02053
Baseline,Baseline_only,Alexandrium_catenella,31,0.31336,1168.83732,509.13804
Baseline,Baseline_only,Alexandrium_catenella,32,0.34018,847.9359,500.412
Baseline,Baseline_only,Alexandrium_catenella,33,0.35742,761.0605,434.7681
Baseline,Baseline_only,Alexandrium_catenella,34,0.42036,871.64454,485.0224
Baseline,Baseline_only,Alexandrium_catenella,35,0.3567,742.76762,434.23749
Baseline,Baseline_only,Alexandrium_catenella,36,0.3855,987.66663,455.33762
Baseline,Baseline_only,Alexandrium_catenella,37,0.38987,1261.12197,528.45073
Baseline,Baseline_only,Alexandrium_catenella,38,0.40838,2224.74924,576.52248
Baseline,Baseline_only,Alexandrium_catenella,39,0.37402,971.43271,464.78553
Baseline,Baseline_only,Alexandrium_catenella,40,0.44295,2270.20815,623.90645
Baseline,Baseline_only,Alexandrium_catenella,41,0.33287,1115.83859,521.8358
Baseline,Baseline_only,Alexandrium_catenella,42,0.37369,2484.98656,603.39624
Baseline,Baseline_only,Alexandrium_catenella,43,0.33341,1094.63115,484.5456
Baseline,Baseline_only,Alexandrium_catenella,44,0.38133,2224.44554,610.64467
Baseline,Baseline_only,Alexandrium_catenella,45,0.35229,977.36286,434.72299
Baseline,Baseline_only,Alexandrium_catenella,46,0.42591,2074.33185,535.21064
Baseline,Baseline_only,Alexandrium_catenella,47,0.39046,918.39294,525.11069
Baseline,Baseline_only,Alexandrium_catenella,48,0.36832,812.52087,456.19763
Baseline,Baseline_only,Alexandrium_catenella,49,0.33434,967.69625,456.13183
Baseline,Baseline_roms,Alexandrium_catenella,0,0.45518,1012.53108,487.39533
Baseline,Baseline_roms,Alexandrium_catenella,1,0.43184,1156.2467,480.47188
Baseline,Baseline_roms,Alexandrium_catenella,2,0.43031,704.24808,434.90321
Baseline,Baseline_roms,Alexandrium_catenella,3,0.41853,849.19076,472.99523
Baseline,Baseline_roms,Alexandrium_catenella,4,0.43294,1128.14099,543.03498
Baseline,Baseline_roms,Alexandrium_catenella,5,0.46564,933.77017,427.00718
Baseline,Baseline_roms,Alexandrium_catenella,6,0.447,1192.34633,507.037
Baseline,Baseline_roms,Alexandrium_catenella,7,0.45982,1103.99581,539.76804
Baseline,Baseline_roms,Alexandrium_catenella,8,0.49056,752.21353,433.41405
Baseline,Baseline_roms,Alexandrium_catenella,9,0.40068,1031.48009,502.1708
Baseline,Baseline_roms,Alexandrium_catenella,10,0.45988,1124.41325,528.37118
Baseline,Baseline_roms,Alexandrium_catenella,11,0.40753,1256.8756,475.08742
Baseline,Baseline_roms,Alexandrium_catenella,12,0.36637,1250.70227,526.44185
Baseline,Baseline_roms,Alexandrium_catenella,13,0.4708,909.00836,440.56106
Baseline,Baseline_roms,Alexandrium_catenella,14,0.43448,737.44403,437.62014
Baseline,Baseline_roms,Alexandrium_catenella,15,0.45229,1193.07643,503.84864
Baseline,Baseline_roms,Alexandrium_catenella,16,0.3721,2304.30147,562.36226
Baseline,Baseline_roms,Alexandrium_catenella,17,0.48125,695.51034,400.48933
Baseline,Baseline_roms,Alexandrium_catenella,18,0.40795,1294.03445,491.13651
Baseline,Baseline_roms,Alexandrium_catenella,19,0.42857,2260.27013,544.96411
Baseline,Baseline_roms,Alexandrium_catenella,20,0.46045,1129.76921,487.85248
Baseline,Baseline_roms,Alexandrium_catenella,21,0.47169,1012.32649,474.7987
Baseline,Baseline_roms,Alexandrium_catenella,22,0.43989,1115.84455,456.86733
Baseline,Baseline_roms,Alexandrium_catenella,23,0.43773,757.58375,442.03693
Baseline,Baseline_roms,Alexandrium_catenella,24,0.51333,1034.6846,515.68261
Baseline,Baseline_roms,Alexandrium_catenella,25,0.39721,889.7023,464.67764
Baseline,Baseline_roms,Alexandrium_catenella,26,0.44109,2152.1824,530.04708
Baseline,Baseline_roms,Alexandrium_catenella,27,0.48021,976.78541,498.38876
Baseline,Baseline_roms,Alexandrium_catenella,28,0.24949,1245.42202,441.3659
Baseline,Baseline_roms,Alexandrium_catenella,29,0.46303,1522.85262,572.48277
Baseline,Baseline_roms,Alexandrium_catenella,30,0.40928,738.11762,447.68129
Baseline,Baseline_roms,Alexandrium_catenella,31,0.38478,1166.90049,489.23644
Baseline,Baseline_roms,Alexandrium_catenella,32,0.42315,786.70899,457.91533
Baseline,Baseline_roms,Alexandrium_catenella,33,0.44214,697.9339,405.15983
Baseline,Baseline_roms,Alexandrium_catenella,34,0.444,889.72396,487.48226
Baseline,Baseline_roms,Alexandrium_catenella,35,0.4223,696.96305,409.7712
Baseline,Baseline_roms,Alexandrium_catenella,36,0.43957,953.48836,436.81838
Baseline,Baseline_roms,Alexandrium_catenella,37,0.47807,1170.81028,492.50992
Baseline,Baseline_roms,Alexandrium_catenella,38,0.45254,2219.5159,559.97408
Baseline,Baseline_roms,Alexandrium_catenella,39,0.40168,968.14733,456.43277
Baseline,Baseline_roms,Alexandrium_catenella,40,0.50245,2322.4841,622.30823
Baseline,Baseline_roms,Alexandrium_catenella,41,0.43949,1078.84958,493.5464
Baseline,Baseline_roms,Alexandrium_catenella,42,0.42624,2520.9076,597.23315
Baseline,Baseline_roms,Alexandrium_catenella,43,0.40159,1060.5127,450.61762
Baseline,Baseline_roms,Alexandrium_catenella,44,0.42583,2316.16661,598.62346
Baseline,Baseline_roms,Alexandrium_catenella,45,0.40355,940.41259,419.7211
Baseline,Baseline_roms,Alexandrium_catenella,46,0.45227,2175.19088,538.93805
Baseline,Baseline_roms,Alexandrium_catenella,47,0.45003,831.81192,486.15091
Baseline,Baseline_roms,Alexandrium_catenella,48,0.46903,690.66416,406.09641
Baseline,Baseline_roms,Alexandrium_catenella,49,0.43336,949.86635,445.10732
Baseline,Baseline_only,Dinophysis_acuminata,0,0.49736,837.63193,424.1701
Baseline,Baseline_only,Dinophysis_acuminata,1,0.51884,9985.71015,765.76401
Baseline,Baseline_only,Dinophysis_acuminata,2,0.51995,2355.08135,509.54475
Baseline,Baseline_only,Dinophysis_acuminata,3,0.5051,1885.36864,527.53928
Baseline,Baseline_only,Dinophysis_acuminata,4,0.48019,2170.35043,547.39167
Baseline,Baseline_only,Dinophysis_acuminata,5,0.54318,1968.99648,562.92338
Baseline,Baseline_only,Dinophysis_acuminata,6,0.54699,10305.08782,853.86013
Baseline,Baseline_only,Dinophysis_acuminata,7,0.53095,6208.95567,748.37336
Baseline,Baseline_only,Dinophysis_acuminata,8,0.52956,1621.75738,521.19625
Baseline,Baseline_only,Dinophysis_acuminata,9,0.45643,10261.14665,907.28792
Baseline,Baseline_only,Dinophysis_acuminata,10,0.53411,6046.79105,681.22337
Baseline,Baseline_only,Dinophysis_acuminata,11,0.48365,2147.26304,535.9007
Baseline,Baseline_only,Dinophysis_acuminata,12,0.52516,1154.75477,475.75899
Baseline,Baseline_only,Dinophysis_acuminata,13,0.51419,1588.86525,503.46058
Baseline,Baseline_only,Dinophysis_acuminata,14,0.46409,10464.20514,939.14461
Baseline,Baseline_only,Dinophysis_acuminata,15,0.47933,11801.48375,1041.88536
Baseline,Baseline_only,Dinophysis_acuminata,16,0.55582,1411.85806,473.05066
Baseline,Baseline_only,Dinophysis_acuminata,17,0.50373,10055.35292,791.5374
Baseline,Baseline_only,Dinophysis_acuminata,18,0.55313,2166.75699,536.17636
Baseline,Baseline_only,Dinophysis_acuminata,19,0.46325,6074.78476,680.11594
Baseline,Baseline_only,Dinophysis_acuminata,20,0.55564,2384.01683,564.73572
Baseline,Baseline_only,Dinophysis_acuminata,21,0.53109,742.07086,386.93449
Baseline,Baseline_only,Dinophysis_acuminata,22,0.54109,1623.29285,477.13325
Baseline,Baseline_only,Dinophysis_acuminata,23,0.56072,6193.09023,698.42701
Baseline,Baseline_only,Dinophysis_acuminata,24,0.50434,1251.58142,502.77622
Baseline,Baseline_only,Dinophysis_acuminata,25,0.52326,6115.35698,678.40899
Baseline,Baseline_only,Dinophysis_acuminata,26,0.49656,1465.73609,511.28273
Baseline,Baseline_only,Dinophysis_acuminata,27,0.50456,921.00076,446.42307
Baseline,Baseline_only,Dinophysis_acuminata,28,0.49428,10228.13097,815.52429
Baseline,Baseline_only,Dinophysis_acuminata,29,0.51408,1424.60391,474.31971
Baseline,Baseline_only,Dinophysis_acuminata,30,0.54088,1482.82503,492.27493
Baseline,Baseline_only,Dinophysis_acuminata,31,0.54691,5818.5471,661.46793
Baseline,Baseline_only,Dinophysis_acuminata,32,0.49821,1620.78101,476.40446
Baseline,Baseline_only,Dinophysis_acuminata,33,0.54344,1442.85813,492.76476
Baseline,Baseline_only,Dinophysis_acuminata,34,0.55854,5779.19559,631.7014
Baseline,Baseline_only,Dinophysis_acuminata,35,0.50788,1904.3586,550.63235
Baseline,Baseline_only,Dinophysis_acuminata,36,0.51675,2085.97627,504.85823
Baseline,Baseline_only,Dinophysis_acuminata,37,0.50132,1506.32135,497.58931
Baseline,Baseline_only,Dinophysis_acuminata,38,0.50935,1190.90314,454.37085
Baseline,Baseline_only,Dinophysis_acuminata,39,0.50071,5778.18444,677.97167
Baseline,Baseline_only,Dinophysis_acuminata,40,0.50761,1156.51976,433.50455
Baseline,Baseline_only,Dinophysis_acuminata,41,0.46783,10090.20628,788.79158
Baseline,Baseline_only,Dinophysis_acuminata,42,0.50177,9991.14015,780.96178
Baseline,Baseline_only,Dinophysis_acuminata,43,0.47451,1008.20669,424.55037
Baseline,Baseline_only,Dinophysis_acuminata,44,0.51918,1146.17171,480.91121
Baseline,Baseline_only,Dinophysis_acuminata,45,0.49811,914.52563,455.84421
Baseline,Baseline_only,Dinophysis_acuminata,46,0.51268,1261.1878,490.06551
Baseline,Baseline_only,Dinophysis_acuminata,47,0.5077,6454.15694,740.60101
Baseline,Baseline_only,Dinophysis_acuminata,48,0.49015,2272.50218,560.64859
Baseline,Baseline_only,Dinophysis_acuminata,49,0.47317,1560.4853,439.74795
Baseline,Baseline_roms,Dinophysis_acuminata,0,0.55043,775.96077,410.28733
Baseline,Baseline_roms,Dinophysis_acuminata,1,0.55039,9979.5287,734.93879
Baseline,Baseline_roms,Dinophysis_acuminata,2,0.56463,2352.33116,499.73873
Baseline,Baseline_roms,Dinophysis_acuminata,3,0.56464,1883.56976,499.00751
Baseline,Baseline_roms,Dinophysis_acuminata,4,0.53884,2177.59479,522.04915
Baseline,Baseline_roms,Dinophysis_acuminata,5,0.5769,1996.18975,561.4294
Baseline,Baseline_roms,Dinophysis_acuminata,6,0.5452,10334.21619,852.06128
Baseline,Baseline_roms,Dinophysis_acuminata,7,0.57771,6158.51929,720.14314
Baseline,Baseline_roms,Dinophysis_acuminata,8,0.57785,1540.8164,484.17775
Baseline,Baseline_roms,Dinophysis_acuminata,9,0.52921,10246.69064,887.17955
Baseline,Baseline_roms,Dinophysis_acuminata,10,0.603,5901.22282,655.19798
Baseline,Baseline_roms,Dinophysis_acuminata,11,0.51313,2063.96481,502.89837
Baseline,Baseline_roms,Dinophysis_acuminata,12,0.5802,1011.70081,453.70631
Baseline,Baseline_roms,Dinophysis_acuminata,13,0.5602,1491.37065,490.32288
Baseline,Baseline_roms,Dinophysis_acuminata,14,0.5153,10438.41348,884.1298
Baseline,Baseline_roms,Dinophysis_acuminata,15,0.51653,11785.20373,1028.69825
Baseline,Baseline_roms,Dinophysis_acuminata,16,0.58622,1463.89356,462.74147
Baseline,Baseline_roms,Dinophysis_acuminata,17,0.54861,10059.19793,776.35115
Baseline,Baseline_roms,Dinophysis_acuminata,18,0.5865,2165.37049,517.65883
Baseline,Baseline_roms,Dinophysis_acuminata,19,0.52266,5997.24371,665.78238
Baseline,Baseline_roms,Dinophysis_acuminata,20,0.583,2301.90224,549.21604
Baseline,Baseline_roms,Dinophysis_acuminata,21,0.55087,770.8621,398.02851
Baseline,Baseline_roms,Dinophysis_acuminata,22,0.56767,1486.00621,450.39923
Baseline,Baseline_roms,Dinophysis_acuminata,23,0.59271,6150.46334,689.36439
Baseline,Baseline_roms,Dinophysis_acuminata,24,0.55706,1123.36828,472.58107
Baseline,Baseline_roms,Dinophysis_acuminata,25,0.59501,6033.44578,647.41166
Baseline,Baseline_roms,Dinophysis_acuminata,26,0.54779,1520.50057,503.94113
Baseline,Baseline_roms,Dinophysis_acuminata,27,0.55607,870.9764,431.49135
Baseline,Baseline_roms,Dinophysis_acuminata,28,0.51949,10239.4998,805.18407
Baseline,Baseline_roms,Dinophysis_acuminata,29,0.55134,1402.41623,468.33893
Baseline,Baseline_roms,Dinophysis_acuminata,30,0.57424,1396.46266,478.344
Baseline,Baseline_roms,Dinophysis_acuminata,31,0.59477,5759.52407,635.28073
Baseline,Baseline_roms,Dinophysis_acuminata,32,0.5432,1543.7987,444.74833
Baseline,Baseline_roms,Dinophysis_acuminata,33,0.563,1375.44324,488.03718
Baseline,Baseline_roms,Dinophysis_acuminata,34,0.59568,5713.95732,633.75195
Baseline,Baseline_roms,Dinophysis_acuminata,35,0.56323,1818.99396,526.67306
Baseline,Baseline_roms,Dinophysis_acuminata,36,0.55156,2083.19275,491.17573
Baseline,Baseline_roms,Dinophysis_acuminata,37,0.55464,1329.67826,480.40616
Baseline,Baseline_roms,Dinophysis_acuminata,38,0.54367,1145.40211,436.47371
Baseline,Baseline_roms,Dinophysis_acuminata,39,0.52763,5734.07436,669.71179
Baseline,Baseline_roms,Dinophysis_acuminata,40,0.53466,1153.21381,431.63572
Baseline,Baseline_roms,Dinophysis_acuminata,41,0.50987,10071.41992,784.16767
Baseline,Baseline_roms,Dinophysis_acuminata,42,0.53323,9991.90363,771.59405
Baseline,Baseline_roms,Dinophysis_acuminata,43,0.53962,981.10946,409.21531
Baseline,Baseline_roms,Dinophysis_acuminata,44,0.57471,1044.96098,459.8378
Baseline,Baseline_roms,Dinophysis_acuminata,45,0.56238,847.21473,426.74581
Baseline,Baseline_roms,Dinophysis_acuminata,46,0.56281,1183.10061,471.12983
Baseline,Baseline_roms,Dinophysis_acuminata,47,0.56197,6375.14128,714.39255
Baseline,Baseline_roms,Dinophysis_acuminata,48,0.54725,2268.83916,544.93173
Baseline,Baseline_roms,Dinophysis_acuminata,49,0.54073,1541.18045,411.58197
Baseline,Baseline_only,Dinophysis_norvegica,0,0.33972,184.95704,113.63122
Baseline,Baseline_only,Dinophysis_norvegica,1,0.37567,213.58771,128.56979
Baseline,Baseline_only,Dinophysis_norvegica,2,0.35846,180.44549,110.78751
Baseline,Baseline_only,Dinophysis_norvegica,3,0.32717,202.38911,127.72735
Baseline,Baseline_only,Dinophysis_norvegica,4,0.39631,168.49594,112.22551
Baseline,Baseline_only,Dinophysis_norvegica,5,0.36028,205.3949,125.55029
Baseline,Baseline_only,Dinophysis_norvegica,6,0.35578,220.64938,133.6352
Baseline,Baseline_only,Dinophysis_norvegica,7,0.26496,205.32882,131.01207
Baseline,Baseline_only,Dinophysis_norvegica,8,0.32945,186.62194,120.76994
Baseline,Baseline_only,Dinophysis_norvegica,9,0.41115,168.65085,113.53137
Baseline,Baseline_only,Dinophysis_norvegica,10,0.24665,159.74668,109.90397
Baseline,Baseline_only,Dinophysis_norvegica,11,0.3476,182.93731,121.73259
Baseline,Baseline_only,Dinophysis_norvegica,12,0.38529,180.31265,119.12627
Baseline,Baseline_only,Dinophysis_norvegica,13,0.35859,228.08776,136.41852
Baseline,Baseline_only,Dinophysis_norvegica,14,0.36459,189.71788,123.36279
Baseline,Baseline_only,Dinophysis_norvegica,15,0.30489,225.71136,133.01098
Baseline,Baseline_only,Dinophysis_norvegica,16,0.35453,193.29833,124.05859
Baseline,Baseline_only,Dinophysis_norvegica,17,0.36842,196.72989,127.5607
Baseline,Baseline_only,Dinophysis_norvegica,18,0.37515,185.19176,118.53347
Baseline,Baseline_only,Dinophysis_norvegica,19,0.40164,193.83651,123.00171
Baseline,Baseline_only,Dinophysis_norvegica,20,0.46542,162.83777,109.92905
Baseline,Baseline_only,Dinophysis_norvegica,21,0.36609,194.81148,125.06925
Baseline,Baseline_only,Dinophysis_norvegica,22,0.29558,191.99906,126.25182
Baseline,Baseline_only,Dinophysis_norvegica,23,0.37932,212.17277,127.80006
Baseline,Baseline_only,Dinophysis_norvegica,24,0.37598,231.43696,136.02182
Baseline,Baseline_only,Dinophysis_norvegica,25,0.26498,175.69675,113.26289
Baseline,Baseline_only,Dinophysis_norvegica,26,0.24146,174.33541,119.45917
Baseline,Baseline_only,Dinophysis_norvegica,27,0.40574,178.07561,116.42175
Baseline,Baseline_only,Dinophysis_norvegica,28,0.35604,154.64525,103.78436
Baseline,Baseline_only,Dinophysis_norvegica,29,0.35201,247.8917,146.99648
Baseline,Baseline_only,Dinophysis_norvegica,30,0.3108,193.10504,125.94772
Baseline,Baseline_only,Dinophysis_norvegica,31,0.35358,235.20475,140.28842
Baseline,Baseline_only,Dinophysis_norvegica,32,0.30425,218.66608,131.0892
Baseline,Baseline_only,Dinophysis_norvegica,33,0.32518,191.00275,118.84496
Baseline,Baseline_only,Dinophysis_norvegica,34,0.39892,160.76316,110.68818
Baseline,Baseline_only,Dinophysis_norvegica,35,0.33474,216.92047,137.20703
Baseline,Baseline_only,Dinophysis_norvegica,36,0.41859,179.51157,116.04618
Baseline,Baseline_only,Dinophysis_norvegica,37,0.39004,208.8362,120.10505
Baseline,Baseline_only,Dinophysis_norvegica,38,0.3685,184.37466,118.98212
Baseline,Baseline_only,Dinophysis_norvegica,39,0.41081,201.68598,123.53019
Baseline,Baseline_only,Dinophysis_norvegica,40,0.30478,163.49047,112.50261
Baseline,Baseline_only,Dinophysis_norvegica,41,0.37335,213.7084,132.36833
Baseline,Baseline_only,Dinophysis_norvegica,42,0.32994,161.99286,107.81533
Baseline,Baseline_only,Dinophysis_norvegica,43,0.32889,169.27317,117.09015
Baseline,Baseline_only,Dinophysis_norvegica,44,0.36377,189.40937,114.64272
Baseline,Baseline_only,Dinophysis_norvegica,45,0.36346,186.31687,120.31294
Baseline,Baseline_only,Dinophysis_norvegica,46,0.30143,188.20034,125.90338
Baseline,Baseline_only,Dinophysis_norvegica,47,0.34322,170.42326,112.62764
Baseline,Baseline_only,Dinophysis_norvegica,48,0.45515,170.2319,112.72974
Baseline,Baseline_only,Dinophysis_norvegica,49,0.28921,191.79243,127.72773
Baseline,Baseline_roms,Dinophysis_norvegica,0,0.38634,175.12707,110.37487
Baseline,Baseline_roms,Dinophysis_norvegica,1,0.43094,204.93137,123.52941
Baseline,Baseline_roms,Dinophysis_norvegica,2,0.39878,173.39149,106.88227
Baseline,Baseline_roms,Dinophysis_norvegica,3,0.34697,198.94648,125.94727
Baseline,Baseline_roms,Dinophysis_norvegica,4,0.37643,177.16628,116.10528
Baseline,Baseline_roms,Dinophysis_norvegica,5,0.37936,202.10049,124.7438
Baseline,Baseline_roms,Dinophysis_norvegica,6,0.37733,219.96919,133.93542
Baseline,Baseline_roms,Dinophysis_norvegica,7,0.32479,197.18845,126.73237
Baseline,Baseline_roms,Dinophysis_norvegica,8,0.39728,176.30383,115.04584
Baseline,Baseline_roms,Dinophysis_norvegica,9,0.43678,163.29672,112.21325
Baseline,Baseline_roms,Dinophysis_norvegica,10,0.31084,149.29507,107.07099
Baseline,Baseline_roms,Dinophysis_norvegica,11,0.36635,179.69263,122.43938
Baseline,Baseline_roms,Dinophysis_norvegica,12,0.41226,176.81767,115.127
Baseline,Baseline_roms,Dinophysis_norvegica,13,0.3878,225.46084,134.83158
Baseline,Baseline_roms,Dinophysis_norvegica,14,0.36642,193.943,124.97647
Baseline,Baseline_roms,Dinophysis_norvegica,15,0.30887,220.98423,133.74116
Baseline,Baseline_roms,Dinophysis_norvegica,16,0.43475,170.77703,116.79219
Baseline,Baseline_roms,Dinophysis_norvegica,17,0.37872,196.70719,126.7427
Baseline,Baseline_roms,Dinophysis_norvegica,18,0.38826,185.32394,119.29643
Baseline,Baseline_roms,Dinophysis_norvegica,19,0.45667,183.05784,119.88343
Baseline,Baseline_roms,Dinophysis_norvegica,20,0.45082,173.43308,116.90479
Baseline,Baseline_roms,Dinophysis_norvegica,21,0.37091,193.78219,123.30866
Baseline,Baseline_roms,Dinophysis_norvegica,22,0.33909,187.76732,123.46599
Baseline,Baseline_roms,Dinophysis_norvegica,23,0.38712,215.39481,129.50507
Baseline,Baseline_roms,Dinophysis_norvegica,24,0.42321,226.4834,131.4534
Baseline,Baseline_roms,Dinophysis_norvegica,25,0.31127,166.74191,111.31789
Baseline,Baseline_roms,Dinophysis_norvegica,26,0.25202,172.76727,118.74934
Baseline,Baseline_roms,Dinophysis_norvegica,27,0.41305,175.65735,118.69168
Baseline,Baseline_roms,Dinophysis_norvegica,28,0.38276,150.22595,103.50812
Baseline,Baseline_roms,Dinophysis_norvegica,29,0.37897,246.11604,144.39488
Baseline,Baseline_roms,Dinophysis_norvegica,30,0.33794,194.35053,127.00598
Baseline,Baseline_roms,Dinophysis_norvegica,31,0.39527,228.99855,139.70647
Baseline,Baseline_roms,Dinophysis_norvegica,32,0.3482,212.43416,129.50594
Baseline,Baseline_roms,Dinophysis_norvegica,33,0.3775,183.16719,117.6452
Baseline,Baseline_roms,Dinophysis_norvegica,34,0.45,156.36714,109.18437
Baseline,Baseline_roms,Dinophysis_norvegica,35,0.37872,208.62034,132.79658
Baseline,Baseline_roms,Dinophysis_norvegica,36,0.38951,186.83322,115.61255
Baseline,Baseline_roms,Dinophysis_norvegica,37,0.42098,202.97304,118.03861
Baseline,Baseline_roms,Dinophysis_norvegica,38,0.36454,192.06013,120.87319
Baseline,Baseline_roms,Dinophysis_norvegica,39,0.3903,203.98181,127.76084
Baseline,Baseline_roms,Dinophysis_norvegica,40,0.26509,170.94074,116.78285
Baseline,Baseline_roms,Dinophysis_norvegica,41,0.38804,212.6037,130.73991
Baseline,Baseline_roms,Dinophysis_norvegica,42,0.36303,161.49657,108.31098
Baseline,Baseline_roms,Dinophysis_norvegica,43,0.31691,173.66624,119.09011
Baseline,Baseline_roms,Dinophysis_norvegica,44,0.36021,192.61614,116.61995
Baseline,Baseline_roms,Dinophysis_norvegica,45,0.39905,180.34063,116.68626
Baseline,Baseline_roms,Dinophysis_norvegica,46,0.32839,179.86234,121.31769
Baseline,Baseline_roms,Dinophysis_norvegica,47,0.40961,161.85911,107.32858
Baseline,Baseline_roms,Dinophysis_norvegica,48,0.43738,172.85899,115.10697
Baseline,Baseline_roms,Dinophysis_norvegica,49,0.3619,183.76343,122.77608
Baseline,Baseline_only,Karenia,0,0.46601,5216.65674,2372.41548
Baseline,Baseline_only,Karenia,1,0.4349,4021.87018,2288.09627
Baseline,Baseline_only,Karenia,2,0.43576,5100.32471,2265.99635
Baseline,Baseline_only,Karenia,3,0.429,3757.95743,2232.54579
Baseline,Baseline_only,Karenia,4,0.42251,4332.19377,2370.317
Baseline,Baseline_only,Karenia,5,0.45121,3985.09107,2243.23281
Baseline,Baseline_only,Karenia,6,0.41721,4016.03153,2279.42005
Baseline,Baseline_only,Karenia,7,0.41857,4056.87795,2302.98973
Baseline,Baseline_only,Karenia,8,0.46729,3319.09271,2048.63585
Baseline,Baseline_only,Karenia,9,0.44118,4666.57433,2112.65046
Baseline,Baseline_only,Karenia,10,0.43671,2956.4177,1994.73979
Baseline,Baseline_only,Karenia,11,0.49986,3024.79807,2098.65335
Baseline,Baseline_only,Karenia,12,0.42658,3758.52059,2241.28645
Baseline,Baseline_only,Karenia,13,0.43113,5105.27178,2383.42216
Baseline,Baseline_only,Karenia,14,0.4546,3076.56586,2027.11133
Baseline,Baseline_only,Karenia,15,0.45317,3205.24078,2064.2987
Baseline,Baseline_only,Karenia,16,0.45538,3103.51259,2011.32089
Baseline,Baseline_only,Karenia,17,0.41048,5170.0671,2337.83149
Baseline,Baseline_only,Karenia,18,0.47183,3584.52459,2121.84691
Baseline,Baseline_only,Karenia,19,0.45452,3918.50619,2208.34116
Baseline,Baseline_only,Karenia,20,0.49498,3053.40861,2023.33344
Baseline,Baseline_only,Karenia,21,0.4827,4087.28527,2243.07681
Baseline,Baseline_only,Karenia,22,0.46791,4908.44983,2161.97495
Baseline,Baseline_only,Karenia,23,0.47379,3096.53105,2091.31627
Baseline,Baseline_only,Karenia,24,0.4174,3880.89111,2319.99408
Baseline,Baseline_only,Karenia,25,0.48645,2925.75372,2029.67546
Baseline,Baseline_only,Karenia,26,0.48919,3097.36092,1968.08884
Baseline,Baseline_only,Karenia,27,0.46802,3429.85607,2143.2987
Baseline,Baseline_only,Karenia,28,0.43595,3917.19365,2260.23535
Baseline,Baseline_only,Karenia,29,0.43106,4398.85252,2356.92291
Baseline,Baseline_only,Karenia,30,0.51397,3074.08048,2050.62861
Baseline,Baseline_only,Karenia,31,0.48067,2940.37103,2008.47781
Baseline,Baseline_only,Karenia,32,0.45168,3369.43821,2136.74897
Baseline,Baseline_only,Karenia,33,0.44415,3921.3247,2300.65948
Baseline,Baseline_only,Karenia,34,0.41544,5195.58739,2373.73097
Baseline,Baseline_only,Karenia,35,0.44468,3792.92065,2194.26415
Baseline,Baseline_only,Karenia,36,0.45655,3177.04382,2111.69538
Baseline,Baseline_only,Karenia,37,0.42415,4907.03567,2110.66906
Baseline,Baseline_only,Karenia,38,0.4057,3663.9595,2318.48912
Baseline,Baseline_only,Karenia,39,0.4692,3434.51586,2116.88856
Baseline,Baseline_only,Karenia,40,0.43414,3550.22699,2195.67698
Baseline,Baseline_only,Karenia,41,0.45811,3914.885,2107.24333
Baseline,Baseline_only,Karenia,42,0.42518,4142.57295,2259.36259
Baseline,Baseline_only,Karenia,43,0.45171,3154.92257,2144.86417
Baseline,Baseline_only,Karenia,44,0.43995,3458.58021,2156.99451
Baseline,Baseline_only,Karenia,45,0.4726,3664.04216,2114.68842
Baseline,Baseline_only,Karenia,46,0.40884,3533.68226,2259.59397
Baseline,Baseline_only,Karenia,47,0.44761,3968.8173,2407.24386
Baseline,Baseline_only,Karenia,48,0.42644,3332.43137,2136.8841
Baseline,Baseline_only,Karenia,49,0.44514,4306.91305,2274.23735
Baseline,Baseline_roms,Karenia,0,0.59127,4822.71887,2049.71045
Baseline,Baseline_roms,Karenia,1,0.54405,3430.84865,2041.02807
Baseline,Baseline_roms,Karenia,2,0.55304,4806.26169,2010.40797
Baseline,Baseline_roms,Karenia,3,0.58367,3083.33931,1930.29522
Baseline,Baseline_roms,Karenia,4,0.56485,3750.237,2105.46282
Baseline,Baseline_roms,Karenia,5,0.55014,3411.11458,2005.94157
Baseline,Baseline_roms,Karenia,6,0.55818,3243.59547,2001.60268
Baseline,Baseline_roms,Karenia,7,0.56856,3342.55191,1974.53911
Baseline,Baseline_roms,Karenia,8,0.55735,2861.39999,1877.90681
Baseline,Baseline_roms,Karenia,9,0.55778,4310.75684,1852.51515
Baseline,Baseline_roms,Karenia,10,0.52592,2527.31854,1790.48838
Baseline,Baseline_roms,Karenia,11,0.59043,2635.79725,1881.24081
Baseline,Baseline_roms,Karenia,12,0.53896,3218.60915,1989.38194
Baseline,Baseline_roms,Karenia,13,0.55069,4720.881,2114.96687
Baseline,Baseline_roms,Karenia,14,0.55691,2759.30762,1780.61658
Baseline,Baseline_roms,Karenia,15,0.57962,2613.57045,1776.38742
Baseline,Baseline_roms,Karenia,16,0.55977,2579.49562,1785.09867
Baseline,Baseline_roms,Karenia,17,0.55326,4710.29771,2064.82959
Baseline,Baseline_roms,Karenia,18,0.57849,2939.66849,1847.06583
Baseline,Baseline_roms,Karenia,19,0.60178,3197.83559,1908.04832
Baseline,Baseline_roms,Karenia,20,0.58032,2760.48307,1808.43232
Baseline,Baseline_roms,Karenia,21,0.61267,3386.99388,1974.60743
Baseline,Baseline_roms,Karenia,22,0.58202,4614.9378,1947.31624
Baseline,Baseline_roms,Karenia,23,0.55752,2716.67365,1879.81293
Baseline,Baseline_roms,Karenia,24,0.53193,3355.50434,2052.56044
Baseline,Baseline_roms,Karenia,25,0.59746,2431.05826,1785.82803
Baseline,Baseline_roms,Karenia,26,0.59686,2732.46696,1738.58079
Baseline,Baseline_roms,Karenia,27,0.60822,2728.75139,1860.93177
Baseline,Baseline_roms,Karenia,28,0.5285,3350.05454,2019.27698
Baseline,Baseline_roms,Karenia,29,0.56574,3618.82067,2060.33344
Baseline,Baseline_roms,Karenia,30,0.61838,2725.10546,1822.20024
Baseline,Baseline_roms,Karenia,31,0.59474,2608.1183,1771.40207
Baseline,Baseline_roms,Karenia,32,0.59288,2754.04044,1822.85061
Baseline,Baseline_roms,Karenia,33,0.57992,3327.9734,1997.45716
Baseline,Baseline_roms,Karenia,34,0.53281,4752.03741,2132.75755
Baseline,Baseline_roms,Karenia,35,0.56803,3162.54274,1959.90959
Baseline,Baseline_roms,Karenia,36,0.57527,2620.13421,1806.06454
Baseline,Baseline_roms,Karenia,37,0.52941,4457.60252,1901.64361
Baseline,Baseline_roms,Karenia,38,0.5304,3150.41268,2055.03485
Baseline,Baseline_roms,Karenia,39,0.57737,2878.70168,1826.46322
Baseline,Baseline_roms,Karenia,40,0.54255,3042.17508,1942.84761
Baseline,Baseline_roms,Karenia,41,0.58378,3350.91899,1830.80746
Baseline,Baseline_roms,Karenia,42,0.5642,3373.033,1937.85196
Baseline,Baseline_roms,Karenia,43,0.57935,2747.48326,1865.82579
Baseline,Baseline_roms,Karenia,44,0.58944,2818.30513,1833.31573
Baseline,Baseline_roms,Karenia,45,0.60147,3089.57612,1868.83168
Baseline,Baseline_roms,Karenia,46,0.53607,3059.44019,1967.57653
Baseline,Baseline_roms,Karenia,47,0.57434,3436.49678,2134.68324
Baseline,Baseline_roms,Karenia,48,0.56531,2888.9895,1886.41794
Baseline,Baseline_roms,Karenia,49,0.56773,3685.31787,2014.88657
Baseline,Baseline_only,Pseudo-nitzschia,0,0.33887,19406.5383,5785.80563
Baseline,Baseline_only,Pseudo-nitzschia,1,0.291,27855.09367,6872.0437
Baseline,Baseline_only,Pseudo-nitzschia,2,0.28813,19662.34933,5397.34778
Baseline,Baseline_only,Pseudo-nitzschia,3,0.35244,12440.26179,4255.42888
Baseline,Baseline_only,Pseudo-nitzschia,4,0.34566,12713.90049,4457.82752
Baseline,Baseline_only,Pseudo-nitzschia,5,0.3825,16524.37894,4931.60299
Baseline,Baseline_only,Pseudo-nitzschia,6,0.28791,21382.79547,5849.82622
Baseline,Baseline_only,Pseudo-nitzschia,7,0.3085,7158.61233,4149.8134
Baseline,Baseline_only,Pseudo-nitzschia,8,0.30521,18279.23393,5573.96118
Baseline,Baseline_only,Pseudo-nitzschia,9,0.306,9655.57541,4690.8318
Baseline,Baseline_only,Pseudo-nitzschia,10,0.34243,8042.54725,4307.6964
Baseline,Baseline_only,Pseudo-nitzschia,11,0.33967,17396.13167,5088.57106
Baseline,Baseline_only,Pseudo-nitzschia,12,0.34128,19365.9117,5706.24208
Baseline,Baseline_only,Pseudo-nitzschia,13,0.30591,26444.9648,5965.17973
Baseline,Baseline_only,Pseudo-nitzschia,14,0.31696,8361.69305,4412.40313
Baseline,Baseline_only,Pseudo-nitzschia,15,0.34648,20852.33763,5661.64059
Baseline,Baseline_only,Pseudo-nitzschia,16,0.28453,18131.49864,5795.05296
Baseline,Baseline_only,Pseudo-nitzschia,17,0.36386,12952.24408,4960.23489
Baseline,Baseline_only,Pseudo-nitzschia,18,0.32304,14401.1683,5112.38596
Baseline,Baseline_only,Pseudo-nitzschia,19,0.3554,25979.0635,6097.89549
Baseline,Baseline_only,Pseudo-nitzschia,20,0.34343,24838.92351,5736.70136
Baseline,Baseline_only,Pseudo-nitzschia,21,0.36615,12635.97487,4822.21606
Baseline,Baseline_only,Pseudo-nitzschia,22,0.2967,24867.44309,6353.10512
Baseline,Baseline_only,Pseudo-nitzschia,23,0.31172,25733.96349,5766.45854
Baseline,Baseline_only,Pseudo-nitzschia,24,0.26621,14907.95023,5571.31445
Baseline,Baseline_only,Pseudo-nitzschia,25,0.30948,19887.31537,5558.52833
Baseline,Baseline_only,Pseudo-nitzschia,26,0.33291,11635.03935,4494.4932
Baseline,Baseline_only,Pseudo-nitzschia,27,0.39068,13736.13359,4475.96941
Baseline,Baseline_only,Pseudo-nitzschia,28,0.28038,28769.0471,6515.59895
Baseline,Baseline_only,Pseudo-nitzschia,29,0.30833,20049.92943,5460.01106
Baseline,Baseline_only,Pseudo-nitzschia,30,0.33323,19994.42746,5298.0419
Baseline,Baseline_only,Pseudo-nitzschia,31,0.34877,17845.17919,5939.00734
Baseline,Baseline_only,Pseudo-nitzschia,32,0.34809,20328.73236,4851.69164
Baseline,Baseline_only,Pseudo-nitzschia,33,0.31062,7434.93443,4364.76452
Baseline,Baseline_only,Pseudo-nitzschia,34,0.29437,16505.12137,4912.56731
Baseline,Baseline_only,Pseudo-nitzschia,35,0.34145,20640.27197,5147.42471
Baseline,Baseline_only,Pseudo-nitzschia,36,0.3412,24914.49906,6502.88993
Baseline,Baseline_only,Pseudo-nitzschia,37,0.26939,23935.03815,6489.31055
Baseline,Baseline_only,Pseudo-nitzschia,38,0.2476,31586.71758,7021.79421
Baseline,Baseline_only,Pseudo-nitzschia,39,0.33796,10962.19343,4692.64404
Baseline,Baseline_only,Pseudo-nitzschia,40,0.35686,15890.65293,5163.19032
Baseline,Baseline_only,Pseudo-nitzschia,41,0.31596,14222.20355,5042.42608
Baseline,Baseline_only,Pseudo-nitzschia,42,0.30131,20518.65099,5453.63066
Baseline,Baseline_only,Pseudo-nitzschia,43,0.33488,21705.16115,5680.93337
Baseline,Baseline_only,Pseudo-nitzschia,44,0.25218,16900.05956,4890.33758
Baseline,Baseline_only,Pseudo-nitzschia,45,0.3227,18304.8342,5767.53706
Baseline,Baseline_only,Pseudo-nitzschia,46,0.28446,26045.22936,6604.76782
Baseline,Baseline_only,Pseudo-nitzschia,47,0.27845,22089.10693,5900.58233
Baseline,Baseline_only,Pseudo-nitzschia,48,0.26941,26360.83722,5931.72106
Baseline,Baseline_only,Pseudo-nitzschia,49,0.37438,8006.64006,4496.87755
Baseline,Baseline_roms,Pseudo-nitzschia,0,0.49558,10369.17443,4523.1883
Baseline,Baseline_roms,Pseudo-nitzschia,1,0.4939,20823.96951,5748.55456
Baseline,Baseline_roms,Pseudo-nitzschia,2,0.47807,8334.47685,4061.2387
Baseline,Baseline_roms,Pseudo-nitzschia,3,0.46051,7887.64188,3674.91386
Baseline,Baseline_roms,Pseudo-nitzschia,4,0.44697,9693.80557,3896.97546
Baseline,Baseline_roms,Pseudo-nitzschia,5,0.4765,13466.43786,4383.78217
Baseline,Baseline_roms,Pseudo-nitzschia,6,0.45706,12101.44629,4762.99336
Baseline,Baseline_roms,Pseudo-nitzschia,7,0.43056,6146.16952,3642.84859
Baseline,Baseline_roms,Pseudo-nitzschia,8,0.42851,15971.41572,5032.00549
Baseline,Baseline_roms,Pseudo-nitzschia,9,0.43017,7951.69112,4157.69146
Baseline,Baseline_roms,Pseudo-nitzschia,10,0.45613,7204.94836,3779.43328
Baseline,Baseline_roms,Pseudo-nitzschia,11,0.47071,14675.59603,4462.32937
Baseline,Baseline_roms,Pseudo-nitzschia,12,0.55069,11389.62948,4473.54099
Baseline,Baseline_roms,Pseudo-nitzschia,13,0.50249,15680.14933,4631.33959
Baseline,Baseline_roms,Pseudo-nitzschia,14,0.4272,7696.16463,4003.42486
Baseline,Baseline_roms,Pseudo-nitzschia,15,0.52358,11840.83721,4398.3808
Baseline,Baseline_roms,Pseudo-nitzschia,16,0.4412,15150.62623,5102.32943
Baseline,Baseline_roms,Pseudo-nitzschia,17,0.47504,11051.19046,4438.71328
Baseline,Baseline_roms,Pseudo-nitzschia,18,0.50677,11958.65565,4367.19156
Baseline,Baseline_roms,Pseudo-nitzschia,19,0.52182,15528.8003,5005.69768
Baseline,Baseline_roms,Pseudo-nitzschia,20,0.52275,12787.54158,4344.05682
Baseline,Baseline_roms,Pseudo-nitzschia,21,0.5195,10672.14632,4097.2177
Baseline,Baseline_roms,Pseudo-nitzschia,22,0.56349,12319.70133,4491.67325
Baseline,Baseline_roms,Pseudo-nitzschia,23,0.51592,13426.56682,4418.28596
Baseline,Baseline_roms,Pseudo-nitzschia,24,0.42513,12058.50456,4824.16467
Baseline,Baseline_roms,Pseudo-nitzschia,25,0.53307,9447.90945,4184.48847
Baseline,Baseline_roms,Pseudo-nitzschia,26,0.49873,6698.59835,3696.59099
Baseline,Baseline_roms,Pseudo-nitzschia,27,0.51069,9254.63347,3737.98114
Baseline,Baseline_roms,Pseudo-nitzschia,28,0.51448,17731.59744,5017.23068
Baseline,Baseline_roms,Pseudo-nitzschia,29,0.50393,14886.51838,4667.62387
Baseline,Baseline_roms,Pseudo-nitzschia,30,0.49935,12280.16465,4283.62166
Baseline,Baseline_roms,Pseudo-nitzschia,31,0.46507,12662.08151,5007.38404
Baseline,Baseline_roms,Pseudo-nitzschia,32,0.49874,10531.35029,3856.4333
Baseline,Baseline_roms,Pseudo-nitzschia,33,0.39488,6763.65691,3949.62566
Baseline,Baseline_roms,Pseudo-nitzschia,34,0.46572,7802.42803,3852.83367
Baseline,Baseline_roms,Pseudo-nitzschia,35,0.47188,12655.16991,4290.71355
Baseline,Baseline_roms,Pseudo-nitzschia,36,0.56224,15720.00191,5048.59526
Baseline,Baseline_roms,Pseudo-nitzschia,37,0.4827,13934.21747,5107.82979
Baseline,Baseline_roms,Pseudo-nitzschia,38,0.45037,23897.02317,5996.49696
Baseline,Baseline_roms,Pseudo-nitzschia,39,0.39819,10386.16261,4494.65188
Baseline,Baseline_roms,Pseudo-nitzschia,40,0.50953,9203.09013,4154.76091
Baseline,Baseline_roms,Pseudo-nitzschia,41,0.44165,11987.39842,4454.39776
Baseline,Baseline_roms,Pseudo-nitzschia,42,0.46067,10668.97435,4230.10455
Baseline,Baseline_roms,Pseudo-nitzschia,43,0.49214,12612.31078,4537.91116
Baseline,Baseline_roms,Pseudo-nitzschia,44,0.38858,12403.33958,4231.41404
Baseline,Baseline_roms,Pseudo-nitzschia,45,0.50909,12863.89466,4805.94005
Baseline,Baseline_roms,Pseudo-nitzschia,46,0.52788,13785.55766,4946.31643
Baseline,Baseline_roms,Pseudo-nitzschia,47,0.49406,13195.53846,4563.93897
Baseline,Baseline_roms,Pseudo-nitzschia,48,0.47348,17960.42989,4936.50259
Baseline,Baseline_roms,Pseudo-nitzschia,49,0.45876,7388.73396,4089.6113
C2RCC,C2RCC_only,Alexandrium_catenella,0,0.29187,1199.78296,541.23855
C2RCC,C2RCC_only,Alexandrium_catenella,1,0.22882,1344.68876,553.57912
C2RCC,C2RCC_only,Alexandrium_catenella,2,0.3032,822.06932,484.00393
C2RCC,C2RCC_only,Alexandrium_catenella,3,0.25217,951.9281,541.27579
C2RCC,C2RCC_only,Alexandrium_catenella,4,0.25582,1309.12133,607.6274
C2RCC,C2RCC_only,Alexandrium_catenella,5,0.27678,1151.71345,499.19586
C2RCC,C2RCC_only,Alexandrium_catenella,6,0.2519,1291.25551,590.45996
C2RCC,C2RCC_only,Alexandrium_catenella,7,0.2531,1356.71004,629.46488
C2RCC,C2RCC_only,Alexandrium_catenella,8,0.29257,1044.53829,533.65151
C2RCC,C2RCC_only,Alexandrium_catenella,9,0.27979,1191.63641,560.67474
C2RCC,C2RCC_only,Alexandrium_catenella,10,0.29994,1214.26907,604.94443
C2RCC,C2RCC_only,Alexandrium_catenella,11,0.25209,1347.44299,546.72927
C2RCC,C2RCC_only,Alexandrium_catenella,12,0.26687,1332.43774,575.92359
C2RCC,C2RCC_only,Alexandrium_catenella,13,0.31297,1028.14481,502.30153
C2RCC,C2RCC_only,Alexandrium_catenella,14,0.24677,869.51011,511.53876
C2RCC,C2RCC_only,Alexandrium_catenella,15,0.24995,1433.53653,591.80913
C2RCC,C2RCC_only,Alexandrium_catenella,16,0.20289,2433.85466,619.3061
C2RCC,C2RCC_only,Alexandrium_catenella,17,0.27784,894.99189,478.86194
C2RCC,C2RCC_only,Alexandrium_catenella,18,0.24762,1384.21873,553.40185
C2RCC,C2RCC_only,Alexandrium_catenella,19,0.25944,2367.32683,617.52743
C2RCC,C2RCC_only,Alexandrium_catenella,20,0.26978,1394.74002,561.09366
C2RCC,C2RCC_only,Alexandrium_catenella,21,0.31921,1221.17529,555.15563
C2RCC,C2RCC_only,Alexandrium_catenella,22,0.28643,1210.15298,515.41748
C2RCC,C2RCC_only,Alexandrium_catenella,23,0.34358,879.74235,486.75574
C2RCC,C2RCC_only,Alexandrium_catenella,24,0.32415,1381.61542,617.15741
C2RCC,C2RCC_only,Alexandrium_catenella,25,0.28027,960.14249,514.21078
C2RCC,C2RCC_only,Alexandrium_catenella,26,0.27067,2276.55812,603.30773
C2RCC,C2RCC_only,Alexandrium_catenella,27,0.28592,1317.36532,606.52791
C2RCC,C2RCC_only,Alexandrium_catenella,28,0.16654,1268.51876,472.403
C2RCC,C2RCC_only,Alexandrium_catenella,29,0.28505,1744.22362,651.97314
C2RCC,C2RCC_only,Alexandrium_catenella,30,0.25616,834.93126,488.69616
C2RCC,C2RCC_only,Alexandrium_catenella,31,0.24082,1229.68875,528.08433
C2RCC,C2RCC_only,Alexandrium_catenella,32,0.31119,897.66633,518.38778
C2RCC,C2RCC_only,Alexandrium_catenella,33,0.26853,859.88965,474.5155
C2RCC,C2RCC_only,Alexandrium_catenella,34,0.29614,1057.53364,551.04068
C2RCC,C2RCC_only,Alexandrium_catenella,35,0.25966,915.31849,489.81371
C2RCC,C2RCC_only,Alexandrium_catenella,36,0.26926,1122.89272,507.60966
C2RCC,C2RCC_only,Alexandrium_catenella,37,0.26475,1374.8817,580.41463
C2RCC,C2RCC_only,Alexandrium_catenella,38,0.25848,2381.01341,649.03658
C2RCC,C2RCC_only,Alexandrium_catenella,39,0.29595,1035.09889,503.74485
C2RCC,C2RCC_only,Alexandrium_catenella,40,0.29916,2438.75081,701.79447
C2RCC,C2RCC_only,Alexandrium_catenella,41,0.26947,1223.13328,575.13954
C2RCC,C2RCC_only,Alexandrium_catenella,42,0.268,2605.95032,639.95629
C2RCC,C2RCC_only,Alexandrium_catenella,43,0.24396,1242.90373,515.27893
C2RCC,C2RCC_only,Alexandrium_catenella,44,0.24637,2446.44842,677.65698
C2RCC,C2RCC_only,Alexandrium_catenella,45,0.27027,1003.45887,481.16324
C2RCC,C2RCC_only,Alexandrium_catenella,46,0.25328,2292.61581,597.10832
C2RCC,C2RCC_only,Alexandrium_catenella,47,0.26114,1070.66179,586.91354
C2RCC,C2RCC_only,Alexandrium_catenella,48,0.29386,916.95295,486.63125
C2RCC,C2RCC_only,Alexandrium_catenella,49,0.28633,1008.80001,490.86839
C2RCC,C2RCC_roms,Alexandrium_catenella,0,0.38464,1132.4489,507.06339
C2RCC,C2RCC_roms,Alexandrium_catenella,1,0.36071,1300.61737,500.51987
C2RCC,C2RCC_roms,Alexandrium_catenella,2,0.38728,725.59239,443.9237
C2RCC,C2RCC_roms,Alexandrium_catenella,3,0.43441,845.41576,477.01658
C2RCC,C2RCC_roms,Alexandrium_catenella,4,0.39224,1231.72029,555.23153
C2RCC,C2RCC_roms,Alexandrium_catenella,5,0.42509,1027.2354,450.48201
C2RCC,C2RCC_roms,Alexandrium_catenella,6,0.35225,1259.12896,560.0584
C2RCC,C2RCC_roms,Alexandrium_catenella,7,0.37571,1239.58337,579.12148
C2RCC,C2RCC_roms,Alexandrium_catenella,8,0.43911,924.22624,473.21851
C2RCC,C2RCC_roms,Alexandrium_catenella,9,0.36139,1097.5258,531.38176
C2RCC,C2RCC_roms,Alexandrium_catenella,10,0.38668,1162.567,558.42496
C2RCC,C2RCC_roms,Alexandrium_catenella,11,0.36121,1284.99853,496.93384
C2RCC,C2RCC_roms,Alexandrium_catenella,12,0.33503,1279.51051,542.57039
C2RCC,C2RCC_roms,Alexandrium_catenella,13,0.44885,902.89002,458.38489
C2RCC,C2RCC_roms,Alexandrium_catenella,14,0.37585,821.81029,467.82236
C2RCC,C2RCC_roms,Alexandrium_catenella,15,0.39122,1345.99931,531.24172
C2RCC,C2RCC_roms,Alexandrium_catenella,16,0.2896,2418.66391,589.78148
C2RCC,C2RCC_roms,Alexandrium_catenella,17,0.40335,784.43202,434.75635
C2RCC,C2RCC_roms,Alexandrium_catenella,18,0.37842,1335.71732,502.37475
C2RCC,C2RCC_roms,Alexandrium_catenella,19,0.39398,2325.57129,560.53088
C2RCC,C2RCC_roms,Alexandrium_catenella,20,0.37892,1299.64958,524.41815
C2RCC,C2RCC_roms,Alexandrium_catenella,21,0.44474,1120.27358,510.38879
C2RCC,C2RCC_roms,Alexandrium_catenella,22,0.40129,1156.99607,478.28675
C2RCC,C2RCC_roms,Alexandrium_catenella,23,0.40455,801.78536,464.18581
C2RCC,C2RCC_roms,Alexandrium_catenella,24,0.45675,1215.5004,555.44625
C2RCC,C2RCC_roms,Alexandrium_catenella,25,0.34958,916.05586,495.17519
C2RCC,C2RCC_roms,Alexandrium_catenella,26,0.37979,2234.38659,561.0629
C2RCC,C2RCC_roms,Alexandrium_catenella,27,0.41196,1220.12812,555.24743
C2RCC,C2RCC_roms,Alexandrium_catenella,28,0.24471,1244.27594,447.51242
C2RCC,C2RCC_roms,Alexandrium_catenella,29,0.42363,1642.67909,587.87084
C2RCC,C2RCC_roms,Alexandrium_catenella,30,0.40066,722.58572,442.36273
C2RCC,C2RCC_roms,Alexandrium_catenella,31,0.33248,1202.03188,504.48782
C2RCC,C2RCC_roms,Alexandrium_catenella,32,0.39518,812.93625,477.7522
C2RCC,C2RCC_roms,Alexandrium_catenella,33,0.40074,737.47231,439.84492
C2RCC,C2RCC_roms,Alexandrium_catenella,34,0.4098,941.07606,506.67079
C2RCC,C2RCC_roms,Alexandrium_catenella,35,0.39302,799.10996,440.65619
C2RCC,C2RCC_roms,Alexandrium_catenella,36,0.38255,1040.44052,470.89334
C2RCC,C2RCC_roms,Alexandrium_catenella,37,0.4455,1253.22885,516.35652
C2RCC,C2RCC_roms,Alexandrium_catenella,38,0.39969,2331.40598,584.16633
C2RCC,C2RCC_roms,Alexandrium_catenella,39,0.35932,1000.54323,478.84607
C2RCC,C2RCC_roms,Alexandrium_catenella,40,0.42711,2407.37467,636.65595
C2RCC,C2RCC_roms,Alexandrium_catenella,41,0.40843,1128.20196,512.75265
C2RCC,C2RCC_roms,Alexandrium_catenella,42,0.35329,2596.05593,620.60621
C2RCC,C2RCC_roms,Alexandrium_catenella,43,0.39275,1126.93893,466.17169
C2RCC,C2RCC_roms,Alexandrium_catenella,44,0.35105,2403.30604,623.06924
C2RCC,C2RCC_roms,Alexandrium_catenella,45,0.37074,935.03863,430.87698
C2RCC,C2RCC_roms,Alexandrium_catenella,46,0.37439,2259.21491,560.52107
C2RCC,C2RCC_roms,Alexandrium_catenella,47,0.41509,943.28693,514.79898
C2RCC,C2RCC_roms,Alexandrium_catenella,48,0.45142,761.16041,422.82978
C2RCC,C2RCC_roms,Alexandrium_catenella,49,0.42608,945.89105,449.48329
C2RCC,C2RCC_only,Dinophysis_acuminata,0,0.39758,919.59916,481.6081
C2RCC,C2RCC_only,Dinophysis_acuminata,1,0.41151,10011.47208,803.23785
C2RCC,C2RCC_only,Dinophysis_acuminata,2,0.39775,2478.23916,573.7636
C2RCC,C2RCC_only,Dinophysis_acuminata,3,0.45327,1943.95168,550.38878
C2RCC,C2RCC_only,Dinophysis_acuminata,4,0.39229,2183.4572,572.73881
C2RCC,C2RCC_only,Dinophysis_acuminata,5,0.45906,2031.23868,606.14991
C2RCC,C2RCC_only,Dinophysis_acuminata,6,0.38459,10381.31433,924.70528
C2RCC,C2RCC_only,Dinophysis_acuminata,7,0.43749,6476.45775,791.74021
C2RCC,C2RCC_only,Dinophysis_acuminata,8,0.40734,1786.96149,567.6056
C2RCC,C2RCC_only,Dinophysis_acuminata,9,0.36998,10302.8999,957.66503
C2RCC,C2RCC_only,Dinophysis_acuminata,10,0.42008,6218.40599,744.11093
C2RCC,C2RCC_only,Dinophysis_acuminata,11,0.40059,2177.09431,559.62062
C2RCC,C2RCC_only,Dinophysis_acuminata,12,0.42909,1186.57998,519.86145
C2RCC,C2RCC_only,Dinophysis_acuminata,13,0.40806,1623.21392,556.21875
C2RCC,C2RCC_only,Dinophysis_acuminata,14,0.35913,10485.16358,968.83989
C2RCC,C2RCC_only,Dinophysis_acuminata,15,0.39674,11941.24068,1090.03515
C2RCC,C2RCC_only,Dinophysis_acuminata,16,0.43653,1491.06301,511.02084
C2RCC,C2RCC_only,Dinophysis_acuminata,17,0.39957,10097.90085,839.80472
C2RCC,C2RCC_only,Dinophysis_acuminata,18,0.4118,2319.45481,601.88859
C2RCC,C2RCC_only,Dinophysis_acuminata,19,0.39055,6227.20156,711.18961
C2RCC,C2RCC_only,Dinophysis_acuminata,20,0.43356,2505.8339,634.41463
C2RCC,C2RCC_only,Dinophysis_acuminata,21,0.4398,907.05945,444.63108
C2RCC,C2RCC_only,Dinophysis_acuminata,22,0.39826,1591.24168,520.69064
C2RCC,C2RCC_only,Dinophysis_acuminata,23,0.44114,6449.37475,752.65815
C2RCC,C2RCC_only,Dinophysis_acuminata,24,0.45293,1252.48616,518.69946
C2RCC,C2RCC_only,Dinophysis_acuminata,25,0.39192,6267.96733,744.68197
C2RCC,C2RCC_only,Dinophysis_acuminata,26,0.39758,1574.0964,558.66183
C2RCC,C2RCC_only,Dinophysis_acuminata,27,0.40612,1203.37999,523.32439
C2RCC,C2RCC_only,Dinophysis_acuminata,28,0.37862,10273.16876,872.00667
C2RCC,C2RCC_only,Dinophysis_acuminata,29,0.45132,1455.35191,513.59486
C2RCC,C2RCC_only,Dinophysis_acuminata,30,0.43865,1581.13078,547.10087
C2RCC,C2RCC_only,Dinophysis_acuminata,31,0.43257,6074.57659,712.72154
C2RCC,C2RCC_only,Dinophysis_acuminata,32,0.44435,1738.48135,502.07294
C2RCC,C2RCC_only,Dinophysis_acuminata,33,0.42758,1459.54874,545.45689
C2RCC,C2RCC_only,Dinophysis_acuminata,34,0.49566,6025.83039,689.91057
C2RCC,C2RCC_only,Dinophysis_acuminata,35,0.42987,1949.83281,583.38628
C2RCC,C2RCC_only,Dinophysis_acuminata,36,0.41834,2257.04892,558.50866
C2RCC,C2RCC_only,Dinophysis_acuminata,37,0.43262,1499.58843,540.28593
C2RCC,C2RCC_only,Dinophysis_acuminata,38,0.36852,1287.29672,510.87706
C2RCC,C2RCC_only,Dinophysis_acuminata,39,0.43939,6063.23051,713.9304
C2RCC,C2RCC_only,Dinophysis_acuminata,40,0.41435,1086.64467,469.03787
C2RCC,C2RCC_only,Dinophysis_acuminata,41,0.37748,10093.98734,834.20334
C2RCC,C2RCC_only,Dinophysis_acuminata,42,0.4107,9996.44934,829.13743
C2RCC,C2RCC_only,Dinophysis_acuminata,43,0.40937,1060.02967,463.87377
C2RCC,C2RCC_only,Dinophysis_acuminata,44,0.41454,1482.19886,555.401
C2RCC,C2RCC_only,Dinophysis_acuminata,45,0.43264,964.71102,490.76015
C2RCC,C2RCC_only,Dinophysis_acuminata,46,0.39794,1381.28839,553.63927
C2RCC,C2RCC_only,Dinophysis_acuminata,47,0.40449,6578.40784,776.26758
C2RCC,C2RCC_only,Dinophysis_acuminata,48,0.4096,2395.54422,601.50952
C2RCC,C2RCC_only,Dinophysis_acuminata,49,0.38374,1628.51887,480.21247
C2RCC,C2RCC_roms,Dinophysis_acuminata,0,0.49077,823.22528,449.63423
C2RCC,C2RCC_roms,Dinophysis_acuminata,1,0.49359,10005.87701,769.70388
C2RCC,C2RCC_roms,Dinophysis_acuminata,2,0.44827,2433.12875,549.22367
C2RCC,C2RCC_roms,Dinophysis_acuminata,3,0.50323,1945.44306,537.80175
C2RCC,C2RCC_roms,Dinophysis_acuminata,4,0.49011,2140.80738,534.0236
C2RCC,C2RCC_roms,Dinophysis_acuminata,5,0.54561,1935.24813,568.90355
C2RCC,C2RCC_roms,Dinophysis_acuminata,6,0.46177,10374.70561,902.69432
C2RCC,C2RCC_roms,Dinophysis_acuminata,7,0.52587,6417.75523,753.39474
C2RCC,C2RCC_roms,Dinophysis_acuminata,8,0.49583,1690.82206,535.94438
C2RCC,C2RCC_roms,Dinophysis_acuminata,9,0.46041,10286.02865,922.1577
C2RCC,C2RCC_roms,Dinophysis_acuminata,10,0.54417,6146.99748,689.64197
C2RCC,C2RCC_roms,Dinophysis_acuminata,11,0.48919,2143.40094,525.75468
C2RCC,C2RCC_roms,Dinophysis_acuminata,12,0.51813,1074.26219,477.59078
C2RCC,C2RCC_roms,Dinophysis_acuminata,13,0.5032,1423.14349,519.52121
C2RCC,C2RCC_roms,Dinophysis_acuminata,14,0.4413,10473.68026,940.5005
C2RCC,C2RCC_roms,Dinophysis_acuminata,15,0.47963,11885.46686,1055.74363
C2RCC,C2RCC_roms,Dinophysis_acuminata,16,0.52814,1365.08958,475.22576
C2RCC,C2RCC_roms,Dinophysis_acuminata,17,0.45619,10096.58683,827.04952
C2RCC,C2RCC_roms,Dinophysis_acuminata,18,0.51805,2174.02128,547.86319
C2RCC,C2RCC_roms,Dinophysis_acuminata,19,0.47951,6186.56918,677.07886
C2RCC,C2RCC_roms,Dinophysis_acuminata,20,0.52878,2441.94354,597.72988
C2RCC,C2RCC_roms,Dinophysis_acuminata,21,0.49894,889.285,432.6915
C2RCC,C2RCC_roms,Dinophysis_acuminata,22,0.51537,1401.98796,464.62679
C2RCC,C2RCC_roms,Dinophysis_acuminata,23,0.50558,6385.33146,742.09628
C2RCC,C2RCC_roms,Dinophysis_acuminata,24,0.5254,1107.60624,490.59233
C2RCC,C2RCC_roms,Dinophysis_acuminata,25,0.51695,6201.92453,699.02008
C2RCC,C2RCC_roms,Dinophysis_acuminata,26,0.50393,1509.67442,519.48866
C2RCC,C2RCC_roms,Dinophysis_acuminata,27,0.53185,1028.01537,470.15455
C2RCC,C2RCC_roms,Dinophysis_acuminata,28,0.4313,10274.55852,861.16095
C2RCC,C2RCC_roms,Dinophysis_acuminata,29,0.5103,1401.6125,489.56334
C2RCC,C2RCC_roms,Dinophysis_acuminata,30,0.49711,1436.33383,523.02414
C2RCC,C2RCC_roms,Dinophysis_acuminata,31,0.52522,5978.61485,689.7124
C2RCC,C2RCC_roms,Dinophysis_acuminata,32,0.51505,1666.35862,488.74859
C2RCC,C2RCC_roms,Dinophysis_acuminata,33,0.51964,1300.46036,507.01181
C2RCC,C2RCC_roms,Dinophysis_acuminata,34,0.54703,5984.00777,663.47236
C2RCC,C2RCC_roms,Dinophysis_acuminata,35,0.50415,1875.65812,561.91785
C2RCC,C2RCC_roms,Dinophysis_acuminata,36,0.50057,2180.64535,530.69149
C2RCC,C2RCC_roms,Dinophysis_acuminata,37,0.49548,1394.12769,521.28218
C2RCC,C2RCC_roms,Dinophysis_acuminata,38,0.49259,1226.87513,462.31553
C2RCC,C2RCC_roms,Dinophysis_acuminata,39,0.48387,5981.42526,700.15925
C2RCC,C2RCC_roms,Dinophysis_acuminata,40,0.50476,964.5687,427.85294
C2RCC,C2RCC_roms,Dinophysis_acuminata,41,0.45061,10090.03614,809.12646
C2RCC,C2RCC_roms,Dinophysis_acuminata,42,0.44798,10000.00066,815.34717
C2RCC,C2RCC_roms,Dinophysis_acuminata,43,0.49094,1000.78202,440.24028
C2RCC,C2RCC_roms,Dinophysis_acuminata,44,0.48256,1334.99923,531.83352
C2RCC,C2RCC_roms,Dinophysis_acuminata,45,0.49872,968.74972,468.05823
C2RCC,C2RCC_roms,Dinophysis_acuminata,46,0.50979,1249.0995,508.92935
C2RCC,C2RCC_roms,Dinophysis_acuminata,47,0.47841,6520.36962,760.03666
C2RCC,C2RCC_roms,Dinophysis_acuminata,48,0.5067,2286.74458,571.07796
C2RCC,C2RCC_roms,Dinophysis_acuminata,49,0.47637,1499.3797,449.52212
C2RCC,C2RCC_only,Dinophysis_norvegica,0,0.16924,204.72073,124.7747
C2RCC,C2RCC_only,Dinophysis_norvegica,1,0.27417,225.52642,135.55568
C2RCC,C2RCC_only,Dinophysis_norvegica,2,0.20517,202.0262,121.536
C2RCC,C2RCC_only,Dinophysis_norvegica,3,0.24598,214.54202,133.96571
C2RCC,C2RCC_only,Dinophysis_norvegica,4,0.30135,183.48936,120.44908
C2RCC,C2RCC_only,Dinophysis_norvegica,5,0.21477,222.9776,139.03488
C2RCC,C2RCC_only,Dinophysis_norvegica,6,0.26872,233.168,142.39842
C2RCC,C2RCC_only,Dinophysis_norvegica,7,0.19473,218.71776,134.87481
C2RCC,C2RCC_only,Dinophysis_norvegica,8,0.22756,205.87184,130.49756
C2RCC,C2RCC_only,Dinophysis_norvegica,9,0.33957,180.14386,118.46132
C2RCC,C2RCC_only,Dinophysis_norvegica,10,0.17177,164.14673,116.25077
C2RCC,C2RCC_only,Dinophysis_norvegica,11,0.27366,191.98452,128.91826
C2RCC,C2RCC_only,Dinophysis_norvegica,12,0.30264,189.23409,125.77187
C2RCC,C2RCC_only,Dinophysis_norvegica,13,0.22248,249.21363,151.99667
C2RCC,C2RCC_only,Dinophysis_norvegica,14,0.26207,200.6828,132.61986
C2RCC,C2RCC_only,Dinophysis_norvegica,15,0.18293,235.8785,143.05402
C2RCC,C2RCC_only,Dinophysis_norvegica,16,0.27098,204.34625,131.44116
C2RCC,C2RCC_only,Dinophysis_norvegica,17,0.19243,220.72833,145.15362
C2RCC,C2RCC_only,Dinophysis_norvegica,18,0.21167,207.84555,130.94211
C2RCC,C2RCC_only,Dinophysis_norvegica,19,0.33113,204.43834,132.12009
C2RCC,C2RCC_only,Dinophysis_norvegica,20,0.30663,191.54243,125.37553
C2RCC,C2RCC_only,Dinophysis_norvegica,21,0.23421,214.40673,135.63907
C2RCC,C2RCC_only,Dinophysis_norvegica,22,0.1999,203.32772,134.67704
C2RCC,C2RCC_only,Dinophysis_norvegica,23,0.24785,231.39695,139.157
C2RCC,C2RCC_only,Dinophysis_norvegica,24,0.24324,249.98051,147.0958
C2RCC,C2RCC_only,Dinophysis_norvegica,25,0.14374,187.15867,122.6024
C2RCC,C2RCC_only,Dinophysis_norvegica,26,0.19996,181.88369,121.24061
C2RCC,C2RCC_only,Dinophysis_norvegica,27,0.16065,217.16523,136.51091
C2RCC,C2RCC_only,Dinophysis_norvegica,28,0.2495,166.9348,114.44756
C2RCC,C2RCC_only,Dinophysis_norvegica,29,0.24009,263.88127,157.22238
C2RCC,C2RCC_only,Dinophysis_norvegica,30,0.21362,214.20888,134.33909
C2RCC,C2RCC_only,Dinophysis_norvegica,31,0.2672,250.8754,150.53003
C2RCC,C2RCC_only,Dinophysis_norvegica,32,0.26441,224.78742,136.4124
C2RCC,C2RCC_only,Dinophysis_norvegica,33,0.20913,203.56486,133.54133
C2RCC,C2RCC_only,Dinophysis_norvegica,34,0.31737,174.61512,121.69119
C2RCC,C2RCC_only,Dinophysis_norvegica,35,0.24196,229.4036,143.89655
C2RCC,C2RCC_only,Dinophysis_norvegica,36,0.24595,210.46009,126.80499
C2RCC,C2RCC_only,Dinophysis_norvegica,37,0.27777,226.01604,134.66339
C2RCC,C2RCC_only,Dinophysis_norvegica,38,0.24662,197.6485,124.6498
C2RCC,C2RCC_only,Dinophysis_norvegica,39,0.33097,212.1961,128.17989
C2RCC,C2RCC_only,Dinophysis_norvegica,40,0.15768,179.48417,121.39072
C2RCC,C2RCC_only,Dinophysis_norvegica,41,0.21527,241.42378,144.28449
C2RCC,C2RCC_only,Dinophysis_norvegica,42,0.22458,174.08523,118.15692
C2RCC,C2RCC_only,Dinophysis_norvegica,43,0.17101,190.38272,129.86948
C2RCC,C2RCC_only,Dinophysis_norvegica,44,0.26992,203.7483,121.97119
C2RCC,C2RCC_only,Dinophysis_norvegica,45,0.25201,204.13493,128.33912
C2RCC,C2RCC_only,Dinophysis_norvegica,46,0.28503,186.21932,127.41472
C2RCC,C2RCC_only,Dinophysis_norvegica,47,0.22666,186.99882,121.03052
C2RCC,C2RCC_only,Dinophysis_norvegica,48,0.31457,199.04004,125.85246
C2RCC,C2RCC_only,Dinophysis_norvegica,49,0.23369,196.27892,133.9166
C2RCC,C2RCC_roms,Dinophysis_norvegica,0,0.27496,195.94042,117.2167
C2RCC,C2RCC_roms,Dinophysis_norvegica,1,0.36906,214.0716,133.09684
C2RCC,C2RCC_roms,Dinophysis_norvegica,2,0.32127,189.35529,114.95425
C2RCC,C2RCC_roms,Dinophysis_norvegica,3,0.31352,205.4624,130.25116
C2RCC,C2RCC_roms,Dinophysis_norvegica,4,0.35433,180.44771,118.9233
C2RCC,C2RCC_roms,Dinophysis_norvegica,5,0.29166,215.23654,133.86204
C2RCC,C2RCC_roms,Dinophysis_norvegica,6,0.3511,225.44763,136.21035
C2RCC,C2RCC_roms,Dinophysis_norvegica,7,0.28191,209.25055,129.71486
C2RCC,C2RCC_roms,Dinophysis_norvegica,8,0.32383,196.59502,123.80475
C2RCC,C2RCC_roms,Dinophysis_norvegica,9,0.3858,179.47049,119.54487
C2RCC,C2RCC_roms,Dinophysis_norvegica,10,0.25576,155.98859,111.57912
C2RCC,C2RCC_roms,Dinophysis_norvegica,11,0.3243,185.7773,126.54673
C2RCC,C2RCC_roms,Dinophysis_norvegica,12,0.40814,178.43779,121.69632
C2RCC,C2RCC_roms,Dinophysis_norvegica,13,0.32706,239.71339,142.79974
C2RCC,C2RCC_roms,Dinophysis_norvegica,14,0.28329,203.24457,131.99514
C2RCC,C2RCC_roms,Dinophysis_norvegica,15,0.27543,228.46963,136.35918
C2RCC,C2RCC_roms,Dinophysis_norvegica,16,0.3986,187.76753,123.14518
C2RCC,C2RCC_roms,Dinophysis_norvegica,17,0.31197,203.52244,133.77426
C2RCC,C2RCC_roms,Dinophysis_norvegica,18,0.30938,198.48721,125.35195
C2RCC,C2RCC_roms,Dinophysis_norvegica,19,0.40024,201.25782,126.83958
C2RCC,C2RCC_roms,Dinophysis_norvegica,20,0.35388,193.95916,127.30257
C2RCC,C2RCC_roms,Dinophysis_norvegica,21,0.31783,206.94785,128.76609
C2RCC,C2RCC_roms,Dinophysis_norvegica,22,0.27567,195.58572,128.37819
C2RCC,C2RCC_roms,Dinophysis_norvegica,23,0.31701,234.34874,136.58861
C2RCC,C2RCC_roms,Dinophysis_norvegica,24,0.31112,252.33572,142.93304
C2RCC,C2RCC_roms,Dinophysis_norvegica,25,0.19049,181.73991,122.355
C2RCC,C2RCC_roms,Dinophysis_norvegica,26,0.27949,169.08862,116.42562
C2RCC,C2RCC_roms,Dinophysis_norvegica,27,0.28994,200.79744,128.37384
C2RCC,C2RCC_roms,Dinophysis_norvegica,28,0.33939,157.00502,109.47061
C2RCC,C2RCC_roms,Dinophysis_norvegica,29,0.28286,263.94927,154.66934
C2RCC,C2RCC_roms,Dinophysis_norvegica,30,0.26246,213.72587,131.77158
C2RCC,C2RCC_roms,Dinophysis_norvegica,31,0.34229,244.98015,148.43929
C2RCC,C2RCC_roms,Dinophysis_norvegica,32,0.3069,223.80559,130.99064
C2RCC,C2RCC_roms,Dinophysis_norvegica,33,0.34474,185.59777,122.08814
C2RCC,C2RCC_roms,Dinophysis_norvegica,34,0.40067,167.30523,117.93633
C2RCC,C2RCC_roms,Dinophysis_norvegica,35,0.29809,223.20972,140.63758
C2RCC,C2RCC_roms,Dinophysis_norvegica,36,0.29803,201.67886,123.2796
C2RCC,C2RCC_roms,Dinophysis_norvegica,37,0.34405,217.04872,125.56934
C2RCC,C2RCC_roms,Dinophysis_norvegica,38,0.3424,190.19386,117.24668
C2RCC,C2RCC_roms,Dinophysis_norvegica,39,0.39435,208.25283,127.88592
C2RCC,C2RCC_roms,Dinophysis_norvegica,40,0.28562,165.2793,112.93399
C2RCC,C2RCC_roms,Dinophysis_norvegica,41,0.32811,226.28735,135.04269
C2RCC,C2RCC_roms,Dinophysis_norvegica,42,0.34933,162.33782,110.52932
C2RCC,C2RCC_roms,Dinophysis_norvegica,43,0.24707,182.66356,122.0979
C2RCC,C2RCC_roms,Dinophysis_norvegica,44,0.29398,200.02185,121.54357
C2RCC,C2RCC_roms,Dinophysis_norvegica,45,0.32611,195.73196,123.29461
C2RCC,C2RCC_roms,Dinophysis_norvegica,46,0.31767,180.64595,122.92433
C2RCC,C2RCC_roms,Dinophysis_norvegica,47,0.3162,178.0799,115.83401
C2RCC,C2RCC_roms,Dinophysis_norvegica,48,0.34419,202.86301,124.96776
C2RCC,C2RCC_roms,Dinophysis_norvegica,49,0.27612,202.01458,133.71567
C2RCC,C2RCC_only,Karenia,0,0.41782,5189.43748,2393.69397
C2RCC,C2RCC_only,Karenia,1,0.40618,4137.06521,2335.51132
C2RCC,C2RCC_only,Karenia,2,0.38328,5153.99377,2334.95234
C2RCC,C2RCC_only,Karenia,3,0.41563,3797.21121,2229.24415
C2RCC,C2RCC_only,Karenia,4,0.4057,4340.48542,2417.23976
C2RCC,C2RCC_only,Karenia,5,0.38478,4145.3647,2311.5745
C2RCC,C2RCC_only,Karenia,6,0.39547,4002.39243,2278.50764
C2RCC,C2RCC_only,Karenia,7,0.37378,4024.22005,2335.73163
C2RCC,C2RCC_only,Karenia,8,0.42606,3408.3021,2108.02569
C2RCC,C2RCC_only,Karenia,9,0.39462,4715.71831,2176.30803
C2RCC,C2RCC_only,Karenia,10,0.40737,2974.50399,2058.77386
C2RCC,C2RCC_only,Karenia,11,0.43822,3229.47278,2213.06861
C2RCC,C2RCC_only,Karenia,12,0.41219,3708.70436,2190.58586
C2RCC,C2RCC_only,Karenia,13,0.40386,5156.00346,2404.78368
C2RCC,C2RCC_only,Karenia,14,0.41656,3168.37254,2092.49553
C2RCC,C2RCC_only,Karenia,15,0.39175,3284.62276,2153.27968
C2RCC,C2RCC_only,Karenia,16,0.41715,3231.3146,2054.09217
C2RCC,C2RCC_only,Karenia,17,0.41221,5191.80709,2319.05236
C2RCC,C2RCC_only,Karenia,18,0.42409,3729.07974,2182.37194
C2RCC,C2RCC_only,Karenia,19,0.44232,3908.89375,2195.69
C2RCC,C2RCC_only,Karenia,20,0.43878,3123.75528,2033.03644
C2RCC,C2RCC_only,Karenia,21,0.39919,4265.53256,2355.99577
C2RCC,C2RCC_only,Karenia,22,0.4394,4876.49921,2173.81647
C2RCC,C2RCC_only,Karenia,23,0.42475,3122.39825,2138.83341
C2RCC,C2RCC_only,Karenia,24,0.38383,3928.88238,2338.84376
C2RCC,C2RCC_only,Karenia,25,0.45837,2861.73146,2045.06503
C2RCC,C2RCC_only,Karenia,26,0.46349,3091.14282,1990.94818
C2RCC,C2RCC_only,Karenia,27,0.42067,3481.93877,2174.05745
C2RCC,C2RCC_only,Karenia,28,0.39181,3987.14277,2258.68835
C2RCC,C2RCC_only,Karenia,29,0.44719,4275.90603,2313.3809
C2RCC,C2RCC_only,Karenia,30,0.45698,3249.08608,2124.1207
C2RCC,C2RCC_only,Karenia,31,0.42576,3160.7823,2054.30986
C2RCC,C2RCC_only,Karenia,32,0.43185,3459.74402,2150.82317
C2RCC,C2RCC_only,Karenia,33,0.43181,3826.50162,2272.9328
C2RCC,C2RCC_only,Karenia,34,0.39332,5248.58126,2399.86247
C2RCC,C2RCC_only,Karenia,35,0.41242,3774.96232,2275.07996
C2RCC,C2RCC_only,Karenia,36,0.42559,3237.49886,2136.76727
C2RCC,C2RCC_only,Karenia,37,0.37624,4942.52125,2133.52851
C2RCC,C2RCC_only,Karenia,38,0.36751,3803.8957,2348.75966
C2RCC,C2RCC_only,Karenia,39,0.42049,3503.55911,2089.56429
C2RCC,C2RCC_only,Karenia,40,0.38042,3716.92454,2260.72334
C2RCC,C2RCC_only,Karenia,41,0.44601,3949.96345,2108.8806
C2RCC,C2RCC_only,Karenia,42,0.39346,4133.78897,2271.65197
C2RCC,C2RCC_only,Karenia,43,0.41953,3195.45414,2165.9279
C2RCC,C2RCC_only,Karenia,44,0.40887,3477.72418,2157.41616
C2RCC,C2RCC_only,Karenia,45,0.42121,3759.89034,2156.886
C2RCC,C2RCC_only,Karenia,46,0.40462,3455.4736,2227.24755
C2RCC,C2RCC_only,Karenia,47,0.4177,4042.09682,2412.47482
C2RCC,C2RCC_only,Karenia,48,0.38116,3451.7158,2210.31448
C2RCC,C2RCC_only,Karenia,49,0.38776,4378.87194,2373.94471
C2RCC,C2RCC_roms,Karenia,0,0.55119,4794.13262,2156.26916
C2RCC,C2RCC_roms,Karenia,1,0.53414,3561.77153,2086.50623
C2RCC,C2RCC_roms,Karenia,2,0.55798,4753.91144,2069.86566
C2RCC,C2RCC_roms,Karenia,3,0.56188,3240.5906,1975.50273
C2RCC,C2RCC_roms,Karenia,4,0.56695,3613.07642,2086.21338
C2RCC,C2RCC_roms,Karenia,5,0.51134,3628.0544,2099.4123
C2RCC,C2RCC_roms,Karenia,6,0.53387,3402.09149,2057.53787
C2RCC,C2RCC_roms,Karenia,7,0.53921,3279.84414,2011.17985
C2RCC,C2RCC_roms,Karenia,8,0.55167,2993.87657,1916.53165
C2RCC,C2RCC_roms,Karenia,9,0.54905,4269.83353,1899.17598
C2RCC,C2RCC_roms,Karenia,10,0.52792,2563.06458,1819.02713
C2RCC,C2RCC_roms,Karenia,11,0.59519,2650.76915,1879.89529
C2RCC,C2RCC_roms,Karenia,12,0.53711,3217.44107,1937.71814
C2RCC,C2RCC_roms,Karenia,13,0.53434,4750.33483,2128.34535
C2RCC,C2RCC_roms,Karenia,14,0.56044,2747.84072,1814.8605
C2RCC,C2RCC_roms,Karenia,15,0.558,2713.25845,1813.74773
C2RCC,C2RCC_roms,Karenia,16,0.55268,2631.70551,1799.85046
C2RCC,C2RCC_roms,Karenia,17,0.55803,4691.28412,2055.9092
C2RCC,C2RCC_roms,Karenia,18,0.59557,2976.53385,1831.95492
C2RCC,C2RCC_roms,Karenia,19,0.59532,3178.27943,1913.65
C2RCC,C2RCC_roms,Karenia,20,0.58311,2685.28909,1795.22083
C2RCC,C2RCC_roms,Karenia,21,0.59158,3542.36386,2010.46545
C2RCC,C2RCC_roms,Karenia,22,0.57149,4534.74759,1937.46697
C2RCC,C2RCC_roms,Karenia,23,0.56115,2707.36152,1890.75411
C2RCC,C2RCC_roms,Karenia,24,0.53324,3328.7941,2057.3825
C2RCC,C2RCC_roms,Karenia,25,0.58563,2375.4376,1774.2605
C2RCC,C2RCC_roms,Karenia,26,0.59142,2703.74086,1768.56324
C2RCC,C2RCC_roms,Karenia,27,0.59776,2825.3063,1897.10805
C2RCC,C2RCC_roms,Karenia,28,0.53881,3405.62403,2019.47767
C2RCC,C2RCC_roms,Karenia,29,0.57568,3768.83029,2053.71492
C2RCC,C2RCC_roms,Karenia,30,0.60684,2778.77869,1840.6164
C2RCC,C2RCC_roms,Karenia,31,0.56753,2684.64083,1809.65209
C2RCC,C2RCC_roms,Karenia,32,0.5664,2834.39329,1892.79297
C2RCC,C2RCC_roms,Karenia,33,0.59348,3137.44994,1942.7036
C2RCC,C2RCC_roms,Karenia,34,0.53451,4740.1706,2114.1989
C2RCC,C2RCC_roms,Karenia,35,0.5456,3137.42347,1965.45747
C2RCC,C2RCC_roms,Karenia,36,0.55627,2692.53488,1855.79694
C2RCC,C2RCC_roms,Karenia,37,0.52431,4480.08691,1918.58027
C2RCC,C2RCC_roms,Karenia,38,0.52709,3216.43924,2036.56708
C2RCC,C2RCC_roms,Karenia,39,0.5471,3005.74992,1856.58959
C2RCC,C2RCC_roms,Karenia,40,0.51925,3181.02297,1998.23894
C2RCC,C2RCC_roms,Karenia,41,0.56997,3501.28031,1914.64056
C2RCC,C2RCC_roms,Karenia,42,0.5546,3434.1309,1957.09582
C2RCC,C2RCC_roms,Karenia,43,0.55648,2841.85489,1902.26999
C2RCC,C2RCC_roms,Karenia,44,0.56858,2828.90526,1843.66892
C2RCC,C2RCC_roms,Karenia,45,0.5628,3239.63473,1954.38823
C2RCC,C2RCC_roms,Karenia,46,0.56346,2904.27455,1908.36624
C2RCC,C2RCC_roms,Karenia,47,0.57212,3445.1942,2131.81148
C2RCC,C2RCC_roms,Karenia,48,0.5422,3002.18139,1911.87866
C2RCC,C2RCC_roms,Karenia,49,0.5549,3721.1449,2061.16985
C2RCC,C2RCC_only,Pseudo-nitzschia,0,0.29411,19302.87822,6012.84894
C2RCC,C2RCC_only,Pseudo-nitzschia,1,0.22562,27805.21357,7039.92559
C2RCC,C2RCC_only,Pseudo-nitzschia,2,0.27231,19590.28771,5491.3861
C2RCC,C2RCC_only,Pseudo-nitzschia,3,0.27025,12659.27957,4517.25988
C2RCC,C2RCC_only,Pseudo-nitzschia,4,0.23802,12846.24941,4811.0359
C2RCC,C2RCC_only,Pseudo-nitzschia,5,0.3232,16737.73399,5116.26508
C2RCC,C2RCC_only,Pseudo-nitzschia,6,0.26151,21139.63903,6089.67239
C2RCC,C2RCC_only,Pseudo-nitzschia,7,0.24668,7558.59446,4377.64856
C2RCC,C2RCC_only,Pseudo-nitzschia,8,0.22331,18502.03072,5753.61937
C2RCC,C2RCC_only,Pseudo-nitzschia,9,0.23041,10204.44792,5054.25247
C2RCC,C2RCC_only,Pseudo-nitzschia,10,0.30342,8292.6011,4376.26315
C2RCC,C2RCC_only,Pseudo-nitzschia,11,0.25174,17707.06247,5319.72052
C2RCC,C2RCC_only,Pseudo-nitzschia,12,0.27531,19499.2192,5906.629
C2RCC,C2RCC_only,Pseudo-nitzschia,13,0.18646,26581.01359,6415.09679
C2RCC,C2RCC_only,Pseudo-nitzschia,14,0.24845,8659.47455,4639.6909
C2RCC,C2RCC_only,Pseudo-nitzschia,15,0.28856,20721.73479,5867.30615
C2RCC,C2RCC_only,Pseudo-nitzschia,16,0.26905,18168.00062,5862.71929
C2RCC,C2RCC_only,Pseudo-nitzschia,17,0.2587,13326.16188,5240.9168
C2RCC,C2RCC_only,Pseudo-nitzschia,18,0.30583,14410.4764,5283.88331
C2RCC,C2RCC_only,Pseudo-nitzschia,19,0.27128,26239.83466,6437.72085
C2RCC,C2RCC_only,Pseudo-nitzschia,20,0.28022,24807.56087,5893.69499
C2RCC,C2RCC_only,Pseudo-nitzschia,21,0.27443,13017.67775,5016.86623
C2RCC,C2RCC_only,Pseudo-nitzschia,22,0.24615,24969.10455,6473.90855
C2RCC,C2RCC_only,Pseudo-nitzschia,23,0.25802,25696.92757,5983.95518
C2RCC,C2RCC_only,Pseudo-nitzschia,24,0.20367,14944.77388,5699.13075
C2RCC,C2RCC_only,Pseudo-nitzschia,25,0.23818,19790.01345,5787.81759
C2RCC,C2RCC_only,Pseudo-nitzschia,26,0.27208,11983.23426,4756.77546
C2RCC,C2RCC_only,Pseudo-nitzschia,27,0.32773,13465.94055,4683.74801
C2RCC,C2RCC_only,Pseudo-nitzschia,28,0.26968,28867.91071,6530.65496
C2RCC,C2RCC_only,Pseudo-nitzschia,29,0.27523,19909.07891,5599.08825
C2RCC,C2RCC_only,Pseudo-nitzschia,30,0.20855,20173.07399,5690.0241
C2RCC,C2RCC_only,Pseudo-nitzschia,31,0.27566,18150.96687,6224.89977
C2RCC,C2RCC_only,Pseudo-nitzschia,32,0.27785,20409.0909,5047.47094
C2RCC,C2RCC_only,Pseudo-nitzschia,33,0.19367,8203.64532,4657.21127
C2RCC,C2RCC_only,Pseudo-nitzschia,34,0.27295,16442.48748,4978.44527
C2RCC,C2RCC_only,Pseudo-nitzschia,35,0.24731,20884.04529,5459.69561
C2RCC,C2RCC_only,Pseudo-nitzschia,36,0.29475,24975.89492,6687.24422
C2RCC,C2RCC_only,Pseudo-nitzschia,37,0.25193,23815.1382,6438.82928
C2RCC,C2RCC_only,Pseudo-nitzschia,38,0.20288,31676.91292,7254.79891
C2RCC,C2RCC_only,Pseudo-nitzschia,39,0.25557,11317.4011,5014.03464
C2RCC,C2RCC_only,Pseudo-nitzschia,40,0.25221,16492.69344,5555.01955
C2RCC,C2RCC_only,Pseudo-nitzschia,41,0.25829,14231.65867,5170.14144
C2RCC,C2RCC_only,Pseudo-nitzschia,42,0.24566,20523.83128,5617.26461
C2RCC,C2RCC_only,Pseudo-nitzschia,43,0.28709,21519.99501,5899.75362
C2RCC,C2RCC_only,Pseudo-nitzschia,44,0.19228,17030.30236,5150.08353
C2RCC,C2RCC_only,Pseudo-nitzschia,45,0.28367,18352.34836,6006.75386
C2RCC,C2RCC_only,Pseudo-nitzschia,46,0.26009,26072.6592,6595.84456
C2RCC,C2RCC_only,Pseudo-nitzschia,47,0.23605,22104.63385,6061.60515
C2RCC,C2RCC_only,Pseudo-nitzschia,48,0.19933,26621.94065,6112.84026
C2RCC,C2RCC_only,Pseudo-nitzschia,49,0.2768,8509.27199,4665.82016
C2RCC,C2RCC_roms,Pseudo-nitzschia,0,0.48659,12705.2462,4828.03826
C2RCC,C2RCC_roms,Pseudo-nitzschia,1,0.47432,21542.57223,5903.91463
C2RCC,C2RCC_roms,Pseudo-nitzschia,2,0.49489,12080.22399,4323.30119
C2RCC,C2RCC_roms,Pseudo-nitzschia,3,0.41027,8312.57777,3857.68295
C2RCC,C2RCC_roms,Pseudo-nitzschia,4,0.40011,9787.75026,4124.51027
C2RCC,C2RCC_roms,Pseudo-nitzschia,5,0.45171,13675.06049,4574.71778
C2RCC,C2RCC_roms,Pseudo-nitzschia,6,0.43305,13275.19528,5082.06887
C2RCC,C2RCC_roms,Pseudo-nitzschia,7,0.38099,6692.53898,3876.94754
C2RCC,C2RCC_roms,Pseudo-nitzschia,8,0.40472,16148.82115,5164.35095
C2RCC,C2RCC_roms,Pseudo-nitzschia,9,0.39496,8158.28283,4212.1222
C2RCC,C2RCC_roms,Pseudo-nitzschia,10,0.40632,7703.29109,4009.17949
C2RCC,C2RCC_roms,Pseudo-nitzschia,11,0.44938,13173.00592,4555.63331
C2RCC,C2RCC_roms,Pseudo-nitzschia,12,0.51518,13206.1929,4711.65123
C2RCC,C2RCC_roms,Pseudo-nitzschia,13,0.45306,18888.86025,5123.05765
C2RCC,C2RCC_roms,Pseudo-nitzschia,14,0.39286,7971.14766,4155.60798
C2RCC,C2RCC_roms,Pseudo-nitzschia,15,0.49463,11432.28225,4588.42437
C2RCC,C2RCC_roms,Pseudo-nitzschia,16,0.44282,15398.11617,5221.25177
C2RCC,C2RCC_roms,Pseudo-nitzschia,17,0.4234,10704.425,4581.83481
C2RCC,C2RCC_roms,Pseudo-nitzschia,18,0.49876,9419.8091,4288.9368
C2RCC,C2RCC_roms,Pseudo-nitzschia,19,0.46395,19059.51243,5457.00942
C2RCC,C2RCC_roms,Pseudo-nitzschia,20,0.50182,16220.73534,4701.45941
C2RCC,C2RCC_roms,Pseudo-nitzschia,21,0.49435,10076.26594,4199.71701
C2RCC,C2RCC_roms,Pseudo-nitzschia,22,0.50707,14734.26104,4908.41033
C2RCC,C2RCC_roms,Pseudo-nitzschia,23,0.49185,17040.45323,4731.47563
C2RCC,C2RCC_roms,Pseudo-nitzschia,24,0.39917,10722.38495,4859.6697
C2RCC,C2RCC_roms,Pseudo-nitzschia,25,0.49378,13124.14848,4601.98861
C2RCC,C2RCC_roms,Pseudo-nitzschia,26,0.44897,6613.46312,3882.58407
C2RCC,C2RCC_roms,Pseudo-nitzschia,27,0.49006,9763.5742,3927.55556
C2RCC,C2RCC_roms,Pseudo-nitzschia,28,0.48509,20285.3874,5359.79954
C2RCC,C2RCC_roms,Pseudo-nitzschia,29,0.46543,16007.69812,4861.04465
C2RCC,C2RCC_roms,Pseudo-nitzschia,30,0.45953,12625.69419,4552.62947
C2RCC,C2RCC_roms,Pseudo-nitzschia,31,0.41831,12982.85872,5150.88846
C2RCC,C2RCC_roms,Pseudo-nitzschia,32,0.46411,14726.07406,4296.01353
C2RCC,C2RCC_roms,Pseudo-nitzschia,33,0.37312,7176.50197,4125.71826
C2RCC,C2RCC_roms,Pseudo-nitzschia,34,0.45788,9891.82026,4097.93298
C2RCC,C2RCC_roms,Pseudo-nitzschia,35,0.44686,14467.2351,4545.87945
C2RCC,C2RCC_roms,Pseudo-nitzschia,36,0.51682,18318.52078,5515.75416
C2RCC,C2RCC_roms,Pseudo-nitzschia,37,0.47989,16930.20229,5250.88908
C2RCC,C2RCC_roms,Pseudo-nitzschia,38,0.46923,24024.35741,6125.20504
C2RCC,C2RCC_roms,Pseudo-nitzschia,39,0.3867,9929.98145,4432.43292
C2RCC,C2RCC_roms,Pseudo-nitzschia,40,0.4798,11719.64732,4509.87931
C2RCC,C2RCC_roms,Pseudo-nitzschia,41,0.41289,11296.58136,4427.4178
C2RCC,C2RCC_roms,Pseudo-nitzschia,42,0.41424,11728.71993,4535.59948
C2RCC,C2RCC_roms,Pseudo-nitzschia,43,0.46988,12797.24837,4638.81492
C2RCC,C2RCC_roms,Pseudo-nitzschia,44,0.35065,15492.10963,4624.19262
C2RCC,C2RCC_roms,Pseudo-nitzschia,45,0.50652,12018.45417,4579.45107
C2RCC,C2RCC_roms,Pseudo-nitzschia,46,0.5453,17343.40284,5085.78289
C2RCC,C2RCC_roms,Pseudo-nitzschia,47,0.48035,16059.71877,4923.41808
C2RCC,C2RCC_roms,Pseudo-nitzschia,48,0.43249,19847.75699,5147.70217
C2RCC,C2RCC_roms,Pseudo-nitzschia,49,0.40862,7766.96792,4263.17415
