Id,Name
1321701b-649d-375a-91d4-09d88359631a,S3A_OL_1_EFR____20190417T134916_20190417T135216_20240531T195728_0180_043_338_2340_MAR_R_NT_004.SEN3
3801ade1-9f66-3f99-aefc-316c96c9964c,S3B_OL_1_EFR____20210911T152527_20210911T152827_20240527T055556_0179_057_011_2160_MAR_R_NT_004.SEN3
b1be73ad-8f88-3f37-a59f-6660ec769432,S3A_OL_1_EFR____20190707T134617_20190707T134917_20240601T013011_0179_046_338_2160_MAR_R_NT_004.SEN3
5c29a8ae-e598-3884-9e12-d89c5f0f12ac,S3A_OL_1_EFR____20231016T153400_20231016T153700_20240919T211701_0179_104_282_2340_MAR_R_NT_004.SEN3
70abc5a9-3ccb-3c64-8ed5-885dbe2b2bd4,S3A_OL_1_EFR____20190428T154514_20190428T154814_20240531T204505_0179_044_111_2340_MAR_R_NT_004.SEN3
518b255d-26c1-3efe-bdd2-9ea3ef52cb93,S3B_OL_1_EFR____20191125T153235_20191125T153535_20240525T210847_0179_032_282_2160_MAR_R_NT_004.SEN3
7d96c65a-9614-3712-ab73-0c2334a492ea,S3A_OL_1_EFR____20181122T151513_20181122T151813_20240531T102010_0179_038_182_2340_MAR_R_NT_004.SEN3
d44bee58-2d4b-3379-a3c6-b31e3178fff4,S3A_OL_1_EFR____20210504T135354_20210504T135654_20240603T064552_0179_071_224_2160_MAR_R_NT_004.SEN3
39a9098f-0356-3ba6-b76d-cae8ee64ea77,S3A_OL_1_EFR____20220408T154607_20220408T154907_20240605T015102_0179_084_054_2160_MAR_R_NT_004.SEN3
56dba0f1-7a7f-4298-b7c0-bb3158f63688,S3B_OL_1_EFR____20251105T152227_20251105T152527_20251106T162429_0179_113_068_2160_ESA_O_NT_004.SEN3
b0cf0516-4f35-3ab5-ae28-dff795e77603,S3A_OL_1_EFR____20200507T152252_20200507T152552_20240602T024806_0179_058_068_2340_MAR_R_NT_004.SEN3
b82b7770-42cb-331a-abcb-a6a5584dd32a,S3A_OL_1_EFR____20220226T151141_20220226T151441_20240604T235730_0179_082_239_2340_MAR_R_NT_004.SEN3
bf2debeb-5299-4383-89d5-dd84ebf500fd,S3A_OL_1_EFR____20240827T135732_20240827T140032_20240828T141908_0179_116_167_2160_PS1_O_NT_004.SEN3
be897b65-ee78-34f6-a755-c8011a29522f,S3B_OL_1_EFR____20210923T151712_20210923T152012_20240527T093218_0179_057_182_2340_MAR_R_NT_004.SEN3
e03aafe1-0a6e-3497-943e-2b6b4251e33e,S3A_OL_1_EFR____20201031T135003_20201031T135303_20240602T152653_0179_064_281_2160_MAR_R_NT_004.SEN3
5bc1d475-1d7b-33b1-aff3-c42c29793f5e,S3B_OL_1_EFR____20190505T134326_20190505T134626_20240525T104300_0179_025_067_2340_MAR_R_NT_004.SEN3
107e159f-de58-3152-9ae5-4cabeb0dc87d,S3A_OL_1_EFR____20220205T155337_20220205T155637_20240604T214420_0179_081_325_2160_MAR_R_NT_004.SEN3
9af6fb28-aa9b-3cdc-a79c-fb662e6e8313,S3B_OL_1_EFR____20211014T143216_20211014T143516_20240527T093648_0179_058_096_2340_MAR_R_NT_004.SEN3
2ad0ce7f-cb5a-34e1-ae76-5b0cfc49ae59,S3B_OL_1_EFR____20220228T152054_20220228T152354_20240523T163144_0179_063_125_2340_MAR_R_NT_004.SEN3
53e7adf8-2fd4-3ab7-8c28-234422f5f5f2,S3B_OL_1_EFR____20191215T151653_20191215T151953_20240525T231024_0179_033_182_2340_MAR_R_NT_004.SEN3
52308c25-3a9d-3d1a-b8b1-100f446c73ee,S3B_OL_1_EFR____20190505T152425_20190505T152725_20240525T114659_0179_025_068_2340_MAR_R_NT_004.SEN3
78622a84-21d0-31a8-9cc1-7e6a5311f45a,S3A_OL_1_EFR____20221022T135735_20221022T140035_20240605T152305_0180_091_167_2160_MAR_R_NT_004.SEN3
7c73f6f6-af1f-380b-83db-ee6c7320763d,S3A_OL_1_EFR____20210627T153455_20210627T153755_20240603T104121_0179_073_225_2160_MAR_R_NT_004.SEN3
9f7d7374-9685-3329-88e8-10debf3f3e25,S3B_OL_1_EFR____20240722T153328_20240722T153628_20240921T194306_0179_095_282_2160_MAR_R_NT_004.SEN3
32c9df5e-4d29-392b-8cff-20d058ad934c,S3A_OL_1_EFR____20230107T154217_20230107T154517_20240605T200840_0179_094_111_2160_MAR_R_NT_004.SEN3
1b60fcbe-6193-41fa-9523-4335f1ecf254,S3B_OL_1_EFR____20240926T134412_20240926T134712_20240926T220043_0179_098_067_2340_PS2_O_NT_004.SEN3
716b30c6-d9c0-3c5e-a460-67d35f4c4109,S3A_OL_1_EFR____20230827T134914_20230827T135214_20240919T172115_0179_102_338_2340_MAR_R_NT_004.SEN3
14ca3d1c-bfa6-347a-83ff-7065b8e6fe5f,S3A_OL_1_EFR____20230916T150835_20230916T151135_20240919T183452_0179_103_239_2160_MAR_R_NT_004.SEN3
71a35c48-9599-3deb-ba55-e6989b198b73,S3B_OL_1_EFR____20230617T135129_20230617T135429_20240627T160604_0179_080_338_2340_MAR_R_NT_004.SEN3
c4e18f4f-a838-33ab-a7a7-5328d1e44b3e,S3B_OL_1_EFR____20210915T152142_20210915T152442_20240527T071127_0179_057_068_2160_MAR_R_NT_004.SEN3
be056a81-e60e-391c-bf68-b272fecc9524,S3B_OL_1_EFR____20190105T135433_20190105T135733_20240525T054341_0179_020_281_2340_MAR_R_NT_004.SEN3
9eb5113f-305c-3cb9-90c1-18ef361a6c0e,S3A_OL_1_EFR____20210513T150414_20210513T150714_20240603T064341_0180_071_353_2340_MAR_R_NT_004.SEN3
ff87a4ac-3f33-3123-8368-9aabb1e51d17,S3B_OL_1_EFR____20210911T134728_20210911T135028_20240527T090437_0180_057_010_2340_MAR_R_NT_004.SEN3
a86d2237-187c-3cca-aa76-8286cd47c95c,S3B_OL_1_EFR____20230206T152536_20230206T152836_20240527T163743_0179_076_011_2160_MAR_R_NT_004.SEN3
98b20c8a-7e3c-3325-bf8f-f5b9eda7923a,S3B_OL_1_EFR____20201207T135448_20201207T135748_20240526T182856_0179_046_281_2340_MAR_R_NT_004.SEN3
8abb9325-3196-311c-97bb-ebd75a5e9d48,S3B_OL_1_EFR____20180926T145216_20180926T145516_20240620T234131_0179_013_139_2340_MAR_R_NT_004.SEN3
41d31f7f-f527-3971-8cda-4feb2b90d583,S3A_OL_1_EFR____20220217T154523_20220217T154823_20240604T225856_0179_082_111_2340_MAR_R_NT_004.SEN3
ffc14734-20a8-3c03-8cf2-d5394e989c50,S3B_OL_1_EFR____20190312T152424_20190312T152724_20240525T072129_0179_023_068_2340_MAR_R_NT_004.SEN3
7aa51891-a385-4faa-ace5-1b291269b07d,S3A_OL_1_EFR____20250513T152642_20250513T152942_20250514T161214_0179_126_011_2340_PS1_O_NT_004.SEN3
b8b19971-eaed-3353-bbda-ab87123420f0,S3B_OL_1_EFR____20210702T142836_20210702T143136_20240527T055555_0180_054_153_2340_MAR_R_NT_004.SEN3
eba22ab3-6652-3fe7-b46b-3658e6da9458,S3A_OL_1_EFR____20200930T135648_20200930T135948_20240602T124209_0179_063_224_2340_MAR_R_NT_004.SEN3
5463f90d-9b5f-41a5-b28b-eebd0f345e53,S3A_OL_1_EFR____20250426T142650_20250426T142950_20250427T151314_0179_125_153_2340_PS1_O_NT_004.SEN3
f4142635-9c01-3689-96cf-801596de4b8e,S3B_OL_1_EFR____20190228T153236_20190228T153536_20240525T080948_0179_022_282_2160_MAR_R_NT_004.SEN3
8dd7a4b5-d822-448f-99be-1b8c048b49c6,S3B_OL_1_EFR____20241228T151100_20241228T151400_20241229T075807_0179_101_239_2160_PS2_O_NT_004.SEN3
4c1faa0e-4fe2-3701-a0f8-b9317322d3a9,S3B_OL_1_EFR____20190901T153918_20190901T154218_20240525T171949_0180_029_225_2340_MAR_R_NT_004.SEN3
29d50748-94c3-38a9-9f47-3221df23091a,S3B_OL_1_EFR____20190516T153621_20190516T153921_20240525T131400_0179_025_225_2160_MAR_R_NT_004.SEN3
9340446b-36e4-356c-bd79-8985d3b8350d,S3A_OL_1_EFR____20230204T151908_20230204T152208_20240605T214244_0179_095_125_2340_MAR_R_NT_004.SEN3
e815acf0-93ea-336c-82d8-9e0979513ca1,S3A_OL_1_EFR____20230630T153104_20230630T153404_20240628T005407_0180_100_282_2160_MAR_R_NT_004.SEN3
71ed8110-f5d4-3753-a90d-b32fda3ff2d9,S3B_OL_1_EFR____20181024T142015_20181024T142315_20240621T042307_0179_016_153_2160_MAR_R_NT_004.SEN3
f55fa866-afdb-3b96-be02-6d2a0155dfd7,S3B_OL_1_EFR____20181114T144829_20181114T145129_20240621T065707_0179_017_068_2160_MAR_R_NT_004.SEN3
4cc7fc8e-9ed7-3a60-94e9-dd40a85cfb39,S3B_OL_1_EFR____20200609T134716_20200609T135016_20240526T100051_0179_040_010_2340_MAR_R_NT_004.SEN3
fada91f6-e94a-3520-bc00-2692479cf813,S3A_OL_1_EFR____20220309T152638_20220309T152938_20240604T233610_0179_083_011_2340_MAR_R_NT_004.SEN3
597a372d-6598-3746-a2a1-3df3cc2503e7,S3A_OL_1_EFR____20181117T154509_20181117T154809_20240531T103736_0179_038_111_2340_MAR_R_NT_004.SEN3
36ded025-f068-375d-a406-8c6f10da8d9f,S3A_OL_1_EFR____20210820T135351_20210820T135651_20240603T155435_0179_075_224_2160_MAR_R_NT_004.SEN3
49937973-35e5-4597-9c29-ea5944495962,S3A_OL_1_EFR____20250308T135349_20250308T135649_20250309T144308_0179_123_224_2160_PS1_O_NT_004.SEN3
1348f475-29f8-35f5-9f67-f49a71fda6d4,S3A_OL_1_EFR____20230822T141609_20230822T141909_20240919T173108_0179_102_267_2160_MAR_R_NT_004.SEN3
627a5652-0843-3f13-91e0-9bc565253830,S3A_OL_1_EFR____20240224T135648_20240224T135948_20240920T095436_0179_109_224_2340_MAR_R_NT_004.SEN3
68b15215-df76-3817-b093-7f08ac9fb30d,S3A_OL_1_EFR____20240205T152720_20240205T153020_20240920T070441_0179_108_339_2160_MAR_R_NT_004.SEN3
22d165a3-7b92-38fe-85dd-7dfd52bdd236,S3B_OL_1_EFR____20180726T145946_20180726T150246_20240620T180922_0179_011_025_2340_MAR_R_NT_004.SEN3
8657f1c5-76c1-354b-935e-562f200ac02f,S3B_OL_1_EFR____20190928T153617_20190928T153917_20240525T185656_0179_030_225_2160_MAR_R_NT_004.SEN3
eb19b05d-3363-308d-87da-5569e1de237a,S3A_OL_1_EFR____20230123T134921_20230123T135221_20240605T212903_0179_094_338_2340_MAR_R_NT_004.SEN3
34e75e65-1a64-3293-8407-30f401bc2abc,S3B_OL_1_EFR____20221101T154335_20221101T154635_20240524T065721_0179_072_168_2340_MAR_R_NT_004.SEN3
3db83f90-0aa0-3cc4-8e4a-1814bbe06a95,S3A_OL_1_EFR____20181010T134613_20181010T134913_20240531T071349_0180_036_338_2160_MAR_R_NT_004.SEN3
1d27f003-a277-39f6-8ae0-9bdc2c881593,S3B_OL_1_EFR____20230803T151048_20230803T151348_20240920T231317_0179_082_239_2160_MAR_R_NT_004.SEN3
31acfa86-ba73-3ed3-b242-da3f10adb126,S3B_OL_1_EFR____20210918T154708_20210918T155008_20240527T060854_0179_057_111_2340_MAR_R_NT_004.SEN3
fb0d397e-2a42-3ab4-b41d-7cf5b89185d4,S3A_OL_1_EFR____20211128T140120_20211128T140420_20240604T051237_0179_079_110_2160_MAR_R_NT_004.SEN3
f931465a-c68e-33b8-9cfe-ff3e9fae65ac,S3A_OL_1_EFR____20180412T152242_20180412T152542_20240530T160851_0179_030_068_2340_MAR_R_NT_004.SEN3
011d9091-54b7-4bf3-9cea-b16f8e950a52,S3B_OL_1_EFR____20251104T154838_20251104T155138_20251105T172405_0179_113_054_2160_ESA_O_NT_004.SEN3
31e53ac7-e2f3-35c9-a72a-d0be81c3111d,S3A_OL_1_EFR____20181206T154935_20181206T155235_20240531T111920_0179_038_382_2160_MAR_R_NT_004.SEN3
f9f382c5-e1b6-3442-93d1-08ba6e43b8c2,S3B_OL_1_EFR____20180809T135308_20180809T135608_20240620T193623_0179_011_224_2160_MAR_R_NT_004.SEN3
bf3631cf-470a-33b5-aff5-20bd4bf1f8bf,S3B_OL_1_EFR____20181007T150714_20181007T151014_20240621T014117_0179_013_296_2340_MAR_R_NT_004.SEN3
fd5ba775-57cd-34fa-b295-e08223d8d690,S3A_OL_1_EFR____20200603T152251_20200603T152551_20240602T035601_0179_059_068_2340_MAR_R_NT_004.SEN3
bd6adbb3-1687-35c4-8aeb-dd63da1d1757,S3B_OL_1_EFR____20250720T134427_20250720T134727_20250721T150649_0179_109_067_2340_ESA_O_NT_004.SEN3
492e69ca-93c9-3c3f-a2df-a57b054f8b06,S3A_OL_1_EFR____20230526T135738_20230526T140038_20240606T061129_0179_099_167_2160_MAR_R_NT_004.SEN3
fc37a3d2-5824-30b0-a99d-797ba2fd3cab,S3B_OL_1_EFR____20220512T152830_20220512T153130_20240523T215410_0179_066_011_2340_MAR_R_NT_004.SEN3
d154ecbc-e948-34cc-b3f2-e27b3a3e98fc,S3B_OL_1_EFR____20221202T135551_20221202T135851_20240524T085236_0179_073_224_2160_MAR_R_NT_004.SEN3
dbe7958b-269d-3f00-a570-3cef6abacb55,S3A_OL_1_EFR____20190122T153355_20190122T153655_20240531T145735_0179_040_282_2340_MAR_R_NT_004.SEN3
2f09b0b7-50af-43a4-be0d-8fd21ddba011,S3B_OL_1_EFR____20250108T134756_20250108T135056_20250108T215713_0179_102_010_2340_PS2_O_NT_004.SEN3
fb6adbc5-0ef6-3bc2-8063-3faab99eb86e,S3B_OL_1_EFR____20191002T135433_20191002T135733_20240525T191505_0179_030_281_2340_MAR_R_NT_004.SEN3
a1d6e742-3ae6-44af-890f-ed4b6f81b354,S3A_OL_1_EFR____20250624T135358_20250624T135658_20250625T144731_0180_127_224_2160_PS1_O_NT_004.SEN3
cf0672b7-d02b-4b4b-8cea-0b433530fb0c,S3B_OL_1_EFR____20251007T143645_20251007T143945_20251008T155814_0179_112_039_2340_ESA_O_NT_004.SEN3
a4a8101a-ddb1-3116-b7b7-5f5359234d93,S3A_OL_1_EFR____20180920T154552_20180920T154852_20240531T063041_0179_036_054_2160_MAR_R_NT_004.SEN3
df531e31-52e2-3c8d-bf04-f015a8104c82,S3A_OL_1_EFR____20220328T153410_20220328T153710_20240605T021810_0180_083_282_2340_MAR_R_NT_004.SEN3
316c0aae-7f05-3f45-b131-97240d9a0dd9,S3A_OL_1_EFR____20200614T135649_20200614T135949_20240602T044236_0179_059_224_2340_MAR_R_NT_004.SEN3
e14ee6be-29f9-3019-bc55-386baf0ef302,S3B_OL_1_EFR____20221117T134437_20221117T134737_20240524T092200_0179_073_010_2160_MAR_R_NT_004.SEN3
f63de60f-e8b4-3529-b20b-0194f206e12b,S3A_OL_1_EFR____20210427T151611_20210427T151911_20240603T054026_0179_071_125_2160_MAR_R_NT_004.SEN3
ed6f5f23-3884-4936-9a1a-1bc66906cbb1,S3A_OL_1_EFR____20251026T151959_20251026T152259_20251027T162057_0179_132_068_2160_PS1_O_NT_004.SEN3
2217caf9-e725-3ab7-b2a3-f8e8399ecf77,S3A_OL_1_EFR____20201227T141526_20201227T141826_20240602T193939_0179_066_324_2340_MAR_R_NT_004.SEN3
09d75b84-4070-3627-a9cb-810668624ad6,S3B_OL_1_EFR____20201110T135448_20201110T135748_20240526T152825_0179_045_281_2340_MAR_R_NT_004.SEN3
7b822bfc-67e6-381c-a2b9-35438bb017f3,S3A_OL_1_EFR____20230111T135733_20230111T140033_20240605T200821_0179_094_167_2160_MAR_R_NT_004.SEN3
307e23b2-b316-4fb0-aeb6-2a27e9112456,S3A_OL_1_EFR____20250217T153022_20250217T153322_20250218T161451_0179_122_339_2340_PS1_O_NT_004.SEN3
be093f79-392d-3988-961f-4dd66903e2cb,S3A_OL_1_EFR____20211025T152338_20211025T152638_20240604T025944_0179_078_011_2160_MAR_R_NT_004.SEN3
594dd5e6-1158-3412-b5bc-c44a0f612f3b,S3B_OL_1_EFR____20240211T135216_20240211T135516_20240921T092305_0180_089_281_2160_MAR_R_NT_004.SEN3
e0d737a4-b61d-4b74-bd16-9875469b6728,S3A_OL_1_EFR____20251207T153408_20251207T153708_20251208T163421_0179_133_282_2340_PS1_O_NT_004.SEN3
176f9ac6-7e74-3e2e-a445-5183ae317e46,S3A_OL_1_EFR____20190130T152627_20190130T152927_20240531T154051_0179_041_011_2340_MAR_R_NT_004.SEN3
de794d33-1b04-32b5-a462-7903e9af3e7b,S3A_OL_1_EFR____20180906T151126_20180906T151425_20240531T052636_0179_035_239_2340_MAR_R_NT_004.SEN3
5514e04f-3fa2-38d8-b145-4e95c8c54867,S3A_OL_1_EFR____20230607T153022_20230607T153322_20240628T003044_0179_099_339_2340_MAR_R_NT_004.SEN3
63b5978a-3454-35ab-9a5d-33ef2b85acff,S3B_OL_1_EFR____20181225T152033_20181225T152333_20240525T045240_0180_020_125_2340_MAR_R_NT_004.SEN3
a1991172-889f-38db-83af-508e0314c559,S3B_OL_1_EFR____20250124T151356_20250124T151656_20250125T163342_0179_102_239_2340_ESA_O_NT_004.SEN3
ddcf802e-88db-3cb9-b395-13b024391c0f,S3B_OL_1_EFR____20211023T135535_20211023T135835_20240527T095538_0179_058_224_2160_MAR_R_NT_004.SEN3
76b190f2-492e-3375-90f9-078634e79f33,S3B_OL_1_EFR____20240621T135610_20240621T135910_20240921T181656_0179_094_224_2160_MAR_R_NT_004.SEN3
50bf8b0d-8ea9-336c-afd0-59f8a4647c01,S3B_OL_1_EFR____20230706T135559_20230706T135859_20240627T144932_0179_081_224_2160_MAR_R_NT_004.SEN3
aeed19f7-c268-351d-a7a5-7b2d1960b152,S3A_OL_1_EFR____20180501T134613_20180501T134913_20240530T172258_0179_030_338_2160_MAR_R_NT_004.SEN3
47d53ed7-4261-36a3-a76b-324e2e28a03c,S3B_OL_1_EFR____20190621T150536_20190621T150836_20240525T114236_0179_026_353_2340_MAR_R_NT_004.SEN3
ff8d5d72-7eac-48fd-91f5-3d162c0bd186,S3A_OL_1_EFR____20250305T151522_20250305T151822_20250306T155738_0179_123_182_2340_PS1_O_NT_004.SEN3
b9168b80-60a2-36b6-8934-5969e9f5ec6a,S3A_OL_1_EFR____20180702T152244_20180702T152544_20240530T224108_0179_033_068_2340_MAR_R_NT_004.SEN3
b81b72e0-6694-3ef8-bd9d-8f15c4fcf72e,S3A_OL_1_EFR____20211029T151954_20211029T152254_20240604T020840_0179_078_068_2160_MAR_R_NT_004.SEN3
ed832509-0998-32be-9ef4-9f35024bbd36,S3A_OL_1_EFR____20180108T141904_20180108T142204_20240530T075719_0179_026_267_2340_MAR_R_NT_004.SEN3
ebf142f4-5a2d-3746-bb5c-1b95a3e6d56f,S3A_OL_1_EFR____20230815T135727_20230815T140027_20240919T174418_0179_102_167_2160_MAR_R_NT_004.SEN3
a4f4f897-1433-3c4a-829d-f266604f238e,S3B_OL_1_EFR____20220831T154804_20220831T155104_20240524T030403_0180_070_054_2160_MAR_R_NT_004.SEN3
150b990b-2cd8-3009-9b4c-71e5b41eb9df,S3B_OL_1_EFR____20210317T135916_20210317T140216_20240526T220229_0179_050_167_2160_MAR_R_NT_004.SEN3
3aa0e5c7-3c72-3ba1-94d4-bf276be7a806,S3B_OL_1_EFR____20230902T135214_20230902T135514_20240920T230235_0179_083_281_2160_MAR_R_NT_004.SEN3
263ac534-cced-3fb4-b88a-c7df8b6cb00f,S3A_OL_1_EFR____20180709T135726_20180709T140026_20240530T233210_0179_033_167_2160_MAR_R_NT_004.SEN3
d9cfadb2-4cc6-32fe-9884-6129a909debf,S3B_OL_1_EFR____20230412T154333_20230412T154633_20240527T183041_0179_078_168_2340_MAR_R_NT_004.SEN3
0b68656f-bfa9-3bf6-a7af-aa412f06ce98,S3A_OL_1_EFR____20181002T153441_20181002T153741_20240531T072742_0179_036_225_2160_MAR_R_NT_004.SEN3
ba9209f0-ce15-3855-9199-14e0a76424d4,S3A_OL_1_EFR____20230622T135734_20230622T140034_20240628T014107_0179_100_167_2160_MAR_R_NT_004.SEN3
c1f68d48-4302-3993-88ef-9370f74d00e7,S3A_OL_1_EFR____20240314T140117_20240314T140417_20240920T100832_0180_110_110_2160_MAR_R_NT_004.SEN3
a663d755-423a-39ba-8207-0b743e515e1c,S3A_OL_1_EFR____20230329T154521_20230329T154821_20240606T014743_0179_097_111_2340_MAR_R_NT_004.SEN3
264a9789-d977-5190-8dd3-4ebe095fdebc,S3B_OL_1_EFR____20221102T151424_20221102T151724_20221103T085245_0179_072_182_2160_PS2_O_NT_003.SEN3
28c94ae5-9b8d-4991-b28d-7a01469fbf5e,S3B_OL_1_EFR____20250808T153256_20250808T153556_20250809T154613_0179_109_339_2340_ESA_O_NT_004.SEN3
68d19426-e785-3366-9445-bf6199df625f,S3A_OL_1_EFR____20180315T154548_20180315T154848_20240530T134739_0179_029_054_2160_MAR_R_NT_004.SEN3
d556895b-4575-3053-ac85-fde096857f4e,S3A_OL_1_EFR____20240228T153403_20240228T153703_20240920T085928_0179_109_282_2340_MAR_R_NT_004.SEN3
12c61b9d-2afa-30f8-b215-9ad77bebfbf2,S3A_OL_1_EFR____20210108T154515_20210108T154815_20240602T205853_0179_067_111_2340_MAR_R_NT_004.SEN3
b0c909f3-72bf-3159-ae08-8d1f54510fc1,S3B_OL_1_EFR____20180612T153756_20180612T154056_20240620T143530_0180_009_168_2160_MAR_R_NT_004.SEN3
84e39524-d088-3f1e-a46c-1a9842698b3e,S3B_OL_1_EFR____20210614T135154_20210614T135454_20240527T034044_0179_053_281_2160_MAR_R_NT_004.SEN3
cf668a65-3f04-315a-883b-fba5036b4a89,S3B_OL_1_EFR____20240703T152859_20240703T153159_20240921T185402_0179_095_011_2340_MAR_R_NT_004.SEN3
3345ae7a-5cb1-3dd2-899c-df014fb34233,S3A_OL_1_EFR____20210303T154516_20210303T154816_20240603T015952_0179_069_111_2340_MAR_R_NT_004.SEN3
841babb9-3fbc-3294-b77b-9a979b3afd05,S3A_OL_1_EFR____20210909T151907_20210909T152207_20240603T173941_0179_076_125_2340_MAR_R_NT_004.SEN3
de81b5ad-dc35-3fd1-b1bc-efb704ae9e35,S3B_OL_1_EFR____20240405T135216_20240405T135516_20240921T122622_0179_091_281_2160_MAR_R_NT_004.SEN3
ab0d4730-6831-4d63-8b34-a560da02dfa3,S3A_OL_1_EFR____20241208T143025_20241208T143325_20241209T145445_0179_120_096_2340_PS1_O_NT_004.SEN3
48873a46-b5a5-3c72-955f-9f7136e68b6f,S3B_OL_1_EFR____20250524T150253_20250524T150553_20250613T151021_0179_107_025_2340_ESA_O_NT_004.SEN3
45b0da4f-72ec-3905-82c3-c8665acce3b3,S3A_OL_1_EFR____20220706T154138_20220706T154438_20240605T094753_0179_087_168_2340_MAR_R_NT_004.SEN3
005edd55-7a5b-3ad4-95df-6b2b93d14190,S3A_OL_1_EFR____20231031T140117_20231031T140417_20240919T233821_0180_105_110_2160_MAR_R_NT_004.SEN3
74a1e067-6786-3de6-b302-8c54afa861e6,S3A_OL_1_EFR____20210805T152638_20210805T152938_20240603T134731_0179_075_011_2340_MAR_R_NT_004.SEN3
6fcfb156-fc09-3cef-872b-dc33df547271,S3A_OL_1_EFR____20230731T134616_20230731T134916_20240628T043141_0179_101_338_2160_MAR_R_NT_004.SEN3
1b5dee09-691e-3205-9190-8a81362bdafd,S3B_OL_1_EFR____20191222T135136_20191222T135435_20240525T215823_0179_033_281_2160_MAR_R_NT_004.SEN3
d7280da5-c8be-3f42-a2aa-1ee7ff7b6064,S3A_OL_1_EFR____20220922T151608_20220922T151908_20240605T135026_0179_090_125_2160_MAR_R_NT_004.SEN3
ce622130-a1c6-3ffe-b459-7a50065c3896,S3B_OL_1_EFR____20250731T135625_20250731T135925_20250801T143458_0179_109_224_2160_ESA_O_NT_004.SEN3
af503b92-ce42-3ad5-a331-219009666812,S3B_OL_1_EFR____20220809T152107_20220809T152407_20240524T033008_0179_069_125_2340_MAR_R_NT_004.SEN3
f1c44a7a-e0bf-3d9c-8863-c5ca57abbf4f,S3A_OL_1_EFR____20180504T141139_20180504T141439_20240530T172305_0179_030_381_2340_MAR_R_NT_004.SEN3
0155df33-98b4-415d-9bf1-b282b3445b81,S3A_OL_1_EFR____20240829T144609_20240829T144909_20240830T152216_0179_116_196_2160_PS1_O_NT_004.SEN3
088bcfca-5f58-3c22-8517-3027045ad3b9,S3A_OL_1_EFR____20230930T140459_20230930T140759_20240919T223815_0179_104_053_2160_MAR_R_NT_004.SEN3
b6bd7ce0-08cd-3243-90ee-202c8ae192b6,S3B_OL_1_EFR____20240104T152113_20240104T152413_20240921T070245_0179_088_125_2340_MAR_R_NT_004.SEN3
c6a7590d-17e3-37fb-acfb-abbb19a66d97,S3B_OL_1_EFR____20240416T154815_20240416T155115_20240921T135436_0179_092_054_2160_MAR_R_NT_004.SEN3
358c6fc1-f4f0-3d8a-bc2b-336a5fcea9b5,S3A_OL_1_EFR____20240105T153102_20240105T153402_20240920T054719_0179_107_282_2160_MAR_R_NT_004.SEN3
22efe05b-84d5-3c12-bd19-715a970a2e13,S3A_OL_1_EFR____20191009T145251_20191009T145551_20240601T092250_0179_050_139_2340_MAR_R_NT_004.SEN3
7c5e9e37-7c15-33dc-8bf8-33fd378b5e27,S3A_OL_1_EFR____20201123T153444_20201123T153744_20240602T172724_0179_065_225_2160_MAR_R_NT_004.SEN3
eb23c5c8-0235-31bc-8d68-99012f164c76,S3B_OL_1_EFR____20210212T145819_20210212T150119_20240526T215831_0179_049_082_2340_MAR_R_NT_004.SEN3
a5aa30ec-57a5-3459-9f25-d70ae5dae96e,S3B_OL_1_EFR____20190105T135133_20190105T135433_20240525T054322_0179_020_281_2160_MAR_R_NT_004.SEN3
48102fd4-f3d1-3cfb-b157-4da10bcbc79c,S3B_OL_1_EFR____20220721T151340_20220721T151640_20240524T023157_0179_068_239_2340_MAR_R_NT_004.SEN3
1c469aea-6792-3bae-bede-ff3bf64a9b69,S3A_OL_1_EFR____20210623T140040_20210623T140340_20240603T101152_0179_073_167_2340_MAR_R_NT_004.SEN3
aa0c1ad1-3300-3571-9990-dc9ef3c0bc76,S3B_OL_1_EFR____20190408T152426_20190408T152726_20240525T095712_0179_024_068_2340_MAR_R_NT_004.SEN3
8a32c7f0-5676-3c1c-959a-a7d87bbbdf34,S3B_OL_1_EFR____20220315T134807_20220315T135107_20240523T183957_0179_063_338_2160_MAR_R_NT_004.SEN3
c370ca81-87e4-3ab0-ad5b-0f7152d90c2a,S3A_OL_1_EFR____20221225T143840_20221225T144140_20240605T184517_0179_093_310_2160_MAR_R_NT_004.SEN3
c0e0acab-bfec-3bdb-a168-23707b5e7d1b,S3A_OL_1_EFR____20220102T135652_20220102T135952_20240604T072144_0179_080_224_2340_MAR_R_NT_004.SEN3
e2c0df2c-871e-31cc-a110-c1696dce9dbe,S3B_OL_1_EFR____20221021T152834_20221021T153134_20240524T075422_0179_072_011_2340_MAR_R_NT_004.SEN3
08bf7875-788b-32c4-9a49-d2c977e59ae4,S3A_OL_1_EFR____20210323T152633_20210323T152933_20240603T023905_0179_070_011_2340_MAR_R_NT_004.SEN3
92e52c05-6167-3c37-be21-3cf0a76ee6c9,S3A_OL_1_EFR____20220602T151957_20220602T152257_20240605T052823_0179_086_068_2160_MAR_R_NT_004.SEN3
87cbdc5f-0c1c-31d9-9fd3-a402efe1bc6b,S3B_OL_1_EFR____20200620T140215_20200620T140515_20240526T070021_0179_040_167_2340_MAR_R_NT_004.SEN3
8c3ede14-8632-31b0-821c-cd2dd1b8a9fe,S3B_OL_1_EFR____20200614T145520_20200614T145820_20240526T095702_0179_040_082_2160_MAR_R_NT_004.SEN3
cc1e8b7b-60cd-3a0a-971e-5717d60526df,S3B_OL_1_EFR____20230115T145537_20230115T145837_20240527T113629_0180_075_082_2160_MAR_R_NT_004.SEN3
0d33d310-7913-434a-9628-7a785ab20872,S3B_OL_1_EFR____20241011T135224_20241011T135524_20241011T220700_0179_098_281_2160_PS2_O_NT_004.SEN3
5ab7e0ec-f7ea-3224-837e-b9487a9ddd8d,S3A_OL_1_EFR____20240515T135654_20240515T135954_20240920T165052_0179_112_224_2340_MAR_R_NT_004.SEN3
267a680b-fb81-3d73-8dc8-e7e91f6bab99,S3B_OL_1_EFR____20190913T152505_20190913T152805_20240525T164651_0180_030_011_2160_MAR_R_NT_004.SEN3
bb751326-ac9e-36cf-8a7c-11c45ba613e3,S3A_OL_1_EFR____20211202T154134_20211202T154434_20240604T060959_0179_079_168_2340_MAR_R_NT_004.SEN3
66132440-4da4-3394-9ef3-6c48c190ddf5,S3A_OL_1_EFR____20221223T135002_20221223T135302_20240605T184253_0179_093_281_2160_MAR_R_NT_004.SEN3
87c50815-fe81-3c93-a6b2-21097509fe77,S3A_OL_1_EFR____20230818T142253_20230818T142553_20240919T164128_0180_102_210_2340_MAR_R_NT_004.SEN3
75ead4f4-c055-3614-8c7b-97ccd90fa37a,S3B_OL_1_EFR____20190224T153619_20190224T153919_20240525T065653_0179_022_225_2160_MAR_R_NT_004.SEN3
2dc41792-8bc0-3e43-b5d0-bb47ba08237a,S3A_OL_1_EFR____20210216T135005_20210216T135305_20240603T000314_0179_068_281_2160_MAR_R_NT_004.SEN3
38b318db-c004-34ef-bdb1-4722b0cf6394,S3B_OL_1_EFR____20230728T142854_20230728T143154_20240627T173358_0179_082_153_2340_MAR_R_NT_004.SEN3
8c8ddf54-0eab-38b0-86bc-a953f24bc8a6,S3B_OL_1_EFR____20191126T150924_20191126T151224_20240526T005358_0179_032_296_2340_MAR_R_NT_004.SEN3
e26afe5a-2763-3b53-a643-ebe6a018f293,S3A_OL_1_EFR____20180810T151126_20180810T151426_20240531T031046_0179_034_239_2340_MAR_R_NT_004.SEN3
9e2a3678-a3dd-3a2e-8f63-9fc918dd4ca4,S3A_OL_1_EFR____20191204T140024_20191204T140324_20240601T145252_0179_052_167_2340_MAR_R_NT_004.SEN3
71adc02b-c090-4b74-a09c-0f9ede7f800f,S3A_OL_1_EFR____20250605T134929_20250605T135229_20250606T143321_0180_126_338_2340_PS1_O_NT_004.SEN3
279ab6f5-e4ce-3772-9aa2-63f3695f5445,S3A_OL_1_EFR____20210813T151908_20210813T152208_20240603T143646_0179_075_125_2340_MAR_R_NT_004.SEN3
ba55c5ff-16b8-3522-87c7-1da677454924,S3A_OL_1_EFR____20210220T134620_20210220T134920_20240603T013550_0179_068_338_2160_MAR_R_NT_004.SEN3
22756d64-a2eb-30e9-9edc-3c2e4691dadd,S3A_OL_1_EFR____20180805T135723_20180805T140023_20240531T023932_0179_034_167_2160_MAR_R_NT_004.SEN3
30a26b30-4e17-3533-88d1-de1202c1d1fe,S3B_OL_1_EFR____20220705T152835_20220705T153135_20240524T014851_0179_068_011_2340_MAR_R_NT_004.SEN3
d804e260-3bf7-3bbe-adfc-51ab9d0db740,S3B_OL_1_EFR____20200516T140939_20200516T141239_20240526T064633_0179_039_053_2340_MAR_R_NT_004.SEN3
16114840-7381-3981-b2fa-b477c090b339,S3A_OL_1_EFR____20240102T151136_20240102T151436_20240920T035300_0179_107_239_2340_MAR_R_NT_004.SEN3
2bf2c5b3-3f44-39d2-8081-4a8f36760cc0,S3A_OL_1_EFR____20180316T151937_20180316T152237_20240530T135020_0179_029_068_2160_MAR_R_NT_004.SEN3
4db0ed05-5b79-34ab-ba29-6dd9f3e901b2,S3A_OL_1_EFR____20180828T154504_20180828T154804_20240531T043959_0179_035_111_2340_MAR_R_NT_004.SEN3
dd86d50a-092d-3bf8-8b5c-a31f11d0b5c2,S3B_OL_1_EFR____20210224T144707_20210224T145007_20240526T220548_0179_049_253_2340_MAR_R_NT_004.SEN3
c6bb102e-0bd5-3ae9-9cd1-dd940d95c3b1,S3B_OL_1_EFR____20200817T135531_20200817T135831_20240526T132819_0179_042_224_2160_MAR_R_NT_004.SEN3
4038e430-ed83-384d-8645-d6009c3d2cf5,S3B_OL_1_EFR____20201129T135917_20201129T140217_20240526T153427_0179_046_167_2160_MAR_R_NT_004.SEN3
0170c4f9-d4c7-370c-ab88-9700d762e407,S3A_OL_1_EFR____20180220T140108_20180220T140408_20240530T104915_0179_028_110_2160_MAR_R_NT_004.SEN3
2a90b67b-564e-3fd4-944a-a6cc4bc4dd09,S3A_OL_1_EFR____20190107T152241_20190107T152541_20240531T141141_0179_040_068_2340_MAR_R_NT_004.SEN3
ba69e2e4-9e21-3e1b-9f91-bf7420ecef23,S3B_OL_1_EFR____20210511T151706_20210511T152006_20240527T014205_0179_052_182_2340_MAR_R_NT_004.SEN3
2ed69cf2-2f1c-4d55-8a04-f1780ef3382b,S3A_OL_1_EFR____20250320T152336_20250320T152636_20250321T161451_0180_124_011_2160_PS1_O_NT_004.SEN3
5b2f9459-88ad-3b1a-8d76-ac9efae1fc90,S3B_OL_1_EFR____20210325T135147_20210325T135447_20240527T005634_0179_050_281_2160_MAR_R_NT_004.SEN3
dfc555b9-5dcc-3515-956e-ea05010edafe,S3B_OL_1_EFR____20240320T154811_20240320T155111_20240921T115648_0179_091_054_2160_MAR_R_NT_004.SEN3
8990e9e8-1580-448c-b3e2-c21cbad09bca,S3B_OL_1_EFR____20240912T144448_20240912T144748_20240912T234054_0179_097_253_2160_PS2_O_NT_004.SEN3
0644b5e0-742d-393b-a056-22fdd12c87c5,S3A_OL_1_EFR____20231210T150748_20231210T151048_20240920T015459_0179_106_296_2340_MAR_R_NT_004.SEN3
8e00b732-f80b-33d8-84f9-e64e596ac167,S3B_OL_1_EFR____20250520T150637_20250520T150937_20250521T160547_0179_106_353_2340_ESA_O_NT_004.SEN3
8e0e1080-6d2a-3437-83ba-43e130b07453,S3A_OL_1_EFR____20220203T150800_20220203T151100_20240604T214456_0179_081_296_2340_MAR_R_NT_004.SEN3
93df8e36-de31-478d-b5d1-defb7a18c68d,S3A_OL_1_EFR____20250729T134929_20250729T135229_20250730T143801_0179_128_338_2340_PS1_O_NT_004.SEN3
a0680111-02e6-3062-a3df-70bf16a50ded,S3B_OL_1_EFR____20200525T151359_20200525T151659_20240526T081849_0180_039_182_2160_MAR_R_NT_004.SEN3
93941634-d0bd-3f91-a01c-78b368a4df68,S3A_OL_1_EFR____20221227T134618_20221227T134918_20240605T190427_0180_093_338_2160_MAR_R_NT_004.SEN3
1b1a0e4b-2617-3665-98f0-8299e0f18727,S3B_OL_1_EFR____20211019T154018_20211019T154318_20240527T100407_0179_058_168_2160_MAR_R_NT_004.SEN3
ec3eb79e-ac48-384f-9f03-4c17888805fe,S3A_OL_1_EFR____20190914T140027_20190914T140327_20240601T081546_0179_049_167_2340_MAR_R_NT_004.SEN3
5d8db55e-700e-312b-8194-ffe4cb938cfe,S3B_OL_1_EFR____20190601T134321_20190601T134621_20240525T125613_0179_026_067_2340_MAR_R_NT_004.SEN3
0db180da-12c4-37ea-9d6a-f1c124fa5bc6,S3A_OL_1_EFR____20210105T151948_20210105T152248_20240602T213220_0179_067_068_2160_MAR_R_NT_004.SEN3
ccc136f8-ac52-30bd-9a36-ae53807c8d4c,S3B_OL_1_EFR____20230706T135859_20230706T140159_20240627T144948_0179_081_224_2340_MAR_R_NT_004.SEN3
d0c5e6fe-62a5-37b5-bce2-4837e160355d,S3B_OL_1_EFR____20250412T145133_20250412T145433_20250413T150315_0179_105_196_2340_ESA_O_NT_004.SEN3
20414a40-9e4b-3ab6-b2f1-31c54d08f239,S3A_OL_1_EFR____20200907T135001_20200907T135301_20240602T111025_0179_062_281_2160_MAR_R_NT_004.SEN3
5350ded9-4f90-3c97-9281-7f35e8e2b5fe,S3A_OL_1_EFR____20221213T144953_20221213T145253_20240605T184028_0179_093_139_2160_MAR_R_NT_004.SEN3
e5f82687-8733-307d-bf0a-42fc95610a42,S3A_OL_1_EFR____20210706T150415_20210706T150715_20240603T113915_0179_073_353_2340_MAR_R_NT_004.SEN3
8b85fa99-e552-3385-9bb0-aaa10a781b67,S3A_OL_1_EFR____20240415T151526_20240415T151826_20240920T115449_0179_111_182_2340_MAR_R_NT_004.SEN3
ad523ceb-abbc-4470-a22c-5ecc0d002bef,S3B_OL_1_EFR____20250923T135925_20250923T140225_20250924T150500_0179_111_224_2340_ESA_O_NT_004.SEN3
ea61e2d0-b7a9-300d-8cec-521f97c18e04,S3B_OL_1_EFR____20201029T154659_20201029T154959_20240526T140719_0179_045_111_2340_MAR_R_NT_004.SEN3
cd4bcdfc-0d42-3a58-b774-c06df7e04ed8,S3B_OL_1_EFR____20180901T153749_20180901T154049_20240620T215614_0179_012_168_2160_MAR_R_NT_004.SEN3
78efe04d-262a-38a4-bd32-229341cda6e8,S3A_OL_1_EFR____20210601T151142_20210601T151442_20240603T094252_0179_072_239_2340_MAR_R_NT_004.SEN3
3c7cc2b7-c513-42db-8dc2-86791cd259e9,S3A_OL_1_EFR____20250217T134923_20250217T135223_20250218T143207_0179_122_338_2340_PS1_O_NT_004.SEN3
d03ceed4-4d59-36bf-b174-24478ddcdf4f,S3A_OL_1_EFR____20200506T154603_20200506T154903_20240602T023313_0179_058_054_2160_MAR_R_NT_004.SEN3
456ba2ca-b097-30d0-986b-42def572bf71,S3B_OL_1_EFR____20240212T151004_20240212T151304_20240921T085254_0179_089_296_2340_MAR_R_NT_004.SEN3
c3a745af-cb7d-3836-9014-3ca5dd746699,S3A_OL_1_EFR____20180105T153737_20180105T154037_20240530T074509_0179_026_225_2340_MAR_R_NT_004.SEN3
e539d9be-ad71-3bb7-af97-b8c91304aa02,S3A_OL_1_EFR____20220217T154223_20220217T154523_20240604T225831_0179_082_111_2160_MAR_R_NT_004.SEN3
d8cdc444-c82b-309c-bb5f-e4f23e36109f,S3B_OL_1_EFR____20181204T142126_20181204T142426_20240621T083528_0179_019_210_2160_MAR_R_NT_004.SEN3
3e2c00ee-6d0a-33fa-892f-f621287b0b64,S3A_OL_1_EFR____20210728T153408_20210728T153708_20240603T131402_0180_074_282_2340_MAR_R_NT_004.SEN3
b16a3639-5eb2-3662-be39-38d4a2dc6cd5,S3B_OL_1_EFR____20230525T134442_20230525T134742_20240527T214800_0179_080_010_2160_MAR_R_NT_004.SEN3
79effe8c-6f41-3cc9-a0ce-4c1a42a0a82e,S3B_OL_1_EFR____20250515T135531_20250515T135831_20250516T143214_0180_106_281_2340_ESA_O_NT_004.SEN3
19aecc47-4e24-36a9-ad22-28dc3a114f81,S3A_OL_1_EFR____20230211T135650_20230211T135950_20240605T225113_0179_095_224_2340_MAR_R_NT_004.SEN3
2d4baa76-d987-3333-94d2-077775fd051e,S3B_OL_1_EFR____20180528T134215_20180528T134515_20240620T105658_0179_005_010_2160_MAR_R_NT_004.SEN3
44f7a2da-5dd2-3cf0-94a4-5b24886754d8,S3A_OL_1_EFR____20190916T144905_20190916T145205_20240601T071419_0179_049_196_2340_MAR_R_NT_004.SEN3
e7834717-023f-33de-877b-d85124d566f7,S3B_OL_1_EFR____20230221T135850_20230221T140150_20240527T183157_0179_076_224_2340_MAR_R_NT_004.SEN3
0575087b-1611-3783-965b-53e3c976b4f7,S3A_OL_1_EFR____20201226T144137_20201226T144437_20240602T193552_0179_066_310_2340_MAR_R_NT_004.SEN3
6c926a5f-d6ce-33bc-b744-8390ddcc76c7,S3A_OL_1_EFR____20190102T154935_20190102T155235_20240531T125938_0179_039_382_2160_MAR_R_NT_004.SEN3
69375a3d-6717-478d-91ac-f446072bf516,S3A_OL_1_EFR____20250308T153448_20250308T153748_20250309T161924_0179_123_225_2160_PS1_O_NT_004.SEN3
55d173f8-58de-3695-8fc1-68e0886dbfd8,S3B_OL_1_EFR____20250419T151015_20250419T151315_20250420T150734_0179_105_296_2340_ESA_O_NT_004.SEN3
7a4ec522-1098-3790-a639-ac25cddb6a32,S3A_OL_1_EFR____20181230T152708_20181230T153008_20240531T132826_0179_039_339_2160_MAR_R_NT_004.SEN3
629c4313-cc29-3979-b559-a36a0ce82a73,S3B_OL_1_EFR____20230505T140322_20230505T140622_20240527T183229_0179_079_110_2160_MAR_R_NT_004.SEN3
d38ce1f4-18cd-3350-9b60-f9bbd8182788,S3A_OL_1_EFR____20220529T152642_20220529T152942_20240605T060506_0179_086_011_2340_MAR_R_NT_004.SEN3
10bcc229-ef23-305e-8b9d-a7bd70750428,S3B_OL_1_EFR____20240521T154051_20240521T154351_20240921T153634_0179_093_168_2160_MAR_R_NT_004.SEN3
4994e7f6-d35d-3a9c-9001-7637a6cad80f,S3A_OL_1_EFR____20210920T135307_20210920T135607_20240603T173120_0179_076_281_2340_MAR_R_NT_004.SEN3
87196179-f073-3b4b-ad9b-fe4e3ca7f056,S3B_OL_1_EFR____20240328T135942_20240328T140242_20240921T132509_0179_091_167_2160_MAR_R_NT_004.SEN3
8c1b1abf-a3f4-30ac-832e-8e02b3de325a,S3A_OL_1_EFR____20210112T153831_20210112T154131_20240602T221950_0179_067_168_2160_MAR_R_NT_004.SEN3
a52e8ba6-cc5c-3613-899b-1f98c7e30e3f,S3A_OL_1_EFR____20240717T150411_20240717T150711_20240920T194318_0179_114_353_2340_MAR_R_NT_004.SEN3
57a2e9a5-649c-34e9-8ba1-095f7215124c,S3A_OL_1_EFR____20210608T152725_20210608T153025_20240603T094317_0179_072_339_2160_MAR_R_NT_004.SEN3
98fe1563-cac3-30d0-9c16-879b72c6b8eb,S3A_OL_1_EFR____20200429T152720_20200429T153020_20240602T015001_0179_057_339_2160_MAR_R_NT_004.SEN3
f3a9124e-ab75-3737-9421-1726e53cc441,S3A_OL_1_EFR____20191019T135300_20191019T135600_20240601T102504_0179_050_281_2340_MAR_R_NT_004.SEN3
9d336c07-776d-408f-91d8-52ab6cf96571,S3B_OL_1_EFR____20250911T140737_20250911T141037_20250912T144311_0179_111_053_2160_ESA_O_NT_004.SEN3
1a806412-e922-37be-843c-4f3723806371,S3B_OL_1_EFR____20230609T135556_20230609T135856_20240627T185513_0180_080_224_2160_MAR_R_NT_004.SEN3
ad22e0b0-d160-3af4-9e60-a6192bf0358d,S3A_OL_1_EFR____20240303T134619_20240303T134919_20240920T091248_0179_109_338_2160_MAR_R_NT_004.SEN3
c56939c2-aa85-3454-8958-31b0a7f987c9,S3B_OL_1_EFR____20190606T145424_20190606T145724_20240525T125846_0180_026_139_2340_MAR_R_NT_004.SEN3
984215b9-aafd-33cd-aeea-c6248337efbc,S3A_OL_1_EFR____20190107T151941_20190107T152241_20240531T141116_0179_040_068_2160_MAR_R_NT_004.SEN3
eb8152f4-b740-3229-b320-4043cde5081f,S3B_OL_1_EFR____20230628T154425_20230628T154725_20240627T190635_0179_081_111_2160_MAR_R_NT_004.SEN3
dbbbe7fa-fd32-3518-9546-e4bfe37e930a,S3A_OL_1_EFR____20200310T134528_20200310T134828_20240601T213731_0180_056_010_2340_MAR_R_NT_004.SEN3
a88c0103-fadb-397a-903e-397c3057998e,S3A_OL_1_EFR____20190409T135644_20190409T135944_20240531T193401_0179_043_224_2340_MAR_R_NT_004.SEN3
1ef3bbf9-04f8-38bd-9796-618b4255cd7b,S3A_OL_1_EFR____20191205T151212_20191205T151512_20240601T142520_0179_052_182_2160_MAR_R_NT_004.SEN3
af0d503a-169c-42f7-8eac-53d5eb411a80,S3B_OL_1_EFR____20241001T145214_20241001T145514_20241001T232934_0180_098_139_2160_PS2_O_NT_004.SEN3
c72ac4e8-9a10-3c0f-8553-dac6f28e452e,S3B_OL_1_EFR____20210214T140258_20210214T140558_20240526T220359_0180_049_110_2160_MAR_R_NT_004.SEN3
b6097869-32f9-422f-ad59-55569339f556,S3A_OL_1_EFR____20251017T155339_20251017T155639_20251018T165313_0179_131_325_2160_PS1_O_NT_004.SEN3
80bcb47a-82c8-3103-8153-0becbbc125c8,S3B_OL_1_EFR____20180620T134928_20180620T135228_20240620T151450_0179_009_281_2160_MAR_R_NT_004.SEN3
534eace4-77fe-3fa1-a705-bf32fbcd3ed8,S3A_OL_1_EFR____20230511T153024_20230511T153324_20240606T044955_0179_098_339_2340_MAR_R_NT_004.SEN3
449bd823-dd42-3a19-a07a-3ba616c0bf42,S3B_OL_1_EFR____20180626T143721_20180626T144021_20240620T142300_0179_009_367_2340_MAR_R_NT_004.SEN3
a5fb7358-15cb-3838-9957-7396459ae4b6,S3A_OL_1_EFR____20191001T145719_20191001T150019_20240601T090157_0179_050_025_2160_MAR_R_NT_004.SEN3
eb5368c7-5feb-47ff-8632-ed83882336fc,S3A_OL_1_EFR____20240804T135350_20240804T135650_20240805T141856_0179_115_224_2160_PS1_O_NT_004.SEN3
1c70fa17-8dba-3495-b06c-4789e0a3abaa,S3B_OL_1_EFR____20180515T134056_20180515T134356_20240620T130133_0179_003_138_2160_MAR_R_NT_004.SEN3
390f60d6-d527-3dc6-9c96-4ae6e787cda0,S3B_OL_1_EFR____20210722T140654_20210722T140954_20240527T032317_0179_055_053_2160_MAR_R_NT_004.SEN3
36f022bf-4b0e-33e0-a155-b974ddcb52f9,S3A_OL_1_EFR____20190828T143833_20190828T144133_20240601T060111_0179_048_310_2160_MAR_R_NT_004.SEN3
f458ee97-6ad8-3b06-9caf-656bcb48cdd1,S3B_OL_1_EFR____20240216T150620_20240216T150920_20240921T100639_0179_089_353_2340_MAR_R_NT_004.SEN3
a4b02124-d89b-48b6-b644-7c8678b87663,S3B_OL_1_EFR____20251129T150003_20251129T150303_20251130T153820_0179_114_025_2160_ESA_O_NT_004.SEN3
c92e0ddd-d905-3c8c-a04b-769108f71484,S3A_OL_1_EFR____20220309T152338_20220309T152638_20240604T233551_0179_083_011_2160_MAR_R_NT_004.SEN3
dca14bd0-30d2-3f5a-8fbd-83b261a021f0,S3A_OL_1_EFR____20231124T151945_20231124T152245_20240920T005649_0179_106_068_2160_MAR_R_NT_004.SEN3
6a672b8d-f2cd-3414-b1ba-9efab5f9e0da,S3A_OL_1_EFR____20181025T154126_20181025T154426_20240531T090317_0179_037_168_2340_MAR_R_NT_004.SEN3
94e57130-781a-3149-8fb1-f678502c9383,S3A_OL_1_EFR____20221003T135306_20221003T135606_20240605T142343_0179_090_281_2340_MAR_R_NT_004.SEN3
b7824eee-b563-388a-892c-6474f0b2c360,S3A_OL_1_EFR____20200911T152716_20200911T153016_20240602T111802_0179_062_339_2160_MAR_R_NT_004.SEN3
254e9051-3dad-30d8-aa07-b8f4203818f7,S3A_OL_1_EFR____20180917T152325_20180917T152625_20240531T053731_0179_036_011_2160_MAR_R_NT_004.SEN3
32bd8bcb-8307-3684-b93e-e4dcab1d186a,S3A_OL_1_EFR____20200209T150403_20200209T150703_20240601T202025_0179_054_353_2340_MAR_R_NT_004.SEN3
571012ee-6a79-38f6-be8a-6016e0bda5a8,S3A_OL_1_EFR____20210527T153838_20210527T154138_20240603T074831_0179_072_168_2160_MAR_R_NT_004.SEN3
fd118756-923d-3191-b25d-44f3c0909625,S3B_OL_1_EFR____20250227T135142_20250227T135442_20250228T150442_0180_103_338_2160_ESA_O_NT_004.SEN3
655558a0-3c5f-34c5-a09e-808ae445a595,S3A_OL_1_EFR____20180323T154121_20180323T154421_20240530T135322_0179_029_168_2340_MAR_R_NT_004.SEN3
ed3c1ec4-2d1d-35ac-a7d9-b62dc61f63da,S3A_OL_1_EFR____20180710T151514_20180710T151814_20240531T001755_0179_033_182_2340_MAR_R_NT_004.SEN3
fb297c38-f308-311d-9bf3-3a01f7c88c9b,S3A_OL_1_EFR____20240720T134538_20240720T134838_20240920T184312_0179_115_010_2340_MAR_R_NT_004.SEN3
8002d12d-6e93-34bb-b941-442c11774a7e,S3B_OL_1_EFR____20250329T155208_20250329T155508_20250330T164332_0179_104_382_2160_ESA_O_NT_004.SEN3
1d5aa3c1-4a3b-3844-95bd-68524c0c1705,S3A_OL_1_EFR____20230303T151605_20230303T151905_20240606T001823_0180_096_125_2160_MAR_R_NT_004.SEN3
733e0459-8a45-3fd2-b90e-91443a84efa5,S3A_OL_1_EFR____20180616T135343_20180616T135643_20240530T221808_0179_032_224_2160_MAR_R_NT_004.SEN3
82e6acaa-0028-3b62-910e-343fc78b75e2,S3A_OL_1_EFR____20240303T134919_20240303T135219_20240920T091308_0179_109_338_2340_MAR_R_NT_004.SEN3
f425fa23-8027-3336-bed3-f4e58bccf299,S3B_OL_1_EFR____20191113T140248_20191113T140548_20240525T210721_0180_032_110_2160_MAR_R_NT_004.SEN3
71675662-1606-33a4-b8c9-11756e6412d6,S3A_OL_1_EFR____20180312T134222_20180312T134522_20240530T134543_0179_029_010_2160_MAR_R_NT_004.SEN3
a11d2992-4044-3746-a1da-9ca36d8123df,S3B_OL_1_EFR____20200414T143931_20200414T144231_20240526T045559_0179_037_367_2340_MAR_R_NT_004.SEN3
da1bdb22-a853-3806-93ed-eda7e140b250,S3B_OL_1_EFR____20190729T152037_20190729T152337_20240525T145407_0179_028_125_2340_MAR_R_NT_004.SEN3
fdf1f061-2860-3c42-9043-06ff098abf8a,S3B_OL_1_EFR____20180913T134539_20180913T134839_20240621T005051_0179_012_338_2160_MAR_R_NT_004.SEN3
3b2e9929-935b-350b-98e1-7bfb4b47d653,S3A_OL_1_EFR____20220722T152337_20220722T152637_20240605T104224_0179_088_011_2160_MAR_R_NT_004.SEN3
a9e0e470-7387-39d9-9409-f4cd0d007c61,S3B_OL_1_EFR____20240510T152853_20240510T153153_20240921T143532_0179_093_011_2340_MAR_R_NT_004.SEN3
1f3d8612-d252-3ab2-b3ac-2d2547ed0b19,S3A_OL_1_EFR____20220729T154519_20220729T154819_20240605T105109_0179_088_111_2340_MAR_R_NT_004.SEN3
be6487f5-294d-302f-9dae-fc3d5108f873,S3A_OL_1_EFR____20180724T154937_20180724T155237_20240531T013352_0179_033_382_2160_MAR_R_NT_004.SEN3
ec71f46e-146f-344e-8e30-7b6bfeadb0d6,S3B_OL_1_EFR____20190124T140203_20190124T140503_20240525T065601_0179_021_167_2340_MAR_R_NT_004.SEN3
6fbbd90f-50ec-3460-8379-eb06bf682e4b,S3B_OL_1_EFR____20230628T154725_20230628T155025_20240627T190655_0179_081_111_2340_MAR_R_NT_004.SEN3
8fa88591-5491-346d-8378-345ae5530726,S3B_OL_1_EFR____20190813T152850_20190813T153150_20240525T174948_0179_028_339_2160_MAR_R_NT_004.SEN3
1641eda1-3636-3a5b-af7c-e6e755d508c9,S3A_OL_1_EFR____20200131T135643_20200131T135943_20240601T182837_0180_054_224_2340_MAR_R_NT_004.SEN3
e03d1b7e-9814-3a00-80d7-d47557c76bad,S3A_OL_1_EFR____20191229T145248_20191229T145548_20240601T162445_0179_053_139_2340_MAR_R_NT_004.SEN3
3f5decc0-7d4e-3638-86e2-6bafc6c751d2,S3A_OL_1_EFR____20180713T135341_20180713T135641_20240531T003503_0180_033_224_2160_MAR_R_NT_004.SEN3
13314568-bb8f-3e73-bd60-fe4bca4e83dd,S3B_OL_1_EFR____20200118T153533_20200118T153833_20240526T040952_0179_034_282_2340_MAR_R_NT_004.SEN3
d111196e-573d-3304-871e-ffbb4cbbf76a,S3B_OL_1_EFR____20250314T135957_20250314T140257_20250315T135944_0179_104_167_2160_ESA_O_NT_004.SEN3
27b23199-b3c6-30ca-90b6-97f31f86284e,S3B_OL_1_EFR____20211019T140219_20211019T140519_20240527T085439_0179_058_167_2340_MAR_R_NT_004.SEN3
fe9cc863-61af-3f48-89f5-f3b240dbaa64,S3A_OL_1_EFR____20181018T151944_20181018T152244_20240531T083241_0179_037_068_2160_MAR_R_NT_004.SEN3
501d4d81-d9b4-33ae-91e4-7b62b6d36d8b,S3A_OL_1_EFR____20220717T141534_20220717T141834_20240605T102926_0179_087_324_2340_MAR_R_NT_004.SEN3
59246d56-105e-30e5-ab2e-8a8a088765ac,S3B_OL_1_EFR____20240220T150236_20240220T150536_20240921T110645_0179_090_025_2340_MAR_R_NT_004.SEN3
80e3713f-7a46-4130-8627-1f035ac7232c,S3A_OL_1_EFR____20250609T152642_20250609T152942_20250610T161805_0179_127_011_2340_PS1_O_NT_004.SEN3
4eec6cfb-697a-386c-a182-f72d0f98047b,S3A_OL_1_EFR____20180327T135338_20180327T135638_20240530T135904_0179_029_224_2160_MAR_R_NT_004.SEN3
35aa71db-3869-34d9-a00f-abe4edadde39,S3B_OL_1_EFR____20220612T152150_20220612T152450_20240524T003849_0179_067_068_2160_MAR_R_NT_004.SEN3
4a3bc24a-22ee-3990-a4d7-66fda0230509,S3B_OL_1_EFR____20180528T152623_20180528T152923_20240620T113751_0179_005_011_2340_MAR_R_NT_004.SEN3
139f774d-506e-3302-96e5-6de6d995cb48,S3B_OL_1_EFR____20220414T155135_20220414T155435_20240523T201914_0179_064_382_2160_MAR_R_NT_004.SEN3
f5f5cff4-5b65-3578-bfa6-708d563bd841,S3B_OL_1_EFR____20211120T151026_20211120T151326_20240527T105704_0179_059_239_2160_MAR_R_NT_004.SEN3
528ac4d8-8ff3-362b-8853-3f500c29deca,S3A_OL_1_EFR____20240205T153020_20240205T153320_20240920T070502_0179_108_339_2340_MAR_R_NT_004.SEN3
02151593-5cab-419e-acb1-8a8de1713de9,S3A_OL_1_EFR____20250818T150844_20250818T151144_20250819T160810_0179_129_239_2160_PS1_O_NT_004.SEN3
84618ef7-c2c7-33ec-bd3b-eb55c7eef4f6,S3B_OL_1_EFR____20250407T152129_20250407T152429_20250408T161906_0180_105_125_2340_ESA_O_NT_004.SEN3
80fc2cf2-1dd1-3fad-a2e5-f0d05a1d8d39,S3B_OL_1_EFR____20181109T134407_20181109T134707_20240621T065740_0179_016_381_2160_MAR_R_NT_004.SEN3
6dbb0a94-1d2f-32de-a9f9-4836dec74476,S3B_OL_1_EFR____20200729T153201_20200729T153501_20240526T100325_0179_041_339_2340_MAR_R_NT_004.SEN3
6ad46b24-fc0b-4931-b9a6-1bec1657484c,S3A_OL_1_EFR____20250404T153752_20250404T154052_20250405T162735_0179_124_225_2340_PS1_O_NT_004.SEN3
699d2ccd-2fc6-499c-9fda-879ba536fcdb,S3A_OL_1_EFR____20250505T153112_20250505T153412_20250506T161723_0179_125_282_2160_PS1_O_NT_004.SEN3
8848a0a2-9ca1-38d0-9d20-2123c93ed5df,S3B_OL_1_EFR____20240605T155208_20240605T155508_20240921T180113_0179_093_382_2160_MAR_R_NT_004.SEN3
596ae86a-4b36-3ce4-916f-d889dfebfe41,S3A_OL_1_EFR____20190413T135300_20190413T135600_20240531T202729_0179_043_281_2340_MAR_R_NT_004.SEN3
56c935d8-4e45-3935-a440-a9bb8fff1510,S3A_OL_1_EFR____20191119T134913_20191119T135213_20240601T133403_0179_051_338_2340_MAR_R_NT_004.SEN3
6fd940c7-d652-3e6e-8382-c1dbc4a559f3,S3B_OL_1_EFR____20240703T134800_20240703T135100_20240921T180153_0179_095_010_2340_MAR_R_NT_004.SEN3
4ce199e3-beed-3896-a18b-bc0a8886fc8f,S3A_OL_1_EFR____20181230T134609_20181230T134909_20240531T124922_0179_039_338_2160_MAR_R_NT_004.SEN3
bda1618b-0ac3-3880-a414-0c7bc935d782,S3A_OL_1_EFR____20230207T140035_20230207T140335_20240605T224825_0179_095_167_2340_MAR_R_NT_004.SEN3
5bd6161f-81a5-3199-8743-8df0bc23b5fd,S3B_OL_1_EFR____20220607T155145_20220607T155445_20240523T223602_0179_066_382_2160_MAR_R_NT_004.SEN3
304aea46-dadf-3e26-abd9-091b7be9adc5,S3B_OL_1_EFR____20220531T135202_20220531T135502_20240523T233124_0179_066_281_2160_MAR_R_NT_004.SEN3
a051304c-a38d-335a-a7a3-576d83c4b32c,S3A_OL_1_EFR____20191226T142721_20191226T143021_20240601T163236_0179_053_096_2160_MAR_R_NT_004.SEN3
0cf5c1ee-85fc-3e07-b25a-0ac3b581395c,S3B_OL_1_EFR____20180523T154432_20180523T154732_20240620T124526_0179_003_253_2340_MAR_R_NT_004.SEN3
f483c8d8-f0b5-3e19-b7de-7c8cd4b3a32e,S3B_OL_1_EFR____20180629T145948_20180629T150248_20240620T161532_0179_010_025_2340_MAR_R_NT_004.SEN3
b2d50fcd-a874-382a-a809-1e9459640d71,S3A_OL_1_EFR____20230104T151950_20230104T152250_20240605T200713_0179_094_068_2160_MAR_R_NT_004.SEN3
43b7d7ae-a3e7-3c39-8a8a-98bd1e13209a,S3A_OL_1_EFR____20240515T153753_20240515T154053_20240920T142502_0179_112_225_2340_MAR_R_NT_004.SEN3
84caadb7-8a83-3695-acf6-fd8bc440effc,S3A_OL_1_EFR____20210319T134917_20210319T135217_20240603T023742_0179_069_338_2340_MAR_R_NT_004.SEN3
718fcbd9-238a-3845-ab13-ae731c2b9d33,S3A_OL_1_EFR____20230414T134926_20230414T135226_20240606T031639_0179_097_338_2340_MAR_R_NT_004.SEN3
57115e32-9adf-3409-97eb-58b825083fe4,S3B_OL_1_EFR____20250430T152514_20250430T152814_20250501T154952_0179_106_068_2340_ESA_O_NT_004.SEN3
59e586ee-83a6-367a-824a-0f9f6ed23cdd,S3B_OL_1_EFR____20221221T154418_20221221T154718_20240524T102610_0179_074_111_2160_MAR_R_NT_004.SEN3
cc7609ba-00eb-3ddb-855a-2ff3540c926b,S3B_OL_1_EFR____20250215T135957_20250215T140257_20250216T144631_0179_103_167_2160_ESA_O_NT_004.SEN3
271d821a-f9fd-39e9-acfd-9a83f9fcc905,S3B_OL_1_EFR____20190423T153539_20190423T153839_20240525T124101_0179_024_282_2340_MAR_R_NT_004.SEN3
867e4d3f-0867-4f91-92be-a4f027efb241,S3A_OL_1_EFR____20240826T142343_20240826T142643_20240827T144512_0179_116_153_2160_PS1_O_NT_004.SEN3
7288e0f7-b42e-3dfe-a665-b42ae69be0e5,S3B_OL_1_EFR____20181116T135631_20181116T135931_20240621T065949_0179_017_096_2340_MAR_R_NT_004.SEN3
1bc67366-8f55-3b58-a6c5-15228d3ee7e5,S3A_OL_1_EFR____20221128T143839_20221128T144139_20240605T170743_0179_092_310_2160_MAR_R_NT_004.SEN3
b8d65920-3adb-3b6a-869c-cc8aec43a315,S3A_OL_1_EFR____20210623T154139_20210623T154439_20240603T104936_0180_073_168_2340_MAR_R_NT_004.SEN3
a983c492-278a-3997-9f26-5f82a6b5ce87,S3A_OL_1_EFR____20200227T135642_20200227T135942_20240601T211911_0179_055_224_2340_MAR_R_NT_004.SEN3
0bd500a1-3e3b-3d4c-82da-2518e4be9fd4,S3A_OL_1_EFR____20190521T154600_20190521T154900_20240531T225839_0179_045_054_2160_MAR_R_NT_004.SEN3
4ef731d3-23e0-3528-807a-35a680c31c35,S3B_OL_1_EFR____20230424T152922_20230424T153222_20240527T182132_0179_078_339_2160_MAR_R_NT_004.SEN3
a069b580-3000-34a0-b353-81987880df29,S3B_OL_1_EFR____20210103T153246_20210103T153546_20240526T170644_0180_047_282_2160_MAR_R_NT_004.SEN3
645621a8-1b74-4621-af96-6524709649fb,S3A_OL_1_EFR____20250331T154135_20250331T154435_20250401T163439_0179_124_168_2340_PS1_O_NT_004.SEN3
bc98aaac-2cee-3a1b-a05a-542770c1b570,S3A_OL_1_EFR____20201108T134234_20201108T134534_20240602T163923_0179_065_010_2160_MAR_R_NT_004.SEN3
7336ae19-3adc-4dd7-b434-1e1f31adff4f,S3B_OL_1_EFR____20250927T153639_20250927T153939_20250928T154056_0179_111_282_2340_ESA_O_NT_004.SEN3
e44264af-cd78-3904-9aa4-2a9ad35165e1,S3A_OL_1_EFR____20200626T134236_20200626T134536_20240602T061934_0179_060_010_2160_MAR_R_NT_004.SEN3
95f3060c-6f84-3a3e-9b03-c9cde732f0b8,S3A_OL_1_EFR____20230929T143410_20230929T143710_20240919T211438_0179_104_039_2340_MAR_R_NT_004.SEN3
e4927e2c-71e6-30f4-a9ac-cde8cd979bd1,S3B_OL_1_EFR____20211115T135922_20211115T140222_20240527T105153_0179_059_167_2160_MAR_R_NT_004.SEN3
29971a7b-ca58-439e-b41d-5c2d5898f644,S3A_OL_1_EFR____20250825T134626_20250825T134926_20250826T144931_0179_129_338_2160_PS1_O_NT_004.SEN3
55def38b-0771-30a6-aa7a-dff0c5165e44,S3A_OL_1_EFR____20240519T153108_20240519T153408_20240920T155446_0179_112_282_2160_MAR_R_NT_004.SEN3
9ff09467-069f-3c8e-bd88-84ba2590636b,S3A_OL_1_EFR____20220730T151608_20220730T151908_20240605T105101_0179_088_125_2160_MAR_R_NT_004.SEN3
4377626d-c483-31f6-8195-dd7aa3791783,S3B_OL_1_EFR____20181007T150414_20181007T150714_20240621T014057_0179_013_296_2160_MAR_R_NT_004.SEN3
fdacd6bc-9a3a-352a-b99c-2f8076945a58,S3B_OL_1_EFR____20250211T154739_20250211T155039_20250212T160408_0179_103_111_2340_ESA_O_NT_004.SEN3
6d9f40e3-a897-39eb-ad63-67270dd9f9a5,S3A_OL_1_EFR____20190421T152632_20190421T152932_20240531T201958_0179_044_011_2340_MAR_R_NT_004.SEN3
a2225e8f-f28c-3c76-a71b-5b9bf08a1f2b,S3B_OL_1_EFR____20230625T152159_20230625T152459_20240627T154500_0179_081_068_2160_MAR_R_NT_004.SEN3
d22c1fd9-238c-3e36-8ee3-96ead456972b,S3A_OL_1_EFR____20200730T140117_20200730T140417_20240602T075031_0179_061_110_2160_MAR_R_NT_004.SEN3
ac0195fb-7f4d-3ec4-a44b-9c2afa7535ce,S3B_OL_1_EFR____20230831T144435_20230831T144735_20240920T230427_0180_083_253_2160_MAR_R_NT_004.SEN3
0ae71e2e-319d-4d9d-bf3a-6b4fc682d711,S3A_OL_1_EFR____20250423T140123_20250423T140423_20250424T145301_0180_125_110_2160_PS1_O_NT_004.SEN3
05adfe8c-e110-34bb-8b3d-3e9faaaca28e,S3A_OL_1_EFR____20210720T153838_20210720T154138_20240603T123450_0180_074_168_2160_MAR_R_NT_004.SEN3
168279c8-adf7-3a6e-b22a-a46f62f15a5b,S3A_OL_1_EFR____20200711T153749_20200711T154049_20240602T063024_0179_060_225_2340_MAR_R_NT_004.SEN3
d11c6bfb-a9bb-3486-b8fd-ff8474a05580,S3B_OL_1_EFR____20211127T134809_20211127T135109_20240527T100607_0179_059_338_2160_MAR_R_NT_004.SEN3
aadf50bc-2006-357f-bbc4-f591052c17bc,S3A_OL_1_EFR____20210101T152632_20210101T152932_20240602T203157_0180_067_011_2340_MAR_R_NT_004.SEN3
b8a6490f-5c0a-31c5-95f3-89784a457082,S3B_OL_1_EFR____20230126T151035_20230126T151335_20240527T131137_0179_075_239_2160_MAR_R_NT_004.SEN3
b371a506-fbf7-311d-9205-f1150d2adaac,S3A_OL_1_EFR____20221107T134536_20221107T134836_20240605T155144_0179_092_010_2340_MAR_R_NT_004.SEN3
6f64e8cb-dc57-3588-a0f7-8daa6f812fea,S3B_OL_1_EFR____20230312T154417_20230312T154717_20240527T202227_0179_077_111_2160_MAR_R_NT_004.SEN3
0788e0f9-1094-3c3d-9422-ef9c31109e62,S3A_OL_1_EFR____20210415T153023_20210415T153323_20240603T053951_0179_070_339_2340_MAR_R_NT_004.SEN3
9a7fcba8-88d3-46ed-b63e-6318ddc3e149,S3A_OL_1_EFR____20251004T145003_20251004T145303_20251005T154914_0180_131_139_2160_PS1_O_NT_004.SEN3
b9159235-84a9-365f-bd20-3bdaed1dee90,S3A_OL_1_EFR____20201027T153747_20201027T154047_20240602T151529_0179_064_225_2340_MAR_R_NT_004.SEN3
60fae01a-fa3e-376a-8742-1ce6bcae4693,S3B_OL_1_EFR____20200408T135136_20200408T135436_20240526T025041_0179_037_281_2160_MAR_R_NT_004.SEN3
eaf5e6ed-abb6-3c18-9f5b-0b49fd1604b0,S3B_OL_1_EFR____20211010T143301_20211010T143601_20240527T081932_0179_058_039_2160_MAR_R_NT_004.SEN3
e5794e9b-3317-4e91-a861-57d5b17b8447,S3A_OL_1_EFR____20251006T153840_20251006T154140_20251007T164311_0179_131_168_2160_PS1_O_NT_004.SEN3
dbed06bd-178f-332d-91ac-1c1eaa40f73b,S3B_OL_1_EFR____20210208T145903_20210208T150203_20240526T201219_0179_049_025_2160_MAR_R_NT_004.SEN3
143ef837-fb47-3663-a8ec-f0ac5bbcf67a,S3B_OL_1_EFR____20210912T150216_20210912T150516_20240527T075301_0179_057_025_2340_MAR_R_NT_004.SEN3
cbfac39a-3da7-331b-9826-432edba42df2,S3A_OL_1_EFR____20230406T153752_20230406T154052_20240606T015626_0179_097_225_2340_MAR_R_NT_004.SEN3
c3440bd7-f6f0-3d38-a0d1-18a73c428a50,S3B_OL_1_EFR____20221013T153602_20221013T153902_20240524T055106_0180_071_282_2340_MAR_R_NT_004.SEN3
44cbfcda-eec4-3dda-b6c5-527b389368ba,S3B_OL_1_EFR____20230727T145505_20230727T145805_20240627T155225_0179_082_139_2340_MAR_R_NT_004.SEN3
1fab78d8-7157-39d6-9f28-ca2cc22195d3,S3B_OL_1_EFR____20181217T152801_20181217T153101_20240525T061946_0179_020_011_2340_MAR_R_NT_004.SEN3
c535fa9b-0206-426f-a261-7b54f67c2f7a,S3A_OL_1_EFR____20250517T151958_20250517T152258_20250518T161816_0180_126_068_2160_PS1_O_NT_004.SEN3
a9a0937b-4c0e-3b22-a3fa-211671304979,S3A_OL_1_EFR____20180609T151859_20180609T152159_20240530T203355_0179_032_125_2340_MAR_R_NT_004.SEN3
2e8eb070-8e77-3297-88a8-2b2856802090,S3A_OL_1_EFR____20230112T151522_20230112T151822_20240605T200457_0179_094_182_2340_MAR_R_NT_004.SEN3
010dc7b1-0e68-381b-9783-b1dc98ab13d4,S3B_OL_1_EFR____20230221T153949_20230221T154249_20240527T130711_0179_076_225_2340_MAR_R_NT_004.SEN3
5bea3b2e-e7d4-3bd5-a25a-0024adabfbca,S3A_OL_1_EFR____20191220T134227_20191220T134527_20240601T162235_0179_053_010_2160_MAR_R_NT_004.SEN3
f0cf202b-5223-3ce7-8b42-edb35f440884,S3A_OL_1_EFR____20221205T150021_20221205T150321_20240605T174938_0179_093_025_2340_MAR_R_NT_004.SEN3
d69d2046-08b6-3e5e-8c28-ff3ee2ca57ee,S3A_OL_1_EFR____20200819T152632_20200819T152932_20240602T091707_0179_062_011_2340_MAR_R_NT_004.SEN3
f5f71917-048a-383c-80e8-19ce80691264,S3B_OL_1_EFR____20250314T140257_20250314T140557_20250315T140006_0179_104_167_2340_ESA_O_NT_004.SEN3
632ecf22-3c01-372f-bf99-59c659acc757,S3B_OL_1_EFR____20180704T142952_20180704T143252_20240620T155038_0179_010_096_2340_MAR_R_NT_004.SEN3
99491a64-20bd-32bb-8d01-43e531fcab60,S3A_OL_1_EFR____20211009T135737_20211009T140037_20240603T235648_0179_077_167_2160_MAR_R_NT_004.SEN3
8ea66920-607f-3009-ab04-e8d204737e7d,S3B_OL_1_EFR____20230801T142211_20230801T142511_20240920T224634_0179_082_210_2160_MAR_R_NT_004.SEN3
f1dc4569-10f1-3238-bc1d-bd32400bfcce,S3A_OL_1_EFR____20200727T152250_20200727T152550_20240602T072948_0179_061_068_2340_MAR_R_NT_004.SEN3
385ec2f3-8b9e-4940-81e4-04f94329d2cd,S3B_OL_1_EFR____20250811T141423_20250811T141723_20250812T153136_0180_109_381_2340_ESA_O_NT_004.SEN3
4dec656a-d960-3b48-a240-bf061b0c7209,S3B_OL_1_EFR____20240309T153316_20240309T153616_20240921T125246_0179_090_282_2160_MAR_R_NT_004.SEN3
afc65c5b-70e1-3e17-9b86-2feb53a86092,S3A_OL_1_EFR____20190730T135300_20190730T135600_20240601T033805_0179_047_281_2340_MAR_R_NT_004.SEN3
9555344e-ece5-3a7d-b713-5e42e69ad67e,S3A_OL_1_EFR____20210701T153111_20210701T153411_20240603T114413_0180_073_282_2160_MAR_R_NT_004.SEN3
45b797eb-3a88-47f3-baa9-a4036e958ba1,S3B_OL_1_EFR____20241204T135527_20241204T135827_20241204T220511_0179_100_281_2340_PS2_O_NT_004.SEN3
881b30bc-4fda-30db-afc2-f2fcb2c0435f,S3B_OL_1_EFR____20230605T154039_20230605T154339_20240627T180729_0179_080_168_2160_MAR_R_NT_004.SEN3
bb6ae887-536f-37c4-8500-6b5374c43892,S3B_OL_1_EFR____20210924T144801_20210924T145101_20240527T072532_0179_057_196_2160_MAR_R_NT_004.SEN3
00ee3ed1-ea71-3e12-a006-4541e71282ba,S3A_OL_1_EFR____20220713T141620_20220713T141920_20240605T101134_0179_087_267_2160_MAR_R_NT_004.SEN3
d8fd2d37-996c-3e96-9db9-7c46691fadd4,S3A_OL_1_EFR____20221231T134234_20221231T134534_20240605T200306_0180_094_010_2160_MAR_R_NT_004.SEN3
debe65fd-9e65-3ee1-bcff-9122e858a7d5,S3A_OL_1_EFR____20190816T145249_20190816T145549_20240601T060701_0179_048_139_2340_MAR_R_NT_004.SEN3
4f5bf69a-535a-3624-b697-bb225dc50b63,S3A_OL_1_EFR____20220304T155334_20220304T155634_20240605T002934_0179_082_325_2160_MAR_R_NT_004.SEN3
400d6c37-6246-3592-99a6-5eb69053c441,S3A_OL_1_EFR____20180304T134953_20180304T135253_20240530T125734_0179_028_281_2160_MAR_R_NT_004.SEN3
d98fdc4c-4f0b-3d80-96c8-9bb50ac3806f,S3B_OL_1_EFR____20250205T150243_20250205T150543_20250206T145702_0180_103_025_2340_ESA_O_NT_004.SEN3
8e04fee3-496f-3d3a-ac01-04e11852dcff,S3A_OL_1_EFR____20200101T151514_20200101T151814_20240601T172751_0179_053_182_2340_MAR_R_NT_004.SEN3
1e4b4bb3-4332-336c-a8b4-d501110b3729,S3B_OL_1_EFR____20220108T135921_20220108T140221_20240523T134536_0179_061_167_2160_MAR_R_NT_004.SEN3
4eacaadd-7668-33fd-ac5c-564cd3168db8,S3B_OL_1_EFR____20200410T144314_20200410T144614_20240526T042909_0179_037_310_2340_MAR_R_NT_004.SEN3
60a5cd09-2161-3517-a2d7-ffb78a148e20,S3B_OL_1_EFR____20250307T152514_20250307T152814_20250308T170031_0179_104_068_2340_ESA_O_NT_004.SEN3
4201bb06-e0c9-3c22-a2b3-a21955f8b4aa,S3B_OL_1_EFR____20250616T150641_20250616T150941_20250617T150801_0179_107_353_2340_ESA_O_NT_004.SEN3
6324fc0e-726f-3694-994a-a24b2ad2b58a,S3B_OL_1_EFR____20230114T152148_20230114T152448_20240527T144630_0179_075_068_2160_MAR_R_NT_004.SEN3
1a734c8b-16ba-4348-9501-2652f1831bbd,S3B_OL_1_EFR____20240830T134416_20240830T134716_20240830T220427_0179_097_067_2340_PS2_O_NT_004.SEN3
b3e05981-f1df-4db1-96ae-6570b44ebaed,S3A_OL_1_EFR____20250508T141539_20250508T141839_20250509T150322_0179_125_324_2340_PS1_O_NT_004.SEN3
6d345ae1-fff2-3186-8f0f-bce9f8754673,S3A_OL_1_EFR____20190211T151514_20190211T151814_20240531T153628_0179_041_182_2340_MAR_R_NT_004.SEN3
613dfa95-4b53-302f-ac4c-8df0ddae0cb6,S3A_OL_1_EFR____20221019T151608_20221019T151908_20240605T150519_0179_091_125_2160_MAR_R_NT_004.SEN3
65235508-a7a1-3ee9-8841-885cbcd21bc4,S3B_OL_1_EFR____20190620T135048_20190620T135348_20240525T123852_0179_026_338_2340_MAR_R_NT_004.SEN3
daf4bba6-a2e4-3687-8277-4157c9d67809,S3A_OL_1_EFR____20180914T150358_20180914T150658_20240531T061051_0179_035_353_2340_MAR_R_NT_004.SEN3
86369449-4701-3918-a90a-49426f83a227,S3B_OL_1_EFR____20250607T135919_20250607T140219_20250608T140611_0179_107_224_2340_ESA_O_NT_004.SEN3
6572bf36-f0c8-34c7-abfd-a7bc674ad6f3,S3A_OL_1_EFR____20200614T153448_20200614T153748_20240602T052735_0179_059_225_2160_MAR_R_NT_004.SEN3
ef139a14-0da6-323f-b25c-a03ce5eac8a4,S3A_OL_1_EFR____20230120T150753_20230120T151053_20240605T211915_0179_094_296_2340_MAR_R_NT_004.SEN3
6906293f-6ca5-3bd3-b011-b7128c5016b7,S3A_OL_1_EFR____20180506T145717_20180506T150017_20240530T182015_0179_031_025_2160_MAR_R_NT_004.SEN3
551eee2e-e8e0-4ff1-a1c1-0c4a554a8eff,S3A_OL_1_EFR____20240816T134235_20240816T134535_20240817T140720_0179_116_010_2160_PS1_O_NT_004.SEN3
d3aa860d-c5c9-3b6e-be7c-eb224f850459,S3A_OL_1_EFR____20221126T135302_20221126T135602_20240605T170900_0179_092_281_2340_MAR_R_NT_004.SEN3
9f816cb3-53ae-3cac-990a-7e957dee12e9,S3B_OL_1_EFR____20240424T140247_20240424T140547_20240921T154148_0180_092_167_2340_MAR_R_NT_004.SEN3
a2884ff5-783b-39a5-a3f5-07201ac82ecc,S3B_OL_1_EFR____20220113T151024_20220113T151324_20240523T135010_0179_061_239_2160_MAR_R_NT_004.SEN3
435af228-ff75-3b39-b101-88da91fe206f,S3A_OL_1_EFR____20190704T150750_20190704T151050_20240601T013034_0179_046_296_2340_MAR_R_NT_004.SEN3
a7f78da6-57ba-3e33-b852-0503a63c8576,S3B_OL_1_EFR____20220913T151338_20220913T151638_20240524T045033_0179_070_239_2340_MAR_R_NT_004.SEN3
291b0239-7b71-41ff-9391-50bae1b1eee3,S3B_OL_1_EFR____20240824T143722_20240824T144022_20240824T230641_0179_096_367_2160_PS2_O_NT_004.SEN3
875d6343-1993-3332-81ff-f30c8968362a,S3B_OL_1_EFR____20210930T153253_20210930T153553_20240527T101220_0179_057_282_2160_MAR_R_NT_004.SEN3
05fa7a78-ffdd-32b7-ae67-1fbc6bf19d93,S3B_OL_1_EFR____20250327T150631_20250327T150931_20250328T162333_0179_104_353_2340_ESA_O_NT_004.SEN3
d06ce5fa-5a68-3eb6-b9d9-3c1224e29304,S3A_OL_1_EFR____20191119T134613_20191119T134913_20240601T133337_0179_051_338_2160_MAR_R_NT_004.SEN3
0c7827f3-6979-3764-b71e-cfbd03318da8,S3B_OL_1_EFR____20200710T134334_20200710T134634_20240526T085907_0179_041_067_2340_MAR_R_NT_004.SEN3
388055be-348e-3895-ada8-2c216c17b9f3,S3B_OL_1_EFR____20190824T140248_20190824T140548_20240525T175911_0179_029_110_2160_MAR_R_NT_004.SEN3
14e0c5ec-7c48-3bb3-9958-a37b236cde46,S3B_OL_1_EFR____20210107T152902_20210107T153202_20240526T182819_0179_047_339_2160_MAR_R_NT_004.SEN3
418ae87b-1650-3ec8-b102-ea2778d3596d,S3B_OL_1_EFR____20240424T154047_20240424T154347_20240921T140331_0179_092_168_2160_MAR_R_NT_004.SEN3
6fedca12-a8c7-4944-a303-7b784a96fcfc,S3B_OL_1_EFR____20240801T143338_20240801T143638_20240801T231339_0179_096_039_2160_PS2_O_NT_004.SEN3
df8d5edb-79ca-351b-b0a1-16adc6c0130f,S3B_OL_1_EFR____20220820T153306_20220820T153606_20240524T041020_0179_069_282_2160_MAR_R_NT_004.SEN3
392f65d3-e640-3ca0-afe3-02cf57562342,S3B_OL_1_EFR____20230302T150609_20230302T150909_20240527T143955_0179_076_353_2340_MAR_R_NT_004.SEN3
304ebb09-6445-47bf-baee-79b2833a0874,S3B_OL_1_EFR____20251108T140655_20251108T140955_20251109T144211_0179_113_110_2340_ESA_O_NT_004.SEN3
db496f77-1e4b-317c-b165-a0deb2055dd4,S3B_OL_1_EFR____20200813T135916_20200813T140216_20240526T120721_0179_042_167_2160_MAR_R_NT_004.SEN3
e55c2f12-a606-3f86-b46c-e863b459cb95,S3A_OL_1_EFR____20230704T153018_20230704T153318_20240628T020829_0179_100_339_2340_MAR_R_NT_004.SEN3
093672fe-ccb8-37e9-88ab-e8d432177ac2,S3A_OL_1_EFR____20240202T150754_20240202T151054_20240920T072507_0179_108_296_2340_MAR_R_NT_004.SEN3
1c379faa-5f9f-306f-8b75-af314ffb945f,S3B_OL_1_EFR____20201010T135527_20201010T135827_20240526T131752_0179_044_224_2160_MAR_R_NT_004.SEN3
00bf6987-d9f5-3edf-b171-f858110d018e,S3B_OL_1_EFR____20230702T135942_20230702T140242_20240627T190943_0179_081_167_2160_MAR_R_NT_004.SEN3
0b74abed-b852-33d9-8fc6-c03734e8e6b9,S3B_OL_1_EFR____20240707T134415_20240707T134715_20240921T185642_0179_095_067_2340_MAR_R_NT_004.SEN3
2f228637-28e8-3f86-b279-e550fd886d71,S3B_OL_1_EFR____20190308T152808_20190308T153108_20240525T065917_0179_023_011_2340_MAR_R_NT_004.SEN3
564b4d86-36e4-3383-bfaf-196890df39d0,S3A_OL_1_EFR____20221108T150024_20221108T150324_20240605T155417_0180_092_025_2340_MAR_R_NT_004.SEN3
011213be-03d5-4fd6-a828-2447d28af702,S3A_OL_1_EFR____20250713T140126_20250713T140426_20250714T145015_0179_128_110_2160_PS1_O_NT_004.SEN3
6ee2b44d-c864-45c4-ac23-3a92fe462915,S3B_OL_1_EFR____20241212T134459_20241212T134759_20241212T220440_0179_101_010_2160_PS2_O_NT_004.SEN3
0c343e72-0289-3b48-b829-e734b2f3efab,S3B_OL_1_EFR____20221013T153302_20221013T153602_20240524T055049_0179_071_282_2160_MAR_R_NT_004.SEN3
7d14c61f-6ff1-4da1-ac4d-710eb78ed26b,S3A_OL_1_EFR____20250117T153106_20250117T153406_20250118T160240_0179_121_282_2160_PS1_O_NT_004.SEN3
fee6a4d1-eda5-3d25-a1ef-01753101139c,S3B_OL_1_EFR____20210129T141754_20210129T142054_20240526T220536_0179_048_267_2160_MAR_R_NT_004.SEN3
22a0fa14-8329-32ed-ba76-a5788479815c,S3A_OL_1_EFR____20180821T134523_20180821T134823_20240531T040055_0179_035_010_2340_MAR_R_NT_004.SEN3
37b513fe-11f7-3bfc-83bc-c78dd09333f0,S3B_OL_1_EFR____20181117T150655_20181117T150955_20240621T065700_0179_017_111_2160_MAR_R_NT_004.SEN3
f07bd156-426f-3ab9-b4f4-5657cd4ad4da,S3A_OL_1_EFR____20190506T153746_20190506T154046_20240531T215354_0179_044_225_2340_MAR_R_NT_004.SEN3
12d0ac84-50a5-3ed1-a4bd-75b6e4c3ee39,S3B_OL_1_EFR____20240119T134827_20240119T135127_20240921T082958_0179_088_338_2160_MAR_R_NT_004.SEN3
64a568af-40cc-3e20-92b1-3edaf332178e,S3A_OL_1_EFR____20240622T154950_20240622T155250_20240920T182904_0179_113_382_2160_MAR_R_NT_004.SEN3
d150bd58-51dc-3493-8f93-836ce99d7bef,S3A_OL_1_EFR____20211117T152722_20211117T153022_20240604T043048_0179_078_339_2160_MAR_R_NT_004.SEN3
f5884254-51fd-30c4-af0b-57ec33182273,S3A_OL_1_EFR____20201007T155329_20201007T155629_20240602T141725_0180_063_325_2160_MAR_R_NT_004.SEN3
26e687df-3a51-3b42-b698-eea26e0c745e,S3B_OL_1_EFR____20181025T135546_20181025T135846_20240621T032243_0179_016_167_2340_MAR_R_NT_004.SEN3
374d58ca-ebcf-3798-99e6-36c8b0f1138e,S3B_OL_1_EFR____20190524T135052_20190524T135352_20240525T101043_0179_025_338_2340_MAR_R_NT_004.SEN3
d3c31b5b-bc33-3c31-ae62-25c0a7832be9,S3B_OL_1_EFR____20200611T143253_20200611T143553_20240526T064016_0179_040_039_2160_MAR_R_NT_004.SEN3
651aab98-7b69-3759-8966-97da3cdf731f,S3A_OL_1_EFR____20210805T152338_20210805T152638_20240603T134706_0179_075_011_2160_MAR_R_NT_004.SEN3
5830477a-2a01-48d1-8066-fa3af992eb88,S3B_OL_1_EFR____20250804T135241_20250804T135541_20250805T150005_0179_109_281_2160_ESA_O_NT_004.SEN3
2e56efdf-c414-36b8-8150-a3c5be8c5d57,S3B_OL_1_EFR____20250310T154741_20250310T155041_20250311T163451_0179_104_111_2340_ESA_O_NT_004.SEN3
e90a7c71-92de-3dce-a52c-3c00c19fb1d5,S3B_OL_1_EFR____20190516T153921_20190516T154221_20240525T131413_0179_025_225_2340_MAR_R_NT_004.SEN3
5a6e1b07-09ce-33e3-a2d9-16fcea129d59,S3A_OL_1_EFR____20230604T150756_20230604T151056_20240628T011637_0179_099_296_2340_MAR_R_NT_004.SEN3
ba27f724-918a-3771-a860-1b4e553f5662,S3B_OL_1_EFR____20210307T145906_20210307T150206_20240527T002557_0179_050_025_2160_MAR_R_NT_004.SEN3
e40794b3-a51b-33d0-a886-ceaafaeb38a4,S3A_OL_1_EFR____20210208T154133_20210208T154433_20240602T232929_0179_068_168_2340_MAR_R_NT_004.SEN3
cc2602d9-6e4f-330f-9a96-a6d9890ff65f,S3A_OL_1_EFR____20210824T153106_20210824T153406_20240603T160524_0179_075_282_2160_MAR_R_NT_004.SEN3
3e710c02-2902-3c68-b87c-fe4cc2f98f77,S3A_OL_1_EFR____20180109T153053_20180109T153353_20240530T073511_0179_026_282_2160_MAR_R_NT_004.SEN3
173b6354-3764-30f4-9de4-1a92011a80ac,S3A_OL_1_EFR____20200414T151905_20200414T152205_20240602T005446_0179_057_125_2340_MAR_R_NT_004.SEN3
6cc0b2ed-5d3a-3dca-ac14-214363015c3b,S3A_OL_1_EFR____20230203T154519_20230203T154819_20240605T212959_0179_095_111_2340_MAR_R_NT_004.SEN3
d72dd520-8358-330d-9b2b-b307d08e8288,S3B_OL_1_EFR____20190412T151742_20190412T152042_20240525T110220_0179_024_125_2160_MAR_R_NT_004.SEN3
f8007153-3e64-36e0-9856-30ad0536994d,S3A_OL_1_EFR____20210419T134540_20210419T134840_20240603T053911_0179_071_010_2340_MAR_R_NT_004.SEN3
75158766-4e79-3f95-b07c-a393d0c6a97d,S3A_OL_1_EFR____20191117T143835_20191117T144135_20240601T132953_0179_051_310_2160_MAR_R_NT_004.SEN3
70b320c8-5f8c-32a9-8e39-98cddaf03c1d,S3B_OL_1_EFR____20250318T135611_20250318T135911_20250319T143753_0179_104_224_2160_ESA_O_NT_004.SEN3
a2ff4dfa-d85d-3a60-b690-9fda78e3da26,S3B_OL_1_EFR____20230320T153648_20230320T153948_20240527T163649_0179_077_225_2160_MAR_R_NT_004.SEN3
6ad5b898-7411-33e6-a236-9869afd6c937,S3A_OL_1_EFR____20191203T142635_20191203T142935_20240601T143753_0179_052_153_2340_MAR_R_NT_004.SEN3
7532463c-3e95-317c-944e-4c2988e13460,S3A_OL_1_EFR____20210109T151604_20210109T151904_20240602T210416_0179_067_125_2160_MAR_R_NT_004.SEN3
db81833a-4b5f-347d-a24a-e3867d3a37dd,S3A_OL_1_EFR____20210717T151612_20210717T151912_20240603T124633_0179_074_125_2160_MAR_R_NT_004.SEN3
0a22b28a-c7a5-335c-89dc-f9ac4e076e0c,S3A_OL_1_EFR____20180217T151940_20180217T152240_20240530T104932_0179_028_068_2160_MAR_R_NT_004.SEN3
fb64eb16-ca0e-39c7-9083-554428390f63,S3A_OL_1_EFR____20230910T142342_20230910T142642_20240919T193620_0179_103_153_2160_MAR_R_NT_004.SEN3
b575c748-f731-3405-b572-251367967939,S3B_OL_1_EFR____20250227T153241_20250227T153541_20250228T175457_0179_103_339_2160_ESA_O_NT_004.SEN3
34a632e6-7d47-3985-b589-d4815dc72ba2,S3B_OL_1_EFR____20220519T140313_20220519T140613_20240523T213005_0180_066_110_2160_MAR_R_NT_004.SEN3
eeb819bf-5687-36d2-9d56-b532eaaebc6d,S3A_OL_1_EFR____20181014T152328_20181014T152628_20240531T073117_0179_037_011_2160_MAR_R_NT_004.SEN3
f7a2e97a-83cd-3f96-b416-1c2f5f6d6351,S3B_OL_1_EFR____20240203T135943_20240203T140243_20240921T111121_0180_089_167_2160_MAR_R_NT_004.SEN3
7c0150ff-d4ea-3e13-9bb5-e3c3541d8f44,S3B_OL_1_EFR____20210226T135446_20210226T135746_20240526T211223_0179_049_281_2340_MAR_R_NT_004.SEN3
4e2f7138-9da3-4cf8-b9e4-e2548ed09169,S3B_OL_1_EFR____20241117T143337_20241117T143637_20241117T225808_0179_100_039_2160_PS2_O_NT_004.SEN3
9a786166-76cb-3d6c-9818-0a45fa8453e1,S3B_OL_1_EFR____20230328T134820_20230328T135120_20240527T190309_0179_077_338_2160_MAR_R_NT_004.SEN3
23af4574-cbaa-3f9d-8cd9-0b535f0715af,S3B_OL_1_EFR____20200427T140209_20200427T140509_20240526T070010_0179_038_167_2340_MAR_R_NT_004.SEN3
eccaf54f-60f4-30ef-89a0-61482854e9aa,S3B_OL_1_EFR____20250624T145913_20250624T150213_20250625T160328_0179_108_082_2340_ESA_O_NT_004.SEN3
3863b7d6-4780-3045-b51e-1ce18137ed83,S3B_OL_1_EFR____20210406T152132_20210406T152432_20240527T025422_0179_051_068_2160_MAR_R_NT_004.SEN3
6339071a-e666-309d-8b96-eb8cecd6eecf,S3A_OL_1_EFR____20210216T153404_20210216T153704_20240603T004008_0179_068_282_2340_MAR_R_NT_004.SEN3
db1e0e15-3678-3238-945f-2c6666b13413,S3A_OL_1_EFR____20231117T150404_20231117T150704_20240919T235313_0179_105_353_2340_MAR_R_NT_004.SEN3
47cf022c-039d-33c3-9711-6f4dff9e155c,S3A_OL_1_EFR____20221214T142642_20221214T142942_20240605T183634_0180_093_153_2340_MAR_R_NT_004.SEN3
e730c9d3-5261-31ef-803c-696c596168e4,S3A_OL_1_EFR____20240519T153408_20240519T153708_20240920T155504_0179_112_282_2340_MAR_R_NT_004.SEN3
10800b8e-d0ff-32e0-b9f6-c6521a47dc84,S3B_OL_1_EFR____20220820T135507_20220820T135807_20240524T034211_0179_069_281_2340_MAR_R_NT_004.SEN3
1dcff704-cf33-497e-b0bd-60df38bec402,S3A_OL_1_EFR____20251028T143038_20251028T143338_20251029T152840_0180_132_096_2340_PS1_O_NT_004.SEN3
7bb33f2a-c503-3496-a9cf-12047f5df869,S3B_OL_1_EFR____20220912T135550_20220912T135850_20240524T052324_0179_070_224_2160_MAR_R_NT_004.SEN3
b65d151f-5714-3a3d-a956-d4d35ecb78f3,S3A_OL_1_EFR____20181106T134613_20181106T134913_20240531T094935_0179_037_338_2160_MAR_R_NT_004.SEN3
3f86e726-6574-3ccd-9342-14fe25b80df7,S3B_OL_1_EFR____20181119T141457_20181119T141757_20240621T065817_0179_017_139_2340_MAR_R_NT_004.SEN3
10ac1bcb-fbe9-4633-b269-6ea5a93a3a47,S3A_OL_1_EFR____20241128T134918_20241128T135218_20241129T141248_0179_119_338_2340_PS1_O_NT_004.SEN3
03d38c45-7361-3fd8-aad7-4794b3393793,S3B_OL_1_EFR____20230113T140700_20230113T141000_20240527T163934_0180_075_053_2160_MAR_R_NT_004.SEN3
e1a6e1fd-28a8-36d9-9084-c943bff14c26,S3B_OL_1_EFR____20200513T134713_20200513T135013_20240526T075308_0179_039_010_2340_MAR_R_NT_004.SEN3
4583cd7a-1cc0-39a9-9151-cf035d11fad9,S3A_OL_1_EFR____20240530T154606_20240530T154906_20240920T165608_0179_113_054_2160_MAR_R_NT_004.SEN3
ef272a54-bd81-3a0d-a969-bd478211aed3,S3A_OL_1_EFR____20210411T153406_20210411T153706_20240603T043420_0179_070_282_2340_MAR_R_NT_004.SEN3
fb1c6cd8-44eb-3ac3-9116-e6a29281f8e2,S3B_OL_1_EFR____20181213T135046_20181213T135346_20240525T040008_0180_019_338_2340_MAR_R_NT_004.SEN3
28b1f61b-557b-3ec6-aa28-dc6bffbe1653,S3A_OL_1_EFR____20201127T134959_20201127T135259_20240602T172905_0179_065_281_2160_MAR_R_NT_004.SEN3
a9dfa973-0771-5a3c-809c-a0674e445016,S3A_OL_1_EFR____20221101T144142_20221101T144442_20221102T152038_0180_091_310_2340_PS1_O_NT_003.SEN3
316a661d-e370-3618-a6a1-31b217e96de5,S3B_OL_1_EFR____20220503T141808_20220503T142108_20240523T203458_0179_065_267_2160_MAR_R_NT_004.SEN3
10ba0790-e014-3bf5-809a-744d33975608,S3B_OL_1_EFR____20230119T145452_20230119T145752_20240527T125254_0179_075_139_2340_MAR_R_NT_004.SEN3
a04ed201-0fda-3f2a-8bea-1e0604d30275,S3A_OL_1_EFR____20240430T134540_20240430T134840_20240920T133513_0179_112_010_2340_MAR_R_NT_004.SEN3
2aacc1e1-40d0-302e-9018-86803009607d,S3B_OL_1_EFR____20250511T135615_20250511T135915_20250512T135945_0179_106_224_2160_ESA_O_NT_004.SEN3
e7d47c13-0b82-3f37-84c6-422c7a01b5b1,S3B_OL_1_EFR____20250523T134505_20250523T134805_20250524T141412_0180_107_010_2160_ESA_O_NT_004.SEN3
488358d0-2e12-31aa-9a34-cddfc24e94bb,S3B_OL_1_EFR____20180812T141834_20180812T142134_20240620T212403_0179_011_267_2340_MAR_R_NT_004.SEN3
f17cd294-e24b-3ae4-a563-a04e83820078,S3B_OL_1_EFR____20210210T140641_20210210T140941_20240526T201157_0179_049_053_2160_MAR_R_NT_004.SEN3
0afe08b0-0331-3d17-9ffe-08886e494f2c,S3A_OL_1_EFR____20240101T135348_20240101T135648_20240920T042435_0179_107_224_2160_MAR_R_NT_004.SEN3
868a5e9b-ffc0-3c2f-a58a-e2184f131943,S3B_OL_1_EFR____20210919T151757_20210919T152057_20240527T083305_0179_057_125_2160_MAR_R_NT_004.SEN3
b63c5cff-ae00-3f08-bac6-7c4ba6cc56eb,S3B_OL_1_EFR____20220909T151723_20220909T152023_20240524T034856_0179_070_182_2340_MAR_R_NT_004.SEN3
97ee3fbc-2183-3147-9437-ba176bfcc6a6,S3A_OL_1_EFR____20230422T152256_20230422T152556_20240606T031926_0180_098_068_2340_MAR_R_NT_004.SEN3
d799107a-ba5b-3b0a-9321-c106e36fe707,S3A_OL_1_EFR____20190711T134533_20190711T134833_20240601T023449_0180_047_010_2340_MAR_R_NT_004.SEN3
cdd19b3f-8805-32e4-a185-e68d152d6513,S3B_OL_1_EFR____20191211T152038_20191211T152338_20240525T211013_0179_033_125_2340_MAR_R_NT_004.SEN3
0a723884-636f-3de0-a333-f34db575695c,S3A_OL_1_EFR____20180805T153822_20180805T154122_20240531T015001_0179_034_168_2160_MAR_R_NT_004.SEN3
84d4fae4-fb7c-4186-8c95-68fbc3a7db1b,S3B_OL_1_EFR____20251130T143352_20251130T143652_20251201T145646_0179_114_039_2160_ESA_O_NT_004.SEN3
114badcf-c08b-3a10-b27a-989442a4487d,S3B_OL_1_EFR____20250303T134759_20250303T135059_20250304T141228_0179_104_010_2340_ESA_O_NT_004.SEN3
acebe7bc-2ad7-3e78-b380-c3c04fa64f55,S3A_OL_1_EFR____20210504T135654_20210504T135954_20240603T064617_0179_071_224_2340_MAR_R_NT_004.SEN3
9438e136-89b9-3a34-9b64-dc210aa82892,S3A_OL_1_EFR____20220510T151614_20220510T151914_20240605T040727_0179_085_125_2160_MAR_R_NT_004.SEN3
2519a214-1e19-319b-9ac9-41b633e8f85b,S3A_OL_1_EFR____20200707T140034_20200707T140334_20240602T061857_0179_060_167_2340_MAR_R_NT_004.SEN3
7779e347-fd88-388d-a2e4-5764ab431efd,S3A_OL_1_EFR____20200703T154517_20200703T154817_20240602T055747_0179_060_111_2340_MAR_R_NT_004.SEN3
689b508f-2667-3ccd-a4a9-a60ca0861064,S3B_OL_1_EFR____20181117T150955_20181117T151255_20240621T065721_0179_017_111_2340_MAR_R_NT_004.SEN3
be59b290-ef10-3a18-a2da-81736ce47c91,S3B_OL_1_EFR____20191021T135900_20191021T140200_20240525T191719_0179_031_167_2160_MAR_R_NT_004.SEN3
ad72b7f0-7be9-362f-a6d9-20c934c6891e,S3B_OL_1_EFR____20190817T152806_20190817T153106_20240525T141538_0180_029_011_2340_MAR_R_NT_004.SEN3
413d8b3a-5c84-3af3-9647-093b6895401e,S3B_OL_1_EFR____20250708T135540_20250708T135840_20250709T154512_0179_108_281_2340_ESA_O_NT_004.SEN3
3b22d334-5473-3089-aee1-524768890b6a,S3A_OL_1_EFR____20180404T134610_20180404T134910_20240530T141317_0179_029_338_2160_MAR_R_NT_004.SEN3
08b59773-1ec7-3f85-ab08-c168b2910068,S3B_OL_1_EFR____20181101T140512_20181101T140812_20240621T041711_0179_016_267_2340_MAR_R_NT_004.SEN3
3c573f85-2355-3367-a339-dcb2d7556b6c,S3B_OL_1_EFR____20181109T134707_20181109T135007_20240621T065801_0179_016_381_2340_MAR_R_NT_004.SEN3
763bcac3-80be-3ebc-af35-237cf055f286,S3A_OL_1_EFR____20200310T152327_20200310T152627_20240601T221730_0179_056_011_2160_MAR_R_NT_004.SEN3
2d8ce438-4ff1-353a-b646-0b75cf85c13b,S3A_OL_1_EFR____20230406T153452_20230406T153752_20240606T015607_0179_097_225_2160_MAR_R_NT_004.SEN3
d4a076f8-3877-3661-9c4b-42fee4a35184,S3A_OL_1_EFR____20191213T150443_20191213T150743_20240601T143808_0179_052_296_2160_MAR_R_NT_004.SEN3
114e1223-706f-3e87-afd2-ef3a82592d30,S3B_OL_1_EFR____20220921T150607_20220921T150907_20240524T063137_0179_070_353_2340_MAR_R_NT_004.SEN3
cefc863d-ec2b-3f21-8362-7ffcab8a2e14,S3A_OL_1_EFR____20220810T135006_20220810T135306_20240605T120114_0179_088_281_2160_MAR_R_NT_004.SEN3
8db0d796-148d-476a-9377-8ea40470b7d7,S3B_OL_1_EFR____20241231T135226_20241231T135526_20241231T220144_0179_101_281_2160_PS2_O_NT_004.SEN3
92e197ac-ed8a-383c-a271-daa41ffe19b9,S3B_OL_1_EFR____20200906T151747_20200906T152047_20240526T115632_0179_043_125_2160_MAR_R_NT_004.SEN3
b95fa3ec-2261-39e8-a965-354e737ddeba,S3A_OL_1_EFR____20210908T154517_20210908T154817_20240603T173756_0179_076_111_2340_MAR_R_NT_004.SEN3
9991072a-d331-3988-8a71-699b4bcda01e,S3B_OL_1_EFR____20201021T141027_20201021T141327_20240526T144431_0179_044_381_2160_MAR_R_NT_004.SEN3
9e376295-bda8-32c8-a04b-1d4e7d94dd5a,S3A_OL_1_EFR____20240422T135308_20240422T135608_20240920T140705_0180_111_281_2340_MAR_R_NT_004.SEN3
b69bf09a-c454-3e54-922e-8a0c3919cf75,S3B_OL_1_EFR____20250619T134508_20250619T134808_20250620T151142_0180_108_010_2160_ESA_O_NT_004.SEN3
088a1b40-6c59-3ef3-8de3-d8d4059ef8c8,S3B_OL_1_EFR____20220124T134722_20220124T135022_20240523T134436_0179_062_010_2340_MAR_R_NT_004.SEN3
c62cd10d-ac8e-3fe8-9cdd-1f979e8f1839,S3A_OL_1_EFR____20201209T152243_20201209T152543_20240602T183109_0180_066_068_2340_MAR_R_NT_004.SEN3
12ad20b7-7980-3953-87df-ffa87a7a837b,S3B_OL_1_EFR____20230910T134745_20230910T135045_20240921T000147_0179_084_010_2340_MAR_R_NT_004.SEN3
a5a00c42-e56a-3bd2-bc35-44c67c819353,S3B_OL_1_EFR____20221218T152152_20221218T152452_20240524T110954_0180_074_068_2160_MAR_R_NT_004.SEN3
6cab25ff-26f4-3b06-953a-2aed11e7f77d,S3B_OL_1_EFR____20250618T141119_20250618T141419_20250619T151212_0179_107_381_2160_ESA_O_NT_004.SEN3
a366b145-32f5-380d-aa5b-813d9d2251e2,S3A_OL_1_EFR____20230215T153403_20230215T153703_20240605T225224_0179_095_282_2340_MAR_R_NT_004.SEN3
c279a530-9fba-3067-82eb-a472c7283854,S3B_OL_1_EFR____20200214T135133_20200214T135433_20240526T042941_0179_035_281_2160_MAR_R_NT_004.SEN3
548c6671-08c1-3699-9572-61943cfb36a7,S3A_OL_1_EFR____20190803T134915_20190803T135215_20240601T045440_0179_047_338_2340_MAR_R_NT_004.SEN3
a4a74352-b1a0-358e-888c-f98a4f380f56,S3B_OL_1_EFR____20230810T135131_20230810T135431_20240920T231020_0179_082_338_2340_MAR_R_NT_004.SEN3
fcdc65a5-52d7-304e-9a75-bbd0c5131d9e,S3B_OL_1_EFR____20220527T153945_20220527T154245_20240523T232213_0179_066_225_2340_MAR_R_NT_004.SEN3
990f9462-f4ac-30a3-b506-a4f544d2522f,S3B_OL_1_EFR____20200523T142522_20200523T142822_20240526T071158_0180_039_153_2160_MAR_R_NT_004.SEN3
e98e8819-04cd-4ad3-ad5e-0d736c44b8f0,S3A_OL_1_EFR____20240823T140116_20240823T140416_20240824T142455_0179_116_110_2160_PS1_O_NT_004.SEN3
42415998-0e0e-3f97-8b02-238db380abaa,S3A_OL_1_EFR____20230804T152631_20230804T152931_20240919T172824_0179_102_011_2340_MAR_R_NT_004.SEN3
2872ab46-dfee-3175-9909-8f451ccda8c7,S3A_OL_1_EFR____20190914T154126_20190914T154426_20240601T071256_0179_049_168_2340_MAR_R_NT_004.SEN3
40116a95-d61c-3df3-bd00-704e5afb1c11,S3B_OL_1_EFR____20240103T140325_20240103T140625_20240921T074721_0180_088_110_2160_MAR_R_NT_004.SEN3
7e46a84a-9459-366e-ab20-876c37ec2f14,S3A_OL_1_EFR____20221026T153749_20221026T154049_20240605T154137_0179_091_225_2340_MAR_R_NT_004.SEN3
c40b6c51-2b36-3645-9ef2-5b11c011b9fe,S3A_OL_1_EFR____20231223T143028_20231223T143328_20240920T033303_0179_107_096_2340_MAR_R_NT_004.SEN3
59ed90d5-112f-37aa-9fc1-12b4053bfabc,S3A_OL_1_EFR____20181210T154550_20181210T154850_20240531T120857_0179_039_054_2160_MAR_R_NT_004.SEN3
1d5821c9-5c75-41aa-8316-117825bf8910,S3A_OL_1_EFR____20250614T145347_20250614T145647_20250615T154628_0179_127_082_2160_PS1_O_NT_004.SEN3
a0fe1a54-52ce-3660-be21-85fe18c72787,S3B_OL_1_EFR____20200817T135831_20200817T140131_20240526T132838_0179_042_224_2340_MAR_R_NT_004.SEN3
647063bc-179e-32a0-8030-4d6ad909fdf6,S3A_OL_1_EFR____20230311T151137_20230311T151437_20240606T001948_0179_096_239_2340_MAR_R_NT_004.SEN3
4e390bbb-2a27-3b41-912d-5006bfb76176,S3B_OL_1_EFR____20191113T154348_20191113T154648_20240525T230314_0179_032_111_2160_MAR_R_NT_004.SEN3
3db8cc50-7233-3cc5-8a6c-89caf861e346,S3B_OL_1_EFR____20200206T140200_20200206T140500_20240526T022830_0179_035_167_2340_MAR_R_NT_004.SEN3
0a205e8b-e1f3-3551-82de-a138c32016b9,S3B_OL_1_EFR____20220208T135535_20220208T135835_20240523T170921_0179_062_224_2160_MAR_R_NT_004.SEN3
37002276-f590-34f8-b526-151a593ba1b2,S3A_OL_1_EFR____20190629T153445_20190629T153745_20240601T013136_0179_046_225_2160_MAR_R_NT_004.SEN3
9b992267-72dc-39b9-8ba4-098aebfc02d1,S3B_OL_1_EFR____20190706T151652_20190706T151952_20240525T152450_0179_027_182_2340_MAR_R_NT_004.SEN3
140d8dec-bb7d-3ca0-845b-44cab6d3d282,S3B_OL_1_EFR____20230117T140615_20230117T140915_20240527T114624_0180_075_110_2340_MAR_R_NT_004.SEN3
28d1c287-0b6d-3cc4-ba76-51c5d91c35ec,S3B_OL_1_EFR____20191210T140249_20191210T140549_20240525T225718_0179_033_110_2160_MAR_R_NT_004.SEN3
15469db4-b216-325f-94e1-fed82832e3c2,S3A_OL_1_EFR____20220329T150759_20220329T151059_20240605T021612_0179_083_296_2340_MAR_R_NT_004.SEN3
a5dcace7-4ed2-30e4-8c25-9f19f23b5f8c,S3B_OL_1_EFR____20230521T153226_20230521T153526_20240527T215644_0179_079_339_2340_MAR_R_NT_004.SEN3
f785510d-72e7-367d-a6e9-0d943756cdca,S3B_OL_1_EFR____20221022T150223_20221022T150523_20240524T065131_0180_072_025_2340_MAR_R_NT_004.SEN3
2861edb7-1885-3abc-86c0-22382148b8fb,S3A_OL_1_EFR____20210220T152719_20210220T153019_20240603T003419_0179_068_339_2160_MAR_R_NT_004.SEN3
6499a6e6-2a23-31b1-ae9a-ce3494363d29,S3B_OL_1_EFR____20190801T140205_20190801T140505_20240525T172405_0179_028_167_2340_MAR_R_NT_004.SEN3
c88ef7bc-2554-3b63-a774-1eba2339ff3f,S3B_OL_1_EFR____20190628T134320_20190628T134620_20240525T153143_0179_027_067_2340_MAR_R_NT_004.SEN3
7f8b3357-a733-31ff-af63-9bb029d15a45,S3B_OL_1_EFR____20220411T153208_20220411T153508_20240523T205930_0179_064_339_2340_MAR_R_NT_004.SEN3
bb842b5e-3b7e-4fb6-8f7b-f2f5ab418c1a,S3A_OL_1_EFR____20250213T153407_20250213T153707_20250214T161921_0179_122_282_2340_PS1_O_NT_004.SEN3
4c0fea7f-7c0f-30c9-8477-021ef4a4affd,S3B_OL_1_EFR____20230122T151418_20230122T151718_20240527T121458_0179_075_182_2160_MAR_R_NT_004.SEN3
f1327584-3cb4-3d37-ba83-b4335b8f190c,S3A_OL_1_EFR____20190126T152711_20190126T153011_20240531T143804_0179_040_339_2160_MAR_R_NT_004.SEN3
981041eb-e34e-350e-ad98-ffed3ff33a46,S3B_OL_1_EFR____20180515T152210_20180515T152510_20240620T111419_0179_003_139_2160_MAR_R_NT_004.SEN3
a9576985-abed-307a-8ba7-16dad8edd331,S3B_OL_1_EFR____20230129T153303_20230129T153603_20240527T124213_0179_075_282_2160_MAR_R_NT_004.SEN3
68c74a5f-1190-3569-bf39-8d175a835707,S3B_OL_1_EFR____20250428T143635_20250428T143935_20250429T154243_0179_106_039_2340_ESA_O_NT_004.SEN3
6719e24d-8e10-3901-9cc0-f608edf53998,S3B_OL_1_EFR____20210614T135454_20210614T135754_20240527T034056_0180_053_281_2340_MAR_R_NT_004.SEN3
af51f631-8830-3da0-98b4-77900af48576,S3A_OL_1_EFR____20191126T154553_20191126T154853_20240601T132721_0179_052_054_2160_MAR_R_NT_004.SEN3
6c70d4aa-2de6-41d6-b13c-27f061c498fa,S3A_OL_1_EFR____20250501T135356_20250501T135656_20250502T144902_0179_125_224_2160_PS1_O_NT_004.SEN3
f743493c-2bdd-3189-be01-30b08308db6c,S3A_OL_1_EFR____20180905T135637_20180905T135937_20240531T043635_0179_035_224_2340_MAR_R_NT_004.SEN3
cf028829-7285-318d-9957-7e0ba7b2b6f2,S3B_OL_1_EFR____20220701T152919_20220701T153219_20240524T011138_0179_067_339_2160_MAR_R_NT_004.SEN3
53adfa42-8215-375b-81f1-8f07e99b701b,S3B_OL_1_EFR____20200821T153246_20200821T153546_20240526T110600_0179_042_282_2160_MAR_R_NT_004.SEN3
0397163a-577e-3c10-88d7-7f015a8a405c,S3B_OL_1_EFR____20231216T151349_20231216T151649_20240921T070331_0179_087_239_2340_MAR_R_NT_004.SEN3
c47de55d-f2bb-321c-9c3a-a00e15fa60f7,S3B_OL_1_EFR____20190624T134704_20190624T135004_20240525T140810_0179_027_010_2340_MAR_R_NT_004.SEN3
ea11c41c-6ec6-4eab-b3c3-1acaf14e9bc2,S3A_OL_1_EFR____20250505T135312_20250505T135612_20250506T144118_0179_125_281_2340_PS1_O_NT_004.SEN3
9fae8bd4-3177-3686-9ac3-03916d2f0aef,S3B_OL_1_EFR____20250704T153723_20250704T154023_20250705T154712_0179_108_225_2160_ESA_O_NT_004.SEN3
18cf97bb-d42f-3f46-be67-5a211fd69fa4,S3B_OL_1_EFR____20230919T145501_20230919T145801_20240921T030040_0179_084_139_2340_MAR_R_NT_004.SEN3
ac72c2fb-805a-37b3-b097-e39818340be8,S3A_OL_1_EFR____20181222T153736_20181222T154036_20240531T122603_0179_039_225_2340_MAR_R_NT_004.SEN3
4b4f7569-2604-3b53-ace5-b23b430b4872,S3A_OL_1_EFR____20201104T153018_20201104T153318_20240602T152831_0179_064_339_2340_MAR_R_NT_004.SEN3
65283366-073c-3e4a-9af0-5f7adc114525,S3B_OL_1_EFR____20221116T155148_20221116T155448_20240524T083913_0179_072_382_2160_MAR_R_NT_004.SEN3
068e7c96-0a01-341f-96f9-2d17046d5335,S3A_OL_1_EFR____20190103T134225_20190103T134525_20240531T134118_0179_040_010_2160_MAR_R_NT_004.SEN3
828cf66b-661d-3568-9358-596a59770c8f,S3B_OL_1_EFR____20230808T144053_20230808T144353_20240920T225041_0180_082_310_2160_MAR_R_NT_004.SEN3
cbb1bd77-3d65-474e-b219-f3c4834d553d,S3A_OL_1_EFR____20250609T152342_20250609T152642_20250610T161805_0179_127_011_2160_PS1_O_NT_004.SEN3
0f5d7824-82de-38e4-8762-3c5558a5366f,S3B_OL_1_EFR____20180510T153521_20180510T153821_20240620T114032_0180_003_068_2160_MAR_R_NT_004.SEN3
2bafb175-3a3c-4fbb-9090-440171fc3c7a,S3A_OL_1_EFR____20250725T135314_20250725T135614_20250726T144404_0179_128_281_2340_PS1_O_NT_004.SEN3
141f7b5c-05c9-3e2e-8e18-3d8da4a7efd8,S3B_OL_1_EFR____20190809T135136_20190809T135436_20240525T145959_0180_028_281_2160_MAR_R_NT_004.SEN3
27d59b02-e34e-343b-954d-ea3a2c6ecdd6,S3A_OL_1_EFR____20210920T153106_20210920T153406_20240603T162005_0180_076_282_2160_MAR_R_NT_004.SEN3
f1aea82b-1434-4260-b7ee-15d937ee29d4,S3A_OL_1_EFR____20250415T140853_20250415T141153_20250416T145449_0179_124_381_2160_PS1_O_NT_004.SEN3
4bc29436-71fa-3c1e-84ac-f0c87c65bce0,S3B_OL_1_EFR____20190411T154653_20190411T154953_20240525T084853_0180_024_111_2340_MAR_R_NT_004.SEN3
4ae92cdc-dbf3-345b-85f7-63e1786db0f2,S3B_OL_1_EFR____20220825T150611_20220825T150911_20240524T035516_0179_069_353_2340_MAR_R_NT_004.SEN3
04db264b-50ba-3d3f-95bb-c1e64ba0d05d,S3A_OL_1_EFR____20220301T135309_20220301T135609_20240605T002805_0180_082_281_2340_MAR_R_NT_004.SEN3
128c1f7d-f6b5-3d65-b54a-30684a2f9ce6,S3B_OL_1_EFR____20240409T135133_20240409T135433_20240921T130457_0179_091_338_2340_MAR_R_NT_004.SEN3
8ee10133-ab6c-4708-b935-ee7e47d31900,S3A_OL_1_EFR____20250125T152637_20250125T152937_20250126T154647_0180_122_011_2340_PS1_O_NT_004.SEN3
26606fbe-3faa-33b9-ac94-642a4dea0b17,S3B_OL_1_EFR____20230731T144821_20230731T145121_20240627T160955_0179_082_196_2160_MAR_R_NT_004.SEN3
6bb312fb-b1be-33a3-afe0-74fc44c46a1c,S3A_OL_1_EFR____20240430T152339_20240430T152639_20240920T140918_0179_112_011_2160_MAR_R_NT_004.SEN3
39be0dba-4376-3e92-8e13-a4dc7a8a301c,S3B_OL_1_EFR____20180620T135228_20180620T135528_20240620T151508_0179_009_281_2340_MAR_R_NT_004.SEN3
842d9b08-0773-3459-b077-4e6e8a54d33e,S3B_OL_1_EFR____20200703T150551_20200703T150851_20240526T094316_0179_040_353_2340_MAR_R_NT_004.SEN3
38428b2b-fd8e-3098-9f14-1d426836cf77,S3A_OL_1_EFR____20211218T152336_20211218T152636_20240604T072110_0179_080_011_2160_MAR_R_NT_004.SEN3
27f1f13b-2034-3849-a6cc-89c1d359b814,S3B_OL_1_EFR____20200702T152901_20200702T153201_20240526T072251_0179_040_339_2160_MAR_R_NT_004.SEN3
b3393b88-8b54-3917-afb2-8a0e64c59e36,S3A_OL_1_EFR____20230817T144904_20230817T145204_20240919T160406_0180_102_196_2340_MAR_R_NT_004.SEN3
672b76d2-29c6-393b-8718-a2316d9b9667,S3B_OL_1_EFR____20210108T150551_20210108T150851_20240526T162134_0179_047_353_2340_MAR_R_NT_004.SEN3
f28acd04-a6ba-39f9-bf57-000865b0c48e,S3A_OL_1_EFR____20210916T153450_20210916T153750_20240603T172820_0179_076_225_2160_MAR_R_NT_004.SEN3
34816f3b-b043-394b-af6c-265d55b735c3,S3B_OL_1_EFR____20181217T134402_20181217T134702_20240525T053602_0179_020_010_2160_MAR_R_NT_004.SEN3
e0aef982-7774-3f28-94a5-4fa161414469,S3B_OL_1_EFR____20250204T152554_20250204T152854_20250205T154140_0180_103_011_2160_ESA_O_NT_004.SEN3
a985586b-1f4c-399c-9ef4-d266c20d44de,S3B_OL_1_EFR____20180913T134839_20180913T135139_20240621T005112_0179_012_338_2340_MAR_R_NT_004.SEN3
9e6d62fc-1940-3cef-b9ee-8995cf051512,S3A_OL_1_EFR____20180612T140027_20180612T140327_20240530T210056_0179_032_167_2340_MAR_R_NT_004.SEN3
d10c913d-0d75-43a4-b6eb-da03f9ead656,S3A_OL_1_EFR____20240906T143839_20240906T144139_20240907T150234_0179_116_310_2160_PS1_O_NT_004.SEN3
b6b4fcdb-ce91-3049-b466-b0668dd94ec3,S3A_OL_1_EFR____20181117T154209_20181117T154509_20240531T103716_0179_038_111_2160_MAR_R_NT_004.SEN3
960b9679-8a7e-3524-880f-a7c749dbbbdf,S3B_OL_1_EFR____20230413T151722_20230413T152022_20240527T213547_0179_078_182_2340_MAR_R_NT_004.SEN3
b649a6af-015d-3f61-81af-43c53db8f1db,S3B_OL_1_EFR____20210918T140309_20210918T140609_20240527T091109_0179_057_110_2160_MAR_R_NT_004.SEN3
e008f943-5091-3c2d-af2e-ef82139c72d5,S3B_OL_1_EFR____20240714T135958_20240714T140258_20240921T194413_0179_095_167_2160_MAR_R_NT_004.SEN3
f35bea3f-b5a7-3d1e-a4c1-47cbc24f6304,S3B_OL_1_EFR____20200802T134718_20200802T135018_20240526T101300_0179_042_010_2340_MAR_R_NT_004.SEN3
b5c889d3-6a45-40d2-b2d9-0ec8c5829b55,S3A_OL_1_EFR____20250918T150458_20250918T150758_20250919T160804_0180_130_296_2160_PS1_O_NT_004.SEN3
dde2773e-ef07-3bd3-ae32-b186287026e1,S3A_OL_1_EFR____20221103T134620_20221103T134920_20240605T154939_0179_091_338_2160_MAR_R_NT_004.SEN3
f1da66f0-6cff-3dea-987b-9bddb6263386,S3B_OL_1_EFR____20190701T154646_20190701T154946_20240525T161224_0179_027_111_2340_MAR_R_NT_004.SEN3
5598612b-d575-30a5-88dd-7491bdcbee7c,S3B_OL_1_EFR____20210126T135829_20210126T140129_20240526T170037_0179_048_224_2340_MAR_R_NT_004.SEN3
d399fe9e-57c8-3fba-9491-aeecbec55ee1,S3B_OL_1_EFR____20240707T152214_20240707T152514_20240921T194351_0179_095_068_2160_MAR_R_NT_004.SEN3
518981b9-223a-3d06-a374-8c23eb7a4592,S3A_OL_1_EFR____20220921T154519_20220921T154819_20240605T134521_0179_090_111_2340_MAR_R_NT_004.SEN3
69d20d3f-386b-34b5-85c9-0352a1f71712,S3B_OL_1_EFR____20250611T135236_20250611T135536_20250612T135700_0179_107_281_2160_ESA_O_NT_004.SEN3
4be76f57-fa4f-3cf7-88af-7efa1011f893,S3B_OL_1_EFR____20240521T140251_20240521T140551_20240921T145714_0179_093_167_2340_MAR_R_NT_004.SEN3
8b86eb0f-09f1-4c68-a3db-21beac2483ba,S3A_OL_1_EFR____20240801T151223_20240801T151523_20240802T153415_0179_115_182_2160_PS1_O_NT_004.SEN3
54440762-6ef6-3917-bca9-990500017ec9,S3B_OL_1_EFR____20190616T153532_20190616T153832_20240525T122348_0179_026_282_2340_MAR_R_NT_004.SEN3
05069b73-4f47-37d1-915a-197a086d2848,S3A_OL_1_EFR____20231031T154216_20231031T154516_20240920T001132_0179_105_111_2160_MAR_R_NT_004.SEN3
7abec3eb-6308-4520-9ed0-9dbb325e9c9d,S3A_OL_1_EFR____20241210T151902_20241210T152202_20241211T154117_0179_120_125_2340_PS1_O_NT_004.SEN3
bd8cd97a-be41-318c-abb3-5ae6ad64bde7,S3B_OL_1_EFR____20250727T154108_20250727T154408_20250728T172136_0179_109_168_2160_ESA_O_NT_004.SEN3
3233a494-0a3b-3607-bfb8-af61403828a2,S3B_OL_1_EFR____20180519T135338_20180519T135638_20240620T113103_0179_003_195_2340_MAR_R_NT_004.SEN3
31820b87-fe83-38a2-bd19-53440a143f20,S3B_OL_1_EFR____20220415T152825_20220415T153125_20240523T190710_0179_065_011_2340_MAR_R_NT_004.SEN3
a5766b50-1bdd-37f5-8ea6-de580e8d6908,S3A_OL_1_EFR____20180320T151853_20180320T152153_20240530T140722_0179_029_125_2340_MAR_R_NT_004.SEN3
27980b7f-2bfe-36f9-8bbd-865a588d8077,S3A_OL_1_EFR____20240418T153453_20240418T153753_20240920T140743_0179_111_225_2160_MAR_R_NT_004.SEN3
5713bc44-1493-3336-b23d-6a7fc3f58634,S3A_OL_1_EFR____20210728T135009_20210728T135309_20240603T135247_0179_074_281_2160_MAR_R_NT_004.SEN3
960c38a7-54c6-4305-bd9d-ea557dee3a78,S3A_OL_1_EFR____20241202T134534_20241202T134834_20241203T140536_0179_120_010_2340_PS1_O_NT_004.SEN3
51abe3d1-8805-3ff7-b168-35cb536cb0cb,S3A_OL_1_EFR____20180705T140111_20180705T140411_20240530T233916_0180_033_110_2160_MAR_R_NT_004.SEN3
d82a4b71-72f9-3b88-a525-062530963c93,S3A_OL_1_EFR____20180502T150101_20180502T150401_20240530T172006_0179_030_353_2160_MAR_R_NT_004.SEN3
036706b3-abd0-3fa7-b510-da7620c11164,S3B_OL_1_EFR____20200515T143550_20200515T143850_20240526T090808_0179_039_039_2340_MAR_R_NT_004.SEN3
82e77265-3c70-3035-a5a8-c2e5ad9e5328,S3A_OL_1_EFR____20240623T152340_20240623T152640_20240920T165639_0179_114_011_2160_MAR_R_NT_004.SEN3
148fe65a-2b3c-399d-a457-643c11b8e65d,S3A_OL_1_EFR____20230611T134237_20230611T134537_20240628T002936_0179_100_010_2160_MAR_R_NT_004.SEN3
4a1893fb-eccd-3b16-b813-4339f0399bf8,S3B_OL_1_EFR____20200624T153630_20200624T153930_20240526T093153_0179_040_225_2160_MAR_R_NT_004.SEN3
18d95295-df99-3a68-82f3-dc240d977c42,S3B_OL_1_EFR____20250522T155214_20250522T155514_20250523T162604_0179_106_382_2160_ESA_O_NT_004.SEN3
4ef1ab35-88f9-325a-a2fd-8b23585e73f5,S3B_OL_1_EFR____20190517T151310_20190517T151610_20240525T105501_0179_025_239_2340_MAR_R_NT_004.SEN3
28ce5fb2-b275-3c91-8a13-ce0fcb3f5d1f,S3B_OL_1_EFR____20201112T144325_20201112T144625_20240526T164746_0179_045_310_2340_MAR_R_NT_004.SEN3
6bafcb69-4a54-3aec-92df-5946749c6b40,S3A_OL_1_EFR____20190722T140030_20190722T140330_20240601T023655_0180_047_167_2340_MAR_R_NT_004.SEN3
27154b0a-2e36-3294-bdce-8f6c8d5eea2d,S3B_OL_1_EFR____20250607T153718_20250607T154018_20250608T155318_0179_107_225_2160_ESA_O_NT_004.SEN3
7ba577fe-eaa7-46bd-87e5-97f7aaf49d06,S3B_OL_1_EFR____20241219T154439_20241219T154739_20241220T081025_0179_101_111_2160_PS2_O_NT_004.SEN3
3081f50a-da48-3e3c-9e13-916b96b67c81,S3A_OL_1_EFR____20240418T135353_20240418T135653_20240920T133245_0179_111_224_2160_MAR_R_NT_004.SEN3
13e5e865-1c3b-3bcb-af2f-c1596959b4eb,S3A_OL_1_EFR____20211002T151954_20211002T152254_20240604T010529_0179_077_068_2160_MAR_R_NT_004.SEN3
311e87d7-9554-31ad-bfb8-7a710c4665b4,S3A_OL_1_EFR____20221020T144957_20221020T145257_20240605T150727_0179_091_139_2160_MAR_R_NT_004.SEN3
e406f200-6e61-3df3-aca8-97b61ece77e4,S3B_OL_1_EFR____20181217T152501_20181217T152801_20240525T061929_0179_020_011_2160_MAR_R_NT_004.SEN3
25ac3c1c-6967-4034-bc05-af46381c6e0e,S3A_OL_1_EFR____20250327T154518_20250327T154818_20250328T163456_0179_124_111_2340_PS1_O_NT_004.SEN3
f38b84fa-1e45-3c14-ba58-0a2cf544e28f,S3A_OL_1_EFR____20190921T141910_20190921T142210_20240601T090515_0179_049_267_2340_MAR_R_NT_004.SEN3
b5f6e337-bb00-3dce-8990-fb5aea498d17,S3A_OL_1_EFR____20231208T141911_20231208T142211_20240920T032559_0180_106_267_2340_MAR_R_NT_004.SEN3
a4563d48-b3b0-3e5d-b005-edbee0c0e5f7,S3A_OL_1_EFR____20211206T135651_20211206T135951_20240604T061829_0179_079_224_2340_MAR_R_NT_004.SEN3
51162ca4-e8ba-3b18-9a49-45dfa58da64c,S3A_OL_1_EFR____20240306T154944_20240306T155244_20240920T092453_0179_109_382_2160_MAR_R_NT_004.SEN3
e8e99b01-02ba-3b71-915a-28ade7f135b0,S3A_OL_1_EFR____20180323T153821_20180323T154121_20240530T135301_0180_029_168_2160_MAR_R_NT_004.SEN3
1ec1ac1d-e5f8-3321-98f4-c47d2ce74cec,S3A_OL_1_EFR____20240623T134240_20240623T134540_20240920T190423_0179_114_010_2160_MAR_R_NT_004.SEN3
e6f19804-9a36-31b6-84aa-e1de4ad802fb,S3A_OL_1_EFR____20210512T152725_20210512T153025_20240603T064029_0179_071_339_2160_MAR_R_NT_004.SEN3
a026412e-d33d-33f7-a85f-2c46fa06dded,S3B_OL_1_EFR____20220330T154320_20220330T154620_20240523T184959_0179_064_168_2340_MAR_R_NT_004.SEN3
0ba5b735-0fee-314f-8c43-03e5c1ecef10,S3B_OL_1_EFR____20211025T144713_20211025T145013_20240527T111847_0179_058_253_2340_MAR_R_NT_004.SEN3
778ca256-5392-3266-a0ff-ca05f5c73308,S3B_OL_1_EFR____20180510T153821_20180510T154121_20240620T114053_0179_003_068_2340_MAR_R_NT_004.SEN3
6711e9d8-cde9-3ccc-9747-5048dd8e7c00,S3A_OL_1_EFR____20240520T150758_20240520T151058_20240920T165834_0179_112_296_2340_MAR_R_NT_004.SEN3
9e79d281-8dc0-3138-950c-c237c548362a,S3B_OL_1_EFR____20181201T135900_20181201T140200_20240621T091546_0179_019_167_2160_MAR_R_NT_004.SEN3
894ff0c5-d526-30d2-9d0c-a18e403ea199,S3A_OL_1_EFR____20220225T153452_20220225T153752_20240604T233552_0179_082_225_2160_MAR_R_NT_004.SEN3
8b0ed431-4605-3a0a-8569-c6654308d31a,S3A_OL_1_EFR____20210512T134926_20210512T135226_20240603T074116_0180_071_338_2340_MAR_R_NT_004.SEN3
25d9badd-78a8-4e2a-a84c-0aba7ce70bb5,S3A_OL_1_EFR____20250109T154131_20250109T154431_20250110T160530_0179_121_168_2340_PS1_O_NT_004.SEN3
8894871e-bf21-379f-8409-f198b5a4755a,S3A_OL_1_EFR____20200610T135734_20200610T140034_20240602T050805_0179_059_167_2160_MAR_R_NT_004.SEN3
5256ef32-510f-375a-aa1c-4b46e8d2e1e1,S3B_OL_1_EFR____20201124T142913_20201124T143213_20240526T164046_0179_046_096_2160_MAR_R_NT_004.SEN3
b26a74ca-09dc-4aef-bb6a-01bbd79a02b2,S3B_OL_1_EFR____20240726T135144_20240726T135444_20240726T221059_0179_095_338_2340_PS2_O_NT_004.SEN3
45bac94b-08c4-35ca-9e96-785675944f1f,S3B_OL_1_EFR____20201025T140943_20201025T141243_20240526T155322_0179_045_053_2340_MAR_R_NT_004.SEN3
4a6aedba-4be5-45e2-b890-0efb11a29b91,S3B_OL_1_EFR____20250927T135239_20250927T135539_20250928T140442_0179_111_281_2160_ESA_O_NT_004.SEN3
60385f75-db85-3ba1-8a2f-b4279a511fb6,S3A_OL_1_EFR____20210908T154217_20210908T154517_20240603T173727_0180_076_111_2160_MAR_R_NT_004.SEN3
369a9b45-526d-3bcb-b51c-48f9c0fc5942,S3A_OL_1_EFR____20220817T141147_20220817T141446_20240605T115737_0179_088_381_2340_MAR_R_NT_004.SEN3
4b95fc84-4696-3711-986b-1b868dc74444,S3B_OL_1_EFR____20180719T143804_20180719T144104_20240620T180213_0179_010_310_2160_MAR_R_NT_004.SEN3
fa1a4c42-6c9c-31a8-a600-c7bfb4b855e4,S3B_OL_1_EFR____20221013T135503_20221013T135803_20240524T051627_0179_071_281_2340_MAR_R_NT_004.SEN3
a2dbdeff-941c-3495-918f-6539fc7753f5,S3A_OL_1_EFR____20230429T153837_20230429T154137_20240606T035305_0180_098_168_2160_MAR_R_NT_004.SEN3
4ed804b7-cf49-32a4-acac-91be0590699c,S3B_OL_1_EFR____20190109T153148_20190109T153448_20240525T053444_0180_020_339_2340_MAR_R_NT_004.SEN3
0d3e5dac-6d55-3e1d-a767-50b9fdcac219,S3A_OL_1_EFR____20180308T134607_20180308T134907_20240530T122202_0179_028_338_2160_MAR_R_NT_004.SEN3
4a041556-402b-3735-b985-929b160eccd9,S3B_OL_1_EFR____20230526T150231_20230526T150531_20240527T202234_0179_080_025_2340_MAR_R_NT_004.SEN3
bd3b942d-61f1-44dc-a34e-43da390c93a5,S3B_OL_1_EFR____20240730T134501_20240730T134801_20240730T220511_0179_096_010_2160_PS2_O_NT_004.SEN3
7fce02d0-0bcc-3115-83b0-388dc4a4f857,S3B_OL_1_EFR____20190427T134755_20190427T135055_20240525T122913_0179_024_338_2160_MAR_R_NT_004.SEN3
a6498514-1f56-3be1-aa52-2beee0356a20,S3A_OL_1_EFR____20180605T152244_20180605T152544_20240530T205758_0179_032_068_2340_MAR_R_NT_004.SEN3
568b5480-5130-3c03-87d3-b345eb540e6e,S3B_OL_1_EFR____20181126T143155_20181126T143455_20240621T060626_0179_019_096_2340_MAR_R_NT_004.SEN3
0a584050-5866-37d2-a0eb-93f3fbd475e3,S3A_OL_1_EFR____20231016T135001_20231016T135301_20240919T230943_0179_104_281_2160_MAR_R_NT_004.SEN3
074c0fb2-1265-3c6d-960c-650571ab1974,S3A_OL_1_EFR____20200731T151906_20200731T152206_20240602T083408_0179_061_125_2340_MAR_R_NT_004.SEN3
4fdf2433-ed75-41df-88b1-cb10031776f1,S3A_OL_1_EFR____20250601T135014_20250601T135314_20250602T143944_0179_126_281_2160_PS1_O_NT_004.SEN3
0d50b357-ebb1-33c6-8d60-3bfbf2bc3d18,S3A_OL_1_EFR____20191112T150831_20191112T151131_20240601T122618_0179_051_239_2160_MAR_R_NT_004.SEN3
6aecd69c-f88b-3c47-baa8-7fcf61d23db0,S3B_OL_1_EFR____20190206T150537_20190206T150837_20240525T042829_0179_021_353_2340_MAR_R_NT_004.SEN3
4e221d9b-71dd-3095-b1a4-a257e5f83d9a,S3B_OL_1_EFR____20191106T134405_20191106T134705_20240525T210319_0179_032_010_2160_MAR_R_NT_004.SEN3
dd965912-32dd-3af3-99d4-e41e60c1bee9,S3A_OL_1_EFR____20220405T134242_20220405T134542_20240605T013220_0179_084_010_2160_MAR_R_NT_004.SEN3
31356176-d5d8-3ec5-9cde-e61d1bdfe2f6,S3A_OL_1_EFR____20210923T155333_20210923T155633_20240603T173753_0179_076_325_2160_MAR_R_NT_004.SEN3
c7c07800-614a-3e04-a97e-e2ef5469375c,S3A_OL_1_EFR____20211006T151610_20211006T151910_20240603T235615_0180_077_125_2160_MAR_R_NT_004.SEN3
aa4f5470-2a35-3a22-906e-8b61f2766d1c,S3A_OL_1_EFR____20180817T152707_20180817T153007_20240531T033827_0180_034_339_2160_MAR_R_NT_004.SEN3
8c4e4199-f561-352f-b545-90b1bc7b029b,S3B_OL_1_EFR____20190101T153916_20190101T154216_20240525T053749_0179_020_225_2340_MAR_R_NT_004.SEN3
2c8b93c1-a665-422a-ac06-5476dcc8385e,S3A_OL_1_EFR____20251116T143804_20251116T144104_20251117T153808_0179_132_367_2340_PS1_O_NT_004.SEN3
77a6c9e1-87b1-3e0c-b254-9b37e3d72d54,S3B_OL_1_EFR____20220408T150941_20220408T151241_20240523T185456_0180_064_296_2340_MAR_R_NT_004.SEN3
efbb89e9-449d-35d8-9f56-0cee8edf6f27,S3A_OL_1_EFR____20210104T154559_20210104T154859_20240602T213231_0180_067_054_2160_MAR_R_NT_004.SEN3
059d6e3a-fe64-377e-aa55-e305b3d22140,S3A_OL_1_EFR____20210112T135732_20210112T140032_20240602T213059_0179_067_167_2160_MAR_R_NT_004.SEN3
cd7f450d-92e8-3d67-a231-ba7d38331990,S3A_OL_1_EFR____20230215T135004_20230215T135304_20240605T225142_0179_095_281_2160_MAR_R_NT_004.SEN3
ad991290-7a00-3ba9-891d-7c1be4d83c77,S3B_OL_1_EFR____20250516T151020_20250516T151320_20250517T151418_0179_106_296_2340_ESA_O_NT_004.SEN3
9eed83a6-6d61-35c7-89dd-4b0206b3771c,S3B_OL_1_EFR____20210830T153941_20210830T154241_20240527T061050_0179_056_225_2340_MAR_R_NT_004.SEN3
790c008b-e080-34b4-b771-202ce519749e,S3B_OL_1_EFR____20240227T152117_20240227T152417_20240921T111219_0179_090_125_2340_MAR_R_NT_004.SEN3
1c69739e-092e-3545-a777-eb14801d85d5,S3B_OL_1_EFR____20250621T143346_20250621T143646_20250622T150602_0179_108_039_2160_ESA_O_NT_004.SEN3
2da3e98c-6dd1-3298-91f4-ee0dbe90679c,S3A_OL_1_EFR____20180319T154504_20180319T154804_20240530T140537_0179_029_111_2340_MAR_R_NT_004.SEN3
06588ab0-fef4-3c30-9646-0f2070766b70,S3B_OL_1_EFR____20200426T142520_20200426T142820_20240526T043627_0179_038_153_2160_MAR_R_NT_004.SEN3
17ae7385-68fa-3fc7-b54b-b2064df8c750,S3B_OL_1_EFR____20200806T152133_20200806T152433_20240526T124221_0180_042_068_2160_MAR_R_NT_004.SEN3
cb6b13b4-0d07-30f4-91b5-11898db30585,S3A_OL_1_EFR____20231216T140845_20231216T141145_20240920T030151_0179_106_381_2160_MAR_R_NT_004.SEN3
bcf83cdf-4d40-407d-9720-c9621c383485,S3A_OL_1_EFR____20250405T151141_20250405T151441_20250406T155828_0180_124_239_2340_PS1_O_NT_004.SEN3
89d89bb6-8d0a-3b86-a9c8-c7755fa86198,S3B_OL_1_EFR____20250614T141803_20250614T142103_20250615T151530_0180_107_324_2340_ESA_O_NT_004.SEN3
ea2fceee-b6e0-380a-b016-40d709aabd69,S3A_OL_1_EFR____20180528T152712_20180528T153012_20240530T202730_0180_031_339_2160_MAR_R_NT_004.SEN3
564b125a-cf5d-34f6-86c0-426e6b766999,S3A_OL_1_EFR____20230816T151515_20230816T151815_20240919T171016_0179_102_182_2340_MAR_R_NT_004.SEN3
e3b248c5-1528-4774-b93a-da0120fcb268,S3A_OL_1_EFR____20250214T150756_20250214T151056_20250215T155514_0179_122_296_2340_PS1_O_NT_004.SEN3
757e08dd-c4ca-3d05-8d12-d52ae912467e,S3A_OL_1_EFR____20180924T154508_20180924T154808_20240531T064344_0179_036_111_2340_MAR_R_NT_004.SEN3
4e784187-ec19-3f78-aa11-e63482a5f819,S3B_OL_1_EFR____20201118T134420_20201118T134720_20240526T140121_0179_046_010_2160_MAR_R_NT_004.SEN3
908d92a5-b3b1-40b5-9108-467e84adc17c,S3B_OL_1_EFR____20250112T134412_20250112T134712_20250112T220045_0179_102_067_2340_PS2_O_NT_004.SEN3
832aabab-9ef5-36d8-8723-b287423f8db8,S3A_OL_1_EFR____20220117T140508_20220117T140808_20240604T083557_0179_081_053_2160_MAR_R_NT_004.SEN3
f5ab8467-fc13-3101-9d72-6aee4ab2437b,S3A_OL_1_EFR____20240209T134237_20240209T134537_20240920T070659_0179_109_010_2160_MAR_R_NT_004.SEN3
2eb1dca2-3aba-3ebe-be03-3afcd0410622,S3A_OL_1_EFR____20181018T152244_20181018T152544_20240531T083301_0179_037_068_2340_MAR_R_NT_004.SEN3
f2e3f958-fff5-32b5-b363-8af61187850f,S3B_OL_1_EFR____20211114T142833_20211114T143133_20240527T083604_0179_059_153_2340_MAR_R_NT_004.SEN3
56a4fd5a-c9b1-3722-ad57-15626ba0903d,S3B_OL_1_EFR____20250511T154015_20250511T154315_20250512T153427_0179_106_225_2340_ESA_O_NT_004.SEN3
a27e130f-9d4a-31ed-90d3-fb98f5233f26,S3A_OL_1_EFR____20210620T151613_20210620T151913_20240603T094906_0179_073_125_2160_MAR_R_NT_004.SEN3
1aaedf5e-7ec1-33c6-9ef6-7d80e680ed14,S3A_OL_1_EFR____20180408T152326_20180408T152626_20240530T144659_0180_030_011_2160_MAR_R_NT_004.SEN3
81af67a5-707f-3746-ae03-4d3a752597c0,S3A_OL_1_EFR____20201024T151521_20201024T151821_20240602T152615_0179_064_182_2340_MAR_R_NT_004.SEN3
92b8c5d0-0c5c-3790-9ee7-e3837cd61c26,S3B_OL_1_EFR____20220828T134438_20220828T134738_20240524T025253_0180_070_010_2160_MAR_R_NT_004.SEN3
c429d42b-0dd8-32bd-b249-ad8e03a82f28,S3A_OL_1_EFR____20230507T135310_20230507T135610_20240606T045002_0179_098_281_2340_MAR_R_NT_004.SEN3
6d8dbcca-ba06-3a6b-82c2-5143dc2d8a64,S3B_OL_1_EFR____20240413T152848_20240413T153148_20240921T143123_0179_092_011_2340_MAR_R_NT_004.SEN3
dee91e1f-fc5f-3e9c-afc0-939cb00c296c,S3A_OL_1_EFR____20240113T134236_20240113T134536_20240920T043642_0179_108_010_2160_MAR_R_NT_004.SEN3
620605cc-b1ec-40c0-a6ba-9868f30c1e9c,S3B_OL_1_EFR____20240822T134844_20240822T135144_20240822T221028_0180_096_338_2160_PS2_O_NT_004.SEN3
8f76fe03-0546-3563-bd67-0279940a71fa,S3A_OL_1_EFR____20210411T153106_20210411T153406_20240603T043401_0179_070_282_2160_MAR_R_NT_004.SEN3
109daf50-9992-37b2-a4a3-ffef2956a150,S3A_OL_1_EFR____20230619T151907_20230619T152207_20240628T034319_0179_100_125_2340_MAR_R_NT_004.SEN3
4d8f94a3-5261-3253-ae28-3f1b0ac2f953,S3B_OL_1_EFR____20191003T150921_20191003T151221_20240525T175634_0179_030_296_2340_MAR_R_NT_004.SEN3
304f0385-6a44-3063-8b32-e911ac762dc4,S3B_OL_1_EFR____20230927T144433_20230927T144733_20240921T020844_0179_084_253_2160_MAR_R_NT_004.SEN3
2be6e2e6-f1dc-3a32-9491-4b693c4ad769,S3B_OL_1_EFR____20230405T152149_20230405T152449_20240527T183424_0179_078_068_2160_MAR_R_NT_004.SEN3
e89d5c8b-7027-31e8-b847-9d3eba65d41f,S3B_OL_1_EFR____20200203T151733_20200203T152033_20240526T051501_0179_035_125_2160_MAR_R_NT_004.SEN3
0f399b0e-4f7f-3038-b0a0-0fe669af4288,S3B_OL_1_EFR____20220106T145143_20220106T145443_20240523T134158_0179_061_139_2160_MAR_R_NT_004.SEN3
29fc0294-9cc4-4395-9420-fc3b2eed74d7,S3B_OL_1_EFR____20250813T150300_20250813T150600_20250814T154243_0179_110_025_2340_ESA_O_NT_004.SEN3
797ab9b3-fcfb-3a5e-9917-d0832eeda44f,S3A_OL_1_EFR____20200104T135342_20200104T135642_20240601T172727_0179_053_224_2160_MAR_R_NT_004.SEN3
07904daa-a823-3f92-8f2f-c5583f1173d9,S3A_OL_1_EFR____20180109T153353_20180109T153653_20240530T073530_0179_026_282_2340_MAR_R_NT_004.SEN3
e3a8c705-9995-3d57-9f00-96343d0837b3,S3B_OL_1_EFR____20250630T140308_20250630T140608_20250701T154450_0179_108_167_2340_ESA_O_NT_004.SEN3
8f727d8e-1525-3229-83ee-4ea776b0950f,S3B_OL_1_EFR____20200520T140255_20200520T140555_20240526T081235_0179_039_110_2160_MAR_R_NT_004.SEN3
77fb3b10-dfbb-491f-9a04-669ddc45eec8,S3A_OL_1_EFR____20250805T140810_20250805T141110_20250806T145724_0180_129_053_2340_PS1_O_NT_004.SEN3
586a8038-30f7-3817-99a2-d278e7a38843,S3B_OL_1_EFR____20191114T151737_20191114T152037_20240525T191622_0179_032_125_2160_MAR_R_NT_004.SEN3
4b2b012e-e33a-318e-86c5-445647650c7f,S3A_OL_1_EFR____20180501T152712_20180501T153012_20240530T161656_0179_030_339_2160_MAR_R_NT_004.SEN3
e977982b-d32c-3c70-9232-e5d3955b217e,S3A_OL_1_EFR____20200402T134617_20200402T134917_20240601T231256_0179_056_338_2160_MAR_R_NT_004.SEN3
3181def1-9634-3bba-9582-db1600d32ec4,S3A_OL_1_EFR____20180718T150745_20180718T151045_20240531T010836_0179_033_296_2340_MAR_R_NT_004.SEN3
dd98cba3-350f-3ae2-99e2-6a8ac70858b4,S3A_OL_1_EFR____20181218T154120_20181218T154420_20240531T125449_0179_039_168_2340_MAR_R_NT_004.SEN3
3ee2aab9-4e39-35c3-a35c-30dc89175c2c,S3A_OL_1_EFR____20200629T154602_20200629T154902_20240602T062340_0179_060_054_2160_MAR_R_NT_004.SEN3
79332d86-c876-39f1-8013-f6a4bb626d41,S3B_OL_1_EFR____20230325T150953_20230325T151253_20240527T162438_0180_077_296_2340_MAR_R_NT_004.SEN3
ea2503ea-b139-3959-840e-1f6b9c096af8,S3B_OL_1_EFR____20250623T152224_20250623T152524_20250624T161111_0179_108_068_2160_ESA_O_NT_004.SEN3
34cbbbe5-80c9-3cf0-bd9c-f66ff9bda7ff,S3A_OL_1_EFR____20230911T140031_20230911T140331_20240919T181622_0179_103_167_2340_MAR_R_NT_004.SEN3
6d3e4416-13e7-38e5-adae-51c9f9b26c78,S3A_OL_1_EFR____20240125T151521_20240125T151821_20240920T054609_0179_108_182_2340_MAR_R_NT_004.SEN3
8016e187-4080-38a9-9db1-3701ef9f3f57,S3A_OL_1_EFR____20220418T144618_20220418T144918_20240605T025118_0179_084_196_2160_MAR_R_NT_004.SEN3
1d97537e-d9b3-4717-b970-f79889b21075,S3A_OL_1_EFR____20250714T151915_20250714T152215_20250715T160959_0180_128_125_2340_PS1_O_NT_004.SEN3
50caeac1-83a6-3ce4-a8af-c6d7a648ca0d,S3A_OL_1_EFR____20180528T134912_20180528T135212_20240530T192711_0179_031_338_2340_MAR_R_NT_004.SEN3
702b26d5-4079-45ab-a8b9-e56963afeb85,S3A_OL_1_EFR____20240816T134535_20240816T134835_20240817T140722_0179_116_010_2340_PS1_O_NT_004.SEN3
3b7aac56-2ad4-3a24-99e4-9493d0675e06,S3B_OL_1_EFR____20201024T143554_20201024T143854_20240526T135252_0179_045_039_2340_MAR_R_NT_004.SEN3
f5a6182f-1d49-370b-bc3c-7558e9ce625a,S3B_OL_1_EFR____20240111T135556_20240111T135856_20240921T064927_0180_088_224_2160_MAR_R_NT_004.SEN3
43584b11-b75d-4082-998f-aaa96c5ee489,S3B_OL_1_EFR____20251102T150301_20251102T150601_20251103T151908_0180_113_025_2340_ESA_O_NT_004.SEN3
ead29797-409f-3217-8d3a-9b3cf6bb1b5b,S3B_OL_1_EFR____20230601T154724_20230601T155024_20240627T173413_0179_080_111_2340_MAR_R_NT_004.SEN3
45103378-4b20-3e49-ac97-be8bc9c7b265,S3A_OL_1_EFR____20181026T151515_20181026T151815_20240531T090300_0179_037_182_2340_MAR_R_NT_004.SEN3
7adf7936-315d-3d01-aebe-057be15d5b3f,S3B_OL_1_EFR____20220318T155133_20220318T155433_20240523T184322_0179_063_382_2160_MAR_R_NT_004.SEN3
2760f810-5261-3294-8331-846f95f319fd,S3A_OL_1_EFR____20200703T154217_20200703T154517_20240602T055725_0179_060_111_2160_MAR_R_NT_004.SEN3
b29ad3e0-7e49-341b-a46e-2eb3274b5186,S3B_OL_1_EFR____20230724T142939_20230724T143239_20240627T162106_0179_082_096_2160_MAR_R_NT_004.SEN3
31ad5125-434b-360c-8dc4-f40ece985601,S3B_OL_1_EFR____20250508T151748_20250508T152048_20250509T160732_0179_106_182_2340_ESA_O_NT_004.SEN3
8239c19d-79a5-3a97-8aae-e4ced80cc466,S3B_OL_1_EFR____20200801T155128_20200801T155428_20240526T090854_0179_041_382_2160_MAR_R_NT_004.SEN3
4d209a42-8917-365b-bcea-223773cf5b1b,S3B_OL_1_EFR____20180603T143316_20180603T143616_20240620T125434_0179_008_039_2340_MAR_R_NT_004.SEN3
4fdde6a9-6c7a-3ef3-aab2-441c938f17f5,S3A_OL_1_EFR____20220910T152721_20220910T153021_20240605T131624_0180_089_339_2160_MAR_R_NT_004.SEN3
aa834369-d6c5-3dce-bee4-480c55c966ec,S3B_OL_1_EFR____20180817T134538_20180817T134838_20240620T203138_0179_011_338_2160_MAR_R_NT_004.SEN3
84d5fd4d-b9c0-348c-b65d-3168cc4dbb8a,S3A_OL_1_EFR____20230905T145336_20230905T145636_20240919T195857_0179_103_082_2160_MAR_R_NT_004.SEN3
f1835ac8-175a-38d6-a6e2-02ce68567868,S3B_OL_1_EFR____20250223T135527_20250223T135827_20250224T142917_0179_103_281_2340_ESA_O_NT_004.SEN3
53b7858a-3995-3a8a-82b2-2596600e6b79,S3B_OL_1_EFR____20230305T152535_20230305T152835_20240527T184659_0180_077_011_2160_MAR_R_NT_004.SEN3
f8b74d76-4608-3f41-93d3-b9bdad8d6464,S3A_OL_1_EFR____20230921T144139_20230921T144439_20240919T201156_0179_103_310_2340_MAR_R_NT_004.SEN3
444860b3-f3ab-3af5-ab5f-65838728dca0,S3A_OL_1_EFR____20221211T140415_20221211T140715_20240605T183901_0179_093_110_2340_MAR_R_NT_004.SEN3
571f6169-88f0-307e-ab4e-f30e77096705,S3B_OL_1_EFR____20211027T153551_20211027T153851_20240527T075707_0179_058_282_2340_MAR_R_NT_004.SEN3
5a8c3dcd-b7fa-30a2-8eae-ce278a7d1c37,S3A_OL_1_EFR____20230716T151905_20230716T152205_20240628T025254_0179_101_125_2340_MAR_R_NT_004.SEN3
ec0611ca-f491-33c4-8f30-36fb014437f4,S3A_OL_1_EFR____20240709T151140_20240709T151440_20240920T182221_0179_114_239_2340_MAR_R_NT_004.SEN3
123c46b4-6cd5-40f1-9dd8-8e18fecf63c2,S3B_OL_1_EFR____20250104T134841_20250104T135141_20250104T220319_0179_101_338_2160_PS2_O_NT_004.SEN3
a09a78e9-67ec-323c-9d8b-18a918409699,S3A_OL_1_EFR____20220710T135354_20220710T135654_20240605T100504_0179_087_224_2160_MAR_R_NT_004.SEN3
1338f721-14fc-30e6-be42-6438ebd75a07,S3B_OL_1_EFR____20240123T152843_20240123T153143_20240921T074943_0179_089_011_2340_MAR_R_NT_004.SEN3
b40ccc92-c02e-3007-b8b1-4cdeb6fa8dce,S3B_OL_1_EFR____20211019T135919_20211019T140219_20240527T085420_0179_058_167_2160_MAR_R_NT_004.SEN3
65cd3091-8feb-3674-ad20-533cee8af707,S3B_OL_1_EFR____20200802T152817_20200802T153117_20240526T111222_0179_042_011_2340_MAR_R_NT_004.SEN3
026a5ea0-9c53-3b28-ae55-bbcaa0edbc0c,S3B_OL_1_EFR____20240511T150242_20240511T150542_20240921T154121_0179_093_025_2340_MAR_R_NT_004.SEN3
91b85d96-c07f-37cd-bc51-265422c11c99,S3B_OL_1_EFR____20180805T135654_20180805T135954_20240620T184634_0179_011_167_2160_MAR_R_NT_004.SEN3
f07447d6-862e-3e51-9030-003888bbef04,S3B_OL_1_EFR____20181015T145645_20181015T145945_20240621T033404_0179_014_025_2160_MAR_R_NT_004.SEN3
d3648247-9840-39aa-837c-b3a5b8a29576,S3B_OL_1_EFR____20230214T152107_20230214T152407_20240527T125047_0179_076_125_2340_MAR_R_NT_004.SEN3
3b944f32-3b0c-3d6a-b38c-7f2ef5258b91,S3B_OL_1_EFR____20180727T143035_20180727T143335_20240620T170329_0179_011_039_2160_MAR_R_NT_004.SEN3
efe22b7f-6e71-3548-a4d4-b6083204d0a3,S3A_OL_1_EFR____20190922T135259_20190922T135559_20240601T092141_0179_049_281_2340_MAR_R_NT_004.SEN3
4529b105-d889-3eb5-9604-d42decda23d8,S3B_OL_1_EFR____20210118T154658_20210118T154958_20240526T201429_0180_048_111_2340_MAR_R_NT_004.SEN3
0977951a-65f5-3aaa-8afc-98e2e79c51e1,S3A_OL_1_EFR____20220221T154137_20220221T154437_20240604T222932_0179_082_168_2340_MAR_R_NT_004.SEN3
be5eb29c-ad09-3d1d-87bc-bbbc75597898,S3B_OL_1_EFR____20220412T150557_20220412T150857_20240523T193629_0179_064_353_2340_MAR_R_NT_004.SEN3
785a6630-718b-42e2-bf95-ee2ea72099d4,S3A_OL_1_EFR____20241112T154515_20241112T154815_20241113T160619_0179_119_111_2340_PS1_O_NT_004.SEN3
555ea5f6-2d0d-4c94-a878-0664006d3762,S3A_OL_1_EFR____20250801T154954_20250801T155254_20250802T164446_0180_128_382_2160_PS1_O_NT_004.SEN3
00879f04-5f07-35e0-a654-0b0fcf897ed9,S3A_OL_1_EFR____20180428T150745_20180428T151045_20240530T172040_0179_030_296_2340_MAR_R_NT_004.SEN3
3d5840cd-c4d3-3eb1-8368-a824a1d4dba9,S3A_OL_1_EFR____20181218T140020_20181218T140320_20240531T121439_0180_039_167_2340_MAR_R_NT_004.SEN3
806fbb1a-0d69-330f-adfd-f3102a9f2c82,S3A_OL_1_EFR____20200723T152635_20200723T152935_20240602T081240_0179_061_011_2340_MAR_R_NT_004.SEN3
afa9566a-2e62-4963-a4ee-b44157789505,S3A_OL_1_EFR____20250304T154133_20250304T154433_20250305T162737_0179_123_168_2340_PS1_O_NT_004.SEN3
5c3e8ad8-26a9-38b2-94ea-2c9cae22cf42,S3A_OL_1_EFR____20230808T152246_20230808T152546_20240919T160237_0179_102_068_2340_MAR_R_NT_004.SEN3
2a412b6e-cfd8-38c8-b48e-c67e14db5aae,S3A_OL_1_EFR____20180215T143103_20180215T143403_20240530T115453_0179_028_039_2160_MAR_R_NT_004.SEN3
1b0a90c5-44dc-357e-8d59-87e69d78f8fc,S3B_OL_1_EFR____20220728T134822_20220728T135122_20240524T023517_0179_068_338_2160_MAR_R_NT_004.SEN3
9faea7ee-cdb2-379d-98f4-e5717c91580d,S3A_OL_1_EFR____20220416T154139_20220416T154439_20240605T024129_0179_084_168_2340_MAR_R_NT_004.SEN3
37c46d96-1abe-3ffa-ac85-8f5c5e624595,S3B_OL_1_EFR____20220126T143559_20220126T143858_20240523T143119_0179_062_039_2340_MAR_R_NT_004.SEN3
3d71be2d-03d8-30f3-a06c-a1cce05da719,S3A_OL_1_EFR____20220325T151143_20220325T151443_20240605T011935_0179_083_239_2340_MAR_R_NT_004.SEN3
70ce2835-ceb0-3367-a6e3-95ab631b53e7,S3B_OL_1_EFR____20230517T135210_20230517T135510_20240527T231611_0179_079_281_2160_MAR_R_NT_004.SEN3
e0be0368-64c4-3f07-9216-dce4a2f32783,S3B_OL_1_EFR____20220508T153214_20220508T153514_20240523T210830_0179_065_339_2340_MAR_R_NT_004.SEN3
85cb4a69-0688-4d5e-aa7c-d189f7cd47fe,S3A_OL_1_EFR____20241103T143758_20241103T144058_20241104T150032_0179_118_367_2340_PS1_O_NT_004.SEN3
83399ff1-87d2-3ca8-b81f-8ca3982112bc,S3A_OL_1_EFR____20231008T154131_20231008T154431_20240919T221818_0179_104_168_2340_MAR_R_NT_004.SEN3
d59727be-72c9-3966-85ff-d3f36cfb5f71,S3B_OL_1_EFR____20250504T151831_20250504T152131_20250505T164451_0179_106_125_2160_ESA_O_NT_004.SEN3
e145d4fb-bf12-3f21-892f-49006b8a3e6f,S3A_OL_1_EFR____20190722T154129_20190722T154429_20240601T034604_0179_047_168_2340_MAR_R_NT_004.SEN3
133b7351-8ec4-3c26-84b9-978a3d7e8a5a,S3B_OL_1_EFR____20190116T154730_20190116T155030_20240525T054123_0179_021_054_2160_MAR_R_NT_004.SEN3
da18bd3e-03f9-3673-bad8-1fa661ca2662,S3A_OL_1_EFR____20210422T154606_20210422T154906_20240603T060740_0179_071_054_2160_MAR_R_NT_004.SEN3
319f3a87-b788-370d-b576-31f745c8a50f,S3A_OL_1_EFR____20180721T134912_20180721T135212_20240531T013456_0179_033_338_2340_MAR_R_NT_004.SEN3
3804e4fc-43bc-3634-ad49-d961cf8caedc,S3B_OL_1_EFR____20250422T152942_20250422T153242_20250423T161510_0179_105_339_2160_ESA_O_NT_004.SEN3
5fe47ffe-659c-3b95-a4d9-142b76951aaf,S3A_OL_1_EFR____20201116T151903_20201116T152203_20240602T162822_0179_065_125_2340_MAR_R_NT_004.SEN3
4f06e9de-7c62-3129-975f-c0f5f72f7176,S3B_OL_1_EFR____20181104T142038_20181104T142338_20240621T041608_0179_016_310_2160_MAR_R_NT_004.SEN3
7cdaa720-00ad-3559-a3b7-77298e2960d7,S3B_OL_1_EFR____20220705T134436_20220705T134736_20240524T011351_0179_068_010_2160_MAR_R_NT_004.SEN3
1b82f3bb-d583-3a40-971a-08a66f237540,S3B_OL_1_EFR____20240130T140326_20240130T140626_20240921T100855_0179_089_110_2160_MAR_R_NT_004.SEN3
d344742a-3d83-3590-82bf-4c124fd18e6e,S3B_OL_1_EFR____20230723T145550_20230723T145850_20240627T190834_0180_082_082_2160_MAR_R_NT_004.SEN3
42fece7c-de84-3f53-a678-f33f3aa1a8bf,S3B_OL_1_EFR____20190824T154347_20190824T154647_20240525T142214_0180_029_111_2160_MAR_R_NT_004.SEN3
e0f736df-34e1-39df-b696-f6a696532a7f,S3B_OL_1_EFR____20240115T153310_20240115T153610_20240921T080712_0179_088_282_2160_MAR_R_NT_004.SEN3
d2da6524-757e-3ad8-9f5d-6abd4d072e77,S3B_OL_1_EFR____20240621T135910_20240621T140210_20240921T181716_0180_094_224_2340_MAR_R_NT_004.SEN3
d14a0743-6324-360d-be52-69e261a3ee0a,S3A_OL_1_EFR____20230227T151949_20230227T152249_20240605T235329_0179_096_068_2160_MAR_R_NT_004.SEN3
af63b435-79d6-37d1-a3db-b888374dfaba,S3B_OL_1_EFR____20220111T142147_20220111T142447_20240523T153628_0179_061_210_2160_MAR_R_NT_004.SEN3
78ee1a8d-5e2c-4631-827c-14c4e67f0e86,S3A_OL_1_EFR____20250221T152337_20250221T152637_20250222T161626_0179_123_011_2160_PS1_O_NT_004.SEN3
82eae4d8-cd08-4a16-941e-ea43f75bff42,S3B_OL_1_EFR____20240824T144022_20240824T144322_20240824T230656_0179_096_367_2340_PS2_O_NT_004.SEN3
1f3af50e-9fc8-3fbc-a8cd-2d7c72b77956,S3B_OL_1_EFR____20240222T154813_20240222T155113_20240921T111302_0180_090_054_2160_MAR_R_NT_004.SEN3
14589a9e-50de-31c4-9ab7-81e2bc03eef6,S3B_OL_1_EFR____20191210T154648_20191210T154948_20240525T234400_0179_033_111_2340_MAR_R_NT_004.SEN3
9e7656aa-f92a-44a1-945d-850ae69ec3b7,S3A_OL_1_EFR____20250702T134629_20250702T134929_20250703T143607_0179_127_338_2160_PS1_O_NT_004.SEN3
b5861f46-0afa-32ac-b309-74f729be2a62,S3A_OL_1_EFR____20180221T151556_20180221T151856_20240530T114313_0179_028_125_2160_MAR_R_NT_004.SEN3
26fb9614-5d70-37ad-8c4c-14c29eae939e,S3A_OL_1_EFR____20210204T140119_20210204T140419_20240602T225844_0179_068_110_2160_MAR_R_NT_004.SEN3
2f4c243d-677c-3c32-8b0f-df617db4cc11,S3B_OL_1_EFR____20220728T135122_20220728T135422_20240524T023533_0179_068_338_2340_MAR_R_NT_004.SEN3
8cc45d45-da35-31be-a815-a829571f2328,S3B_OL_1_EFR____20210910T155138_20210910T155438_20240527T075220_0179_056_382_2160_MAR_R_NT_004.SEN3
7999f4c9-cf74-37df-8df1-928185fa29cf,S3A_OL_1_EFR____20191013T144907_20191013T145207_20240601T103041_0179_050_196_2340_MAR_R_NT_004.SEN3
d0a00c73-4e65-3de9-a236-fe0870a933e9,S3B_OL_1_EFR____20220112T135836_20220112T140136_20240523T143141_0180_061_224_2340_MAR_R_NT_004.SEN3
f46f24dd-1e95-3f45-9884-3e2ba934402e,S3B_OL_1_EFR____20190531T140632_20190531T140932_20240525T102658_0179_026_053_2160_MAR_R_NT_004.SEN3
7d396154-e742-4cac-ac06-e089fcd01b9c,S3B_OL_1_EFR____20251119T142153_20251119T142453_20251120T152828_0179_113_267_2340_ESA_O_NT_004.SEN3
039dbcb1-a86e-333f-a729-e74c13286167,S3B_OL_1_EFR____20180916T154905_20180916T155205_20240621T002846_0179_012_382_2160_MAR_R_NT_004.SEN3
a141541d-9c77-4514-92f5-27dd07d6d2e8,S3A_OL_1_EFR____20250217T134623_20250217T134923_20250218T143207_0179_122_338_2160_PS1_O_NT_004.SEN3
65f8cf9e-f840-3a12-8d12-88d602bf05b9,S3B_OL_1_EFR____20200531T142054_20200531T142354_20240526T094102_0179_039_267_2340_MAR_R_NT_004.SEN3
1679d847-cb78-3f90-8e9a-2f0ce3fd7e0a,S3A_OL_1_EFR____20220114T152340_20220114T152640_20240604T082154_0179_081_011_2160_MAR_R_NT_004.SEN3
81d32f03-8a8e-3f73-b4eb-9e54bee40f03,S3A_OL_1_EFR____20211117T134923_20211117T135223_20240604T035906_0179_078_338_2340_MAR_R_NT_004.SEN3
cf33fe73-99ab-338b-881c-5e97b0ef4748,S3B_OL_1_EFR____20220519T154713_20220519T155013_20240523T220337_0179_066_111_2340_MAR_R_NT_004.SEN3
3f8838cd-9fec-313a-bb05-18bfe5e98aca,S3A_OL_1_EFR____20210124T134921_20210124T135221_20240602T225959_0180_067_338_2340_MAR_R_NT_004.SEN3
ebedd3ad-7d30-3e6b-b02e-028878de84e0,S3B_OL_1_EFR____20191006T134748_20191006T135048_20240525T210321_0179_030_338_2160_MAR_R_NT_004.SEN3
c2027b43-9007-4f1b-a4a4-1cee2aeddfc6,S3A_OL_1_EFR____20250224T154602_20250224T154902_20250225T163726_0179_123_054_2160_PS1_O_NT_004.SEN3
fac5583b-b1ff-38f6-9bfe-b4ef803ad88f,S3A_OL_1_EFR____20240630T154222_20240630T154522_20240920T180755_0179_114_111_2160_MAR_R_NT_004.SEN3
64d12d7d-37aa-3fd6-9355-5c988664d5ec,S3B_OL_1_EFR____20201030T151748_20201030T152048_20240526T163346_0179_045_125_2160_MAR_R_NT_004.SEN3
a0565a0a-d27d-4ef3-a774-806111fb983a,S3A_OL_1_EFR____20241118T144910_20241118T145210_20241119T150933_0180_119_196_2340_PS1_O_NT_004.SEN3
c8de65b3-c829-3c71-98e7-fc6354d26e7c,S3B_OL_1_EFR____20200809T154359_20200809T154659_20240526T114023_0179_042_111_2160_MAR_R_NT_004.SEN3
d8a59b90-0bd8-34aa-bdae-c09a27e8c797,S3A_OL_1_EFR____20231012T135347_20231012T135647_20240919T221537_0179_104_224_2160_MAR_R_NT_004.SEN3
cdb66b8f-6064-3040-bc26-35a0ddb526d3,S3A_OL_1_EFR____20220910T153021_20220910T153321_20240605T131648_0179_089_339_2340_MAR_R_NT_004.SEN3
57e6cf44-0a2b-375a-814d-0c0a3cfba00c,S3A_OL_1_EFR____20221019T151908_20221019T152208_20240605T150543_0179_091_125_2340_MAR_R_NT_004.SEN3
d1fefabe-cf25-3fed-900b-9abd8cc85be9,S3B_OL_1_EFR____20180821T152553_20180821T152853_20240620T193344_0179_012_011_2340_MAR_R_NT_004.SEN3
80f3c353-f4e2-420c-9d7c-d542519501e3,S3A_OL_1_EFR____20250812T142652_20250812T142952_20250813T151604_0179_129_153_2340_PS1_O_NT_004.SEN3
9ab21b13-5428-3344-8d2d-46320fafdcb5,S3A_OL_1_EFR____20230705T150407_20230705T150707_20240628T041945_0179_100_353_2340_MAR_R_NT_004.SEN3
a07671e9-4d08-3778-a650-96f41b234b67,S3B_OL_1_EFR____20250503T154441_20250503T154741_20250504T154113_0180_106_111_2160_ESA_O_NT_004.SEN3
bad6e475-f5f9-3c1d-9608-7116b7245e91,S3B_OL_1_EFR____20190818T150155_20190818T150455_20240525T164850_0180_029_025_2340_MAR_R_NT_004.SEN3
3a7ef7e8-62ae-3e88-8af0-9d2f7ea27040,S3B_OL_1_EFR____20190623T155114_20190623T155414_20240525T124521_0179_026_382_2160_MAR_R_NT_004.SEN3
8b253376-edf3-33a1-ad11-12502777e152,S3A_OL_1_EFR____20190719T151903_20190719T152203_20240601T023618_0179_047_125_2340_MAR_R_NT_004.SEN3
180c4fc5-d303-30cc-84d0-104f699cbc68,S3A_OL_1_EFR____20180817T134908_20180817T135208_20240531T024242_0179_034_338_2340_MAR_R_NT_004.SEN3
2373ee13-379e-378c-a9ff-c46f45fa6bbe,S3A_OL_1_EFR____20190803T152715_20190803T153015_20240601T034504_0179_047_339_2160_MAR_R_NT_004.SEN3
8fd503ba-48fa-3952-9861-0183fd182fbf,S3A_OL_1_EFR____20190210T135725_20190210T140025_20240531T161818_0179_041_167_2160_MAR_R_NT_004.SEN3
5e92525e-b510-33ae-af8b-e04c01c01cec,S3B_OL_1_EFR____20220728T152922_20220728T153222_20240524T030447_0180_068_339_2160_MAR_R_NT_004.SEN3
479ecf78-70c4-3e6f-9735-e9f8aa8acc20,S3A_OL_1_EFR____20220502T152343_20220502T152643_20240605T033623_0179_085_011_2160_MAR_R_NT_004.SEN3
5cf3cf59-4975-3bdf-91d7-3786958cc5a1,S3A_OL_1_EFR____20230329T140122_20230329T140422_20240606T014803_0179_097_110_2160_MAR_R_NT_004.SEN3
473e1f99-904b-358a-b308-f0261db039c3,S3B_OL_1_EFR____20250418T135227_20250418T135527_20250419T140348_0179_105_281_2160_ESA_O_NT_004.SEN3
ba62fdb8-4e8e-377d-8b74-7efaf279bd25,S3A_OL_1_EFR____20210720T135739_20210720T140039_20240603T131433_0179_074_167_2160_MAR_R_NT_004.SEN3
cee0dfc8-72fa-34d3-9f9c-68080de4a78d,S3B_OL_1_EFR____20180608T140040_20180608T140340_20240620T151456_0179_009_110_2160_MAR_R_NT_004.SEN3
7c90cc66-81a2-361b-b932-3d29f8cab142,S3A_OL_1_EFR____20230928T150020_20230928T150320_20240919T215957_0180_104_025_2340_MAR_R_NT_004.SEN3
cb1476ac-d5ae-3f83-a539-e45316745214,S3B_OL_1_EFR____20220701T153219_20220701T153519_20240524T011157_0179_067_339_2340_MAR_R_NT_004.SEN3
2646d420-36e9-329f-bc40-deb28f693feb,S3B_OL_1_EFR____20250716T134811_20250716T135111_20250717T151157_0179_109_010_2340_ESA_O_NT_004.SEN3
55c1e504-89f4-35c6-8815-9d414e792230,S3A_OL_1_EFR____20210217T150753_20210217T151053_20240603T005526_0179_068_296_2340_MAR_R_NT_004.SEN3
23c80656-309f-3ce1-9eb1-d316960d674e,S3A_OL_1_EFR____20230115T135349_20230115T135649_20240605T202534_0180_094_224_2160_MAR_R_NT_004.SEN3
95245a5f-04b7-4312-929d-64419f6a0350,S3A_OL_1_EFR____20250117T153406_20250117T153706_20250118T160240_0180_121_282_2340_PS1_O_NT_004.SEN3
939218c7-ac97-3947-a81b-3c4a295d1200,S3A_OL_1_EFR____20191206T144901_20191206T145201_20240601T143210_0179_052_196_2340_MAR_R_NT_004.SEN3
a56fe9b2-e672-37cb-b601-10df0881c92c,S3A_OL_1_EFR____20220719T150411_20220719T150711_20240605T103523_0179_087_353_2340_MAR_R_NT_004.SEN3
9dc9a331-ac0a-3c21-b82b-050eeb5cc70c,S3A_OL_1_EFR____20240329T155332_20240329T155632_20240920T115224_0180_110_325_2160_MAR_R_NT_004.SEN3
185a318d-4164-32bf-885b-90e258cd629f,S3B_OL_1_EFR____20250307T134415_20250307T134715_20250308T152832_0179_104_067_2340_ESA_O_NT_004.SEN3
e7650410-55c2-3eb2-9796-97a87772c8f9,S3B_OL_1_EFR____20180917T134155_20180917T134455_20240620T221919_0179_013_010_2160_MAR_R_NT_004.SEN3
ad26ecd3-8a25-3078-99a9-6bc928cfec82,S3B_OL_1_EFR____20221021T134734_20221021T135034_20240524T071659_0180_072_010_2340_MAR_R_NT_004.SEN3
91d4815e-0273-35e1-a72a-67531020a56a,S3B_OL_1_EFR____20190124T154302_20190124T154602_20240525T080707_0180_021_168_2340_MAR_R_NT_004.SEN3
aaaf8bdf-1785-3123-bfaf-973cb5951d86,S3A_OL_1_EFR____20230119T153403_20230119T153703_20240605T212336_0179_094_282_2340_MAR_R_NT_004.SEN3
a492eba7-1a58-3b66-8ee9-6754cd4b3fd2,S3B_OL_1_EFR____20240417T152204_20240417T152504_20240921T130545_0179_092_068_2160_MAR_R_NT_004.SEN3
8fd933ed-c6b9-4391-9dea-07fabdd674be,S3A_OL_1_EFR____20250309T151137_20250309T151437_20250310T160257_0179_123_239_2340_PS1_O_NT_004.SEN3
17e0e522-0374-48cd-abbd-ce1e63b76e3a,S3A_OL_1_EFR____20250113T153449_20250113T153749_20250114T160105_0179_121_225_2160_PS1_O_NT_004.SEN3
5e5418cb-b446-3c88-984b-7755527ff24e,S3A_OL_1_EFR____20200907T153400_20200907T153700_20240602T115419_0179_062_282_2340_MAR_R_NT_004.SEN3
6a50f55d-e202-393a-8af0-f36c1895b8a2,S3B_OL_1_EFR____20190612T153616_20190612T153916_20240525T110232_0179_026_225_2160_MAR_R_NT_004.SEN3
28fa798f-933d-39f7-8ad7-475644a954f0,S3A_OL_1_EFR____20201016T151950_20201016T152250_20240602T151821_0179_064_068_2160_MAR_R_NT_004.SEN3
3b8af9d8-818f-32fe-a75f-6ea723e214b8,S3B_OL_1_EFR____20180703T145603_20180703T145903_20240620T154420_0179_010_082_2340_MAR_R_NT_004.SEN3
f7b8d877-570a-3053-8086-ec53c35a0bb4,S3A_OL_1_EFR____20231209T153059_20231209T153359_20240920T030134_0179_106_282_2160_MAR_R_NT_004.SEN3
c8a2024c-7d8e-3c07-964b-08fab1285afa,S3B_OL_1_EFR____20221206T153606_20221206T153906_20240524T102706_0179_073_282_2340_MAR_R_NT_004.SEN3
e7848c2b-251c-3efb-b698-0f29d6fa0554,S3B_OL_1_EFR____20220705T134736_20220705T135036_20240524T011410_0179_068_010_2340_MAR_R_NT_004.SEN3
f8329393-a694-3df3-ba25-b933db6af8b9,S3B_OL_1_EFR____20220426T135924_20220426T140224_20240523T201848_0180_065_167_2160_MAR_R_NT_004.SEN3
f209433c-0d46-3233-9366-ca9c759be7c4,S3B_OL_1_EFR____20240223T134403_20240223T134703_20240921T091123_0179_090_067_2340_MAR_R_NT_004.SEN3
82112614-96d9-3f29-a119-3ce3de7df417,S3B_OL_1_EFR____20190528T134406_20190528T134706_20240525T112407_0179_026_010_2160_MAR_R_NT_004.SEN3
b1dc40aa-3ec3-30ad-8408-e47dacdeda9c,S3A_OL_1_EFR____20180601T134528_20180601T134828_20240530T203100_0179_032_010_2340_MAR_R_NT_004.SEN3
a6d0245a-c964-450e-a7ec-40e9b7708beb,S3A_OL_1_EFR____20251014T135312_20251014T135612_20251015T144926_0179_131_281_2340_PS1_O_NT_004.SEN3
6833bf92-2f02-3087-b2cd-7d7484a415a3,S3A_OL_1_EFR____20200908T150749_20200908T151049_20240602T115106_0180_062_296_2340_MAR_R_NT_004.SEN3
a90add92-0fa7-3b6c-9595-71b90ab7dfaa,S3A_OL_1_EFR____20200815T134918_20200815T135218_20240602T091308_0179_061_338_2340_MAR_R_NT_004.SEN3
39a9bb66-6ec7-3abf-83dc-f0940a44262f,S3A_OL_1_EFR____20240603T154523_20240603T154823_20240920T172236_0179_113_111_2340_MAR_R_NT_004.SEN3
1d2e5f9f-cb42-3fcd-b4da-f0aec5d68ae5,S3A_OL_1_EFR____20211206T153750_20211206T154050_20240604T051844_0179_079_225_2340_MAR_R_NT_004.SEN3
2d66f45e-7462-3090-bf9e-3e3f592d6860,S3B_OL_1_EFR____20221028T154718_20221028T155018_20240524T083110_0179_072_111_2340_MAR_R_NT_004.SEN3
0cf85639-e4ff-34a8-a4cb-1a0bbd7ec467,S3B_OL_1_EFR____20180616T135612_20180616T135912_20240620T144147_0180_009_224_2340_MAR_R_NT_004.SEN3
fb286d44-2d8c-3076-8e0a-868e1b208494,S3A_OL_1_EFR____20181006T153057_20181006T153357_20240531T065938_0179_036_282_2160_MAR_R_NT_004.SEN3
c28f7b87-85e8-3469-bc82-100199b5a2e2,S3B_OL_1_EFR____20250624T145613_20250624T145913_20250625T160310_0179_108_082_2160_ESA_O_NT_004.SEN3
28bb345f-caeb-332f-a513-6fbc575e7ac8,S3B_OL_1_EFR____20240130T154725_20240130T155025_20240921T104446_0179_089_111_2340_MAR_R_NT_004.SEN3
54a02819-3f53-3337-b83d-da34c1c627ba,S3B_OL_1_EFR____20181130T142511_20181130T142811_20240621T074844_0179_019_153_2160_MAR_R_NT_004.SEN3
53d5711c-c2e1-3ff5-a11a-f83ad5015825,S3B_OL_1_EFR____20240317T152545_20240317T152845_20240921T122241_0180_091_011_2160_MAR_R_NT_004.SEN3
54c3bce1-6c7c-38f8-ac5a-60bcc1f1a58c,S3A_OL_1_EFR____20200421T135649_20200421T135949_20240602T010546_0179_057_224_2340_MAR_R_NT_004.SEN3
d4e48f23-f9a1-3177-a4f0-5aef49f45ccc,S3B_OL_1_EFR____20200110T154303_20200110T154603_20240525T231709_0179_034_168_2340_MAR_R_NT_004.SEN3
232b268d-dc8f-3eb2-8cd1-48036b12fde4,S3A_OL_1_EFR____20240220T154132_20240220T154432_20240920T091648_0179_109_168_2340_MAR_R_NT_004.SEN3
b4852ff4-a99b-3fc4-aad3-cc8a1a3c11b0,S3B_OL_1_EFR____20180925T151827_20180925T152127_20240621T004826_0179_013_125_2340_MAR_R_NT_004.SEN3
aa729201-b257-3123-a8b1-4d79b05bd547,S3B_OL_1_EFR____20220418T154752_20220418T155052_20240523T210503_0179_065_054_2160_MAR_R_NT_004.SEN3
c108ad5c-ffc7-39cd-836b-45d6bfbbd707,S3B_OL_1_EFR____20250310T140342_20250310T140642_20250311T145226_0179_104_110_2160_ESA_O_NT_004.SEN3
9827afb0-4b95-3009-b3f8-da1e342e15d9,S3A_OL_1_EFR____20191118T141524_20191118T141824_20240601T133014_0179_051_324_2340_MAR_R_NT_004.SEN3
4d043bf9-65d1-3328-88e1-4b8b8dd34a15,S3B_OL_1_EFR____20230813T155157_20230813T155457_20240920T225456_0180_082_382_2160_MAR_R_NT_004.SEN3
61a87b12-0104-3f56-a71f-6ef1e914e382,S3A_OL_1_EFR____20180620T135258_20180620T135558_20240530T213331_0179_032_281_2340_MAR_R_NT_004.SEN3
e8bf06f3-24d8-32ea-872e-40a9ca492d22,S3A_OL_1_EFR____20181222T135336_20181222T135636_20240531T130830_0179_039_224_2160_MAR_R_NT_004.SEN3
0e0ffa39-942e-37ea-91f6-24ac402b0f31,S3B_OL_1_EFR____20220523T154328_20220523T154628_20240523T224314_0179_066_168_2340_MAR_R_NT_004.SEN3
bb83b92b-d729-3fe6-89f7-305872c18989,S3A_OL_1_EFR____20191010T142640_20191010T142940_20240601T092300_0179_050_153_2340_MAR_R_NT_004.SEN3
879c12c5-58c5-3d16-902d-ab2b78eaa406,S3B_OL_1_EFR____20220615T154417_20220615T154717_20240524T001327_0180_067_111_2160_MAR_R_NT_004.SEN3
120fe5d8-bb43-425b-8672-6b17fcca9ea9,S3A_OL_1_EFR____20250606T150417_20250606T150717_20250607T155239_0180_126_353_2340_PS1_O_NT_004.SEN3
1ffe0ea4-38ad-38de-8048-2bf0b883dce1,S3B_OL_1_EFR____20200909T135914_20200909T140214_20240526T140721_0179_043_167_2160_MAR_R_NT_004.SEN3
0b11e2dd-5260-3303-89fc-597789c5acd5,S3B_OL_1_EFR____20230316T154033_20230316T154333_20240527T144751_0179_077_168_2160_MAR_R_NT_004.SEN3
cc7909d7-78c4-3927-9c7e-962a6cb93d86,S3B_OL_1_EFR____20181002T135610_20181002T135910_20240621T010940_0179_013_224_2340_MAR_R_NT_004.SEN3
c091521a-f9c8-3bbf-bd01-f1a386c5c86b,S3B_OL_1_EFR____20220206T144756_20220206T145056_20240523T171731_0179_062_196_2160_MAR_R_NT_004.SEN3
3343ff91-a3c9-30eb-927c-a77b0ec88f46,S3A_OL_1_EFR____20200807T135348_20200807T135648_20240602T082201_0180_061_224_2160_MAR_R_NT_004.SEN3
274f97f7-632b-44a2-8032-4404bee0edfd,S3B_OL_1_EFR____20240823T150632_20240823T150932_20240824T000750_0179_096_353_2340_PS2_O_NT_004.SEN3
ede189f2-cff5-3f6f-ac0c-2e48a43c6bdc,S3B_OL_1_EFR____20240412T155159_20240412T155459_20240921T131041_0179_091_382_2160_MAR_R_NT_004.SEN3
8feb5d2f-0c89-3782-8850-2a066b0b597a,S3A_OL_1_EFR____20211206T153450_20211206T153750_20240604T051819_0179_079_225_2160_MAR_R_NT_004.SEN3
ec083d02-e223-3009-b3a6-1ff8489234c3,S3A_OL_1_EFR____20210220T134920_20210220T135220_20240603T013607_0179_068_338_2340_MAR_R_NT_004.SEN3
49389dd5-3478-3c2b-81c6-f00f23c07c43,S3A_OL_1_EFR____20190114T153823_20190114T154123_20240531T143320_0179_040_168_2160_MAR_R_NT_004.SEN3
ed0abc15-b2a1-363d-a2fa-52998d9dc906,S3B_OL_1_EFR____20250723T154752_20250723T155052_20250724T162029_0179_109_111_2340_ESA_O_NT_004.SEN3
9796a78a-d6b7-3975-bfae-a1fd98ac9189,S3A_OL_1_EFR____20191118T155323_20191118T155623_20240601T123745_0180_051_325_2160_MAR_R_NT_004.SEN3
bc76e385-c64e-3614-a6a0-a8082e5ac22f,S3A_OL_1_EFR____20191107T153827_20191107T154127_20240601T123535_0180_051_168_2160_MAR_R_NT_004.SEN3
50dabc52-8f9b-4ab0-9b0a-536d4e95d605,S3A_OL_1_EFR____20240817T150023_20240817T150323_20240818T152305_0179_116_025_2340_PS1_O_NT_004.SEN3
4c5dd891-0919-3c3f-8376-3e626e5b9fd4,S3A_OL_1_EFR____20231108T135344_20231108T135644_20240920T005925_0180_105_224_2160_MAR_R_NT_004.SEN3
4351dc3c-f7e3-3a85-b00c-01c334c06961,S3A_OL_1_EFR____20190122T135256_20190122T135556_20240531T141725_0179_040_281_2340_MAR_R_NT_004.SEN3
275e3228-9fe3-35b6-b500-854acd335efe,S3A_OL_1_EFR____20230815T154126_20230815T154426_20240919T155204_0179_102_168_2340_MAR_R_NT_004.SEN3
4c4bea1f-74ca-398e-8704-803137af6103,S3B_OL_1_EFR____20230517T135510_20230517T135810_20240527T231628_0180_079_281_2340_MAR_R_NT_004.SEN3
240454ba-7164-3e85-a765-94bd94fdc69b,S3B_OL_1_EFR____20190924T140203_20190924T140503_20240525T165243_0179_030_167_2340_MAR_R_NT_004.SEN3
1dc3e759-059d-3392-abd5-128830b55fb9,S3B_OL_1_EFR____20240424T154347_20240424T154647_20240921T140351_0179_092_168_2340_MAR_R_NT_004.SEN3
db9bf123-73f8-3b21-bb0a-499c6eed1f7d,S3A_OL_1_EFR____20190517T154944_20190517T155244_20240531T214909_0179_044_382_2160_MAR_R_NT_004.SEN3
8c5ccaec-96bd-32f6-b4ff-bbec45c5e596,S3A_OL_1_EFR____20190130T134228_20190130T134528_20240531T145912_0179_041_010_2160_MAR_R_NT_004.SEN3
ccd7ee7b-2a45-3be8-b6a4-1252e684e7da,S3A_OL_1_EFR____20180512T140410_20180512T140710_20240530T173757_0179_031_110_2340_MAR_R_NT_004.SEN3
67b6aa20-4c8c-31db-ac34-9d70becbbd04,S3A_OL_1_EFR____20211225T140120_20211225T140420_20240604T071149_0179_080_110_2160_MAR_R_NT_004.SEN3
4dbe8e97-a29e-3ff9-81ad-56b3345eaa2a,S3A_OL_1_EFR____20230414T134626_20230414T134926_20240606T031620_0180_097_338_2160_MAR_R_NT_004.SEN3
a45398cf-7263-324b-bb1e-dbd0428b57ed,S3A_OL_1_EFR____20200428T155331_20200428T155631_20240602T020429_0179_057_325_2160_MAR_R_NT_004.SEN3
cc21812a-a362-3da5-992a-501b18f69def,S3A_OL_1_EFR____20180304T153052_20180304T153352_20240530T120709_0179_028_282_2160_MAR_R_NT_004.SEN3
6517e3bb-42df-4750-af35-c2f466c9c05e,S3B_OL_1_EFR____20240809T142609_20240809T142909_20240809T234851_0179_096_153_2160_PS2_O_NT_004.SEN3
33a0736d-347f-32f2-bc95-4678fdb3e440,S3A_OL_1_EFR____20190629T135646_20190629T135946_20240601T003126_0179_046_224_2340_MAR_R_NT_004.SEN3
c27cccb1-bcf1-3b20-8b72-9b135292750a,S3B_OL_1_EFR____20230602T151813_20230602T152113_20240627T144903_0179_080_125_2160_MAR_R_NT_004.SEN3
7b82c4d9-ba28-37c6-98c8-35b4090c1bf9,S3A_OL_1_EFR____20211021T153023_20211021T153323_20240604T015209_0179_077_339_2340_MAR_R_NT_004.SEN3
c859886a-4087-49a9-a705-15668815cdae,S3B_OL_1_EFR____20250930T141805_20250930T142105_20251001T152552_0179_111_324_2340_ESA_O_NT_004.SEN3
80250673-7688-35c8-9e66-410784a169bb,S3B_OL_1_EFR____20230613T135213_20230613T135513_20240627T151003_0179_080_281_2160_MAR_R_NT_004.SEN3
57d34d1b-ed8a-3179-9b85-518914bd542e,S3B_OL_1_EFR____20240127T134400_20240127T134700_20240921T101349_0179_089_067_2340_MAR_R_NT_004.SEN3
ad9ae2a7-0217-3b22-83c0-023c2ddcf244,S3A_OL_1_EFR____20220811T150754_20220811T151054_20240605T120013_0179_088_296_2340_MAR_R_NT_004.SEN3
711412ac-8888-32d6-a5a6-708f9ec5b441,S3B_OL_1_EFR____20240703T152559_20240703T152859_20240921T185341_0179_095_011_2160_MAR_R_NT_004.SEN3
ecd3943c-89cf-3efb-ac83-3eb6e757b1f0,S3A_OL_1_EFR____20180427T134957_20180427T135257_20240530T161709_0179_030_281_2160_MAR_R_NT_004.SEN3
0776f121-4213-395c-aaf6-cc1ef0137a8e,S3A_OL_1_EFR____20180717T153356_20180717T153656_20240531T010315_0179_033_282_2340_MAR_R_NT_004.SEN3
130a1beb-aebb-3f28-ba97-7a3006d82e89,S3A_OL_1_EFR____20210708T154952_20210708T155252_20240603T124332_0179_073_382_2160_MAR_R_NT_004.SEN3
3450222e-cbc1-3541-9af4-5f0d8259711d,S3B_OL_1_EFR____20240223T152202_20240223T152502_20240921T101254_0179_090_068_2160_MAR_R_NT_004.SEN3
17efe4ff-bbff-4a8e-9e89-61bee2c7bfcf,S3A_OL_1_EFR____20241218T151132_20241218T151432_20241219T153040_0179_120_239_2340_PS1_O_NT_004.SEN3
adca644c-3440-317a-8bf7-3bb4a09566d7,S3A_OL_1_EFR____20231225T151606_20231225T151906_20240920T041845_0179_107_125_2160_MAR_R_NT_004.SEN3
ccf32e3d-bd53-3d85-b8a3-e041f26089e8,S3B_OL_1_EFR____20200516T140639_20200516T140939_20240526T064617_0179_039_053_2160_MAR_R_NT_004.SEN3
06e8a0db-083a-3efa-ae06-5b05bdb1e98f,S3B_OL_1_EFR____20210325T135447_20210325T135747_20240527T005652_0180_050_281_2340_MAR_R_NT_004.SEN3
8a19d6b1-2f38-439b-ab0b-9f9a4075167d,S3A_OL_1_EFR____20241201T154944_20241201T155244_20241202T161422_0179_119_382_2160_PS1_O_NT_004.SEN3
f060ff5d-c021-391c-a35f-5a991c3078c7,S3A_OL_1_EFR____20240217T151606_20240217T151906_20240920T071205_0180_109_125_2160_MAR_R_NT_004.SEN3
433574aa-efc3-312e-9580-60a68212fd31,S3A_OL_1_EFR____20220301T153108_20220301T153408_20240604T232935_0179_082_282_2160_MAR_R_NT_004.SEN3
4c20d3ab-6f15-3714-bd71-42641df5b210,S3A_OL_1_EFR____20230822T141909_20230822T142209_20240919T173127_0179_102_267_2340_MAR_R_NT_004.SEN3
53d6b204-9a83-3606-9116-543339de0f1d,S3A_OL_1_EFR____20211017T135309_20211017T135609_20240604T012452_0179_077_281_2340_MAR_R_NT_004.SEN3
5d72c101-5838-32a4-9472-b4d7c6721c8e,S3A_OL_1_EFR____20221119T151220_20221119T151520_20240605T170637_0179_092_182_2160_MAR_R_NT_004.SEN3
c97256cb-eff0-33e1-9e0a-0f82cabe3b84,S3A_OL_1_EFR____20210725T151142_20210725T151442_20240603T134712_0179_074_239_2340_MAR_R_NT_004.SEN3
3f1784ce-705d-42a4-ac27-7acb314ef529,S3A_OL_1_EFR____20250809T140125_20250809T140425_20250810T144958_0179_129_110_2160_PS1_O_NT_004.SEN3
d915e301-0b7c-48f2-b8ad-255eecc7ba8e,S3A_OL_1_EFR____20250928T140810_20250928T141110_20250929T150535_0179_131_053_2340_PS1_O_NT_004.SEN3
d0b86016-9e42-31f5-a613-df0c58ce90a8,S3B_OL_1_EFR____20250414T153710_20250414T154010_20250415T165621_0179_105_225_2160_ESA_O_NT_004.SEN3
630937aa-6407-3eb1-8c07-dee70b34d029,S3B_OL_1_EFR____20180606T145302_20180606T145602_20240620T142927_0180_009_082_2160_MAR_R_NT_004.SEN3
55a77f63-e050-3f9a-8d26-64e46a96e72d,S3A_OL_1_EFR____20240712T135307_20240712T135607_20240920T193655_0180_114_281_2340_MAR_R_NT_004.SEN3
c254caed-a5de-3333-8bbd-95e1b7c7a475,S3B_OL_1_EFR____20240107T154340_20240107T154640_20240921T061913_0179_088_168_2340_MAR_R_NT_004.SEN3
d8a4a28f-012f-33f4-ae3a-02afbb919937,S3B_OL_1_EFR____20250314T154056_20250314T154356_20250315T153831_0179_104_168_2160_ESA_O_NT_004.SEN3
8460c6c5-db3e-32d0-a9ff-de9a051137cf,S3B_OL_1_EFR____20201003T152044_20201003T152344_20240526T141310_0179_044_125_2340_MAR_R_NT_004.SEN3
045ccc72-c072-4091-abd4-cc89649b0ab5,S3A_OL_1_EFR____20250924T141154_20250924T141454_20250925T151029_0179_130_381_2340_PS1_O_NT_004.SEN3
7b2fbf85-e8a8-3600-8f10-2fe6ebd0fc51,S3A_OL_1_EFR____20211113T153107_20211113T153407_20240604T031449_0179_078_282_2160_MAR_R_NT_004.SEN3
9a327344-b9a4-3f91-ac2e-c26b4eb4802d,S3A_OL_1_EFR____20191107T135728_20191107T140028_20240601T115447_0179_051_167_2160_MAR_R_NT_004.SEN3
83c84c25-0c67-45a9-a4e9-ba4736dace77,S3A_OL_1_EFR____20240901T150834_20240901T151134_20240902T153226_0179_116_239_2160_PS1_O_NT_004.SEN3
230e4438-bfce-31cd-ba72-2481e2296c58,S3B_OL_1_EFR____20230408T154416_20230408T154716_20240527T163551_0180_078_111_2160_MAR_R_NT_004.SEN3
b966002c-111a-3d55-887b-17d9b437bfb6,S3A_OL_1_EFR____20220213T154608_20220213T154908_20240604T220710_0179_082_054_2160_MAR_R_NT_004.SEN3
71be1495-ff6e-3a18-b4df-3fe968c051c8,S3A_OL_1_EFR____20180809T135638_20180809T135938_20240531T022649_0179_034_224_2340_MAR_R_NT_004.SEN3
48edd641-cc9c-3a10-9c87-53077cae5c48,S3B_OL_1_EFR____20200705T155128_20200705T155428_20240526T105655_0179_040_382_2160_MAR_R_NT_004.SEN3
f8fa70e4-a5aa-3823-980d-0aa6c335d86a,S3A_OL_1_EFR____20190529T135731_20190529T140031_20240531T223204_0179_045_167_2160_MAR_R_NT_004.SEN3
737d654d-f2c6-3b5e-88ba-26ec624e81a5,S3B_OL_1_EFR____20210620T143948_20210620T144248_20240527T015526_0179_053_367_2340_MAR_R_NT_004.SEN3
3b641f39-c699-39eb-961e-af60a914424e,S3A_OL_1_EFR____20180902T151509_20180902T151809_20240531T043245_0179_035_182_2340_MAR_R_NT_004.SEN3
8afb11aa-2e8d-3be1-92b4-474f9a8b3000,S3B_OL_1_EFR____20210625T140953_20210625T141253_20240527T060405_0179_054_053_2340_MAR_R_NT_004.SEN3
2220ef42-4c1d-3f99-9cc3-b3f226b07982,S3B_OL_1_EFR____20201114T134804_20201114T135104_20240526T165049_0180_045_338_2160_MAR_R_NT_004.SEN3
ac4483c6-785e-3f7b-8c0a-5af9e16124bd,S3B_OL_1_EFR____20200111T151652_20200111T151952_20240526T024333_0179_034_182_2340_MAR_R_NT_004.SEN3
2cd6a1e9-1207-4eb8-b976-d8146b957e45,S3A_OL_1_EFR____20250626T144535_20250626T144835_20250627T153736_0179_127_253_2340_PS1_O_NT_004.SEN3
fa5ed9c7-590d-36f7-954e-675bcca98b36,S3A_OL_1_EFR____20231101T151605_20231101T151905_20240919T230815_0179_105_125_2160_MAR_R_NT_004.SEN3
a125d70c-33ca-4aa8-b387-8858bca55680,S3A_OL_1_EFR____20250304T153833_20250304T154133_20250305T162737_0179_123_168_2160_PS1_O_NT_004.SEN3
c68cd960-89dc-34aa-bc06-08461f9f4dba,S3A_OL_1_EFR____20191219T140838_20191219T141138_20240601T162939_0179_052_381_2160_MAR_R_NT_004.SEN3
215334ab-41f6-3f5b-8512-7df52a78a63e,S3B_OL_1_EFR____20190802T151653_20190802T151953_20240525T160319_0179_028_182_2340_MAR_R_NT_004.SEN3
5e6bece2-6721-48f4-862b-6ca35b9bd9b7,S3A_OL_1_EFR____20250705T154954_20250705T155254_20250706T164438_0179_127_382_2160_PS1_O_NT_004.SEN3
e989d7bc-f979-3434-8857-aa7c0e2105e3,S3A_OL_1_EFR____20200325T153744_20200325T154044_20240601T232549_0179_056_225_2340_MAR_R_NT_004.SEN3
49c47ad4-2901-3f51-a922-885cfb05f0c4,S3B_OL_1_EFR____20201117T141330_20201117T141630_20240526T161743_0179_045_381_2340_MAR_R_NT_004.SEN3
b4c67375-c13b-3bbe-ad69-a3fa891f4837,S3B_OL_1_EFR____20180725T134157_20180725T134457_20240620T182807_0179_011_010_2160_MAR_R_NT_004.SEN3
d5dd5f7a-1629-3eb5-a691-62de8313d959,S3A_OL_1_EFR____20200803T135733_20200803T140033_20240602T085334_0179_061_167_2160_MAR_R_NT_004.SEN3
30996c91-c6fd-3060-80c1-b77cf5f6160b,S3B_OL_1_EFR____20200102T154732_20200102T155032_20240526T024327_0179_034_054_2160_MAR_R_NT_004.SEN3
ae9bdd0f-48c8-3b65-9c3f-a07548a1325e,S3A_OL_1_EFR____20240515T153453_20240515T153753_20240920T142443_0179_112_225_2160_MAR_R_NT_004.SEN3
bb0e2347-c9ae-3289-8c6b-d3f20f577e19,S3A_OL_1_EFR____20221217T144909_20221217T145209_20240605T183645_0179_093_196_2340_MAR_R_NT_004.SEN3
de936de0-b02a-4f3e-a8c7-a683b3af5862,S3B_OL_1_EFR____20240901T142954_20240901T143254_20240901T225535_0179_097_096_2160_PS2_O_NT_004.SEN3
71478e27-56f6-3356-8f4f-b18c5f9ab359,S3B_OL_1_EFR____20220419T152441_20220419T152741_20240523T194900_0179_065_068_2340_MAR_R_NT_004.SEN3
aecd8110-f627-4545-9d0f-6752b3d3f6cb,S3A_OL_1_EFR____20250114T151138_20250114T151438_20250115T153441_0179_121_239_2340_PS1_O_NT_004.SEN3
281d0a49-7298-3251-aa76-54e0f867672e,S3B_OL_1_EFR____20220227T154405_20220227T154705_20240523T180749_0179_063_111_2160_MAR_R_NT_004.SEN3
e24e0666-967b-3ab6-8844-6cc1b718b7d4,S3B_OL_1_EFR____20190721T152806_20190721T153106_20240525T165134_0179_028_011_2340_MAR_R_NT_004.SEN3
18d98129-852c-32c5-8263-93f00167ed8e,S3A_OL_1_EFR____20240701T151911_20240701T152211_20240920T192743_0179_114_125_2340_MAR_R_NT_004.SEN3
54f439ca-bee4-380b-9bea-1fcacf7d1da9,S3A_OL_1_EFR____20190428T154214_20190428T154514_20240531T204439_0179_044_111_2160_MAR_R_NT_004.SEN3
77eb0cbd-a7e5-3058-86ba-8438d189b3cd,S3B_OL_1_EFR____20191218T135820_20191218T140120_20240525T210401_0179_033_224_2340_MAR_R_NT_004.SEN3
2e769861-bfff-3ed0-b291-3285b69738b1,S3A_OL_1_EFR____20240426T152723_20240426T153023_20240920T132436_0179_111_339_2160_MAR_R_NT_004.SEN3
fd5cb815-856f-4432-a044-196df5ffcb11,S3A_OL_1_EFR____20250308T135649_20250308T135949_20250309T144331_0179_123_224_2340_PS1_O_NT_004.SEN3
43e29978-d18b-30d0-9409-0a3a4cc7c0b1,S3B_OL_1_EFR____20200118T153233_20200118T153533_20240526T040935_0179_034_282_2160_MAR_R_NT_004.SEN3
75737cbc-b511-3754-97b7-1aabfdd9d9aa,S3A_OL_1_EFR____20221207T140459_20221207T140759_20240605T180658_0179_093_053_2160_MAR_R_NT_004.SEN3
ec51da78-0ab2-396f-af4c-d625fc304d88,S3B_OL_1_EFR____20200222T134705_20200222T135005_20240526T024208_0179_036_010_2340_MAR_R_NT_004.SEN3
cf3c9ead-30ef-3598-8a11-e7124b9d4434,S3A_OL_1_EFR____20230801T150404_20230801T150704_20240919T160015_0179_101_353_2340_MAR_R_NT_004.SEN3
f69102af-d9f6-3cca-8a2e-80790721ab95,S3A_OL_1_EFR____20230903T140758_20230903T141058_20240919T192458_0179_103_053_2340_MAR_R_NT_004.SEN3
d2e45ce4-fc26-488c-a40c-218203e5bf8d,S3A_OL_1_EFR____20250525T151531_20250525T151831_20250526T160515_0179_126_182_2340_PS1_O_NT_004.SEN3
95616195-b0d4-3b4c-a4a9-bd19525cea38,S3A_OL_1_EFR____20210201T151951_20210201T152251_20240602T223952_0180_068_068_2160_MAR_R_NT_004.SEN3
3e8cbd60-15ef-45c8-a7b9-faf657582693,S3A_OL_1_EFR____20240926T142000_20240926T142300_20240927T144545_0180_117_210_2160_PS1_O_NT_004.SEN3
df86b5c4-4807-3e51-9955-4b6d6854b0a3,S3A_OL_1_EFR____20200518T153750_20200518T154050_20240602T025508_0179_058_225_2340_MAR_R_NT_004.SEN3
bd689abc-c7c4-3c4f-b8e9-fc466824c75d,S3B_OL_1_EFR____20230718T152846_20230718T153146_20240627T144813_0179_082_011_2340_MAR_R_NT_004.SEN3
878051cb-4095-3872-8e2b-e156f05b01d1,S3B_OL_1_EFR____20230817T140714_20230817T141014_20240920T225458_0179_083_053_2160_MAR_R_NT_004.SEN3
a580a82c-70d8-3f6e-bc46-1d3a9e679413,S3B_OL_1_EFR____20220728T153222_20220728T153522_20240524T030505_0179_068_339_2340_MAR_R_NT_004.SEN3
05b3f6a4-4896-39b6-9de6-e8afb26fa2ad,S3A_OL_1_EFR____20200116T134530_20200116T134830_20240601T172959_0179_054_010_2340_MAR_R_NT_004.SEN3
a67ab6a0-362a-36ab-bbdb-70619fff7718,S3A_OL_1_EFR____20210508T135310_20210508T135610_20240603T063846_0180_071_281_2340_MAR_R_NT_004.SEN3
e5760086-3711-3f4a-9c58-a95b0be53df9,S3A_OL_1_EFR____20180319T154204_20180319T154504_20240530T140518_0179_029_111_2160_MAR_R_NT_004.SEN3
8e0fc0de-1dc7-3781-b110-2da583fe998f,S3A_OL_1_EFR____20230131T152253_20230131T152553_20240605T212925_0179_095_068_2340_MAR_R_NT_004.SEN3
42596f37-da46-3fa2-85ac-3a2f68b38b66,S3B_OL_1_EFR____20230529T152157_20230529T152457_20240527T235105_0179_080_068_2160_MAR_R_NT_004.SEN3
f24a8c7b-e5fd-319e-989d-a3a5432638e8,S3B_OL_1_EFR____20211103T155134_20211103T155434_20240527T081358_0179_058_382_2160_MAR_R_NT_004.SEN3
3b4f0bba-a2b4-3508-8987-215cd1d0c6c8,S3B_OL_1_EFR____20250418T135527_20250418T135827_20250419T140408_0180_105_281_2340_ESA_O_NT_004.SEN3
cd5d4980-c34e-33f0-8847-dc94ac7f7e6f,S3A_OL_1_EFR____20230425T140122_20230425T140422_20240606T031947_0179_098_110_2160_MAR_R_NT_004.SEN3
19d209a6-7715-30b5-94a4-7a5a1024338f,S3B_OL_1_EFR____20230702T154342_20230702T154642_20240627T154119_0179_081_168_2340_MAR_R_NT_004.SEN3
d09ae29d-3538-3fde-a169-13adba66f60f,S3A_OL_1_EFR____20190510T153402_20190510T153702_20240531T212321_0179_044_282_2340_MAR_R_NT_004.SEN3
5a5be9da-b6c3-4e43-9189-8eb2f59ac73a,S3B_OL_1_EFR____20250924T151113_20250924T151413_20250925T155858_0179_111_239_2160_ESA_O_NT_004.SEN3
57c4f828-3465-4897-aea1-72baa9eeef3c,S3A_OL_1_EFR____20240729T145257_20240729T145557_20240730T151134_0179_115_139_2340_PS1_O_NT_004.SEN3
5e0b1f6b-9cb4-3d17-97f8-eea50c9790d6,S3A_OL_1_EFR____20190522T151949_20190522T152249_20240531T225851_0179_045_068_2160_MAR_R_NT_004.SEN3
facd7903-929f-4043-9f16-dc46efaaa2d6,S3A_OL_1_EFR____20250806T151958_20250806T152258_20250807T161434_0180_129_068_2160_PS1_O_NT_004.SEN3
c7abd6bc-c696-3f09-a692-253d73d4ad36,S3B_OL_1_EFR____20191121T135820_20191121T140120_20240525T225824_0179_032_224_2340_MAR_R_NT_004.SEN3
f9e9e465-d97c-3ebb-b343-1b223274ba10,S3A_OL_1_EFR____20180415T154509_20180415T154809_20240530T152139_0180_030_111_2340_MAR_R_NT_004.SEN3
073b8742-aaf9-3884-aeb6-9f0a649be19e,S3A_OL_1_EFR____20231031T154516_20231031T154816_20240920T001152_0179_105_111_2340_MAR_R_NT_004.SEN3
d9749b8a-dcf3-3329-aea9-df72db5f56b5,S3A_OL_1_EFR____20240704T153837_20240704T154137_20240920T185123_0180_114_168_2160_MAR_R_NT_004.SEN3
c431de86-b49a-3df6-8c89-aa6339fb716c,S3B_OL_1_EFR____20200507T144319_20200507T144619_20240526T062200_0179_038_310_2340_MAR_R_NT_004.SEN3
d1eafc1b-235e-3306-9e60-38860026d822,S3A_OL_1_EFR____20191123T134528_20191123T134828_20240601T132657_0179_052_010_2340_MAR_R_NT_004.SEN3
1895682d-d45c-3572-9948-a9f161cc342f,S3A_OL_1_EFR____20181218T153820_20181218T154120_20240531T125430_0179_039_168_2160_MAR_R_NT_004.SEN3
bcc5177d-cf75-3e1a-8010-1d67d1789cac,S3B_OL_1_EFR____20211123T135453_20211123T135753_20240527T090026_0179_059_281_2340_MAR_R_NT_004.SEN3
16144140-e97b-3568-9935-24684f748861,S3B_OL_1_EFR____20200315T141403_20200315T141703_20240526T045353_0179_036_324_2160_MAR_R_NT_004.SEN3
f39f8493-339a-35ee-a1aa-dac4d6fcfc03,S3B_OL_1_EFR____20240305T135601_20240305T135901_20240921T110626_0180_090_224_2160_MAR_R_NT_004.SEN3
68e9ea31-5b9a-328e-a243-36c1d23df9ed,S3A_OL_1_EFR____20220802T140035_20220802T140335_20240605T105914_0180_088_167_2340_MAR_R_NT_004.SEN3
ca888c0e-7378-3178-9eef-f1b7ac027d33,S3A_OL_1_EFR____20220617T153110_20220617T153410_20240605T084806_0179_086_282_2160_MAR_R_NT_004.SEN3
8cb3b48e-59b3-39a8-a4c6-041519520820,S3B_OL_1_EFR____20181123T140627_20181123T140927_20240621T061309_0179_019_053_2160_MAR_R_NT_004.SEN3
9ecf5529-296d-38bb-a938-dc7bcb63ef32,S3B_OL_1_EFR____20240602T152941_20240602T153241_20240921T155840_0179_093_339_2160_MAR_R_NT_004.SEN3
dea0deb4-9ba3-3d17-8c38-aa2e45bbd2ed,S3A_OL_1_EFR____20201023T135733_20201023T140033_20240602T142541_0179_064_167_2160_MAR_R_NT_004.SEN3
8cae6e6f-db6f-405e-8f11-c54760fa9a81,S3A_OL_1_EFR____20250725T153413_20250725T153713_20250726T162013_0179_128_282_2340_PS1_O_NT_004.SEN3
cc2081bc-1bc9-3db2-a72b-1dd4db0601e5,S3A_OL_1_EFR____20180924T154208_20180924T154508_20240531T064325_0179_036_111_2160_MAR_R_NT_004.SEN3
2da9b582-3b63-42c5-b3b5-ccd07ccbf775,S3B_OL_1_EFR____20240726T153243_20240726T153543_20240727T081852_0179_095_339_2340_PS2_O_NT_004.SEN3
27d0882f-4771-41ac-ae8f-1b384fc14a4b,S3A_OL_1_EFR____20250802T134244_20250802T134544_20250803T143719_0179_129_010_2160_PS1_O_NT_004.SEN3
31c5518e-c006-36cc-999a-5fbaf0c3e996,S3A_OL_1_EFR____20201012T134535_20201012T134835_20240602T142557_0179_064_010_2340_MAR_R_NT_004.SEN3
bd403580-39a4-3fbb-be7b-265c4063a02e,S3B_OL_1_EFR____20181102T151536_20181102T151836_20240621T032627_0179_016_282_2160_MAR_R_NT_004.SEN3
1f0ea56d-3bf0-3367-9ee3-b56e832703cc,S3B_OL_1_EFR____20200702T134802_20200702T135102_20240526T110037_0179_040_338_2160_MAR_R_NT_004.SEN3
c58d2652-d215-380b-8529-db9df7c1f8eb,S3B_OL_1_EFR____20250318T153711_20250318T154011_20250319T161731_0180_104_225_2160_ESA_O_NT_004.SEN3
e7c809bf-e62f-3449-9e2c-a4a516b0a796,S3B_OL_1_EFR____20200809T154659_20200809T154959_20240526T114043_0180_042_111_2340_MAR_R_NT_004.SEN3
56d10357-4c48-4615-84fa-9b7be5658288,S3A_OL_1_EFR____20251102T154142_20251102T154442_20251103T164142_0179_132_168_2340_PS1_O_NT_004.SEN3
359365b9-3dcc-39e6-950f-bea8abd9e721,S3A_OL_1_EFR____20240623T134540_20240623T134840_20240920T190443_0179_114_010_2340_MAR_R_NT_004.SEN3
9c2551b2-eeb3-3999-8b40-595b93826d5c,S3A_OL_1_EFR____20180228T135638_20180228T135938_20240530T115706_0179_028_224_2340_MAR_R_NT_004.SEN3
e9eabd2b-d351-3785-9d1a-37c14a95126a,S3B_OL_1_EFR____20181229T151650_20181229T151950_20240525T070157_0179_020_182_2340_MAR_R_NT_004.SEN3
a56d720c-873a-3f0b-abfb-5f529cca4672,S3B_OL_1_EFR____20240108T151729_20240108T152029_20240921T074739_0179_088_182_2340_MAR_R_NT_004.SEN3
563a9140-e7b3-38d3-9af4-375f11c7c2b6,S3A_OL_1_EFR____20220918T151953_20220918T152253_20240605T133514_0179_090_068_2160_MAR_R_NT_004.SEN3
6ea83659-559d-30e7-acb5-755ab725dfcb,S3A_OL_1_EFR____20230222T154945_20230222T155245_20240605T225205_0179_095_382_2160_MAR_R_NT_004.SEN3
d6c24f12-7663-3ee8-90e9-088ba3d94f62,S3B_OL_1_EFR____20181124T134315_20181124T134615_20240621T074942_0179_019_067_2340_MAR_R_NT_004.SEN3
15fe714f-8e19-3e5e-88c6-42b9680a8557,S3A_OL_1_EFR____20211113T135307_20211113T135607_20240604T041452_0179_078_281_2340_MAR_R_NT_004.SEN3
6935e29c-6ee9-32b5-9172-1e8e8686c270,S3B_OL_1_EFR____20191011T150151_20191011T150451_20240525T225846_0179_031_025_2340_MAR_R_NT_004.SEN3
783bda91-4784-33b4-ad94-461975c8c479,S3A_OL_1_EFR____20200607T151907_20200607T152207_20240602T044903_0179_059_125_2340_MAR_R_NT_004.SEN3
674d0509-04cb-32e8-bf1f-d48695fe346b,S3A_OL_1_EFR____20201028T151136_20201028T151436_20240602T152143_0179_064_239_2340_MAR_R_NT_004.SEN3
eeb1523c-aa1c-3a33-9415-c436d00b713d,S3A_OL_1_EFR____20210331T151906_20210331T152206_20240603T043852_0179_070_125_2340_MAR_R_NT_004.SEN3
80258c5d-9b34-4897-b769-2d17c839e02f,S3B_OL_1_EFR____20250105T150629_20250105T150929_20250106T080726_0179_101_353_2340_PS2_O_NT_004.SEN3
3d1f21d3-948d-36eb-bdcc-48150f131b83,S3B_OL_1_EFR____20240306T151349_20240306T151649_20240921T104150_0179_090_239_2340_MAR_R_NT_004.SEN3
f700de6b-4e4b-3c38-be6d-020cb45eab72,S3B_OL_1_EFR____20240421T151820_20240421T152120_20240921T141606_0179_092_125_2160_MAR_R_NT_004.SEN3
7e229688-b513-3ff0-8dfd-b924969626e1,S3A_OL_1_EFR____20181230T153008_20181230T153308_20240531T132844_0179_039_339_2340_MAR_R_NT_004.SEN3
74e14ca2-1725-3aaf-b257-137a86116440,S3A_OL_1_EFR____20210527T135738_20210527T140038_20240603T084317_0180_072_167_2160_MAR_R_NT_004.SEN3
5ec87c87-a419-32b3-b437-15fa5a3d556f,S3A_OL_1_EFR____20201127T135259_20201127T135559_20240602T172929_0179_065_281_2340_MAR_R_NT_004.SEN3
cca081f0-11a5-482d-9f4b-f5f396fafb98,S3A_OL_1_EFR____20250427T140040_20250427T140340_20250428T144937_0179_125_167_2340_PS1_O_NT_004.SEN3
2318f43e-7b4c-3d59-94e8-748c1ccdaca5,S3B_OL_1_EFR____20230710T135515_20230710T135815_20240627T171227_0179_081_281_2340_MAR_R_NT_004.SEN3
a2dead70-ed45-35a8-bd1d-bd20d5897c98,S3A_OL_1_EFR____20180309T150355_20180309T150655_20240530T130655_0179_028_353_2340_MAR_R_NT_004.SEN3
e247bdfd-399a-31c3-940b-8132a369cfc9,S3A_OL_1_EFR____20230317T155331_20230317T155631_20240606T003455_0179_096_325_2160_MAR_R_NT_004.SEN3
35275de9-dc84-33d9-b1dc-2a87f12211f2,S3B_OL_1_EFR____20210205T143636_20210205T143936_20240526T220540_0179_048_367_2160_MAR_R_NT_004.SEN3
a3262ed4-0a0d-3dc8-b1e8-18716bc9595b,S3B_OL_1_EFR____20210903T135158_20210903T135458_20240527T061229_0179_056_281_2160_MAR_R_NT_004.SEN3
e73f71a7-bbc9-35c8-a3aa-c4346f9a4452,S3A_OL_1_EFR____20220918T152253_20220918T152553_20240605T133538_0179_090_068_2340_MAR_R_NT_004.SEN3
0c5c9456-987d-3f6e-a513-a2d72a90a78d,S3A_OL_1_EFR____20191211T141605_20191211T141905_20240601T153309_0180_052_267_2160_MAR_R_NT_004.SEN3
56564305-a4a6-338e-bd56-b5e1ba6c992a,S3B_OL_1_EFR____20200802T152517_20200802T152817_20240526T111205_0179_042_011_2160_MAR_R_NT_004.SEN3
6493afe0-0d8e-3f1c-80d4-a6c13e10a6e7,S3A_OL_1_EFR____20230610T154947_20230610T155247_20240628T033032_0179_099_382_2160_MAR_R_NT_004.SEN3
933c8be1-639f-4dcb-8127-5e94a9d99545,S3A_OL_1_EFR____20241121T150836_20241121T151136_20241122T153520_0179_119_239_2160_PS1_O_NT_004.SEN3
04e8f67a-e1a2-3220-95d5-88e1ce6961cb,S3A_OL_1_EFR____20210101T134532_20210101T134832_20240602T213300_0179_067_010_2340_MAR_R_NT_004.SEN3
c942868d-f1ca-3721-a5a4-556553dacd17,S3B_OL_1_EFR____20221225T140234_20221225T140534_20240524T102639_0179_074_167_2340_MAR_R_NT_004.SEN3
a5e4e6b1-a8de-3d5a-931a-4661e6640074,S3A_OL_1_EFR____20200417T135733_20200417T140033_20240602T010718_0179_057_167_2160_MAR_R_NT_004.SEN3
f5cbc7d0-de5e-3116-ba56-75e1012328ed,S3A_OL_1_EFR____20190302T152242_20190302T152542_20240531T173628_0179_042_068_2340_MAR_R_NT_004.SEN3
31a89568-e111-3ba3-9fe7-e8960d6328ed,S3B_OL_1_EFR____20181014T152257_20181014T152557_20240621T022546_0179_014_011_2160_MAR_R_NT_004.SEN3
e042c172-69f3-33dd-aac4-39172c4f6721,S3B_OL_1_EFR____20211111T140607_20211111T140907_20240527T094227_0180_059_110_2340_MAR_R_NT_004.SEN3
df4a3db5-50e2-3afb-bc91-365f3a40b9aa,S3A_OL_1_EFR____20221018T154519_20221018T154819_20240605T150235_0179_091_111_2340_MAR_R_NT_004.SEN3
82175f5f-594b-3d5f-996f-3b7d7dbfe473,S3A_OL_1_EFR____20180928T153825_20180928T154125_20240531T061938_0179_036_168_2160_MAR_R_NT_004.SEN3
fa5ce721-0381-35bb-a122-30c43199bc49,S3B_OL_1_EFR____20200717T140216_20200717T140516_20240526T090147_0179_041_167_2340_MAR_R_NT_004.SEN3
ae8a3190-0e01-37e2-8565-682d0e7c1130,S3A_OL_1_EFR____20180725T134527_20180725T134827_20240531T003622_0179_034_010_2340_MAR_R_NT_004.SEN3
09852b4f-b519-3b38-8edf-da6d4804a6d0,S3B_OL_1_EFR____20190920T140247_20190920T140547_20240525T153809_0179_030_110_2160_MAR_R_NT_004.SEN3
7e022e37-1ec0-3cee-ade5-3fea7dea0ef8,S3B_OL_1_EFR____20180723T143419_20180723T143719_20240620T185232_0180_010_367_2160_MAR_R_NT_004.SEN3
c67d56a0-ac94-33da-bf76-523f4f790ec4,S3B_OL_1_EFR____20181120T134428_20181120T134728_20240621T074305_0179_017_153_2160_MAR_R_NT_004.SEN3
782e9eaa-5864-3492-8cee-7c826f9ada7b,S3B_OL_1_EFR____20200107T152036_20200107T152336_20240526T004758_0180_034_125_2340_MAR_R_NT_004.SEN3
11b7c2b3-3278-4fc1-908e-8eba6f0070a0,S3A_OL_1_EFR____20250920T155336_20250920T155636_20250921T165517_0180_130_325_2160_PS1_O_NT_004.SEN3
390b69a2-6808-32b3-b666-53000e47ea86,S3A_OL_1_EFR____20180416T151858_20180416T152158_20240530T153224_0179_030_125_2340_MAR_R_NT_004.SEN3
4c356b9f-dd52-3ef2-a600-5ec274f9ed76,S3B_OL_1_EFR____20250208T134412_20250208T134712_20250217T133236_0179_103_067_2340_ESA_O_NT_004.SEN3
ad68201b-c9aa-3e35-87f4-31f8456b1614,S3A_OL_1_EFR____20231217T134534_20231217T134834_20240920T041255_0179_107_010_2340_MAR_R_NT_004.SEN3
dc9c55c4-d3f1-382f-8546-566728a2f220,S3B_OL_1_EFR____20211111T154406_20211111T154706_20240527T105040_0179_059_111_2160_MAR_R_NT_004.SEN3
523cdf2f-dab3-468c-ae79-894971bf58ae,S3A_OL_1_EFR____20250427T153839_20250427T154139_20250428T162939_0179_125_168_2160_PS1_O_NT_004.SEN3
ff08a985-27e9-37d2-a31d-ae44e12d13b0,S3A_OL_1_EFR____20191115T134958_20191115T135258_20240601T122845_0179_051_281_2160_MAR_R_NT_004.SEN3
45810298-2c9d-38ac-b4c0-1201642b5749,S3B_OL_1_EFR____20210514T135833_20210514T140133_20240526T235215_0179_052_224_2340_MAR_R_NT_004.SEN3
8028c506-0ab4-37d6-9fa7-d0d8d9d2b2ff,S3A_OL_1_EFR____20190818T135726_20190818T140026_20240601T060400_0179_048_167_2160_MAR_R_NT_004.SEN3
52b6e643-23d6-314f-935b-bad3267dd646,S3A_OL_1_EFR____20211125T152253_20211125T152553_20240604T051854_0179_079_068_2340_MAR_R_NT_004.SEN3
00736dfa-6d97-35d5-b576-a025c35aeca7,S3A_OL_1_EFR____20220121T140125_20220121T140425_20240604T203212_0179_081_110_2160_MAR_R_NT_004.SEN3
b60e8ca2-fd9b-49e4-b3c1-b390b9fe159c,S3B_OL_1_EFR____20251005T134507_20251005T134807_20251006T133807_0180_112_010_2160_ESA_O_NT_004.SEN3
b29c0f3d-fb22-4b8f-9057-a82635e82de0,S3B_OL_1_EFR____20250831T153642_20250831T153942_20250901T153542_0179_110_282_2340_ESA_O_NT_004.SEN3
a06e4302-d402-32f5-8bfc-9ad8275a0641,S3B_OL_1_EFR____20240714T140258_20240714T140558_20240921T194432_0179_095_167_2340_MAR_R_NT_004.SEN3
deed95c1-007f-35fe-84df-40bd5456814c,S3B_OL_1_EFR____20200528T135527_20200528T135827_20240526T060849_0179_039_224_2160_MAR_R_NT_004.SEN3
6badffb9-c727-3127-985e-8aecb73745ae,S3B_OL_1_EFR____20201012T144705_20201012T145005_20240526T142630_0179_044_253_2340_MAR_R_NT_004.SEN3
7ee91d75-d29b-38bb-93d7-429f8955c4d6,S3A_OL_1_EFR____20181125T135640_20181125T135940_20240531T103802_0179_038_224_2340_MAR_R_NT_004.SEN3
a51bc6b0-a46d-38a6-b9bb-11c6dd5127f7,S3A_OL_1_EFR____20221106T140847_20221106T141147_20240605T155109_0179_091_381_2160_MAR_R_NT_004.SEN3
c95ede0b-15dc-3366-b5ad-0e5114ad1c78,S3B_OL_1_EFR____20190323T135824_20190323T140124_20240525T075835_0179_023_224_2340_MAR_R_NT_004.SEN3
d3341132-448f-4ec5-b8e1-52f0ade8d037,S3B_OL_1_EFR____20240816T144450_20240816T144750_20240816T233049_0179_096_253_2160_PS2_O_NT_004.SEN3
13e08e78-0367-3089-adfd-ae410f4648ed,S3A_OL_1_EFR____20211101T154220_20211101T154520_20240604T031111_0179_078_111_2160_MAR_R_NT_004.SEN3
e6a98abe-63ee-31ea-a5a0-31592d6a97be,S3B_OL_1_EFR____20181028T155207_20181028T155507_20240621T041310_0179_016_211_2160_MAR_R_NT_004.SEN3
2c7b4b9c-d47c-38bd-a476-23967c8714d5,S3B_OL_1_EFR____20200312T153235_20200312T153535_20240526T023301_0179_036_282_2160_MAR_R_NT_004.SEN3
a08639cf-3acb-4fe6-bccc-adb7cb97f2e1,S3A_OL_1_EFR____20250411T141537_20250411T141837_20250412T145933_0179_124_324_2340_PS1_O_NT_004.SEN3
2fc49144-8a4d-395e-a29d-e983c22fe417,S3A_OL_1_EFR____20240120T154517_20240120T154817_20240920T054041_0179_108_111_2340_MAR_R_NT_004.SEN3
d75b6075-a88d-392f-b71f-4edbe6dc3f45,S3B_OL_1_EFR____20230729T135944_20230729T140244_20240627T144815_0179_082_167_2160_MAR_R_NT_004.SEN3
6d61ba78-ebb8-3cf1-9e7e-9db6559d8538,S3A_OL_1_EFR____20200108T153357_20200108T153657_20240601T173346_0179_053_282_2340_MAR_R_NT_004.SEN3
992f92c5-d783-3391-bd5c-4327cd4a1dd5,S3B_OL_1_EFR____20210907T135113_20210907T135413_20240527T073010_0180_056_338_2340_MAR_R_NT_004.SEN3
2720bbb8-ca86-3140-9875-55745670e73c,S3B_OL_1_EFR____20201230T153931_20201230T154231_20240526T155736_0179_047_225_2340_MAR_R_NT_004.SEN3
b65f5700-20e1-3f1b-a088-f607255f89e4,S3A_OL_1_EFR____20200819T134233_20200819T134533_20240602T101710_0179_062_010_2160_MAR_R_NT_004.SEN3
c7764472-2a9b-31ec-be98-92757bc230fc,S3A_OL_1_EFR____20181226T153352_20181226T153652_20240531T132532_0179_039_282_2340_MAR_R_NT_004.SEN3
fb5623fd-c052-3e9c-ba72-0518a96918f4,S3A_OL_1_EFR____20200406T134234_20200406T134534_20240602T001300_0179_057_010_2160_MAR_R_NT_004.SEN3
b5dec98e-ee07-314a-8d7e-9331b5d050af,S3A_OL_1_EFR____20190210T154125_20190210T154425_20240531T153547_0180_041_168_2340_MAR_R_NT_004.SEN3
ced6a30b-f0f4-34b7-ae09-ebd3d9f75668,S3A_OL_1_EFR____20210219T155330_20210219T155630_20240603T003441_0180_068_325_2160_MAR_R_NT_004.SEN3
6f5bf446-8817-3faa-b08e-891360948802,S3B_OL_1_EFR____20220808T154718_20220808T155018_20240524T021503_0179_069_111_2340_MAR_R_NT_004.SEN3
f9cfe825-6d8d-3e0e-86d5-7e62c6559010,S3A_OL_1_EFR____20191021T143838_20191021T144138_20240601T112835_0179_050_310_2160_MAR_R_NT_004.SEN3
a7f6d000-1db0-3b4a-9f4c-5185831914d5,S3B_OL_1_EFR____20191110T152121_20191110T152421_20240526T004621_0179_032_068_2160_MAR_R_NT_004.SEN3
6328528c-b9ae-30b3-bdb2-9522fcb9f7b6,S3A_OL_1_EFR____20230307T151522_20230307T151822_20240606T001936_0179_096_182_2340_MAR_R_NT_004.SEN3
8a879c9f-6ac5-3644-a3bb-3891820ed7cd,S3A_OL_1_EFR____20221209T145336_20221209T145636_20240605T183454_0179_093_082_2160_MAR_R_NT_004.SEN3
e84eb67d-369b-4730-98a7-a42d61d9f8e8,S3A_OL_1_EFR____20250102T152248_20250102T152548_20250103T154501_0179_121_068_2340_PS1_O_NT_004.SEN3
2f214e7a-ad7b-3121-a30a-15fbc4c8c8ed,S3B_OL_1_EFR____20210522T152905_20210522T153205_20240527T035023_0180_052_339_2160_MAR_R_NT_004.SEN3
62b07f1d-ef80-3fd9-b9b7-80015d2b6079,S3A_OL_1_EFR____20230828T150103_20230828T150403_20240919T181436_0179_102_353_2160_MAR_R_NT_004.SEN3
ba56610d-2287-38e9-ba69-44b7514c5740,S3A_OL_1_EFR____20230417T154952_20230417T155252_20240606T031851_0180_097_382_2160_MAR_R_NT_004.SEN3
6e44aa7f-0bb5-3c14-bf56-923cca81c2c1,S3A_OL_1_EFR____20230615T151951_20230615T152251_20240628T023237_0179_100_068_2160_MAR_R_NT_004.SEN3
48120edc-52c8-3ec4-a6b8-4650cedb5666,S3B_OL_1_EFR____20190327T135140_20190327T135440_20240525T091801_0179_023_281_2160_MAR_R_NT_004.SEN3
d9ca63f5-a47e-3ce0-8653-e13e4b743d79,S3B_OL_1_EFR____20190817T134707_20190817T135007_20240525T172630_0179_029_010_2340_MAR_R_NT_004.SEN3
72fa3d5b-4292-3f69-a8b0-274cd452f3b0,S3A_OL_1_EFR____20220316T140121_20220316T140421_20240605T010417_0179_083_110_2160_MAR_R_NT_004.SEN3
b46d6573-223d-394a-a51c-44954bbd0f90,S3B_OL_1_EFR____20190828T140203_20190828T140503_20240525T143925_0179_029_167_2340_MAR_R_NT_004.SEN3
efc6ee0c-52c5-3ed3-b883-8a58ff074067,S3A_OL_1_EFR____20240109T153019_20240109T153319_20240920T041703_0179_107_339_2340_MAR_R_NT_004.SEN3
5311f511-dcaf-39f8-a749-363801f698c4,S3A_OL_1_EFR____20190926T134915_20190926T135215_20240601T081623_0179_049_338_2340_MAR_R_NT_004.SEN3
f03ee625-1813-339b-b1d8-867fe977c496,S3B_OL_1_EFR____20180523T140019_20180523T140319_20240620T120345_0179_003_252_2160_MAR_R_NT_004.SEN3
0232ed10-2402-3d82-b61c-9f6dcc9ed838,S3A_OL_1_EFR____20231012T135647_20231012T135947_20240919T221557_0179_104_224_2340_MAR_R_NT_004.SEN3
e15d994d-6e36-3b04-89e5-4ba71514ef54,S3B_OL_1_EFR____20250615T134852_20250615T135152_20250616T144411_0179_107_338_2160_ESA_O_NT_004.SEN3
b54db673-3edf-4496-99a1-b02a850ca05f,S3B_OL_1_EFR____20251118T144504_20251118T144804_20251119T161702_0179_113_253_2160_ESA_O_NT_004.SEN3
8c929472-0aa8-30c6-a77f-98bd06956728,S3A_OL_1_EFR____20180801T154207_20180801T154507_20240531T022212_0179_034_111_2160_MAR_R_NT_004.SEN3
3c7919d0-3f3d-46f9-916d-f2e4c5908028,S3B_OL_1_EFR____20241122T154742_20241122T155042_20241123T075451_0179_100_111_2340_PS2_O_NT_004.SEN3
5e87a1ee-c90d-3304-ad1c-007731fac254,S3B_OL_1_EFR____20190821T134322_20190821T134622_20240525T141822_0179_029_067_2340_MAR_R_NT_004.SEN3
ed5b5871-5fce-359c-9ff1-2c377147e34f,S3B_OL_1_EFR____20250302T155209_20250302T155509_20250303T163118_0179_103_382_1980_ESA_O_NT_004.SEN3
eb249754-d4d2-318a-8281-424518ee73a0,S3A_OL_1_EFR____20200204T134959_20200204T135259_20240601T193126_0179_054_281_2160_MAR_R_NT_004.SEN3
4d427967-0518-3788-8f4e-d1c3e3e83a85,S3B_OL_1_EFR____20220623T135848_20220623T140148_20240524T013242_0179_067_224_2340_MAR_R_NT_004.SEN3
ab02630f-890b-32d6-91f5-d047f09cae6f,S3A_OL_1_EFR____20200807T153747_20200807T154047_20240602T091140_0180_061_225_2340_MAR_R_NT_004.SEN3
ac2a0ea3-c400-310a-abfa-48aabdb0e3c1,S3B_OL_1_EFR____20181201T140200_20181201T140500_20240621T091608_0180_019_167_2340_MAR_R_NT_004.SEN3
6a66f2fb-0dcb-30b3-98fb-bf7d5aabdb97,S3A_OL_1_EFR____20180813T134953_20180813T135253_20240531T033622_0179_034_281_2160_MAR_R_NT_004.SEN3
148447dc-9f54-3622-a082-2b692a5471f2,S3A_OL_1_EFR____20220210T134542_20220210T134842_20240604T215625_0179_082_010_2340_MAR_R_NT_004.SEN3
be158db1-9ae0-3f77-a09a-17aa0f5f6006,S3A_OL_1_EFR____20200804T151521_20200804T151821_20240602T081908_0179_061_182_2340_MAR_R_NT_004.SEN3
723f9cdc-d634-3cba-aa36-245921f94ca4,S3B_OL_1_EFR____20200318T143629_20200318T143929_20240526T040236_0179_036_367_2160_MAR_R_NT_004.SEN3
cc515913-a263-31b0-a5ef-f7268536c894,S3A_OL_1_EFR____20200530T134237_20200530T134537_20240602T034540_0179_059_010_2160_MAR_R_NT_004.SEN3
296ecd56-bd8f-3f8b-99ab-fe4f2b4638e9,S3A_OL_1_EFR____20200903T153444_20200903T153744_20240602T102451_0179_062_225_2160_MAR_R_NT_004.SEN3
915c47df-1d91-3954-8b0d-0bc33df4cd51,S3B_OL_1_EFR____20220114T144413_20220114T144713_20240523T145416_0179_061_253_2160_MAR_R_NT_004.SEN3
3af882d6-b3a0-40de-97be-f6f4f9796be6,S3A_OL_1_EFR____20250125T152337_20250125T152637_20250126T154647_0179_122_011_2160_PS1_O_NT_004.SEN3
4564871b-6b17-37ea-991f-13989976839b,S3B_OL_1_EFR____20190327T153239_20190327T153539_20240525T103046_0179_023_282_2160_MAR_R_NT_004.SEN3
dd2b1add-d1a5-3cf4-b1cc-12a4b8e86add,S3B_OL_1_EFR____20240131T151815_20240131T152115_20240921T090845_0180_089_125_2160_MAR_R_NT_004.SEN3
bd9c6047-3547-3966-bf53-9476fa1bbbce,S3A_OL_1_EFR____20180101T135721_20180101T140021_20240530T075104_0179_026_167_2160_MAR_R_NT_004.SEN3
494b1762-5fd9-31a3-881b-09cac847b167,S3B_OL_1_EFR____20201231T151320_20201231T151620_20240526T182722_0179_047_239_2340_MAR_R_NT_004.SEN3
487d1f00-4b49-3e28-88c3-573c0bcdeb56,S3B_OL_1_EFR____20221113T152922_20221113T153222_20240524T093142_0180_072_339_2160_MAR_R_NT_004.SEN3
6f63a41d-0970-334f-8763-0e29de5d88e2,S3A_OL_1_EFR____20230410T153109_20230410T153409_20240606T030451_0179_097_282_2160_MAR_R_NT_004.SEN3
39fa8741-78f5-3e33-bf00-37243cf7d552,S3B_OL_1_EFR____20230304T155146_20230304T155446_20240527T162356_0179_076_382_2160_MAR_R_NT_004.SEN3
3ef2593f-7c68-3e1f-9917-66bcd7692526,S3A_OL_1_EFR____20210407T135651_20210407T135951_20240603T040841_0179_070_224_2340_MAR_R_NT_004.SEN3
14f4101f-81d3-3481-a27e-26748ed2e38b,S3B_OL_1_EFR____20220319T152822_20220319T153122_20240523T195359_0180_064_011_2340_MAR_R_NT_004.SEN3
bd884257-7f46-38c6-bb5c-b9d83481329f,S3B_OL_1_EFR____20180714T150800_20180714T151100_20240620T181038_0180_010_239_2160_MAR_R_NT_004.SEN3
f0bc1282-b49d-3d7b-a1b6-96123fe9a023,S3A_OL_1_EFR____20200329T135001_20200329T135301_20240602T000350_0179_056_281_2160_MAR_R_NT_004.SEN3
60ad79e1-4fd7-35a7-b1b3-1b4c2cc3aab3,S3B_OL_1_EFR____20220123T141333_20220123T141633_20240523T145852_0179_061_381_2340_MAR_R_NT_004.SEN3
cac7ad7d-a3b1-3532-ba14-2b1291e51238,S3A_OL_1_EFR____20221222T141613_20221222T141913_20240605T184226_0179_093_267_2160_MAR_R_NT_004.SEN3
b6e28891-9195-3773-b3cd-c42e38b8597f,S3B_OL_1_EFR____20210522T153205_20210522T153505_20240527T035043_0179_052_339_2340_MAR_R_NT_004.SEN3
7fdce94f-7e6c-31d4-927e-b2d5717ad315,S3A_OL_1_EFR____20201005T150752_20201005T151052_20240602T132301_0179_063_296_2340_MAR_R_NT_004.SEN3
142b2091-f7cf-321d-91a2-85c819b291fd,S3B_OL_1_EFR____20180724T140808_20180724T141108_20240620T173317_0179_010_381_2160_MAR_R_NT_004.SEN3
a5332e60-59e1-3722-9835-e3d12be3f83c,S3B_OL_1_EFR____20230710T153315_20230710T153615_20240627T174357_0179_081_282_2160_MAR_R_NT_004.SEN3
3b17cb43-bdea-31b4-96e2-2ba4cbd54d38,S3B_OL_1_EFR____20240119T135127_20240119T135427_20240921T083015_0179_088_338_2340_MAR_R_NT_004.SEN3
6aa711fa-f169-306a-94da-cb96611e95bc,S3A_OL_1_EFR____20240116T154602_20240116T154902_20240920T044757_0179_108_054_2160_MAR_R_NT_004.SEN3
c012cb6b-ef06-3119-a552-ce83f14c8c2f,S3B_OL_1_EFR____20221013T135203_20221013T135503_20240524T051610_0179_071_281_2160_MAR_R_NT_004.SEN3
9b9d14ad-0c15-3ada-8cfc-0000ccac5f4c,S3B_OL_1_EFR____20210319T145053_20210319T145353_20240526T235833_0179_050_196_2340_MAR_R_NT_004.SEN3
c48aa215-2e3e-3ebd-aac3-dfe222b61c77,S3A_OL_1_EFR____20211210T135006_20211210T135306_20240604T053254_0180_079_281_2160_MAR_R_NT_004.SEN3
ca2494e2-dae4-4039-92aa-395296d8d65d,S3B_OL_1_EFR____20241115T134759_20241115T135059_20241115T220044_0179_100_010_2340_PS2_O_NT_004.SEN3
c3b86349-c3e3-3662-8e28-60f5d71c75b9,S3A_OL_1_EFR____20200815T153017_20200815T153317_20240602T100202_0180_061_339_2340_MAR_R_NT_004.SEN3
e021cd69-504c-3487-807c-0f24045c87c7,S3B_OL_1_EFR____20220704T155146_20220704T155446_20240524T003710_0179_067_382_2160_MAR_R_NT_004.SEN3
f4cb1185-2efc-3b4d-bd1d-38b468d51ce6,S3A_OL_1_EFR____20220118T152257_20220118T152557_20240604T214054_0179_081_068_2340_MAR_R_NT_004.SEN3
3cc5e981-6bd2-3fb8-8da1-4e6aaf7d28b4,S3A_OL_1_EFR____20230302T154516_20230302T154816_20240606T001817_0179_096_111_2340_MAR_R_NT_004.SEN3
32834c6e-22fc-3784-be69-1b88c3cac863,S3B_OL_1_EFR____20180526T143024_20180526T143324_20240620T111828_0179_004_281_2160_MAR_R_NT_004.SEN3
3337c60e-0364-31ac-b3a4-87bd21cede14,S3B_OL_1_EFR____20250509T145137_20250509T145437_20250510T151323_0179_106_196_2340_ESA_O_NT_004.SEN3
97527f0e-3983-3515-a9c3-147741774475,S3A_OL_1_EFR____20201115T140115_20201115T140415_20240602T172906_0180_065_110_2160_MAR_R_NT_004.SEN3
93d13f2c-2216-322d-946d-b492e8fdf7ce,S3B_OL_1_EFR____20250220T151400_20250220T151700_20250221T162535_0179_103_239_2340_ESA_O_NT_004.SEN3
eaa06063-eacb-3ae5-9fdb-13fa74c39d9e,S3A_OL_1_EFR____20200115T154940_20200115T155240_20240601T182446_0179_053_382_2160_MAR_R_NT_004.SEN3
947c2965-272b-3e19-a103-552758745bb6,S3B_OL_1_EFR____20180817T152638_20180817T152938_20240620T212318_0179_011_339_2160_MAR_R_NT_004.SEN3
f46cd669-d7e1-33f4-bcda-34e17b433e96,S3A_OL_1_EFR____20211121T152638_20211121T152938_20240604T041341_0179_079_011_2340_MAR_R_NT_004.SEN3
3b85e1a6-7881-4dc5-8fd7-d13de78150ba,S3B_OL_1_EFR____20240727T150333_20240727T150633_20240727T235232_0179_095_353_2160_PS2_O_NT_004.SEN3
7d83e109-aaa6-39de-aded-a832e8d6ed0d,S3A_OL_1_EFR____20180415T140109_20180415T140409_20240530T161900_0179_030_110_2160_MAR_R_NT_004.SEN3
38a7a719-2f51-39da-bc12-4a2fbcc358c5,S3A_OL_1_EFR____20231201T154127_20231201T154427_20240920T012604_0179_106_168_2340_MAR_R_NT_004.SEN3
502c9ab4-ba0f-3c66-b8c9-ffb174f2520f,S3A_OL_1_EFR____20230402T153837_20230402T154137_20240606T014900_0179_097_168_2160_MAR_R_NT_004.SEN3
8b429f9c-ff40-3d5e-9a5f-cbea4049c3b3,S3B_OL_1_EFR____20190905T135435_20190905T135735_20240525T172644_0179_029_281_2340_MAR_R_NT_004.SEN3
369ed5e3-b440-324e-beef-d8c81af172a7,S3B_OL_1_EFR____20221101T154035_20221101T154335_20240524T065702_0179_072_168_2160_MAR_R_NT_004.SEN3
1bc8e4bb-dd9d-3bd1-8bbf-7735cd1116b8,S3A_OL_1_EFR____20180818T150356_20180818T150656_20240531T033904_0180_034_353_2340_MAR_R_NT_004.SEN3
97c2abe3-af16-3905-82d4-a7a873ccd458,S3B_OL_1_EFR____20230203T150609_20230203T150909_20240527T182711_0179_075_353_2340_MAR_R_NT_004.SEN3
6fb14524-9a23-34e8-85bf-44909d91d1c1,S3B_OL_1_EFR____20220118T144328_20220118T144628_20240523T151655_0180_061_310_2340_MAR_R_NT_004.SEN3
a48842fd-68a5-4541-875e-180d61ea706b,S3A_OL_1_EFR____20250908T142348_20250908T142648_20250909T151801_0179_130_153_2160_PS1_O_NT_004.SEN3
7b1deb36-bd9c-3d08-ac29-acdc508377d0,S3B_OL_1_EFR____20190829T151652_20190829T151952_20240525T190522_0180_029_182_2340_MAR_R_NT_004.SEN3
3a4d2a30-41f4-3bbb-b493-1df3060cdd3d,S3B_OL_1_EFR____20210726T140310_20210726T140610_20240527T044056_0179_055_110_2160_MAR_R_NT_004.SEN3
2557bd5e-2636-3032-b45a-1f1ca3527ad9,S3B_OL_1_EFR____20220430T135841_20220430T140141_20240523T211027_0179_065_224_2340_MAR_R_NT_004.SEN3
7832de64-9f6b-4e8c-b6aa-30f9397210fd,S3B_OL_1_EFR____20251005T152906_20251005T153206_20251006T151117_0179_112_011_2340_ESA_O_NT_004.SEN3
b59d0cee-ca0f-33d0-adff-69c5c6229e25,S3A_OL_1_EFR____20220703T151912_20220703T152212_20240605T094225_0179_087_125_2340_MAR_R_NT_004.SEN3
d3ef2f55-63ac-3125-9a80-e5189bdf4ade,S3A_OL_1_EFR____20210311T153746_20210311T154046_20240603T023459_0179_069_225_2340_MAR_R_NT_004.SEN3
b6428829-9177-3b1c-86d4-165422630a3b,S3B_OL_1_EFR____20250212T151829_20250212T152129_20250213T183909_0179_103_125_2160_ESA_O_NT_004.SEN3
03fde06c-fe59-3d03-acae-7c59209bf3f9,S3A_OL_1_EFR____20180824T154549_20180824T154849_20240531T033641_0179_035_054_2160_MAR_R_NT_004.SEN3
38fe9df2-d536-3e83-a666-c537b33d7571,S3A_OL_1_EFR____20191116T150446_20191116T150746_20240601T132906_0179_051_296_2160_MAR_R_NT_004.SEN3
7d768d50-57dc-3776-9962-e83cb2a4493d,S3A_OL_1_EFR____20231127T154511_20231127T154811_20240920T024947_0179_106_111_2340_MAR_R_NT_004.SEN3
60d021a4-fbe2-352b-8a6e-f16c9d8b0d98,S3A_OL_1_EFR____20191013T144607_20191013T144907_20240601T103016_0180_050_196_2160_MAR_R_NT_004.SEN3
9a73e54a-2683-3384-a325-e2072e30cf9d,S3B_OL_1_EFR____20250504T152131_20250504T152431_20250618T103157_0179_106_125_2340_ESA_O_NT_004.SEN3
17ef0445-efac-3fc1-9852-6f1a78d68c87,S3A_OL_1_EFR____20201221T151131_20201221T151431_20240602T203237_0179_066_239_2340_MAR_R_NT_004.SEN3
c2ad8ab8-94f7-3e5d-8d89-2fe5ac988519,S3A_OL_1_EFR____20200402T152717_20200402T153017_20240602T000215_0180_056_339_2160_MAR_R_NT_004.SEN3
6e7cc388-ffb2-3e06-b5d9-789cb7d5d98e,S3A_OL_1_EFR____20180801T140107_20180801T140407_20240531T013353_0179_034_110_2160_MAR_R_NT_004.SEN3
f0a9fef5-1963-3621-b587-2ee1dee5a844,S3A_OL_1_EFR____20201104T134619_20201104T134919_20240602T162556_0179_064_338_2160_MAR_R_NT_004.SEN3
8a1523dd-21ef-3176-9c79-6155649ba80a,S3B_OL_1_EFR____20190113T134405_20190113T134705_20240525T053954_0179_021_010_2160_MAR_R_NT_004.SEN3
0d9b9090-2bbd-37d8-ba64-82061fe8c283,S3A_OL_1_EFR____20220102T153451_20220102T153751_20240604T082141_0179_080_225_2160_MAR_R_NT_004.SEN3
3e1bc503-c52a-44e8-93de-88a4e776be7b,S3B_OL_1_EFR____20240819T150716_20240819T151016_20240820T000004_0179_096_296_2160_PS2_O_NT_004.SEN3
c87acdcb-d760-32bd-bb98-88f376fcf1a9,S3A_OL_1_EFR____20200930T153447_20200930T153747_20240602T132514_0179_063_225_2160_MAR_R_NT_004.SEN3
28c16f4b-5688-370b-846d-e478a99a8b99,S3A_OL_1_EFR____20181215T151854_20181215T152154_20240531T115116_0179_039_125_2340_MAR_R_NT_004.SEN3
4ba3d495-9abe-3f86-ab24-bcc5b50cc87b,S3B_OL_1_EFR____20250127T153322_20250127T153622_20250128T160622_0179_102_282_2160_ESA_O_NT_004.SEN3
1b326db4-98cc-33b5-b49a-01df3255284c,S3A_OL_1_EFR____20240511T135739_20240511T140039_20240920T145413_0179_112_167_2160_MAR_R_NT_004.SEN3
02c18b61-f80e-3e9d-a5b7-3d9de9910d12,S3A_OL_1_EFR____20211206T135351_20211206T135651_20240604T061804_0179_079_224_2160_MAR_R_NT_004.SEN3
019a5f89-8294-359e-8d3f-b11f221e5c7b,S3A_OL_1_EFR____20230130T154603_20230130T154903_20240605T212852_0179_095_054_2160_MAR_R_NT_004.SEN3
2b22de48-5ddf-42ee-8b00-d94d083eb6db,S3A_OL_1_EFR____20250909T153836_20250909T154136_20250910T163944_0179_130_168_2160_PS1_O_NT_004.SEN3
0b82ac0e-e4ac-39fd-a529-aa75c3fc78f1,S3A_OL_1_EFR____20191202T145246_20191202T145546_20240601T143705_0179_052_139_2340_MAR_R_NT_004.SEN3
bcc15ff6-f7e7-4251-bf1c-bd9f2aacd15b,S3B_OL_1_EFR____20240812T145134_20240812T145434_20240812T231208_0179_096_196_2340_PS2_O_NT_004.SEN3
5ed9edce-7c98-33db-b90f-0095b6aa9ce7,S3A_OL_1_EFR____20201203T143751_20201203T144051_20240602T175201_0179_065_367_2340_MAR_R_NT_004.SEN3
d78fcf43-da17-38bb-937d-f4103d8425ca,S3A_OL_1_EFR____20200719T153020_20200719T153320_20240602T071530_0179_060_339_2340_MAR_R_NT_004.SEN3
7fcbb8d6-aad0-3572-b3cb-d49aefe75a56,S3A_OL_1_EFR____20230731T134916_20230731T135216_20240628T043159_0179_101_338_2340_MAR_R_NT_004.SEN3
5ca0216f-5b54-31d1-ba6e-e9ffe7612cc2,S3B_OL_1_EFR____20210830T135842_20210830T140142_20240527T045045_0179_056_224_2340_MAR_R_NT_004.SEN3
f64bfcc6-35f8-3955-ad92-58020cbf467c,S3B_OL_1_EFR____20200405T151309_20200405T151609_20240526T052727_0179_037_239_2340_MAR_R_NT_004.SEN3
3146e137-4bd3-3ead-9102-775e2fecfc2d,S3A_OL_1_EFR____20210604T153409_20210604T153709_20240603T084054_0179_072_282_2340_MAR_R_NT_004.SEN3
780f60bb-69c6-4d00-8cd7-4cfec0564548,S3B_OL_1_EFR____20240829T140727_20240829T141027_20240829T220723_0179_097_053_2160_PS2_O_NT_004.SEN3
a3939a36-6571-3343-bbcc-2af9d2d5a4b6,S3A_OL_1_EFR____20180308T134907_20180308T135207_20240530T122222_0180_028_338_2340_MAR_R_NT_004.SEN3
4b4326c5-d65d-3046-95cd-e0e8c26c2075,S3A_OL_1_EFR____20201127T153058_20201127T153358_20240602T182853_0179_065_282_2160_MAR_R_NT_004.SEN3
fc303f38-72b8-3d33-8fda-03ce1218ff43,S3B_OL_1_EFR____20210926T135539_20210926T135839_20240527T073418_0179_057_224_2160_MAR_R_NT_004.SEN3
a3e7c499-7998-329e-ae9d-cb7a1ef4bad4,S3A_OL_1_EFR____20220121T140425_20220121T140725_20240604T203229_0179_081_110_2340_MAR_R_NT_004.SEN3
e78a041f-dac3-3eb7-8905-841c69a75c4a,S3B_OL_1_EFR____20220116T135451_20220116T135751_20240523T150920_0179_061_281_2340_MAR_R_NT_004.SEN3
ad8e3a8b-49e8-3a97-bab7-4e80ba91e64f,S3B_OL_1_EFR____20210206T141325_20210206T141625_20240526T184328_0179_048_381_2340_MAR_R_NT_004.SEN3
f463e89a-5d50-324c-a63c-43049a676e44,S3A_OL_1_EFR____20201229T150404_20201229T150704_20240602T204026_0179_066_353_2340_MAR_R_NT_004.SEN3
44f3d1dd-aa8b-4db7-9811-a3d3daa0f425,S3A_OL_1_EFR____20250630T144151_20250630T144451_20250701T154200_0180_127_310_2340_PS1_O_NT_004.SEN3
c627457f-2c39-3a03-a91e-220b3fb4d124,S3A_OL_1_EFR____20220716T143845_20220716T144145_20240605T103217_0179_087_310_2160_MAR_R_NT_004.SEN3
64bccc19-4e68-3d45-9a72-50f119744bae,S3A_OL_1_EFR____20210504T153754_20210504T154054_20240603T060822_0179_071_225_2340_MAR_R_NT_004.SEN3
c0dac003-6a9f-36c4-8189-af0335ab25dd,S3A_OL_1_EFR____20181226T135253_20181226T135553_20240531T123907_0179_039_281_2340_MAR_R_NT_004.SEN3
8cda3af3-ea04-3e96-995c-b2555b866b7b,S3A_OL_1_EFR____20180721T152711_20180721T153011_20240531T003502_0179_033_339_2160_MAR_R_NT_004.SEN3
5fecb07a-2961-3142-987d-0a4def889e64,S3B_OL_1_EFR____20210111T134718_20210111T135018_20240526T191959_0179_048_010_2340_MAR_R_NT_004.SEN3
3664047c-b029-32b8-954a-f779e1d59a0b,S3B_OL_1_EFR____20240617T154354_20240617T154654_20240921T180022_0179_094_168_2340_MAR_R_NT_004.SEN3
417cef45-f122-4947-aaaa-a276dc6cd2fc,S3A_OL_1_EFR____20240731T140035_20240731T140335_20240801T141952_0179_115_167_2340_PS1_O_NT_004.SEN3
11208b22-be1c-3a43-a116-16d127911b31,S3A_OL_1_EFR____20240411T151610_20240411T151910_20240920T124040_0179_111_125_2160_MAR_R_NT_004.SEN3
b4545e5e-fc1b-35a9-8524-ad7c6c9aca5e,S3B_OL_1_EFR____20220307T153636_20220307T153936_20240523T163226_0179_063_225_2160_MAR_R_NT_004.SEN3
a244ffab-08c1-32a3-a1b6-8eeca0b9e356,S3B_OL_1_EFR____20190714T150923_20190714T151223_20240525T131358_0179_027_296_2340_MAR_R_NT_004.SEN3
d84b09c2-8070-4838-9702-e53e248561af,S3A_OL_1_EFR____20240814T143456_20240814T143756_20240815T150020_0179_115_367_2160_PS1_O_NT_004.SEN3
d3af30f4-9a74-33e1-a1ed-1cdca6ce9a4a,S3A_OL_1_EFR____20231229T151521_20231229T151821_20240920T051309_0179_107_182_2340_MAR_R_NT_004.SEN3
43b84ae6-e597-3c90-a625-335df379c575,S3A_OL_1_EFR____20180624T134914_20180624T135214_20240530T223917_0179_032_338_2340_MAR_R_NT_004.SEN3
32634875-ce2a-313e-879e-d26610afac3a,S3A_OL_1_EFR____20230630T135304_20230630T135604_20240628T040240_0179_100_281_2340_MAR_R_NT_004.SEN3
31083a30-10e3-3e85-86ba-9b616f2d8d55,S3A_OL_1_EFR____20231027T154600_20231027T154900_20240919T232615_0179_105_054_2160_MAR_R_NT_004.SEN3
e1ef93c2-ba70-3104-b9ee-58bc740f5713,S3A_OL_1_EFR____20210316T150749_20210316T151049_20240603T023438_0179_069_296_2340_MAR_R_NT_004.SEN3
6cc7627a-5441-34f6-80f7-04196af5d125,S3A_OL_1_EFR____20190622T151603_20190622T151903_20240601T011848_0179_046_125_2160_MAR_R_NT_004.SEN3
976a10df-04e2-36bf-99ab-dd164bf0a820,S3B_OL_1_EFR____20230927T144733_20230927T145033_20240921T020901_0179_084_253_2340_MAR_R_NT_004.SEN3
cfc27108-c8ae-3cb3-9b84-9a0766872dee,S3A_OL_1_EFR____20210108T154215_20210108T154515_20240602T205830_0179_067_111_2160_MAR_R_NT_004.SEN3
82ea2a50-b25d-36ff-9263-8713fa561273,S3A_OL_1_EFR____20211106T151524_20211106T151824_20240604T023734_0179_078_182_2340_MAR_R_NT_004.SEN3
ce5d111f-8151-4015-91b7-5812be79bb84,S3A_OL_1_EFR____20250629T150802_20250629T151102_20250630T155525_0179_127_296_2340_PS1_O_NT_004.SEN3
50c89c77-7e7f-3aca-b757-cff1fb92618f,S3B_OL_1_EFR____20190224T135520_20190224T135820_20240525T054158_0180_022_224_2160_MAR_R_NT_004.SEN3
37c78402-e858-3c50-95e3-ae1b71991512,S3A_OL_1_EFR____20210419T152639_20210419T152939_20240603T044320_0180_071_011_2340_MAR_R_NT_004.SEN3
05ff2bd7-5cec-39c5-b845-e0702f620e02,S3B_OL_1_EFR____20220115T142102_20220115T142402_20240523T134015_0180_061_267_2340_MAR_R_NT_004.SEN3
6c385cef-ef61-391f-ab4f-4c42be8af887,S3A_OL_1_EFR____20180305T150741_20180305T151041_20240530T120900_0179_028_296_2340_MAR_R_NT_004.SEN3
41e96d26-b8a2-3c15-8f2c-b15a5003fe4b,S3B_OL_1_EFR____20230917T140325_20230917T140625_20240921T023223_0179_084_110_2160_MAR_R_NT_004.SEN3
4fa3d4b9-4ad3-38f4-9e94-b92fc00855c0,S3A_OL_1_EFR____20180714T151130_20180714T151430_20240530T234037_0179_033_239_2340_MAR_R_NT_004.SEN3
7e59f069-8080-3fc6-9d0d-985e3d45e036,S3A_OL_1_EFR____20191218T143748_20191218T144048_20240601T161815_0179_052_367_2340_MAR_R_NT_004.SEN3
3d36e59a-fd27-3145-a861-334593f7cb87,S3A_OL_1_EFR____20200915T152632_20200915T152932_20240602T121833_0179_063_011_2340_MAR_R_NT_004.SEN3
9c8a2451-b2d3-4bc1-b6ba-6c4312a8d70d,S3A_OL_1_EFR____20250913T135354_20250913T135654_20250914T145534_0179_130_224_2160_PS1_O_NT_004.SEN3
7a79a1bc-5dc1-4e66-ac2c-c93a2be52b84,S3A_OL_1_EFR____20251126T151913_20251126T152213_20251127T161753_0179_133_125_2340_PS1_O_NT_004.SEN3
3c99709a-d7b4-3e61-b925-4014113d47fa,S3A_OL_1_EFR____20200511T151908_20200511T152208_20240602T021156_0179_058_125_2340_MAR_R_NT_004.SEN3
79a4ba1b-d5b2-3426-8ce0-e392f8f54ef8,S3A_OL_1_EFR____20180301T151126_20180301T151426_20240530T125136_0179_028_239_2340_MAR_R_NT_004.SEN3
ea536588-4692-3fe9-9517-3145b3a9dcbf,S3A_OL_1_EFR____20230804T134232_20230804T134532_20240919T165426_0179_102_010_2160_MAR_R_NT_004.SEN3
acb18fb5-2df6-32e6-b4f3-cda3035ae604,S3A_OL_1_EFR____20190707T152717_20190707T153017_20240601T022836_0179_046_339_2160_MAR_R_NT_004.SEN3
12c5c2d7-57e3-3c05-a890-b9a39a54cb1b,S3A_OL_1_EFR____20191111T135343_20191111T135643_20240601T132213_0179_051_224_2160_MAR_R_NT_004.SEN3
c6ee9721-965d-3913-9587-9a7f06e53259,S3B_OL_1_EFR____20240506T135138_20240506T135438_20240921T154014_0179_092_338_2340_MAR_R_NT_004.SEN3
3e43c239-d6ec-3994-81d2-0168d47a97b2,S3A_OL_1_EFR____20190902T154938_20190902T155238_20240601T060605_0179_048_382_2160_MAR_R_NT_004.SEN3
c8ebfa88-0379-33ea-a6c4-1b89f3654586,S3A_OL_1_EFR____20181021T154511_20181021T154811_20240531T081016_0179_037_111_2340_MAR_R_NT_004.SEN3
2f2efd5d-bf33-3668-b7f0-ee1dd3279ceb,S3A_OL_1_EFR____20190413T153059_20190413T153359_20240531T194325_0179_043_282_2160_MAR_R_NT_004.SEN3
96c2ccbe-4ece-4b41-8abd-68f318693549,S3A_OL_1_EFR____20250505T153412_20250505T153712_20250506T161723_0179_125_282_2340_PS1_O_NT_004.SEN3
d067e430-029c-377d-ac54-ced003bebf8f,S3B_OL_1_EFR____20200828T155128_20200828T155428_20240526T113222_0180_042_382_2160_MAR_R_NT_004.SEN3
c1f15917-e06d-349f-9f7d-4627e8eea2f2,S3B_OL_1_EFR____20200809T140300_20200809T140600_20240526T103817_0179_042_110_2160_MAR_R_NT_004.SEN3
8bc3f6a6-f48f-3c95-a6b9-1677c29a125f,S3B_OL_1_EFR____20230613T135513_20230613T135813_20240627T151020_0179_080_281_2340_MAR_R_NT_004.SEN3
16f4cd85-6d97-3cfe-9b5c-4afa3760c275,S3B_OL_1_EFR____20250428T143335_20250428T143635_20250429T154224_0180_106_039_2160_ESA_O_NT_004.SEN3
4934efc5-9b71-32be-8c1f-da871ca4a865,S3A_OL_1_EFR____20200707T135734_20200707T140034_20240602T061831_0179_060_167_2160_MAR_R_NT_004.SEN3
509636c2-07b8-315f-8133-1cd62d835d84,S3B_OL_1_EFR____20181121T145902_20181121T150202_20240621T065832_0179_018_025_2160_MAR_R_NT_004.SEN3
7a26b385-a522-34be-907e-e5ef958e12da,S3A_OL_1_EFR____20211218T134237_20211218T134537_20240604T061757_0179_080_010_2160_MAR_R_NT_004.SEN3
e44e85e9-7ed3-3bf3-8193-a5a3a68b19cc,S3A_OL_1_EFR____20190424T154559_20190424T154859_20240531T211318_0179_044_054_2160_MAR_R_NT_004.SEN3
e1f90061-8079-3f82-8d1a-b62e3b4931bb,S3B_OL_1_EFR____20180715T144449_20180715T144749_20240620T170830_0179_010_253_2340_MAR_R_NT_004.SEN3
90eaa233-a602-4866-8d71-bdc8a14e3fc8,S3A_OL_1_EFR____20241114T144954_20241114T145254_20241115T151520_0179_119_139_2160_PS1_O_NT_004.SEN3
f40fb7a5-0dac-3402-927f-d3006c7dc3b7,S3B_OL_1_EFR____20220211T141802_20220211T142102_20240523T163534_0179_062_267_2160_MAR_R_NT_004.SEN3
7d4e06c4-3687-33c1-bf65-4104eb5338eb,S3A_OL_1_EFR____20191026T141142_20191026T141442_20240601T111500_0179_050_381_2340_MAR_R_NT_004.SEN3
1e531e52-7f8c-3da3-a4ef-57957d42f12f,S3A_OL_1_EFR____20210619T140124_20210619T140424_20240603T104315_0179_073_110_2160_MAR_R_NT_004.SEN3
1deeca2b-5fb5-3809-97ac-26ff8ab4d0c1,S3A_OL_1_EFR____20201119T140030_20201119T140330_20240602T164904_0180_065_167_2340_MAR_R_NT_004.SEN3
0e914dff-51e7-3f88-b5bd-4dea7d6528f4,S3A_OL_1_EFR____20190910T154510_20190910T154810_20240601T081628_0179_049_111_2340_MAR_R_NT_004.SEN3
8313a6a8-ed6b-3e8d-814a-337e110cc065,S3A_OL_1_EFR____20180909T153053_20180909T153353_20240531T044740_0179_035_282_2160_MAR_R_NT_004.SEN3
ebbf3995-03a1-3856-9486-3f407108c530,S3B_OL_1_EFR____20200601T135443_20200601T135743_20240526T073518_0179_039_281_2340_MAR_R_NT_004.SEN3
5e0264cb-3554-30ee-9375-5eda2ccc5351,S3A_OL_1_EFR____20200111T155324_20200111T155624_20240601T171642_0179_053_325_2160_MAR_R_NT_004.SEN3
1a203f0e-cd1e-3d5f-b2ff-4d1528611949,S3B_OL_1_EFR____20250530T154747_20250530T155047_20250531T162504_0179_107_111_2340_ESA_O_NT_004.SEN3
b2d8939a-e1f6-4ff0-9c43-4eb81066b7fb,S3B_OL_1_EFR____20251105T134428_20251105T134728_20251106T145903_0179_113_067_2340_ESA_O_NT_004.SEN3
110b6a5a-fa17-3753-9e03-99557b48a943,S3A_OL_1_EFR____20230708T152634_20230708T152934_20240628T033030_0179_101_011_2340_MAR_R_NT_004.SEN3
e3612989-49d3-3c8c-a8a5-48bd56008677,S3B_OL_1_EFR____20250219T153711_20250219T154011_20250220T173645_0180_103_225_2160_ESA_O_NT_004.SEN3
6b4414b8-8c62-30c5-8543-357aa4e96a84,S3B_OL_1_EFR____20240324T154426_20240324T154726_20240921T131814_0179_091_111_2160_MAR_R_NT_004.SEN3
fb5f2597-8c96-3f61-bb3c-cb600ee4fdcf,S3A_OL_1_EFR____20221111T152251_20221111T152551_20240605T160805_0179_092_068_2340_MAR_R_NT_004.SEN3
7962c95b-f081-3f1e-8b34-ca8845bee037,S3B_OL_1_EFR____20250727T140009_20250727T140309_20250728T152330_0179_109_167_2160_ESA_O_NT_004.SEN3
e483d5cd-dfa2-30cd-b989-dc5f7e0f6e06,S3A_OL_1_EFR____20180825T151938_20180825T152238_20240531T033853_0179_035_068_2160_MAR_R_NT_004.SEN3
c0cfdd9b-d3ae-428a-9ee7-11dee020bd30,S3A_OL_1_EFR____20241125T150751_20241125T151051_20241126T153009_0179_119_296_2340_PS1_O_NT_004.SEN3
1b8777d1-57c8-35fa-984d-f73a569d1833,S3A_OL_1_EFR____20240216T140118_20240216T140418_20240920T073949_0179_109_110_2160_MAR_R_NT_004.SEN3
d031be13-fe47-365b-a4a4-120d15b8224e,S3A_OL_1_EFR____20221114T154216_20221114T154516_20240605T162112_0179_092_111_2160_MAR_R_NT_004.SEN3
f8465ce9-9710-386c-b4d0-3ba08b4809e8,S3A_OL_1_EFR____20230807T140458_20230807T140758_20240919T164645_0179_102_053_2160_MAR_R_NT_004.SEN3
6d9cc471-9c4c-307d-b017-15cf86a99169,S3B_OL_1_EFR____20210220T145051_20210220T145351_20240526T201128_0179_049_196_2340_MAR_R_NT_004.SEN3
724ce175-1ca0-4aa6-8467-ab6002ae3b5b,S3A_OL_1_EFR____20250209T153451_20250209T153751_20250210T162723_0179_122_225_2160_PS1_O_NT_004.SEN3
51aa1c39-8912-4493-a991-4878277ff00a,S3A_OL_1_EFR____20240804T135650_20240804T135950_20240805T141856_0179_115_224_2340_PS1_O_NT_004.SEN3
abbe30b2-4b16-3f16-b867-92798a1aeb13,S3B_OL_1_EFR____20230718T134747_20230718T135047_20240627T190855_0179_082_010_2340_MAR_R_NT_004.SEN3
b74a03f6-b1e4-3b15-9884-6ca329bb3896,S3A_OL_1_EFR____20180905T153436_20180905T153736_20240531T052623_0179_035_225_2160_MAR_R_NT_004.SEN3
ff45a1af-a7e0-3ad3-bd8a-d6b0dd2f1e48,S3B_OL_1_EFR____20240417T134404_20240417T134704_20240921T144622_0179_092_067_2340_MAR_R_NT_004.SEN3
1f5aae63-b893-4348-8526-c1ada75ee73b,S3B_OL_1_EFR____20241215T140725_20241215T141025_20241215T220521_0179_101_053_2160_PS2_O_NT_004.SEN3
57e71e01-41f3-3ede-9d3a-9dc961751912,S3B_OL_1_EFR____20250319T151359_20250319T151659_20250320T153420_0179_104_239_2340_ESA_O_NT_004.SEN3
cb80b0e2-8223-3494-9354-398de009f8b2,S3A_OL_1_EFR____20221022T154134_20221022T154434_20240605T152000_0179_091_168_2340_MAR_R_NT_004.SEN3
b8cbbb40-63e1-325b-82fd-f90c0833f506,S3B_OL_1_EFR____20191203T152807_20191203T153107_20240526T005057_0179_033_011_2340_MAR_R_NT_004.SEN3
c8be17c8-c839-3c46-987e-73e1acb4a88f,S3B_OL_1_EFR____20181112T140533_20181112T140833_20240621T060609_0179_017_039_2340_MAR_R_NT_004.SEN3
63c6c144-af51-37e7-b73b-7ab8834d93f3,S3A_OL_1_EFR____20221014T140504_20221014T140804_20240605T145132_0179_091_053_2160_MAR_R_NT_004.SEN3
6cf53b09-fc62-38d7-8c5c-2c940e16188e,S3A_OL_1_EFR____20180116T154935_20180116T155235_20240530T085743_0180_026_382_2160_MAR_R_NT_004.SEN3
f2a9b723-7c18-3c26-9910-db875213884d,S3A_OL_1_EFR____20191110T141954_20191110T142254_20240601T125511_0179_051_210_2160_MAR_R_NT_004.SEN3
3fa891bf-3009-3b1f-af25-d7c986974eda,S3A_OL_1_EFR____20210627T135656_20210627T135956_20240603T114524_0179_073_224_2340_MAR_R_NT_004.SEN3
f6276488-6003-349d-b12f-c9ae9ca70205,S3A_OL_1_EFR____20190903T134528_20190903T134828_20240601T070942_0179_049_010_2340_MAR_R_NT_004.SEN3
088c4235-24c3-3e2f-9eac-bfb1c533b2fc,S3B_OL_1_EFR____20220326T154405_20220326T154705_20240523T202030_0179_064_111_2160_MAR_R_NT_004.SEN3
076aed68-c679-31d5-a8ea-135c3cb6f061,S3B_OL_1_EFR____20230401T152834_20230401T153134_20240527T163758_0179_078_011_2340_MAR_R_NT_004.SEN3
43b441cd-427a-3dc7-99b2-45e30991494c,S3A_OL_1_EFR____20231201T153827_20231201T154127_20240920T012545_0179_106_168_2160_MAR_R_NT_004.SEN3
e5e41132-ba12-3d2f-b280-fea178a4f48f,S3B_OL_1_EFR____20211009T145912_20211009T150212_20240527T105742_0179_058_025_2160_MAR_R_NT_004.SEN3
71e3a839-3c47-3354-a5e4-52b5ce4ab333,S3B_OL_1_EFR____20210530T134339_20210530T134639_20240527T003158_0179_053_067_2340_MAR_R_NT_004.SEN3
c575bdca-0980-37ee-a305-0918150a61c5,S3A_OL_1_EFR____20230515T134539_20230515T134839_20240606T044954_0179_099_010_2340_MAR_R_NT_004.SEN3
7044f35f-82de-43bb-b3b3-32450ec11a72,S3A_OL_1_EFR____20250729T152728_20250729T153028_20250730T161730_0180_128_339_2160_PS1_O_NT_004.SEN3
cc2fb64a-8d7f-3b57-bf02-f91732b51b91,S3B_OL_1_EFR____20180613T151145_20180613T151445_20240620T153237_0179_009_182_2160_MAR_R_NT_004.SEN3
3b7f0efa-caf6-4b38-ad49-58e7ca26b148,S3A_OL_1_EFR____20250105T140116_20250105T140416_20250106T142708_0179_121_110_2160_PS1_O_NT_004.SEN3
11252901-2d93-36e8-9ef0-112d98ef7181,S3A_OL_1_EFR____20230715T154216_20230715T154516_20240628T044909_0179_101_111_2160_MAR_R_NT_004.SEN3
e2e1abe0-fc10-3c13-89f0-fdc0c665912c,S3B_OL_1_EFR____20250322T135527_20250322T135827_20250323T144812_0179_104_281_2340_ESA_O_NT_004.SEN3
7d3ef01c-e4a3-4751-a4d9-eeac1d1153cb,S3A_OL_1_EFR____20250412T153025_20250412T153325_20250413T161914_0179_124_339_2340_PS1_O_NT_004.SEN3
01c87276-d923-3df0-8906-88d8cbe57f8f,S3A_OL_1_EFR____20201031T153403_20201031T153703_20240602T162922_0179_064_282_2340_MAR_R_NT_004.SEN3
3bd6812f-5163-342e-a6c5-16acf0dd3de5,S3B_OL_1_EFR____20220523T135929_20220523T140229_20240523T220846_0179_066_167_2160_MAR_R_NT_004.SEN3
12f4e197-a9a4-3076-8e1c-5cbdf0b91e31,S3B_OL_1_EFR____20240131T152115_20240131T152415_20240921T090904_0179_089_125_2340_MAR_R_NT_004.SEN3
c438ea79-5d3d-345c-bee0-a0ee469c181e,S3B_OL_1_EFR____20240413T134449_20240413T134749_20240921T135644_0179_092_010_2160_MAR_R_NT_004.SEN3
61c54cee-f68d-4e7e-8fe8-53f627f0e066,S3A_OL_1_EFR____20250510T150116_20250510T150416_20250511T155229_0179_125_353_2160_PS1_O_NT_004.SEN3
f4b09a22-33a8-3883-8243-3826ba3c8b75,S3A_OL_1_EFR____20220721T154948_20220721T155248_20240605T104323_0179_087_382_2160_MAR_R_NT_004.SEN3
a8e76310-2b1e-3602-b6c2-44ee1518d3f9,S3A_OL_1_EFR____20230804T152331_20230804T152631_20240919T172804_0179_102_011_2160_MAR_R_NT_004.SEN3
925459bb-e591-3723-a5a4-25999d3658fc,S3A_OL_1_EFR____20180506T150017_20180506T150317_20240530T182032_0179_031_025_2340_MAR_R_NT_004.SEN3
7820ede4-0562-3949-9968-469e00007b6d,S3A_OL_1_EFR____20191127T152242_20191127T152542_20240601T132828_0179_052_068_2340_MAR_R_NT_004.SEN3
fbf64635-3405-31e9-9527-42d425faafa9,S3B_OL_1_EFR____20210811T135113_20210811T135413_20240527T051341_0179_055_338_2340_MAR_R_NT_004.SEN3
f245c18c-6d5d-3d8f-af6f-85e72ccd0339,S3B_OL_1_EFR____20220924T134434_20220924T134734_20240524T051144_0179_071_010_2160_MAR_R_NT_004.SEN3
3e4e09d9-d5e9-4dcc-b0e1-1c1c879a9ee7,S3A_OL_1_EFR____20240823T140416_20240823T140716_20240824T142455_0179_116_110_2340_PS1_O_NT_004.SEN3
a97bcf76-58ec-3125-8ae6-266ca5a12117,S3B_OL_1_EFR____20190917T152120_20190917T152420_20240525T173916_0179_030_068_2160_MAR_R_NT_004.SEN3
a15e6a08-aed5-3263-8544-bbb745761357,S3B_OL_1_EFR____20240410T150621_20240410T150921_20240921T123113_0179_091_353_2340_MAR_R_NT_004.SEN3
f6911d97-9ca8-3f22-80c7-9a54f549b96c,S3A_OL_1_EFR____20220702T140124_20220702T140424_20240605T093734_0179_087_110_2160_MAR_R_NT_004.SEN3
34929775-f314-4140-bef0-86a8d95536b5,S3A_OL_1_EFR____20241122T144525_20241122T144825_20241123T150855_0180_119_253_2340_PS1_O_NT_004.SEN3
1d51103c-5a05-392e-8c89-5de933c11ea9,S3B_OL_1_EFR____20240617T135955_20240617T140255_20240921T172132_0179_094_167_2160_MAR_R_NT_004.SEN3
9c36e9e8-6cb1-326a-b0bc-e20e7bb405e8,S3B_OL_1_EFR____20220303T135921_20220303T140221_20240523T174703_0179_063_167_2160_MAR_R_NT_004.SEN3
c87c1ce2-1a20-34d4-a498-e377d230baa4,S3A_OL_1_EFR____20210116T153448_20210116T153748_20240602T213442_0179_067_225_2160_MAR_R_NT_004.SEN3
4df0f8fd-553c-3bf0-aff3-8a03a022995e,S3A_OL_1_EFR____20231115T155326_20231115T155626_20240919T234802_0179_105_325_2160_MAR_R_NT_004.SEN3
9310321e-a89d-4675-9f6b-a29a9843e900,S3A_OL_1_EFR____20250429T144618_20250429T144918_20250430T153848_0179_125_196_2160_PS1_O_NT_004.SEN3
4bf74d0a-3902-3a85-b77e-46c9bae21951,S3A_OL_1_EFR____20200823T152247_20200823T152547_20240602T101934_0179_062_068_2340_MAR_R_NT_004.SEN3
38b38e74-2a92-3e86-809f-2e8c353c6bd3,S3A_OL_1_EFR____20240105T135303_20240105T135603_20240920T051043_0179_107_281_2340_MAR_R_NT_004.SEN3
ff94fe4c-523c-3e6b-a8fe-23f710d42ada,S3B_OL_1_EFR____20210315T145137_20210315T145437_20240526T220711_0180_050_139_2160_MAR_R_NT_004.SEN3
2f907e61-ad1f-3664-b7f2-00bd73e54693,S3A_OL_1_EFR____20180116T140836_20180116T141136_20240530T092440_0179_026_381_2160_MAR_R_NT_004.SEN3
25053046-bcc4-3aec-9ed3-1350f66ae783,S3A_OL_1_EFR____20240720T134238_20240720T134538_20240920T184252_0179_115_010_2160_MAR_R_NT_004.SEN3
4f68143f-ea1e-3155-9366-9decc9e0c49e,S3A_OL_1_EFR____20181022T151600_20181022T151900_20240531T081214_0179_037_125_2160_MAR_R_NT_004.SEN3
9e8ab67e-7a22-311d-be22-74631a02cb81,S3A_OL_1_EFR____20180117T152625_20180117T152925_20240530T082420_0179_027_011_2340_MAR_R_NT_004.SEN3
ca8e14d5-eadd-4bad-b2cb-d149097bd5d5,S3B_OL_1_EFR____20241126T154058_20241126T154358_20241127T081004_0179_100_168_2160_PS2_O_NT_004.SEN3
9544c6da-2fcd-3507-b3d3-20467759aab1,S3A_OL_1_EFR____20210123T155331_20210123T155631_20240602T221851_0179_067_325_2160_MAR_R_NT_004.SEN3
61a2217f-f458-3f1b-8618-d912d94eac22,S3B_OL_1_EFR____20180722T150031_20180722T150331_20240620T171406_0179_010_353_2160_MAR_R_NT_004.SEN3
41b2f7c8-bfde-4b54-8132-0fcb5dd7c072,S3A_OL_1_EFR____20250428T151228_20250428T151528_20250429T160422_0179_125_182_2160_PS1_O_NT_004.SEN3
88688dc7-a9e9-36dd-adf8-d3d4ccfa0f4b,S3A_OL_1_EFR____20190405T135728_20190405T140028_20240531T194716_0179_043_167_2160_MAR_R_NT_004.SEN3
7e8cc113-c7f3-3ed2-83c1-4c2ed9f7a2fe,S3B_OL_1_EFR____20190813T135051_20190813T135351_20240525T164021_0179_028_338_2340_MAR_R_NT_004.SEN3
cbe06c0c-9670-3735-9f0e-2e93d93fcc2c,S3B_OL_1_EFR____20230820T143241_20230820T143541_20240921T003109_0179_083_096_2340_MAR_R_NT_004.SEN3
2903f61c-7a04-335d-9802-2e8a0f42288f,S3A_OL_1_EFR____20230220T150408_20230220T150708_20240605T225219_0179_095_353_2340_MAR_R_NT_004.SEN3
5e292f51-bc20-3b31-a766-527a63f95d37,S3A_OL_1_EFR____20190414T150749_20190414T151049_20240531T194638_0179_043_296_2340_MAR_R_NT_004.SEN3
2e7cea72-f8c0-499e-bb3e-5a3753a014d1,S3A_OL_1_EFR____20250616T154525_20250616T154825_20250617T163515_0179_127_111_2340_PS1_O_NT_004.SEN3
03b394b3-335f-3497-80bd-6f4894d7dbf8,S3A_OL_1_EFR____20230322T134239_20230322T134539_20240606T014354_0179_097_010_2160_MAR_R_NT_004.SEN3
4be13b1e-0635-30db-8f83-a7963dbb8040,S3A_OL_1_EFR____20240527T134540_20240527T134840_20240920T165629_0179_113_010_2340_MAR_R_NT_004.SEN3
e5a4b2c8-92aa-312b-bb71-50001ffbfc5b,S3A_OL_1_EFR____20240128T153448_20240128T153748_20240920T073832_0179_108_225_2160_MAR_R_NT_004.SEN3
1f8c27dd-0fed-3d16-9a39-843272313105,S3B_OL_1_EFR____20180804T142605_20180804T142905_20240620T194831_0179_011_153_2340_MAR_R_NT_004.SEN3
54bd60ce-aae8-32bf-a8b8-6ec6801c4090,S3A_OL_1_EFR____20220718T134623_20220718T134923_20240605T103327_0179_087_338_2160_MAR_R_NT_004.SEN3
843657e8-5163-30c0-a818-25162b9d16e8,S3B_OL_1_EFR____20240321T134401_20240321T134701_20240921T123101_0179_091_067_2340_MAR_R_NT_004.SEN3
70508f4c-9fb8-351c-8f3d-abd1d39e3ab7,S3B_OL_1_EFR____20200813T140216_20200813T140516_20240526T120736_0179_042_167_2340_MAR_R_NT_004.SEN3
1beb8f5a-bec3-3e38-aded-1da50bccebc2,S3B_OL_1_EFR____20190625T150152_20190625T150452_20240525T131049_0179_027_025_2340_MAR_R_NT_004.SEN3
28627ae6-bae6-3ced-ade1-06ad4f7b4cf8,S3A_OL_1_EFR____20191202T144946_20191202T145246_20240601T143641_0179_052_139_2160_MAR_R_NT_004.SEN3
e5459692-52b5-36f6-8189-775aef5160f4,S3A_OL_1_EFR____20211109T153751_20211109T154051_20240604T040052_0179_078_225_2340_MAR_R_NT_004.SEN3
3e41aae0-f28a-3034-9604-b047058192c8,S3A_OL_1_EFR____20180407T154937_20180407T155237_20240530T142340_0179_029_382_2160_MAR_R_NT_004.SEN3
ff2288ee-70d5-372c-805e-69bb0ca8ba45,S3A_OL_1_EFR____20230429T140038_20230429T140338_20240606T035049_0179_098_167_2340_MAR_R_NT_004.SEN3
e7ad8daf-5bb8-4d39-b1e1-fd2a1868a0f9,S3A_OL_1_EFR____20251130T151228_20251130T151528_20251201T161245_0179_133_182_2160_PS1_O_NT_004.SEN3
172a3531-1248-44cf-8dae-d70b181da36f,S3B_OL_1_EFR____20250115T154438_20250115T154738_20250116T075728_0179_102_111_2160_PS2_O_NT_004.SEN3
577529d6-afed-3324-a4dc-abe8f555a76a,S3A_OL_1_EFR____20230913T144908_20230913T145208_20240919T192820_0180_103_196_2340_MAR_R_NT_004.SEN3
61d5f8ee-02ee-3e72-a75c-6ad02df58ee9,S3B_OL_1_EFR____20250408T145518_20250408T145818_20250409T154514_0179_105_139_2340_ESA_O_NT_004.SEN3
f9d57747-1a24-3440-ad4b-ba05c3947d98,S3A_OL_1_EFR____20210824T135006_20210824T135306_20240603T152100_0179_075_281_2160_MAR_R_NT_004.SEN3
72ad206d-e169-31d9-b0c6-4b6c1e8ef56c,S3B_OL_1_EFR____20201129T140217_20201129T140517_20240526T153443_0179_046_167_2340_MAR_R_NT_004.SEN3
e8703e53-fffe-32b9-82d1-b722d2cfb688,S3A_OL_1_EFR____20190106T154551_20190106T154851_20240531T135854_0180_040_054_2160_MAR_R_NT_004.SEN3
fa9896fb-f93b-3fa2-895b-415d7376bb89,S3B_OL_1_EFR____20200725T135147_20200725T135447_20240526T120904_0180_041_281_2160_MAR_R_NT_004.SEN3
08c44217-6356-4ee2-8a1d-040a5311c0d9,S3A_OL_1_EFR____20250529T151146_20250529T151446_20250530T160054_0180_126_239_2340_PS1_O_NT_004.SEN3
429fb243-24a9-326a-a7b7-c448284cb8e8,S3B_OL_1_EFR____20220527T135845_20220527T140145_20240523T224727_0179_066_224_2340_MAR_R_NT_004.SEN3
aaf4388e-15a1-37fc-ab20-009329502a7a,S3A_OL_1_EFR____20230608T150411_20230608T150711_20240628T021257_0179_099_353_2340_MAR_R_NT_004.SEN3
074b2291-d576-367f-94ee-0e2967a5c41f,S3A_OL_1_EFR____20221217T144609_20221217T144909_20240605T183620_0179_093_196_2160_MAR_R_NT_004.SEN3
2a192cb1-2183-3a81-ba07-a15ccbedee31,S3A_OL_1_EFR____20221101T144142_20221101T144442_20240605T154911_0179_091_310_2340_MAR_R_NT_004.SEN3
dcac90fb-ba76-325f-8489-fada59678d03,S3B_OL_1_EFR____20190205T134749_20190205T135049_20240525T054347_0179_021_338_2160_MAR_R_NT_004.SEN3
f9768fb8-d85a-36ef-b299-35b95d205ae7,S3B_OL_1_EFR____20181014T152557_20181014T152857_20240621T022606_0180_014_011_2340_MAR_R_NT_004.SEN3
7c07a4e8-dca6-3f42-ba9b-5696cfe48089,S3B_OL_1_EFR____20230906T135129_20230906T135429_20240920T233150_0180_083_338_2340_MAR_R_NT_004.SEN3
cd9f1e0b-34ef-3902-9013-b754d756b405,S3A_OL_1_EFR____20190409T135344_20190409T135644_20240531T193336_0180_043_224_2160_MAR_R_NT_004.SEN3
cb320516-89e3-3fc6-984c-fdc46bf0c70a,S3B_OL_1_EFR____20220901T152453_20220901T152753_20240524T041731_0179_070_068_2340_MAR_R_NT_004.SEN3
f35831c9-d218-3129-adf0-c5c437a3d0ee,S3B_OL_1_EFR____20210525T155132_20210525T155432_20240527T030503_0179_052_382_2160_MAR_R_NT_004.SEN3
0a844ea5-0917-3137-8b8a-67f2ee56cb76,S3B_OL_1_EFR____20250614T141503_20250614T141803_20250615T151510_0179_107_324_2160_ESA_O_NT_004.SEN3
ebb2dfa8-8c2f-3100-a9e5-f3631d6cfe89,S3A_OL_1_EFR____20190405T153827_20190405T154127_20240531T191828_0179_043_168_2160_MAR_R_NT_004.SEN3
dad1da68-25ac-345a-8704-048eb8925a37,S3A_OL_1_EFR____20200425T135005_20200425T135305_20240602T020340_0179_057_281_2160_MAR_R_NT_004.SEN3
7982fbad-0f97-37c8-9324-645911f19318,S3B_OL_1_EFR____20210711T153555_20210711T153855_20240527T030117_0179_054_282_2340_MAR_R_NT_004.SEN3
9c0323ce-05c2-378e-9a37-e4eae895276a,S3A_OL_1_EFR____20221130T134917_20221130T135217_20240605T171004_0179_092_338_2340_MAR_R_NT_004.SEN3
cdb39ac6-29c1-3d0d-867f-abff981194b9,S3A_OL_1_EFR____20190707T153017_20190707T153317_20240601T022901_0179_046_339_2340_MAR_R_NT_004.SEN3
9ab9acb8-8226-30e8-93b8-5d9f26eb3866,S3A_OL_1_EFR____20191216T134611_20191216T134911_20240601T152203_0180_052_338_2160_MAR_R_NT_004.SEN3
73394d1e-f8b4-3ccb-b00f-9ac4746cd1dd,S3B_OL_1_EFR____20250526T154831_20250526T155131_20250527T174017_0179_107_054_2160_ESA_O_NT_004.SEN3
5b4a2a1c-3fb2-3277-baaf-60a3cc600c11,S3B_OL_1_EFR____20220311T153551_20220311T153851_20240523T172224_0180_063_282_2340_MAR_R_NT_004.SEN3
2440519a-9aeb-328c-a274-5858a04dd637,S3A_OL_1_EFR____20180124T154207_20180124T154507_20240530T092149_0180_027_111_2160_MAR_R_NT_004.SEN3
8360eb2f-a82c-3cd9-813a-ad4aad9e21c8,S3B_OL_1_EFR____20200115T151307_20200115T151607_20240525T230215_0179_034_239_2340_MAR_R_NT_004.SEN3
5b64b4ca-6661-37b3-8579-45f8d9a4460d,S3A_OL_1_EFR____20191229T144948_20191229T145248_20240601T162421_0180_053_139_2160_MAR_R_NT_004.SEN3
f3d9a652-813f-3239-8897-1b5fea02a7fa,S3B_OL_1_EFR____20230825T135944_20230825T140244_20240921T001339_0179_083_167_2160_MAR_R_NT_004.SEN3
74ba585b-d69d-47db-9596-432616bc4fa7,S3B_OL_1_EFR____20250104T135141_20250104T135441_20250104T220333_0179_101_338_2340_PS2_O_NT_004.SEN3
b45b6e03-a7f5-3f9e-86a0-1b359284427f,S3B_OL_1_EFR____20200118T135434_20200118T135734_20240526T024303_0179_034_281_2340_MAR_R_NT_004.SEN3
6016c601-93ba-36fa-ab79-2874dd75dcfe,S3A_OL_1_EFR____20230315T150753_20230315T151053_20240606T002131_0179_096_296_2340_MAR_R_NT_004.SEN3
4f834451-8d53-31e2-8adb-2e343c405ac3,S3B_OL_1_EFR____20180728T140424_20180728T140724_20240620T180646_0179_011_053_2160_MAR_R_NT_004.SEN3
cffb44ee-af23-3bd6-8a73-dedc935d779f,S3B_OL_1_EFR____20220307T135537_20220307T135837_20240523T183618_0179_063_224_2160_MAR_R_NT_004.SEN3
f18c3c36-a6c5-3317-8672-718c488163d2,S3B_OL_1_EFR____20240722T153628_20240722T153928_20240921T194323_0179_095_282_2340_MAR_R_NT_004.SEN3
8764ac28-7055-3852-84be-c904e9c2d58a,S3B_OL_1_EFR____20230210T134353_20230210T134653_20240527T163246_0179_076_067_2340_MAR_R_NT_004.SEN3
02a8ced8-dffe-39ab-8c10-77fc5e649e86,S3A_OL_1_EFR____20240311T152249_20240311T152549_20240920T085821_0179_110_068_2340_MAR_R_NT_004.SEN3
1858ea88-6008-329e-b22d-ec9f3b1c6f2e,S3B_OL_1_EFR____20230131T144041_20230131T144341_20240527T124905_0179_075_310_2160_MAR_R_NT_004.SEN3
f84bb5f4-0bc6-3931-af5c-221853d697fc,S3A_OL_1_EFR____20210809T152253_20210809T152553_20240603T145219_0179_075_068_2340_MAR_R_NT_004.SEN3
11ddbe65-7275-37d8-b3ed-f83fe79cc508,S3B_OL_1_EFR____20201219T152133_20201219T152433_20240526T201215_0180_047_068_2160_MAR_R_NT_004.SEN3
586d2ad6-9a75-3b8f-a485-e32c43e2638a,S3B_OL_1_EFR____20221225T135934_20221225T140234_20240524T102621_0179_074_167_2160_MAR_R_NT_004.SEN3
aa90abd2-1468-4d1d-98e0-b15753a4dbe4,S3A_OL_1_EFR____20240812T134620_20240812T134920_20240813T140949_0179_115_338_2160_PS1_O_NT_004.SEN3
744d2006-f563-4675-a4a5-b13b9c3c27b2,S3A_OL_1_EFR____20250929T151958_20250929T152258_20250930T162119_0179_131_068_2160_PS1_O_NT_004.SEN3
fe5c2547-129d-3a0f-98b1-6c34f92f5be1,S3B_OL_1_EFR____20250318T154011_20250318T154311_20250319T161752_0179_104_225_2340_ESA_O_NT_004.SEN3
07f2df29-2163-31b1-a924-3f951faceaa1,S3B_OL_1_EFR____20220103T143217_20220103T143517_20240523T141251_0179_061_096_2340_MAR_R_NT_004.SEN3
ad1f3078-9d06-37db-b887-02c39e750dbb,S3A_OL_1_EFR____20181218T135720_20181218T140020_20240531T121420_0179_039_167_2160_MAR_R_NT_004.SEN3
0ff1937c-88df-31e6-8379-7ade18388f26,S3B_OL_1_EFR____20210624T143604_20210624T143904_20240527T032043_0179_054_039_2340_MAR_R_NT_004.SEN3
ee7421f6-fb4f-3b4d-9125-36ec32a58bd3,S3A_OL_1_EFR____20230819T135342_20230819T135642_20240919T160724_0179_102_224_2160_MAR_R_NT_004.SEN3
93dfe111-1aa5-35c0-b11e-954dfb0fe24f,S3A_OL_1_EFR____20201112T151948_20201112T152248_20240602T172412_0179_065_068_2160_MAR_R_NT_004.SEN3
597e2519-74ed-37f9-b78d-3e7b26a0d1f9,S3A_OL_1_EFR____20201224T153058_20201224T153358_20240602T193147_0180_066_282_2160_MAR_R_NT_004.SEN3
64833b57-d3d1-3782-8d99-b344b3244eef,S3B_OL_1_EFR____20240517T140335_20240517T140635_20240921T163338_0180_093_110_2160_MAR_R_NT_004.SEN3
626ebddf-afa3-37ea-8b1b-b9d1be2881d5,S3B_OL_1_EFR____20191223T150924_20191223T151224_20240525T210845_0179_033_296_2340_MAR_R_NT_004.SEN3
a9bae720-3b95-3153-8ffe-b23045e8c0cc,S3A_OL_1_EFR____20180901T154120_20180901T154420_20240531T043215_0179_035_168_2340_MAR_R_NT_004.SEN3
eed1f86d-8d6c-3f97-8f54-1f6cc4304265,S3A_OL_1_EFR____20190726T135345_20190726T135645_20240601T034950_0179_047_224_2160_MAR_R_NT_004.SEN3
bc010b48-b605-326a-964d-ed5360bb70a3,S3A_OL_1_EFR____20200120T151945_20200120T152245_20240601T175242_0179_054_068_2160_MAR_R_NT_004.SEN3
5dd216ed-b778-379a-a98e-d239aa3375cb,S3B_OL_1_EFR____20180620T153027_20180620T153327_20240620T154915_0180_009_282_2160_MAR_R_NT_004.SEN3
21380e49-77d0-314b-a707-5c3ea2a7c840,S3B_OL_1_EFR____20180930T144532_20180930T144832_20240621T005731_0179_013_196_2160_MAR_R_NT_004.SEN3
223e7283-a15e-3a0c-bfc2-964108e0aeb7,S3B_OL_1_EFR____20190120T140247_20190120T140547_20240525T053744_0179_021_110_2160_MAR_R_NT_004.SEN3
28bead0d-3464-3f4f-b5c6-e22f59d8e4ff,S3B_OL_1_EFR____20211005T150257_20211005T150557_20240527T090151_0179_057_353_2160_MAR_R_NT_004.SEN3
ab8638db-d0f2-3343-b0cf-9e78cbccd6ea,S3B_OL_1_EFR____20240309T135216_20240309T135516_20240921T121952_0179_090_281_2160_MAR_R_NT_004.SEN3
3ff9b73e-01e1-381e-be5c-01965fc9345f,S3B_OL_1_EFR____20191226T152850_20191226T153150_20240526T005336_0179_033_339_2160_MAR_R_NT_004.SEN3
7f14136c-b50b-3e1f-bb12-b59f5463d147,S3A_OL_1_EFR____20230503T153753_20230503T154053_20240606T045015_0180_098_225_2340_MAR_R_NT_004.SEN3
5b684080-723e-3228-94a0-313d963882a1,S3B_OL_1_EFR____20220407T153251_20220407T153551_20240523T201820_0179_064_282_2160_MAR_R_NT_004.SEN3
92da5b41-cfd1-3713-abd9-1993d31c8ee5,S3B_OL_1_EFR____20250720T152526_20250720T152826_20250721T171135_0179_109_068_2340_ESA_O_NT_004.SEN3
905bbb91-ef0f-3341-9b67-d5653c9729d0,S3A_OL_1_EFR____20200204T153058_20200204T153358_20240601T185342_0179_054_282_2160_MAR_R_NT_004.SEN3
ddfb09f0-ad19-35dc-be9b-b2e27ff769f9,S3A_OL_1_EFR____20180128T135724_20180128T140024_20240530T093002_0179_027_167_2160_MAR_R_NT_004.SEN3
d88ff7fe-1f94-35c5-a9c6-e3f38b4343f2,S3B_OL_1_EFR____20250303T134459_20250303T134759_20250304T141201_0179_104_010_2160_ESA_O_NT_004.SEN3
1926b930-e921-3bfc-ad14-992ea5ce1461,S3B_OL_1_EFR____20220920T134819_20220920T135119_20240524T043549_0179_070_338_2160_MAR_R_NT_004.SEN3
1b22c9a4-f2b7-3ed4-9636-9a529238cac9,S3B_OL_1_EFR____20200726T150935_20200726T151235_20240526T110422_0179_041_296_2340_MAR_R_NT_004.SEN3
5c24b082-bea6-34fd-8ddd-299bdf4ae575,S3B_OL_1_EFR____20220203T142829_20220203T143129_20240523T172721_0179_062_153_2340_MAR_R_NT_004.SEN3
8ba557e1-a74e-3b63-a8c2-f2d5ddb2c404,S3A_OL_1_EFR____20210320T150406_20210320T150706_20240603T034025_0179_069_353_2340_MAR_R_NT_004.SEN3
83d63bd5-aea0-3332-bbd1-91b7b2d75643,S3A_OL_1_EFR____20181121T154124_20181121T154424_20240531T101613_0179_038_168_2340_MAR_R_NT_004.SEN3
a959f808-eb86-304c-954a-2ec7c0f9ae6e,S3B_OL_1_EFR____20230305T134436_20230305T134736_20240527T180506_0179_077_010_2160_MAR_R_NT_004.SEN3
95a94c4c-d4b8-37fb-b855-38f2e6d5c49f,S3B_OL_1_EFR____20181116T135331_20181116T135631_20240621T065931_0179_017_096_2160_MAR_R_NT_004.SEN3
5ca8e9cf-df55-3561-875a-6e3c1d7feb5d,S3B_OL_1_EFR____20220805T152152_20220805T152452_20240524T024441_0179_069_068_2160_MAR_R_NT_004.SEN3
ab2c91a8-9086-3ed0-924a-1b6c3ff437dc,S3B_OL_1_EFR____20200420T134326_20200420T134626_20240526T063902_0180_038_067_2340_MAR_R_NT_004.SEN3
66568a64-1b0f-3fa6-8690-e5862bca2cc8,S3A_OL_1_EFR____20220815T150409_20220815T150709_20240605T115329_0179_088_353_2340_MAR_R_NT_004.SEN3
49cb84cc-8edd-3260-9345-987bd560cc71,S3B_OL_1_EFR____20211011T140650_20211011T140950_20240527T104721_0180_058_053_2160_MAR_R_NT_004.SEN3
26af65d2-0836-40c3-a3d3-8d5fcb0c3af9,S3B_OL_1_EFR____20241215T141025_20241215T141325_20241215T220533_0179_101_053_2340_PS2_O_NT_004.SEN3
11098f2d-49e0-440e-aad3-4dae482c3660,S3B_OL_1_EFR____20241216T152513_20241216T152813_20241217T075903_0179_101_068_2340_PS2_O_NT_004.SEN3
cb7a2e16-e532-3bde-b3bb-4dd8f2d2a0af,S3A_OL_1_EFR____20180220T154507_20180220T154807_20240530T113059_0179_028_111_2340_MAR_R_NT_004.SEN3
0a2911ff-05c0-3bc3-bdef-8e978b7c5748,S3B_OL_1_EFR____20210919T152057_20210919T152357_20240527T083324_0179_057_125_2340_MAR_R_NT_004.SEN3
bde0a0d8-e6d7-3906-a8a5-222d81a54202,S3A_OL_1_EFR____20230314T153403_20230314T153703_20240606T002031_0179_096_282_2340_MAR_R_NT_004.SEN3
b39f0d4b-8c3d-3c80-9560-643067b85454,S3A_OL_1_EFR____20210117T151137_20210117T151437_20240602T213543_0179_067_239_2340_MAR_R_NT_004.SEN3
0b8c40cf-7a39-35a7-a7b9-98ba4033968a,S3B_OL_1_EFR____20200130T152418_20200130T152718_20240526T034602_0179_035_068_2340_MAR_R_NT_004.SEN3
dc38140e-c9d8-3481-973c-ee53877adad3,S3A_OL_1_EFR____20181025T140027_20181025T140327_20240531T082344_0179_037_167_2340_MAR_R_NT_004.SEN3
a5cc7e4b-6453-32e7-9d0d-ae31f9132059,S3B_OL_1_EFR____20230421T150954_20230421T151254_20240527T202248_0179_078_296_2340_MAR_R_NT_004.SEN3
ec37b2b7-9aa3-466c-9f85-038ce900ce77,S3A_OL_1_EFR____20250624T135658_20250624T135958_20250625T144731_0179_127_224_2340_PS1_O_NT_004.SEN3
12959e29-e763-3116-8746-6d4062059aba,S3B_OL_1_EFR____20200725T135447_20200725T135747_20240526T120923_0179_041_281_2340_MAR_R_NT_004.SEN3
ac0383ec-bfb7-397d-a80c-136160a6e853,S3B_OL_1_EFR____20250406T154440_20250406T154740_20250407T175114_0179_105_111_2160_ESA_O_NT_004.SEN3
337ba719-d41e-3123-ad85-c5d9f031774b,S3A_OL_1_EFR____20230402T140038_20230402T140338_20240606T014926_0179_097_167_2340_MAR_R_NT_004.SEN3
ce0a8a0b-4999-3ac5-9bd5-e2092d47a965,S3B_OL_1_EFR____20220111T142447_20220111T142747_20240523T153651_0179_061_210_2340_MAR_R_NT_004.SEN3
072c0f56-4e0d-3b7d-be70-5b3e2f23f36a,S3B_OL_1_EFR____20240428T135904_20240428T140204_20240921T140909_0179_092_224_2340_MAR_R_NT_004.SEN3
67d8b223-6512-3dcc-b083-3b9354cf70d4,S3B_OL_1_EFR____20200906T152047_20200906T152347_20240526T115652_0179_043_125_2340_MAR_R_NT_004.SEN3
8e8d1caf-135e-38ad-ba2f-2518525c692d,S3A_OL_1_EFR____20190826T135256_20190826T135556_20240601T065934_0179_048_281_2340_MAR_R_NT_004.SEN3
ddb424f8-f0a8-3efa-9db9-28da7b6b0d8b,S3A_OL_1_EFR____20191227T140110_20191227T140410_20240601T163642_0179_053_110_2160_MAR_R_NT_004.SEN3
747cd3f7-7df9-341f-a224-f216c99b4d71,S3B_OL_1_EFR____20200428T151357_20200428T151657_20240526T055355_0179_038_182_2160_MAR_R_NT_004.SEN3
1b8b88b7-87bb-37e8-8436-5282dd09e072,S3B_OL_1_EFR____20230502T152154_20230502T152454_20240527T215353_0179_079_068_2160_MAR_R_NT_004.SEN3
ae1ba96c-d311-411e-a83d-1bffa3d7a8f8,S3B_OL_1_EFR____20250927T153339_20250927T153639_20250928T154037_0180_111_282_2160_ESA_O_NT_004.SEN3
687f907e-8dc7-3379-a082-08e57b060f63,S3A_OL_1_EFR____20200321T135728_20200321T140028_20240601T230730_0179_056_167_2160_MAR_R_NT_004.SEN3
9a4310f5-84b4-3cef-9f10-af167fa96436,S3B_OL_1_EFR____20230301T134821_20230301T135121_20240527T150224_0179_076_338_2160_MAR_R_NT_004.SEN3
01609e42-a37e-3978-9f80-0ec79bef3bce,S3B_OL_1_EFR____20200616T140559_20200616T140859_20240526T100232_0179_040_110_2340_MAR_R_NT_004.SEN3
e928dec0-fe8d-41a2-bf8c-697712037337,S3A_OL_1_EFR____20241202T152333_20241202T152633_20241203T154609_0179_120_011_2160_PS1_O_NT_004.SEN3
301d580f-ce9a-4a83-90f2-8e8b49ac30b6,S3B_OL_1_EFR____20241011T135524_20241011T135824_20241011T220711_0179_098_281_2340_PS2_O_NT_004.SEN3
23cd498a-31cb-357e-a4b9-d59a8088e8b6,S3B_OL_1_EFR____20220813T151723_20220813T152023_20240524T041452_0179_069_182_2340_MAR_R_NT_004.SEN3
7e7802cb-d420-3d51-96e8-37b8559ef022,S3B_OL_1_EFR____20181109T152500_20181109T152800_20240621T041631_0179_016_382_2160_MAR_R_NT_004.SEN3
4c64e465-88a5-3fd3-95c4-5c2ce8cafdb3,S3A_OL_1_EFR____20230618T154518_20230618T154818_20240628T013602_0179_100_111_2340_MAR_R_NT_004.SEN3
121fedd0-e2b2-4336-bd5d-71e258ba0fee,S3B_OL_1_EFR____20250916T152142_20250916T152442_20250917T162419_0179_111_125_2340_ESA_O_NT_004.SEN3
c2e0ae65-5304-3bc3-8850-ce76c6f7ea97,S3A_OL_1_EFR____20181226T134953_20181226T135253_20240531T123852_0179_039_281_2160_MAR_R_NT_004.SEN3
e6ec976e-f485-413c-bc63-c9e46818516d,S3B_OL_1_EFR____20251216T142154_20251216T142454_20251217T144521_0180_114_267_2340_ESA_O_NT_004.SEN3
37c01926-2d5a-48f1-a97b-f04458937b5d,S3B_OL_1_EFR____20250815T154838_20250815T155138_20250816T160709_0179_110_054_2160_ESA_O_NT_004.SEN3
a6eb797b-fb9f-33a1-94cf-d1d5dc95c21b,S3A_OL_1_EFR____20200703T140118_20200703T140418_20240602T063529_0179_060_110_2160_MAR_R_NT_004.SEN3
b8754b90-b0c2-3ab3-9e7f-cc0a586108d1,S3B_OL_1_EFR____20220616T152106_20220616T152406_20240523T231309_0180_067_125_2340_MAR_R_NT_004.SEN3
9225a441-12f2-3b9a-b808-679d9ed3fd8a,S3B_OL_1_EFR____20250311T151830_20250311T152130_20250312T155658_0179_104_125_2160_ESA_O_NT_004.SEN3
5a796f81-6c8b-31c8-8a73-0b93062232dd,S3A_OL_1_EFR____20230927T134231_20230927T134531_20240919T205117_0179_104_010_2160_MAR_R_NT_004.SEN3
edb74307-59c6-3c9c-80f6-82f960a5a73e,S3A_OL_1_EFR____20230108T151606_20230108T151906_20240605T200825_0179_094_125_2160_MAR_R_NT_004.SEN3
b865ea66-5bcb-36be-ac1c-10ab066b6157,S3A_OL_1_EFR____20231012T153746_20231012T154046_20240919T225001_0179_104_225_2340_MAR_R_NT_004.SEN3
959f587d-bdaf-3ffb-977c-9fd80779e1fe,S3B_OL_1_EFR____20220812T140235_20220812T140535_20240524T021831_0180_069_167_2340_MAR_R_NT_004.SEN3
bd96df8a-54d7-316f-8234-6e7143a0368b,S3A_OL_1_EFR____20231112T135300_20231112T135600_20240919T233820_0179_105_281_2340_MAR_R_NT_004.SEN3
157d9b8e-14f0-3131-bcab-717834ea262e,S3B_OL_1_EFR____20221221T154718_20221221T155018_20240524T102630_0179_074_111_2340_MAR_R_NT_004.SEN3
143639c2-2a3b-3e95-a1b4-ab49d970a26e,S3A_OL_1_EFR____20180728T154552_20180728T154852_20240531T010425_0179_034_054_2160_MAR_R_NT_004.SEN3
96b48f5a-9c56-32b1-901d-57f79c7cbd6a,S3B_OL_1_EFR____20230804T144737_20230804T145037_20240920T235824_0179_082_253_2340_MAR_R_NT_004.SEN3
67f9bc36-3b23-33f1-bac1-c5b1f78eb7d2,S3A_OL_1_EFR____20240603T140124_20240603T140424_20240920T165122_0179_113_110_2160_MAR_R_NT_004.SEN3
af940eed-3057-3dbd-abf8-242274c67032,S3B_OL_1_EFR____20230416T135850_20230416T140150_20240527T183057_0179_078_224_2340_MAR_R_NT_004.SEN3
02af11e8-5d74-3d66-bd7e-a09ac0eb9227,S3A_OL_1_EFR____20180201T153738_20180201T154038_20240530T100527_0179_027_225_2340_MAR_R_NT_004.SEN3
6a1915f4-a5db-31fa-8d2b-a182210e41f3,S3B_OL_1_EFR____20230617T153228_20230617T153528_20240627T173435_0179_080_339_2340_MAR_R_NT_004.SEN3
b694683c-0b99-3591-ba15-3dd71c6e01e8,S3B_OL_1_EFR____20240103T154424_20240103T154724_20240921T082850_0179_088_111_2160_MAR_R_NT_004.SEN3
6e725b1a-8e2a-3227-88d3-21cfef76b883,S3B_OL_1_EFR____20181218T150150_20181218T150450_20240525T040845_0180_020_025_2340_MAR_R_NT_004.SEN3
49b1132e-e73e-3b3a-a1f2-2aa4daab96df,S3B_OL_1_EFR____20210611T151027_20210611T151327_20240527T012908_0179_053_239_2160_MAR_R_NT_004.SEN3
30c34d71-b0b9-4e40-96b1-90b5945e6aae,S3B_OL_1_EFR____20250817T145916_20250817T150216_20250818T145454_0179_110_082_2340_ESA_O_NT_004.SEN3
ef765239-d4dd-32be-bf3d-763f9dd3b2b6,S3A_OL_1_EFR____20181010T153012_20181010T153312_20240531T075617_0179_036_339_2340_MAR_R_NT_004.SEN3
9e661991-6c67-3d54-b11d-94f4141882fd,S3B_OL_1_EFR____20190607T142813_20190607T143113_20240525T105104_0179_026_153_2340_MAR_R_NT_004.SEN3
ad75775c-8749-357a-8ba9-ca38202b3677,S3A_OL_1_EFR____20230707T154945_20230707T155245_20240628T010958_0179_100_382_2160_MAR_R_NT_004.SEN3
d7da39fb-2589-300c-bb1c-655e328446bd,S3B_OL_1_EFR____20250330T134457_20250330T134757_20250331T142747_0179_105_010_2160_ESA_O_NT_004.SEN3
db0678b8-3111-349e-a32c-c48acf42a2d6,S3B_OL_1_EFR____20240715T151746_20240715T152046_20240921T190355_0179_095_182_2340_MAR_R_NT_004.SEN3
cc8d2cfe-293e-403c-99ae-423790730c76,S3A_OL_1_EFR____20241116T135732_20241116T140032_20241117T142357_0179_119_167_2160_PS1_O_NT_004.SEN3
d9dcd9b9-5ff9-3dd1-be23-c115a2fa6994,S3A_OL_1_EFR____20200911T153016_20200911T153316_20240602T111829_0179_062_339_2340_MAR_R_NT_004.SEN3
05010ef5-f95a-3006-a51e-9f29369a86d5,S3B_OL_1_EFR____20190614T144654_20190614T144954_20240525T110908_0179_026_253_2340_MAR_R_NT_004.SEN3
e63b65e7-8b2e-3d3f-8848-7af6c8ff7402,S3A_OL_1_EFR____20210905T151951_20210905T152251_20240603T162110_0179_076_068_2160_MAR_R_NT_004.SEN3
3bb86683-9382-3468-bd58-6609ab1df6b7,S3A_OL_1_EFR____20220423T141923_20220423T142223_20240605T035042_0179_084_267_2340_MAR_R_NT_004.SEN3
89fc54ca-77d0-3f04-9269-388442abbe68,S3A_OL_1_EFR____20230318T134622_20230318T134922_20240606T004509_0179_096_338_2160_MAR_R_NT_004.SEN3
cbc94ace-5436-368c-b325-b9fcfae95b4f,S3A_OL_1_EFR____20210801T153023_20210801T153323_20240603T143036_0179_074_339_2340_MAR_R_NT_004.SEN3
23f77f52-7cdf-344f-bf9f-37baa90ed02f,S3B_OL_1_EFR____20200419T140636_20200419T140936_20240526T041621_0179_038_053_2160_MAR_R_NT_004.SEN3
9a9f2cc6-8d04-4103-9d94-640c8fed028e,S3B_OL_1_EFR____20250108T134456_20250108T134756_20250108T215659_0179_102_010_2160_PS2_O_NT_004.SEN3
b5e6435b-1d18-3061-8631-d8b85d728758,S3B_OL_1_EFR____20211201T152523_20211201T152823_20240527T124908_0179_060_011_2160_MAR_R_NT_004.SEN3
68749890-0bd7-3e0f-ae57-792b8d5cf702,S3A_OL_1_EFR____20191028T150020_20191028T150320_20240601T115939_0179_051_025_2340_MAR_R_NT_004.SEN3
7960dc9f-d524-3250-8dab-05d78e99c696,S3B_OL_1_EFR____20220330T140221_20220330T140521_20240523T202958_0179_064_167_2340_MAR_R_NT_004.SEN3
d777630c-857b-327f-a3b4-7b7fbbbfc257,S3B_OL_1_EFR____20210911T152827_20210911T153127_20240527T055614_0179_057_011_2340_MAR_R_NT_004.SEN3
b933adb1-56f3-3d3c-b6ef-3d09802e3d0d,S3A_OL_1_EFR____20211010T151526_20211010T151826_20240604T010552_0179_077_182_2340_MAR_R_NT_004.SEN3
f80621f6-6157-4f01-b138-fb025cc3522a,S3B_OL_1_EFR____20240816T144750_20240816T145050_20240816T233104_0179_096_253_2340_PS2_O_NT_004.SEN3
16c2aeeb-bce9-493c-a365-77a7a7789780,S3A_OL_1_EFR____20250416T134542_20250416T134842_20250417T142843_0179_125_010_2340_PS1_O_NT_004.SEN3
5377ecb4-5fbf-3be5-93cf-148e3796bf74,S3A_OL_1_EFR____20230926T140843_20230926T141143_20240919T212350_0179_103_381_2160_MAR_R_NT_004.SEN3
382a02b0-c3fc-3c80-9090-7c9246d0ea0d,S3A_OL_1_EFR____20211213T155331_20211213T155631_20240604T054846_0179_079_325_2160_MAR_R_NT_004.SEN3
9656a44d-2de2-3571-a9b6-f4d57fd5b36e,S3A_OL_1_EFR____20201027T153447_20201027T153747_20240602T151505_0179_064_225_2160_MAR_R_NT_004.SEN3
cf8e2d8c-d0d2-34ec-b64e-f099e4db96ce,S3B_OL_1_EFR____20220429T142451_20220429T142751_20240523T222431_0179_065_210_2340_MAR_R_NT_004.SEN3
1ab2a15b-fec1-379b-a15e-0dbe4f447a09,S3A_OL_1_EFR____20190103T152624_20190103T152924_20240531T130148_0179_040_011_2340_MAR_R_NT_004.SEN3
27fa75b3-a770-3c84-bacf-890c6df42b5e,S3A_OL_1_EFR____20200518T135650_20200518T135950_20240602T034258_0179_058_224_2340_MAR_R_NT_004.SEN3
9fa89e48-5701-3aef-9fe0-784a82dbe48c,S3A_OL_1_EFR____20221007T134921_20221007T135221_20240605T143303_0179_090_338_2340_MAR_R_NT_004.SEN3
ec46270c-1c3e-3594-b332-85fb7e8ecb0e,S3B_OL_1_EFR____20190419T153624_20190419T153924_20240525T112224_0179_024_225_2160_MAR_R_NT_004.SEN3
d86aa1b8-2ca9-3629-9644-14cac7fc0b3c,S3A_OL_1_EFR____20240723T154603_20240723T154903_20240920T185850_0179_115_054_2160_MAR_R_NT_004.SEN3
aea31ca7-0def-44e1-85b0-cb0ccd0d3d81,S3B_OL_1_EFR____20240823T150332_20240823T150632_20240824T000738_0179_096_353_2160_PS2_O_NT_004.SEN3
e901979e-ccb8-4b45-a750-6acfc888f856,S3B_OL_1_EFR____20241208T134844_20241208T135144_20241208T215944_0179_100_338_2160_PS2_O_NT_004.SEN3
0aecf3c7-0ecf-3dc1-adb9-230d30ffb266,S3A_OL_1_EFR____20221127T150450_20221127T150750_20240605T170751_0179_092_296_2160_MAR_R_NT_004.SEN3
f27adec4-64f8-3b31-949a-cffa43783580,S3B_OL_1_EFR____20220411T152908_20220411T153208_20240523T205910_0179_064_339_2160_MAR_R_NT_004.SEN3
25eb7679-905e-38a9-b1b1-8974cce63556,S3B_OL_1_EFR____20201207T135148_20201207T135448_20240526T182836_0180_046_281_2160_MAR_R_NT_004.SEN3
00205b2c-0c41-3bf0-bd28-20b388d4782a,S3A_OL_1_EFR____20181129T134955_20181129T135255_20240531T113953_0179_038_281_2160_MAR_R_NT_004.SEN3
9d3b3de8-92d8-32b2-8754-eb8375c20bc8,S3A_OL_1_EFR____20210709T152641_20210709T152941_20240603T124011_0179_074_011_2340_MAR_R_NT_004.SEN3
d7ec2eb3-6a59-3e72-a1ee-44e665f5b712,S3B_OL_1_EFR____20220131T140302_20220131T140602_20240523T154640_0179_062_110_2160_MAR_R_NT_004.SEN3
6c4a11e9-46bf-3c91-8f43-d0e23384abe0,S3A_OL_1_EFR____20210812T154219_20210812T154519_20240603T141643_0179_075_111_2160_MAR_R_NT_004.SEN3
7ba8e182-4e53-387f-a9b9-c23ccbbf7ae8,S3A_OL_1_EFR____20191214T144132_20191214T144432_20240601T145854_0179_052_310_2340_MAR_R_NT_004.SEN3
a7f96738-815f-31e4-b714-04a4dd42d44b,S3B_OL_1_EFR____20220315T135107_20220315T135407_20240523T184015_0179_063_338_2340_MAR_R_NT_004.SEN3
ed9c1a50-679c-3eef-a66b-195e16aab65f,S3B_OL_1_EFR____20240621T153710_20240621T154010_20240921T185637_0179_094_225_2160_MAR_R_NT_004.SEN3
87b10248-2331-32b0-a9ce-692d41040fa2,S3A_OL_1_EFR____20210216T135305_20210216T135605_20240603T000336_0179_068_281_2340_MAR_R_NT_004.SEN3
27a37431-c6db-39bf-860c-bb1113ce9955,S3B_OL_1_EFR____20250704T154023_20250704T154323_20250705T154730_0179_108_225_2340_ESA_O_NT_004.SEN3
a4b52322-074d-3ce0-8120-4bc29b64f3fc,S3A_OL_1_EFR____20210924T134923_20210924T135223_20240603T162055_0179_076_338_2340_MAR_R_NT_004.SEN3
3c2e913a-4107-3da9-ad17-18ea7532206e,S3B_OL_1_EFR____20220323T134339_20220323T134639_20240523T200315_0179_064_067_2340_MAR_R_NT_004.SEN3
c70d8323-e842-397b-93aa-281f38d522ab,S3B_OL_1_EFR____20230505T154721_20230505T155021_20240527T202100_0179_079_111_2340_MAR_R_NT_004.SEN3
6d93791c-78c5-3106-8996-1ccf2108487a,S3B_OL_1_EFR____20230731T145121_20230731T145421_20240627T161014_0179_082_196_2340_MAR_R_NT_004.SEN3
ca8f95da-2f68-3e9a-94c0-4c71bb1841df,S3A_OL_1_EFR____20190827T150744_20190827T151044_20240601T060410_0179_048_296_2340_MAR_R_NT_004.SEN3
7823b725-5f98-35c4-bb77-293de0b185f7,S3B_OL_1_EFR____20210908T150601_20210908T150901_20240527T061448_0179_056_353_2340_MAR_R_NT_004.SEN3
6e0c55e4-cfc6-3bd2-9b82-096a4d63fe41,S3B_OL_1_EFR____20190502T150159_20190502T150459_20240525T130049_0179_025_025_2340_MAR_R_NT_004.SEN3
05e625f5-a32d-4960-95bd-1b9c183c4251,S3A_OL_1_EFR____20240929T144227_20240929T144527_20240930T150854_0179_117_253_2160_PS1_O_NT_004.SEN3
ce12fbb1-7c28-3ecb-a03f-98e9d70984d6,S3B_OL_1_EFR____20250621T143646_20250621T143946_20250622T150621_0179_108_039_2340_ESA_O_NT_004.SEN3
3466fe40-70dc-3515-ae2f-39e99d9ae361,S3B_OL_1_EFR____20200817T153931_20200817T154231_20240526T095142_0179_042_225_2340_MAR_R_NT_004.SEN3
3759177f-7a38-3234-81d3-6c0ad24319e5,S3A_OL_1_EFR____20231220T154601_20231220T154901_20240920T041420_0180_107_054_2160_MAR_R_NT_004.SEN3
99f3f6fa-0262-3e6c-ae87-632a1884ab6b,S3A_OL_1_EFR____20180531T154939_20180531T155239_20240530T192805_0179_031_382_2160_MAR_R_NT_004.SEN3
01dbf304-c215-3229-b9f9-02bdd7390d3a,S3A_OL_1_EFR____20240229T150752_20240229T151052_20240920T101043_0179_109_296_2340_MAR_R_NT_004.SEN3
660e1ec1-a410-4f0a-a1b3-9132716752aa,S3A_OL_1_EFR____20250730T150417_20250730T150717_20250731T155414_0179_128_353_2340_PS1_O_NT_004.SEN3
5133abcb-e1d7-3c3e-ac47-f04713696f65,S3A_OL_1_EFR____20230116T151137_20230116T151437_20240605T203353_0179_094_239_2340_MAR_R_NT_004.SEN3
26795fe1-c66d-315d-a697-c71567d37287,S3A_OL_1_EFR____20240303T152718_20240303T153018_20240920T094645_0179_109_339_2160_MAR_R_NT_004.SEN3
0b0b784f-0038-3027-8c8e-85424ad24ca1,S3A_OL_1_EFR____20180713T135641_20180713T135941_20240531T003521_0179_033_224_2340_MAR_R_NT_004.SEN3
dd86d1ba-f776-4aad-93fd-bc51481478b6,S3A_OL_1_EFR____20250120T155333_20250120T155633_20250121T162102_0179_121_325_2160_PS1_O_NT_004.SEN3
b1e91001-ecd3-32c1-8c49-c2620dc3c62f,S3B_OL_1_EFR____20230328T152919_20230328T153219_20240527T202021_0179_077_339_2160_MAR_R_NT_004.SEN3
131972a9-39ce-49ec-967e-7c951c9e9280,S3B_OL_1_EFR____20240726T134844_20240726T135144_20240726T221048_0179_095_338_2160_PS2_O_NT_004.SEN3
744db037-5acd-382e-b911-946d318c5b77,S3A_OL_1_EFR____20190126T153011_20190126T153311_20240531T143827_0180_040_339_2340_MAR_R_NT_004.SEN3
a77f2ede-2328-36e7-9fee-5dfacfaf7f77,S3B_OL_1_EFR____20220516T152446_20220516T152746_20240523T223446_0179_066_068_2340_MAR_R_NT_004.SEN3
cba8a40a-f861-46b3-b83d-9cecce77f33f,S3A_OL_1_EFR____20250601T153413_20250601T153713_20250602T162053_0179_126_282_2340_PS1_O_NT_004.SEN3
b3f186a0-c9a6-338e-830f-7cf602892ed0,S3A_OL_1_EFR____20210307T153831_20210307T154131_20240603T013602_0179_069_168_2160_MAR_R_NT_004.SEN3
db2bf899-f679-37f4-b8a6-db35c8155f5c,S3A_OL_1_EFR____20231227T142644_20231227T142944_20240920T043431_0179_107_153_2340_MAR_R_NT_004.SEN3
06aac59b-23b5-36d0-b35a-578507bc9721,S3A_OL_1_EFR____20240307T134533_20240307T134833_20240920T095956_0180_110_010_2340_MAR_R_NT_004.SEN3
d504db42-0fbf-3bf6-b623-d20841e03804,S3A_OL_1_EFR____20230526T154137_20230526T154437_20240606T061301_0179_099_168_2340_MAR_R_NT_004.SEN3
04d2f83a-4924-3621-9f19-959a3029e381,S3B_OL_1_EFR____20220403T153636_20220403T153936_20240523T193338_0179_064_225_2160_MAR_R_NT_004.SEN3
726e232c-6a57-4af9-b579-1703058d380c,S3A_OL_1_EFR____20250320T134237_20250320T134537_20250321T143308_0179_124_010_2160_PS1_O_NT_004.SEN3
6a3c72b5-fb7f-36fd-b920-6e6fae5ad1cc,S3B_OL_1_EFR____20240629T135144_20240629T135444_20240921T171520_0179_094_338_2340_MAR_R_NT_004.SEN3
2b3567d6-7469-4e26-8727-326c835d3e7a,S3A_OL_1_EFR____20250802T152343_20250802T152643_20250803T161444_0179_129_011_2160_PS1_O_NT_004.SEN3
049eb471-80bd-3105-8614-6277d68449fb,S3B_OL_1_EFR____20220801T134438_20220801T134738_20240524T034108_0179_069_010_2160_MAR_R_NT_004.SEN3
e0bc1fbf-0c8e-3eac-b94b-fa049c988686,S3B_OL_1_EFR____20201120T143257_20201120T143557_20240526T150819_0179_046_039_2160_MAR_R_NT_004.SEN3
6793bd33-a6d8-306c-9dbc-a34a609968bb,S3B_OL_1_EFR____20250708T153639_20250708T153939_20250709T164124_0179_108_282_2340_ESA_O_NT_004.SEN3
3c67ae1e-1981-4d04-a612-3420517e5006,S3B_OL_1_EFR____20250804T135541_20250804T135841_20250805T150026_0179_109_281_2340_ESA_O_NT_004.SEN3
0e9b01d9-9155-38f4-92a8-7e53dec0ed34,S3A_OL_1_EFR____20200526T134921_20200526T135221_20240602T035516_0179_058_338_2340_MAR_R_NT_004.SEN3
3b654f28-d542-3bec-b0ba-26a9f7fdf145,S3B_OL_1_EFR____20220407T135452_20220407T135752_20240523T193438_0179_064_281_2340_MAR_R_NT_004.SEN3
55cdcd19-da2b-3014-afd7-35940b566752,S3B_OL_1_EFR____20230513T135853_20230513T140153_20240527T215030_0179_079_224_2340_MAR_R_NT_004.SEN3
070032e3-abed-4d79-90fb-a5c86d1a1e44,S3A_OL_1_EFR____20240727T140119_20240727T140419_20240728T142245_0179_115_110_2160_PS1_O_NT_004.SEN3
70138c74-72b0-477d-8e19-049b26be0a9f,S3B_OL_1_EFR____20251127T155225_20251127T155525_20251128T165440_0179_113_382_2160_ESA_O_NT_004.SEN3
2e46a46d-4d6f-3915-b0c8-a856378d6946,S3B_OL_1_EFR____20220219T155133_20220219T155433_20240523T162035_0180_062_382_2160_MAR_R_NT_004.SEN3
a70a9e59-0752-3c7e-8243-4d41d69b7952,S3A_OL_1_EFR____20181102T153357_20181102T153657_20240531T093334_0179_037_282_2340_MAR_R_NT_004.SEN3
c4a9f244-7ee2-3983-b09b-e4118c6a1ed8,S3B_OL_1_EFR____20230404T154800_20230404T155100_20240527T215602_0179_078_054_2160_MAR_R_NT_004.SEN3
50d19db0-fcf5-3007-9513-7fff6de7cdf3,S3A_OL_1_EFR____20180725T152326_20180725T152626_20240531T013620_0180_034_011_2160_MAR_R_NT_004.SEN3
1e3ef613-5aac-35fb-9124-a86c6e1f79fc,S3A_OL_1_EFR____20200305T155323_20200305T155623_20240601T211753_0179_055_325_2160_MAR_R_NT_004.SEN3
31fdd472-56bc-310e-8569-1c9d9c9950d7,S3A_OL_1_EFR____20220529T134543_20220529T134843_20240605T052156_0179_086_010_2340_MAR_R_NT_004.SEN3
4effab48-3292-3021-9f7f-178ae6445ad8,S3B_OL_1_EFR____20211016T152053_20211016T152353_20240527T110218_0179_058_125_2340_MAR_R_NT_004.SEN3
2d78b598-de2f-3d67-be06-77ed944ee596,S3B_OL_1_EFR____20191007T150536_20191007T150836_20240525T194319_0180_030_353_2340_MAR_R_NT_004.SEN3
70fecafc-030e-3300-bffe-959f3ade3f74,S3A_OL_1_EFR____20210311T135646_20210311T135946_20240603T013943_0179_069_224_2340_MAR_R_NT_004.SEN3
a33252a5-3acb-3bdd-8b15-10aeac372d56,S3B_OL_1_EFR____20190524T152851_20190524T153151_20240525T112401_0179_025_339_2160_MAR_R_NT_004.SEN3
8b41966d-9c81-3fed-a133-5bd4905dcba9,S3B_OL_1_EFR____20240203T140243_20240203T140543_20240921T111140_0179_089_167_2340_MAR_R_NT_004.SEN3
779d766b-5890-3b5d-a684-7f4e33c9a0d6,S3A_OL_1_EFR____20191210T144516_20191210T144816_20240601T153457_0179_052_253_2340_MAR_R_NT_004.SEN3
14199938-7dd0-4f76-952f-1f54eb6dd58c,S3A_OL_1_EFR____20250331T135735_20250331T140035_20250401T144620_0179_124_167_2160_PS1_O_NT_004.SEN3
e4df5406-e607-344c-a01e-3f1c91223b00,S3B_OL_1_EFR____20220303T154321_20220303T154621_20240523T182116_0179_063_168_2340_MAR_R_NT_004.SEN3
be533bb5-3a0a-3af5-88d4-8d76f003df67,S3A_OL_1_EFR____20190602T135347_20190602T135647_20240531T232841_0180_045_224_2160_MAR_R_NT_004.SEN3
17a9d75c-53eb-3f57-8a45-e2c5e200af93,S3B_OL_1_EFR____20221005T154030_20221005T154330_20240524T064950_0179_071_168_2160_MAR_R_NT_004.SEN3
803ee1ed-51d8-3ffd-b481-8e9d5e4f6121,S3A_OL_1_EFR____20231108T153443_20231108T153743_20240919T232405_0179_105_225_2160_MAR_R_NT_004.SEN3
4060dcd1-e4fc-36f8-ab60-63f256311ff7,S3B_OL_1_EFR____20240506T152937_20240506T153237_20240921T162154_0179_092_339_2160_MAR_R_NT_004.SEN3
696772f1-a429-321f-8fb5-0ad156563494,S3A_OL_1_EFR____20200510T140119_20200510T140419_20240602T025830_0179_058_110_2160_MAR_R_NT_004.SEN3
8b136321-1258-33a9-8962-66bdb3584860,S3A_OL_1_EFR____20180601T134228_20180601T134528_20240530T203040_0179_032_010_2160_MAR_R_NT_004.SEN3
a5c8f363-a10a-3352-8357-b7f8a0b9da1f,S3B_OL_1_EFR____20230727T145205_20230727T145505_20240627T155206_0179_082_139_2160_MAR_R_NT_004.SEN3
6296d703-36f9-34f8-8e67-0c468465db34,S3A_OL_1_EFR____20230219T153019_20230219T153319_20240605T225023_0179_095_339_2340_MAR_R_NT_004.SEN3
656a1292-d862-3fe1-ba35-de68195b74f3,S3A_OL_1_EFR____20210905T152251_20210905T152551_20240603T162137_0180_076_068_2340_MAR_R_NT_004.SEN3
7dea3a8e-e70f-3bf9-b271-ef3cbbc0bc95,S3A_OL_1_EFR____20210407T135351_20210407T135651_20240603T040819_0179_070_224_2160_MAR_R_NT_004.SEN3
b57b8662-641a-4de2-815e-f5f39377bd7b,S3A_OL_1_EFR____20251022T152343_20251022T152643_20251023T162245_0179_132_011_2160_PS1_O_NT_004.SEN3
b33c1568-9054-3c22-bd61-c3f400dd0551,S3B_OL_1_EFR____20190828T154003_20190828T154303_20240525T155350_0179_029_168_2160_MAR_R_NT_004.SEN3
763a4fd6-2792-3aff-abc2-ccf299386bf6,S3B_OL_1_EFR____20221110T150955_20221110T151255_20240524T071712_0179_072_296_2340_MAR_R_NT_004.SEN3
58496e22-4d63-39d6-843e-057930c07991,S3B_OL_1_EFR____20230617T134829_20230617T135129_20240627T160546_0180_080_338_2160_MAR_R_NT_004.SEN3
437da275-be26-37e3-abc9-37dc2d1484b3,S3B_OL_1_EFR____20200603T144021_20200603T144321_20240526T085503_0179_039_310_2160_MAR_R_NT_004.SEN3
50002aab-bbad-31ec-b99c-d86a065f9130,S3A_OL_1_EFR____20230107T154517_20230107T154817_20240605T200859_0179_094_111_2340_MAR_R_NT_004.SEN3
6ecdb4f0-6edd-31ae-a5ce-9d55e6050cf8,S3B_OL_1_EFR____20180905T153706_20180905T154006_20240620T231154_0179_012_225_2340_MAR_R_NT_004.SEN3
011166bf-b7c0-3ce2-a3c8-df94360983ee,S3A_OL_1_EFR____20201217T151514_20201217T151814_20240602T192909_0180_066_182_2340_MAR_R_NT_004.SEN3
59803674-3d75-3aee-8245-6c5540ac95fc,S3A_OL_1_EFR____20240224T135348_20240224T135648_20240920T095417_0179_109_224_2160_MAR_R_NT_004.SEN3
5a82a34e-68d4-338b-80db-5de162c9fb71,S3A_OL_1_EFR____20230510T155335_20230510T155635_20240606T044712_0179_098_325_2160_MAR_R_NT_004.SEN3
3fc6aa73-e404-3203-a6f7-fdcd8922b9a0,S3B_OL_1_EFR____20221017T135118_20221017T135418_20240524T060504_0179_071_338_2340_MAR_R_NT_004.SEN3
b27879ee-acfb-3b3a-8630-08dd51d1c58b,S3A_OL_1_EFR____20221113T142728_20221113T143028_20240605T161515_0179_092_096_2160_MAR_R_NT_004.SEN3
3906be9b-7ad1-34ec-92f1-58a7595f52e7,S3A_OL_1_EFR____20191114T141909_20191114T142209_20240601T122838_0179_051_267_2340_MAR_R_NT_004.SEN3
df55e490-5890-4ea5-99ca-326ca537337b,S3A_OL_1_EFR____20240819T140501_20240819T140801_20240820T142734_0179_116_053_2160_PS1_O_NT_004.SEN3
fd29ed2c-a4c6-3b7f-a55f-c58abdd9861b,S3B_OL_1_EFR____20240107T135941_20240107T140241_20240921T082803_0179_088_167_2160_MAR_R_NT_004.SEN3
da87027f-eb5c-3d2e-a2fb-d63c91fee2cd,S3B_OL_1_EFR____20200218T153148_20200218T153448_20240526T024317_0179_035_339_2340_MAR_R_NT_004.SEN3
001607b8-ba83-3827-a9d9-4b050a1df320,S3A_OL_1_EFR____20230909T144952_20230909T145252_20240919T185121_0179_103_139_2160_MAR_R_NT_004.SEN3
3d8e50d6-641f-3656-8179-a7360836c6c2,S3B_OL_1_EFR____20221229T135550_20221229T135850_20240524T111114_0179_074_224_2160_MAR_R_NT_004.SEN3
a37b2367-9ac7-30ae-9413-27ef3fa0e6db,S3A_OL_1_EFR____20190218T153056_20190218T153356_20240531T160949_0179_041_282_2160_MAR_R_NT_004.SEN3
8b2303f0-b1a2-4055-be93-59e3461cf536,S3B_OL_1_EFR____20250923T135625_20250923T135925_20250924T150441_0180_111_224_2160_ESA_O_NT_004.SEN3
c1e2b550-acf4-3b9a-839f-090e88e7241f,S3A_OL_1_EFR____20220906T153105_20220906T153405_20240605T131039_0179_089_282_2160_MAR_R_NT_004.SEN3
197905f3-8ba6-394c-a1c9-b85097a214cf,S3B_OL_1_EFR____20181207T144652_20181207T144952_20240621T083116_0179_019_253_2340_MAR_R_NT_004.SEN3
0a07aebe-174a-38ba-aebe-f67a58f67dfd,S3B_OL_1_EFR____20190323T135524_20190323T135824_20240525T075822_0179_023_224_2160_MAR_R_NT_004.SEN3
9bf47cb9-684e-314d-b97c-d0e3fee4341e,S3A_OL_1_EFR____20211022T150412_20211022T150712_20240604T015344_0179_077_353_2340_MAR_R_NT_004.SEN3
1ed156ce-4c71-3e9a-bc59-c3e6b4cee89c,S3B_OL_1_EFR____20240115T135211_20240115T135511_20240921T073228_0179_088_281_2160_MAR_R_NT_004.SEN3
d4704049-3e16-3de3-a4ff-739353402b4d,S3B_OL_1_EFR____20250311T152130_20250311T152430_20250312T155721_0179_104_125_2340_ESA_O_NT_004.SEN3
8a3203b9-190b-3b2f-bca7-157cf2f425a1,S3B_OL_1_EFR____20200501T135825_20200501T140125_20240526T080847_0180_038_224_2340_MAR_R_NT_004.SEN3
bfcc8518-703e-3f3e-9faa-33073ab8eeca,S3A_OL_1_EFR____20190413T153359_20190413T153659_20240531T194349_0179_043_282_2340_MAR_R_NT_004.SEN3
f8361140-6e47-375b-b6d2-0ddd5223d274,S3A_OL_1_EFR____20201008T152719_20201008T153019_20240602T142535_0179_063_339_2160_MAR_R_NT_004.SEN3
f262fca3-14e7-36a3-afc3-d1b16e68a270,S3B_OL_1_EFR____20200706T134718_20200706T135018_20240526T073235_0179_041_010_2340_MAR_R_NT_004.SEN3
d00f9a9d-f8c5-3a01-947e-ccdde839ad92,S3A_OL_1_EFR____20230917T144224_20230917T144524_20240919T200228_0179_103_253_2160_MAR_R_NT_004.SEN3
25c44973-99e0-3d92-b0ed-3aecba56ff80,S3B_OL_1_EFR____20240707T152514_20240707T152814_20240921T194411_0179_095_068_2340_MAR_R_NT_004.SEN3
59972628-bd4a-3fd6-947b-3d3b69bad80d,S3A_OL_1_EFR____20190418T150405_20190418T150705_20240531T203932_0179_043_353_2340_MAR_R_NT_004.SEN3
33984ea9-db6d-3616-a234-6292d46d544e,S3B_OL_1_EFR____20220213T150940_20220213T151240_20240523T172711_0179_062_296_2340_MAR_R_NT_004.SEN3
2e37b684-a092-3f08-8161-35c9074962a3,S3A_OL_1_EFR____20220225T135653_20220225T135953_20240604T230041_0179_082_224_2340_MAR_R_NT_004.SEN3
042b3a78-d505-34fa-8311-a8c637c7ec0e,S3A_OL_1_EFR____20200530T134537_20200530T134837_20240602T034555_0179_059_010_2340_MAR_R_NT_004.SEN3
622aafd3-d0c3-3995-a163-a7b8425ba19c,S3B_OL_1_EFR____20230513T135553_20230513T135853_20240527T215012_0179_079_224_2160_MAR_R_NT_004.SEN3
8aa22367-e07d-3d23-82cb-21632844f3d0,S3B_OL_1_EFR____20200408T135436_20200408T135736_20240526T025058_0179_037_281_2340_MAR_R_NT_004.SEN3
a57a60aa-f10f-3589-add0-6e86eefaf09c,S3A_OL_1_EFR____20190409T153743_20190409T154043_20240531T201336_0179_043_225_2340_MAR_R_NT_004.SEN3
ec8852b3-3880-3c76-b603-86db80d30ff2,S3A_OL_1_EFR____20181011T150402_20181011T150702_20240531T075705_0180_036_353_2340_MAR_R_NT_004.SEN3
b4180529-1f7b-309b-8c2b-7f2853285add,S3A_OL_1_EFR____20180113T152709_20180113T153009_20240530T075017_0179_026_339_2160_MAR_R_NT_004.SEN3
f37a49c9-20af-3f86-8b5f-1754254de47e,S3B_OL_1_EFR____20220228T151754_20220228T152054_20240523T163123_0179_063_125_2160_MAR_R_NT_004.SEN3
f7abd1a3-afd3-323b-b2ae-38c3e627e67a,S3B_OL_1_EFR____20240625T153627_20240625T153927_20240921T171249_0179_094_282_2340_MAR_R_NT_004.SEN3
ffbe43e4-fd93-355e-9483-5a04f73e4170,S3B_OL_1_EFR____20230102T135205_20230102T135505_20240527T125142_0179_074_281_2160_MAR_R_NT_004.SEN3
400bacdb-0274-3b44-9644-2617261d3d03,S3A_OL_1_EFR____20181129T153354_20181129T153654_20240531T105741_0179_038_282_2340_MAR_R_NT_004.SEN3
ecebff81-c8cb-3cd2-a59e-9ae3f47a5613,S3A_OL_1_EFR____20200208T134915_20200208T135215_20240601T192053_0179_054_338_2340_MAR_R_NT_004.SEN3
c4681202-a1aa-387f-bbcc-173fe4bb7fe6,S3B_OL_1_EFR____20230506T152110_20230506T152410_20240527T221626_0179_079_125_2340_MAR_R_NT_004.SEN3
c539cac9-1867-30b5-bdc5-0951924eea0e,S3A_OL_1_EFR____20200830T154128_20200830T154428_20240602T111703_0179_062_168_2340_MAR_R_NT_004.SEN3
03c99918-9cee-3757-b1a5-697f93f3fdc4,S3A_OL_1_EFR____20221108T145724_20221108T150024_20240605T155357_0179_092_025_2160_MAR_R_NT_004.SEN3
d2c81c00-115c-3121-b70c-bd0a0f17bc4a,S3B_OL_1_EFR____20191203T134407_20191203T134707_20240525T230131_0179_033_010_2160_MAR_R_NT_004.SEN3
67c81856-86dc-3cf3-a376-81c814a243fe,S3B_OL_1_EFR____20240503T151010_20240503T151310_20240921T141718_0180_092_296_2340_MAR_R_NT_004.SEN3
1939ef7f-eee8-3285-b209-f58f15bcbeba,S3B_OL_1_EFR____20230806T135216_20230806T135516_20240921T001610_0180_082_281_2160_MAR_R_NT_004.SEN3
61d9135d-bb10-383b-8bfc-fc9a722991c3,S3A_OL_1_EFR____20210315T135301_20210315T135601_20240603T032553_0179_069_281_2340_MAR_R_NT_004.SEN3
076fa8eb-4d68-3d94-a00c-94ec3b8d5bbe,S3A_OL_1_EFR____20230426T151910_20230426T152210_20240606T032048_0179_098_125_2340_MAR_R_NT_004.SEN3
9e09fe2f-ae44-3778-b366-e9570a04bfa7,S3B_OL_1_EFR____20210225T141757_20210225T142057_20240526T182929_0179_049_267_2160_MAR_R_NT_004.SEN3
084c61e6-4171-3fd7-8edd-2ed2dd44e528,S3A_OL_1_EFR____20230223T134535_20230223T134835_20240605T225258_0179_096_010_2340_MAR_R_NT_004.SEN3
1277720d-a698-39d8-99ef-f63158c1d934,S3A_OL_1_EFR____20181204T150358_20181204T150658_20240531T115257_0179_038_353_2340_MAR_R_NT_004.SEN3
972f5f96-0e77-4900-9175-8e162156ae31,S3B_OL_1_EFR____20241214T143336_20241214T143636_20241214T225040_0180_101_039_2160_PS2_O_NT_004.SEN3
d906fe3e-d71d-4467-9a12-f04603661bd9,S3B_OL_1_EFR____20250101T151014_20250101T151314_20250102T080331_0179_101_296_2340_PS2_O_NT_004.SEN3
cbb5792f-675b-3bcd-ac6b-c5f5bfca52f1,S3B_OL_1_EFR____20180925T151527_20180925T151827_20240621T004807_0179_013_125_2160_MAR_R_NT_004.SEN3
65bf9b37-19a4-384e-a7f7-b5fbf6bb0414,S3A_OL_1_EFR____20210829T150410_20210829T150710_20240603T155350_0179_075_353_2340_MAR_R_NT_004.SEN3
1e21b418-fbc2-3de2-9c7e-cab35c555a16,S3B_OL_1_EFR____20250322T153626_20250322T153926_20250323T164934_0179_104_282_2340_ESA_O_NT_004.SEN3
8902e48d-0918-3b13-a9d1-3ad31778ed18,S3B_OL_1_EFR____20230819T145552_20230819T145852_20240920T233238_0179_083_082_2160_MAR_R_NT_004.SEN3
c85c7ac2-bfe3-33bb-89fe-426fca98a5ea,S3A_OL_1_EFR____20190103T134525_20190103T134825_20240531T134142_0179_040_010_2340_MAR_R_NT_004.SEN3
a1381163-90b8-3231-b8f7-d8bd445538c5,S3A_OL_1_EFR____20200826T140114_20200826T140414_20240602T103508_0179_062_110_2160_MAR_R_NT_004.SEN3
6c2ea6e6-3f7d-3a31-96db-980796a6be66,S3B_OL_1_EFR____20180924T140038_20180924T140338_20240621T005759_0179_013_110_2160_MAR_R_NT_004.SEN3
83e1474a-7417-3e39-a2c1-49b3bf3da4c0,S3A_OL_1_EFR____20190714T154558_20190714T154858_20240601T025732_0179_047_054_2160_MAR_R_NT_004.SEN3
44cf459e-8a40-3bf0-8c77-5f3dd9542042,S3B_OL_1_EFR____20220104T140306_20220104T140606_20240523T150959_0179_061_110_2160_MAR_R_NT_004.SEN3
9a881557-8694-3141-bd37-7c1218a0b670,S3A_OL_1_EFR____20180525T150745_20180525T151045_20240530T192607_0179_031_296_2340_MAR_R_NT_004.SEN3
b7e2c696-fcdc-4047-8ee8-f686455f7464,S3B_OL_1_EFR____20251224T155225_20251224T155525_20251225T160210_0179_114_382_2160_ESA_O_NT_004.SEN3
bb8d08b7-7ed3-3a70-985b-675cfeff2e70,S3A_OL_1_EFR____20180225T151511_20180225T151811_20240530T115120_0179_028_182_2340_MAR_R_NT_004.SEN3
988dc626-4c27-33e8-8039-de4c336fad79,S3B_OL_1_EFR____20190524T134752_20190524T135052_20240525T101029_0179_025_338_2160_MAR_R_NT_004.SEN3
bb3cc427-48e3-355e-8645-a0bfc684cf1a,S3A_OL_1_EFR____20211225T154519_20211225T154819_20240604T074543_0180_080_111_2340_MAR_R_NT_004.SEN3
2c3d27cf-9cda-3d05-83a5-04c170133bed,S3A_OL_1_EFR____20230905T145636_20230905T145936_20240919T195915_0179_103_082_2340_MAR_R_NT_004.SEN3
9a0dd605-f6a2-39d3-922a-84f2988f8bec,S3A_OL_1_EFR____20190914T153826_20190914T154126_20240601T071230_0179_049_168_2160_MAR_R_NT_004.SEN3
abb79662-e19d-3d62-97cd-70dce3f50f3d,S3A_OL_1_EFR____20230310T153748_20230310T154048_20240606T002014_0179_096_225_2340_MAR_R_NT_004.SEN3
27f9e343-a877-3a8e-a090-0acd858db952,S3B_OL_1_EFR____20200825T135102_20200825T135402_20240526T112714_0179_042_338_2340_MAR_R_NT_004.SEN3
5c65c640-f078-30bc-8075-ae715099a331,S3B_OL_1_EFR____20220516T134347_20220516T134647_20240523T215617_0179_066_067_2340_MAR_R_NT_004.SEN3
85d0b76f-2a8d-3e5a-abf0-203b8b499891,S3A_OL_1_EFR____20220122T151913_20220122T152213_20240604T204045_0179_081_125_2340_MAR_R_NT_004.SEN3
152ab2a2-dea1-321d-8927-f58f39e183ae,S3B_OL_1_EFR____20181209T135130_20181209T135430_20240621T083508_0179_019_281_2160_MAR_R_NT_004.SEN3
71d00b22-a8bd-343f-bea7-f1f88d4817b8,S3B_OL_1_EFR____20220211T142102_20220211T142402_20240523T163552_0179_062_267_2340_MAR_R_NT_004.SEN3
beed34ae-65ce-3c9d-9f81-e4be08eafaa8,S3B_OL_1_EFR____20221117T134737_20221117T135037_20240524T092218_0179_073_010_2340_MAR_R_NT_004.SEN3
9bf9acb9-d2b8-38fb-b7d3-b13f83b3acc0,S3A_OL_1_EFR____20231004T154515_20231004T154815_20240919T211740_0179_104_111_2340_MAR_R_NT_004.SEN3
8e52be4d-d562-301e-a162-c75b74f12c51,S3B_OL_1_EFR____20211028T150640_20211028T150940_20240527T100714_0180_058_296_2160_MAR_R_NT_004.SEN3
ff45d6e1-55d2-3572-872e-9f8c6fac2e06,S3B_OL_1_EFR____20240301T154344_20240301T154644_20240921T104343_0179_090_168_2340_MAR_R_NT_004.SEN3
dad3e15c-bd0e-3cc3-ad70-bc6459ea5847,S3B_OL_1_EFR____20250507T135959_20250507T140259_20250508T151354_0179_106_167_2160_ESA_O_NT_004.SEN3
d5220558-7c6a-3591-8f2e-6f8f47d14d93,S3A_OL_1_EFR____20210516T152341_20210516T152641_20240603T074603_0179_072_011_2160_MAR_R_NT_004.SEN3
802d8cd8-1bea-3b1f-b8be-3d59d48d9e72,S3A_OL_1_EFR____20230318T134922_20230318T135222_20240606T004529_0179_096_338_2340_MAR_R_NT_004.SEN3
45b37c96-89b2-3e7e-aec0-f36e82dac824,S3A_OL_1_EFR____20200321T140028_20200321T140328_20240601T230754_0179_056_167_2340_MAR_R_NT_004.SEN3
cbd7504c-9c94-3ed0-b892-b00ff0722d0a,S3B_OL_1_EFR____20210305T141328_20210305T141628_20240526T220152_0179_049_381_2340_MAR_R_NT_004.SEN3
91bf5702-1ab0-311b-b73e-b7b41d72c164,S3B_OL_1_EFR____20230802T135600_20230802T135900_20240921T000541_0179_082_224_2160_MAR_R_NT_004.SEN3
a34a29e4-e65b-36c3-a443-e045cfca7e3c,S3B_OL_1_EFR____20200527T142438_20200527T142738_20240526T082517_0179_039_210_2340_MAR_R_NT_004.SEN3
bc43fe0f-bb59-3d36-a7a3-77d15b7d6c77,S3A_OL_1_EFR____20220625T152641_20220625T152941_20240605T091002_0179_087_011_2340_MAR_R_NT_004.SEN3
103ad82e-c1c8-3a88-92ac-f6cd186d7dc2,S3A_OL_1_EFR____20211210T135306_20211210T135606_20240604T053320_0179_079_281_2340_MAR_R_NT_004.SEN3
97232491-5bbf-3429-9f59-da07021f1ba0,S3A_OL_1_EFR____20210709T152341_20210709T152641_20240603T123951_0179_074_011_2160_MAR_R_NT_004.SEN3
cc25f7ae-04eb-382d-a15d-d5ebfa6185f8,S3B_OL_1_EFR____20200714T152048_20200714T152348_20240526T112451_0180_041_125_2340_MAR_R_NT_004.SEN3
0a742222-924c-3101-9b2c-af606eb4f465,S3B_OL_1_EFR____20190806T151308_20190806T151608_20240525T171623_0180_028_239_2340_MAR_R_NT_004.SEN3
8132bfee-cd9a-368c-8be6-6bf59e6be7a0,S3B_OL_1_EFR____20230301T135121_20230301T135421_20240527T150242_0179_076_338_2340_MAR_R_NT_004.SEN3
1eccc07b-036a-4962-ac62-2ce892d31573,S3A_OL_1_EFR____20251014T153412_20251014T153712_20251015T163350_0179_131_282_2340_PS1_O_NT_004.SEN3
7790efeb-03b2-3880-ac30-d03143eddabe,S3B_OL_1_EFR____20200328T151738_20200328T152038_20240526T024312_0179_037_125_2160_MAR_R_NT_004.SEN3
200f6bb1-2433-38af-9a7e-5d4e90fa0cab,S3A_OL_1_EFR____20190703T153101_20190703T153401_20240601T012626_0179_046_282_2160_MAR_R_NT_004.SEN3
591ab91d-cdd8-3e0c-b93f-36d840337b31,S3B_OL_1_EFR____20210627T145831_20210627T150131_20240527T021424_0179_054_082_2340_MAR_R_NT_004.SEN3
b3505d7e-e4d5-4d34-9b21-9f57be659523,S3B_OL_1_EFR____20241104T151101_20241104T151401_20241105T080510_0179_099_239_2160_PS2_O_NT_004.SEN3
d0e26c4d-ce95-4c18-9d34-ea6889ffb990,S3A_OL_1_EFR____20251010T153455_20251010T153755_20251011T164046_0179_131_225_2160_PS1_O_NT_004.SEN3
ced41ff6-f6db-39e8-b589-b346d847a2be,S3A_OL_1_EFR____20240330T152721_20240330T153021_20240920T104508_0179_110_339_2160_MAR_R_NT_004.SEN3
b5e8fc3a-13b2-3d65-94e9-f9a2d11fa609,S3A_OL_1_EFR____20210331T151606_20210331T151906_20240603T043827_0180_070_125_2160_MAR_R_NT_004.SEN3
396653ab-e8c9-3790-9e3a-1845dcfa9382,S3B_OL_1_EFR____20200214T135433_20200214T135733_20240526T043000_0179_035_281_2340_MAR_R_NT_004.SEN3
b08a6008-1d12-45d4-9f0d-d004bc02d861,S3B_OL_1_EFR____20241115T134459_20241115T134759_20241115T220030_0179_100_010_2160_PS2_O_NT_004.SEN3
1098b16f-94e9-4b92-a141-e3242a9c343a,S3A_OL_1_EFR____20250513T134543_20250513T134843_20250514T144057_0180_126_010_2340_PS1_O_NT_004.SEN3
4edf073f-f52a-43fa-ab2b-355f4de4c0b9,S3A_OL_1_EFR____20250906T151609_20250906T151909_20250907T162128_0179_130_125_2160_PS1_O_NT_004.SEN3
02a8c729-f536-3542-88bd-ac453edaa752,S3A_OL_1_EFR____20230211T153749_20230211T154049_20240605T225113_0179_095_225_2340_MAR_R_NT_004.SEN3
b17fc36e-4113-39cf-98bd-1ac1abbedbb4,S3A_OL_1_EFR____20240314T154517_20240314T154817_20240920T103739_0179_110_111_2340_MAR_R_NT_004.SEN3
a73e84be-b594-3c1c-a314-29ca3e03f829,S3B_OL_1_EFR____20220220T152823_20220220T153123_20240523T173032_0179_063_011_2340_MAR_R_NT_004.SEN3
9df83d01-bf3e-3274-bfb3-bc4beb4c5938,S3B_OL_1_EFR____20180928T135654_20180928T135954_20240621T000148_0179_013_167_2160_MAR_R_NT_004.SEN3
7b7eaffb-cb3b-3911-9e4d-222feaa3049a,S3A_OL_1_EFR____20200923T151904_20200923T152204_20240602T132357_0179_063_125_2340_MAR_R_NT_004.SEN3
83e4f4e8-7e57-3c5f-8d62-3170cbce34e0,S3A_OL_1_EFR____20240201T135005_20240201T135305_20240920T075206_0180_108_281_2160_MAR_R_NT_004.SEN3
60f109e4-8cfa-3f68-92f4-2699bbb52588,S3B_OL_1_EFR____20220102T145528_20220102T145828_20240523T151025_0179_061_082_2160_MAR_R_NT_004.SEN3
ee0fa27c-3e4c-3261-8f1a-6d7b0a712b40,S3A_OL_1_EFR____20240524T150412_20240524T150712_20240920T150704_0179_112_353_2340_MAR_R_NT_004.SEN3
e8b81a1d-4788-3dda-a80c-79e42a15adfe,S3A_OL_1_EFR____20220903T151138_20220903T151438_20240605T130403_0179_089_239_2340_MAR_R_NT_004.SEN3
2478b996-7491-3add-a84c-5b2bc412999f,S3B_OL_1_EFR____20250131T152937_20250131T153237_20250201T164806_0179_102_339_2160_ESA_O_NT_004.SEN3
4c84215e-5816-3c64-9a90-64ce1df072ce,S3A_OL_1_EFR____20210716T154223_20210716T154523_20240603T124557_0179_074_111_2160_MAR_R_NT_004.SEN3
34027bbe-2423-3b54-b23a-4652351800f2,S3B_OL_1_EFR____20190528T152506_20190528T152806_20240525T123846_0179_026_011_2160_MAR_R_NT_004.SEN3
9da02b7a-1b53-319c-a78a-493ad7f08319,S3A_OL_1_EFR____20181223T151125_20181223T151425_20240531T123009_0179_039_239_2340_MAR_R_NT_004.SEN3
5e5ea2b1-492f-3e05-86dd-f014340f22be,S3A_OL_1_EFR____20240630T140123_20240630T140423_20240920T194440_0179_114_110_2160_MAR_R_NT_004.SEN3
e7707c0f-8cff-3ad4-a0af-54986bd6fdb2,S3A_OL_1_EFR____20230924T150105_20230924T150405_20240919T202606_0179_103_353_2160_MAR_R_NT_004.SEN3
c5627366-94c5-3b62-a825-0bf7a1890df6,S3A_OL_1_EFR____20200302T135258_20200302T135558_20240601T211140_0179_055_281_2340_MAR_R_NT_004.SEN3
ec55b57d-67f0-3366-bf76-a3b908a371be,S3B_OL_1_EFR____20250422T135143_20250422T135443_20250423T144400_0180_105_338_2340_ESA_O_NT_004.SEN3
1a04f181-daf1-3d2c-8b92-c19aa661bd15,S3B_OL_1_EFR____20190109T135049_20190109T135349_20240525T035938_0179_020_338_2340_MAR_R_NT_004.SEN3
4d191873-c221-3777-8297-9eafe9fbe023,S3B_OL_1_EFR____20220216T135107_20220216T135407_20240523T161120_0179_062_338_2340_MAR_R_NT_004.SEN3
fe7189fc-8a0c-3223-916c-9896c8fee948,S3A_OL_1_EFR____20180503T143750_20180503T144050_20240530T172314_0179_030_367_2340_MAR_R_NT_004.SEN3
2db13f64-1c11-3fcd-b1ae-b73ae06b2187,S3B_OL_1_EFR____20250625T143002_20250625T143302_20250626T154058_0180_108_096_2160_ESA_O_NT_004.SEN3
0dcec113-3602-378d-9d39-106352a2374a,S3A_OL_1_EFR____20210330T140118_20210330T140418_20240603T033539_0179_070_110_2160_MAR_R_NT_004.SEN3
71f2225e-1d8e-4d40-a3d9-7b0b672ba3af,S3B_OL_1_EFR____20250120T151742_20250120T152042_20250121T080038_0179_102_182_2340_PS2_O_NT_004.SEN3
42fd4869-da10-4f25-b6cd-e9f874fb8d07,S3A_OL_1_EFR____20241213T135729_20241213T140029_20241214T142045_0179_120_167_2160_PS1_O_NT_004.SEN3
97880af0-ffb9-3b98-8dc5-89df1286548a,S3A_OL_1_EFR____20240101T153747_20240101T154047_20240920T045940_0179_107_225_2340_MAR_R_NT_004.SEN3
8140eaee-eb02-3c6b-88b8-12c6a6160504,S3B_OL_1_EFR____20200905T140259_20200905T140559_20240526T124846_0180_043_110_2160_MAR_R_NT_004.SEN3
49e5f894-bfd7-3d42-b1df-ad0dca79e55d,S3A_OL_1_EFR____20180609T151559_20180609T151859_20240530T203338_0179_032_125_2160_MAR_R_NT_004.SEN3
907cba17-48b9-33e7-9307-33eaae25fd59,S3A_OL_1_EFR____20240414T135738_20240414T140038_20240920T121330_0179_111_167_2160_MAR_R_NT_004.SEN3
29805389-ce03-3e37-bbbb-cac0f4959a2c,S3A_OL_1_EFR____20211028T154605_20211028T154905_20240604T020941_0179_078_054_2160_MAR_R_NT_004.SEN3
d1ed2de2-27f4-337b-8e1c-a875b2f70f89,S3B_OL_1_EFR____20210119T152047_20210119T152347_20240526T182734_0179_048_125_2340_MAR_R_NT_004.SEN3
1aa0103d-903c-392c-aa0c-a2d88546b035,S3B_OL_1_EFR____20240514T134409_20240514T134709_20240921T144403_0179_093_067_2340_MAR_R_NT_004.SEN3
35cd7649-4988-3c3d-899f-9d3f159b1a08,S3B_OL_1_EFR____20201002T140256_20201002T140556_20240526T153339_0179_044_110_2160_MAR_R_NT_004.SEN3
5472a005-bb72-376a-97a5-1c84f06eb354,S3A_OL_1_EFR____20190814T140111_20190814T140411_20240601T045426_0179_048_110_2160_MAR_R_NT_004.SEN3
5fd31284-c881-347c-a65d-e605b6997b35,S3A_OL_1_EFR____20221103T134920_20221103T135220_20240605T155005_0179_091_338_2340_MAR_R_NT_004.SEN3
3bc2144c-4065-3fa1-8459-2accfcda6ac4,S3B_OL_1_EFR____20200430T142436_20200430T142736_20240526T055412_0179_038_210_2340_MAR_R_NT_004.SEN3
db2e274a-d03d-31fd-9937-9be476aac2da,S3B_OL_1_EFR____20180713T135612_20180713T135912_20240620T163706_0179_010_224_2340_MAR_R_NT_004.SEN3
3acd592f-b734-3a90-bcc9-5ee75c6e34b8,S3B_OL_1_EFR____20201124T143213_20201124T143513_20240526T164105_0179_046_096_2340_MAR_R_NT_004.SEN3
813f9ca2-0e61-3a9c-b492-372615e5c0da,S3B_OL_1_EFR____20211030T141719_20211030T142019_20240527T101956_0180_058_324_2340_MAR_R_NT_004.SEN3
60ab8425-45eb-478c-897b-537b56835776,S3A_OL_1_EFR____20240827T154131_20240827T154431_20240828T160228_0179_116_168_2340_PS1_O_NT_004.SEN3
2619bf2f-13c3-3fd3-8752-e33cf03b8a82,S3B_OL_1_EFR____20230725T140328_20230725T140628_20240627T190932_0179_082_110_2160_MAR_R_NT_004.SEN3
c2902b9f-4afb-3671-8ed8-d665a0445ea9,S3B_OL_1_EFR____20211004T152908_20211004T153208_20240527T065207_0179_057_339_2160_MAR_R_NT_004.SEN3
0ea3c105-f210-3507-9ee8-7cde70aa063c,S3A_OL_1_EFR____20210805T134239_20210805T134539_20240603T144759_0180_075_010_2160_MAR_R_NT_004.SEN3
21a48ea5-b9c9-46fe-aea0-55da2fcefb3d,S3A_OL_1_EFR____20250218T150411_20250218T150711_20250219T155221_0179_122_353_2340_PS1_O_NT_004.SEN3
05d7e2e6-7914-339b-8f44-7497a67a2fb1,S3B_OL_1_EFR____20200301T151737_20200301T152037_20240526T054312_0179_036_125_2160_MAR_R_NT_004.SEN3
e80236e2-170f-3bc4-bb1e-bda4d60fb67d,S3A_OL_1_EFR____20191103T140113_20191103T140413_20240601T122907_0179_051_110_2160_MAR_R_NT_004.SEN3
b2db39d5-4f89-30a0-be3f-ea3afc473be9,S3B_OL_1_EFR____20230401T134435_20230401T134735_20240527T213529_0179_078_010_2160_MAR_R_NT_004.SEN3
e3333cdd-a05e-386f-b611-eb6175d26bde,S3B_OL_1_EFR____20230409T151806_20230409T152106_20240527T201909_0179_078_125_2160_MAR_R_NT_004.SEN3
0e4fd929-f9ce-37bc-ab7c-9a3c34005c94,S3A_OL_1_EFR____20220818T152335_20220818T152635_20240605T120059_0179_089_011_2160_MAR_R_NT_004.SEN3
cf1a3918-dd68-4be4-82c3-eb4c57de5fa0,S3B_OL_1_EFR____20250115T154738_20250115T155038_20250116T075742_0179_102_111_2340_PS2_O_NT_004.SEN3
822ab8bc-a1c9-3b6f-b6b7-025f48c00c34,S3B_OL_1_EFR____20230425T150611_20230425T150911_20240527T215637_0179_078_353_2340_MAR_R_NT_004.SEN3
abad458d-d77d-3c43-8901-ec9ec9f88482,S3B_OL_1_EFR____20240305T154000_20240305T154300_20240921T114610_0179_090_225_2340_MAR_R_NT_004.SEN3
e8cee301-2bbf-3ac4-ae04-9e1b5d28c941,S3A_OL_1_EFR____20221222T141913_20221222T142213_20240605T184252_0180_093_267_2340_MAR_R_NT_004.SEN3
c5c4ac8b-ec95-3387-8ed5-43a41308a0d9,S3A_OL_1_EFR____20190518T152633_20190518T152933_20240531T215730_0179_045_011_2340_MAR_R_NT_004.SEN3
99c575bc-ac11-4f32-919f-d52993d7229f,S3B_OL_1_EFR____20251019T142234_20251019T142534_20251020T142111_0179_112_210_2160_ESA_O_NT_004.SEN3
fb2adae5-1d76-3e79-915e-184ef7637186,S3B_OL_1_EFR____20250716T134511_20250716T134811_20250717T151138_0179_109_010_2160_ESA_O_NT_004.SEN3
df996133-8283-3c18-bfeb-f73d0823e839,S3B_OL_1_EFR____20221124T154718_20221124T155018_20240524T073702_0179_073_111_2340_MAR_R_NT_004.SEN3
1b0fe132-f1bf-369d-a90a-73cade64463d,S3B_OL_1_EFR____20250330T152856_20250330T153156_20250331T155008_0179_105_011_2340_ESA_O_NT_004.SEN3
ddbcd6cf-d7e6-4980-a484-a70042072510,S3A_OL_1_EFR____20250228T140118_20250228T140418_20250301T144857_0180_123_110_2160_PS1_O_NT_004.SEN3
78cb6561-8883-3e08-bfd1-ccdbb3b48055,S3A_OL_1_EFR____20181002T135641_20181002T135941_20240531T064953_0179_036_224_2340_MAR_R_NT_004.SEN3
57d6925d-859c-35b4-85d1-c99e1bb5ddc9,S3B_OL_1_EFR____20181125T145805_20181125T150105_20240621T074916_0179_019_082_2340_MAR_R_NT_004.SEN3
7ed8d60e-6137-3e9b-a1e5-c4dd88e8dda4,S3B_OL_1_EFR____20210719T134727_20210719T135027_20240527T042145_0180_055_010_2340_MAR_R_NT_004.SEN3
068c1fcd-b313-386e-9b40-7e1850b260de,S3B_OL_1_EFR____20250527T152520_20250527T152820_20250606T120726_0179_107_068_2340_ESA_O_NT_004.SEN3
8201b60c-2b04-3faa-9be3-d189b08f4091,S3B_OL_1_EFR____20230717T155157_20230717T155457_20240627T173413_0179_081_382_2160_MAR_R_NT_004.SEN3
6daf70ea-1c34-3ecf-9927-880ecc8602f6,S3A_OL_1_EFR____20220510T151914_20220510T152214_20240605T040753_0179_085_125_2340_MAR_R_NT_004.SEN3
4ca51eda-34d2-3ec5-b30e-e05dd9cc35d3,S3A_OL_1_EFR____20180319T140105_20180319T140405_20240530T131925_0179_029_110_2160_MAR_R_NT_004.SEN3
cac1e2c4-066a-4c4a-bbce-68a3a2e7cf83,S3B_OL_1_EFR____20251015T142918_20251015T143218_20251016T153037_0179_112_153_2340_ESA_O_NT_004.SEN3
03478795-632b-3590-9e3c-424b69defcf1,S3A_OL_1_EFR____20220629T151956_20220629T152256_20240605T092857_0179_087_068_2160_MAR_R_NT_004.SEN3
f27e381a-4579-3aab-9eac-7d56eb402d1d,S3B_OL_1_EFR____20221105T153951_20221105T154251_20240524T074154_0179_072_225_2340_MAR_R_NT_004.SEN3
015dc917-923d-33e8-a657-d696101c9f61,S3B_OL_1_EFR____20200616T140259_20200616T140559_20240526T100215_0180_040_110_2160_MAR_R_NT_004.SEN3
e971b40d-f46a-3ad2-a1c4-9a4b68a15082,S3B_OL_1_EFR____20250227T134842_20250227T135142_20250228T150424_0179_103_338_1980_ESA_O_NT_004.SEN3
d867ea35-2734-4d12-ba47-26486893227e,S3B_OL_1_EFR____20251012T154750_20251012T155050_20251013T154011_0179_112_111_2340_ESA_O_NT_004.SEN3
b09c6acb-b377-3aa1-bf22-88366a7f9f92,S3B_OL_1_EFR____20230826T151432_20230826T151732_20240920T232244_0180_083_182_2160_MAR_R_NT_004.SEN3
46f0f0c8-267d-3ef1-a093-d19cb1c67995,S3B_OL_1_EFR____20240104T151813_20240104T152113_20240921T070226_0179_088_125_2160_MAR_R_NT_004.SEN3
82858335-9cc7-32ab-9334-bff88ee27bf3,S3A_OL_1_EFR____20231112T153059_20231112T153359_20240920T001235_0179_105_282_2160_MAR_R_NT_004.SEN3
7deb7ea1-22b4-373d-b99e-c39d293782b4,S3A_OL_1_EFR____20230511T134625_20230511T134925_20240606T044711_0179_098_338_2160_MAR_R_NT_004.SEN3
26a80722-194e-3f3f-851b-d169ef4583f5,S3B_OL_1_EFR____20230509T154036_20230509T154336_20240527T215705_0179_079_168_2160_MAR_R_NT_004.SEN3
5b462624-672c-3815-b818-5bd8ecd82b7e,S3A_OL_1_EFR____20190726T153744_20190726T154044_20240601T030223_0179_047_225_2340_MAR_R_NT_004.SEN3
cb711cbe-15f5-3bfb-9ead-53557911b9b5,S3B_OL_1_EFR____20220724T135507_20220724T135807_20240524T014457_0180_068_281_2340_MAR_R_NT_004.SEN3
8dde2ed7-fd9b-309e-b680-8780837de48d,S3A_OL_1_EFR____20200208T134615_20200208T134915_20240601T192028_0179_054_338_2160_MAR_R_NT_004.SEN3
df0d4a9a-2af3-38a2-8f83-6a65c5e7ab81,S3A_OL_1_EFR____20191207T142250_20191207T142550_20240601T143212_0179_052_210_2340_MAR_R_NT_004.SEN3
1cc02540-4ab4-3a13-af3b-037c963e7191,S3B_OL_1_EFR____20200601T153242_20200601T153542_20240526T084602_0179_039_282_2160_MAR_R_NT_004.SEN3
e35cfc04-f804-340b-9d6d-78ec1b526a9a,S3A_OL_1_EFR____20220416T135740_20220416T140040_20240605T031926_0179_084_167_2160_MAR_R_NT_004.SEN3
06bd00d5-79a8-3a36-a536-84c954200b3b,S3B_OL_1_EFR____20190813T134751_20190813T135051_20240525T164007_0179_028_338_2160_MAR_R_NT_004.SEN3
5f7754e7-b612-3926-933a-be5f0643010e,S3B_OL_1_EFR____20210107T135103_20210107T135403_20240526T170532_0179_047_338_2340_MAR_R_NT_004.SEN3
4e53effb-6ad0-35d7-b45f-47e07568f6c1,S3B_OL_1_EFR____20220426T154023_20220426T154323_20240523T205417_0179_065_168_2160_MAR_R_NT_004.SEN3
b20a29a4-885f-3061-b871-7c55ee3e5093,S3A_OL_1_EFR____20180828T154204_20180828T154504_20240531T043938_0179_035_111_2160_MAR_R_NT_004.SEN3
d86da19c-5352-346a-b009-324284343c07,S3A_OL_1_EFR____20180514T145248_20180514T145548_20240530T183135_0179_031_139_2340_MAR_R_NT_004.SEN3
6520ac32-c305-30a2-aa02-2fd420951904,S3B_OL_1_EFR____20250123T153707_20250123T154007_20250124T170722_0179_102_225_2160_ESA_O_NT_004.SEN3
6283d9e1-1c2e-3448-9638-989952587504,S3A_OL_1_EFR____20240209T134537_20240209T134837_20240920T070716_0179_109_010_2340_MAR_R_NT_004.SEN3
3ac6e159-5f0c-4acf-8c68-2b8e0a007a9e,S3A_OL_1_EFR____20250602T150802_20250602T151102_20250603T155557_0179_126_296_2340_PS1_O_NT_004.SEN3
24e3f48d-ead0-4dc2-a7bb-444027d20811,S3A_OL_1_EFR____20250129T151952_20250129T152252_20250130T155234_0179_122_068_2160_PS1_O_NT_004.SEN3
107f7499-76ca-4629-a334-bef8e8e85544,S3A_OL_1_EFR____20241127T141528_20241127T141828_20241128T143817_0179_119_324_2340_PS1_O_NT_004.SEN3
5ba0924e-6774-45cc-a542-788ee47d281a,S3A_OL_1_EFR____20250426T142350_20250426T142650_20250427T151305_0179_125_153_2160_PS1_O_NT_004.SEN3
36524782-6e54-3ace-b000-a9e798597e27,S3A_OL_1_EFR____20231207T144522_20231207T144822_20240920T021541_0179_106_253_2340_MAR_R_NT_004.SEN3
ff0c5dc4-d1a3-3108-bfde-c86acae5617b,S3B_OL_1_EFR____20181014T134457_20181014T134757_20240621T013744_0179_014_010_2340_MAR_R_NT_004.SEN3
8a6b9ab2-70aa-3d5a-9ae3-af4b8fdbcf09,S3B_OL_1_EFR____20210711T135456_20210711T135756_20240527T061513_0179_054_281_2340_MAR_R_NT_004.SEN3
b8ee8332-28fb-31dd-aa36-728fb4bc2f28,S3B_OL_1_EFR____20200913T135530_20200913T135830_20240526T110201_0179_043_224_2160_MAR_R_NT_004.SEN3
72661e04-5902-361c-aaa1-e6b798b8ede9,S3A_OL_1_EFR____20180213T134526_20180213T134826_20240530T110232_0179_028_010_2340_MAR_R_NT_004.SEN3
1cf39c9c-ab45-3c1e-bb78-d8880187e904,S3A_OL_1_EFR____20180216T140752_20180216T141052_20240530T114753_0179_028_053_2340_MAR_R_NT_004.SEN3
3baf6ecb-4240-38d4-89a4-40a03f4047a5,S3A_OL_1_EFR____20190816T144949_20190816T145248_20240601T060642_0179_048_139_2160_MAR_R_NT_004.SEN3
d5ba707f-0e50-35f8-84d2-251e78f39f03,S3A_OL_1_EFR____20240712T153107_20240712T153407_20240920T201125_0179_114_282_2160_MAR_R_NT_004.SEN3
b74c2049-618c-34fa-8bcf-1dc9c10eb7ce,S3B_OL_1_EFR____20250603T140303_20250603T140603_20250604T155915_0179_107_167_2340_ESA_O_NT_004.SEN3
098c4389-53a7-3ae4-9a76-1792f9833dcb,S3B_OL_1_EFR____20250423T150631_20250423T150931_20250424T154509_0179_105_353_2340_ESA_O_NT_004.SEN3
2295c535-1bda-3594-a0d5-8b4556ca76fb,S3A_OL_1_EFR____20200622T134620_20200622T134920_20240602T051520_0179_059_338_2160_MAR_R_NT_004.SEN3
8c92e154-83f6-3363-b7f2-a56946591a06,S3B_OL_1_EFR____20250530T154447_20250530T154747_20250531T162441_0180_107_111_2160_ESA_O_NT_004.SEN3
d126db85-8e72-33b5-a05c-79a374b9604b,S3B_OL_1_EFR____20250406T154740_20250406T155040_20250407T175134_0179_105_111_2340_ESA_O_NT_004.SEN3
4cb8763a-8b36-3f5d-9d7c-e523d5443918,S3B_OL_1_EFR____20191013T154728_20191013T155028_20240525T173221_0179_031_054_2160_MAR_R_NT_004.SEN3
9305d22b-980d-3222-99df-c25e0b154bfd,S3A_OL_1_EFR____20220725T154603_20220725T154903_20240605T104611_0179_088_054_2160_MAR_R_NT_004.SEN3
521f72d1-ace2-436d-b9d4-1d2cf5394822,S3B_OL_1_EFR____20251019T142534_20251019T142834_20251020T142131_0179_112_210_2340_ESA_O_NT_004.SEN3
dcf3a2ca-8c06-3811-be57-ea38eb9ac70c,S3A_OL_1_EFR____20230716T151605_20230716T151905_20240628T025236_0179_101_125_2160_MAR_R_NT_004.SEN3
e122a97b-bb9a-4e18-bd71-79d02657c16a,S3A_OL_1_EFR____20250213T153107_20250213T153407_20250214T161920_0179_122_282_2160_PS1_O_NT_004.SEN3
eebde55c-11d7-3f45-9248-917f0f9813f8,S3A_OL_1_EFR____20201205T134529_20201205T134829_20240602T182612_0179_066_010_2340_MAR_R_NT_004.SEN3
cef8b0c7-dba6-3286-ac3d-66627cc2fbb7,S3B_OL_1_EFR____20190717T135051_20190717T135351_20240525T153850_0179_027_338_2340_MAR_R_NT_004.SEN3
f52e97b4-0e05-3bc5-845d-764c97bd3984,S3B_OL_1_EFR____20200929T134330_20200929T134630_20240526T114131_0179_044_067_2340_MAR_R_NT_004.SEN3
354a54ba-1d8b-3801-8f09-8a886b428f5d,S3B_OL_1_EFR____20210526T134722_20210526T135022_20240527T034413_0179_053_010_2340_MAR_R_NT_004.SEN3
cb51300b-db67-4c00-aaa0-4138381b03bd,S3A_OL_1_EFR____20240826T142643_20240826T142943_20240827T144512_0179_116_153_2340_PS1_O_NT_004.SEN3
f519d577-8204-3c05-9b06-5825a1a33014,S3A_OL_1_EFR____20220502T152643_20220502T152943_20240605T033645_0180_085_011_2340_MAR_R_NT_004.SEN3
16ea335d-8985-3be5-b1c4-fec88be28f74,S3B_OL_1_EFR____20250224T151015_20250224T151315_20250225T153148_0179_103_296_2160_ESA_O_NT_004.SEN3
b4072271-c6da-392b-9dc3-162b9afbb5d3,S3B_OL_1_EFR____20240625T135227_20240625T135527_20240921T185759_0179_094_281_2160_MAR_R_NT_004.SEN3
269783c4-a82e-32f6-9dd9-a444b355fe23,S3B_OL_1_EFR____20190824T154647_20190824T154947_20240525T142233_0179_029_111_2340_MAR_R_NT_004.SEN3
60446551-0301-3983-8ebc-93d9db5e5682,S3B_OL_1_EFR____20191006T152847_20191006T153147_20240525T164805_0180_030_339_2160_MAR_R_NT_004.SEN3
ef65a4d1-7a17-3fc8-965c-21fc5b9b61c9,S3A_OL_1_EFR____20221129T141528_20221129T141828_20240605T170956_0179_092_324_2340_MAR_R_NT_004.SEN3
8a44fe0c-897d-375f-a846-936f06faeb61,S3B_OL_1_EFR____20200928T154740_20200928T155040_20240526T150256_0179_044_054_2160_MAR_R_NT_004.SEN3
9ab879b7-568b-3176-9f81-3c78e854cfd1,S3B_OL_1_EFR____20200314T144314_20200314T144614_20240526T024302_0180_036_310_2340_MAR_R_NT_004.SEN3
88b4d4b6-b900-3a03-b898-22d73a4555c2,S3B_OL_1_EFR____20220110T144758_20220110T145058_20240523T143055_0179_061_196_2160_MAR_R_NT_004.SEN3
e28026f2-e5c7-3468-bec5-73a3ce78d86a,S3A_OL_1_EFR____20190818T140026_20190818T140326_20240601T060423_0179_048_167_2340_MAR_R_NT_004.SEN3
c9bbc19f-7841-3178-a16f-0b7dc1ca0889,S3A_OL_1_EFR____20220214T151957_20220214T152257_20240604T221323_0179_082_068_2160_MAR_R_NT_004.SEN3
434cdeaa-1461-3733-9f8c-2bad834ee981,S3B_OL_1_EFR____20210110T155128_20210110T155428_20240526T182026_0179_047_382_2160_MAR_R_NT_004.SEN3
969952b3-1168-3608-8061-4405d7cc6f0b,S3B_OL_1_EFR____20181015T145945_20181015T150245_20240621T033423_0179_014_025_2340_MAR_R_NT_004.SEN3
82f572be-de39-3759-bc00-bb883d030a15,S3B_OL_1_EFR____20210221T142441_20210221T142741_20240526T231156_0179_049_210_2340_MAR_R_NT_004.SEN3
749aaead-0559-3098-a7dd-f5a48755a47d,S3A_OL_1_EFR____20200719T134620_20200719T134920_20240602T074927_0179_060_338_2160_MAR_R_NT_004.SEN3
30319599-bfe2-3dc0-a4e2-cd7fce0ac71a,S3B_OL_1_EFR____20200810T151748_20200810T152048_20240526T092831_0179_042_125_2160_MAR_R_NT_004.SEN3
5d9bc679-48a4-3bd0-8e00-78fa21b53ce8,S3B_OL_1_EFR____20250531T151836_20250531T152136_20250601T170440_0179_107_125_2160_ESA_O_NT_004.SEN3
1ec0d470-0903-4920-82ab-8c34dc22b9f3,S3A_OL_1_EFR____20250316T152720_20250316T153020_20250317T162504_0179_123_339_2160_PS1_O_NT_004.SEN3
44bc2327-db04-3716-9624-4039d294e07a,S3B_OL_1_EFR____20190424T150928_20190424T151228_20240525T101756_0179_024_296_2340_MAR_R_NT_004.SEN3
e74ff92d-f112-370c-ad04-8e065a3a4197,S3A_OL_1_EFR____20240527T152339_20240527T152639_20240920T175748_0179_113_011_2160_MAR_R_NT_004.SEN3
e309590a-6696-399e-89ab-6f7f38352ef0,S3A_OL_1_EFR____20210801T134924_20210801T135224_20240603T134242_0179_074_338_2340_MAR_R_NT_004.SEN3
f8961932-67b5-3fd8-b0ee-f51c523fe0c1,S3A_OL_1_EFR____20201019T154216_20201019T154516_20240602T142509_0180_064_111_2160_MAR_R_NT_004.SEN3
eea0c549-ac0c-3c58-bc88-07f9c6ae936d,S3A_OL_1_EFR____20211025T134539_20211025T134839_20240604T020515_0179_078_010_2340_MAR_R_NT_004.SEN3
b2f44312-4d39-3329-8fce-856ab634609e,S3A_OL_1_EFR____20220906T153405_20220906T153705_20240605T131105_0180_089_282_2340_MAR_R_NT_004.SEN3
86360f08-85ab-3404-8621-ee18c4d0d5f1,S3B_OL_1_EFR____20230817T154814_20230817T155114_20240920T232319_0179_083_054_2160_MAR_R_NT_004.SEN3
ca7014c7-08ce-3eb1-a0c7-f27389e3aca7,S3B_OL_1_EFR____20200304T135904_20200304T140204_20240526T025634_0179_036_167_2160_MAR_R_NT_004.SEN3
8cf17729-4f90-3155-b3ca-6369caa39655,S3B_OL_1_EFR____20221202T153951_20221202T154251_20240524T093423_0180_073_225_2340_MAR_R_NT_004.SEN3
bb401065-715b-3c3d-bb3e-9ec90358677f,S3A_OL_1_EFR____20180620T134958_20180620T135258_20240530T213312_0179_032_281_2160_MAR_R_NT_004.SEN3
1abfa9c4-f0fd-39bc-ad51-fbe8770edd67,S3A_OL_1_EFR____20240708T153451_20240708T153751_20240920T192825_0180_114_225_2160_MAR_R_NT_004.SEN3
c8f45a7e-bbb3-3120-b770-e59d6ecdb066,S3B_OL_1_EFR____20180811T144146_20180811T144446_20240620T193825_0179_011_253_2160_MAR_R_NT_004.SEN3
75d3d4fd-1c45-3aed-b1b8-c42102ca0839,S3A_OL_1_EFR____20231213T134617_20231213T134917_20240920T030925_0179_106_338_2160_MAR_R_NT_004.SEN3
790db4d9-3d91-3068-86f7-0e9022be823b,S3B_OL_1_EFR____20240613T154740_20240613T155040_20240921T171644_0179_094_111_2340_MAR_R_NT_004.SEN3
bbcb0a19-2a40-33c2-b3e7-2688c803aa08,S3B_OL_1_EFR____20190905T135135_20190905T135434_20240525T172629_0179_029_281_2160_MAR_R_NT_004.SEN3
e28850cd-637f-3917-8c14-cc7b58140393,S3B_OL_1_EFR____20201022T152816_20201022T153116_20240526T134836_0179_045_011_2340_MAR_R_NT_004.SEN3
e89cbddd-eb81-35b2-82c7-d1fe64853627,S3A_OL_1_EFR____20220202T153411_20220202T153711_20240604T213745_0179_081_282_2340_MAR_R_NT_004.SEN3
d1899ffc-2360-3699-8740-703e4c44d2ab,S3A_OL_1_EFR____20190421T134232_20190421T134532_20240531T205421_0179_044_010_2160_MAR_R_NT_004.SEN3
9cea6f19-3e77-3a91-a1d0-c9de4c972167,S3A_OL_1_EFR____20240302T155329_20240302T155629_20240920T083452_0179_109_325_2160_MAR_R_NT_004.SEN3
c522fb47-5be9-41b5-80c0-f93df2935bd2,S3A_OL_1_EFR____20250716T142653_20250716T142953_20250717T151458_0179_128_153_2340_PS1_O_NT_004.SEN3
6810850b-0422-3747-af7c-22677d9febbb,S3A_OL_1_EFR____20240419T151142_20240419T151442_20240920T125809_0180_111_239_2340_MAR_R_NT_004.SEN3
ef45de78-c52f-321a-b70b-ad63640eafad,S3B_OL_1_EFR____20210529T140649_20210529T140949_20240527T030553_0179_053_053_2160_MAR_R_NT_004.SEN3
816db5bd-aa81-3327-8b58-29947e491f78,S3A_OL_1_EFR____20180502T150401_20180502T150701_20240530T172025_0179_030_353_2340_MAR_R_NT_004.SEN3
a02a7f64-38a9-382b-a272-09ee0acdee68,S3B_OL_1_EFR____20190624T152503_20190624T152803_20240525T151753_0179_027_011_2160_MAR_R_NT_004.SEN3
f2ddbb5c-ac9d-36e5-9997-9b2c043ed4d5,S3B_OL_1_EFR____20240502T135522_20240502T135822_20240921T145755_0179_092_281_2340_MAR_R_NT_004.SEN3
b3e61d01-54a9-3127-b9e0-cc32a68dbaa3,S3B_OL_1_EFR____20230102T153604_20230102T153904_20240527T144236_0180_074_282_2340_MAR_R_NT_004.SEN3
ae8a99ad-661b-4d66-bc5b-5c6c71e103b2,S3A_OL_1_EFR____20250809T154524_20250809T154824_20250810T163523_0179_129_111_2340_PS1_O_NT_004.SEN3
57c45588-97e4-3e53-a59e-a3c65886951b,S3B_OL_1_EFR____20240617T140255_20240617T140555_20240921T172148_0180_094_167_2340_MAR_R_NT_004.SEN3
54f2911c-d5eb-3418-a47d-4824fd36be7f,S3A_OL_1_EFR____20220106T135007_20220106T135307_20240604T082309_0179_080_281_2160_MAR_R_NT_004.SEN3
5ec80adf-98ed-3385-b208-c3900df3f870,S3A_OL_1_EFR____20180624T153013_20180624T153313_20240530T220252_0179_032_339_2340_MAR_R_NT_004.SEN3
2aa91145-f39b-3a7d-b4f8-8944bd096088,S3A_OL_1_EFR____20190206T140110_20190206T140410_20240531T152118_0179_041_110_2160_MAR_R_NT_004.SEN3
a82881c8-4eff-39ef-b8e9-1868821d78e0,S3A_OL_1_EFR____20211124T154604_20211124T154904_20240604T051636_0179_079_054_2160_MAR_R_NT_004.SEN3
192b7937-d23e-321c-92a8-a279b475ac7a,S3A_OL_1_EFR____20240619T134924_20240619T135224_20240920T180652_0179_113_338_2340_MAR_R_NT_004.SEN3
0302eb9b-2a50-4605-91e7-efda8de23204,S3A_OL_1_EFR____20250124T154948_20250124T155248_20250125T161405_0179_121_382_2160_PS1_O_NT_004.SEN3
8a362524-58ad-39af-9da7-c995c433d930,S3A_OL_1_EFR____20230314T135304_20230314T135604_20240606T002028_0179_096_281_2340_MAR_R_NT_004.SEN3
eaed6b4f-2f98-3069-99a1-7c59bf45fc9b,S3A_OL_1_EFR____20211202T153834_20211202T154134_20240604T060934_0179_079_168_2160_MAR_R_NT_004.SEN3
0ae5e329-f80b-4e2b-be96-ef2148132971,S3A_OL_1_EFR____20251031T145004_20251031T145304_20251101T155040_0179_132_139_2160_PS1_O_NT_004.SEN3
0fb880dd-06be-38b7-ba55-0b890a6bbfc6,S3B_OL_1_EFR____20220824T152922_20220824T153222_20240524T024506_0180_069_339_2160_MAR_R_NT_004.SEN3
beec2dae-fac1-3bdc-9083-fe659e0b0803,S3A_OL_1_EFR____20240611T153754_20240611T154054_20240920T165620_0179_113_225_2340_MAR_R_NT_004.SEN3
b32788c7-02f6-3061-9e22-e6839107f2df,S3A_OL_1_EFR____20180419T140025_20180419T140325_20240530T161041_0179_030_167_2340_MAR_R_NT_004.SEN3
97127739-7c2f-37ff-9557-af98b44eae9a,S3A_OL_1_EFR____20220902T135649_20220902T135949_20240605T130147_0179_089_224_2340_MAR_R_NT_004.SEN3
463a35e1-49f8-370d-99e7-c667ba94e7f9,S3A_OL_1_EFR____20180817T153007_20180817T153307_20240531T033847_0179_034_339_2340_MAR_R_NT_004.SEN3
08b7a36c-504f-4c31-9899-cc4543ec2934,S3A_OL_1_EFR____20251106T135358_20251106T135658_20251107T145421_0179_132_224_2160_PS1_O_NT_004.SEN3
bb271062-89a7-3b26-bdf0-bc694e2bf175,S3A_OL_1_EFR____20211121T134239_20211121T134539_20240604T050940_0179_079_010_2160_MAR_R_NT_004.SEN3
8064172b-2c61-4812-95d7-b4aff5e869e2,S3B_OL_1_EFR____20240902T140342_20240902T140642_20240902T222919_0179_097_110_2160_PS2_O_NT_004.SEN3
ac8798bf-5e51-498d-ba0e-0e475b56db9b,S3B_OL_1_EFR____20250808T152956_20250808T153256_20250809T154551_0179_109_339_2160_ESA_O_NT_004.SEN3
b67b624c-c3d6-3c2e-9cdc-2f0dc690df95,S3A_OL_1_EFR____20220518T151143_20220518T151443_20240605T043458_0180_085_239_2340_MAR_R_NT_004.SEN3
6722a17d-bf3b-4be4-9354-d85e94b57523,S3B_OL_1_EFR____20241214T143636_20241214T143936_20241214T225053_0179_101_039_2340_PS2_O_NT_004.SEN3
099fea93-2a87-3dee-a94a-5a3ddbfa6ff1,S3A_OL_1_EFR____20240209T152636_20240209T152936_20240920T073958_0180_109_011_2340_MAR_R_NT_004.SEN3
aa3eac76-0da8-3421-ab71-88327b3411e8,S3A_OL_1_EFR____20231217T134234_20231217T134534_20240920T041236_0179_107_010_2160_MAR_R_NT_004.SEN3
f4c39528-6f1a-3f44-a1e9-cf9ae0e14362,S3B_OL_1_EFR____20200423T140553_20200423T140853_20240526T052410_0179_038_110_2340_MAR_R_NT_004.SEN3
4d804ab8-44e8-4fc5-a8db-589d9f6fb680,S3A_OL_1_EFR____20250225T151951_20250225T152251_20250226T160756_0180_123_068_2160_PS1_O_NT_004.SEN3
0921c3bf-e2dc-39eb-a981-9f653d21b43d,S3A_OL_1_EFR____20201228T152715_20201228T153015_20240602T203645_0179_066_339_2160_MAR_R_NT_004.SEN3
4308cd1c-345f-3260-8536-eb454635bcff,S3B_OL_1_EFR____20190816T155117_20190816T155417_20240525T164526_0179_028_382_2160_MAR_R_NT_004.SEN3
fcc3ac7c-9072-36d8-9674-88f30b0b896c,S3B_OL_1_EFR____20230828T142510_20230828T142810_20240920T231109_0179_083_210_2340_MAR_R_NT_004.SEN3
4d6c8009-d64e-37e7-8abd-63ad0d837c87,S3B_OL_1_EFR____20220812T154334_20220812T154634_20240524T025610_0180_069_168_2340_MAR_R_NT_004.SEN3
7961d874-e446-3bda-9d78-e19c9bd46221,S3A_OL_1_EFR____20240106T150752_20240106T151052_20240920T043940_0179_107_296_2340_MAR_R_NT_004.SEN3
fcf42f34-c80b-342e-a464-d5964b591cf9,S3A_OL_1_EFR____20180802T151856_20180802T152156_20240531T023728_0179_034_125_2340_MAR_R_NT_004.SEN3
7be47522-5a22-3bad-a3ce-01637ac90732,S3A_OL_1_EFR____20201111T154559_20201111T154859_20240602T172201_0180_065_054_2160_MAR_R_NT_004.SEN3
d538e8b1-a2c5-37b5-8d65-d26774057d6e,S3B_OL_1_EFR____20250618T141419_20250618T141719_20250619T151232_0179_107_381_2340_ESA_O_NT_004.SEN3
96e73b5a-9d43-3ee5-9b4c-423af6f3cd27,S3A_OL_1_EFR____20180430T155323_20180430T155623_20240530T161616_0179_030_325_2160_MAR_R_NT_004.SEN3
3a080701-a7cf-332b-af23-e2c01c672a41,S3B_OL_1_EFR____20200222T134405_20200222T134705_20240526T024149_0179_036_010_2160_MAR_R_NT_004.SEN3
7202b556-f274-49bc-a27e-62a0d8d115ed,S3A_OL_1_EFR____20250605T152728_20250605T153028_20250606T161538_0179_126_339_2160_PS1_O_NT_004.SEN3
8ab50bde-5e96-3d54-a641-ee474f7615d9,S3A_OL_1_EFR____20210912T140035_20210912T140335_20240603T173149_0180_076_167_2340_MAR_R_NT_004.SEN3
4d260bbe-bc16-34e1-98ed-31b5adf49242,S3B_OL_1_EFR____20180716T141538_20180716T141838_20240620T184212_0179_010_267_2160_MAR_R_NT_004.SEN3
60146e8b-ca33-3d19-a7d2-653b1ba5bbb6,S3B_OL_1_EFR____20201125T140602_20201125T140902_20240526T142409_0179_046_110_2340_MAR_R_NT_004.SEN3
e3a4ab1b-0d57-45ea-adc8-4b661d235a92,S3B_OL_1_EFR____20250104T152940_20250104T153240_20250105T075557_0179_101_339_2160_PS2_O_NT_004.SEN3
232f3465-c89a-3907-80d6-07b99a884632,S3A_OL_1_EFR____20230701T150752_20230701T151052_20240628T031140_0179_100_296_2340_MAR_R_NT_004.SEN3
2792a1e5-321b-3594-af17-fdf26e447b6c,S3B_OL_1_EFR____20180729T152212_20180729T152512_20240620T175508_0179_011_068_2340_MAR_R_NT_004.SEN3
2c70a252-532d-342f-be39-ce9d39390163,S3A_OL_1_EFR____20240511T154138_20240511T154438_20240920T155920_0180_112_168_2340_MAR_R_NT_004.SEN3
74b27e5e-1b15-3291-adda-63e662b286b5,S3B_OL_1_EFR____20191113T154648_20191113T154948_20240525T230333_0179_032_111_2340_MAR_R_NT_004.SEN3
5090fc45-8ae0-3888-8bcf-9144aa112371,S3A_OL_1_EFR____20200914T154943_20200914T155243_20240602T120240_0179_062_382_2160_MAR_R_NT_004.SEN3
52c5507c-56de-3fc8-9002-3d366a456e4b,S3B_OL_1_EFR____20221210T134823_20221210T135123_20240524T105207_0179_073_338_2160_MAR_R_NT_004.SEN3
ed62ed6a-a9c2-36fb-9b6b-875deeea08f6,S3B_OL_1_EFR____20240414T150237_20240414T150537_20240921T131332_0179_092_025_2340_MAR_R_NT_004.SEN3
bfa6ad8f-a99b-34b7-8815-215f7581e711,S3B_OL_1_EFR____20240510T134754_20240510T135054_20240921T162415_0179_093_010_2340_MAR_R_NT_004.SEN3
30e62af8-c789-4ecd-90f4-381296e0db40,S3A_OL_1_EFR____20250113T153749_20250113T154049_20250114T160105_0179_121_225_2340_PS1_O_NT_004.SEN3
9387a00e-9362-3cb6-a6cc-3a4e9407e37e,S3B_OL_1_EFR____20191117T154304_20191117T154604_20240526T005401_0179_032_168_2340_MAR_R_NT_004.SEN3
57f89625-483c-4ec9-b474-8a90dce4db8f,S3A_OL_1_EFR____20241206T151948_20241206T152248_20241207T154529_0179_120_068_2160_PS1_O_NT_004.SEN3
3230239c-acee-3abc-a2b5-ca5b82755258,S3B_OL_1_EFR____20210608T145100_20210608T145400_20240527T020956_0179_053_196_2340_MAR_R_NT_004.SEN3
24afe76e-291e-4991-8c89-4e931ff170b9,S3B_OL_1_EFR____20240807T152131_20240807T152431_20240808T080832_0179_096_125_2340_PS2_O_NT_004.SEN3
70e3ad58-9ac9-361c-a0be-1a77827265ea,S3B_OL_1_EFR____20181106T150934_20181106T151234_20240621T051102_0179_016_339_2340_MAR_R_NT_004.SEN3
43ff9b31-04ce-3ccf-9287-96d1ca01f0df,S3B_OL_1_EFR____20201127T145439_20201127T145739_20240526T153805_0179_046_139_2340_MAR_R_NT_004.SEN3
e5cc92b4-400b-3cbf-9f21-6f28d638ef1c,S3B_OL_1_EFR____20200707T150206_20200707T150506_20240526T110850_0179_041_025_2340_MAR_R_NT_004.SEN3
3235e3ee-8d22-3121-9bd0-03c70db97523,S3A_OL_1_EFR____20230811T154512_20230811T154812_20240919T173601_0179_102_111_2340_MAR_R_NT_004.SEN3
53fe3341-6c29-413e-a158-71c751766e49,S3A_OL_1_EFR____20251014T153112_20251014T153412_20251015T163350_0179_131_282_2160_PS1_O_NT_004.SEN3
1eb781ad-a5f5-3ff2-a506-f6af05800a38,S3B_OL_1_EFR____20220227T140306_20220227T140606_20240523T172437_0179_063_110_2160_MAR_R_NT_004.SEN3
3082fa8f-f7ac-385c-a378-b7d587db8449,S3B_OL_1_EFR____20220508T135114_20220508T135414_20240523T225224_0179_065_338_2340_MAR_R_NT_004.SEN3
1ae9a819-38cb-35d3-bf26-35d2b1c690e4,S3A_OL_1_EFR____20221226T141229_20221226T141529_20240605T185331_0179_093_324_2160_MAR_R_NT_004.SEN3
42f503f5-0f42-3eab-85b9-66a19c1fd532,S3B_OL_1_EFR____20210103T135447_20210103T135747_20240526T160442_0179_047_281_2340_MAR_R_NT_004.SEN3
d129136c-9a8b-37b6-bb95-574e83350389,S3B_OL_1_EFR____20220116T135151_20220116T135451_20240523T150901_0179_061_281_2160_MAR_R_NT_004.SEN3
39c7dba7-a82f-363c-b290-43ca58f80a92,S3A_OL_1_EFR____20211230T151524_20211230T151824_20240604T072040_0179_080_182_2340_MAR_R_NT_004.SEN3
780a770b-6b04-3b10-95ec-15337cf42769,S3B_OL_1_EFR____20220828T152837_20220828T153137_20240524T032640_0179_070_011_2340_MAR_R_NT_004.SEN3
519280c2-1e1f-33de-a27b-672164544a39,S3B_OL_1_EFR____20220712T154419_20220712T154719_20240524T021401_0179_068_111_2160_MAR_R_NT_004.SEN3
62fa817a-09ed-4154-b8f3-ab4f55d0e6bb,S3B_OL_1_EFR____20240805T142954_20240805T143254_20240805T233113_0179_096_096_2160_PS2_O_NT_004.SEN3
1c686223-f7bf-31a0-80fe-7d6305add271,S3B_OL_1_EFR____20181228T154000_20181228T154300_20240525T035736_0179_020_168_2160_MAR_R_NT_004.SEN3
3f319e15-dd78-3699-9978-d006c9a98b39,S3B_OL_1_EFR____20180604T154511_20180604T154811_20240620T113946_0180_008_054_2160_MAR_R_NT_004.SEN3
6afab9f4-d57b-3bb8-9bd1-200dad28db18,S3A_OL_1_EFR____20220513T140041_20220513T140341_20240605T041848_0179_085_167_2340_MAR_R_NT_004.SEN3
82fb1d94-26bf-350b-8d5d-c590172ebff8,S3B_OL_1_EFR____20190213T152119_20190213T152419_20240525T054128_0179_022_068_2160_MAR_R_NT_004.SEN3
d980d47b-3df1-3fd7-bab8-58de06b67e81,S3B_OL_1_EFR____20210831T151331_20210831T151631_20240527T083329_0179_056_239_2340_MAR_R_NT_004.SEN3
a48bc0f2-1aa4-370e-9077-2c83d9617119,S3B_OL_1_EFR____20190604T140247_20190604T140547_20240525T115652_0179_026_110_2160_MAR_R_NT_004.SEN3
66e73ae2-535f-334f-8ee0-e8d9cad3829f,S3A_OL_1_EFR____20240414T154137_20240414T154437_20240920T124738_0179_111_168_2340_MAR_R_NT_004.SEN3
5d44ef65-9d3d-3e67-a818-beaca1f8c5a8,S3B_OL_1_EFR____20200825T152901_20200825T153201_20240526T123442_0179_042_339_2160_MAR_R_NT_004.SEN3
db17ee18-bea0-3e2a-84f9-641fa07a6677,S3B_OL_1_EFR____20200412T135053_20200412T135353_20240526T043816_0179_037_338_2340_MAR_R_NT_004.SEN3
f3d45161-56b0-44cd-a809-4d365aaefb41,S3B_OL_1_EFR____20240901T143254_20240901T143554_20240901T225547_0179_097_096_2340_PS2_O_NT_004.SEN3
859af0c8-c5e9-36e9-a826-e848fda65af7,S3B_OL_1_EFR____20240510T152553_20240510T152853_20240921T143511_0179_093_011_2160_MAR_R_NT_004.SEN3
16277046-c3e2-36a3-aa6a-24fc992177f1,S3B_OL_1_EFR____20240314T150619_20240314T150919_20240921T124550_0179_090_353_2340_MAR_R_NT_004.SEN3
3edbd5b7-8638-370f-a05e-d81b051d4211,S3A_OL_1_EFR____20200730T154517_20200730T154817_20240602T082732_0179_061_111_2340_MAR_R_NT_004.SEN3
a9bb5a10-70fb-3477-bb0a-43828612a911,S3B_OL_1_EFR____20210107T134803_20210107T135103_20240526T170516_0179_047_338_2160_MAR_R_NT_004.SEN3
c9905b1b-b109-3fce-95bd-af6d638e80fc,S3A_OL_1_EFR____20180713T153441_20180713T153741_20240530T233818_0180_033_225_2160_MAR_R_NT_004.SEN3
52975315-b146-33f8-bf17-6305ba73b85d,S3A_OL_1_EFR____20200402T134917_20200402T135217_20240601T231320_0179_056_338_2340_MAR_R_NT_004.SEN3
2d2b114c-e628-3231-84da-f5c1ed986308,S3A_OL_1_EFR____20220714T153108_20220714T153408_20240605T101754_0179_087_282_2160_MAR_R_NT_004.SEN3
c79c7b43-ed16-3e51-8ba2-74f57567880c,S3B_OL_1_EFR____20181004T144148_20181004T144448_20240621T015941_0180_013_253_2160_MAR_R_NT_004.SEN3
0980175c-a95a-3649-ad9e-b07a935a160e,S3B_OL_1_EFR____20200729T152901_20200729T153201_20240526T100305_0179_041_339_2160_MAR_R_NT_004.SEN3
ce2202ea-8bed-3c67-91ea-df8e2c3b0bd6,S3A_OL_1_EFR____20240228T153103_20240228T153403_20240920T085909_0179_109_282_2160_MAR_R_NT_004.SEN3
7cb2a36c-0051-3037-8772-fa0091b969bb,S3A_OL_1_EFR____20211017T135009_20211017T135309_20240604T012430_0180_077_281_2160_MAR_R_NT_004.SEN3
8272bea9-7f41-3ff1-9d2e-32161c1995a3,S3B_OL_1_EFR____20180809T153408_20180809T153708_20240620T201240_0179_011_225_2160_MAR_R_NT_004.SEN3
4c08b3bd-859c-3192-bc5b-0374a0c7502e,S3A_OL_1_EFR____20230831T134530_20230831T134830_20240919T193820_0179_103_010_2340_MAR_R_NT_004.SEN3
15547201-bb5c-4524-aa49-15c8c83a852e,S3A_OL_1_EFR____20250424T151611_20250424T151911_20250425T160937_0179_125_125_2160_PS1_O_NT_004.SEN3
ad652439-3d7d-327d-be65-10ce2387bb65,S3B_OL_1_EFR____20201018T152859_20201018T153159_20240526T122118_0179_044_339_2160_MAR_R_NT_004.SEN3
5f3c69d3-91ef-3c14-97eb-f0256bd2492b,S3B_OL_1_EFR____20200207T151649_20200207T151949_20240526T005306_0179_035_182_2340_MAR_R_NT_004.SEN3
3f0c2a5f-250e-4841-89fa-cec7a5836c61,S3A_OL_1_EFR____20250814T151529_20250814T151829_20250815T160505_0179_129_182_2340_PS1_O_NT_004.SEN3
1179bc76-238b-34c3-8629-12d09b6aae0e,S3B_OL_1_EFR____20210327T144024_20210327T144324_20240526T202847_0179_050_310_2160_MAR_R_NT_004.SEN3
13b20b21-3997-3334-87ec-201f0bf064f5,S3A_OL_1_EFR____20221206T143110_20221206T143410_20240605T175921_0179_093_039_2160_MAR_R_NT_004.SEN3
6dce9ddd-ed39-3c86-a63d-0a02ef46eaa6,S3A_OL_1_EFR____20181010T152712_20181010T153012_20240531T075557_0180_036_339_2160_MAR_R_NT_004.SEN3
c996da09-6ff1-3760-9a3f-3315e5932b12,S3B_OL_1_EFR____20211108T152139_20211108T152439_20240527T115355_0179_059_068_2160_MAR_R_NT_004.SEN3
be64c334-78aa-38db-8294-dc1e81e6deb6,S3A_OL_1_EFR____20210908T140118_20210908T140418_20240603T161929_0179_076_110_2160_MAR_R_NT_004.SEN3
2fdc7fa2-4cd9-30f8-b471-2da360158f87,S3A_OL_1_EFR____20240522T155335_20240522T155635_20240920T145358_0179_112_325_2160_MAR_R_NT_004.SEN3
2bc9f08e-f4b0-3e11-8ff4-abbfc7d7136d,S3A_OL_1_EFR____20180616T153442_20180616T153742_20240530T212942_0179_032_225_2160_MAR_R_NT_004.SEN3
192ede89-b145-4664-8a9a-17501b5b750e,S3A_OL_1_EFR____20240807T141916_20240807T142216_20240808T143739_0179_115_267_2340_PS1_O_NT_004.SEN3
6df57d44-3d7d-36a5-90f5-4d95c1b7ff3d,S3B_OL_1_EFR____20250607T135619_20250607T135919_20250608T140552_0179_107_224_2160_ESA_O_NT_004.SEN3
6eb86b33-5bd2-3db1-9189-bd9afb4cd880,S3A_OL_1_EFR____20180601T152628_20180601T152928_20240530T192856_0179_032_011_2340_MAR_R_NT_004.SEN3
6b3c2132-046b-392d-88e2-86da30d0e6e5,S3B_OL_1_EFR____20240610T152213_20240610T152513_20240921T175953_0179_094_068_2160_MAR_R_NT_004.SEN3
d1173132-4a0c-3eca-871a-d5bdd3f7e58b,S3A_OL_1_EFR____20200930T153747_20200930T154047_20240602T132540_0179_063_225_2340_MAR_R_NT_004.SEN3
43c91cc4-b5fd-3364-a2aa-14316f0e9528,S3B_OL_1_EFR____20181225T151733_20181225T152033_20240525T045223_0179_020_125_2160_MAR_R_NT_004.SEN3
8f033bc6-46fe-410a-bb99-aca61d3302c7,S3A_OL_1_EFR____20250524T135742_20250524T140042_20250525T144707_0179_126_167_2160_PS1_O_NT_004.SEN3
e6212eeb-75da-3809-a257-98e9473ba6ca,S3A_OL_1_EFR____20181129T135255_20181129T135555_20240531T114012_0179_038_281_2340_MAR_R_NT_004.SEN3
4df3a4ea-1a10-397c-8d6b-992c450b2213,S3B_OL_1_EFR____20240111T135856_20240111T140156_20240921T064945_0179_088_224_2340_MAR_R_NT_004.SEN3
6aa334e0-ad2f-33a8-829f-a660156cb06e,S3B_OL_1_EFR____20190721T152506_20190721T152806_20240525T165114_0179_028_011_2160_MAR_R_NT_004.SEN3
a4375023-4154-35c0-85c5-6665e81da387,S3A_OL_1_EFR____20230914T141958_20230914T142258_20240919T195959_0179_103_210_2160_MAR_R_NT_004.SEN3
1ed3827d-e687-4b18-b4ae-17cc8a3021ba,S3A_OL_1_EFR____20250609T134243_20250609T134543_20250610T143523_0179_127_010_2160_PS1_O_NT_004.SEN3
6153a345-ee24-3717-a762-10c3952d7263,S3B_OL_1_EFR____20200210T153916_20200210T154216_20240526T051345_0179_035_225_2340_MAR_R_NT_004.SEN3
7e1fe409-51a9-3d6e-80be-a13fa713d154,S3B_OL_1_EFR____20180721T134842_20180721T135142_20240620T180023_0179_010_338_2340_MAR_R_NT_004.SEN3
4ecd11d0-65a7-369b-aeee-36f5902fb270,S3A_OL_1_EFR____20200219T154211_20200219T154511_20240601T201849_0179_055_111_2160_MAR_R_NT_004.SEN3
ea26567c-2955-4ca4-a0bc-01d7eee77593,S3B_OL_1_EFR____20250804T153640_20250804T153940_20250805T165240_0179_109_282_2340_ESA_O_NT_004.SEN3
dfed9845-9d36-3160-8476-6dc0fa9d471f,S3A_OL_1_EFR____20211021T134624_20211021T134924_20240604T022415_0179_077_338_2160_MAR_R_NT_004.SEN3
394ed0ba-b3b9-3fd0-b00b-d88e9a754453,S3B_OL_1_EFR____20190605T152035_20190605T152335_20240525T104709_0179_026_125_2340_MAR_R_NT_004.SEN3
d1df0c66-83c0-4a79-bd35-905ac49b9ff0,S3A_OL_1_EFR____20250815T144618_20250815T144918_20250816T153806_0179_129_196_2160_PS1_O_NT_004.SEN3
8fa6c5de-60ea-328f-ae51-b0f4915484b7,S3A_OL_1_EFR____20190826T134956_20190826T135256_20240601T065910_0179_048_281_2160_MAR_R_NT_004.SEN3
e8a7e45a-b480-3d8a-907b-318d3f22ac1a,S3B_OL_1_EFR____20230801T142511_20230801T142811_20240920T224654_0179_082_210_2340_MAR_R_NT_004.SEN3
9a5ee207-7360-329b-bf34-a58da7c3d44e,S3B_OL_1_EFR____20250708T135240_20250708T135540_20250709T154451_0179_108_281_2160_ESA_O_NT_004.SEN3
59c02530-95ec-3e14-9ee5-cee2c8a2eac1,S3B_OL_1_EFR____20221124T154418_20221124T154718_20240524T073648_0179_073_111_2160_MAR_R_NT_004.SEN3
88a2f04e-74b3-37d4-9a41-f0a931048c47,S3B_OL_1_EFR____20230628T140326_20230628T140626_20240627T173239_0179_081_110_2160_MAR_R_NT_004.SEN3
9c862406-1b54-3653-a173-3de8c7881d38,S3A_OL_1_EFR____20211222T151953_20211222T152253_20240604T061916_0179_080_068_2160_MAR_R_NT_004.SEN3
b2ad12ce-1da7-37eb-8471-a9b3d122c554,S3B_OL_1_EFR____20201113T141415_20201113T141715_20240526T144830_0179_045_324_2160_MAR_R_NT_004.SEN3
184992d9-95ad-34eb-9c8f-49a99f0f686b,S3A_OL_1_EFR____20221007T134621_20221007T134921_20240605T143239_0179_090_338_2160_MAR_R_NT_004.SEN3
ef2984ee-9776-39e6-955d-a951e0ac393f,S3A_OL_1_EFR____20180624T152713_20180624T153013_20240530T220235_0179_032_339_2160_MAR_R_NT_004.SEN3
e3e16a45-9a03-30c3-9e23-bda02162111d,S3B_OL_1_EFR____20200414T143631_20200414T143931_20240526T045539_0180_037_367_2160_MAR_R_NT_004.SEN3
4a477cc8-8f88-36fc-806e-0717c4d5df31,S3B_OL_1_EFR____20211008T152523_20211008T152823_20240527T082127_0179_058_011_2160_MAR_R_NT_004.SEN3
2e7810b7-6a38-3f96-a7e3-0db3b8617d07,S3A_OL_1_EFR____20190903T152327_20190903T152627_20240601T060800_0179_049_011_2160_MAR_R_NT_004.SEN3
860b5ddd-ad58-3f8e-9bda-588a8f251332,S3A_OL_1_EFR____20240311T151949_20240311T152249_20240920T085805_0179_110_068_2160_MAR_R_NT_004.SEN3
e59eb7bb-52ef-3e30-9748-90ed1c773ca5,S3B_OL_1_EFR____20190718T150539_20190718T150839_20240525T132153_0179_027_353_2340_MAR_R_NT_004.SEN3
41dde46c-dc77-3f16-ae01-b0ada7a5ef8d,S3B_OL_1_EFR____20250304T150247_20250304T150547_20250306T155809_0179_104_025_2340_ESA_O_NT_004.SEN3
39509c60-0aa2-4abf-b87c-295a0ea46310,S3A_OL_1_EFR____20250315T155330_20250315T155630_20250316T164629_0179_123_325_2160_PS1_O_NT_004.SEN3
9e7670b2-5bdb-3cef-b899-f85e0346b9c3,S3A_OL_1_EFR____20191206T144601_20191206T144901_20240601T143147_0179_052_196_2160_MAR_R_NT_004.SEN3
038ddccc-4a41-38e8-ac10-bd35aa72bf61,S3A_OL_1_EFR____20210319T134617_20210319T134917_20240603T023718_0179_069_338_2160_MAR_R_NT_004.SEN3
2b8ae7ce-3b63-34fe-9be7-cd642fd064f6,S3A_OL_1_EFR____20201225T150748_20201225T151048_20240602T193220_0179_066_296_2340_MAR_R_NT_004.SEN3
2ccfb6a1-f331-461c-85d6-8b0d4cfcfbde,S3A_OL_1_EFR____20250225T152251_20250225T152551_20250226T160755_0179_123_068_2340_PS1_O_NT_004.SEN3
01713057-6bc0-3e30-a28c-04d0e84c8734,S3A_OL_1_EFR____20191101T145635_20191101T145935_20240601T122655_0180_051_082_2340_MAR_R_NT_004.SEN3
3d91b5bf-5c2b-3397-b0be-72b5b012bc73,S3B_OL_1_EFR____20220205T151407_20220205T151707_20240523T155712_0179_062_182_2160_MAR_R_NT_004.SEN3
547c7f56-7041-4d4c-8e21-a47810893bb5,S3A_OL_1_EFR____20250621T151231_20250621T151531_20250622T160606_0179_127_182_2160_PS1_O_NT_004.SEN3
793bbb94-c289-3c8d-a357-00c55675c537,S3A_OL_1_EFR____20230704T152718_20230704T153018_20240628T020809_0180_100_339_2160_MAR_R_NT_004.SEN3
58ecffee-dfb0-3094-93da-f415c65e7028,S3B_OL_1_EFR____20200721T153930_20200721T154230_20240526T114211_0179_041_225_2340_MAR_R_NT_004.SEN3
7706861c-2a1c-3d5c-827f-907bd8fe96ea,S3A_OL_1_EFR____20220305T134924_20220305T135224_20240604T233221_0179_082_338_2340_MAR_R_NT_004.SEN3
6063df92-cb68-30eb-91b8-42b7c1c2364e,S3B_OL_1_EFR____20200910T151403_20200910T151703_20240526T130728_0179_043_182_2160_MAR_R_NT_004.SEN3
09d9a5f4-6707-3da6-82ac-8035fafa7c11,S3B_OL_1_EFR____20211013T145827_20211013T150127_20240527T072648_0179_058_082_2340_MAR_R_NT_004.SEN3
abc2cb33-ee3b-3ac0-93e0-34ed0109ab8e,S3A_OL_1_EFR____20240208T154947_20240208T155247_20240920T063700_0179_108_382_2160_MAR_R_NT_004.SEN3
8caf29f1-daed-300b-8c3a-06e6a4c7b437,S3B_OL_1_EFR____20210618T134811_20210618T135111_20240527T054650_0180_053_338_2160_MAR_R_NT_004.SEN3
da469df6-57f3-31db-91d7-877a4cddd057,S3B_OL_1_EFR____20191219T151308_20191219T151608_20240526T005345_0179_033_239_2340_MAR_R_NT_004.SEN3
fd9dc156-7626-38d8-8c4f-c6e6b3d2c03f,S3A_OL_1_EFR____20190129T154938_20190129T155238_20240531T153633_0179_040_382_2160_MAR_R_NT_004.SEN3
90c1bcd9-f304-34f7-9408-e033cf8fed22,S3A_OL_1_EFR____20230618T154218_20230618T154518_20240628T013543_0179_100_111_2160_MAR_R_NT_004.SEN3
ba4c6cef-8c6f-343c-9a1d-34682b17bea8,S3B_OL_1_EFR____20200902T152132_20200902T152432_20240526T103708_0179_043_068_2160_MAR_R_NT_004.SEN3
2f6ed6c4-4f7c-3da5-9951-590ec278a63b,S3B_OL_1_EFR____20230217T154333_20230217T154633_20240527T183258_0179_076_168_2340_MAR_R_NT_004.SEN3
8b7d5817-9ac3-386d-bb2d-42f0c0977cec,S3A_OL_1_EFR____20230906T142725_20230906T143025_20240919T190010_0179_103_096_2160_MAR_R_NT_004.SEN3
e18d77d9-2b1f-3e67-b7c1-56f977694657,S3B_OL_1_EFR____20230909T141356_20230909T141656_20240920T231822_0179_083_381_2340_MAR_R_NT_004.SEN3
66d8d034-15d5-3425-8887-f025575ed40c,S3A_OL_1_EFR____20181014T134529_20181014T134829_20240531T080527_0180_037_010_2340_MAR_R_NT_004.SEN3
3c35fd72-a67c-3a2e-8ff1-9bb3ed200626,S3A_OL_1_EFR____20191016T150833_20191016T151133_20240601T102237_0180_050_239_2160_MAR_R_NT_004.SEN3
999f0f47-e88c-3fd8-ac31-e84f771488d6,S3B_OL_1_EFR____20180621T150716_20180621T151016_20240620T142935_0179_009_296_2340_MAR_R_NT_004.SEN3
bfd178cb-b589-3929-9f7b-7709510ac51c,S3B_OL_1_EFR____20180625T150032_20180625T150332_20240620T150647_0179_009_353_2160_MAR_R_NT_004.SEN3
340345f4-4398-3406-a735-038c1f8dec7d,S3B_OL_1_EFR____20240420T140332_20240420T140632_20240921T144359_0179_092_110_2160_MAR_R_NT_004.SEN3
6519307f-6cf9-3900-864a-4cd3d3d2fc93,S3A_OL_1_EFR____20190830T134612_20190830T134912_20240601T060430_0180_048_338_2160_MAR_R_NT_004.SEN3
4b063be5-8dad-3c21-89ee-a0ea5d6b18e9,S3B_OL_1_EFR____20200331T154005_20200331T154305_20240526T060712_0179_037_168_2160_MAR_R_NT_004.SEN3
bd92991e-142f-3d7f-bdcb-47baac1fbbd8,S3B_OL_1_EFR____20250204T134455_20250204T134755_20250205T135743_0180_103_010_2160_ESA_O_NT_004.SEN3
c5fe1d01-5c5d-4a30-851e-8e22d68d15ad,S3A_OL_1_EFR____20250815T144918_20250815T145218_20250816T153811_0179_129_196_2340_PS1_O_NT_004.SEN3
f113d65a-a58c-3c11-8469-aba6efb9159e,S3A_OL_1_EFR____20230111T153832_20230111T154132_20240605T200858_0179_094_168_2160_MAR_R_NT_004.SEN3
95eb5a27-44ec-31e7-a0bb-fcaebb7c27f2,S3A_OL_1_EFR____20220127T144618_20220127T144918_20240604T214032_0180_081_196_2160_MAR_R_NT_004.SEN3
e9a22caf-73f9-38d8-ac46-6877efc4f148,S3A_OL_1_EFR____20180913T134610_20180913T134910_20240531T052854_0179_035_338_2160_MAR_R_NT_004.SEN3
b6e81242-f5ba-3764-a0c7-52ffe2e4df18,S3B_OL_1_EFR____20220601T150951_20220601T151251_20240523T230642_0179_066_296_2340_MAR_R_NT_004.SEN3
8e038f55-9624-3f18-8eca-ad20e20f1e0d,S3A_OL_1_EFR____20181126T151128_20181126T151428_20240531T113008_0179_038_239_2340_MAR_R_NT_004.SEN3
170777e7-954d-3b77-a419-daf74a546fa2,S3A_OL_1_EFR____20181110T134229_20181110T134529_20240531T093446_0179_038_010_2160_MAR_R_NT_004.SEN3
3a88377b-b1cf-4eb5-b722-25abce32f7f0,S3B_OL_1_EFR____20241118T141027_20241118T141327_20241118T222924_0179_100_053_2340_PS2_O_NT_004.SEN3
8806a5d4-5e04-3b68-958a-a8192f043907,S3A_OL_1_EFR____20180312T134522_20180312T134822_20240530T134558_0179_029_010_2340_MAR_R_NT_004.SEN3
d103a183-5370-3d0b-be1c-a2dc2cf740f5,S3B_OL_1_EFR____20221210T152922_20221210T153222_20240524T085829_0179_073_339_2160_MAR_R_NT_004.SEN3
6dc37f09-3f79-4a27-9600-8e71d45aa837,S3A_OL_1_EFR____20250202T151908_20250202T152208_20250203T154426_0179_122_125_2340_PS1_O_NT_004.SEN3
18d955fa-6912-3074-8d41-6b04447bd2a4,S3A_OL_1_EFR____20191017T144222_20191017T144522_20240601T102446_0179_050_253_2160_MAR_R_NT_004.SEN3
60e728e8-9070-313a-94a8-14b59f8ad6a8,S3A_OL_1_EFR____20220807T151139_20220807T151439_20240605T113456_0179_088_239_2340_MAR_R_NT_004.SEN3
f8efc83b-ad44-377a-8d01-94e914b9226e,S3A_OL_1_EFR____20180612T154126_20180612T154426_20240530T213936_0179_032_168_2340_MAR_R_NT_004.SEN3
134f94eb-ef30-301a-a67e-58cbad52f5cf,S3B_OL_1_EFR____20220712T154719_20220712T155019_20240524T021421_0179_068_111_2340_MAR_R_NT_004.SEN3
8182822c-1a1e-3a66-9509-f0d19838e7b5,S3A_OL_1_EFR____20181106T152713_20181106T153013_20240531T091143_0180_037_339_2160_MAR_R_NT_004.SEN3
3e900ae9-78af-308c-b792-4b78704348e1,S3A_OL_1_EFR____20181207T152624_20181207T152924_20240531T112134_0179_039_011_2340_MAR_R_NT_004.SEN3
b3d530dd-dd39-4119-ab34-8927d89f5be7,S3B_OL_1_EFR____20250923T153724_20250923T154024_20250924T163250_0179_111_225_2160_ESA_O_NT_004.SEN3
98fe56fd-4c3d-3114-b653-3250becb23c3,S3A_OL_1_EFR____20190118T135640_20190118T135940_20240531T144751_0179_040_224_2340_MAR_R_NT_004.SEN3
e9d4b06c-f12a-47f4-929d-4198f8fef82f,S3A_OL_1_EFR____20250121T134923_20250121T135223_20250122T141212_0179_121_338_2340_PS1_O_NT_004.SEN3
8b9fbf40-58fb-30ac-a99c-a21ca74ea6a2,S3A_OL_1_EFR____20231104T153830_20231104T154130_20240920T005322_0179_105_168_2160_MAR_R_NT_004.SEN3
7143ab6c-ace6-3d87-b13b-3cfe6348b00b,S3A_OL_1_EFR____20240612T151143_20240612T151443_20240920T184455_0179_113_239_2340_MAR_R_NT_004.SEN3
94016290-ab48-3892-9c7d-631f004c909c,S3B_OL_1_EFR____20220127T140647_20220127T140947_20240523T154340_0179_062_053_2160_MAR_R_NT_004.SEN3
009b4815-9aab-34da-8ea7-6e23710eb931,S3A_OL_1_EFR____20240403T152637_20240403T152937_20240920T112848_0179_111_011_2340_MAR_R_NT_004.SEN3
2fb38ddf-c70e-3d16-bb0a-50042306713f,S3A_OL_1_EFR____20230302T140117_20230302T140417_20240606T001628_0179_096_110_2160_MAR_R_NT_004.SEN3
3c8bab55-b175-3dc0-9fa9-0eae63ce9d4a,S3A_OL_1_EFR____20180928T140025_20180928T140325_20240531T065605_0179_036_167_2340_MAR_R_NT_004.SEN3
80cf1f75-c953-32c8-919c-6e4ba88c0a16,S3A_OL_1_EFR____20230302T154216_20230302T154516_20240606T001758_0179_096_111_2160_MAR_R_NT_004.SEN3
6aa7beba-f939-3cc4-8bbf-3f00efadfd58,S3B_OL_1_EFR____20250508T151448_20250508T151748_20250509T160700_0179_106_182_2160_ESA_O_NT_004.SEN3
47850b0a-59cf-3f84-84eb-5cf0827b6c67,S3A_OL_1_EFR____20210304T151905_20210304T152205_20240603T020401_0179_069_125_2340_MAR_R_NT_004.SEN3
dff698d6-7b84-3775-bd67-be2cbd699862,S3A_OL_1_EFR____20240225T151136_20240225T151436_20240920T092355_0179_109_239_2340_MAR_R_NT_004.SEN3
4d23e323-61d1-3e19-b466-1ff5c480af6e,S3B_OL_1_EFR____20220604T134818_20220604T135118_20240523T221709_0179_066_338_2160_MAR_R_NT_004.SEN3
312ce7ca-74b0-3b5d-9b97-830e64e4ff08,S3B_OL_1_EFR____20180717T134927_20180717T135227_20240620T173111_0179_010_281_2160_MAR_R_NT_004.SEN3
e448dc9e-3706-3b33-b66f-5188e9315e69,S3B_OL_1_EFR____20220916T153304_20220916T153604_20240524T042633_0179_070_282_2160_MAR_R_NT_004.SEN3
0468d634-3161-3469-9a7d-2c7039522e7c,S3A_OL_1_EFR____20240704T140038_20240704T140338_20240920T181323_0179_114_167_2340_MAR_R_NT_004.SEN3
ffc4b6bf-7c30-330f-8bf3-9c8c58d7a587,S3B_OL_1_EFR____20190805T153619_20190805T153919_20240525T150006_0179_028_225_2160_MAR_R_NT_004.SEN3
39481094-056a-3434-aabe-ef8d00fc680b,S3B_OL_1_EFR____20220206T145056_20220206T145356_20240523T171751_0179_062_196_2340_MAR_R_NT_004.SEN3
2559d216-6271-323d-9ea0-06745db0ee50,S3B_OL_1_EFR____20210725T143221_20210725T143520_20240527T072644_0179_055_096_2340_MAR_R_NT_004.SEN3
28b17b44-ef85-33d9-b2e8-0f24e48ba5af,S3A_OL_1_EFR____20200730T154217_20200730T154517_20240602T082707_0179_061_111_2160_MAR_R_NT_004.SEN3
f41ee0ef-3776-38f4-9c77-a83dd280f0c1,S3A_OL_1_EFR____20220420T135656_20220420T135956_20240605T025944_0179_084_224_2340_MAR_R_NT_004.SEN3
55e92b11-6446-35b3-b381-f6bc452e056c,S3A_OL_1_EFR____20230827T134614_20230827T134914_20240919T172057_0179_102_338_2160_MAR_R_NT_004.SEN3
ab8e4e01-740e-3f97-9982-fdc460cd1a82,S3B_OL_1_EFR____20191102T152848_20191102T153148_20240525T210402_0179_031_339_2160_MAR_R_NT_004.SEN3
b601f316-bb93-3252-93f9-0452fdc14afc,S3A_OL_1_EFR____20200707T154133_20200707T154433_20240602T065842_0179_060_168_2340_MAR_R_NT_004.SEN3
31e60df7-8e3d-351a-9522-49d0739a68a1,S3A_OL_1_EFR____20211021T152723_20211021T153023_20240604T015143_0179_077_339_2160_MAR_R_NT_004.SEN3
a2b3414e-4a63-3d46-b01b-d3322027077f,S3A_OL_1_EFR____20190629T153745_20190629T154045_20240601T013203_0179_046_225_2340_MAR_R_NT_004.SEN3
67dcc9bc-9ce4-3fa7-92af-94b777caadd7,S3A_OL_1_EFR____20210403T140034_20210403T140334_20240603T044054_0179_070_167_2340_MAR_R_NT_004.SEN3
977c20ce-d48f-3c6a-9740-79a2dae78e18,S3B_OL_1_EFR____20190620T153147_20190620T153447_20240525T134348_0179_026_339_2340_MAR_R_NT_004.SEN3
ab3330d3-2296-3508-b716-67195db77cde,S3A_OL_1_EFR____20221014T154603_20221014T154903_20240605T145102_0180_091_054_2160_MAR_R_NT_004.SEN3
2dbdea2d-849c-42bc-bf7f-564942f0b42e,S3A_OL_1_EFR____20250520T140126_20250520T140426_20250521T145529_0179_126_110_2160_PS1_O_NT_004.SEN3
1fadb791-873b-4bd7-b5d4-b0a7adc90212,S3B_OL_1_EFR____20241111T152941_20241111T153241_20241112T081307_0179_099_339_2160_PS2_O_NT_004.SEN3
6a1dbf01-678b-4d7e-894e-b398a51f30a1,S3B_OL_1_EFR____20240828T143338_20240828T143638_20240828T222404_0179_097_039_2160_PS2_O_NT_004.SEN3
5e82a1c6-a750-332c-bbf5-a4e8df068f58,S3B_OL_1_EFR____20230813T141358_20230813T141658_20240921T005452_0179_082_381_2340_MAR_R_NT_004.SEN3
2e30c74f-6187-3db7-ad3b-09fcc545ad59,S3A_OL_1_EFR____20230415T150414_20230415T150714_20240606T031907_0179_097_353_2340_MAR_R_NT_004.SEN3
b04333a6-1a67-3660-b208-de026313d82b,S3A_OL_1_EFR____20230816T151215_20230816T151515_20240919T170956_0179_102_182_2160_MAR_R_NT_004.SEN3
2511eca0-c7fd-35f9-9e7f-3cda3a28fa05,S3B_OL_1_EFR____20180713T135312_20180713T135612_20240620T163647_0179_010_224_2160_MAR_R_NT_004.SEN3
7592f4b6-6b51-376f-bdae-4333c03c44af,S3B_OL_1_EFR____20201230T135832_20201230T140132_20240526T201038_0179_047_224_2340_MAR_R_NT_004.SEN3
8dc9020a-06d2-3859-bfdd-dd1b328818e5,S3B_OL_1_EFR____20200725T153546_20200725T153846_20240526T084410_0179_041_282_2340_MAR_R_NT_004.SEN3
77d6cfd0-3d08-3eb9-bb2a-c7d8c54ba713,S3B_OL_1_EFR____20240702T155210_20240702T155510_20240921T171958_0179_094_382_2160_MAR_R_NT_004.SEN3
35e4c897-4889-35a0-be6c-06800a6aea73,S3A_OL_1_EFR____20190621T154214_20190621T154514_20240601T012730_0179_046_111_2160_MAR_R_NT_004.SEN3
ce5cee08-04c3-3c6c-962f-92cfe59319a2,S3A_OL_1_EFR____20221007T153020_20221007T153320_20240605T143244_0179_090_339_2340_MAR_R_NT_004.SEN3
072a13bc-c981-49c0-8ac0-0f785641e736,S3A_OL_1_EFR____20250312T135304_20250312T135604_20250313T143907_0179_123_281_2340_PS1_O_NT_004.SEN3
fed69cbe-1811-363c-a94f-93e69c975e1e,S3A_OL_1_EFR____20200926T154131_20200926T154431_20240602T122058_0179_063_168_2340_MAR_R_NT_004.SEN3
e5fe2f5f-a726-355a-ad21-838b860860e9,S3B_OL_1_EFR____20190928T135518_20190928T135818_20240525T170804_0179_030_224_2160_MAR_R_NT_004.SEN3
97c0b4cd-7624-3c61-bac8-47676a896cdf,S3A_OL_1_EFR____20190210T140025_20190210T140325_20240531T161845_0179_041_167_2340_MAR_R_NT_004.SEN3
cabb8e45-2ad6-3cea-b341-4f9cd7b1e431,S3B_OL_1_EFR____20210315T145437_20210315T145737_20240526T220731_0179_050_139_2340_MAR_R_NT_004.SEN3
69fffd21-beed-36de-8807-c0da6b53416e,S3A_OL_1_EFR____20210415T134624_20210415T134924_20240603T044029_0179_070_338_2160_MAR_R_NT_004.SEN3
eeb0e849-8760-332b-be46-e1ce6ebe4d1d,S3A_OL_1_EFR____20190722T135730_20190722T140030_20240601T023629_0179_047_167_2160_MAR_R_NT_004.SEN3
bc55751a-3387-341d-ac48-8a9208df04d0,S3B_OL_1_EFR____20200722T151320_20200722T151619_20240526T093110_0179_041_239_2340_MAR_R_NT_004.SEN3
836135cc-2462-3133-b7c7-83f5e205d8e8,S3A_OL_1_EFR____20230803T154942_20230803T155242_20240919T162543_0179_101_382_2160_MAR_R_NT_004.SEN3
c59148e5-65c7-3b01-b1f4-4042d97e988b,S3B_OL_1_EFR____20180628T134159_20180628T134459_20240620T135805_0180_010_010_2160_MAR_R_NT_004.SEN3
debeed2d-2d03-3260-a115-c8f274b207e5,S3B_OL_1_EFR____20211022T142446_20211022T142746_20240527T074643_0179_058_210_2340_MAR_R_NT_004.SEN3
8eaded6f-db58-371c-b3d5-2f5df848425a,S3B_OL_1_EFR____20190128T153917_20190128T154217_20240525T040037_0179_021_225_2340_MAR_R_NT_004.SEN3
8d9e8fcf-4ac4-3661-8b56-8680a6cc5617,S3A_OL_1_EFR____20211211T150754_20211211T151054_20240604T062218_0179_079_296_2340_MAR_R_NT_004.SEN3
332f7bdf-d9f2-4c9d-a901-881f7934d2fc,S3A_OL_1_EFR____20250221T134538_20250221T134838_20250222T142943_0179_123_010_2340_PS1_O_NT_004.SEN3
41e53772-2875-3925-ba9c-5073508bc179,S3B_OL_1_EFR____20240723T151017_20240723T151317_20240921T205707_0179_095_296_2340_MAR_R_NT_004.SEN3
86c647c6-b209-313c-943c-0dc59df575aa,S3B_OL_1_EFR____20210311T145822_20210311T150122_20240526T201156_0179_050_082_2340_MAR_R_NT_004.SEN3
001cff66-730d-3034-bcf0-38b32289da6f,S3B_OL_1_EFR____20221113T135122_20221113T135422_20240524T084109_0179_072_338_2340_MAR_R_NT_004.SEN3
d09760a6-73cc-3c5c-b4e9-b0fd78898a9c,S3B_OL_1_EFR____20210130T135143_20210130T135443_20240526T182853_0179_048_281_2160_MAR_R_NT_004.SEN3
faa5c7ba-3169-333f-a8d4-fca022435c57,S3A_OL_1_EFR____20180705T154210_20180705T154510_20240530T225919_0180_033_111_2160_MAR_R_NT_004.SEN3
5b55752f-b26f-320b-a5f7-122b2e71c3ec,S3A_OL_1_EFR____20210501T151527_20210501T151827_20240603T063811_0179_071_182_2340_MAR_R_NT_004.SEN3
dc0b5928-c954-31dc-84f8-f96828948b0c,S3A_OL_1_EFR____20240105T153402_20240105T153702_20240920T054745_0179_107_282_2340_MAR_R_NT_004.SEN3
fded1cb3-395a-373d-a41a-2c93eab8f648,S3A_OL_1_EFR____20230127T152637_20230127T152937_20240605T212904_0180_095_011_2340_MAR_R_NT_004.SEN3
4d7cdee0-6bea-3c2a-af76-0ee0f37f4251,S3A_OL_1_EFR____20191024T150104_20191024T150404_20240601T104801_0179_050_353_2160_MAR_R_NT_004.SEN3
fae7d38d-4afa-3430-892e-9a6fcc9116ad,S3B_OL_1_EFR____20230509T135937_20230509T140237_20240527T202112_0180_079_167_2160_MAR_R_NT_004.SEN3
82882651-5f5f-30a7-b047-48eaf51be56a,S3B_OL_1_EFR____20190702T151736_20190702T152036_20240525T133735_0179_027_125_2160_MAR_R_NT_004.SEN3
4f61e502-3419-3290-b202-9151864edffe,S3B_OL_1_EFR____20221006T151719_20221006T152019_20240524T054316_0179_071_182_2340_MAR_R_NT_004.SEN3
6f24c1a9-4b0f-36e6-892c-463cb010591f,S3A_OL_1_EFR____20220306T150412_20220306T150712_20240605T002817_0179_082_353_2340_MAR_R_NT_004.SEN3
fd65e1ce-be89-3bef-a4ad-1f19af732d70,S3A_OL_1_EFR____20240220T140033_20240220T140333_20240920T084424_0179_109_167_2340_MAR_R_NT_004.SEN3
f799d73a-33cf-3c4b-a782-f1a438b828f0,S3B_OL_1_EFR____20240115T135511_20240115T135811_20240921T073247_0180_088_281_2340_MAR_R_NT_004.SEN3
ef9a1b62-e21e-3fa2-b20c-40c503614b77,S3A_OL_1_EFR____20180210T150359_20180210T150659_20240530T110039_0180_027_353_2340_MAR_R_NT_004.SEN3
31fa20a0-97f5-3eca-9880-fb79af283721,S3A_OL_1_EFR____20190830T134912_20190830T135212_20240601T060456_0179_048_338_2340_MAR_R_NT_004.SEN3
5f293839-3e6b-3bba-9f97-55f932e341e8,S3B_OL_1_EFR____20221009T153646_20221009T153946_20240524T050721_0179_071_225_2160_MAR_R_NT_004.SEN3
e4ee896e-b3c7-3d6e-b90d-cac3416ca350,S3A_OL_1_EFR____20230911T135731_20230911T140031_20240919T181602_0180_103_167_2160_MAR_R_NT_004.SEN3
51160f90-01d7-380f-b845-92f29558cd18,S3A_OL_1_EFR____20221130T134617_20221130T134917_20240605T170938_0179_092_338_2160_MAR_R_NT_004.SEN3
fcf8bf9c-be0f-3ed6-9167-2a465a9813fe,S3A_OL_1_EFR____20230630T153404_20230630T153704_20240628T005427_0179_100_282_2340_MAR_R_NT_004.SEN3
627e2953-5743-437d-b0bc-e9f14bf32518,S3A_OL_1_EFR____20250412T134926_20250412T135226_20250413T143926_0179_124_338_2340_PS1_O_NT_004.SEN3
52adc4f8-b54a-4862-a043-ffbc40942f96,S3A_OL_1_EFR____20250424T151911_20250424T152211_20250425T160937_0179_125_125_2340_PS1_O_NT_004.SEN3
5e1eaa9a-b2c8-3d72-aa1a-e7de9daf5187,S3A_OL_1_EFR____20211229T135736_20211229T140036_20240604T080844_0180_080_167_2160_MAR_R_NT_004.SEN3
c2842d73-c67f-3641-b8cb-76034530fdbf,S3A_OL_1_EFR____20220731T145257_20220731T145557_20240605T105306_0179_088_139_2340_MAR_R_NT_004.SEN3
f72a721c-3c23-3a93-b49a-27deb1a0077f,S3A_OL_1_EFR____20240611T135655_20240611T135955_20240920T155833_0179_113_224_2340_MAR_R_NT_004.SEN3
613ac258-1ed0-308a-9dcf-674bafd1c97c,S3B_OL_1_EFR____20250228T150631_20250228T150931_20250301T160126_0179_103_353_2160_ESA_O_NT_004.SEN3
7ca87ad6-8c4f-396d-92a4-8e0f7c739765,S3A_OL_1_EFR____20180124T154507_20180124T154807_20240530T092210_0179_027_111_2340_MAR_R_NT_004.SEN3
5814c305-404a-3ccf-95dd-ce21dce06bd5,S3B_OL_1_EFR____20230601T140324_20230601T140624_20240627T160423_0179_080_110_2160_MAR_R_NT_004.SEN3
73e88ea2-e63f-327f-b799-a7838ed83580,S3A_OL_1_EFR____20201127T153358_20201127T153658_20240602T182918_0179_065_282_2340_MAR_R_NT_004.SEN3
e7fa48d0-0a3a-41fd-84bc-35249558efc8,S3A_OL_1_EFR____20250813T153840_20250813T154140_20250814T163156_0179_129_168_2160_PS1_O_NT_004.SEN3
5534e102-acae-3b05-844d-a5c019db331c,S3B_OL_1_EFR____20200813T154315_20200813T154615_20240526T131933_0179_042_168_2340_MAR_R_NT_004.SEN3
217e9a20-2ade-3742-ab60-1173c2603218,S3A_OL_1_EFR____20220505T154610_20220505T154910_20240605T043547_0179_085_054_2160_MAR_R_NT_004.SEN3
52eadf5d-b2d8-357d-9de5-e22c0754db48,S3B_OL_1_EFR____20210623T145915_20210623T150215_20240527T061208_0179_054_025_2160_MAR_R_NT_004.SEN3
2a35f38d-7047-3b35-aece-d0742bab46cc,S3B_OL_1_EFR____20191018T152032_20191018T152332_20240525T230258_0179_031_125_2340_MAR_R_NT_004.SEN3
d1426eeb-aafe-30f2-b57c-1b1c0b98cc7d,S3B_OL_1_EFR____20210426T150551_20210426T150851_20240526T220744_0180_051_353_2340_MAR_R_NT_004.SEN3
5916adb2-dd94-45fd-995f-cf2de753c7cd,S3A_OL_1_EFR____20241127T141228_20241127T141528_20241128T143817_0179_119_324_2160_PS1_O_NT_004.SEN3
3c0671f0-afb6-3799-8c88-c683976b46e3,S3B_OL_1_EFR____20200308T153919_20200308T154219_20240526T052005_0179_036_225_2340_MAR_R_NT_004.SEN3
210811d1-7ef1-3338-8d96-6513cf7537a7,S3B_OL_1_EFR____20181130T142811_20181130T143111_20240621T074903_0179_019_153_2340_MAR_R_NT_004.SEN3
076ab64b-a90b-31e7-9415-4808d1dcb597,S3A_OL_1_EFR____20210531T153453_20210531T153753_20240603T090924_0179_072_225_2160_MAR_R_NT_004.SEN3
d2447f87-e5dd-3284-8451-9acf67c88bbb,S3A_OL_1_EFR____20220921T154219_20220921T154519_20240605T134456_0179_090_111_2160_MAR_R_NT_004.SEN3
143095db-199f-4852-bf68-df3888174ad7,S3B_OL_1_EFR____20250907T155222_20250907T155522_20250908T154401_0179_110_382_2160_ESA_O_NT_004.SEN3
3af93661-913d-3538-99ea-19e6b2779528,S3B_OL_1_EFR____20240617T154054_20240617T154354_20240921T180004_0179_094_168_2160_MAR_R_NT_004.SEN3
57120214-2b1d-3a1d-b78e-ffdc1ccb0e83,S3B_OL_1_EFR____20250322T135527_20250322T135827_20250323T202559_0179_104_281_2340_ESA_O_NT_004.SEN3
b9381c5a-411d-317a-b9e4-658174aec3f5,S3B_OL_1_EFR____20250303T152858_20250303T153158_20250304T163705_0179_104_011_2340_ESA_O_NT_004.SEN3
e3cb9caa-25a1-3f2d-a5b1-b1395bb865fe,S3A_OL_1_EFR____20240220T135733_20240220T140033_20240920T084404_0179_109_167_2160_MAR_R_NT_004.SEN3
ece15a26-8f11-3e92-bb98-e1f4c982f0f6,S3A_OL_1_EFR____20200421T135349_20200421T135649_20240602T010520_0179_057_224_2160_MAR_R_NT_004.SEN3
3cc9535f-81a8-3273-9fb6-1899dbf8140f,S3A_OL_1_EFR____20211207T151139_20211207T151439_20240604T051920_0179_079_239_2340_MAR_R_NT_004.SEN3
218ba3a2-d170-3c71-8f08-5f4bf47374fb,S3B_OL_1_EFR____20200805T154744_20200805T155044_20240526T103400_0180_042_054_2160_MAR_R_NT_004.SEN3
8e0c08ad-4bda-4368-afc4-71a11c52c540,S3B_OL_1_EFR____20250112T152511_20250112T152811_20250113T080521_0179_102_068_2340_PS2_O_NT_004.SEN3
177f0233-846d-379e-b247-444722e2d611,S3B_OL_1_EFR____20200430T142136_20200430T142436_20240526T055354_0179_038_210_2160_MAR_R_NT_004.SEN3
52de2f36-f426-343b-92b7-8fcf46bc1c2d,S3B_OL_1_EFR____20210207T134714_20210207T135014_20240526T220031_0179_049_010_2340_MAR_R_NT_004.SEN3
8a8d0b2c-8bf7-44bb-8512-0b3870701ee1,S3A_OL_1_EFR____20251211T134923_20251211T135223_20251212T144842_0179_133_338_2340_PS1_O_NT_004.SEN3
28318523-5d49-3910-9e90-6150eee41d7f,S3B_OL_1_EFR____20190129T151306_20190129T151606_20240525T070337_0179_021_239_2340_MAR_R_NT_004.SEN3
a7752db2-29e3-33b8-bafa-cb267817779e,S3B_OL_1_EFR____20210218T140214_20210218T140514_20240526T182723_0179_049_167_2340_MAR_R_NT_004.SEN3
b9e48d20-85a8-3787-8eba-81fcd92dbfb8,S3A_OL_1_EFR____20231104T140031_20231104T140331_20240920T002044_0179_105_167_2340_MAR_R_NT_004.SEN3
5292cab8-5959-35b5-b1c7-9c71ac6f3c1a,S3A_OL_1_EFR____20240410T154221_20240410T154521_20240920T114533_0179_111_111_2160_MAR_R_NT_004.SEN3
a5235c1b-5128-3b1b-ae82-90b5a2ea6001,S3B_OL_1_EFR____20181224T154644_20181224T154944_20240525T081246_0179_020_111_2340_MAR_R_NT_004.SEN3
ddaba1f0-2d64-3144-842c-5066a1d46330,S3A_OL_1_EFR____20200211T154940_20200211T155240_20240601T192312_0179_054_382_2160_MAR_R_NT_004.SEN3
5afb8b3c-1769-4329-b547-844016f4dd4d,S3A_OL_1_EFR____20250628T135014_20250628T135314_20250629T144319_0179_127_281_2160_PS1_O_NT_004.SEN3
a79e4d83-6b21-3673-a967-0fa1f4970f73,S3B_OL_1_EFR____20180921T151911_20180921T152211_20240620T231503_0179_013_068_2160_MAR_R_NT_004.SEN3
e23227e8-3646-35ef-acdc-06495232e964,S3A_OL_1_EFR____20221011T152336_20221011T152636_20240605T144214_0179_091_011_2160_MAR_R_NT_004.SEN3
80bc61cc-d676-3dd7-b065-3b8d90939bf7,S3B_OL_1_EFR____20250619T134808_20250619T135108_20250620T151203_0179_108_010_2340_ESA_O_NT_004.SEN3
a1f96959-f15c-397d-b429-b0bda8947977,S3B_OL_1_EFR____20240529T153324_20240529T153624_20240921T171530_0179_093_282_2160_MAR_R_NT_004.SEN3
dcb8a13c-61eb-3b09-bc81-00cb9f8f69f5,S3B_OL_1_EFR____20230514T151342_20230514T151642_20240527T203047_0179_079_239_2340_MAR_R_NT_004.SEN3
ca9f36e1-bf32-380a-a2df-11507f666962,S3A_OL_1_EFR____20220114T134241_20220114T134541_20240604T091147_0179_081_010_2160_MAR_R_NT_004.SEN3
0874ebbc-da27-30aa-8fc0-9ab19cf71731,S3A_OL_1_EFR____20230723T153446_20230723T153746_20240628T031640_0179_101_225_2160_MAR_R_NT_004.SEN3
e6630eac-78e4-348b-8e36-db1e0e08b623,S3A_OL_1_EFR____20210731T155334_20210731T155634_20240603T141647_0179_074_325_2160_MAR_R_NT_004.SEN3
4e2c32e0-a5a0-3590-8862-6ecd5c737152,S3A_OL_1_EFR____20201228T134916_20201228T135216_20240602T195407_0179_066_338_2340_MAR_R_NT_004.SEN3
012e9599-8b4a-37f1-9d5a-6cc90daac01e,S3B_OL_1_EFR____20180825T151908_20180825T152208_20240620T202623_0179_012_068_2160_MAR_R_NT_004.SEN3
7b945880-1abe-338a-a300-3a8830845dc4,S3A_OL_1_EFR____20200719T152720_20200719T153020_20240602T071504_0179_060_339_2160_MAR_R_NT_004.SEN3
dd4280dd-d41b-4839-ad96-2379628c9e29,S3A_OL_1_EFR____20250612T154609_20250612T154909_20250613T163941_0180_127_054_2160_PS1_O_NT_004.SEN3
d1f39ac8-15d4-3d2d-9572-c01f64532e97,S3A_OL_1_EFR____20191130T140409_20191130T140709_20240601T133408_0179_052_110_2340_MAR_R_NT_004.SEN3
f38f2a50-5d20-3e84-aa9c-93fea8a45165,S3A_OL_1_EFR____20190822T135641_20190822T135941_20240601T045839_0179_048_224_2340_MAR_R_NT_004.SEN3
44d886e7-e9c1-3a20-bcbb-85a1183a8dba,S3B_OL_1_EFR____20210203T135058_20210203T135358_20240526T201033_0179_048_338_2340_MAR_R_NT_004.SEN3
25955236-d68c-37fa-b5ec-b8d02566bd37,S3B_OL_1_EFR____20220108T140221_20220108T140521_20240523T134550_0179_061_167_2340_MAR_R_NT_004.SEN3
7a89adc6-537e-3d49-9d1a-aa11f0167d94,S3B_OL_1_EFR____20180728T140724_20180728T141024_20240620T180706_0179_011_053_2340_MAR_R_NT_004.SEN3
8086e35d-aa12-3cd3-a566-f5502f629ea2,S3A_OL_1_EFR____20200915T152332_20200915T152632_20240602T121810_0179_063_011_2160_MAR_R_NT_004.SEN3
e1d0f74f-bf1e-36b2-b633-5babde773cbe,S3B_OL_1_EFR____20180809T135608_20180809T135908_20240620T193642_0180_011_224_2340_MAR_R_NT_004.SEN3
384328c6-1892-3de0-b2db-84ea7191912e,S3B_OL_1_EFR____20220114T144713_20220114T145013_20240523T145433_0179_061_253_2340_MAR_R_NT_004.SEN3
768ec677-711f-3fc4-baf4-1a5076d6bb3d,S3B_OL_1_EFR____20191114T152037_20191114T152337_20240525T191641_0179_032_125_2340_MAR_R_NT_004.SEN3
b6a909b3-95e3-361b-af51-a3312809878c,S3B_OL_1_EFR____20200126T134704_20200126T135004_20240526T005023_0179_035_010_2340_MAR_R_NT_004.SEN3
30bf50a8-6e3d-3b88-8095-af20e621f29b,S3A_OL_1_EFR____20180128T154123_20180128T154423_20240530T100506_0179_027_168_2340_MAR_R_NT_004.SEN3
3342f2fc-b385-3dfa-b690-f3fbc37417e0,S3A_OL_1_EFR____20230314T153103_20230314T153403_20240606T002012_0179_096_282_2160_MAR_R_NT_004.SEN3
1add9bda-baed-3c21-aa2d-7ee4e43355aa,S3A_OL_1_EFR____20240708T135652_20240708T135952_20240920T185434_0179_114_224_2340_MAR_R_NT_004.SEN3
201a1d45-cc35-3036-89db-291a8351624c,S3A_OL_1_EFR____20190903T134228_20190903T134528_20240601T070923_0179_049_010_2160_MAR_R_NT_004.SEN3
39400efe-a4f4-3c00-8eec-3db4c12d5d49,S3A_OL_1_EFR____20230703T155329_20230703T155629_20240628T041024_0179_100_325_2160_MAR_R_NT_004.SEN3
f8a94bd7-bce4-323f-93ea-58058448b690,S3A_OL_1_EFR____20201119T153829_20201119T154129_20240602T173241_0179_065_168_2160_MAR_R_NT_004.SEN3
5b4aa6fd-3cd6-3362-86d2-d1eb07893b97,S3A_OL_1_EFR____20230507T153109_20230507T153409_20240606T044932_0180_098_282_2160_MAR_R_NT_004.SEN3
17b1cf74-810b-38dd-87c4-47aca8ff8d4e,S3A_OL_1_EFR____20200413T140117_20200413T140417_20240602T005510_0179_057_110_2160_MAR_R_NT_004.SEN3
a42a11d4-de3c-3f05-b870-d4a5e078cfde,S3A_OL_1_EFR____20190428T140115_20190428T140415_20240531T212901_0179_044_110_2160_MAR_R_NT_004.SEN3
ebdfa607-7b75-3d02-bf8c-15e52840bd5f,S3B_OL_1_EFR____20200127T150152_20200127T150452_20240526T050140_0179_035_025_2340_MAR_R_NT_004.SEN3
faf9ee5b-b405-3491-9811-bc6110d55e2e,S3A_OL_1_EFR____20220114T134541_20220114T134841_20240604T091209_0179_081_010_2340_MAR_R_NT_004.SEN3
feed75cd-90aa-37a9-8ddf-16719b6c2aa5,S3A_OL_1_EFR____20181125T135340_20181125T135640_20240531T103744_0179_038_224_2160_MAR_R_NT_004.SEN3
6b536503-9185-3ef1-957a-e3ec90ecfcc2,S3A_OL_1_EFR____20220910T134622_20220910T134922_20240605T131644_0179_089_338_2160_MAR_R_NT_004.SEN3
7f300bb7-722f-3c97-9062-1a2263c945be,S3B_OL_1_EFR____20230320T153948_20230320T154248_20240527T163709_0179_077_225_2340_MAR_R_NT_004.SEN3
035a4bb9-c537-37e1-837f-a0588ae888e2,S3B_OL_1_EFR____20230428T152538_20230428T152838_20240527T202042_0179_079_011_2160_MAR_R_NT_004.SEN3
c02ea65e-3a62-3d59-9e50-9abbe9d3cdd0,S3A_OL_1_EFR____20200317T154511_20200317T154811_20240601T225952_0179_056_111_2340_MAR_R_NT_004.SEN3
30d65a4c-0d61-3cc6-a018-27ec7d33da1a,S3B_OL_1_EFR____20230109T155145_20230109T155445_20240527T163821_0179_074_382_2160_MAR_R_NT_004.SEN3
9911a4ec-df84-3efe-96ba-78bf71decada,S3B_OL_1_EFR____20191106T134705_20191106T135005_20240525T210337_0179_032_010_2340_MAR_R_NT_004.SEN3
962d59f6-e39e-3c3d-ae8f-ab656f0ead8a,S3B_OL_1_EFR____20210327T144324_20210327T144624_20240526T202906_0179_050_310_2340_MAR_R_NT_004.SEN3
30d59c3e-689c-3b23-a01c-1208877e579c,S3A_OL_1_EFR____20180324T151510_20180324T151810_20240530T135307_0180_029_182_2340_MAR_R_NT_004.SEN3
7ceb2f08-3a37-393f-91c8-00488d7d1b18,S3A_OL_1_EFR____20220412T140123_20220412T140423_20240605T022015_0179_084_110_2160_MAR_R_NT_004.SEN3
41d1d091-43aa-3493-be8f-8b2df191295d,S3A_OL_1_EFR____20221006T155331_20221006T155631_20240605T142938_0179_090_325_2160_MAR_R_NT_004.SEN3
b4da4376-e032-3425-9e88-f4f6f3ab2e8f,S3B_OL_1_EFR____20230817T141014_20230817T141314_20240920T225515_0179_083_053_2340_MAR_R_NT_004.SEN3
5da0dd41-7c69-36ef-b57a-de69a82f4fff,S3A_OL_1_EFR____20200227T153742_20200227T154042_20240601T202943_0179_055_225_2340_MAR_R_NT_004.SEN3
779336f7-1caf-333a-bee5-0a2008fa4245,S3A_OL_1_EFR____20240708T135352_20240708T135652_20240920T185415_0180_114_224_2160_MAR_R_NT_004.SEN3
7d8333a8-e02c-3c08-bc4a-72de6513128a,S3B_OL_1_EFR____20190327T135440_20190327T135740_20240525T091820_0179_023_281_2340_MAR_R_NT_004.SEN3
b4426a95-c282-3a30-90f7-701f3d861348,S3B_OL_1_EFR____20230420T135205_20230420T135505_20240527T212209_0179_078_281_2160_MAR_R_NT_004.SEN3
4dcd28fa-107f-3af8-9edd-669de523a75b,S3A_OL_1_EFR____20210702T150800_20210702T151100_20240603T114539_0179_073_296_2340_MAR_R_NT_004.SEN3
7ac0cda7-8bb2-3f42-9262-393b83370e0c,S3B_OL_1_EFR____20230827T145121_20230827T145421_20240921T003815_0179_083_196_2340_MAR_R_NT_004.SEN3
d1cee762-ec0c-41f4-bf55-411064385e34,S3A_OL_1_EFR____20241114T145254_20241114T145554_20241115T151520_0179_119_139_2340_PS1_O_NT_004.SEN3
7c247f18-0967-3bd5-bddc-2ac648c155be,S3A_OL_1_EFR____20211020T155334_20211020T155634_20240604T013516_0179_077_325_2160_MAR_R_NT_004.SEN3
dc1f5e6a-2327-3883-8c8f-f2e9e263f18f,S3A_OL_1_EFR____20190207T151858_20190207T152158_20240531T160609_0179_041_125_2340_MAR_R_NT_004.SEN3
f48ab9f5-7e58-3d1a-bb40-3c9ad4472c65,S3A_OL_1_EFR____20240212T154602_20240212T154902_20240920T072142_0179_109_054_2160_MAR_R_NT_004.SEN3
41387abc-1f34-3308-981f-23756c2e265c,S3B_OL_1_EFR____20180524T152134_20180524T152434_20240620T111608_0179_004_253_2340_MAR_R_NT_004.SEN3
d8b14fe8-0d50-37b7-a114-e78b8287397e,S3A_OL_1_EFR____20240414T140038_20240414T140338_20240920T121349_0179_111_167_2340_MAR_R_NT_004.SEN3
ffd40104-556c-3189-b70e-ab981923e14b,S3A_OL_1_EFR____20200626T152635_20200626T152935_20240602T053839_0179_060_011_2340_MAR_R_NT_004.SEN3
5f6713e9-f50e-3dc8-ad71-703392591b54,S3A_OL_1_EFR____20231112T153359_20231112T153659_20240920T001254_0179_105_282_2340_MAR_R_NT_004.SEN3
cc11d3fa-1fd0-38a8-9619-63415a379d1f,S3B_OL_1_EFR____20230812T143709_20230812T144009_20240920T234319_0179_082_367_2160_MAR_R_NT_004.SEN3
4f098b68-6bf2-3964-a490-b61ee6ec71b7,S3B_OL_1_EFR____20200503T144703_20200503T145003_20240526T050806_0179_038_253_2340_MAR_R_NT_004.SEN3
190c9c88-2a12-327d-a833-50c126abc5fc,S3A_OL_1_EFR____20181231T150357_20181231T150657_20240531T133157_0179_039_353_2340_MAR_R_NT_004.SEN3
6691e753-4af1-39d4-bd0e-a51b3ade6d72,S3B_OL_1_EFR____20201018T134800_20201018T135100_20240526T155007_0179_044_338_2160_MAR_R_NT_004.SEN3
b9487ff2-faad-31eb-9e38-5e2abababb07,S3B_OL_1_EFR____20230605T140240_20230605T140540_20240627T173031_0179_080_167_2340_MAR_R_NT_004.SEN3
a4b85064-f579-3ace-911d-ccd0e2e91af7,S3A_OL_1_EFR____20200622T134920_20200622T135220_20240602T051542_0179_059_338_2340_MAR_R_NT_004.SEN3
e041177a-99bb-3ac3-85f6-28ce5de65eb5,S3A_OL_1_EFR____20240224T153747_20240224T154047_20240920T081307_0179_109_225_2340_MAR_R_NT_004.SEN3
b7e4efd6-3db9-32a2-8e1f-fe30e6cd2c8c,S3B_OL_1_EFR____20250527T152220_20250527T152520_20250530T155145_0180_107_068_2160_ESA_O_NT_004.SEN3
c435f4b1-7c01-38b1-9977-64a0c63b8bcb,S3B_OL_1_EFR____20250204T152854_20250204T153154_20250205T154159_0179_103_011_2340_ESA_O_NT_004.SEN3
33b13ebc-a84d-3fa8-a9b3-cd891b052e74,S3B_OL_1_EFR____20210711T135156_20210711T135456_20240527T061455_0179_054_281_2160_MAR_R_NT_004.SEN3
6ccd5d5a-ca57-345e-8997-6c2b099c72d5,S3A_OL_1_EFR____20210120T153104_20210120T153404_20240602T222154_0179_067_282_2160_MAR_R_NT_004.SEN3
8b3edc41-c454-3c41-bbf0-ea711af9b5d1,S3B_OL_1_EFR____20211013T145527_20211013T145827_20240527T072629_0180_058_082_2160_MAR_R_NT_004.SEN3
5ece3455-688a-3ec6-822d-a3b980c6f4be,S3A_OL_1_EFR____20220714T135308_20220714T135608_20240605T101846_0179_087_281_2340_MAR_R_NT_004.SEN3
3b7b3f8a-9ca3-372b-b189-0191b02e9894,S3A_OL_1_EFR____20200618T153403_20200618T153703_20240602T044917_0179_059_282_2340_MAR_R_NT_004.SEN3
e089d43a-c05d-3415-9e3d-b375e5781ab9,S3A_OL_1_EFR____20190309T135723_20190309T140023_20240531T172330_0179_042_167_2160_MAR_R_NT_004.SEN3
08d8ee5a-f2f8-38dd-8757-7816f86bff0c,S3A_OL_1_EFR____20181202T155320_20181202T155620_20240531T114527_0180_038_325_2160_MAR_R_NT_004.SEN3
0ba25a77-1e1e-4472-86e3-0663fce6066a,S3B_OL_1_EFR____20241003T140251_20241003T140551_20241003T220430_0179_098_167_2340_PS2_O_NT_004.SEN3
d52ffcb8-61c5-30aa-9218-8bba755cb1a5,S3B_OL_1_EFR____20190528T152806_20190528T153106_20240525T123906_0179_026_011_2340_MAR_R_NT_004.SEN3
941b87a8-4b6e-3efb-a9e1-80965ec2099b,S3A_OL_1_EFR____20210712T154608_20210712T154908_20240603T114501_0179_074_054_2160_MAR_R_NT_004.SEN3
fc77fa85-093a-3726-a8f7-2f27aa59316a,S3B_OL_1_EFR____20190331T152855_20190331T153155_20240525T115050_0179_023_339_2160_MAR_R_NT_004.SEN3
3c06e836-55fb-4e60-b2ab-608a9e68d787,S3A_OL_1_EFR____20250102T151948_20250102T152248_20250103T154501_0179_121_068_2160_PS1_O_NT_004.SEN3
62493632-9bda-3f45-ab20-8be56242cbcb,S3A_OL_1_EFR____20190802T141226_20190802T141526_20240601T045612_0179_047_324_2160_MAR_R_NT_004.SEN3
94c2cf47-0cb5-30f8-9256-6a690feb1464,S3A_OL_1_EFR____20190607T150750_20190607T151050_20240601T000542_0179_045_296_2340_MAR_R_NT_004.SEN3
c86d33ad-bd0c-3c28-a418-f086045aa30b,S3A_OL_1_EFR____20211109T153451_20211109T153751_20240604T040031_0179_078_225_2160_MAR_R_NT_004.SEN3
a82cdb05-e285-3add-85d3-ec806b06c5dd,S3B_OL_1_EFR____20250326T152942_20250326T153242_20250327T152009_0179_104_339_2160_ESA_O_NT_004.SEN3
da9e93fd-ec3d-3bef-83fd-dab51c74e28c,S3A_OL_1_EFR____20220301T135009_20220301T135309_20240605T002745_0179_082_281_2160_MAR_R_NT_004.SEN3
3ca2fe52-49db-37c2-a73b-46d34b6708cd,S3A_OL_1_EFR____20180505T152628_20180505T152928_20240530T182321_0179_031_011_2340_MAR_R_NT_004.SEN3
39a0d355-9fee-3f2d-8f53-197e6ce21890,S3B_OL_1_EFR____20181029T152739_20181029T153039_20240621T051228_0179_016_225_2340_MAR_R_NT_004.SEN3
5b9c70fd-9c25-4dbe-b378-3e3c92a716ce,S3B_OL_1_EFR____20250908T134512_20250908T134812_20250909T150408_0179_111_010_2160_ESA_O_NT_004.SEN3
7d079c45-745e-3896-8b3f-c47b3dbe618f,S3A_OL_1_EFR____20180517T151214_20180517T151514_20240530T182443_0179_031_182_2160_MAR_R_NT_004.SEN3
c33605a8-ea07-38e5-aef7-f308fc5d0f4a,S3B_OL_1_EFR____20190501T134711_20190501T135011_20240525T092106_0179_025_010_2340_MAR_R_NT_004.SEN3
c49d668d-75eb-3ae9-ad50-914fd47cd534,S3B_OL_1_EFR____20190913T134406_20190913T134706_20240525T152345_0179_030_010_2160_MAR_R_NT_004.SEN3
13a8423f-b1c0-38e0-a28f-e207b42f728f,S3A_OL_1_EFR____20230712T151950_20230712T152250_20240628T052136_0179_101_068_2160_MAR_R_NT_004.SEN3
cdf56a91-cb42-3b03-8d08-9686736996c7,S3A_OL_1_EFR____20200116T152329_20200116T152629_20240601T182612_0179_054_011_2160_MAR_R_NT_004.SEN3
54318b7d-1f39-372b-be7f-09e9d00a013f,S3A_OL_1_EFR____20230414T152725_20230414T153025_20240606T031708_0179_097_339_2160_MAR_R_NT_004.SEN3
7a0e0d32-06d8-3048-b28c-74b2e8adb968,S3B_OL_1_EFR____20200706T134418_20200706T134718_20240526T073217_0180_041_010_2160_MAR_R_NT_004.SEN3
4805de50-7eea-3833-adfa-47ce5b1a30a1,S3B_OL_1_EFR____20210115T134333_20210115T134633_20240526T201428_0179_048_067_2340_MAR_R_NT_004.SEN3
c6c4ea36-8839-4994-b12b-d34fbe4a7e4e,S3B_OL_1_EFR____20240730T152600_20240730T152900_20240731T075713_0179_096_011_2160_PS2_O_NT_004.SEN3
75678c6b-0f3b-3e19-936d-47c858dd6e08,S3B_OL_1_EFR____20190520T153236_20190520T153536_20240525T095522_0179_025_282_2160_MAR_R_NT_004.SEN3
089e2f49-1b94-3ae5-be29-78b0b201fa26,S3A_OL_1_EFR____20210403T154134_20210403T154434_20240603T034202_0179_070_168_2340_MAR_R_NT_004.SEN3
f0673d97-0fe9-3533-8992-c4823f7e2b4c,S3B_OL_1_EFR____20180812T141534_20180812T141834_20240620T212343_0179_011_267_2160_MAR_R_NT_004.SEN3
337d035a-9240-307d-a98e-098837ff3fcc,S3A_OL_1_EFR____20180627T154939_20180627T155239_20240530T232118_0179_032_382_2160_MAR_R_NT_004.SEN3
7ebbf3e0-c211-3b12-bf3f-07270ca53e42,S3B_OL_1_EFR____20191222T153535_20191222T153835_20240525T230443_0179_033_282_2340_MAR_R_NT_004.SEN3
2736d16e-6e53-35b9-9e6d-9575d1afb4da,S3A_OL_1_EFR____20190703T135302_20190703T135602_20240601T023238_0179_046_281_2340_MAR_R_NT_004.SEN3
61a3c657-7617-310a-ad82-7d0392edb5e1,S3A_OL_1_EFR____20210415T152723_20210415T153023_20240603T053924_0179_070_339_2160_MAR_R_NT_004.SEN3
bafdeda6-7562-302c-9411-47cca6548606,S3B_OL_1_EFR____20230728T142554_20230728T142854_20240627T173339_0179_082_153_2160_MAR_R_NT_004.SEN3
62ff556e-1eb3-39c0-b191-e2408022b7b4,S3A_OL_1_EFR____20221114T140417_20221114T140717_20240605T162149_0179_092_110_2340_MAR_R_NT_004.SEN3
bc90b98f-949a-422a-b003-2329d0d8e8a9,S3B_OL_1_EFR____20241127T151747_20241127T152047_20241128T080140_0179_100_182_2340_PS2_O_NT_004.SEN3
4ec0050f-d608-3edb-9331-0fc425e1c3c7,S3B_OL_1_EFR____20230306T150224_20230306T150524_20240527T163848_0179_077_025_2340_MAR_R_NT_004.SEN3
2f433beb-7dca-35dc-9ea2-d118af65fa9f,S3A_OL_1_EFR____20200819T134533_20200819T134833_20240602T101735_0179_062_010_2340_MAR_R_NT_004.SEN3
9104c803-59cc-3747-933c-a8b14e0799f5,S3A_OL_1_EFR____20201208T140755_20201208T141055_20240602T193114_0179_066_053_2340_MAR_R_NT_004.SEN3
af35881c-1d19-46d2-9350-938461eb0f08,S3A_OL_1_EFR____20240827T140032_20240827T140332_20240828T141909_0179_116_167_2340_PS1_O_NT_004.SEN3
b113b230-4657-3dbd-b83f-e94d3e0df493,S3A_OL_1_EFR____20201009T150408_20201009T150708_20240602T141015_0179_063_353_2340_MAR_R_NT_004.SEN3
c7489248-c9b3-36fa-8e56-5051d32a27de,S3B_OL_1_EFR____20250731T135925_20250731T140225_20250801T143525_0179_109_224_2340_ESA_O_NT_004.SEN3
151780b6-e808-3bb9-911d-ebf2337b98ae,S3B_OL_1_EFR____20210518T135149_20210518T135449_20240527T013412_0179_052_281_2160_MAR_R_NT_004.SEN3
c9fd861f-638e-3d7f-b487-abcf7d8ba62d,S3A_OL_1_EFR____20221206T143410_20221206T143710_20240605T175946_0179_093_039_2340_MAR_R_NT_004.SEN3
4933e1eb-0ed1-34bc-b48f-8c65c812f5d7,S3B_OL_1_EFR____20230625T152459_20230625T152759_20240627T154520_0179_081_068_2340_MAR_R_NT_004.SEN3
69d6f6cc-cbdd-3a0d-a411-050912d5114d,S3B_OL_1_EFR____20210625T140653_20210625T140953_20240527T060347_0179_054_053_2160_MAR_R_NT_004.SEN3
55748334-e9a2-4806-8378-bf1aaa7656ab,S3A_OL_1_EFR____20240830T142257_20240830T142557_20240831T144256_0179_116_210_2340_PS1_O_NT_004.SEN3
4d001aca-da2d-32d9-85e6-8224f990eee8,S3A_OL_1_EFR____20230824T150447_20230824T150747_20240919T154551_0179_102_296_2160_MAR_R_NT_004.SEN3
25a86d9f-3969-3a26-bf4e-cca648524764,S3B_OL_1_EFR____20200110T140203_20200110T140503_20240525T224347_0179_034_167_2340_MAR_R_NT_004.SEN3
abbfb56b-cc56-3fc7-9c7c-fe2ffc925675,S3A_OL_1_EFR____20210125T150409_20210125T150709_20240602T223552_0179_067_353_2340_MAR_R_NT_004.SEN3
b04f60ed-f7b9-3c29-b8af-ca853e6e3f78,S3B_OL_1_EFR____20211117T144800_20211117T145100_20240527T115115_0179_059_196_2160_MAR_R_NT_004.SEN3
c49093ac-a5a2-4382-a4aa-832dfaf55653,S3B_OL_1_EFR____20241030T135956_20241030T140256_20241030T220455_0179_099_167_2160_PS2_O_NT_004.SEN3
09ec9e19-42b1-3a56-ae0c-fa8da3f53a09,S3B_OL_1_EFR____20200506T150629_20200506T150929_20240526T083959_0179_038_296_2160_MAR_R_NT_004.SEN3
f18b116f-8080-3328-8145-362fdbb8e166,S3A_OL_1_EFR____20220802T153834_20220802T154134_20240605T105927_0179_088_168_2160_MAR_R_NT_004.SEN3
8aae8bdb-54a6-366e-a6b0-bba132adcdbe,S3A_OL_1_EFR____20181227T150741_20181227T151041_20240531T132557_0180_039_296_2340_MAR_R_NT_004.SEN3
840be039-1996-45fc-a911-3ce9344ae150,S3A_OL_1_EFR____20240810T143842_20240810T144142_20240811T145935_0179_115_310_2160_PS1_O_NT_004.SEN3
fd5a71dd-0648-3472-9081-6c4324079439,S3A_OL_1_EFR____20240504T151955_20240504T152255_20240920T145434_0179_112_068_2160_MAR_R_NT_004.SEN3
ed1f701e-e960-3fc7-a4e7-37092f68fdb4,S3B_OL_1_EFR____20200401T151654_20200401T151954_20240526T041612_0179_037_182_2340_MAR_R_NT_004.SEN3
de89f10c-dbaf-3176-aac7-10281da6c242,S3A_OL_1_EFR____20220720T143800_20220720T144100_20240605T103931_0179_087_367_2340_MAR_R_NT_004.SEN3
81467390-9cee-405c-a3f2-f536ba379559,S3A_OL_1_EFR____20240822T142727_20240822T143027_20240823T145047_0179_116_096_2160_PS1_O_NT_004.SEN3
92277f77-3596-37bc-8204-a24298550aef,S3A_OL_1_EFR____20221114T140117_20221114T140417_20240605T162131_0179_092_110_2160_MAR_R_NT_004.SEN3
ad05e1d5-0d32-34de-9f8d-97be9bfab4a8,S3B_OL_1_EFR____20250330T134757_20250330T135057_20250331T142808_0179_105_010_2340_ESA_O_NT_004.SEN3
d979e510-977b-3f37-8aa5-b5c50de5862f,S3A_OL_1_EFR____20231214T150406_20231214T150706_20240920T024125_0179_106_353_2340_MAR_R_NT_004.SEN3
187dbe40-a3e2-3cb9-a547-8ccf64de6bdc,S3A_OL_1_EFR____20191012T151218_20191012T151518_20240601T102901_0179_050_182_2160_MAR_R_NT_004.SEN3
8a2b4df3-c66e-3672-8f8f-f37aee82f35f,S3B_OL_1_EFR____20220327T151754_20220327T152054_20240523T191524_0180_064_125_2160_MAR_R_NT_004.SEN3
8b585d12-7125-3ef4-a640-ca19a643d716,S3B_OL_1_EFR____20201019T150248_20201019T150548_20240526T142624_0179_044_353_2160_MAR_R_NT_004.SEN3
deeda3f0-2929-322e-bbcb-fbd410f6fdea,S3B_OL_1_EFR____20200526T144748_20200526T145048_20240526T060209_0179_039_196_2160_MAR_R_NT_004.SEN3
5b046f51-6d21-3ce1-90d7-e42c9a37f91f,S3B_OL_1_EFR____20240317T134746_20240317T135046_20240921T114839_0179_091_010_2340_MAR_R_NT_004.SEN3
85a02952-5a76-4bd0-adcb-daafa123b113,S3A_OL_1_EFR____20250205T140035_20250205T140335_20250206T142939_0179_122_167_2340_PS1_O_NT_004.SEN3
eea4cebf-1d97-3aad-822c-bd261bf5f937,S3B_OL_1_EFR____20250519T134848_20250519T135148_20250520T151220_0179_106_338_2160_ESA_O_NT_004.SEN3
5bc1a22f-9b68-3303-bb9a-9ffc5b2675da,S3A_OL_1_EFR____20210729T150757_20210729T151057_20240603T131700_0179_074_296_2340_MAR_R_NT_004.SEN3
7b856ddf-a70b-3f4a-a62e-7624386db450,S3A_OL_1_EFR____20191210T144216_20191210T144516_20240601T153439_0179_052_253_2160_MAR_R_NT_004.SEN3
a56bdc3a-587a-3d0e-9710-a4d9d6e423ae,S3B_OL_1_EFR____20201006T154010_20201006T154310_20240526T130943_0179_044_168_2160_MAR_R_NT_004.SEN3
8638b7c8-0a32-438d-a512-43c2f78adc05,S3A_OL_1_EFR____20251114T134927_20251114T135227_20251115T144711_0179_132_338_2340_PS1_O_NT_004.SEN3
a4779b8a-1dee-3351-9c70-3cc94a65cd9f,S3B_OL_1_EFR____20180928T153753_20180928T154053_20240621T004247_0179_013_168_2160_MAR_R_NT_004.SEN3
d2f0eb3b-22a3-3d58-ade6-afc4f787fbe9,S3B_OL_1_EFR____20230621T152844_20230621T153144_20240627T175754_0179_081_011_2340_MAR_R_NT_004.SEN3
a6f89c75-fa2d-35d8-96e8-4e63840f6adb,S3B_OL_1_EFR____20200416T134709_20200416T135009_20240526T045941_0179_038_010_2340_MAR_R_NT_004.SEN3
034c1fa2-7f30-33fb-86ed-d6a65d30a132,S3B_OL_1_EFR____20240722T135529_20240722T135829_20240921T185840_0179_095_281_2340_MAR_R_NT_004.SEN3
397e14dd-7a88-3b8f-aa26-1e3a13add5f3,S3B_OL_1_EFR____20190304T135053_20190304T135353_20240525T084738_0179_022_338_2340_MAR_R_NT_004.SEN3
494f243d-14aa-387f-b8e1-296b47e8e62d,S3A_OL_1_EFR____20240326T153406_20240326T153706_20240920T121855_0180_110_282_2340_MAR_R_NT_004.SEN3
9efd43d6-4e3e-3f44-b087-7cb9d03b4e0c,S3B_OL_1_EFR____20240621T154010_20240621T154310_20240921T185657_0179_094_225_2340_MAR_R_NT_004.SEN3
52dd3af7-aa46-36f3-b980-8f8f10a4614d,S3B_OL_1_EFR____20200419T140936_20200419T141236_20240526T041640_0179_038_053_2340_MAR_R_NT_004.SEN3
c15289ed-0f99-3fa2-99ed-4c92258b99e2,S3B_OL_1_EFR____20200210T153616_20200210T153916_20240526T051326_0179_035_225_2160_MAR_R_NT_004.SEN3
e1f72968-74f2-3f15-b11b-281b763d82fb,S3A_OL_1_EFR____20180331T134954_20180331T135254_20240530T150538_0179_029_281_2160_MAR_R_NT_004.SEN3
2d43ea27-12b2-3444-9355-9d694f4a0f30,S3B_OL_1_EFR____20210111T152817_20210111T153117_20240526T201416_0180_048_011_2340_MAR_R_NT_004.SEN3
eece7c68-29fb-3c68-9c67-c8b1362a620b,S3A_OL_1_EFR____20191221T145715_20191221T150015_20240601T153135_0179_053_025_2160_MAR_R_NT_004.SEN3
b7ffd383-e423-3605-8c83-8b5742a2ea9e,S3B_OL_1_EFR____20180705T140341_20180705T140641_20240620T171750_0179_010_110_2340_MAR_R_NT_004.SEN3
407583e6-9df3-3408-826b-dc54e66ab2c9,S3B_OL_1_EFR____20190117T152420_20190117T152720_20240525T075614_0179_021_068_2340_MAR_R_NT_004.SEN3
b398d5c3-e1f5-353a-a12c-020ca51d7258,S3B_OL_1_EFR____20181209T153530_20181209T153830_20240621T091700_0179_019_282_2340_MAR_R_NT_004.SEN3
6a0c842c-1576-3ab6-89bb-3e1bca84dbb8,S3A_OL_1_EFR____20230414T153025_20230414T153325_20240606T031727_0179_097_339_2340_MAR_R_NT_004.SEN3
f29feac0-ba24-4cba-bfd1-2e60c2c4c1d3,S3A_OL_1_EFR____20251118T152342_20251118T152642_20251119T162340_0179_133_011_2160_PS1_O_NT_004.SEN3
36c08f1d-577e-3ded-a4b6-82906c55779c,S3A_OL_1_EFR____20240712T135007_20240712T135307_20240920T193635_0179_114_281_2160_MAR_R_NT_004.SEN3
1ad4909b-1c39-4354-b034-a3237b860cfe,S3A_OL_1_EFR____20251207T153108_20251207T153408_20251208T163439_0179_133_282_2160_PS1_O_NT_004.SEN3
c64f516a-389f-3fb4-b2a8-f94e8eccc13d,S3A_OL_1_EFR____20200112T152713_20200112T153013_20240601T172359_0179_053_339_2160_MAR_R_NT_004.SEN3
4ee432a6-b931-3f9e-86b2-893af2c2e0d6,S3B_OL_1_EFR____20201202T142143_20201202T142443_20240526T145045_0179_046_210_2160_MAR_R_NT_004.SEN3
4ddcd5cc-5e7a-36f7-a7cc-8fb6fc56981e,S3A_OL_1_EFR____20230425T154221_20230425T154521_20240606T032003_0179_098_111_2160_MAR_R_NT_004.SEN3
dd2efff6-fb90-35d4-8d65-96b43cebc71a,S3B_OL_1_EFR____20191226T134751_20191226T135051_20240525T230511_0180_033_338_2160_MAR_R_NT_004.SEN3
3cfe3719-da75-4c00-a526-70be994acb04,S3A_OL_1_EFR____20250620T140042_20250620T140342_20250621T145721_0179_127_167_2340_PS1_O_NT_004.SEN3
062ebb6c-d95f-3b35-8360-0f31d59e2e0a,S3A_OL_1_EFR____20230626T135350_20230626T135650_20240628T025057_0180_100_224_2160_MAR_R_NT_004.SEN3
dcb31412-2682-39d4-b579-e2b7adfcd2e2,S3A_OL_1_EFR____20240326T153106_20240326T153406_20240920T121837_0179_110_282_2160_MAR_R_NT_004.SEN3
ede6d74b-c9dd-36dd-8c6f-b21fe0f47893,S3A_OL_1_EFR____20200402T153017_20200402T153317_20240602T000240_0179_056_339_2340_MAR_R_NT_004.SEN3
0fb05948-a3c5-35e5-afa9-bca53befed59,S3A_OL_1_EFR____20240213T152251_20240213T152551_20240920T082515_0179_109_068_2340_MAR_R_NT_004.SEN3
3e16d570-31d3-3162-88a8-570174b32cee,S3B_OL_1_EFR____20210926T135839_20210926T140139_20240527T073432_0179_057_224_2340_MAR_R_NT_004.SEN3
13cd06d3-669b-3001-8785-2e3f9e64c6ae,S3A_OL_1_EFR____20210212T135350_20210212T135650_20240603T003446_0179_068_224_2160_MAR_R_NT_004.SEN3
d6561f93-ce3a-3de0-9d31-bda91f1b273b,S3B_OL_1_EFR____20201114T135104_20201114T135404_20240526T165105_0179_045_338_2340_MAR_R_NT_004.SEN3
a2171971-4d50-3056-b646-80a64d4bb1d1,S3B_OL_1_EFR____20220203T142529_20220203T142829_20240523T172705_0179_062_153_2160_MAR_R_NT_004.SEN3
2e92b1ed-44a1-37fb-bf4b-a6de45eb5668,S3B_OL_1_EFR____20181213T153145_20181213T153445_20240525T054211_0179_019_339_2340_MAR_R_NT_004.SEN3
2c5b12ee-d20b-3c0b-94b7-76f2de6470ae,S3A_OL_1_EFR____20230909T145252_20230909T145552_20240919T185141_0179_103_139_2340_MAR_R_NT_004.SEN3
e5c949d0-450f-3183-a847-e2a146f1ab6e,S3A_OL_1_EFR____20220126T151529_20220126T151829_20240604T204553_0179_081_182_2340_MAR_R_NT_004.SEN3
3012a44d-4cf0-3505-9171-c43a423b32aa,S3A_OL_1_EFR____20240511T140039_20240511T140339_20240920T145433_0179_112_167_2340_MAR_R_NT_004.SEN3
374a5169-908b-30fc-ad3b-e9c3b1c7aeca,S3A_OL_1_EFR____20210912T154134_20210912T154434_20240603T162310_0180_076_168_2340_MAR_R_NT_004.SEN3
b1c2e752-68c7-4560-8ec4-d9bb2675f901,S3B_OL_1_EFR____20240809T142909_20240809T143209_20240809T234901_0179_096_153_2340_PS2_O_NT_004.SEN3
233ae778-a145-34e5-81a8-ab3d2aa7f079,S3A_OL_1_EFR____20240426T134923_20240426T135223_20240920T125450_0179_111_338_2340_MAR_R_NT_004.SEN3
475c83ee-f10c-35cf-8f54-b45cbf33f938,S3A_OL_1_EFR____20210319T152716_20210319T153016_20240603T034237_0179_069_339_2160_MAR_R_NT_004.SEN3
2e8dbe03-8016-372d-b4c7-aae22c605a28,S3B_OL_1_EFR____20200211T151305_20200211T151605_20240526T024313_0179_035_239_2340_MAR_R_NT_004.SEN3
5e14521b-3106-33ad-afc6-99b77c2d40f5,S3B_OL_1_EFR____20220701T134820_20220701T135120_20240524T003618_0179_067_338_2160_MAR_R_NT_004.SEN3
f9d2ca00-1a70-45dc-a533-350edbce209c,S3B_OL_1_EFR____20250816T134428_20250816T134728_20250817T134104_0179_110_067_2340_ESA_O_NT_004.SEN3
796f96b3-3f31-43c9-bc3b-ddfd18d00e60,S3A_OL_1_EFR____20250625T150846_20250625T151146_20250626T155643_0179_127_239_2160_PS1_O_NT_004.SEN3
f4e872ef-8ac8-34bc-b058-cd89d43926f5,S3B_OL_1_EFR____20191121T135520_20191121T135820_20240525T225808_0180_032_224_2160_MAR_R_NT_004.SEN3
64565b33-ad5a-3ea1-b81c-8f5f5076a351,S3B_OL_1_EFR____20220411T134809_20220411T135109_20240523T201727_0180_064_338_2160_MAR_R_NT_004.SEN3
010c8bdd-580d-3d7a-83ed-2e5fe427d157,S3A_OL_1_EFR____20181106T134913_20181106T135213_20240531T094954_0179_037_338_2340_MAR_R_NT_004.SEN3
a9f28fcd-b59e-47b3-a71f-d49d2c77d37b,S3A_OL_1_EFR____20240727T140419_20240727T140719_20240728T142246_0179_115_110_2340_PS1_O_NT_004.SEN3
fc474433-c686-4a20-8128-34705d5682e9,S3B_OL_1_EFR____20240812T144834_20240812T145134_20240812T231156_0179_096_196_2160_PS2_O_NT_004.SEN3
f7383b06-c586-31b9-a2dd-87add9a9a249,S3A_OL_1_EFR____20210131T154602_20210131T154902_20240602T223837_0179_068_054_2160_MAR_R_NT_004.SEN3
974c7bab-7260-39ac-be3f-62bdba017913,S3B_OL_1_EFR____20190121T152035_20190121T152335_20240525T040058_0179_021_125_2340_MAR_R_NT_004.SEN3
1122bfa1-468a-37f9-85e9-eaac240555f7,S3A_OL_1_EFR____20191022T141527_20191022T141827_20240601T111936_0179_050_324_2340_MAR_R_NT_004.SEN3
bc68e3f3-d8be-30fd-bbfd-000c545b6a8f,S3A_OL_1_EFR____20240120T154217_20240120T154517_20240920T054022_0179_108_111_2160_MAR_R_NT_004.SEN3
1154e705-76b1-3d36-803d-7eb1a0767f75,S3B_OL_1_EFR____20230724T143239_20230724T143539_20240627T162125_0179_082_096_2340_MAR_R_NT_004.SEN3
8af2b949-7069-3181-92a6-ff975bf8ffda,S3A_OL_1_EFR____20230215T153103_20230215T153403_20240605T225204_0180_095_282_2160_MAR_R_NT_004.SEN3
60a0589a-32f0-3178-85ad-074a4632afdd,S3B_OL_1_EFR____20181214T150534_20181214T150834_20240525T023109_0179_019_353_2340_MAR_R_NT_004.SEN3
183ca3c3-200e-3a4a-a7ed-80c921a7a293,S3A_OL_1_EFR____20220425T150801_20220425T151101_20240605T030820_0179_084_296_2340_MAR_R_NT_004.SEN3
a937e671-e8f1-3d37-b030-ae8b0255474f,S3B_OL_1_EFR____20201009T142137_20201009T142437_20240526T153632_0179_044_210_2160_MAR_R_NT_004.SEN3
d79ce5cc-5ec4-3c4c-9a9c-08947c7ccb89,S3A_OL_1_EFR____20211013T153752_20211013T154052_20240603T235824_0179_077_225_2340_MAR_R_NT_004.SEN3
e6ed1cfb-e176-4a1f-ae1c-30d0e00ad17d,S3A_OL_1_EFR____20240927T135650_20240927T135950_20240928T141815_0179_117_224_2340_PS1_O_NT_004.SEN3
2d629f95-bb27-3684-8b64-1d9486fb1962,S3A_OL_1_EFR____20230913T144608_20230913T144908_20240919T192800_0179_103_196_2160_MAR_R_NT_004.SEN3
5e57a860-07fc-3ad8-965f-e3034321f879,S3B_OL_1_EFR____20250712T135156_20250712T135456_20250713T135302_0179_108_338_2340_ESA_O_NT_004.SEN3
351c827b-95b5-3612-97cf-30c4b13b59b1,S3A_OL_1_EFR____20200621T155330_20200621T155630_20240602T054944_0179_059_325_2160_MAR_R_NT_004.SEN3
db81c0d6-db1f-36f1-9956-bcfd87385290,S3A_OL_1_EFR____20210808T154604_20210808T154904_20240603T145122_0179_075_054_2160_MAR_R_NT_004.SEN3
0aadbeee-938a-3d8b-86b4-cedded33a438,S3B_OL_1_EFR____20210318T151404_20210318T151704_20240526T201303_0179_050_182_2160_MAR_R_NT_004.SEN3
b693e45b-ff22-3d36-8ad3-7d75c633cc2d,S3A_OL_1_EFR____20191003T140458_20191003T140758_20240601T091912_0180_050_053_2160_MAR_R_NT_004.SEN3
26648145-d6d3-3c83-8b66-b3db81e8c534,S3B_OL_1_EFR____20181010T152641_20181010T152941_20240621T011702_0179_013_339_2160_MAR_R_NT_004.SEN3
f47ef9b1-9ab9-30c3-9c89-1466d9a2693c,S3A_OL_1_EFR____20220829T153832_20220829T154132_20240605T125020_0179_089_168_2160_MAR_R_NT_004.SEN3
580d81da-8d73-306a-84fa-75c8ad7c689b,S3B_OL_1_EFR____20190117T152120_20190117T152420_20240525T075555_0179_021_068_2160_MAR_R_NT_004.SEN3
2d8b6705-bf50-35b3-9047-188905bb257f,S3B_OL_1_EFR____20220129T145525_20220129T145825_20240523T154220_0179_062_082_2160_MAR_R_NT_004.SEN3
eb3c58ba-0f31-30cf-8514-b2ada886e369,S3A_OL_1_EFR____20240720T152638_20240720T152938_20240920T191727_0179_115_011_2340_MAR_R_NT_004.SEN3
94222acc-eeda-353f-95b3-2a20bb541c5a,S3B_OL_1_EFR____20230317T151722_20230317T152022_20240527T183416_0179_077_182_2340_MAR_R_NT_004.SEN3
9de4e064-6744-3000-afc9-596f7f4c2157,S3B_OL_1_EFR____20181009T155252_20181009T155552_20240621T023151_0179_013_325_2160_MAR_R_NT_004.SEN3
4efa2c9f-75bf-3493-b5da-5f159027eb76,S3A_OL_1_EFR____20240620T150412_20240620T150712_20240920T171530_0179_113_353_2340_MAR_R_NT_004.SEN3
a1bd527e-c230-45d4-9b39-ef3a71b9ed90,S3A_OL_1_EFR____20241214T151517_20241214T151817_20241215T153835_0179_120_182_2340_PS1_O_NT_004.SEN3
68624a52-7b4d-3c1e-bf2d-f67681e0e567,S3B_OL_1_EFR____20250219T135612_20250219T135912_20250220T175043_0179_103_224_2160_ESA_O_NT_004.SEN3
18e95099-cd4e-3541-9fa8-970b959df47b,S3B_OL_1_EFR____20230501T154805_20230501T155105_20240527T183051_0179_079_054_2160_MAR_R_NT_004.SEN3
a3ce139b-6d0b-3b1e-9f32-38de5685a6dc,S3A_OL_1_EFR____20240113T152335_20240113T152635_20240920T050615_0179_108_011_2160_MAR_R_NT_004.SEN3
5ac962bd-bb96-399a-b3b6-6e2c522b3cc2,S3A_OL_1_EFR____20191125T143405_20191125T143705_20240601T142819_0179_052_039_2340_MAR_R_NT_004.SEN3
3eaa7850-445e-4a2a-adb5-5fe6a5c7c7f9,S3A_OL_1_EFR____20241122T144225_20241122T144525_20241123T150855_0179_119_253_2160_PS1_O_NT_004.SEN3
0a23de57-b256-3190-831d-9f39a48b5842,S3A_OL_1_EFR____20220420T153456_20220420T153756_20240605T033736_0179_084_225_2160_MAR_R_NT_004.SEN3
3b2ea9dd-ba8a-376e-8d4f-3b2b661f33d3,S3A_OL_1_EFR____20191216T134911_20191216T135211_20240601T152227_0179_052_338_2340_MAR_R_NT_004.SEN3
9ac6eabd-a8a1-352e-a7eb-103f98e321e2,S3A_OL_1_EFR____20240611T135355_20240611T135655_20240920T155813_0179_113_224_2160_MAR_R_NT_004.SEN3
6ef8f1e7-4f76-32d9-aceb-2051569ed739,S3A_OL_1_EFR____20200727T151950_20200727T152250_20240602T072922_0179_061_068_2160_MAR_R_NT_004.SEN3
5574e998-df7c-389c-80c6-43fc46eaf307,S3A_OL_1_EFR____20230923T134617_20230923T134917_20240919T202706_0179_103_338_2160_MAR_R_NT_004.SEN3
b4a8eda0-72d0-3201-b68b-2278960fb07f,S3B_OL_1_EFR____20230106T135120_20230106T135420_20240527T163653_0179_074_338_2340_MAR_R_NT_004.SEN3
454748b3-e3f7-32c6-bc0d-70fa3b8539d4,S3B_OL_1_EFR____20201017T141411_20201017T141711_20240526T133030_0179_044_324_2160_MAR_R_NT_004.SEN3
4ea20312-e520-365b-9b35-6a010e58c514,S3B_OL_1_EFR____20230509T154336_20230509T154636_20240527T215724_0179_079_168_2340_MAR_R_NT_004.SEN3
040c9947-48ad-35a7-8cf2-1fa830be7563,S3B_OL_1_EFR____20210613T141805_20210613T142105_20240527T013630_0180_053_267_2160_MAR_R_NT_004.SEN3
7e0f5144-cb33-34b8-b08b-0f974956aa08,S3B_OL_1_EFR____20180807T144531_20180807T144831_20240620T193033_0179_011_196_2160_MAR_R_NT_004.SEN3
1b6fd057-a45c-3a81-b35c-0a5858d6cc6c,S3B_OL_1_EFR____20220716T154335_20220716T154635_20240524T003347_0179_068_168_2340_MAR_R_NT_004.SEN3
f01905bb-3daa-37ac-90ce-dadf53f9d909,S3A_OL_1_EFR____20240425T155333_20240425T155633_20240920T142853_0179_111_325_2160_MAR_R_NT_004.SEN3
484baed2-2b33-3901-a62f-4c00b8a28d1f,S3B_OL_1_EFR____20210209T143552_20210209T143852_20240526T182420_0179_049_039_2340_MAR_R_NT_004.SEN3
7a690339-ab5b-4828-b1f8-7f56f577c8f5,S3A_OL_1_EFR____20251019T150117_20251019T150417_20251020T160006_0179_131_353_2160_PS1_O_NT_004.SEN3
77b05cd2-9460-31d8-9096-02c1b0786397,S3A_OL_1_EFR____20221109T143413_20221109T143713_20240605T155814_0179_092_039_2340_MAR_R_NT_004.SEN3
0f7ee33f-dc15-3bb3-9f37-2268af96286e,S3A_OL_1_EFR____20200626T152335_20200626T152635_20240602T053814_0179_060_011_2160_MAR_R_NT_004.SEN3
d473f93b-6461-412b-9db3-21dc615a18d2,S3A_OL_1_EFR____20240831T135646_20240831T135946_20240901T141701_0179_116_224_2340_PS1_O_NT_004.SEN3
467110e7-8c4d-325a-bb49-7f971ef2a731,S3B_OL_1_EFR____20210707T153640_20210707T153940_20240527T061205_0179_054_225_2160_MAR_R_NT_004.SEN3
c550fa3e-6f6e-384c-8250-3e3b8efb043c,S3B_OL_1_EFR____20220207T142145_20220207T142445_20240523T155805_0179_062_210_2160_MAR_R_NT_004.SEN3
a675efc1-3316-353c-8576-11afaa1e997c,S3A_OL_1_EFR____20210816T135736_20210816T140036_20240603T145146_0179_075_167_2160_MAR_R_NT_004.SEN3
fa5ff661-fe15-3c68-8bb5-a2f400f322bf,S3A_OL_1_EFR____20180821T152323_20180821T152623_20240531T032955_0179_035_011_2160_MAR_R_NT_004.SEN3
7554fe29-b202-309d-9238-e038d229b679,S3B_OL_1_EFR____20201127T145139_20201127T145439_20240526T153746_0179_046_139_2160_MAR_R_NT_004.SEN3
49b98048-3805-3110-b2d4-d2f3df74dc1b,S3B_OL_1_EFR____20200917T135145_20200917T135445_20240526T121230_0179_043_281_2160_MAR_R_NT_004.SEN3
c84c6896-10ea-3dec-b879-70196b4e6566,S3B_OL_1_EFR____20220628T150952_20220628T151252_20240524T013752_0180_067_296_2340_MAR_R_NT_004.SEN3
c3ce0994-410e-36d2-84ef-a069d0dde4b2,S3B_OL_1_EFR____20211111T154706_20211111T155006_20240527T105059_0179_059_111_2340_MAR_R_NT_004.SEN3
2565e579-ce02-35a6-bcc9-e1e46492cdc3,S3A_OL_1_EFR____20191111T135643_20191111T135943_20240601T132238_0179_051_224_2340_MAR_R_NT_004.SEN3
7113e008-8f63-48d9-99d5-db6a591e03d0,S3A_OL_1_EFR____20250105T154216_20250105T154516_20250106T160551_0180_121_111_2160_PS1_O_NT_004.SEN3
c54c777f-cf8c-3c20-89b3-f73a5156f3a1,S3A_OL_1_EFR____20221227T134918_20221227T135218_20240605T190451_0179_093_338_2340_MAR_R_NT_004.SEN3
ca452260-cd3d-32ec-8780-d66b0fe13d81,S3A_OL_1_EFR____20211229T153835_20211229T154135_20240604T072054_0179_080_168_2160_MAR_R_NT_004.SEN3
eab7b986-4efc-41a2-8a9a-22f65ff97c72,S3A_OL_1_EFR____20250113T135350_20250113T135650_20250114T141920_0179_121_224_2160_PS1_O_NT_004.SEN3
8935d17f-88fa-3206-8c4f-da7dd99f894b,S3A_OL_1_EFR____20181013T154939_20181013T155239_20240531T072349_0179_036_382_2160_MAR_R_NT_004.SEN3
73037f33-1fbd-3626-9cc6-b32a6f86db1a,S3B_OL_1_EFR____20180808T142219_20180808T142519_20240620T204525_0179_011_210_2340_MAR_R_NT_004.SEN3
71343542-cec2-3529-af8b-db65f9eaf531,S3A_OL_1_EFR____20190226T134227_20190226T134527_20240531T172325_0179_042_010_2160_MAR_R_NT_004.SEN3
be846939-2322-328b-8a3b-521deb9091fc,S3B_OL_1_EFR____20180905T135306_20180905T135606_20240620T221916_0179_012_224_2160_MAR_R_NT_004.SEN3
7e61c79f-71c1-3912-9c53-f40acaa4bdf1,S3B_OL_1_EFR____20220308T151325_20220308T151625_20240523T175927_0180_063_239_2340_MAR_R_NT_004.SEN3
120dccd5-3f8e-32f3-bbc0-f4556b26a3c7,S3A_OL_1_EFR____20240205T134921_20240205T135221_20240920T063017_0179_108_338_2340_MAR_R_NT_004.SEN3
e22e56d8-f0e4-3b88-9793-4f3e3c99bb68,S3A_OL_1_EFR____20190830T153011_20190830T153311_20240601T071023_0179_048_339_2340_MAR_R_NT_004.SEN3
f1ce7604-c544-38a3-87c2-f4e83a885068,S3A_OL_1_EFR____20200220T151600_20200220T151900_20240619T184314_0179_055_125_2160_MAR_R_NT_004.SEN3
ab52973c-85b2-3182-b560-48290aa8fb96,S3B_OL_1_EFR____20190220T154003_20190220T154303_20240525T054345_0179_022_168_2160_MAR_R_NT_004.SEN3
16b8f6f9-41aa-39b8-b344-3d68827afa76,S3B_OL_1_EFR____20221105T153651_20221105T153951_20240524T074136_0179_072_225_2160_MAR_R_NT_004.SEN3
665d105c-c41a-3455-933a-d57fa573b98c,S3A_OL_1_EFR____20220529T152342_20220529T152642_20240605T060439_0179_086_011_2160_MAR_R_NT_004.SEN3
0ca6b023-ba74-39f0-874f-1eda3c096bc6,S3A_OL_1_EFR____20180323T135721_20180323T140021_20240530T150616_0179_029_167_2160_MAR_R_NT_004.SEN3
1f639311-125b-3416-ad47-0519d4ee218c,S3B_OL_1_EFR____20210103T135147_20210103T135447_20240526T160424_0179_047_281_2160_MAR_R_NT_004.SEN3
429d3aee-d3ea-3fc6-9382-ca8569158541,S3A_OL_1_EFR____20190514T153018_20190514T153318_20240531T222317_0179_044_339_2340_MAR_R_NT_004.SEN3
896b3278-bc7b-4c87-8dd7-33719b4f4d57,S3A_OL_1_EFR____20241118T144610_20241118T144910_20241119T150933_0179_119_196_2160_PS1_O_NT_004.SEN3
1c087142-36e7-3018-a2c2-5be038359030,S3A_OL_1_EFR____20180126T145245_20180126T145545_20240530T090513_0179_027_139_2340_MAR_R_NT_004.SEN3
d8e10383-3336-317e-85e5-a5940208ff4b,S3B_OL_1_EFR____20210830T135542_20210830T135842_20240527T045025_0179_056_224_2160_MAR_R_NT_004.SEN3
e4ee0d01-e8dd-4e7f-8e4d-938c09a54a5e,S3A_OL_1_EFR____20241010T145725_20241010T150025_20241011T152156_0179_118_025_2160_PS1_O_NT_004.SEN3
5111ad94-e8fa-3145-abe5-95f6c4d8f293,S3B_OL_1_EFR____20190112T155115_20190112T155415_20240525T040010_0179_020_382_2160_MAR_R_NT_004.SEN3
09f8b10c-d4b2-32c0-a88f-a1b276795ddc,S3A_OL_1_EFR____20231023T154944_20231023T155244_20240919T225423_0179_104_382_2160_MAR_R_NT_004.SEN3
da6a6e59-37d9-4cdc-b7d4-cc04fa82edb0,S3A_OL_1_EFR____20240818T143412_20240818T143712_20240819T145501_0179_116_039_2340_PS1_O_NT_004.SEN3
721d3ff5-e9db-3e26-966b-aaa5bf04a730,S3A_OL_1_EFR____20230919T135302_20230919T135602_20240919T200632_0179_103_281_2340_MAR_R_NT_004.SEN3
2f9540f9-5ed7-3f80-8ba6-28815500fa2d,S3B_OL_1_EFR____20250527T134421_20250527T134721_20250528T144312_0179_107_067_2340_ESA_O_NT_004.SEN3
fa0372e0-ddb0-3d0e-8a06-531b63ec9d89,S3B_OL_1_EFR____20221202T153651_20221202T153951_20240524T093408_0179_073_225_2160_MAR_R_NT_004.SEN3
eba2fade-519d-3556-b23c-50f939c69deb,S3B_OL_1_EFR____20230510T151725_20230510T152025_20240527T182949_0179_079_182_2340_MAR_R_NT_004.SEN3
514a2c15-61cc-3181-b86b-250b1e74d2bb,S3A_OL_1_EFR____20240531T151956_20240531T152256_20240920T150640_0179_113_068_2160_MAR_R_NT_004.SEN3
264350cb-95b8-3c28-8058-632b16ed616a,S3A_OL_1_EFR____20220613T135654_20220613T135954_20240605T060640_0179_086_224_2340_MAR_R_NT_004.SEN3
f78a624e-c324-36e1-b09f-605193edd771,S3A_OL_1_EFR____20240627T152256_20240627T152556_20240920T181411_0179_114_068_2340_MAR_R_NT_004.SEN3
28fecb80-514e-4f3d-965a-f5f6da2a19cd,S3A_OL_1_EFR____20250327T140119_20250327T140419_20250328T144742_0179_124_110_2160_PS1_O_NT_004.SEN3
feb4164c-090f-336a-858f-22374f3508af,S3A_OL_1_EFR____20191005T145635_20191005T145935_20240601T102625_0179_050_082_2340_MAR_R_NT_004.SEN3
6536fdc8-20b2-34f0-9136-8523d07af6e0,S3A_OL_1_EFR____20221220T150835_20221220T151135_20240605T184042_0179_093_239_2160_MAR_R_NT_004.SEN3
c3c21320-36f4-31e0-9275-d960b0b1f751,S3A_OL_1_EFR____20190726T153444_20190726T153744_20240601T030206_0179_047_225_2160_MAR_R_NT_004.SEN3
efee1f65-17d2-350d-a14f-2b6c1705a4f0,S3B_OL_1_EFR____20220322T154749_20220322T155049_20240523T193135_0179_064_054_2160_MAR_R_NT_004.SEN3
f97ec0e4-9c70-303d-8f65-d90963d19fbe,S3A_OL_1_EFR____20230801T150104_20230801T150404_20240919T155955_0180_101_353_2160_MAR_R_NT_004.SEN3
94175551-798f-31fc-b8ec-2aa6353b7c4b,S3B_OL_1_EFR____20230702T154042_20230702T154342_20240627T154101_0179_081_168_2160_MAR_R_NT_004.SEN3
3ef98e20-5d85-38b7-90b9-2e013aa5b4fe,S3B_OL_1_EFR____20200606T150248_20200606T150548_20240526T073734_0180_039_353_2160_MAR_R_NT_004.SEN3
62779d4d-671c-3f74-909d-e60f59ed0b96,S3B_OL_1_EFR____20180731T142950_20180731T143250_20240620T183006_0179_011_096_2340_MAR_R_NT_004.SEN3
ef46aa74-1ac3-35a9-ab44-c80116df2f9b,S3B_OL_1_EFR____20200416T152509_20200416T152808_20240526T060809_0179_038_011_2160_MAR_R_NT_004.SEN3
6e339a2a-20e2-3fad-82bd-87c866139234,S3A_OL_1_EFR____20220818T134535_20220818T134835_20240605T115905_0179_089_010_2340_MAR_R_NT_004.SEN3
57646510-b8c2-363b-8278-f9dd7c3e17e9,S3A_OL_1_EFR____20240326T135007_20240326T135307_20240920T114457_0179_110_281_2160_MAR_R_NT_004.SEN3
4a40eb81-b1d6-3b9d-abaf-f5981b8011b4,S3B_OL_1_EFR____20211020T151707_20211020T152007_20240527T074138_0179_058_182_2340_MAR_R_NT_004.SEN3
34c3f704-dc06-3715-aff7-cbfa2faa507c,S3B_OL_1_EFR____20190201T135134_20190201T135434_20240525T040206_0180_021_281_2160_MAR_R_NT_004.SEN3
7f22f366-25eb-41e3-93b3-2eb409434c99,S3B_OL_1_EFR____20241231T153626_20241231T153926_20250101T081547_0179_101_282_2340_PS2_O_NT_004.SEN3
9c619723-bfad-3104-8a1e-78ea1fdfcef6,S3A_OL_1_EFR____20230711T154600_20230711T154900_20240628T032426_0180_101_054_2160_MAR_R_NT_004.SEN3
ca426446-0edf-3828-8baf-2f69306799a6,S3B_OL_1_EFR____20220920T135119_20220920T135419_20240524T043604_0179_070_338_2340_MAR_R_NT_004.SEN3
2298c405-9383-3c32-93c6-c51d828ced59,S3B_OL_1_EFR____20210103T153546_20210103T153846_20240526T170702_0179_047_282_2340_MAR_R_NT_004.SEN3
5b25b994-7d86-4330-92e5-142939044128,S3A_OL_1_EFR____20250101T154559_20250101T154859_20250102T161055_0180_121_054_2160_PS1_O_NT_004.SEN3
d2b63230-42c3-48e8-9342-e5fd8e7245d2,S3A_OL_1_EFR____20250811T145002_20250811T145302_20250812T153930_0180_129_139_2160_PS1_O_NT_004.SEN3
411f4f43-b462-36fd-9b1c-705dc09f0d9a,S3B_OL_1_EFR____20230313T152107_20230313T152407_20240527T163836_0179_077_125_2340_MAR_R_NT_004.SEN3
240235d5-b9e3-36c1-965f-23566b4a4ce2,S3A_OL_1_EFR____20221207T140759_20221207T141059_20240605T180719_0179_093_053_2340_MAR_R_NT_004.SEN3
c658744d-f802-375f-98cf-49a878cf5c01,S3B_OL_1_EFR____20230331T155145_20230331T155445_20240527T184214_0179_077_382_2160_MAR_R_NT_004.SEN3
d766f92a-c694-4e80-b507-c3950b263410,S3B_OL_1_EFR____20250116T151827_20250116T152127_20250117T080024_0179_102_125_2160_PS2_O_NT_004.SEN3
f3755b9d-85e5-432f-af35-4ecf539abbcb,S3A_OL_1_EFR____20250404T135352_20250404T135652_20250405T143859_0179_124_224_2160_PS1_O_NT_004.SEN3
b09cf38a-a0ec-3f30-93fd-c773df4d6306,S3B_OL_1_EFR____20250315T151745_20250315T152045_20250316T162706_0180_104_182_2340_ESA_O_NT_004.SEN3
baed83b5-d86e-3bea-80b3-95f99777db8c,S3A_OL_1_EFR____20210608T134926_20210608T135226_20240603T084953_0179_072_338_2340_MAR_R_NT_004.SEN3
8de91aab-810d-3da1-8351-5459e1698232,S3A_OL_1_EFR____20220810T135306_20220810T135606_20240605T120138_0179_088_281_2340_MAR_R_NT_004.SEN3
196b939d-a5f5-4981-81c1-ba99b8205726,S3B_OL_1_EFR____20250812T134512_20250812T134812_20250813T150228_0179_110_010_2160_ESA_O_NT_004.SEN3
69fe1b70-c124-3547-843a-6c51fa402884,S3A_OL_1_EFR____20200719T134920_20200719T135220_20240602T074949_0179_060_338_2340_MAR_R_NT_004.SEN3
b0991112-f87d-409d-9a77-e388e5c9752f,S3A_OL_1_EFR____20250620T135742_20250620T140042_20250621T145719_0180_127_167_2160_PS1_O_NT_004.SEN3
82012911-b6d8-3100-8cea-09e799245628,S3B_OL_1_EFR____20180519T135038_20180519T135338_20240620T113045_0179_003_195_2160_MAR_R_NT_004.SEN3
2342ff77-76e2-3b9e-b81b-3421af3be264,S3A_OL_1_EFR____20191011T135729_20191011T140029_20240601T094017_0179_050_167_2160_MAR_R_NT_004.SEN3
46d98668-2f32-3a20-a507-861b10fd4347,S3A_OL_1_EFR____20211203T151523_20211203T151823_20240604T061954_0179_079_182_2340_MAR_R_NT_004.SEN3
03416c2b-93d3-411c-9b46-b385c94f3326,S3B_OL_1_EFR____20250123T135608_20250123T135908_20250123T215752_0179_102_224_2160_PS2_O_NT_004.SEN3
72dd1b0f-a711-3079-a70f-9ad733aa32af,S3A_OL_1_EFR____20230306T135733_20230306T140033_20240606T001701_0179_096_167_2160_MAR_R_NT_004.SEN3
b0394f52-4434-3e32-91e0-9e8a3fec2368,S3A_OL_1_EFR____20230522T154521_20230522T154821_20240606T060434_0179_099_111_2340_MAR_R_NT_004.SEN3
ed8820e0-f876-3fd1-98a2-a3da70aadc1c,S3B_OL_1_EFR____20190905T153234_20190905T153534_20240525T191111_0179_029_282_2160_MAR_R_NT_004.SEN3
a858da3c-3a53-3bcb-81da-212fcb741ac9,S3B_OL_1_EFR____20211115T154322_20211115T154622_20240527T121354_0179_059_168_2340_MAR_R_NT_004.SEN3
30739947-a4d2-33d9-b743-5197eb47474b,S3A_OL_1_EFR____20210315T135001_20210315T135301_20240603T032527_0179_069_281_2160_MAR_R_NT_004.SEN3
6c17b3bf-0404-49e1-91d9-a43c74604354,S3B_OL_1_EFR____20241210T144021_20241210T144321_20241210T231339_0179_100_367_2340_PS2_O_NT_004.SEN3
efaf17d1-a042-3f13-be29-192e3327c219,S3B_OL_1_EFR____20230613T153312_20230613T153612_20240627T160555_0179_080_282_2160_MAR_R_NT_004.SEN3
fc7c337c-6e4b-3d17-9618-1058ae9295b7,S3B_OL_1_EFR____20200114T135519_20200114T135819_20240526T004645_0179_034_224_2160_MAR_R_NT_004.SEN3
17af6737-f5c1-33d9-acd0-32e7ede8701c,S3A_OL_1_EFR____20190930T134531_20190930T134831_20240601T092413_0179_050_010_2340_MAR_R_NT_004.SEN3
1dcc654d-bf71-32ec-8334-1596bf35a82b,S3A_OL_1_EFR____20191110T142254_20191110T142554_20240601T125535_0179_051_210_2340_MAR_R_NT_004.SEN3
b9aebea4-cb66-4809-9b96-52b00cc73545,S3B_OL_1_EFR____20241126T140259_20241126T140559_20241126T221507_0179_100_167_2340_PS2_O_NT_004.SEN3
be9425a6-80e8-339f-a7f0-a77ede6a5e85,S3A_OL_1_EFR____20181121T153824_20181121T154124_20240531T101553_0179_038_168_2160_MAR_R_NT_004.SEN3
ab3ce5a3-c363-30ca-91ec-0f57c065be3e,S3A_OL_1_EFR____20200610T154133_20200610T154433_20240602T043144_0180_059_168_2340_MAR_R_NT_004.SEN3
7ddf426d-a9c9-3035-a715-e416b192a688,S3B_OL_1_EFR____20220924T152533_20220924T152833_20240524T054908_0179_071_011_2160_MAR_R_NT_004.SEN3
d9982853-f89d-3d39-a588-9898131489bd,S3B_OL_1_EFR____20201120T143557_20201120T143857_20240526T150836_0180_046_039_2340_MAR_R_NT_004.SEN3
8f7bd875-2b91-37ce-bb3e-d3b24d967ceb,S3B_OL_1_EFR____20211031T134808_20211031T135108_20240527T080359_0179_058_338_2160_MAR_R_NT_004.SEN3
b2a4f617-7121-48df-8e37-aa38a3b74906,S3A_OL_1_EFR____20240809T150453_20240809T150753_20240810T152655_0179_115_296_2160_PS1_O_NT_004.SEN3
26271f51-05d9-3530-b6d8-c71add0d83a0,S3B_OL_1_EFR____20180712T141923_20180712T142223_20240620T175705_0179_010_210_2160_MAR_R_NT_004.SEN3
4aa64e57-439d-390e-b150-0fa7c13cced5,S3A_OL_1_EFR____20230826T141525_20230826T141825_20240919T155747_0179_102_324_2340_MAR_R_NT_004.SEN3
7e20bc20-7968-32de-8c43-fdc1a3f55028,S3A_OL_1_EFR____20221105T143758_20221105T144058_20240605T155049_0179_091_367_2340_MAR_R_NT_004.SEN3
5276a830-a805-3535-a982-674015899d49,S3A_OL_1_EFR____20201204T140840_20201204T141140_20240602T181409_0179_065_381_2160_MAR_R_NT_004.SEN3
bbf0c868-6936-3cfb-a09a-d2963f8d70d3,S3A_OL_1_EFR____20220324T135654_20220324T135954_20240605T015425_0179_083_224_2340_MAR_R_NT_004.SEN3
20d2e1c1-9e87-3734-8b81-cde55bc1fec7,S3B_OL_1_EFR____20250310T154441_20250310T154741_20250311T163430_0179_104_111_2160_ESA_O_NT_004.SEN3
338c16ea-6bc3-4125-bf06-6dee20847b46,S3A_OL_1_EFR____20251119T145731_20251119T150031_20251120T155810_0179_133_025_2160_PS1_O_NT_004.SEN3
d956b05b-76f4-3a21-a2a7-6f381b4c0c78,S3A_OL_1_EFR____20240318T153833_20240318T154133_20240920T094958_0179_110_168_2160_MAR_R_NT_004.SEN3
0a5dd723-51d5-3bde-a764-69dac2472518,S3B_OL_1_EFR____20200206T154000_20200206T154300_20240526T030317_0179_035_168_2160_MAR_R_NT_004.SEN3
8ccab653-0aa9-48fa-b8a8-c77ec8221b30,S3A_OL_1_EFR____20250304T140034_20250304T140334_20250305T144739_0179_123_167_2340_PS1_O_NT_004.SEN3
04e6649b-bf7a-37fe-a8f8-8d99da55dcfd,S3A_OL_1_EFR____20190525T154215_20190525T154515_20240531T222250_0179_045_111_2160_MAR_R_NT_004.SEN3
2d1c3d0c-a8d7-3533-b131-8527ecec78b8,S3A_OL_1_EFR____20190903T152627_20190903T152927_20240601T060823_0179_049_011_2340_MAR_R_NT_004.SEN3
b0194173-0dec-31bb-8f08-97753948c9ad,S3A_OL_1_EFR____20240531T152256_20240531T152556_20240920T150700_0179_113_068_2340_MAR_R_NT_004.SEN3
a19d6bd9-66c5-33ed-816b-37e39751a8db,S3B_OL_1_EFR____20191227T150539_20191227T150839_20240525T230135_0179_033_353_2340_MAR_R_NT_004.SEN3
513a03bd-4a21-39d5-823f-5beea418132e,S3B_OL_1_EFR____20240305T153700_20240305T154000_20240921T114550_0179_090_225_2160_MAR_R_NT_004.SEN3
8444ec14-38ed-3eb4-bc82-725de7105524,S3B_OL_1_EFR____20201222T154359_20201222T154659_20240526T182539_0179_047_111_2160_MAR_R_NT_004.SEN3
289f7b43-4add-3451-a51f-7d39a2ff12f5,S3A_OL_1_EFR____20191107T140028_20191107T140328_20240601T115510_0179_051_167_2340_MAR_R_NT_004.SEN3
d2d6d9d0-7103-3c94-b1ec-43c74bb1874d,S3A_OL_1_EFR____20221121T142257_20221121T142557_20240605T170901_0179_092_210_2340_MAR_R_NT_004.SEN3
9177a11d-b5dc-3b48-b6ed-9496e540015e,S3B_OL_1_EFR____20240625T153327_20240625T153627_20240921T171229_0179_094_282_2160_MAR_R_NT_004.SEN3
b7099719-44f2-3b6a-89e9-2701b238538f,S3B_OL_1_EFR____20210822T154711_20210822T155011_20240527T075656_0179_056_111_2340_MAR_R_NT_004.SEN3
d493c711-ed88-3a4d-99f6-049092cfb3e4,S3A_OL_1_EFR____20231128T151900_20231128T152200_20240920T014759_0180_106_125_2340_MAR_R_NT_004.SEN3
bd1edbbf-25ab-387c-8d96-ce0022bc821f,S3A_OL_1_EFR____20230223T134235_20230223T134535_20240605T225238_0179_096_010_2160_MAR_R_NT_004.SEN3
62b7df26-4569-32ab-b3e1-adb134a7a90f,S3B_OL_1_EFR____20240517T154435_20240517T154735_20240921T145328_0179_093_111_2160_MAR_R_NT_004.SEN3
55e6909f-be2c-30b5-879e-5584c68cf07f,S3B_OL_1_EFR____20200605T152859_20200605T153159_20240526T101111_0179_039_339_2160_MAR_R_NT_004.SEN3
6d2bdbaf-602e-36c8-9224-5e19f4aa51b6,S3B_OL_1_EFR____20230629T152114_20230629T152414_20240627T160104_0179_081_125_2340_MAR_R_NT_004.SEN3
96ae904a-7f5c-3b8d-a04d-decb61510a12,S3A_OL_1_EFR____20180917T134226_20180917T134526_20240531T061656_0180_036_010_2160_MAR_R_NT_004.SEN3
264bea3d-c70c-341c-bbc4-68f2e01e8408,S3A_OL_1_EFR____20210709T134242_20210709T134542_20240603T114245_0179_074_010_2160_MAR_R_NT_004.SEN3
02dbd17d-b048-3647-8e63-dac277b96750,S3B_OL_1_EFR____20230725T140628_20230725T140928_20240627T190951_0180_082_110_2340_MAR_R_NT_004.SEN3
69214de0-4d79-3b55-b9e2-8ba586d06ca8,S3B_OL_1_EFR____20181109T152800_20181109T153100_20240621T041650_0179_016_382_2340_MAR_R_NT_004.SEN3
894b5940-4a59-3706-a2a2-bc63c6185d97,S3B_OL_1_EFR____20181120T134728_20181120T134752_20240621T074322_0024_017_153_2340_MAR_R_NT_004.SEN3
e47c0e7f-9be9-321e-9ad9-6a6d0c59a5d8,S3B_OL_1_EFR____20240507T150627_20240507T150927_20240921T150031_0179_092_353_2340_MAR_R_NT_004.SEN3
ad2463ed-a103-4f4b-b010-adb0dc9e25d7,S3B_OL_1_EFR____20240808T145220_20240808T145520_20240808T232838_0179_096_139_2160_PS2_O_NT_004.SEN3
98129c3c-5e00-3d40-bf45-acd05c674f70,S3A_OL_1_EFR____20210624T151528_20210624T151828_20240603T110819_0179_073_182_2340_MAR_R_NT_004.SEN3
928f306e-42ef-3603-939b-e7e97023f02a,S3A_OL_1_EFR____20200615T151137_20200615T151437_20240602T053257_0179_059_239_2340_MAR_R_NT_004.SEN3
8e6fb77f-d8fd-3f8b-97e7-053baa1de14c,S3A_OL_1_EFR____20240209T152336_20240209T152636_20240920T073934_0179_109_011_2160_MAR_R_NT_004.SEN3
6e809525-774b-342d-a490-aaf905543652,S3A_OL_1_EFR____20231008T140031_20231008T140331_20240919T214520_0179_104_167_2340_MAR_R_NT_004.SEN3
4edaa578-59ac-3993-8757-fca5c2b92824,S3A_OL_1_EFR____20190911T151859_20190911T152159_20240601T081752_0179_049_125_2340_MAR_R_NT_004.SEN3
de9e1341-64fd-3fb3-8e31-558c2c67be09,S3A_OL_1_EFR____20180816T155319_20180816T155619_20240531T033706_0179_034_325_2160_MAR_R_NT_004.SEN3
b2a867b6-6049-3cc2-b21d-746e5cc4ba49,S3A_OL_1_EFR____20190114T154123_20190114T154423_20240531T143345_0179_040_168_2340_MAR_R_NT_004.SEN3
3f9611e3-2d23-3944-8abd-19ba56ea635e,S3A_OL_1_EFR____20180423T135641_20180423T135941_20240530T170321_0179_030_224_2340_MAR_R_NT_004.SEN3
5f0579f0-3c2e-3575-808a-2786b952cc46,S3A_OL_1_EFR____20220405T152341_20220405T152641_20240605T022006_0179_084_011_2160_MAR_R_NT_004.SEN3
400e8a54-0c97-3033-8c4e-d27ac3f0c6f7,S3B_OL_1_EFR____20240328T140242_20240328T140542_20240921T132529_0180_091_167_2340_MAR_R_NT_004.SEN3
ea7e89eb-b01a-49ca-95e6-2646c6d281f7,S3B_OL_1_EFR____20250810T143734_20250810T144034_20250811T144004_0179_109_367_2160_ESA_O_NT_004.SEN3
6a2dfa71-fcdc-3ac7-ac3b-d6ec4e32d055,S3A_OL_1_EFR____20221029T141916_20221029T142216_20240605T154530_0179_091_267_2340_MAR_R_NT_004.SEN3
4126f1d4-4b56-3b4f-9c31-e3b2914cc3c1,S3B_OL_1_EFR____20191109T154732_20191109T155032_20240525T210846_0179_032_054_2160_MAR_R_NT_004.SEN3
e8929302-96bc-30e2-989e-68f7ef9248f7,S3A_OL_1_EFR____20210127T154947_20210127T155247_20240602T233455_0180_067_382_2160_MAR_R_NT_004.SEN3
a4d42f4f-6d4a-38f7-a62d-5cff53f2af57,S3A_OL_1_EFR____20221026T135350_20221026T135650_20240605T154006_0179_091_224_2160_MAR_R_NT_004.SEN3
cf8aa165-cc8b-344e-9e91-e62ba745618c,S3A_OL_1_EFR____20240607T140040_20240607T140340_20240920T174831_0179_113_167_2340_MAR_R_NT_004.SEN3
2544a846-e525-4936-92f9-b39be01787f2,S3A_OL_1_EFR____20241126T144140_20241126T144440_20241127T151110_0179_119_310_2340_PS1_O_NT_004.SEN3
d92946de-e23c-43ba-922f-8057ecdbd0ca,S3A_OL_1_EFR____20250917T153409_20250917T153709_20250918T162902_0179_130_282_2340_PS1_O_NT_004.SEN3
1e00dd6b-a92b-3d29-af27-1e4eadda1bb6,S3A_OL_1_EFR____20210713T152257_20210713T152557_20240603T114516_0179_074_068_2340_MAR_R_NT_004.SEN3
120d2fe0-dd67-37f6-8aff-a2beea6b5a70,S3A_OL_1_EFR____20230719T140032_20230719T140332_20240628T045651_0180_101_167_2340_MAR_R_NT_004.SEN3
88587083-7410-348b-b5f4-54f1c31bb1b6,S3A_OL_1_EFR____20240228T135304_20240228T135604_20240920T082511_0179_109_281_2340_MAR_R_NT_004.SEN3
c8222d22-ff24-3f29-bd66-bf22339179ba,S3B_OL_1_EFR____20210526T134422_20210526T134722_20240527T034355_0179_053_010_2160_MAR_R_NT_004.SEN3
2ffb7e71-864c-3fb5-9aa7-6dfb6aa0451c,S3A_OL_1_EFR____20240712T153407_20240712T153707_20240920T201145_0179_114_282_2340_MAR_R_NT_004.SEN3
ee0712af-22ff-3062-849f-4cdaca27016a,S3A_OL_1_EFR____20200831T151517_20200831T151817_20240602T111129_0179_062_182_2340_MAR_R_NT_004.SEN3
ddfa4ae1-b580-3d85-9caf-02ba78e7e672,S3A_OL_1_EFR____20221107T152635_20221107T152935_20240605T155129_0179_092_011_2340_MAR_R_NT_004.SEN3
34ddbbd3-c33c-3654-9e50-791520e3b058,S3A_OL_1_EFR____20210201T152251_20210201T152551_20240602T224014_0179_068_068_2340_MAR_R_NT_004.SEN3
2dde433a-3c47-31d9-8019-707c3320f1f9,S3A_OL_1_EFR____20210928T152338_20210928T152638_20240603T235825_0179_077_011_2160_MAR_R_NT_004.SEN3
78aab546-5cee-3373-8e3c-a4b7304bdfd7,S3B_OL_1_EFR____20190709T153618_20190709T153918_20240525T141631_0179_027_225_2160_MAR_R_NT_004.SEN3
3936f4ac-820b-3e26-b219-2756c53fc50f,S3A_OL_1_EFR____20230619T151607_20230619T151907_20240628T034259_0179_100_125_2160_MAR_R_NT_004.SEN3
d5e24ad6-5e94-3d1e-b2a8-e5e97b821cb1,S3B_OL_1_EFR____20210503T152134_20210503T152434_20240526T222759_0179_052_068_2160_MAR_R_NT_004.SEN3
96fbab9b-4f0f-3bb5-88aa-6b27d64dca0b,S3B_OL_1_EFR____20221117T152536_20221117T152836_20240524T072114_0179_073_011_2160_MAR_R_NT_004.SEN3
71c26828-14b0-3249-b59e-4903e67ab24a,S3A_OL_1_EFR____20180419T135725_20180419T140025_20240530T161022_0179_030_167_2160_MAR_R_NT_004.SEN3
4a53c56a-a1d5-3c21-ae0f-94a5821005bd,S3B_OL_1_EFR____20220824T134822_20220824T135122_20240524T041702_0179_069_338_2160_MAR_R_NT_004.SEN3
0843f23e-2fe9-3162-b53d-455ccb80b2a0,S3A_OL_1_EFR____20230912T151219_20230912T151519_20240919T195538_0179_103_182_2160_MAR_R_NT_004.SEN3
c7ce1da5-4b23-32db-b0b4-1a7bfd3d6504,S3B_OL_1_EFR____20190105T153232_20190105T153532_20240525T071858_0179_020_282_2160_MAR_R_NT_004.SEN3
fa0c8dde-6065-3b7a-b17a-341e3aa3760f,S3A_OL_1_EFR____20240205T134621_20240205T134921_20240920T062958_0179_108_338_2160_MAR_R_NT_004.SEN3
4de50dd8-a3c7-3e52-bd80-5bfce2fff295,S3A_OL_1_EFR____20210705T152726_20210705T153026_20240603T113319_0179_073_339_2160_MAR_R_NT_004.SEN3
a7197b91-59c1-3f16-8b88-7d7bd94bbb57,S3B_OL_1_EFR____20191226T135051_20191226T135351_20240525T230530_0179_033_338_2340_MAR_R_NT_004.SEN3
d5ef9fc5-5d65-355b-ba46-4522a1a0703c,S3B_OL_1_EFR____20240219T152547_20240219T152847_20240921T090855_0180_090_011_2160_MAR_R_NT_004.SEN3
89bd4fba-087f-4fa7-a5fd-aa713e69cc31,S3B_OL_1_EFR____20240904T145520_20240904T145820_20240904T233232_0179_097_139_2340_PS2_O_NT_004.SEN3
0fe34bd9-17fe-35df-a83c-0ada92ba4853,S3B_OL_1_EFR____20220323T152438_20220323T152738_20240523T182155_0179_064_068_2340_MAR_R_NT_004.SEN3
cbf0744f-8e31-3b7f-baf9-2a745635a7af,S3B_OL_1_EFR____20200501T135525_20200501T135825_20240526T080832_0179_038_224_2160_MAR_R_NT_004.SEN3
3a26f0d5-3518-4442-adfb-2042adeaa8e3,S3B_OL_1_EFR____20240810T135958_20240810T140258_20240810T220742_0179_096_167_2160_PS2_O_NT_004.SEN3
ff4106b7-4b02-447b-a584-a543dab7f5b4,S3A_OL_1_EFR____20250328T151908_20250328T152208_20250329T160602_0179_124_125_2340_PS1_O_NT_004.SEN3
f6fb13c1-73ac-3fc7-84c9-973043ced6cf,S3B_OL_1_EFR____20210514T153632_20210514T153932_20240527T003826_0179_052_225_2160_MAR_R_NT_004.SEN3
83d95f98-8b8f-4d8c-97b4-15850ed60ce6,S3A_OL_1_EFR____20250216T155334_20250216T155634_20250217T164302_0179_122_325_2160_PS1_O_NT_004.SEN3
7e5cd12f-c5ab-3bf8-ab95-1abd6d97f526,S3A_OL_1_EFR____20211221T154603_20211221T154903_20240604T061923_0179_080_054_2160_MAR_R_NT_004.SEN3
6a72cf3d-71c7-499b-ab04-7aabcba98148,S3A_OL_1_EFR____20250921T134926_20250921T135226_20250922T144620_0179_130_338_2340_PS1_O_NT_004.SEN3
2849d824-b2da-37de-a527-dcce62c48568,S3A_OL_1_EFR____20200422T151138_20200422T151438_20240602T020029_0179_057_239_2340_MAR_R_NT_004.SEN3
d7a18376-c184-3152-971c-80574f7e8156,S3A_OL_1_EFR____20180127T142334_20180127T142634_20240530T092322_0179_027_153_2160_MAR_R_NT_004.SEN3
840a9017-7c43-46e3-94e5-b4d13b0ea892,S3A_OL_1_EFR____20250331T140035_20250331T140335_20250401T144620_0179_124_167_2340_PS1_O_NT_004.SEN3
8cbb7701-3084-3c17-9189-6f4c67becd31,S3B_OL_1_EFR____20211011T140950_20211011T141250_20240527T104740_0179_058_053_2340_MAR_R_NT_004.SEN3
b9b7557d-165e-4b49-a9b2-95f7d2b4a1ae,S3A_OL_1_EFR____20250412T134626_20250412T134926_20250413T143924_0179_124_338_2160_PS1_O_NT_004.SEN3
be5dd641-483a-4cb8-a881-6e06c04ae8bc,S3B_OL_1_EFR____20240803T134417_20240803T134717_20240803T221157_0179_096_067_2340_PS2_O_NT_004.SEN3
a04fa443-8df3-4a4d-b403-0620b0611719,S3A_OL_1_EFR____20250501T135656_20250501T135956_20250502T144907_0180_125_224_2340_PS1_O_NT_004.SEN3
00e6f62b-e522-4f45-bdf8-1965ff9c30ca,S3A_OL_1_EFR____20250408T135310_20250408T135610_20250409T144006_0180_124_281_2340_PS1_O_NT_004.SEN3
af8d43a0-b8f5-314e-b432-9b832d04c1a8,S3B_OL_1_EFR____20190709T135519_20190709T135819_20240525T130349_0180_027_224_2160_MAR_R_NT_004.SEN3
87e75f91-af84-3993-a3a6-00c6036648be,S3A_OL_1_EFR____20181130T150743_20181130T151043_20240531T110014_0179_038_296_2340_MAR_R_NT_004.SEN3
dc7540cc-061d-3c3a-b8ba-f65fb4b6a948,S3A_OL_1_EFR____20230819T153442_20230819T153742_20240919T163958_0179_102_225_2160_MAR_R_NT_004.SEN3
ab67da13-1f38-3220-b814-ad521ff984a2,S3B_OL_1_EFR____20201206T142059_20201206T142359_20240526T155520_0179_046_267_2340_MAR_R_NT_004.SEN3
a9865987-4f89-30be-90a5-273d5fb033ae,S3A_OL_1_EFR____20180205T153054_20180205T153354_20240530T114204_0179_027_282_2160_MAR_R_NT_004.SEN3
0a892326-a913-3094-a89e-fc5654bff838,S3B_OL_1_EFR____20240120T150615_20240120T150915_20240921T080745_0179_088_353_2340_MAR_R_NT_004.SEN3
4ebe7b41-4aac-3350-a3e0-d387bfa0abba,S3A_OL_1_EFR____20191010T142340_20191010T142640_20240601T092235_0179_050_153_2160_MAR_R_NT_004.SEN3
e66827f5-e445-3c80-8869-454df6d2e9c1,S3B_OL_1_EFR____20200902T134333_20200902T134633_20240526T135200_0179_043_067_2340_MAR_R_NT_004.SEN3
fea8a904-c191-3d0c-a368-bf71799f4845,S3A_OL_1_EFR____20180623T155324_20180623T155624_20240530T213736_0180_032_325_2160_MAR_R_NT_004.SEN3
4ed8eeba-4b47-3aee-acb7-4e3c916eb843,S3A_OL_1_EFR____20240410T140122_20240410T140422_20240920T111127_0179_111_110_2160_MAR_R_NT_004.SEN3
d15aef08-ec7c-4925-ad5f-4bb16e8f3fcc,S3A_OL_1_EFR____20250628T153413_20250628T153713_20250629T162110_0179_127_282_2340_PS1_O_NT_004.SEN3
b97c640c-77a9-30eb-ae9f-2c22964af17b,S3B_OL_1_EFR____20190914T150154_20190914T150454_20240525T191709_0180_030_025_2340_MAR_R_NT_004.SEN3
50f12ee0-9600-381d-8381-79e77c6709d6,S3A_OL_1_EFR____20201216T154125_20201216T154425_20240602T192127_0180_066_168_2340_MAR_R_NT_004.SEN3
1317cda5-7f83-3744-a9aa-e5c65e61d103,S3B_OL_1_EFR____20181020T142829_20181020T143129_20240621T032206_0179_015_096_2340_MAR_R_NT_004.SEN3
4d80be10-a5e5-415d-bb42-f838084b3883,S3A_OL_1_EFR____20250712T143037_20250712T143337_20250713T151547_0179_128_096_2340_PS1_O_NT_004.SEN3
1ec4371d-a61a-3fa4-b7d8-87dd50388bdb,S3B_OL_1_EFR____20210523T150554_20210523T150854_20240527T013624_0179_052_353_2340_MAR_R_NT_004.SEN3
63364887-62d0-47b0-8065-c0de0db7e94c,S3A_OL_1_EFR____20250316T153020_20250316T153320_20250317T162507_0180_123_339_2340_PS1_O_NT_004.SEN3
e94d31f8-96e9-4da1-8887-7cd8aa578b1a,S3A_OL_1_EFR____20250601T153113_20250601T153413_20250602T162052_0179_126_282_2160_PS1_O_NT_004.SEN3
01e3effc-d3bd-3279-a595-dc442829aab7,S3B_OL_1_EFR____20240328T154341_20240328T154641_20240921T140601_0179_091_168_2340_MAR_R_NT_004.SEN3
c06d16e0-964f-3c9b-bc7f-293dfdfb870d,S3A_OL_1_EFR____20220613T153754_20220613T154054_20240605T064553_0179_086_225_2340_MAR_R_NT_004.SEN3
58d105c4-485c-3f66-93fc-67b4239f73a6,S3B_OL_1_EFR____20200605T134759_20200605T135059_20240526T085329_0179_039_338_2160_MAR_R_NT_004.SEN3
ec81847c-3791-3443-b13f-0d5bb003b0f8,S3A_OL_1_EFR____20190114T135724_20190114T140024_20240531T135239_0179_040_167_2160_MAR_R_NT_004.SEN3
61dd3468-0668-3d16-8af0-c81e2838f1d8,S3B_OL_1_EFR____20191222T135436_20191222T135736_20240525T215836_0179_033_281_2340_MAR_R_NT_004.SEN3
71c8cfd8-8486-429a-aab9-474006cf2948,S3A_OL_1_EFR____20241229T134234_20241229T134534_20241230T140737_0179_121_010_2160_PS1_O_NT_004.SEN3
fa9663de-beec-3f12-b8ea-944c56a5fc92,S3A_OL_1_EFR____20180725T152626_20180725T152926_20240531T013640_0179_034_011_2340_MAR_R_NT_004.SEN3
9dfda720-af47-3c70-9746-db6a65bf3619,S3A_OL_1_EFR____20210701T135011_20210701T135311_20240603T104257_0179_073_281_2160_MAR_R_NT_004.SEN3
97bc1c88-7309-3bd6-902d-12da999d0147,S3A_OL_1_EFR____20201222T144520_20201222T144820_20240602T203435_0179_066_253_2340_MAR_R_NT_004.SEN3
564a44d5-cff7-4918-8e14-f7e927faaad3,S3A_OL_1_EFR____20250516T154609_20250516T154909_20250517T163631_0179_126_054_2160_PS1_O_NT_004.SEN3
4ab4ece6-49fc-3814-8376-ea224cac9f2f,S3B_OL_1_EFR____20201026T134333_20201026T134633_20240526T134557_0179_045_067_2340_MAR_R_NT_004.SEN3
1db059c0-bc16-381e-ad5e-33605b81fcd4,S3A_OL_1_EFR____20220621T134626_20220621T134926_20240605T090210_0179_086_338_2160_MAR_R_NT_004.SEN3
d57ca0e2-fc4d-3e10-ad5e-54c2adf0f058,S3B_OL_1_EFR____20220608T134435_20220608T134735_20240523T231618_0180_067_010_2160_MAR_R_NT_004.SEN3
b7ca8e69-b731-375d-aeea-d509b1cd737d,S3A_OL_1_EFR____20240615T135310_20240615T135610_20240920T165648_0179_113_281_2340_MAR_R_NT_004.SEN3
d7f681d9-b351-38e6-b3ca-1d2d39255c2e,S3B_OL_1_EFR____20210605T142833_20210605T143133_20240527T031121_0179_053_153_2340_MAR_R_NT_004.SEN3
a5e98d40-2cbf-3aab-b988-c0c3bae0fb6c,S3B_OL_1_EFR____20230409T152106_20230409T152406_20240527T201929_0179_078_125_2340_MAR_R_NT_004.SEN3
b2c8df2f-5975-3f33-bb5b-ed133ba36514,S3A_OL_1_EFR____20200216T151945_20200216T152245_20240601T204116_0179_055_068_2160_MAR_R_NT_004.SEN3
438a4f52-7de5-3379-8d1d-71e1611d229a,S3A_OL_1_EFR____20210426T154522_20210426T154822_20240603T054019_0180_071_111_2340_MAR_R_NT_004.SEN3
5db365d3-7677-4ea5-8c16-4150de993208,S3B_OL_1_EFR____20240831T145605_20240831T145905_20240831T231615_0179_097_082_2160_PS2_O_NT_004.SEN3
2b2a7809-03ba-3ab8-ad7c-c78fbb0bc05a,S3B_OL_1_EFR____20180928T154053_20180928T154353_20240621T004307_0179_013_168_2340_MAR_R_NT_004.SEN3
0760e5bb-2c90-335f-b8b4-b2df0b8da9d4,S3B_OL_1_EFR____20240710T140341_20240710T140641_20240921T185540_0179_095_110_2160_MAR_R_NT_004.SEN3
b3a6180f-3e06-3f41-b136-5e0e5f3749e2,S3A_OL_1_EFR____20181029T135642_20181029T135942_20240531T092151_0179_037_224_2340_MAR_R_NT_004.SEN3
824c6979-25ed-38dd-9e19-2b5f98d529b6,S3A_OL_1_EFR____20181211T151939_20181211T152239_20240531T121551_0179_039_068_2160_MAR_R_NT_004.SEN3
e977af02-5a73-4fde-b1db-dd4c631f802a,S3A_OL_1_EFR____20250806T152258_20250806T152558_20250807T161434_0179_129_068_2340_PS1_O_NT_004.SEN3
fa0ce850-2135-3b1e-80fa-e9caab665542,S3A_OL_1_EFR____20180228T153737_20180228T154037_20240530T125051_0180_028_225_2340_MAR_R_NT_004.SEN3
48816732-4a36-3cf0-a9e8-cd7a22a530c9,S3A_OL_1_EFR____20230825T144136_20230825T144436_20240919T172653_0179_102_310_2340_MAR_R_NT_004.SEN3
f5ced3c2-7c0f-34c8-bc41-619688cad114,S3A_OL_1_EFR____20180423T153741_20180423T154041_20240530T161602_0179_030_225_2340_MAR_R_NT_004.SEN3
b7736eae-247d-3d98-9697-9725ea78a578,S3A_OL_1_EFR____20220409T152256_20220409T152556_20240605T020841_0180_084_068_2340_MAR_R_NT_004.SEN3
16e58c91-cdd0-30ac-a9df-581fc79aa05a,S3B_OL_1_EFR____20190607T142513_20190607T142813_20240525T105047_0179_026_153_2160_MAR_R_NT_004.SEN3
8b15ffcc-cfdc-3507-80e6-449bafd6644a,S3A_OL_1_EFR____20230503T135354_20230503T135654_20240606T044744_0179_098_224_2160_MAR_R_NT_004.SEN3
dabd09f9-31ff-34e7-b2f0-08af546a74bb,S3A_OL_1_EFR____20181110T152628_20181110T152928_20240531T101624_0179_038_011_2340_MAR_R_NT_004.SEN3
261103b6-58e2-3ecb-9bf3-3dadec2b5518,S3B_OL_1_EFR____20180724T141108_20180724T141408_20240620T173336_0179_010_381_2340_MAR_R_NT_004.SEN3
2efa23c6-1ba7-3331-848e-25adf3740297,S3A_OL_1_EFR____20230203T154219_20230203T154519_20240605T212942_0180_095_111_2160_MAR_R_NT_004.SEN3
b7aaba40-522c-356a-a1e2-64e56b9b8e08,S3B_OL_1_EFR____20240711T151829_20240711T152129_20240921T180811_0179_095_125_2160_MAR_R_NT_004.SEN3
5874ba87-1ad7-37ff-90ba-16bad26a68c4,S3B_OL_1_EFR____20190825T151736_20190825T152036_20240525T165058_0179_029_125_2160_MAR_R_NT_004.SEN3
ab53dc22-e897-3dcc-81b0-c95737afe5ec,S3A_OL_1_EFR____20230326T151955_20230326T152255_20240606T014833_0179_097_068_2160_MAR_R_NT_004.SEN3
6a5a5c83-5c70-3bee-acaf-705732f45933,S3B_OL_1_EFR____20180821T134153_20180821T134453_20240620T212620_0179_012_010_2160_MAR_R_NT_004.SEN3
e96ec67e-a786-305c-b7d1-b94a5e5aebc0,S3A_OL_1_EFR____20180226T144900_20180226T145200_20240530T115233_0179_028_196_2340_MAR_R_NT_004.SEN3
9187443e-4417-3528-97a3-be7e488a8c60,S3A_OL_1_EFR____20200310T134228_20200310T134528_20240601T213708_0179_056_010_2160_MAR_R_NT_004.SEN3
b605ee41-d552-4242-adf0-164eb096a5da,S3B_OL_1_EFR____20240818T135528_20240818T135828_20240818T221318_0179_096_281_2340_PS2_O_NT_004.SEN3
bea10aa4-a2a7-3a25-af2a-3d4e4b13741a,S3B_OL_1_EFR____20191214T154004_20191214T154304_20240525T205629_0179_033_168_2160_MAR_R_NT_004.SEN3
0de74f4f-5d77-3687-8d1d-746f001f8414,S3B_OL_1_EFR____20220407T153551_20220407T153851_20240523T201836_0179_064_282_2340_MAR_R_NT_004.SEN3
31a87e62-c06d-33c3-8a10-19add6f4c010,S3B_OL_1_EFR____20211007T141335_20211007T141635_20240527T090531_0179_057_381_2340_MAR_R_NT_004.SEN3
f3a02e9a-e894-49d9-95bb-2a95273f47d0,S3B_OL_1_EFR____20250918T142920_20250918T143220_20250919T150833_0179_111_153_2340_ESA_O_NT_004.SEN3
fd142fef-16fe-374f-8d45-b896912cba2a,S3A_OL_1_EFR____20221124T144524_20221124T144824_20240605T170622_0179_092_253_2340_MAR_R_NT_004.SEN3
81e7e9f4-98f4-3d09-b6df-ad61aac15e1d,S3A_OL_1_EFR____20230622T153833_20230622T154133_20240628T024327_0180_100_168_2160_MAR_R_NT_004.SEN3
258615c6-86c6-3e13-b615-6dff0302f4b8,S3A_OL_1_EFR____20200502T154947_20200502T155247_20240602T013123_0179_057_382_2160_MAR_R_NT_004.SEN3
8343a21f-9264-3a2d-a58f-816e4cb8b55c,S3B_OL_1_EFR____20250323T151015_20250323T151315_20250324T155629_0179_104_296_2340_ESA_O_NT_004.SEN3
c39736ee-8fcc-4d74-a926-64a3ee187e6e,S3B_OL_1_EFR____20241019T152556_20241019T152856_20241020T080930_0179_099_011_2160_PS2_O_NT_004.SEN3
8fc98d40-5a90-3f51-b31a-6ec332bd93d4,S3A_OL_1_EFR____20240422T153407_20240422T153707_20240920T124054_0179_111_282_2340_MAR_R_NT_004.SEN3
28264bf5-499d-48d2-a905-4b4383c6bdad,S3A_OL_1_EFR____20240814T143756_20240814T144056_20240815T150020_0179_115_367_2340_PS1_O_NT_004.SEN3
56d968f0-bbf8-306f-8e54-1f797e11725d,S3B_OL_1_EFR____20240602T153241_20240602T153541_20240921T155858_0179_093_339_2340_MAR_R_NT_004.SEN3
c4361a7c-577a-39d9-a424-5f76f66262f7,S3B_OL_1_EFR____20211021T145057_20211021T145357_20240527T101217_0179_058_196_2340_MAR_R_NT_004.SEN3
84527c4a-7be9-30c8-afa0-21bff0b5c712,S3A_OL_1_EFR____20181117T140110_20181117T140410_20240531T095817_0179_038_110_2160_MAR_R_NT_004.SEN3
600c2e0e-1b0d-3a1c-aef5-84e2a250b776,S3A_OL_1_EFR____20220818T134235_20220818T134535_20240605T115847_0179_089_010_2160_MAR_R_NT_004.SEN3
20304fbf-3130-3717-bdd4-b9dfaa5668b7,S3B_OL_1_EFR____20230831T144735_20230831T145035_20240920T230447_0179_083_253_2340_MAR_R_NT_004.SEN3
f4ef7212-2c6a-3f09-97b5-d29d740d2c07,S3A_OL_1_EFR____20180717T134957_20180717T135257_20240531T002604_0179_033_281_2160_MAR_R_NT_004.SEN3
e8316895-c78d-36eb-913a-1a795014bd58,S3B_OL_1_EFR____20220623T153648_20220623T153948_20240523T234113_0179_067_225_2160_MAR_R_NT_004.SEN3
ca99b547-711f-311f-9c96-ddb9f67a82a6,S3A_OL_1_EFR____20201105T150407_20201105T150707_20240602T153223_0179_064_353_2340_MAR_R_NT_004.SEN3
e7a7502d-4809-4671-bd77-9b206ea0aa4f,S3B_OL_1_EFR____20250915T140353_20250915T140653_20250916T152016_0179_111_110_2160_ESA_O_NT_004.SEN3
0d3e7159-8fe8-3cc5-b24e-e4cdfeec8191,S3A_OL_1_EFR____20220825T154215_20220825T154515_20240605T122221_0179_089_111_2160_MAR_R_NT_004.SEN3
873f216c-784f-3a46-bdbb-c6810575939f,S3A_OL_1_EFR____20201020T151905_20201020T152205_20240602T142605_0179_064_125_2340_MAR_R_NT_004.SEN3
49b2cab3-e17b-46ad-9f4b-971ec34e7b3a,S3A_OL_1_EFR____20250601T135314_20250601T135614_20250602T143944_0180_126_281_2340_PS1_O_NT_004.SEN3
c28d0638-e143-402b-bb23-44c1a9ceb844,S3B_OL_1_EFR____20250913T145615_20250913T145915_20250914T151521_0179_111_082_2160_ESA_O_NT_004.SEN3
93f1c19e-e712-3533-9fa9-ed61a0d72973,S3B_OL_1_EFR____20240629T153243_20240629T153543_20240921T180046_0180_094_339_2340_MAR_R_NT_004.SEN3
72ae21be-19a3-3698-9aaa-a8db3bd6c538,S3A_OL_1_EFR____20190924T144137_20190924T144437_20240601T081639_0179_049_310_2340_MAR_R_NT_004.SEN3
1746efe1-a2f0-3fe6-9657-761d3e3d777e,S3B_OL_1_EFR____20190709T153918_20190709T154218_20240525T141645_0179_027_225_2340_MAR_R_NT_004.SEN3
dd84d249-54ad-3941-8d90-62a76ace2077,S3B_OL_1_EFR____20211104T134724_20211104T135024_20240527T092753_0179_059_010_2340_MAR_R_NT_004.SEN3
203cfad1-eb8e-3300-a23d-a00bf78acae2,S3B_OL_1_EFR____20201011T151015_20201011T151315_20240526T120534_0179_044_239_2160_MAR_R_NT_004.SEN3
6f763e2d-8fd9-39c2-9320-97ef02766d16,S3B_OL_1_EFR____20220319T134723_20220319T135023_20240523T192131_0179_064_010_2340_MAR_R_NT_004.SEN3
1e001168-f1da-3e1c-8f8b-e78e67ec9de2,S3A_OL_1_EFR____20220817T140847_20220817T141147_20240605T115713_0179_088_381_2160_MAR_R_NT_004.SEN3
fb18fc6f-93d7-30aa-a272-f69e29ad5833,S3B_OL_1_EFR____20250207T154821_20250207T155121_20250208T165847_0179_103_054_2160_ESA_O_NT_004.SEN3
8996539c-3f7a-4657-94cc-5ffab58c26fb,S3A_OL_1_EFR____20250930T145347_20250930T145647_20251001T155822_0179_131_082_2160_PS1_O_NT_004.SEN3
8a0f4893-d7de-3224-a60f-4bb01584f23c,S3A_OL_1_EFR____20240206T150410_20240206T150710_20240920T080923_0179_108_353_2340_MAR_R_NT_004.SEN3
bebdfc37-ba78-3d45-bf22-51c12e20fc86,S3A_OL_1_EFR____20180122T145630_20180122T145929_20240530T091607_0179_027_082_2340_MAR_R_NT_004.SEN3
6d9b4e98-61cb-34ad-84a7-2b063388f37f,S3B_OL_1_EFR____20250425T155208_20250425T155508_20250426T161031_0179_105_382_2160_ESA_O_NT_004.SEN3
2906db03-69aa-31b3-adc1-4bb3f9c3b2b7,S3B_OL_1_EFR____20210519T150937_20210519T151237_20240527T002611_0179_052_296_2340_MAR_R_NT_004.SEN3
91669d1a-f540-33e4-bea0-fd3d392eab32,S3B_OL_1_EFR____20200613T152431_20200613T152731_20240526T075455_0179_040_068_2340_MAR_R_NT_004.SEN3
8b993462-22e2-3d61-9cc4-b3c640b84a11,S3A_OL_1_EFR____20230611T152636_20230611T152936_20240628T012612_0179_100_011_2340_MAR_R_NT_004.SEN3
d9023dab-6811-4100-ab1e-31f4ea15811e,S3B_OL_1_EFR____20251119T141853_20251119T142153_20251120T152809_0179_113_267_2160_ESA_O_NT_004.SEN3
cfb3dfe8-e57c-3cab-878f-390fb4a1f1fb,S3A_OL_1_EFR____20220521T153110_20220521T153410_20240605T052007_0179_085_282_2160_MAR_R_NT_004.SEN3
f3e2d451-ee64-34ce-acc5-7555598dc530,S3B_OL_1_EFR____20210602T140606_20210602T140906_20240527T034559_0180_053_110_2340_MAR_R_NT_004.SEN3
dbd6b7e3-090d-3a3b-9fe4-36eacde47d35,S3B_OL_1_EFR____20181028T141414_20181028T141714_20240621T032106_0180_016_210_2340_MAR_R_NT_004.SEN3
65d0acfe-907d-3e84-a5a4-d7ad87e337fa,S3B_OL_1_EFR____20190705T154302_20190705T154602_20240525T125128_0179_027_168_2340_MAR_R_NT_004.SEN3
e881ef78-6a43-3cf0-bef5-2dd2387ef466,S3A_OL_1_EFR____20220428T134629_20220428T134929_20240605T030844_0179_084_338_2160_MAR_R_NT_004.SEN3
eb805513-4872-3a2d-926c-62bf3af4dfd3,S3A_OL_1_EFR____20220317T151610_20220317T151910_20240605T002234_0179_083_125_2160_MAR_R_NT_004.SEN3
e8ab2849-96ed-3acf-9390-b21c3db2dd39,S3B_OL_1_EFR____20230710T135215_20230710T135515_20240627T171208_0179_081_281_2160_MAR_R_NT_004.SEN3
787a3c85-935a-3f98-8316-8d6423aaf8db,S3B_OL_1_EFR____20240215T152931_20240215T153231_20240921T111649_0180_089_339_2160_MAR_R_NT_004.SEN3
fd0b7b64-f6ad-3d4f-97bf-9ccf2d1fe73f,S3B_OL_1_EFR____20201003T151744_20201003T152044_20240526T141250_0179_044_125_2160_MAR_R_NT_004.SEN3
02071e68-9a46-37cb-96ed-739f4e391c87,S3A_OL_1_EFR____20190926T134615_20190926T134915_20240601T081558_0179_049_338_2160_MAR_R_NT_004.SEN3
a43aa20d-41bf-4189-a4fb-bf70d628e56c,S3B_OL_1_EFR____20241130T154013_20241130T154313_20241201T075753_0180_100_225_2340_PS2_O_NT_004.SEN3
c48e0382-a509-3c43-96ce-5223a2b73399,S3A_OL_1_EFR____20221228T150106_20221228T150406_20240605T194835_0179_093_353_2160_MAR_R_NT_004.SEN3
dee269d3-4905-3103-b47d-fb299cc26d54,S3B_OL_1_EFR____20230110T134434_20230110T134734_20240527T112053_0179_075_010_2160_MAR_R_NT_004.SEN3
02a99e66-5af5-3bd1-b1c4-729bf6359630,S3A_OL_1_EFR____20240616T150758_20240616T151058_20240920T155925_0179_113_296_2340_MAR_R_NT_004.SEN3
a7d61041-899c-37e6-b295-73d5614c7f85,S3B_OL_1_EFR____20250303T134459_20250303T134759_20250321T122424_0179_104_010_2160_ESA_O_NT_004.SEN3
b46bd9f5-65dd-316f-b12c-29c8e5b272f1,S3B_OL_1_EFR____20180606T145602_20180606T145902_20240620T142945_0179_009_082_2340_MAR_R_NT_004.SEN3
0e25bad5-dbd2-3c25-84ee-3c3fae1375a1,S3B_OL_1_EFR____20180629T145648_20180629T145948_20240620T161511_0179_010_025_2160_MAR_R_NT_004.SEN3
de0e8156-d8f0-3e2e-8fa6-00d9715c498a,S3B_OL_1_EFR____20190910T150538_20190910T150838_20240525T172113_0179_029_353_2340_MAR_R_NT_004.SEN3
44ad1024-80c8-3125-9f84-457f1ede0571,S3A_OL_1_EFR____20210204T154518_20210204T154818_20240602T233948_0179_068_111_2340_MAR_R_NT_004.SEN3
58f4a6a5-2ce7-37b4-9c4a-20850c909ea8,S3A_OL_1_EFR____20240627T151956_20240627T152256_20240920T181352_0179_114_068_2160_MAR_R_NT_004.SEN3
b55020e8-d4b2-325f-88e2-20d4d5012d81,S3B_OL_1_EFR____20201002T154655_20201002T154955_20240526T114722_0179_044_111_2340_MAR_R_NT_004.SEN3
8b03cb7b-5823-33c3-ab43-406d9a6cd278,S3A_OL_1_EFR____20220814T134621_20220814T134921_20240605T115922_0179_088_338_2160_MAR_R_NT_004.SEN3
ba7ad93a-42c3-32a5-8ed4-f8a916d4c07f,S3B_OL_1_EFR____20230130T150952_20230130T151252_20240527T162443_0179_075_296_2340_MAR_R_NT_004.SEN3
84d5e6bd-f655-32b4-96f8-7a2baa907095,S3A_OL_1_EFR____20210204T154218_20210204T154518_20240602T233922_0179_068_111_2160_MAR_R_NT_004.SEN3
bbddace4-d544-3073-9247-521a27baf075,S3B_OL_1_EFR____20221002T151804_20221002T152104_20240524T050204_0179_071_125_2160_MAR_R_NT_004.SEN3
6e22e145-7698-3fcc-8e6d-0f6375975f1e,S3B_OL_1_EFR____20190525T150540_20190525T150840_20240525T132726_0179_025_353_2340_MAR_R_NT_004.SEN3
2743016a-45e2-3c0d-b3a6-eec3d55322d4,S3B_OL_1_EFR____20210429T152518_20210429T152818_20240527T024246_0179_052_011_2160_MAR_R_NT_004.SEN3
aedeff1e-bb99-3205-83db-504e3f4d2d13,S3A_OL_1_EFR____20240323T151139_20240323T151439_20240920T102123_0179_110_239_2340_MAR_R_NT_004.SEN3
071dc02f-ef5a-3302-b320-5abc53a4ed8d,S3A_OL_1_EFR____20221109T143113_20221109T143413_20240605T155751_0179_092_039_2160_MAR_R_NT_004.SEN3
4634cc8a-30a9-3492-8eba-8d1e5ea6195d,S3B_OL_1_EFR____20240301T140245_20240301T140545_20240921T101058_0179_090_167_2340_MAR_R_NT_004.SEN3
adeaaed1-f3d0-3f30-9cdb-6e605577d370,S3B_OL_1_EFR____20220805T134353_20220805T134653_20240524T021116_0179_069_067_2340_MAR_R_NT_004.SEN3
fb6874e0-af51-37c3-b4bf-e4282b82082d,S3B_OL_1_EFR____20191210T154348_20191210T154648_20240525T234344_0179_033_111_2160_MAR_R_NT_004.SEN3
2dbbdbd5-8208-3204-881c-f3f6015f1a42,S3B_OL_1_EFR____20211123T153253_20211123T153553_20240527T100752_0179_059_282_2160_MAR_R_NT_004.SEN3
0a123851-7392-3ec4-8b50-4d58ca52e500,S3B_OL_1_EFR____20220720T153651_20220720T153951_20240524T013125_0179_068_225_2160_MAR_R_NT_004.SEN3
b9544a57-2455-354d-be99-5ffa70e48abe,S3A_OL_1_EFR____20220628T154607_20220628T154907_20240605T092645_0179_087_054_2160_MAR_R_NT_004.SEN3
63efc358-2ccb-4220-9551-ad93601f7670,S3B_OL_1_EFR____20240904T145220_20240904T145520_20240904T233217_0179_097_139_2160_PS2_O_NT_004.SEN3
a60bc437-ce36-447f-bed8-c38da0297c00,S3A_OL_1_EFR____20251101T142354_20251101T142654_20251102T152709_0179_132_153_2160_PS1_O_NT_004.SEN3
8eb2e870-3105-37f7-aa3a-73f276e21195,S3B_OL_1_EFR____20250801T151413_20250801T151713_20250802T152352_0179_109_239_2340_ESA_O_NT_004.SEN3
177139c0-984f-3261-abc2-5eb6b9811b71,S3B_OL_1_EFR____20240607T150247_20240607T150547_20240921T181350_0179_094_025_2340_MAR_R_NT_004.SEN3
6ee6099b-a235-35f2-a9e8-b8829be61da7,S3B_OL_1_EFR____20210216T145135_20210216T145435_20240526T182447_0179_049_139_2160_MAR_R_NT_004.SEN3
d031c39f-92b7-3752-967a-28368b7d2143,S3A_OL_1_EFR____20180416T151558_20180416T151858_20240530T153206_0179_030_125_2160_MAR_R_NT_004.SEN3
86a0c13b-c388-3b13-8900-15f42d2e2425,S3B_OL_1_EFR____20181123T140927_20181123T141227_20240621T061330_0180_019_053_2340_MAR_R_NT_004.SEN3
1b53a77a-23cf-3148-bbad-b41287d62367,S3A_OL_1_EFR____20230704T134619_20230704T134919_20240628T010546_0179_100_338_2160_MAR_R_NT_004.SEN3
341f1870-9b9f-3d15-99c4-f43bedfb5e55,S3A_OL_1_EFR____20180510T145632_20180510T145932_20240530T173426_0180_031_082_2340_MAR_R_NT_004.SEN3
e41d4bca-5127-37d3-b4aa-6e20593a6d98,S3A_OL_1_EFR____20230719T154131_20230719T154431_20240628T055643_0179_101_168_2340_MAR_R_NT_004.SEN3
abc9dadc-6b4d-3825-a440-9cbb0cea325c,S3B_OL_1_EFR____20220520T152102_20220520T152402_20240523T231804_0179_066_125_2340_MAR_R_NT_004.SEN3
5b27b1cb-c4d8-3922-98a6-87c75ad7b35b,S3B_OL_1_EFR____20220216T134807_20220216T135107_20240523T161100_0179_062_338_2160_MAR_R_NT_004.SEN3
e31ae52b-4a6e-4cbb-95cb-a9fdfd7a376e,S3A_OL_1_EFR____20251121T154608_20251121T154908_20251122T164637_0179_133_054_2160_PS1_O_NT_004.SEN3
d6b1ba8d-2bea-3797-8cb5-a1c2f962a767,S3B_OL_1_EFR____20200221T155115_20200221T155415_20240526T005411_0179_035_382_2160_MAR_R_NT_004.SEN3
e1b93694-eb4a-34e6-8270-61aa2c7ebb92,S3A_OL_1_EFR____20180507T143406_20180507T143706_20240530T182341_0179_031_039_2340_MAR_R_NT_004.SEN3
7f0b332a-bdfe-3b54-8558-9458d37c7a09,S3A_OL_1_EFR____20180924T140109_20180924T140409_20240531T060552_0179_036_110_2160_MAR_R_NT_004.SEN3
9453968b-08d6-3112-8803-c8668ddf624a,S3B_OL_1_EFR____20250724T152141_20250724T152441_20250725T160119_0179_109_125_2340_ESA_O_NT_004.SEN3
1fa8eb79-29a3-4aae-a6a8-9aa35aff293f,S3A_OL_1_EFR____20250716T142353_20250716T142653_20250717T151347_0179_128_153_2160_PS1_O_NT_004.SEN3
abafcbd3-f0e3-43ed-83ed-7766787f88f6,S3B_OL_1_EFR____20241019T134457_20241019T134757_20241019T220011_0179_099_010_2160_PS2_O_NT_004.SEN3
0b54c148-27d2-30ed-b140-dc4879004c4c,S3A_OL_1_EFR____20180308T152707_20180308T153007_20240530T130316_0179_028_339_2160_MAR_R_NT_004.SEN3
5a5a4326-ba67-32e1-976f-935668441d44,S3B_OL_1_EFR____20230609T153955_20230609T154255_20240627T155328_0179_080_225_2340_MAR_R_NT_004.SEN3
e9aa5499-1d0d-349b-ba6c-4c91e0b7b2f4,S3A_OL_1_EFR____20230808T151946_20230808T152246_20240919T160217_0179_102_068_2160_MAR_R_NT_004.SEN3
dec18747-9e5e-4db5-9d6d-9c80d8172ae5,S3A_OL_1_EFR____20250312T135004_20250312T135304_20250313T143907_0179_123_281_2160_PS1_O_NT_004.SEN3
b614134d-850b-3f73-ad80-0681348be2f2,S3B_OL_1_EFR____20210605T142533_20210605T142833_20240527T031103_0179_053_153_2160_MAR_R_NT_004.SEN3
b1063210-11bd-4cee-a960-67065fc89b11,S3A_OL_1_EFR____20250930T145647_20250930T145947_20251001T155819_0179_131_082_2340_PS1_O_NT_004.SEN3
6126f8b0-55ac-3393-b095-3a76ec0510d5,S3B_OL_1_EFR____20231001T144050_20231001T144350_20240921T024129_0179_084_310_2160_MAR_R_NT_004.SEN3
f87ff6d0-e0cf-3ea1-9040-9d742ac6eb19,S3B_OL_1_EFR____20200531T141754_20200531T142054_20240526T094043_0179_039_267_2160_MAR_R_NT_004.SEN3
fd77fc94-34dd-3983-9ce4-aaa69db8ed77,S3B_OL_1_EFR____20181228T140201_20181228T140501_20240525T073505_0180_020_167_2340_MAR_R_NT_004.SEN3
0d8bf210-5cae-3cc0-bbe9-38b4bf8918c9,S3A_OL_1_EFR____20240716T152722_20240716T153022_20240920T183303_0179_114_339_2160_MAR_R_NT_004.SEN3
9778dce7-92b2-3a03-9cce-d778cef1572a,S3A_OL_1_EFR____20221118T140032_20221118T140332_20240605T170649_0179_092_167_2340_MAR_R_NT_004.SEN3
9dd4e17e-e326-37f5-947d-f87677b3b57a,S3B_OL_1_EFR____20220423T152057_20220423T152357_20240523T211126_0179_065_125_2340_MAR_R_NT_004.SEN3
63d9fa66-28f1-31b0-b72c-874b911bd4e4,S3B_OL_1_EFR____20230129T135203_20230129T135503_20240527T165014_0180_075_281_2160_MAR_R_NT_004.SEN3
4ef4c247-700a-38ad-b857-dd7de71dfdf5,S3B_OL_1_EFR____20230911T145933_20230911T150233_20240920T231551_0179_084_025_2160_MAR_R_NT_004.SEN3
008aa5c2-0264-337e-98db-7d2d6e980ac5,S3B_OL_1_EFR____20200611T143553_20200611T143853_20240526T064028_0179_040_039_2340_MAR_R_NT_004.SEN3
7c1b0043-37f1-32d3-b104-63fc42c955c3,S3A_OL_1_EFR____20210307T135732_20210307T140032_20240603T023532_0179_069_167_2160_MAR_R_NT_004.SEN3
c72bc6b3-10bd-3394-893d-8786db9dabcf,S3B_OL_1_EFR____20250307T152214_20250307T152514_20250308T170010_0179_104_068_2160_ESA_O_NT_004.SEN3
4ae32666-ffa9-3579-8995-c7c5cd670dcf,S3B_OL_1_EFR____20221128T140235_20221128T140535_20240524T075653_0179_073_167_2340_MAR_R_NT_004.SEN3
0bf6da12-7d1d-3b7e-a2cb-98c326a06aab,S3B_OL_1_EFR____20190601T152120_20190601T152420_20240525T140437_0179_026_068_2160_MAR_R_NT_004.SEN3
060f0233-d9fc-35e5-8d68-f20f3f761ec4,S3A_OL_1_EFR____20191108T151516_20191108T151816_20240601T123832_0179_051_182_2340_MAR_R_NT_004.SEN3
5f335b14-192a-4a45-a31d-2f7d8a252f2d,S3B_OL_1_EFR____20240730T134801_20240730T135101_20240730T220524_0180_096_010_2340_PS2_O_NT_004.SEN3
cf797927-afa3-3844-b166-6d6147d588a5,S3A_OL_1_EFR____20191029T143109_20191029T143409_20240601T122748_0179_051_039_2160_MAR_R_NT_004.SEN3
393ab811-b210-3143-9672-bc19bf3c29fb,S3B_OL_1_EFR____20250611T135536_20250611T135836_20250627T131249_0179_107_281_2340_ESA_O_NT_004.SEN3
a5a9c52f-f3c0-3b5c-b232-ee84bc480715,S3B_OL_1_EFR____20181221T134318_20181221T134618_20240525T070010_0179_020_067_2340_MAR_R_NT_004.SEN3
443cb3ec-55d5-4b13-8d55-7ec9948ea38b,S3B_OL_1_EFR____20240731T145949_20240731T150249_20240731T234141_0179_096_025_2160_PS2_O_NT_004.SEN3
3c09784b-f05a-37eb-bda9-5da9ae60cb40,S3A_OL_1_EFR____20180515T142337_20180515T142637_20240530T184711_0179_031_153_2160_MAR_R_NT_004.SEN3
918bd75f-9d6e-33ec-9529-395eae7c3680,S3A_OL_1_EFR____20190625T153830_20190625T154130_20240601T002435_0179_046_168_2160_MAR_R_NT_004.SEN3
94726167-6761-3e6f-a5a1-d9879ba98899,S3B_OL_1_EFR____20201110T135148_20201110T135448_20240526T152813_0179_045_281_2160_MAR_R_NT_004.SEN3
ad3d1cba-6c03-35c3-ba82-22e68ba2c0d4,S3A_OL_1_EFR____20220118T151957_20220118T152257_20240604T214027_0179_081_068_2160_MAR_R_NT_004.SEN3
ef4b4b0f-a4b6-36ff-bf3c-f9806a00a106,S3A_OL_1_EFR____20180721T134612_20180721T134912_20240531T013439_0179_033_338_2160_MAR_R_NT_004.SEN3
e766051f-e7c0-30f3-b883-a6e0af3c1832,S3A_OL_1_EFR____20190809T143108_20190809T143407_20240601T045438_0179_048_039_2160_MAR_R_NT_004.SEN3
178184c1-27d7-332c-a099-2dcb0dcc64aa,S3A_OL_1_EFR____20230531T151141_20230531T151441_20240606T061259_0180_099_239_2340_MAR_R_NT_004.SEN3
3e604d3a-207c-39d3-b2be-3365b81cb6c3,S3A_OL_1_EFR____20220328T153110_20220328T153410_20240605T021749_0179_083_282_2160_MAR_R_NT_004.SEN3
0c7f3af3-9072-38ed-a14a-8e63caa237ff,S3B_OL_1_EFR____20190819T143544_20190819T143844_20240525T141834_0179_029_039_2340_MAR_R_NT_004.SEN3
88a797c8-81fd-3e0e-b20c-e83fd27eceb2,S3B_OL_1_EFR____20250415T151359_20250415T151659_20250416T155918_0179_105_239_2340_ESA_O_NT_004.SEN3
53d0c8ba-99d0-4dbf-8612-5460fb065500,S3A_OL_1_EFR____20251129T135740_20251129T140040_20251130T150211_0180_133_167_2160_PS1_O_NT_004.SEN3
8208927c-21b0-32bd-bb15-7f0535e21b51,S3A_OL_1_EFR____20180117T134525_20180117T134825_20240530T090643_0179_027_010_2340_MAR_R_NT_004.SEN3
a57de6bc-7164-3310-abcb-65a9eb2fb043,S3A_OL_1_EFR____20181121T135725_20181121T140025_20240531T105646_0179_038_167_2160_MAR_R_NT_004.SEN3
b380bf03-28fc-3298-b7cf-fc28076b1ff9,S3B_OL_1_EFR____20210306T134418_20210306T134718_20240526T201024_0179_050_010_2160_MAR_R_NT_004.SEN3
03952db6-eb0b-32a7-88f6-1d1e163d7e9f,S3A_OL_1_EFR____20200618T153103_20200618T153403_20240602T044852_0179_059_282_2160_MAR_R_NT_004.SEN3
18fc8e46-b977-3b22-bc23-1b300c25f342,S3A_OL_1_EFR____20210116T135348_20210116T135648_20240602T223630_0179_067_224_2160_MAR_R_NT_004.SEN3
8dee10bc-f33e-3f53-8692-2af99aabc9c4,S3B_OL_1_EFR____20230420T153305_20230420T153605_20240527T220156_0179_078_282_2160_MAR_R_NT_004.SEN3
57172cd2-2cb8-360a-9d7f-1de6902a8842,S3A_OL_1_EFR____20230107T140117_20230107T140417_20240605T200559_0179_094_110_2160_MAR_R_NT_004.SEN3
f4943202-4fef-312f-9ace-12e977993e46,S3B_OL_1_EFR____20250215T154056_20250215T154356_20250216T162455_0179_103_168_2160_ESA_O_NT_004.SEN3
ec668f32-0f7e-3c46-b76f-14b63e1c8ffd,S3A_OL_1_EFR____20220914T152637_20220914T152937_20240605T132717_0180_090_011_2340_MAR_R_NT_004.SEN3
02b2b906-cf6d-395c-9c43-9432a9e76e30,S3A_OL_1_EFR____20190417T134616_20190417T134916_20240531T195702_0179_043_338_2160_MAR_R_NT_004.SEN3
1476884d-5c87-3381-a8e8-16077bac1537,S3B_OL_1_EFR____20180920T154521_20180920T154821_20240620T221931_0179_013_054_2160_MAR_R_NT_004.SEN3
3feadb74-b022-3354-8bf0-01b57639c366,S3B_OL_1_EFR____20230903T150702_20230903T151002_20240921T003248_0179_083_296_2160_MAR_R_NT_004.SEN3
508802f7-830b-3e78-a86d-977ceac88ef1,S3A_OL_1_EFR____20210802T150412_20210802T150712_20240603T143926_0179_074_353_2340_MAR_R_NT_004.SEN3
8fc2c166-274b-3473-b1c0-2ce0a9b51b16,S3A_OL_1_EFR____20180813T153052_20180813T153352_20240531T023644_0179_034_282_2160_MAR_R_NT_004.SEN3
ffd8939b-355f-3028-90e9-549e7afd711c,S3B_OL_1_EFR____20210104T150936_20210104T151236_20240526T201125_0179_047_296_2340_MAR_R_NT_004.SEN3
1f89146e-0b6c-4dc9-9eea-b45d536de2fc,S3A_OL_1_EFR____20240808T135305_20240808T135605_20240809T141318_0179_115_281_2340_PS1_O_NT_004.SEN3
a9cd5497-0ecf-36cc-9d1a-184e88593280,S3B_OL_1_EFR____20250607T154018_20250607T154318_20250608T155337_0179_107_225_2340_ESA_O_NT_004.SEN3
40a8bf20-096d-369f-90f0-8ca689121107,S3B_OL_1_EFR____20190411T140254_20190411T140554_20240525T121859_0179_024_110_2160_MAR_R_NT_004.SEN3
11a15a5e-8a5b-37a2-a895-a5b53925be31,S3A_OL_1_EFR____20180427T153056_20180427T153356_20240530T172110_0179_030_282_2160_MAR_R_NT_004.SEN3
08d76a5e-d66c-4e3c-b59f-d0bdd3d463c7,S3B_OL_1_EFR____20240815T151101_20240815T151401_20240816T001237_0179_096_239_2160_PS2_O_NT_004.SEN3
23d70acf-b0ba-359d-83ce-489b4971a2aa,S3A_OL_1_EFR____20210509T150758_20210509T151058_20240603T074151_0179_071_296_2340_MAR_R_NT_004.SEN3
c555510f-52c1-335a-a35b-8e335dde61fe,S3B_OL_1_EFR____20210715T134812_20210715T135112_20240527T031018_0180_054_338_2160_MAR_R_NT_004.SEN3
6b892420-3b30-30ba-8ca2-6ef5b7193480,S3A_OL_1_EFR____20200803T153832_20200803T154132_20240602T081753_0179_061_168_2160_MAR_R_NT_004.SEN3
ec941b28-277e-46e6-95d3-36d272e30185,S3B_OL_1_EFR____20241227T135912_20241227T140212_20241227T220524_0180_101_224_2340_PS2_O_NT_004.SEN3
5eee16a2-4e53-3b9c-a9b3-4f209a60c6d3,S3B_OL_1_EFR____20190427T153154_20190427T153454_20240525T091447_0179_024_339_2340_MAR_R_NT_004.SEN3
08ab9038-0905-3989-b795-c83cb7954643,S3A_OL_1_EFR____20211128T154220_20211128T154520_20240604T041704_0180_079_111_2160_MAR_R_NT_004.SEN3
f71fcc8f-17c9-374a-855a-4217c1eeba63,S3B_OL_1_EFR____20180828T154434_20180828T154734_20240620T202713_0179_012_111_2340_MAR_R_NT_004.SEN3
1b60eca9-e668-3f7f-a028-6530f180dd52,S3B_OL_1_EFR____20250507T154058_20250507T154358_20250508T163523_0179_106_168_2160_ESA_O_NT_004.SEN3
5d74f88a-eec3-3c53-86be-c6053a0799df,S3B_OL_1_EFR____20230210T152152_20230210T152452_20240527T182941_0180_076_068_2160_MAR_R_NT_004.SEN3
6e83deea-0791-393d-80cf-40478948a438,S3A_OL_1_EFR____20211113T135007_20211113T135307_20240604T041428_0179_078_281_2160_MAR_R_NT_004.SEN3
d2f25c27-bd4d-3028-857d-1e5ce20479f2,S3A_OL_1_EFR____20180805T140023_20180805T140323_20240531T023952_0179_034_167_2340_MAR_R_NT_004.SEN3
bbdced0e-cbd0-38f7-9405-02176a7147a6,S3B_OL_1_EFR____20181014T134157_20181014T134457_20240621T013724_0179_014_010_2160_MAR_R_NT_004.SEN3
fcc5f48d-c638-357a-bf3e-648f3aaa2c24,S3B_OL_1_EFR____20180924T154437_20180924T154737_20240620T231320_0180_013_111_2340_MAR_R_NT_004.SEN3
65f835f2-ccd8-4769-b6ff-b522a8b789dc,S3A_OL_1_EFR____20250202T151608_20250202T151908_20250203T154426_0179_122_125_2160_PS1_O_NT_004.SEN3
49e38721-92d5-3155-b8c7-6300ebd8208c,S3A_OL_1_EFR____20210916T135351_20210916T135651_20240603T162034_0180_076_224_2160_MAR_R_NT_004.SEN3
2e6e764d-0ec9-41c5-b947-6d817d02f2ef,S3A_OL_1_EFR____20250506T150501_20250506T150801_20250507T155315_0180_125_296_2160_PS1_O_NT_004.SEN3
b1d686b6-d61e-3499-ad3c-0b69d8d53a0d,S3B_OL_1_EFR____20190801T154004_20190801T154304_20240525T134555_0179_028_168_2160_MAR_R_NT_004.SEN3
d5735fd0-4eff-4d4d-83e7-b622e81795b6,S3B_OL_1_EFR____20250812T134812_20250812T135112_20250813T150247_0179_110_010_2340_ESA_O_NT_004.SEN3
24f68c61-8dfd-382e-9bd8-09f9484ed3b5,S3A_OL_1_EFR____20180825T152238_20180825T152538_20240531T033912_0179_035_068_2340_MAR_R_NT_004.SEN3
04fdce6f-5823-3b3c-a86a-f6a861b70d89,S3A_OL_1_EFR____20220222T151526_20220222T151826_20240604T223020_0179_082_182_2340_MAR_R_NT_004.SEN3
d097bc81-b4d7-4d1e-adb9-4a6b5cd301ce,S3A_OL_1_EFR____20250513T152342_20250513T152642_20250514T161214_0179_126_011_2160_PS1_O_NT_004.SEN3
4b52a5d2-af86-33df-acd5-7391ea160780,S3B_OL_1_EFR____20180813T134923_20180813T135223_20240620T193925_0179_011_281_2160_MAR_R_NT_004.SEN3
4bb5fe9f-7f28-3bb2-8016-099edac020fa,S3B_OL_1_EFR____20220608T134735_20220608T135035_20240523T231636_0179_067_010_2340_MAR_R_NT_004.SEN3
89b3380c-5f7c-3db2-b5ae-82e6ece97512,S3A_OL_1_EFR____20221203T141144_20221203T141444_20240605T173157_0179_092_381_2340_MAR_R_NT_004.SEN3
30b3ef96-c40c-3ed6-81b7-043b50bb16fe,S3B_OL_1_EFR____20240313T134831_20240313T135131_20240921T132432_0180_090_338_2160_MAR_R_NT_004.SEN3
b8c663a4-bddc-3ab3-8b3a-306b8adbb058,S3A_OL_1_EFR____20240109T134920_20240109T135220_20240920T055543_0179_107_338_2340_MAR_R_NT_004.SEN3
47eb8042-b9fb-30f4-a1d6-cf6581068b08,S3B_OL_1_EFR____20230106T134820_20230106T135120_20240527T163636_0179_074_338_2160_MAR_R_NT_004.SEN3
ce97fe67-9a2c-3138-9a4c-7e5032107557,S3B_OL_1_EFR____20200411T141404_20200411T141704_20240526T065455_0179_037_324_2160_MAR_R_NT_004.SEN3
0cc40c25-9edb-3254-a31b-5a7284aae8ff,S3B_OL_1_EFR____20240529T135225_20240529T135525_20240921T163050_0179_093_281_2160_MAR_R_NT_004.SEN3
dc04e46f-16f7-3de7-93e8-a10e721602f3,S3A_OL_1_EFR____20200410T152249_20200410T152549_20240602T003438_0179_057_068_2340_MAR_R_NT_004.SEN3
502b4b81-8efe-3abe-9df4-199607a21351,S3B_OL_1_EFR____20200729T135102_20200729T135402_20240526T090204_0179_041_338_2340_MAR_R_NT_004.SEN3
76d714ca-f2c5-3003-807a-ebf2dd36f65e,S3B_OL_1_EFR____20180730T145601_20180730T145901_20240620T185341_0179_011_082_2340_MAR_R_NT_004.SEN3
dff0c23d-8b51-3474-bef7-7b683861f35b,S3A_OL_1_EFR____20210423T151955_20210423T152255_20240603T061056_0179_071_068_2160_MAR_R_NT_004.SEN3
dca7cb2b-7c6c-3d3f-b66b-a78241ef493f,S3B_OL_1_EFR____20230610T151345_20230610T151645_20240627T173404_0180_080_239_2340_MAR_R_NT_004.SEN3
34c2dfde-9c1f-37f6-8693-fb3ce577aed4,S3B_OL_1_EFR____20181002T135310_20181002T135610_20240621T010919_0179_013_224_2160_MAR_R_NT_004.SEN3
75e0423c-5f35-3035-a6b0-c02a6f0a1b58,S3A_OL_1_EFR____20230406T135653_20230406T135953_20240606T015418_0179_097_224_2340_MAR_R_NT_004.SEN3
37159fdf-d6fb-3e33-a612-6dceb77a9b93,S3B_OL_1_EFR____20240626T151016_20240626T151316_20240921T181351_0179_094_296_2340_MAR_R_NT_004.SEN3
b957821e-7f84-321f-ad02-fd6451305dad,S3B_OL_1_EFR____20220112T135536_20220112T135836_20240523T143121_0179_061_224_2160_MAR_R_NT_004.SEN3
dd2fdfda-219a-3100-879d-bbf8825e4e31,S3B_OL_1_EFR____20240119T153226_20240119T153526_20240921T090346_0179_088_339_2340_MAR_R_NT_004.SEN3
fb3cb1b3-a340-3540-b3c1-eb568d614674,S3B_OL_1_EFR____20250322T135227_20250322T135527_20250323T144750_0179_104_281_2160_ESA_O_NT_004.SEN3
965636ef-a926-4675-ab96-f9f1684a93fd,S3A_OL_1_EFR____20250213T135308_20250213T135608_20250214T144117_0179_122_281_2340_PS1_O_NT_004.SEN3
896b5c25-b9bc-33b3-a5ff-f64447f500cd,S3B_OL_1_EFR____20240610T152513_20240610T152813_20240921T180013_0179_094_068_2340_MAR_R_NT_004.SEN3
672e8d06-0d60-37f8-bf7d-04dc5e04579a,S3B_OL_1_EFR____20250515T153631_20250515T153931_20250516T162235_0179_106_282_2340_ESA_O_NT_004.SEN3
0d888372-41e3-35e6-bebe-1e1254611f0f,S3A_OL_1_EFR____20200830T135729_20200830T140029_20240602T101812_0179_062_167_2160_MAR_R_NT_004.SEN3
f1c9fb23-972f-3e56-8064-4bdd022d41c6,S3B_OL_1_EFR____20240123T152543_20240123T152843_20240921T074927_0180_089_011_2160_MAR_R_NT_004.SEN3
cb14b57f-4d7f-35e2-8122-cb03ebe35269,S3A_OL_1_EFR____20220110T152724_20220110T153024_20240604T084812_0179_080_339_2160_MAR_R_NT_004.SEN3
ca6823b0-7a9b-30dd-a2b3-a9646c89027a,S3B_OL_1_EFR____20200821T153546_20200821T153846_20240526T110619_0179_042_282_2340_MAR_R_NT_004.SEN3
68aea48b-aea1-491c-a20e-4d06797a87c5,S3A_OL_1_EFR____20241205T154559_20241205T154859_20241206T161259_0180_120_054_2160_PS1_O_NT_004.SEN3
b9c671c6-d82d-3501-a5fa-44fa047348ce,S3A_OL_1_EFR____20200303T150746_20200303T151046_20240601T220126_0179_055_296_2340_MAR_R_NT_004.SEN3
22cfafab-a186-31e2-94c4-70b332b55a9a,S3B_OL_1_EFR____20190901T135519_20190901T135819_20240525T160552_0179_029_224_2160_MAR_R_NT_004.SEN3
0cc6f3d7-11e8-37d9-9cf4-fab8047457eb,S3A_OL_1_EFR____20210415T134924_20210415T135224_20240603T044054_0179_070_338_2340_MAR_R_NT_004.SEN3
a5e0dfdb-a5f4-3a7c-a916-9b8719429c9a,S3A_OL_1_EFR____20181125T153439_20181125T153739_20240531T111752_0179_038_225_2160_MAR_R_NT_004.SEN3
e05c04e0-5bf9-33be-af3a-049fd85559d9,S3A_OL_1_EFR____20220907T150754_20220907T151054_20240605T131535_0179_089_296_2340_MAR_R_NT_004.SEN3
baa62f98-8a52-3251-b634-83e65cdf35f1,S3A_OL_1_EFR____20240318T140034_20240318T140334_20240920T112125_0179_110_167_2340_MAR_R_NT_004.SEN3
9a787977-8d5c-3819-a22e-6df569fee017,S3A_OL_1_EFR____20230508T150758_20230508T151058_20240606T044910_0179_098_296_2340_MAR_R_NT_004.SEN3
df132847-7457-3c33-a99e-cc1f43e67947,S3B_OL_1_EFR____20210928T144416_20210928T144716_20240527T083644_0179_057_253_2160_MAR_R_NT_004.SEN3
5e424a0e-2eb0-3328-91a0-09cfd2510191,S3B_OL_1_EFR____20240204T151731_20240204T152031_20240921T101332_0179_089_182_2340_MAR_R_NT_004.SEN3
41a10c26-099e-3908-8af4-a49a380fe34e,S3B_OL_1_EFR____20191121T153919_20191121T154219_20240525T191534_0179_032_225_2340_MAR_R_NT_004.SEN3
023ac263-d97c-345a-be16-b761172cb81b,S3B_OL_1_EFR____20230116T143226_20230116T143526_20240527T144431_0179_075_096_2340_MAR_R_NT_004.SEN3
d811d527-a2d2-3c83-a015-975480f9cbf6,S3B_OL_1_EFR____20201014T135143_20201014T135443_20240526T141603_0179_044_281_2160_MAR_R_NT_004.SEN3
66413df0-de71-3578-a784-647b201c2372,S3A_OL_1_EFR____20180408T134227_20180408T134527_20240530T152127_0180_030_010_2160_MAR_R_NT_004.SEN3
95f05add-3a63-3dcb-8642-0a5967735436,S3A_OL_1_EFR____20220522T150800_20220522T151100_20240605T052058_0179_085_296_2340_MAR_R_NT_004.SEN3
f66b21fd-367c-3a6a-b53c-27b9c0ed52fd,S3A_OL_1_EFR____20240109T152719_20240109T153019_20240920T041646_0179_107_339_2160_MAR_R_NT_004.SEN3
743d5a28-0696-347c-a63f-34ebec41dc47,S3B_OL_1_EFR____20211012T134339_20211012T134639_20240527T082213_0179_058_067_2340_MAR_R_NT_004.SEN3
3e19495f-b2da-4001-9f68-34bd010b3fae,S3A_OL_1_EFR____20250805T140510_20250805T140810_20250806T145723_0179_129_053_2160_PS1_O_NT_004.SEN3
63e7065b-60f6-3a18-b5ac-3a4cf9f3a81c,S3B_OL_1_EFR____20240401T153958_20240401T154258_20240921T120758_0179_091_225_2340_MAR_R_NT_004.SEN3
b8752443-91b1-3b6b-96d1-3d6f21618afe,S3B_OL_1_EFR____20190909T134750_20190909T135050_20240525T191330_0179_029_338_2160_MAR_R_NT_004.SEN3
8de7eab4-1f7c-4406-bc35-5ffffba5b403,S3A_OL_1_EFR____20240731T135735_20240731T140035_20240801T141953_0179_115_167_2160_PS1_O_NT_004.SEN3
8508d4fa-8e58-3597-9a76-e968c3f05439,S3A_OL_1_EFR____20181010T134913_20181010T135213_20240531T071408_0179_036_338_2340_MAR_R_NT_004.SEN3
8184774a-650b-38fe-9eb6-a9788b3865b0,S3A_OL_1_EFR____20240216T154517_20240216T154817_20240920T081407_0180_109_111_2340_MAR_R_NT_004.SEN3
ad076499-a27d-477f-a813-b18f015b4043,S3A_OL_1_EFR____20250520T154525_20250520T154825_20250521T163430_0179_126_111_2340_PS1_O_NT_004.SEN3
3675b339-7069-363f-93f5-cd98ae76f1ad,S3A_OL_1_EFR____20210828T134922_20210828T135222_20240603T164501_0179_075_338_2340_MAR_R_NT_004.SEN3
7c9acadc-5cc7-34e5-9812-6fde8484c002,S3A_OL_1_EFR____20190806T140841_20190806T141141_20240601T034701_0179_047_381_2160_MAR_R_NT_004.SEN3
edfee857-f559-30e7-8624-2f4b52eb0c05,S3B_OL_1_EFR____20201011T151315_20201011T151615_20240526T120554_0179_044_239_2340_MAR_R_NT_004.SEN3
7c3adc9b-da55-360d-8996-fc2c543c65ad,S3A_OL_1_EFR____20220726T152253_20220726T152553_20240605T104738_0179_088_068_2340_MAR_R_NT_004.SEN3
9476b0cd-6297-39be-b7c2-bd9e03e5ae89,S3B_OL_1_EFR____20220312T150940_20220312T151240_20240523T192313_0180_063_296_2340_MAR_R_NT_004.SEN3
a79f14f1-f0c8-3026-8ea4-f15027f1943f,S3B_OL_1_EFR____20220709T134353_20220709T134653_20240524T020756_0179_068_067_2340_MAR_R_NT_004.SEN3
9789bda9-c1ff-479f-af42-456339df4779,S3B_OL_1_EFR____20241215T154824_20241215T155124_20241216T080237_0179_101_054_2160_PS2_O_NT_004.SEN3
de7513b6-2284-37c8-a4ad-c67579755353,S3A_OL_1_EFR____20200325T135645_20200325T135945_20240601T225028_0180_056_224_2340_MAR_R_NT_004.SEN3
a07af629-1737-3e7b-9746-e237c775d08d,S3B_OL_1_EFR____20220320T150211_20220320T150511_20240523T185331_0179_064_025_2340_MAR_R_NT_004.SEN3
0f751011-87d1-3389-b90b-18a1283420ff,S3A_OL_1_EFR____20190922T134959_20190922T135259_20240601T092115_0179_049_281_2160_MAR_R_NT_004.SEN3
dea924ac-6f11-39ae-826f-e1ae0bab1c63,S3A_OL_1_EFR____20190618T152247_20190618T152547_20240601T001851_0179_046_068_2340_MAR_R_NT_004.SEN3
6dafd125-b70e-31ec-b79e-de9d059da9ab,S3A_OL_1_EFR____20210717T151912_20210717T152212_20240603T124659_0179_074_125_2340_MAR_R_NT_004.SEN3
11a34fca-ae78-38e4-ab7e-d239ae04b6fc,S3A_OL_1_EFR____20230418T152641_20230418T152941_20240606T032007_0179_098_011_2340_MAR_R_NT_004.SEN3
75b5f575-8837-32dd-8899-0294095aa0ef,S3B_OL_1_EFR____20240318T150234_20240318T150534_20240921T133255_0179_091_025_2340_MAR_R_NT_004.SEN3
51649d96-4a4d-3479-bdc0-c34c730a9afa,S3B_OL_1_EFR____20190319T154307_20190319T154607_20240525T073519_0179_023_168_2340_MAR_R_NT_004.SEN3
6c339677-f014-3fa5-bb96-3c38cdfc14c4,S3A_OL_1_EFR____20220728T142731_20220728T143031_20240605T105039_0179_088_096_2160_MAR_R_NT_004.SEN3
978aabcb-b843-3eb5-9c8d-5e0a006b01a1,S3B_OL_1_EFR____20190821T152421_20190821T152721_20240525T153739_0179_029_068_2340_MAR_R_NT_004.SEN3
16983300-354f-34af-97b1-d64010aa3e36,S3A_OL_1_EFR____20230712T152250_20230712T152550_20240628T052155_0179_101_068_2340_MAR_R_NT_004.SEN3
a959372e-d2be-30cd-87f3-ebcb781fbe67,S3A_OL_1_EFR____20210901T152636_20210901T152936_20240603T164228_0179_076_011_2340_MAR_R_NT_004.SEN3
c2105c2a-1816-3ddd-a4c7-d8720356c740,S3A_OL_1_EFR____20230930T140759_20230930T141059_20240919T223834_0179_104_053_2340_MAR_R_NT_004.SEN3
1509b57b-17d7-33b9-baf6-8a8809270b7a,S3A_OL_1_EFR____20210531T153753_20210531T154053_20240603T090948_0179_072_225_2340_MAR_R_NT_004.SEN3
2a07bdef-f0da-3324-b3d9-ad78d4852ced,S3B_OL_1_EFR____20180710T151145_20180710T151445_20240620T172652_0179_010_182_2160_MAR_R_NT_004.SEN3
8370aefc-455c-4284-8231-f91e9163fc0b,S3B_OL_1_EFR____20240818T135228_20240818T135528_20240818T221306_0179_096_281_2160_PS2_O_NT_004.SEN3
6efaee2a-6ec9-36ee-bfda-6628defb0b84,S3B_OL_1_EFR____20181113T151558_20181113T151858_20240621T051136_0179_017_054_2160_MAR_R_NT_004.SEN3
6c76ba75-b434-3e5d-b93b-7170725bf637,S3B_OL_1_EFR____20220216T153207_20220216T153507_20240523T164401_0179_062_339_2340_MAR_R_NT_004.SEN3
45d9be63-08be-48e4-8875-6b2dec53d9c6,S3B_OL_1_EFR____20251005T134807_20251005T135107_20251006T133827_0179_112_010_2340_ESA_O_NT_004.SEN3
439578f0-7dfb-341d-a86b-008bb6a13a86,S3B_OL_1_EFR____20230108T143657_20230108T143957_20240527T111536_0179_074_367_2160_MAR_R_NT_004.SEN3
185911aa-7da4-3419-ba1e-da14a02dbab4,S3A_OL_1_EFR____20190526T151604_20190526T151904_20240531T222521_0180_045_125_2160_MAR_R_NT_004.SEN3
4090d18e-f3ba-3b86-995e-8ab8a1622263,S3A_OL_1_EFR____20240121T151906_20240121T152206_20240920T065020_0179_108_125_2340_MAR_R_NT_004.SEN3
fc479ad6-0711-4384-a27f-f7acb5bba03c,S3B_OL_1_EFR____20240831T145905_20240831T150205_20240831T231630_0179_097_082_2340_PS2_O_NT_004.SEN3
cc62c406-7d35-4fcc-a493-1c1e0055ce0b,S3A_OL_1_EFR____20250412T152725_20250412T153025_20250413T161832_0180_124_339_2160_PS1_O_NT_004.SEN3
04c0ca79-9aab-3545-ad01-813cc1ca1244,S3B_OL_1_EFR____20220430T135541_20220430T135841_20240523T211008_0180_065_224_2160_MAR_R_NT_004.SEN3
8a2570b3-7395-4ee5-af12-14051ecfb950,S3B_OL_1_EFR____20250818T143006_20250818T143306_20250819T153944_0179_110_096_2160_ESA_O_NT_004.SEN3
40f9a936-ac72-335f-b25f-35006732e8f9,S3A_OL_1_EFR____20231116T134916_20231116T135216_20240920T002355_0179_105_338_2340_MAR_R_NT_004.SEN3
825e7f30-29f7-32a4-8c13-2490eaf23548,S3B_OL_1_EFR____20211008T134724_20211008T135024_20240527T071407_0179_058_010_2340_MAR_R_NT_004.SEN3
f8e7ea5f-0dc9-345e-accb-7158605a1f31,S3A_OL_1_EFR____20191220T134527_20191220T134827_20240601T162252_0180_053_010_2340_MAR_R_NT_004.SEN3
8ac8ad58-ec23-38f7-ac6d-9e21608358a6,S3B_OL_1_EFR____20230811T150320_20230811T150620_20240921T002450_0179_082_353_2160_MAR_R_NT_004.SEN3
3ac50e9e-7158-38ad-a103-831f2fb9c3d9,S3B_OL_1_EFR____20250503T140642_20250503T140942_20250504T141354_0179_106_110_2340_ESA_O_NT_004.SEN3
0bea3bde-b947-3ae6-bdf2-fd3029bbc8f8,S3A_OL_1_EFR____20200623T150408_20200623T150708_20240602T060729_0179_059_353_2340_MAR_R_NT_004.SEN3
1a9a76f2-c92b-3c78-ab62-4fa372883a5c,S3A_OL_1_EFR____20191027T134531_20191027T134831_20240601T111622_0179_051_010_2340_MAR_R_NT_004.SEN3
f1b38608-5605-308c-a9de-5737911eb644,S3B_OL_1_EFR____20191102T134749_20191102T135049_20240525T191128_0179_031_338_2160_MAR_R_NT_004.SEN3
f0c8fe48-2b08-3142-a698-582d98fdf49f,S3A_OL_1_EFR____20200503T152636_20200503T152936_20240602T013645_0179_058_011_2340_MAR_R_NT_004.SEN3
dfc3590e-df26-3938-abc5-3e028e339033,S3A_OL_1_EFR____20210716T154523_20210716T154823_20240603T124621_0179_074_111_2340_MAR_R_NT_004.SEN3
99e2f5b3-3b29-37f8-a43b-905c678f4dfa,S3B_OL_1_EFR____20230815T145936_20230815T150236_20240920T224219_0179_083_025_2160_MAR_R_NT_004.SEN3
25670b13-58bb-349b-9cb7-e382d200bdfa,S3B_OL_1_EFR____20250625T143302_20250625T143602_20250626T154118_0179_108_096_2340_ESA_O_NT_004.SEN3
6a45dfc1-7574-39f8-a9b5-595143c723d1,S3B_OL_1_EFR____20220506T144336_20220506T144636_20240523T223849_0179_065_310_2340_MAR_R_NT_004.SEN3
cbcfa461-64aa-3731-b94a-e0ad17744433,S3A_OL_1_EFR____20190808T145719_20190808T150019_20240601T045707_0179_048_025_2160_MAR_R_NT_004.SEN3
2b30515e-d33f-3888-b4b6-ef95518738e1,S3B_OL_1_EFR____20191125T135436_20191125T135736_20240525T191711_0179_032_281_2340_MAR_R_NT_004.SEN3
91ef8ac2-aabc-3ce2-be6f-98774d78fbc7,S3A_OL_1_EFR____20190822T135341_20190822T135641_20240601T045817_0179_048_224_2160_MAR_R_NT_004.SEN3
536c9965-c0e2-3603-a0fb-5b633e9eb424,S3A_OL_1_EFR____20191019T135000_20191019T135300_20240601T102438_0179_050_281_2160_MAR_R_NT_004.SEN3
9f628946-538d-44e8-b92b-ca5235d281c5,S3B_OL_1_EFR____20250817T145616_20250817T145916_20250818T145431_0179_110_082_2160_ESA_O_NT_004.SEN3
5bc41e17-a81c-3c98-885e-aa8aced6f817,S3B_OL_1_EFR____20190925T151651_20190925T151951_20240525T155602_0179_030_182_2340_MAR_R_NT_004.SEN3
a9686ef3-6513-4d28-85f3-3a9aa734f2d5,S3B_OL_1_EFR____20240825T141411_20240825T141711_20240825T221548_0179_096_381_2340_PS2_O_NT_004.SEN3
89e2e70e-38d4-36e7-bd84-d0df50774b7d,S3B_OL_1_EFR____20181105T153703_20181105T154003_20240621T063455_0180_016_325_2340_MAR_R_NT_004.SEN3
6e39cbf8-aa3a-3ef2-8f3c-9ec171e141e2,S3A_OL_1_EFR____20180705T154510_20180705T154810_20240530T225940_0179_033_111_2340_MAR_R_NT_004.SEN3
58e0f6ff-2834-3049-bd7b-324b38201574,S3A_OL_1_EFR____20190802T141526_20190802T141826_20240601T045637_0179_047_324_2340_MAR_R_NT_004.SEN3
8fef4e4e-d483-3cf1-966a-9d6c7dbc402b,S3B_OL_1_EFR____20230823T145507_20230823T145807_20240920T235040_0179_083_139_2340_MAR_R_NT_004.SEN3
c023321e-d61c-37fc-8183-3e28940f9743,S3A_OL_1_EFR____20180311T154932_20180311T155232_20240530T124302_0179_028_382_2160_MAR_R_NT_004.SEN3
68ea4491-42d1-35e3-b51a-b88ff5d3a897,S3A_OL_1_EFR____20220521T153410_20220521T153710_20240605T052034_0180_085_282_2340_MAR_R_NT_004.SEN3
5e9c1720-3c82-3f85-8582-b82acecb7662,S3B_OL_1_EFR____20190224T135820_20190224T140120_20240525T054219_0179_022_224_2340_MAR_R_NT_004.SEN3
d72f2af6-425e-3346-b461-4c7c55418dda,S3B_OL_1_EFR____20191117T154004_20191117T154304_20240526T005342_0179_032_168_2160_MAR_R_NT_004.SEN3
730e6e25-1746-3ee9-8e71-9da9e0eec2fc,S3A_OL_1_EFR____20220817T154946_20220817T155246_20240605T115930_0179_088_382_2160_MAR_R_NT_004.SEN3
028cb37f-fe4f-368e-92a8-3fd5c969b372,S3A_OL_1_EFR____20210508T135010_20210508T135310_20240603T063827_0179_071_281_2160_MAR_R_NT_004.SEN3
e5353746-0944-365c-9c7a-080a83a8f2b3,S3B_OL_1_EFR____20190320T151656_20190320T151956_20240525T100108_0179_023_182_2340_MAR_R_NT_004.SEN3
3c5af0f2-c7f1-399e-86d7-aec67b4d4a99,S3B_OL_1_EFR____20210819T152444_20210819T152744_20240527T042158_0180_056_068_2340_MAR_R_NT_004.SEN3
ce01fdf2-b0b9-41de-a575-3beacc312631,S3B_OL_1_EFR____20241223T140256_20241223T140556_20241223T220611_0179_101_167_2340_PS2_O_NT_004.SEN3
28be6c96-a1b8-3717-b4f9-61e5c78f1bd6,S3A_OL_1_EFR____20220413T151612_20220413T151912_20240605T030859_0179_084_125_2160_MAR_R_NT_004.SEN3
061150e6-20a2-3f7c-9538-7b2d2914145a,S3B_OL_1_EFR____20250608T151408_20250608T151708_20250609T150446_0179_107_239_2340_ESA_O_NT_004.SEN3
ecb2e6a4-881a-3cfc-a432-9d36eb27ead7,S3B_OL_1_EFR____20230723T145850_20230723T150150_20240627T190854_0179_082_082_2340_MAR_R_NT_004.SEN3
b7a2a08c-af7f-3428-a41a-25bf367cf7cc,S3B_OL_1_EFR____20181006T153025_20181006T153325_20240621T032220_0179_013_282_2160_MAR_R_NT_004.SEN3
f870302c-a092-3681-98a4-79c83ca48dd6,S3B_OL_1_EFR____20250223T135227_20250223T135527_20250224T142855_0180_103_281_2160_ESA_O_NT_004.SEN3
c85534e1-d2c2-362c-9d1d-461270ef521f,S3B_OL_1_EFR____20220220T152523_20220220T152823_20240523T173014_0179_063_011_2160_MAR_R_NT_004.SEN3
cfc9c782-1309-4f61-8b53-faf8a2c8d248,S3B_OL_1_EFR____20250831T135542_20250831T135842_20250901T135449_0179_110_281_2340_ESA_O_NT_004.SEN3
9f9376f8-7dc9-30e6-9483-20cc4b239c4f,S3B_OL_1_EFR____20191110T152421_20191110T152721_20240526T004640_0179_032_068_2340_MAR_R_NT_004.SEN3
155edc34-7328-399b-8c52-27cd6fdb949f,S3B_OL_1_EFR____20240203T154342_20240203T154642_20240921T083316_0179_089_168_2340_MAR_R_NT_004.SEN3
a8f0f085-e15e-3ec0-93f4-c4695d904162,S3B_OL_1_EFR____20200518T145817_20200518T150117_20240526T080608_0179_039_082_2340_MAR_R_NT_004.SEN3
5e8ab89a-dd1f-347d-aeeb-726786b69175,S3A_OL_1_EFR____20190321T152710_20190321T153010_20240531T181755_0179_042_339_2160_MAR_R_NT_004.SEN3
faa0d3c5-c26a-3785-a997-6c8a0a4f328c,S3A_OL_1_EFR____20191207T141950_20191207T142250_20240601T143146_0179_052_210_2160_MAR_R_NT_004.SEN3
31e283e0-9810-4460-a628-988096186b45,S3A_OL_1_EFR____20250221T152637_20250221T152937_20250222T161626_0179_123_011_2340_PS1_O_NT_004.SEN3
0ba02b45-4258-3ab4-85b2-12c03474eb51,S3B_OL_1_EFR____20201014T135443_20201014T135743_20240526T141621_0180_044_281_2340_MAR_R_NT_004.SEN3
5735c03c-2231-35e6-af72-dec876b7dd8f,S3B_OL_1_EFR____20181112T140233_20181112T140533_20240621T060548_0179_017_039_2160_MAR_R_NT_004.SEN3
a37d7eb1-0d0d-48a1-bee2-01d700ebc26f,S3B_OL_1_EFR____20241201T151401_20241201T151701_20241202T080537_0179_100_239_2340_PS2_O_NT_004.SEN3
098f5bd1-7337-3089-b9bf-cacbe0a466f1,S3B_OL_1_EFR____20200818T151320_20200818T151620_20240526T120907_0179_042_239_2340_MAR_R_NT_004.SEN3
4ee44ead-4715-3652-ae0b-c985189d4ed7,S3B_OL_1_EFR____20230121T135930_20230121T140230_20240527T125312_0180_075_167_2160_MAR_R_NT_004.SEN3
727ae4be-f6f0-370b-b8ae-7254f125df2c,S3A_OL_1_EFR____20200318T151600_20200318T151900_20240601T231130_0180_056_125_2160_MAR_R_NT_004.SEN3
290ae369-a587-3671-aeb9-bed78929b7ca,S3B_OL_1_EFR____20191117T140204_20191117T140504_20240525T230328_0179_032_167_2340_MAR_R_NT_004.SEN3
bd667c59-3d1e-30ba-aecc-b3a9951c8dc4,S3B_OL_1_EFR____20250603T154102_20250603T154402_20250604T175218_0179_107_168_2160_ESA_O_NT_004.SEN3
d8424156-566a-3aa4-9bdf-bdb8cb17e790,S3B_OL_1_EFR____20181204T142426_20181204T142726_20240621T083547_0179_019_210_2340_MAR_R_NT_004.SEN3
9234f3cc-9bab-39e7-8101-0e1bee63f4cc,S3B_OL_1_EFR____20250610T141846_20250610T142146_20250611T153026_0179_107_267_2160_ESA_O_NT_004.SEN3
a65ba2ad-6a69-37f6-b47b-4158c702929e,S3A_OL_1_EFR____20211226T151609_20211226T151909_20240604T074449_0180_080_125_2160_MAR_R_NT_004.SEN3
7a87f60c-1495-46a9-baa2-fe348334ca55,S3A_OL_1_EFR____20250726T150802_20250726T151102_20250727T155710_0179_128_296_2340_PS1_O_NT_004.SEN3
425a5ef0-f6d5-3cd2-8226-b2ae475b0637,S3B_OL_1_EFR____20180901T135950_20180901T140250_20240620T212240_0179_012_167_2340_MAR_R_NT_004.SEN3
aac63289-0ebc-4d45-a711-de23ac9c14f4,S3A_OL_1_EFR____20250824T141537_20250824T141837_20250825T151252_0179_129_324_2340_PS1_O_NT_004.SEN3
ee72befa-ed10-3d5f-ab7c-2488168e7101,S3A_OL_1_EFR____20191030T140758_20191030T141058_20240601T112854_0179_051_053_2340_MAR_R_NT_004.SEN3
83602395-795b-3bc5-b7ef-b17b01a6b7ba,S3B_OL_1_EFR____20230621T152544_20230621T152844_20240627T175736_0179_081_011_2160_MAR_R_NT_004.SEN3
50290aad-1b07-3f94-be81-d43451d15758,S3B_OL_1_EFR____20200206T154300_20200206T154600_20240526T030335_0179_035_168_2340_MAR_R_NT_004.SEN3
d72af7b9-b2de-360d-87ee-4bccbb3428f2,S3A_OL_1_EFR____20221128T144139_20221128T144439_20240605T170809_0179_092_310_2340_MAR_R_NT_004.SEN3
b39dd036-a61a-3a86-91a2-85c6ffd28410,S3B_OL_1_EFR____20210218T135914_20210218T140214_20240526T182704_0179_049_167_2160_MAR_R_NT_004.SEN3
7b95ced1-c425-30d5-9905-dcfc0c032eac,S3A_OL_1_EFR____20210430T153838_20210430T154138_20240603T064033_0179_071_168_2160_MAR_R_NT_004.SEN3
48f931ff-36f1-337d-8c21-9952fb7ebfcf,S3A_OL_1_EFR____20200116T134230_20200116T134530_20240601T172933_0179_054_010_2160_MAR_R_NT_004.SEN3
de5bc055-a185-3256-ab9a-7a1d98721792,S3B_OL_1_EFR____20180801T140039_20180801T140339_20240620T202638_0179_011_110_2160_MAR_R_NT_004.SEN3
b5ad5a7a-dc4f-3063-9e31-2cd7e742f14a,S3B_OL_1_EFR____20221229T153649_20221229T153949_20240524T114926_0180_074_225_2160_MAR_R_NT_004.SEN3
b5781b70-4754-3d7a-bf25-fdb2c40e42c3,S3B_OL_1_EFR____20200206T135900_20200206T140200_20240526T022812_0179_035_167_2160_MAR_R_NT_004.SEN3
2e8d9f8c-9a8f-3778-8bb6-a74071e8cec3,S3A_OL_1_EFR____20230306T153832_20230306T154132_20240606T001951_0179_096_168_2160_MAR_R_NT_004.SEN3
83bf4b2f-cd87-3ce6-9c80-796247e9231b,S3B_OL_1_EFR____20250215T140257_20250215T140557_20250216T144654_0180_103_167_2340_ESA_O_NT_004.SEN3
b0b0d85a-db5b-3dd8-aa0c-4d6c27be9df2,S3A_OL_1_EFR____20230115T153448_20230115T153748_20240605T202533_0179_094_225_2160_MAR_R_NT_004.SEN3
2edcad7c-c4d2-3dcf-8c6b-4f2890f553a8,S3B_OL_1_EFR____20240718T154013_20240718T154313_20240921T185418_0179_095_225_2340_MAR_R_NT_004.SEN3
5dc6a104-1b6f-4ae4-a477-feb48911c926,S3A_OL_1_EFR____20250827T143803_20250827T144103_20250828T153642_0179_129_367_2340_PS1_O_NT_004.SEN3
acbc14e9-cd6e-380a-a178-9af4b929588d,S3A_OL_1_EFR____20191011T140029_20191011T140329_20240601T094039_0179_050_167_2340_MAR_R_NT_004.SEN3
fc379af6-0dd7-3359-a469-ea05983eb9f8,S3A_OL_1_EFR____20210812T154519_20210812T154819_20240603T141709_0179_075_111_2340_MAR_R_NT_004.SEN3
ffdb2642-45b6-3bcf-8fe4-33ddf3bba9cf,S3B_OL_1_EFR____20181030T145710_20181030T150010_20240621T041607_0179_016_239_2160_MAR_R_NT_004.SEN3
0b7b65a2-34ad-3233-a588-fe48cd70c33a,S3A_OL_1_EFR____20210220T153019_20210220T153319_20240603T003446_0179_068_339_2340_MAR_R_NT_004.SEN3
97866bf0-c15a-3d24-a9bc-8ddc17662988,S3A_OL_1_EFR____20210623T153839_20210623T154139_20240603T104911_0179_073_168_2160_MAR_R_NT_004.SEN3
9246bfc8-9f3e-31f7-b820-d44f27680b4c,S3B_OL_1_EFR____20191025T135516_20191025T135816_20240525T210927_0179_031_224_2160_MAR_R_NT_004.SEN3
577915e3-3deb-3fde-ace5-c9f6be618805,S3A_OL_1_EFR____20191127T151942_20191127T152242_20240601T132804_0179_052_068_2160_MAR_R_NT_004.SEN3
49d2c036-01b0-3e2e-a5c6-513c944f69a1,S3B_OL_1_EFR____20220605T150607_20220605T150907_20240524T000244_0179_066_353_2340_MAR_R_NT_004.SEN3
a41ec511-ce04-35ae-8fc6-aaa7e3108fdf,S3B_OL_1_EFR____20250620T145957_20250620T150257_20250621T154222_0179_108_025_2160_ESA_O_NT_004.SEN3
c749ad18-e4e8-3e1b-9fde-7c8bd6b9a673,S3B_OL_1_EFR____20210324T141757_20210324T142057_20240526T220610_0179_050_267_2160_MAR_R_NT_004.SEN3
ee8e2fca-af91-3ecc-a7ae-9e8163cf4ed5,S3A_OL_1_EFR____20210627T153755_20210627T154055_20240603T104141_0179_073_225_2340_MAR_R_NT_004.SEN3
a5d09b22-1271-37c0-a407-5737106f128c,S3A_OL_1_EFR____20210121T150753_20210121T151053_20240602T223638_0179_067_296_2340_MAR_R_NT_004.SEN3
1be883a7-e12d-3934-b53b-73a97964ae8f,S3B_OL_1_EFR____20191026T151305_20191026T151605_20240525T191730_0180_031_239_2340_MAR_R_NT_004.SEN3
c7b0a0ce-c4a5-4d0c-b4c6-d645e2f22b47,S3A_OL_1_EFR____20250201T154218_20250201T154518_20250202T161244_0179_122_111_2160_PS1_O_NT_004.SEN3
d5b39bae-468d-36fb-ac43-a00fa5712656,S3A_OL_1_EFR____20180522T144218_20180522T144518_20240530T194404_0180_031_253_2160_MAR_R_NT_004.SEN3
c680600f-f344-3d4a-be45-b842a9c63934,S3A_OL_1_EFR____20210928T134539_20210928T134839_20240604T004843_0179_077_010_2340_MAR_R_NT_004.SEN3
19387883-0fa7-3606-9872-0d305b2205d0,S3A_OL_1_EFR____20221103T153020_20221103T153320_20240605T155040_0179_091_339_2340_MAR_R_NT_004.SEN3
9dc2e159-8d3d-3128-9c39-47f3797733f5,S3A_OL_1_EFR____20231020T134918_20231020T135218_20240919T214936_0179_104_338_2340_MAR_R_NT_004.SEN3
2eefebc8-caf8-3e5c-ab33-54709bd69989,S3B_OL_1_EFR____20220508T152914_20220508T153214_20240523T210812_0179_065_339_2160_MAR_R_NT_004.SEN3
56f35343-eb32-3f96-8779-fa0b934dce43,S3B_OL_1_EFR____20250615T135152_20250615T135452_20250616T144430_0180_107_338_2340_ESA_O_NT_004.SEN3
80c99f9a-171c-33e6-a820-d9d4951b5530,S3A_OL_1_EFR____20191119T153012_20191119T153312_20240601T125357_0179_051_339_2340_MAR_R_NT_004.SEN3
f96f209c-ea61-44c9-9b92-ba0e282a6951,S3B_OL_1_EFR____20241204T153327_20241204T153627_20241205T075820_0179_100_282_2160_PS2_O_NT_004.SEN3
761b1c89-0777-30e7-9029-cdb5f75cb2be,S3B_OL_1_EFR____20180921T152211_20180921T152511_20240620T231522_0179_013_068_2340_MAR_R_NT_004.SEN3
e10c2a1a-11cd-3454-91c3-de6b59baa7c9,S3B_OL_1_EFR____20211106T143602_20211106T143902_20240527T104122_0179_059_039_2340_MAR_R_NT_004.SEN3
9c4a8e11-9df3-34ab-acf4-55702ef01b35,S3A_OL_1_EFR____20230704T134919_20230704T135219_20240628T010605_0179_100_338_2340_MAR_R_NT_004.SEN3
73758b99-b1d6-3131-a2e6-673f3c75f4d0,S3B_OL_1_EFR____20180708T142308_20180708T142608_20240620T165946_0180_010_153_2160_MAR_R_NT_004.SEN3
103466aa-0588-37fd-9041-1e73a3f8c8ef,S3B_OL_1_EFR____20250426T134758_20250426T135058_20250427T134655_0179_106_010_2340_ESA_O_NT_004.SEN3
a0822f55-86f7-331e-b50f-150c09246c4a,S3B_OL_1_EFR____20230718T152546_20230718T152846_20240627T144753_0179_082_011_2160_MAR_R_NT_004.SEN3
5088e735-3d4f-350c-827a-165eceadfad9,S3B_OL_1_EFR____20200519T142906_20200519T143206_20240526T055400_0179_039_096_2160_MAR_R_NT_004.SEN3
8ab5b5cf-7220-3d9d-a62d-a8a06f515d5a,S3A_OL_1_EFR____20181207T152324_20181207T152624_20240531T112114_0180_039_011_2160_MAR_R_NT_004.SEN3
c69cec23-36fd-3159-81e8-965ec7846652,S3A_OL_1_EFR____20230219T134619_20230219T134919_20240605T225133_0179_095_338_2160_MAR_R_NT_004.SEN3
b5de5b55-6ea3-32c6-8d19-84f9eb46efb3,S3A_OL_1_EFR____20231201T135728_20231201T140028_20240920T030643_0179_106_167_2160_MAR_R_NT_004.SEN3
d1b4274d-e525-31f0-b59f-b5f98ba3dd0e,S3B_OL_1_EFR____20210118T140259_20210118T140559_20240526T192021_0179_048_110_2160_MAR_R_NT_004.SEN3
a89120a1-7df8-3a44-a698-2a0e31dad82c,S3A_OL_1_EFR____20220424T135013_20220424T135313_20240605T034555_0179_084_281_2160_MAR_R_NT_004.SEN3
a26826b8-94d4-37a2-8ed8-02ed181f813a,S3B_OL_1_EFR____20250613T144114_20250613T144414_20250614T155908_0179_107_310_2160_ESA_O_NT_004.SEN3
e9556b83-5273-357b-8180-03c62b8b2743,S3B_OL_1_EFR____20190527T141017_20190527T141317_20240525T134526_0179_025_381_2160_MAR_R_NT_004.SEN3
e552487a-c34b-35f7-8a20-1f7691b9bc45,S3B_OL_1_EFR____20211010T143601_20211010T143901_20240527T081948_0179_058_039_2340_MAR_R_NT_004.SEN3
6e73c049-9a53-3771-a94a-7aef798b7726,S3B_OL_1_EFR____20190113T152804_20190113T153104_20240525T064757_0180_021_011_2340_MAR_R_NT_004.SEN3
e54e76f2-bc06-3790-be45-f0df80c8c472,S3A_OL_1_EFR____20231006T144953_20231006T145253_20240919T213237_0180_104_139_2160_MAR_R_NT_004.SEN3
254b26f8-07f4-4032-b5ce-74108b1c0b67,S3A_OL_1_EFR____20250413T150115_20250413T150415_20250414T154802_0179_124_353_2160_PS1_O_NT_004.SEN3
1e047efa-e6e8-3312-a99e-c89b71fec3ce,S3A_OL_1_EFR____20200819T152332_20200819T152632_20240602T091640_0179_062_011_2160_MAR_R_NT_004.SEN3
5e59ac2d-0114-3a89-89ab-73854a888d8d,S3B_OL_1_EFR____20250411T151444_20250411T151744_20250412T152043_0180_105_182_2160_ESA_O_NT_004.SEN3
322774f0-396f-3d17-884e-a8b183b23531,S3A_OL_1_EFR____20200510T154518_20200510T154818_20240602T021046_0179_058_111_2340_MAR_R_NT_004.SEN3
882aefc2-ad58-3062-b257-d5a43f2742f7,S3B_OL_1_EFR____20210818T154755_20210818T155055_20240527T064937_0179_056_054_2160_MAR_R_NT_004.SEN3
b248f584-ba31-314a-a9bc-df689838c322,S3B_OL_1_EFR____20200610T145904_20200610T150204_20240526T085953_0179_040_025_2160_MAR_R_NT_004.SEN3
16a17260-4342-378c-ae73-a130681e0979,S3A_OL_1_EFR____20230623T151523_20230623T151823_20240628T004829_0179_100_182_2340_MAR_R_NT_004.SEN3
3aa81ca0-47eb-38cd-866e-97b0b49730f4,S3A_OL_1_EFR____20220413T151912_20220413T152212_20240605T030917_0179_084_125_2340_MAR_R_NT_004.SEN3
76292c6d-a532-3ddc-9950-39a6867a2203,S3B_OL_1_EFR____20250402T154823_20250402T155123_20250403T154719_0179_105_054_2160_ESA_O_NT_004.SEN3
a1b9e21e-8f57-3657-afe4-2b49f09a2255,S3A_OL_1_EFR____20220825T154515_20220825T154815_20240605T122248_0180_089_111_2340_MAR_R_NT_004.SEN3
4c491839-39c5-3df7-b510-bfd9d7ca51bb,S3A_OL_1_EFR____20201027T135348_20201027T135648_20240602T154842_0179_064_224_2160_MAR_R_NT_004.SEN3
a650c415-7e2c-35ef-91ee-01a91e981e69,S3B_OL_1_EFR____20230206T134737_20230206T135037_20240527T144722_0179_076_010_2340_MAR_R_NT_004.SEN3
f76ffd82-1886-3cc7-b4fd-e87a17788d59,S3B_OL_1_EFR____20230524T155153_20230524T155453_20240527T201938_0179_079_382_2160_MAR_R_NT_004.SEN3
bd7ca2d3-2ee1-3adb-81fd-9d8c5983adca,S3A_OL_1_EFR____20180312T152621_20180312T152921_20240530T124920_0179_029_011_2340_MAR_R_NT_004.SEN3
b5eb55e8-e3fd-3c96-893e-dd3672da2577,S3B_OL_1_EFR____20230813T141058_20230813T141358_20240921T005432_0179_082_381_2160_MAR_R_NT_004.SEN3
e52c8678-6d7c-3e80-a732-979ff71f77c7,S3B_OL_1_EFR____20250406T140340_20250406T140640_20250407T153814_0179_105_110_2160_ESA_O_NT_004.SEN3
c690d7c6-18cd-3755-807a-4da4a3020066,S3A_OL_1_EFR____20191107T154127_20191107T154427_20240601T123559_0179_051_168_2340_MAR_R_NT_004.SEN3
c19c4aff-5d9c-3b83-b12a-ce380515deef,S3B_OL_1_EFR____20220131T140602_20220131T140902_20240523T154658_0179_062_110_2340_MAR_R_NT_004.SEN3
52e4dd7c-55b8-3c50-8e94-3b011e86ad94,S3B_OL_1_EFR____20250604T151751_20250604T152051_20250605T161402_0179_107_182_2340_ESA_O_NT_004.SEN3
405f1dcf-c11d-3f55-a5a5-51c98c95cfe4,S3A_OL_1_EFR____20230719T135732_20230719T140032_20240628T045634_0179_101_167_2160_MAR_R_NT_004.SEN3
c5e6eb26-29e5-35c9-8e0e-b6e4ad3089c0,S3B_OL_1_EFR____20181202T151348_20181202T151648_20240621T083505_0179_019_182_2160_MAR_R_NT_004.SEN3
d3420c37-563a-3d4e-aab4-521adaf6aa1d,S3A_OL_1_EFR____20200522T135306_20200522T135606_20240602T025852_0179_058_281_2340_MAR_R_NT_004.SEN3
ff7ddee5-d40a-380a-8b5f-562519549a60,S3B_OL_1_EFR____20210212T145519_20210212T145819_20240526T215814_0179_049_082_2160_MAR_R_NT_004.SEN3
574d7077-b7bc-3942-ba57-282efb02b6b8,S3A_OL_1_EFR____20190529T154130_20190529T154430_20240531T232452_0179_045_168_2340_MAR_R_NT_004.SEN3
2396b44f-7215-3e41-b1fd-f2f1d0aa0516,S3A_OL_1_EFR____20200406T152333_20200406T152633_20240601T233537_0179_057_011_2160_MAR_R_NT_004.SEN3
baca0c14-cd7a-36a6-93e2-75a1f88ab2b8,S3A_OL_1_EFR____20220324T153454_20220324T153754_20240605T011933_0179_083_225_2160_MAR_R_NT_004.SEN3
07550ebf-ecd6-350b-b778-d4d647f26bd2,S3A_OL_1_EFR____20220428T134929_20220428T135229_20240605T030910_0179_084_338_2340_MAR_R_NT_004.SEN3
631a2a8d-c021-39f8-918c-72ec7bdf59ec,S3B_OL_1_EFR____20210727T151758_20210727T152058_20240527T033525_0179_055_125_2160_MAR_R_NT_004.SEN3
e780eaf2-a5fc-3c25-a481-45c5cf1f6d56,S3B_OL_1_EFR____20210526T152821_20210526T153121_20240527T003313_0179_053_011_2340_MAR_R_NT_004.SEN3
50c6ddd1-66ce-3657-9286-689099c65950,S3A_OL_1_EFR____20231024T134234_20231024T134534_20240919T230214_0179_105_010_2160_MAR_R_NT_004.SEN3
0cec0daa-407a-303b-bc83-34d2d987182e,S3B_OL_1_EFR____20230502T134355_20230502T134655_20240527T202103_0179_079_067_2340_MAR_R_NT_004.SEN3
62902bbc-d9d7-3f41-9c94-bbcec46054e7,S3B_OL_1_EFR____20200130T134319_20200130T134619_20240526T023838_0179_035_067_2340_MAR_R_NT_004.SEN3
3e3f3add-ee6f-3d6c-b6b4-a19e64807fac,S3B_OL_1_EFR____20200413T150241_20200413T150541_20240526T035142_0180_037_353_2160_MAR_R_NT_004.SEN3
5deed891-f3f4-3ca2-99cd-736f2674ab14,S3A_OL_1_EFR____20210721T151527_20210721T151827_20240603T124135_0179_074_182_2340_MAR_R_NT_004.SEN3
9fe16f14-2319-3106-9c63-8a7cdf27b65d,S3B_OL_1_EFR____20200713T154359_20200713T154659_20240526T085828_0179_041_111_2160_MAR_R_NT_004.SEN3
082dfd91-57d6-3e59-a93c-9fc4b8e80a19,S3B_OL_1_EFR____20210903T135458_20210903T135758_20240527T061248_0179_056_281_2340_MAR_R_NT_004.SEN3
5cdc33f1-89c2-49b1-a6ea-ddac48ad0c05,S3B_OL_1_EFR____20240818T153327_20240818T153627_20240819T080115_0179_096_282_2160_PS2_O_NT_004.SEN3
ae8487e4-f492-31ca-b5fc-25ff0209b305,S3B_OL_1_EFR____20190627T154730_20190627T155030_20240525T142036_0179_027_054_2160_MAR_R_NT_004.SEN3
ddb8bab7-95f9-3fe9-a6f5-34c9770a35e1,S3A_OL_1_EFR____20211214T153020_20211214T153320_20240604T060449_0179_079_339_2340_MAR_R_NT_004.SEN3
a41c0b2f-e39f-33c3-8246-526afebe1cb3,S3A_OL_1_EFR____20230919T135002_20230919T135302_20240919T200605_0179_103_281_2160_MAR_R_NT_004.SEN3
338c4699-8d19-3a97-a3ec-4f987446ba04,S3A_OL_1_EFR____20180905T135337_20180905T135637_20240531T043615_0179_035_224_2160_MAR_R_NT_004.SEN3
d5afe6ba-7924-3977-9968-04c3495ba1a7,S3B_OL_1_EFR____20250704T135924_20250704T140224_20250705T135230_0179_108_224_2340_ESA_O_NT_004.SEN3
f12c3751-8404-33a3-97eb-93c1a2ac8d59,S3B_OL_1_EFR____20180716T141838_20180716T142138_20240620T184232_0179_010_267_2340_MAR_R_NT_004.SEN3
6e904129-5d09-3c38-a3ba-c5a1cbdb0094,S3B_OL_1_EFR____20211111T140307_20211111T140607_20240527T094207_0179_059_110_2160_MAR_R_NT_004.SEN3
f68fc395-49cb-38b3-bc3f-31ba39730968,S3A_OL_1_EFR____20180809T153437_20180809T153737_20240531T030240_0179_034_225_2160_MAR_R_NT_004.SEN3
a167a1cb-1f8d-3c7e-b55f-00d185ac3bd6,S3A_OL_1_EFR____20180404T134910_20180404T135210_20240530T141336_0179_029_338_2340_MAR_R_NT_004.SEN3
ef15918e-e28b-3acf-8f55-ea1fec4a0639,S3B_OL_1_EFR____20220212T153250_20220212T153550_20240523T160456_0179_062_282_2160_MAR_R_NT_004.SEN3
cde73504-3038-3745-8f29-0737b94add10,S3A_OL_1_EFR____20220625T134542_20220625T134842_20240605T090551_0180_087_010_2340_MAR_R_NT_004.SEN3
bb114dd0-f03c-35fa-b730-b43b6c2f43aa,S3A_OL_1_EFR____20200704T151606_20200704T151906_20240602T060411_0179_060_125_2160_MAR_R_NT_004.SEN3
d0abfec0-da32-3844-b3d9-e06a5f9e4191,S3A_OL_1_EFR____20231206T151132_20231206T151432_20240920T032118_0179_106_239_2340_MAR_R_NT_004.SEN3
914f5ab4-f892-483c-b1c9-88ad6de55786,S3A_OL_1_EFR____20250113T135650_20250113T135950_20250114T141920_0179_121_224_2340_PS1_O_NT_004.SEN3
e1fd426d-3845-3d42-bf1b-57974277319e,S3A_OL_1_EFR____20220424T153412_20220424T153712_20240605T030648_0179_084_282_2340_MAR_R_NT_004.SEN3
734bc1d4-cb0b-34da-a4b1-38cdf34452eb,S3A_OL_1_EFR____20200811T135303_20200811T135603_20240602T092830_0179_061_281_2340_MAR_R_NT_004.SEN3
54d5fc19-4022-3e85-8ca6-1d97c544a2c9,S3B_OL_1_EFR____20200426T142820_20200426T143120_20240526T043644_0179_038_153_2340_MAR_R_NT_004.SEN3
bee8bab6-0366-3900-95c9-c06677ab6548,S3B_OL_1_EFR____20240421T152120_20240421T152420_20240921T141625_0179_092_125_2340_MAR_R_NT_004.SEN3
e552d6f9-2bc2-3786-b6cc-832bb2ab2fa8,S3B_OL_1_EFR____20200817T153631_20200817T153931_20240526T095121_0179_042_225_2160_MAR_R_NT_004.SEN3
56ba6a80-c860-38e2-bcf0-2802c5ea5320,S3B_OL_1_EFR____20230919T145201_20230919T145501_20240921T030020_0179_084_139_2160_MAR_R_NT_004.SEN3
f3418165-8b72-354c-8323-799b453c6ce0,S3A_OL_1_EFR____20230907T140114_20230907T140414_20240919T200656_0179_103_110_2160_MAR_R_NT_004.SEN3
4423f4d0-2ece-48b4-ac5d-3a8d1e00ccba,S3B_OL_1_EFR____20250908T134812_20250908T135112_20250909T150429_0179_111_010_2340_ESA_O_NT_004.SEN3
b8e616c4-1071-3773-86ca-c968b234d90d,S3B_OL_1_EFR____20230416T135550_20230416T135850_20240527T183040_0179_078_224_2160_MAR_R_NT_004.SEN3
c9f942e2-5c0f-3f8b-885e-2f7bdca52713,S3A_OL_1_EFR____20221110T140502_20221110T140802_20240605T160132_0179_092_053_2160_MAR_R_NT_004.SEN3
81fb479c-a52a-36fb-be0c-3ce41d1027fd,S3B_OL_1_EFR____20230525T134742_20230525T135042_20240527T214818_0179_080_010_2340_MAR_R_NT_004.SEN3
63c22c5b-398a-4b4d-b5ca-44613cef11d4,S3A_OL_1_EFR____20241106T145724_20241106T150024_20241107T152235_0180_119_025_2160_PS1_O_NT_004.SEN3
840cd39a-db5d-3219-bae0-712300ab4816,S3B_OL_1_EFR____20190528T134706_20190528T135006_20240525T112427_0179_026_010_2340_MAR_R_NT_004.SEN3
8493ba95-3bfc-4a47-a5c7-9f31f8c80782,S3A_OL_1_EFR____20250809T154224_20250809T154524_20250810T163457_0179_129_111_2160_PS1_O_NT_004.SEN3
c8c46621-b04e-465f-9d97-3c6b383011c5,S3A_OL_1_EFR____20251215T152639_20251215T152939_20251216T162515_0179_134_011_2340_PS1_O_NT_004.SEN3
832769d0-d38d-3591-b6e1-35ec260e5609,S3B_OL_1_EFR____20210329T135102_20210329T135402_20240526T210147_0179_050_338_2340_MAR_R_NT_004.SEN3
4ebbed62-a5b9-3b58-a840-4035e40c2a6c,S3A_OL_1_EFR____20230914T142258_20230914T142558_20240919T200018_0179_103_210_2340_MAR_R_NT_004.SEN3
75f47125-6fd4-3a76-81a1-7b0ee3ed0d62,S3A_OL_1_EFR____20210227T154601_20210227T154901_20240603T003802_0179_069_054_2160_MAR_R_NT_004.SEN3
db996054-32ed-3a5a-a6af-98b8ef0f0a94,S3B_OL_1_EFR____20230621T134445_20230621T134745_20240627T172615_0179_081_010_2160_MAR_R_NT_004.SEN3
b551af69-591e-3de8-b7a5-ab0478226269,S3A_OL_1_EFR____20240516T151142_20240516T151442_20240920T155927_0179_112_239_2340_MAR_R_NT_004.SEN3
552ebbbc-aa85-33ae-b913-91e6d4a680f9,S3A_OL_1_EFR____20210327T151950_20210327T152250_20240603T034309_0179_070_068_2160_MAR_R_NT_004.SEN3
54e56a85-aee6-4b8a-adde-9f0ae4667833,S3A_OL_1_EFR____20250327T154218_20250327T154518_20250328T163509_0179_124_111_2160_PS1_O_NT_004.SEN3
ff319e46-2ff5-35e1-b575-d2d5c87f8849,S3B_OL_1_EFR____20180624T134844_20180624T135144_20240620T155530_0179_009_338_2340_MAR_R_NT_004.SEN3
3ab04d30-ea8f-3213-9cc6-505c546149b4,S3B_OL_1_EFR____20200421T145514_20200421T145814_20240526T053540_0179_038_082_2160_MAR_R_NT_004.SEN3
d6961515-0610-3cca-aadc-0b54ff87196f,S3B_OL_1_EFR____20220504T135458_20220504T135758_20240523T215538_0179_065_281_2340_MAR_R_NT_004.SEN3
8808f6be-4ec8-3676-91a2-2970cd8d760a,S3B_OL_1_EFR____20210830T153641_20210830T153941_20240527T061030_0180_056_225_2160_MAR_R_NT_004.SEN3
470efe6e-4ac5-3e00-802d-a6fdbb18386a,S3B_OL_1_EFR____20200226T152121_20200226T152421_20240526T043947_0179_036_068_2160_MAR_R_NT_004.SEN3
a0cd1644-b37c-3372-90c0-4ff96b6c375a,S3A_OL_1_EFR____20230920T150450_20230920T150750_20240919T193416_0179_103_296_2160_MAR_R_NT_004.SEN3
9f8bfc34-e80f-3e8f-a6ee-cefb5db7e81f,S3A_OL_1_EFR____20180129T151512_20180129T151812_20240530T094806_0179_027_182_2340_MAR_R_NT_004.SEN3
2902b27f-2ad8-351c-b815-e093741e3925,S3B_OL_1_EFR____20230609T135856_20230609T140156_20240627T185530_0179_080_224_2340_MAR_R_NT_004.SEN3
43dca226-6942-34f9-8daf-1a61fb21413f,S3B_OL_1_EFR____20191009T155113_20191009T155413_20240525T211018_0179_030_382_2160_MAR_R_NT_004.SEN3
82c182fb-03c7-3bb5-977b-3f3d580eddf9,S3B_OL_1_EFR____20190315T140252_20190315T140552_20240525T093626_0179_023_110_2160_MAR_R_NT_004.SEN3
37f94618-3492-3401-a9ed-3cc23e8a0b09,S3A_OL_1_EFR____20190122T134956_20190122T135256_20240531T141700_0179_040_281_2160_MAR_R_NT_004.SEN3
313b1178-5590-33a1-b018-c123aaa66a6a,S3A_OL_1_EFR____20221112T145339_20221112T145639_20240605T161151_0179_092_082_2160_MAR_R_NT_004.SEN3
530e6eb9-dfb6-4f8a-96a2-dbd6a44f1000,S3B_OL_1_EFR____20250808T134856_20250808T135156_20250809T141601_0179_109_338_2160_ESA_O_NT_004.SEN3
674faa93-e6d3-3ac6-8378-71be2849a08a,S3B_OL_1_EFR____20250709T151029_20250709T151329_20250710T154532_0179_108_296_2340_ESA_O_NT_004.SEN3
7f919578-7ee0-32ee-9196-0a2acb6c2ccb,S3B_OL_1_EFR____20240309T153616_20240309T153916_20240921T125304_0179_090_282_2340_MAR_R_NT_004.SEN3
0d3785ca-f3d0-3387-9acb-a53d3d30927a,S3B_OL_1_EFR____20210712T150944_20210712T151244_20240527T052657_0179_054_296_2340_MAR_R_NT_004.SEN3
a0463ce3-3ade-3f59-a66d-23ff6f3302d7,S3B_OL_1_EFR____20240325T152115_20240325T152415_20240921T120006_0179_091_125_2340_MAR_R_NT_004.SEN3
d0cb1b34-994b-3493-b58a-f6f73ae956e4,S3A_OL_1_EFR____20190526T151904_20190526T152204_20240531T222545_0179_045_125_2340_MAR_R_NT_004.SEN3
ca6d54c9-8139-309c-aa1a-ba542425242c,S3B_OL_1_EFR____20181010T134842_20181010T135142_20240621T032320_0179_013_338_2340_MAR_R_NT_004.SEN3
891c5ace-b429-303d-8586-f6d4be8a6177,S3B_OL_1_EFR____20240710T154740_20240710T155040_20240921T194432_0180_095_111_2340_MAR_R_NT_004.SEN3
40a3808f-f6c5-3ab1-bf33-4195d5c178f8,S3B_OL_1_EFR____20230808T144353_20230808T144653_20240920T225100_0179_082_310_2340_MAR_R_NT_004.SEN3
879161ac-4c47-3e2e-9fb1-002a80c027b6,S3B_OL_1_EFR____20210705T144802_20210705T145102_20240527T044210_0179_054_196_2160_MAR_R_NT_004.SEN3
1e0ba1c3-fa00-3705-bdf6-fb8b7b60e7ee,S3B_OL_1_EFR____20250506T142610_20250506T142910_20250507T151227_0179_106_153_2160_ESA_O_NT_004.SEN3
d93525c5-a945-3eaa-af73-a289e7775695,S3A_OL_1_EFR____20190425T151948_20190425T152248_20240531T211648_0179_044_068_2160_MAR_R_NT_004.SEN3
4bb9aba5-9015-324d-a798-e77cd6d6ecf7,S3A_OL_1_EFR____20240527T134240_20240527T134540_20240920T165609_0179_113_010_2160_MAR_R_NT_004.SEN3
2e12f90a-3a4a-3465-a095-2be663ff1885,S3A_OL_1_EFR____20240221T151521_20240221T151821_20240920T082449_0179_109_182_2340_MAR_R_NT_004.SEN3
071b4cac-dbd8-38fa-8abd-af2b9faca4fa,S3B_OL_1_EFR____20230809T141742_20230809T142042_20240920T234928_0179_082_324_2340_MAR_R_NT_004.SEN3
ccd7ff74-b10e-4eea-8d8f-41113525902f,S3B_OL_1_EFR____20240826T134500_20240826T134800_20240826T221410_0179_097_010_2160_PS2_O_NT_004.SEN3
99714f48-c4c0-4365-8b80-b5f3121a8cb4,S3A_OL_1_EFR____20250524T153841_20250524T154141_20250525T162707_0179_126_168_2160_PS1_O_NT_004.SEN3
2183e10e-5496-4afb-83bd-1f90963d48cb,S3A_OL_1_EFR____20241124T153102_20241124T153402_20241125T155636_0179_119_282_2160_PS1_O_NT_004.SEN3
3bfaf61e-3a7c-3bfa-9b61-e8b950589ae7,S3B_OL_1_EFR____20220326T154705_20220326T155005_20240523T202049_0179_064_111_2340_MAR_R_NT_004.SEN3
2cce46c3-36c3-3a04-b32a-4ec195a8e18d,S3A_OL_1_EFR____20220210T152642_20220210T152942_20240604T223807_0179_082_011_2340_MAR_R_NT_004.SEN3
2e851b58-9eee-32a2-9a2b-7d478029dac7,S3B_OL_1_EFR____20200825T153201_20200825T153501_20240526T123457_0179_042_339_2340_MAR_R_NT_004.SEN3
52871124-7240-3e55-ab74-e63c16b85904,S3A_OL_1_EFR____20211102T151909_20211102T152209_20240604T031211_0179_078_125_2340_MAR_R_NT_004.SEN3
0389fd2d-f810-4675-bdbc-107d7fba3aae,S3A_OL_1_EFR____20251006T140041_20251006T140341_20251007T145853_0179_131_167_2340_PS1_O_NT_004.SEN3
f6d8e76c-6bff-3337-a86a-7670c154687d,S3B_OL_1_EFR____20180514T140349_20180514T140649_20240620T120529_0180_003_124_2160_MAR_R_NT_004.SEN3
0c47e1e6-1d66-345c-a579-490497a31063,S3B_OL_1_EFR____20240711T152129_20240711T152429_20240921T180830_0180_095_125_2340_MAR_R_NT_004.SEN3
c4435452-a7b1-3ead-a1a2-ab2560014b3b,S3B_OL_1_EFR____20230412T135934_20230412T140234_20240527T163823_0179_078_167_2160_MAR_R_NT_004.SEN3
37b9ae7d-99ae-3bd5-8c83-04e523545d93,S3A_OL_1_EFR____20210101T152332_20210101T152632_20240602T203132_0179_067_011_2160_MAR_R_NT_004.SEN3
e934d5ab-3033-3db1-93af-f0e6db1d4d38,S3B_OL_1_EFR____20230907T150318_20230907T150618_20240920T230142_0179_083_353_2160_MAR_R_NT_004.SEN3
ba492ad6-218b-3b81-af67-4670eeb5d139,S3B_OL_1_EFR____20180804T142305_20180804T142605_20240620T194811_0179_011_153_2160_MAR_R_NT_004.SEN3
2bf30b2d-8698-3116-8014-38f3bc8fa341,S3A_OL_1_EFR____20201119T135730_20201119T140030_20240602T164839_0179_065_167_2160_MAR_R_NT_004.SEN3
9fe2e5d9-2a0c-3d7e-8158-d798d7380024,S3B_OL_1_EFR____20210610T135838_20210610T140138_20240527T021641_0179_053_224_2340_MAR_R_NT_004.SEN3
7cc14a6b-d5c1-3ec5-9cb0-b532e8c4efe0,S3B_OL_1_EFR____20210204T150246_20210204T150546_20240526T182908_0179_048_353_2160_MAR_R_NT_004.SEN3
ec1ee884-2434-385d-b9e2-ba7c8cff16ae,S3A_OL_1_EFR____20180403T155320_20180403T155620_20240530T150837_0179_029_325_2160_MAR_R_NT_004.SEN3
dd0bcfd5-4d72-3874-a99a-e9bfe2be2a6e,S3A_OL_1_EFR____20230807T154557_20230807T154857_20240919T172035_0179_102_054_2160_MAR_R_NT_004.SEN3
2fa4f178-9679-3b65-9615-a8b0fc483f40,S3B_OL_1_EFR____20230629T151814_20230629T152114_20240627T160045_0179_081_125_2160_MAR_R_NT_004.SEN3
04fed3b0-5725-4ee1-a941-1897296214ab,S3B_OL_1_EFR____20250108T152555_20250108T152855_20250109T075613_0179_102_011_2160_PS2_O_NT_004.SEN3
ec745b1e-3152-3ee1-9248-dd2b58c0f500,S3A_OL_1_EFR____20200606T154218_20200606T154518_20240602T044819_0179_059_111_2160_MAR_R_NT_004.SEN3
d96b37db-d7e0-3265-b01c-16a314cab26e,S3B_OL_1_EFR____20200222T152505_20200222T152805_20240526T034947_0179_036_011_2160_MAR_R_NT_004.SEN3
0835c5bf-e93a-3247-a786-f05f5c25485a,S3B_OL_1_EFR____20180604T154811_20180604T155111_20240620T114007_0179_008_054_2340_MAR_R_NT_004.SEN3
4618c630-3157-3229-b576-0e57cbf5c120,S3B_OL_1_EFR____20240606T152558_20240606T152858_20240921T170703_0179_094_011_2160_MAR_R_NT_004.SEN3
12061016-9bbb-3907-ad8f-1fc3221ec313,S3A_OL_1_EFR____20180412T151942_20180412T152242_20240530T160834_0179_030_068_2160_MAR_R_NT_004.SEN3
ccb99fdb-bc91-4a07-ac26-80f2286f7657,S3A_OL_1_EFR____20250122T150411_20250122T150711_20250123T152639_0179_121_353_2340_PS1_O_NT_004.SEN3
9b03637f-c74e-37c3-bff7-f93e01a514cf,S3B_OL_1_EFR____20221214T134738_20221214T135038_20240524T092830_0180_074_010_2340_MAR_R_NT_004.SEN3
a4d0b95c-3a50-333f-a280-bfa3837793d3,S3B_OL_1_EFR____20230714T135131_20230714T135431_20240627T174105_0179_081_338_2340_MAR_R_NT_004.SEN3
e12f726b-ef68-39a6-96e3-a34ffb17c6c8,S3B_OL_1_EFR____20181127T140245_20181127T140545_20240621T074833_0179_019_110_2160_MAR_R_NT_004.SEN3
b9108bd2-11cf-39d6-bac3-ca2d8c2abe14,S3B_OL_1_EFR____20191029T153232_20191029T153532_20240525T190533_0179_031_282_2160_MAR_R_NT_004.SEN3
035f038c-f96f-3c6f-b099-8b928773539d,S3B_OL_1_EFR____20200410T144014_20200410T144314_20240526T042856_0179_037_310_2160_MAR_R_NT_004.SEN3
cf77f1f2-a44b-3308-a228-a3965556b253,S3A_OL_1_EFR____20221021T142346_20221021T142646_20240605T151733_0179_091_153_2160_MAR_R_NT_004.SEN3
b19d5641-87ea-395c-8b5c-4d110ae6b71a,S3A_OL_1_EFR____20220729T154219_20220729T154519_20240605T105042_0180_088_111_2160_MAR_R_NT_004.SEN3
cd27cec4-1d16-3204-a695-3a4b93efedd1,S3B_OL_1_EFR____20200509T135057_20200509T135357_20240526T063240_0179_038_338_2340_MAR_R_NT_004.SEN3
f1f9d2fd-f74b-32a7-9e29-08419b6f02fe,S3B_OL_1_EFR____20201029T154359_20201029T154659_20240526T140705_0179_045_111_2160_MAR_R_NT_004.SEN3
6294cc6f-95e5-3ac7-bf7b-8ccdd413dff3,S3A_OL_1_EFR____20200622T152719_20200622T153019_20240602T054758_0180_059_339_2160_MAR_R_NT_004.SEN3
02678db5-07f9-3675-8648-401db82d6f3d,S3A_OL_1_EFR____20180201T153438_20180201T153738_20240530T100508_0179_027_225_2160_MAR_R_NT_004.SEN3
4a4f4fc2-05dd-30ef-853d-b7141c0c0f10,S3A_OL_1_EFR____20200807T153447_20200807T153747_20240602T091118_0179_061_225_2160_MAR_R_NT_004.SEN3
29299305-b68f-38a2-88d4-9e608657bbe4,S3B_OL_1_EFR____20240429T151353_20240429T151653_20240921T160241_0179_092_239_2340_MAR_R_NT_004.SEN3
40018a4a-4eb4-3bca-ae24-fd6a81219247,S3A_OL_1_EFR____20210825T150755_20210825T151055_20240603T163451_0180_075_296_2340_MAR_R_NT_004.SEN3
118f07e1-a792-383b-802b-c94f44c72f27,S3B_OL_1_EFR____20220805T152452_20220805T152752_20240524T024500_0179_069_068_2340_MAR_R_NT_004.SEN3
cbe01460-44bb-3862-9ecd-4e73ce6409ab,S3B_OL_1_EFR____20250208T152211_20250208T152511_20250209T161820_0179_103_068_2160_ESA_O_NT_004.SEN3
3b6a0ab7-d3a6-3492-a613-8a1c89924e7c,S3A_OL_1_EFR____20180717T135257_20180717T135557_20240531T002622_0179_033_281_2340_MAR_R_NT_004.SEN3
ccbfb67e-a03b-3fe4-aa36-3b95a3b19ab7,S3A_OL_1_EFR____20191231T135726_20191231T140026_20240601T162921_0179_053_167_2160_MAR_R_NT_004.SEN3
a2f699bf-7264-4802-bd28-031838b48bcd,S3A_OL_1_EFR____20241112T154215_20241112T154515_20241113T160619_0179_119_111_2160_PS1_O_NT_004.SEN3
83b948ce-18a6-3b81-9ad0-cbfc767e302c,S3B_OL_1_EFR____20220419T134342_20220419T134642_20240523T191330_0179_065_067_2340_MAR_R_NT_004.SEN3
b0533fda-b6fc-32fe-b919-f040d597a605,S3A_OL_1_EFR____20190630T151134_20190630T151434_20240601T013320_0180_046_239_2340_MAR_R_NT_004.SEN3
8a23fa61-4063-3051-9e17-3780f016b0ae,S3A_OL_1_EFR____20221219T135647_20221219T135947_20240605T184044_0179_093_224_2340_MAR_R_NT_004.SEN3
7170dfa1-93e8-3611-acb0-1cdac4b181e2,S3B_OL_1_EFR____20221214T134438_20221214T134738_20240524T092812_0179_074_010_2160_MAR_R_NT_004.SEN3
8ae8b640-f817-373e-8d93-d167fc5b5014,S3B_OL_1_EFR____20180818T150327_20180818T150627_20240620T195210_0179_011_353_2340_MAR_R_NT_004.SEN3
4459bc93-736f-4eec-a731-64fe481da81c,S3B_OL_1_EFR____20241122T140343_20241122T140643_20241122T220808_0179_100_110_2160_PS2_O_NT_004.SEN3
64814179-1b2b-382c-ae8f-8e955d263afd,S3A_OL_1_EFR____20240124T153832_20240124T154132_20240920T064540_0179_108_168_2160_MAR_R_NT_004.SEN3
ea04a9a4-feb8-36aa-bcb1-fe329db89369,S3B_OL_1_EFR____20220520T151802_20220520T152102_20240523T231749_0179_066_125_2160_MAR_R_NT_004.SEN3
bcd5684d-1f34-3387-81e8-8326f6e2caee,S3B_OL_1_EFR____20220124T134422_20220124T134721_20240523T134422_0179_062_010_2160_MAR_R_NT_004.SEN3
fa55ad51-6a6a-3b90-8180-aea3a4817765,S3B_OL_1_EFR____20181119T141157_20181119T141457_20240621T065757_0179_017_139_2160_MAR_R_NT_004.SEN3
87aa1276-e167-3fb7-8558-dc06bffa11ed,S3A_OL_1_EFR____20190123T150744_20190123T151044_20240531T150550_0179_040_296_2340_MAR_R_NT_004.SEN3
2cabeecb-9562-3e4c-b457-15029f4b410c,S3A_OL_1_EFR____20211117T153022_20211117T153322_20240604T043109_0179_078_339_2340_MAR_R_NT_004.SEN3
cc73bb2f-1f4c-3b7a-a338-3ff0ae5d0305,S3B_OL_1_EFR____20190220T140204_20190220T140504_20240525T092014_0179_022_167_2340_MAR_R_NT_004.SEN3
4cec5fd2-0ddf-34b4-be36-942ca10754d5,S3B_OL_1_EFR____20180917T134455_20180917T134755_20240620T221938_0179_013_010_2340_MAR_R_NT_004.SEN3
398d0edc-a6c0-3a5c-8b41-8d66f2462763,S3A_OL_1_EFR____20230918T141913_20230918T142213_20240919T183504_0179_103_267_2340_MAR_R_NT_004.SEN3
2b83e419-aaf3-352d-9ec5-712ebab92a70,S3A_OL_1_EFR____20190730T153059_20190730T153359_20240601T041336_0179_047_282_2160_MAR_R_NT_004.SEN3
eeb1fbbf-2f5e-3380-b6c1-8ddb255ab8f0,S3B_OL_1_EFR____20191203T134707_20191203T135007_20240525T230149_0179_033_010_2340_MAR_R_NT_004.SEN3
2d8c5cda-1f71-3b2d-b04e-84ea1758b850,S3B_OL_1_EFR____20190124T135903_20190124T140203_20240525T065542_0179_021_167_2160_MAR_R_NT_004.SEN3
f35e56d2-9e03-39c8-8923-dd607cb75f5a,S3B_OL_1_EFR____20220801T134738_20220801T135038_20240524T034126_0179_069_010_2340_MAR_R_NT_004.SEN3
49f7b7af-c3a9-37cd-acf5-45d36fb7193f,S3A_OL_1_EFR____20220401T152726_20220401T153026_20240605T012634_0179_083_339_2160_MAR_R_NT_004.SEN3
b5896b3e-d6d8-46b3-a21c-8091d65bb82b,S3A_OL_1_EFR____20251215T134240_20251215T134540_20251216T144538_0179_134_010_2160_PS1_O_NT_004.SEN3
a0eef706-baec-3096-97dc-9c9572921d9b,S3B_OL_1_EFR____20200114T135819_20200114T140119_20240526T004703_0179_034_224_2340_MAR_R_NT_004.SEN3
2fa92819-3c91-31d6-992b-4dc6dfc28394,S3A_OL_1_EFR____20230622T154133_20230622T154433_20240628T024346_0179_100_168_2340_MAR_R_NT_004.SEN3
efdb8a7d-9ff2-341f-ad2c-1722545d40b6,S3A_OL_1_EFR____20240507T154522_20240507T154822_20240920T143232_0180_112_111_2340_MAR_R_NT_004.SEN3
bf19f351-b195-3815-b3aa-6dd3335e7a66,S3A_OL_1_EFR____20180420T151514_20180420T151814_20240530T165700_0179_030_182_2340_MAR_R_NT_004.SEN3
bccbb856-a9c4-3eaa-8f1b-d219d66da304,S3B_OL_1_EFR____20210718T141038_20210718T141338_20240527T064210_0179_054_381_2160_MAR_R_NT_004.SEN3
e43ebae6-fc32-3177-a277-a81f8690c3a0,S3B_OL_1_EFR____20180828T140034_20180828T140334_20240620T222158_0179_012_110_2160_MAR_R_NT_004.SEN3
ca6b0507-dfe3-38f1-9793-ecddbe0323de,S3A_OL_1_EFR____20200625T154946_20200625T155246_20240602T053633_0179_059_382_2160_MAR_R_NT_004.SEN3
4304c5a8-0252-3c7b-a636-e87f1e3c4bca,S3B_OL_1_EFR____20240428T135604_20240428T135904_20240921T140850_0179_092_224_2160_MAR_R_NT_004.SEN3
deb25336-8869-3a41-97a7-3b13120f36f3,S3A_OL_1_EFR____20191113T144220_20191113T144520_20240601T122750_0179_051_253_2160_MAR_R_NT_004.SEN3
c28555d7-bbef-31b5-8624-1f78fee329ac,S3A_OL_1_EFR____20230504T151142_20230504T151442_20240606T044621_0179_098_239_2340_MAR_R_NT_004.SEN3
afa59901-8c8f-4c8a-9a06-05c3c1d9e186,S3A_OL_1_EFR____20241115T142643_20241115T142943_20241116T144724_0179_119_153_2340_PS1_O_NT_004.SEN3
28d851f0-4ab0-37e1-96a5-f4f2795770da,S3B_OL_1_EFR____20220127T140947_20220127T141247_20240523T154400_0179_062_053_2340_MAR_R_NT_004.SEN3
efd69661-fbfd-3458-a308-5472ae8fb879,S3A_OL_1_EFR____20220404T141153_20220404T141453_20240605T012817_0179_083_381_2340_MAR_R_NT_004.SEN3
1aae1c98-c2e3-3a8a-aeef-a332f68a1910,S3A_OL_1_EFR____20180529T150401_20180529T150701_20240530T203100_0179_031_353_2340_MAR_R_NT_004.SEN3
4f127873-4d13-3439-9747-1dee66c4a24a,S3A_OL_1_EFR____20230422T151956_20230422T152256_20240606T031907_0179_098_068_2160_MAR_R_NT_004.SEN3
e8c2d32d-c7d3-38da-881f-cbe49ac9a1d2,S3A_OL_1_EFR____20221116T145254_20221116T145554_20240605T170317_0179_092_139_2340_MAR_R_NT_004.SEN3
2a8bfd5a-1811-38a9-b865-0f1248f0c799,S3B_OL_1_EFR____20240413T152548_20240413T152848_20240921T143103_0179_092_011_2160_MAR_R_NT_004.SEN3
7393e8f1-0f41-3553-ad46-88a1b77f04ea,S3A_OL_1_EFR____20200711T153449_20200711T153749_20240602T062957_0179_060_225_2160_MAR_R_NT_004.SEN3
99a46717-04ca-3daa-bf27-c545860e174c,S3A_OL_1_EFR____20181203T134910_20181203T135210_20240531T110913_0179_038_338_2340_MAR_R_NT_004.SEN3
2e209c51-731b-3b76-9a45-2b6897d4d04e,S3A_OL_1_EFR____20190325T134228_20190325T134528_20240531T182654_0179_043_010_2160_MAR_R_NT_004.SEN3
bf6a52ad-cf4b-48c2-b9a8-b96a1922be0f,S3A_OL_1_EFR____20250313T150752_20250313T151052_20250314T155340_0179_123_296_2340_PS1_O_NT_004.SEN3
9fbc7696-ff14-45da-8d5f-23a6fabf3553,S3B_OL_1_EFR____20241208T152943_20241208T153243_20241209T081136_0179_100_339_2160_PS2_O_NT_004.SEN3
50ddd3ad-fe42-33b2-b74b-278da6ddd59e,S3B_OL_1_EFR____20240629T134844_20240629T135144_20240921T171500_0179_094_338_2160_MAR_R_NT_004.SEN3
1a957ca9-0431-35b1-8fe3-d2234f06577b,S3A_OL_1_EFR____20191230T142337_20191230T142637_20240601T162808_0179_053_153_2160_MAR_R_NT_004.SEN3
14e70104-646f-36e4-86c9-0a50fcc338ba,S3B_OL_1_EFR____20180520T151158_20180520T151458_20240620T132709_0179_003_210_2340_MAR_R_NT_004.SEN3
979d3f3b-79a4-35ed-a8a0-e75c7391e679,S3A_OL_1_EFR____20200811T135003_20200811T135303_20240602T092806_0179_061_281_2160_MAR_R_NT_004.SEN3
5a11de9b-0c52-372a-b8ad-d62cb8830288,S3B_OL_1_EFR____20240714T154357_20240714T154657_20240921T202442_0179_095_168_2340_MAR_R_NT_004.SEN3
0eeb4b64-1895-3792-8017-1ea004bdddad,S3A_OL_1_EFR____20211025T152638_20211025T152938_20240604T030009_0179_078_011_2340_MAR_R_NT_004.SEN3
e048f53b-b985-4333-894c-5f7fb01c59cd,S3A_OL_1_EFR____20250125T134538_20250125T134838_20250126T140733_0179_122_010_2340_PS1_O_NT_004.SEN3
ec093029-1b41-3b36-a0af-552578c40610,S3A_OL_1_EFR____20230511T152724_20230511T153024_20240606T044936_0179_098_339_2160_MAR_R_NT_004.SEN3
32e08cc7-70e8-39a7-b7fa-c068feb7ffd6,S3B_OL_1_EFR____20250403T152513_20250403T152813_20250404T164133_0179_105_068_2340_ESA_O_NT_004.SEN3
1ffb0065-f2c8-3181-bf77-c1efacbf3272,S3A_OL_1_EFR____20201031T135303_20201031T135603_20240602T152720_0179_064_281_2340_MAR_R_NT_004.SEN3
fb19ddf3-e325-3e95-8fe2-fc388ed82c13,S3B_OL_1_EFR____20230703T151731_20230703T152031_20240627T172952_0179_081_182_2340_MAR_R_NT_004.SEN3
18941c4c-5137-424e-b295-8ad2f258d1ae,S3B_OL_1_EFR____20250123T154007_20250123T154307_20250124T081014_0179_102_225_2340_PS2_O_NT_004.SEN3
89111c3b-1995-405e-97a8-130c070a019c,S3A_OL_1_EFR____20250301T151606_20250301T151906_20250302T160457_0179_123_125_2160_PS1_O_NT_004.SEN3
a3ad2648-b75b-3314-94d2-8dc56f165245,S3B_OL_1_EFR____20210804T151330_20210804T151630_20240527T061226_0179_055_239_2340_MAR_R_NT_004.SEN3
15a9e7f6-5911-4698-92ca-170b628255f8,S3A_OL_1_EFR____20250608T154954_20250608T155254_20250609T164543_0180_126_382_2160_PS1_O_NT_004.SEN3
827145f0-8232-3841-b469-3acf9aceeafc,S3A_OL_1_EFR____20230804T134532_20230804T134832_20240919T165445_0179_102_010_2340_MAR_R_NT_004.SEN3
d47ef116-f8ca-3f52-a1aa-e2b74f44861f,S3B_OL_1_EFR____20181023T144957_20181023T145257_20240621T025716_0179_015_139_2340_MAR_R_NT_004.SEN3
914eb519-0be1-331b-bd02-97c84e5f10cd,S3B_OL_1_EFR____20230401T134735_20230401T135035_20240527T213548_0179_078_010_2340_MAR_R_NT_004.SEN3
c0e6becd-c1d5-3a0f-9dd0-4a0500618b82,S3A_OL_1_EFR____20220402T150415_20220402T150715_20240605T012746_0179_083_353_2340_MAR_R_NT_004.SEN3
d5ef6b94-c6ff-40c5-9003-5c68c615b0af,S3A_OL_1_EFR____20250825T152725_20250825T153025_20250826T163127_0179_129_339_2160_PS1_O_NT_004.SEN3
467c1059-9158-3ac2-a3e3-403f1f166fa9,S3A_OL_1_EFR____20210912T135735_20210912T140035_20240603T173128_0179_076_167_2160_MAR_R_NT_004.SEN3
9ef0274a-30e3-38d3-a447-8f6a959015ef,S3B_OL_1_EFR____20210514T135533_20210514T135833_20240526T235158_0179_052_224_2160_MAR_R_NT_004.SEN3
6fb8cc4b-fbe2-3a04-99c8-e1fdd01c5c2d,S3A_OL_1_EFR____20210524T151911_20210524T152211_20240603T084225_0179_072_125_2340_MAR_R_NT_004.SEN3
af4651f6-9a57-3ba6-89b8-f2d4a898e2f8,S3B_OL_1_EFR____20250610T142146_20250610T142446_20250611T153047_0180_107_267_2340_ESA_O_NT_004.SEN3
d70f1b7b-3b3d-34f8-ae01-c8a3b78cf213,S3B_OL_1_EFR____20240321T152500_20240321T152800_20240921T130344_0179_091_068_2340_MAR_R_NT_004.SEN3
0b80d06c-af97-323a-bba7-4866bf2ac16d,S3A_OL_1_EFR____20230406T135353_20230406T135653_20240606T015405_0179_097_224_2160_MAR_R_NT_004.SEN3
3a819d7c-05f3-3418-9930-b00f079a9f08,S3B_OL_1_EFR____20240127T152459_20240127T152759_20240921T081701_0179_089_068_2340_MAR_R_NT_004.SEN3
6ad4917c-5382-31b8-9663-5beb4d0daaa2,S3B_OL_1_EFR____20211124T150942_20211124T151242_20240527T124550_0179_059_296_2340_MAR_R_NT_004.SEN3
8aee5687-b3ca-3926-8695-3b10463e574c,S3B_OL_1_EFR____20240111T153955_20240111T154255_20240921T072510_0180_088_225_2340_MAR_R_NT_004.SEN3
aaad25d3-41a8-3788-99b1-5e333606c515,S3A_OL_1_EFR____20190805T143452_20190805T143752_20240601T034605_0179_047_367_2160_MAR_R_NT_004.SEN3
282b8fd3-ce6e-3b3d-916d-f193d5b0633c,S3B_OL_1_EFR____20180909T153322_20180909T153622_20240621T001907_0179_012_282_2340_MAR_R_NT_004.SEN3
1c8f2748-81c4-3151-928c-826ff6f4cf7f,S3B_OL_1_EFR____20240301T135945_20240301T140245_20240921T101039_0180_090_167_2160_MAR_R_NT_004.SEN3
39747f08-9d44-362b-a53c-6dfe0d709c7e,S3B_OL_1_EFR____20211127T152908_20211127T153208_20240527T110503_0179_059_339_2160_MAR_R_NT_004.SEN3
04b16a9e-bd61-3e1c-8564-dd3107eb3399,S3A_OL_1_EFR____20201205T152628_20201205T152928_20240602T192148_0179_066_011_2340_MAR_R_NT_004.SEN3
ad74be3e-5d74-4f08-9982-49ebc8a9c443,S3B_OL_1_EFR____20241216T152213_20241216T152513_20241217T075848_0180_101_068_2160_PS2_O_NT_004.SEN3
10a5da27-22c2-3564-9020-f8550cc119cc,S3A_OL_1_EFR____20220206T134927_20220206T135227_20240604T223450_0180_081_338_2340_MAR_R_NT_004.SEN3
0ff1fd74-e73a-3632-9ef3-5c3b8bd2f6b9,S3B_OL_1_EFR____20180709T135957_20180709T140257_20240620T175254_0179_010_167_2340_MAR_R_NT_004.SEN3
d370ea14-eb3a-3455-8fe0-36f5c40ba1ac,S3B_OL_1_EFR____20250523T134805_20250523T135105_20250524T141431_0179_107_010_2340_ESA_O_NT_004.SEN3
bb9fc907-314c-4e95-b42d-ecc71ee95d6d,S3B_OL_1_EFR____20240808T145520_20240808T145820_20240808T232849_0180_096_139_2340_PS2_O_NT_004.SEN3
cf540d07-eb9b-411d-b585-6c38159eefd1,S3A_OL_1_EFR____20250816T142007_20250816T142307_20250817T150714_0179_129_210_2160_PS1_O_NT_004.SEN3
4cfaa017-23e9-3b50-9362-2de18e18ea0b,S3A_OL_1_EFR____20180423T135341_20180423T135641_20240530T170302_0179_030_224_2160_MAR_R_NT_004.SEN3
36858c76-eb85-3f9e-acce-ff6941a92e9f,S3B_OL_1_EFR____20210202T141709_20210202T142009_20240526T171455_0179_048_324_2340_MAR_R_NT_004.SEN3
54d53099-88e0-3dcb-9493-4ca78ab51d05,S3B_OL_1_EFR____20181202T151648_20181202T151948_20240621T083525_0180_019_182_2340_MAR_R_NT_004.SEN3
5f2c9a4e-fc5d-3566-b604-fa3f56029f8f,S3A_OL_1_EFR____20240201T153105_20240201T153405_20240920T061351_0179_108_282_2160_MAR_R_NT_004.SEN3
0a279ec0-449d-305e-b89d-d44877a6117d,S3A_OL_1_EFR____20190628T141957_20190628T142257_20240601T002632_0179_046_210_2160_MAR_R_NT_004.SEN3
aabd718b-3ed0-32ac-8fb9-5e40dbe0e62e,S3B_OL_1_EFR____20250203T155205_20250203T155505_20250204T161953_0179_102_382_2160_ESA_O_NT_004.SEN3
107ef672-fd06-3498-8b83-e681e0b53949,S3B_OL_1_EFR____20191129T152851_20191129T153151_20240525T230229_0179_032_339_2160_MAR_R_NT_004.SEN3
316cb184-39b2-3c95-a556-f555cb2b8aca,S3A_OL_1_EFR____20180928T154125_20180928T154425_20240531T061958_0179_036_168_2340_MAR_R_NT_004.SEN3
29443a97-8d5a-4007-a258-fa61c74ce037,S3B_OL_1_EFR____20241220T152128_20241220T152428_20241221T080613_0179_101_125_2340_PS2_O_NT_004.SEN3
187e2913-c821-4bb6-9204-e360ac752e27,S3B_OL_1_EFR____20241111T153241_20241111T153541_20241112T081319_0179_099_339_2340_PS2_O_NT_004.SEN3
14180de0-2ff1-39b3-9f5d-59bc02a3bb83,S3A_OL_1_EFR____20220706T135739_20220706T140039_20240605T094714_0179_087_167_2160_MAR_R_NT_004.SEN3
4ad6f596-0e3d-35b4-b4bf-4e36e58c7722,S3A_OL_1_EFR____20240109T134620_20240109T134920_20240920T055523_0179_107_338_2160_MAR_R_NT_004.SEN3
15c06ab2-1bf4-4c0d-86c9-04f734da1f1c,S3A_OL_1_EFR____20250914T150842_20250914T151142_20250915T160935_0179_130_239_2160_PS1_O_NT_004.SEN3
092ebbdd-96bc-3594-9b78-4a810d2972f9,S3B_OL_1_EFR____20220829T150226_20220829T150526_20240524T043919_0179_070_025_2340_MAR_R_NT_004.SEN3
e7e58ce5-61d8-40bf-8f9e-4937359c125c,S3B_OL_1_EFR____20240804T145605_20240804T145905_20240804T232410_0179_096_082_2160_PS2_O_NT_004.SEN3
aae2b35a-0957-3495-a5bb-da97eac43804,S3A_OL_1_EFR____20210423T152255_20210423T152555_20240603T061117_0179_071_068_2340_MAR_R_NT_004.SEN3
5872e71a-02e7-435b-a248-d5134b60c4a2,S3B_OL_1_EFR____20251202T152230_20251202T152530_20251203T164902_0179_114_068_2160_ESA_O_NT_004.SEN3
b639d742-a515-321f-bf65-f80f6ccafa0f,S3B_OL_1_EFR____20190520T135437_20190520T135737_20240525T131409_0179_025_281_2340_MAR_R_NT_004.SEN3
0fec1426-f2a3-3847-b587-8656d05c0838,S3B_OL_1_EFR____20190514T144744_20190514T145044_20240525T115609_0179_025_196_2160_MAR_R_NT_004.SEN3
3a5d16c6-6ded-375d-87e0-d5d38edb84c4,S3A_OL_1_EFR____20210728T135309_20210728T135609_20240603T135306_0179_074_281_2340_MAR_R_NT_004.SEN3
036294b7-1b0f-3841-b418-84b92f5d6797,S3A_OL_1_EFR____20220717T155333_20220717T155633_20240605T103036_0179_087_325_2160_MAR_R_NT_004.SEN3
40ce0786-974e-30a8-b38b-2116a0c32567,S3A_OL_1_EFR____20201205T152328_20201205T152628_20240602T192123_0179_066_011_2160_MAR_R_NT_004.SEN3
d6c21263-65ef-370b-b1f1-491264d82943,S3A_OL_1_EFR____20211128T154520_20211128T154820_20240604T041725_0179_079_111_2340_MAR_R_NT_004.SEN3
5dc6c855-399f-3832-a35c-3a15b04d7e24,S3B_OL_1_EFR____20180727T143335_20180727T143635_20240620T170349_0179_011_039_2340_MAR_R_NT_004.SEN3
1d03d81e-e053-3e1b-beb5-fd5dbb0e6a1d,S3B_OL_1_EFR____20190516T135822_20190516T140122_20240525T120058_0179_025_224_2340_MAR_R_NT_004.SEN3
79b683fe-2700-356c-b02e-4bd4a454e5d3,S3A_OL_1_EFR____20180424T151130_20180424T151430_20240530T161525_0179_030_239_2340_MAR_R_NT_004.SEN3
965dad0d-f331-38b6-a576-c7916fd84631,S3B_OL_1_EFR____20200526T145048_20200526T145348_20240526T060229_0179_039_196_2340_MAR_R_NT_004.SEN3
502de0b5-1910-47e5-adf3-2dfca6fd07dd,S3B_OL_1_EFR____20250124T151356_20250124T151656_20250125T081529_0179_102_239_2340_PS2_O_NT_004.SEN3
3d00bddd-7938-3ef3-9121-0be40a86c386,S3A_OL_1_EFR____20240322T135650_20240322T135950_20240920T101522_0179_110_224_2340_MAR_R_NT_004.SEN3
e265e8e3-e6d6-4b24-ba61-c78e2942c53a,S3A_OL_1_EFR____20250713T154226_20250713T154526_20250714T163513_0180_128_111_2160_PS1_O_NT_004.SEN3
70ebcd68-08c0-30c9-9ee5-91d0abf481ad,S3A_OL_1_EFR____20210120T153404_20210120T153704_20240602T222217_0179_067_282_2340_MAR_R_NT_004.SEN3
d2781f91-efde-34fe-819a-ad380c9f7560,S3B_OL_1_EFR____20200415T141020_20200415T141320_20240526T071439_0179_037_381_2160_MAR_R_NT_004.SEN3
f77b16c5-7aab-39af-b704-fce18ce2ac77,S3A_OL_1_EFR____20180516T140026_20180516T140326_20240530T191025_0180_031_167_2340_MAR_R_NT_004.SEN3
047a930b-d9d9-3a10-8a90-0ade71bdb377,S3A_OL_1_EFR____20181109T154939_20181109T155239_20240531T101516_0179_037_382_2160_MAR_R_NT_004.SEN3
fc8e7cce-752b-3413-93de-675d7fdd29e3,S3B_OL_1_EFR____20201029T140300_20201029T140600_20240526T125412_0179_045_110_2160_MAR_R_NT_004.SEN3
4925ba02-0c36-33de-8292-ba00f1ef6bf6,S3B_OL_1_EFR____20201019T150548_20201019T150848_20240526T142643_0179_044_353_2340_MAR_R_NT_004.SEN3
0eb5ee19-34b0-48e0-a875-5378cfc64664,S3A_OL_1_EFR____20251114T134627_20251114T134927_20251115T144711_0180_132_338_2160_PS1_O_NT_004.SEN3
00c726fd-0088-3765-9c9e-9762075b1aea,S3A_OL_1_EFR____20240124T154132_20240124T154432_20240920T064558_0179_108_168_2340_MAR_R_NT_004.SEN3
2d4a6fee-0289-3d0d-bd63-b6113cbc4749,S3B_OL_1_EFR____20220126T143259_20220126T143559_20240523T143100_0179_062_039_2160_MAR_R_NT_004.SEN3
4d796a2f-aa85-326c-b094-9f1488eb4c8e,S3A_OL_1_EFR____20231024T152634_20231024T152934_20240919T233230_0179_105_011_2340_MAR_R_NT_004.SEN3
492ba5a1-d266-3b29-92b6-c6f14ec95ae2,S3A_OL_1_EFR____20220130T151145_20220130T151445_20240604T211044_0179_081_239_2340_MAR_R_NT_004.SEN3
87f53799-c4fc-3888-be53-275b1f0fc986,S3A_OL_1_EFR____20240101T153447_20240101T153747_20240920T045922_0179_107_225_2160_MAR_R_NT_004.SEN3
afe226c9-9ffa-4a10-aad2-27cfdee9a961,S3B_OL_1_EFR____20240813T142523_20240813T142823_20240813T223000_0179_096_210_2340_PS2_O_NT_004.SEN3
7b331a58-9a75-4829-968c-2d9066f153d0,S3A_OL_1_EFR____20250420T151956_20250420T152256_20250421T160850_0179_125_068_2160_PS1_O_NT_004.SEN3
663a243a-7321-325b-bea4-bf36bfc70cc6,S3B_OL_1_EFR____20181213T134746_20181213T135046_20240525T035954_0179_019_338_2160_MAR_R_NT_004.SEN3
32554613-574d-3a12-bfc5-8f8432d50ec0,S3B_OL_1_EFR____20190401T150544_20190401T150844_20240525T094254_0179_023_353_2340_MAR_R_NT_004.SEN3
1b7c4a12-82d7-3bbe-a77c-02e137b15268,S3A_OL_1_EFR____20210828T152721_20210828T153021_20240603T155329_0179_075_339_2160_MAR_R_NT_004.SEN3
d6c5ae9c-cc88-3c75-8b77-9f352e34fb06,S3B_OL_1_EFR____20231215T135601_20231215T135901_20240921T073700_0179_087_224_2160_MAR_R_NT_004.SEN3
2b7a671a-69d1-3ca2-b04f-5179b1c0cee9,S3B_OL_1_EFR____20190504T154736_20190504T155036_20240525T092547_0179_025_054_2160_MAR_R_NT_004.SEN3
2059bcc3-0ed9-3d37-8049-95aea2ea1fbb,S3B_OL_1_EFR____20180906T151055_20180906T151355_20240620T213231_0179_012_239_2340_MAR_R_NT_004.SEN3
2eb9db85-9cb4-3d66-afe7-92d516af79ff,S3A_OL_1_EFR____20221123T150835_20221123T151135_20240605T170629_0179_092_239_2160_MAR_R_NT_004.SEN3
eb84d418-6610-4b14-b235-a712f9fe4668,S3B_OL_1_EFR____20241130T135914_20241130T140214_20241130T220035_0179_100_224_2340_PS2_O_NT_004.SEN3
7438788b-4be0-3f68-9d46-9504169ce3d0,S3B_OL_1_EFR____20201006T135910_20201006T140210_20240526T115902_0179_044_167_2160_MAR_R_NT_004.SEN3
4afea3fa-ffeb-34d5-891d-61725a709cac,S3A_OL_1_EFR____20200112T134914_20200112T135214_20240601T175933_0179_053_338_2340_MAR_R_NT_004.SEN3
ea7c2bee-15bd-355c-9536-57d7d9db6e36,S3A_OL_1_EFR____20180507T143106_20180507T143406_20240530T182323_0179_031_039_2160_MAR_R_NT_004.SEN3
9bc7ee02-9112-3f52-8373-1573ce9c3373,S3A_OL_1_EFR____20200318T151900_20200318T152200_20240601T231156_0179_056_125_2340_MAR_R_NT_004.SEN3
faab69dd-113c-3a33-b888-93292f12e80c,S3A_OL_1_EFR____20220524T155337_20220524T155637_20240605T045437_0179_085_325_2160_MAR_R_NT_004.SEN3
7e5d09b0-26cd-32df-a835-ff4ef708d716,S3A_OL_1_EFR____20190930T134231_20190930T134531_20240601T092348_0179_050_010_2160_MAR_R_NT_004.SEN3
a66cd989-7762-4c62-96c9-352d3c8fa071,S3A_OL_1_EFR____20240902T144523_20240902T144823_20240903T150746_0179_116_253_2340_PS1_O_NT_004.SEN3
f482d086-7e1c-3dd8-8fa1-359eb488e3fe,S3B_OL_1_EFR____20190717T153150_20190717T153450_20240525T165045_0179_027_339_2340_MAR_R_NT_004.SEN3
d858b120-3d1d-30a8-be35-e4e723d180ce,S3A_OL_1_EFR____20230322T152638_20230322T152938_20240606T014627_0179_097_011_2340_MAR_R_NT_004.SEN3
3a569729-6f0c-3042-8337-3e51c4de5335,S3B_OL_1_EFR____20200404T153620_20200404T153920_20240526T024350_0179_037_225_2160_MAR_R_NT_004.SEN3
0f9c2e8c-c937-39ba-b8b2-a314020c4809,S3B_OL_1_EFR____20240420T154431_20240420T154731_20240921T151635_0179_092_111_2160_MAR_R_NT_004.SEN3
aa5c2b6e-5d00-33dc-92ad-0063a13464b9,S3A_OL_1_EFR____20190502T140031_20190502T140331_20240531T213520_0179_044_167_2340_MAR_R_NT_004.SEN3
2a5ea7f6-6928-3e76-a3ab-fff2690cb387,S3A_OL_1_EFR____20200522T153405_20200522T153705_20240602T035206_0179_058_282_2340_MAR_R_NT_004.SEN3
9617c1f9-7ab8-398e-92b7-851164273b87,S3A_OL_1_EFR____20201012T152634_20201012T152934_20240602T134406_0179_064_011_2340_MAR_R_NT_004.SEN3
b810f16a-a5c5-3955-99a2-954cff1810e4,S3A_OL_1_EFR____20210411T135307_20210411T135607_20240603T052810_0179_070_281_2340_MAR_R_NT_004.SEN3
9b33bf7c-43f3-491b-95fb-a43af0a5d31a,S3B_OL_1_EFR____20240729T141111_20240729T141411_20240729T224202_0179_095_381_2160_PS2_O_NT_004.SEN3
addf4a31-cb58-31a3-8f47-4a4c44ef8a43,S3A_OL_1_EFR____20191230T142637_20191230T142937_20240601T162832_0179_053_153_2340_MAR_R_NT_004.SEN3
5206e82e-ca52-348b-9b12-a794a2a756df,S3A_OL_1_EFR____20210705T153026_20210705T153326_20240603T113341_0179_073_339_2340_MAR_R_NT_004.SEN3
d6c7652a-a1ea-36f9-afcb-975ae7405b8d,S3B_OL_1_EFR____20230402T150223_20230402T150523_20240527T201924_0179_078_025_2340_MAR_R_NT_004.SEN3
9b967ca8-e57f-38f5-974e-f0d5e6d71b66,S3B_OL_1_EFR____20180901T135650_20180901T135950_20240620T212221_0179_012_167_2160_MAR_R_NT_004.SEN3
b698e264-71e6-351c-adb8-f7e5365de754,S3B_OL_1_EFR____20240324T154726_20240324T155026_20240921T131834_0179_091_111_2340_MAR_R_NT_004.SEN3
363ab2e8-8cef-3099-85ba-6a2d011411b4,S3B_OL_1_EFR____20220817T151339_20220817T151639_20240524T022619_0179_069_239_2340_MAR_R_NT_004.SEN3
810f3207-e47d-3e17-a661-d8fa3be02c4d,S3A_OL_1_EFR____20220125T154140_20220125T154440_20240604T213511_0179_081_168_2340_MAR_R_NT_004.SEN3
330d25ef-ebb7-3547-91b1-54c5c7ed88f2,S3B_OL_1_EFR____20191207T152122_20191207T152422_20240525T193915_0180_033_068_2160_MAR_R_NT_004.SEN3
26446d4f-cac0-385a-9a12-da308332489f,S3A_OL_1_EFR____20220601T154608_20220601T154908_20240605T052652_0179_086_054_2160_MAR_R_NT_004.SEN3
4b2a687b-c1a9-3cab-9017-73538afbca71,S3A_OL_1_EFR____20210414T155333_20210414T155633_20240603T053512_0179_070_325_2160_MAR_R_NT_004.SEN3
38a4f12b-836e-3a98-a7e7-0f11f826899b,S3B_OL_1_EFR____20250208T152211_20250208T152511_20250211T164152_0179_103_068_2160_ESA_O_NT_004.SEN3
6b2fb091-5595-3373-bdaa-012320ff88ed,S3B_OL_1_EFR____20240413T134749_20240413T135049_20240921T135704_0179_092_010_2340_MAR_R_NT_004.SEN3
2bf5b243-6b31-3284-b4e1-fb01d1500075,S3A_OL_1_EFR____20210527T140038_20210527T140338_20240603T084342_0179_072_167_2340_MAR_R_NT_004.SEN3
d57ec28d-224e-41d8-ba0d-2d5de00228ff,S3A_OL_1_EFR____20250524T140042_20250524T140342_20250525T144707_0179_126_167_2340_PS1_O_NT_004.SEN3
924cd9f5-7dc7-39e1-8a3b-f9c0b472cfaa,S3B_OL_1_EFR____20180824T154519_20180824T154819_20240620T213306_0179_012_054_2160_MAR_R_NT_004.SEN3
646a6942-ec1c-310d-980c-778b25dda654,S3A_OL_1_EFR____20230223T152334_20230223T152634_20240605T225343_0180_096_011_2160_MAR_R_NT_004.SEN3
98d66723-3bfa-4703-b826-e4106cd29c8f,S3A_OL_1_EFR____20250201T154518_20250201T154818_20250202T161244_0179_122_111_2340_PS1_O_NT_004.SEN3
d5f07c64-85a6-3225-b85e-b603243247bd,S3A_OL_1_EFR____20230119T135304_20230119T135604_20240605T212057_0179_094_281_2340_MAR_R_NT_004.SEN3
6be37c4b-b420-3c50-b73c-6ed31ea47767,S3B_OL_1_EFR____20240502T153321_20240502T153621_20240921T153904_0179_092_282_2160_MAR_R_NT_004.SEN3
6ce65ccb-ebcf-3d11-8aa1-589c17102646,S3A_OL_1_EFR____20181207T134225_20181207T134525_20240531T120103_0179_039_010_2160_MAR_R_NT_004.SEN3
c313f3a2-6768-3d18-b832-723686e624b3,S3A_OL_1_EFR____20221118T154131_20221118T154431_20240605T170658_0179_092_168_2340_MAR_R_NT_004.SEN3
ee11bf30-aa24-35cc-bab1-37edac27d2ce,S3A_OL_1_EFR____20240310T154600_20240310T154900_20240920T095333_0179_110_054_2160_MAR_R_NT_004.SEN3
2144f6b7-5316-3290-bba4-9b2823f051e9,S3B_OL_1_EFR____20201112T144025_20201112T144325_20240526T164730_0179_045_310_2160_MAR_R_NT_004.SEN3
3e952e4e-1303-366f-96e5-9face9d7c0aa,S3A_OL_1_EFR____20201201T152713_20201201T153013_20240602T173721_0179_065_339_2160_MAR_R_NT_004.SEN3
f6815fc9-6e18-3bcf-949f-bae1f5c0f18b,S3A_OL_1_EFR____20220320T154137_20220320T154437_20240605T013119_0179_083_168_2340_MAR_R_NT_004.SEN3
c1646190-bd63-3813-9542-6f4330a7329b,S3A_OL_1_EFR____20200223T154126_20200223T154426_20240601T211751_0179_055_168_2340_MAR_R_NT_004.SEN3
2085cd4e-840c-3bb4-847c-81dd757ed058,S3B_OL_1_EFR____20230416T153949_20230416T154249_20240527T201035_0179_078_225_2340_MAR_R_NT_004.SEN3
d1adfe14-f4a2-3b54-909c-95f2e65b8f03,S3B_OL_1_EFR____20210522T135105_20210522T135405_20240527T025329_0179_052_338_2340_MAR_R_NT_004.SEN3
7b0a4d95-6941-35e3-a175-429718d74ed3,S3B_OL_1_EFR____20230618T150617_20230618T150917_20240627T150511_0179_080_353_2340_MAR_R_NT_004.SEN3
9184ef5f-abfd-37ad-9997-72ccaae35e57,S3A_OL_1_EFR____20190806T141141_20190806T141441_20240601T034725_0179_047_381_2340_MAR_R_NT_004.SEN3
51c7983c-a3f1-44e8-837b-48fb1e41306b,S3B_OL_1_EFR____20250810T144034_20250810T144334_20250811T144027_0180_109_367_2340_ESA_O_NT_004.SEN3
dfd7b9e0-193a-4087-9b2d-19a729c3dd92,S3A_OL_1_EFR____20241221T135301_20241221T135601_20241222T141426_0179_120_281_2340_PS1_O_NT_004.SEN3
dd076447-91f4-395f-b3f5-a2729ce9dc92,S3B_OL_1_EFR____20220220T134723_20220220T135023_20240523T165518_0179_063_010_2340_MAR_R_NT_004.SEN3
550a13dc-056b-31db-80ab-cfdf4a63a011,S3B_OL_1_EFR____20200106T154647_20200106T154947_20240525T211006_0179_034_111_2340_MAR_R_NT_004.SEN3
55993dde-c11b-3b0f-aa87-ef49104edb41,S3B_OL_1_EFR____20220908T154334_20220908T154634_20240524T045025_0179_070_168_2340_MAR_R_NT_004.SEN3
59bb9d83-fb82-43ab-a1ae-5e1262d9c4d1,S3A_OL_1_EFR____20250610T145731_20250610T150031_20250611T154731_0179_127_025_2160_PS1_O_NT_004.SEN3
0f04c1fb-0acd-3c6a-98c7-40e4ee7fcfac,S3B_OL_1_EFR____20190605T151735_20190605T152035_20240525T104656_0179_026_125_2160_MAR_R_NT_004.SEN3
025313c5-b04b-4f76-bcea-b48691f61e19,S3B_OL_1_EFR____20241030T140256_20241030T140556_20241030T220511_0180_099_167_2340_PS2_O_NT_004.SEN3
90aba17e-86e3-3d83-a983-b384a5282e10,S3B_OL_1_EFR____20210807T135458_20210807T135758_20240527T035238_0179_055_281_2340_MAR_R_NT_004.SEN3
0a255c66-af82-37d6-8ef6-fe5c4146748a,S3B_OL_1_EFR____20181205T135815_20181205T140115_20240621T074813_0179_019_224_2340_MAR_R_NT_004.SEN3
471b0f64-acec-395f-8950-48ef9a7781b6,S3A_OL_1_EFR____20180119T143403_20180119T143703_20240530T084418_0179_027_039_2340_MAR_R_NT_004.SEN3
8006402a-7c2a-34a7-ab0a-48190de26661,S3B_OL_1_EFR____20180928T135954_20180928T140254_20240621T000208_0179_013_167_2340_MAR_R_NT_004.SEN3
36546204-1751-37d2-948b-35bc806008cd,S3A_OL_1_EFR____20220107T150756_20220107T151056_20240604T074632_0180_080_296_2340_MAR_R_NT_004.SEN3
7a65a053-653c-3fa8-beae-f2812c664003,S3A_OL_1_EFR____20220217T140123_20220217T140423_20240604T222032_0179_082_110_2160_MAR_R_NT_004.SEN3
ae52b617-af52-3cc1-8da6-97a698d8d189,S3B_OL_1_EFR____20190527T155117_20190527T155417_20240525T101829_0179_025_382_2160_MAR_R_NT_004.SEN3
3cdb2cb1-2de1-334a-a9a9-9d0f3fdf86e8,S3B_OL_1_EFR____20191203T152507_20191203T152806_20240526T005042_0179_033_011_2160_MAR_R_NT_004.SEN3
bc915c4b-c5c2-3599-9fa3-40c390b10945,S3B_OL_1_EFR____20200518T145517_20200518T145817_20240526T080549_0179_039_082_2160_MAR_R_NT_004.SEN3
1aaf2bfa-9803-37c8-af6c-e7c59a134d9c,S3A_OL_1_EFR____20210928T134239_20210928T134539_20240604T004822_0179_077_010_2160_MAR_R_NT_004.SEN3
f3b5bb3e-ef25-30a4-bb56-fa99abf4c963,S3B_OL_1_EFR____20230221T135550_20230221T135850_20240527T183139_0179_076_224_2160_MAR_R_NT_004.SEN3
dde1836f-7bff-3dfa-8049-228663e5a64e,S3B_OL_1_EFR____20230605T154339_20230605T154639_20240627T180745_0179_080_168_2340_MAR_R_NT_004.SEN3
5089f0f5-ddbe-39ea-b625-d26e9cdb50d4,S3B_OL_1_EFR____20220422T140308_20220422T140608_20240523T211331_0179_065_110_2160_MAR_R_NT_004.SEN3
a22b93fa-0925-3c41-a4be-5aec2bfa7d30,S3B_OL_1_EFR____20180821T152253_20180821T152553_20240620T193324_0179_012_011_2160_MAR_R_NT_004.SEN3
2732edab-c806-3b4e-8b34-c56efa46f44c,S3A_OL_1_EFR____20180213T152625_20180213T152925_20240530T115356_0179_028_011_2340_MAR_R_NT_004.SEN3
b8e28666-9d28-498b-ae03-ca7a149ab6f5,S3A_OL_1_EFR____20250616T154225_20250616T154525_20250617T163515_0179_127_111_2160_PS1_O_NT_004.SEN3
7556c93a-4ece-3c95-857e-b9573a442790,S3B_OL_1_EFR____20240521T135951_20240521T140251_20240921T145654_0179_093_167_2160_MAR_R_NT_004.SEN3
644b7390-d258-4db2-ad06-07b46f8c036d,S3A_OL_1_EFR____20240812T134920_20240812T135220_20240813T141124_0179_115_338_2340_PS1_O_NT_004.SEN3
4752d3c0-2f88-4d75-a51d-c3f52f73430c,S3B_OL_1_EFR____20241103T135613_20241103T135913_20241103T220631_0179_099_224_2160_PS2_O_NT_004.SEN3
d42f43f2-abae-3a1c-bcb7-56e3c4a8af60,S3A_OL_1_EFR____20210319T153016_20210319T153316_20240603T034256_0179_069_339_2340_MAR_R_NT_004.SEN3
89f5279f-4c05-3446-849e-dfd9d7c16ca8,S3A_OL_1_EFR____20190812T145334_20190812T145634_20240601T045031_0179_048_082_2160_MAR_R_NT_004.SEN3
d48b9b3a-77cc-31d5-9e1b-dbefadea04e1,S3A_OL_1_EFR____20221125T141613_20221125T141913_20240605T170729_0180_092_267_2160_MAR_R_NT_004.SEN3
5a827034-acde-377c-8391-2b3bfeb4d69c,S3B_OL_1_EFR____20181006T134926_20181006T135226_20240621T023038_0180_013_281_2160_MAR_R_NT_004.SEN3
6b1a277e-96fc-3d89-b270-50df1af95f16,S3B_OL_1_EFR____20181021T140159_20181021T140459_20240621T015107_0179_015_110_2340_MAR_R_NT_004.SEN3
f424e9c4-be59-3b73-85a4-9b7da096ce01,S3A_OL_1_EFR____20180628T134529_20180628T134829_20240530T223647_0179_033_010_2340_MAR_R_NT_004.SEN3
043117e8-9222-3cc6-b6ed-a80421373228,S3A_OL_1_EFR____20211113T153407_20211113T153707_20240604T031513_0180_078_282_2340_MAR_R_NT_004.SEN3
e2b92671-82f5-3a5d-94aa-483c07a76297,S3A_OL_1_EFR____20210112T140032_20210112T140332_20240602T213124_0179_067_167_2340_MAR_R_NT_004.SEN3
6cc83828-92bb-3916-b46d-29fec68b2214,S3B_OL_1_EFR____20200511T143634_20200511T143934_20240526T074516_0179_038_367_2160_MAR_R_NT_004.SEN3
c7fc61b3-48e5-3c46-80e6-5e42fd2c3b3e,S3A_OL_1_EFR____20220718T134923_20220718T135223_20240605T103353_0179_087_338_2340_MAR_R_NT_004.SEN3
9d3174d8-bea6-3b7d-a6fc-d613ef05fd88,S3A_OL_1_EFR____20230511T134925_20230511T135225_20240606T044725_0179_098_338_2340_MAR_R_NT_004.SEN3
e1d36fae-6cf9-3c17-b5b5-6c9b88dafd00,S3B_OL_1_EFR____20220708T154803_20220708T155103_20240524T011957_0179_068_054_2160_MAR_R_NT_004.SEN3
75eecd79-9e6c-36dd-b836-328cc383e661,S3B_OL_1_EFR____20240115T153610_20240115T153910_20240921T080732_0179_088_282_2340_MAR_R_NT_004.SEN3
9a84c2c9-3b1f-31ce-8e26-725d3e0c1687,S3A_OL_1_EFR____20221013T143115_20221013T143415_20240605T144757_0179_091_039_2160_MAR_R_NT_004.SEN3
9b318b41-3d02-3f51-87e5-95da849924d6,S3B_OL_1_EFR____20210922T154023_20210922T154323_20240527T072513_0179_057_168_2160_MAR_R_NT_004.SEN3
8412b1ff-9225-3303-af44-4dc6212ccc6f,S3B_OL_1_EFR____20210112T150207_20210112T150507_20240526T182141_0179_048_025_2340_MAR_R_NT_004.SEN3
83cd4510-9339-30d7-8262-90105f07bae1,S3A_OL_1_EFR____20190425T152248_20190425T152548_20240531T211713_0179_044_068_2340_MAR_R_NT_004.SEN3
8382a929-b08d-39a4-a450-26b7d7bd46ba,S3A_OL_1_EFR____20200124T151600_20200124T151900_20240601T190616_0179_054_125_2160_MAR_R_NT_004.SEN3
affc431c-1877-31af-b864-49a4e7213b82,S3B_OL_1_EFR____20210211T134331_20210211T134631_20240526T181146_0179_049_067_2340_MAR_R_NT_004.SEN3
257bdfe3-5076-33ad-a757-51452aa5e360,S3A_OL_1_EFR____20201008T153019_20201008T153319_20240602T142602_0179_063_339_2340_MAR_R_NT_004.SEN3
976c9ccd-c2a0-3310-b028-84a10160dada,S3A_OL_1_EFR____20200614T135349_20200614T135649_20240602T044211_0179_059_224_2160_MAR_R_NT_004.SEN3
e1f7994e-9a93-39df-b017-b5bf99572a75,S3B_OL_1_EFR____20250223T153326_20250223T153626_20250224T160551_0179_103_282_2160_ESA_O_NT_004.SEN3
8923574e-ee07-4660-ba9d-7143a31f41e5,S3B_OL_1_EFR____20251112T140311_20251112T140611_20251113T151948_0179_113_167_2340_ESA_O_NT_004.SEN3
a1ee077f-f948-3939-b1d5-4f25be3c0109,S3A_OL_1_EFR____20220906T135006_20220906T135306_20240605T131155_0179_089_281_2160_MAR_R_NT_004.SEN3
6ef96613-8e7e-35b1-baa0-1e830bdd1cc5,S3B_OL_1_EFR____20200504T142052_20200504T142352_20240526T071409_0179_038_267_2340_MAR_R_NT_004.SEN3
39d94d85-d586-3047-8095-a399b3a5a8c4,S3B_OL_1_EFR____20230424T134822_20230424T135122_20240527T225900_0179_078_338_2160_MAR_R_NT_004.SEN3
916456ab-07f4-3d31-b8a6-c34c1005603c,S3B_OL_1_EFR____20190721T134707_20190721T135007_20240525T154506_0179_028_010_2340_MAR_R_NT_004.SEN3
f068bbbc-68e6-3e85-bdda-c8bbe8d6493b,S3A_OL_1_EFR____20180205T153354_20180205T153654_20240530T114224_0179_027_282_2340_MAR_R_NT_004.SEN3
3ed9dd71-82ac-3120-a6d9-c36319743652,S3A_OL_1_EFR____20230411T150758_20230411T151058_20240606T031646_0179_097_296_2340_MAR_R_NT_004.SEN3
d61bd79f-f767-3ad2-929b-92c58c18f3ef,S3B_OL_1_EFR____20210722T154753_20210722T155053_20240527T042316_0179_055_054_2160_MAR_R_NT_004.SEN3
40965a8a-c93a-42d5-af34-afa99c325924,S3A_OL_1_EFR____20250929T152258_20250929T152558_20250930T162119_0179_131_068_2340_PS1_O_NT_004.SEN3
76fe1b95-453c-3d9c-ae06-95543e8b90f1,S3B_OL_1_EFR____20240111T153655_20240111T153955_20240921T072450_0179_088_225_2160_MAR_R_NT_004.SEN3
3fffeb04-af64-3936-bcbe-1213b5523ebb,S3B_OL_1_EFR____20181023T144657_20181023T144957_20240621T025656_0179_015_139_2160_MAR_R_NT_004.SEN3
a7fce736-e85e-31d6-aebf-51da6eee9296,S3B_OL_1_EFR____20190810T150924_20190810T151224_20240525T135907_0179_028_296_2340_MAR_R_NT_004.SEN3
d4ceb324-4645-38cf-93f5-11b3c69b8dca,S3B_OL_1_EFR____20220720T153951_20220720T154251_20240524T013144_0179_068_225_2340_MAR_R_NT_004.SEN3
01452f96-5eb3-486a-a9c8-44202cdc429b,S3B_OL_1_EFR____20250115T140338_20250115T140638_20250115T220500_0179_102_110_2160_PS2_O_NT_004.SEN3
7bd4529b-b5f4-3ded-aa9e-d37a940dd93e,S3A_OL_1_EFR____20210419T134240_20210419T134540_20240603T053848_0179_071_010_2160_MAR_R_NT_004.SEN3
81a63a9b-0d0d-3d85-8d18-0db159ae05ee,S3B_OL_1_EFR____20221128T154034_20221128T154334_20240524T082544_0179_073_168_2160_MAR_R_NT_004.SEN3
2f687a29-2ceb-393d-bc46-1faf961a9e9f,S3B_OL_1_EFR____20201016T144321_20201016T144621_20240526T154711_0179_044_310_2340_MAR_R_NT_004.SEN3
ec0f380c-4ae3-41db-9f80-b0be0d5606c9,S3A_OL_1_EFR____20250109T153831_20250109T154131_20250110T160530_0179_121_168_2160_PS1_O_NT_004.SEN3
c009e72d-b676-3e23-9eb1-0cd9f3d0a9ba,S3B_OL_1_EFR____20230313T151807_20230313T152107_20240527T163817_0179_077_125_2160_MAR_R_NT_004.SEN3
85f573ea-3961-387e-88ff-010ecbd007f4,S3B_OL_1_EFR____20200609T134416_20200609T134716_20240526T100033_0179_040_010_2160_MAR_R_NT_004.SEN3
28547743-a8b8-3444-8d76-8f29a1e12d3e,S3A_OL_1_EFR____20200618T135004_20200618T135304_20240602T053817_0179_059_281_2160_MAR_R_NT_004.SEN3
550a0dd4-9bae-37e9-848a-2101c795f03b,S3B_OL_1_EFR____20220925T150222_20220925T150522_20240524T044438_0180_071_025_2340_MAR_R_NT_004.SEN3
67c9824e-4c86-30ac-b986-506e717d06c5,S3B_OL_1_EFR____20210127T151317_20210127T151617_20240526T203522_0179_048_239_2340_MAR_R_NT_004.SEN3
dfb7b764-1ebc-352e-bdd2-18f5059cca02,S3A_OL_1_EFR____20240330T153021_20240330T153321_20240920T104525_0179_110_339_2340_MAR_R_NT_004.SEN3
732f95f3-a10d-3d57-871e-f5000e5dbaff,S3A_OL_1_EFR____20180521T151129_20180521T151429_20240530T193229_0180_031_239_2340_MAR_R_NT_004.SEN3
60897b5e-3c93-313c-857d-2632472f630d,S3A_OL_1_EFR____20200830T140029_20200830T140329_20240602T101837_0179_062_167_2340_MAR_R_NT_004.SEN3
d244eb28-962d-3957-96fe-8c65acd11c1b,S3A_OL_1_EFR____20220710T153453_20220710T153753_20240605T100454_0180_087_225_2160_MAR_R_NT_004.SEN3
6c8b227a-2ebb-3518-93c5-5f50cba0d837,S3A_OL_1_EFR____20211101T140120_20211101T140420_20240604T020817_0179_078_110_2160_MAR_R_NT_004.SEN3
5e5a248f-a5cf-3a98-ad5d-8a12d2e014e3,S3A_OL_1_EFR____20220925T135736_20220925T140036_20240605T140023_0179_090_167_2160_MAR_R_NT_004.SEN3
85b8e7ca-f926-354e-931e-55510a74c449,S3A_OL_1_EFR____20190918T135643_20190918T135943_20240601T073640_0179_049_224_2340_MAR_R_NT_004.SEN3
9918655d-ae3e-3d95-b1a5-3f30f6c6d398,S3A_OL_1_EFR____20190226T152627_20190226T152927_20240531T164246_0179_042_011_2340_MAR_R_NT_004.SEN3
37f3e669-4c18-4b90-ac87-668f543582de,S3A_OL_1_EFR____20250628T135314_20250628T135614_20250629T144331_0179_127_281_2340_PS1_O_NT_004.SEN3
bf87fbc4-6a9e-3505-b3ff-7322370a7c97,S3B_OL_1_EFR____20200520T140555_20200520T140855_20240526T081253_0179_039_110_2340_MAR_R_NT_004.SEN3
00dbf5ee-60ec-30dc-82de-58ac37c07971,S3B_OL_1_EFR____20250416T144748_20250416T145048_20250417T152913_0179_105_253_2340_ESA_O_NT_004.SEN3
aa1361f0-3688-3a8e-9671-7e9f11ebaa08,S3A_OL_1_EFR____20220324T153754_20220324T154054_20240605T011956_0179_083_225_2340_MAR_R_NT_004.SEN3
c51816f3-c23a-319a-8301-22600fbbbb36,S3B_OL_1_EFR____20180720T141153_20180720T141453_20240620T163745_0179_010_324_2160_MAR_R_NT_004.SEN3
343914f7-7bca-3e0b-a9e8-5da18b4a5d81,S3B_OL_1_EFR____20181027T143842_20181027T144142_20240621T041642_0179_016_196_2160_MAR_R_NT_004.SEN3
083ffef2-6ddd-3c7b-bdfa-a98932dcab79,S3B_OL_1_EFR____20190501T134411_20190501T134711_20240525T092047_0179_025_010_2160_MAR_R_NT_004.SEN3
7032765c-0fb8-383b-80e0-1ee023d1bcca,S3A_OL_1_EFR____20240318T154133_20240318T154433_20240920T095014_0179_110_168_2340_MAR_R_NT_004.SEN3
b411796d-0761-324f-91ad-c9e851f2208a,S3B_OL_1_EFR____20221218T134353_20221218T134653_20240524T102628_0179_074_067_2340_MAR_R_NT_004.SEN3
c07d7462-65c1-45cd-b6e7-e8f81d4edb99,S3B_OL_1_EFR____20251028T134856_20251028T135156_20251029T151002_0179_112_338_2160_ESA_O_NT_004.SEN3
8cd74d71-210f-36b2-8416-a724c9f842bb,S3B_OL_1_EFR____20240630T150632_20240630T150932_20240921T194313_0179_094_353_2340_MAR_R_NT_004.SEN3
1ac5696b-a421-3fca-bb3e-ec3027048adb,S3A_OL_1_EFR____20180917T152625_20180917T152925_20240531T053751_0179_036_011_2340_MAR_R_NT_004.SEN3
847d95f5-a8bd-3d1d-9576-c8af0368a63e,S3B_OL_1_EFR____20180905T135606_20180905T135906_20240620T221936_0179_012_224_2340_MAR_R_NT_004.SEN3
d945e159-fd38-3228-b51b-2cab4bf85af0,S3B_OL_1_EFR____20180917T152554_20180917T152854_20240620T231452_0179_013_011_2340_MAR_R_NT_004.SEN3
9e96edee-57d4-327e-bf23-4b8a426031bc,S3A_OL_1_EFR____20211229T154135_20211229T154435_20240604T072112_0179_080_168_2340_MAR_R_NT_004.SEN3
b037b15f-3f01-4b85-9b03-24b016c776a6,S3A_OL_1_EFR____20250210T151140_20250210T151440_20250211T160149_0179_122_239_2340_PS1_O_NT_004.SEN3
4cd63302-52bf-319e-ac48-0c3cbd71da27,S3B_OL_1_EFR____20181228T135901_20181228T140201_20240525T073450_0179_020_167_2160_MAR_R_NT_004.SEN3
ac0d578e-6514-3d8e-a62d-a61b44deaa86,S3A_OL_1_EFR____20240427T150412_20240427T150712_20240920T144155_0180_111_353_2340_MAR_R_NT_004.SEN3
2a289b02-0ce7-3483-b3d5-0b460bbd87e9,S3A_OL_1_EFR____20210116T135648_20210116T135948_20240602T223656_0179_067_224_2340_MAR_R_NT_004.SEN3
fcf1b157-819e-3b04-882a-9c8080cac65c,S3A_OL_1_EFR____20211101T154520_20211101T154820_20240604T031138_0179_078_111_2340_MAR_R_NT_004.SEN3
be87d740-9704-3b50-96a4-2978b8f639d2,S3A_OL_1_EFR____20220710T135654_20220710T135954_20240605T100528_0179_087_224_2340_MAR_R_NT_004.SEN3
0b610584-b095-3c77-abfa-3d634e624b8a,S3A_OL_1_EFR____20211109T135352_20211109T135652_20240604T031041_0179_078_224_2160_MAR_R_NT_004.SEN3
ad777a17-0512-4217-a3c9-7c4efd4e7208,S3B_OL_1_EFR____20240826T134800_20240826T135100_20240826T221425_0179_097_010_2340_PS2_O_NT_004.SEN3
a916150a-5107-3685-9d79-9789792cddb9,S3B_OL_1_EFR____20200930T145818_20200930T150118_20240526T150301_0179_044_082_2340_MAR_R_NT_004.SEN3
5c0bcc92-6554-3e9e-8e76-0444360daacf,S3A_OL_1_EFR____20201015T154601_20201015T154901_20240602T145011_0179_064_054_2160_MAR_R_NT_004.SEN3
1ef9e094-a045-3bfc-85ad-83a9993a29a1,S3B_OL_1_EFR____20230625T134400_20230625T134700_20240627T190710_0179_081_067_2340_MAR_R_NT_004.SEN3
dc03b627-b44a-305a-9900-b663a940bbba,S3B_OL_1_EFR____20211101T150256_20211101T150556_20240527T113244_0179_058_353_2160_MAR_R_NT_004.SEN3
5eb54b3f-69c6-37a8-8872-5648af3941bb,S3A_OL_1_EFR____20200104T135642_20200104T135942_20240601T172744_0179_053_224_2340_MAR_R_NT_004.SEN3
b9ec42a3-3df0-3526-958e-7483d1ac4554,S3A_OL_1_EFR____20240117T151951_20240117T152251_20240920T055848_0179_108_068_2160_MAR_R_NT_004.SEN3
8e831377-1039-3670-aab5-78e8041f18e0,S3A_OL_1_EFR____20210411T135007_20210411T135307_20240603T052743_0179_070_281_2160_MAR_R_NT_004.SEN3
f19b8efc-6db1-3664-9d8f-bd614677ccae,S3A_OL_1_EFR____20211225T154219_20211225T154519_20240604T074521_0179_080_111_2160_MAR_R_NT_004.SEN3
b03009ec-0a16-3e70-b876-a41909c16955,S3B_OL_1_EFR____20200122T152848_20200122T153148_20240525T234702_0179_034_339_2160_MAR_R_NT_004.SEN3
9a2816b5-981e-46b9-abf5-93effa43df5e,S3B_OL_1_EFR____20241205T151016_20241205T151316_20241206T080319_0179_100_296_2340_PS2_O_NT_004.SEN3
b5a68c3d-f542-308f-b7af-70472eab3eb3,S3A_OL_1_EFR____20210323T152333_20210323T152633_20240603T023842_0179_070_011_2160_MAR_R_NT_004.SEN3
26e7cd86-9998-3dd2-8082-b3de14c51db5,S3A_OL_1_EFR____20180916T154936_20180916T155236_20240531T053556_0179_035_382_2160_MAR_R_NT_004.SEN3
5fb1c8c3-3a7e-38e6-b7b5-761d6db18750,S3B_OL_1_EFR____20181118T143926_20181118T144226_20240621T050939_0180_017_125_2160_MAR_R_NT_004.SEN3
d271770d-99ab-36de-8cd8-3b2917b6c5af,S3B_OL_1_EFR____20211008T134424_20211008T134724_20240527T071353_0179_058_010_2160_MAR_R_NT_004.SEN3
c811ba37-ed67-3870-96e7-a99946d9ed49,S3B_OL_1_EFR____20220821T150955_20220821T151255_20240524T030720_0179_069_296_2340_MAR_R_NT_004.SEN3
b2660036-bf7d-39cd-91fd-aa63f012af35,S3A_OL_1_EFR____20200204T153358_20200204T153658_20240601T185407_0179_054_282_2340_MAR_R_NT_004.SEN3
9892a12e-130b-4fdb-afee-175ba8a18145,S3B_OL_1_EFR____20251031T141123_20251031T141423_20251101T150126_0179_112_381_2160_ESA_O_NT_004.SEN3
88f751f6-c34e-3450-b3b7-2ec689237006,S3A_OL_1_EFR____20230115T153748_20230115T154048_20240605T202553_0179_094_225_2340_MAR_R_NT_004.SEN3
f0c2fffb-f000-3b7e-bc87-ddc96963f2a7,S3B_OL_1_EFR____20220426T140224_20220426T140524_20240523T201907_0179_065_167_2340_MAR_R_NT_004.SEN3
407f9e28-a9da-3bd5-b670-08187a141b2f,S3A_OL_1_EFR____20180625T150402_20180625T150702_20240530T222000_0180_032_353_2340_MAR_R_NT_004.SEN3
7ea462f9-e7e8-445d-8c46-c636a461f617,S3A_OL_1_EFR____20250630T143851_20250630T144151_20250701T154200_0179_127_310_2160_PS1_O_NT_004.SEN3
262ed0dc-0795-3cd0-b484-8c6144a5eb9b,S3A_OL_1_EFR____20190402T151900_20190402T152200_20240531T194022_0179_043_125_2340_MAR_R_NT_004.SEN3
d949babd-4ace-31d7-a4d3-bea0681dc21b,S3B_OL_1_EFR____20250413T142222_20250413T142522_20250414T155517_0179_105_210_2160_ESA_O_NT_004.SEN3
db4445c4-77bb-3648-8acb-fd2c275063fb,S3A_OL_1_EFR____20240508T151911_20240508T152211_20240920T132702_0179_112_125_2340_MAR_R_NT_004.SEN3
4349d999-2e63-48e5-8c80-e966a700711b,S3A_OL_1_EFR____20250712T142737_20250712T143037_20250713T151539_0179_128_096_2160_PS1_O_NT_004.SEN3
50e251b9-8ac3-3c71-b9ef-9bfed57bd80d,S3A_OL_1_EFR____20220911T150410_20220911T150710_20240605T131822_0179_089_353_2340_MAR_R_NT_004.SEN3
f72e4e89-888b-4d7c-bfff-f302ae32c292,S3B_OL_1_EFR____20240811T151746_20240811T152046_20240812T081043_0179_096_182_2340_PS2_O_NT_004.SEN3
3810ee55-9c3c-34ec-8023-4b3fb0bb6583,S3A_OL_1_EFR____20200711T135649_20200711T135949_20240602T072016_0179_060_224_2340_MAR_R_NT_004.SEN3
ca2167b2-a792-31cc-9538-2df7f3d941b8,S3A_OL_1_EFR____20210709T134542_20210709T134842_20240603T114309_0179_074_010_2340_MAR_R_NT_004.SEN3
3a4935c8-2f4e-3cbe-8302-e46fdd2ef9ea,S3A_OL_1_EFR____20200406T134534_20200406T134834_20240602T001326_0180_057_010_2340_MAR_R_NT_004.SEN3
5656986b-12d3-3065-a6ec-41ef8b1abc5b,S3A_OL_1_EFR____20240724T152252_20240724T152552_20240920T201202_0179_115_068_2340_MAR_R_NT_004.SEN3
b435dd3f-a3de-4390-ad89-66389fe82605,S3B_OL_1_EFR____20241002T142603_20241002T142903_20241002T221014_0179_098_153_2160_PS2_O_NT_004.SEN3
13b8c503-6f8b-3d89-b327-5c4bb0ad3b5d,S3A_OL_1_EFR____20190401T154511_20190401T154811_20240531T193646_0179_043_111_2340_MAR_R_NT_004.SEN3
c945b372-db9b-453a-8598-51c5db01b2b8,S3A_OL_1_EFR____20250906T151909_20250906T152209_20250907T162124_0179_130_125_2340_PS1_O_NT_004.SEN3
d381883b-5a9d-3f8c-88a1-028f4617ae5f,S3A_OL_1_EFR____20221116T144954_20221116T145254_20240605T170253_0179_092_139_2160_MAR_R_NT_004.SEN3
5e9bcdc6-29f3-4639-acf7-29fef520aa04,S3B_OL_1_EFR____20240810T140258_20240810T140558_20240810T220757_0179_096_167_2340_PS2_O_NT_004.SEN3
47eedfc8-9a74-3002-824b-4e8286984407,S3A_OL_1_EFR____20221231T134534_20221231T134834_20240605T200330_0179_094_010_2340_MAR_R_NT_004.SEN3
52426fac-6d9d-4e0c-ae48-987d6a40fd08,S3A_OL_1_EFR____20250617T151614_20250617T151914_20250618T160647_0179_127_125_2160_PS1_O_NT_004.SEN3
d3eb329e-9cb3-3894-a1f6-74960a5cca61,S3B_OL_1_EFR____20181220T154728_20181220T155028_20240525T054021_0179_020_054_2160_MAR_R_NT_004.SEN3
adb789ad-22c5-3056-acd9-e3fb40e46b6e,S3B_OL_1_EFR____20230902T135514_20230902T135814_20240920T230254_0180_083_281_2340_MAR_R_NT_004.SEN3
b1b636ae-b452-385b-9262-165bd92be1b7,S3A_OL_1_EFR____20200329T153400_20200329T153700_20240601T231157_0179_056_282_2340_MAR_R_NT_004.SEN3
378ff9d9-f595-39bd-bd75-b4ed9eb599e7,S3B_OL_1_EFR____20240530T151014_20240530T151314_20240921T162100_0179_093_296_2340_MAR_R_NT_004.SEN3
29dde6dd-8e53-39e5-ae70-d32dfc068004,S3A_OL_1_EFR____20180117T134225_20180117T134525_20240530T090625_0179_027_010_2160_MAR_R_NT_004.SEN3
43628456-19d3-35bb-a2da-64b238a5a1f6,S3A_OL_1_EFR____20221105T143458_20221105T143758_20240605T155026_0179_091_367_2160_MAR_R_NT_004.SEN3
bd129602-6a0e-33fd-a207-3b172de8805c,S3A_OL_1_EFR____20220130T150845_20220130T151144_20240604T211025_0179_081_239_2160_MAR_R_NT_004.SEN3
2a3bfccc-a813-3039-9df4-ef6394c85b1b,S3A_OL_1_EFR____20240503T154606_20240503T154906_20240920T134053_0180_112_054_2160_MAR_R_NT_004.SEN3
cd208ab0-e2d3-3539-a3d1-e5199f4950c7,S3B_OL_1_EFR____20200821T135447_20200821T135747_20240526T100306_0179_042_281_2340_MAR_R_NT_004.SEN3
5549451e-4df0-3a2d-8483-a8c5cda258ba,S3B_OL_1_EFR____20180701T140426_20180701T140726_20240620T155726_0180_010_053_2160_MAR_R_NT_004.SEN3
dc470f9e-8ae8-32d2-a0b2-c7ea8ff12059,S3B_OL_1_EFR____20210620T143648_20210620T143948_20240527T015510_0179_053_367_2160_MAR_R_NT_004.SEN3
03e3f9df-0c35-3747-9510-3ae67d7d03e1,S3A_OL_1_EFR____20211125T151953_20211125T152253_20240604T051829_0179_079_068_2160_MAR_R_NT_004.SEN3
5e825b3d-d84a-369c-b1a5-73fa9f626948,S3B_OL_1_EFR____20201015T150632_20201015T150932_20240526T132402_0179_044_296_2160_MAR_R_NT_004.SEN3
01d5c001-bfd5-41c0-90d4-9d8008653a35,S3B_OL_1_EFR____20240928T143249_20240928T143549_20240928T222022_0179_098_096_2340_PS2_O_NT_004.SEN3
0c047e50-daeb-46d6-9796-0a12402399c0,S3A_OL_1_EFR____20250201T140119_20250201T140419_20250202T143126_0179_122_110_2160_PS1_O_NT_004.SEN3
fa68f169-e321-392a-aa95-0a361a8ba7ce,S3B_OL_1_EFR____20191117T135904_20191117T140204_20240525T230308_0179_032_167_2160_MAR_R_NT_004.SEN3
6b724bc5-369a-436a-a6bf-8dc7d01a0d3f,S3A_OL_1_EFR____20250610T150031_20250610T150331_20250611T154731_0179_127_025_2340_PS1_O_NT_004.SEN3
502baa10-b53a-3071-b597-5f5cef9c9688,S3A_OL_1_EFR____20180722T150400_20180722T150700_20240531T003721_0180_033_353_2340_MAR_R_NT_004.SEN3
d59999ba-2733-3d94-8086-451233e519c4,S3A_OL_1_EFR____20190813T143023_20190813T143323_20240601T045510_0180_048_096_2340_MAR_R_NT_004.SEN3
8cce6718-eac4-3972-b1bb-2ef337ec651d,S3A_OL_1_EFR____20240128T135649_20240128T135949_20240920T070607_0180_108_224_2340_MAR_R_NT_004.SEN3
8f535d03-2e08-3abf-bf2b-f27b41b4495a,S3A_OL_1_EFR____20190707T134917_20190707T135217_20240601T013035_0179_046_338_2340_MAR_R_NT_004.SEN3
f47322d6-86a3-33b3-8409-4a00b5f103d4,S3B_OL_1_EFR____20250408T145218_20250408T145518_20250409T154455_0179_105_139_2160_ESA_O_NT_004.SEN3
a6d6ff61-88c0-483c-b5c5-889469be7487,S3A_OL_1_EFR____20250109T135732_20250109T140032_20250110T142207_0180_121_167_2160_PS1_O_NT_004.SEN3
9f4b452a-4d2b-3a42-aaba-4df5d1c628e8,S3B_OL_1_EFR____20240401T135559_20240401T135859_20240921T134903_0179_091_224_2160_MAR_R_NT_004.SEN3
fdbf3a26-d858-3951-8189-1f78c9c87204,S3B_OL_1_EFR____20211015T154404_20211015T154704_20240527T083444_0179_058_111_2160_MAR_R_NT_004.SEN3
34b10a2c-24eb-4945-b090-307655cdbd5d,S3A_OL_1_EFR____20241113T151905_20241113T152205_20241114T154021_0179_119_125_2340_PS1_O_NT_004.SEN3
26560fe4-f7c9-3ef7-85f8-cea677d1847a,S3A_OL_1_EFR____20210404T151523_20210404T151823_20240603T034410_0179_070_182_2340_MAR_R_NT_004.SEN3
276d5613-dbc2-3b2a-8c18-282409a6e12d,S3B_OL_1_EFR____20210907T153212_20210907T153512_20240527T081914_0179_056_339_2340_MAR_R_NT_004.SEN3
596d45da-222e-39f0-857d-f620bbf4b1cf,S3A_OL_1_EFR____20220605T140124_20220605T140424_20240605T053939_0179_086_110_2160_MAR_R_NT_004.SEN3
3d43cec2-44c2-36d2-8328-de5236c1fc84,S3B_OL_1_EFR____20200404T135821_20200404T140121_20240526T062031_0179_037_224_2340_MAR_R_NT_004.SEN3
6d693697-6263-3379-9d62-1ad8a4a06101,S3A_OL_1_EFR____20210909T151607_20210909T151907_20240603T173915_0179_076_125_2160_MAR_R_NT_004.SEN3
f8f33f14-ad58-3bde-99a2-deb5cfa85228,S3B_OL_1_EFR____20240718T135914_20240718T140214_20240921T202434_0179_095_224_2340_MAR_R_NT_004.SEN3
d7c32366-4864-3c5d-8f79-35eb03e7d1e7,S3B_OL_1_EFR____20250208T152511_20250208T152811_20250209T161843_0179_103_068_2340_ESA_O_NT_004.SEN3
99218814-2704-3cc0-b266-8221fa7524b4,S3B_OL_1_EFR____20240602T135142_20240602T135442_20240921T173938_0179_093_338_2340_MAR_R_NT_004.SEN3
9a3dedbd-e4e6-34bc-9acb-9c2bac4938e1,S3B_OL_1_EFR____20250215T154356_20250215T154656_20250216T162514_0180_103_168_2340_ESA_O_NT_004.SEN3
aa889af6-53c9-3de1-acc9-b2f3ddca5b60,S3A_OL_1_EFR____20180721T153011_20180721T153311_20240531T003521_0179_033_339_2340_MAR_R_NT_004.SEN3
b40e97b1-7e6e-3e43-be53-65eef323f20c,S3B_OL_1_EFR____20240328T154041_20240328T154341_20240921T140540_0179_091_168_2160_MAR_R_NT_004.SEN3
c07d4802-95fa-37c8-bc5c-ccab01a5aeec,S3B_OL_1_EFR____20190315T154351_20190315T154651_20240525T103634_0179_023_111_2160_MAR_R_NT_004.SEN3
80514814-d46c-3406-ad7f-a35fdd415f05,S3B_OL_1_EFR____20220828T134738_20220828T135038_20240524T025313_0179_070_010_2340_MAR_R_NT_004.SEN3
5f891bb9-49dd-3980-bf39-4b116707dbe5,S3B_OL_1_EFR____20240613T154440_20240613T154740_20240921T171624_0179_094_111_2160_MAR_R_NT_004.SEN3
6e43ac64-667b-3dd6-ace0-7d280d4dd473,S3B_OL_1_EFR____20250613T144414_20250613T144714_20250614T155929_0179_107_310_2340_ESA_O_NT_004.SEN3
95a21408-824b-3385-8920-3cd56bd913d5,S3A_OL_1_EFR____20200309T154938_20200309T155238_20240601T221448_0179_055_382_2160_MAR_R_NT_004.SEN3
a95d9108-179f-3ac9-b216-f1810c18cf5b,S3B_OL_1_EFR____20191214T140205_20191214T140505_20240526T002757_0179_033_167_2340_MAR_R_NT_004.SEN3
560ef172-ed43-3e16-971e-67e3ed607626,S3A_OL_1_EFR____20190401T154211_20190401T154511_20240531T193619_0179_043_111_2160_MAR_R_NT_004.SEN3
1d2d8630-31a4-38e1-8846-ae8b407bf98f,S3A_OL_1_EFR____20211018T150757_20211018T151057_20240604T021142_0179_077_296_2340_MAR_R_NT_004.SEN3
a9dfe18b-5484-4961-8271-80e6e7698626,S3A_OL_1_EFR____20240805T150838_20240805T151138_20240806T153009_0179_115_239_2160_PS1_O_NT_004.SEN3
524f3e6f-ea6b-3b74-a0e8-a91658be248e,S3B_OL_1_EFR____20210610T135538_20210610T135838_20240527T021621_0179_053_224_2160_MAR_R_NT_004.SEN3
934c7a84-ea9b-3dd7-9696-b84374e6b92f,S3A_OL_1_EFR____20181125T153739_20181125T154039_20240531T111810_0179_038_225_2340_MAR_R_NT_004.SEN3
4e511c9f-8050-359b-b335-f9076dcc4871,S3A_OL_1_EFR____20230526T140038_20230526T140338_20240606T061149_0180_099_167_2340_MAR_R_NT_004.SEN3
3d48f4b8-90e7-3da3-9796-efe161722094,S3A_OL_1_EFR____20240519T135009_20240519T135309_20240920T144255_0179_112_281_2160_MAR_R_NT_004.SEN3
6df09b86-b89c-376d-9575-7acbb58203d9,S3B_OL_1_EFR____20230821T154729_20230821T155029_20240920T234538_0180_083_111_2340_MAR_R_NT_004.SEN3
811d7d9e-92ab-34c7-8d1c-da07b7ce9a85,S3A_OL_1_EFR____20230826T141225_20230826T141525_20240919T155727_0180_102_324_2160_MAR_R_NT_004.SEN3
c4a4d72c-3343-37f4-afee-c626f2c911c5,S3A_OL_1_EFR____20220207T150415_20220207T150715_20240604T215052_0180_081_353_2340_MAR_R_NT_004.SEN3
24cfd78d-85a2-39d8-95fc-df8bdb655f49,S3A_OL_1_EFR____20191117T144135_20191117T144435_20240601T133018_0179_051_310_2340_MAR_R_NT_004.SEN3
521583d1-e2f6-3c1e-973a-bd77dfcfd1bb,S3A_OL_1_EFR____20221011T134237_20221011T134537_20240605T144215_0179_091_010_2160_MAR_R_NT_004.SEN3
84e5b70b-9106-339c-a211-31b3536f8b8d,S3A_OL_1_EFR____20211202T140034_20211202T140334_20240604T051326_0179_079_167_2340_MAR_R_NT_004.SEN3
42c57d5f-427f-3084-b403-cc700b97005b,S3B_OL_1_EFR____20190114T150153_20190114T150453_20240525T040053_0179_021_025_2340_MAR_R_NT_004.SEN3
d22cfdde-5e86-393a-81ff-e72881a45e45,S3B_OL_1_EFR____20201028T142910_20201028T143210_20240526T150422_0179_045_096_2160_MAR_R_NT_004.SEN3
ce62f6d7-4eec-3140-bc84-2a4d6caea0c7,S3B_OL_1_EFR____20181216T155112_20181216T155412_20240525T035957_0179_019_382_2160_MAR_R_NT_004.SEN3
b78cd13d-1323-372c-bb6c-06498c14ecf4,S3A_OL_1_EFR____20180620T153057_20180620T153357_20240530T223253_0179_032_282_2160_MAR_R_NT_004.SEN3
faf79948-9288-3e75-9fc4-f411c24533ef,S3B_OL_1_EFR____20190820T154732_20190820T155032_20240525T180737_0179_029_054_2160_MAR_R_NT_004.SEN3
03d449f6-f8a1-367a-81db-753e04cecd82,S3A_OL_1_EFR____20220731T144957_20220731T145257_20240605T105240_0180_088_139_2160_MAR_R_NT_004.SEN3
47466ac2-5254-3a7d-b1ae-95a58f20ed3c,S3B_OL_1_EFR____20250128T151011_20250128T151311_20250129T153116_0179_102_296_2340_ESA_O_NT_004.SEN3
3fc73ff4-e527-3561-bf09-d79853200b2e,S3B_OL_1_EFR____20230502T152454_20230502T152754_20240527T215409_0179_079_068_2340_MAR_R_NT_004.SEN3
d1153936-9693-3949-bbc8-ecedfbed4dd7,S3B_OL_1_EFR____20230202T134820_20230202T135120_20240527T124653_0179_075_338_2160_MAR_R_NT_004.SEN3
ec3fd88a-2f92-3f42-8845-cb13e47cb506,S3A_OL_1_EFR____20180405T150359_20180405T150659_20240530T151138_0179_029_353_2340_MAR_R_NT_004.SEN3
43c60fdc-8f3d-3c3f-8360-7a90723219a0,S3A_OL_1_EFR____20240315T151906_20240315T152206_20240920T095408_0180_110_125_2340_MAR_R_NT_004.SEN3
1b177c07-e472-3a2b-9ba7-8802d63ffb1f,S3A_OL_1_EFR____20221129T141228_20221129T141528_20240605T170929_0179_092_324_2160_MAR_R_NT_004.SEN3
bbd3e61f-11a7-3b11-a973-b101a9065925,S3B_OL_1_EFR____20180630T143337_20180630T143637_20240620T144026_0179_010_039_2340_MAR_R_NT_004.SEN3
db0ac8c5-3a66-3535-8b8c-1a8df601e5dd,S3B_OL_1_EFR____20220422T154408_20220422T154708_20240523T191846_0179_065_111_2160_MAR_R_NT_004.SEN3
e0ea80b7-98a8-3757-ba58-ec4181427c9b,S3B_OL_1_EFR____20201203T135532_20201203T135832_20240526T170718_0180_046_224_2160_MAR_R_NT_004.SEN3
2ac92bfb-49db-3488-b13e-79210cdba44e,S3B_OL_1_EFR____20200424T151741_20200424T152041_20240526T042939_0179_038_125_2160_MAR_R_NT_004.SEN3
564c7986-9589-3c68-aff3-cebe21f4247b,S3B_OL_1_EFR____20250715T155222_20250715T155522_20250716T164609_0179_108_382_2160_ESA_O_NT_004.SEN3
6ec98918-020b-3474-8b64-f6cfb438a4d0,S3A_OL_1_EFR____20201220T153442_20201220T153742_20240602T203238_0179_066_225_2160_MAR_R_NT_004.SEN3
bca303ad-280a-4f24-9c83-72fdfb1b4ffc,S3B_OL_1_EFR____20250831T153342_20250831T153642_20250901T153523_0180_110_282_2160_ESA_O_NT_004.SEN3
0702c98b-08d0-31dc-8ad2-a212ea21b973,S3B_OL_1_EFR____20220415T152525_20220415T152825_20240523T190650_0179_065_011_2160_MAR_R_NT_004.SEN3
b06a8393-3499-3b7b-83bc-0f574bebf12d,S3A_OL_1_EFR____20200919T151948_20200919T152248_20240602T114939_0179_063_068_2160_MAR_R_NT_004.SEN3
629d7ffa-8198-4222-b8df-ddf1685446e6,S3A_OL_1_EFR____20250129T152252_20250129T152552_20250130T155232_0179_122_068_2340_PS1_O_NT_004.SEN3
adef2e6a-8b01-3681-8da3-c3eb1145591f,S3B_OL_1_EFR____20240417T152504_20240417T152804_20240921T130603_0179_092_068_2340_MAR_R_NT_004.SEN3
b01e7c94-5a9c-3dc6-b723-7dbf736fd28e,S3A_OL_1_EFR____20210109T151904_20210109T152204_20240602T210441_0179_067_125_2340_MAR_R_NT_004.SEN3
00d686a2-9f25-359d-8cef-2d4ed1cb20dd,S3A_OL_1_EFR____20230519T151954_20230519T152254_20240606T051135_0179_099_068_2160_MAR_R_NT_004.SEN3
35f1db42-687b-3777-9ec1-78a4ac08890c,S3A_OL_1_EFR____20180729T151941_20180729T152241_20240531T012127_0180_034_068_2160_MAR_R_NT_004.SEN3
5dc94e6a-7247-4838-9cd8-2b3b8281ed7e,S3A_OL_1_EFR____20240903T141912_20240903T142212_20240904T144014_0179_116_267_2340_PS1_O_NT_004.SEN3
9fa4d205-22a8-30d4-b35a-aec55df88d2f,S3B_OL_1_EFR____20220209T151023_20220209T151323_20240523T163426_0179_062_239_2160_MAR_R_NT_004.SEN3
e36a0af5-729e-3ce8-a7da-8d6a22c4b36e,S3B_OL_1_EFR____20230617T152928_20230617T153228_20240627T173415_0180_080_339_2160_MAR_R_NT_004.SEN3
e574e03e-16b7-397a-8ec3-811810130b6b,S3A_OL_1_EFR____20201123T135644_20201123T135944_20240602T182215_0179_065_224_2340_MAR_R_NT_004.SEN3
e0e02545-9af8-3edf-b316-6163cbdf6f4c,S3A_OL_1_EFR____20210531T135354_20210531T135654_20240603T083600_0179_072_224_2160_MAR_R_NT_004.SEN3
d999d9eb-2a44-39e0-9d27-b63a7c1842c0,S3B_OL_1_EFR____20190828T135903_20190828T140203_20240525T143907_0180_029_167_2160_MAR_R_NT_004.SEN3
b6ed16bc-d794-3084-a186-8da95676584d,S3B_OL_1_EFR____20240309T135516_20240309T135816_20240921T122010_0179_090_281_2340_MAR_R_NT_004.SEN3
26f4578a-fd0c-3085-8505-14950ece44e2,S3B_OL_1_EFR____20180801T140339_20180801T140639_20240620T202658_0180_011_110_2340_MAR_R_NT_004.SEN3
6512cf60-682d-36df-aed6-8af01317619f,S3B_OL_1_EFR____20250515T135231_20250515T135531_20250516T143150_0179_106_281_2160_ESA_O_NT_004.SEN3
6b668f77-c5bb-3f10-8d96-310bdd6e87be,S3B_OL_1_EFR____20200925T134715_20200925T135015_20240526T145755_0179_044_010_2340_MAR_R_NT_004.SEN3
a7dc1650-cf17-328f-add3-05983f8f2faf,S3B_OL_1_EFR____20200822T150935_20200822T151235_20240526T131421_0179_042_296_2340_MAR_R_NT_004.SEN3
bf662685-83cb-3cfd-9ac7-817c7c48ee7c,S3B_OL_1_EFR____20190416T151657_20190416T151957_20240525T122719_0179_024_182_2340_MAR_R_NT_004.SEN3
b2b59c2e-88e2-3755-b48f-4f2a07be7068,S3A_OL_1_EFR____20231112T135000_20231112T135300_20240919T233800_0179_105_281_2160_MAR_R_NT_004.SEN3
2a61d2d8-c55c-30e7-88dd-652bd94b99c4,S3B_OL_1_EFR____20191230T152806_20191230T153106_20240525T210824_0179_034_011_2340_MAR_R_NT_004.SEN3
987fb1d0-e52a-339f-ae0c-d295f35743e1,S3A_OL_1_EFR____20231201T140028_20231201T140328_20240920T030702_0179_106_167_2340_MAR_R_NT_004.SEN3
c51d0794-dbbd-3bce-85b1-24d1bac8f631,S3A_OL_1_EFR____20180608T154210_20180608T154510_20240530T203220_0179_032_111_2160_MAR_R_NT_004.SEN3
429e809c-d360-3c4f-a6c1-e53c81a6a5e9,S3B_OL_1_EFR____20200412T134753_20200412T135053_20240526T043759_0179_037_338_2160_MAR_R_NT_004.SEN3
8a8c4268-7d9f-3045-811b-c5b58bc22460,S3B_OL_1_EFR____20200417T145858_20200417T150158_20240526T041401_0179_038_025_2160_MAR_R_NT_004.SEN3
b5372850-ba4c-38d7-823b-b018a0a3316a,S3B_OL_1_EFR____20210601T143216_20210601T143516_20240527T014706_0179_053_096_2340_MAR_R_NT_004.SEN3
1d8f33de-28f2-3204-b158-facd06e1718e,S3B_OL_1_EFR____20200604T141410_20200604T141710_20240526T062835_0180_039_324_2160_MAR_R_NT_004.SEN3
df4a6941-cde1-3e05-94a3-78612655d40a,S3B_OL_1_EFR____20211104T152523_20211104T152823_20240527T104006_0180_059_011_2160_MAR_R_NT_004.SEN3
79c18f17-66bd-3e79-9315-09ebfddd9a00,S3A_OL_1_EFR____20190110T154507_20190110T154807_20240531T134031_0179_040_111_2340_MAR_R_NT_004.SEN3
5ad8a8b5-b4be-3acc-97a1-6178253ee287,S3B_OL_1_EFR____20230106T153219_20230106T153519_20240527T111104_0179_074_339_2340_MAR_R_NT_004.SEN3
9e208ad8-6014-32a3-ab10-3fcc05f8dd5a,S3B_OL_1_EFR____20250603T154402_20250603T154702_20250604T175242_0180_107_168_2340_ESA_O_NT_004.SEN3
f866903e-92ae-3998-8fc9-97840ab8e844,S3B_OL_1_EFR____20200331T140205_20200331T140505_20240526T050712_0179_037_167_2340_MAR_R_NT_004.SEN3
1cf53d3a-0998-3d4b-a700-2fcb79f31eaf,S3B_OL_1_EFR____20190620T134748_20190620T135048_20240525T123834_0179_026_338_2160_MAR_R_NT_004.SEN3
91097be1-6ea1-37ff-98d9-baa8ebc12e5f,S3A_OL_1_EFR____20211210T153405_20211210T153705_20240604T062053_0179_079_282_2340_MAR_R_NT_004.SEN3
e766b4e1-75c1-33fe-b742-0baac1335734,S3B_OL_1_EFR____20181017T140401_20181017T140701_20240621T041719_0180_015_053_2160_MAR_R_NT_004.SEN3
17562010-3893-3824-b05e-ead4e7fdb95c,S3A_OL_1_EFR____20190406T151516_20190406T151816_20240531T192105_0180_043_182_2340_MAR_R_NT_004.SEN3
b1b500df-43e9-3e1a-8d82-0772c6a678b9,S3A_OL_1_EFR____20201224T135259_20201224T135559_20240602T202803_0179_066_281_2340_MAR_R_NT_004.SEN3
93aa4629-ec48-3236-8516-de43819684b4,S3B_OL_1_EFR____20180608T154140_20180608T154440_20240620T135759_0179_009_111_2160_MAR_R_NT_004.SEN3
b0a96020-2141-4f1c-8830-4a9113e86ae7,S3A_OL_1_EFR____20251113T155337_20251113T155637_20251114T170153_0180_132_325_2160_PS1_O_NT_004.SEN3
044bbe22-4134-311d-89d4-78d5cdd7e0d4,S3B_OL_1_EFR____20180721T134542_20180721T134842_20240620T180004_0179_010_338_2160_MAR_R_NT_004.SEN3
55e81271-a138-3708-87c7-e2c88c6e4e4a,S3A_OL_1_EFR____20210916T153750_20210916T154050_20240603T172842_0179_076_225_2340_MAR_R_NT_004.SEN3
69c3ee92-3ffa-3409-9851-0cdf1bcf4a3c,S3A_OL_1_EFR____20210701T135311_20210701T135611_20240603T104322_0180_073_281_2340_MAR_R_NT_004.SEN3
c3521e49-72b7-311d-a56d-333fdb2005ef,S3A_OL_1_EFR____20190610T134917_20190610T135217_20240601T002033_0179_045_338_2340_MAR_R_NT_004.SEN3
28f349b6-59bb-307a-ace5-12e8359c86a8,S3A_OL_1_EFR____20211006T151910_20211006T152210_20240603T235641_0179_077_125_2340_MAR_R_NT_004.SEN3
33f41724-77c0-35ac-a697-1fbcfd448ebb,S3B_OL_1_EFR____20210619T150259_20210619T150559_20240527T040354_0179_053_353_2160_MAR_R_NT_004.SEN3
cc3a11e7-9d6b-3e65-bb6d-2541599ac3c6,S3A_OL_1_EFR____20200811T153102_20200811T153402_20240602T084922_0179_061_282_2160_MAR_R_NT_004.SEN3
cfadffee-3bf8-3615-a54a-57dd92a874a1,S3B_OL_1_EFR____20230226T150954_20230226T151254_20240527T183137_0180_076_296_2340_MAR_R_NT_004.SEN3
5c717b1e-81ff-3824-8244-cfdd8c8602c6,S3B_OL_1_EFR____20201218T154743_20201218T155043_20240526T162936_0180_047_054_2160_MAR_R_NT_004.SEN3
c98eb446-a906-37ab-9fb7-5e4dc9ef9b08,S3A_OL_1_EFR____20230812T151900_20230812T152200_20240919T165340_0179_102_125_2340_MAR_R_NT_004.SEN3
389b9333-df8a-3124-903d-944c8542d5f8,S3A_OL_1_EFR____20240414T153837_20240414T154137_20240920T124718_0179_111_168_2160_MAR_R_NT_004.SEN3
82c326cb-ad5b-3a7c-bca6-88f4d0aed517,S3B_OL_1_EFR____20201024T143254_20201024T143554_20240526T135233_0180_045_039_2160_MAR_R_NT_004.SEN3
184b130f-16ec-38be-bf19-bc1eadfa30d7,S3A_OL_1_EFR____20230306T154132_20230306T154432_20240606T002007_0179_096_168_2340_MAR_R_NT_004.SEN3
f28f5186-f65b-3306-b70d-09c72ea1b264,S3A_OL_1_EFR____20240418T153753_20240418T154053_20240920T140802_0179_111_225_2340_MAR_R_NT_004.SEN3
134d888c-23b9-3047-8a2d-92eb3def4579,S3A_OL_1_EFR____20220305T134624_20220305T134924_20240604T233155_0180_082_338_2160_MAR_R_NT_004.SEN3
69c32f77-a33f-3c63-89f8-c44c1098c7d5,S3B_OL_1_EFR____20190817T134407_20190817T134707_20240525T172612_0179_029_010_2160_MAR_R_NT_004.SEN3
22eecb00-8303-310f-9830-bd987731bed1,S3B_OL_1_EFR____20240525T153707_20240525T154007_20240921T155916_0179_093_225_2160_MAR_R_NT_004.SEN3
f3ba89fc-386e-3bb0-a6bb-347adcb0973d,S3A_OL_1_EFR____20181021T154211_20181021T154511_20240531T080956_0180_037_111_2160_MAR_R_NT_004.SEN3
a2f43914-3e00-3354-a7de-335bbc1c9126,S3A_OL_1_EFR____20230207T154134_20230207T154434_20240605T224750_0179_095_168_2340_MAR_R_NT_004.SEN3
b295a30a-0e9a-3946-b6f5-243bd954cf29,S3A_OL_1_EFR____20221102T141531_20221102T141831_20240605T155017_0179_091_324_2340_MAR_R_NT_004.SEN3
a4c3975d-6440-334b-8590-3772317cb7b6,S3A_OL_1_EFR____20180206T150443_20180206T150743_20240530T114306_0179_027_296_2160_MAR_R_NT_004.SEN3
78779cae-06dd-326a-9b2f-57b3999473ec,S3B_OL_1_EFR____20211027T135452_20211027T135752_20240527T112420_0179_058_281_2340_MAR_R_NT_004.SEN3
aca3e86e-702d-3796-b754-a89bcd3d71a4,S3A_OL_1_EFR____20240407T152254_20240407T152554_20240920T121102_0179_111_068_2340_MAR_R_NT_004.SEN3
cdff6e48-5f72-42f1-8f27-c82530c5f6e4,S3A_OL_1_EFR____20250121T153022_20250121T153322_20250122T155132_0179_121_339_2340_PS1_O_NT_004.SEN3
c8e28bf3-e88b-3251-9cba-5b4903a1a043,S3B_OL_1_EFR____20200714T151748_20200714T152048_20240526T112431_0179_041_125_2160_MAR_R_NT_004.SEN3
7581a8ac-bd8c-3ba5-a53a-568ec04571ae,S3B_OL_1_EFR____20221215T150226_20221215T150526_20240524T105523_0179_074_025_2340_MAR_R_NT_004.SEN3
db4359af-a9f4-30e3-92a8-f1f79b47a0ff,S3A_OL_1_EFR____20220110T134624_20220110T134924_20240604T081006_0179_080_338_2160_MAR_R_NT_004.SEN3
61449a77-911d-34fc-b094-eb3eee422976,S3A_OL_1_EFR____20220925T154135_20220925T154435_20240605T140028_0179_090_168_2340_MAR_R_NT_004.SEN3
5351cb6c-ab10-3788-8bda-39a6be9e11de,S3A_OL_1_EFR____20221223T135302_20221223T135602_20240605T184316_0179_093_281_2340_MAR_R_NT_004.SEN3
c8ead8ab-06e3-35f0-93d8-f1d6a871704c,S3B_OL_1_EFR____20210216T145435_20210216T145735_20240526T182458_0179_049_139_2340_MAR_R_NT_004.SEN3
29d60062-a73e-31a6-91f9-03ec97c094a5,S3A_OL_1_EFR____20220525T153026_20220525T153326_20240605T050600_0179_085_339_2340_MAR_R_NT_004.SEN3
09358890-7900-3dbe-8fd3-cf1099afb865,S3A_OL_1_EFR____20200723T134236_20200723T134536_20240602T072219_0179_061_010_2160_MAR_R_NT_004.SEN3
38391142-a740-3fe6-b6f8-e870e03c2c44,S3B_OL_1_EFR____20191129T153151_20191129T153451_20240525T230248_0179_032_339_2340_MAR_R_NT_004.SEN3
91ef9507-0144-3506-a0ad-999c5c8fd1a3,S3B_OL_1_EFR____20230821T140329_20230821T140629_20240920T231107_0179_083_110_2160_MAR_R_NT_004.SEN3
d4a3d307-bb8e-4378-8181-7b1ee11cb013,S3B_OL_1_EFR____20250111T154822_20250111T155122_20250112T075703_0180_102_054_2160_PS2_O_NT_004.SEN3
d201f37b-ce3f-3ed4-a662-71c9ab71cd5e,S3A_OL_1_EFR____20230719T153831_20230719T154131_20240628T055622_0180_101_168_2160_MAR_R_NT_004.SEN3
ed030f62-21d5-3010-991d-479a43214aed,S3A_OL_1_EFR____20240303T153018_20240303T153318_20240920T094704_0179_109_339_2340_MAR_R_NT_004.SEN3
0c33a88e-d167-356a-8a60-cb833bb5f6f3,S3A_OL_1_EFR____20200722T154946_20200722T155246_20240602T081212_0179_060_382_2160_MAR_R_NT_004.SEN3
d979c6cd-c3e6-4fa1-a356-9aa268fc6b17,S3A_OL_1_EFR____20240729T144957_20240729T145257_20240730T151130_0179_115_139_2160_PS1_O_NT_004.SEN3
abd477fb-8fdc-3b0b-9bfc-888518dd372e,S3B_OL_1_EFR____20190415T154008_20190415T154308_20240525T101423_0179_024_168_2160_MAR_R_NT_004.SEN3
5761a379-6026-3f09-8cd2-e46e2280c050,S3A_OL_1_EFR____20231024T152334_20231024T152634_20240919T233213_0179_105_011_2160_MAR_R_NT_004.SEN3
c37e70ab-cbcc-3652-bca7-b03ac4584db8,S3B_OL_1_EFR____20250318T135911_20250318T140211_20250319T143813_0179_104_224_2340_ESA_O_NT_004.SEN3
1890abec-54c7-3611-bc13-6e9d34e88dec,S3A_OL_1_EFR____20231017T150750_20231017T151050_20240919T223809_0179_104_296_2340_MAR_R_NT_004.SEN3
a376d991-c8c3-3c68-8041-2150d416593d,S3A_OL_1_EFR____20230322T152338_20230322T152638_20240606T014610_0179_097_011_2160_MAR_R_NT_004.SEN3
f82fb917-0898-3e6d-a6c9-90ff572373bf,S3A_OL_1_EFR____20180813T135253_20180813T135553_20240531T033640_0179_034_281_2340_MAR_R_NT_004.SEN3
02bb6c2c-a277-3ec4-befb-700b379708e0,S3A_OL_1_EFR____20240607T153839_20240607T154139_20240920T150804_0179_113_168_2160_MAR_R_NT_004.SEN3
d0f26385-3800-4721-99b4-c0bbc8da0ad5,S3A_OL_1_EFR____20240802T144612_20240802T144912_20240803T150923_0179_115_196_2160_PS1_O_NT_004.SEN3
701109ba-39f0-3ec5-b47c-ac8935d0e41f,S3A_OL_1_EFR____20231116T153015_20231116T153315_20240920T005810_0179_105_339_2340_MAR_R_NT_004.SEN3
3dd14a81-a86d-31f2-a5b7-fb3b1eecb582,S3B_OL_1_EFR____20230217T140234_20230217T140534_20240527T163831_0179_076_167_2340_MAR_R_NT_004.SEN3
08113ee1-87d3-33df-83ad-73bdd31eac74,S3A_OL_1_EFR____20190817T142337_20190817T142637_20240601T060412_0179_048_153_2160_MAR_R_NT_004.SEN3
16b58e56-6dac-3829-aa23-2d939f6ed6ce,S3A_OL_1_EFR____20200430T150409_20200430T150709_20240602T020530_0179_057_353_2340_MAR_R_NT_004.SEN3
bf85dbeb-9312-30e2-9b50-46b646d2f0c9,S3A_OL_1_EFR____20200212T134530_20200212T134830_20240601T201919_0180_055_010_2340_MAR_R_NT_004.SEN3
6a427679-c776-317d-afa4-417e299a9209,S3A_OL_1_EFR____20181021T140111_20181021T140411_20240531T084945_0179_037_110_2160_MAR_R_NT_004.SEN3
43d644f7-6c52-3b1c-a658-f89c053f01f7,S3A_OL_1_EFR____20240105T135003_20240105T135303_20240920T051025_0179_107_281_2160_MAR_R_NT_004.SEN3
4cd4d239-0774-3bb3-ae22-596909daf677,S3A_OL_1_EFR____20181110T134529_20181110T134829_20240531T093506_0179_038_010_2340_MAR_R_NT_004.SEN3
ede06dec-2f26-411c-bdca-7805d199f53b,S3A_OL_1_EFR____20250813T140041_20250813T140341_20250814T144341_0179_129_167_2340_PS1_O_NT_004.SEN3
ca28f825-2f22-3991-9ab2-fc0cf31c7f12,S3A_OL_1_EFR____20190226T134527_20190226T134827_20240531T172349_0179_042_010_2340_MAR_R_NT_004.SEN3
12c3239d-9983-3771-ae2d-8828575ff9f4,S3A_OL_1_EFR____20191014T141956_20191014T142256_20240601T104953_0179_050_210_2160_MAR_R_NT_004.SEN3
298e419f-a126-45e3-a772-137dae142867,S3A_OL_1_EFR____20250512T141154_20250512T141454_20250513T150345_0179_125_381_2340_PS1_O_NT_004.SEN3
b30dbd09-fa8f-31e1-9b21-4e55fa517237,S3B_OL_1_EFR____20210601T142916_20210601T143216_20240527T014649_0179_053_096_2160_MAR_R_NT_004.SEN3
d6e03347-d01b-3a52-9bf7-77840e5fe787,S3A_OL_1_EFR____20181118T151558_20181118T151858_20240531T103841_0179_038_125_2160_MAR_R_NT_004.SEN3
0ea70d62-9bf0-401d-adcc-62b26ceef3b2,S3A_OL_1_EFR____20240802T144912_20240802T145212_20240803T150928_0179_115_196_2340_PS1_O_NT_004.SEN3
c473af8f-3cee-3093-8da6-822953fe2855,S3B_OL_1_EFR____20200519T143206_20200519T143506_20240526T055416_0179_039_096_2340_MAR_R_NT_004.SEN3
75638d4d-3870-31c6-8b78-fa46c857f0bc,S3B_OL_1_EFR____20180624T134544_20180624T134844_20240620T155510_0179_009_338_2160_MAR_R_NT_004.SEN3
bac63d10-8c42-3214-92c9-54748224338f,S3B_OL_1_EFR____20210206T141025_20210206T141325_20240526T184312_0179_048_381_2160_MAR_R_NT_004.SEN3
6afb83d1-9619-3e22-bcda-1518ad85f19a,S3B_OL_1_EFR____20221206T153306_20221206T153606_20240524T102650_0179_073_282_2160_MAR_R_NT_004.SEN3
34ecb742-5b1c-3198-8d9c-06eadc98918a,S3A_OL_1_EFR____20220609T154139_20220609T154439_20240605T055548_0179_086_168_2340_MAR_R_NT_004.SEN3
85a4295a-f9ad-3cd4-90ed-533c60168e37,S3A_OL_1_EFR____20210113T151521_20210113T151821_20240602T223210_0179_067_182_2340_MAR_R_NT_004.SEN3
51578300-5507-3e1d-883f-06d67b989c1b,S3A_OL_1_EFR____20220703T151612_20220703T151912_20240605T094159_0179_087_125_2160_MAR_R_NT_004.SEN3
af43367b-22aa-34ee-ab8e-a39a8dc06eaa,S3B_OL_1_EFR____20240614T152129_20240614T152429_20240921T184744_0179_094_125_2340_MAR_R_NT_004.SEN3
5ecf6555-a100-3bd8-b901-75fe40914ecb,S3A_OL_1_EFR____20210403T153834_20210403T154134_20240603T034138_0179_070_168_2160_MAR_R_NT_004.SEN3
ee93f0e4-5b64-346c-a345-457c1d09b0f4,S3B_OL_1_EFR____20201104T145054_20201104T145354_20240526T154935_0179_045_196_2340_MAR_R_NT_004.SEN3
1f4cc292-daba-4e76-89ab-320254563a66,S3A_OL_1_EFR____20250924T140854_20250924T141154_20250925T151029_0180_130_381_2160_PS1_O_NT_004.SEN3
8158e7e1-baa6-3e25-9450-ed08dc9a6859,S3A_OL_1_EFR____20180121T152240_20180121T152540_20240530T100150_0179_027_068_2340_MAR_R_NT_004.SEN3
b7d5f742-504b-4fce-b91d-1d3ec8cf560f,S3A_OL_1_EFR____20250509T134928_20250509T135228_20250510T143728_0179_125_338_2340_PS1_O_NT_004.SEN3
f9432114-cbd4-3a5a-b56e-3a7a80890ca1,S3B_OL_1_EFR____20250503T140342_20250503T140642_20250504T141334_0179_106_110_2160_ESA_O_NT_004.SEN3
7f5f7679-5627-36de-b7be-276e81064432,S3B_OL_1_EFR____20180825T152208_20180825T152508_20240620T202644_0179_012_068_2340_MAR_R_NT_004.SEN3
9cf0188d-3f6a-3675-b5bf-226381a81b03,S3B_OL_1_EFR____20250731T154024_20250731T154324_20250801T161839_0179_109_225_2340_ESA_O_NT_004.SEN3
68d20863-eefa-38c2-8a94-e3897b06a83c,S3B_OL_1_EFR____20230213T140319_20230213T140619_20240527T144852_0179_076_110_2160_MAR_R_NT_004.SEN3
db8fb5bc-c3f9-4c66-b9d2-ff33f54219f6,S3A_OL_1_EFR____20250928T140510_20250928T140810_20250929T150534_0179_131_053_2160_PS1_O_NT_004.SEN3
38d56c45-184e-32ea-9321-ce29a042d1da,S3B_OL_1_EFR____20200514T145901_20200514T150201_20240526T064857_0179_039_025_2160_MAR_R_NT_004.SEN3
c6cc3be4-1af4-34c3-87f2-3435f7b5c572,S3B_OL_1_EFR____20200806T152433_20200806T152733_20240526T124241_0179_042_068_2340_MAR_R_NT_004.SEN3
0499c604-0fa7-3126-99ed-c71e130f93ad,S3B_OL_1_EFR____20211104T134424_20211104T134724_20240527T092734_0179_059_010_2160_MAR_R_NT_004.SEN3
6cf663af-f2a1-4cd2-9e8f-03379a21e223,S3B_OL_1_EFR____20250916T151842_20250916T152142_20250917T162401_0179_111_125_2160_ESA_O_NT_004.SEN3
042c92e8-bfd6-382d-b272-42194a5e7bf8,S3A_OL_1_EFR____20180307T155318_20180307T155618_20240530T130134_0179_028_325_2160_MAR_R_NT_004.SEN3
b6d9f44a-6983-3870-ba7e-2237643fb134,S3A_OL_1_EFR____20220707T151527_20220707T151827_20240605T094941_0179_087_182_2340_MAR_R_NT_004.SEN3
8c23fcfc-540a-39ec-917e-f2aa3f5558e3,S3B_OL_1_EFR____20200404T135521_20200404T135821_20240526T062012_0179_037_224_2160_MAR_R_NT_004.SEN3
ee3e4afb-cf49-39c7-be66-b17f52c47469,S3A_OL_1_EFR____20200815T134618_20200815T134918_20240602T091244_0179_061_338_2160_MAR_R_NT_004.SEN3
a2537b39-9859-3aa6-9efc-a8d002472b97,S3A_OL_1_EFR____20230216T150752_20230216T151052_20240605T225133_0179_095_296_2340_MAR_R_NT_004.SEN3
e3033117-ad8c-34fe-9ff6-906bbc5fcf32,S3B_OL_1_EFR____20250611T135536_20250611T135836_20250612T135723_0179_107_281_2340_ESA_O_NT_004.SEN3
c48a86f3-820e-460b-95ed-a41122c80711,S3A_OL_1_EFR____20241202T152633_20241202T152933_20241203T154608_0180_120_011_2340_PS1_O_NT_004.SEN3
f6cbe40a-f2b2-407b-928f-cf0faf40fbf3,S3A_OL_1_EFR____20251022T134244_20251022T134544_20251023T144137_0179_132_010_2160_PS1_O_NT_004.SEN3
a757e05b-c22f-37f0-b197-9860ba5c4de4,S3B_OL_1_EFR____20200710T152433_20200710T152733_20240526T100733_0179_041_068_2340_MAR_R_NT_004.SEN3
58140eb3-534c-31ef-bad6-ab8f6d5b25b5,S3B_OL_1_EFR____20181213T152845_20181213T153145_20240525T054152_0179_019_339_2160_MAR_R_NT_004.SEN3
ebe57c92-1285-328f-beb0-6ace09b25104,S3A_OL_1_EFR____20200630T151951_20200630T152251_20240602T063024_0179_060_068_2160_MAR_R_NT_004.SEN3
1cc2cddc-3b62-398a-a86a-891983f4476f,S3A_OL_1_EFR____20231128T151600_20231128T151900_20240920T014739_0179_106_125_2160_MAR_R_NT_004.SEN3
612ab6f0-13f0-3ee4-a7bd-cf23efe9ba60,S3B_OL_1_EFR____20220101T134340_20220101T134640_20240523T134348_0179_061_067_2340_MAR_R_NT_004.SEN3
6409dd53-829d-3e59-a40b-410598bb2c43,S3B_OL_1_EFR____20240119T152926_20240119T153226_20240921T090329_0179_088_339_2160_MAR_R_NT_004.SEN3
774035dd-e6e4-408f-92d4-82242b4f3a32,S3A_OL_1_EFR____20250324T152251_20250324T152551_20250325T160752_0180_124_068_2340_PS1_O_NT_004.SEN3
d4c649b4-9760-38c6-ae36-c4e6e99e62e2,S3B_OL_1_EFR____20211020T151407_20211020T151707_20240527T074119_0179_058_182_2160_MAR_R_NT_004.SEN3
a28ed3cd-3453-32d6-9508-b334dcb13a61,S3A_OL_1_EFR____20200429T153020_20200429T153320_20240602T015022_0179_057_339_2340_MAR_R_NT_004.SEN3
3b402f25-4059-3315-9e67-55410a8e46dd,S3A_OL_1_EFR____20230831T134230_20230831T134530_20240919T193801_0179_103_010_2160_MAR_R_NT_004.SEN3
45a466c8-247d-324c-b20e-4b880768f8dc,S3A_OL_1_EFR____20220210T134242_20220210T134542_20240604T215601_0179_082_010_2160_MAR_R_NT_004.SEN3
c9495d45-48fb-32d7-8580-6272de7bb4a3,S3A_OL_1_EFR____20190203T151943_20190203T152243_20240531T151414_0179_041_068_2160_MAR_R_NT_004.SEN3
9a3d7a3a-cd92-30cf-ba42-c357d83c0a48,S3A_OL_1_EFR____20220320T140038_20220320T140338_20240605T005225_0179_083_167_2340_MAR_R_NT_004.SEN3
b730a668-94ec-36b4-947f-c1cab33b05f1,S3A_OL_1_EFR____20211214T134621_20211214T134921_20240604T064157_0179_079_338_2160_MAR_R_NT_004.SEN3
a4950a07-b714-33fb-8fd2-99e208d802cf,S3A_OL_1_EFR____20200818T154944_20200818T155244_20240602T091612_0179_061_382_2160_MAR_R_NT_004.SEN3
ceb68d49-c775-3a2d-b915-556c70daa992,S3A_OL_1_EFR____20181118T151858_20181118T152158_20240531T103858_0179_038_125_2340_MAR_R_NT_004.SEN3
61c163ca-03b4-3453-bdd7-9184246b8861,S3A_OL_1_EFR____20230626T153749_20230626T154049_20240628T035212_0179_100_225_2340_MAR_R_NT_004.SEN3
257763b4-9ec6-360d-b1b0-571f399d3aec,S3A_OL_1_EFR____20211117T134623_20211117T134923_20240604T035844_0179_078_338_2160_MAR_R_NT_004.SEN3
2622522e-6327-3bdb-b826-45b3a3fd66d6,S3A_OL_1_EFR____20240330T134622_20240330T134922_20240920T122705_0179_110_338_2160_MAR_R_NT_004.SEN3
1343362b-64e7-356c-aa3e-9ac984e808dc,S3B_OL_1_EFR____20230324T153304_20230324T153604_20240527T182154_0179_077_282_2160_MAR_R_NT_004.SEN3
e52610fa-58de-317d-922f-23cb9df97179,S3A_OL_1_EFR____20230603T153107_20230603T153407_20240628T031222_0179_099_282_2160_MAR_R_NT_004.SEN3
0cded7b3-8c5f-31de-9627-9ff8eee22ce8,S3A_OL_1_EFR____20240618T155335_20240618T155635_20240920T165613_0179_113_325_2160_MAR_R_NT_004.SEN3
eeead9d7-70e4-3c89-b2e5-b0aea28376ac,S3B_OL_1_EFR____20210510T154017_20210510T154317_20240526T231420_0179_052_168_2160_MAR_R_NT_004.SEN3
1d032365-9d2b-3d8c-a234-c2bbbd962003,S3B_OL_1_EFR____20210710T142107_20210710T142407_20240527T035709_0179_054_267_2340_MAR_R_NT_004.SEN3
3cbae3dd-0bfd-3ef8-858d-34d0f05d9808,S3A_OL_1_EFR____20210430T140039_20210430T140339_20240603T054304_0179_071_167_2340_MAR_R_NT_004.SEN3
61337047-cb5d-4c4e-b3c2-1bae9257be31,S3B_OL_1_EFR____20241211T155209_20241211T155509_20241212T075250_0179_100_382_2160_PS2_O_NT_004.SEN3
338adf9d-4c5f-30a3-ac22-7736ec0d420a,S3B_OL_1_EFR____20200925T152514_20200925T152814_20240526T113048_0179_044_011_2160_MAR_R_NT_004.SEN3
c42c34cc-3a27-3245-a4e2-671b2f54a5b8,S3B_OL_1_EFR____20190805T135820_20190805T140120_20240525T134858_0179_028_224_2340_MAR_R_NT_004.SEN3
4fde27f2-396e-302c-8268-10bd59734e80,S3B_OL_1_EFR____20190508T140252_20190508T140552_20240525T093128_0179_025_110_2160_MAR_R_NT_004.SEN3
d17bbd91-5289-43fc-a2ac-b9b0d01a528b,S3B_OL_1_EFR____20241119T134416_20241119T134716_20241119T220412_0180_100_067_2340_PS2_O_NT_004.SEN3
22909123-81e8-4f8c-b89b-6eaf50057d13,S3A_OL_1_EFR____20240808T135005_20240808T135305_20240809T141318_0179_115_281_2160_PS1_O_NT_004.SEN3
2aacfe71-d379-3025-9a7c-18881b6f0e1b,S3A_OL_1_EFR____20211229T140036_20211229T140336_20240604T080909_0179_080_167_2340_MAR_R_NT_004.SEN3
fca5db66-8eb3-367a-88da-9ef1e1d501d7,S3B_OL_1_EFR____20210819T134345_20210819T134645_20240527T080029_0179_056_067_2340_MAR_R_NT_004.SEN3
6b184be9-688e-485c-98c5-299c283a4210,S3A_OL_1_EFR____20250826T150414_20250826T150714_20250827T160227_0180_129_353_2340_PS1_O_NT_004.SEN3
242d1a70-b769-3640-8231-f0a158598910,S3A_OL_1_EFR____20210403T135734_20210403T140034_20240603T044029_0179_070_167_2160_MAR_R_NT_004.SEN3
b874a9ef-a488-3107-8385-6bc50983728a,S3B_OL_1_EFR____20200219T150538_20200219T150838_20240526T052704_0179_035_353_2340_MAR_R_NT_004.SEN3
50a93171-b39e-3ffc-af10-6d9c54b4dd35,S3B_OL_1_EFR____20181028T141114_20181028T141414_20240621T032048_0179_016_210_2160_MAR_R_NT_004.SEN3
9633854c-81cf-3970-923a-9cd4f26cb258,S3A_OL_1_EFR____20230131T151953_20230131T152253_20240605T212905_0179_095_068_2160_MAR_R_NT_004.SEN3
fb5dc220-7c3c-3c0a-87f8-ce25d637394f,S3B_OL_1_EFR____20180806T151142_20180806T151442_20240620T203207_0179_011_182_2160_MAR_R_NT_004.SEN3
413d573c-df5b-4309-8d78-ec60a76beb4d,S3A_OL_1_EFR____20250528T135358_20250528T135658_20250529T144912_0179_126_224_2160_PS1_O_NT_004.SEN3
c59788b7-1363-37fc-9dc6-89ed7ce97b04,S3B_OL_1_EFR____20231204T152202_20231204T152502_20240921T060626_0179_087_068_2160_MAR_R_NT_004.SEN3
8fdf919f-24e6-4ca7-9bc7-7d6fdba7ed1f,S3A_OL_1_EFR____20250802T152643_20250802T152943_20250803T161444_0179_129_011_2340_PS1_O_NT_004.SEN3
9026aed1-520f-3dd5-ab35-a92dbcf1b84a,S3B_OL_1_EFR____20210929T142105_20210929T142405_20240527T063920_0179_057_267_2340_MAR_R_NT_004.SEN3
4d67686b-7086-365c-a33d-cca978c186c4,S3A_OL_1_EFR____20190126T134612_20190126T134912_20240531T152016_0180_040_338_2160_MAR_R_NT_004.SEN3
5daf849b-63d5-3856-81d6-b6217e546f11,S3B_OL_1_EFR____20200513T134413_20200513T134713_20240526T075252_0179_039_010_2160_MAR_R_NT_004.SEN3
456f518d-c8d6-3b4d-abed-41e1c4c5b42a,S3B_OL_1_EFR____20240313T135131_20240313T135431_20240921T132452_0179_090_338_2340_MAR_R_NT_004.SEN3
5f92389b-d3b5-39a3-82fd-79a198beb656,S3A_OL_1_EFR____20231020T152717_20231020T153017_20240919T222325_0179_104_339_2160_MAR_R_NT_004.SEN3
57ac4fc1-6e67-4964-b4d3-c5ead7704021,S3A_OL_1_EFR____20250502T151145_20250502T151445_20250503T160057_0179_125_239_2340_PS1_O_NT_004.SEN3
fb80a2c4-9b56-3af5-8783-2d2766276570,S3B_OL_1_EFR____20210406T152432_20210406T152732_20240527T025441_0179_051_068_2340_MAR_R_NT_004.SEN3
6701b00c-83de-31d4-92c3-07c9e5749e70,S3A_OL_1_EFR____20221230T141145_20221230T141445_20240605T200327_0179_093_381_2340_MAR_R_NT_004.SEN3
2770735d-d1ac-3a4b-b708-2de78f1211cf,S3B_OL_1_EFR____20250519T135148_20250519T135448_20250520T151241_0179_106_338_2340_ESA_O_NT_004.SEN3
a95c1c92-d080-421e-8f1a-1e36ba36ed76,S3A_OL_1_EFR____20240927T135350_20240927T135650_20240928T141815_0180_117_224_2160_PS1_O_NT_004.SEN3
8f15130f-9a84-3e35-a46d-e6b0675973fa,S3B_OL_1_EFR____20220812T135935_20220812T140235_20240524T021812_0179_069_167_2160_MAR_R_NT_004.SEN3
3585f7ef-647b-3e83-bb1a-de9067f9a74a,S3B_OL_1_EFR____20190319T135908_20190319T140208_20240525T105501_0179_023_167_2160_MAR_R_NT_004.SEN3
762d5412-c8f6-38fd-91ac-449f68d0a5fa,S3B_OL_1_EFR____20180711T144534_20180711T144834_20240620T163539_0179_010_196_2160_MAR_R_NT_004.SEN3
49ee9d1b-5f7b-32a2-8c63-b62fd2d0b875,S3B_OL_1_EFR____20191002T135133_20191002T135433_20240525T191448_0179_030_281_2160_MAR_R_NT_004.SEN3
79733f29-8761-349e-b26e-6b6ed8a9a3ed,S3B_OL_1_EFR____20240116T150959_20240116T151259_20240921T070342_0179_088_296_2340_MAR_R_NT_004.SEN3
26564ef0-253e-425d-bde4-a90083dd9c67,S3A_OL_1_EFR____20250909T135737_20250909T140037_20250910T145800_0179_130_167_2160_PS1_O_NT_004.SEN3
6a58b658-1666-3630-94ba-5b62c1e6e851,S3A_OL_1_EFR____20191223T140454_20191223T140754_20240601T153244_0179_053_053_2160_MAR_R_NT_004.SEN3
1cb7ccd3-4706-37f0-8207-88cd3b8ba317,S3A_OL_1_EFR____20230530T135353_20230530T135653_20240606T061327_0179_099_224_2160_MAR_R_NT_004.SEN3
c923a7ef-5bb6-3aa0-8179-ed7761c7a138,S3A_OL_1_EFR____20230915T135647_20230915T135947_20240919T193018_0179_103_224_2340_MAR_R_NT_004.SEN3
f83e1b29-41b8-3ec3-b5af-be4603d9ad1d,S3A_OL_1_EFR____20221113T143028_20221113T143328_20240605T161534_0179_092_096_2340_MAR_R_NT_004.SEN3
acc00c1a-2323-5f69-85ea-42c0d4d46c81,S3B_OL_1_EFR____20221101T140235_20221101T140535_20221101T234738_0179_072_167_2340_PS2_O_NT_003.SEN3
137c8721-55ac-3c84-85d1-77728a9f0909,S3B_OL_1_EFR____20230908T143707_20230908T144007_20240921T002611_0179_083_367_2160_MAR_R_NT_004.SEN3
6e18c4ed-9446-32de-bb1f-abff7c0c5ac4,S3B_OL_1_EFR____20200925T134415_20200925T134715_20240526T145737_0179_044_010_2160_MAR_R_NT_004.SEN3
aa0f2a8a-7b9d-33f5-aa02-18c46a9eeb12,S3A_OL_1_EFR____20190914T135727_20190914T140027_20240601T081521_0179_049_167_2160_MAR_R_NT_004.SEN3
8969310d-1298-3f61-88c4-229b3577d2b4,S3A_OL_1_EFR____20240108T155330_20240108T155630_20240920T052253_0179_107_325_2160_MAR_R_NT_004.SEN3
c5206e42-dccc-3cb6-9bcf-e7c121a8a100,S3B_OL_1_EFR____20190524T153151_20190524T153451_20240525T112421_0179_025_339_2340_MAR_R_NT_004.SEN3
564b48c6-b9c4-3ad6-8f15-2c3a789e3868,S3A_OL_1_EFR____20180520T135341_20180520T135641_20240530T183207_0179_031_224_2160_MAR_R_NT_004.SEN3
e563e6e2-b909-3d79-8235-7064316745d0,S3B_OL_1_EFR____20210606T135922_20210606T140222_20240527T003743_0179_053_167_2160_MAR_R_NT_004.SEN3
78a193f3-a66c-3703-967d-8438651eb886,S3B_OL_1_EFR____20181116T153424_20181116T153724_20240621T051017_0179_017_097_2160_MAR_R_NT_004.SEN3
cf10c661-2d3f-314e-b0ef-94c148c54f46,S3B_OL_1_EFR____20191014T152417_20191014T152717_20240525T210959_0179_031_068_2340_MAR_R_NT_004.SEN3
8de57645-78e4-45f4-a4b9-b406ba666e0f,S3B_OL_1_EFR____20251007T143345_20251007T143645_20251008T155754_0179_112_039_2160_ESA_O_NT_004.SEN3
47886e8d-8b7c-39e1-a2de-83fc3d1f99a0,S3A_OL_1_EFR____20210925T150412_20210925T150712_20240604T005159_0180_076_353_2340_MAR_R_NT_004.SEN3
6bb95e04-83d6-4d2d-b0c8-1dafd01a855d,S3A_OL_1_EFR____20250209T135352_20250209T135652_20250210T145003_0180_122_224_2160_PS1_O_NT_004.SEN3
7fee54c4-b13f-36ab-a4ae-bd8320756e43,S3A_OL_1_EFR____20230820T150831_20230820T151131_20240919T174023_0180_102_239_2160_MAR_R_NT_004.SEN3
a6a0db7a-b99f-3618-9744-e50ae4ce1086,S3B_OL_1_EFR____20230328T135120_20230328T135420_20240527T190328_0179_077_338_2340_MAR_R_NT_004.SEN3
65a56eb4-b752-34f3-8ec1-d33cf90fd374,S3A_OL_1_EFR____20200811T153402_20200811T153702_20240602T084949_0180_061_282_2340_MAR_R_NT_004.SEN3
ea05ace7-9489-3c77-b4dc-81ef9332323d,S3B_OL_1_EFR____20181221T152117_20181221T152417_20240525T035116_0179_020_068_2160_MAR_R_NT_004.SEN3
538456d4-d745-3085-975d-42c78f7c31a5,S3B_OL_1_EFR____20180810T150757_20180810T151057_20240620T185339_0179_011_239_2160_MAR_R_NT_004.SEN3
9cfe4804-a456-344f-9b35-cb9b0dc217fc,S3A_OL_1_EFR____20180820T154934_20180820T155234_20240531T030706_0179_034_382_2160_MAR_R_NT_004.SEN3
861044b5-e042-38d9-a2b0-656f2996d55d,S3B_OL_1_EFR____20201128T142828_20201128T143128_20240526T182538_0179_046_153_2340_MAR_R_NT_004.SEN3
e1aca334-909e-34ba-9c35-224059d7b159,S3B_OL_1_EFR____20230225T135206_20230225T135506_20240527T131927_0179_076_281_2160_MAR_R_NT_004.SEN3
1bcf32ee-e899-3b0e-8c6f-d16a823d7c6d,S3B_OL_1_EFR____20210613T142105_20210613T142405_20240527T013649_0179_053_267_2340_MAR_R_NT_004.SEN3
290a46ce-f4c5-3551-85c9-fcef99360719,S3B_OL_1_EFR____20211015T140304_20211015T140604_20240527T073043_0179_058_110_2160_MAR_R_NT_004.SEN3
d495b264-8da1-3846-9001-ab20dbf18445,S3A_OL_1_EFR____20201107T154944_20201107T155244_20240602T163409_0179_064_382_2160_MAR_R_NT_004.SEN3
6881b3c3-3f6d-3128-a44d-7ac7a351ac17,S3A_OL_1_EFR____20221112T145639_20221112T145939_20240605T161217_0179_092_082_2340_MAR_R_NT_004.SEN3
972118fe-fda4-3ffc-9fb0-724ceab61ad1,S3A_OL_1_EFR____20230425T154521_20230425T154821_20240606T032023_0179_098_111_2340_MAR_R_NT_004.SEN3
3314a003-64a0-31a2-a4c8-e626990eec81,S3A_OL_1_EFR____20200610T140034_20200610T140334_20240602T050830_0179_059_167_2340_MAR_R_NT_004.SEN3
aad94e92-fe7b-342f-89a8-8002db1ac9a6,S3B_OL_1_EFR____20240529T135525_20240529T135825_20240921T163109_0180_093_281_2340_MAR_R_NT_004.SEN3
6cc5f432-3bd6-38fe-adf0-4437c8211c0b,S3A_OL_1_EFR____20180408T152626_20180408T152926_20240530T144719_0179_030_011_2340_MAR_R_NT_004.SEN3
aeeb1922-3a3f-3f73-a4f9-c9323cca081f,S3B_OL_1_EFR____20210927T151027_20210927T151327_20240527T062554_0179_057_239_2160_MAR_R_NT_004.SEN3
72c2c79c-596b-347d-b655-6814ebd67870,S3B_OL_1_EFR____20230522T150615_20230522T150915_20240527T234942_0179_079_353_2340_MAR_R_NT_004.SEN3
f9eb5f56-1ff0-32ed-8841-fd45050c58c4,S3B_OL_1_EFR____20220808T154418_20220808T154718_20240524T021444_0180_069_111_2160_MAR_R_NT_004.SEN3
f43be266-792e-3ef3-8a16-5a6eb805927d,S3B_OL_1_EFR____20220119T141417_20220119T141717_20240523T143040_0179_061_324_2160_MAR_R_NT_004.SEN3
71b49c3b-e5cf-3611-baa8-fbe942313be2,S3A_OL_1_EFR____20230627T151138_20230627T151438_20240628T015705_0179_100_239_2340_MAR_R_NT_004.SEN3
86b937e7-bda9-31d1-ac91-83e9545c6e0f,S3A_OL_1_EFR____20180109T134953_20180109T135253_20240530T080434_0179_026_281_2160_MAR_R_NT_004.SEN3
19793391-72b3-4c1f-b2ee-19b5ded3dff4,S3B_OL_1_EFR____20240911T151059_20240911T151359_20240912T080952_0179_097_239_2160_PS2_O_NT_004.SEN3
b34f92b7-b59e-3b15-98ff-230975715140,S3B_OL_1_EFR____20210122T140214_20210122T140514_20240526T201849_0179_048_167_2340_MAR_R_NT_004.SEN3
f712cfb4-e232-3e63-958b-09e983dc49bc,S3B_OL_1_EFR____20191226T153150_20191226T153450_20240526T005354_0179_033_339_2340_MAR_R_NT_004.SEN3
cbb8bed9-269c-328c-a599-11a1e9f4cd34,S3A_OL_1_EFR____20230407T151142_20230407T151442_20240606T021420_0179_097_239_2340_MAR_R_NT_004.SEN3
2766faf6-b721-353b-aadf-6fbcb5b2fe60,S3B_OL_1_EFR____20181019T145459_20181019T145759_20240621T014055_0179_015_082_2340_MAR_R_NT_004.SEN3
2d9f0fa2-da58-3f36-bfa9-c19c95e55d27,S3A_OL_1_EFR____20180427T153356_20180427T153656_20240530T172125_0179_030_282_2340_MAR_R_NT_004.SEN3
c359d767-7218-4c55-9c7f-ff43f1315c40,S3A_OL_1_EFR____20240807T141616_20240807T141916_20240808T143742_0179_115_267_2160_PS1_O_NT_004.SEN3
9cfab897-9d22-3048-b884-8fa272e5b6bf,S3B_OL_1_EFR____20220120T134806_20220120T135106_20240523T154213_0179_061_338_2160_MAR_R_NT_004.SEN3
fcbd14c7-7975-34cc-9db1-dc875632833d,S3A_OL_1_EFR____20210912T153834_20210912T154134_20240603T162245_0179_076_168_2160_MAR_R_NT_004.SEN3
669854f3-7268-3884-83ef-ad668a0ab922,S3A_OL_1_EFR____20240623T152640_20240623T152940_20240920T165659_0179_114_011_2340_MAR_R_NT_004.SEN3
63623777-26d0-3079-8056-747ebb304b77,S3A_OL_1_EFR____20220716T144145_20220716T144445_20240605T103241_0179_087_310_2340_MAR_R_NT_004.SEN3
d209bfe5-9c55-34bb-977f-589d530903b6,S3B_OL_1_EFR____20201022T134716_20201022T135016_20240526T123338_0179_045_010_2340_MAR_R_NT_004.SEN3
e344dc94-cdc1-3569-9dfa-8b7bd2f2a11a,S3A_OL_1_EFR____20211226T151909_20211226T152209_20240604T074511_0179_080_125_2340_MAR_R_NT_004.SEN3
51b868e1-17ab-38f7-864e-8cea202284e6,S3A_OL_1_EFR____20240526T154949_20240526T155249_20240920T160000_0179_112_382_2160_MAR_R_NT_004.SEN3
9d4045e9-8e2e-40bf-8793-e5b28a4d0a18,S3B_OL_1_EFR____20240801T143638_20240801T143938_20240801T231351_0180_096_039_2340_PS2_O_NT_004.SEN3
b2ec1ef6-4e07-42ef-b9a5-59c8df698d57,S3A_OL_1_EFR____20250819T144233_20250819T144533_20250820T154308_0179_129_253_2160_PS1_O_NT_004.SEN3
1f2cb048-eff1-3d5e-bbff-5169de54f282,S3A_OL_1_EFR____20180802T151556_20180802T151856_20240531T023708_0179_034_125_2160_MAR_R_NT_004.SEN3
54e6653d-7393-32a4-b86f-1dbdc6da55c0,S3B_OL_1_EFR____20190113T134705_20190113T135005_20240525T054009_0179_021_010_2340_MAR_R_NT_004.SEN3
6942a644-e8da-43eb-947a-ff381bc2c790,S3B_OL_1_EFR____20240820T144105_20240820T144405_20240820T233357_0179_096_310_2160_PS2_O_NT_004.SEN3
00157f35-37d0-4180-8dcb-e61f5483f845,S3A_OL_1_EFR____20251122T151957_20251122T152257_20251123T162236_0179_133_068_2160_PS1_O_NT_004.SEN3
cf42df32-fc55-387f-8435-4bc09b046fa1,S3B_OL_1_EFR____20230329T150608_20230329T150908_20240527T183203_0180_077_353_2340_MAR_R_NT_004.SEN3
2a7079c7-3f29-3dc2-9849-d20765c871eb,S3B_OL_1_EFR____20221025T152451_20221025T152751_20240524T063552_0179_072_068_2340_MAR_R_NT_004.SEN3
74df7bb5-e19a-39c9-91be-62a84192f310,S3A_OL_1_EFR____20231009T151520_20231009T151820_20240919T212016_0179_104_182_2340_MAR_R_NT_004.SEN3
e68f34f8-b621-38b8-8db6-fd954c402f96,S3A_OL_1_EFR____20240128T153748_20240128T154048_20240920T073850_0179_108_225_2340_MAR_R_NT_004.SEN3
977f3006-86c6-3ef7-8311-a07492761640,S3A_OL_1_EFR____20221226T141529_20221226T141829_20240605T185347_0180_093_324_2340_MAR_R_NT_004.SEN3
c07ae0ba-784f-3f72-84cd-d8bc76628ec2,S3B_OL_1_EFR____20200702T135102_20200702T135402_20240526T110056_0179_040_338_2340_MAR_R_NT_004.SEN3
aea68218-3c09-326c-a995-4a2bddd65ee7,S3A_OL_1_EFR____20230122T155331_20230122T155631_20240605T212755_0179_094_325_2160_MAR_R_NT_004.SEN3
a89803ce-a0d2-34c4-962f-b7470ee7bc8c,S3B_OL_1_EFR____20200829T152517_20200829T152817_20240526T140330_0179_043_011_2160_MAR_R_NT_004.SEN3
e49fb12e-dbdf-3b51-9da4-81dd155998e3,S3A_OL_1_EFR____20220121T154524_20220121T154824_20240604T091728_0179_081_111_2340_MAR_R_NT_004.SEN3
53d7e853-02de-327f-b0c0-d2af47604b3d,S3A_OL_1_EFR____20180709T154125_20180709T154425_20240531T003245_0179_033_168_2340_MAR_R_NT_004.SEN3
e4c00b6f-6f7f-45d4-9035-6532a629e511,S3B_OL_1_EFR____20240804T145905_20240804T150205_20240804T232425_0180_096_082_2340_PS2_O_NT_004.SEN3
b6634881-84ec-39eb-b104-eedca5f713ab,S3A_OL_1_EFR____20220225T135353_20220225T135653_20240604T230019_0179_082_224_2160_MAR_R_NT_004.SEN3
ea673bb2-8afb-39c5-ace6-86c41b9dfd2a,S3A_OL_1_EFR____20210416T150412_20210416T150712_20240603T053901_0179_070_353_2340_MAR_R_NT_004.SEN3
160276d8-e367-3c7a-a262-e6bb9dcffa58,S3B_OL_1_EFR____20210221T142141_20210221T142441_20240526T231135_0179_049_210_2160_MAR_R_NT_004.SEN3
eae5b820-eeab-37a1-a10c-8f286da90bd2,S3B_OL_1_EFR____20190512T154306_20190512T154606_20240525T120044_0179_025_168_2340_MAR_R_NT_004.SEN3
fa792701-fd55-3558-8a7b-92c4f32804eb,S3A_OL_1_EFR____20190626T151519_20190626T151819_20240601T002337_0179_046_182_2340_MAR_R_NT_004.SEN3
0e8c3e21-f788-3095-b0b7-0cc3788baddb,S3A_OL_1_EFR____20191223T140754_20191223T141054_20240601T153309_0180_053_053_2340_MAR_R_NT_004.SEN3
42f36f15-9f83-45f2-9312-cfd67b8bc7c7,S3A_OL_1_EFR____20241126T143840_20241126T144140_20241127T151110_0179_119_310_2160_PS1_O_NT_004.SEN3
d379f9ed-17fc-325a-8543-4aff32ae8ee6,S3B_OL_1_EFR____20210328T141713_20210328T142013_20240527T002732_0179_050_324_2340_MAR_R_NT_004.SEN3
ccd6fffe-f654-31f1-ba61-2a3a15f0fb16,S3B_OL_1_EFR____20200612T140643_20200612T140943_20240526T090158_0179_040_053_2160_MAR_R_NT_004.SEN3
d8c1b56a-a9c6-3798-abe4-2f88e480abd1,S3B_OL_1_EFR____20181209T153230_20181209T153530_20240621T091640_0179_019_282_2160_MAR_R_NT_004.SEN3
70fe0bf1-9b7c-4c84-a54a-a4572410a6bc,S3A_OL_1_EFR____20240803T142001_20240803T142301_20240804T144244_0179_115_210_2160_PS1_O_NT_004.SEN3
d31d65b5-6cee-368c-a57b-28d0a13a0b07,S3A_OL_1_EFR____20181219T151509_20181219T151809_20240531T125927_0179_039_182_2340_MAR_R_NT_004.SEN3
ea87a8c4-e9f2-3ec9-a7c4-aef34e74fa49,S3A_OL_1_EFR____20200116T152629_20200116T152929_20240601T182638_0179_054_011_2340_MAR_R_NT_004.SEN3
ea507d7b-4ff0-3a15-9999-141553a57830,S3A_OL_1_EFR____20230410T135010_20230410T135310_20240606T025921_0179_097_281_2160_MAR_R_NT_004.SEN3
dc5a850b-651b-3ab5-a23f-d8e8aef81de6,S3B_OL_1_EFR____20210228T144023_20210228T144323_20240526T231900_0179_049_310_2160_MAR_R_NT_004.SEN3
e93c61aa-3266-3593-ae01-4fb2ea4f7df6,S3A_OL_1_EFR____20200104T153741_20200104T154041_20240601T163254_0179_053_225_2340_MAR_R_NT_004.SEN3
1bf70cd3-da1d-3f52-9e28-3273d24e5770,S3A_OL_1_EFR____20240615T135010_20240615T135310_20240920T165628_0179_113_281_2160_MAR_R_NT_004.SEN3
5500be28-e795-3436-adc0-4fcb7b692bf1,S3B_OL_1_EFR____20191125T135136_20191125T135436_20240525T191653_0179_032_281_2160_MAR_R_NT_004.SEN3
fe532a5f-f59b-3c59-9bce-eee3e4563533,S3A_OL_1_EFR____20200417T153832_20200417T154132_20240602T003157_0179_057_168_2160_MAR_R_NT_004.SEN3
5d376f35-9e4b-4664-b8be-3c16de202e58,S3A_OL_1_EFR____20250605T153028_20250605T153328_20250606T161538_0180_126_339_2340_PS1_O_NT_004.SEN3
6076a66d-6fcf-486c-bdc2-d9b5b149eda5,S3B_OL_1_EFR____20250119T140254_20250119T140554_20250119T220008_0179_102_167_2340_PS2_O_NT_004.SEN3
fafecad4-dd71-36b4-8871-7d6588063236,S3B_OL_1_EFR____20240703T134500_20240703T134800_20240921T180134_0180_095_010_2160_MAR_R_NT_004.SEN3
5472384c-96f8-3de7-8b96-3318dbf5f1eb,S3B_OL_1_EFR____20240420T154731_20240420T155031_20240921T151654_0179_092_111_2340_MAR_R_NT_004.SEN3
289d110e-1bb1-39e9-84d9-9dfe60b1bbc0,S3A_OL_1_EFR____20240720T152338_20240720T152638_20240920T191706_0179_115_011_2160_MAR_R_NT_004.SEN3
def271d2-fc62-4924-970d-345cffd43ffa,S3B_OL_1_EFR____20240821T141454_20240821T141754_20240821T222451_0179_096_324_2160_PS2_O_NT_004.SEN3
eac68b1b-9b72-3dcf-a680-7f15323345c8,S3B_OL_1_EFR____20220224T152138_20220224T152438_20240523T181349_0179_063_068_2160_MAR_R_NT_004.SEN3
07e07933-0fe1-368d-98d8-a801ae5b69b2,S3B_OL_1_EFR____20240305T135901_20240305T140201_20240921T110644_0179_090_224_2340_MAR_R_NT_004.SEN3
bffa22bd-0487-39f8-8668-f9e4ae4748c5,S3A_OL_1_EFR____20230512T150413_20230512T150713_20240606T044913_0179_098_353_2340_MAR_R_NT_004.SEN3
b4e2df3c-a6da-3714-8623-ca85aabc76c7,S3A_OL_1_EFR____20210928T152638_20210928T152938_20240603T235845_0179_077_011_2340_MAR_R_NT_004.SEN3
e3f9c6ee-b1d5-3502-ac7a-dff1e373a012,S3A_OL_1_EFR____20220722T134238_20220722T134538_20240605T104309_0179_088_010_2160_MAR_R_NT_004.SEN3
f8c35ffb-8cc1-3f80-a9d3-e5efd1eb7394,S3A_OL_1_EFR____20210307T154131_20210307T154431_20240603T013629_0179_069_168_2340_MAR_R_NT_004.SEN3
dd93cfba-d40f-3130-9012-5a49f3c7a81b,S3B_OL_1_EFR____20210302T135102_20210302T135402_20240526T231147_0179_049_338_2340_MAR_R_NT_004.SEN3
28d3bbf2-1d66-368a-975c-bcd985ecff95,S3A_OL_1_EFR____20220218T151911_20220218T152211_20240604T225633_0179_082_125_2340_MAR_R_NT_004.SEN3
2faf1688-ac50-3819-98d5-d392fbf4f7e7,S3A_OL_1_EFR____20200112T134614_20200112T134914_20240601T175908_0179_053_338_2160_MAR_R_NT_004.SEN3
39d20063-1753-3382-8955-6b3d1195fb57,S3A_OL_1_EFR____20240204T155331_20240204T155631_20240920T080539_0179_108_325_2160_MAR_R_NT_004.SEN3
a5cd62de-7b9d-371e-b734-9e16eec3f3fc,S3B_OL_1_EFR____20250331T150245_20250331T150545_20250401T152838_0179_105_025_2340_ESA_O_NT_004.SEN3
6fc890fa-3fe0-3dcf-b270-5a7a33585471,S3A_OL_1_EFR____20190726T135645_20190726T135945_20240601T035014_0179_047_224_2340_MAR_R_NT_004.SEN3
163e66c1-b4de-3295-be18-3a283bbf11c4,S3A_OL_1_EFR____20180901T140020_20180901T140320_20240531T050333_0179_035_167_2340_MAR_R_NT_004.SEN3
a9cdc963-9143-3e88-b138-6abdd94412e8,S3A_OL_1_EFR____20201108T134534_20201108T134834_20240602T163947_0180_065_010_2340_MAR_R_NT_004.SEN3
412ded29-4c7a-3e41-a051-bffd8515704f,S3B_OL_1_EFR____20230124T142457_20230124T142757_20240527T123411_0180_075_210_2340_MAR_R_NT_004.SEN3
0645deeb-c0d4-3f7d-9d80-1cb41e5a4ce1,S3B_OL_1_EFR____20200524T140211_20200524T140511_20240526T091743_0179_039_167_2340_MAR_R_NT_004.SEN3
dbfca3b7-93b0-37aa-88dd-a6472abeff58,S3B_OL_1_EFR____20210214T140558_20210214T140858_20240526T220416_0179_049_110_2340_MAR_R_NT_004.SEN3
749cef2b-e5a8-3c7f-818a-5fda500da104,S3B_OL_1_EFR____20230525T152542_20230525T152842_20240527T230009_0179_080_011_2160_MAR_R_NT_004.SEN3
26007bd6-1bb6-3ed7-ab38-136b24080f4e,S3B_OL_1_EFR____20190814T150539_20190814T150839_20240525T152039_0180_028_353_2340_MAR_R_NT_004.SEN3
5c27316f-c9e0-30dd-98fa-af0965221994,S3A_OL_1_EFR____20240608T151528_20240608T151828_20240920T165634_0179_113_182_2340_MAR_R_NT_004.SEN3
05857909-2654-38e5-9411-d0561cbb7e01,S3B_OL_1_EFR____20230513T153952_20230513T154252_20240527T230311_0179_079_225_2340_MAR_R_NT_004.SEN3
c2eaf887-2a7c-3f98-bd21-9154b1e2f757,S3B_OL_1_EFR____20230827T144821_20230827T145121_20240921T003758_0179_083_196_2160_MAR_R_NT_004.SEN3
9f5ebcf5-b155-342e-b4d6-2d8317471d6a,S3A_OL_1_EFR____20230111T140033_20230111T140333_20240605T200840_0179_094_167_2340_MAR_R_NT_004.SEN3
5cab9606-ef90-3a6b-ba26-1105a1b5a705,S3A_OL_1_EFR____20180201T135339_20180201T135639_20240530T102254_0179_027_224_2160_MAR_R_NT_004.SEN3
8197849e-609a-3acb-afe3-14dc7199a43c,S3A_OL_1_EFR____20180508T140455_20180508T140755_20240530T182358_0179_031_053_2160_MAR_R_NT_004.SEN3
badafee2-d652-31a4-a54b-7e266bf16674,S3A_OL_1_EFR____20240124T140032_20240124T140332_20240920T061300_0179_108_167_2340_MAR_R_NT_004.SEN3
5e703294-65dd-3884-8e27-c18b6ac87a92,S3A_OL_1_EFR____20230526T153837_20230526T154137_20240606T061242_0179_099_168_2160_MAR_R_NT_004.SEN3
cf790c89-ac2a-3a2a-8f81-b4c84162666b,S3A_OL_1_EFR____20201019T140117_20201019T140417_20240602T152106_0179_064_110_2160_MAR_R_NT_004.SEN3
596a12aa-e908-3f2d-b9cc-aae45a202a5a,S3B_OL_1_EFR____20190909T135050_20190909T135350_20240525T191350_0179_029_338_2340_MAR_R_NT_004.SEN3
10d20ae0-c620-362d-80ee-f84a1f6fb7f9,S3A_OL_1_EFR____20240716T153022_20240716T153322_20240920T183323_0179_114_339_2340_MAR_R_NT_004.SEN3
e81b8ca0-4163-339f-a286-5e8434add529,S3B_OL_1_EFR____20250611T135236_20250611T135536_20250627T131220_0179_107_281_2160_ESA_O_NT_004.SEN3
66f83a6e-c14e-4c71-8df7-02f5a4a13d79,S3A_OL_1_EFR____20250205T135735_20250205T140035_20250206T142939_0179_122_167_2160_PS1_O_NT_004.SEN3
82b08b16-dd52-3544-a403-9dbd933b4d20,S3B_OL_1_EFR____20190327T153539_20190327T153839_20240525T103105_0179_023_282_2340_MAR_R_NT_004.SEN3
54252a37-358d-31cc-b4de-dee6c919753f,S3A_OL_1_EFR____20201108T152333_20201108T152633_20240602T160432_0179_065_011_2160_MAR_R_NT_004.SEN3
9baf8705-bb68-395b-8b07-77c7ce47a4ef,S3A_OL_1_EFR____20190825T141907_20190825T142207_20240601T063251_0179_048_267_2340_MAR_R_NT_004.SEN3
ca473277-9fb4-3805-8a83-23e08be35b05,S3B_OL_1_EFR____20200110T154003_20200110T154303_20240525T231653_0179_034_168_2160_MAR_R_NT_004.SEN3
1743a057-7688-3774-83f7-81264d0a6acb,S3A_OL_1_EFR____20230127T134537_20230127T134837_20240605T212738_0179_095_010_2340_MAR_R_NT_004.SEN3
4b1c6704-e243-3538-97cc-ee472a95b3df,S3A_OL_1_EFR____20240110T150408_20240110T150708_20240920T052830_0179_107_353_2340_MAR_R_NT_004.SEN3
77ed3261-5546-307a-9c76-e1cfce7a6a7b,S3B_OL_1_EFR____20181126T142855_20181126T143155_20240621T060607_0179_019_096_2160_MAR_R_NT_004.SEN3
ebe1b30f-008d-3ea4-af42-8e0b16583c06,S3B_OL_1_EFR____20210622T134427_20210622T134727_20240527T015755_0179_054_010_2160_MAR_R_NT_004.SEN3
a9b29a77-15bc-31c2-9ff3-a4ca419033ef,S3A_OL_1_EFR____20190824T144518_20190824T144818_20240601T062331_0179_048_253_2340_MAR_R_NT_004.SEN3
4c0cef19-bd5c-3669-97d5-29f96b37a246,S3A_OL_1_EFR____20200919T152248_20200919T152548_20240602T115003_0179_063_068_2340_MAR_R_NT_004.SEN3
52905a02-be14-3b32-a495-120945401da8,S3A_OL_1_EFR____20191208T135639_20191208T135939_20240601T143238_0179_052_224_2340_MAR_R_NT_004.SEN3
0078a2ca-f5d8-3fe6-aad3-7248b461f28c,S3B_OL_1_EFR____20240310T151005_20240310T151305_20240921T120023_0179_090_296_2340_MAR_R_NT_004.SEN3
318f648d-a88e-31af-9ba5-81acc584bef6,S3B_OL_1_EFR____20240208T151348_20240208T151648_20240921T111134_0179_089_239_2340_MAR_R_NT_004.SEN3
0a4755f0-6984-3361-bef0-bbc33b850e1f,S3B_OL_1_EFR____20250519T153247_20250519T153547_20250520T165434_0179_106_339_2340_ESA_O_NT_004.SEN3
fb7c9e18-15f0-3e7a-9724-ed09071d7628,S3B_OL_1_EFR____20190513T151655_20190513T151955_20240525T094151_0179_025_182_2340_MAR_R_NT_004.SEN3
f0b34345-ac33-3b91-a9dc-344c14fe3a6c,S3B_OL_1_EFR____20250504T151831_20250504T152131_20250618T103137_0179_106_125_2160_ESA_O_NT_004.SEN3
6297c2e7-15ee-32bc-ab3e-5a3d017714ee,S3B_OL_1_EFR____20210819T152144_20210819T152444_20240527T042140_0179_056_068_2160_MAR_R_NT_004.SEN3
7abfd557-46ad-3197-8ae6-03fbbd8acc8a,S3B_OL_1_EFR____20180817T134838_20180817T135138_20240620T203159_0179_011_338_2340_MAR_R_NT_004.SEN3
4064c2e3-933e-3fb2-a90c-954f32fcd14f,S3B_OL_1_EFR____20200709T154744_20200709T155044_20240526T073709_0179_041_054_2160_MAR_R_NT_004.SEN3
b0fe7e9b-2210-3fc4-97ae-790eb077910c,S3A_OL_1_EFR____20190405T154127_20190405T154427_20240531T191853_0179_043_168_2340_MAR_R_NT_004.SEN3
e73683e4-8645-3f44-8a45-bdae6698e53f,S3B_OL_1_EFR____20210118T154358_20210118T154658_20240526T201411_0179_048_111_2160_MAR_R_NT_004.SEN3
a4f789ae-55ed-3bb5-9f50-f8a1264d271a,S3B_OL_1_EFR____20230621T134745_20230621T135045_20240627T172631_0179_081_010_2340_MAR_R_NT_004.SEN3
ce80ca84-203b-3309-83f7-a14c3cfc8efa,S3B_OL_1_EFR____20181025T135246_20181025T135546_20240621T032221_0179_016_167_2160_MAR_R_NT_004.SEN3
9559dd4a-4bb0-32f2-a4e0-5acf5b57e51a,S3B_OL_1_EFR____20240529T153624_20240529T153924_20240921T171552_0180_093_282_2340_MAR_R_NT_004.SEN3
67db4204-3872-3f02-bab2-7c082bc3bc68,S3A_OL_1_EFR____20220513T154140_20220513T154440_20240605T045642_0180_085_168_2340_MAR_R_NT_004.SEN3
4a1b8414-2da1-30e5-a1ab-bd25f39ebe71,S3A_OL_1_EFR____20210828T134622_20210828T134922_20240603T164435_0179_075_338_2160_MAR_R_NT_004.SEN3
8f2ce57b-47c9-428c-86f9-b290936ad029,S3A_OL_1_EFR____20241214T151217_20241214T151517_20241215T153835_0179_120_182_2160_PS1_O_NT_004.SEN3
c32c3d2b-9690-303d-821b-f5d82616eee6,S3B_OL_1_EFR____20210922T140224_20210922T140524_20240527T061231_0179_057_167_2340_MAR_R_NT_004.SEN3
370acd35-5498-4871-b60f-633fa90219d7,S3A_OL_1_EFR____20250125T134238_20250125T134538_20250126T140733_0179_122_010_2160_PS1_O_NT_004.SEN3
910e5417-53c8-3629-9172-16c680f1ff1c,S3A_OL_1_EFR____20190731T150748_20190731T151048_20240601T045001_0179_047_296_2340_MAR_R_NT_004.SEN3
c6ccc07d-bb5c-492e-add4-aa11f779cb74,S3A_OL_1_EFR____20250408T135010_20250408T135310_20250409T143945_0179_124_281_2160_PS1_O_NT_004.SEN3
ab1fe870-fd0e-33dd-a9d6-a9e333e56460,S3B_OL_1_EFR____20200706T152517_20200706T152817_20240526T083626_0179_041_011_2160_MAR_R_NT_004.SEN3
aebedca1-c397-3673-924c-5f3214f9931f,S3A_OL_1_EFR____20180509T152243_20180509T152543_20240530T172829_0179_031_068_2340_MAR_R_NT_004.SEN3
1816b23d-c7c6-3a52-a4cc-7e1220aa3690,S3B_OL_1_EFR____20180707T144918_20180707T145218_20240620T175455_0180_010_139_2160_MAR_R_NT_004.SEN3
99417af4-2575-3012-afb5-db5dd6a62c0f,S3B_OL_1_EFR____20210111T134418_20210111T134718_20240526T191943_0180_048_010_2160_MAR_R_NT_004.SEN3
b855c030-bcbb-3f83-a611-6690c0a8fd6c,S3B_OL_1_EFR____20211103T141035_20211103T141335_20240527T113258_0179_058_381_2160_MAR_R_NT_004.SEN3
5477f405-a0dd-3b78-8773-dc5c8883436b,S3A_OL_1_EFR____20210224T152335_20210224T152635_20240603T013557_0179_069_011_2160_MAR_R_NT_004.SEN3
a788679d-2b0c-373d-bdd9-929e6292803a,S3B_OL_1_EFR____20220827T155148_20220827T155448_20240524T042418_0179_069_382_2160_MAR_R_NT_004.SEN3
486bcc62-2e4f-3746-b39a-69aaefce53de,S3B_OL_1_EFR____20190619T141358_20190619T141658_20240525T145428_0180_026_324_2160_MAR_R_NT_004.SEN3
836a8210-4e2f-341f-87d1-3a47eb9549d8,S3B_OL_1_EFR____20190809T135436_20190809T135736_20240525T150018_0179_028_281_2340_MAR_R_NT_004.SEN3
7e2c1b27-a123-491a-9a6e-1b2e279884c4,S3A_OL_1_EFR____20240730T142346_20240730T142646_20240731T144842_0179_115_153_2160_PS1_O_NT_004.SEN3
2377a391-3a84-39cb-b9aa-8f671bb9f0cc,S3B_OL_1_EFR____20210122T154313_20210122T154613_20240526T164443_0179_048_168_2340_MAR_R_NT_004.SEN3
392f61a4-dcc2-4415-a675-78f7ef73e84b,S3B_OL_1_EFR____20251121T151030_20251121T151330_20251122T160642_0179_113_296_2340_ESA_O_NT_004.SEN3
0a057031-531c-36ea-9542-f8882c751937,S3A_OL_1_EFR____20200814T155328_20200814T155628_20240602T094604_0179_061_325_2160_MAR_R_NT_004.SEN3
6ae7edbd-4fe5-30be-9a7f-9afa6e572ed0,S3B_OL_1_EFR____20200901T140944_20200901T141244_20240526T114740_0179_043_053_2340_MAR_R_NT_004.SEN3
2e9b6075-9463-384e-8a2d-cb522d7070bc,S3B_OL_1_EFR____20180623T141455_20180623T141755_20240620T144320_0180_009_324_2340_MAR_R_NT_004.SEN3
9babfee1-c1c4-3c36-bd4f-6c6e6fcce10e,S3A_OL_1_EFR____20210816T153835_20210816T154135_20240603T153720_0179_075_168_2160_MAR_R_NT_004.SEN3
3d6b2442-bee6-32d6-ac65-3a3a25f0a1e3,S3B_OL_1_EFR____20230710T153615_20230710T153915_20240627T174415_0179_081_282_2340_MAR_R_NT_004.SEN3
36e5b400-987d-30fb-8ba9-fcdd89f58e41,S3B_OL_1_EFR____20210305T141028_20210305T141328_20240526T220133_0179_049_381_2160_MAR_R_NT_004.SEN3
770454f5-243f-42e7-9f09-92709abb0836,S3A_OL_1_EFR____20250316T134920_20250316T135220_20250317T143450_0179_123_338_2340_PS1_O_NT_004.SEN3
886e7ed9-1eb1-3fa3-9ea1-fb91f4734868,S3A_OL_1_EFR____20240508T151611_20240508T151911_20240920T132642_0179_112_125_2160_MAR_R_NT_004.SEN3
e60f16e2-54f2-3823-a9f4-668b2f5171fa,S3A_OL_1_EFR____20230418T134242_20230418T134542_20240606T031757_0179_098_010_2160_MAR_R_NT_004.SEN3
fd3039b8-da23-4d56-81ec-6afdf0cc3424,S3A_OL_1_EFR____20250520T154225_20250520T154525_20250521T163430_0179_126_111_2160_PS1_O_NT_004.SEN3
5c625ae4-9b68-466d-aa4f-736e7b31b735,S3A_OL_1_EFR____20240904T135001_20240904T135301_20240905T141512_0179_116_281_2160_PS1_O_NT_004.SEN3
9816a61b-f6bf-3eef-8e1a-e64da59aba75,S3B_OL_1_EFR____20211116T151411_20211116T151711_20240527T094357_0179_059_182_2160_MAR_R_NT_004.SEN3
b42317c0-4b90-3cf8-ab96-fec3c1c2d50c,S3B_OL_1_EFR____20210930T135154_20210930T135454_20240527T085759_0179_057_281_2160_MAR_R_NT_004.SEN3
497f8d74-945e-30b1-a097-4f8a7676845c,S3B_OL_1_EFR____20230807T150704_20230807T151004_20240921T000549_0180_082_296_2160_MAR_R_NT_004.SEN3
24aabcf8-b7b9-3dd1-9c14-beea1226cd46,S3A_OL_1_EFR____20221122T135646_20221122T135946_20240605T170728_0179_092_224_2340_MAR_R_NT_004.SEN3
469f559a-3dcd-4ff6-96a0-b4594cc63e8f,S3A_OL_1_EFR____20250812T142352_20250812T142652_20250813T151552_0180_129_153_2160_PS1_O_NT_004.SEN3
921f2e58-c549-3393-bf58-2d2a99016bae,S3B_OL_1_EFR____20191121T153619_20191121T153919_20240525T191515_0180_032_225_2160_MAR_R_NT_004.SEN3
779707f3-79fc-340a-af8a-ddfb8708c600,S3B_OL_1_EFR____20230428T152838_20230428T153138_20240527T202101_0179_079_011_2340_MAR_R_NT_004.SEN3
953910cb-0c3d-38e0-9e1a-50c6cc0427e8,S3A_OL_1_EFR____20211121T134539_20211121T134839_20240604T051006_0179_079_010_2340_MAR_R_NT_004.SEN3
7e57d2bb-0a7c-3954-868f-f1aaa46c2cac,S3A_OL_1_EFR____20200212T152629_20200212T152929_20240601T192411_0179_055_011_2340_MAR_R_NT_004.SEN3
7c018f07-40d4-3786-a606-0aeff0d620a5,S3A_OL_1_EFR____20190820T144903_20190820T145203_20240601T045710_0179_048_196_2340_MAR_R_NT_004.SEN3
76a55a64-e88b-3587-be0f-94ff90d93b35,S3B_OL_1_EFR____20240215T153231_20240215T153531_20240921T111709_0179_089_339_2340_MAR_R_NT_004.SEN3
a670bf54-c89a-3ba9-9e55-67093af59163,S3A_OL_1_EFR____20191211T141905_20191211T142205_20240601T153334_0179_052_267_2340_MAR_R_NT_004.SEN3
a708100f-a510-487f-9cd1-b5faa6a3d340,S3B_OL_1_EFR____20241126T154358_20241126T154658_20241127T081016_0179_100_168_2340_PS2_O_NT_004.SEN3
171d50ea-0923-3ddf-95ac-ffb9ceddb27e,S3B_OL_1_EFR____20200214T153532_20200214T153832_20240526T005259_0179_035_282_2340_MAR_R_NT_004.SEN3
87b84dbd-910e-3b4d-89b0-154dd8e60849,S3B_OL_1_EFR____20201004T145133_20201004T145433_20240526T115451_0179_044_139_2160_MAR_R_NT_004.SEN3
a75c2220-36c6-3b28-9c5f-af2a91eccc11,S3A_OL_1_EFR____20201101T150752_20201101T151052_20240602T162902_0179_064_296_2340_MAR_R_NT_004.SEN3
01e37627-8ae0-3495-8a6a-4674133fcab7,S3B_OL_1_EFR____20240401T135859_20240401T140159_20240921T134920_0179_091_224_2340_MAR_R_NT_004.SEN3
4cf90075-294f-301b-a627-f9daede3576a,S3A_OL_1_EFR____20230403T151526_20230403T151826_20240606T014951_0179_097_182_2340_MAR_R_NT_004.SEN3
ad60d15b-ddcd-36db-ac1b-32dd98038a1c,S3B_OL_1_EFR____20201204T151021_20201204T151321_20240526T160008_0179_046_239_2160_MAR_R_NT_004.SEN3
746fbae7-acdf-31d6-aa43-f0fb1540d2f2,S3B_OL_1_EFR____20220118T144028_20220118T144328_20240523T151636_0179_061_310_2160_MAR_R_NT_004.SEN3
4222e833-0dd0-42f3-9b34-a4ebb6ee7298,S3A_OL_1_EFR____20240828T151220_20240828T151520_20240829T153841_0179_116_182_2160_PS1_O_NT_004.SEN3
412bf547-c55d-3bef-9483-9a06744197f8,S3B_OL_1_EFR____20210119T151747_20210119T152047_20240526T182714_0179_048_125_2160_MAR_R_NT_004.SEN3
ea26c790-80bc-358d-8c23-160618798d14,S3A_OL_1_EFR____20191015T135645_20191015T135945_20240601T105410_0179_050_224_2340_MAR_R_NT_004.SEN3
040d68b6-5571-3fc7-9866-419537dc09ef,S3B_OL_1_EFR____20190624T152803_20190624T153103_20240525T151810_0179_027_011_2340_MAR_R_NT_004.SEN3
add04a1f-1dcf-4ddd-902c-49883a640484,S3B_OL_1_EFR____20250824T151459_20250824T151759_20250825T145844_0179_110_182_2160_ESA_O_NT_004.SEN3
b2af41eb-9286-4088-a4da-477a8edf1a0d,S3A_OL_1_EFR____20250819T144533_20250819T144833_20250820T154300_0180_129_253_2340_PS1_O_NT_004.SEN3
e2b12280-4132-35d7-99bf-cdc4d70150c4,S3B_OL_1_EFR____20220604T153218_20220604T153518_20240523T224759_0180_066_339_2340_MAR_R_NT_004.SEN3
798e13a6-e95d-4f81-968b-c4009638bd34,S3B_OL_1_EFR____20241204T135227_20241204T135527_20241204T220457_0179_100_281_2160_PS2_O_NT_004.SEN3
4a643f0e-540b-4162-b225-da7d46830271,S3B_OL_1_EFR____20240927T145900_20240927T150200_20240928T001343_0179_098_082_2340_PS2_O_NT_004.SEN3
ff72053a-27ed-329c-b525-5ecd2906bc8a,S3A_OL_1_EFR____20191219T141138_20191219T141437_20240601T163005_0179_052_381_2340_MAR_R_NT_004.SEN3
5e470268-4566-328d-a49b-e38cb2da6040,S3B_OL_1_EFR____20220307T153936_20220307T154236_20240523T163244_0179_063_225_2340_MAR_R_NT_004.SEN3
42d9188c-b2cd-3615-9692-4a9d436e417a,S3A_OL_1_EFR____20220412T154223_20220412T154523_20240605T030759_0180_084_111_2160_MAR_R_NT_004.SEN3
be0a0a39-1739-4489-9319-4e4301958165,S3A_OL_1_EFR____20250409T150458_20250409T150758_20250410T155452_0179_124_296_2160_PS1_O_NT_004.SEN3
4bfc1291-c8f8-3a8b-ba99-37956e493081,S3B_OL_1_EFR____20210814T155139_20210814T155439_20240527T053938_0179_055_382_2160_MAR_R_NT_004.SEN3
691c624b-6c33-33b8-b62a-086de4cbdb7a,S3B_OL_1_EFR____20250727T154408_20250727T154708_20250728T172157_0179_109_168_2340_ESA_O_NT_004.SEN3
28bef75d-2667-3bae-9233-41233c2ba1ac,S3B_OL_1_EFR____20181105T153403_20181105T153703_20240621T063435_0179_016_325_2160_MAR_R_NT_004.SEN3
0b3c60aa-d1d3-3390-ab3c-204dfb966767,S3B_OL_1_EFR____20220502T144419_20220502T144719_20240523T214721_0179_065_253_2160_MAR_R_NT_004.SEN3
58b71ec9-e0e6-4489-875b-d7e1c3d057fe,S3A_OL_1_EFR____20241213T140029_20241213T140329_20241214T142045_0179_120_167_2340_PS1_O_NT_004.SEN3
fe40e7a6-7d95-31fd-a1b2-31bd036ad804,S3B_OL_1_EFR____20240629T152943_20240629T153243_20240921T180026_0179_094_339_2160_MAR_R_NT_004.SEN3
a741ee81-aed4-37a1-bb89-aca4e37c174f,S3A_OL_1_EFR____20220722T134538_20220722T134838_20240605T104331_0179_088_010_2340_MAR_R_NT_004.SEN3
9f118140-1f90-34d3-b049-730e0291ff5a,S3A_OL_1_EFR____20210901T152336_20210901T152636_20240603T164203_0179_076_011_2160_MAR_R_NT_004.SEN3
310e6fb6-9012-3c2b-8eef-1c3fd43cd359,S3A_OL_1_EFR____20180209T153010_20180209T153310_20240530T103617_0180_027_339_2340_MAR_R_NT_004.SEN3
66fc69c2-a9d8-389b-be44-73f87b5123f8,S3B_OL_1_EFR____20210612T144416_20210612T144716_20240527T034850_0179_053_253_2160_MAR_R_NT_004.SEN3
c63850ef-989e-332c-a662-f20596afc6ab,S3A_OL_1_EFR____20191020T150449_20191020T150749_20240601T111737_0179_050_296_2160_MAR_R_NT_004.SEN3
66eb563e-d225-36a2-beff-7955388250df,S3A_OL_1_EFR____20221011T152636_20221011T152936_20240605T144239_0179_091_011_2340_MAR_R_NT_004.SEN3
c057d994-2505-3f0f-a012-a886020c16c7,S3B_OL_1_EFR____20240405T153615_20240405T153915_20240921T130123_0179_091_282_2340_MAR_R_NT_004.SEN3
50c1b400-7c5f-31e5-be53-34531984a133,S3A_OL_1_EFR____20200907T135301_20200907T135601_20240602T111049_0179_062_281_2340_MAR_R_NT_004.SEN3
79f5daf6-2f06-3e94-ba65-8987c4e82a8c,S3A_OL_1_EFR____20190928T143753_20190928T144053_20240601T092005_0179_049_367_2340_MAR_R_NT_004.SEN3
599bfb90-201c-465b-822b-e3f033e262aa,S3B_OL_1_EFR____20250902T144119_20250902T144419_20250903T153942_0179_110_310_2160_ESA_O_NT_004.SEN3
79770bfb-bcc4-4460-ab53-14fff815c6dd,S3A_OL_1_EFR____20250729T134629_20250729T134929_20250730T143801_0179_128_338_2160_PS1_O_NT_004.SEN3
c8bd98f1-e2af-39ae-a01d-3ef14d20fab4,S3B_OL_1_EFR____20230117T140315_20230117T140615_20240527T114605_0179_075_110_2160_MAR_R_NT_004.SEN3
f3bbd969-5577-317c-afd8-6d77fd73b34b,S3A_OL_1_EFR____20220125T135740_20220125T140040_20240604T213956_0179_081_167_2160_MAR_R_NT_004.SEN3
9b9da7ca-2c01-392f-9618-c05d5c495c84,S3B_OL_1_EFR____20211107T154750_20211107T155050_20240527T093016_0179_059_054_2160_MAR_R_NT_004.SEN3
aabab71e-c316-3a64-b125-9906172470f9,S3B_OL_1_EFR____20200416T134409_20200416T134709_20240526T045923_0179_038_010_2160_MAR_R_NT_004.SEN3
bd23e783-a3da-35fb-b46e-98e2e2ccb08a,S3A_OL_1_EFR____20220821T154600_20220821T154900_20240605T120255_0179_089_054_2160_MAR_R_NT_004.SEN3
63b2e116-f7a4-3e5d-9c91-bc4ff8c145a4,S3A_OL_1_EFR____20190405T140028_20190405T140328_20240531T194742_0179_043_167_2340_MAR_R_NT_004.SEN3
2e20022c-3421-3f4d-8603-7ddbd01dacee,S3A_OL_1_EFR____20181229T155319_20181229T155619_20240531T132556_0179_039_325_2160_MAR_R_NT_004.SEN3
c40f97d5-e3b9-3345-9d7d-6ff05bdf18ea,S3A_OL_1_EFR____20190911T151559_20190911T151859_20240601T081732_0179_049_125_2160_MAR_R_NT_004.SEN3
25dc22f5-b633-34aa-8064-cc7a966ea0cb,S3A_OL_1_EFR____20200715T135005_20200715T135305_20240602T064918_0179_060_281_2160_MAR_R_NT_004.SEN3
e00ac74e-85c0-3d07-9bdb-a6103b1b9b02,S3A_OL_1_EFR____20180524T135256_20180524T135556_20240530T202103_0179_031_281_2340_MAR_R_NT_004.SEN3
689b9d55-5dac-3bd8-be9f-fd0713a36159,S3B_OL_1_EFR____20230714T152931_20230714T153231_20240627T190933_0179_081_339_2160_MAR_R_NT_004.SEN3
00b9f8b2-20be-3fb3-a6a5-84a45e451604,S3B_OL_1_EFR____20190613T151305_20190613T151605_20240525T130851_0179_026_239_2340_MAR_R_NT_004.SEN3
6f2abccd-2ad6-3d7b-be69-b0999e079942,S3A_OL_1_EFR____20230811T154212_20230811T154512_20240919T173541_0179_102_111_2160_MAR_R_NT_004.SEN3
4dc1da9c-77cf-3b94-abb7-21d17bc2ee75,S3A_OL_1_EFR____20220806T153450_20220806T153750_20240605T112131_0179_088_225_2160_MAR_R_NT_004.SEN3
587ec145-e851-369d-8f87-374812963294,S3A_OL_1_EFR____20230215T135304_20230215T135604_20240605T225202_0179_095_281_2340_MAR_R_NT_004.SEN3
8d86fee8-a218-32da-9275-279159ab73a8,S3A_OL_1_EFR____20220308T154949_20220308T155249_20240604T233343_0179_082_382_2160_MAR_R_NT_004.SEN3
7b11dedb-a185-3a32-b660-1371f6604f22,S3A_OL_1_EFR____20220320T135738_20220320T140038_20240605T005202_0179_083_167_2160_MAR_R_NT_004.SEN3
db75ae6a-9282-3a88-8cdb-4990fffc733c,S3A_OL_1_EFR____20211214T152720_20211214T153020_20240604T060423_0179_079_339_2160_MAR_R_NT_004.SEN3
8a901f26-4f91-3bab-b84d-ee3109b36403,S3A_OL_1_EFR____20181222T153436_20181222T153736_20240531T122544_0179_039_225_2160_MAR_R_NT_004.SEN3
ad9f2663-03e4-3ab8-9981-71727de8a4c7,S3A_OL_1_EFR____20231028T151949_20231028T152249_20240920T002536_0179_105_068_2160_MAR_R_NT_004.SEN3
4df8ccc8-8df6-36e4-98e6-9d28dbae598f,S3B_OL_1_EFR____20221202T135851_20221202T140151_20240524T085253_0179_073_224_2340_MAR_R_NT_004.SEN3
af9eb58d-42c0-3d35-987d-121c8dee6b50,S3B_OL_1_EFR____20180616T153711_20180616T154011_20240620T151541_0180_009_225_2340_MAR_R_NT_004.SEN3
48ac9b92-40c3-3df1-a40b-c5a5cf825c1e,S3B_OL_1_EFR____20250208T152511_20250208T152811_20250211T164213_0180_103_068_2340_ESA_O_NT_004.SEN3
f6cca781-3b6b-33f5-9660-ac8fd5b57878,S3B_OL_1_EFR____20191106T152505_20191106T152805_20240525T224833_0179_032_011_2160_MAR_R_NT_004.SEN3
a1fedb35-b9fc-379d-b2c2-ebf0278423ad,S3B_OL_1_EFR____20221128T154334_20221128T154634_20240524T082601_0179_073_168_2340_MAR_R_NT_004.SEN3
6865e722-7b40-4ae0-a4bd-67648f59f5d6,S3A_OL_1_EFR____20250616T140126_20250616T140426_20250617T145423_0179_127_110_2160_PS1_O_NT_004.SEN3
a7ea296a-6190-32e8-95e6-6adf84a7d143,S3A_OL_1_EFR____20230603T135308_20230603T135608_20240628T021935_0179_099_281_2340_MAR_R_NT_004.SEN3
8210ce15-1af8-38ea-8fae-1ea6dd9d00ed,S3B_OL_1_EFR____20220705T152535_20220705T152835_20240524T014832_0180_068_011_2160_MAR_R_NT_004.SEN3
a2084f51-f64b-31c5-9d6f-a71ea402de6d,S3B_OL_1_EFR____20250504T152131_20250504T152431_20250505T164511_0179_106_125_2340_ESA_O_NT_004.SEN3
d9621ee6-999d-3425-a6d9-8d96d487622d,S3B_OL_1_EFR____20250422T134843_20250422T135143_20250423T144340_0179_105_338_2160_ESA_O_NT_004.SEN3
c46d5de1-e284-3d14-9fc9-5b93164a478c,S3B_OL_1_EFR____20220816T153650_20220816T153950_20240524T034153_0179_069_225_2160_MAR_R_NT_004.SEN3
d36ab2ec-2ee9-3120-8912-711935cf1b74,S3A_OL_1_EFR____20200927T151520_20200927T151820_20240602T122349_0179_063_182_2340_MAR_R_NT_004.SEN3
ea5a66ef-af29-3938-9c4c-8a6bfe0b8550,S3A_OL_1_EFR____20231008T135731_20231008T140031_20240919T214500_0179_104_167_2160_MAR_R_NT_004.SEN3
00277700-9adb-3e93-a3ee-a546b11563a0,S3B_OL_1_EFR____20250617T144030_20250617T144330_20250619T175157_0179_107_367_2340_ESA_O_NT_004.SEN3
7ae4f96c-5c1c-3d57-9598-3f94dc461567,S3A_OL_1_EFR____20230823T134959_20230823T135259_20240919T163449_0179_102_281_2160_MAR_R_NT_004.SEN3
95f9d34d-c7c9-3f1b-b001-2aae11a4376a,S3B_OL_1_EFR____20230802T153959_20230802T154259_20240921T004032_0180_082_225_2340_MAR_R_NT_004.SEN3
7e13d402-dc82-3154-addf-3a11a8c96e7f,S3B_OL_1_EFR____20220801T152837_20220801T153137_20240524T015316_0179_069_011_2340_MAR_R_NT_004.SEN3
24cc2eaf-fd3d-3668-9103-df5ac3a3b1ab,S3B_OL_1_EFR____20191106T152805_20191106T153105_20240525T224852_0179_032_011_2340_MAR_R_NT_004.SEN3
160f5573-294b-3a65-9b95-593e7b7e6dac,S3A_OL_1_EFR____20210623T135740_20210623T140040_20240603T101128_0179_073_167_2160_MAR_R_NT_004.SEN3
0d985526-51ee-33b7-bc67-ac3c36aacb97,S3B_OL_1_EFR____20200123T150537_20200123T150837_20240526T024314_0179_034_353_2340_MAR_R_NT_004.SEN3
e0b14a0a-b7fb-3740-bbc1-23c8f5760dd8,S3B_OL_1_EFR____20250123T135908_20250123T140208_20250124T152535_0179_102_224_2340_ESA_O_NT_004.SEN3
12a92cb6-e2a9-33b4-88c0-a01277e78eb5,S3A_OL_1_EFR____20230223T152634_20230223T152934_20240605T225402_0179_096_011_2340_MAR_R_NT_004.SEN3
5a9e8af5-4de4-3171-9a1b-398b4c26e262,S3B_OL_1_EFR____20250720T152226_20250720T152526_20250721T171113_0180_109_068_2160_ESA_O_NT_004.SEN3
1d8a7178-c215-3da0-9d55-c2bd5e457187,S3A_OL_1_EFR____20190703T153401_20190703T153701_20240601T012651_0179_046_282_2340_MAR_R_NT_004.SEN3
b3429955-f170-3484-82aa-7e1499b726bd,S3B_OL_1_EFR____20180609T151529_20180609T151829_20240620T145735_0179_009_125_2160_MAR_R_NT_004.SEN3
b7dff5b3-171e-3315-b645-6002620711dc,S3A_OL_1_EFR____20240402T154947_20240402T155247_20240920T121606_0179_110_382_2160_MAR_R_NT_004.SEN3
0adb4701-8eea-3953-a197-385197c42c0d,S3A_OL_1_EFR____20210120T135005_20210120T135305_20240602T213754_0180_067_281_2160_MAR_R_NT_004.SEN3
6817ed05-f84d-3a67-9dbb-21421a3b09a7,S3A_OL_1_EFR____20200926T153831_20200926T154131_20240602T122031_0179_063_168_2160_MAR_R_NT_004.SEN3
5402c372-2b2a-361f-95ee-db9afa18746e,S3B_OL_1_EFR____20211022T142146_20211022T142446_20240527T074624_0179_058_210_2160_MAR_R_NT_004.SEN3
2d83d599-b793-4ac0-b5ad-c79967712f03,S3B_OL_1_EFR____20241116T145948_20241116T150248_20241116T235831_0179_100_025_2160_PS2_O_NT_004.SEN3
59c10063-d383-34f9-b45c-d5a0ae9fe1ed,S3A_OL_1_EFR____20180829T151553_20180829T151853_20240531T044756_0179_035_125_2160_MAR_R_NT_004.SEN3
18326296-bc84-3245-978f-2c32b0fb7a63,S3A_OL_1_EFR____20210924T134623_20210924T134923_20240603T162036_0179_076_338_2160_MAR_R_NT_004.SEN3
8943d4c0-1b80-3342-9019-2cb16a5a4c79,S3A_OL_1_EFR____20211009T154137_20211009T154437_20240604T010550_0179_077_168_2340_MAR_R_NT_004.SEN3
ea4b7c0a-4d73-30a3-a526-524be30a4a82,S3A_OL_1_EFR____20190807T134530_20190807T134830_20240601T034856_0180_048_010_2340_MAR_R_NT_004.SEN3
58b9866f-a09d-35c3-8927-789762a2f54c,S3B_OL_1_EFR____20200129T154729_20200129T155029_20240526T004901_0179_035_054_2160_MAR_R_NT_004.SEN3
e0b62e97-c05d-3a41-91a4-a0f34dd54d6c,S3B_OL_1_EFR____20221106T151340_20221106T151640_20240524T085231_0179_072_239_2340_MAR_R_NT_004.SEN3
a9ff2c67-de58-3b2e-a2a7-10c064cf09c4,S3B_OL_1_EFR____20191002T153532_20191002T153832_20240525T210513_0179_030_282_2340_MAR_R_NT_004.SEN3
a4df1137-e8ff-3192-bea3-174f5178a739,S3B_OL_1_EFR____20200702T153201_20200702T153501_20240526T072310_0180_040_339_2340_MAR_R_NT_004.SEN3
752e5f9e-265b-312d-8a67-0ae10a4c98c4,S3B_OL_1_EFR____20180924T154137_20180924T154437_20240620T231259_0179_013_111_2160_MAR_R_NT_004.SEN3
bc0950e3-f453-3b01-ae32-b4c282938cf6,S3B_OL_1_EFR____20240402T151348_20240402T151648_20240921T132542_0179_091_239_2340_MAR_R_NT_004.SEN3
8417b922-f706-4ce5-b28e-0d14cca3286f,S3A_OL_1_EFR____20240907T141227_20240907T141527_20240908T143719_0179_116_324_2160_PS1_O_NT_004.SEN3
491f75f5-bd90-3976-8597-b5ad592ce189,S3B_OL_1_EFR____20210222T135530_20210222T135830_20240526T200924_0179_049_224_2160_MAR_R_NT_004.SEN3
c8f99cdd-8db4-35ab-ae72-6b716a7d939f,S3A_OL_1_EFR____20220416T140040_20220416T140340_20240605T031950_0180_084_167_2340_MAR_R_NT_004.SEN3
3b5d1a23-d708-31bc-a429-c3da056c17b7,S3A_OL_1_EFR____20230204T151608_20230204T151908_20240605T214227_0179_095_125_2160_MAR_R_NT_004.SEN3
37763c66-0f62-3a86-8abd-1c83c961d88d,S3B_OL_1_EFR____20220415T134425_20220415T134725_20240523T210307_0179_065_010_2160_MAR_R_NT_004.SEN3
483e8f33-f258-3ccd-be45-7bfc8e97a971,S3A_OL_1_EFR____20180617T151131_20180617T151431_20240530T213421_0179_032_239_2340_MAR_R_NT_004.SEN3
f22b7093-7784-4076-b7fa-dc6938a8d8f3,S3A_OL_1_EFR____20250722T151147_20250722T151447_20250723T160123_0179_128_239_2340_PS1_O_NT_004.SEN3
495a08ca-961c-3c61-9613-3f1c5e03ccc4,S3B_OL_1_EFR____20181114T145129_20181114T145429_20240621T065726_0179_017_068_2340_MAR_R_NT_004.SEN3
cfbbbb21-ec02-3eb4-ac61-2afe22cdc38e,S3B_OL_1_EFR____20191002T153232_20191002T153532_20240525T210455_0179_030_282_2160_MAR_R_NT_004.SEN3
f670d2da-16ae-346a-9137-3c48d5e8c396,S3A_OL_1_EFR____20191017T144522_20191017T144822_20240601T102511_0179_050_253_2340_MAR_R_NT_004.SEN3
610c4df3-1f12-3d7c-a0cb-3e8ac0c02ebc,S3A_OL_1_EFR____20210315T153400_20210315T153700_20240603T022955_0179_069_282_2340_MAR_R_NT_004.SEN3
da9b01fd-1be0-3766-978b-0e502adc5142,S3B_OL_1_EFR____20200122T135049_20200122T135349_20240526T034600_0179_034_338_2340_MAR_R_NT_004.SEN3
f7fd3703-9a03-37dd-a17b-27ff96c6b1d9,S3A_OL_1_EFR____20220401T134926_20220401T135226_20240605T021948_0179_083_338_2340_MAR_R_NT_004.SEN3
e8815183-1f5f-37cb-a3ec-cfdbd76be93e,S3A_OL_1_EFR____20201112T152248_20201112T152548_20240602T172436_0179_065_068_2340_MAR_R_NT_004.SEN3
747553a2-bde1-31f6-aeb3-f08a1a078da9,S3A_OL_1_EFR____20190710T154943_20190710T155243_20240601T013231_0179_046_382_2160_MAR_R_NT_004.SEN3
f342a3ec-6908-3e70-b62e-75a246d4f965,S3B_OL_1_EFR____20240406T151005_20240406T151305_20240921T140338_0179_091_296_2340_MAR_R_NT_004.SEN3
4ebfdba2-ef21-367b-bab9-34d9a02ce99e,S3A_OL_1_EFR____20220711T151142_20220711T151442_20240605T100811_0179_087_239_2340_MAR_R_NT_004.SEN3
17cd315c-93f0-41c7-b860-ad5b4a4953ad,S3A_OL_1_EFR____20251010T153755_20251010T154055_20251011T164046_0179_131_225_2340_PS1_O_NT_004.SEN3
8ea37b6d-418b-3725-a0ca-20a71ea12235,S3A_OL_1_EFR____20230925T143454_20230925T143754_20240919T194826_0180_103_367_2160_MAR_R_NT_004.SEN3
b140ef7b-9353-48b4-a24a-8c08a56bf89f,S3B_OL_1_EFR____20240814T135612_20240814T135912_20240814T221421_0179_096_224_2160_PS2_O_NT_004.SEN3
46c09ca6-2e48-4538-a4f5-70eae1f1261f,S3A_OL_1_EFR____20250209T153751_20250209T154051_20250210T162723_0180_122_225_2340_PS1_O_NT_004.SEN3
d38872b5-71f8-347a-8a9b-b67d4a5ec2e7,S3A_OL_1_EFR____20190119T151128_20190119T151428_20240531T140944_0179_040_239_2340_MAR_R_NT_004.SEN3
860d787c-2ae1-38e5-8369-a90fe6731d86,S3B_OL_1_EFR____20191006T135048_20191006T135348_20240525T210339_0179_030_338_2340_MAR_R_NT_004.SEN3
944bd486-3561-3a8b-94e9-d355f9187042,S3B_OL_1_EFR____20240215T135132_20240215T135432_20240921T104335_0179_089_338_2340_MAR_R_NT_004.SEN3
481ce2d7-f469-3276-9f69-55c3cbf64488,S3B_OL_1_EFR____20180929T151443_20180929T151743_20240621T022935_0179_013_182_2340_MAR_R_NT_004.SEN3
4d6c1668-d3a7-3484-a572-20254cad60cf,S3B_OL_1_EFR____20200729T134802_20200729T135102_20240526T090145_0179_041_338_2160_MAR_R_NT_004.SEN3
6b9c4ba7-3989-3c26-88fd-cd28c901de06,S3A_OL_1_EFR____20231004T140116_20231004T140416_20240919T204754_0179_104_110_2160_MAR_R_NT_004.SEN3
3445ee55-7d4a-31c0-82b8-5f059d2167d8,S3B_OL_1_EFR____20230225T153305_20230225T153605_20240527T144833_0179_076_282_2160_MAR_R_NT_004.SEN3
e1a75beb-7fe4-352c-9d70-5d5d1cb5764f,S3B_OL_1_EFR____20240226T154728_20240226T155028_20240921T091735_0180_090_111_2340_MAR_R_NT_004.SEN3
3125fa68-f71e-31c0-aad3-cae7a1b017ac,S3B_OL_1_EFR____20190419T153924_20190419T154224_20240525T112243_0179_024_225_2340_MAR_R_NT_004.SEN3
3b4ebce1-c37b-345c-860c-6d8462d58a65,S3A_OL_1_EFR____20210105T152248_20210105T152548_20240602T213242_0179_067_068_2340_MAR_R_NT_004.SEN3
0fdf24d9-e1ea-48e2-8716-24c7c28c0147,S3A_OL_1_EFR____20250604T155339_20250604T155639_20250605T164634_0179_126_325_2160_PS1_O_NT_004.SEN3
64aed9e6-3d51-30a8-ab45-05b056b67790,S3B_OL_1_EFR____20191017T154643_20191017T154943_20240525T191636_0179_031_111_2340_MAR_R_NT_004.SEN3
599d12a3-f48a-3711-a307-e92c00cc8c74,S3A_OL_1_EFR____20240124T135732_20240124T140032_20240920T061241_0179_108_167_2160_MAR_R_NT_004.SEN3
c588343f-1bdf-3003-b9f5-19fe0daea326,S3A_OL_1_EFR____20221013T143415_20221013T143715_20240605T144822_0179_091_039_2340_MAR_R_NT_004.SEN3
8f5069f2-1dd4-3b8a-b87c-8da557aeef06,S3B_OL_1_EFR____20220504T135158_20220504T135458_20240523T215520_0179_065_281_2160_MAR_R_NT_004.SEN3
3d343661-9faf-376a-8726-6c98af447e71,S3B_OL_1_EFR____20221017T153218_20221017T153518_20240524T063752_0179_071_339_2340_MAR_R_NT_004.SEN3
5ecf1b36-3bdf-3064-9e19-28424afd5f48,S3B_OL_1_EFR____20200423T140253_20200423T140553_20240526T052353_0179_038_110_2160_MAR_R_NT_004.SEN3
341e9ac5-5039-36ea-aca1-e3f8256da548,S3B_OL_1_EFR____20200126T152803_20200126T153103_20240526T022546_0180_035_011_2340_MAR_R_NT_004.SEN3
43721421-47ec-3e8d-9c70-6e7732bc6d25,S3A_OL_1_EFR____20201202T150402_20201202T150702_20240602T174853_0179_065_353_2340_MAR_R_NT_004.SEN3
70331f22-120b-3992-a6a2-b976c2f7cc02,S3A_OL_1_EFR____20190118T153739_20190118T154039_20240531T140658_0179_040_225_2340_MAR_R_NT_004.SEN3
f6d76d91-5b2a-3291-acfb-cc28ac4064ac,S3A_OL_1_EFR____20180709T153825_20180709T154125_20240531T003226_0179_033_168_2160_MAR_R_NT_004.SEN3
a97c1051-b000-4a72-b9b9-59207ca99336,S3A_OL_1_EFR____20250411T141237_20250411T141537_20250412T145933_0179_124_324_2160_PS1_O_NT_004.SEN3
1605a7df-7f0d-39b1-a422-5cef857f4a91,S3A_OL_1_EFR____20231209T153359_20231209T153659_20240920T030155_0180_106_282_2340_MAR_R_NT_004.SEN3
6317426d-20da-31eb-8cb1-7c133005ad27,S3B_OL_1_EFR____20190601T152420_20190601T152720_20240525T140456_0179_026_068_2340_MAR_R_NT_004.SEN3
42427cca-f950-3942-b945-cb0c1434e97c,S3A_OL_1_EFR____20200826T154213_20200826T154513_20240602T100549_0179_062_111_2160_MAR_R_NT_004.SEN3
f5eb074f-2100-31b0-badb-21bb780cb08c,S3B_OL_1_EFR____20250530T140347_20250530T140647_20250531T142409_0179_107_110_2160_ESA_O_NT_004.SEN3
212f73e7-1d8c-3a69-98ed-1a37461fe567,S3B_OL_1_EFR____20180528T152323_20180528T152623_20240620T113730_0179_005_011_2160_MAR_R_NT_004.SEN3
8e390447-b8e6-4b51-91e0-24876bf1bdde,S3B_OL_1_EFR____20250119T154053_20250119T154353_20250120T081537_0179_102_168_2160_PS2_O_NT_004.SEN3
3d0afa73-6480-368c-b220-5d82350aad20,S3A_OL_1_EFR____20190126T134912_20190126T135212_20240531T152041_0179_040_338_2340_MAR_R_NT_004.SEN3
61e9396d-4b53-3b40-807b-83cbc2bcdee8,S3A_OL_1_EFR____20210108T140116_20210108T140416_20240602T213726_0180_067_110_2160_MAR_R_NT_004.SEN3
08aea5fb-40b3-3a4c-bf11-aaf57572bd4b,S3B_OL_1_EFR____20181207T144352_20181207T144652_20240621T083056_0179_019_253_2160_MAR_R_NT_004.SEN3
de815342-a1ff-3bc9-a4c7-16cb74ffc05a,S3A_OL_1_EFR____20240307T152632_20240307T152932_20240920T103355_0179_110_011_2340_MAR_R_NT_004.SEN3
79bd88ad-d934-3545-94b9-ba81dffa8de8,S3A_OL_1_EFR____20200904T151133_20200904T151433_20240602T103725_0179_062_239_2340_MAR_R_NT_004.SEN3
a59b51ee-a66a-376f-acb8-7f83dd85e11c,S3B_OL_1_EFR____20200218T152848_20200218T153148_20240526T024259_0179_035_339_2160_MAR_R_NT_004.SEN3
7359cf56-a2a2-3a3b-beec-9ee41cf5b028,S3B_OL_1_EFR____20191025T135816_20191025T140116_20240525T210946_0179_031_224_2340_MAR_R_NT_004.SEN3
26f76717-b54a-36d4-a83a-14d92cfabc31,S3A_OL_1_EFR____20230421T154607_20230421T154907_20240606T031731_0179_098_054_2160_MAR_R_NT_004.SEN3
016cb574-fb61-342b-b3a4-3557a46b299c,S3A_OL_1_EFR____20210407T153450_20210407T153750_20240603T044547_0179_070_225_2160_MAR_R_NT_004.SEN3
8ef588d8-fe56-3ae4-8045-14f51d3e26be,S3A_OL_1_EFR____20201104T152718_20201104T153018_20240602T152806_0179_064_339_2160_MAR_R_NT_004.SEN3
bb2ee701-e41b-3137-b093-46d7a1da33c6,S3B_OL_1_EFR____20190604T154346_20190604T154646_20240525T130626_0179_026_111_2160_MAR_R_NT_004.SEN3
7a4364ae-8b2f-38ec-a55f-a7e2ec67f3cd,S3B_OL_1_EFR____20250414T135611_20250414T135911_20250415T151022_0179_105_224_2160_ESA_O_NT_004.SEN3
92b5cb13-3cca-4db1-9c62-6099819c661f,S3A_OL_1_EFR____20250220T154948_20250220T155248_20250221T164001_0179_122_382_2160_PS1_O_NT_004.SEN3
efaddc19-e7fc-4707-9547-b362c374f43f,S3B_OL_1_EFR____20250119T154353_20250119T154653_20250120T081552_0179_102_168_2340_PS2_O_NT_004.SEN3
5186584c-f99f-393b-9a6b-a6c5ae8e19d7,S3B_OL_1_EFR____20220916T153604_20220916T153904_20240524T042653_0179_070_282_2340_MAR_R_NT_004.SEN3
991af053-ebb6-3c0a-a10e-00513351f272,S3B_OL_1_EFR____20201205T144410_20201205T144710_20240526T182708_0179_046_253_2160_MAR_R_NT_004.SEN3
8e16c6bd-fd9f-3c59-81fa-a2a6e347a0a5,S3B_OL_1_EFR____20230125T135846_20230125T140146_20240527T144858_0180_075_224_2340_MAR_R_NT_004.SEN3
1f188d62-61f7-31b8-bf4f-ee3930217d9d,S3B_OL_1_EFR____20190316T152040_20190316T152340_20240525T083130_0179_023_125_2340_MAR_R_NT_004.SEN3
e1f3e658-278a-4a31-9235-c8504c93940d,S3A_OL_1_EFR____20250628T153113_20250628T153413_20250629T162109_0179_127_282_2160_PS1_O_NT_004.SEN3
dc7ec58a-2242-3285-92ee-38a179d0d1cf,S3B_OL_1_EFR____20211014T142916_20211014T143216_20240527T093631_0179_058_096_2160_MAR_R_NT_004.SEN3
2a78f342-edf9-3549-8421-4f122cc96566,S3A_OL_1_EFR____20230904T151946_20230904T152246_20240919T191051_0179_103_068_2160_MAR_R_NT_004.SEN3
df783b69-15da-4f3e-a146-82e86c6aa528,S3B_OL_1_EFR____20251229T152529_20251229T152829_20251230T161046_0179_115_068_2340_ESA_O_NT_004.SEN3
37f86cbe-7a3a-3c26-9167-35ade570e57d,S3B_OL_1_EFR____20220303T140221_20220303T140521_20240523T174723_0179_063_167_2340_MAR_R_NT_004.SEN3
8074a522-e4a6-35a6-90f3-d4fb6d90b878,S3B_OL_1_EFR____20230506T151810_20230506T152110_20240527T221607_0180_079_125_2160_MAR_R_NT_004.SEN3
df7b2d15-6d89-353b-bc87-2a5a0c4ea8a2,S3B_OL_1_EFR____20200527T142138_20200527T142438_20240526T082459_0179_039_210_2160_MAR_R_NT_004.SEN3
cd092fb2-fe2b-3212-b8a4-dc2b8287faf7,S3B_OL_1_EFR____20211003T141720_20211003T142020_20240527T075637_0179_057_324_2340_MAR_R_NT_004.SEN3
8836ccde-acc9-34b0-884f-83ae5ee01247,S3A_OL_1_EFR____20180512T154210_20180512T154510_20240530T182711_0179_031_111_2160_MAR_R_NT_004.SEN3
8843d9da-5195-38cc-848c-a88d01e908c7,S3A_OL_1_EFR____20191007T140413_20191007T140713_20240601T101704_0179_050_110_2340_MAR_R_NT_004.SEN3
71780bf3-7210-4fd5-a664-55e429e8fde0,S3B_OL_1_EFR____20240906T140258_20240906T140558_20240906T221522_0179_097_167_2340_PS2_O_NT_004.SEN3
7ec237e3-6e63-46ca-afd9-cd51902c21a9,S3A_OL_1_EFR____20250323T154602_20250323T154902_20250324T163612_0180_124_054_2160_PS1_O_NT_004.SEN3
9fb4215b-419d-32a6-a9a8-b389738a74b2,S3B_OL_1_EFR____20181125T145505_20181125T145805_20240621T074857_0180_019_082_2160_MAR_R_NT_004.SEN3
f31899cc-f943-3fb6-885d-002a36cf5783,S3B_OL_1_EFR____20250211T140340_20250211T140640_20250212T140148_0180_103_110_2160_ESA_O_NT_004.SEN3
c5eb9685-3d8f-3295-a36f-faeac2224d24,S3A_OL_1_EFR____20230418T152341_20230418T152641_20240606T031948_0180_098_011_2160_MAR_R_NT_004.SEN3
825c8945-6261-3a36-ab3c-984d8361d665,S3B_OL_1_EFR____20240405T135516_20240405T135816_20240921T122642_0179_091_281_2340_MAR_R_NT_004.SEN3
0e0f65c3-1e93-4d48-8c0a-bcf70d5be32b,S3B_OL_1_EFR____20251005T152606_20251005T152906_20251006T151056_0179_112_011_2160_ESA_O_NT_004.SEN3
3d583184-4164-3969-92cc-8a91bdcbbab3,S3A_OL_1_EFR____20240422T135008_20240422T135308_20240920T140648_0179_111_281_2160_MAR_R_NT_004.SEN3
e94a0aa1-8997-3b7e-a03b-c6dfc7540837,S3A_OL_1_EFR____20210824T153406_20210824T153706_20240603T160549_0179_075_282_2340_MAR_R_NT_004.SEN3
4bac419c-f4a8-3764-9332-24a4052d5d19,S3A_OL_1_EFR____20210212T153449_20210212T153749_20240602T233541_0180_068_225_2160_MAR_R_NT_004.SEN3
863ced9f-0c52-383e-aeb9-796911367fdc,S3B_OL_1_EFR____20250403T152213_20250403T152513_20250404T164113_0179_105_068_2160_ESA_O_NT_004.SEN3
6f8f632e-632f-493d-beec-efd7322a82c8,S3B_OL_1_EFR____20240820T144405_20240820T144705_20240820T233408_0179_096_310_2340_PS2_O_NT_004.SEN3
feaed727-6410-3c8c-b4b3-5ba96f484f47,S3A_OL_1_EFR____20231205T135344_20231205T135644_20240920T013801_0179_106_224_2160_MAR_R_NT_004.SEN3
ab106064-c6b1-3204-81ae-aa72f251b968,S3A_OL_1_EFR____20200606T154518_20200606T154818_20240602T044845_0179_059_111_2340_MAR_R_NT_004.SEN3
3243878c-83b6-42dd-9ac9-880e329840a0,S3A_OL_1_EFR____20250317T150409_20250317T150709_20250318T155607_0179_123_353_2340_PS1_O_NT_004.SEN3
329e7b56-ab8d-432c-8747-7d66599c78d9,S3B_OL_1_EFR____20251107T143306_20251107T143606_20251108T152105_0179_113_096_2340_ESA_O_NT_004.SEN3
b71adac6-9c8d-39df-a860-2d05eb14d9d4,S3B_OL_1_EFR____20250415T151059_20250415T151359_20250416T155859_0179_105_239_2160_ESA_O_NT_004.SEN3
f1945efa-56f1-32d7-bc91-4a1ee900d032,S3B_OL_1_EFR____20200721T135531_20200721T135831_20240526T103438_0179_041_224_2160_MAR_R_NT_004.SEN3
64601fc3-3e03-3203-a023-8648eb3bf517,S3B_OL_1_EFR____20211006T143646_20211006T143946_20240527T070652_0179_057_367_2160_MAR_R_NT_004.SEN3
13b97abf-22e4-3447-b83a-5963858f6ae6,S3B_OL_1_EFR____20230205T155147_20230205T155447_20240527T124849_0179_075_382_2160_MAR_R_NT_004.SEN3
4ec8c8a0-e7c1-34ea-8685-cc2d6d638b81,S3B_OL_1_EFR____20250127T135523_20250127T135823_20250128T141642_0179_102_281_2340_ESA_O_NT_004.SEN3
4db88e20-e01a-4a20-9494-121d6659a25a,S3B_OL_1_EFR____20250104T153240_20250104T153540_20250105T075610_0180_101_339_2340_PS2_O_NT_004.SEN3
654d6557-de76-339a-a61e-50bc158ba293,S3B_OL_1_EFR____20200806T134334_20200806T134634_20240526T113258_0179_042_067_2340_MAR_R_NT_004.SEN3
8187fa4e-79d4-3fcf-b24b-a1d21bcaf9ec,S3A_OL_1_EFR____20220313T151953_20220313T152253_20240605T003700_0179_083_068_2160_MAR_R_NT_004.SEN3
191eddd0-67e4-38e1-8021-6947096702cf,S3A_OL_1_EFR____20181029T153442_20181029T153742_20240531T083907_0179_037_225_2160_MAR_R_NT_004.SEN3
8dae3852-3c88-3a9d-b8e7-fc0f3c601cb2,S3B_OL_1_EFR____20190209T152804_20190209T153104_20240525T083243_0180_022_011_2340_MAR_R_NT_004.SEN3
b3002ab6-4b66-37d1-afff-7ddaf542bd30,S3B_OL_1_EFR____20190817T152506_20190817T152806_20240525T141518_0179_029_011_2160_MAR_R_NT_004.SEN3
7028cdd7-c790-39e4-9dc0-94312635e475,S3A_OL_1_EFR____20200425T153404_20200425T153704_20240602T010627_0179_057_282_2340_MAR_R_NT_004.SEN3
dcec1b36-f5c3-449c-ba94-d0a87d79ffda,S3A_OL_1_EFR____20250504T141923_20250504T142223_20250506T074755_0179_125_267_2340_PS1_O_NT_004.SEN3
a7458dea-f72a-3209-a547-84c41c1a5296,S3A_OL_1_EFR____20231216T141145_20231216T141445_20240920T030210_0179_106_381_2340_MAR_R_NT_004.SEN3
4847ed82-24d6-3d53-a1e1-94f57c1d311e,S3B_OL_1_EFR____20230824T142855_20230824T143155_20240920T223739_0179_083_153_2340_MAR_R_NT_004.SEN3
af01f723-73d9-315a-a22a-fbbbcd86a664,S3A_OL_1_EFR____20210920T153406_20210920T153706_20240603T162031_0179_076_282_2340_MAR_R_NT_004.SEN3
7f43ee5c-2733-3bf7-bb42-24909923920a,S3A_OL_1_EFR____20181014T152628_20181014T152928_20240531T073136_0179_037_011_2340_MAR_R_NT_004.SEN3
1cc7f0ba-409b-3bc4-bc6c-449a8534ae54,S3A_OL_1_EFR____20210426T154222_20210426T154522_20240603T053954_0179_071_111_2160_MAR_R_NT_004.SEN3
15f7d428-4cc8-354f-8330-e8b9546e2540,S3B_OL_1_EFR____20220402T142448_20220402T142748_20240523T200437_0179_064_210_2340_MAR_R_NT_004.SEN3
d4fb82b3-b5fc-3afe-89f7-02a7f81a2aad,S3A_OL_1_EFR____20200401T155327_20200401T155627_20240602T000617_0179_056_325_2160_MAR_R_NT_004.SEN3
3fa37f1a-81cf-31c7-9087-2983cff2283e,S3B_OL_1_EFR____20200122T153148_20200122T153448_20240525T234718_0180_034_339_2340_MAR_R_NT_004.SEN3
dfa8aab0-074d-3ec6-b11d-6ad63d1cbe75,S3A_OL_1_EFR____20180113T134609_20180113T134909_20240530T071429_0179_026_338_2160_MAR_R_NT_004.SEN3
737b5844-3bb6-4a8c-9ae8-0a3bbb046bf9,S3A_OL_1_EFR____20250209T135652_20250209T135952_20250210T145003_0179_122_224_2340_PS1_O_NT_004.SEN3
5f81038a-3257-3251-86e8-ea9b3a4815b8,S3A_OL_1_EFR____20180828T140104_20180828T140404_20240531T035352_0179_035_110_2160_MAR_R_NT_004.SEN3
298d931c-91aa-3e89-a74c-5d2b351bc4f9,S3B_OL_1_EFR____20190608T135902_20190608T140202_20240525T132311_0179_026_167_2160_MAR_R_NT_004.SEN3
ba512bda-2c2d-3917-a620-623cd5a4ae9d,S3A_OL_1_EFR____20190111T151857_20190111T152157_20240531T134419_0180_040_125_2340_MAR_R_NT_004.SEN3
0be40125-c00d-3dc2-9da4-b99c282671f3,S3A_OL_1_EFR____20240519T135309_20240519T135609_20240920T144311_0180_112_281_2340_MAR_R_NT_004.SEN3
2c7a9edd-c575-3314-8ed2-cfbd4c60b2ce,S3A_OL_1_EFR____20220106T153107_20220106T153407_20240604T073602_0179_080_282_2160_MAR_R_NT_004.SEN3
3f31ac37-f668-3530-8228-3adf247f824c,S3A_OL_1_EFR____20220114T152640_20220114T152940_20240604T082219_0179_081_011_2340_MAR_R_NT_004.SEN3
970a5f6e-5554-3f73-bf81-e7e8a08261b1,S3A_OL_1_EFR____20240607T154139_20240607T154439_20240920T150825_0179_113_168_2340_MAR_R_NT_004.SEN3
e1d22167-0e66-31c8-9e13-465c1c14a641,S3B_OL_1_EFR____20230509T140237_20230509T140537_20240527T202130_0179_079_167_2340_MAR_R_NT_004.SEN3
c986cb80-cf17-37a3-85a5-05b46332394c,S3A_OL_1_EFR____20221126T135002_20221126T135302_20240605T170836_0179_092_281_2160_MAR_R_NT_004.SEN3
f9fd897f-846f-38bb-97b4-2090d52d4b9b,S3A_OL_1_EFR____20231205T135644_20231205T135944_20240920T013820_0180_106_224_2340_MAR_R_NT_004.SEN3
647e0d2e-b816-3ad9-9052-62338dcecc76,S3B_OL_1_EFR____20210320T142442_20210320T142742_20240526T201303_0179_050_210_2340_MAR_R_NT_004.SEN3
b816c999-6415-3e25-a5b3-f88ee8cf2d76,S3B_OL_1_EFR____20220130T142913_20220130T143213_20240523T164208_0179_062_096_2160_MAR_R_NT_004.SEN3
605872c4-10a7-37b8-beeb-298e2a1729c5,S3B_OL_1_EFR____20240112T151344_20240112T151644_20240921T083308_0179_088_239_2340_MAR_R_NT_004.SEN3
a3e7cace-6b4d-33fc-a48c-3f8407111126,S3B_OL_1_EFR____20210701T145447_20210701T145747_20240527T032908_0180_054_139_2340_MAR_R_NT_004.SEN3
33f10e41-d297-3a69-87e7-8916a61b0c1a,S3B_OL_1_EFR____20221025T152151_20221025T152451_20240524T063533_0180_072_068_2160_MAR_R_NT_004.SEN3
73553c21-2eb1-316f-af91-582dc8a73eea,S3A_OL_1_EFR____20180304T153352_20180304T153652_20240530T120729_0180_028_282_2340_MAR_R_NT_004.SEN3
231668be-f747-3f0b-9ecc-2682af950725,S3B_OL_1_EFR____20200926T145903_20200926T150203_20240526T133603_0179_044_025_2160_MAR_R_NT_004.SEN3
25298b53-5a17-37f7-9ac1-2714ff1f617b,S3B_OL_1_EFR____20250326T135142_20250326T135442_20250327T134448_0180_104_338_2340_ESA_O_NT_004.SEN3
095955f3-73f8-3876-9a47-19ba3bdd602e,S3B_OL_1_EFR____20210914T154753_20210914T155053_20240527T090800_0179_057_054_2160_MAR_R_NT_004.SEN3
d77a9168-f80b-3241-bb1a-77c8fc674c13,S3A_OL_1_EFR____20210724T135354_20210724T135654_20240603T124709_0179_074_224_2160_MAR_R_NT_004.SEN3
11ae65fc-ed9f-3604-841a-c2c57c855bda,S3A_OL_1_EFR____20210512T153025_20210512T153325_20240603T064052_0179_071_339_2340_MAR_R_NT_004.SEN3
7b657a93-adf6-4d28-941f-6cc65f29ded7,S3A_OL_1_EFR____20250710T151958_20250710T152258_20250711T161029_0179_128_068_2160_PS1_O_NT_004.SEN3
efc4f099-ad52-3229-bfe0-3f7a527f6ae3,S3B_OL_1_EFR____20190921T151735_20190921T152035_20240525T191031_0179_030_125_2160_MAR_R_NT_004.SEN3
d6a1c233-dec2-3bdc-b88b-df5bc51fa6f1,S3B_OL_1_EFR____20191030T150921_20191030T151221_20240525T211000_0180_031_296_2340_MAR_R_NT_004.SEN3
934d827e-73d3-347b-ba82-a87648bd1d74,S3B_OL_1_EFR____20230405T134349_20230405T134649_20240527T163744_0179_078_067_2340_MAR_R_NT_004.SEN3
71548b68-4cba-4b90-ba44-add0805824b6,S3A_OL_1_EFR____20250825T134926_20250825T135226_20250826T144959_0179_129_338_2340_PS1_O_NT_004.SEN3
3c5062ba-de34-324c-a621-9cdba4702d5b,S3A_OL_1_EFR____20231020T134618_20231020T134918_20240919T214917_0179_104_338_2160_MAR_R_NT_004.SEN3
446aecdd-6aa1-3d14-aa43-25eea19a405b,S3B_OL_1_EFR____20190520T135137_20190520T135437_20240525T131350_0180_025_281_2160_MAR_R_NT_004.SEN3
1386f869-33c3-396c-8b0d-99f62aef4726,S3A_OL_1_EFR____20180419T154125_20180419T154425_20240530T165657_0179_030_168_2340_MAR_R_NT_004.SEN3
c52d87d4-e8ad-3b19-a8f4-b9036880f948,S3B_OL_1_EFR____20240124T150232_20240124T150532_20240921T090313_0179_089_025_2340_MAR_R_NT_004.SEN3
c8ea01d7-e997-359a-9c6b-1944576a60a4,S3A_OL_1_EFR____20220806T153750_20220806T154050_20240605T112158_0179_088_225_2340_MAR_R_NT_004.SEN3
60ec86f0-9271-30b3-9db3-a3ef213a0253,S3A_OL_1_EFR____20180228T135338_20180228T135638_20240530T115646_0179_028_224_2160_MAR_R_NT_004.SEN3
1c2f2871-a66c-35a3-9ab3-f8eeced97c5c,S3B_OL_1_EFR____20200912T142141_20200912T142441_20240526T130358_0179_043_210_2160_MAR_R_NT_004.SEN3
8ab20cba-f30e-3da3-9d05-7c80f0b6c6cd,S3A_OL_1_EFR____20190514T134918_20190514T135218_20240531T213653_0179_044_338_2340_MAR_R_NT_004.SEN3
a5024c56-7c94-4e0a-b555-077e5a119a8a,S3B_OL_1_EFR____20250909T150259_20250909T150559_20250910T161047_0180_111_025_2340_ESA_O_NT_004.SEN3
9abebb66-7cb6-3b58-b1f2-2def90658113,S3B_OL_1_EFR____20180510T135408_20180510T135708_20240620T110213_0179_003_067_2160_MAR_R_NT_004.SEN3
6d5d4e61-54f8-4abc-9935-c81d25d4debe,S3B_OL_1_EFR____20251101T134812_20251101T135112_20251102T141909_0179_113_010_2340_ESA_O_NT_004.SEN3
edb0c74e-70ce-32ab-b681-7e415dc07c5c,S3B_OL_1_EFR____20230213T154718_20230213T155018_20240527T163715_0179_076_111_2340_MAR_R_NT_004.SEN3
3d17728e-fb8e-4c60-a60c-dcc9c997a7c2,S3A_OL_1_EFR____20251115T150415_20251115T150715_20251116T160417_0179_132_353_2340_PS1_O_NT_004.SEN3
e1a8c5c1-ffc3-323d-9fe7-fec300202bbf,S3A_OL_1_EFR____20210419T152339_20210419T152639_20240603T044256_0179_071_011_2160_MAR_R_NT_004.SEN3
c31806db-413a-3bc4-8dc3-83310ebc4deb,S3A_OL_1_EFR____20240430T152639_20240430T152939_20240920T140937_0179_112_011_2340_MAR_R_NT_004.SEN3
ceb81056-6c14-3e47-b1a4-a89b54e63c01,S3A_OL_1_EFR____20220929T135651_20220929T135951_20240605T141305_0179_090_224_2340_MAR_R_NT_004.SEN3
8dbe9573-4d7a-3cd0-b67d-bc08988ce830,S3A_OL_1_EFR____20201001T151136_20201001T151436_20240602T132602_0179_063_239_2340_MAR_R_NT_004.SEN3
9f5bf26d-c213-3be9-b72e-19878cbfdda8,S3B_OL_1_EFR____20240625T135527_20240625T135827_20240921T185819_0179_094_281_2340_MAR_R_NT_004.SEN3
00b28386-0928-3c4a-b6f4-089a0fdb16c6,S3A_OL_1_EFR____20231006T145253_20231006T145553_20240919T213257_0179_104_139_2340_MAR_R_NT_004.SEN3
b04eb6a9-10e8-306b-9d74-c117a295efd4,S3A_OL_1_EFR____20210804T154949_20210804T155249_20240603T134559_0179_074_382_2160_MAR_R_NT_004.SEN3
413486c0-d15d-4e59-8027-24d85bf75f53,S3A_OL_1_EFR____20250105T154516_20250105T154816_20250106T160551_0179_121_111_2340_PS1_O_NT_004.SEN3
27def8f1-dba8-3eba-9609-74e20cd54769,S3A_OL_1_EFR____20220424T135313_20220424T135613_20240605T034622_0179_084_281_2340_MAR_R_NT_004.SEN3
b18fa2e9-54ce-3107-9787-4a77835ce356,S3B_OL_1_EFR____20181029T134645_20181029T134945_20240621T043553_0179_016_224_2340_MAR_R_NT_004.SEN3
181595a7-7e7c-3b13-a507-66e4d239d7d6,S3B_OL_1_EFR____20221105T135851_20221105T140151_20240524T070855_0180_072_224_2340_MAR_R_NT_004.SEN3
c0f1f586-2e7f-3904-af3d-10cafdf2f555,S3A_OL_1_EFR____20220829T140033_20220829T140333_20240605T124950_0179_089_167_2340_MAR_R_NT_004.SEN3
fca252e5-f556-38b1-81d8-9aae33e2a0e5,S3B_OL_1_EFR____20200106T140248_20200106T140548_20240526T005347_0179_034_110_2160_MAR_R_NT_004.SEN3
34be645d-45b3-3b46-97d8-3f83d5c6aeaf,S3A_OL_1_EFR____20200220T151900_20200220T152200_20240619T184343_0179_055_125_2340_MAR_R_NT_004.SEN3
695ea8dc-5cdb-32fc-bf32-15d2cf792369,S3B_OL_1_EFR____20201211T134803_20201211T135103_20240526T150721_0179_046_338_2160_MAR_R_NT_004.SEN3
a1d739d3-f0a7-33af-b9d1-21d6494a9dc2,S3A_OL_1_EFR____20201115T154514_20201115T154814_20240602T162830_0179_065_111_2340_MAR_R_NT_004.SEN3
c49ffd11-5972-4c05-9870-d995f4b290c0,S3A_OL_1_EFR____20241221T153400_20241221T153700_20241222T155608_0179_120_282_2340_PS1_O_NT_004.SEN3
a3c85e2e-767a-3bc4-9563-5e4ee6b4eef8,S3B_OL_1_EFR____20221109T153606_20221109T153906_20240524T082556_0180_072_282_2340_MAR_R_NT_004.SEN3
c981e507-abf6-433f-9247-bac572acdcb6,S3A_OL_1_EFR____20250106T151905_20250106T152205_20250107T154103_0179_121_125_2340_PS1_O_NT_004.SEN3
667da736-fc45-380b-ab25-6cbd6f1c87ef,S3A_OL_1_EFR____20190812T145634_20190812T145934_20240601T045056_0180_048_082_2340_MAR_R_NT_004.SEN3
cabf1e85-0976-3ba0-b6db-4338c2733718,S3B_OL_1_EFR____20200601T135143_20200601T135443_20240526T073459_0179_039_281_2160_MAR_R_NT_004.SEN3
5c5c79fd-8d82-35f1-aa8a-3e90f3ce4eb4,S3B_OL_1_EFR____20201018T135100_20201018T135400_20240526T155026_0179_044_338_2340_MAR_R_NT_004.SEN3
e0e4090f-7a2b-384c-8e84-8d7e0071e1d4,S3A_OL_1_EFR____20190506T135347_20190506T135647_20240531T211317_0179_044_224_2160_MAR_R_NT_004.SEN3
97d72738-3399-44ca-91c3-28101c911de1,S3B_OL_1_EFR____20241112T150630_20241112T150930_20241113T080529_0179_099_353_2340_PS2_O_NT_004.SEN3
ec9582f0-d28b-4f23-8fd0-8387c359053c,S3A_OL_1_EFR____20250217T152722_20250217T153022_20250218T161451_0179_122_339_2160_PS1_O_NT_004.SEN3
ca48349d-8584-3a26-82c9-95e552f32b89,S3A_OL_1_EFR____20210308T151520_20210308T151820_20240603T013653_0179_069_182_2340_MAR_R_NT_004.SEN3
291dad31-fc37-3f9d-ad03-5991cbb4d588,S3A_OL_1_EFR____20210208T153833_20210208T154133_20240602T232902_0180_068_168_2160_MAR_R_NT_004.SEN3
1763f934-dc03-35e4-bbf5-0b8b707aa12b,S3A_OL_1_EFR____20230607T134623_20230607T134923_20240628T032839_0179_099_338_2160_MAR_R_NT_004.SEN3
081ece2e-0ea0-3722-b0f3-5d5a647346bc,S3B_OL_1_EFR____20220416T150214_20220416T150514_20240523T202022_0179_065_025_2340_MAR_R_NT_004.SEN3
f22e6fb3-aab8-36ed-a5e7-e092782aea60,S3B_OL_1_EFR____20210115T152433_20210115T152733_20240526T163639_0179_048_068_2340_MAR_R_NT_004.SEN3
3b712c22-3034-3dfc-bce8-c03e3b6eb057,S3A_OL_1_EFR____20190918T135343_20190918T135643_20240601T073620_0179_049_224_2160_MAR_R_NT_004.SEN3
d5c34f30-499a-3ebd-acfb-98ecf819ee6d,S3B_OL_1_EFR____20240514T152508_20240514T152808_20240921T151321_0179_093_068_2340_MAR_R_NT_004.SEN3
0b48af7a-2732-39d4-8353-e4d2d6cec109,S3A_OL_1_EFR____20180504T140839_20180504T141139_20240530T172246_0179_030_381_2160_MAR_R_NT_004.SEN3
4172448c-a61c-351c-b158-36d04cc640f8,S3A_OL_1_EFR____20220417T151528_20220417T151828_20240605T024645_0179_084_182_2340_MAR_R_NT_004.SEN3
b6d0fba2-c9a4-394c-b002-de559f3dbe4e,S3B_OL_1_EFR____20200425T145430_20200425T145730_20240526T065431_0179_038_139_2340_MAR_R_NT_004.SEN3
60b17e35-e6a3-359a-838d-76cfb3c5cb15,S3B_OL_1_EFR____20181002T153709_20181002T154009_20240621T014411_0179_013_225_2340_MAR_R_NT_004.SEN3
1fb87a20-2439-473c-b0d7-22503d7cb984,S3B_OL_1_EFR____20250109T150244_20250109T150544_20250109T235200_0179_102_025_2340_PS2_O_NT_004.SEN3
5e7ca85e-f268-46b7-bee3-c75b831b8126,S3A_OL_1_EFR____20241229T134534_20241229T134834_20241230T140737_0180_121_010_2340_PS1_O_NT_004.SEN3
a817821b-d848-3729-bbd6-7809f3d76d08,S3B_OL_1_EFR____20211102T143946_20211102T144246_20240527T091344_0179_058_367_2340_MAR_R_NT_004.SEN3
4ede98e0-b5f5-3322-a6e8-70c4abf0cf40,S3A_OL_1_EFR____20180316T152237_20180316T152537_20240530T135040_0179_029_068_2340_MAR_R_NT_004.SEN3
12e766fa-e5bf-3261-8cf6-e6dfe78107de,S3A_OL_1_EFR____20200715T135305_20200715T135605_20240602T064936_0179_060_281_2340_MAR_R_NT_004.SEN3
85bb266c-bcd4-4bd5-b3d5-e85c7cfa390a,S3A_OL_1_EFR____20250427T154139_20250427T154439_20250428T162947_0179_125_168_2340_PS1_O_NT_004.SEN3
1c3dfe54-9083-4db9-9ed5-322e815a2c7a,S3A_OL_1_EFR____20250922T150415_20250922T150715_20250923T160005_0179_130_353_2340_PS1_O_NT_004.SEN3
9493c30c-b3f2-3acf-8937-6b641576fdba,S3A_OL_1_EFR____20200306T152712_20200306T153012_20240601T211806_0179_055_339_2160_MAR_R_NT_004.SEN3
8117e18c-8fa0-3882-b329-d5267e6bca66,S3B_OL_1_EFR____20210714T141423_20210714T141723_20240527T055320_0179_054_324_2160_MAR_R_NT_004.SEN3
9964d866-eaef-3bb8-b07e-f41a67cdb186,S3A_OL_1_EFR____20221202T143755_20221202T144055_20240605T171037_0179_092_367_2340_MAR_R_NT_004.SEN3
ed7b853d-12ae-3592-b452-28adf3866a61,S3A_OL_1_EFR____20230830T154940_20230830T155240_20240919T193005_0179_102_382_2160_MAR_R_NT_004.SEN3
e579747f-b954-35b1-b5cd-6380d1953607,S3A_OL_1_EFR____20231003T143026_20231003T143326_20240919T214530_0180_104_096_2340_MAR_R_NT_004.SEN3
f9ab604e-387b-3105-81a9-bc12d354dc28,S3B_OL_1_EFR____20221017T152918_20221017T153218_20240524T063735_0179_071_339_2160_MAR_R_NT_004.SEN3
a781c6d2-4516-3e25-bfd1-1662a62df05d,S3B_OL_1_EFR____20240424T135947_20240424T140247_20240921T154130_0179_092_167_2160_MAR_R_NT_004.SEN3
7cf7e3d2-0b8d-3a27-b00d-0052c482eb4d,S3B_OL_1_EFR____20200718T151704_20200718T152004_20240526T080226_0179_041_182_2340_MAR_R_NT_004.SEN3
e2b1c4f2-0af3-3679-8498-3d01c9029e41,S3A_OL_1_EFR____20210816T140036_20210816T140336_20240603T145209_0180_075_167_2340_MAR_R_NT_004.SEN3
095b80f7-8d19-3239-bfae-8fa90576494b,S3A_OL_1_EFR____20221117T142643_20221117T142943_20240605T170738_0179_092_153_2340_MAR_R_NT_004.SEN3
cd847ba3-eeaa-4a48-bc2b-e847befe4ded,S3A_OL_1_EFR____20250308T153748_20250308T154048_20250309T161924_0179_123_225_2340_PS1_O_NT_004.SEN3
43c65a6f-51bc-3f3b-a914-925a1141ff36,S3B_OL_1_EFR____20181031T143241_20181031T143541_20240621T060523_0179_016_253_2340_MAR_R_NT_004.SEN3
3d74947c-73cf-304c-a1f6-b69191ae1724,S3A_OL_1_EFR____20210318T155327_20210318T155627_20240603T034042_0179_069_325_2160_MAR_R_NT_004.SEN3
4eccbb42-5060-3beb-be65-788bfdff74b1,S3B_OL_1_EFR____20211119T135538_20211119T135838_20240527T124235_0179_059_224_2160_MAR_R_NT_004.SEN3
498156bf-d16f-33d3-9816-065c3ede6a7b,S3B_OL_1_EFR____20240603T150630_20240603T150930_20240921T171640_0179_093_353_2340_MAR_R_NT_004.SEN3
1a83598b-a55d-3f4e-9bba-a74d1c2d33b5,S3A_OL_1_EFR____20180608T154510_20180608T154810_20240530T203239_0179_032_111_2340_MAR_R_NT_004.SEN3
cf2b7d53-deac-303f-85fc-04ae5441d6d7,S3A_OL_1_EFR____20210828T153021_20210828T153321_20240603T155353_0180_075_339_2340_MAR_R_NT_004.SEN3
9b294825-8745-3879-933c-e3776328546b,S3A_OL_1_EFR____20180511T142721_20180511T143021_20240530T173523_0179_031_096_2160_MAR_R_NT_004.SEN3
28555329-8acc-349f-9250-1aac591bedac,S3B_OL_1_EFR____20201030T152048_20201030T152348_20240526T163405_0180_045_125_2340_MAR_R_NT_004.SEN3
fc61abc0-ce58-393b-b3ce-2461875499c3,S3A_OL_1_EFR____20180925T151858_20180925T152158_20240531T064857_0179_036_125_2340_MAR_R_NT_004.SEN3
2731f3e1-7cec-3e9f-860d-068b6e910d44,S3B_OL_1_EFR____20240123T134443_20240123T134743_20240921T091835_0179_089_010_2160_MAR_R_NT_004.SEN3
371c3681-b969-3752-b7cd-6696179f427c,S3B_OL_1_EFR____20191125T153535_20191125T153835_20240525T210901_0179_032_282_2340_MAR_R_NT_004.SEN3
7a18175c-87e6-32d7-916f-b0311b3b160a,S3A_OL_1_EFR____20200720T150409_20200720T150709_20240602T071816_0179_060_353_2340_MAR_R_NT_004.SEN3
76c6ca9d-509f-3d15-9263-b3402a825a60,S3B_OL_1_EFR____20240506T134838_20240506T135138_20240921T153953_0179_092_338_2160_MAR_R_NT_004.SEN3
7883df47-27b4-3901-baf4-3eaa94cf45ef,S3B_OL_1_EFR____20180601T134125_20180601T134425_20240620T120854_0179_008_010_2160_MAR_R_NT_004.SEN3
b34be158-c37a-4abe-b98b-8179a451a0a4,S3A_OL_1_EFR____20250709T154609_20250709T154909_20250710T163835_0179_128_054_2160_PS1_O_NT_004.SEN3
58364f73-86b6-340c-88f2-6a3bd0cbca96,S3A_OL_1_EFR____20220525T134627_20220525T134927_20240605T053926_0179_085_338_2160_MAR_R_NT_004.SEN3
cf88a1b0-f712-3fa4-9848-0361f5558a15,S3A_OL_1_EFR____20220424T153112_20220424T153412_20240605T030622_0179_084_282_2160_MAR_R_NT_004.SEN3
c7b47036-1423-3323-964a-54887bb58195,S3A_OL_1_EFR____20200223T140027_20200223T140327_20240601T202043_0179_055_167_2340_MAR_R_NT_004.SEN3
d004b0f2-7e0b-3def-88ee-fd497f6d4bbb,S3A_OL_1_EFR____20190510T135303_20190510T135603_20240531T220620_0179_044_281_2340_MAR_R_NT_004.SEN3
7a17bd17-6eca-3eae-b813-a500cd609b8a,S3A_OL_1_EFR____20230730T155326_20230730T155626_20240628T033107_0179_101_325_2160_MAR_R_NT_004.SEN3
359fb40e-e2e1-3dde-9786-39956927a7f6,S3B_OL_1_EFR____20200308T135520_20200308T135820_20240526T042305_0179_036_224_2160_MAR_R_NT_004.SEN3
2d1a7170-8d3c-4213-b59f-c749d7ef5e9d,S3B_OL_1_EFR____20240821T141754_20240821T142054_20240821T222503_0179_096_324_2340_PS2_O_NT_004.SEN3
f754fda6-87d8-317b-885f-167f4736af25,S3A_OL_1_EFR____20220830T151521_20220830T151821_20240605T125503_0179_089_182_2340_MAR_R_NT_004.SEN3
aafd06a9-9965-3a9d-9b53-6560b2312484,S3B_OL_1_EFR____20220820T153606_20220820T153906_20240524T041038_0179_069_282_2340_MAR_R_NT_004.SEN3
b8adca63-3b40-333f-b520-bc5bb26f39cb,S3B_OL_1_EFR____20230921T135940_20230921T140240_20240921T023829_0179_084_167_2160_MAR_R_NT_004.SEN3
380cca28-4fb5-371b-82c5-881831d4d45e,S3A_OL_1_EFR____20180201T135639_20180201T135939_20240530T102313_0179_027_224_2340_MAR_R_NT_004.SEN3
7f2326af-3535-300b-903d-e789d173f56b,S3A_OL_1_EFR____20200105T151130_20200105T151430_20240601T163258_0179_053_239_2340_MAR_R_NT_004.SEN3
41ce26f5-9d84-3d7b-8ddc-73471c0bbe8c,S3A_OL_1_EFR____20180601T152328_20180601T152628_20240530T192838_0179_032_011_2160_MAR_R_NT_004.SEN3
42631164-72cf-3e2e-8ed7-43ffc8b69663,S3B_OL_1_EFR____20220426T154323_20220426T154623_20240523T205436_0180_065_168_2340_MAR_R_NT_004.SEN3
9f51f576-d354-4070-83be-03141be04006,S3A_OL_1_EFR____20250813T135741_20250813T140041_20250814T144341_0179_129_167_2160_PS1_O_NT_004.SEN3
ea860747-f74b-3f9a-8735-f03b482faee6,S3B_OL_1_EFR____20191130T150540_20191130T150840_20240525T191715_0179_032_353_2340_MAR_R_NT_004.SEN3
5c502f0c-1fa8-3468-b081-ea7163e42aea,S3B_OL_1_EFR____20191122T151309_20191122T151609_20240525T230246_0179_032_239_2340_MAR_R_NT_004.SEN3
086dbf74-ae3e-394c-a42d-55f60cc2501f,S3B_OL_1_EFR____20230529T134358_20230529T134658_20240527T230749_0179_080_067_2340_MAR_R_NT_004.SEN3
70f35480-c292-3a2e-aa1e-588d8b8ae005,S3A_OL_1_EFR____20200910T155327_20200910T155627_20240602T111842_0179_062_325_2160_MAR_R_NT_004.SEN3
2a31ad0d-00af-33f3-b60d-1e7734ccd206,S3B_OL_1_EFR____20250123T154007_20250123T154307_20250124T170741_0179_102_225_2340_ESA_O_NT_004.SEN3
92a665cc-53f0-3f96-b091-30dbed59d7d6,S3B_OL_1_EFR____20180601T152225_20180601T152525_20240620T125031_0179_008_011_2160_MAR_R_NT_004.SEN3
daf6c5ea-bcef-3f85-a8c7-65b50626c879,S3B_OL_1_EFR____20250623T152524_20250623T152824_20250624T161131_0179_108_068_2340_ESA_O_NT_004.SEN3
fd08f393-a87d-3ef5-89c3-6aeaab492c6a,S3A_OL_1_EFR____20210311T135346_20210311T135646_20240603T013927_0179_069_224_2160_MAR_R_NT_004.SEN3
18bfd5a9-856b-373c-a640-461000145345,S3A_OL_1_EFR____20240128T135349_20240128T135649_20240920T070548_0179_108_224_2160_MAR_R_NT_004.SEN3
81694c58-bd95-31f1-bd97-88b97451225b,S3A_OL_1_EFR____20210120T135305_20210120T135605_20240602T213817_0179_067_281_2340_MAR_R_NT_004.SEN3
f283469b-665d-3003-9438-deb2cd0577f9,S3B_OL_1_EFR____20220407T135152_20220407T135452_20240523T193423_0179_064_281_2160_MAR_R_NT_004.SEN3
35302740-5001-3c3d-813f-bf5f9b00eaf1,S3B_OL_1_EFR____20210907T134813_20210907T135113_20240527T072953_0179_056_338_2160_MAR_R_NT_004.SEN3
5b5956b1-e5d9-3485-9a49-ec9ae67e752a,S3B_OL_1_EFR____20240317T152845_20240317T153145_20240921T122303_0179_091_011_2340_MAR_R_NT_004.SEN3
13c21711-ee46-3ab7-82e7-5264a563222c,S3A_OL_1_EFR____20220727T145642_20220727T145942_20240605T104730_0179_088_082_2340_MAR_R_NT_004.SEN3
2e739511-b807-36af-8d40-0cab41a745f7,S3B_OL_1_EFR____20210803T135842_20210803T140142_20240527T071222_0179_055_224_2340_MAR_R_NT_004.SEN3
d8b09c8f-327d-3e41-8595-f402ea324e9c,S3B_OL_1_EFR____20180909T135223_20180909T135523_20240620T234350_0179_012_281_2340_MAR_R_NT_004.SEN3
9b81004a-8dff-34ae-bb3f-6cb87af2542e,S3B_OL_1_EFR____20210706T142451_20210706T142751_20240527T024305_0180_054_210_2340_MAR_R_NT_004.SEN3
1a48c1f3-9d84-32af-bad5-b617c4fede93,S3A_OL_1_EFR____20210323T134234_20210323T134534_20240603T033223_0179_070_010_2160_MAR_R_NT_004.SEN3
886b34e8-48f3-3f2c-a688-061d92b19d4e,S3A_OL_1_EFR____20180925T151558_20180925T151858_20240531T064838_0180_036_125_2160_MAR_R_NT_004.SEN3
0c9166db-d00b-3458-8cad-bf680d31c46b,S3A_OL_1_EFR____20201004T135304_20201004T135604_20240602T135224_0179_063_281_2340_MAR_R_NT_004.SEN3
1a29cfcf-8be4-387f-ad4e-826098147895,S3B_OL_1_EFR____20180604T140411_20180604T140711_20240620T105951_0179_008_053_2160_MAR_R_NT_004.SEN3
f54f681b-0791-3310-9c9f-8c4d07639bdf,S3B_OL_1_EFR____20180813T135223_20180813T135523_20240620T193945_0180_011_281_2340_MAR_R_NT_004.SEN3
3d8b0c83-8ca2-3c00-bc49-0c8c1094d372,S3A_OL_1_EFR____20190831T150100_20190831T150400_20240601T070958_0179_048_353_2160_MAR_R_NT_004.SEN3
ef4a1734-4cf3-363c-92b5-9a0996ca5cb1,S3B_OL_1_EFR____20210114T154744_20210114T155044_20240526T190026_0179_048_054_2160_MAR_R_NT_004.SEN3
12b375d6-6edd-3c17-8473-0808b99e63f8,S3A_OL_1_EFR____20230904T152246_20230904T152546_20240919T191108_0180_103_068_2340_MAR_R_NT_004.SEN3
d3963063-7af0-3802-afc5-81e3b0a27c62,S3A_OL_1_EFR____20240423T150756_20240423T151056_20240920T134229_0179_111_296_2340_MAR_R_NT_004.SEN3
20d7eab4-99e6-3f6c-a9c7-cb80b40bb20d,S3B_OL_1_EFR____20230521T134826_20230521T135126_20240527T202127_0179_079_338_2160_MAR_R_NT_004.SEN3
a67b21fc-a4ba-3602-8d9e-8e15c7103df4,S3A_OL_1_EFR____20180106T150826_20180106T151126_20240530T072418_0179_026_239_2160_MAR_R_NT_004.SEN3
71fb8b53-12b0-4edf-a89e-3e0e5ce7fcd0,S3A_OL_1_EFR____20240905T150450_20240905T150750_20240906T152858_0179_116_296_2160_PS1_O_NT_004.SEN3
9022d116-25cf-323c-9972-e20d1d5afdc8,S3B_OL_1_EFR____20200404T153920_20200404T154220_20240526T024406_0179_037_225_2340_MAR_R_NT_004.SEN3
b27f9983-d152-3275-b523-6bb7b394a6f7,S3B_OL_1_EFR____20210322T151019_20210322T151319_20240526T220345_0179_050_239_2160_MAR_R_NT_004.SEN3
3c1ccc92-626a-35f8-9547-b6c8efd3c393,S3A_OL_1_EFR____20190817T142637_20190817T142937_20240601T060438_0179_048_153_2340_MAR_R_NT_004.SEN3
22f6db4c-4c29-3509-ab5b-5fe469d12767,S3B_OL_1_EFR____20230804T144437_20230804T144737_20240920T235806_0179_082_253_2160_MAR_R_NT_004.SEN3
0e40ddce-916d-3fa1-822e-91b9273b4e43,S3B_OL_1_EFR____20220802T150226_20220802T150526_20240524T030255_0179_069_025_2340_MAR_R_NT_004.SEN3
691353c3-deaf-3b65-8468-5072fd3bc762,S3A_OL_1_EFR____20190828T144133_20190828T144433_20240601T060135_0179_048_310_2340_MAR_R_NT_004.SEN3
9eb6184c-b457-3323-9f7a-f181d583dee8,S3A_OL_1_EFR____20181102T135258_20181102T135558_20240531T085141_0179_037_281_2340_MAR_R_NT_004.SEN3
15330314-9c3d-36d9-b58e-7d55ac045aa8,S3B_OL_1_EFR____20200612T154742_20200612T155042_20240526T101527_0179_040_054_2160_MAR_R_NT_004.SEN3
f39441d0-1fde-3665-b4cf-2a3c2d94b72d,S3B_OL_1_EFR____20250523T152904_20250523T153204_20250524T160415_0179_107_011_2340_ESA_O_NT_004.SEN3
92c59ac5-36ec-37e0-9a62-903c100188d7,S3B_OL_1_EFR____20250724T151841_20250724T152141_20250725T160057_0179_109_125_2160_ESA_O_NT_004.SEN3
f3284621-daf4-3faa-bd22-73a7aa559f93,S3A_OL_1_EFR____20240511T153838_20240511T154138_20240920T155859_0179_112_168_2160_MAR_R_NT_004.SEN3
cf04f68e-96a1-31a0-8e13-71d757e7ecf9,S3A_OL_1_EFR____20221107T134236_20221107T134536_20240605T155128_0179_092_010_2160_MAR_R_NT_004.SEN3
8fd84d1f-6f8c-3e4c-8159-8719432d7ddb,S3B_OL_1_EFR____20230904T144051_20230904T144351_20240920T234727_0179_083_310_2160_MAR_R_NT_004.SEN3
c1788194-06b0-3742-ab8d-6543839dda76,S3A_OL_1_EFR____20190420T154943_20190420T155243_20240531T201348_0179_043_382_2160_MAR_R_NT_004.SEN3
5999b0ae-becf-3a19-87bb-bb49697cda47,S3B_OL_1_EFR____20190516T135522_20190516T135822_20240525T120042_0180_025_224_2160_MAR_R_NT_004.SEN3
f839ab78-004d-39d4-89d8-3e9d2b29f47c,S3B_OL_1_EFR____20230904T144351_20230904T144651_20240920T234746_0179_083_310_2340_MAR_R_NT_004.SEN3
d832c8eb-a6c5-4e22-a1b6-111edb799700,S3A_OL_1_EFR____20250109T140032_20250109T140332_20250110T142207_0179_121_167_2340_PS1_O_NT_004.SEN3
24feee1e-f75d-38ec-b148-edf64edbf286,S3B_OL_1_EFR____20181210T150919_20181210T151219_20240621T074829_0179_019_296_2340_MAR_R_NT_004.SEN3
00217c1b-7a49-338c-b5b7-0595fff8be52,S3B_OL_1_EFR____20220908T140235_20220908T140535_20240524T042029_0179_070_167_2340_MAR_R_NT_004.SEN3
9752424b-c5eb-36fd-a68c-452ca1b595b0,S3B_OL_1_EFR____20210213T142908_20210213T143208_20240526T200319_0179_049_096_2160_MAR_R_NT_004.SEN3
52d4a263-869e-3017-8407-ff286f404086,S3A_OL_1_EFR____20180228T153437_20180228T153737_20240530T125032_0179_028_225_2160_MAR_R_NT_004.SEN3
0819ebda-065e-3d3b-accf-58f7e471a5b8,S3A_OL_1_EFR____20210821T151139_20210821T151439_20240603T145742_0179_075_239_2340_MAR_R_NT_004.SEN3
d80bef51-3769-3e12-997b-d84fa707e87c,S3A_OL_1_EFR____20180928T135725_20180928T140025_20240531T065548_0179_036_167_2160_MAR_R_NT_004.SEN3
fadf10f7-a47e-38d3-89cf-c4f499e323ba,S3B_OL_1_EFR____20200125T155114_20200125T155414_20240526T041609_0179_034_382_2160_MAR_R_NT_004.SEN3
8902778e-12bd-3b51-9ce6-258d10c2b823,S3B_OL_1_EFR____20240215T134832_20240215T135132_20240921T104316_0179_089_338_2160_MAR_R_NT_004.SEN3
ba2fdf6b-b7eb-38c9-bb2d-778ec64ac153,S3A_OL_1_EFR____20181211T152239_20181211T152539_20240531T121610_0179_039_068_2340_MAR_R_NT_004.SEN3
dac2e960-90d8-39a0-964e-e6675a02bcd2,S3A_OL_1_EFR____20191222T143405_20191222T143705_20240601T153311_0179_053_039_2340_MAR_R_NT_004.SEN3
b8c51f87-04c6-3af7-92fb-78fe470c9ee7,S3B_OL_1_EFR____20210618T135111_20210618T135411_20240527T054709_0179_053_338_2340_MAR_R_NT_004.SEN3
631d453a-c4f9-3adc-a88d-1d37e8caa939,S3A_OL_1_EFR____20201023T140033_20201023T140333_20240602T142606_0179_064_167_2340_MAR_R_NT_004.SEN3
adf0b107-e93c-3315-bab4-1501d8bdd86d,S3A_OL_1_EFR____20240411T151910_20240411T152210_20240920T124057_0179_111_125_2340_MAR_R_NT_004.SEN3
877fa1f1-e3a4-3930-9405-cc94547ca0fe,S3A_OL_1_EFR____20240331T150410_20240331T150710_20240920T115619_0179_110_353_2340_MAR_R_NT_004.SEN3
47dc0bd8-5acd-3dc9-9f87-b4d643493967,S3B_OL_1_EFR____20190917T152420_20190917T152720_20240525T173933_0179_030_068_2340_MAR_R_NT_004.SEN3
b3015de7-11af-3429-9558-ed674cc0bdf3,S3A_OL_1_EFR____20190910T154210_20190910T154510_20240601T081602_0179_049_111_2160_MAR_R_NT_004.SEN3
b6aa511c-6b6c-3b0e-89e0-8758ce781cfa,S3B_OL_1_EFR____20240409T152932_20240409T153232_20240921T133933_0179_091_339_2160_MAR_R_NT_004.SEN3
4b28dbb4-0111-3cd7-bdbe-2144f896b992,S3A_OL_1_EFR____20190819T151215_20190819T151515_20240601T045650_0179_048_182_2160_MAR_R_NT_004.SEN3
bc431a44-6e9c-3d72-b656-b9818e108ca1,S3A_OL_1_EFR____20211109T135652_20211109T135952_20240604T031104_0179_078_224_2340_MAR_R_NT_004.SEN3
9aa2ff82-4da9-3e92-a711-d41bad97ebe9,S3A_OL_1_EFR____20201012T134235_20201012T134535_20240602T142535_0179_064_010_2160_MAR_R_NT_004.SEN3
75373ffa-366f-322c-b218-6806d29d0f97,S3A_OL_1_EFR____20180706T151559_20180706T151859_20240530T230306_0179_033_125_2160_MAR_R_NT_004.SEN3
19ca92cc-5fe6-3333-8637-1be1239b087e,S3B_OL_1_EFR____20220304T151710_20220304T152010_20240523T172221_0179_063_182_2340_MAR_R_NT_004.SEN3
b6c9e0a2-7e2a-3fc2-a2f7-24afe34f93ee,S3B_OL_1_EFR____20230913T141010_20230913T141310_20240921T014031_0180_084_053_2340_MAR_R_NT_004.SEN3
c40e4741-4335-3b15-8b89-ed128a857e54,S3B_OL_1_EFR____20240103T154724_20240103T155024_20240921T082908_0179_088_111_2340_MAR_R_NT_004.SEN3
9e6df0e2-8ad8-34f9-863b-2665c8c86b14,S3B_OL_1_EFR____20200607T143637_20200607T143937_20240526T095700_0180_039_367_2160_MAR_R_NT_004.SEN3
802dac22-1f86-3a1f-bbf4-7cfdc8ced258,S3B_OL_1_EFR____20230324T135504_20230324T135804_20240527T163817_0179_077_281_2340_MAR_R_NT_004.SEN3
aa0cf165-bd1b-4305-bcd3-3f8914af5191,S3B_OL_1_EFR____20250923T154024_20250923T154324_20250924T163310_0179_111_225_2340_ESA_O_NT_004.SEN3
df7ed90f-422d-30f7-9566-62c1b9c05c26,S3A_OL_1_EFR____20200522T135006_20200522T135306_20240602T025828_0180_058_281_2160_MAR_R_NT_004.SEN3
7e7ae32b-f5ce-3a67-b804-7ba66ae5604a,S3B_OL_1_EFR____20221203T151340_20221203T151640_20240524T083821_0179_073_239_2340_MAR_R_NT_004.SEN3
466e24b2-1d35-3aac-9e60-c844f4aed4f2,S3B_OL_1_EFR____20200717T154015_20200717T154315_20240526T101457_0179_041_168_2160_MAR_R_NT_004.SEN3
7d114024-9620-3b1a-96f5-07e6182cfb0d,S3A_OL_1_EFR____20220416T153839_20220416T154139_20240605T024102_0180_084_168_2160_MAR_R_NT_004.SEN3
542eb2be-113b-31cc-b001-3c87e3a1bcc6,S3B_OL_1_EFR____20250630T140008_20250630T140308_20250701T154429_0180_108_167_2160_ESA_O_NT_004.SEN3
10e358dd-2cad-482b-a9d5-a72676107922,S3A_OL_1_EFR____20250206T151523_20250206T151823_20250207T160639_0179_122_182_2340_PS1_O_NT_004.SEN3
9a277632-dbc8-3f06-b7ce-b7db7c4c2141,S3B_OL_1_EFR____20210205T143936_20210205T144236_20240526T220559_0179_048_367_2340_MAR_R_NT_004.SEN3
98f12a64-6b7b-3cf0-9eb2-324b94843bf4,S3B_OL_1_EFR____20190419T135525_20190419T135825_20240525T102042_0179_024_224_2160_MAR_R_NT_004.SEN3
cd5b4d78-6191-37fe-b0e7-e1b47229aa2e,S3A_OL_1_EFR____20200614T153748_20200614T154048_20240602T052754_0179_059_225_2340_MAR_R_NT_004.SEN3
17698924-50dd-3031-9700-a1a68e91176e,S3B_OL_1_EFR____20231002T141440_20231002T141740_20240921T011945_0179_084_324_2160_MAR_R_NT_004.SEN3
1f609945-5a50-3369-91f1-922c22854368,S3B_OL_1_EFR____20240526T151356_20240526T151656_20240921T150027_0179_093_239_2340_MAR_R_NT_004.SEN3
5151b665-bea2-34b2-b1a7-dd18c58e0ff4,S3A_OL_1_EFR____20190609T155327_20190609T155627_20240531T232134_0179_045_325_2160_MAR_R_NT_004.SEN3
671cc0ae-0a5f-384f-8416-0e3e5ec923cd,S3A_OL_1_EFR____20220331T155337_20220331T155637_20240605T012559_0179_083_325_2160_MAR_R_NT_004.SEN3
e846053c-7ed6-3b0e-9cc5-777ee818ef45,S3B_OL_1_EFR____20240219T152847_20240219T153147_20240921T090915_0179_090_011_2340_MAR_R_NT_004.SEN3
fd5205a7-ddc8-3495-8b9f-dfe3d0cbe395,S3A_OL_1_EFR____20180713T153741_20180713T154041_20240530T233835_0179_033_225_2340_MAR_R_NT_004.SEN3
160a4c4f-0135-3b2a-a539-7a2515725c41,S3B_OL_1_EFR____20181001T141921_20181001T142221_20240621T023020_0179_013_210_2160_MAR_R_NT_004.SEN3
b8a8120b-f091-30cc-9848-afc6576923bc,S3B_OL_1_EFR____20180815T143801_20180815T144101_20240620T202847_0179_011_310_2160_MAR_R_NT_004.SEN3
bcd6accf-c075-34e4-a4ed-af6eec8e14a6,S3B_OL_1_EFR____20191206T154733_20191206T155033_20240525T230207_0179_033_054_2160_MAR_R_NT_004.SEN3
270e34ae-1efa-31f2-bf75-109b3ceaad5e,S3B_OL_1_EFR____20220104T140606_20220104T140906_20240523T151012_0179_061_110_2340_MAR_R_NT_004.SEN3
88c10ae7-6dfa-3e43-b740-6c185bad1ceb,S3B_OL_1_EFR____20250403T134413_20250403T134713_20250404T150851_0179_105_067_2340_ESA_O_NT_004.SEN3
228f6ecf-24df-3635-b916-e71620b9cd1f,S3A_OL_1_EFR____20180520T153740_20180520T154040_20240530T192832_0180_031_225_2340_MAR_R_NT_004.SEN3
d1c5f8d3-ffbb-381d-a938-4c98a33fb79e,S3A_OL_1_EFR____20201219T141953_20201219T142253_20240602T193045_0180_066_210_2160_MAR_R_NT_004.SEN3
4c50e528-4d0e-38b8-bef1-c0144b585993,S3A_OL_1_EFR____20200321T153827_20200321T154127_20240601T221430_0179_056_168_2160_MAR_R_NT_004.SEN3
8371fe6c-19c2-343b-ada9-329d8d6f2433,S3A_OL_1_EFR____20220117T154608_20220117T154908_20240604T213622_0179_081_054_2160_MAR_R_NT_004.SEN3
31497535-1d5b-33a9-9b3d-28ee284014d5,S3B_OL_1_EFR____20230605T135940_20230605T140240_20240627T173014_0179_080_167_2160_MAR_R_NT_004.SEN3
0ce11641-e43d-34a0-92b9-d2a51119cbe5,S3B_OL_1_EFR____20180626T143421_20180626T143721_20240620T142240_0180_009_367_2160_MAR_R_NT_004.SEN3
8417acff-7f60-4f2f-86d6-857665b8b887,S3A_OL_1_EFR____20250521T151915_20250521T152215_20250522T160519_0179_126_125_2340_PS1_O_NT_004.SEN3
9aa6bbf6-f1cd-36df-854d-715c92c34b73,S3A_OL_1_EFR____20220829T154132_20220829T154432_20240605T125046_0180_089_168_2340_MAR_R_NT_004.SEN3
06082f98-6fb7-35fe-8e9b-cc97fb196e26,S3A_OL_1_EFR____20200731T151606_20200731T151906_20240602T083341_0179_061_125_2160_MAR_R_NT_004.SEN3
c061d6b9-df7d-3b67-8551-04e6f6b9f761,S3B_OL_1_EFR____20231211T154344_20231211T154644_20240921T070338_0179_087_168_2340_MAR_R_NT_004.SEN3
311b63d6-34d1-3a70-bef7-19c7029aadc1,S3B_OL_1_EFR____20220311T135452_20220311T135752_20240523T163332_0179_063_281_2340_MAR_R_NT_004.SEN3
c16916ff-94d8-4d39-8b64-debb8297c161,S3A_OL_1_EFR____20241117T151221_20241117T151521_20241118T153711_0180_119_182_2160_PS1_O_NT_004.SEN3
a59e60f9-20a7-3a0f-8910-7869916638a4,S3A_OL_1_EFR____20240507T140123_20240507T140423_20240920T135747_0179_112_110_2160_MAR_R_NT_004.SEN3
b28a776b-88cd-3b7d-b708-8d881a400c3b,S3A_OL_1_EFR____20180125T151856_20180125T152156_20240530T093704_0179_027_125_2340_MAR_R_NT_004.SEN3
4b325d6e-7861-3527-aefd-2ad26f8303ca,S3A_OL_1_EFR____20240315T151606_20240315T151906_20240920T095348_0179_110_125_2160_MAR_R_NT_004.SEN3
d811843d-c86b-37f2-a0b8-6d3651b8997d,S3A_OL_1_EFR____20191120T150401_20191120T150701_20240601T125947_0179_051_353_2340_MAR_R_NT_004.SEN3
10883782-ccac-3dd9-9900-adc7b26887e9,S3A_OL_1_EFR____20201023T153832_20201023T154132_20240602T152708_0179_064_168_2160_MAR_R_NT_004.SEN3
7b29ede3-69d7-3324-adbe-69353826cd97,S3A_OL_1_EFR____20231124T152245_20231124T152545_20240920T005707_0179_106_068_2340_MAR_R_NT_004.SEN3
d06fc5b4-a3a3-363a-b616-1d3bd2149b52,S3B_OL_1_EFR____20220403T135837_20220403T140137_20240523T185411_0179_064_224_2340_MAR_R_NT_004.SEN3
a9970315-957e-372d-823c-64b6bb922b43,S3A_OL_1_EFR____20211218T152636_20211218T152936_20240604T072134_0180_080_011_2340_MAR_R_NT_004.SEN3
88284936-d1fc-3770-92ff-b1270135f01b,S3A_OL_1_EFR____20180105T135637_20180105T135937_20240530T070725_0179_026_224_2340_MAR_R_NT_004.SEN3
d20e20d8-96d9-384f-9a93-871e5e1ad6fb,S3A_OL_1_EFR____20200123T140112_20200123T140412_20240601T181417_0179_054_110_2160_MAR_R_NT_004.SEN3
1a0b47df-4277-44d9-9598-29a7f852784f,S3A_OL_1_EFR____20250316T134620_20250316T134920_20250317T143450_0180_123_338_2160_PS1_O_NT_004.SEN3
f5708680-7e42-47a4-9036-a397a7b2b957,S3A_OL_1_EFR____20250427T135740_20250427T140040_20250428T144933_0179_125_167_2160_PS1_O_NT_004.SEN3
28a7e3f9-6aeb-41b8-a3df-70533da99a44,S3A_OL_1_EFR____20251119T150031_20251119T150331_20251120T155810_0179_133_025_2340_PS1_O_NT_004.SEN3
a6bcd56e-ec8a-347a-a877-a04444d9c9ab,S3B_OL_1_EFR____20180814T150412_20180814T150712_20240620T190404_0180_011_296_2160_MAR_R_NT_004.SEN3
66a6e28a-dad0-3969-bb20-fb9f5c0d023f,S3B_OL_1_EFR____20180817T152938_20180817T153238_20240620T212339_0179_011_339_2340_MAR_R_NT_004.SEN3
eb45c5e0-0a28-3e7d-a1a4-a65f625b54c3,S3A_OL_1_EFR____20210619T154524_20210619T154824_20240603T094545_0179_073_111_2340_MAR_R_NT_004.SEN3
a21f3fb8-60b7-483c-9258-c77cda34bd49,S3A_OL_1_EFR____20250410T143848_20250410T144148_20250411T153008_0180_124_310_2160_PS1_O_NT_004.SEN3
2ca06f92-9434-3f1c-915e-9fce9844bd8d,S3B_OL_1_EFR____20210925T142150_20210925T142450_20240527T094542_0179_057_210_2160_MAR_R_NT_004.SEN3
ea8442c6-bb2c-3903-8332-a6d400606201,S3A_OL_1_EFR____20220214T152257_20220214T152557_20240604T221347_0179_082_068_2340_MAR_R_NT_004.SEN3
b3029847-924e-4c56-bd77-e1a25e0bd381,S3A_OL_1_EFR____20251122T152257_20251122T152557_20251123T162236_0179_133_068_2340_PS1_O_NT_004.SEN3
4b5f40b2-5332-3079-8567-962be48c77bb,S3B_OL_1_EFR____20180514T154503_20180514T154803_20240620T124656_0179_003_125_2160_MAR_R_NT_004.SEN3
dce56cf5-543e-4d15-a192-44f6100bb951,S3A_OL_1_EFR____20240822T143027_20240822T143327_20240823T145047_0179_116_096_2340_PS1_O_NT_004.SEN3
b665712f-67fa-4474-9931-94c17e10d62d,S3A_OL_1_EFR____20241208T142725_20241208T143025_20241209T145445_0179_120_096_2160_PS1_O_NT_004.SEN3
8ea52ca5-3532-35fb-90e0-512536823084,S3B_OL_1_EFR____20180523T154132_20180523T154432_20240620T124506_0179_003_253_2160_MAR_R_NT_004.SEN3
18cd87b2-9aa4-3e81-b123-c3580cd51705,S3B_OL_1_EFR____20180711T144834_20180711T145134_20240620T163600_0179_010_196_2340_MAR_R_NT_004.SEN3
a895f78f-5118-3915-88c8-11cba003232d,S3A_OL_1_EFR____20191002T143409_20191002T143709_20240601T091014_0179_050_039_2340_MAR_R_NT_004.SEN3
b29a54c4-c8ed-3a27-bfd1-f6a4839d7a27,S3A_OL_1_EFR____20180205T134955_20180205T135255_20240530T105241_0179_027_281_2160_MAR_R_NT_004.SEN3
d1e1ec2c-dbfc-39ac-9502-c7a22bac78e9,S3A_OL_1_EFR____20191226T143021_20191226T143321_20240601T163302_0179_053_096_2340_MAR_R_NT_004.SEN3
b6c89b63-4c3e-3be0-a574-bb4e8b9482ed,S3B_OL_1_EFR____20230428T134739_20230428T135039_20240527T183415_0179_079_010_2340_MAR_R_NT_004.SEN3
89e2b11c-3a8a-3f39-a4fd-82d5e821bfbc,S3A_OL_1_EFR____20220909T155332_20220909T155632_20240605T131557_0179_089_325_2160_MAR_R_NT_004.SEN3
e759db60-5e47-4597-9d2a-f21a629a2895,S3A_OL_1_EFR____20250910T151526_20250910T151826_20250911T161350_0180_130_182_2340_PS1_O_NT_004.SEN3
4bd6a217-10ea-4ea3-9e36-dee5cb400a0a,S3A_OL_1_EFR____20251106T153457_20251106T153757_20251107T163334_0179_132_225_2160_PS1_O_NT_004.SEN3
50b21d69-5bad-3102-b7fc-3ca7b5e2d75f,S3A_OL_1_EFR____20200128T151516_20200128T151816_20240601T182623_0179_054_182_2340_MAR_R_NT_004.SEN3
281e917c-2b54-3f65-b0c8-2cd96b3c14a1,S3A_OL_1_EFR____20200127T140028_20200127T140328_20240601T191018_0179_054_167_2340_MAR_R_NT_004.SEN3
42bb0bf8-29da-3359-89ec-c896dc877eaf,S3A_OL_1_EFR____20181215T151554_20181215T151854_20240531T115057_0179_039_125_2160_MAR_R_NT_004.SEN3
ea99ff97-b371-39e4-ba45-2c68c2fe6085,S3A_OL_1_EFR____20230326T152255_20230326T152555_20240606T014850_0179_097_068_2340_MAR_R_NT_004.SEN3
2be7e8d4-f351-3302-8d52-1eabd35a5773,S3B_OL_1_EFR____20250416T144448_20250416T144748_20250417T152850_0179_105_253_2160_ESA_O_NT_004.SEN3
db1bdfd4-7f1d-49ca-a283-ff4ae6ac2b9a,S3A_OL_1_EFR____20250419T154607_20250419T154907_20250420T163607_0180_125_054_2160_PS1_O_NT_004.SEN3
be10674f-5e7c-4c28-92fe-2207db970b65,S3A_OL_1_EFR____20250921T134626_20250921T134926_20250922T144621_0179_130_338_2160_PS1_O_NT_004.SEN3
4858497f-8b54-30b0-a4ac-f37146042ec5,S3B_OL_1_EFR____20210316T142826_20210316T143126_20240527T003755_0180_050_153_2340_MAR_R_NT_004.SEN3
58040d84-ce13-3932-9b1c-5bbef965a584,S3A_OL_1_EFR____20221118T135732_20221118T140032_20240605T170625_0179_092_167_2160_MAR_R_NT_004.SEN3
e1d91926-9889-3bd0-bbce-4deb71492917,S3B_OL_1_EFR____20240606T134458_20240606T134758_20240921T162437_0179_094_010_2160_MAR_R_NT_004.SEN3
256262bc-5582-3823-8f05-27377952b40c,S3B_OL_1_EFR____20200316T135052_20200316T135352_20240526T023948_0179_036_338_2340_MAR_R_NT_004.SEN3
dcf784b9-598c-38de-a0df-083940f80412,S3A_OL_1_EFR____20211202T135734_20211202T140034_20240604T051302_0179_079_167_2160_MAR_R_NT_004.SEN3
d8867988-eced-3e14-a90a-e6ccbf4c602c,S3A_OL_1_EFR____20180624T134614_20180624T134914_20240530T223900_0180_032_338_2160_MAR_R_NT_004.SEN3
d1982f4b-48c3-3b02-830e-401071a74bc6,S3A_OL_1_EFR____20180913T134910_20180913T135210_20240531T052909_0179_035_338_2340_MAR_R_NT_004.SEN3
76143143-e110-3063-acd6-5baab14e857f,S3A_OL_1_EFR____20200815T152717_20200815T153017_20240602T100135_0179_061_339_2160_MAR_R_NT_004.SEN3
779ecaf3-dd3c-39b8-982a-2160b78ae2cf,S3A_OL_1_EFR____20181017T154555_20181017T154855_20240531T082554_0179_037_054_2160_MAR_R_NT_004.SEN3
c2e7037a-fbce-3424-9a30-d9c3106b39e5,S3A_OL_1_EFR____20180901T153820_20180901T154120_20240531T043154_0179_035_168_2160_MAR_R_NT_004.SEN3
31ab59ff-e03f-38ac-9734-da86d1e7c54e,S3B_OL_1_EFR____20240606T152858_20240606T153158_20240921T170723_0179_094_011_2340_MAR_R_NT_004.SEN3
2daee4de-02ce-306b-a56e-c9be9eb7db84,S3A_OL_1_EFR____20230330T151611_20230330T151911_20240606T015009_0179_097_125_2160_MAR_R_NT_004.SEN3
609865c7-35c7-3b26-acc1-47f23a48bc8e,S3A_OL_1_EFR____20220802T135735_20220802T140035_20240605T105849_0179_088_167_2160_MAR_R_NT_004.SEN3
c4592c18-1d81-35b1-ab37-671c8cc22bd7,S3A_OL_1_EFR____20190322T150400_20190322T150700_20240531T181920_0179_042_353_2340_MAR_R_NT_004.SEN3
5d78f456-f93b-389f-a5d9-4e49febac297,S3A_OL_1_EFR____20191225T145331_20191225T145631_20240601T163152_0179_053_082_2160_MAR_R_NT_004.SEN3
e145f1a8-3183-339a-a770-d5857503b391,S3B_OL_1_EFR____20210930T135454_20210930T135754_20240527T085817_0179_057_281_2340_MAR_R_NT_004.SEN3
94262478-338b-373a-97f7-453c51e066b5,S3A_OL_1_EFR____20220111T150413_20220111T150713_20240604T203044_0179_080_353_2340_MAR_R_NT_004.SEN3
8176da69-0565-3a21-abfa-ac8019ab3161,S3A_OL_1_EFR____20231016T135301_20231016T135601_20240919T231002_0179_104_281_2340_MAR_R_NT_004.SEN3
77e38308-37e1-36de-9032-652f684d7d9f,S3A_OL_1_EFR____20220929T135351_20220929T135651_20240605T141240_0179_090_224_2160_MAR_R_NT_004.SEN3
9f84cd2a-89e3-3736-a17b-184df768b92c,S3B_OL_1_EFR____20190924T154002_20190924T154302_20240525T175244_0179_030_168_2160_MAR_R_NT_004.SEN3
4f66e2ae-bd1d-3333-af47-9d2399ace1eb,S3A_OL_1_EFR____20190730T153359_20190730T153659_20240601T041402_0179_047_282_2340_MAR_R_NT_004.SEN3
a8db7ffc-bff3-346c-a94a-b2138d3e8995,S3A_OL_1_EFR____20221003T153105_20221003T153405_20240605T142242_0179_090_282_2160_MAR_R_NT_004.SEN3
8a2aa5a5-3c1a-3166-b102-9400eec47062,S3A_OL_1_EFR____20230104T152250_20230104T152550_20240605T200726_0179_094_068_2340_MAR_R_NT_004.SEN3
d0ee114a-1ab7-4167-ad39-084901f23ce8,S3A_OL_1_EFR____20250213T135008_20250213T135308_20250214T144117_0179_122_281_2160_PS1_O_NT_004.SEN3
6c4a4e7c-0832-4762-a616-ab8318760be6,S3A_OL_1_EFR____20251222T140124_20251222T140424_20251223T150241_0179_134_110_2160_PS1_O_NT_004.SEN3
9fd85430-8040-365d-904c-3f14ef01d554,S3B_OL_1_EFR____20230818T134403_20230818T134703_20240920T234601_0180_083_067_2340_MAR_R_NT_004.SEN3
5a126daa-e882-3faa-994e-fa50b03bf88b,S3A_OL_1_EFR____20180520T153440_20180520T153740_20240530T192812_0179_031_225_2160_MAR_R_NT_004.SEN3
2ccadfd5-7c56-31f3-93d0-39522927a736,S3B_OL_1_EFR____20240521T154351_20240521T154651_20240921T153653_0179_093_168_2340_MAR_R_NT_004.SEN3
faf4e6d7-410d-3366-9335-bc021c44b2fb,S3B_OL_1_EFR____20200429T144746_20200429T145046_20240526T081834_0180_038_196_2160_MAR_R_NT_004.SEN3
41e48fa7-685d-38f6-8f80-c2406c75e214,S3A_OL_1_EFR____20191209T150827_20191209T151127_20240601T153218_0180_052_239_2160_MAR_R_NT_004.SEN3
ff4b05d9-6d25-3e72-b325-081fe1474642,S3B_OL_1_EFR____20181121T150202_20181121T150502_20240621T065852_0179_018_025_2340_MAR_R_NT_004.SEN3
f4c073e3-a948-30a7-bf3a-0240b7a2997f,S3A_OL_1_EFR____20240523T152724_20240523T153024_20240920T165441_0179_112_339_2160_MAR_R_NT_004.SEN3
dcab894f-498c-3873-afec-04a7da2bf961,S3A_OL_1_EFR____20230607T152722_20230607T153022_20240628T003026_0179_099_339_2160_MAR_R_NT_004.SEN3
6b50b573-115f-310a-ba13-c59b1102e5a2,S3B_OL_1_EFR____20190128T153617_20190128T153917_20240525T040018_0180_021_225_2160_MAR_R_NT_004.SEN3
0ed28104-596c-48e2-ae38-2bd1e74d98c9,S3A_OL_1_EFR____20250110T151521_20250110T151821_20250111T153512_0179_121_182_2340_PS1_O_NT_004.SEN3
d24b2834-2d03-316e-8336-d12b72156374,S3B_OL_1_EFR____20220102T145828_20220102T150128_20240523T151041_0179_061_082_2340_MAR_R_NT_004.SEN3
697a8f9b-9a9f-321a-ba61-aa7d8f6bea97,S3B_OL_1_EFR____20210911T134428_20210911T134728_20240527T090418_0179_057_010_2160_MAR_R_NT_004.SEN3
1cc76815-9976-3ed1-ad49-7640b621ea56,S3B_OL_1_EFR____20190210T150153_20190210T150453_20240525T065520_0179_022_025_2340_MAR_R_NT_004.SEN3
b607cece-0c70-3721-aec0-94fb61d3eaa4,S3B_OL_1_EFR____20230107T150308_20230107T150608_20240527T144343_0179_074_353_2160_MAR_R_NT_004.SEN3
f2f90d9d-adc2-34d7-a21c-6423f137adc2,S3B_OL_1_EFR____20200713T154659_20200713T154959_20240526T085848_0179_041_111_2340_MAR_R_NT_004.SEN3
5477e255-70cd-34d9-b8f1-e35609f7ac8e,S3A_OL_1_EFR____20200830T153828_20200830T154128_20240602T111636_0179_062_168_2160_MAR_R_NT_004.SEN3
f0ec469d-c419-348d-b32d-6859e1426ea0,S3B_OL_1_EFR____20200229T154647_20200229T154947_20240526T024430_0179_036_111_2340_MAR_R_NT_004.SEN3
74b743d8-3f18-3fb1-85f7-e79950accf31,S3A_OL_1_EFR____20240112T154946_20240112T155246_20240920T060547_0179_107_382_2160_MAR_R_NT_004.SEN3
11af4957-2c44-3fa6-9f8c-d216592f5335,S3A_OL_1_EFR____20190629T135346_20190629T135646_20240601T003100_0179_046_224_2160_MAR_R_NT_004.SEN3
75935c4c-5ebd-3b5b-a74b-9333c62b65c6,S3A_OL_1_EFR____20190718T154514_20190718T154814_20240601T023352_0180_047_111_2340_MAR_R_NT_004.SEN3
f78bec10-2f12-3aca-9a21-b01b08092efc,S3B_OL_1_EFR____20211027T135152_20211027T135452_20240527T112402_0179_058_281_2160_MAR_R_NT_004.SEN3
7591eb8e-6d54-3085-b8cd-24aff8d506a8,S3B_OL_1_EFR____20240428T154004_20240428T154304_20240921T144428_0179_092_225_2340_MAR_R_NT_004.SEN3
8e9b4f0f-72f6-37bb-a42a-32c395ae0c5b,S3A_OL_1_EFR____20220127T144918_20220127T145218_20240604T214059_0179_081_196_2340_MAR_R_NT_004.SEN3
e481232b-1d5a-33ee-8886-2c7fa06957ec,S3A_OL_1_EFR____20190222T134612_20190222T134912_20240531T162950_0179_041_338_2160_MAR_R_NT_004.SEN3
f8ca9f2f-f4b8-3a30-a97e-430e899a57f9,S3B_OL_1_EFR____20230308T154801_20230308T155101_20240527T183032_0179_077_054_2160_MAR_R_NT_004.SEN3
e8a2ce14-40de-30a4-9b26-7c825391c5fe,S3B_OL_1_EFR____20180914T150327_20180914T150627_20240620T234351_0179_012_353_2340_MAR_R_NT_004.SEN3
cc555f6e-c05a-3f4d-a2ef-878dab3e4fac,S3A_OL_1_EFR____20240201T135305_20240201T135605_20240920T075226_0179_108_281_2340_MAR_R_NT_004.SEN3
d89e8c28-2206-33ca-bd04-f03537fb1ab5,S3A_OL_1_EFR____20200302T153357_20200302T153657_20240601T220132_0180_055_282_2340_MAR_R_NT_004.SEN3
a3f6a9b4-f948-3055-a222-9c4a67947853,S3B_OL_1_EFR____20230405T152449_20230405T152749_20240527T183443_0180_078_068_2340_MAR_R_NT_004.SEN3
4f312c2f-0d30-39b0-92e9-5b0b3b5583b3,S3A_OL_1_EFR____20220218T151611_20220218T151911_20240604T225610_0179_082_125_2160_MAR_R_NT_004.SEN3
ac26d824-c6fe-4e5d-89bd-ed9146bc3e60,S3A_OL_1_EFR____20251203T135655_20251203T135955_20251204T145404_0179_133_224_2340_PS1_O_NT_004.SEN3
6edf1e19-b0dd-4402-80db-4714c5c33fd8,S3A_OL_1_EFR____20250619T142653_20250619T142953_20250620T151736_0179_127_153_2340_PS1_O_NT_004.SEN3
2ef0cc0f-7094-4efb-b277-12f94866c732,S3B_OL_1_EFR____20241219T140340_20241219T140640_20241219T220218_0179_101_110_2160_PS2_O_NT_004.SEN3
9ec65b6c-11d3-3846-8b8d-ac47c30560d8,S3A_OL_1_EFR____20210516T134241_20210516T134541_20240603T070827_0179_072_010_2160_MAR_R_NT_004.SEN3
bacced94-6a8e-31fe-8ded-93406c71e3d6,S3B_OL_1_EFR____20180815T144101_20180815T144401_20240620T202908_0180_011_310_2340_MAR_R_NT_004.SEN3
ace92826-32cd-3b0c-8899-18ed52cbb048,S3A_OL_1_EFR____20220102T153751_20220102T154051_20240604T082207_0179_080_225_2340_MAR_R_NT_004.SEN3
c1a683cb-96a8-4506-82a5-70750fd5ec8c,S3A_OL_1_EFR____20240811T141531_20240811T141831_20240812T161105_0179_115_324_2340_PS1_O_NT_004.SEN3
e8fb8995-47be-3e54-9ba2-9b9675cd73b7,S3B_OL_1_EFR____20180905T153406_20180905T153706_20240620T231134_0179_012_225_2160_MAR_R_NT_004.SEN3
26ffdd94-a80f-304e-8df9-6991a2029a8f,S3A_OL_1_EFR____20210916T135651_20210916T135951_20240603T162055_0179_076_224_2340_MAR_R_NT_004.SEN3
f2a10927-c224-3b77-b071-697519495838,S3B_OL_1_EFR____20220404T151325_20220404T151625_20240523T205720_0179_064_239_2340_MAR_R_NT_004.SEN3
a51aefb9-61f8-3694-bb20-30077f48a1a2,S3B_OL_1_EFR____20230620T155155_20230620T155455_20240627T160457_0179_080_382_2160_MAR_R_NT_004.SEN3
54f5dc8c-8a5a-3e3f-9ad7-d85d7f0118d4,S3B_OL_1_EFR____20190209T152504_20190209T152804_20240525T083223_0179_022_011_2160_MAR_R_NT_004.SEN3
07ca4c72-9591-3ea9-94ce-ba1dbc690bc0,S3B_OL_1_EFR____20210213T143208_20210213T143508_20240526T200336_0179_049_096_2340_MAR_R_NT_004.SEN3
b5a03383-a06c-3ab0-bcc3-7b8115b41eae,S3B_OL_1_EFR____20210712T150644_20210712T150944_20240527T052640_0179_054_296_2160_MAR_R_NT_004.SEN3
338ce924-6bb9-3b00-94d2-147b8cd1d1a6,S3B_OL_1_EFR____20250422T153242_20250422T153542_20250423T161532_0179_105_339_2340_ESA_O_NT_004.SEN3
6392381b-ad58-39e6-af55-049de5103f37,S3A_OL_1_EFR____20181203T152709_20181203T153009_20240531T115030_0179_038_339_2160_MAR_R_NT_004.SEN3
ade20f51-a679-32af-8023-584fd7fef71f,S3B_OL_1_EFR____20191103T150538_20191103T150838_20240526T005101_0179_031_353_2340_MAR_R_NT_004.SEN3
de8685e8-dba7-3647-89fe-519f846323cc,S3A_OL_1_EFR____20231004T140416_20231004T140716_20240919T204811_0180_104_110_2340_MAR_R_NT_004.SEN3
131abc58-3f48-3038-9724-6da32b2297a1,S3A_OL_1_EFR____20190814T140411_20190814T140711_20240601T045451_0179_048_110_2340_MAR_R_NT_004.SEN3
e7cda882-c1eb-3d47-b6c2-f18fe9671b09,S3B_OL_1_EFR____20190612T153916_20190612T154216_20240525T110249_0179_026_225_2340_MAR_R_NT_004.SEN3
368a6bf9-658b-3a68-808f-44bdbc832767,S3B_OL_1_EFR____20220804T154803_20220804T155103_20240524T034551_0179_069_054_2160_MAR_R_NT_004.SEN3
a6e6a415-372f-3d88-ab87-9b94779eeaa0,S3B_OL_1_EFR____20191029T135133_20191029T135433_20240525T230115_0180_031_281_2160_MAR_R_NT_004.SEN3
affbae85-c7d6-3bb3-8e26-eeb70502bc47,S3B_OL_1_EFR____20180519T153451_20180519T153751_20240620T121345_0180_003_196_2340_MAR_R_NT_004.SEN3
05c2829e-d917-3206-b6f8-8d2ac1b19aa7,S3A_OL_1_EFR____20181007T150746_20181007T151046_20240531T070213_0179_036_296_2340_MAR_R_NT_004.SEN3
03c6668e-b912-3cee-8518-a1d21cafc174,S3A_OL_1_EFR____20221123T151135_20221123T151435_20240605T170654_0180_092_239_2340_MAR_R_NT_004.SEN3
3ab6e394-ff1d-3fa8-ad80-09172f06bbc6,S3B_OL_1_EFR____20230802T135900_20230802T140200_20240921T000600_0179_082_224_2340_MAR_R_NT_004.SEN3
bf52a9e6-0b88-31dd-b04d-927429115088,S3B_OL_1_EFR____20230301T153220_20230301T153520_20240527T163931_0179_076_339_2340_MAR_R_NT_004.SEN3
4e42cbee-c045-3d4b-ad79-c18aeed96c39,S3B_OL_1_EFR____20220820T135207_20220820T135507_20240524T034154_0179_069_281_2160_MAR_R_NT_004.SEN3
81ff0744-f199-47d7-8e10-0b691db322c6,S3B_OL_1_EFR____20251202T134431_20251202T134731_20251203T150929_0179_114_067_2340_ESA_O_NT_004.SEN3
01133b20-f38b-333d-a59e-31e184565846,S3A_OL_1_EFR____20180108T141604_20180108T141904_20240530T075659_0179_026_267_2160_MAR_R_NT_004.SEN3
48692dd4-9a45-3d4c-84a5-6bdd21b0897b,S3A_OL_1_EFR____20190606T135302_20190606T135602_20240531T231145_0180_045_281_2340_MAR_R_NT_004.SEN3
e03c4419-b072-3732-8194-ee79ce7948b2,S3B_OL_1_EFR____20190220T135904_20190220T140204_20240525T091954_0179_022_167_2160_MAR_R_NT_004.SEN3
1c06e70a-c420-45a0-b2ea-cb9e900ac5bd,S3A_OL_1_EFR____20250312T153103_20250312T153403_20250313T162119_0180_123_282_2160_PS1_O_NT_004.SEN3
3c09247a-dee4-3d0b-917c-25be63faf6aa,S3B_OL_1_EFR____20200713T140300_20200713T140600_20240526T074513_0179_041_110_2160_MAR_R_NT_004.SEN3
cf1a7126-bf1e-3e9f-9d92-4f2c501d3821,S3A_OL_1_EFR____20240117T152251_20240117T152551_20240920T055908_0179_108_068_2340_MAR_R_NT_004.SEN3
efee0758-d396-3882-81b7-be5fd628904a,S3A_OL_1_EFR____20220529T134243_20220529T134543_20240605T052132_0180_086_010_2160_MAR_R_NT_004.SEN3
48166f86-9977-4812-8f41-b7c99e503e1f,S3A_OL_1_EFR____20250118T150755_20250118T151055_20250119T152948_0180_121_296_2340_PS1_O_NT_004.SEN3
bea3211b-bbec-3b11-a3e4-268c955000e8,S3A_OL_1_EFR____20200525T155332_20200525T155632_20240602T030444_0179_058_325_2160_MAR_R_NT_004.SEN3
64cae9b1-4d65-36e4-b424-681864042e26,S3A_OL_1_EFR____20230329T154221_20230329T154521_20240606T014724_0179_097_111_2160_MAR_R_NT_004.SEN3
3d122aad-f84c-3780-9206-3a3448e396bf,S3B_OL_1_EFR____20200529T151015_20200529T151315_20240526T093828_0179_039_239_2160_MAR_R_NT_004.SEN3
d91a90a9-16cf-35c2-b009-76da0931e4c7,S3B_OL_1_EFR____20250127T135223_20250127T135523_20250128T141622_0179_102_281_2160_ESA_O_NT_004.SEN3
e2932bbe-73b5-3707-acf7-4506a9cd1beb,S3B_OL_1_EFR____20191207T134323_20191207T134623_20240525T230533_0179_033_067_2340_MAR_R_NT_004.SEN3
9d1a69a7-64c8-46f0-9514-242b0e15ed5b,S3A_OL_1_EFR____20250501T153755_20250501T154055_20250502T162559_0179_125_225_2340_PS1_O_NT_004.SEN3
a7a05d4d-c2bf-3377-b9e8-52355e7f81e9,S3B_OL_1_EFR____20240321T152200_20240321T152500_20240921T130325_0180_091_068_2160_MAR_R_NT_004.SEN3
cf2cd192-9299-3b58-8807-6e4981143269,S3B_OL_1_EFR____20230702T140242_20230702T140542_20240627T191001_0179_081_167_2340_MAR_R_NT_004.SEN3
9ff3233a-530d-3103-a2c3-79cf5ef675c7,S3A_OL_1_EFR____20240418T135653_20240418T135953_20240920T133304_0179_111_224_2340_MAR_R_NT_004.SEN3
17f85045-b89f-3420-b143-d51f105f3ae3,S3B_OL_1_EFR____20220430T153640_20220430T153940_20240523T214242_0180_065_225_2160_MAR_R_NT_004.SEN3
9ff99668-70ad-31f4-8c3e-e97e3413a46a,S3B_OL_1_EFR____20220501T151030_20220501T151330_20240523T202924_0179_065_239_2160_MAR_R_NT_004.SEN3
54a41e12-dbaa-3c80-a522-44269fb8602b,S3A_OL_1_EFR____20230226T154600_20230226T154900_20240605T233952_0180_096_054_2160_MAR_R_NT_004.SEN3
c893efc0-2cbf-3643-abd7-58c8742914ee,S3A_OL_1_EFR____20210913T151523_20210913T151823_20240603T162310_0179_076_182_2340_MAR_R_NT_004.SEN3
a1d35eb5-d907-4b78-8f10-0e6397d60b3a,S3A_OL_1_EFR____20250205T153834_20250205T154134_20250206T160736_0179_122_168_2160_PS1_O_NT_004.SEN3
2fc30218-0a8c-31f8-bba2-79923f081c14,S3A_OL_1_EFR____20200827T151602_20200827T151902_20240602T101035_0179_062_125_2160_MAR_R_NT_004.SEN3
aa42e0f0-aace-368a-897e-24e6baefa298,S3A_OL_1_EFR____20211129T151609_20211129T151909_20240604T041811_0179_079_125_2160_MAR_R_NT_004.SEN3
969eba9c-ada5-314a-8e6b-7cc60c14848a,S3A_OL_1_EFR____20210323T134534_20210323T134834_20240603T033243_0179_070_010_2340_MAR_R_NT_004.SEN3
b28cc205-4468-3ca2-9178-0518a7826b7f,S3A_OL_1_EFR____20200911T134917_20200911T135217_20240602T122236_0179_062_338_2340_MAR_R_NT_004.SEN3
fadee9c7-c0ae-3ea9-9e85-c3fc8fa4ecd6,S3A_OL_1_EFR____20200108T134958_20200108T135258_20240601T165747_0179_053_281_2160_MAR_R_NT_004.SEN3
78295774-45bd-3a06-9394-df83ac622b24,S3A_OL_1_EFR____20230708T134235_20230708T134535_20240628T022618_0179_101_010_2160_MAR_R_NT_004.SEN3
40dcb227-e6e6-3c98-9693-deb343a7d77f,S3B_OL_1_EFR____20200825T134802_20200825T135102_20240526T112655_0179_042_338_2160_MAR_R_NT_004.SEN3
10bbcadb-ae84-382e-987e-08000cc2c824,S3B_OL_1_EFR____20240722T135229_20240722T135529_20240921T185822_0179_095_281_2160_MAR_R_NT_004.SEN3
6020be2f-7dc9-3d46-9359-d39d36115766,S3B_OL_1_EFR____20190120T154646_20190120T154946_20240525T065809_0179_021_111_2340_MAR_R_NT_004.SEN3
64e86a96-b2e8-492e-99a1-8976248998bf,S3A_OL_1_EFR____20250617T151914_20250617T152214_20250618T160647_0179_127_125_2340_PS1_O_NT_004.SEN3
885f6801-d9e5-3606-be1c-4e9500d423ec,S3B_OL_1_EFR____20201207T153247_20201207T153547_20240526T145751_0179_046_282_2160_MAR_R_NT_004.SEN3
95bf7820-bcca-3f5d-9d97-0affa8c04bff,S3A_OL_1_EFR____20180613T151515_20180613T151815_20240530T220113_0179_032_182_2340_MAR_R_NT_004.SEN3
c8e869b3-7cdb-3fdd-9698-07083398ff1c,S3A_OL_1_EFR____20180304T135253_20180304T135553_20240530T125753_0179_028_281_2340_MAR_R_NT_004.SEN3
534b3798-ea9a-3db6-9dfa-68e02974ad57,S3B_OL_1_EFR____20230222T151339_20230222T151639_20240527T163642_0179_076_239_2340_MAR_R_NT_004.SEN3
20ef25a4-a5c0-33f2-b7d8-9b0a730dc9ec,S3B_OL_1_EFR____20220319T152522_20220319T152822_20240523T195341_0179_064_011_2160_MAR_R_NT_004.SEN3
9a4c68a0-9657-3c06-9404-83bed6158312,S3B_OL_1_EFR____20230401T152534_20230401T152834_20240527T163741_0179_078_011_2160_MAR_R_NT_004.SEN3
53155e10-74d5-4cac-9696-1de9afb1f450,S3A_OL_1_EFR____20250813T154140_20250813T154440_20250814T163156_0179_129_168_2340_PS1_O_NT_004.SEN3
effaf7b4-0978-35c9-9173-7ff8f61d787e,S3A_OL_1_EFR____20190506T153446_20190506T153746_20240531T215328_0179_044_225_2160_MAR_R_NT_004.SEN3
b1117480-93c2-3d2a-89cb-aee67558943e,S3B_OL_1_EFR____20230517T153609_20230517T153909_20240527T201045_0179_079_282_2340_MAR_R_NT_004.SEN3
9aab8967-a397-33b0-824f-cccb511cd46d,S3A_OL_1_EFR____20180909T135253_20180909T135553_20240531T053432_0179_035_281_2340_MAR_R_NT_004.SEN3
30f62aa8-d621-3ec3-a7e1-3d6a9f337a56,S3B_OL_1_EFR____20201226T135916_20201226T140216_20240526T182209_0179_047_167_2160_MAR_R_NT_004.SEN3
284e2e59-2ebd-39f9-b73d-42dd491cb80a,S3A_OL_1_EFR____20181003T151130_20181003T151430_20240531T073151_0179_036_239_2340_MAR_R_NT_004.SEN3
0dacb1cf-a8dd-4b7e-a0b5-f4ebe4f0ea9a,S3B_OL_1_EFR____20240802T141028_20240802T141328_20240802T222326_0179_096_053_2340_PS2_O_NT_004.SEN3
37656271-86b6-450f-bd89-c60be5f65925,S3A_OL_1_EFR____20250319T154947_20250319T155247_20250320T164330_0179_123_382_2160_PS1_O_NT_004.SEN3
f7ba488e-7716-3c60-86e4-5aaf7b9d47f5,S3B_OL_1_EFR____20201201T145054_20201201T145354_20240526T170426_0179_046_196_2340_MAR_R_NT_004.SEN3
83fd96dc-1404-4889-98fd-9a64ebef3fda,S3A_OL_1_EFR____20250618T145304_20250618T145604_20250619T154333_0179_127_139_2340_PS1_O_NT_004.SEN3
1f758219-8e87-38b9-84c9-62ee4197a1dd,S3B_OL_1_EFR____20211023T135835_20211023T140135_20240527T095551_0179_058_224_2340_MAR_R_NT_004.SEN3
c9dfc927-8a77-3979-b519-5de843a97003,S3A_OL_1_EFR____20191022T141227_20191022T141527_20240601T111919_0179_050_324_2160_MAR_R_NT_004.SEN3
7233a07b-daad-36ae-9121-399c83d90917,S3A_OL_1_EFR____20210505T151143_20210505T151443_20240603T063059_0179_071_239_2340_MAR_R_NT_004.SEN3
096c088a-945e-463b-945b-ffbd319060bf,S3A_OL_1_EFR____20240817T145723_20240817T150023_20240818T152305_0179_116_025_2160_PS1_O_NT_004.SEN3
1f151b9c-1207-3804-957c-e80c1169c45a,S3A_OL_1_EFR____20211120T154949_20211120T155249_20240604T041229_0179_078_382_2160_MAR_R_NT_004.SEN3
0ecdd5e0-71f8-39ba-aeae-a63b2e50de64,S3B_OL_1_EFR____20190721T134407_20190721T134707_20240525T154447_0180_028_010_2160_MAR_R_NT_004.SEN3
ee037073-89e6-3892-9d10-9612c39f31ac,S3B_OL_1_EFR____20240606T134758_20240606T135058_20240921T162456_0179_094_010_2340_MAR_R_NT_004.SEN3
0f32ee0a-4b90-3cf6-bb9c-c7abf70bd603,S3B_OL_1_EFR____20250507T140259_20250507T140559_20250508T151416_0179_106_167_2340_ESA_O_NT_004.SEN3
a45adec9-95d8-35d5-9720-c7730eadf9db,S3B_OL_1_EFR____20250515T153331_20250515T153631_20250516T162216_0179_106_282_2160_ESA_O_NT_004.SEN3
30215264-e2e5-3452-a79e-0c8c44de1c98,S3A_OL_1_EFR____20200626T134536_20200626T134836_20240602T061959_0179_060_010_2340_MAR_R_NT_004.SEN3
6a37ac2d-6e62-32d1-869e-f39bec2bfc0f,S3A_OL_1_EFR____20190421T134532_20190421T134832_20240531T205444_0179_044_010_2340_MAR_R_NT_004.SEN3
dd662c7f-7379-32f7-941f-dcd58ee80605,S3B_OL_1_EFR____20210313T140300_20210313T140600_20240526T200931_0180_050_110_2160_MAR_R_NT_004.SEN3
cc9e5af6-b9f7-3a3a-ba66-4e436c35125e,S3A_OL_1_EFR____20210612T152641_20210612T152941_20240603T093756_0179_073_011_2340_MAR_R_NT_004.SEN3
b0c443fd-6ff1-38a5-b336-89800ec911d3,S3A_OL_1_EFR____20220202T135012_20220202T135312_20240604T205021_0179_081_281_2160_MAR_R_NT_004.SEN3
d3c2cf31-76a0-3d50-b273-e26bc704d769,S3B_OL_1_EFR____20230905T141740_20230905T142040_20240921T002947_0179_083_324_2340_MAR_R_NT_004.SEN3
8088ebce-ccbc-3891-b8d8-b68935c6ea01,S3A_OL_1_EFR____20201012T152334_20201012T152634_20240602T134342_0179_064_011_2160_MAR_R_NT_004.SEN3
7ebd5c2b-a2be-3352-9f10-9c826c9a773a,S3B_OL_1_EFR____20181105T135309_20181105T135609_20240621T055932_0179_016_324_2160_MAR_R_NT_004.SEN3
a56d267a-a800-30d2-acd0-8a78760953d2,S3B_OL_1_EFR____20200603T144321_20200603T144621_20240526T085523_0179_039_310_2340_MAR_R_NT_004.SEN3
220df157-4c9d-35f6-b396-980280138a95,S3A_OL_1_EFR____20240113T134536_20240113T134836_20240920T043658_0179_108_010_2340_MAR_R_NT_004.SEN3
63cb052a-0055-3577-9673-c8799fd80b10,S3B_OL_1_EFR____20210922T135924_20210922T140224_20240527T061213_0179_057_167_2160_MAR_R_NT_004.SEN3
526770b5-66ca-3d42-a194-235ac1a066f8,S3B_OL_1_EFR____20191231T150155_20191231T150455_20240525T231126_0179_034_025_2340_MAR_R_NT_004.SEN3
313e9b04-ba49-3725-a75d-9d42ca900c56,S3A_OL_1_EFR____20190918T153742_20190918T154042_20240601T082014_0179_049_225_2340_MAR_R_NT_004.SEN3
cec9e55b-52b3-3904-a74b-67089a8f463f,S3A_OL_1_EFR____20210816T154135_20210816T154435_20240603T153742_0179_075_168_2340_MAR_R_NT_004.SEN3
b7825918-7991-3596-bda5-419c73d6ef7c,S3B_OL_1_EFR____20210128T144706_20210128T145006_20240526T182637_0179_048_253_2340_MAR_R_NT_004.SEN3
3b1d55af-c5d1-3daf-a7c5-6c706698b1f5,S3A_OL_1_EFR____20221203T140844_20221203T141144_20240605T173132_0179_092_381_2160_MAR_R_NT_004.SEN3
fbee652a-4bb8-499b-8184-54e1c078d51c,S3A_OL_1_EFR____20250509T134628_20250509T134928_20250510T143644_0179_125_338_2160_PS1_O_NT_004.SEN3
80093612-89d1-36ee-8519-934fe9387006,S3B_OL_1_EFR____20201025T140643_20201025T140943_20240526T155305_0179_045_053_2160_MAR_R_NT_004.SEN3
6670f060-59ad-3e0b-a96d-83b43096abe3,S3A_OL_1_EFR____20220125T153840_20220125T154140_20240604T213444_0179_081_168_2160_MAR_R_NT_004.SEN3
142c0253-3aec-358a-b11c-236d152488d4,S3B_OL_1_EFR____20230829T135559_20230829T135859_20240921T005636_0179_083_224_2160_MAR_R_NT_004.SEN3
ae0a39b1-c392-326e-b733-0d57c7ee95ca,S3B_OL_1_EFR____20240126T154810_20240126T155110_20240921T091307_0179_089_054_2160_MAR_R_NT_004.SEN3
681ae723-2b61-3186-bb57-3ccefb2181e3,S3A_OL_1_EFR____20220825T140116_20220825T140416_20240605T122023_0179_089_110_2160_MAR_R_NT_004.SEN3
4453e8d4-cc39-3080-beef-68a1b5e8e334,S3B_OL_1_EFR____20190213T134320_20190213T134620_20240525T094036_0179_022_067_2340_MAR_R_NT_004.SEN3
8f1b325d-c964-372b-8349-5905d3919ad8,S3A_OL_1_EFR____20180210T150059_20180210T150359_20240530T110025_0179_027_353_2160_MAR_R_NT_004.SEN3
de800287-79a8-30ef-bf24-af0720ed4373,S3A_OL_1_EFR____20210516T152641_20210516T152941_20240603T074628_0180_072_011_2340_MAR_R_NT_004.SEN3
7111658d-a068-3487-b54b-1ad58fe9de1f,S3B_OL_1_EFR____20200717T154315_20200717T154615_20240526T101517_0179_041_168_2340_MAR_R_NT_004.SEN3
1ec3f936-3f1f-3e2a-9f86-a449b3b2ed75,S3A_OL_1_EFR____20190502T154130_20190502T154430_20240531T205405_0179_044_168_2340_MAR_R_NT_004.SEN3
6019790e-d977-3cce-bf90-5b160a2dfc9c,S3A_OL_1_EFR____20200208T153014_20200208T153314_20240601T201751_0179_054_339_2340_MAR_R_NT_004.SEN3
60c5aa94-ce4e-496a-a618-04e77d7ddb4e,S3A_OL_1_EFR____20250415T141153_20250415T141453_20250416T145449_0179_124_381_2340_PS1_O_NT_004.SEN3
9ccfe86f-f35b-3721-bb58-5e6488898b1c,S3B_OL_1_EFR____20181020T142529_20181020T142829_20240621T032147_0179_015_096_2160_MAR_R_NT_004.SEN3
169b6f4d-a194-34b4-8054-a03fb2f19e39,S3B_OL_1_EFR____20201002T154355_20201002T154655_20240526T114702_0179_044_111_2160_MAR_R_NT_004.SEN3
c3480130-0f7c-3da1-8d52-83f6a5298b95,S3A_OL_1_EFR____20210524T151611_20210524T151911_20240603T084159_0179_072_125_2160_MAR_R_NT_004.SEN3
b82ed892-4cf4-3830-a175-60a85a21f85f,S3A_OL_1_EFR____20181102T153057_20181102T153357_20240531T093315_0179_037_282_2160_MAR_R_NT_004.SEN3
f107412a-9787-3209-bcc1-25fb45bb1edf,S3B_OL_1_EFR____20181021T135859_20181021T140159_20240621T015048_0179_015_110_2160_MAR_R_NT_004.SEN3
a90519d8-e0b6-38e4-b2be-ce821441f2b3,S3A_OL_1_EFR____20231116T152715_20231116T153015_20240920T005751_0179_105_339_2160_MAR_R_NT_004.SEN3
6cb9bbee-8181-3984-9875-c0575159e6fe,S3B_OL_1_EFR____20240622T151359_20240622T151659_20240921T175012_0179_094_239_2340_MAR_R_NT_004.SEN3
bbbc7a44-c21c-3219-9430-7403bae9aa4c,S3A_OL_1_EFR____20200715T153104_20200715T153404_20240602T073032_0179_060_282_2160_MAR_R_NT_004.SEN3
3cb11436-2944-3765-9995-48a00d6e2503,S3A_OL_1_EFR____20200313T154554_20200313T154854_20240601T220749_0179_056_054_2160_MAR_R_NT_004.SEN3
64c82789-f4b5-340b-b792-f3970337bd3d,S3A_OL_1_EFR____20200826T154513_20200826T154813_20240602T100614_0179_062_111_2340_MAR_R_NT_004.SEN3
9c30340f-73cd-3030-8da3-2952ee39d094,S3A_OL_1_EFR____20240724T151952_20240724T152252_20240920T201141_0179_115_068_2160_MAR_R_NT_004.SEN3
48c314b8-be11-3ba0-a19e-eb52827d014f,S3A_OL_1_EFR____20221007T152720_20221007T153020_20240605T143226_0179_090_339_2160_MAR_R_NT_004.SEN3
ceca7c05-433f-397b-be64-3337da9da7a5,S3A_OL_1_EFR____20230123T153020_20230123T153320_20240605T212604_0179_094_339_2340_MAR_R_NT_004.SEN3
dcaeeae9-ee66-3afd-8549-3797ee243c8a,S3A_OL_1_EFR____20220129T135356_20220129T135656_20240604T213044_0179_081_224_2160_MAR_R_NT_004.SEN3
5487d602-1e50-3b45-a04a-ee1e9a02731a,S3A_OL_1_EFR____20231228T135733_20231228T140033_20240920T033043_0179_107_167_2160_MAR_R_NT_004.SEN3
60d0c724-e068-3272-8c08-f9a07832c438,S3A_OL_1_EFR____20240619T152724_20240619T153024_20240920T184217_0179_113_339_2160_MAR_R_NT_004.SEN3
a3003287-984d-4626-91a4-30654b9ad849,S3A_OL_1_EFR____20251022T134544_20251022T134844_20251023T144137_0180_132_010_2340_PS1_O_NT_004.SEN3
73b1fa8e-0c00-3ce2-baa7-ebef1d83de43,S3B_OL_1_EFR____20240610T134414_20240610T134714_20240921T171521_0180_094_067_2340_MAR_R_NT_004.SEN3
7fbafee3-d8e4-37eb-a7a6-dc4d5344a825,S3A_OL_1_EFR____20231016T153100_20231016T153400_20240919T211641_0179_104_282_2160_MAR_R_NT_004.SEN3
7a14dd76-3e5f-3919-afae-efd99cefc428,S3B_OL_1_EFR____20211121T144415_20211121T144715_20240527T085000_0179_059_253_2160_MAR_R_NT_004.SEN3
a73eddf1-0882-38b2-8959-95100b862a23,S3B_OL_1_EFR____20200706T152817_20200706T153117_20240526T083645_0179_041_011_2340_MAR_R_NT_004.SEN3
1e777a8c-5879-4b8f-b9c8-0b825a311c03,S3A_OL_1_EFR____20240730T142646_20240730T142946_20240731T144842_0179_115_153_2340_PS1_O_NT_004.SEN3
89a98c57-8144-3d14-9e0f-1dab925fb35a,S3A_OL_1_EFR____20180327T153737_20180327T154037_20240530T150802_0179_029_225_2340_MAR_R_NT_004.SEN3
42fc05e3-b172-3b8a-abf3-cd42e8952a8d,S3A_OL_1_EFR____20220405T134542_20220405T134842_20240605T013246_0180_084_010_2340_MAR_R_NT_004.SEN3
b3d73d5a-0854-3320-b1f8-230740a4b8b1,S3A_OL_1_EFR____20211105T135736_20211105T140036_20240604T030935_0179_078_167_2160_MAR_R_NT_004.SEN3
dc02c970-a5e0-34b7-8654-b767247fc8df,S3B_OL_1_EFR____20191010T152502_20191010T152802_20240525T190838_0179_031_011_2160_MAR_R_NT_004.SEN3
a89057cc-93d5-370c-81c5-feefe4e46a87,S3B_OL_1_EFR____20220311T153251_20220311T153551_20240523T172205_0179_063_282_2160_MAR_R_NT_004.SEN3
71015319-d8b8-3efc-b1d2-09b33157ee1f,S3B_OL_1_EFR____20180821T134453_20180821T134753_20240620T212639_0179_012_010_2340_MAR_R_NT_004.SEN3
81a53536-5b73-3464-aa79-d67a0a2c4dbb,S3A_OL_1_EFR____20201008T134919_20201008T135219_20240602T132237_0179_063_338_2340_MAR_R_NT_004.SEN3
f396948a-a301-35a3-af63-3efda157055e,S3A_OL_1_EFR____20190711T134233_20190711T134533_20240601T023432_0179_047_010_2160_MAR_R_NT_004.SEN3
a95d25ef-84fc-3010-a153-b23fb9e5162b,S3A_OL_1_EFR____20180206T150743_20180206T151043_20240530T114325_0179_027_296_2340_MAR_R_NT_004.SEN3
17e98ef6-a2da-352c-a146-b3e839b20c9a,S3A_OL_1_EFR____20230606T155333_20230606T155633_20240628T021808_0179_099_325_2160_MAR_R_NT_004.SEN3
779d05fc-2289-30f6-846a-15d7b85349d9,S3B_OL_1_EFR____20250612T151024_20250612T151324_20250613T150043_0179_107_296_2340_ESA_O_NT_004.SEN3
836705c8-5d61-332f-99cc-737a8feca16a,S3A_OL_1_EFR____20221122T135346_20221122T135646_20240605T170703_0179_092_224_2160_MAR_R_NT_004.SEN3
ee68485e-9e3b-40ba-aefa-6a581c6d96be,S3B_OL_1_EFR____20241212T134759_20241212T135059_20241212T220455_0179_101_010_2340_PS2_O_NT_004.SEN3
b70a3811-16c7-330c-ab4e-21a6ad1030c4,S3A_OL_1_EFR____20200618T135304_20200618T135604_20240602T053842_0179_059_281_2340_MAR_R_NT_004.SEN3
f2b4bff7-9e58-316a-93be-ba538034d65e,S3A_OL_1_EFR____20201128T150747_20201128T151047_20240602T183039_0179_065_296_2340_MAR_R_NT_004.SEN3
07ebce8c-4550-3e52-b607-dceb88f192b4,S3B_OL_1_EFR____20240706T154825_20240706T155125_20240921T180740_0179_095_054_2160_MAR_R_NT_004.SEN3
e0fa6fb0-045d-3014-a2ce-2efbcc27c5cf,S3B_OL_1_EFR____20180719T144104_20180719T144404_20240620T180233_0179_010_310_2340_MAR_R_NT_004.SEN3
d4ffb7eb-a791-38e8-a48c-6f36f0fe8b9b,S3B_OL_1_EFR____20240502T153621_20240502T153921_20240921T153925_0179_092_282_2340_MAR_R_NT_004.SEN3
9e344336-2f88-37f3-88c3-be5fd1d276db,S3A_OL_1_EFR____20180411T154553_20180411T154853_20240530T160808_0179_030_054_2160_MAR_R_NT_004.SEN3
fcf843a5-7793-385c-b1a3-16df9ae6c510,S3A_OL_1_EFR____20190906T154554_20190906T154854_20240601T065250_0179_049_054_2160_MAR_R_NT_004.SEN3
b465bee1-4392-396b-8a6c-6fab6304e197,S3B_OL_1_EFR____20240522T151740_20240522T152040_20240921T170112_0179_093_182_2340_MAR_R_NT_004.SEN3
ff6bdba6-558f-332e-8d53-536c42a81653,S3A_OL_1_EFR____20240228T135004_20240228T135304_20240920T082452_0179_109_281_2160_MAR_R_NT_004.SEN3
6067b9fe-4987-3bc1-be4d-bccb372d27fd,S3A_OL_1_EFR____20231205T153443_20231205T153743_20240920T021222_0179_106_225_2160_MAR_R_NT_004.SEN3
af52fdff-d0f7-394f-9252-4ac9c199bbee,S3B_OL_1_EFR____20230102T135505_20230102T135805_20240527T125200_0180_074_281_2340_MAR_R_NT_004.SEN3
d1c0d179-5928-3f89-824a-c098669920d1,S3A_OL_1_EFR____20240403T134237_20240403T134537_20240920T105416_0179_111_010_2160_MAR_R_NT_004.SEN3
0a8e2d32-4ee2-3665-9c1d-f994239e5d27,S3B_OL_1_EFR____20240506T153237_20240506T153537_20240921T162215_0179_092_339_2340_MAR_R_NT_004.SEN3
9ffca047-cc1e-3d43-9191-6a60c25050da,S3B_OL_1_EFR____20190221T151652_20190221T151952_20240525T075905_0180_022_182_2340_MAR_R_NT_004.SEN3
de485adb-dd00-32ad-a243-a9eca3e5a6ef,S3B_OL_1_EFR____20210922T154323_20210922T154623_20240527T072531_0179_057_168_2340_MAR_R_NT_004.SEN3
7ad7af30-3499-3893-9849-9edb912a3f9a,S3A_OL_1_EFR____20200808T151136_20200808T151436_20240602T091715_0179_061_239_2340_MAR_R_NT_004.SEN3
0acf002c-7029-39f8-832f-825d0ef77bde,S3B_OL_1_EFR____20200925T152814_20200925T153114_20240526T113106_0179_044_011_2340_MAR_R_NT_004.SEN3
ece747a9-eee9-3987-958e-9a7216b5c8b5,S3B_OL_1_EFR____20191021T140200_20191021T140500_20240525T191738_0179_031_167_2340_MAR_R_NT_004.SEN3
8cf7d90b-9e80-3a2b-b30b-6df860f9f585,S3B_OL_1_EFR____20221010T151335_20221010T151635_20240524T061553_0179_071_239_2340_MAR_R_NT_004.SEN3
8ee62f6f-0000-32a3-8c64-4d2269a8afe4,S3B_OL_1_EFR____20230328T153219_20230328T153519_20240527T202041_0179_077_339_2340_MAR_R_NT_004.SEN3
b08e9784-7eff-3d7d-b413-efc26a4964ad,S3B_OL_1_EFR____20220204T140218_20220204T140518_20240523T163315_0179_062_167_2340_MAR_R_NT_004.SEN3
14bca531-3dbc-3bdf-99af-b1fc826aca79,S3A_OL_1_EFR____20200930T135348_20200930T135648_20240602T124144_0179_063_224_2160_MAR_R_NT_004.SEN3
aedde5fa-2387-3047-9a38-83d9ffc4e065,S3B_OL_1_EFR____20191207T152422_20191207T152722_20240525T193933_0179_033_068_2340_MAR_R_NT_004.SEN3
1e9d2440-d349-3367-b438-dce7e4401faa,S3B_OL_1_EFR____20240517T154735_20240517T155035_20240921T145347_0179_093_111_2340_MAR_R_NT_004.SEN3
86edccaa-aa1e-39f2-943a-7954fd1a736b,S3A_OL_1_EFR____20211214T134921_20211214T135221_20240604T064222_0179_079_338_2340_MAR_R_NT_004.SEN3
6781f448-3934-3c1f-9e2b-91579778d936,S3A_OL_1_EFR____20190309T140023_20190309T140323_20240531T172354_0179_042_167_2340_MAR_R_NT_004.SEN3
eb393099-e0eb-3c73-b53b-e841f5eef350,S3A_OL_1_EFR____20240604T151612_20240604T151912_20240920T155923_0179_113_125_2160_MAR_R_NT_004.SEN3
b6283b6b-e4e4-3994-8cf8-bd7197ee3f60,S3B_OL_1_EFR____20181010T134542_20181010T134842_20240621T032300_0179_013_338_2160_MAR_R_NT_004.SEN3
fdc1bccf-231e-4248-a344-cf923c80ca28,S3A_OL_1_EFR____20251022T152643_20251022T152943_20251023T162245_0179_132_011_2340_PS1_O_NT_004.SEN3
d9622b10-282a-3e27-a5af-15cd68dc3e26,S3B_OL_1_EFR____20221118T150225_20221118T150525_20240524T082648_0179_073_025_2340_MAR_R_NT_004.SEN3
6c3168e0-006d-383b-a24b-0f7cd22574ba,S3A_OL_1_EFR____20191003T140758_20191003T141058_20240601T091935_0179_050_053_2340_MAR_R_NT_004.SEN3
bd16cf89-5830-3f11-a462-ae50b0b42087,S3A_OL_1_EFR____20240615T153109_20240615T153409_20240920T175732_0179_113_282_2160_MAR_R_NT_004.SEN3
4624d9d5-2922-3088-9379-c720ebbad0a0,S3B_OL_1_EFR____20211212T154322_20211212T154622_20240527T094240_0179_060_168_2340_MAR_R_NT_004.SEN3
c6e9ca1a-d991-3591-a4f9-fd97eb4c6fdf,S3B_OL_1_EFR____20191105T155115_20191105T155415_20240525T191200_0180_031_382_2160_MAR_R_NT_004.SEN3
cf182217-c2ce-3cdc-8f05-5c5f508acc3c,S3A_OL_1_EFR____20230103T154600_20230103T154900_20240605T200634_0179_094_054_2160_MAR_R_NT_004.SEN3
7c20785e-dfb3-40e3-8b5f-aef669fe2c79,S3A_OL_1_EFR____20240830T141957_20240830T142257_20240831T144255_0179_116_210_2160_PS1_O_NT_004.SEN3
fa66333d-5636-3b13-bcb4-1866445836df,S3B_OL_1_EFR____20250414T135911_20250414T140211_20250415T151041_0179_105_224_2340_ESA_O_NT_004.SEN3
cca713c0-3f19-3e50-80f9-629850f4429a,S3B_OL_1_EFR____20230320T135849_20230320T140149_20240527T144755_0179_077_224_2340_MAR_R_NT_004.SEN3
4fa4eaf1-7838-336f-8c13-85c7132740aa,S3B_OL_1_EFR____20180720T141453_20180720T141753_20240620T163806_0179_010_324_2340_MAR_R_NT_004.SEN3
07fff741-0fa5-34ee-9fbb-76ce85d8735a,S3A_OL_1_EFR____20210612T134242_20210612T134542_20240603T101226_0179_073_010_2160_MAR_R_NT_004.SEN3
7bff66e1-9e7a-3202-bb77-82a52934d9e4,S3B_OL_1_EFR____20240223T152502_20240223T152802_20240921T101314_0179_090_068_2340_MAR_R_NT_004.SEN3
a23a1beb-fa6f-37b6-80a9-1b2de8789862,S3A_OL_1_EFR____20220404T140853_20220404T141153_20240605T012752_0179_083_381_2160_MAR_R_NT_004.SEN3
cf756bff-ca8c-4b53-8daf-d43e2c744958,S3B_OL_1_EFR____20240814T135912_20240814T140212_20240814T221433_0179_096_224_2340_PS2_O_NT_004.SEN3
e43affe4-74db-3771-8566-7e86741854ae,S3A_OL_1_EFR____20191018T141911_20191018T142211_20240601T102506_0179_050_267_2340_MAR_R_NT_004.SEN3
fd9823ee-e2ca-3eba-9a8a-d28a9b445eae,S3B_OL_1_EFR____20220828T152537_20220828T152837_20240524T032620_0179_070_011_2160_MAR_R_NT_004.SEN3
1a9c25f8-f1a2-38b4-8aea-20191d8c0b9e,S3B_OL_1_EFR____20200210T135817_20200210T140117_20240526T040737_0179_035_224_2340_MAR_R_NT_004.SEN3
0abf1174-4628-35cd-98c7-35eb4892070e,S3A_OL_1_EFR____20230825T143836_20230825T144136_20240919T172633_0179_102_310_2160_MAR_R_NT_004.SEN3
6a02b04b-0cac-4eb4-840e-cae4c48c86dd,S3B_OL_1_EFR____20241231T135526_20241231T135826_20241231T220155_0179_101_281_2340_PS2_O_NT_004.SEN3
8dc88aa6-8a72-32be-bedc-a38b9d67781c,S3B_OL_1_EFR____20220724T153606_20220724T153906_20240524T021720_0179_068_282_2340_MAR_R_NT_004.SEN3
a9173476-c802-3a22-9112-4f51e5f141bf,S3B_OL_1_EFR____20210708T151029_20210708T151329_20240527T035331_0179_054_239_2160_MAR_R_NT_004.SEN3
d8b290f9-f68e-3124-a026-fac38f1a08eb,S3A_OL_1_EFR____20201223T141910_20201223T142210_20240602T203341_0179_066_267_2340_MAR_R_NT_004.SEN3
338fbf99-44d3-41d4-9851-6eac39f98bbf,S3B_OL_1_EFR____20251101T134512_20251101T134812_20251102T141850_0179_113_010_2160_ESA_O_NT_004.SEN3
e47ded1a-b789-4e31-bfc6-a0d137785175,S3A_OL_1_EFR____20251107T150846_20251107T151146_20251108T161756_0179_132_239_2160_PS1_O_NT_004.SEN3
f531feac-d1c7-3446-b5e7-b16213e29293,S3B_OL_1_EFR____20230528T154808_20230528T155108_20240527T215540_0179_080_054_2160_MAR_R_NT_004.SEN3
1b5fe2f8-b8d3-30fe-beb1-3cb011425a86,S3B_OL_1_EFR____20240325T151815_20240325T152115_20240921T115946_0179_091_125_2160_MAR_R_NT_004.SEN3
1381335f-b585-3ef8-80ac-d5c9ece72bd3,S3B_OL_1_EFR____20240207T135859_20240207T140159_20240921T084013_0179_089_224_2340_MAR_R_NT_004.SEN3
ce0866c0-90be-34dc-9c6e-6611d01355f1,S3A_OL_1_EFR____20200711T135349_20200711T135649_20240602T071957_0179_060_224_2160_MAR_R_NT_004.SEN3
d6a5f7c5-5bee-35ca-ab5d-3bc60e15dd6e,S3B_OL_1_EFR____20191230T152506_20191230T152806_20240525T210805_0179_034_011_2160_MAR_R_NT_004.SEN3
bf4058be-bc72-4462-94b1-403a27e4d384,S3B_OL_1_EFR____20240730T152900_20240730T153200_20240731T075723_0179_096_011_2340_PS2_O_NT_004.SEN3
51b78d06-687d-39de-8737-8c013723e8d7,S3B_OL_1_EFR____20220801T152537_20220801T152837_20240524T015256_0179_069_011_2160_MAR_R_NT_004.SEN3
39904ed0-03e5-3617-80a1-81c4d4af178f,S3B_OL_1_EFR____20230525T152842_20230525T153142_20240527T230028_0179_080_011_2340_MAR_R_NT_004.SEN3
3b221891-aab5-3629-9c6b-9a920a09fdaf,S3B_OL_1_EFR____20210629T140309_20210629T140609_20240527T021428_0179_054_110_2160_MAR_R_NT_004.SEN3
492f79e7-4711-30b5-baf6-f526585f81e1,S3A_OL_1_EFR____20220202T153111_20220202T153411_20240604T213722_0179_081_282_2160_MAR_R_NT_004.SEN3
a52ab83e-1de5-43b0-b371-cf8bd7708efb,S3A_OL_1_EFR____20251114T153026_20251114T153326_20251115T162345_0180_132_339_2340_PS1_O_NT_004.SEN3
8a4bef49-2aaa-357f-89a6-0c4aaabedc14,S3A_OL_1_EFR____20191212T135254_20191212T135554_20240601T153459_0179_052_281_2340_MAR_R_NT_004.SEN3
d8bb0f18-1e22-302c-a02c-2e1c6c44e5fc,S3A_OL_1_EFR____20200611T151522_20200611T151822_20240602T043708_0180_059_182_2340_MAR_R_NT_004.SEN3
f0b11ced-3fec-3d31-aaca-f3c17cda8971,S3A_OL_1_EFR____20181214T154205_20181214T154505_20240531T114650_0179_039_111_2160_MAR_R_NT_004.SEN3
7fb5db75-9853-41dd-b9b2-982a2e5a4d05,S3A_OL_1_EFR____20241112T140116_20241112T140416_20241113T142404_0179_119_110_2160_PS1_O_NT_004.SEN3
338cf9d9-58ac-376d-90b1-b90b4b5a6618,S3B_OL_1_EFR____20190331T153155_20190331T153455_20240525T115110_0179_023_339_2340_MAR_R_NT_004.SEN3
08b67a59-45f0-3192-848a-d5077ed27f00,S3B_OL_1_EFR____20190805T153919_20190805T154219_20240525T150025_0179_028_225_2340_MAR_R_NT_004.SEN3
3d4e26aa-f926-3a4c-8661-ae37aa71e739,S3B_OL_1_EFR____20190501T152810_20190501T153110_20240525T102949_0179_025_011_2340_MAR_R_NT_004.SEN3
ac7478aa-736e-3ab6-bc81-6137444413d5,S3A_OL_1_EFR____20240422T153107_20240422T153407_20240920T124035_0179_111_282_2160_MAR_R_NT_004.SEN3
fdddcbef-4b4c-3bfe-aebd-763e5471261c,S3B_OL_1_EFR____20240510T134454_20240510T134754_20240921T162356_0179_093_010_2160_MAR_R_NT_004.SEN3
68736d20-198e-3885-8155-e162e3da4555,S3A_OL_1_EFR____20230430T151527_20230430T151827_20240606T040954_0179_098_182_2340_MAR_R_NT_004.SEN3
dd45d7e0-f669-3254-8ff6-c989251fe7c4,S3B_OL_1_EFR____20191014T134317_20191014T134617_20240525T191517_0179_031_067_2340_MAR_R_NT_004.SEN3
a1d3178d-72d0-3c47-86b1-519d8690c87c,S3A_OL_1_EFR____20231008T153831_20231008T154131_20240919T221759_0180_104_168_2160_MAR_R_NT_004.SEN3
d3406212-c2f2-3265-b9c8-160cceed81cb,S3B_OL_1_EFR____20220315T153206_20220315T153506_20240523T191253_0179_063_339_2340_MAR_R_NT_004.SEN3
0ce52265-3b33-3c05-b8b7-fac986c5fa44,S3B_OL_1_EFR____20210111T152517_20210111T152817_20240526T201400_0179_048_011_2160_MAR_R_NT_004.SEN3
6ca386c5-29f4-3644-844c-c2c4e1d4f184,S3A_OL_1_EFR____20190402T151600_20190402T151900_20240531T193957_0179_043_125_2160_MAR_R_NT_004.SEN3
4c8bbad6-bbdf-3706-8eed-6b1e2c02b568,S3B_OL_1_EFR____20210711T153255_20210711T153555_20240527T030059_0179_054_282_2160_MAR_R_NT_004.SEN3
196eb705-0996-425f-8f07-a09fadeffce1,S3B_OL_1_EFR____20250808T135156_20250808T135456_20250809T141620_0179_109_338_2340_ESA_O_NT_004.SEN3
d86ece79-cee4-3c15-93b3-43ff9a520db1,S3A_OL_1_EFR____20181002T135341_20181002T135641_20240531T064933_0179_036_224_2160_MAR_R_NT_004.SEN3
b82e6d05-2ffc-32f4-98ac-f2600596ef9c,S3A_OL_1_EFR____20220305T153023_20220305T153323_20240605T002957_0179_082_339_2340_MAR_R_NT_004.SEN3
8e13b41b-8002-3fdc-af35-a1e66e0fc7d2,S3B_OL_1_EFR____20250511T153715_20250511T154015_20250512T153404_0180_106_225_2160_ESA_O_NT_004.SEN3
e6d7d33a-3bc8-4080-97ba-2cd6c469ab66,S3B_OL_1_EFR____20250902T144419_20250902T144719_20250903T154001_0180_110_310_2340_ESA_O_NT_004.SEN3
9e34ceae-26fb-3c12-8096-1727a05f1d8a,S3A_OL_1_EFR____20220814T152720_20220814T153020_20240605T120030_0179_088_339_2160_MAR_R_NT_004.SEN3
cecafb8f-f04c-3bc4-8d50-c95c0a5fac34,S3B_OL_1_EFR____20210904T150946_20210904T151246_20240527T050122_0179_056_296_2340_MAR_R_NT_004.SEN3
da1c9328-50f2-424b-8c2b-c10f060a94a7,S3B_OL_1_EFR____20241220T151828_20241220T152128_20241221T080558_0179_101_125_2160_PS2_O_NT_004.SEN3
fa80ed03-4fbe-36d6-97b6-9fa870ebf431,S3B_OL_1_EFR____20220110T145058_20220110T145358_20240523T143114_0179_061_196_2340_MAR_R_NT_004.SEN3
fc3a3f33-7d02-33b7-b844-cd8a7a5ff0e2,S3A_OL_1_EFR____20231002T145637_20231002T145937_20240919T204723_0179_104_082_2340_MAR_R_NT_004.SEN3
eaa33ebb-a9af-3fce-b1c9-9bacd31fdf8c,S3A_OL_1_EFR____20190610T153016_20190610T153316_20240531T232604_0179_045_339_2340_MAR_R_NT_004.SEN3
8136b297-4735-393c-b075-34c6f7ebc0f7,S3B_OL_1_EFR____20210722T140954_20210722T141254_20240527T032336_0179_055_053_2340_MAR_R_NT_004.SEN3
7e67462b-cca4-4c81-9f73-a6ce8c412e14,S3A_OL_1_EFR____20250816T142307_20250816T142607_20250817T150710_0179_129_210_2340_PS1_O_NT_004.SEN3
99d78d52-e99a-3711-8907-0b111ee837fe,S3A_OL_1_EFR____20210408T151139_20210408T151439_20240603T045250_0179_070_239_2340_MAR_R_NT_004.SEN3
9b3060f4-b7e8-359d-9a86-47776b65236b,S3B_OL_1_EFR____20190512T140207_20190512T140507_20240525T104745_0179_025_167_2340_MAR_R_NT_004.SEN3
e4edb58c-5b91-3480-be0a-ce19565b9063,S3A_OL_1_EFR____20191004T151946_20191004T152246_20240601T102337_0180_050_068_2160_MAR_R_NT_004.SEN3
72453337-ac30-3e27-afdf-541586f0bb57,S3B_OL_1_EFR____20230417T151338_20230417T151638_20240527T174642_0179_078_239_2340_MAR_R_NT_004.SEN3
79a94204-a146-3d41-8f00-57c5601ee440,S3A_OL_1_EFR____20211114T150756_20211114T151056_20240604T031629_0179_078_296_2340_MAR_R_NT_004.SEN3
5c85f205-d720-3a19-ae3e-33af49ff03ef,S3A_OL_1_EFR____20230819T135642_20230819T135942_20240919T160743_0179_102_224_2340_MAR_R_NT_004.SEN3
6b32eaa9-625e-3c41-abb1-4895390f7892,S3B_OL_1_EFR____20180524T151834_20180524T152134_20240620T111548_0179_004_253_2160_MAR_R_NT_004.SEN3
0a3d2ba0-fc0d-393f-b446-d680650366aa,S3B_OL_1_EFR____20190809T153535_20190809T153835_20240525T160933_0179_028_282_2340_MAR_R_NT_004.SEN3
882d1c70-9471-3c17-ba1d-7ce8ded4495a,S3A_OL_1_EFR____20181203T153009_20181203T153309_20240531T115044_0179_038_339_2340_MAR_R_NT_004.SEN3
ffb6de90-020d-496c-a3fc-6e2b2736e73e,S3A_OL_1_EFR____20240810T144142_20240810T144442_20240811T145935_0179_115_310_2340_PS1_O_NT_004.SEN3
97562b3c-f9f8-38ac-9c78-fee360e04daf,S3B_OL_1_EFR____20230202T135120_20230202T135420_20240527T124711_0179_075_338_2340_MAR_R_NT_004.SEN3
834b1b18-e6fb-39f4-8a31-7543cc061079,S3B_OL_1_EFR____20210308T143555_20210308T143855_20240526T220436_0179_050_039_2340_MAR_R_NT_004.SEN3
747efe1c-2ab0-3c34-a11b-8a844ac572c2,S3B_OL_1_EFR____20221024T154801_20221024T155101_20240524T073919_0179_072_054_2160_MAR_R_NT_004.SEN3
846e1dde-4da2-3ed2-b965-8c37babb88c2,S3B_OL_1_EFR____20250519T152947_20250519T153247_20250520T165416_0179_106_339_2160_ESA_O_NT_004.SEN3
3b937d64-499d-39ee-be58-9e2929b5e5e5,S3A_OL_1_EFR____20230203T140120_20230203T140420_20240605T212937_0179_095_110_2160_MAR_R_NT_004.SEN3
895d1def-b6bd-3698-bb2f-f19b5c374e23,S3B_OL_1_EFR____20220812T154034_20220812T154334_20240524T025551_0179_069_168_2160_MAR_R_NT_004.SEN3
dd30aa33-3a51-3dbe-be66-061b613c0c6b,S3A_OL_1_EFR____20220715T150456_20220715T150756_20240605T102109_0179_087_296_2160_MAR_R_NT_004.SEN3
50aae33c-eb95-3883-bcee-f80dd270eef5,S3B_OL_1_EFR____20200602T150632_20200602T150932_20240526T062123_0179_039_296_2160_MAR_R_NT_004.SEN3
df3082eb-0033-3eac-924f-b1d7aeb0ed25,S3B_OL_1_EFR____20220430T153940_20220430T154240_20240523T214300_0179_065_225_2340_MAR_R_NT_004.SEN3
44a3f479-ca1b-35b8-8b8c-82350014649a,S3B_OL_1_EFR____20200229T140248_20200229T140548_20240526T013936_0179_036_110_2160_MAR_R_NT_004.SEN3
48f21129-e4ef-3ba9-bde1-cfada8d93d3b,S3B_OL_1_EFR____20240227T151817_20240227T152117_20240921T111200_0179_090_125_2160_MAR_R_NT_004.SEN3
a15f7526-0ca4-3249-83cd-59740b9714e9,S3B_OL_1_EFR____20211004T134809_20211004T135109_20240527T100942_0179_057_338_2160_MAR_R_NT_004.SEN3
e809ff98-8e1e-3bfc-98c7-f65799b26f6f,S3B_OL_1_EFR____20220716T154035_20220716T154335_20240524T003329_0179_068_168_2160_MAR_R_NT_004.SEN3
b2fe0eb8-0141-39ab-a7ab-b2a4de4c7fb4,S3B_OL_1_EFR____20181120T152624_20181120T152823_20240621T050654_0119_018_011_2160_MAR_R_NT_004.SEN3
f22295e0-d132-35a2-b112-a52e1b5e57dc,S3A_OL_1_EFR____20220613T153454_20220613T153754_20240605T064526_0179_086_225_2160_MAR_R_NT_004.SEN3
972fbd80-954d-43e4-8778-d800c2915704,S3B_OL_1_EFR____20250918T142620_20250918T142920_20250919T150815_0179_111_153_2160_ESA_O_NT_004.SEN3
813eff00-8015-36ea-9060-0009cef24488,S3A_OL_1_EFR____20211021T134924_20211021T135224_20240604T022437_0179_077_338_2340_MAR_R_NT_004.SEN3
9b4c3989-0842-3877-a272-f1b1085070cb,S3A_OL_1_EFR____20180909T134953_20180909T135253_20240531T053412_0180_035_281_2160_MAR_R_NT_004.SEN3
d3daf686-6433-3daf-af79-790553363158,S3B_OL_1_EFR____20220623T153948_20220623T154248_20240523T234133_0179_067_225_2340_MAR_R_NT_004.SEN3
b1ca3de5-8034-310d-a12e-3ecab56c3f0c,S3B_OL_1_EFR____20210107T153202_20210107T153502_20240526T182836_0179_047_339_2340_MAR_R_NT_004.SEN3
18deb8b0-243e-3581-9a47-0e6831882954,S3A_OL_1_EFR____20181226T153052_20181226T153352_20240531T132518_0179_039_282_2160_MAR_R_NT_004.SEN3
5db1ec3d-9e47-30e0-8c25-3b34bdae7918,S3B_OL_1_EFR____20210607T151410_20210607T151710_20240527T040705_0179_053_182_2160_MAR_R_NT_004.SEN3
8136675b-1abd-3daa-82c6-82e9478a639e,S3B_OL_1_EFR____20230806T153315_20230806T153615_20240920T225915_0179_082_282_2160_MAR_R_NT_004.SEN3
6ffcf70e-4e70-3a01-ad95-c57dbb57396e,S3A_OL_1_EFR____20240716T134923_20240716T135223_20240920T201528_0179_114_338_2340_MAR_R_NT_004.SEN3
0f6a4efa-a996-432e-8bf8-f0efac6ea87e,S3A_OL_1_EFR____20250825T153025_20250825T153325_20250826T163127_0179_129_339_2340_PS1_O_NT_004.SEN3
f4a3d3f1-316e-36fd-9a45-e86d8b02ca2b,S3B_OL_1_EFR____20250418T153626_20250418T153926_20250419T153621_0180_105_282_2340_ESA_O_NT_004.SEN3
905e83e1-a602-306d-8dc1-a00ac6a6a0e3,S3B_OL_1_EFR____20230613T153612_20230613T153912_20240627T160613_0179_080_282_2340_MAR_R_NT_004.SEN3
47e0e0ec-8b1e-34b1-aec7-e289b64fe07a,S3B_OL_1_EFR____20230905T141440_20230905T141740_20240921T002931_0179_083_324_2160_MAR_R_NT_004.SEN3
46b08f68-9dcd-4925-b054-cdd56f25501a,S3A_OL_1_EFR____20250512T140854_20250512T141154_20250513T150325_0179_125_381_2160_PS1_O_NT_004.SEN3
a1d1fb0b-1cdb-3df1-bb76-20030b1f4636,S3B_OL_1_EFR____20220307T135837_20220307T140137_20240523T183637_0179_063_224_2340_MAR_R_NT_004.SEN3
eb7cbede-52f5-3f0d-9282-443db3d4a3bb,S3B_OL_1_EFR____20240313T153231_20240313T153531_20240921T113712_0180_090_339_2340_MAR_R_NT_004.SEN3
d7fd70ef-d922-3ecc-a261-a2c93d13cf0b,S3A_OL_1_EFR____20231020T153017_20231020T153317_20240919T222345_0179_104_339_2340_MAR_R_NT_004.SEN3
aa26c0b0-c14f-32fc-8c4b-bd8e8f9bcaf3,S3B_OL_1_EFR____20180627T140810_20180627T141110_20240620T150603_0179_009_381_2160_MAR_R_NT_004.SEN3
4603f5d5-889a-3c56-b67f-a3015ac4434a,S3B_OL_1_EFR____20250410T140256_20250410T140556_20250411T142801_0179_105_167_2340_ESA_O_NT_004.SEN3
1e6fe73b-68d1-3716-8937-5c4e2b291111,S3B_OL_1_EFR____20191129T134752_20191129T135052_20240525T210910_0180_032_338_2160_MAR_R_NT_004.SEN3
a0b13946-e9af-355d-a2d7-5648790653e0,S3A_OL_1_EFR____20240701T151611_20240701T151911_20240920T192723_0179_114_125_2160_MAR_R_NT_004.SEN3
94fbd470-b764-36c0-b640-070712baa2c3,S3B_OL_1_EFR____20210609T142449_20210609T142749_20240527T043429_0179_053_210_2340_MAR_R_NT_004.SEN3
06fbc0a9-ae7c-38f2-959f-8895531ed779,S3B_OL_1_EFR____20240518T151824_20240518T152124_20240921T161515_0179_093_125_2160_MAR_R_NT_004.SEN3
3f564be2-05d6-3796-8bd6-69d57469aa08,S3A_OL_1_EFR____20211215T150409_20211215T150709_20240604T061050_0179_079_353_2340_MAR_R_NT_004.SEN3
a240637a-8e3f-3312-85d7-d987a81ee975,S3B_OL_1_EFR____20230908T144007_20230908T144307_20240921T002631_0179_083_367_2340_MAR_R_NT_004.SEN3
2880848e-4809-353d-9911-7d46f65034b6,S3A_OL_1_EFR____20200707T153833_20200707T154133_20240602T065816_0179_060_168_2160_MAR_R_NT_004.SEN3
1c066932-713b-3c47-aa26-b3cfef9e11d7,S3B_OL_1_EFR____20200126T134404_20200126T134704_20240526T005005_0179_035_010_2160_MAR_R_NT_004.SEN3
3dfd1795-fd8e-3431-afd1-792a90128a0b,S3A_OL_1_EFR____20181110T152328_20181110T152628_20240531T101609_0179_038_011_2160_MAR_R_NT_004.SEN3
056512e1-6666-3520-a580-a03b240a314a,S3B_OL_1_EFR____20180731T142650_20180731T142950_20240620T182946_0179_011_096_2160_MAR_R_NT_004.SEN3
20fc9bdd-44fe-4493-b544-deed88c4e061,S3B_OL_1_EFR____20241208T135144_20241208T135444_20241208T215957_0179_100_338_2340_PS2_O_NT_004.SEN3
34a9c643-55ff-30b0-b40f-c35d4e1348ad,S3A_OL_1_EFR____20240504T152255_20240504T152555_20240920T145453_0180_112_068_2340_MAR_R_NT_004.SEN3
c9bf59e8-2e84-3456-83f9-108dfee3e14b,S3B_OL_1_EFR____20250303T134759_20250303T135059_20250321T122445_0179_104_010_2340_ESA_O_NT_004.SEN3
830a3657-1497-3c6f-ac30-60b901376097,S3A_OL_1_EFR____20190207T151558_20190207T151858_20240531T160544_0179_041_125_2160_MAR_R_NT_004.SEN3
57e522fe-1e0b-3fc1-bf86-4d479d00b706,S3A_OL_1_EFR____20190122T153055_20190122T153355_20240531T145710_0179_040_282_2160_MAR_R_NT_004.SEN3
83b7885f-cd0a-3f22-8239-383dfbb5524b,S3B_OL_1_EFR____20230316T140234_20230316T140534_20240527T201910_0179_077_167_2340_MAR_R_NT_004.SEN3
0da4202f-279c-4663-b49c-73b779d54a03,S3A_OL_1_EFR____20240831T135346_20240831T135646_20240901T141701_0179_116_224_2160_PS1_O_NT_004.SEN3
06ffe0f0-9bf4-30de-baf3-6b7cc8ac67d6,S3A_OL_1_EFR____20200514T140035_20200514T140335_20240602T023357_0179_058_167_2340_MAR_R_NT_004.SEN3
d8f93b0e-751c-35ec-990c-30908d434e21,S3A_OL_1_EFR____20191030T140458_20191030T140758_20240601T112828_0179_051_053_2160_MAR_R_NT_004.SEN3
a8f058f5-9631-3270-8f4d-366b29958b61,S3B_OL_1_EFR____20190509T151740_20190509T152040_20240525T125601_0179_025_125_2160_MAR_R_NT_004.SEN3
aa1a3c25-4f7a-3f77-b69c-71cf5b1862db,S3A_OL_1_EFR____20220129T135656_20220129T135956_20240604T213108_0180_081_224_2340_MAR_R_NT_004.SEN3
fd9e7269-2633-3d2f-af5a-ac3fb0ed1835,S3A_OL_1_EFR____20190417T153016_20190417T153316_20240531T203832_0179_043_339_2340_MAR_R_NT_004.SEN3
e32f8166-59da-3935-b0a7-2b956a53a3e5,S3B_OL_1_EFR____20230123T145107_20230123T145407_20240527T144644_0179_075_196_2340_MAR_R_NT_004.SEN3
9216ebf9-8d91-3d45-9429-8766ae9eefd4,S3B_OL_1_EFR____20240122T155153_20240122T155453_20240921T084439_0179_088_382_2160_MAR_R_NT_004.SEN3
5455e095-ce89-3744-8db8-b92e9e1cb27e,S3B_OL_1_EFR____20230529T152457_20230529T152757_20240527T235119_0179_080_068_2340_MAR_R_NT_004.SEN3
6b3334d3-5364-3343-ac5d-477faf7ae877,S3A_OL_1_EFR____20230126T154947_20230126T155247_20240605T212654_0179_094_382_2160_MAR_R_NT_004.SEN3
8a299033-7f7e-3772-a759-f9ce8130dc42,S3B_OL_1_EFR____20180910T150711_20180910T151011_20240620T231430_0179_012_296_2340_MAR_R_NT_004.SEN3
8a85e653-c719-32de-a48a-451abe590a34,S3A_OL_1_EFR____20180102T151510_20180102T151810_20240530T073610_0179_026_182_2340_MAR_R_NT_004.SEN3
d2e8619e-b6ea-4a4a-b621-b26d7bf36dde,S3A_OL_1_EFR____20250921T152726_20250921T153026_20250922T162237_0179_130_339_2160_PS1_O_NT_004.SEN3
9c044cb3-65c0-3659-a847-ddb700d50a6a,S3A_OL_1_EFR____20210209T151522_20210209T151822_20240602T233428_0179_068_182_2340_MAR_R_NT_004.SEN3
f0b93a74-b936-3e8b-8b62-055554837eb6,S3A_OL_1_EFR____20210901T134537_20210901T134837_20240603T155200_0179_076_010_2340_MAR_R_NT_004.SEN3
5cde437b-0ee3-35ca-8202-f89d51124260,S3A_OL_1_EFR____20220106T135307_20220106T135607_20240604T082333_0179_080_281_2340_MAR_R_NT_004.SEN3
23379ac2-ce3e-3a9b-85ae-d317c791d3ea,S3A_OL_1_EFR____20220206T153026_20220206T153326_20240604T214805_0179_081_339_2340_MAR_R_NT_004.SEN3
95fe4b70-3ee9-31b5-8a08-95f8b9717510,S3B_OL_1_EFR____20210604T145443_20210604T145743_20240527T003642_0179_053_139_2340_MAR_R_NT_004.SEN3
83dd866a-a6d8-34d1-9ffc-d851db4848fb,S3B_OL_1_EFR____20201013T142054_20201013T142354_20240526T120816_0180_044_267_2340_MAR_R_NT_004.SEN3
8ef2a81b-9943-3edd-8c91-3dea6d4915e3,S3B_OL_1_EFR____20230316T154333_20230316T154633_20240527T144811_0179_077_168_2340_MAR_R_NT_004.SEN3
18884985-f01e-37c6-a70f-b73d3b34d38a,S3B_OL_1_EFR____20220816T135851_20220816T140151_20240524T030056_0179_069_224_2340_MAR_R_NT_004.SEN3
0234aba0-62f1-39e3-aba8-88e081260381,S3A_OL_1_EFR____20210128T152636_20210128T152936_20240602T233521_0179_068_011_2340_MAR_R_NT_004.SEN3
4266616f-9fa5-3eaf-8c68-c421a9062a99,S3A_OL_1_EFR____20221121T141957_20221121T142257_20240605T170835_0179_092_210_2160_MAR_R_NT_004.SEN3
716ceb5c-5c05-3fa5-951b-2dd87a491dfa,S3B_OL_1_EFR____20220717T151724_20220717T152024_20240524T014639_0179_068_182_2340_MAR_R_NT_004.SEN3
45d70be6-8e9b-3bb0-86cf-0515d908a985,S3A_OL_1_EFR____20230626T153449_20230626T153749_20240628T035153_0179_100_225_2160_MAR_R_NT_004.SEN3
a2b67647-af61-3f57-a5a9-32d7d653d67b,S3B_OL_1_EFR____20190113T152504_20190113T152804_20240525T064738_0179_021_011_2160_MAR_R_NT_004.SEN3
7fad73fb-7f46-3861-b7e7-428cfee51517,S3B_OL_1_EFR____20250212T152129_20250212T152429_20250213T183935_0179_103_125_2340_ESA_O_NT_004.SEN3
1d754f49-c965-3cf4-9540-de44749d40d7,S3B_OL_1_EFR____20230929T135512_20230929T135812_20240921T015355_0179_084_281_2340_MAR_R_NT_004.SEN3
791bfc14-471f-3c82-af08-fafdaf37e8a1,S3B_OL_1_EFR____20221125T152107_20221125T152407_20240524T084230_0179_073_125_2340_MAR_R_NT_004.SEN3
7b5430c1-af42-4ec2-b035-18acb069f069,S3A_OL_1_EFR____20250817T135356_20250817T135656_20250818T144104_0179_129_224_2160_PS1_O_NT_004.SEN3
98fc30ed-d2b4-36e9-a4f0-266111ce2943,S3A_OL_1_EFR____20220414T145301_20220414T145601_20240605T031142_0179_084_139_2340_MAR_R_NT_004.SEN3
b812afbd-1093-3eb0-8b4b-ecd8e9099e7c,S3B_OL_1_EFR____20201205T144710_20201205T145010_20240526T182726_0179_046_253_2340_MAR_R_NT_004.SEN3
847117ed-cf07-3617-9a4f-30e00abe4c3c,S3A_OL_1_EFR____20190803T134615_20190803T134915_20240601T045416_0179_047_338_2160_MAR_R_NT_004.SEN3
e5297427-1217-383a-907b-7e85fb5afc8c,S3B_OL_1_EFR____20190828T154303_20190828T154603_20240525T155410_0179_029_168_2340_MAR_R_NT_004.SEN3
0bf1e5d7-7efa-3e79-a6fd-6a84af525419,S3B_OL_1_EFR____20210430T150207_20210430T150507_20240526T231936_0179_052_025_2340_MAR_R_NT_004.SEN3
4f20ce11-2cd5-3ddb-b467-a352a3848b46,S3B_OL_1_EFR____20190809T153235_20190809T153535_20240525T160914_0179_028_282_2160_MAR_R_NT_004.SEN3
f017c42a-2fb9-3920-883a-ca42ad0e28f1,S3B_OL_1_EFR____20230312T154717_20230312T155017_20240527T202241_0179_077_111_2340_MAR_R_NT_004.SEN3
3392f41c-50e3-39e4-9c44-21f02ac72598,S3A_OL_1_EFR____20191221T150015_20191221T150315_20240601T153200_0179_053_025_2340_MAR_R_NT_004.SEN3
0da82daf-0bea-351a-bbc6-3ada06e79031,S3A_OL_1_EFR____20230208T151523_20230208T151823_20240605T224955_0179_095_182_2340_MAR_R_NT_004.SEN3
952f8f5a-c1aa-3dc6-8ec2-24772bc096fa,S3A_OL_1_EFR____20180523T141907_20180523T142207_20240530T195009_0179_031_267_2340_MAR_R_NT_004.SEN3
5c40de81-3555-431f-8a6b-6b32a745f3f7,S3A_OL_1_EFR____20250917T135310_20250917T135610_20250918T145019_0179_130_281_2340_PS1_O_NT_004.SEN3
add18cfa-d2ee-318e-9624-94aaee7df0a0,S3A_OL_1_EFR____20230522T140122_20230522T140422_20240606T060030_0179_099_110_2160_MAR_R_NT_004.SEN3
6f4db5d4-994d-3722-8fd9-4e0eb9fbd242,S3A_OL_1_EFR____20220517T135655_20220517T135955_20240605T050555_0179_085_224_2340_MAR_R_NT_004.SEN3
2d1caf89-f887-4f31-b82f-9b0f6d5b1e80,S3B_OL_1_EFR____20250809T150645_20250809T150945_20250810T151222_0180_109_353_2340_ESA_O_NT_004.SEN3
d3770115-5a4b-3baf-be35-bf423decd77e,S3B_OL_1_EFR____20190630T142858_20190630T143158_20240525T122017_0179_027_096_2160_MAR_R_NT_004.SEN3
bc5bf1a8-ccb1-37a3-88ea-544caca3db3f,S3B_OL_1_EFR____20200114T153618_20200114T153918_20240526T013730_0179_034_225_2160_MAR_R_NT_004.SEN3
cabd00fe-c560-3ba9-b1d2-33092249c6c4,S3B_OL_1_EFR____20200225T154731_20200225T155031_20240526T024400_0179_036_054_2160_MAR_R_NT_004.SEN3
94e9e4b9-3bd9-3ccf-9061-2e6aa50eadfc,S3A_OL_1_EFR____20200208T152714_20200208T153014_20240601T201725_0179_054_339_2160_MAR_R_NT_004.SEN3
d7b943b4-69b3-33ad-991e-98b84cc2dcae,S3B_OL_1_EFR____20191010T134703_20191010T135003_20240525T172521_0179_031_010_2340_MAR_R_NT_004.SEN3
ce1ec602-c42e-3eb2-acbd-94ef4c1b87a7,S3B_OL_1_EFR____20180527T140919_20180527T141219_20240620T123843_0180_004_295_2340_MAR_R_NT_004.SEN3
60926165-3bd6-3f24-9737-5f83e3cd1783,S3B_OL_1_EFR____20230810T134831_20230810T135131_20240920T230959_0180_082_338_2160_MAR_R_NT_004.SEN3
950598a2-8d27-4c9b-8a0e-4dcca67069fe,S3A_OL_1_EFR____20240811T141231_20240811T141531_20240812T161105_0179_115_324_2160_PS1_O_NT_004.SEN3
24d298fd-e72d-3453-9e73-6ad8241bd147,S3A_OL_1_EFR____20240607T135740_20240607T140040_20240920T174811_0179_113_167_2160_MAR_R_NT_004.SEN3
2445f3a8-07e3-3bef-b29c-e56b6a05b792,S3B_OL_1_EFR____20201108T144410_20201108T144710_20240526T155542_0180_045_253_2160_MAR_R_NT_004.SEN3
f387a968-e1fd-3ffc-ac9b-db9b5e5b2b07,S3A_OL_1_EFR____20190927T150104_20190927T150404_20240601T092203_0179_049_353_2160_MAR_R_NT_004.SEN3
910d918f-de39-3079-82c8-ff405be87295,S3A_OL_1_EFR____20240314T154217_20240314T154517_20240920T103723_0179_110_111_2160_MAR_R_NT_004.SEN3
af8d66d8-ddec-3469-a082-61c8d3c1c0e5,S3B_OL_1_EFR____20230424T153222_20230424T153522_20240527T182150_0180_078_339_2340_MAR_R_NT_004.SEN3
c5927bb9-c12f-3fe7-a23b-6bcdfb679cf3,S3B_OL_1_EFR____20240710T154440_20240710T154740_20240921T194411_0179_095_111_2160_MAR_R_NT_004.SEN3
c8e3160e-d74b-3727-ab6a-476a89598c24,S3B_OL_1_EFR____20180612T154056_20180612T154356_20240620T143551_0179_009_168_2340_MAR_R_NT_004.SEN3
f6121f80-31e9-3231-bf8b-a789e081b7d2,S3B_OL_1_EFR____20180528T134515_20180528T134815_20240620T105717_0179_005_010_2340_MAR_R_NT_004.SEN3
2adcd258-4ae7-3f6e-8a90-e5a0dc5b2cfa,S3B_OL_1_EFR____20210907T152912_20210907T153212_20240527T081857_0180_056_339_2160_MAR_R_NT_004.SEN3
b6b7ed6b-7489-448b-b3e5-c5e9f330e018,S3A_OL_1_EFR____20250710T152258_20250710T152558_20250711T161029_0179_128_068_2340_PS1_O_NT_004.SEN3
709af0d3-3c1a-307a-89fa-dea463559f0a,S3A_OL_1_EFR____20201224T134959_20201224T135259_20240602T202740_0179_066_281_2160_MAR_R_NT_004.SEN3
1001f314-4920-3032-8f07-312e85e0aef9,S3B_OL_1_EFR____20200312T135436_20200312T135736_20240526T053712_0179_036_281_2340_MAR_R_NT_004.SEN3
e62b2785-acf7-3843-809b-2d20fb31606f,S3A_OL_1_EFR____20200227T153442_20200227T153742_20240601T202918_0179_055_225_2160_MAR_R_NT_004.SEN3
822f1320-24aa-4029-99e8-eb198b0ac56b,S3B_OL_1_EFR____20241130T153713_20241130T154013_20241201T075741_0179_100_225_2160_PS2_O_NT_004.SEN3
d95cd601-d85d-3a0f-8fe8-e4fcb43bf2e6,S3A_OL_1_EFR____20180505T134228_20180505T134528_20240530T172235_0179_031_010_2160_MAR_R_NT_004.SEN3
61cd404a-1879-3a3f-b16e-317e8286560a,S3B_OL_1_EFR____20240401T153658_20240401T153958_20240921T120740_0179_091_225_2160_MAR_R_NT_004.SEN3
312b5ff6-80bc-3a1f-adcc-c0f7d82c6f00,S3A_OL_1_EFR____20230708T152334_20230708T152634_20240628T033010_0179_101_011_2160_MAR_R_NT_004.SEN3
d3a75e61-97e1-36ae-8b99-2ac3af6a3187,S3A_OL_1_EFR____20180702T151944_20180702T152244_20240530T224048_0180_033_068_2160_MAR_R_NT_004.SEN3
c0ce58a4-03d2-3c07-8cf1-26daefd43878,S3B_OL_1_EFR____20220323T152138_20220323T152438_20240523T182137_0179_064_068_2160_MAR_R_NT_004.SEN3
374730da-bd7f-3474-baa9-7f4514d16de1,S3B_OL_1_EFR____20190616T153232_20190616T153532_20240525T122329_0179_026_282_2160_MAR_R_NT_004.SEN3
eaeb21e1-a932-3464-85b3-b32c1e358d41,S3A_OL_1_EFR____20240604T151912_20240604T152212_20240920T155941_0179_113_125_2340_MAR_R_NT_004.SEN3
98bb7dee-bdd9-3685-be72-4af6fb378b86,S3B_OL_1_EFR____20230214T151807_20230214T152107_20240527T125028_0179_076_125_2160_MAR_R_NT_004.SEN3
8d843cfb-6cf1-35a0-be68-db1464bf3ca7,S3A_OL_1_EFR____20240603T154223_20240603T154523_20240920T172217_0179_113_111_2160_MAR_R_NT_004.SEN3
113acf3b-f68d-3f90-9504-27dfe7933782,S3A_OL_1_EFR____20230115T135649_20230115T135949_20240605T202551_0179_094_224_2340_MAR_R_NT_004.SEN3
c0683eeb-9beb-3f0b-aa96-6a2c18ab62c3,S3B_OL_1_EFR____20201202T142443_20201202T142743_20240526T145102_0179_046_210_2340_MAR_R_NT_004.SEN3
57275766-7185-3c3e-b976-42e35afb1b3b,S3B_OL_1_EFR____20210227T150634_20210227T150934_20240526T201204_0180_049_296_2160_MAR_R_NT_004.SEN3
e7c2ad38-d85c-3748-ae30-b1ab82d77513,S3A_OL_1_EFR____20221221T144224_20221221T144524_20240605T184233_0179_093_253_2160_MAR_R_NT_004.SEN3
833495c2-44c7-3bb3-8bdb-67c072cf685d,S3B_OL_1_EFR____20180708T142608_20180708T142908_20240620T170005_0179_010_153_2340_MAR_R_NT_004.SEN3
45724241-9f84-3c84-bd9c-ac8ddc5109e2,S3A_OL_1_EFR____20180524T153056_20180524T153356_20240530T192641_0179_031_282_2160_MAR_R_NT_004.SEN3
5104a1f8-3496-3c97-8020-4ca15dfc19bb,S3B_OL_1_EFR____20200721T135831_20200721T140131_20240526T103452_0179_041_224_2340_MAR_R_NT_004.SEN3
55661dda-1966-3c24-a57d-9d89fb8f1288,S3A_OL_1_EFR____20230402T154137_20230402T154437_20240606T014920_0179_097_168_2340_MAR_R_NT_004.SEN3
59da6a48-2d6f-334c-9041-d2c882176a08,S3B_OL_1_EFR____20210716T150300_20210716T150600_20240527T063607_0179_054_353_2160_MAR_R_NT_004.SEN3
74370c00-92c1-3995-80d9-cfdc24c2dbb3,S3A_OL_1_EFR____20200712T151138_20200712T151438_20240602T063049_0179_060_239_2340_MAR_R_NT_004.SEN3
63b98d41-6c72-336b-b7c7-485a73a450bd,S3B_OL_1_EFR____20220403T153936_20220403T154236_20240523T193358_0179_064_225_2340_MAR_R_NT_004.SEN3
8d1121a9-eb92-3e67-8cbc-0333ef5a3c68,S3B_OL_1_EFR____20210602T140306_20210602T140606_20240527T034543_0179_053_110_2160_MAR_R_NT_004.SEN3
a22f67b6-a112-3caf-b17c-ecefee926ec4,S3A_OL_1_EFR____20180501T134913_20180501T135213_20240530T172313_0179_030_338_2340_MAR_R_NT_004.SEN3
2d7048b9-bc7d-35dd-82b1-acff6a54ebee,S3B_OL_1_EFR____20221225T154333_20221225T154633_20240524T111005_0179_074_168_2340_MAR_R_NT_004.SEN3
2c8cfe54-650f-36f1-ae5f-06615fde9a41,S3A_OL_1_EFR____20190804T150104_20190804T150404_20240601T034600_0179_047_353_2160_MAR_R_NT_004.SEN3
ad5d5d0a-db7f-3b29-a8d5-f1d1117ae655,S3B_OL_1_EFR____20210707T135541_20210707T135841_20240527T045451_0179_054_224_2160_MAR_R_NT_004.SEN3
b8ba07f7-3192-3662-a3c6-70d240f8bd77,S3B_OL_1_EFR____20240704T150248_20240704T150548_20240921T172536_0179_095_025_2340_MAR_R_NT_004.SEN3
db47b4b4-4d18-3a77-a406-26382197b645,S3A_OL_1_EFR____20211029T152254_20211029T152554_20240604T020906_0179_078_068_2340_MAR_R_NT_004.SEN3
53075b3a-5816-379e-98cb-b5115f79a2bf,S3A_OL_1_EFR____20200807T135648_20200807T135948_20240602T082222_0179_061_224_2340_MAR_R_NT_004.SEN3
32daea52-f93e-35b8-beb0-bc2994d8ba03,S3B_OL_1_EFR____20210429T134719_20210429T135019_20240527T014044_0179_052_010_2340_MAR_R_NT_004.SEN3
c6eea167-7f97-3d9a-a0a4-5c8e2a4fe558,S3A_OL_1_EFR____20210326T154600_20210326T154900_20240603T034346_0179_070_054_2160_MAR_R_NT_004.SEN3
f946a332-0618-31a1-b57f-e86e277de06b,S3A_OL_1_EFR____20190502T135731_20190502T140031_20240531T213454_0179_044_167_2160_MAR_R_NT_004.SEN3
27ec2b9d-248a-36b0-a3fc-52b457b436f1,S3A_OL_1_EFR____20190715T152247_20190715T152547_20240601T030041_0179_047_068_2340_MAR_R_NT_004.SEN3
8d952380-481c-3773-bbfb-487f1bd6188a,S3B_OL_1_EFR____20200607T143937_20200607T144237_20240526T095717_0179_039_367_2340_MAR_R_NT_004.SEN3
f44c3a89-2383-31f9-817c-363f7593ad19,S3A_OL_1_EFR____20200302T134958_20200302T135258_20240601T211114_0179_055_281_2160_MAR_R_NT_004.SEN3
991e7104-6229-3f89-8032-718210f924ef,S3A_OL_1_EFR____20211105T140036_20211105T140336_20240604T031000_0179_078_167_2340_MAR_R_NT_004.SEN3
1242ca36-ae11-365a-bf93-72d67303bc0b,S3A_OL_1_EFR____20240113T152635_20240113T152935_20240920T050631_0179_108_011_2340_MAR_R_NT_004.SEN3
55408203-0f3e-3b98-802d-550b340615f6,S3A_OL_1_EFR____20230830T141141_20230830T141441_20240919T190028_0179_102_381_2340_MAR_R_NT_004.SEN3
a6383303-0370-35d0-bc20-eef72b38faf8,S3A_OL_1_EFR____20200606T140118_20200606T140418_20240602T040401_0180_059_110_2160_MAR_R_NT_004.SEN3
a676d46d-e912-3574-b679-d985bacb5398,S3A_OL_1_EFR____20181009T155323_20181009T155623_20240531T075218_0179_036_325_2160_MAR_R_NT_004.SEN3
32ff9d4a-3cd7-3bfd-a4c9-b09dd805ce99,S3B_OL_1_EFR____20200226T134321_20200226T134621_20240526T035305_0179_036_067_2340_MAR_R_NT_004.SEN3
a02e137d-7808-3590-ad90-cfc0372ccbd3,S3A_OL_1_EFR____20180620T153357_20180620T153657_20240530T223313_0179_032_282_2340_MAR_R_NT_004.SEN3
cfdb0e35-cdc6-3f4f-baf8-7c1a9af601b7,S3A_OL_1_EFR____20180809T135338_20180809T135638_20240531T022630_0179_034_224_2160_MAR_R_NT_004.SEN3
40fb4226-4aff-3733-97cd-27c85260aaee,S3B_OL_1_EFR____20180612T135656_20180612T135956_20240620T140049_0179_009_167_2160_MAR_R_NT_004.SEN3
71ca6643-9d81-3ad1-bfc4-01821f39fd1c,S3B_OL_1_EFR____20211108T134340_20211108T134640_20240527T104059_0179_059_067_2340_MAR_R_NT_004.SEN3
09d858f3-509a-3307-8efc-5cefa1801ca2,S3B_OL_1_EFR____20190825T152036_20190825T152336_20240525T165112_0179_029_125_2340_MAR_R_NT_004.SEN3
1b3cb48e-ad24-3428-8398-3722b54f3809,S3B_OL_1_EFR____20181221T152417_20181221T152717_20240525T035134_0179_020_068_2340_MAR_R_NT_004.SEN3
46dd0046-c909-313f-826e-0ce10b65d715,S3A_OL_1_EFR____20190929T141142_20190929T141442_20240601T092336_0179_049_381_2340_MAR_R_NT_004.SEN3
5c7efb2e-b0c7-33bb-a5fc-fee0e046fb22,S3A_OL_1_EFR____20211017T153108_20211017T153408_20240604T021039_0179_077_282_2160_MAR_R_NT_004.SEN3
a0b53ef2-1224-3bdf-850b-047fc787eb0a,S3B_OL_1_EFR____20220808T140319_20220808T140619_20240524T040029_0180_069_110_2160_MAR_R_NT_004.SEN3
bb7d6519-f241-3194-b4f8-9cb59811b243,S3A_OL_1_EFR____20200726T154601_20200726T154901_20240602T072723_0179_061_054_2160_MAR_R_NT_004.SEN3
aed5330f-899d-4455-8641-35db19ef2e2a,S3B_OL_1_EFR____20251004T141418_20251004T141718_20251005T143340_0180_111_381_2340_ESA_O_NT_004.SEN3
ca5cc79f-5333-3532-ab95-edc2a402d9a0,S3B_OL_1_EFR____20200524T135911_20200524T140211_20240526T091728_0179_039_167_2160_MAR_R_NT_004.SEN3
48017fb0-6889-3a3c-b53f-65209c1b0a92,S3B_OL_1_EFR____20250418T153326_20250418T153626_20250419T153556_0179_105_282_2160_ESA_O_NT_004.SEN3
ff43a89a-ef41-3437-b98c-5c99480d782f,S3A_OL_1_EFR____20211116T155333_20211116T155633_20240604T042129_0180_078_325_2160_MAR_R_NT_004.SEN3
f22ea8f6-56bd-3422-84f7-19782773c2cd,S3B_OL_1_EFR____20230225T153605_20230225T153905_20240527T144851_0179_076_282_2340_MAR_R_NT_004.SEN3
6e4e012f-95b4-4ee0-8bbe-69624b72f0a4,S3A_OL_1_EFR____20250221T134238_20250221T134538_20250222T142944_0179_123_010_2160_PS1_O_NT_004.SEN3
e2973f06-c452-3c49-b7b1-10f6946cc76d,S3A_OL_1_EFR____20211002T152254_20211002T152554_20240604T010548_0179_077_068_2340_MAR_R_NT_004.SEN3
754a3d63-8dac-490f-934d-0d3d8293402e,S3B_OL_1_EFR____20250901T151030_20250901T151330_20250902T163058_0179_110_296_2340_ESA_O_NT_004.SEN3
c0df93af-8f66-3148-9f67-e58ab7805ba3,S3A_OL_1_EFR____20220113T154951_20220113T155251_20240604T082206_0179_080_382_2160_MAR_R_NT_004.SEN3
6d8ffe3e-b349-392a-ab11-dd1e0ecb40ff,S3A_OL_1_EFR____20190218T135257_20190218T135557_20240531T164910_0179_041_281_2340_MAR_R_NT_004.SEN3
7e852734-0e75-3b61-9a44-ec621ae92dc6,S3A_OL_1_EFR____20180709T140026_20180709T140326_20240530T233224_0179_033_167_2340_MAR_R_NT_004.SEN3
ca0dd7c1-2385-3869-b663-77fd6df88c3b,S3A_OL_1_EFR____20220726T151953_20220726T152253_20240605T104715_0179_088_068_2160_MAR_R_NT_004.SEN3
7b0ef902-cdaa-348a-bb1f-9c78b33d3937,S3A_OL_1_EFR____20180415T154209_20180415T154509_20240530T152123_0179_030_111_2160_MAR_R_NT_004.SEN3
132d8cc9-9188-3810-ba49-d59c0853ba12,S3B_OL_1_EFR____20221009T153946_20221009T154246_20240524T050738_0179_071_225_2340_MAR_R_NT_004.SEN3
82417067-faea-36de-b963-b9db9ef2ea31,S3A_OL_1_EFR____20200510T154218_20200510T154518_20240602T021023_0179_058_111_2160_MAR_R_NT_004.SEN3
0874a761-7185-3964-a2e2-f7489ac421d2,S3A_OL_1_EFR____20240512T151527_20240512T151827_20240920T142950_0179_112_182_2340_MAR_R_NT_004.SEN3
625b1617-038d-3f26-9da4-b008552e3e13,S3A_OL_1_EFR____20211013T135653_20211013T135953_20240604T010606_0179_077_224_2340_MAR_R_NT_004.SEN3
4e03d125-6dba-3a60-97cb-abef3c0f0a3d,S3A_OL_1_EFR____20210128T134237_20210128T134537_20240602T223659_0179_068_010_2160_MAR_R_NT_004.SEN3
e71573b4-ff29-3525-a4a6-5f99f4504888,S3B_OL_1_EFR____20200418T143247_20200418T143547_20240526T062445_0179_038_039_2160_MAR_R_NT_004.SEN3
0e941e87-6106-3c34-b9f7-320d5f71dcbf,S3B_OL_1_EFR____20180909T134923_20180909T135223_20240620T234330_0179_012_281_2160_MAR_R_NT_004.SEN3
56628238-af23-3b25-a67a-a19d87142041,S3A_OL_1_EFR____20190203T152243_20190203T152543_20240531T151440_0179_041_068_2340_MAR_R_NT_004.SEN3
d82107b0-ca57-321c-a911-b06cfe00f663,S3B_OL_1_EFR____20230714T134831_20230714T135131_20240627T174045_0179_081_338_2160_MAR_R_NT_004.SEN3
054863f2-7773-3c9c-b7a6-fabc8f061bb6,S3A_OL_1_EFR____20240101T135648_20240101T135948_20240920T042455_0179_107_224_2340_MAR_R_NT_004.SEN3
c67ff0a1-c6aa-3550-ac66-a8d604decc2f,S3A_OL_1_EFR____20201104T134919_20201104T135219_20240602T162622_0180_064_338_2340_MAR_R_NT_004.SEN3
f41864f2-65fd-3c66-9533-f9d967236ed0,S3B_OL_1_EFR____20230104T144342_20230104T144642_20240527T144756_0179_074_310_2340_MAR_R_NT_004.SEN3
583f9e63-8a49-3f49-94f5-48aac48fb152,S3A_OL_1_EFR____20210527T154138_20210527T154438_20240603T074857_0179_072_168_2340_MAR_R_NT_004.SEN3
25a6915e-400d-3de7-99f0-42a5b2fa0d27,S3A_OL_1_EFR____20230630T135004_20230630T135304_20240628T040221_0179_100_281_2160_MAR_R_NT_004.SEN3
77d6351f-62fb-4abf-8ee5-319de59f4f97,S3B_OL_1_EFR____20251107T143006_20251107T143306_20251108T152044_0179_113_096_2160_ESA_O_NT_004.SEN3
01d9ed90-e6b7-3c06-a4f1-25c781ca3c0c,S3A_OL_1_EFR____20210817T151524_20210817T151824_20240603T155036_0179_075_182_2340_MAR_R_NT_004.SEN3
a3c230a8-d95d-356b-94f4-37e426fcd15f,S3A_OL_1_EFR____20210412T150756_20210412T151056_20240603T044132_0179_070_296_2340_MAR_R_NT_004.SEN3
9c0f1de2-0e20-3605-8350-74f39106eb60,S3A_OL_1_EFR____20230618T140118_20230618T140418_20240628T003749_0180_100_110_2160_MAR_R_NT_004.SEN3
41f47eff-f007-3d33-af0e-6f6f0f5dbd3d,S3B_OL_1_EFR____20220210T144413_20220210T144713_20240523T180138_0179_062_253_2160_MAR_R_NT_004.SEN3
b24bc4fb-f5e7-352f-b8e5-102f1fcfddf8,S3B_OL_1_EFR____20180717T135227_20180717T135527_20240620T173128_0179_010_281_2340_MAR_R_NT_004.SEN3
1aa14b38-3f6c-3f00-9dfa-ad456c4d8fbe,S3B_OL_1_EFR____20220422T154708_20220422T155008_20240523T191906_0179_065_111_2340_MAR_R_NT_004.SEN3
7dcd06dc-6319-308f-985d-746600a41152,S3B_OL_1_EFR____20200203T152033_20200203T152333_20240526T051520_0179_035_125_2340_MAR_R_NT_004.SEN3
e09508e1-20d8-4749-bda0-fa852a58118b,S3B_OL_1_EFR____20250831T135242_20250831T135542_20250901T135425_0179_110_281_2160_ESA_O_NT_004.SEN3
0d96c0d0-b608-35fa-9b86-387544ebc60e,S3A_OL_1_EFR____20190127T150400_20190127T150700_20240531T144205_0179_040_353_2340_MAR_R_NT_004.SEN3
5ac48102-8e90-46ef-9c1e-9f37d86e3e14,S3A_OL_1_EFR____20241124T135003_20241124T135303_20241125T141335_0179_119_281_2160_PS1_O_NT_004.SEN3
3994df0b-fca0-375a-a6cd-0ab3ece85ddc,S3A_OL_1_EFR____20210801T152723_20210801T153023_20240603T143009_0180_074_339_2160_MAR_R_NT_004.SEN3
91e9db05-72d1-3a94-8672-5bdb843b05d2,S3B_OL_1_EFR____20220531T153601_20220531T153901_20240523T214815_0180_066_282_2340_MAR_R_NT_004.SEN3
bebfe4ad-0f88-4c7d-a9ae-c0c88967f4dc,S3A_OL_1_EFR____20250528T153457_20250528T153757_20250529T162219_0179_126_225_2160_PS1_O_NT_004.SEN3
598c8e1a-3dc7-39b9-b701-dac25790faec,S3B_OL_1_EFR____20190105T153532_20190105T153832_20240525T071917_0179_020_282_2340_MAR_R_NT_004.SEN3
bb009baf-1f8f-3b40-a2d2-74e0967451b4,S3B_OL_1_EFR____20200316T134752_20200316T135052_20240526T023932_0179_036_338_2160_MAR_R_NT_004.SEN3
7e54967a-66ba-32a5-953e-3854d9e8c657,S3B_OL_1_EFR____20230217T154033_20230217T154333_20240527T183239_0179_076_168_2160_MAR_R_NT_004.SEN3
bcc74de5-80f8-4e6f-aa37-c1faa0deecfd,S3A_OL_1_EFR____20250106T151605_20250106T151905_20250107T154103_0179_121_125_2160_PS1_O_NT_004.SEN3
2f1dfaa1-2e95-3f7f-b817-c60bd0855db2,S3B_OL_1_EFR____20180902T151439_20180902T151739_20240620T233857_0179_012_182_2340_MAR_R_NT_004.SEN3
758e9685-cf48-3d97-9d80-7a495e27b95c,S3B_OL_1_EFR____20190801T154304_20190801T154604_20240525T134615_0179_028_168_2340_MAR_R_NT_004.SEN3
cc14acea-8f47-3e50-a520-70b72d02f68d,S3B_OL_1_EFR____20231207T140328_20231207T140628_20240921T052917_0179_087_110_2160_MAR_R_NT_004.SEN3
7aae2a15-6c7c-3eac-9e55-a8437129f2aa,S3B_OL_1_EFR____20240207T135559_20240207T135859_20240921T083953_0179_089_224_2160_MAR_R_NT_004.SEN3
ab6dc7aa-8b4a-3c34-941d-d6b2dfd6ab26,S3B_OL_1_EFR____20240718T153713_20240718T154013_20240921T185400_0179_095_225_2160_MAR_R_NT_004.SEN3
e1113fe0-5b35-344b-ad99-249a28a77d18,S3A_OL_1_EFR____20240719T154949_20240719T155249_20240920T202121_0179_114_382_2160_MAR_R_NT_004.SEN3
5259d7df-f8d8-4d80-b062-4a055c5045db,S3A_OL_1_EFR____20250917T153109_20250917T153409_20250918T162902_0179_130_282_2160_PS1_O_NT_004.SEN3
d9db9695-b266-4a67-a658-547d524f446c,S3B_OL_1_EFR____20250108T152855_20250108T153155_20250109T075625_0179_102_011_2340_PS2_O_NT_004.SEN3
bea84958-3cc8-3a2a-8771-92bc06944771,S3A_OL_1_EFR____20191128T145331_20191128T145631_20240601T132948_0179_052_082_2160_MAR_R_NT_004.SEN3
2a5116ea-1dd0-35e5-834a-4e3ae9032ca4,S3A_OL_1_EFR____20181222T135636_20181222T135936_20240531T130844_0180_039_224_2340_MAR_R_NT_004.SEN3
541b5a60-9a3e-353e-9dc6-e5660b210e15,S3A_OL_1_EFR____20200212T134230_20200212T134530_20240601T201855_0179_055_010_2160_MAR_R_NT_004.SEN3
de37b43e-9aae-32b0-8ea2-a8ba80ac6217,S3B_OL_1_EFR____20210915T134343_20210915T134643_20240527T060357_0179_057_067_2340_MAR_R_NT_004.SEN3
9d3b5b33-87fa-3b49-ac67-6f55f30b56d8,S3A_OL_1_EFR____20220427T155339_20220427T155639_20240605T035129_0179_084_325_2160_MAR_R_NT_004.SEN3
8e60ee89-ed27-3e0d-95bf-6ffadf3f5263,S3B_OL_1_EFR____20180805T135954_20180805T140254_20240620T184656_0179_011_167_2340_MAR_R_NT_004.SEN3
0bed0b88-451e-300d-88b5-1cc64c24bb54,S3A_OL_1_EFR____20221023T151523_20221023T151823_20240605T152315_0179_091_182_2340_MAR_R_NT_004.SEN3
c8d106fc-0c46-3811-aa24-597c7d37676b,S3B_OL_1_EFR____20240719T151402_20240719T151702_20240921T202456_0179_095_239_2340_MAR_R_NT_004.SEN3
f914d211-9478-41ca-83fd-07c8ac549931,S3B_OL_1_EFR____20241027T151829_20241027T152129_20241028T081117_0180_099_125_2160_PS2_O_NT_004.SEN3
8a9080de-92e4-3496-92b0-9ae7215bfc7d,S3B_OL_1_EFR____20180623T155254_20180623T155554_20240620T151646_0180_009_325_2160_MAR_R_NT_004.SEN3
55cc15ac-b62d-34f9-a909-149da5e2e3b8,S3B_OL_1_EFR____20210410T152047_20210410T152347_20240526T220403_0179_051_125_2340_MAR_R_NT_004.SEN3
d1a8cfee-4166-3603-8fe3-b7c5378e3eae,S3A_OL_1_EFR____20190525T140116_20190525T140416_20240531T231425_0179_045_110_2160_MAR_R_NT_004.SEN3
190f3a5c-ac5f-31c0-b4b6-c5f5d9f4fdef,S3B_OL_1_EFR____20180519T153151_20180519T153451_20240620T121326_0179_003_196_2160_MAR_R_NT_004.SEN3
a0ce5e07-1c5a-4cfa-bf37-df0cdd95f071,S3B_OL_1_EFR____20251006T150256_20251006T150556_20251007T162824_0179_112_025_2340_ESA_O_NT_004.SEN3
99062f29-98da-318d-8bdc-3d15cb0bf6f8,S3B_OL_1_EFR____20211023T153634_20211023T153934_20240527T110100_0179_058_225_2160_MAR_R_NT_004.SEN3
da0c11ab-9259-3bf5-bd6e-367651a078e6,S3B_OL_1_EFR____20250603T140003_20250603T140303_20250604T155850_0179_107_167_2160_ESA_O_NT_004.SEN3
024bb0af-4091-35bf-822c-77f5f29a424c,S3A_OL_1_EFR____20210628T151144_20210628T151444_20240603T104322_0179_073_239_2340_MAR_R_NT_004.SEN3
fe681b6a-6280-3a8e-8739-0f1402dc7778,S3A_OL_1_EFR____20180616T153742_20180616T154042_20240530T213001_0180_032_225_2340_MAR_R_NT_004.SEN3
6f589c79-2d45-34fe-b304-a5ee68c7db16,S3B_OL_1_EFR____20210628T142920_20210628T143220_20240527T042929_0179_054_096_2160_MAR_R_NT_004.SEN3
78e62805-8dc0-3042-b5fe-28988598c016,S3A_OL_1_EFR____20190719T151603_20190719T151903_20240601T023552_0179_047_125_2160_MAR_R_NT_004.SEN3
885cc516-7e49-36ae-ac3f-9274f1057159,S3A_OL_1_EFR____20210427T151911_20210427T152211_20240603T054045_0179_071_125_2340_MAR_R_NT_004.SEN3
301ba0f5-b076-3476-8c8f-98ad26fa309c,S3B_OL_1_EFR____20181127T140545_20181127T140845_20240621T074852_0180_019_110_2340_MAR_R_NT_004.SEN3
472a7860-3376-3686-86c4-2963488ccbd3,S3B_OL_1_EFR____20200730T150550_20200730T150850_20240526T115918_0179_041_353_2340_MAR_R_NT_004.SEN3
7b397921-adc4-3b9c-b5ee-0cbfa6823cd2,S3B_OL_1_EFR____20211119T135838_20211119T140138_20240527T124254_0179_059_224_2340_MAR_R_NT_004.SEN3
ced3070b-0649-3e0e-a96a-b0b7633d2753,S3A_OL_1_EFR____20230915T135347_20230915T135647_20240919T192959_0179_103_224_2160_MAR_R_NT_004.SEN3
c687a54d-6d5d-30f4-a108-59b4fd71047e,S3B_OL_1_EFR____20220212T135151_20220212T135451_20240523T180337_0179_062_281_2160_MAR_R_NT_004.SEN3
24ff1c20-bff6-300a-9ae7-8240bf9d831c,S3B_OL_1_EFR____20200422T143203_20200422T143503_20240526T071746_0179_038_096_2340_MAR_R_NT_004.SEN3
fbaefcf0-4589-386d-b8ec-9598e171fab0,S3A_OL_1_EFR____20180809T153737_20180809T154037_20240531T030256_0179_034_225_2340_MAR_R_NT_004.SEN3
997b3c2e-860f-4ee4-a7ee-fde9f5d8e02d,S3A_OL_1_EFR____20250911T144915_20250911T145215_20250912T154742_0180_130_196_2340_PS1_O_NT_004.SEN3
1b303b29-2915-3339-98e2-c1cb3f9b5b08,S3A_OL_1_EFR____20210716T140124_20210716T140424_20240603T115010_0179_074_110_2160_MAR_R_NT_004.SEN3
db85a23a-50e1-328a-aba3-9228b890b296,S3B_OL_1_EFR____20180705T140041_20180705T140341_20240620T171730_0179_010_110_2160_MAR_R_NT_004.SEN3
b7c77831-c81e-3051-a9a3-75b47cfda0e8,S3A_OL_1_EFR____20190110T140108_20190110T140408_20240531T142147_0179_040_110_2160_MAR_R_NT_004.SEN3
e5f70d8e-1b1c-37c6-8f3c-c0019bd7b3ee,S3B_OL_1_EFR____20180628T134459_20180628T134759_20240620T135825_0179_010_010_2340_MAR_R_NT_004.SEN3
e6692c3b-2f9d-33d2-a135-1495dd919d3a,S3B_OL_1_EFR____20240618T151743_20240618T152043_20240921T165518_0179_094_182_2340_MAR_R_NT_004.SEN3
accb9aa1-11ef-3a04-adcf-42c5c5821012,S3A_OL_1_EFR____20191014T142256_20191014T142556_20240601T105018_0179_050_210_2340_MAR_R_NT_004.SEN3
bd60a53d-b0a1-32ac-88c5-ba8b480032cf,S3B_OL_1_EFR____20240428T153704_20240428T154004_20240921T144408_0179_092_225_2160_MAR_R_NT_004.SEN3
f6feedcd-5075-4eda-bf66-59d53ee27ce2,S3B_OL_1_EFR____20241122T154442_20241122T154742_20241123T075441_0179_100_111_2160_PS2_O_NT_004.SEN3
66da0c33-19a1-384a-ac29-610c80a6785a,S3A_OL_1_EFR____20230207T153834_20230207T154134_20240605T224733_0179_095_168_2160_MAR_R_NT_004.SEN3
a4399dc9-35c8-3db0-9d9a-bee17a963068,S3B_OL_1_EFR____20210224T144407_20210224T144707_20240526T220528_0179_049_253_2160_MAR_R_NT_004.SEN3
616be59c-6613-3245-bfca-cb53ca3e0026,S3A_OL_1_EFR____20200912T150405_20200912T150705_20240602T111755_0179_062_353_2340_MAR_R_NT_004.SEN3
3425c603-7e7d-3830-a0da-c8d7d90e5e93,S3B_OL_1_EFR____20201022T134416_20201022T134716_20240526T123323_0179_045_010_2160_MAR_R_NT_004.SEN3
1ffe6e98-12b3-36aa-9b20-36206d6fdbb3,S3A_OL_1_EFR____20230418T134542_20230418T134842_20240606T031816_0179_098_010_2340_MAR_R_NT_004.SEN3
38fdf200-260f-3416-8f93-c9ad2eadb80e,S3B_OL_1_EFR____20211116T151711_20211116T152011_20240527T094416_0180_059_182_2340_MAR_R_NT_004.SEN3
57d35411-4428-3ff5-9fda-54e9ebb35339,S3A_OL_1_EFR____20210327T152250_20210327T152550_20240603T034331_0179_070_068_2340_MAR_R_NT_004.SEN3
d12a9225-8e3c-3ba1-a428-4abaec8b2377,S3A_OL_1_EFR____20181129T153054_20181129T153354_20240531T105722_0179_038_282_2160_MAR_R_NT_004.SEN3
9433baec-49ed-3078-8f1a-537612c7d903,S3B_OL_1_EFR____20250127T153622_20250127T153922_20250128T160644_0179_102_282_2340_ESA_O_NT_004.SEN3
bababa49-89fb-3d98-99e5-dc0cd5513742,S3A_OL_1_EFR____20220706T140039_20220706T140339_20240605T094739_0179_087_167_2340_MAR_R_NT_004.SEN3
c4a539e9-aeb6-3754-bf03-64847a82f239,S3A_OL_1_EFR____20230503T153453_20230503T153753_20240606T044959_0179_098_225_2160_MAR_R_NT_004.SEN3
665c8c4a-9b24-49cb-b792-11e3b7bcc519,S3A_OL_1_EFR____20251006T154140_20251006T154440_20251007T164310_0179_131_168_2340_PS1_O_NT_004.SEN3
fa34dbfb-7ce5-391c-9a81-c70fe672e32b,S3B_OL_1_EFR____20191202T155117_20191202T155417_20240525T210642_0179_032_382_2160_MAR_R_NT_004.SEN3
81225454-74db-3921-bc62-d1d915ccf6a2,S3A_OL_1_EFR____20190321T134911_20190321T135211_20240531T185453_0179_042_338_2340_MAR_R_NT_004.SEN3
bb02e4dc-d4e4-367c-aef4-49ce0d08c6ea,S3A_OL_1_EFR____20201216T135726_20201216T140026_20240602T195702_0180_066_167_2160_MAR_R_NT_004.SEN3
2dc5297f-618c-3b95-8181-c4b9fbb11036,S3B_OL_1_EFR____20250506T142910_20250506T143210_20250507T151248_0179_106_153_2340_ESA_O_NT_004.SEN3
92171591-a17c-3220-8081-6f5b9dc82b25,S3A_OL_1_EFR____20240430T134240_20240430T134540_20240920T133453_0179_112_010_2160_MAR_R_NT_004.SEN3
6cade5f5-d016-392d-9ddb-1f5ee99a21d3,S3B_OL_1_EFR____20200218T134749_20200218T135049_20240526T005442_0179_035_338_2160_MAR_R_NT_004.SEN3
bb1df127-61c5-311d-a107-e5f0644f2c75,S3A_OL_1_EFR____20200131T153443_20200131T153743_20240601T192057_0179_054_225_2160_MAR_R_NT_004.SEN3
9d2a0178-0991-3af4-8ea4-35a24096d3ca,S3B_OL_1_EFR____20200616T154358_20200616T154658_20240526T065029_0179_040_111_2160_MAR_R_NT_004.SEN3
336f3855-9478-3fc8-bec4-98be4b93414a,S3B_OL_1_EFR____20210701T145147_20210701T145447_20240527T032849_0179_054_139_2160_MAR_R_NT_004.SEN3
6fbb675d-809c-38fc-8a9b-472f242c779f,S3B_OL_1_EFR____20230706T153658_20230706T153958_20240627T155220_0179_081_225_2160_MAR_R_NT_004.SEN3
4e80d078-ff79-4dec-8289-77851d97dc91,S3A_OL_1_EFR____20240821T145338_20240821T145638_20240822T151858_0179_116_082_2160_PS1_O_NT_004.SEN3
8c6ffd1b-e374-467d-8d91-ea7f0b0f1e5d,S3A_OL_1_EFR____20250420T152256_20250420T152556_20250421T160849_0179_125_068_2340_PS1_O_NT_004.SEN3
a5d602be-a1f7-3002-b8e2-8f543836f90d,S3B_OL_1_EFR____20190106T150921_20190106T151221_20240525T062517_0179_020_296_2340_MAR_R_NT_004.SEN3
a8ae2eff-0bda-3a57-b412-4a882d5eab9b,S3A_OL_1_EFR____20180612T135727_20180612T140027_20240530T210039_0179_032_167_2160_MAR_R_NT_004.SEN3
81f0cc1c-1c66-32a5-9fff-5f0d91675e2e,S3B_OL_1_EFR____20250223T153626_20250223T153926_20250224T160609_0180_103_282_2340_ESA_O_NT_004.SEN3
1e3a0308-9099-328e-9ed3-876c4a5239d8,S3A_OL_1_EFR____20230603T153407_20230603T153707_20240628T031242_0179_099_282_2340_MAR_R_NT_004.SEN3
33e5550e-1502-4eb0-a229-072e4450764a,S3A_OL_1_EFR____20250423T154522_20250423T154822_20250424T163233_0179_125_111_2340_PS1_O_NT_004.SEN3
f922f1f7-061e-3492-9e0a-006e9eb5eadf,S3B_OL_1_EFR____20220109T151409_20220109T151709_20240523T153407_0179_061_182_2160_MAR_R_NT_004.SEN3
0a19eb37-4ebd-3727-9ace-57a3661dc44e,S3A_OL_1_EFR____20210720T154138_20210720T154438_20240603T123514_0179_074_168_2340_MAR_R_NT_004.SEN3
983b76f5-cb4d-33cd-bd87-55bae33882d8,S3A_OL_1_EFR____20210820T153750_20210820T154050_20240603T145544_0179_075_225_2340_MAR_R_NT_004.SEN3
62832e95-5e54-339c-981d-884547dc508d,S3B_OL_1_EFR____20220117T150640_20220117T150940_20240523T141632_0179_061_296_2160_MAR_R_NT_004.SEN3
d91854bd-1bb2-31e4-aeae-6f8d27f8f83b,S3B_OL_1_EFR____20230521T135126_20230521T135426_20240527T202145_0180_079_338_2340_MAR_R_NT_004.SEN3
cfac6ab2-2adc-4808-96de-15934e931f1a,S3A_OL_1_EFR____20250605T134629_20250605T134929_20250606T143321_0179_126_338_2160_PS1_O_NT_004.SEN3
cc386249-78bf-3f39-bcd7-bada028c5da8,S3B_OL_1_EFR____20210130T153542_20210130T153842_20240526T201100_0179_048_282_2340_MAR_R_NT_004.SEN3
4bbe9cc3-1eb9-37b4-a51b-a9f55b553e90,S3B_OL_1_EFR____20200122T134749_20200122T135049_20240526T034544_0179_034_338_2160_MAR_R_NT_004.SEN3
cc8f9105-5a75-38c2-b215-3ea4770ff5b4,S3B_OL_1_EFR____20181205T135515_20181205T135815_20240621T074752_0179_019_224_2160_MAR_R_NT_004.SEN3
f950ff94-93dc-371d-a6ce-1a16405ad73c,S3A_OL_1_EFR____20180308T153007_20180308T153307_20240530T130335_0179_028_339_2340_MAR_R_NT_004.SEN3
391d3552-48d1-3d1b-896d-f1551730c3f2,S3A_OL_1_EFR____20181006T153357_20181006T153657_20240531T065957_0179_036_282_2340_MAR_R_NT_004.SEN3
90503959-356b-3d7e-abb4-b9051e41330f,S3A_OL_1_EFR____20190202T154553_20190202T154853_20240531T151317_0179_041_054_2160_MAR_R_NT_004.SEN3
2f0c2818-5bc6-34ba-a38f-d1b6cb51b89e,S3A_OL_1_EFR____20180821T152623_20180821T152923_20240531T033015_0179_035_011_2340_MAR_R_NT_004.SEN3
3d7e693b-ac91-41bb-a5d9-ed5fda2d4430,S3B_OL_1_EFR____20251112T140011_20251112T140311_20251113T151929_0179_113_167_2160_ESA_O_NT_004.SEN3
45cbdd5a-84b1-328a-bf8a-320aa6f9e787,S3A_OL_1_EFR____20180211T143748_20180211T144048_20240530T112039_0179_027_367_2340_MAR_R_NT_004.SEN3
759b1fc5-c9f1-33e2-bb4e-3069c230d9d3,S3A_OL_1_EFR____20220109T141235_20220109T141535_20240604T080639_0179_080_324_2160_MAR_R_NT_004.SEN3
3987b04b-8efb-3261-982a-0d81ec9f6d62,S3B_OL_1_EFR____20190220T154303_20190220T154603_20240525T054404_0179_022_168_2340_MAR_R_NT_004.SEN3
9bd2e5e0-ce81-33b9-a114-03d2fc502638,S3B_OL_1_EFR____20181224T154344_20181224T154644_20240525T081227_0179_020_111_2160_MAR_R_NT_004.SEN3
61afd628-e786-34b6-b60c-26d5d493b208,S3A_OL_1_EFR____20200409T154600_20200409T154900_20240602T003147_0179_057_054_2160_MAR_R_NT_004.SEN3
6ac7794f-080a-3a39-a2b5-8734f9174112,S3A_OL_1_EFR____20240216T154217_20240216T154517_20240920T081347_0179_109_111_2160_MAR_R_NT_004.SEN3
c77ef39a-e24c-3278-aad0-a55b1c0e2d63,S3B_OL_1_EFR____20210703T140225_20210703T140525_20240527T033611_0179_054_167_2340_MAR_R_NT_004.SEN3
705cff9b-cd6d-3a12-b8d0-5dcd45cbbb03,S3A_OL_1_EFR____20240716T134623_20240716T134923_20240920T201508_0180_114_338_2160_MAR_R_NT_004.SEN3
eb7dea75-a1c3-31b1-8410-ed918ca642f0,S3B_OL_1_EFR____20180601T152525_20180601T152825_20240620T125052_0180_008_011_2340_MAR_R_NT_004.SEN3
751b1ff9-26cd-3cb1-85a0-9cb7d083fd37,S3A_OL_1_EFR____20180312T152321_20180312T152621_20240530T124900_0180_029_011_2160_MAR_R_NT_004.SEN3
7711d19e-37ee-3015-b22d-e6e031628c46,S3B_OL_1_EFR____20240525T154007_20240525T154307_20240921T155934_0180_093_225_2340_MAR_R_NT_004.SEN3
37f2b08d-de04-354f-980f-8d053c1c68d0,S3B_OL_1_EFR____20181209T135430_20181209T135730_20240621T083529_0179_019_281_2340_MAR_R_NT_004.SEN3
3895cd44-ac55-356a-9ced-979058da469b,S3A_OL_1_EFR____20181025T153826_20181025T154126_20240531T090257_0179_037_168_2160_MAR_R_NT_004.SEN3
eea819f5-e252-36e9-b041-c471acf9c7d9,S3A_OL_1_EFR____20210224T134535_20210224T134835_20240603T003647_0179_069_010_2340_MAR_R_NT_004.SEN3
9d453d4b-02fd-3c67-991b-7ffc255f8a6c,S3A_OL_1_EFR____20210128T134537_20210128T134837_20240602T223725_0180_068_010_2340_MAR_R_NT_004.SEN3
d8302bb2-9d19-3aa9-af18-bcd10d5664c1,S3B_OL_1_EFR____20230928T141823_20230928T142123_20240921T024722_0179_084_267_2160_MAR_R_NT_004.SEN3
2e2fb785-7761-4a67-a0da-fe54a548aaaa,S3A_OL_1_EFR____20250121T134623_20250121T134923_20250122T141212_0179_121_338_2160_PS1_O_NT_004.SEN3
817ac653-b564-42fd-bb07-918488d405cf,S3B_OL_1_EFR____20240825T141111_20240825T141411_20240825T221538_0179_096_381_2160_PS2_O_NT_004.SEN3
edb7391c-ef6a-3e55-a42e-38f1cbf3b0c8,S3A_OL_1_EFR____20201011T154945_20201011T155245_20240602T132423_0179_063_382_2160_MAR_R_NT_004.SEN3
849a835f-0e01-336c-a8c0-c87b86a52f7d,S3A_OL_1_EFR____20230123T134621_20230123T134921_20240605T212844_0180_094_338_2160_MAR_R_NT_004.SEN3
3d9dcf19-fb4c-424b-9486-fc7a96a7f081,S3B_OL_1_EFR____20241231T153326_20241231T153626_20250101T081532_0179_101_282_2160_PS2_O_NT_004.SEN3
f4d2b898-31e5-3b23-96a7-1bc49dd82718,S3B_OL_1_EFR____20181224T140245_20181224T140545_20240525T070502_0179_020_110_2160_MAR_R_NT_004.SEN3
db10ab4c-e2d5-3201-bef6-a33ca5cce0d8,S3A_OL_1_EFR____20210223T154946_20210223T155246_20240603T013519_0179_068_382_2160_MAR_R_NT_004.SEN3
af2e2fc6-f1cb-47c2-baa8-43b386788ec2,S3B_OL_1_EFR____20251113T151800_20251113T152100_20251114T161327_0179_113_182_2340_ESA_O_NT_004.SEN3
2eca21e9-ea79-3c86-9140-c2983ecffd82,S3B_OL_1_EFR____20230812T144009_20230812T144309_20240920T234339_0179_082_367_2340_MAR_R_NT_004.SEN3
c4ae83b4-6ee5-3f08-abd0-e00e24b9e682,S3A_OL_1_EFR____20181103T150746_20181103T151046_20240531T093840_0179_037_296_2340_MAR_R_NT_004.SEN3
805571fa-434f-31d3-bc70-9c052550487b,S3B_OL_1_EFR____20220531T135502_20220531T135802_20240523T233139_0179_066_281_2340_MAR_R_NT_004.SEN3
0b527f27-80f8-3bd7-bfcb-0a1c9a31772a,S3B_OL_1_EFR____20190308T134709_20190308T135009_20240525T100525_0179_023_010_2340_MAR_R_NT_004.SEN3
992f1189-ad54-3fc4-acda-e44e2ea7e807,S3B_OL_1_EFR____20230206T134437_20230206T134737_20240527T144703_0179_076_010_2160_MAR_R_NT_004.SEN3
2f5445a2-20af-33d5-9a72-e203eaaf5b0c,S3A_OL_1_EFR____20200228T151131_20200228T151431_20240601T204125_0179_055_239_2340_MAR_R_NT_004.SEN3
91b7a6b2-7b5d-3a75-9115-795e2f05711d,S3B_OL_1_EFR____20250204T134755_20250204T135055_20250205T135801_0179_103_010_2340_ESA_O_NT_004.SEN3
a668f414-a4f3-4246-9060-9bab49ddf4b0,S3B_OL_1_EFR____20251028T135156_20251028T135456_20251029T151024_0179_112_338_2340_ESA_O_NT_004.SEN3
87a1dba6-8632-33da-a5b9-e7c7c06d918e,S3A_OL_1_EFR____20190814T154211_20190814T154511_20240601T060337_0179_048_111_2160_MAR_R_NT_004.SEN3
f208e311-16f4-3b7a-b1f1-7fd8cf321e71,S3A_OL_1_EFR____20201004T135004_20201004T135304_20240602T135201_0179_063_281_2160_MAR_R_NT_004.SEN3
f9c4e330-3b8b-3cc5-9996-2e44e8eb82c5,S3B_OL_1_EFR____20220928T152449_20220928T152749_20240524T062322_0179_071_068_2340_MAR_R_NT_004.SEN3
6c606310-2c15-32d9-9d72-7470146a5d19,S3B_OL_1_EFR____20191010T134403_20191010T134703_20240525T172503_0179_031_010_2160_MAR_R_NT_004.SEN3
087000d2-1a7d-4691-8008-2e17bf757375,S3A_OL_1_EFR____20250505T135012_20250505T135312_20250506T144125_0179_125_281_2160_PS1_O_NT_004.SEN3
053a0178-2fb5-33d8-89f1-6d9ed84693fb,S3A_OL_1_EFR____20240426T153023_20240426T153323_20240920T132453_0180_111_339_2340_MAR_R_NT_004.SEN3
1ed365e9-4306-30a5-935c-63999dcfaf25,S3B_OL_1_EFR____20220912T153649_20220912T153949_20240524T055604_0179_070_225_2160_MAR_R_NT_004.SEN3
1d570e61-b613-322d-8fbd-f5d29eef11d8,S3B_OL_1_EFR____20250727T140309_20250727T140609_20250728T152349_0179_109_167_2340_ESA_O_NT_004.SEN3
27a88196-c4aa-3b57-ac42-ba26a1df151d,S3A_OL_1_EFR____20210917T151139_20210917T151439_20240603T173758_0179_076_239_2340_MAR_R_NT_004.SEN3
94b5e5fe-460d-3573-a292-ce614e1ca55e,S3A_OL_1_EFR____20220122T151613_20220122T151913_20240604T204023_0179_081_125_2160_MAR_R_NT_004.SEN3
3f0ec6cd-a107-37ae-812b-663e03cf0c48,S3B_OL_1_EFR____20250503T154741_20250503T155041_20250504T154136_0179_106_111_2340_ESA_O_NT_004.SEN3
056a2b0a-a9ec-4ecc-92b6-3f94234b6d13,S3B_OL_1_EFR____20241023T152212_20241023T152512_20241024T075927_0179_099_068_2160_PS2_O_NT_004.SEN3
04520dd9-8cf7-3b51-9a1d-b50e95fdd1b8,S3A_OL_1_EFR____20211110T151140_20211110T151440_20240604T041424_0179_078_239_2340_MAR_R_NT_004.SEN3
703746e3-fa8a-43f2-a41e-a7f54a9adcaf,S3A_OL_1_EFR____20250521T151615_20250521T151915_20250522T160519_0179_126_125_2160_PS1_O_NT_004.SEN3
f63dfe76-b97f-30f0-8ef3-4aaf9680657d,S3A_OL_1_EFR____20230219T152719_20230219T153019_20240605T225004_0179_095_339_2160_MAR_R_NT_004.SEN3
fece2de4-a061-353e-ba63-a9819d27e552,S3B_OL_1_EFR____20250131T134838_20250131T135138_20250201T150215_0179_102_338_2160_ESA_O_NT_004.SEN3
9ef2341c-40c0-3f86-b5b0-bfe24e701fb9,S3A_OL_1_EFR____20190507T151135_20190507T151435_20240531T215608_0180_044_239_2340_MAR_R_NT_004.SEN3
ed8f7106-f769-353f-b20d-7512f52d471e,S3B_OL_1_EFR____20180712T142223_20180712T142523_20240620T175725_0179_010_210_2340_MAR_R_NT_004.SEN3
b1bc776a-dff0-369c-9a25-8408ca8dc1aa,S3B_OL_1_EFR____20180515T152510_20180515T152810_20240620T111439_0179_003_139_2340_MAR_R_NT_004.SEN3
22ad31c6-5f69-3eda-9d0d-f1db465c7960,S3B_OL_1_EFR____20200605T135059_20200605T135359_20240526T085348_0179_039_338_2340_MAR_R_NT_004.SEN3
54cc8be9-bc37-3c33-9f4d-24993c7b5450,S3B_OL_1_EFR____20230114T134349_20230114T134649_20240527T124945_0179_075_067_2340_MAR_R_NT_004.SEN3
95c2abda-db16-3911-b87a-e5a979746f16,S3A_OL_1_EFR____20210307T140032_20210307T140332_20240603T023557_0179_069_167_2340_MAR_R_NT_004.SEN3
4492a639-a1de-3a04-a6dd-6b02f3458797,S3B_OL_1_EFR____20210514T153932_20210514T154232_20240527T003845_0179_052_225_2340_MAR_R_NT_004.SEN3
3e70b551-f9c8-3503-9ea9-ee5aa606fcaf,S3A_OL_1_EFR____20200816T150406_20200816T150706_20240602T101309_0179_061_353_2340_MAR_R_NT_004.SEN3
f25a62e1-6e91-33e8-9441-7101378fd945,S3B_OL_1_EFR____20250510T142226_20250510T142526_20250511T143844_0179_106_210_2160_ESA_O_NT_004.SEN3
d626359d-14ae-32d4-8921-c0d6029ac16f,S3B_OL_1_EFR____20181105T135609_20181105T135909_20240621T055953_0179_016_324_2340_MAR_R_NT_004.SEN3
d9a58f85-ff0f-4eed-ab49-75b6e93f780e,S3B_OL_1_EFR____20250915T154452_20250915T154752_20250916T165930_0179_111_111_2160_ESA_O_NT_004.SEN3
338aafb3-f555-4a6b-ae4a-b0a043365ab2,S3A_OL_1_EFR____20250117T135007_20250117T135307_20250118T141235_0179_121_281_2160_PS1_O_NT_004.SEN3
6f5e06fd-a93b-496b-a992-85d6dc5774ac,S3A_OL_1_EFR____20250618T145004_20250618T145304_20250619T154334_0179_127_139_2160_PS1_O_NT_004.SEN3
2feaf97f-c0b6-3e7c-add6-c91fc35d498f,S3B_OL_1_EFR____20190705T154002_20190705T154302_20240525T125107_0179_027_168_2160_MAR_R_NT_004.SEN3
93e0ff81-3c19-3a63-be77-20ed309736a1,S3B_OL_1_EFR____20180527T154728_20180527T155028_20240620T131321_0179_004_296_2160_MAR_R_NT_004.SEN3
11cf27b0-1f3b-4169-b871-9a51c9bdaf2b,S3B_OL_1_EFR____20241210T143721_20241210T144021_20241210T231327_0179_100_367_2160_PS2_O_NT_004.SEN3
f1c5fc8c-3156-3ac6-ad77-202df575ccca,S3B_OL_1_EFR____20190319T140208_20190319T140508_20240525T105517_0179_023_167_2340_MAR_R_NT_004.SEN3
35a5c9ca-612a-3fa7-b214-2b7cc2c934cb,S3A_OL_1_EFR____20180205T135255_20180205T135555_20240530T105254_0180_027_281_2340_MAR_R_NT_004.SEN3
4ec4672b-d0a9-39b5-86a2-e3247a5b52de,S3A_OL_1_EFR____20211005T140122_20211005T140422_20240604T010441_0179_077_110_2160_MAR_R_NT_004.SEN3
37c630a0-5665-34f2-a5f9-49cd35a3bf89,S3A_OL_1_EFR____20181102T134958_20181102T135258_20240531T085122_0179_037_281_2160_MAR_R_NT_004.SEN3
55c45fff-47bf-3d40-8d37-1ae40f9ba38e,S3A_OL_1_EFR____20181203T134610_20181203T134910_20240531T110855_0179_038_338_2160_MAR_R_NT_004.SEN3
a733c642-de0b-3bd0-adaa-991a1f832513,S3B_OL_1_EFR____20190608T140202_20190608T140502_20240525T132330_0179_026_167_2340_MAR_R_NT_004.SEN3
8426487b-ad45-48a0-8c1c-408ed755e8cd,S3B_OL_1_EFR____20240822T135144_20240822T135444_20240822T221043_0179_096_338_2340_PS2_O_NT_004.SEN3
50e04305-d246-3136-b556-bf49098e1dcf,S3A_OL_1_EFR____20180628T152328_20180628T152628_20240530T233247_0180_033_011_2160_MAR_R_NT_004.SEN3
56a2de33-f922-322f-8b89-1724148327de,S3A_OL_1_EFR____20240326T135307_20240326T135607_20240920T114516_0179_110_281_2340_MAR_R_NT_004.SEN3
78c51fa2-b3f5-3d99-b371-aba8091fdfdc,S3B_OL_1_EFR____20220204T135918_20220204T140218_20240523T163303_0179_062_167_2160_MAR_R_NT_004.SEN3
bd989158-7dec-3627-9949-7b1ad4814eb6,S3B_OL_1_EFR____20230915T145847_20230915T150147_20240921T021741_0179_084_082_2340_MAR_R_NT_004.SEN3
930d36bc-aac1-349a-bae0-b1448ad58347,S3A_OL_1_EFR____20180612T153826_20180612T154126_20240530T213918_0180_032_168_2160_MAR_R_NT_004.SEN3
8ded50f0-ea54-3a7f-b915-3b9097c6408b,S3A_OL_1_EFR____20190711T152632_20190711T152932_20240601T013429_0179_047_011_2340_MAR_R_NT_004.SEN3
480a2be3-7afc-3d61-b2b3-1f7c258de482,S3B_OL_1_EFR____20230814T134748_20230814T135048_20240920T231928_0179_083_010_2340_MAR_R_NT_004.SEN3
03b25073-f2fd-3fd8-acd9-6e030986300e,S3A_OL_1_EFR____20221218T142258_20221218T142558_20240605T184025_0180_093_210_2340_MAR_R_NT_004.SEN3
00abc0b3-de0d-329e-a4bf-d55e819f4f3e,S3B_OL_1_EFR____20220223T154749_20220223T155049_20240523T165705_0179_063_054_2160_MAR_R_NT_004.SEN3
2210c370-8360-331a-908d-91e3bee1574e,S3B_OL_1_EFR____20190821T152121_20190821T152421_20240525T153719_0179_029_068_2160_MAR_R_NT_004.SEN3
206cee16-70df-389f-b0b6-48554960cdca,S3A_OL_1_EFR____20190925T141226_20190925T141526_20240601T081621_0179_049_324_2160_MAR_R_NT_004.SEN3
178a0927-22c0-3341-b9f9-6ec8bf7cadfa,S3B_OL_1_EFR____20230521T152926_20230521T153226_20240527T215625_0179_079_339_2160_MAR_R_NT_004.SEN3
8a6678d3-d003-3feb-9564-4bd98b41d9b0,S3B_OL_1_EFR____20230321T151337_20230321T151637_20240527T202057_0179_077_239_2340_MAR_R_NT_004.SEN3
b733bebb-84df-3f3f-9f78-3e5fec9943f2,S3A_OL_1_EFR____20210124T134621_20210124T134921_20240602T225934_0179_067_338_2160_MAR_R_NT_004.SEN3
44029a2a-7bbe-37ce-a8c8-3cb676262d08,S3A_OL_1_EFR____20230929T143110_20230929T143410_20240919T211422_0179_104_039_2160_MAR_R_NT_004.SEN3
50ac61d6-3c71-3260-9e48-8013997ea6ee,S3B_OL_1_EFR____20181206T151004_20181206T151304_20240621T093014_0179_019_239_2160_MAR_R_NT_004.SEN3
08d7e8a4-dc7f-4b8f-8f42-8f4aac2aacb6,S3A_OL_1_EFR____20250627T141925_20250627T142225_20250628T150932_0179_127_267_2340_PS1_O_NT_004.SEN3
6202c3da-4002-4a9a-a7ba-469066925ff4,S3B_OL_1_EFR____20240827T150249_20240827T150549_20240828T000429_0179_097_025_2340_PS2_O_NT_004.SEN3
4f907281-d8ac-3219-815f-9223f907261d,S3B_OL_1_EFR____20200530T144705_20200530T145005_20240526T072849_0179_039_253_2340_MAR_R_NT_004.SEN3
d2ff9c45-1b01-43c2-82ca-db2fb5724001,S3B_OL_1_EFR____20240909T142523_20240909T142823_20240909T221927_0180_097_210_2340_PS2_O_NT_004.SEN3
2af735a1-b4f4-31b5-a4a5-190dbc604eaf,S3B_OL_1_EFR____20190307T155119_20190307T155419_20240525T085136_0180_022_382_2160_MAR_R_NT_004.SEN3
6fd79db6-f0cc-396b-a781-33ab9ce61135,S3B_OL_1_EFR____20201125T140302_20201125T140602_20240526T142354_0179_046_110_2160_MAR_R_NT_004.SEN3
12bcdfb6-1ab2-382d-9300-50b497aa5285,S3A_OL_1_EFR____20240304T150407_20240304T150707_20240920T084311_0179_109_353_2340_MAR_R_NT_004.SEN3
29134269-a072-43ae-868b-078dc306b431,S3A_OL_1_EFR____20240829T144909_20240829T145209_20240830T152221_0179_116_196_2340_PS1_O_NT_004.SEN3
09759439-c066-36d1-937b-044b489e871b,S3A_OL_1_EFR____20180128T153823_20180128T154123_20240530T100449_0179_027_168_2160_MAR_R_NT_004.SEN3
7a467ffc-83ec-3de1-868a-eff3e531d329,S3A_OL_1_EFR____20220309T134239_20220309T134539_20240605T002932_0179_083_010_2160_MAR_R_NT_004.SEN3
4d0bc7c5-1d63-3f75-81fb-d767de7128f5,S3B_OL_1_EFR____20181003T151058_20181003T151358_20240621T004903_0179_013_239_2340_MAR_R_NT_004.SEN3
05b15664-22a5-4dbf-88ba-ce61081ba40e,S3A_OL_1_EFR____20250401T151524_20250401T151824_20250402T160321_0179_124_182_2340_PS1_O_NT_004.SEN3
98108482-7ddb-411a-b2e7-09a039368cef,S3B_OL_1_EFR____20250119T135954_20250119T140254_20250119T215954_0180_102_167_2160_PS2_O_NT_004.SEN3
cbacddaa-2741-31cb-aef8-8a2a6e96d257,S3B_OL_1_EFR____20220316T150555_20220316T150855_20240523T180834_0179_063_353_2340_MAR_R_NT_004.SEN3
2a9adda1-9005-3ef6-9d8b-f439d0cf1f8e,S3A_OL_1_EFR____20180408T134527_20180408T134826_20240530T152146_0179_030_010_2340_MAR_R_NT_004.SEN3
0b349ddc-dc1c-3358-a29a-8a9531456a6b,S3A_OL_1_EFR____20230823T135259_20230823T135559_20240919T163508_0179_102_281_2340_MAR_R_NT_004.SEN3
a67ce298-ef2c-3511-ae8c-3a9b4c8b3316,S3A_OL_1_EFR____20200205T150747_20200205T151047_20240601T191151_0179_054_296_2340_MAR_R_NT_004.SEN3
98a4a829-8f98-3fde-add4-e5998284157e,S3B_OL_1_EFR____20190805T135520_20190805T135820_20240525T134839_0179_028_224_2160_MAR_R_NT_004.SEN3
e8ae7b45-bf1b-323e-a7e0-d517be4a184d,S3B_OL_1_EFR____20230928T142123_20230928T142423_20240921T024741_0179_084_267_2340_MAR_R_NT_004.SEN3
bf9591d6-f639-3c14-a016-c6b7f5c64b61,S3A_OL_1_EFR____20210312T151135_20210312T151435_20240603T023942_0179_069_239_2340_MAR_R_NT_004.SEN3
7a69600e-876c-31eb-ba61-21327d2a67d0,S3A_OL_1_EFR____20230708T134535_20230708T134835_20240628T022638_0179_101_010_2340_MAR_R_NT_004.SEN3
bfc9c7b0-d04b-4438-9136-b6b2b39528a9,S3B_OL_1_EFR____20240829T141027_20240829T141327_20240829T220735_0179_097_053_2340_PS2_O_NT_004.SEN3
9ecdf2b0-4d7f-3143-a0d6-b7551346e29b,S3B_OL_1_EFR____20230517T153309_20230517T153609_20240527T201028_0179_079_282_2160_MAR_R_NT_004.SEN3
801e5b24-6cf5-3bb4-89e5-635e86163aa0,S3B_OL_1_EFR____20200802T134418_20200802T134718_20240526T101243_0179_042_010_2160_MAR_R_NT_004.SEN3
ca01be5f-e054-4ebc-bfb7-fa3b7af0111d,S3A_OL_1_EFR____20240825T144954_20240825T145254_20240826T151338_0179_116_139_2160_PS1_O_NT_004.SEN3
3964286b-50df-3863-a126-227145451d5e,S3B_OL_1_EFR____20191102T135049_20191102T135349_20240525T191148_0179_031_338_2340_MAR_R_NT_004.SEN3
0d2cb25d-f000-33de-b1c4-ba26bb8dd615,S3A_OL_1_EFR____20240213T151951_20240213T152251_20240920T082458_0179_109_068_2160_MAR_R_NT_004.SEN3
7f463457-90ec-3316-8c4c-1445fa4c00ea,S3A_OL_1_EFR____20210330T154517_20210330T154817_20240603T042726_0179_070_111_2340_MAR_R_NT_004.SEN3
3d4fb9d2-8f7b-31df-9c3f-1127651e7138,S3A_OL_1_EFR____20230607T134923_20230607T135223_20240628T032858_0179_099_338_2340_MAR_R_NT_004.SEN3
55359ca7-1b03-363d-a2f7-3bf3fbb7eee0,S3B_OL_1_EFR____20240219T134747_20240219T135047_20240921T115252_0179_090_010_2340_MAR_R_NT_004.SEN3
e55e04f1-5805-3644-aed5-a772cbb37eb7,S3A_OL_1_EFR____20220401T134626_20220401T134926_20240605T021922_0179_083_338_2160_MAR_R_NT_004.SEN3
d88d2647-3577-4d1f-95f6-d67e2aa50b18,S3A_OL_1_EFR____20240904T135301_20240904T135601_20240905T141512_0179_116_281_2340_PS1_O_NT_004.SEN3
31be929d-f67b-42d5-bdda-6b3174960d4b,S3A_OL_1_EFR____20250528T153757_20250528T154057_20250529T162219_0179_126_225_2340_PS1_O_NT_004.SEN3
6e8b579e-1974-3b12-831f-be19d33ced84,S3B_OL_1_EFR____20221129T151724_20221129T152024_20240524T093608_0179_073_182_2340_MAR_R_NT_004.SEN3
a018bb53-8c87-3aad-b493-2f0c76be28bd,S3A_OL_1_EFR____20200307T150401_20200307T150701_20240601T211836_0179_055_353_2340_MAR_R_NT_004.SEN3
a7333869-d0c1-32db-8897-b678a17aef0a,S3A_OL_1_EFR____20200123T154511_20200123T154811_20240601T184955_0179_054_111_2340_MAR_R_NT_004.SEN3
556f0b34-dd65-3593-8416-743a0505aafb,S3A_OL_1_EFR____20201016T152250_20201016T152550_20240602T151848_0179_064_068_2340_MAR_R_NT_004.SEN3
37b76534-9719-367c-9420-3d63d0222fdf,S3B_OL_1_EFR____20191118T151653_20191118T151953_20240525T210936_0179_032_182_2340_MAR_R_NT_004.SEN3
34d6b7b5-6e11-4e79-937b-7e77262572aa,S3A_OL_1_EFR____20251215T134540_20251215T134840_20251216T144538_0179_134_010_2340_PS1_O_NT_004.SEN3
3b528488-fc0d-329f-b027-a6871694da10,S3B_OL_1_EFR____20180515T134356_20180515T134656_20240620T130153_0179_003_138_2340_MAR_R_NT_004.SEN3
a5101022-42ce-391b-a75c-832709107fe1,S3B_OL_1_EFR____20240218T155158_20240218T155458_20240921T110653_0179_089_382_2160_MAR_R_NT_004.SEN3
cd3dc743-cb8d-36a2-a606-e28b913840fe,S3A_OL_1_EFR____20220102T135352_20220102T135652_20240604T072120_0180_080_224_2160_MAR_R_NT_004.SEN3
6213dd74-957e-3e94-9492-a1a7c30e17df,S3B_OL_1_EFR____20240211T135516_20240211T135816_20240921T092325_0179_089_281_2340_MAR_R_NT_004.SEN3
0bd01212-c3ea-3bfc-9ed7-bdad7b2d3096,S3A_OL_1_EFR____20220321T151526_20220321T151826_20240605T013328_0179_083_182_2340_MAR_R_NT_004.SEN3
7b7555bc-958c-30df-a0e4-f03cdb0e6402,S3B_OL_1_EFR____20191107T150154_20191107T150454_20240525T191310_0179_032_025_2340_MAR_R_NT_004.SEN3
b0656b09-6b25-3bb6-afe6-4f2cb94bd7d0,S3A_OL_1_EFR____20210112T154131_20210112T154431_20240602T222015_0180_067_168_2340_MAR_R_NT_004.SEN3
ea8d106b-b4ad-36d0-90b5-57936797233a,S3A_OL_1_EFR____20180510T145332_20180510T145632_20240530T173408_0179_031_082_2160_MAR_R_NT_004.SEN3
e6d34d71-bfd1-3131-886b-e7861d94b242,S3A_OL_1_EFR____20191006T143024_20191006T143324_20240601T102558_0179_050_096_2340_MAR_R_NT_004.SEN3
c0eaeb06-7841-39b7-9ebe-17221e63c42d,S3A_OL_1_EFR____20180910T150742_20180910T151042_20240531T050727_0179_035_296_2340_MAR_R_NT_004.SEN3
315b063a-2057-3d7d-84ef-85cc0e18f4b2,S3A_OL_1_EFR____20200131T153743_20200131T154043_20240601T192122_0179_054_225_2340_MAR_R_NT_004.SEN3
7298edc4-8691-38d6-88d7-ffc715399794,S3A_OL_1_EFR____20201004T153403_20201004T153703_20240602T132303_0179_063_282_2340_MAR_R_NT_004.SEN3
5179c476-bd9c-38cc-b3bf-3360e65ba669,S3A_OL_1_EFR____20200603T151951_20200603T152251_20240602T035535_0180_059_068_2160_MAR_R_NT_004.SEN3
c114168f-0f52-38ab-a158-df4cd4d9e402,S3A_OL_1_EFR____20190118T153439_20190118T153739_20240531T140633_0179_040_225_2160_MAR_R_NT_004.SEN3
e7eb3092-2f61-3437-af80-644e0559f351,S3A_OL_1_EFR____20180801T154507_20180801T154807_20240531T022232_0179_034_111_2340_MAR_R_NT_004.SEN3
10926b78-59ae-3303-8459-58c6e014b38d,S3B_OL_1_EFR____20230408T154716_20230408T155016_20240527T163610_0179_078_111_2340_MAR_R_NT_004.SEN3
f5a4575d-bcf0-3d98-9d16-074bcb108f76,S3A_OL_1_EFR____20211210T153105_20211210T153405_20240604T062028_0179_079_282_2160_MAR_R_NT_004.SEN3
88edf0b4-0fbd-391d-8f13-0725bdb266d6,S3A_OL_1_EFR____20220317T151910_20220317T152210_20240605T002300_0179_083_125_2340_MAR_R_NT_004.SEN3
6712e46d-39ef-30fe-9d60-34bd9781ae75,S3A_OL_1_EFR____20180621T150747_20180621T151046_20240530T223324_0179_032_296_2340_MAR_R_NT_004.SEN3
cac08694-4181-3c80-9d9c-8a61ed12ff03,S3B_OL_1_EFR____20190512T154006_20190512T154306_20240525T120026_0179_025_168_2160_MAR_R_NT_004.SEN3
7c8b630d-f233-37c7-845b-b1d1594c0bb5,S3B_OL_1_EFR____20221029T151807_20221029T152107_20240524T071906_0179_072_125_2160_MAR_R_NT_004.SEN3
e98703bc-27d4-3ecf-84df-0328014a4f7a,S3B_OL_1_EFR____20180601T134425_20180601T134725_20240620T120914_0179_008_010_2340_MAR_R_NT_004.SEN3
28226d77-9150-3326-bdc1-81258c2833d0,S3A_OL_1_EFR____20181022T151900_20181022T152200_20240531T081234_0179_037_125_2340_MAR_R_NT_004.SEN3
706ed76c-8d33-4f0f-aa55-afd96a37a821,S3A_OL_1_EFR____20240825T145254_20240825T145554_20240826T151338_0179_116_139_2340_PS1_O_NT_004.SEN3
ff92c367-1dbd-3fb3-9a3d-d3470ab704c5,S3B_OL_1_EFR____20210923T151412_20210923T151712_20240527T093159_0179_057_182_2160_MAR_R_NT_004.SEN3
0a547372-40ec-3300-9922-67b17b81c163,S3A_OL_1_EFR____20220617T153410_20220617T153710_20240605T084823_0180_086_282_2340_MAR_R_NT_004.SEN3
2fb6b6b4-f982-32e7-a727-744e16b25429,S3A_OL_1_EFR____20220206T152726_20220206T153026_20240604T214739_0179_081_339_2160_MAR_R_NT_004.SEN3
d84d541d-4b48-3463-af17-6f5cee9e76a6,S3B_OL_1_EFR____20210210T140941_20210210T141241_20240526T201214_0179_049_053_2340_MAR_R_NT_004.SEN3
90d71ab2-8527-3a95-84a1-efd2543587d9,S3B_OL_1_EFR____20191204T150156_20191204T150456_20240525T210914_0179_033_025_2340_MAR_R_NT_004.SEN3
18f074a7-9541-34f0-adae-fb40983e5909,S3A_OL_1_EFR____20180929T151514_20180929T151814_20240531T062901_0179_036_182_2340_MAR_R_NT_004.SEN3
6479c957-9b7e-3213-8b5e-6b3cf755fde5,S3B_OL_1_EFR____20190405T150200_20190405T150500_20240525T105754_0179_024_025_2340_MAR_R_NT_004.SEN3
68a698f1-4f2b-3490-ae4e-03126bdc7c6a,S3A_OL_1_EFR____20181214T154505_20181214T154805_20240531T114708_0179_039_111_2340_MAR_R_NT_004.SEN3
c94dc6a4-96ce-327d-8996-262cd9c2fefc,S3B_OL_1_EFR____20180913T152638_20180913T152938_20240620T221812_0179_012_339_2160_MAR_R_NT_004.SEN3
9deae924-229e-32ad-a4e0-70a771f06f2f,S3B_OL_1_EFR____20210730T140226_20210730T140526_20240527T060406_0179_055_167_2340_MAR_R_NT_004.SEN3
cdb0aae9-833b-38c6-b985-96911faeccc6,S3A_OL_1_EFR____20240619T134624_20240619T134924_20240920T180633_0180_113_338_2160_MAR_R_NT_004.SEN3
bb23c50c-ccb1-3651-bf4d-dd7605a31e6f,S3B_OL_1_EFR____20221014T150951_20221014T151251_20240524T071639_0179_071_296_2340_MAR_R_NT_004.SEN3
13baf247-8bfb-3771-a49a-396b0b87c2c9,S3B_OL_1_EFR____20191218T153619_20191218T153919_20240525T230343_0179_033_225_2160_MAR_R_NT_004.SEN3
fc0cdf11-d919-3411-bfc1-21354b5a5bd4,S3B_OL_1_EFR____20240324T140327_20240324T140627_20240921T124121_0179_091_110_2160_MAR_R_NT_004.SEN3
8ba03330-3066-385b-89dd-937af39d9d73,S3B_OL_1_EFR____20210226T135146_20210226T135446_20240526T211206_0179_049_281_2160_MAR_R_NT_004.SEN3
6f5f70e5-930f-3f1e-8907-740660ff0512,S3B_OL_1_EFR____20220609T150223_20220609T150523_20240523T224130_0179_067_025_2340_MAR_R_NT_004.SEN3
8c7ff95c-fdb8-3a98-b604-4949e4585421,S3B_OL_1_EFR____20210131T150631_20210131T150931_20240526T171227_0179_048_296_2160_MAR_R_NT_004.SEN3
48188c79-52be-319d-b259-da411d71a767,S3A_OL_1_EFR____20200425T153104_20200425T153404_20240602T010600_0179_057_282_2160_MAR_R_NT_004.SEN3
bad3da63-c82b-3a9a-85dc-d375b3fa7237,S3A_OL_1_EFR____20230814T142338_20230814T142638_20240919T162840_0179_102_153_2160_MAR_R_NT_004.SEN3
9eea89ef-0a17-3f16-8667-243603841d78,S3A_OL_1_EFR____20181214T140106_20181214T140406_20240531T122551_0179_039_110_2160_MAR_R_NT_004.SEN3
e4d6ef49-1804-373f-a53a-4586441498ea,S3B_OL_1_EFR____20230309T134351_20230309T134651_20240527T202211_0179_077_067_2340_MAR_R_NT_004.SEN3
e85752e9-1417-397e-9232-313d911f3dd6,S3B_OL_1_EFR____20220122T143944_20220122T144244_20240523T135101_0179_061_367_2340_MAR_R_NT_004.SEN3
a4db410f-6fca-336c-a1e9-ce55ca46d1b7,S3B_OL_1_EFR____20250330T152556_20250330T152856_20250331T154950_0179_105_011_2160_ESA_O_NT_004.SEN3
30d1c8b3-665f-3227-9249-e2f6aa5cbc4a,S3B_OL_1_EFR____20181016T143031_20181016T143331_20240621T022520_0179_015_039_2160_MAR_R_NT_004.SEN3
d9503370-3b8c-3747-b014-ae2a3dc996dd,S3A_OL_1_EFR____20210216T153104_20210216T153404_20240603T003946_0180_068_282_2160_MAR_R_NT_004.SEN3
769789ad-50be-3d44-915a-eb48b1e12151,S3B_OL_1_EFR____20181228T154300_20181228T154600_20240525T035747_0179_020_168_2340_MAR_R_NT_004.SEN3
b41b3b9c-dddf-3d9c-89ad-02eaac6aa5eb,S3A_OL_1_EFR____20221124T144224_20221124T144524_20240605T170557_0179_092_253_2160_MAR_R_NT_004.SEN3
6697c5ca-c239-3044-a912-bc7a9cde1e85,S3B_OL_1_EFR____20200422T142903_20200422T143203_20240526T071729_0180_038_096_2160_MAR_R_NT_004.SEN3
0a413aae-b270-38bf-b4d1-10f9714405d1,S3A_OL_1_EFR____20231218T145723_20231218T150023_20240920T033754_0180_107_025_2160_MAR_R_NT_004.SEN3
5b88e510-5fed-3bc6-ad53-a13eb9501ddd,S3A_OL_1_EFR____20190813T142723_20190813T143023_20240601T045445_0179_048_096_2160_MAR_R_NT_004.SEN3
eae1f23b-bf1c-44fe-aabd-a761c83246bd,S3A_OL_1_EFR____20240821T145638_20240821T145938_20240822T151859_0179_116_082_2340_PS1_O_NT_004.SEN3
2ea14d33-1951-3c90-b1f5-fec64fbf2b52,S3B_OL_1_EFR____20220917T150952_20220917T151252_20240524T054447_0179_070_296_2340_MAR_R_NT_004.SEN3
077f702a-4526-36f6-b6de-9fdfb743ec36,S3A_OL_1_EFR____20190823T150829_20190823T151129_20240601T060753_0179_048_239_2160_MAR_R_NT_004.SEN3
6fb93f2c-00f3-3445-8a7f-84732e534d2a,S3B_OL_1_EFR____20220403T135537_20220403T135836_20240523T185356_0179_064_224_2160_MAR_R_NT_004.SEN3
3ecafc69-aebe-37d2-98f0-637de43673ca,S3A_OL_1_EFR____20180401T150743_20180401T151043_20240530T140544_0179_029_296_2340_MAR_R_NT_004.SEN3
31e52873-2fc0-3269-9348-f6f6e4e20bc1,S3A_OL_1_EFR____20201004T153103_20201004T153403_20240602T132240_0179_063_282_2160_MAR_R_NT_004.SEN3
15565451-d732-3524-a242-655c9a1e4305,S3A_OL_1_EFR____20211009T140037_20211009T140337_20240603T235714_0180_077_167_2340_MAR_R_NT_004.SEN3
093a38bd-6982-47ee-abe0-f42324d7f030,S3B_OL_1_EFR____20240805T143254_20240805T143554_20240805T233124_0179_096_096_2340_PS2_O_NT_004.SEN3
51f93a5b-5163-3eb7-b09f-b578b5810764,S3B_OL_1_EFR____20200905T154658_20200905T154958_20240526T134948_0179_043_111_2340_MAR_R_NT_004.SEN3
64efacff-2269-36e7-849a-79fbe6e6b113,S3A_OL_1_EFR____20220513T135741_20220513T140041_20240605T041822_0180_085_167_2160_MAR_R_NT_004.SEN3
cf55d884-cb64-3a68-aff4-afe685e6eb97,S3B_OL_1_EFR____20181006T135226_20181006T135526_20240621T023058_0179_013_281_2340_MAR_R_NT_004.SEN3
d9861908-79d0-41ab-af35-b16f993a9827,S3A_OL_1_EFR____20240815T141146_20240815T141446_20240816T143114_0179_115_381_2340_PS1_O_NT_004.SEN3
581f3f3a-48f0-3dc7-b570-704e83e5a364,S3B_OL_1_EFR____20181101T140212_20181101T140512_20240621T041651_0180_016_267_2160_MAR_R_NT_004.SEN3
46ab261c-328d-3aee-8073-ff224220c917,S3B_OL_1_EFR____20211030T141419_20211030T141719_20240527T101937_0179_058_324_2160_MAR_R_NT_004.SEN3
6b113082-90e1-3b87-95b0-b70773cb8f6e,S3B_OL_1_EFR____20230814T134448_20230814T134748_20240920T231908_0179_083_010_2160_MAR_R_NT_004.SEN3
85f0e932-f0b2-3f1e-b9ec-cec83b01b8b2,S3A_OL_1_EFR____20180528T134612_20180528T134912_20240530T192653_0179_031_338_2160_MAR_R_NT_004.SEN3
51536669-204b-393b-95f3-9feec7c977fa,S3A_OL_1_EFR____20210720T140039_20210720T140339_20240603T131457_0180_074_167_2340_MAR_R_NT_004.SEN3
f1c8e751-36fc-3159-8dfb-dc8de2cd0a93,S3B_OL_1_EFR____20200512T141324_20200512T141624_20240526T053633_0179_038_381_2340_MAR_R_NT_004.SEN3
d96aa44b-fbd4-3e54-ba1e-3095b935c730,S3B_OL_1_EFR____20200107T151736_20200107T152036_20240526T004741_0179_034_125_2160_MAR_R_NT_004.SEN3
41538ee2-3ca2-36f5-a05b-fd95ba615d83,S3B_OL_1_EFR____20200608T141326_20200608T141626_20240526T073931_0179_039_381_2340_MAR_R_NT_004.SEN3
4b689e90-3bca-3dd5-a15e-51a6f57670d6,S3B_OL_1_EFR____20200103T152421_20200103T152721_20240525T230155_0179_034_068_2340_MAR_R_NT_004.SEN3
fff99925-848c-323a-87c8-64e7892a003d,S3A_OL_1_EFR____20220320T153837_20220320T154137_20240605T013054_0180_083_168_2160_MAR_R_NT_004.SEN3
a2b5c689-3269-3c6c-8cf4-587c70a5af8d,S3B_OL_1_EFR____20240602T134842_20240602T135142_20240921T173921_0179_093_338_2160_MAR_R_NT_004.SEN3
f43c2a9b-ebd4-39d7-862d-7114b7984e89,S3A_OL_1_EFR____20230413T155336_20230413T155636_20240606T031736_0179_097_325_2160_MAR_R_NT_004.SEN3
a71d45b1-986f-461b-b964-aaa93051eb3e,S3B_OL_1_EFR____20250123T135908_20250123T140208_20250123T215806_0179_102_224_2340_PS2_O_NT_004.SEN3
3ceec40b-a321-3e11-8855-fcdb04b4745f,S3A_OL_1_EFR____20180103T144559_20180103T144859_20240530T073059_0179_026_196_2160_MAR_R_NT_004.SEN3
24260235-256a-426a-b371-fc42ff4cf571,S3B_OL_1_EFR____20240806T140343_20240806T140643_20240806T221600_0179_096_110_2160_PS2_O_NT_004.SEN3
c43d0e8e-237a-4862-a8ef-9bde2b692ecf,S3B_OL_1_EFR____20250818T143306_20250818T143606_20250819T154004_0180_110_096_2340_ESA_O_NT_004.SEN3
2cad6c0c-2382-36e0-b40b-bec7349f8274,S3A_OL_1_EFR____20240129T151138_20240129T151438_20240920T064039_0179_108_239_2340_MAR_R_NT_004.SEN3
ee6fc07d-c048-3e56-88dd-7cbc794f7b0e,S3B_OL_1_EFR____20201006T140210_20201006T140510_20240526T115921_0180_044_167_2340_MAR_R_NT_004.SEN3
8dd63bf1-4b8f-412a-89f5-0c07e37d1f46,S3A_OL_1_EFR____20240803T142301_20240803T142601_20240804T144245_0179_115_210_2340_PS1_O_NT_004.SEN3
85661b79-3e7e-4088-bb56-095436d9ca53,S3A_OL_1_EFR____20251211T152722_20251211T153022_20251212T162824_0179_133_339_2160_PS1_O_NT_004.SEN3
bdd0f45c-4122-3a3c-b3c6-450753259c23,S3B_OL_1_EFR____20220216T152907_20220216T153207_20240523T164348_0179_062_339_2160_MAR_R_NT_004.SEN3
2b3a33a0-418f-3a31-a0e8-46f13ece524e,S3B_OL_1_EFR____20190531T154731_20190531T155031_20240525T113427_0180_026_054_2160_MAR_R_NT_004.SEN3
bfdbc81a-e243-390d-a1d5-e72ae82d2d61,S3A_OL_1_EFR____20211005T154221_20211005T154521_20240603T235824_0179_077_111_2160_MAR_R_NT_004.SEN3
7fb9d63c-a7e2-3fd2-a3a5-3a11df80f883,S3A_OL_1_EFR____20181029T135342_20181029T135642_20240531T092132_0179_037_224_2160_MAR_R_NT_004.SEN3
d559d554-83aa-3d45-b709-a09858a34819,S3B_OL_1_EFR____20240219T134447_20240219T134747_20240921T115232_0179_090_010_2160_MAR_R_NT_004.SEN3
42d3ff87-2cdc-3939-b4a0-9a892e1479cd,S3A_OL_1_EFR____20191109T144905_20191109T145205_20240601T125240_0179_051_196_2340_MAR_R_NT_004.SEN3
a2301e3e-8324-3a1b-900a-dcde64fdc1c8,S3B_OL_1_EFR____20230805T142126_20230805T142426_20240920T232112_0179_082_267_2340_MAR_R_NT_004.SEN3
d9228b0a-06f8-3b0e-abf8-9fd3b759d289,S3B_OL_1_EFR____20240329T151730_20240329T152030_20240921T124422_0180_091_182_2340_MAR_R_NT_004.SEN3
4096c319-8186-322f-9224-ac8d77503233,S3A_OL_1_EFR____20201115T154214_20201115T154514_20240602T162805_0180_065_111_2160_MAR_R_NT_004.SEN3
5294b2f4-81bc-4136-8c7a-9f3624e42f55,S3A_OL_1_EFR____20250921T153026_20250921T153326_20250922T162237_0179_130_339_2340_PS1_O_NT_004.SEN3
71da3057-2e40-3301-b47c-03f482b98b50,S3A_OL_1_EFR____20180323T140021_20180323T140321_20240530T150636_0179_029_167_2340_MAR_R_NT_004.SEN3
c6d9ee0c-1572-32e6-9c68-8a4d1894cc26,S3A_OL_1_EFR____20231209T135300_20231209T135600_20240920T022622_0179_106_281_2340_MAR_R_NT_004.SEN3
2b5f3613-816d-3e76-9c4c-780e35ce1a07,S3A_OL_1_EFR____20180829T151853_20180829T152153_20240531T044815_0179_035_125_2340_MAR_R_NT_004.SEN3
403e8ae7-6e69-3901-84b4-8dd360f801d6,S3A_OL_1_EFR____20210430T135739_20210430T140038_20240603T054246_0179_071_167_2160_MAR_R_NT_004.SEN3
d1d5a070-d594-3e91-ae72-7e28508850c1,S3A_OL_1_EFR____20231013T151135_20231013T151435_20240919T213757_0179_104_239_2340_MAR_R_NT_004.SEN3
ee15ec17-78cb-34a7-819e-4c3ada64057c,S3B_OL_1_EFR____20190508T154351_20190508T154651_20240525T104356_0179_025_111_2160_MAR_R_NT_004.SEN3
92c1ef70-4c9d-3cd7-bf9c-98ad46029426,S3B_OL_1_EFR____20201203T135832_20201203T140132_20240526T170737_0179_046_224_2340_MAR_R_NT_004.SEN3
dd310334-ecb6-3e57-9b3b-7e3ada5b999e,S3A_OL_1_EFR____20190416T155326_20190416T155626_20240531T203439_0179_043_325_2160_MAR_R_NT_004.SEN3
daa23276-2b56-340e-a620-360d1e1968ad,S3A_OL_1_EFR____20201020T151605_20201020T151905_20240602T142539_0179_064_125_2160_MAR_R_NT_004.SEN3
dfe68c8d-5e4f-30a9-8036-9d707b846d70,S3B_OL_1_EFR____20191214T154304_20191214T154604_20240525T205644_0179_033_168_2340_MAR_R_NT_004.SEN3
587d4ec0-13ea-339f-91da-dac9464b656d,S3A_OL_1_EFR____20211102T151609_20211102T151909_20240604T031146_0179_078_125_2160_MAR_R_NT_004.SEN3
339b9fad-96cf-40cb-98c2-ca7df3c60417,S3A_OL_1_EFR____20241206T152248_20241206T152548_20241207T154529_0179_120_068_2340_PS1_O_NT_004.SEN3
2fa701d5-6832-37d9-a797-fe583cafd973,S3A_OL_1_EFR____20181002T153741_20181002T154041_20240531T072757_0179_036_225_2340_MAR_R_NT_004.SEN3
8e157c10-9df6-3c19-871e-72a2f3e1ead0,S3A_OL_1_EFR____20181107T150402_20181107T150702_20240531T092400_0179_037_353_2340_MAR_R_NT_004.SEN3
44c84f7e-1d73-3f19-a2f2-3044cf85fc5c,S3A_OL_1_EFR____20230318T153021_20230318T153321_20240606T004532_0179_096_339_2340_MAR_R_NT_004.SEN3
751266ca-5c85-301a-a8fc-f898cbe4662e,S3B_OL_1_EFR____20210302T134802_20210302T135102_20240526T231131_0179_049_338_2160_MAR_R_NT_004.SEN3
99658b9c-fa50-356d-af09-6c3737203496,S3B_OL_1_EFR____20221207T150955_20221207T151255_20240524T093505_0180_073_296_2340_MAR_R_NT_004.SEN3
eadf9df8-40e5-33dc-ba6b-52b0fdd93660,S3B_OL_1_EFR____20201219T152433_20201219T152733_20240526T201234_0179_047_068_2340_MAR_R_NT_004.SEN3
e86cd4ee-18de-3e83-852d-3ccc8c2812ba,S3A_OL_1_EFR____20190727T151133_20190727T151433_20240601T030625_0179_047_239_2340_MAR_R_NT_004.SEN3
7023dbec-8cba-423b-be51-d329be9e5f7e,S3A_OL_1_EFR____20250416T134242_20250416T134542_20250417T142843_0179_125_010_2160_PS1_O_NT_004.SEN3
326f5dcc-7f17-3798-af3b-1ea6e48efaa9,S3A_OL_1_EFR____20210224T152635_20210224T152935_20240603T013622_0179_069_011_2340_MAR_R_NT_004.SEN3
ea0f1b16-a9c3-3940-94df-633109d0aadd,S3B_OL_1_EFR____20211122T142104_20211122T142404_20240527T111949_0179_059_267_2340_MAR_R_NT_004.SEN3
567019e7-f9eb-30f1-850b-118d7e4fd2c2,S3B_OL_1_EFR____20250409T142907_20250409T143207_20250410T150733_0179_105_153_2340_ESA_O_NT_004.SEN3
337a2ea3-67f9-4a64-a463-797122fac9a4,S3A_OL_1_EFR____20250703T150417_20250703T150717_20250704T155404_0179_127_353_2340_PS1_O_NT_004.SEN3
9e0a37a8-0ec2-37c0-9553-0739cc1bea6f,S3B_OL_1_EFR____20221009T135547_20221009T135847_20240524T063725_0180_071_224_2160_MAR_R_NT_004.SEN3
6ce20c14-b859-3c8a-9429-450778a0a87c,S3A_OL_1_EFR____20230603T135008_20230603T135308_20240628T021917_0179_099_281_2160_MAR_R_NT_004.SEN3
155e0cff-bb9b-3b40-a95a-26c360e9ae19,S3B_OL_1_EFR____20230909T141056_20230909T141356_20240920T231802_0179_083_381_2160_MAR_R_NT_004.SEN3
44217b6b-fa8f-3eec-84bb-7d3c1d5af46b,S3A_OL_1_EFR____20221106T141147_20221106T141447_20240605T155133_0179_091_381_2340_MAR_R_NT_004.SEN3
347bacd6-22c1-3474-8c94-1ad2d8d162fd,S3A_OL_1_EFR____20200207T155325_20200207T155625_20240601T200600_0179_054_325_2160_MAR_R_NT_004.SEN3
ab6c4e7a-1a2b-312f-9007-76d1e2f9c568,S3A_OL_1_EFR____20230927T134531_20230927T134831_20240919T205134_0179_104_010_2340_MAR_R_NT_004.SEN3
36236e40-5968-44ff-90b5-86a4a48002f4,S3B_OL_1_EFR____20251112T154111_20251112T154411_20251113T164846_0179_113_168_2160_ESA_O_NT_004.SEN3
7eab4c9b-5962-4b8e-8c0f-09d82f3cbf2a,S3B_OL_1_EFR____20241117T143637_20241117T143937_20241117T225822_0179_100_039_2340_PS2_O_NT_004.SEN3
11b48c67-65ab-3da2-b47d-ead8d3dfb8ad,S3A_OL_1_EFR____20220104T144529_20220104T144829_20240604T082024_0179_080_253_2340_MAR_R_NT_004.SEN3
e03b2113-5ce7-4f9b-9962-f6d17caa6e3d,S3B_OL_1_EFR____20240927T145600_20240927T145900_20240928T001331_0179_098_082_2160_PS2_O_NT_004.SEN3
eb7d67af-24aa-3110-95a3-fbcf98c97d5b,S3B_OL_1_EFR____20250511T135915_20250511T140215_20250512T140006_0179_106_224_2340_ESA_O_NT_004.SEN3
d1aa7064-b833-3840-8dcf-1211bc72f82e,S3A_OL_1_EFR____20201221T150831_20201221T151131_20240602T203213_0179_066_239_2160_MAR_R_NT_004.SEN3
d548634f-086d-3b40-b1d5-443169761a19,S3B_OL_1_EFR____20180523T140319_20180523T140619_20240620T120405_0179_003_252_2340_MAR_R_NT_004.SEN3
fa65eeff-7244-3f82-afd7-25f2c7326e86,S3B_OL_1_EFR____20230602T152113_20230602T152413_20240627T144920_0179_080_125_2340_MAR_R_NT_004.SEN3
abeb217e-e5b8-342f-82ed-5c71d9a0d98b,S3B_OL_1_EFR____20200130T152118_20200130T152418_20240526T034543_0179_035_068_2160_MAR_R_NT_004.SEN3
6199b068-5632-3f4f-ab61-06f8c7e3b033,S3B_OL_1_EFR____20230912T143322_20230912T143622_20240921T020042_0179_084_039_2160_MAR_R_NT_004.SEN3
b6683cfb-e839-3c20-8f76-56502780cc94,S3B_OL_1_EFR____20190801T135905_20190801T140205_20240525T172346_0179_028_167_2160_MAR_R_NT_004.SEN3
d580b392-f7fa-37e9-ab99-c3b229e66165,S3B_OL_1_EFR____20240409T134833_20240409T135133_20240921T130436_0179_091_338_2160_MAR_R_NT_004.SEN3
394446cc-d60f-3c9e-9311-8db010a7e5bb,S3A_OL_1_EFR____20200112T153013_20200112T153313_20240601T172418_0179_053_339_2340_MAR_R_NT_004.SEN3
5003e2f8-66a1-3285-bea9-561c92c0c4aa,S3B_OL_1_EFR____20240409T153232_20240409T153532_20240921T133952_0179_091_339_2340_MAR_R_NT_004.SEN3
aacfb2bb-827a-47c7-8070-84efd91720e8,S3A_OL_1_EFR____20250706T134544_20250706T134844_20250707T143956_0180_128_010_2340_PS1_O_NT_004.SEN3
17632a6b-d752-3bf3-90ab-d4f4860229a9,S3A_OL_1_EFR____20190114T140024_20190114T140324_20240531T135302_0179_040_167_2340_MAR_R_NT_004.SEN3
6b772530-baaf-37dc-87f2-e255b965f378,S3B_OL_1_EFR____20190819T143244_20190819T143544_20240525T141814_0179_029_039_2160_MAR_R_NT_004.SEN3
72914196-77d1-306b-9429-10949c6e4ff7,S3A_OL_1_EFR____20200723T134536_20200723T134836_20240602T072243_0179_061_010_2340_MAR_R_NT_004.SEN3
fe2d669a-23d5-358a-9c6a-a5eadfe7bbfd,S3A_OL_1_EFR____20220103T150840_20220103T151140_20240604T082112_0179_080_239_2160_MAR_R_NT_004.SEN3
7ef0b27f-75fe-38f4-88d7-875d39efa0a1,S3A_OL_1_EFR____20190711T152332_20190711T152632_20240601T013403_0179_047_011_2160_MAR_R_NT_004.SEN3
76eccabd-3805-3ca3-8b3e-079b89f1f191,S3A_OL_1_EFR____20220714T135008_20220714T135308_20240605T101821_0179_087_281_2160_MAR_R_NT_004.SEN3
de264a9d-bf8a-3781-bd45-55e4a6ecfe9c,S3B_OL_1_EFR____20211007T141035_20211007T141335_20240527T090519_0179_057_381_2160_MAR_R_NT_004.SEN3
e0f0dbcd-acb6-365a-8c13-eaabcb50bd98,S3A_OL_1_EFR____20240429T154950_20240429T155250_20240920T125758_0179_111_382_2160_MAR_R_NT_004.SEN3
0fc9bfc4-c372-3802-ad98-d5a4577f2e6e,S3A_OL_1_EFR____20230530T153452_20230530T153752_20240606T061215_0179_099_225_2160_MAR_R_NT_004.SEN3
982dd34f-40f8-33f6-94e2-731424d83c3a,S3A_OL_1_EFR____20180729T152241_20180729T152541_20240531T012147_0179_034_068_2340_MAR_R_NT_004.SEN3
1a9578c7-c348-39d0-85b7-010f4415c281,S3B_OL_1_EFR____20250201T150627_20250201T150927_20250202T160401_0179_102_353_2340_ESA_O_NT_004.SEN3
e08a95ac-f6eb-35f6-a30f-39e670a723f4,S3A_OL_1_EFR____20180101T154120_20180101T154420_20240530T065644_0179_026_168_2340_MAR_R_NT_004.SEN3
bcebe17a-23e5-3e89-952f-db63ecadfff3,S3A_OL_1_EFR____20210520T152256_20210520T152556_20240603T074123_0180_072_068_2340_MAR_R_NT_004.SEN3
4ac0f1d8-06e7-3586-b5a5-b66d0336e6bc,S3B_OL_1_EFR____20230121T140230_20230121T140530_20240527T125332_0179_075_167_2340_MAR_R_NT_004.SEN3
f60dd323-186e-3fdb-be88-f02860acbb01,S3B_OL_1_EFR____20230420T135505_20230420T135805_20240527T212222_0179_078_281_2340_MAR_R_NT_004.SEN3
7b8ccafe-1009-3c85-a187-d9b464b91d61,S3B_OL_1_EFR____20250322T135227_20250322T135527_20250323T202532_0179_104_281_2160_ESA_O_NT_004.SEN3
093d1619-7ef1-3e0a-a955-328a2d2da915,S3B_OL_1_EFR____20200103T152121_20200103T152421_20240525T230136_0180_034_068_2160_MAR_R_NT_004.SEN3
e0785e21-9132-3cf1-9b7c-31262f55d663,S3A_OL_1_EFR____20220125T140040_20220125T140340_20240604T214021_0180_081_167_2340_MAR_R_NT_004.SEN3
24e68148-fe32-368f-a931-84c240305acf,S3B_OL_1_EFR____20210720T150215_20210720T150515_20240527T032246_0179_055_025_2340_MAR_R_NT_004.SEN3
3319c7a5-e3a3-3ded-b8d2-d13da3086cd5,S3B_OL_1_EFR____20200504T141752_20200504T142052_20240526T071356_0179_038_267_2160_MAR_R_NT_004.SEN3
ef2004ba-3e49-391d-bce9-4a84171fee82,S3A_OL_1_EFR____20190827T150444_20190827T150744_20240601T060344_0179_048_296_2160_MAR_R_NT_004.SEN3
a16d89c1-568e-36c7-9d58-27c6ed0ebb9a,S3A_OL_1_EFR____20190625T140030_20190625T140330_20240601T013128_0179_046_167_2340_MAR_R_NT_004.SEN3
6483f892-2558-3746-89fb-324efdfef6b8,S3A_OL_1_EFR____20211105T154135_20211105T154435_20240604T021027_0179_078_168_2340_MAR_R_NT_004.SEN3
b620c5c1-2b6c-3b9e-aba4-6b0b93d6fba8,S3A_OL_1_EFR____20231003T142726_20231003T143026_20240919T214510_0179_104_096_2160_MAR_R_NT_004.SEN3
8387e69f-17f1-334a-9510-5fc48a4fd09a,S3B_OL_1_EFR____20200523T142822_20200523T143122_20240526T071217_0179_039_153_2340_MAR_R_NT_004.SEN3
c378c57d-c626-3368-a4b0-d89e83ce4867,S3A_OL_1_EFR____20200822T154559_20200822T154859_20240602T101902_0179_062_054_2160_MAR_R_NT_004.SEN3
31abf386-3623-3d9f-88f2-2110d639e072,S3A_OL_1_EFR____20180701T154555_20180701T154855_20240530T223934_0179_033_054_2160_MAR_R_NT_004.SEN3
be1bc3cb-58fc-49f6-9fe1-1fb70cd16559,S3A_OL_1_EFR____20250320T152636_20250320T152936_20250321T161505_0179_124_011_2340_PS1_O_NT_004.SEN3
054be163-d17f-48ec-a22e-4229aa5a4e04,S3A_OL_1_EFR____20241202T134234_20241202T134534_20241203T140536_0179_120_010_2160_PS1_O_NT_004.SEN3
bba0a4dd-3aa1-3ed8-91c2-f5080dc79a69,S3A_OL_1_EFR____20200630T152251_20200630T152551_20240602T063051_0180_060_068_2340_MAR_R_NT_004.SEN3
d28b49df-f2c3-3be6-8e47-2a6551841d4b,S3B_OL_1_EFR____20240203T154042_20240203T154342_20240921T083257_0179_089_168_2160_MAR_R_NT_004.SEN3
9880232c-b493-3926-af9b-1b0ef1177e2b,S3A_OL_1_EFR____20220312T154604_20220312T154904_20240605T003043_0179_083_054_2160_MAR_R_NT_004.SEN3
63064d17-c271-3c06-8d4a-6cb85f188123,S3B_OL_1_EFR____20210303T150250_20210303T150550_20240526T220448_0179_049_353_2160_MAR_R_NT_004.SEN3
35ffdcf1-a7a8-3d7f-9cbd-457ff11d0573,S3B_OL_1_EFR____20221029T152107_20221029T152407_20240524T071921_0179_072_125_2340_MAR_R_NT_004.SEN3
74e7ad9e-946e-3f8a-b45b-41fa0835acd7,S3B_OL_1_EFR____20190128T135818_20190128T140118_20240525T081330_0179_021_224_2340_MAR_R_NT_004.SEN3
4705bb54-42e9-3ee4-bbc2-4b76ee29ac8e,S3A_OL_1_EFR____20210426T140123_20210426T140423_20240603T063435_0179_071_110_2160_MAR_R_NT_004.SEN3
f5954e86-8774-331b-bbba-1a6604348e9f,S3A_OL_1_EFR____20220328T135311_20220328T135611_20240605T012618_0179_083_281_2340_MAR_R_NT_004.SEN3
3b11dcad-549c-41cd-8c94-8dfbf55adbe2,S3A_OL_1_EFR____20240909T150105_20240909T150405_20240910T152714_0179_116_353_2160_PS1_O_NT_004.SEN3
9e22e174-b5e5-3114-b3b4-042eda72ee39,S3B_OL_1_EFR____20230113T154759_20230113T155059_20240527T113006_0179_075_054_2160_MAR_R_NT_004.SEN3
8120119e-bc33-3052-94f1-a7249911773d,S3B_OL_1_EFR____20180704T142652_20180704T142952_20240620T155019_0179_010_096_2160_MAR_R_NT_004.SEN3
86bc257c-6bf4-3c8a-a442-69137370189c,S3B_OL_1_EFR____20230606T151728_20230606T152028_20240627T160846_0179_080_182_2340_MAR_R_NT_004.SEN3
88972651-63fb-33d4-a67c-e2963f7db80a,S3A_OL_1_EFR____20230720T151520_20230720T151820_20240628T041250_0179_101_182_2340_MAR_R_NT_004.SEN3
31989bcb-93d7-3fab-a383-fa4fe3a1e72f,S3A_OL_1_EFR____20211013T153452_20211013T153752_20240603T235758_0179_077_225_2160_MAR_R_NT_004.SEN3
a556cd4d-99a7-35ab-a818-3643b2db6fcf,S3A_OL_1_EFR____20220427T141239_20220427T141539_20240605T030805_0179_084_324_2160_MAR_R_NT_004.SEN3
bef37f08-4106-3599-9752-00dc285eb2c6,S3B_OL_1_EFR____20200629T150935_20200629T151235_20240526T081754_0180_040_296_2340_MAR_R_NT_004.SEN3
eaf2f034-686a-3292-83b3-464e74fa0c00,S3A_OL_1_EFR____20180605T151944_20180605T152244_20240530T205738_0179_032_068_2160_MAR_R_NT_004.SEN3
614fbcfb-f799-38bf-93bf-e92436d2873d,S3A_OL_1_EFR____20190525T154515_20190525T154815_20240531T222316_0180_045_111_2340_MAR_R_NT_004.SEN3
a0de7339-488f-31a8-a271-f8b111b83908,S3A_OL_1_EFR____20181121T140025_20181121T140325_20240531T105705_0179_038_167_2340_MAR_R_NT_004.SEN3
bb236ee8-c758-47be-aef3-e9a15e483a7f,S3B_OL_1_EFR____20241213T150247_20241213T150547_20241213T235838_0179_101_025_2340_PS2_O_NT_004.SEN3
ef832337-c105-3fb8-9b61-521d40e356a5,S3A_OL_1_EFR____20220106T153407_20220106T153707_20240604T073625_0179_080_282_2340_MAR_R_NT_004.SEN3
dd37915e-7dcf-3067-9b63-bc4e5d894aba,S3A_OL_1_EFR____20230218T155329_20230218T155629_20240605T225103_0179_095_325_2160_MAR_R_NT_004.SEN3
4a116d1f-6f9e-3856-9ef9-85e844c64212,S3B_OL_1_EFR____20190728T154348_20190728T154648_20240525T172828_0179_028_111_2160_MAR_R_NT_004.SEN3
3f1e80be-f90d-39ad-ac2e-92f0900496d4,S3A_OL_1_EFR____20200108T135258_20200108T135558_20240601T165809_0179_053_281_2340_MAR_R_NT_004.SEN3
acb4243b-cb0a-4caa-90ff-3f931cb7df41,S3A_OL_1_EFR____20250615T143037_20250615T143337_20250616T151940_0180_127_096_2340_PS1_O_NT_004.SEN3
a603974a-0306-3fdd-b7e8-1fd3c3bb7935,S3A_OL_1_EFR____20230811T140112_20230811T140412_20240919T170131_0179_102_110_2160_MAR_R_NT_004.SEN3
68090885-3c9d-38f4-beae-ef78a70952c4,S3B_OL_1_EFR____20180917T152254_20180917T152554_20240620T231431_0179_013_011_2160_MAR_R_NT_004.SEN3
55367198-3db4-3baa-93fe-12a67e971c35,S3A_OL_1_EFR____20220729T140120_20220729T140420_20240605T105031_0179_088_110_2160_MAR_R_NT_004.SEN3
0ee1f36d-e98d-30a9-8f62-83153815467f,S3B_OL_1_EFR____20190906T150923_20190906T151223_20240525T161005_0179_029_296_2340_MAR_R_NT_004.SEN3
1d543a39-57d4-3a59-8d1f-e700ce0de52c,S3B_OL_1_EFR____20230816T143325_20230816T143625_20240920T235742_0179_083_039_2160_MAR_R_NT_004.SEN3
e8a9027e-b537-3c5e-9329-a61b39756c4e,S3A_OL_1_EFR____20201019T154516_20201019T154816_20240602T142534_0179_064_111_2340_MAR_R_NT_004.SEN3
07d626b4-9791-3ccd-a9f8-6139c394f83e,S3B_OL_1_EFR____20190928T153917_20190928T154217_20240525T185713_0179_030_225_2340_MAR_R_NT_004.SEN3
5ac749c4-4f7a-377d-b62d-1e15e096a513,S3A_OL_1_EFR____20190603T151135_20190603T151435_20240531T224811_0179_045_239_2340_MAR_R_NT_004.SEN3
8e28dd02-8d10-3379-9984-9200fd06c8be,S3A_OL_1_EFR____20220514T151529_20220514T151829_20240605T045915_0179_085_182_2340_MAR_R_NT_004.SEN3
40417b41-847e-43e8-b91c-1f836d28e346,S3A_OL_1_EFR____20250729T153028_20250729T153328_20250730T161729_0179_128_339_2340_PS1_O_NT_004.SEN3
8c5c776d-6bbe-3fe3-a501-0738bcda3d03,S3A_OL_1_EFR____20220819T145723_20220819T150023_20240605T120220_0179_089_025_2160_MAR_R_NT_004.SEN3
a7cb08d7-9fd6-38de-92ce-ecf4120a4f00,S3A_OL_1_EFR____20220428T152728_20220428T153028_20240605T035352_0179_084_339_2160_MAR_R_NT_004.SEN3
16c55af5-8f41-3682-9a4f-1f936205ae71,S3A_OL_1_EFR____20240708T153751_20240708T154051_20240920T192846_0179_114_225_2340_MAR_R_NT_004.SEN3
3b710288-909a-370f-8234-95770a307026,S3A_OL_1_EFR____20190706T155327_20190706T155627_20240601T023456_0179_046_325_2160_MAR_R_NT_004.SEN3
23f34105-3a57-315f-9620-81409e19ff1f,S3B_OL_1_EFR____20220331T151710_20220331T152010_20240523T200615_0179_064_182_2340_MAR_R_NT_004.SEN3
23ab5272-4886-3956-955f-4ffac74b99f8,S3A_OL_1_EFR____20210813T151608_20210813T151908_20240603T143624_0179_075_125_2160_MAR_R_NT_004.SEN3
70803b48-b2ee-3ab6-9d58-b05ff595a172,S3B_OL_1_EFR____20220303T154021_20220303T154321_20240523T182056_0179_063_168_2160_MAR_R_NT_004.SEN3
db715eb5-09df-36e4-b05b-538ed2a178f9,S3A_OL_1_EFR____20191028T145720_20191028T150020_20240601T115914_0179_051_025_2160_MAR_R_NT_004.SEN3
4129e547-d467-489b-be39-74a695f65852,S3A_OL_1_EFR____20241103T143458_20241103T143758_20241104T150032_0179_118_367_2160_PS1_O_NT_004.SEN3
9b119f45-ec78-3bca-a7d1-73eb785049c8,S3B_OL_1_EFR____20210719T152826_20210719T153126_20240527T060244_0179_055_011_2340_MAR_R_NT_004.SEN3
3a795953-5f70-3d7d-99ca-8035ec7aa262,S3B_OL_1_EFR____20220716T135936_20220716T140236_20240524T021120_0179_068_167_2160_MAR_R_NT_004.SEN3
5cd59965-52a8-3418-9385-e4e43676e5d6,S3A_OL_1_EFR____20240319T151522_20240319T151822_20240920T105542_0179_110_182_2340_MAR_R_NT_004.SEN3
5bac78ff-972c-4669-b32a-b26ecf5d5058,S3A_OL_1_EFR____20250501T153455_20250501T153755_20250502T162541_0179_125_225_2160_PS1_O_NT_004.SEN3
c4892249-0c26-3931-ba95-262335546e36,S3A_OL_1_EFR____20210511T155336_20210511T155636_20240603T064043_0180_071_325_2160_MAR_R_NT_004.SEN3
c879fb87-2a32-395a-9bf3-e9b73d465f5e,S3A_OL_1_EFR____20190529T153830_20190529T154130_20240531T232425_0179_045_168_2160_MAR_R_NT_004.SEN3
83de1f71-1806-3ceb-9f8a-b63509ac5ac5,S3A_OL_1_EFR____20230925T143754_20230925T144054_20240919T194843_0179_103_367_2340_MAR_R_NT_004.SEN3
b0a5040d-b69b-3485-ba43-49c326c4c596,S3B_OL_1_EFR____20180913T152938_20180913T153238_20240620T221833_0179_012_339_2340_MAR_R_NT_004.SEN3
e35fa3e3-0a65-375a-9cfd-59839560006f,S3B_OL_1_EFR____20230301T152920_20230301T153220_20240527T163914_0179_076_339_2160_MAR_R_NT_004.SEN3
2bdda54d-a61a-3609-9f12-2f710b153693,S3B_OL_1_EFR____20191230T134406_20191230T134706_20240526T024116_0179_034_010_2160_MAR_R_NT_004.SEN3
2ff6faa9-1d28-3451-b79a-b80c08cf1cbf,S3A_OL_1_EFR____20210418T154950_20210418T155250_20240603T044141_0179_070_382_2160_MAR_R_NT_004.SEN3
646950c7-444b-3e56-80c4-288cd06fe580,S3A_OL_1_EFR____20190223T150400_20190223T150700_20240531T171949_0179_041_353_2340_MAR_R_NT_004.SEN3
d159266f-cf50-383a-9dec-14b06effb52e,S3A_OL_1_EFR____20221110T154602_20221110T154902_20240605T160136_0179_092_054_2160_MAR_R_NT_004.SEN3
6b2cc6d9-3a62-3259-9846-aa33e542be4d,S3B_OL_1_EFR____20220904T154419_20220904T154719_20240524T034956_0180_070_111_2160_MAR_R_NT_004.SEN3
f4008418-9c8d-3ac2-ad7c-81cd8950140d,S3B_OL_1_EFR____20250219T135912_20250219T140212_20250220T175104_0179_103_224_2340_ESA_O_NT_004.SEN3
f6e3ad7a-0a6e-3fa3-8495-26a80ed8ab99,S3B_OL_1_EFR____20211005T150557_20211005T150857_20240527T090210_0179_057_353_2340_MAR_R_NT_004.SEN3
c66204ed-f28c-3f63-ba4f-028702b44805,S3B_OL_1_EFR____20240123T134743_20240123T135043_20240921T091853_0180_089_010_2340_MAR_R_NT_004.SEN3
f78119d3-c2ee-3409-8985-4d0c0e491ed8,S3A_OL_1_EFR____20210924T153022_20210924T153322_20240603T173832_0180_076_339_2340_MAR_R_NT_004.SEN3
b885bbbe-0a3a-31b8-a752-ad69221c3938,S3B_OL_1_EFR____20230614T151001_20230614T151301_20240627T175921_0179_080_296_2340_MAR_R_NT_004.SEN3
c6b5d3d8-6bf3-37df-b544-d18d2429bce1,S3B_OL_1_EFR____20230104T144042_20230104T144342_20240527T144738_0179_074_310_2160_MAR_R_NT_004.SEN3
9521588a-ea29-3bee-9733-b2c6603c4009,S3A_OL_1_EFR____20200716T150753_20200716T151053_20240602T073532_0179_060_296_2340_MAR_R_NT_004.SEN3
cf5ab240-357d-3d1c-b626-048a7905dd40,S3A_OL_1_EFR____20221216T151219_20221216T151519_20240605T184044_0179_093_182_2160_MAR_R_NT_004.SEN3
1d08fbf9-d023-348b-828b-7cc18262fe38,S3A_OL_1_EFR____20230611T134537_20230611T134837_20240628T002954_0179_100_010_2340_MAR_R_NT_004.SEN3
b3e0b8b9-9619-3e80-b69e-ee34ccf7697e,S3A_OL_1_EFR____20200723T152335_20200723T152635_20240602T081213_0180_061_011_2160_MAR_R_NT_004.SEN3
3e6a4130-75bc-3eba-bb36-d911a2894ede,S3A_OL_1_EFR____20190622T151903_20190622T152203_20240601T011913_0179_046_125_2340_MAR_R_NT_004.SEN3
9ba4ef99-7330-3526-a68b-f1052016cd2a,S3A_OL_1_EFR____20230626T135650_20230626T135950_20240628T025115_0179_100_224_2340_MAR_R_NT_004.SEN3
68eb7365-9df8-4e77-b342-f2bfae347024,S3A_OL_1_EFR____20251102T153842_20251102T154142_20251103T164142_0179_132_168_2160_PS1_O_NT_004.SEN3
d8320fbd-d421-4c8a-88b0-a0768cc5e7de,S3A_OL_1_EFR____20250331T153835_20250331T154135_20250401T163436_0179_124_168_2160_PS1_O_NT_004.SEN3
c3467be6-1523-39ba-bb0c-8b29d5f518f7,S3A_OL_1_EFR____20181030T151131_20181030T151431_20240531T084343_0179_037_239_2340_MAR_R_NT_004.SEN3
a8a89a45-a05c-3da3-9c67-26e5bece92e5,S3B_OL_1_EFR____20250131T153237_20250131T153537_20250201T164826_0179_102_339_2340_ESA_O_NT_004.SEN3
919de0fb-bdac-3e81-891c-61b3167f275e,S3A_OL_1_EFR____20190610T152716_20190610T153016_20240531T232539_0180_045_339_2160_MAR_R_NT_004.SEN3
01b4ac9b-2663-330d-8b25-ecf16e01da95,S3B_OL_1_EFR____20190924T154302_20190924T154602_20240525T175300_0179_030_168_2340_MAR_R_NT_004.SEN3
4e1a40c7-ada4-3b7c-83d0-acb80128f139,S3A_OL_1_EFR____20210713T151957_20210713T152257_20240603T114449_0179_074_068_2160_MAR_R_NT_004.SEN3
4a019422-d626-3c78-9398-3279ad182598,S3A_OL_1_EFR____20200426T150754_20200426T151054_20240602T010601_0179_057_296_2340_MAR_R_NT_004.SEN3
74f073a6-e9b4-3fb1-8459-550fbc6eccbe,S3A_OL_1_EFR____20210921T150755_20210921T151055_20240603T162249_0179_076_296_2340_MAR_R_NT_004.SEN3
ea1a5e85-490e-3cdf-9470-f4fac27d1d4c,S3A_OL_1_EFR____20200918T154559_20200918T154859_20240602T114245_0179_063_054_2160_MAR_R_NT_004.SEN3
7d017318-b057-42a5-9838-96da2ce5c98e,S3A_OL_1_EFR____20250228T154517_20250228T154817_20250301T163407_0179_123_111_2340_PS1_O_NT_004.SEN3
c9234d35-4133-4f62-ae41-28365f2a7a47,S3A_OL_1_EFR____20250619T142353_20250619T142653_20250620T151736_0179_127_153_2160_PS1_O_NT_004.SEN3
f3ed7b22-9d69-331c-82c3-c72d6eaa63ae,S3A_OL_1_EFR____20211222T152253_20211222T152553_20240604T061942_0179_080_068_2340_MAR_R_NT_004.SEN3
7132ca33-022f-30dd-8be3-0d422a7083d6,S3B_OL_1_EFR____20230609T153655_20230609T153955_20240627T155310_0179_080_225_2160_MAR_R_NT_004.SEN3
68330a1e-972b-384b-9bfc-73f417717604,S3A_OL_1_EFR____20210724T135654_20210724T135954_20240603T124728_0179_074_224_2340_MAR_R_NT_004.SEN3
876f6cc1-c949-35a2-9fd6-eed6870ee8a4,S3B_OL_1_EFR____20250510T142526_20250510T142826_20250511T143905_0180_106_210_2340_ESA_O_NT_004.SEN3
14799530-62b9-3517-80cf-f081de9507fd,S3B_OL_1_EFR____20230428T134439_20230428T134739_20240527T183356_0180_079_010_2160_MAR_R_NT_004.SEN3
02c1d9cb-d686-3cb0-b85b-8a23582fe4ae,S3A_OL_1_EFR____20190730T135000_20190730T135300_20240601T033741_0179_047_281_2160_MAR_R_NT_004.SEN3
0aedea85-cfe1-35be-acd8-d80483a74f20,S3A_OL_1_EFR____20180512T140110_20180512T140410_20240530T173739_0179_031_110_2160_MAR_R_NT_004.SEN3
ef22a15e-fdb2-4366-9f96-57cb62763b83,S3A_OL_1_EFR____20250802T134544_20250802T134844_20250803T143729_0179_129_010_2340_PS1_O_NT_004.SEN3
943c7343-7bd5-30a0-baea-002807e19773,S3B_OL_1_EFR____20190125T151651_20190125T151951_20240525T054306_0179_021_182_2340_MAR_R_NT_004.SEN3
e1006d59-a3e6-3ecf-81c5-0e16734b8a97,S3A_OL_1_EFR____20210315T153100_20210315T153400_20240603T022930_0179_069_282_2160_MAR_R_NT_004.SEN3
d0dfef41-0d95-4460-a276-17542b8b381e,S3B_OL_1_EFR____20240909T142223_20240909T142523_20240909T221912_0179_097_210_2160_PS2_O_NT_004.SEN3
c1d1efd5-9dae-3b5e-b8c7-c205e271b50e,S3B_OL_1_EFR____20210526T152521_20210526T152821_20240527T003254_0179_053_011_2160_MAR_R_NT_004.SEN3
f4d6c6b8-d118-39bc-871c-676e54140a72,S3A_OL_1_EFR____20231024T134534_20231024T134834_20240919T230232_0179_105_010_2340_MAR_R_NT_004.SEN3
d884b457-1ac0-391c-b2f9-d7d5180e7788,S3B_OL_1_EFR____20180620T153327_20180620T153627_20240620T154935_0179_009_282_2340_MAR_R_NT_004.SEN3
f3b554ca-9321-3e85-9521-75227c9f4940,S3A_OL_1_EFR____20190821T141952_20190821T142252_20240601T045722_0179_048_210_2160_MAR_R_NT_004.SEN3
496f2adb-4976-336a-ae30-0f1806b8b551,S3A_OL_1_EFR____20200903T135644_20200903T135944_20240602T111855_0179_062_224_2340_MAR_R_NT_004.SEN3
b84918e8-f225-3976-a38a-9404f64b6e80,S3A_OL_1_EFR____20211129T151909_20211129T152209_20240604T041833_0179_079_125_2340_MAR_R_NT_004.SEN3
7eb8966e-c55f-3e40-9c4d-10a3b05ae6d6,S3A_OL_1_EFR____20200204T135259_20200204T135559_20240601T193152_0179_054_281_2340_MAR_R_NT_004.SEN3
90c9dd7c-e4ff-3003-a10c-16677a3b16f9,S3A_OL_1_EFR____20190915T151516_20190915T151816_20240601T071214_0179_049_182_2340_MAR_R_NT_004.SEN3
30cfdb8e-1665-4e9d-89eb-4b09795c93f3,S3A_OL_1_EFR____20250811T145302_20250811T145602_20250812T153924_0179_129_139_2340_PS1_O_NT_004.SEN3
c9faca30-3a26-33f6-98aa-913b4b87380f,S3B_OL_1_EFR____20220824T153222_20220824T153522_20240524T024526_0179_069_339_2340_MAR_R_NT_004.SEN3
75dfd005-a63d-3210-a68c-1a7d378ec70d,S3A_OL_1_EFR____20200417T154132_20200417T154432_20240602T003222_0179_057_168_2340_MAR_R_NT_004.SEN3
1f0042fe-0152-3037-bc24-60c4837ff9f9,S3B_OL_1_EFR____20190701T154346_20190701T154646_20240525T161205_0179_027_111_2160_MAR_R_NT_004.SEN3
c7140a95-aa25-33ec-b180-4b329a1291bf,S3A_OL_1_EFR____20210124T153020_20210124T153320_20240602T222339_0179_067_339_2340_MAR_R_NT_004.SEN3
89df3680-7e28-30e7-a88f-e57bf46ae32d,S3B_OL_1_EFR____20221218T152452_20221218T152752_20240524T111013_0179_074_068_2340_MAR_R_NT_004.SEN3
448b5599-69c8-311a-8f19-4f46dd3bf1b4,S3B_OL_1_EFR____20210915T152442_20210915T152742_20240527T071146_0179_057_068_2340_MAR_R_NT_004.SEN3
74e1a2ca-9b11-3032-a1dd-e88f88e08b88,S3A_OL_1_EFR____20210801T134624_20210801T134924_20240603T134223_0179_074_338_2160_MAR_R_NT_004.SEN3
99bcc55b-c31c-35da-9543-399b3c4af4e1,S3A_OL_1_EFR____20201123T135344_20201123T135644_20240602T182149_0179_065_224_2160_MAR_R_NT_004.SEN3
b8ff53a7-9924-335a-af40-efa275db15cd,S3B_OL_1_EFR____20201113T141715_20201113T142015_20240526T144846_0179_045_324_2340_MAR_R_NT_004.SEN3
6055deff-aaa9-3425-87cd-cf943b27cf4d,S3B_OL_1_EFR____20220227T154705_20220227T155005_20240523T180809_0179_063_111_2340_MAR_R_NT_004.SEN3
01ed3d43-0181-3a4d-a466-3ceda5503193,S3A_OL_1_EFR____20210101T134232_20210101T134532_20240602T213235_0179_067_010_2160_MAR_R_NT_004.SEN3
1b756f89-bf49-304a-b473-de20d38a1980,S3A_OL_1_EFR____20181114T152243_20181114T152543_20240531T094723_0179_038_068_2340_MAR_R_NT_004.SEN3
aa910f40-3e78-315c-97ed-1ff789f1f0c9,S3A_OL_1_EFR____20240704T135738_20240704T140038_20240920T181304_0179_114_167_2160_MAR_R_NT_004.SEN3
6883c146-1a1a-3cc3-a4a6-598d7adc4518,S3B_OL_1_EFR____20191229T155117_20191229T155417_20240526T005137_0179_033_382_2160_MAR_R_NT_004.SEN3
db66963d-b003-3247-a042-bfde776a4443,S3A_OL_1_EFR____20201123T153744_20201123T154044_20240602T172749_0179_065_225_2340_MAR_R_NT_004.SEN3
17698e01-0133-3f60-8c7d-8e6318d35575,S3A_OL_1_EFR____20210407T153750_20210407T154050_20240603T044609_0179_070_225_2340_MAR_R_NT_004.SEN3
13972845-bfa1-3707-a2d6-324ae5d57b65,S3B_OL_1_EFR____20210721T143604_20210721T143904_20240527T055431_0179_055_039_2340_MAR_R_NT_004.SEN3
a83188c5-8bce-3382-8239-530866d2d44c,S3A_OL_1_EFR____20230212T151138_20230212T151438_20240605T225135_0179_095_239_2340_MAR_R_NT_004.SEN3
6132ce73-8c2a-3b6a-97ec-bf060b0b5613,S3B_OL_1_EFR____20221005T140230_20221005T140530_20240524T061722_0179_071_167_2340_MAR_R_NT_004.SEN3
8ba01e83-eed6-3c03-abb4-8eff54394311,S3B_OL_1_EFR____20201214T155128_20201214T155428_20240526T151610_0179_046_382_2160_MAR_R_NT_004.SEN3
7a24edae-a8fa-3c95-9041-21f1219a0519,S3B_OL_1_EFR____20181011T150330_20181011T150630_20240621T023331_0179_013_353_2340_MAR_R_NT_004.SEN3
4554bbd6-fe2b-3bd8-bb10-d689b615ae71,S3A_OL_1_EFR____20180725T134227_20180725T134527_20240531T003603_0179_034_010_2160_MAR_R_NT_004.SEN3
e1ba4a4f-929a-361d-b42a-98185d7fa699,S3B_OL_1_EFR____20210606T140222_20210606T140522_20240527T003755_0179_053_167_2340_MAR_R_NT_004.SEN3
69effa9b-04e4-35d3-a733-92663b335efd,S3A_OL_1_EFR____20201031T153103_20201031T153403_20240602T162856_0179_064_282_2160_MAR_R_NT_004.SEN3
743c0874-1f0a-30f1-82df-1cf7cef33fad,S3A_OL_1_EFR____20201108T152633_20201108T152933_20240602T160455_0179_065_011_2340_MAR_R_NT_004.SEN3
dff88614-12e6-325b-8a80-36d23ace72d3,S3A_OL_1_EFR____20190317T135255_20190317T135555_20240531T175919_0179_042_281_2340_MAR_R_NT_004.SEN3
7c9400ad-9406-3712-90b4-a90acd0afea6,S3A_OL_1_EFR____20220202T135312_20220202T135612_20240604T205046_0179_081_281_2340_MAR_R_NT_004.SEN3
4b4dcb9f-a02f-320f-b296-2d824b493efa,S3B_OL_1_EFR____20211021T144757_20211021T145057_20240527T101158_0180_058_196_2160_MAR_R_NT_004.SEN3
2af1c66f-faf3-3057-b75c-db4b55a84e6f,S3B_OL_1_EFR____20201027T145821_20201027T150121_20240526T124523_0179_045_082_2340_MAR_R_NT_004.SEN3
5a39c396-78c2-3c85-8f49-d833e93aa493,S3B_OL_1_EFR____20220129T145825_20220129T150125_20240523T154237_0179_062_082_2340_MAR_R_NT_004.SEN3
40176b1f-2ad2-3d0b-926e-4440f0807e3f,S3B_OL_1_EFR____20200418T143547_20200418T143847_20240526T062458_0179_038_039_2340_MAR_R_NT_004.SEN3
5e665236-414b-3267-adf9-f5b9a9c83a40,S3B_OL_1_EFR____20210126T153628_20210126T153928_20240526T182713_0179_048_225_2160_MAR_R_NT_004.SEN3
e99d012d-273c-3e82-9dc0-3f0b8a75b5f6,S3A_OL_1_EFR____20230731T153015_20230731T153315_20240628T053011_0179_101_339_2340_MAR_R_NT_004.SEN3
6414f41b-3cf1-34a1-ab4d-b6a99170c00a,S3A_OL_1_EFR____20190305T154208_20190305T154508_20240531T170416_0179_042_111_2160_MAR_R_NT_004.SEN3
d1ef16ce-2fbd-33c5-a287-ad54088bc07f,S3B_OL_1_EFR____20220904T140320_20220904T140620_20240524T032039_0179_070_110_2160_MAR_R_NT_004.SEN3
967db56a-91e1-4312-815f-f0b4daae9d03,S3B_OL_1_EFR____20240817T142139_20240817T142439_20240817T222937_0179_096_267_2340_PS2_O_NT_004.SEN3
acd4fd11-a0f1-3f03-b40e-b9d213121c01,S3B_OL_1_EFR____20220327T152054_20220327T152354_20240523T191544_0179_064_125_2340_MAR_R_NT_004.SEN3
cef61e72-5d55-49cb-8f93-8800ec4f10ec,S3A_OL_1_EFR____20250614T145647_20250614T145947_20250615T154627_0179_127_082_2340_PS1_O_NT_004.SEN3
809b4616-c527-3dea-87d9-e1cdedf92837,S3A_OL_1_EFR____20201119T154129_20201119T154429_20240602T173304_0179_065_168_2340_MAR_R_NT_004.SEN3
c0ce8da1-5312-3afe-8560-14f9fb70ccf2,S3A_OL_1_EFR____20210701T153411_20210701T153711_20240603T114439_0179_073_282_2340_MAR_R_NT_004.SEN3
e3c88138-5955-37d6-9a76-d7a1fff1cf2a,S3B_OL_1_EFR____20230312T140318_20230312T140618_20240527T183121_0179_077_110_2160_MAR_R_NT_004.SEN3
d1b774cc-16cb-4c73-bc42-bfb71571a827,S3A_OL_1_EFR____20240726T142730_20240726T143030_20240727T145135_0179_115_096_2160_PS1_O_NT_004.SEN3
6db0e835-2839-3c54-a944-b3aa15a544b7,S3B_OL_1_EFR____20230412T140234_20230412T140534_20240527T163843_0179_078_167_2340_MAR_R_NT_004.SEN3
d21e42c9-0393-3f58-8377-4cc9403c2812,S3B_OL_1_EFR____20240502T135222_20240502T135522_20240921T145735_0179_092_281_2160_MAR_R_NT_004.SEN3
0b1b2a8a-0d46-3da5-b4dc-77b9c5bfd9cf,S3B_OL_1_EFR____20240525T135907_20240525T140207_20240921T152908_0179_093_224_2340_MAR_R_NT_004.SEN3
e39d4947-fa29-3fc0-a770-a9d29d8d70be,S3B_OL_1_EFR____20230505T154421_20230505T154721_20240527T202039_0179_079_111_2160_MAR_R_NT_004.SEN3
6bc5eb5e-7eee-34f6-bfbb-613dfb905e57,S3B_OL_1_EFR____20250326T134842_20250326T135142_20250327T134427_0179_104_338_2160_ESA_O_NT_004.SEN3
5b2d876b-d76d-3f01-a6d8-9b7b75a37ba3,S3B_OL_1_EFR____20190408T152126_20190408T152426_20240525T095653_0179_024_068_2160_MAR_R_NT_004.SEN3
d2603ed6-f76e-3cfc-adaa-ba4f9240c47d,S3B_OL_1_EFR____20180709T135657_20180709T135957_20240620T175236_0179_010_167_2160_MAR_R_NT_004.SEN3
9f554491-e942-3bd9-a2bb-6042e985654d,S3A_OL_1_EFR____20210805T134539_20210805T134839_20240603T144822_0179_075_010_2340_MAR_R_NT_004.SEN3
9439528b-a7eb-31dd-9905-25797985060f,S3B_OL_1_EFR____20211001T150642_20211001T150942_20240527T075002_0180_057_296_2160_MAR_R_NT_004.SEN3
d2a6ce94-5a28-49f2-8551-b98a4645b02f,S3B_OL_1_EFR____20240928T142949_20240928T143249_20240928T222008_0179_098_096_2160_PS2_O_NT_004.SEN3
69bd627a-d3ed-3c6b-b334-61357cfca834,S3A_OL_1_EFR____20180320T151553_20180320T151853_20240530T140702_0179_029_125_2160_MAR_R_NT_004.SEN3
4bdedc0c-b418-3327-861b-869d7921df1c,S3A_OL_1_EFR____20210508T153109_20210508T153409_20240603T074019_0179_071_282_2160_MAR_R_NT_004.SEN3
75b01555-b663-3f8f-b686-e8179c2aeed2,S3A_OL_1_EFR____20201124T151132_20201124T151432_20240602T173038_0180_065_239_2340_MAR_R_NT_004.SEN3
8cd4749e-b962-3e11-b00a-36b3f4b9bb60,S3B_OL_1_EFR____20190902T151307_20190902T151607_20240525T145304_0179_029_239_2340_MAR_R_NT_004.SEN3
feb1bcf7-5974-3354-a02f-4031741cbb85,S3B_OL_1_EFR____20200604T141710_20200604T142010_20240526T062851_0179_039_324_2340_MAR_R_NT_004.SEN3
b25bec0c-ecea-34fc-b3ac-26589d40d9b6,S3A_OL_1_EFR____20230211T135350_20230211T135650_20240605T225054_0179_095_224_2160_MAR_R_NT_004.SEN3
24d3c067-edb2-363e-9782-00ab84db9ecf,S3A_OL_1_EFR____20201216T140026_20201216T140326_20240602T195728_0179_066_167_2340_MAR_R_NT_004.SEN3
83797e5a-7d60-3ab5-a399-2c3d43cd66f9,S3A_OL_1_EFR____20210901T134237_20210901T134537_20240603T155136_0179_076_010_2160_MAR_R_NT_004.SEN3
e3877598-f070-3587-99a4-38a9577fadcf,S3A_OL_1_EFR____20220525T152726_20220525T153026_20240605T050541_0179_085_339_2160_MAR_R_NT_004.SEN3
f9aa2f94-362e-4ea0-b0f0-6a6bb0311269,S3A_OL_1_EFR____20251106T135658_20251106T135958_20251107T145421_0179_132_224_2340_PS1_O_NT_004.SEN3
6a57667b-8918-3f9f-9610-1612708b9ec7,S3B_OL_1_EFR____20250430T152214_20250430T152514_20250501T154932_0179_106_068_2160_ESA_O_NT_004.SEN3
27a11925-010c-3890-bd4d-baed55767bc7,S3A_OL_1_EFR____20210224T134235_20210224T134535_20240603T003629_0179_069_010_2160_MAR_R_NT_004.SEN3
99881f62-9b8c-3aa9-990b-7cd70bd99101,S3B_OL_1_EFR____20240302T151734_20240302T152034_20240921T115423_0179_090_182_2340_MAR_R_NT_004.SEN3
eefa042b-3080-33f0-828d-9fbd030b1bfd,S3B_OL_1_EFR____20230125T135546_20230125T135846_20240527T144838_0179_075_224_2160_MAR_R_NT_004.SEN3
e124abbc-4a4c-31f3-b6bd-b782670b1f5c,S3B_OL_1_EFR____20191218T135520_20191218T135820_20240525T210343_0179_033_224_2160_MAR_R_NT_004.SEN3
f8a92df8-2983-318a-ac9f-a87ff3ecfafb,S3B_OL_1_EFR____20220623T135548_20220623T135848_20240524T013224_0179_067_224_2160_MAR_R_NT_004.SEN3
cb0b2427-c792-4848-83ca-57a3e9591999,S3B_OL_1_EFR____20240813T142223_20240813T142523_20240813T222948_0179_096_210_2160_PS2_O_NT_004.SEN3
e682aa63-2f08-33cb-876a-bcf769fb4072,S3A_OL_1_EFR____20190907T152243_20190907T152543_20240601T065940_0180_049_068_2340_MAR_R_NT_004.SEN3
e587020f-6dbe-33ff-9c58-14506df32ca1,S3B_OL_1_EFR____20230309T152451_20230309T152751_20240527T144506_0179_077_068_2340_MAR_R_NT_004.SEN3
b42b4af5-ecd1-4316-9aee-0740105f6fc1,S3A_OL_1_EFR____20251002T140125_20251002T140425_20251003T150154_0180_131_110_2160_PS1_O_NT_004.SEN3
be89d996-4dc8-3b2b-8783-c7e536383acf,S3A_OL_1_EFR____20210303T154216_20210303T154516_20240603T015930_0179_069_111_2160_MAR_R_NT_004.SEN3
0838b0bf-431d-3007-a50a-5633f9bf6da5,S3A_OL_1_EFR____20230815T140027_20230815T140327_20240919T174436_0179_102_167_2340_MAR_R_NT_004.SEN3
8b79e7a8-0b9b-363a-a28b-04a38bac89cc,S3A_OL_1_EFR____20180213T134226_20180213T134526_20240530T110212_0179_028_010_2160_MAR_R_NT_004.SEN3
dccdb23e-9e5b-454a-b283-dc6ad366fca2,S3A_OL_1_EFR____20241124T153402_20241124T153702_20241125T155636_0180_119_282_2340_PS1_O_NT_004.SEN3
57216508-ebbb-334a-a7c1-22e52fb9b603,S3A_OL_1_EFR____20200622T153019_20200622T153319_20240602T054821_0179_059_339_2340_MAR_R_NT_004.SEN3
c1cac075-9484-3b5b-b66a-9e608b749874,S3B_OL_1_EFR____20221109T135507_20221109T135807_20240524T075228_0179_072_281_2340_MAR_R_NT_004.SEN3
a51700eb-63b1-45a8-b862-9308c0a7bd2a,S3B_OL_1_EFR____20240912T144748_20240912T145048_20240912T234109_0180_097_253_2340_PS2_O_NT_004.SEN3
11489b16-c8a9-378c-9616-f63a5866cef7,S3B_OL_1_EFR____20180807T144831_20180807T145131_20240620T193051_0179_011_196_2340_MAR_R_NT_004.SEN3
b098cd07-c947-3a65-8ed9-6419e1dd0b0b,S3B_OL_1_EFR____20220319T134423_20220319T134723_20240523T192112_0180_064_010_2160_MAR_R_NT_004.SEN3
f8633937-d42f-3395-967b-0e4c4805117b,S3A_OL_1_EFR____20221213T145253_20221213T145553_20240605T184054_0179_093_139_2340_MAR_R_NT_004.SEN3
992951b0-8e4b-3b3b-9212-f85079fde206,S3A_OL_1_EFR____20190302T151942_20190302T152242_20240531T173610_0179_042_068_2160_MAR_R_NT_004.SEN3
3783f535-b43f-4752-87c1-992e0efffad3,S3A_OL_1_EFR____20250901T154605_20250901T154905_20250902T164851_0179_130_054_2160_PS1_O_NT_004.SEN3
5db8b67f-9690-3442-aae9-296630a5c9dd,S3B_OL_1_EFR____20210126T135529_20210126T135829_20240526T170018_0179_048_224_2160_MAR_R_NT_004.SEN3
a943bf37-ffdb-429f-849e-a871220595d3,S3A_OL_1_EFR____20250304T135734_20250304T140034_20250305T144721_0179_123_167_2160_PS1_O_NT_004.SEN3
58552d87-8dc8-30ac-bc0f-95c667f7a8b1,S3A_OL_1_EFR____20230715T154516_20230715T154816_20240628T044928_0179_101_111_2340_MAR_R_NT_004.SEN3
b8132b3c-a9c0-3aca-aec5-d5ca000e0f5f,S3B_OL_1_EFR____20210714T141723_20210714T142023_20240527T055338_0179_054_324_2340_MAR_R_NT_004.SEN3
3a5ec256-e108-3053-ad43-6842eaaf082b,S3A_OL_1_EFR____20230831T152629_20230831T152929_20240919T182821_0180_103_011_2340_MAR_R_NT_004.SEN3
855164a7-b503-3e5e-b407-ef8baaa173e3,S3B_OL_1_EFR____20210209T143252_20210209T143552_20240526T182403_0179_049_039_2160_MAR_R_NT_004.SEN3
4dd0080a-6bf8-3642-af2d-204383618b36,S3A_OL_1_EFR____20221018T154219_20221018T154519_20240605T150210_0179_091_111_2160_MAR_R_NT_004.SEN3
7258ce84-639f-3297-ba14-5ba2e728b7b4,S3A_OL_1_EFR____20220525T134927_20220525T135227_20240605T053950_0179_085_338_2340_MAR_R_NT_004.SEN3
d8a549ad-41a9-313f-84e0-0e39e137b8c5,S3A_OL_1_EFR____20240630T154522_20240630T154822_20240920T180817_0179_114_111_2340_MAR_R_NT_004.SEN3
c59c69c5-c39c-3faf-889a-0ecb5725a01b,S3A_OL_1_EFR____20220926T151524_20220926T151824_20240605T140505_0179_090_182_2340_MAR_R_NT_004.SEN3
fb47d549-03fe-3611-87fe-8669c0e0cb42,S3A_OL_1_EFR____20230127T152337_20230127T152637_20240605T212844_0179_095_011_2160_MAR_R_NT_004.SEN3
4d2933a1-4721-4e65-8069-a26801e75a08,S3A_OL_1_EFR____20251006T135741_20251006T140041_20251007T145849_0179_131_167_2160_PS1_O_NT_004.SEN3
965c7048-d40d-31bd-8f4a-39f269378c4f,S3B_OL_1_EFR____20250426T134458_20250426T134758_20250427T134633_0179_106_010_2160_ESA_O_NT_004.SEN3
718e7c18-c36a-38eb-b156-7f59a8c1ad25,S3A_OL_1_EFR____20200704T151906_20200704T152206_20240602T060433_0180_060_125_2340_MAR_R_NT_004.SEN3
56be42a4-5119-36c0-aae1-15108bd76c84,S3A_OL_1_EFR____20231225T151906_20231225T152206_20240920T041902_0179_107_125_2340_MAR_R_NT_004.SEN3
a14ecb47-7ebf-376c-846d-8882a83a6d95,S3B_OL_1_EFR____20210122T135914_20210122T140214_20240526T201830_0179_048_167_2160_MAR_R_NT_004.SEN3
d72d998c-a548-3750-8e56-38303fd404eb,S3A_OL_1_EFR____20240307T152332_20240307T152632_20240920T103335_0179_110_011_2160_MAR_R_NT_004.SEN3
219d31f8-2b57-30ea-83f7-3bc830efb086,S3B_OL_1_EFR____20210703T135925_20210703T140225_20240527T033553_0179_054_167_2160_MAR_R_NT_004.SEN3
d60eb813-1b94-3fba-8545-70f7e6f5d57f,S3B_OL_1_EFR____20180803T145216_20180803T145516_20240620T183044_0179_011_139_2340_MAR_R_NT_004.SEN3
806150fe-021c-3aef-9ca1-67fa1f5a1824,S3B_OL_1_EFR____20221210T135123_20221210T135423_20240524T105225_0179_073_338_2340_MAR_R_NT_004.SEN3
cb116c9c-fc55-37e4-b551-5dea33d795c2,S3B_OL_1_EFR____20191110T134322_20191110T134622_20240525T230007_0179_032_067_2340_MAR_R_NT_004.SEN3
1ac43db5-3bd7-3c8d-948a-91e62333ff44,S3A_OL_1_EFR____20200421T153748_20200421T154048_20240602T020432_0179_057_225_2340_MAR_R_NT_004.SEN3
ec738287-3c82-4dda-b514-e20f5a3edd48,S3A_OL_1_EFR____20250328T151608_20250328T151908_20250329T160544_0179_124_125_2160_PS1_O_NT_004.SEN3
10604742-0fad-4f30-a446-405e10a5785f,S3B_OL_1_EFR____20251031T141423_20251031T141723_20251101T150146_0180_112_381_2340_ESA_O_NT_004.SEN3
51af6a53-2dea-3a00-bf9e-6069c95ae026,S3A_OL_1_EFR____20240330T134922_20240330T135222_20240920T122724_0179_110_338_2340_MAR_R_NT_004.SEN3
6c125d84-6a5f-3c3f-bebc-7bbe272b7e97,S3A_OL_1_EFR____20190218T153356_20190218T153656_20240531T161013_0179_041_282_2340_MAR_R_NT_004.SEN3
d8564ac3-af6b-364a-a224-f35b13c71e38,S3B_OL_1_EFR____20240425T151736_20240425T152036_20240921T151919_0179_092_182_2340_MAR_R_NT_004.SEN3
4a00af0e-2b73-33c3-9355-2a9cf6385676,S3B_OL_1_EFR____20230420T153605_20230420T153905_20240527T220215_0179_078_282_2340_MAR_R_NT_004.SEN3
773563e4-4546-31d7-85cc-4c63e05e4678,S3B_OL_1_EFR____20250523T152604_20250523T152904_20250524T160350_0179_107_011_2160_ESA_O_NT_004.SEN3
a52d647a-e9d0-3312-b5c9-12ee71e6e602,S3A_OL_1_EFR____20221214T142342_20221214T142642_20240605T183615_0179_093_153_2160_MAR_R_NT_004.SEN3
5ea4f7e3-59ea-4b15-a606-95674d3305f4,S3B_OL_1_EFR____20251130T143652_20251130T143952_20251201T145706_0179_114_039_2340_ESA_O_NT_004.SEN3
ee856a23-1c60-38de-ad06-3d1fa5deacf5,S3B_OL_1_EFR____20210527T150211_20210527T150511_20240527T024708_0179_053_025_2340_MAR_R_NT_004.SEN3
3c921241-11ab-3ea5-a41f-3b47d8f750f6,S3A_OL_1_EFR____20211218T134537_20211218T134837_20240604T061823_0179_080_010_2340_MAR_R_NT_004.SEN3
c10d8209-ed5f-3b8b-a65d-3735eea85771,S3A_OL_1_EFR____20190614T134532_20190614T134832_20240531T234055_0179_046_010_2340_MAR_R_NT_004.SEN3
08102691-b90d-3077-b4b7-75491f271161,S3B_OL_1_EFR____20200907T145136_20200907T145436_20240526T141723_0179_043_139_2160_MAR_R_NT_004.SEN3
5bbf000f-b7a2-3edc-851b-a612fd17ea9d,S3B_OL_1_EFR____20250410T135956_20250410T140256_20250411T142740_0180_105_167_2160_ESA_O_NT_004.SEN3
f2248cae-5af9-3aa7-bbbb-f2e89a0d76ee,S3A_OL_1_EFR____20191103T154512_20191103T154812_20240601T112957_0179_051_111_2340_MAR_R_NT_004.SEN3
8531f3c4-3f36-3523-883d-5335b3ebe17f,S3A_OL_1_EFR____20210430T154138_20210430T154438_20240603T064100_0179_071_168_2340_MAR_R_NT_004.SEN3
94ca4b7d-61bf-41ad-8355-32b492b0f563,S3B_OL_1_EFR____20241019T134757_20241019T135057_20241019T220023_0179_099_010_2340_PS2_O_NT_004.SEN3
09734657-0c5c-3d6c-8813-03ee6f1903cf,S3B_OL_1_EFR____20230111T145922_20230111T150222_20240527T163314_0179_075_025_2160_MAR_R_NT_004.SEN3
d3f78bfe-5236-31e1-bf0f-ad0c13092bbc,S3B_OL_1_EFR____20250227T152941_20250227T153241_20250228T175435_0179_103_339_1980_ESA_O_NT_004.SEN3
f978106a-2694-324e-b16d-523ed483f9a1,S3A_OL_1_EFR____20180909T153353_20180909T153653_20240531T044757_0179_035_282_2340_MAR_R_NT_004.SEN3
390aae58-09c2-3491-a061-f443602737c1,S3A_OL_1_EFR____20220629T152256_20220629T152556_20240605T092924_0179_087_068_2340_MAR_R_NT_004.SEN3
f7140c25-c753-34c6-a29c-bf5d569dd047,S3A_OL_1_EFR____20210704T155337_20210704T155637_20240603T112215_0179_073_325_2160_MAR_R_NT_004.SEN3
064a30e3-680a-37fa-8ec8-9d8a1fdc55fa,S3B_OL_1_EFR____20190628T152119_20190628T152419_20240525T121243_0180_027_068_2160_MAR_R_NT_004.SEN3
fd021125-66d1-3eaa-95df-413c4e991790,S3B_OL_1_EFR____20230707T151047_20230707T151347_20240627T190832_0179_081_239_2160_MAR_R_NT_004.SEN3
48bc9be8-7b66-4b63-bcbc-47ccd3a33921,S3A_OL_1_EFR____20250320T134537_20250320T134837_20250321T143306_0179_124_010_2340_PS1_O_NT_004.SEN3
d8fc6b07-2ca2-36cf-8ad9-85d46058d0cc,S3B_OL_1_EFR____20221101T135935_20221101T140235_20240524T084308_0179_072_167_2160_MAR_R_NT_004.SEN3
cb85f3ec-e3ea-3c87-9767-dc52da9c86cf,S3A_OL_1_EFR____20180114T150358_20180114T150658_20240530T074307_0179_026_353_2340_MAR_R_NT_004.SEN3
686c5755-1f33-33f5-8671-d57ba591ad35,S3A_OL_1_EFR____20210705T134927_20210705T135227_20240603T120745_0179_073_338_2340_MAR_R_NT_004.SEN3
64735fdc-2ddf-3759-9e14-9b789aa25b5a,S3A_OL_1_EFR____20200410T151949_20200410T152249_20240602T003414_0180_057_068_2160_MAR_R_NT_004.SEN3
ee4d1681-c496-3543-bdbd-95fe46f4121c,S3A_OL_1_EFR____20190922T153058_20190922T153358_20240601T081618_0179_049_282_2160_MAR_R_NT_004.SEN3
8c2b5a5a-15dc-34e7-a016-d7350b52a38a,S3B_OL_1_EFR____20211108T152439_20211108T152739_20240527T115413_0179_059_068_2340_MAR_R_NT_004.SEN3
7775179e-df58-3c66-ab35-1838303e72de,S3A_OL_1_EFR____20220210T152342_20220210T152642_20240604T223742_0179_082_011_2160_MAR_R_NT_004.SEN3
b8a82448-cf43-3ac9-9413-2f7ee3bfe034,S3B_OL_1_EFR____20210122T154013_20210122T154313_20240526T164424_0179_048_168_2160_MAR_R_NT_004.SEN3
70486476-d41e-3265-bb5a-ac9b1bbf8ad2,S3A_OL_1_EFR____20231028T152249_20231028T152549_20240920T002555_0179_105_068_2340_MAR_R_NT_004.SEN3
846e857a-df96-316c-b667-27a516dae47a,S3A_OL_1_EFR____20221210T143025_20221210T143325_20240605T183337_0179_093_096_2340_MAR_R_NT_004.SEN3
a074ff8d-3925-3c3c-adec-2262001a20ac,S3B_OL_1_EFR____20240313T152931_20240313T153231_20240921T113654_0179_090_339_2160_MAR_R_NT_004.SEN3
53d025d1-e043-44c6-a729-204cc9ef94ae,S3B_OL_1_EFR____20250914T143004_20250914T143304_20250915T142128_0179_111_096_2160_ESA_O_NT_004.SEN3
6a4f0849-9145-41a5-ab26-b7a33343072c,S3A_OL_1_EFR____20251007T151229_20251007T151529_20251008T161510_0179_131_182_2160_PS1_O_NT_004.SEN3
32ab6c2e-b2cb-3562-b73a-e2a254d739c3,S3B_OL_1_EFR____20221102T151724_20221102T152024_20240524T080100_0179_072_182_2340_MAR_R_NT_004.SEN3
3d99855c-a985-4d8e-9f36-753276487106,S3A_OL_1_EFR____20251222T154223_20251222T154523_20251223T164120_0179_134_111_2160_PS1_O_NT_004.SEN3
b1c1eda9-2133-3d32-8faf-781cd0e09068,S3B_OL_1_EFR____20201008T145048_20201008T145348_20240526T131101_0179_044_196_2340_MAR_R_NT_004.SEN3
56161d8f-59ba-3a3e-8318-beb55ca04af1,S3B_OL_1_EFR____20230110T134734_20230110T135034_20240527T112111_0179_075_010_2340_MAR_R_NT_004.SEN3
d4553fdf-e73b-454c-9a00-0344e597f319,S3A_OL_1_EFR____20251014T135012_20251014T135312_20251015T144919_0179_131_281_2160_PS1_O_NT_004.SEN3
89ae0acf-b2a6-34ca-b254-70d8380c685e,S3A_OL_1_EFR____20230907T140414_20230907T140714_20240919T200717_0180_103_110_2340_MAR_R_NT_004.SEN3
612fe5cc-2c66-387d-a6fb-e2202f1f50b0,S3A_OL_1_EFR____20210311T153446_20210311T153746_20240603T023435_0179_069_225_2160_MAR_R_NT_004.SEN3
f59d4c35-d9c7-3ae6-9b1e-538dab9f56ef,S3A_OL_1_EFR____20190829T141522_20190829T141822_20240601T060412_0179_048_324_2340_MAR_R_NT_004.SEN3
44dde1f0-8cc4-32e8-af59-dbff30daea6f,S3A_OL_1_EFR____20190409T153443_20190409T153743_20240531T201312_0179_043_225_2160_MAR_R_NT_004.SEN3
f69792e2-2189-3edd-8b29-daf0901144c0,S3A_OL_1_EFR____20230227T152249_20230227T152549_20240605T235348_0179_096_068_2340_MAR_R_NT_004.SEN3
b2ad7279-4d09-3c8c-bff0-eb39be54c58d,S3B_OL_1_EFR____20250527T152520_20250527T152820_20250530T155206_0179_107_068_2340_ESA_O_NT_004.SEN3
ea4d48ef-edd7-4ea4-bd6d-c7cfa1b24797,S3A_OL_1_EFR____20250117T135307_20250117T135607_20250118T141235_0179_121_281_2340_PS1_O_NT_004.SEN3
5a3919e5-d24b-3dbc-901e-89f53ea76a4b,S3B_OL_1_EFR____20181122T143243_20181122T143543_20240621T051142_0179_018_039_2160_MAR_R_NT_004.SEN3
6202bbb1-7e51-37f7-abdd-88714f731142,S3B_OL_1_EFR____20200628T135146_20200628T135446_20240526T093052_0180_040_281_2160_MAR_R_NT_004.SEN3
95b77fbd-1d79-38c0-a93d-ad248e892360,S3A_OL_1_EFR____20180404T153010_20180404T153310_20240530T151107_0179_029_339_2340_MAR_R_NT_004.SEN3
06f7feba-b6a9-3adf-bd07-8adecf9a5491,S3A_OL_1_EFR____20200119T154555_20200119T154855_20240601T173626_0179_054_054_2160_MAR_R_NT_004.SEN3
47b6475f-926e-318e-bb33-71aa41ea045c,S3A_OL_1_EFR____20180327T153437_20180327T153737_20240530T150744_0179_029_225_2160_MAR_R_NT_004.SEN3
3ed4b18c-2ff2-3ec5-b3d5-516dcfa2757c,S3B_OL_1_EFR____20180608T154440_20180608T154740_20240620T135819_0179_009_111_2340_MAR_R_NT_004.SEN3
ea06fe85-c24a-39d5-9684-6bf54712b35d,S3B_OL_1_EFR____20230822T151818_20230822T152118_20240920T225049_0179_083_125_2160_MAR_R_NT_004.SEN3
df2acae6-cb8d-39cc-b3b7-75017e7812a9,S3B_OL_1_EFR____20210502T154745_20210502T155045_20240527T014342_0179_052_054_2160_MAR_R_NT_004.SEN3
8f6d236e-3123-373e-a141-a36ebaab6d8f,S3B_OL_1_EFR____20191102T153148_20191102T153448_20240525T210421_0179_031_339_2340_MAR_R_NT_004.SEN3
99d0278b-2a28-39cb-939a-5fe494c48226,S3B_OL_1_EFR____20230822T152118_20230822T152418_20240920T225106_0179_083_125_2340_MAR_R_NT_004.SEN3
51093ae4-46d8-3c3a-b8e5-07afbeb07fac,S3B_OL_1_EFR____20240718T135614_20240718T135914_20240921T202415_0179_095_224_2160_MAR_R_NT_004.SEN3
687a5a82-b903-3a2f-a5ae-a0238274a676,S3A_OL_1_EFR____20181230T134909_20181230T135209_20240531T124941_0179_039_338_2340_MAR_R_NT_004.SEN3
c5c253fb-85d8-467e-afe8-6be445d20862,S3A_OL_1_EFR____20250713T154526_20250713T154826_20250714T163522_0179_128_111_2340_PS1_O_NT_004.SEN3
565874ae-0564-39d8-b4f6-cdaf63c369b5,S3B_OL_1_EFR____20211029T144329_20211029T144629_20240527T075857_0179_058_310_2340_MAR_R_NT_004.SEN3
d1086625-2750-3141-a90a-cf7cf9655ae0,S3A_OL_1_EFR____20200708T151522_20200708T151822_20240602T070355_0180_060_182_2340_MAR_R_NT_004.SEN3
fabb78d8-b69c-3c6b-b33f-87fc9507f89e,S3A_OL_1_EFR____20191222T143105_20191222T143405_20240601T153245_0179_053_039_2160_MAR_R_NT_004.SEN3
d99c3890-ae92-421d-be8c-3336afa6db6e,S3B_OL_1_EFR____20240726T152943_20240726T153243_20240727T081837_0179_095_339_2160_PS2_O_NT_004.SEN3
6163ef94-fe6c-3753-85e0-c22333f75680,S3B_OL_1_EFR____20230916T142936_20230916T143236_20240921T010524_0179_084_096_2160_MAR_R_NT_004.SEN3
be869920-2c10-3ad1-bc5b-5adf4807359a,S3A_OL_1_EFR____20220521T135011_20220521T135311_20240605T043820_0179_085_281_2160_MAR_R_NT_004.SEN3
ff09e303-ab48-46dc-8c37-75f06b0f29b5,S3A_OL_1_EFR____20250714T151615_20250714T151915_20250715T160959_0179_128_125_2160_PS1_O_NT_004.SEN3
0f277417-193d-3217-99ee-dae31f343ad0,S3B_OL_1_EFR____20221027T143229_20221027T143529_20240524T063830_0179_072_096_2340_MAR_R_NT_004.SEN3
55d8d082-5d3d-32fd-874f-cfff58ffa0f0,S3A_OL_1_EFR____20221008T150409_20221008T150709_20240605T143408_0179_090_353_2340_MAR_R_NT_004.SEN3
361345b7-ae6d-412b-addc-9fe4f0a7669a,S3A_OL_1_EFR____20241116T140032_20241116T140332_20241117T142357_0179_119_167_2340_PS1_O_NT_004.SEN3
49ce2f40-c724-3885-a897-9e8ea615fb2a,S3B_OL_1_EFR____20191222T153235_20191222T153535_20240525T230426_0179_033_282_2160_MAR_R_NT_004.SEN3
4c3d1a24-b406-3718-8fee-6076f3c98670,S3B_OL_1_EFR____20250409T142607_20250409T142907_20250410T150712_0179_105_153_2160_ESA_O_NT_004.SEN3
5ab3f676-7f56-3877-8977-e7bc2e7fc283,S3A_OL_1_EFR____20201215T142637_20201215T142936_20240602T194155_0179_066_153_2340_MAR_R_NT_004.SEN3
0910f401-79ed-3728-8de2-baa386ba521f,S3B_OL_1_EFR____20191129T135052_20191129T135352_20240525T210928_0179_032_338_2340_MAR_R_NT_004.SEN3
fbd89a1f-153d-3755-ad3b-e5916e72d7e9,S3B_OL_1_EFR____20221128T135935_20221128T140235_20240524T075637_0179_073_167_2160_MAR_R_NT_004.SEN3
cef4180a-8c1f-3270-a684-47522347b03f,S3A_OL_1_EFR____20201204T154939_20201204T155239_20240602T185227_0179_065_382_2160_MAR_R_NT_004.SEN3
6f99ec1f-d4a1-3a32-ba27-4778ea400d73,S3B_OL_1_EFR____20200312T135136_20200312T135436_20240526T053658_0179_036_281_2160_MAR_R_NT_004.SEN3
de9830cb-8eaa-38b2-8f31-b3589b007fdb,S3B_OL_1_EFR____20250131T135138_20250131T135438_20250201T150235_0180_102_338_2340_ESA_O_NT_004.SEN3
d0e7424e-8af4-38f4-8e29-01be0310bcea,S3B_OL_1_EFR____20240405T153315_20240405T153615_20240921T130102_0179_091_282_2160_MAR_R_NT_004.SEN3
f28dc0ca-7423-31a3-923b-0c7546741ebb,S3B_OL_1_EFR____20200803T150206_20200803T150506_20240526T091559_0179_042_025_2340_MAR_R_NT_004.SEN3
0450242c-6012-3e5d-a43d-5f68d3980390,S3B_OL_1_EFR____20250430T134415_20250430T134715_20250501T143247_0180_106_067_2340_ESA_O_NT_004.SEN3
31e70456-4a58-344a-8404-4e1a841638e8,S3A_OL_1_EFR____20200507T151952_20200507T152252_20240602T024743_0179_058_068_2160_MAR_R_NT_004.SEN3
883dc890-f8bc-3162-bddd-0d92c4d9a29a,S3A_OL_1_EFR____20180331T135254_20180331T135554_20240530T150551_0179_029_281_2340_MAR_R_NT_004.SEN3
c47a1ac9-f3c4-3751-b052-74e3d2851f2b,S3B_OL_1_EFR____20201021T155126_20201021T155426_20240526T160629_0180_044_382_2160_MAR_R_NT_004.SEN3
22b1d61f-eb64-3ef8-af9f-6e14a6e294b1,S3A_OL_1_EFR____20180515T142637_20180515T142937_20240530T184730_0179_031_153_2340_MAR_R_NT_004.SEN3
60fe8136-4b8e-3213-95ca-c770847115b7,S3A_OL_1_EFR____20190821T142252_20190821T142552_20240601T045746_0179_048_210_2340_MAR_R_NT_004.SEN3
11787188-0594-367d-9277-5242b37a30cd,S3A_OL_1_EFR____20180524T153356_20180524T153656_20240530T192700_0179_031_282_2340_MAR_R_NT_004.SEN3
f7c35dea-eafc-3436-8e11-426eed14cfbf,S3B_OL_1_EFR____20190422T141751_20190422T142051_20240525T090832_0179_024_267_2160_MAR_R_NT_004.SEN3
f5a2c081-08f8-3e21-887e-f4af46af94de,S3B_OL_1_EFR____20230416T153649_20230416T153949_20240527T201017_0179_078_225_2160_MAR_R_NT_004.SEN3
0f3abf14-db44-3c39-a595-9401c8cd6ad9,S3B_OL_1_EFR____20200911T144752_20200911T145052_20240526T110024_0179_043_196_2160_MAR_R_NT_004.SEN3
21a3bab3-b0e9-35d0-9def-7f717d41c9b1,S3B_OL_1_EFR____20201209T144025_20201209T144325_20240526T150226_0179_046_310_2160_MAR_R_NT_004.SEN3
b12fde0c-f0de-392e-83d7-1c1be03d7f61,S3A_OL_1_EFR____20231224T140117_20231224T140417_20240920T044846_0179_107_110_2160_MAR_R_NT_004.SEN3
085ae18d-59dc-3e35-9fad-a04b8b1d5aae,S3A_OL_1_EFR____20200414T151605_20200414T151905_20240602T005421_0180_057_125_2160_MAR_R_NT_004.SEN3
83183d3c-b079-3066-a51f-aebb30ed5938,S3A_OL_1_EFR____20201201T134613_20201201T134913_20240602T183036_0179_065_338_2160_MAR_R_NT_004.SEN3
60739e1f-704d-3558-92ba-be1fc588bdac,S3A_OL_1_EFR____20180604T154554_20180604T154854_20240530T204003_0180_032_054_2160_MAR_R_NT_004.SEN3
2755169c-6916-3fde-947f-1cca8e07c013,S3B_OL_1_EFR____20220128T134336_20220128T134636_20240523T143053_0179_062_067_2340_MAR_R_NT_004.SEN3
68b14d6e-d3f4-37d0-96e9-82a19c3473f4,S3A_OL_1_EFR____20230402T135738_20230402T140038_20240606T014908_0179_097_167_2160_MAR_R_NT_004.SEN3
b7a0a534-3487-3e1b-8780-de17ffa26f71,S3B_OL_1_EFR____20250429T154824_20250429T155124_20250530T135423_0179_106_054_2160_ESA_O_NT_004.SEN3
0aaa68d5-85cc-3a3d-b749-6018bdb28395,S3B_OL_1_EFR____20201208T150636_20201208T150936_20240526T171316_0179_046_296_2160_MAR_R_NT_004.SEN3
ecd44da7-f60b-3c8c-9551-a767cc67d9cd,S3B_OL_1_EFR____20250219T154011_20250219T154311_20250220T173705_0179_103_225_2340_ESA_O_NT_004.SEN3
b793b0ab-a4c2-35a4-bc30-1775c90c82fa,S3B_OL_1_EFR____20190121T151735_20190121T152035_20240525T040038_0179_021_125_2160_MAR_R_NT_004.SEN3
6624533e-ca2f-3776-8fa8-4df17293d52b,S3B_OL_1_EFR____20240317T134446_20240317T134746_20240921T114819_0179_091_010_2160_MAR_R_NT_004.SEN3
47f4dc39-2dbe-352d-8266-9e9d851fd8a6,S3B_OL_1_EFR____20190509T152040_20190509T152340_20240525T125619_0179_025_125_2340_MAR_R_NT_004.SEN3
d664c6f2-2a1d-39b6-b4e6-ea806d06b20d,S3B_OL_1_EFR____20220107T142832_20220107T143132_20240523T145223_0179_061_153_2340_MAR_R_NT_004.SEN3
b04de185-ff57-3320-b1ad-db2d55ca488f,S3A_OL_1_EFR____20231019T155328_20231019T155628_20240919T231821_0179_104_325_2160_MAR_R_NT_004.SEN3
c16ef1bb-8f3b-3697-ab53-77fba31026b5,S3A_OL_1_EFR____20180203T144217_20180203T144517_20240530T101829_0179_027_253_2160_MAR_R_NT_004.SEN3
fe5fc928-cc44-3bb4-a864-9abf32e752ec,S3A_OL_1_EFR____20191130T140109_20191130T140409_20240601T133344_0179_052_110_2160_MAR_R_NT_004.SEN3
87175719-66c2-34ce-b20f-72c053e6bcab,S3B_OL_1_EFR____20220120T135106_20220120T135406_20240523T154232_0179_061_338_2340_MAR_R_NT_004.SEN3
598b104b-7269-4ce6-9e37-eec394019316,S3A_OL_1_EFR____20251010T135656_20251010T135956_20251011T145712_0179_131_224_2340_PS1_O_NT_004.SEN3
45f57ed1-5c86-3ef8-b8a5-60773cf3b12f,S3B_OL_1_EFR____20220119T141717_20220119T142017_20240523T143100_0179_061_324_2340_MAR_R_NT_004.SEN3
7d877251-fdb1-4bda-9fe3-7e6c7a55ffdc,S3B_OL_1_EFR____20250914T143304_20250914T143604_20250915T142146_0179_111_096_2340_ESA_O_NT_004.SEN3
22881dc7-2eb2-3558-b863-92a7575f1efb,S3A_OL_1_EFR____20190502T153830_20190502T154130_20240531T205338_0179_044_168_2160_MAR_R_NT_004.SEN3
28eaeea4-5919-37b3-8789-2521e584e2f4,S3B_OL_1_EFR____20190202T150922_20190202T151222_20240525T081637_0179_021_296_2340_MAR_R_NT_004.SEN3
07f435ba-d801-3f81-bb6b-5849daea1e8c,S3A_OL_1_EFR____20240615T153409_20240615T153709_20240920T175752_0179_113_282_2340_MAR_R_NT_004.SEN3
9cbed9a2-1b36-305f-bc60-58e42a8b82cb,S3A_OL_1_EFR____20210508T153409_20210508T153709_20240603T074039_0179_071_282_2340_MAR_R_NT_004.SEN3
fef05f5d-30a4-39ea-bef5-3000bb371bea,S3A_OL_1_EFR____20191015T135345_20191015T135645_20240601T105344_0179_050_224_2160_MAR_R_NT_004.SEN3
8c9905f4-8476-3dee-8c37-467fb48ddfeb,S3B_OL_1_EFR____20181203T145037_20181203T145337_20240621T071037_0180_019_196_2340_MAR_R_NT_004.SEN3
3c5f5a62-527e-3a98-81d4-fe47302be429,S3A_OL_1_EFR____20201130T155324_20201130T155624_20240602T173341_0179_065_325_2160_MAR_R_NT_004.SEN3
001410a4-2503-3189-a457-ce0cd5ab56b0,S3B_OL_1_EFR____20181010T152941_20181010T153241_20240621T011723_0179_013_339_2340_MAR_R_NT_004.SEN3
92cf6004-b269-444b-8d72-3976842dfae3,S3A_OL_1_EFR____20250508T155338_20250508T155638_20250509T164328_0180_125_325_2160_PS1_O_NT_004.SEN3
90af309c-c2b6-3f3f-98a8-e0931e32f62c,S3B_OL_1_EFR____20220816T135551_20220816T135851_20240524T030037_0180_069_224_2160_MAR_R_NT_004.SEN3
9f6c55a5-e1a3-3b06-bfaa-f231c550010e,S3B_OL_1_EFR____20230929T135212_20230929T135512_20240921T015330_0179_084_281_2160_MAR_R_NT_004.SEN3
5d47d464-cc25-31a2-9ac4-539de15fb436,S3A_OL_1_EFR____20240523T153024_20240523T153324_20240920T165502_0179_112_339_2340_MAR_R_NT_004.SEN3
6ad07e1f-8935-3445-88fa-ff05b25c86b2,S3A_OL_1_EFR____20200325T135345_20200325T135645_20240601T225005_0179_056_224_2160_MAR_R_NT_004.SEN3
86fed372-87e7-32ec-9905-7849d1f7415a,S3B_OL_1_EFR____20180514T154803_20180514T155103_20240620T124716_0179_003_125_2340_MAR_R_NT_004.SEN3
36abb543-c0e1-32bb-b190-75298ded89d9,S3B_OL_1_EFR____20220121T150255_20220121T150555_20240523T150858_0179_061_353_2160_MAR_R_NT_004.SEN3
368c81e9-128b-32a5-9cf7-6f31da0d3033,S3B_OL_1_EFR____20250708T153339_20250708T153639_20250709T164103_0179_108_282_2160_ESA_O_NT_004.SEN3
0815b2a9-6633-3481-9330-74c8e7eab432,S3B_OL_1_EFR____20210903T153257_20210903T153557_20240527T073229_0179_056_282_2160_MAR_R_NT_004.SEN3
b60d4644-8d2d-31cd-af6e-6125fc68cd0f,S3A_OL_1_EFR____20230319T150411_20230319T150711_20240606T010536_0180_096_353_2340_MAR_R_NT_004.SEN3
98eaa001-b975-3e1c-97b2-60bb223421f0,S3A_OL_1_EFR____20210831T154947_20210831T155247_20240603T164818_0179_075_382_2160_MAR_R_NT_004.SEN3
399d1e9f-97bd-3f44-9782-ae1dff2c2e2d,S3B_OL_1_EFR____20220330T135921_20220330T140221_20240523T202938_0179_064_167_2160_MAR_R_NT_004.SEN3
e39c739a-43a9-3d1b-93f0-d6881016e0dc,S3B_OL_1_EFR____20250314T154356_20250314T154656_20250315T153851_0179_104_168_2340_ESA_O_NT_004.SEN3
13ab71ac-65d2-3cde-8985-153c47f0367b,S3B_OL_1_EFR____20250712T134856_20250712T135156_20250713T135243_0179_108_338_2160_ESA_O_NT_004.SEN3
22d82d96-0f1f-346f-be82-99165d2bd43b,S3B_OL_1_EFR____20180901T154049_20180901T154349_20240620T215634_0179_012_168_2340_MAR_R_NT_004.SEN3
848ea7b5-9c7e-37b5-8e21-dd6a76e6d23a,S3A_OL_1_EFR____20210531T135654_20210531T135954_20240603T083620_0179_072_224_2340_MAR_R_NT_004.SEN3
009bf621-fe98-36d0-828a-8d10b9d1411a,S3B_OL_1_EFR____20200909T140214_20200909T140514_20240526T140738_0179_043_167_2340_MAR_R_NT_004.SEN3
3f0ea452-da74-35a7-9900-1b53eedad1bd,S3B_OL_1_EFR____20240211T153315_20240211T153615_20240921T101404_0179_089_282_2160_MAR_R_NT_004.SEN3
f9f6ccf7-98a1-37a5-847a-4c54486bb8dc,S3B_OL_1_EFR____20180820T154904_20180820T155204_20240620T203725_0179_011_382_2160_MAR_R_NT_004.SEN3
a0d418f7-5c15-36b8-a81d-fa2ed1d89ebe,S3A_OL_1_EFR____20181029T153742_20181029T154042_20240531T083922_0179_037_225_2340_MAR_R_NT_004.SEN3
8e49d14d-0d94-3ddd-b2c6-510eea21ba3d,S3A_OL_1_EFR____20220420T135356_20220420T135656_20240605T025925_0179_084_224_2160_MAR_R_NT_004.SEN3
bf749499-c12b-332d-b5e0-1faca8c549af,S3B_OL_1_EFR____20180730T145301_20180730T145601_20240620T185320_0179_011_082_2160_MAR_R_NT_004.SEN3
bf28fbb3-bb62-3e58-ba90-fea63667534d,S3A_OL_1_EFR____20230410T153409_20230410T153709_20240606T030511_0180_097_282_2340_MAR_R_NT_004.SEN3
29b6a3ef-ccd8-3753-962f-2f2e448958de,S3B_OL_1_EFR____20220423T151757_20220423T152057_20240523T211108_0179_065_125_2160_MAR_R_NT_004.SEN3
474501a5-f3a0-394f-92fb-c1a59daf22dd,S3A_OL_1_EFR____20230207T135735_20230207T140035_20240605T224813_0179_095_167_2160_MAR_R_NT_004.SEN3
857adb37-6e71-301d-b7f8-0355b5e15d3d,S3A_OL_1_EFR____20231221T151950_20231221T152250_20240920T032322_0179_107_068_2160_MAR_R_NT_004.SEN3
96eefbeb-ba9e-37d4-b4cc-cc6729d4a481,S3A_OL_1_EFR____20211001T154605_20211001T154905_20240604T010412_0179_077_054_2160_MAR_R_NT_004.SEN3
86564c19-5ef9-3e20-a0fa-f67049de2da1,S3B_OL_1_EFR____20230126T151335_20230126T151635_20240527T131154_0179_075_239_2340_MAR_R_NT_004.SEN3
5e611748-62ca-39a7-be56-67a00d634dac,S3B_OL_1_EFR____20190813T153150_20190813T153450_20240525T175008_0179_028_339_2340_MAR_R_NT_004.SEN3
645bec66-0285-34d0-8389-2aa42cceff68,S3A_OL_1_EFR____20210520T151956_20210520T152256_20240603T074101_0179_072_068_2160_MAR_R_NT_004.SEN3
8f6caf58-4e25-37a5-9ac9-919bf25b2e9b,S3A_OL_1_EFR____20240220T153832_20240220T154132_20240920T091628_0179_109_168_2160_MAR_R_NT_004.SEN3
9add829e-d6b4-397c-8aa0-e5b797716382,S3B_OL_1_EFR____20200202T154644_20200202T154944_20240526T020244_0179_035_111_2340_MAR_R_NT_004.SEN3
b7869c86-c484-310c-a2f2-5524e889dad5,S3A_OL_1_EFR____20210322T154944_20210322T155244_20240603T023730_0179_069_382_2160_MAR_R_NT_004.SEN3
c03065a9-fe9d-4d42-8643-8175b4028062,S3A_OL_1_EFR____20250429T144918_20250429T145218_20250430T153848_0180_125_196_2340_PS1_O_NT_004.SEN3
af206568-6227-3300-8a05-3227505258fd,S3B_OL_1_EFR____20220716T140236_20220716T140536_20240524T021136_0179_068_167_2340_MAR_R_NT_004.SEN3
8a270307-b45b-3a2d-be02-a951f3c92d28,S3B_OL_1_EFR____20220527T153645_20220527T153945_20240523T232153_0180_066_225_2160_MAR_R_NT_004.SEN3
8dcb05eb-689a-30d2-8e2d-e03730731e7e,S3A_OL_1_EFR____20231202T151516_20231202T151816_20240920T023254_0179_106_182_2340_MAR_R_NT_004.SEN3
2a12cd14-a63c-3cca-b0b9-14974fb9e177,S3B_OL_1_EFR____20230518T150958_20230518T151258_20240527T224749_0179_079_296_2340_MAR_R_NT_004.SEN3
4feb8b73-5afd-3b76-9fde-9efa0471beb9,S3B_OL_1_EFR____20250622T154834_20250622T155134_20250623T173058_0180_108_054_2160_ESA_O_NT_004.SEN3
a21905e5-e960-34f8-9a00-949fb4e07122,S3A_OL_1_EFR____20180117T152325_20180117T152625_20240530T082401_0179_027_011_2160_MAR_R_NT_004.SEN3
8288ee33-b6c5-3ddc-b4b2-3166278e95af,S3B_OL_1_EFR____20230202T152919_20230202T153219_20240527T144336_0180_075_339_2160_MAR_R_NT_004.SEN3
41b0516d-6057-4de6-b2b7-41187d433444,S3A_OL_1_EFR____20240806T144527_20240806T144827_20240807T150630_0179_115_253_2340_PS1_O_NT_004.SEN3
62277aa2-d223-3f83-bcd7-1637423e9204,S3B_OL_1_EFR____20250322T153326_20250322T153626_20250323T164911_0179_104_282_2160_ESA_O_NT_004.SEN3
583f4b13-666e-301d-ac9e-ac0b218a02f9,S3B_OL_1_EFR____20191006T153147_20191006T153447_20240525T164825_0179_030_339_2340_MAR_R_NT_004.SEN3
66576b64-3d4c-33bd-8844-cad8dc4e3558,S3B_OL_1_EFR____20220920T153218_20220920T153518_20240524T050946_0179_070_339_2340_MAR_R_NT_004.SEN3
c38e2682-cc03-3cba-99fb-32ef79ba01f6,S3B_OL_1_EFR____20190323T153623_20190323T153923_20240525T090755_0179_023_225_2160_MAR_R_NT_004.SEN3
fc51467f-3c5d-424b-937d-2cb167d4c0d6,S3A_OL_1_EFR____20241001T135305_20241001T135605_20241002T141401_0179_117_281_2340_PS1_O_NT_004.SEN3
1f229a37-c3af-3402-becb-2e9452a007e6,S3B_OL_1_EFR____20181217T134702_20181217T135002_20240525T053614_0179_020_010_2340_MAR_R_NT_004.SEN3
38f5e3c6-d55f-3489-9d78-18844f1d0ca3,S3A_OL_1_EFR____20201027T135648_20201027T135948_20240602T154904_0179_064_224_2340_MAR_R_NT_004.SEN3
9c6413c8-8288-3bac-b2c9-a9e13e562e24,S3B_OL_1_EFR____20230202T153219_20230202T153519_20240527T144352_0179_075_339_2340_MAR_R_NT_004.SEN3
9761dae7-4056-4e25-b375-ad53d4048120,S3A_OL_1_EFR____20240806T144227_20240806T144527_20240807T150632_0179_115_253_2160_PS1_O_NT_004.SEN3
ae8855e2-02d6-31b8-80cc-a8320cb110f5,S3B_OL_1_EFR____20200901T140644_20200901T140944_20240526T114720_0179_043_053_2160_MAR_R_NT_004.SEN3
5d2ca86a-2f49-357f-85bf-1068771def31,S3B_OL_1_EFR____20200721T153630_20200721T153930_20240526T114156_0179_041_225_2160_MAR_R_NT_004.SEN3
350b8ed7-cd8d-35c4-aa54-7be3b6c3bd6e,S3B_OL_1_EFR____20220107T142532_20220107T142832_20240523T145206_0179_061_153_2160_MAR_R_NT_004.SEN3
4b460e2e-da63-34f0-9acc-9a02377d7d48,S3A_OL_1_EFR____20231228T140033_20231228T140333_20240920T033102_0179_107_167_2340_MAR_R_NT_004.SEN3
9ae10cc9-2276-4ede-bc6c-199008e0e7ff,S3A_OL_1_EFR____20251114T152726_20251114T153026_20251115T162344_0179_132_339_2160_PS1_O_NT_004.SEN3
11092604-844f-3081-bfd2-983f8e27a7b3,S3B_OL_1_EFR____20240301T154044_20240301T154344_20240921T104325_0179_090_168_2160_MAR_R_NT_004.SEN3
696f7298-3a43-3713-b098-16312fa9136b,S3B_OL_1_EFR____20200625T151319_20200625T151619_20240526T070943_0179_040_239_2340_MAR_R_NT_004.SEN3
990aaf11-4f39-4d8e-a6f1-af540527076f,S3A_OL_1_EFR____20251231T151143_20251231T151443_20260101T160610_0179_134_239_2340_PS1_O_NT_004.SEN3
c246fb49-d63b-4d30-8f73-d9fdf6cead4a,S3B_OL_1_EFR____20241217T145902_20241217T150202_20241217T235902_0179_101_082_2340_PS2_O_NT_004.SEN3
1a5db147-788e-3948-8882-a9e4987e4ac6,S3B_OL_1_EFR____20190124T154002_20190124T154302_20240525T080649_0179_021_168_2160_MAR_R_NT_004.SEN3
ea51d2fe-8ab8-32f1-b3cb-ec399882cb8d,S3A_OL_1_EFR____20191123T134228_20191123T134528_20240601T132632_0179_052_010_2160_MAR_R_NT_004.SEN3
5a226918-29ba-375d-8cbc-f7e3515265f7,S3B_OL_1_EFR____20220123T141033_20220123T141333_20240523T145833_0179_061_381_2160_MAR_R_NT_004.SEN3
dd405bd0-90f2-37ea-a8ba-fb04038af016,S3A_OL_1_EFR____20180917T134526_20180917T134826_20240531T061714_0179_036_010_2340_MAR_R_NT_004.SEN3
dcb0d871-d02a-3c8c-b249-e62d473f7107,S3B_OL_1_EFR____20210515T151322_20210515T151622_20240527T024312_0180_052_239_2340_MAR_R_NT_004.SEN3
96c75d92-3640-357b-ad38-56a75b00cb59,S3B_OL_1_EFR____20190328T150928_20190328T151228_20240525T081728_0179_023_296_2340_MAR_R_NT_004.SEN3
3b0d3e82-a66a-3a91-95bf-03569b238260,S3A_OL_1_EFR____20180805T154122_20180805T154422_20240531T015020_0179_034_168_2340_MAR_R_NT_004.SEN3
dcacaa3a-ec03-3cd1-94f5-83f06d332a93,S3B_OL_1_EFR____20201121T140946_20201121T141246_20240526T182509_0179_046_053_2340_MAR_R_NT_004.SEN3
c0e0b8ee-be97-4589-885c-8ee813f1d00d,S3A_OL_1_EFR____20251106T153757_20251106T154057_20251107T163334_0179_132_225_2340_PS1_O_NT_004.SEN3
5d577e1b-3ceb-353e-b8ac-f90989c618ef,S3A_OL_1_EFR____20230310T153448_20230310T153748_20240606T001955_0179_096_225_2160_MAR_R_NT_004.SEN3
c0fc707b-70b2-39a7-81ac-0bec968cb1d4,S3A_OL_1_EFR____20200417T140033_20200417T140333_20240602T010740_0179_057_167_2340_MAR_R_NT_004.SEN3
4e0aae15-e875-31b6-bffe-0d594dcb5636,S3A_OL_1_EFR____20220429T150417_20220429T150717_20240605T035452_0179_084_353_2340_MAR_R_NT_004.SEN3
a5e54550-7814-3d88-87c4-4ef045ba37ac,S3A_OL_1_EFR____20230410T135310_20230410T135610_20240606T025933_0179_097_281_2340_MAR_R_NT_004.SEN3
9d68056f-4b19-33bf-854c-516e6d96495f,S3A_OL_1_EFR____20230515T152338_20230515T152638_20240606T045038_0180_099_011_2160_MAR_R_NT_004.SEN3
6856b378-0cbf-3963-9cfa-d018d6cfa876,S3B_OL_1_EFR____20190912T155116_20190912T155416_20240525T191115_0179_029_382_2160_MAR_R_NT_004.SEN3
57529855-f16e-350d-8ec2-e04f850bd11c,S3A_OL_1_EFR____20190317T153354_20190317T153654_20240531T184051_0179_042_282_2340_MAR_R_NT_004.SEN3
dd22f3ea-a069-380b-9a4c-52a06fc14bdf,S3A_OL_1_EFR____20221115T151605_20221115T151905_20240605T170136_0180_092_125_2160_MAR_R_NT_004.SEN3
aa418703-868a-3505-a0c7-cd701160cb16,S3A_OL_1_EFR____20190910T140111_20190910T140411_20240601T071031_0180_049_110_2160_MAR_R_NT_004.SEN3
2e657b2c-9d59-39a2-bcbe-655c33d1379f,S3B_OL_1_EFR____20210725T142921_20210725T143221_20240527T072624_0180_055_096_2160_MAR_R_NT_004.SEN3
085a3449-82c1-459c-98bc-7ec2a9d5716b,S3A_OL_1_EFR____20250609T134543_20250609T134843_20250610T143524_0179_127_010_2340_PS1_O_NT_004.SEN3
05a93d09-6eda-3c80-bb31-08f85466290a,S3B_OL_1_EFR____20200305T151653_20200305T151953_20240526T023710_0179_036_182_2340_MAR_R_NT_004.SEN3
c6fbe458-a625-3d9f-b261-7348a1641635,S3A_OL_1_EFR____20191021T144138_20191021T144438_20240601T112853_0179_050_310_2340_MAR_R_NT_004.SEN3
621ad969-9817-4846-b27a-82e009eeeb37,S3B_OL_1_EFR____20251105T152527_20251105T152827_20251106T162453_0179_113_068_2340_ESA_O_NT_004.SEN3
d589d197-cc96-3940-bd11-a07dd2c8b73d,S3B_OL_1_EFR____20210918T154408_20210918T154708_20240527T060836_0179_057_111_2160_MAR_R_NT_004.SEN3
d64e3774-b907-4118-8b62-c7923df8ac49,S3B_OL_1_EFR____20240802T140728_20240802T141028_20240802T222311_0179_096_053_2160_PS2_O_NT_004.SEN3
1205e20e-59f3-463d-af3f-01746984f865,S3B_OL_1_EFR____20240728T144022_20240728T144322_20240728T233425_0179_095_367_2340_PS2_O_NT_004.SEN3
f1bf6c5f-f0c7-3563-b1e8-7fa9851a1038,S3A_OL_1_EFR____20200325T153444_20200325T153744_20240601T232526_0179_056_225_2160_MAR_R_NT_004.SEN3
b977609d-0dde-304c-ab09-4723ff36a870,S3B_OL_1_EFR____20180630T143037_20180630T143337_20240620T144007_0179_010_039_2160_MAR_R_NT_004.SEN3
498bd423-874f-34c3-9473-3dab9bdf6954,S3A_OL_1_EFR____20180628T152628_20180628T152928_20240530T233307_0179_033_011_2340_MAR_R_NT_004.SEN3
4d3b174f-de5e-3123-86c9-f310faccb80b,S3B_OL_1_EFR____20231126T152933_20231126T153233_20240921T043731_0179_086_339_2160_MAR_R_NT_004.SEN3
f7dcabba-4570-49da-b12f-7cd87ebb6107,S3A_OL_1_EFR____20250524T154141_20250524T154441_20250525T162707_0179_126_168_2340_PS1_O_NT_004.SEN3
0968bc05-23a4-317b-a65b-8c682cc1266c,S3A_OL_1_EFR____20230503T135654_20230503T135954_20240606T044801_0180_098_224_2340_MAR_R_NT_004.SEN3
b2719df2-b408-366d-9f5c-08d41c9aef70,S3A_OL_1_EFR____20201103T155329_20201103T155629_20240602T152646_0179_064_325_2160_MAR_R_NT_004.SEN3
b89dc762-4db0-3b25-a5ee-a3ea3cd6bc7d,S3A_OL_1_EFR____20190410T151133_20190410T151433_20240531T201945_0179_043_239_2340_MAR_R_NT_004.SEN3
eb8a88c8-a5d8-3e9f-aa6b-a1c982bb17e1,S3B_OL_1_EFR____20220311T135152_20220311T135452_20240523T163313_0179_063_281_2160_MAR_R_NT_004.SEN3
a0aa2327-a368-3b63-89d8-8bf039d4d10c,S3A_OL_1_EFR____20240704T154137_20240704T154437_20240920T185143_0179_114_168_2340_MAR_R_NT_004.SEN3
e14fe469-6ab6-4ac9-a3b0-37cb16ee416e,S3A_OL_1_EFR____20241229T152633_20241229T152933_20241230T154617_0179_121_011_2340_PS1_O_NT_004.SEN3
5d818933-7911-37c1-9545-6b7556212c9b,S3B_OL_1_EFR____20211003T141420_20211003T141720_20240527T075623_0179_057_324_2160_MAR_R_NT_004.SEN3
0a5aa685-bd7e-3f4c-9b72-a7adb22b0693,S3B_OL_1_EFR____20190920T154346_20190920T154646_20240525T164616_0179_030_111_2160_MAR_R_NT_004.SEN3
d2980fd1-ddc4-3b99-89d3-92007a0dcdeb,S3B_OL_1_EFR____20200612T140943_20200612T141242_20240526T090217_0179_040_053_2340_MAR_R_NT_004.SEN3
03f647b5-3ae3-376c-8340-6197e1ddcd03,S3B_OL_1_EFR____20250306T154825_20250306T155125_20250307T160930_0179_104_054_2160_ESA_O_NT_004.SEN3
fd2932eb-5d99-3499-82c4-eab3adc1141b,S3A_OL_1_EFR____20180109T135253_20180109T135553_20240530T080453_0179_026_281_2340_MAR_R_NT_004.SEN3
588bfd35-ee5c-3550-8474-c7566bcb6a56,S3B_OL_1_EFR____20191230T134706_20191230T135006_20240526T024136_0179_034_010_2340_MAR_R_NT_004.SEN3
8920ea6f-43be-3c60-95f1-82f81f2fd1f9,S3A_OL_1_EFR____20200223T135727_20200223T140027_20240601T202018_0180_055_167_2160_MAR_R_NT_004.SEN3
3a288cae-896d-3eea-88fb-1bf1be771f13,S3A_OL_1_EFR____20210515T154951_20210515T155251_20240603T074248_0179_071_382_2160_MAR_R_NT_004.SEN3
4a931e9e-a529-4e6a-b517-e40f6555b79b,S3A_OL_1_EFR____20250528T135658_20250528T135958_20250529T144911_0180_126_224_2340_PS1_O_NT_004.SEN3
11e1a899-df3d-32e1-99d5-b8b26ce902a7,S3A_OL_1_EFR____20180423T153441_20180423T153741_20240530T161542_0179_030_225_2160_MAR_R_NT_004.SEN3
d41c4ef7-d561-4de2-ac15-bbee0378e1d4,S3B_OL_1_EFR____20250827T135927_20250827T140227_20250828T144459_0179_110_224_2340_ESA_O_NT_004.SEN3
4610a035-76c1-3101-9ddd-2b6757f28af6,S3A_OL_1_EFR____20230527T151526_20230527T151826_20240606T061204_0179_099_182_2340_MAR_R_NT_004.SEN3
cea59a3b-f2e8-32ad-b9c5-2d1a19721c17,S3B_OL_1_EFR____20230123T144807_20230123T145107_20240527T144625_0179_075_196_2160_MAR_R_NT_004.SEN3
551478e6-f0f1-37e2-9acd-e5a5b70626a6,S3A_OL_1_EFR____20180520T135641_20180520T135941_20240530T183221_0179_031_224_2340_MAR_R_NT_004.SEN3
138ea9f9-1565-3aa1-94ee-a64f4a5e2389,S3A_OL_1_EFR____20221003T153405_20221003T153705_20240605T142304_0179_090_282_2340_MAR_R_NT_004.SEN3
69069b17-391d-30d7-9157-ef55f9f51fac,S3B_OL_1_EFR____20210223T151018_20210223T151318_20240526T182931_0179_049_239_2160_MAR_R_NT_004.SEN3
916d00f6-5975-3739-94bc-d49644c63af2,S3B_OL_1_EFR____20211107T140951_20211107T141251_20240527T082521_0179_059_053_2340_MAR_R_NT_004.SEN3
9f257015-5065-322c-84ee-09203aa6c180,S3B_OL_1_EFR____20200717T135916_20200717T140216_20240526T090128_0179_041_167_2160_MAR_R_NT_004.SEN3
d2e4ecce-4919-35d6-856d-6a97f6ddaa0f,S3A_OL_1_EFR____20220221T153837_20220221T154137_20240604T222907_0179_082_168_2160_MAR_R_NT_004.SEN3
af0295cd-133d-305f-bb42-facaa6615cf1,S3B_OL_1_EFR____20230324T153604_20230324T153904_20240527T182211_0179_077_282_2340_MAR_R_NT_004.SEN3
07bbfc52-00bf-46a2-a280-d3cf1c12d805,S3A_OL_1_EFR____20250404T153452_20250404T153752_20250405T162735_0180_124_225_2160_PS1_O_NT_004.SEN3
60401134-df6f-3df5-a4ff-fd5e7bf494af,S3A_OL_1_EFR____20180527T155322_20180527T155622_20240530T202851_0180_031_325_2160_MAR_R_NT_004.SEN3
b1308201-1551-3c03-861e-8a24109bdac2,S3B_OL_1_EFR____20200813T154015_20200813T154315_20240526T131914_0179_042_168_2160_MAR_R_NT_004.SEN3
692bfb60-9540-33e9-82b5-547e6ccc8c11,S3B_OL_1_EFR____20181019T145159_20181019T145459_20240621T014035_0179_015_082_2160_MAR_R_NT_004.SEN3
887d2ebf-ff35-32ea-90b6-1474e335b1f6,S3B_OL_1_EFR____20230910T134445_20230910T134745_20240921T000128_0180_084_010_2160_MAR_R_NT_004.SEN3
b7d0bb0f-e455-3d2d-beb6-f158e5d28030,S3B_OL_1_EFR____20220505T150646_20220505T150946_20240523T212256_0179_065_296_2160_MAR_R_NT_004.SEN3
dc2473e1-7e36-3493-81a1-3c3cf79ed4d6,S3A_OL_1_EFR____20220910T134922_20220910T135222_20240605T131710_0179_089_338_2340_MAR_R_NT_004.SEN3
0a1ac915-f96e-3254-a6e5-448589db4ced,S3B_OL_1_EFR____20230225T135506_20230225T135806_20240527T131946_0179_076_281_2340_MAR_R_NT_004.SEN3
3ee7caa7-e76f-4394-ab02-3de5ae104096,S3A_OL_1_EFR____20240926T142300_20240926T142600_20240927T144545_0179_117_210_2340_PS1_O_NT_004.SEN3
6aeadffb-018d-4530-a2a7-754d17ead5da,S3A_OL_1_EFR____20251101T142654_20251101T142954_20251102T152709_0180_132_153_2340_PS1_O_NT_004.SEN3
cf919c0a-ffc4-3c32-a38c-5cf8f322c3d0,S3B_OL_1_EFR____20240609T154824_20240609T155124_20240921T163025_0179_094_054_2160_MAR_R_NT_004.SEN3
bff0bad6-e507-3506-9ffa-19eee981c247,S3A_OL_1_EFR____20230310T135349_20230310T135649_20240606T001937_0179_096_224_2160_MAR_R_NT_004.SEN3
e7d9e6c8-6579-3a18-85bf-f80d34c714a2,S3A_OL_1_EFR____20221224T150451_20221224T150751_20240605T184424_0180_093_296_2160_MAR_R_NT_004.SEN3
a4bfea39-ca8a-3a10-9db2-5f5218155737,S3B_OL_1_EFR____20200103T134322_20200103T134622_20240525T210928_0179_034_067_2340_MAR_R_NT_004.SEN3
994ebc4b-52d6-30e5-8a31-f090e0e6872c,S3B_OL_1_EFR____20180726T145646_20180726T145946_20240620T180901_0179_011_025_2160_MAR_R_NT_004.SEN3
65d42ac2-6636-33cc-b4d0-3a3d41b5728a,S3B_OL_1_EFR____20220330T154020_20220330T154320_20240523T184945_0179_064_168_2160_MAR_R_NT_004.SEN3
7d14b723-3583-3a35-8374-cf9012eb8c43,S3A_OL_1_EFR____20190723T151518_20190723T151818_20240601T034733_0179_047_182_2340_MAR_R_NT_004.SEN3
5a62943a-701e-38d4-b2ca-3ccf25b7ef9a,S3A_OL_1_EFR____20190413T135000_20190413T135300_20240531T202705_0179_043_281_2160_MAR_R_NT_004.SEN3
90b6f9e4-c49f-3e17-bd60-aba7ef968a7a,S3A_OL_1_EFR____20190602T135647_20190602T135946_20240531T232906_0179_045_224_2340_MAR_R_NT_004.SEN3
7cc74fa2-9aab-33f6-b624-2f60d584a341,S3A_OL_1_EFR____20221011T134537_20221011T134837_20240605T144240_0179_091_010_2340_MAR_R_NT_004.SEN3
b8c4fbf5-5541-3011-b8e3-04eabf668efd,S3B_OL_1_EFR____20220411T135109_20220411T135409_20240523T201747_0179_064_338_2340_MAR_R_NT_004.SEN3
faf83d07-4bf8-3b6e-9065-a37236662403,S3A_OL_1_EFR____20220714T153408_20220714T153708_20240605T101821_0179_087_282_2340_MAR_R_NT_004.SEN3
792433e0-8403-3734-af0a-66d96845df80,S3B_OL_1_EFR____20250303T152558_20250303T152858_20250304T163641_0179_104_011_2160_ESA_O_NT_004.SEN3
fd3dd9e3-986c-3c0c-b61e-cd07e161b29f,S3B_OL_1_EFR____20200522T145433_20200522T145733_20240526T092204_0180_039_139_2340_MAR_R_NT_004.SEN3
0a3f6467-a67a-3a25-a322-4d71be70682f,S3B_OL_1_EFR____20200725T153246_20200725T153546_20240526T084350_0179_041_282_2160_MAR_R_NT_004.SEN3
76d1982d-953d-430d-9844-672c952d53e1,S3A_OL_1_EFR____20240818T143112_20240818T143412_20240819T145501_0179_116_039_2160_PS1_O_NT_004.SEN3
bb5262c2-42e2-3c16-a965-c56c3d366861,S3A_OL_1_EFR____20210523T154522_20210523T154822_20240603T084232_0179_072_111_2340_MAR_R_NT_004.SEN3
38cb850f-a64a-30c1-b366-cef66d79f9b2,S3A_OL_1_EFR____20210820T135651_20210820T135951_20240603T155455_0179_075_224_2340_MAR_R_NT_004.SEN3
6bd2d92e-3ab5-3e9d-a33e-4f72640a3634,S3A_OL_1_EFR____20220906T135306_20220906T135606_20240605T131221_0179_089_281_2340_MAR_R_NT_004.SEN3
de034bf8-7166-31b9-8b16-ea5946266ae8,S3B_OL_1_EFR____20220824T135122_20220824T135422_20240524T041718_0179_069_338_2340_MAR_R_NT_004.SEN3
81805ec0-578d-349b-bc74-6bb3bcace5ef,S3B_OL_1_EFR____20230829T135859_20230829T140159_20240921T005655_0180_083_224_2340_MAR_R_NT_004.SEN3
34595061-917a-3a2e-9931-267e573f11a4,S3B_OL_1_EFR____20230305T134736_20230305T135036_20240527T180523_0179_077_010_2340_MAR_R_NT_004.SEN3
c8bd16e7-2249-3591-89d0-50bd6e1035d6,S3B_OL_1_EFR____20250123T135608_20250123T135908_20250124T152516_0179_102_224_2160_ESA_O_NT_004.SEN3
80213e4e-e048-3320-ba3e-c59806c040cc,S3A_OL_1_EFR____20190715T151947_20190715T152247_20240601T030014_0179_047_068_2160_MAR_R_NT_004.SEN3
7e004f86-2bd5-3392-b5f8-37ccc2fb1081,S3A_OL_1_EFR____20240523T134924_20240523T135224_20240920T155947_0179_112_338_2340_MAR_R_NT_004.SEN3
1bd3faec-2367-3d96-947c-fd18406699d9,S3B_OL_1_EFR____20220506T144036_20220506T144336_20240523T223830_0179_065_310_2160_MAR_R_NT_004.SEN3
834e3bc2-2d2a-3314-a2e6-4439a160324f,S3A_OL_1_EFR____20190215T151129_20190215T151429_20240531T163701_0179_041_239_2340_MAR_R_NT_004.SEN3
b4dfb40f-3f4c-3099-852e-faca060e99b9,S3A_OL_1_EFR____20201201T134913_20201201T135213_20240602T183101_0179_065_338_2340_MAR_R_NT_004.SEN3
44e9e348-0b57-32a3-887d-4563c96bd0d8,S3B_OL_1_EFR____20180701T140726_20180701T141026_20240620T155746_0179_010_053_2340_MAR_R_NT_004.SEN3
a4ac8d9e-a5fb-31a6-bf71-591bbb5d7c61,S3A_OL_1_EFR____20180813T153352_20180813T153652_20240531T023703_0179_034_282_2340_MAR_R_NT_004.SEN3
a51a798b-c735-3994-944f-8107b0761de9,S3B_OL_1_EFR____20220502T144719_20220502T145019_20240523T214735_0179_065_253_2340_MAR_R_NT_004.SEN3
e3406b62-7883-3510-9974-a1690d873847,S3A_OL_1_EFR____20220313T152253_20220313T152553_20240605T003720_0179_083_068_2340_MAR_R_NT_004.SEN3
afd83ca8-7b5d-398c-ad93-83119d9205bd,S3A_OL_1_EFR____20180327T135638_20180327T135938_20240530T135922_0179_029_224_2340_MAR_R_NT_004.SEN3
678c518b-b5d9-39fe-be5f-cea47336f9d4,S3A_OL_1_EFR____20200418T151522_20200418T151822_20240602T003829_0179_057_182_2340_MAR_R_NT_004.SEN3
bc79a0a3-f069-359d-9a60-904633c528e1,S3A_OL_1_EFR____20210927T154949_20210927T155249_20240603T235527_0179_076_382_2160_MAR_R_NT_004.SEN3
e775ebf3-90d3-38e1-a063-c58ce5f04a36,S3A_OL_1_EFR____20240201T153405_20240201T153705_20240920T061411_0180_108_282_2340_MAR_R_NT_004.SEN3
7868d862-381b-389b-b9e2-8d2da92637c3,S3A_OL_1_EFR____20230615T152251_20230615T152551_20240628T023256_0179_100_068_2340_MAR_R_NT_004.SEN3
be6fdb7c-d228-3250-8f95-0c3a54700a6d,S3B_OL_1_EFR____20250211T154439_20250211T154739_20250212T160347_0179_103_111_2160_ESA_O_NT_004.SEN3
33d631a3-9bc9-3649-be21-2312bd0b48cb,S3B_OL_1_EFR____20240518T152124_20240518T152424_20240921T161536_0179_093_125_2340_MAR_R_NT_004.SEN3
f3241eca-cd41-36e7-baef-3aa2356c43b0,S3B_OL_1_EFR____20201214T141029_20201214T141329_20240526T185042_0179_046_381_2160_MAR_R_NT_004.SEN3
8eace575-89ad-35a0-87ed-e15be0ea78d0,S3A_OL_1_EFR____20210824T135306_20210824T135606_20240603T152123_0179_075_281_2340_MAR_R_NT_004.SEN3
228bff85-516d-3f6e-8ebb-1e43cfef6d01,S3A_OL_1_EFR____20190130T134528_20190130T134828_20240531T145937_0179_041_010_2340_MAR_R_NT_004.SEN3
9b6b0b59-a7d9-3cba-a1e3-3f9581fd114e,S3A_OL_1_EFR____20230426T151610_20230426T151910_20240606T032029_0179_098_125_2160_MAR_R_NT_004.SEN3
74a0c7bb-625e-3f97-a6ad-a0a2a7423ee2,S3B_OL_1_EFR____20230320T135549_20230320T135849_20240527T144735_0179_077_224_2160_MAR_R_NT_004.SEN3
c877862a-24d0-4622-9a28-e7a1fea1d56f,S3B_OL_1_EFR____20250915T154752_20250915T155052_20250916T165951_0179_111_111_2340_ESA_O_NT_004.SEN3
165416ac-7d68-3d47-a706-dc2461950548,S3A_OL_1_EFR____20190417T152716_20190417T153016_20240531T203806_0179_043_339_2160_MAR_R_NT_004.SEN3
1eb00245-f3d2-4de5-bdaf-1721242feda8,S3A_OL_1_EFR____20250301T151906_20250301T152206_20250302T160456_0179_123_125_2340_PS1_O_NT_004.SEN3
69485e2c-287e-3c91-b8aa-bb014547d637,S3A_OL_1_EFR____20230127T134237_20230127T134537_20240605T212720_0179_095_010_2160_MAR_R_NT_004.SEN3
dda495bf-523a-3fe4-ac67-36de8facf5d3,S3B_OL_1_EFR____20221028T140319_20221028T140619_20240524T075741_0179_072_110_2160_MAR_R_NT_004.SEN3
d05ea4ef-ebc4-3358-9b42-a285a539bc8b,S3A_OL_1_EFR____20191115T135258_20191115T135558_20240601T122910_0179_051_281_2340_MAR_R_NT_004.SEN3
0adde6f1-a59f-37b0-b60f-1cbf1500ab21,S3B_OL_1_EFR____20180511T151528_20180511T151828_20240620T124410_0179_003_082_2340_MAR_R_NT_004.SEN3
6d687be0-4ff8-39c9-9ddb-3805685b8b53,S3B_OL_1_EFR____20220221T150212_20220221T150512_20240523T162149_0179_063_025_2340_MAR_R_NT_004.SEN3
2875ea30-fa8f-47d8-9321-9e02f0161235,S3B_OL_1_EFR____20240905T142609_20240905T142909_20240905T221707_0180_097_153_2160_PS2_O_NT_004.SEN3
42578175-4634-3b64-bec7-b8d29d9c247d,S3B_OL_1_EFR____20200829T134718_20200829T135018_20240526T125326_0179_043_010_2340_MAR_R_NT_004.SEN3
0495ef47-9b33-35b7-a082-ace6dd285fad,S3A_OL_1_EFR____20211013T135353_20211013T135653_20240604T010546_0179_077_224_2160_MAR_R_NT_004.SEN3
08a81098-223d-33b3-8828-6703917910bd,S3B_OL_1_EFR____20230206T152836_20230206T153136_20240527T163758_0179_076_011_2340_MAR_R_NT_004.SEN3
eb3904e8-8144-30be-abb8-75b7decfe047,S3B_OL_1_EFR____20190101T135517_20190101T135817_20240525T035841_0179_020_224_2160_MAR_R_NT_004.SEN3
2d0e0fd4-e6d1-3fbc-b657-b82de82a676a,S3B_OL_1_EFR____20230412T154033_20230412T154333_20240527T183021_0179_078_168_2160_MAR_R_NT_004.SEN3
01274fe5-0723-3690-be40-c55a30c12a9f,S3B_OL_1_EFR____20190521T150925_20190521T151225_20240525T122044_0179_025_296_2340_MAR_R_NT_004.SEN3
612ec3cd-c7b7-395d-837c-4f708aed45e7,S3B_OL_1_EFR____20240513T154819_20240513T155119_20240921T162635_0179_093_054_2160_MAR_R_NT_004.SEN3
707125bd-1ca7-3a42-9594-b65718fbf4e0,S3A_OL_1_EFR____20220710T153753_20220710T154053_20240605T100517_0179_087_225_2340_MAR_R_NT_004.SEN3
fcc837ca-a00e-3dd0-8742-c416f431c3a7,S3B_OL_1_EFR____20210720T145915_20210720T150215_20240527T032227_0179_055_025_2160_MAR_R_NT_004.SEN3
1498f217-a3b3-3d6c-84e1-9d74dfdc5467,S3B_OL_1_EFR____20250326T153242_20250326T153542_20250327T152029_0179_104_339_2340_ESA_O_NT_004.SEN3
c84f9456-73cf-3b15-8441-b3acd04840b4,S3A_OL_1_EFR____20210212T135650_20210212T135950_20240603T003510_0179_068_224_2340_MAR_R_NT_004.SEN3
08e43006-7807-3577-913a-c1db790f94d7,S3A_OL_1_EFR____20220421T151145_20220421T151445_20240605T033809_0179_084_239_2340_MAR_R_NT_004.SEN3
d92997e7-df39-32aa-abbc-3dc018fb6711,S3A_OL_1_EFR____20180129T151212_20180129T151512_20240530T094748_0179_027_182_2160_MAR_R_NT_004.SEN3
7a133abd-238d-3341-b793-55728505d35f,S3B_OL_1_EFR____20210518T153248_20210518T153548_20240527T022234_0179_052_282_2160_MAR_R_NT_004.SEN3
c507d0a5-e457-4fd4-b13d-97c39f4ccbbc,S3A_OL_1_EFR____20250121T152722_20250121T153022_20250122T155132_0179_121_339_2160_PS1_O_NT_004.SEN3
e457556b-c578-3e97-aa58-35bc12d745c7,S3A_OL_1_EFR____20181105T155324_20181105T155624_20240531T090552_0179_037_325_2160_MAR_R_NT_004.SEN3
c37562bc-ca0c-3959-ad08-f8b91f0ddda8,S3A_OL_1_EFR____20190118T135340_20190118T135640_20240531T144725_0179_040_224_2160_MAR_R_NT_004.SEN3
cd28e2e2-297d-3ff1-9831-acfdd99da75b,S3A_OL_1_EFR____20230211T153449_20230211T153749_20240605T225055_0179_095_225_2160_MAR_R_NT_004.SEN3
83f6e24e-c3c6-385b-bff7-a639bb9c2919,S3B_OL_1_EFR____20221222T151807_20221222T152107_20240524T114931_0179_074_125_2160_MAR_R_NT_004.SEN3
13dac6aa-5127-3e82-963a-8f14f28ca9ff,S3A_OL_1_EFR____20180521T150829_20180521T151129_20240530T193211_0179_031_239_2160_MAR_R_NT_004.SEN3
e81431b6-d9a6-38b1-8b35-816d346c73f6,S3B_OL_1_EFR____20230825T140244_20230825T140544_20240921T001357_0179_083_167_2340_MAR_R_NT_004.SEN3
c7df1b81-fb6f-36f3-81de-fe9785f74d8b,S3A_OL_1_EFR____20181106T153013_20181106T153313_20240531T091202_0179_037_339_2340_MAR_R_NT_004.SEN3
1b78ce41-7a64-39c2-a0ed-6b83d8001121,S3A_OL_1_EFR____20190421T152332_20190421T152632_20240531T201932_0179_044_011_2160_MAR_R_NT_004.SEN3
634304a4-bd00-33bd-8c2d-af8f69d573be,S3A_OL_1_EFR____20240307T134233_20240307T134533_20240920T095936_0179_110_010_2160_MAR_R_NT_004.SEN3
3436a164-eedd-306d-b7e5-3b95df8cba50,S3B_OL_1_EFR____20230513T153652_20230513T153952_20240527T230253_0179_079_225_2160_MAR_R_NT_004.SEN3
779d98f5-5250-36a9-be1f-f2cf480ef8fc,S3B_OL_1_EFR____20211208T140307_20211208T140607_20240527T114939_0179_060_110_2160_MAR_R_NT_004.SEN3
144fdc8f-43ee-41c3-b41a-511ca7269d3a,S3B_OL_1_EFR____20251120T135542_20251120T135842_20251121T145907_0180_113_281_2340_ESA_O_NT_004.SEN3
11e5a4b7-27c6-3f66-ab17-c365a8d4939e,S3B_OL_1_EFR____20200710T152133_20200710T152433_20240526T100713_0179_041_068_2160_MAR_R_NT_004.SEN3
7850f0c4-c38d-36d2-badf-f6c28e14ff5e,S3B_OL_1_EFR____20210219T151402_20210219T151702_20240526T230913_0179_049_182_2160_MAR_R_NT_004.SEN3
1fbd2c5e-b0bc-32c5-95cb-9737b5d6d916,S3B_OL_1_EFR____20180510T135708_20180510T140008_20240620T110231_0179_003_067_2340_MAR_R_NT_004.SEN3
f92a52dd-5618-402c-8b00-01be1bc5b67a,S3B_OL_1_EFR____20250911T141037_20250911T141337_20250912T144333_0179_111_053_2340_ESA_O_NT_004.SEN3
0ea11714-7db7-36ab-9508-2da3f2a1b577,S3A_OL_1_EFR____20191227T140410_20191227T140710_20240601T163708_0179_053_110_2340_MAR_R_NT_004.SEN3
557adf2d-1488-3e31-a9ff-1e476b2b7183,S3A_OL_1_EFR____20231119T154941_20231119T155241_20240920T005032_0179_105_382_2160_MAR_R_NT_004.SEN3
848fb9ba-10cb-38b6-b3f3-5cc84350abda,S3A_OL_1_EFR____20191215T141521_20191215T141821_20240601T150157_0179_052_324_2340_MAR_R_NT_004.SEN3
6b9af159-900b-3b82-9ec0-41148abae57b,S3B_OL_1_EFR____20250705T151413_20250705T151713_20250706T150609_0179_108_239_2340_ESA_O_NT_004.SEN3
221fba56-030a-4e7d-a33d-2f3cbe2072b2,S3A_OL_1_EFR____20250205T154134_20250205T154434_20250206T160737_0179_122_168_2340_PS1_O_NT_004.SEN3
c5beba4c-7638-3125-bf91-838c16a26b32,S3A_OL_1_EFR____20200803T140033_20200803T140333_20240602T085357_0179_061_167_2340_MAR_R_NT_004.SEN3
c1581925-a728-32af-bd5e-e6f6376e3607,S3B_OL_1_EFR____20240613T140340_20240613T140640_20240921T163813_0179_094_110_2160_MAR_R_NT_004.SEN3
613cd414-2fb8-348e-a482-7f5d683dab00,S3A_OL_1_EFR____20210616T151957_20210616T152257_20240603T103922_0179_073_068_2160_MAR_R_NT_004.SEN3
e08be142-b344-3d4f-86eb-80722edc00fb,S3A_OL_1_EFR____20221010T154947_20221010T155247_20240605T143934_0179_090_382_2160_MAR_R_NT_004.SEN3
a348b287-1384-308c-80d9-3edc56c4d40b,S3A_OL_1_EFR____20240318T135734_20240318T140034_20240920T112107_0179_110_167_2160_MAR_R_NT_004.SEN3
bdaa5264-c94b-3c6e-aeee-5de58e7c7252,S3B_OL_1_EFR____20250626T140351_20250626T140651_20250627T144854_0179_108_110_2160_ESA_O_NT_004.SEN3
4ffd6619-68c4-34ff-9639-d52fce06ba2a,S3A_OL_1_EFR____20220502T134544_20220502T134844_20240605T041257_0179_085_010_2340_MAR_R_NT_004.SEN3
5f72a0cf-cf1c-3068-89a5-b2d2a61d86ca,S3A_OL_1_EFR____20220324T135354_20220324T135654_20240605T015359_0180_083_224_2160_MAR_R_NT_004.SEN3
5989bfe6-16f6-4040-82fe-4b7e2abd731d,S3B_OL_1_EFR____20250123T153707_20250123T154007_20250124T081000_0179_102_225_2160_PS2_O_NT_004.SEN3
7bbece28-1019-3508-ba23-b7fabaec98ee,S3B_OL_1_EFR____20250731T153724_20250731T154024_20250801T161816_0180_109_225_2160_ESA_O_NT_004.SEN3
476f7fe3-c7e1-373d-b8d7-0635f03c980e,S3A_OL_1_EFR____20180817T134608_20180817T134908_20240531T024223_0179_034_338_2160_MAR_R_NT_004.SEN3
4cce9ae8-6444-3d67-89f2-ea9ee55ad928,S3A_OL_1_EFR____20180921T151941_20180921T152241_20240531T063523_0179_036_068_2160_MAR_R_NT_004.SEN3
e21a9acb-2525-4126-b1ae-265c729be1d8,S3A_OL_1_EFR____20251010T135356_20251010T135656_20251011T145709_0180_131_224_2160_PS1_O_NT_004.SEN3
c1550a32-fb39-37c6-8365-8113a4bc797a,S3B_OL_1_EFR____20210723T134343_20210723T134643_20240527T055833_0180_055_067_2340_MAR_R_NT_004.SEN3
3d9e0291-fc64-3c06-9db5-00dd78707eaa,S3A_OL_1_EFR____20221022T140035_20221022T140335_20240605T152330_0179_091_167_2340_MAR_R_NT_004.SEN3
c4983af0-b7cd-46c9-b1dd-b71486e97024,S3A_OL_1_EFR____20250228T154217_20250228T154517_20250301T163407_0180_123_111_2160_PS1_O_NT_004.SEN3
8ab53fd9-e145-30ab-bd16-ff3423d2d3b3,S3A_OL_1_EFR____20240515T135354_20240515T135654_20240920T165036_0179_112_224_2160_MAR_R_NT_004.SEN3
415d17ba-d5f5-3138-9462-ef5c230096aa,S3B_OL_1_EFR____20200421T145814_20200421T150114_20240526T053559_0179_038_082_2340_MAR_R_NT_004.SEN3
3a72aa55-40cb-3231-b4f5-df1a97c113f9,S3B_OL_1_EFR____20200829T152817_20200829T153117_20240526T140348_0179_043_011_2340_MAR_R_NT_004.SEN3
7fedc844-4c55-4cdd-885d-d2be27a3d40f,S3B_OL_1_EFR____20241023T152512_20241023T152812_20241024T075942_0179_099_068_2340_PS2_O_NT_004.SEN3
7af83b2d-ad0e-3813-97a2-d7c266bdb0db,S3B_OL_1_EFR____20210604T145143_20210604T145443_20240527T003624_0179_053_139_2160_MAR_R_NT_004.SEN3
bf8f216d-9a21-3a87-92a2-aae5049acd48,S3A_OL_1_EFR____20220922T151908_20220922T152208_20240605T135052_0179_090_125_2340_MAR_R_NT_004.SEN3
ec02b204-f971-3c3d-8384-228d9d294603,S3B_OL_1_EFR____20200505T135141_20200505T135441_20240526T051705_0179_038_281_2160_MAR_R_NT_004.SEN3
46620a10-7f59-3202-9884-438b87abe916,S3B_OL_1_EFR____20180909T153022_20180909T153322_20240621T001848_0179_012_282_2160_MAR_R_NT_004.SEN3
442101ae-a18d-385d-917e-679a43d4a090,S3A_OL_1_EFR____20211025T134239_20211025T134539_20240604T020448_0179_078_010_2160_MAR_R_NT_004.SEN3
dd60ff67-9766-3b50-845c-36f516baa9bb,S3A_OL_1_EFR____20230219T134919_20230219T135219_20240605T225154_0180_095_338_2340_MAR_R_NT_004.SEN3
0e34b08f-4d0c-3ef8-9abb-17d2eb15c8f8,S3A_OL_1_EFR____20231224T154517_20231224T154817_20240920T031302_0179_107_111_2340_MAR_R_NT_004.SEN3
2f85a2c6-e7b8-3a32-abaf-98445f1217fd,S3B_OL_1_EFR____20230601T154424_20230601T154724_20240627T173353_0179_080_111_2160_MAR_R_NT_004.SEN3
abdc8d9f-de28-3ad9-a80a-e217ffab74d5,S3A_OL_1_EFR____20211121T152338_20211121T152638_20240604T041316_0179_079_011_2160_MAR_R_NT_004.SEN3
39c0d073-0247-3afa-8cae-fd2f6241a102,S3B_OL_1_EFR____20220130T143213_20220130T143513_20240523T164225_0179_062_096_2340_MAR_R_NT_004.SEN3
0ae2c22e-415e-3b5f-a530-49e2cfc650f6,S3B_OL_1_EFR____20220427T151713_20220427T152013_20240523T220002_0179_065_182_2340_MAR_R_NT_004.SEN3
414a2c49-d185-3190-8ba7-a105dc6ea040,S3A_OL_1_EFR____20180913T153009_20180913T153309_20240531T060941_0179_035_339_2340_MAR_R_NT_004.SEN3
70a81664-b6d8-36e1-bdf3-866a70ff5775,S3A_OL_1_EFR____20180220T154207_20180220T154507_20240530T113041_0179_028_111_2160_MAR_R_NT_004.SEN3
d9e668bf-1c87-3853-8d26-e664070290a1,S3A_OL_1_EFR____20201201T153013_20201201T153313_20240602T173746_0179_065_339_2340_MAR_R_NT_004.SEN3
a3f8f136-e40f-3430-9b4c-d283ca0975ce,S3B_OL_1_EFR____20240614T151829_20240614T152129_20240921T184724_0179_094_125_2160_MAR_R_NT_004.SEN3
a86d7114-bd97-38e8-9564-394a2f11aefa,S3B_OL_1_EFR____20250713T150644_20250713T150944_20250714T162026_0180_108_353_2340_ESA_O_NT_004.SEN3
96458d47-d78d-32e2-80c2-2dbd994a9718,S3A_OL_1_EFR____20180814T150741_20180814T151041_20240531T023744_0179_034_296_2340_MAR_R_NT_004.SEN3
8329d2cc-dbe7-337b-b2cb-75017bf2a6d0,S3A_OL_1_EFR____20180628T134229_20180628T134529_20240530T223629_0179_033_010_2160_MAR_R_NT_004.SEN3
a59ddb3e-367d-3c54-a13b-527b169931b9,S3A_OL_1_EFR____20231209T135000_20231209T135300_20240920T022603_0179_106_281_2160_MAR_R_NT_004.SEN3
75169023-6c33-3502-971d-f74471f397ad,S3A_OL_1_EFR____20191027T134231_20191027T134531_20240601T111556_0179_051_010_2160_MAR_R_NT_004.SEN3
994f471c-4e41-37fa-ae1b-78f87345ac3c,S3B_OL_1_EFR____20201123T145824_20201123T150124_20240526T142058_0179_046_082_2340_MAR_R_NT_004.SEN3
d32d9ac1-c408-33bc-ba47-37d875d1ced2,S3A_OL_1_EFR____20220405T152641_20220405T152941_20240605T022026_0179_084_011_2340_MAR_R_NT_004.SEN3
d129c8c0-d33d-3f01-88ac-16827b26331d,S3B_OL_1_EFR____20191025T153616_20191025T153916_20240525T230317_0179_031_225_2160_MAR_R_NT_004.SEN3
cb138992-fe84-4f13-b193-e74ce18bdc7e,S3B_OL_1_EFR____20240902T140642_20240902T140942_20240902T222931_0179_097_110_2340_PS2_O_NT_004.SEN3
4416dd58-3809-3f86-9031-7d70fb333025,S3B_OL_1_EFR____20221009T135847_20221009T140147_20240524T063741_0179_071_224_2340_MAR_R_NT_004.SEN3
a2a24b89-6cc3-4961-9bb1-fe06c1b01920,S3A_OL_1_EFR____20251102T140043_20251102T140343_20251103T150030_0179_132_167_2340_PS1_O_NT_004.SEN3
832c0b55-9b69-3bd5-b427-d5f9e0671dc5,S3A_OL_1_EFR____20230923T134917_20230923T135217_20240919T202726_0180_103_338_2340_MAR_R_NT_004.SEN3
4ab6fe13-c339-3f28-a224-61a9a18603d5,S3A_OL_1_EFR____20180608T140111_20180608T140411_20240530T212209_0179_032_110_2160_MAR_R_NT_004.SEN3
0e43f101-4898-3d50-836a-7afcd4397524,S3B_OL_1_EFR____20190608T154001_20190608T154301_20240525T143522_0179_026_168_2160_MAR_R_NT_004.SEN3
e4d51f40-d62f-3eba-87bb-096d25f264a0,S3B_OL_1_EFR____20250412T144833_20250412T145133_20250413T150249_0179_105_196_2160_ESA_O_NT_004.SEN3
07af9b7b-dfe9-3890-be5d-e0126853db80,S3A_OL_1_EFR____20180511T143021_20180511T143321_20240530T173538_0179_031_096_2340_MAR_R_NT_004.SEN3
10dbbe34-f9c6-32d1-8118-433cac2bc93f,S3A_OL_1_EFR____20200602T154602_20200602T154902_20240602T035319_0179_059_054_2160_MAR_R_NT_004.SEN3
c3bd78d1-34ad-34fe-85df-2887c1491625,S3A_OL_1_EFR____20220509T140126_20220509T140426_20240605T043938_0179_085_110_2160_MAR_R_NT_004.SEN3
2f018d47-411b-30f0-b141-b981d311d5a0,S3A_OL_1_EFR____20200607T151607_20200607T151907_20240602T044837_0179_059_125_2160_MAR_R_NT_004.SEN3
89ad2032-8b23-359b-81c1-f6ba3efe5d01,S3A_OL_1_EFR____20190928T143453_20190928T143753_20240601T091941_0179_049_367_2160_MAR_R_NT_004.SEN3
c1d6bbf7-2536-3fd7-89eb-1f49e5fffa37,S3A_OL_1_EFR____20190625T154130_20190625T154430_20240601T002501_0179_046_168_2340_MAR_R_NT_004.SEN3
1470a93b-84fe-4a83-9860-07bba3d95f4e,S3B_OL_1_EFR____20251112T154411_20251112T154711_20251113T164904_0179_113_168_2340_ESA_O_NT_004.SEN3
6bc6ceca-2558-3ddf-8de9-a79cd6c0ae1c,S3A_OL_1_EFR____20210330T154217_20210330T154517_20240603T042700_0179_070_111_2160_MAR_R_NT_004.SEN3
f25aa426-479b-3a2f-aeaa-9ced2f0cf801,S3B_OL_1_EFR____20210615T150643_20210615T150943_20240527T024443_0179_053_296_2160_MAR_R_NT_004.SEN3
835bf84e-66f5-3fe3-9108-33ceb69b435b,S3A_OL_1_EFR____20220221T140038_20220221T140338_20240604T232450_0179_082_167_2340_MAR_R_NT_004.SEN3
12712c24-a79b-33cb-8be6-728566d2d1ee,S3A_OL_1_EFR____20210516T134541_20210516T134841_20240603T070851_0179_072_010_2340_MAR_R_NT_004.SEN3
d3c13870-35a9-3652-aee9-88cd730e1cc2,S3B_OL_1_EFR____20191010T152802_20191010T153102_20240525T190851_0179_031_011_2340_MAR_R_NT_004.SEN3
20c57650-022b-304f-a61f-461e9159b5b4,S3A_OL_1_EFR____20231113T150748_20231113T151048_20240920T012331_0179_105_296_2340_MAR_R_NT_004.SEN3
d397fc75-275c-3b13-8504-30b6ca6eb17c,S3A_OL_1_EFR____20200425T135305_20200425T135605_20240602T020404_0179_057_281_2340_MAR_R_NT_004.SEN3
4a74e681-c080-3701-9a4a-bf8e43a2d367,S3A_OL_1_EFR____20200907T153100_20200907T153400_20240602T115353_0179_062_282_2160_MAR_R_NT_004.SEN3
b077c654-30df-386f-9869-ea9f1ba88fdb,S3A_OL_1_EFR____20211009T153837_20211009T154137_20240604T010523_0180_077_168_2160_MAR_R_NT_004.SEN3
ce3912d7-dca1-3703-aee0-711cd0a7dad5,S3A_OL_1_EFR____20190925T141526_20190925T141826_20240601T081638_0179_049_324_2340_MAR_R_NT_004.SEN3
d8a4267f-8ee5-3bb2-ae5a-4a9633358b00,S3B_OL_1_EFR____20250427T150246_20250427T150546_20250428T163517_0179_106_025_2340_ESA_O_NT_004.SEN3
0bdb814e-c785-3ea2-9c20-b7e2a0ad3185,S3A_OL_1_EFR____20210124T152720_20210124T153020_20240602T222313_0179_067_339_2160_MAR_R_NT_004.SEN3
e4b235f8-0133-3c93-8505-abcd5b0e283b,S3B_OL_1_EFR____20180616T135312_20180616T135612_20240620T144128_0179_009_224_2160_MAR_R_NT_004.SEN3
98708572-f2f3-3606-9a7d-8ae5817a4450,S3B_OL_1_EFR____20201005T142522_20201005T142822_20240526T140652_0179_044_153_2160_MAR_R_NT_004.SEN3
581fb174-a916-3057-bc9f-f0cc9748fb39,S3B_OL_1_EFR____20240211T153615_20240211T153915_20240921T101423_0179_089_282_2340_MAR_R_NT_004.SEN3
ab152cdd-44a4-3374-8e8c-2b272f0ec168,S3B_OL_1_EFR____20221002T152104_20221002T152404_20240524T050223_0180_071_125_2340_MAR_R_NT_004.SEN3
cf5f66ae-89f9-3759-a626-5e6626f6aedb,S3B_OL_1_EFR____20180707T145218_20180707T145518_20240620T175515_0179_010_139_2340_MAR_R_NT_004.SEN3
95dead10-a78b-3279-9d5a-a9ddb0843c8b,S3B_OL_1_EFR____20210510T135917_20210510T140217_20240527T031211_0179_052_167_2160_MAR_R_NT_004.SEN3
ca93ffba-79fd-36ac-96f4-7e643b71cc4b,S3A_OL_1_EFR____20230321T154949_20230321T155249_20240606T014137_0179_096_382_2160_MAR_R_NT_004.SEN3
0ad4db50-7b72-3d86-a08d-4adb4c53d197,S3A_OL_1_EFR____20221102T141231_20221102T141531_20240605T154954_0179_091_324_2160_MAR_R_NT_004.SEN3
e452039b-47ba-3741-b62d-943d49e5d5d6,S3B_OL_1_EFR____20230622T150233_20230622T150533_20240627T160730_0179_081_025_2340_MAR_R_NT_004.SEN3
cbc15dcd-5b30-4818-aeef-18509e2cd3bd,S3B_OL_1_EFR____20250928T150728_20250928T151028_20250929T145812_0179_111_296_2160_ESA_O_NT_004.SEN3
fbd58567-c164-3723-b5e3-8d3d074c1322,S3A_OL_1_EFR____20240406T154604_20240406T154904_20240920T105921_0179_111_054_2160_MAR_R_NT_004.SEN3
d7f9b36c-f61d-3308-ae80-cab54fcf8c78,S3B_OL_1_EFR____20200202T140245_20200202T140545_20240526T004824_0179_035_110_2160_MAR_R_NT_004.SEN3
42fecfa6-2d79-37e6-a2ff-bab8dbad5d7b,S3A_OL_1_EFR____20240407T151954_20240407T152254_20240920T121041_0179_111_068_2160_MAR_R_NT_004.SEN3
0ef061fa-d83d-3809-9fac-5428139c8d9c,S3A_OL_1_EFR____20220407T143119_20220407T143419_20240605T022154_0179_084_039_2160_MAR_R_NT_004.SEN3
b2681edc-c4d3-3f0e-9999-b2c75fcbad1d,S3A_OL_1_EFR____20211005T154521_20211005T154821_20240603T235843_0179_077_111_2340_MAR_R_NT_004.SEN3
2d21339e-879b-38e6-9d59-a0bff33fc08a,S3A_OL_1_EFR____20211118T150411_20211118T150711_20240604T044221_0179_078_353_2340_MAR_R_NT_004.SEN3
06bbfc22-0287-33f6-99ac-ca9bbea6570c,S3B_OL_1_EFR____20190920T154646_20190920T154946_20240525T164633_0179_030_111_2340_MAR_R_NT_004.SEN3
274a55e9-7d41-3129-964f-1bef6ff35318,S3A_OL_1_EFR____20190703T135002_20190703T135302_20240601T023212_0179_046_281_2160_MAR_R_NT_004.SEN3
1f0673e3-34ee-304b-8189-902f362985ff,S3B_OL_1_EFR____20210717T143949_20210717T144249_20240527T042311_0180_054_367_2340_MAR_R_NT_004.SEN3
f9ed4b98-63be-3b15-a529-4a5a45ad66e3,S3A_OL_1_EFR____20210812T140120_20210812T140420_20240603T145728_0179_075_110_2160_MAR_R_NT_004.SEN3
bc032aee-47f2-3dbe-926d-9e888c7a3b40,S3A_OL_1_EFR____20200915T134233_20200915T134533_20240602T111857_0179_063_010_2160_MAR_R_NT_004.SEN3
9d91d965-fe78-360c-a518-44c61788bde2,S3B_OL_1_EFR____20180715T144149_20180715T144449_20240620T170809_0179_010_253_2160_MAR_R_NT_004.SEN3
6524cb0d-7faf-302c-9f88-3c9e1d697642,S3B_OL_1_EFR____20181124T152115_20181124T152415_20240621T060302_0179_019_068_2160_MAR_R_NT_004.SEN3
2bc082f7-444c-48a0-ab27-311daf9f89ac,S3A_OL_1_EFR____20250725T135014_20250725T135314_20250726T144404_0179_128_281_2160_PS1_O_NT_004.SEN3
dba7a672-589d-3801-877a-44d3edc1e7c3,S3B_OL_1_EFR____20200613T152131_20200613T152431_20240526T075436_0179_040_068_2160_MAR_R_NT_004.SEN3
9ad48db3-c981-30bd-908c-e8652b6fef74,S3A_OL_1_EFR____20221018T140120_20221018T140420_20240605T150248_0179_091_110_2160_MAR_R_NT_004.SEN3
728a3b0f-73b1-376a-a90a-2146f14fcc10,S3A_OL_1_EFR____20220722T152637_20220722T152937_20240605T104242_0179_088_011_2340_MAR_R_NT_004.SEN3
abb90b25-8e8c-31b5-b4ca-02ff7cd16367,S3B_OL_1_EFR____20250527T152220_20250527T152520_20250606T120703_0179_107_068_2160_ESA_O_NT_004.SEN3
983ffd64-e226-3e80-9357-c2fd83137076,S3B_OL_1_EFR____20190408T134327_20190408T134627_20240525T084512_0179_024_067_2340_MAR_R_NT_004.SEN3
d906d2bd-59e9-391c-8f95-316507febe8f,S3B_OL_1_EFR____20220419T152141_20220419T152441_20240523T194846_0179_065_068_2160_MAR_R_NT_004.SEN3
87b98b4a-9434-327f-a331-85c81d1f1ac6,S3A_OL_1_EFR____20191023T134616_20191023T134916_20240601T113006_0179_050_338_2160_MAR_R_NT_004.SEN3
62167ed5-d9e5-353f-b5a0-9575ac058f38,S3A_OL_1_EFR____20231116T134616_20231116T134916_20240920T002336_0179_105_338_2160_MAR_R_NT_004.SEN3
9f5eabb7-42cf-30ec-8f4f-bddc1c0c8510,S3A_OL_1_EFR____20190907T151943_20190907T152243_20240601T065914_0179_049_068_2160_MAR_R_NT_004.SEN3
6bec844b-f9f5-4f15-b6cb-6f74464876c8,S3B_OL_1_EFR____20251020T135923_20251020T140223_20251021T152446_0179_112_224_2340_ESA_O_NT_004.SEN3
379fde2f-0d1d-33c9-bdf7-f6c482a50e96,S3A_OL_1_EFR____20240619T153024_20240619T153324_20240920T184237_0179_113_339_2340_MAR_R_NT_004.SEN3
0e8992d8-579f-33ac-8593-d2fc3c25c13f,S3A_OL_1_EFR____20180905T153736_20180905T154036_20240531T052643_0179_035_225_2340_MAR_R_NT_004.SEN3
f1a01439-9588-3d8e-a9db-55c541942730,S3A_OL_1_EFR____20180328T151126_20180328T151426_20240530T150742_0179_029_239_2340_MAR_R_NT_004.SEN3
6a8e3041-cc5b-3574-b672-e560226162b2,S3B_OL_1_EFR____20210707T135841_20210707T140140_20240527T045510_0179_054_224_2340_MAR_R_NT_004.SEN3
bc03983b-f754-32a1-a5d0-873d8039c494,S3A_OL_1_EFR____20220826T151904_20220826T152204_20240605T123319_0179_089_125_2340_MAR_R_NT_004.SEN3
9ef24681-d9f9-3363-8b58-0e59a3a989a0,S3B_OL_1_EFR____20220315T152906_20220315T153206_20240523T191235_0179_063_339_2160_MAR_R_NT_004.SEN3
94a4d487-d295-3988-8d2e-ce76ef8a3e40,S3A_OL_1_EFR____20180717T153056_20180717T153356_20240531T010255_0179_033_282_2160_MAR_R_NT_004.SEN3
b4370835-ff2d-3abe-a87d-62ebaed4f6ac,S3B_OL_1_EFR____20220103T142917_20220103T143217_20240523T141235_0179_061_096_2160_MAR_R_NT_004.SEN3
b985ba26-a8f7-36fe-a7c8-1e90fe8d1f6c,S3A_OL_1_EFR____20230614T154601_20230614T154901_20240628T002625_0179_100_054_2160_MAR_R_NT_004.SEN3
ba6cb968-cec0-35c7-8824-30b3b67ea0d7,S3B_OL_1_EFR____20220904T154719_20220904T155019_20240524T035013_0179_070_111_2340_MAR_R_NT_004.SEN3
9c6a9c2c-7172-3e27-9067-e7cc829df661,S3B_OL_1_EFR____20250728T151757_20250728T152057_20250729T163626_0179_109_182_2340_ESA_O_NT_004.SEN3
d33297c6-c1e9-32de-a998-55fb1154374a,S3A_OL_1_EFR____20240403T134537_20240403T134837_20240920T105437_0179_111_010_2340_MAR_R_NT_004.SEN3
dd8d00e6-773d-38e4-90ca-f049142fa542,S3A_OL_1_EFR____20230715T140117_20230715T140417_20240628T034429_0179_101_110_2160_MAR_R_NT_004.SEN3
590c9b65-d910-31bc-9ddb-8c5cb8a3ae9f,S3B_OL_1_EFR____20210207T134414_20210207T134714_20240526T220012_0179_049_010_2160_MAR_R_NT_004.SEN3
3a372780-45f8-3d3e-9936-4a77038e21e9,S3B_OL_1_EFR____20210222T135830_20210222T140130_20240526T200944_0179_049_224_2340_MAR_R_NT_004.SEN3
1782778a-d13c-43a5-908a-8fc344de086c,S3A_OL_1_EFR____20240819T140801_20240819T141101_20240820T142731_0179_116_053_2340_PS1_O_NT_004.SEN3
e708ad54-1fe9-3c51-9ab3-22ed6d5e8edc,S3B_OL_1_EFR____20230316T135934_20230316T140234_20240527T201851_0179_077_167_2160_MAR_R_NT_004.SEN3
083da842-f347-3771-aa7d-fa7d2ff88834,S3B_OL_1_EFR____20230408T140317_20230408T140617_20240527T215408_0179_078_110_2160_MAR_R_NT_004.SEN3
3fe8aaec-5d7c-3306-865d-b207b4dd6360,S3B_OL_1_EFR____20220125T145910_20220125T150210_20240523T152244_0180_062_025_2160_MAR_R_NT_004.SEN3
8f32e261-6b2f-3195-9aec-d397ff33c7b0,S3B_OL_1_EFR____20200907T145436_20200907T145736_20240526T141742_0179_043_139_2340_MAR_R_NT_004.SEN3
20caa5bd-e854-40bf-b08f-b1217e6276d2,S3A_OL_1_EFR____20251031T145304_20251031T145604_20251101T155040_0179_132_139_2340_PS1_O_NT_004.SEN3
7de812bb-34b9-3095-8097-debcc44be2e6,S3A_OL_1_EFR____20190718T140114_20190718T140414_20240601T034324_0180_047_110_2160_MAR_R_NT_004.SEN3
9b0cd250-d02e-3d10-836e-e955973256e8,S3B_OL_1_EFR____20200930T145518_20200930T145818_20240526T150242_0179_044_082_2160_MAR_R_NT_004.SEN3
4a38bb57-903c-3082-b8cd-149586e2548d,S3B_OL_1_EFR____20210903T153557_20210903T153857_20240527T073245_0180_056_282_2340_MAR_R_NT_004.SEN3
a1dcc6cb-dd07-3bd5-a38d-9f46a8dc2039,S3B_OL_1_EFR____20240714T154057_20240714T154357_20240921T202423_0179_095_168_2160_MAR_R_NT_004.SEN3
0c7bcd45-db63-3405-af14-2c5821794f4e,S3A_OL_1_EFR____20210303T140117_20210303T140417_20240603T012525_0179_069_110_2160_MAR_R_NT_004.SEN3
289def8e-dc42-35c2-a677-88ffd4eb46f2,S3B_OL_1_EFR____20220106T145443_20220106T145743_20240523T134215_0180_061_139_2340_MAR_R_NT_004.SEN3
09c90b58-60ea-35d0-8c7b-f4aec6f803ba,S3A_OL_1_EFR____20210605T150758_20210605T151058_20240603T084311_0179_072_296_2340_MAR_R_NT_004.SEN3
f0d307a9-cc07-3662-81b7-1a55ecde771a,S3A_OL_1_EFR____20230330T151911_20230330T152211_20240606T015028_0179_097_125_2340_MAR_R_NT_004.SEN3
03ce8c93-6a09-3e6a-a569-953d90eb0f0b,S3A_OL_1_EFR____20190325T134528_20190325T134828_20240531T182719_0179_043_010_2340_MAR_R_NT_004.SEN3
5e34ac0c-5c33-33c1-9a17-2b13a3c3d9b9,S3B_OL_1_EFR____20191218T153919_20191218T154219_20240525T230402_0179_033_225_2340_MAR_R_NT_004.SEN3
9e009fef-9e71-3ecd-8f35-70f5adda3e48,S3B_OL_1_EFR____20190404T152511_20190404T152811_20240525T083635_0179_024_011_2160_MAR_R_NT_004.SEN3
bfa3c94d-99b4-38d9-8e8a-0f3bae068757,S3A_OL_1_EFR____20180528T153012_20180528T153312_20240530T202750_0179_031_339_2340_MAR_R_NT_004.SEN3
923bcf3a-a842-3b45-a1cb-8c7a7bed660f,S3B_OL_1_EFR____20240509T155204_20240509T155504_20240921T154251_0179_092_382_2160_MAR_R_NT_004.SEN3
4cff9b27-03a9-39b2-ad3f-955a4f2bf246,S3B_OL_1_EFR____20210203T134758_20210203T135058_20240526T201017_0179_048_338_2160_MAR_R_NT_004.SEN3
cc4ed472-01a6-3687-bc9e-fcbfb565f470,S3B_OL_1_EFR____20190713T153234_20190713T153534_20240525T153130_0180_027_282_2160_MAR_R_NT_004.SEN3
b1dbc601-f3ec-3f62-a4b7-94362025c64f,S3A_OL_1_EFR____20240626T154606_20240626T154906_20240920T192619_0179_114_054_2160_MAR_R_NT_004.SEN3
4da6435a-7c77-3920-981f-0e7c9490cebe,S3B_OL_1_EFR____20210522T134805_20210522T135105_20240527T025311_0179_052_338_2160_MAR_R_NT_004.SEN3
b809d325-f8c0-30a2-a9a9-6f27dc6cc874,S3A_OL_1_EFR____20200911T134617_20200911T134917_20240602T122211_0179_062_338_2160_MAR_R_NT_004.SEN3
bb3a8e33-4691-3792-a99d-38be8ee5d309,S3B_OL_1_EFR____20191211T151738_20191211T152038_20240525T210954_0179_033_125_2160_MAR_R_NT_004.SEN3
09618456-be32-3cf4-b7ce-fd2b77c21cb4,S3A_OL_1_EFR____20190722T153829_20190722T154129_20240601T034536_0179_047_168_2160_MAR_R_NT_004.SEN3
1c73ca78-d451-3c38-a980-86d74fb109af,S3B_OL_1_EFR____20211117T145100_20211117T145400_20240527T115135_0179_059_196_2340_MAR_R_NT_004.SEN3
1e48a710-d20f-3873-be6d-15afcef50a75,S3A_OL_1_EFR____20230622T140034_20230622T140334_20240628T014124_0179_100_167_2340_MAR_R_NT_004.SEN3
fbd86827-d824-33e5-b188-53879539512e,S3B_OL_1_EFR____20210531T145527_20210531T145827_20240527T040110_0179_053_082_2160_MAR_R_NT_004.SEN3
3194f488-526e-3003-a372-80651d27b355,S3A_OL_1_EFR____20191108T151216_20191108T151516_20240601T123807_0179_051_182_2160_MAR_R_NT_004.SEN3
223195f9-f223-3159-81de-2acbda6fc928,S3A_OL_1_EFR____20200123T154211_20200123T154511_20240601T184934_0179_054_111_2160_MAR_R_NT_004.SEN3
352ebb46-931f-3857-ac19-c25b29c69a47,S3A_OL_1_EFR____20210809T151953_20210809T152253_20240603T145154_0179_075_068_2160_MAR_R_NT_004.SEN3
0bdd1fdc-107d-3e59-bca2-a46f84e154c9,S3B_OL_1_EFR____20180803T144916_20180803T145216_20240620T183024_0179_011_139_2160_MAR_R_NT_004.SEN3
964879e0-c56d-3338-b5fd-870e6866bbf0,S3A_OL_1_EFR____20190306T151556_20190306T151856_20240531T171150_0179_042_125_2160_MAR_R_NT_004.SEN3
a7db2aec-b1bb-3c33-9fcb-926c6c1be6d3,S3B_OL_1_EFR____20250507T154358_20250507T154658_20250508T163546_0179_106_168_2340_ESA_O_NT_004.SEN3
c6016ef9-c54f-338f-b325-9691a712b4f5,S3B_OL_1_EFR____20190909T152849_20190909T153149_20240525T150315_0179_029_339_2160_MAR_R_NT_004.SEN3
b13d7fc0-0d70-3947-bba0-0a7a67ce3655,S3A_OL_1_EFR____20240705T151526_20240705T151826_20240920T200240_0180_114_182_2340_MAR_R_NT_004.SEN3
0519c925-5376-3147-ba5d-ec50975d8840,S3A_OL_1_EFR____20180821T134223_20180821T134523_20240531T040036_0180_035_010_2160_MAR_R_NT_004.SEN3
6de8c3a7-ea3f-3fa8-b628-81cefe6fc312,S3B_OL_1_EFR____20220115T141802_20220115T142102_20240523T133955_0179_061_267_2160_MAR_R_NT_004.SEN3
4f487877-5b61-357f-8652-9953aa3b8f97,S3A_OL_1_EFR____20240217T151906_20240217T152206_20240920T071224_0179_109_125_2340_MAR_R_NT_004.SEN3
7b3d5867-5aa4-350a-a640-10d9c6cc9baf,S3A_OL_1_EFR____20211105T153835_20211105T154135_20240604T021002_0179_078_168_2160_MAR_R_NT_004.SEN3
087c50be-8292-4996-b654-919d2359fe7c,S3A_OL_1_EFR____20250513T134243_20250513T134543_20250514T144041_0179_126_010_2160_PS1_O_NT_004.SEN3
7cacb129-6180-31b6-9c5e-9a7b3002637d,S3A_OL_1_EFR____20210724T153753_20210724T154053_20240603T134803_0179_074_225_2340_MAR_R_NT_004.SEN3
658bacf9-ee0d-3f42-8707-321c397adddb,S3A_OL_1_EFR____20220624T154952_20220624T155252_20240605T090125_0180_086_382_2160_MAR_R_NT_004.SEN3
d98e404e-2484-372a-af71-bc3b7e7e6087,S3A_OL_1_EFR____20180921T152241_20180921T152541_20240531T063542_0179_036_068_2340_MAR_R_NT_004.SEN3
867153ea-4c3b-393f-acb0-f2fa0b2f48e0,S3B_OL_1_EFR____20181111T143002_20181111T143302_20240621T041630_0180_017_025_2160_MAR_R_NT_004.SEN3
5b1661aa-2cd1-37ee-aa3e-73265426ab50,S3B_OL_1_EFR____20190120T154346_20190120T154646_20240525T065754_0179_021_111_2160_MAR_R_NT_004.SEN3
5a70b47d-a127-333e-9c4e-c690f92ea37a,S3A_OL_1_EFR____20231104T135731_20231104T140031_20240920T002026_0179_105_167_2160_MAR_R_NT_004.SEN3
927daa54-10af-36af-98c4-0e5686e2c8d4,S3A_OL_1_EFR____20200718T155331_20200718T155631_20240602T071143_0179_060_325_2160_MAR_R_NT_004.SEN3
f871417b-977e-322b-9273-37e20f4dfc95,S3A_OL_1_EFR____20231120T134531_20231120T134831_20240920T012946_0179_106_010_2340_MAR_R_NT_004.SEN3
54efbaa1-e6e3-35c0-9cad-1b9fb0e91de1,S3A_OL_1_EFR____20211014T151141_20211014T151441_20240603T235811_0179_077_239_2340_MAR_R_NT_004.SEN3
057e8726-576b-384b-8388-d3a999a8592f,S3B_OL_1_EFR____20190101T135817_20190101T140117_20240525T035859_0179_020_224_2340_MAR_R_NT_004.SEN3
97d387dd-165b-33ff-a58a-54277bd92476,S3A_OL_1_EFR____20191212T134954_20191212T135254_20240601T153443_0179_052_281_2160_MAR_R_NT_004.SEN3
978d2da2-40ec-34c0-80d3-bee9dfe3a9e0,S3A_OL_1_EFR____20200827T151902_20200827T152202_20240602T101100_0179_062_125_2340_MAR_R_NT_004.SEN3
737bf94d-7572-3375-9e7e-22a6e28411db,S3B_OL_1_EFR____20200908T142525_20200908T142825_20240526T115500_0179_043_153_2160_MAR_R_NT_004.SEN3
9cde6c3c-25f1-38a0-aa34-c42b5ffb1acb,S3A_OL_1_EFR____20210724T153453_20210724T153753_20240603T134739_0179_074_225_2160_MAR_R_NT_004.SEN3
44ec2461-5c34-316b-8e24-50f9d05afc59,S3B_OL_1_EFR____20181027T144142_20181027T144442_20240621T041700_0179_016_196_2340_MAR_R_NT_004.SEN3
ef689d3d-b477-36d7-a40f-58b9fb8a6f12,S3A_OL_1_EFR____20190518T134534_20190518T134834_20240531T223620_0180_045_010_2340_MAR_R_NT_004.SEN3
84b771eb-94d1-30ba-81ba-a73d06531562,S3B_OL_1_EFR____20250509T144837_20250509T145137_20250510T151256_0180_106_196_2160_ESA_O_NT_004.SEN3
8c6b9cb9-8af9-3caf-96bd-8483742abc6b,S3A_OL_1_EFR____20191026T140842_20191026T141142_20240601T111435_0179_050_381_2160_MAR_R_NT_004.SEN3
c976f869-bc05-4b7d-a14d-4b9c1ecc04d5,S3A_OL_1_EFR____20250423T154222_20250423T154522_20250424T163232_0180_125_111_2160_PS1_O_NT_004.SEN3
ca9e9433-a245-3e85-82a0-2cb34b974a62,S3A_OL_1_EFR____20210904T154602_20210904T154902_20240603T162218_0180_076_054_2160_MAR_R_NT_004.SEN3
ecf8819f-f6a8-3548-b49c-7dd93b98ec7c,S3B_OL_1_EFR____20211004T135109_20211004T135409_20240527T101001_0179_057_338_2340_MAR_R_NT_004.SEN3
bbed8ffc-f166-4b87-956e-d3688694a1da,S3B_OL_1_EFR____20250921T145146_20250921T145446_20250922T143828_0179_111_196_2340_ESA_O_NT_004.SEN3
2c3e76c5-3b6b-3239-bef7-ebd9aff77610,S3A_OL_1_EFR____20211024T154949_20211024T155249_20240604T023849_0179_077_382_2160_MAR_R_NT_004.SEN3
0a54a6fa-34b0-373e-8122-65cc46fb427d,S3B_OL_1_EFR____20230213T154418_20230213T154718_20240527T163656_0179_076_111_2160_MAR_R_NT_004.SEN3
29c7745c-d237-3abf-9b79-c372772da47b,S3A_OL_1_EFR____20240410T154521_20240410T154821_20240920T114553_0179_111_111_2340_MAR_R_NT_004.SEN3
0c9de938-58a6-3815-bb80-ac7994274164,S3B_OL_1_EFR____20191021T153959_20191021T154259_20240525T210949_0180_031_168_2160_MAR_R_NT_004.SEN3
a3662b5c-5276-392a-9204-23601a081e89,S3B_OL_1_EFR____20190312T134325_20190312T134625_20240525T102300_0179_023_067_2340_MAR_R_NT_004.SEN3
eef1819a-fe9c-38d0-a7c4-c47da4fc029c,S3A_OL_1_EFR____20231021T150407_20231021T150707_20240919T234258_0179_104_353_2340_MAR_R_NT_004.SEN3
fb90be71-1788-3335-a6d6-b03893096e91,S3A_OL_1_EFR____20231212T141528_20231212T141828_20240920T020201_0179_106_324_2340_MAR_R_NT_004.SEN3
d0ce12fa-2c28-3494-bcc0-ebb1992c2968,S3A_OL_1_EFR____20200619T150752_20200619T151052_20240602T045459_0179_059_296_2340_MAR_R_NT_004.SEN3
85bf2a8b-03cb-3af5-b47a-25180ab9b455,S3B_OL_1_EFR____20181024T142315_20181024T142615_20240621T042326_0179_016_153_2340_MAR_R_NT_004.SEN3
a1a12203-36ed-39a0-86f2-c21bd1d8c9c3,S3A_OL_1_EFR____20181014T134229_20181014T134529_20240531T080509_0179_037_010_2160_MAR_R_NT_004.SEN3
811717b6-c74a-360c-86ac-6a741fe30813,S3B_OL_1_EFR____20230110T152833_20230110T153133_20240527T124628_0179_075_011_2340_MAR_R_NT_004.SEN3
35be2f70-0dd8-306a-94a3-3cc3d31cac1c,S3B_OL_1_EFR____20221105T135551_20221105T135851_20240524T070837_0179_072_224_2160_MAR_R_NT_004.SEN3
c8a89368-c8bb-35f2-8970-a7f193d9c0de,S3A_OL_1_EFR____20180427T135257_20180427T135557_20240530T161724_0179_030_281_2340_MAR_R_NT_004.SEN3
9e518dab-9fed-330d-9411-6f4856f28e87,S3A_OL_1_EFR____20240715T155333_20240715T155633_20240920T193522_0180_114_325_2160_MAR_R_NT_004.SEN3
0cb7a510-fe42-34d3-8cf4-b7579f79cdcc,S3A_OL_1_EFR____20180419T153825_20180419T154125_20240530T165638_0179_030_168_2160_MAR_R_NT_004.SEN3
87250024-fff1-3717-b706-a90d83bf6054,S3A_OL_1_EFR____20230429T154137_20230429T154437_20240606T035321_0179_098_168_2340_MAR_R_NT_004.SEN3
d8698b15-5998-33e4-b07f-4de7d435b6b7,S3A_OL_1_EFR____20231228T154132_20231228T154432_20240920T040450_0179_107_168_2340_MAR_R_NT_004.SEN3
9bb60e93-4fd2-3997-b3e8-4a01bd88d063,S3B_OL_1_EFR____20201031T145137_20201031T145437_20240526T141221_0179_045_139_2160_MAR_R_NT_004.SEN3
a79a01e5-0b63-3613-9ee9-2dda4ad594bd,S3B_OL_1_EFR____20191214T135905_20191214T140205_20240526T002745_0179_033_167_2160_MAR_R_NT_004.SEN3
7157339d-be33-3d4f-a24e-52b5d87a843e,S3B_OL_1_EFR____20210130T135443_20210130T135743_20240526T182912_0180_048_281_2340_MAR_R_NT_004.SEN3
ab4712c9-f9cf-33c0-990e-d24e6e854889,S3B_OL_1_EFR____20230305T152835_20230305T153135_20240527T184717_0179_077_011_2340_MAR_R_NT_004.SEN3
a98b0a83-9f79-477f-af6b-db171332d4e7,S3A_OL_1_EFR____20250324T151951_20250324T152251_20250325T160748_0179_124_068_2160_PS1_O_NT_004.SEN3
b30aaf61-6885-3f72-8db2-072a7712cef8,S3B_OL_1_EFR____20220415T134725_20220415T135025_20240523T210327_0179_065_010_2340_MAR_R_NT_004.SEN3
d35af3e8-a3b4-3432-bac9-c97a28c1e771,S3B_OL_1_EFR____20230324T135204_20230324T135504_20240527T163800_0180_077_281_2160_MAR_R_NT_004.SEN3
d42c2b8e-cc06-378f-aac8-7a84bdbed214,S3B_OL_1_EFR____20240127T152159_20240127T152459_20240921T081643_0179_089_068_2160_MAR_R_NT_004.SEN3
eefb3587-7ed1-37f6-af3d-c50a616cf23f,S3A_OL_1_EFR____20220305T152723_20220305T153023_20240605T002939_0179_082_339_2160_MAR_R_NT_004.SEN3
b8479722-8f61-363d-9070-77434daa230f,S3A_OL_1_EFR____20180331T153353_20180331T153653_20240530T140353_0179_029_282_2340_MAR_R_NT_004.SEN3
0321010e-1afd-31e6-85b6-408bda11d781,S3B_OL_1_EFR____20221020T155144_20221020T155444_20240524T062953_0179_071_382_2160_MAR_R_NT_004.SEN3
5d5dfb47-b88a-36f2-9f87-4928e9dd9db0,S3B_OL_1_EFR____20240107T154040_20240107T154340_20240921T061848_0179_088_168_2160_MAR_R_NT_004.SEN3
5e71d483-31dc-3493-afc3-81b0986fc8f0,S3B_OL_1_EFR____20200821T135147_20200821T135447_20240526T100249_0179_042_281_2160_MAR_R_NT_004.SEN3
53be353b-d6ec-4619-8a28-392b0f3d6231,S3B_OL_1_EFR____20250811T141123_20250811T141423_20250812T153117_0179_109_381_2160_ESA_O_NT_004.SEN3
d088c17c-2089-3bcc-9d9c-24c1a9a18283,S3B_OL_1_EFR____20211115T140222_20211115T140522_20240527T105212_0179_059_167_2340_MAR_R_NT_004.SEN3
7b4c1b18-55e3-3e1f-bc6d-d2fcc8b549c0,S3A_OL_1_EFR____20180901T135720_20180901T140020_20240531T050315_0179_035_167_2160_MAR_R_NT_004.SEN3
554a8598-71ab-3587-920d-8b5805e93ee6,S3B_OL_1_EFR____20181102T151836_20181102T152136_20240621T032645_0180_016_282_2340_MAR_R_NT_004.SEN3
f86d6eda-7f91-3414-8560-6b1f0891aede,S3A_OL_1_EFR____20210924T152722_20210924T153022_20240603T173805_0179_076_339_2160_MAR_R_NT_004.SEN3
cd9dd829-ab43-346e-88b8-90c51f5ec2f3,S3A_OL_1_EFR____20230518T154605_20230518T154905_20240606T045620_0179_099_054_2160_MAR_R_NT_004.SEN3
9446d3b1-262d-34e9-be1e-5b5cb9b3b6ce,S3A_OL_1_EFR____20240403T152337_20240403T152637_20240920T112829_0179_111_011_2160_MAR_R_NT_004.SEN3
80a47ea0-ed0b-3d02-8374-4d8e45799e86,S3A_OL_1_EFR____20240224T153447_20240224T153747_20240920T081246_0179_109_225_2160_MAR_R_NT_004.SEN3
ac486d9d-ed7d-340c-a18f-16d804453810,S3B_OL_1_EFR____20210317T140216_20210317T140516_20240526T220249_0180_050_167_2340_MAR_R_NT_004.SEN3
f07b8688-3095-3e08-a67a-cf0fd48b0270,S3A_OL_1_EFR____20191204T135724_20191204T140024_20240601T145230_0179_052_167_2160_MAR_R_NT_004.SEN3
91a74037-2524-3966-87f8-69b25f2c668e,S3B_OL_1_EFR____20190924T135903_20190924T140203_20240525T165227_0179_030_167_2160_MAR_R_NT_004.SEN3
d220dfcc-0c62-3682-993d-bc616b45e62e,S3B_OL_1_EFR____20181016T143331_20181016T143631_20240621T022540_0180_015_039_2340_MAR_R_NT_004.SEN3
64c7a6ae-de95-324d-83f2-1e95835f805b,S3A_OL_1_EFR____20180616T135643_20180616T135943_20240530T221827_0179_032_224_2340_MAR_R_NT_004.SEN3
30f9e8e9-38eb-3f52-bd2a-dd669cab8b03,S3B_OL_1_EFR____20221109T135207_20221109T135507_20240524T075209_0179_072_281_2160_MAR_R_NT_004.SEN3
80e5b001-35bb-3e98-a79a-a34cfe8f34cc,S3A_OL_1_EFR____20230928T145720_20230928T150020_20240919T215939_0179_104_025_2160_MAR_R_NT_004.SEN3
2d058011-3a2b-36f9-9cab-99d66d6a66fa,S3B_OL_1_EFR____20250216T151745_20250216T152045_20250217T155131_0179_103_182_2340_ESA_O_NT_004.SEN3
78f32a1b-3ba7-3405-b44d-cadabca0e0d4,S3B_OL_1_EFR____20220523T154028_20220523T154328_20240523T224254_0179_066_168_2160_MAR_R_NT_004.SEN3
ab0a92f0-17d9-38e2-ae23-ffc78175f7fd,S3B_OL_1_EFR____20201023T145905_20201023T150205_20240526T162503_0179_045_025_2160_MAR_R_NT_004.SEN3
4050b496-4b30-4dc2-9618-c0adac8dc10b,S3A_OL_1_EFR____20240813T150108_20240813T150408_20240814T152519_0179_115_353_2160_PS1_O_NT_004.SEN3
660ced03-6b20-3752-86f2-8570180e8793,S3A_OL_1_EFR____20210820T153450_20210820T153750_20240603T145523_0179_075_225_2160_MAR_R_NT_004.SEN3
b93c8fe2-4f00-331e-a2f1-652e2821bf45,S3B_OL_1_EFR____20230129T135503_20230129T135803_20240527T165033_0179_075_281_2340_MAR_R_NT_004.SEN3
e8539c99-204a-4e20-b437-fa3ffd51bb47,S3B_OL_1_EFR____20250804T153340_20250804T153640_20250805T165219_0179_109_282_2160_ESA_O_NT_004.SEN3
e753d137-ab1e-3631-8884-3d97920106d3,S3B_OL_1_EFR____20180829T151823_20180829T152123_20240620T221806_0179_012_125_2340_MAR_R_NT_004.SEN3
8aa3d4f4-5421-44a4-b4e3-c3d8bcbb9826,S3B_OL_1_EFR____20241114T141109_20241114T141409_20241114T220213_0179_099_381_2160_PS2_O_NT_004.SEN3
9fb2159b-b50e-314b-8e28-4e7185013303,S3A_OL_1_EFR____20230821T144520_20230821T144820_20240919T161826_0179_102_253_2340_MAR_R_NT_004.SEN3
7a955e83-8b9f-31e7-be2c-b5c1b3e5161a,S3A_OL_1_EFR____20180404T152710_20180404T153010_20240530T151047_0180_029_339_2160_MAR_R_NT_004.SEN3
a1a55641-d204-338b-807b-43c15a6fbc77,S3B_OL_1_EFR____20240107T140241_20240107T140541_20240921T082822_0179_088_167_2340_MAR_R_NT_004.SEN3
723f5c5f-af78-3f3e-96b9-8fb157ac4a26,S3B_OL_1_EFR____20220816T153950_20220816T154250_20240524T034212_0179_069_225_2340_MAR_R_NT_004.SEN3
46b70daa-d26e-4a0b-8b47-52b4bfd55ddc,S3B_OL_1_EFR____20240728T143722_20240728T144022_20240728T233410_0180_095_367_2160_PS2_O_NT_004.SEN3
5b6b8548-c35f-3c71-94fe-7e20f4327747,S3B_OL_1_EFR____20210928T144716_20210928T145016_20240527T083702_0179_057_253_2340_MAR_R_NT_004.SEN3
5bd9f790-a42d-3400-b981-f4431cb5d5ef,S3A_OL_1_EFR____20200526T152721_20200526T153021_20240602T030928_0179_058_339_2160_MAR_R_NT_004.SEN3
532d4670-55b4-3691-a07e-26047afe4c42,S3B_OL_1_EFR____20180808T141919_20180808T142219_20240620T204505_0179_011_210_2160_MAR_R_NT_004.SEN3
fbaf47cb-5366-4797-bb25-22126184e4f6,S3A_OL_1_EFR____20250404T135652_20250404T135952_20250405T143859_0179_124_224_2340_PS1_O_NT_004.SEN3
7ee9c2c7-978d-3f52-bdb9-47f3aa316903,S3A_OL_1_EFR____20210728T153108_20210728T153408_20240603T131337_0179_074_282_2160_MAR_R_NT_004.SEN3
8a226cd7-6dc9-3fba-b1ab-a61daba6c09d,S3A_OL_1_EFR____20190718T154214_20190718T154514_20240601T023325_0179_047_111_2160_MAR_R_NT_004.SEN3
465c50a2-b3b6-3936-9a05-b8a976deac49,S3B_OL_1_EFR____20240316T155156_20240316T155456_20240921T132729_0179_090_382_2160_MAR_R_NT_004.SEN3
f33c1a49-1a8d-336e-8251-9afa2c66d6f6,S3B_OL_1_EFR____20240226T140329_20240226T140629_20240921T111309_0179_090_110_2160_MAR_R_NT_004.SEN3
26716cee-d47b-38ac-aadb-448785c63464,S3A_OL_1_EFR____20240713T150756_20240713T151056_20240920T190142_0179_114_296_2340_MAR_R_NT_004.SEN3
894407d9-fb2d-3bae-907d-bb081dea50fd,S3B_OL_1_EFR____20210617T141421_20210617T141721_20240527T024909_0180_053_324_2160_MAR_R_NT_004.SEN3
e4f927f5-fede-3540-a5fe-7aee68a32256,S3B_OL_1_EFR____20181006T153325_20181006T153625_20240621T032241_0179_013_282_2340_MAR_R_NT_004.SEN3
25629ec6-3ad1-3f45-9a55-6b7c31a99590,S3A_OL_1_EFR____20220914T134238_20220914T134538_20240605T132646_0179_090_010_2160_MAR_R_NT_004.SEN3
f0f0d3e0-80dd-352e-a182-f6e1866d4f38,S3A_OL_1_EFR____20200317T154211_20200317T154511_20240601T225925_0179_056_111_2160_MAR_R_NT_004.SEN3
b5cb135d-9ff7-3b29-8b80-1f85512317ce,S3A_OL_1_EFR____20211017T153408_20211017T153708_20240604T021102_0179_077_282_2340_MAR_R_NT_004.SEN3
dda274e4-76cc-3e43-b734-f2f71582a857,S3B_OL_1_EFR____20190110T150537_20190110T150837_20240525T081854_0180_020_353_2340_MAR_R_NT_004.SEN3
c9b8205e-c4d3-37bc-8498-76489197ad8c,S3A_OL_1_EFR____20191225T145631_20191225T145931_20240601T163217_0179_053_082_2340_MAR_R_NT_004.SEN3
ebe32047-223a-32a8-b7e7-17bf031929b9,S3B_OL_1_EFR____20250704T135624_20250704T135924_20250705T135209_0179_108_224_2160_ESA_O_NT_004.SEN3
76ec476c-823c-39d2-83be-dc4c5613b984,S3A_OL_1_EFR____20210116T153748_20210116T154048_20240602T213500_0179_067_225_2340_MAR_R_NT_004.SEN3
b3e4bd73-b4d8-39e1-a7e9-39e5081de076,S3B_OL_1_EFR____20210617T141721_20210617T142021_20240527T024927_0179_053_324_2340_MAR_R_NT_004.SEN3
df9ddba5-ab15-364b-af45-d5a363346c2d,S3B_OL_1_EFR____20211031T135108_20211031T135408_20240527T080419_0179_058_338_2340_MAR_R_NT_004.SEN3
4546fe41-d106-49cf-9403-85ce9ade040e,S3A_OL_1_EFR____20250917T135010_20250917T135310_20250918T145019_0179_130_281_2160_PS1_O_NT_004.SEN3
660ee11c-14ec-397b-b49d-d08c1735b597,S3B_OL_1_EFR____20250531T152136_20250531T152436_20250601T170501_0179_107_125_2340_ESA_O_NT_004.SEN3
b84306db-3e00-3292-a67e-00024e2ffcb3,S3B_OL_1_EFR____20201226T154015_20201226T154315_20240526T191952_0179_047_168_2160_MAR_R_NT_004.SEN3
e874279a-8034-3777-ad77-314c34257fbb,S3B_OL_1_EFR____20211029T144029_20211029T144329_20240527T075841_0179_058_310_2160_MAR_R_NT_004.SEN3
8b646932-3a9e-4a62-9070-9b92713395bc,S3A_OL_1_EFR____20250128T154603_20250128T154903_20250129T161520_0179_122_054_2160_PS1_O_NT_004.SEN3
9af759a2-6f6e-3c49-9d03-560f9dac9bbb,S3A_OL_1_EFR____20200715T153404_20200715T153704_20240602T073100_0179_060_282_2340_MAR_R_NT_004.SEN3
8c2d3e5d-3243-4239-819d-29b148104469,S3A_OL_1_EFR____20250615T142737_20250615T143037_20250616T151918_0179_127_096_2160_PS1_O_NT_004.SEN3
f9c76eec-95ba-36e1-aa5c-c67a51b869b6,S3B_OL_1_EFR____20230427T155149_20230427T155449_20240527T215916_0180_078_382_2160_MAR_R_NT_004.SEN3
ee4e99e4-a248-4ba2-84f2-0dd491010b69,S3B_OL_1_EFR____20240908T144834_20240908T145134_20240908T232226_0179_097_196_2160_PS2_O_NT_004.SEN3
fb049fa4-b4e2-3cdc-a2b5-3178e4a06bf2,S3B_OL_1_EFR____20221109T153306_20221109T153606_20240524T082538_0179_072_282_2160_MAR_R_NT_004.SEN3
a58eaf0a-1728-3df3-a14b-03622a5700c7,S3A_OL_1_EFR____20190401T140111_20190401T140411_20240531T185316_0180_043_110_2160_MAR_R_NT_004.SEN3
cdc0722b-f8fc-3596-a714-969ae29c11e1,S3A_OL_1_EFR____20220309T134539_20220309T134839_20240605T002958_0179_083_010_2340_MAR_R_NT_004.SEN3
fe2a91f5-0b8e-3209-999f-3b18a3a8bde7,S3B_OL_1_EFR____20220122T143644_20220122T143944_20240523T135042_0179_061_367_2160_MAR_R_NT_004.SEN3
2f413148-e96a-335e-a5f2-e28a496f18b7,S3B_OL_1_EFR____20250719T154837_20250719T155137_20250720T153726_0179_109_054_2160_ESA_O_NT_004.SEN3
bc2369df-b998-3600-9540-76c2e8a10ba6,S3A_OL_1_EFR____20221209T145636_20221209T145936_20240605T183517_0179_093_082_2340_MAR_R_NT_004.SEN3
c154be54-a52f-3f90-97ae-ad7e27fbdb0e,S3A_OL_1_EFR____20220917T154604_20220917T154904_20240605T133220_0179_090_054_2160_MAR_R_NT_004.SEN3
b40bdf7b-51ee-3873-88f1-84c4f8f30fce,S3A_OL_1_EFR____20180806T151511_20180806T151811_20240531T020120_0179_034_182_2340_MAR_R_NT_004.SEN3
2673e712-a651-3935-be6b-1c5a229b0825,S3A_OL_1_EFR____20201023T154132_20201023T154432_20240602T152735_0179_064_168_2340_MAR_R_NT_004.SEN3
10c6c342-f234-41f3-94d7-df479c07c8f3,S3A_OL_1_EFR____20250725T153113_20250725T153413_20250726T162013_0179_128_282_2160_PS1_O_NT_004.SEN3
18fa51b8-ea1e-374c-b156-32570563d3e8,S3A_OL_1_EFR____20220316T154221_20220316T154521_20240605T001824_0179_083_111_2160_MAR_R_NT_004.SEN3
4abe0dcc-95cc-38aa-ae4d-29b98791667d,S3A_OL_1_EFR____20220730T151908_20220730T152208_20240605T105127_0179_088_125_2340_MAR_R_NT_004.SEN3
aa1eb074-0b0d-357a-bb61-48a3a3ca7a75,S3A_OL_1_EFR____20210504T153454_20210504T153754_20240603T060758_0179_071_225_2160_MAR_R_NT_004.SEN3
d62aa26b-7886-3612-a4bd-70e50928840d,S3B_OL_1_EFR____20181029T134345_20181029T134645_20240621T043534_0179_016_224_2160_MAR_R_NT_004.SEN3
ebaae8f6-95ff-37fb-85cb-ca6ef554a5e8,S3A_OL_1_EFR____20231217T152333_20231217T152633_20240920T023249_0180_107_011_2160_MAR_R_NT_004.SEN3
94e6cc88-c61c-3449-a2b4-802b5cf69194,S3B_OL_1_EFR____20190905T153534_20190905T153834_20240525T191131_0179_029_282_2340_MAR_R_NT_004.SEN3
610c755e-5baf-4b68-aff3-a45cadf6066d,S3A_OL_1_EFR____20251215T152339_20251215T152639_20251216T162516_0179_134_011_2160_PS1_O_NT_004.SEN3
95fb58f1-e60f-384c-b6b6-963400be4935,S3B_OL_1_EFR____20190616T135132_20190616T135432_20240525T111600_0179_026_281_2160_MAR_R_NT_004.SEN3
02b671ca-9ce5-3818-b558-63964f0b4fc3,S3A_OL_1_EFR____20191130T154508_20191130T154808_20240601T143437_0179_052_111_2340_MAR_R_NT_004.SEN3
101be2a8-28d2-3a41-b46c-085a6e983dfe,S3B_OL_1_EFR____20230914T134359_20230914T134659_20240921T021116_0179_084_067_2340_MAR_R_NT_004.SEN3
11c45052-f129-3c27-94b9-ced5a3a15453,S3A_OL_1_EFR____20201008T134619_20201008T134919_20240602T132210_0179_063_338_2160_MAR_R_NT_004.SEN3
31f76e1d-665c-3c2e-a64c-b914a339ae8c,S3A_OL_1_EFR____20180912T155320_20180912T155620_20240531T055704_0180_035_325_2160_MAR_R_NT_004.SEN3
ba4147ff-e33c-4a62-b1d7-f069fc521bde,S3B_OL_1_EFR____20240905T142909_20240905T143209_20240905T221719_0179_097_153_2340_PS2_O_NT_004.SEN3
00740046-23f6-35d1-a2b1-90e7a601d7fd,S3B_OL_1_EFR____20230806T135516_20230806T135816_20240921T001629_0179_082_281_2340_MAR_R_NT_004.SEN3
3c03ca2a-25fc-3390-8eaa-37ae45abdf28,S3B_OL_1_EFR____20230309T152151_20230309T152451_20240527T144447_0179_077_068_2160_MAR_R_NT_004.SEN3
d98c5cab-8290-357d-888b-abcac668068c,S3A_OL_1_EFR____20240327T150755_20240327T151055_20240920T111332_0179_110_296_2340_MAR_R_NT_004.SEN3
7539c0f8-ade9-35ae-bfc8-c7805cc15270,S3B_OL_1_EFR____20220620T151721_20220620T152021_20240524T000857_0179_067_182_2340_MAR_R_NT_004.SEN3
8aee9a3a-5771-3ce0-b620-102ddc31a4a8,S3B_OL_1_EFR____20240207T153959_20240207T154259_20240921T091742_0179_089_225_2340_MAR_R_NT_004.SEN3
3a316018-7860-3950-bd1c-76ce76584cf2,S3B_OL_1_EFR____20201010T135827_20201010T140127_20240526T131812_0179_044_224_2340_MAR_R_NT_004.SEN3
410694f3-2e6a-3852-91fd-c75dd14345fc,S3A_OL_1_EFR____20210221T150408_20210221T150708_20240603T003703_0179_068_353_2340_MAR_R_NT_004.SEN3
31cd4bd7-1809-3ab1-acb7-a6c1200d2029,S3B_OL_1_EFR____20200903T145821_20200903T150121_20240526T125627_0179_043_082_2340_MAR_R_NT_004.SEN3
dd77f6c8-c259-3170-9258-e17aa239d360,S3B_OL_1_EFR____20230424T135122_20230424T135422_20240527T225917_0179_078_338_2340_MAR_R_NT_004.SEN3
12b20ed8-94b1-38ef-9d0b-88396f12ea54,S3A_OL_1_EFR____20200201T151132_20200201T151432_20240601T192338_0179_054_239_2340_MAR_R_NT_004.SEN3
d3b3742a-6e57-3ee9-97d0-8a9efe83c3d5,S3B_OL_1_EFR____20190901T135819_20190901T140119_20240525T160611_0179_029_224_2340_MAR_R_NT_004.SEN3
586011df-7d57-386f-8542-bd3e76c1e782,S3A_OL_1_EFR____20220401T153026_20220401T153326_20240605T012701_0179_083_339_2340_MAR_R_NT_004.SEN3
2eefd4f4-ae00-3d2e-957a-dfc84f845588,S3A_OL_1_EFR____20180913T152709_20180913T153009_20240531T060921_0179_035_339_2160_MAR_R_NT_004.SEN3
b7aa12f0-15fa-3644-9fe9-703cee4bbbf5,S3A_OL_1_EFR____20230908T151903_20230908T152203_20240919T194959_0179_103_125_2340_MAR_R_NT_004.SEN3
0d773bc0-4b68-438e-a3c6-d0cd362d3b38,S3B_OL_1_EFR____20240729T141411_20240729T141711_20240729T224218_0179_095_381_2340_PS2_O_NT_004.SEN3
ff2915b0-1c32-304f-a0d8-47d530b363a4,S3B_OL_1_EFR____20201020T143638_20201020T143938_20240526T122609_0179_044_367_2160_MAR_R_NT_004.SEN3
3cc1cd8b-a778-3b57-9c3c-bfa065812bfb,S3B_OL_1_EFR____20230721T154812_20230721T155112_20240627T190814_0179_082_054_2160_MAR_R_NT_004.SEN3
883ef245-e85a-3530-bcef-47df90274352,S3B_OL_1_EFR____20250723T140353_20250723T140653_20250724T150741_0179_109_110_2160_ESA_O_NT_004.SEN3
a4102ea8-05d2-3e76-96a2-39e9da04bcec,S3A_OL_1_EFR____20240121T151606_20240121T151906_20240920T065000_0179_108_125_2160_MAR_R_NT_004.SEN3
a90e642c-3309-4715-98f9-0de276ddff85,S3A_OL_1_EFR____20250627T141625_20250627T141925_20250628T150932_0179_127_267_2160_PS1_O_NT_004.SEN3
619a1314-94ae-36c8-8f53-d92f27155919,S3A_OL_1_EFR____20211217T154947_20211217T155247_20240604T071013_0179_079_382_2160_MAR_R_NT_004.SEN3
77f8ac8d-fdf1-3ab2-8d97-6842303be481,S3A_OL_1_EFR____20200803T154132_20200803T154432_20240602T081819_0180_061_168_2340_MAR_R_NT_004.SEN3
74cbe9e3-e4e5-3383-9ebd-79d917a4941c,S3A_OL_1_EFR____20230429T135738_20230429T140038_20240606T035033_0179_098_167_2160_MAR_R_NT_004.SEN3
da490338-8a47-353b-b1ef-30f124c8037c,S3A_OL_1_EFR____20230831T152329_20230831T152629_20240919T182804_0179_103_011_2160_MAR_R_NT_004.SEN3
e30bb839-76c1-3182-b821-886f584dfcac,S3A_OL_1_EFR____20190530T151519_20190530T151819_20240531T232447_0179_045_182_2340_MAR_R_NT_004.SEN3
44cd186d-6918-4c12-babd-853592b49152,S3A_OL_1_EFR____20250728T155339_20250728T155639_20250729T164026_0179_128_325_2160_PS1_O_NT_004.SEN3
b682b78e-927f-3ccf-b771-2fa94ccac988,S3B_OL_1_EFR____20240514T152208_20240514T152508_20240921T151304_0179_093_068_2160_MAR_R_NT_004.SEN3
b56b9024-707b-3f6e-bdba-d70a527cc41d,S3A_OL_1_EFR____20220206T134627_20220206T134927_20240604T223423_0179_081_338_2160_MAR_R_NT_004.SEN3
c60f4396-6aff-3ab5-8ed2-0839504b1a6d,S3B_OL_1_EFR____20210321T135831_20210321T140131_20240526T220835_0180_050_224_2340_MAR_R_NT_004.SEN3
9b64a172-e8d9-39a8-b853-afa290bd1d5c,S3A_OL_1_EFR____20221125T141913_20221125T142213_20240605T170754_0179_092_267_2340_MAR_R_NT_004.SEN3
0c8407e5-affc-35bd-85cb-23de10ed6d62,S3A_OL_1_EFR____20240523T134624_20240523T134924_20240920T155927_0179_112_338_2160_MAR_R_NT_004.SEN3
d6741731-4e0e-406c-9633-f128217694a1,S3A_OL_1_EFR____20250415T154952_20250415T155252_20250416T164112_0179_124_382_2160_PS1_O_NT_004.SEN3
d2968b36-3c0f-3bfc-9b07-977599011934,S3B_OL_1_EFR____20220809T151807_20220809T152107_20240524T032950_0180_069_125_2160_MAR_R_NT_004.SEN3
6a1f3f63-8e1e-3d68-9ddf-76f570bcc6f7,S3B_OL_1_EFR____20200810T152048_20200810T152348_20240526T092848_0179_042_125_2340_MAR_R_NT_004.SEN3
8b963461-b0ce-3af9-909e-46252f5cd57b,S3A_OL_1_EFR____20240120T140118_20240120T140418_20240920T050851_0179_108_110_2160_MAR_R_NT_004.SEN3
de6d9bac-54c0-3fc5-9adb-f23b5793f8b1,S3A_OL_1_EFR____20191124T145716_20191124T150016_20240601T143301_0179_052_025_2160_MAR_R_NT_004.SEN3
e50291b0-a3a2-3bf5-8b79-f0be60be6335,S3A_OL_1_EFR____20181113T154554_20181113T154854_20240531T094423_0179_038_054_2160_MAR_R_NT_004.SEN3
37ff439e-cd68-3ad2-ae94-fed87d06d662,S3A_OL_1_EFR____20210519T154607_20210519T154907_20240603T073808_0179_072_054_2160_MAR_R_NT_004.SEN3
cb2647c1-b023-347e-b087-a87b783f59bb,S3B_OL_1_EFR____20221211T150611_20221211T150911_20240524T102637_0179_073_353_2340_MAR_R_NT_004.SEN3
d2219470-1b8e-4991-ae28-0a90601a8fc7,S3B_OL_1_EFR____20251229T134429_20251229T134729_20251230T143023_0179_115_067_2340_ESA_O_NT_004.SEN3
6f750d87-1161-3bdb-bec7-5639a55d2294,S3B_OL_1_EFR____20240226T154428_20240226T154728_20240921T091714_0179_090_111_2160_MAR_R_NT_004.SEN3
17f48ee7-ed9e-34a2-bd7e-482489486dc8,S3B_OL_1_EFR____20211023T153934_20211023T154234_20240527T110113_0179_058_225_2340_MAR_R_NT_004.SEN3
d87ca273-097f-30f2-9e7a-05ed7c64435f,S3A_OL_1_EFR____20240611T153454_20240611T153754_20240920T165600_0179_113_225_2160_MAR_R_NT_004.SEN3
eddeefa4-f52d-34eb-b640-9d7a16699f28,S3B_OL_1_EFR____20210115T152133_20210115T152433_20240526T163621_0179_048_068_2160_MAR_R_NT_004.SEN3
462f83c6-6366-3440-a155-292ab91747c2,S3A_OL_1_EFR____20180524T134956_20180524T135256_20240530T202045_0179_031_281_2160_MAR_R_NT_004.SEN3
ae402563-c951-3fa8-8b81-c655731e24f1,S3A_OL_1_EFR____20190921T141610_20190921T141910_20240601T090450_0179_049_267_2160_MAR_R_NT_004.SEN3
edf9c5ba-8bbb-3400-a106-f51d73e0ddac,S3A_OL_1_EFR____20231002T145337_20231002T145637_20240919T204706_0180_104_082_2160_MAR_R_NT_004.SEN3
28e4115e-218e-39a8-b571-270c6b8bb82d,S3A_OL_1_EFR____20191114T141609_20191114T141909_20240601T122812_0179_051_267_2160_MAR_R_NT_004.SEN3
a0d642b8-c0ca-34fa-ae73-4987743c5b1b,S3A_OL_1_EFR____20220316T154521_20220316T154821_20240605T001849_0179_083_111_2340_MAR_R_NT_004.SEN3
76646e2c-130d-4fc7-88fb-f832971616a7,S3A_OL_1_EFR____20250517T152258_20250517T152558_20250518T161816_0179_126_068_2340_PS1_O_NT_004.SEN3
5b065f06-e958-3e83-9fb4-72a7a434ca68,S3B_OL_1_EFR____20240525T135607_20240525T135907_20240921T152851_0179_093_224_2160_MAR_R_NT_004.SEN3
d9815771-3287-3506-ba14-8d1b5ccfd0ae,S3A_OL_1_EFR____20190115T151513_20190115T151813_20240531T143838_0179_040_182_2340_MAR_R_NT_004.SEN3
1e3fbe9a-4385-3b0c-80d4-40c97cb63d6e,S3A_OL_1_EFR____20180516T135726_20180516T140026_20240530T191006_0179_031_167_2160_MAR_R_NT_004.SEN3
d955ccf2-594d-37f4-876b-c01f9b8a62a0,S3A_OL_1_EFR____20240507T154222_20240507T154522_20240920T143213_0179_112_111_2160_MAR_R_NT_004.SEN3
e5043935-6369-3a8a-b4de-9c1d1b9ee369,S3A_OL_1_EFR____20181006T134957_20181006T135257_20240531T074027_0179_036_281_2160_MAR_R_NT_004.SEN3
162a8ecc-458f-383e-af55-f8e035fa67eb,S3A_OL_1_EFR____20220301T153408_20220301T153708_20240604T233000_0179_082_282_2340_MAR_R_NT_004.SEN3
ca53e527-f5a0-3881-be12-4f00c91adc26,S3B_OL_1_EFR____20250623T134424_20250623T134724_20250625T101807_0179_108_067_2340_ESA_O_NT_004.SEN3
8e3e84f3-a7c1-3c25-954c-16c1f97399d0,S3B_OL_1_EFR____20201119T145908_20201119T150208_20240526T181747_0179_046_025_2160_MAR_R_NT_004.SEN3
ac179760-a492-3c90-a6ce-72c943684e09,S3A_OL_1_EFR____20191215T141221_20191215T141521_20240601T150140_0179_052_324_2160_MAR_R_NT_004.SEN3
acb5c1c3-6733-3861-8226-64132e18a736,S3A_OL_1_EFR____20181006T135257_20181006T135557_20240531T074046_0179_036_281_2340_MAR_R_NT_004.SEN3
eabb8796-599c-3e60-890f-1ffea554dcc9,S3B_OL_1_EFR____20210624T143304_20210624T143604_20240527T032027_0179_054_039_2160_MAR_R_NT_004.SEN3
f1686f12-eb0c-3208-9b7c-75750bf27b30,S3B_OL_1_EFR____20190419T135825_20190419T140125_20240525T102054_0179_024_224_2340_MAR_R_NT_004.SEN3
bf4d1a4b-a8c8-3ec9-8d66-d177b1503ed0,S3B_OL_1_EFR____20180912T155249_20180912T155549_20240621T000143_0179_012_325_2160_MAR_R_NT_004.SEN3
57cd7ad3-ada6-45b2-bba4-8ca6a1707652,S3B_OL_1_EFR____20250112T152211_20250112T152511_20250113T080511_0179_102_068_2160_PS2_O_NT_004.SEN3
bdfe98cd-651d-326e-ad90-21a650bfa2ac,S3B_OL_1_EFR____20230906T134829_20230906T135129_20240920T233131_0179_083_338_2160_MAR_R_NT_004.SEN3
43ba564d-417a-3e81-bff8-56813d7cf09c,S3B_OL_1_EFR____20201209T144325_20201209T144625_20240526T150245_0179_046_310_2340_MAR_R_NT_004.SEN3
4289311d-3175-41cd-a39c-bc2a7b11181c,S3A_OL_1_EFR____20250414T143504_20250414T143804_20250415T152658_0179_124_367_2160_PS1_O_NT_004.SEN3
193fdff4-cb43-3eb6-9bd5-fd90a3057733,S3B_OL_1_EFR____20180829T151523_20180829T151823_20240620T221745_0179_012_125_2160_MAR_R_NT_004.SEN3
ca2ce4e3-2cc2-3ec7-aa62-ce86f623e45a,S3A_OL_1_EFR____20181025T135727_20181025T140027_20240531T082325_0180_037_167_2160_MAR_R_NT_004.SEN3
44ac2051-185d-316c-af42-157bc5b1b86f,S3A_OL_1_EFR____20221221T144524_20221221T144824_20240605T184255_0179_093_253_2340_MAR_R_NT_004.SEN3
9039f628-6aa5-3226-8930-7c3fa417ae20,S3B_OL_1_EFR____20200106T154347_20200106T154647_20240525T210949_0180_034_111_2160_MAR_R_NT_004.SEN3
d6856c63-6f03-3763-925a-3b51eff6542b,S3B_OL_1_EFR____20201031T145437_20201031T145737_20240526T141242_0179_045_139_2340_MAR_R_NT_004.SEN3
ffd379c9-7317-3fdf-a7c5-1cb271832d74,S3B_OL_1_EFR____20200114T153918_20200114T154218_20240526T013743_0179_034_225_2340_MAR_R_NT_004.SEN3
47b7be4d-4efe-34b9-9821-404372b5c14a,S3A_OL_1_EFR____20220302T150757_20220302T151057_20240604T233037_0179_082_296_2340_MAR_R_NT_004.SEN3
eab21768-e0a8-3812-a4b9-073a62d48f7b,S3B_OL_1_EFR____20200530T144405_20200530T144705_20240526T072829_0179_039_253_2160_MAR_R_NT_004.SEN3
a9e30caf-7887-481a-bfb9-fd09ee00f064,S3A_OL_1_EFR____20251111T150501_20251111T150801_20251112T160458_0179_132_296_2160_PS1_O_NT_004.SEN3
a972002d-5096-31b7-9cdb-d0bfd9d3c8e6,S3B_OL_1_EFR____20240130T154425_20240130T154725_20240921T104428_0179_089_111_2160_MAR_R_NT_004.SEN3
004fa71f-4701-3142-b59e-d350f9472d41,S3A_OL_1_EFR____20230314T135004_20230314T135304_20240606T002008_0180_096_281_2160_MAR_R_NT_004.SEN3
ec15e04d-92de-3ed7-9053-848a0a7e4d9b,S3A_OL_1_EFR____20231012T153446_20231012T153746_20240919T224941_0179_104_225_2160_MAR_R_NT_004.SEN3
7e2d065b-b6c9-3d5b-88f9-9c17c4cfa7d8,S3A_OL_1_EFR____20210523T140123_20210523T140423_20240603T074055_0180_072_110_2160_MAR_R_NT_004.SEN3
787e2625-1db6-37fa-b2a3-d7519f2c29df,S3A_OL_1_EFR____20240527T152639_20240527T152939_20240920T175808_0179_113_011_2340_MAR_R_NT_004.SEN3
3cf41ae0-30fb-3b26-8450-28570d757390,S3A_OL_1_EFR____20190518T134234_20190518T134534_20240531T223555_0179_045_010_2160_MAR_R_NT_004.SEN3
64efa6f4-be38-3f69-adca-3a6a824dfdb2,S3A_OL_1_EFR____20191214T143832_20191214T144132_20240601T145833_0179_052_310_2160_MAR_R_NT_004.SEN3
27ca3e8a-1ca3-3c16-8a95-16e0b4a0aeb3,S3B_OL_1_EFR____20190604T154646_20190604T154946_20240525T130645_0180_026_111_2340_MAR_R_NT_004.SEN3
e0b9a4a9-1cf2-3d9d-8b8c-0dd2886917cc,S3A_OL_1_EFR____20180121T151940_20180121T152240_20240530T100132_0179_027_068_2160_MAR_R_NT_004.SEN3
9fcb3b39-aee7-4d7b-93c8-0478bc71615c,S3B_OL_1_EFR____20241118T140727_20241118T141027_20241118T222912_0179_100_053_2160_PS2_O_NT_004.SEN3
870ce32f-a5a4-48fc-8eb8-6b36fa970b37,S3B_OL_1_EFR____20241005T145129_20241005T145429_20241005T233100_0180_098_196_2340_PS2_O_NT_004.SEN3
9cf90dbf-ac8f-300d-bee8-631ca5e3fed3,S3B_OL_1_EFR____20190705T135903_20190705T140203_20240525T160431_0179_027_167_2160_MAR_R_NT_004.SEN3
38c5ffb9-9715-3a17-b556-1e6afbff4d29,S3B_OL_1_EFR____20180816T155249_20180816T155549_20240620T194646_0179_011_325_2160_MAR_R_NT_004.SEN3
f351d215-d5b2-3bfd-b1ca-3441be7966c7,S3A_OL_1_EFR____20230812T151600_20230812T151900_20240919T165319_0179_102_125_2160_MAR_R_NT_004.SEN3
63a5f207-27c5-49fa-9060-afa5e0a211d8,S3B_OL_1_EFR____20250107T155206_20250107T155506_20250108T080031_0179_101_382_2160_PS2_O_NT_004.SEN3
0e90fdb4-fca1-38a9-806f-6bb664ac5672,S3A_OL_1_EFR____20210827T155332_20210827T155632_20240603T155023_0179_075_325_2160_MAR_R_NT_004.SEN3
4b1587c5-0320-302a-82c4-88f9d716e3cb,S3A_OL_1_EFR____20220225T153752_20220225T154052_20240604T233614_0179_082_225_2340_MAR_R_NT_004.SEN3
32c81cba-a278-3f6a-b0f1-068831ef3269,S3A_OL_1_EFR____20180331T153053_20180331T153353_20240530T140336_0179_029_282_2160_MAR_R_NT_004.SEN3
82ddd5a5-2243-3cc2-83f8-6568bfa5799b,S3B_OL_1_EFR____20180828T154134_20180828T154434_20240620T202653_0179_012_111_2160_MAR_R_NT_004.SEN3
917e42cf-d343-4986-b14e-bedc92798c20,S3A_OL_1_EFR____20251126T151613_20251126T151913_20251127T161754_0179_133_125_2160_PS1_O_NT_004.SEN3
089d41e1-0fed-33d0-ace3-cdda2adf384d,S3B_OL_1_EFR____20221213T155148_20221213T155448_20240524T105332_0179_073_382_2160_MAR_R_NT_004.SEN3
fa51891f-b3ba-35fe-bcb8-44ba72921011,S3A_OL_1_EFR____20201227T155326_20201227T155626_20240602T203345_0179_066_325_2160_MAR_R_NT_004.SEN3
3b7a5a1d-f8c9-360a-b605-1f86dbdbeb0e,S3A_OL_1_EFR____20181207T134525_20181207T134825_20240531T120123_0179_039_010_2340_MAR_R_NT_004.SEN3
82ed3fd5-1817-3e97-a93e-3fb8874bcb84,S3A_OL_1_EFR____20180706T151859_20180706T152159_20240530T230324_0179_033_125_2340_MAR_R_NT_004.SEN3
57add3e9-7f9c-3100-92e7-d93b0cf71e36,S3B_OL_1_EFR____20181115T142100_20181115T142400_20240621T053545_0179_017_082_2160_MAR_R_NT_004.SEN3
e62086f9-2a9a-3eea-a782-f32d0fd44aa2,S3A_OL_1_EFR____20221211T140115_20221211T140415_20240605T183836_0179_093_110_2160_MAR_R_NT_004.SEN3
b1c4dbad-1cd5-3408-bfa9-33951f246ad9,S3B_OL_1_EFR____20180531T154829_20180531T155129_20240620T105617_0179_007_439_2160_MAR_R_NT_004.SEN3
bb4f2d68-6997-387f-957e-b613980a4efb,S3A_OL_1_EFR____20190807T134230_20190807T134530_20240601T034830_0179_048_010_2160_MAR_R_NT_004.SEN3
59de26e5-6d9d-37d2-8c8d-ef8dac41609c,S3B_OL_1_EFR____20230218T151723_20230218T152023_20240527T144331_0179_076_182_2340_MAR_R_NT_004.SEN3
31c793ce-ec25-3ac4-806b-6b4bb4aa49c0,S3A_OL_1_EFR____20220914T134538_20220914T134838_20240605T132712_0179_090_010_2340_MAR_R_NT_004.SEN3
a44f560a-bd23-3e55-81f8-a6c5c725851e,S3A_OL_1_EFR____20180125T151556_20180125T151856_20240530T093644_0180_027_125_2160_MAR_R_NT_004.SEN3
254ee999-e362-381c-89a0-0813db7e472b,S3B_OL_1_EFR____20250723T154452_20250723T154752_20250724T162009_0179_109_111_2160_ESA_O_NT_004.SEN3
6c30365b-c9b8-3fc8-bda7-1eef36275327,S3B_OL_1_EFR____20180725T134457_20180725T134757_20240620T182826_0180_011_010_2340_MAR_R_NT_004.SEN3
4914d576-ed43-3710-8e5c-a31688b74fe1,S3B_OL_1_EFR____20180612T135956_20180612T140256_20240620T140109_0179_009_167_2340_MAR_R_NT_004.SEN3
12a811e0-00dd-3a5a-8d42-9108a3efa965,S3B_OL_1_EFR____20230209T154803_20230209T155103_20240527T144316_0180_076_054_2160_MAR_R_NT_004.SEN3
a4bfc8b5-160e-3bf3-816c-d797070e5ed0,S3A_OL_1_EFR____20200610T153833_20200610T154133_20240602T043121_0179_059_168_2160_MAR_R_NT_004.SEN3
dca006c3-338b-3086-8f83-d957c00db625,S3B_OL_1_EFR____20250527T134421_20250527T134721_20250606T115054_0179_107_067_2340_ESA_O_NT_004.SEN3
15c4108a-8f8d-3194-8b3e-5b6505596e1a,S3A_OL_1_EFR____20181114T151943_20181114T152243_20240531T094704_0179_038_068_2160_MAR_R_NT_004.SEN3
ffe23c6b-dcfd-44a1-beed-ad8f8a2d69e4,S3B_OL_1_EFR____20241204T153627_20241204T153927_20241205T075833_0179_100_282_2340_PS2_O_NT_004.SEN3
b65e9602-4809-431f-af35-bec508a7ef1b,S3A_OL_1_EFR____20250312T153403_20250312T153703_20250313T162120_0179_123_282_2340_PS1_O_NT_004.SEN3
d72fcaf6-ebdd-32b7-9d76-44a90641c91d,S3B_OL_1_EFR____20230825T154343_20230825T154643_20240921T004448_0179_083_168_2340_MAR_R_NT_004.SEN3
cb977671-a47e-331d-a008-417e88888aec,S3A_OL_1_EFR____20201116T151603_20201116T151903_20240602T162757_0179_065_125_2160_MAR_R_NT_004.SEN3
0955e77a-8175-32fb-9bbf-115299f243b8,S3A_OL_1_EFR____20230306T140033_20230306T140333_20240606T001716_0179_096_167_2340_MAR_R_NT_004.SEN3
0538c735-c231-3d1c-8559-0a24803034e3,S3B_OL_1_EFR____20230722T134402_20230722T134702_20240627T150230_0179_082_067_2340_MAR_R_NT_004.SEN3
128ff344-1d38-3b63-b68c-408243b455d5,S3A_OL_1_EFR____20230303T151905_20230303T152205_20240606T001843_0179_096_125_2340_MAR_R_NT_004.SEN3
5e5e05ea-9cbb-3404-9706-3482f7cdf07b,S3A_OL_1_EFR____20230611T152336_20230611T152636_20240628T012552_0179_100_011_2160_MAR_R_NT_004.SEN3
ad6a3ff7-2fd9-3ff5-935d-13249eb9a876,S3A_OL_1_EFR____20191001T150019_20191001T150319_20240601T090223_0179_050_025_2340_MAR_R_NT_004.SEN3
5d621e42-55b9-4a83-8b34-d2b6bdfff439,S3A_OL_1_EFR____20251203T135355_20251203T135655_20251204T145404_0179_133_224_2160_PS1_O_NT_004.SEN3
676e59b9-73c7-33b3-a62e-45c6fa711f3d,S3A_OL_1_EFR____20240426T134623_20240426T134923_20240920T125433_0179_111_338_2160_MAR_R_NT_004.SEN3
84ca9226-0c92-395c-9016-b0f3be11529e,S3B_OL_1_EFR____20210506T140301_20210506T140601_20240527T015515_0179_052_110_2160_MAR_R_NT_004.SEN3
141f5e1f-ebc3-3bef-9d5a-f10d1eb3989e,S3A_OL_1_EFR____20231120T152330_20231120T152630_20240920T015847_0179_106_011_2160_MAR_R_NT_004.SEN3
8adf20ca-25c7-3c8e-86f5-7c512266802f,S3B_OL_1_EFR____20230217T135934_20230217T140234_20240527T163813_0179_076_167_2160_MAR_R_NT_004.SEN3
3b1b3164-9660-31bb-a1ca-663a5ac8de42,S3A_OL_1_EFR____20200812T150751_20200812T151051_20240602T090221_0179_061_296_2340_MAR_R_NT_004.SEN3
dbe8dcd6-dcaa-3c20-adb1-4ff39c4b8ff9,S3A_OL_1_EFR____20240322T135350_20240322T135650_20240920T101505_0179_110_224_2160_MAR_R_NT_004.SEN3
2d43b38d-ae27-3762-8306-e985f3713026,S3B_OL_1_EFR____20181111T143302_20181111T143602_20240621T041651_0179_017_025_2340_MAR_R_NT_004.SEN3
515492f7-385f-3752-b0fa-b85f1ac7e8fb,S3B_OL_1_EFR____20190701T140247_20190701T140547_20240525T145251_0179_027_110_2160_MAR_R_NT_004.SEN3
55f3e31f-50b8-3145-8a38-fb1db2b7d464,S3A_OL_1_EFR____20200429T134921_20200429T135221_20240602T010734_0179_057_338_2340_MAR_R_NT_004.SEN3
282a0b85-47d2-34ab-aeb1-4f1f172c3130,S3B_OL_1_EFR____20200427T135909_20200427T140209_20240526T065952_0179_038_167_2160_MAR_R_NT_004.SEN3
a98666c3-2891-37f6-9e6e-238602e31a7c,S3A_OL_1_EFR____20200823T151947_20200823T152247_20240602T101909_0180_062_068_2160_MAR_R_NT_004.SEN3
d63cf9cd-6017-3031-ab05-2eee1f2447cc,S3A_OL_1_EFR____20210920T135007_20210920T135307_20240603T173055_0179_076_281_2160_MAR_R_NT_004.SEN3
6dc03e5d-1242-4470-9975-4bbf0382cba0,S3B_OL_1_EFR____20251116T135627_20251116T135927_20251117T141601_0179_113_224_2160_ESA_O_NT_004.SEN3
f507dde3-4fcf-3f1b-9977-1d1d205ef01f,S3A_OL_1_EFR____20210128T152336_20210128T152636_20240602T233501_0179_068_011_2160_MAR_R_NT_004.SEN3
3639fbea-176f-3504-a3a8-56cd1ec85958,S3A_OL_1_EFR____20201120T151518_20201120T151818_20240602T173501_0179_065_182_2340_MAR_R_NT_004.SEN3
a8a3e0f6-2044-366e-85e2-340d3b14608f,S3B_OL_1_EFR____20211026T142102_20211026T142402_20240527T090110_0179_058_267_2340_MAR_R_NT_004.SEN3
0916eda5-fab6-32e9-be23-d17d954a536b,S3A_OL_1_EFR____20231213T134917_20231213T135217_20240920T030944_0179_106_338_2340_MAR_R_NT_004.SEN3
a3b80991-83b6-411c-89c8-83736dbe5bdf,S3B_OL_1_EFR____20250116T152127_20250116T152427_20250117T080038_0179_102_125_2340_PS2_O_NT_004.SEN3
1e0d6373-3950-373f-b03a-a4c973cf1355,S3B_OL_1_EFR____20250617T143730_20250617T144030_20250619T175138_0179_107_367_2160_ESA_O_NT_004.SEN3
7daf3e38-94b6-3cea-a80f-2a0f6af7f3c1,S3B_OL_1_EFR____20210510T140217_20210510T140517_20240527T031229_0179_052_167_2340_MAR_R_NT_004.SEN3
dd941319-c97a-3572-8399-f22dae34d592,S3B_OL_1_EFR____20210123T151702_20210123T152002_20240526T200505_0180_048_182_2340_MAR_R_NT_004.SEN3
242340b7-fab6-3af1-90f0-87cfe19af58b,S3B_OL_1_EFR____20230624T154810_20230624T155110_20240627T161551_0179_081_054_2160_MAR_R_NT_004.SEN3
6f8ab66b-b4bb-3b14-bc08-e1f379c118f8,S3A_OL_1_EFR____20210705T134627_20210705T134927_20240603T120720_0180_073_338_2160_MAR_R_NT_004.SEN3
e8a64ddc-560c-3175-8209-63e4988b6507,S3A_OL_1_EFR____20180720T155322_20180720T155622_20240531T003637_0179_033_325_2160_MAR_R_NT_004.SEN3
40c7bfef-71d5-37bb-854e-eab7b9e41950,S3B_OL_1_EFR____20240207T153659_20240207T153959_20240921T091723_0179_089_225_2160_MAR_R_NT_004.SEN3
a8f5a263-ad6f-36ff-9f3c-1dd736e4d8df,S3A_OL_1_EFR____20221229T143455_20221229T143755_20240605T195432_0180_093_367_2160_MAR_R_NT_004.SEN3
80469857-b320-370f-97f7-052a54f85e22,S3B_OL_1_EFR____20180627T141110_20180627T141410_20240620T150621_0179_009_381_2340_MAR_R_NT_004.SEN3
87ebe984-3b2b-3f57-a41d-93a65cb119a8,S3A_OL_1_EFR____20220509T154525_20220509T154825_20240605T040541_0179_085_111_2340_MAR_R_NT_004.SEN3
c8c0a2c3-2a0b-33c1-8a42-6f529221ccb2,S3B_OL_1_EFR____20220220T134423_20220220T134723_20240523T165504_0179_063_010_2160_MAR_R_NT_004.SEN3
f6863d64-2070-3f6d-a275-f8c381740057,S3B_OL_1_EFR____20190630T143158_20190630T143458_20240525T122035_0180_027_096_2340_MAR_R_NT_004.SEN3
fe6c9626-02ba-35e0-8156-8e33e78983f8,S3B_OL_1_EFR____20200908T142825_20200908T143125_20240526T115517_0179_043_153_2340_MAR_R_NT_004.SEN3
5254199b-4012-452d-9e63-04adb9b19f68,S3A_OL_1_EFR____20251013T141923_20251013T142223_20251014T151404_0179_131_267_2340_PS1_O_NT_004.SEN3
