ac,track,tier,species,fold,f1,prauc,recall,precision
ACOLITE,ACOLITE_only,closure,Alexandrium_catenella,0,0.67511,0.77292,0.62257,0.73733
ACOLITE,ACOLITE_only,closure,Alexandrium_catenella,1,0.66105,0.7225,0.6255,0.70089
ACOLITE,ACOLITE_only,closure,Alexandrium_catenella,2,0.70757,0.81773,0.61786,0.82775
ACOLITE,ACOLITE_only,closure,Alexandrium_catenella,3,0.7093,0.79955,0.66304,0.7625
ACOLITE,ACOLITE_only,closure,Alexandrium_catenella,4,0.724,0.81724,0.65343,0.81166
ACOLITE,ACOLITE_only,closure,Alexandrium_catenella,5,0.70455,0.78838,0.63525,0.79082
ACOLITE,ACOLITE_only,closure,Alexandrium_catenella,6,0.72686,0.78496,0.67647,0.78537
ACOLITE,ACOLITE_only,closure,Alexandrium_catenella,7,0.70817,0.82093,0.65942,0.76471
ACOLITE,ACOLITE_only,closure,Alexandrium_catenella,8,0.72802,0.82208,0.63571,0.85167
ACOLITE,ACOLITE_only,closure,Alexandrium_catenella,9,0.68657,0.76706,0.6145,0.77778
ACOLITE,ACOLITE_only,closure,Alexandrium_catenella,10,0.71753,0.78241,0.68504,0.75325
ACOLITE,ACOLITE_only,closure,Alexandrium_catenella,11,0.69717,0.76926,0.65041,0.75117
ACOLITE,ACOLITE_only,closure,Alexandrium_catenella,12,0.70613,0.79495,0.62313,0.81463
ACOLITE,ACOLITE_only,closure,Alexandrium_catenella,13,0.69979,0.78355,0.63774,0.77523
ACOLITE,ACOLITE_only,closure,Alexandrium_catenella,14,0.70775,0.80761,0.64029,0.79111
ACOLITE,ACOLITE_only,closure,Alexandrium_catenella,15,0.6755,0.74486,0.63223,0.72512
ACOLITE,ACOLITE_only,closure,Alexandrium_catenella,16,0.72532,0.78521,0.69835,0.75446
ACOLITE,ACOLITE_only,closure,Alexandrium_catenella,17,0.70417,0.79246,0.63296,0.79343
ACOLITE,ACOLITE_only,closure,Alexandrium_catenella,18,0.69339,0.79039,0.63603,0.76211
ACOLITE,ACOLITE_only,closure,Alexandrium_catenella,19,0.70248,0.80942,0.67729,0.72961
ACOLITE,ACOLITE_only,closure,Alexandrium_catenella,20,0.70393,0.80069,0.6391,0.78341
ACOLITE,ACOLITE_only,closure,Alexandrium_catenella,21,0.72912,0.80059,0.65568,0.8211
ACOLITE,ACOLITE_only,closure,Alexandrium_catenella,22,0.71795,0.81765,0.64122,0.81553
ACOLITE,ACOLITE_only,closure,Alexandrium_catenella,23,0.66935,0.78219,0.62642,0.71861
ACOLITE,ACOLITE_only,closure,Alexandrium_catenella,24,0.65126,0.77805,0.58052,0.74163
ACOLITE,ACOLITE_only,closure,Alexandrium_catenella,25,0.69151,0.78475,0.63498,0.75909
ACOLITE,ACOLITE_only,closure,Alexandrium_catenella,26,0.68182,0.77387,0.6044,0.78199
ACOLITE,ACOLITE_only,closure,Alexandrium_catenella,27,0.65839,0.7392,0.59551,0.73611
ACOLITE,ACOLITE_only,closure,Alexandrium_catenella,28,0.68699,0.7807,0.61905,0.77169
ACOLITE,ACOLITE_only,closure,Alexandrium_catenella,29,0.70168,0.79788,0.64479,0.76959
ACOLITE,ACOLITE_only,closure,Alexandrium_catenella,30,0.70707,0.79675,0.65543,0.76754
ACOLITE,ACOLITE_only,closure,Alexandrium_catenella,31,0.67396,0.76539,0.59459,0.77778
ACOLITE,ACOLITE_only,closure,Alexandrium_catenella,32,0.65789,0.75294,0.58594,0.75
ACOLITE,ACOLITE_only,closure,Alexandrium_catenella,33,0.68951,0.77533,0.62891,0.76303
ACOLITE,ACOLITE_only,closure,Alexandrium_catenella,34,0.67748,0.79535,0.60072,0.77674
ACOLITE,ACOLITE_only,closure,Alexandrium_catenella,35,0.69939,0.8198,0.62868,0.78802
ACOLITE,ACOLITE_only,closure,Alexandrium_catenella,36,0.70417,0.78419,0.62132,0.8125
ACOLITE,ACOLITE_only,closure,Alexandrium_catenella,37,0.75497,0.83991,0.67589,0.855
ACOLITE,ACOLITE_only,closure,Alexandrium_catenella,38,0.69639,0.76684,0.63813,0.76636
ACOLITE,ACOLITE_only,closure,Alexandrium_catenella,39,0.70161,0.7596,0.67442,0.73109
ACOLITE,ACOLITE_only,closure,Alexandrium_catenella,40,0.67426,0.73983,0.64629,0.70476
ACOLITE,ACOLITE_only,closure,Alexandrium_catenella,41,0.69121,0.77907,0.63774,0.75446
ACOLITE,ACOLITE_only,closure,Alexandrium_catenella,42,0.65138,0.76341,0.58197,0.73958
ACOLITE,ACOLITE_only,closure,Alexandrium_catenella,43,0.69185,0.7928,0.61922,0.78378
ACOLITE,ACOLITE_only,closure,Alexandrium_catenella,44,0.72414,0.80363,0.672,0.78505
ACOLITE,ACOLITE_only,closure,Alexandrium_catenella,45,0.71795,0.79665,0.64615,0.80769
ACOLITE,ACOLITE_only,closure,Alexandrium_catenella,46,0.67871,0.76936,0.62132,0.74779
ACOLITE,ACOLITE_only,closure,Alexandrium_catenella,47,0.68822,0.76523,0.62869,0.7602
ACOLITE,ACOLITE_only,closure,Alexandrium_catenella,48,0.74743,0.79952,0.70817,0.7913
ACOLITE,ACOLITE_only,closure,Alexandrium_catenella,49,0.70539,0.79374,0.65385,0.76577
ACOLITE,ACOLITE_roms,closure,Alexandrium_catenella,0,0.72349,0.78131,0.67704,0.77679
ACOLITE,ACOLITE_roms,closure,Alexandrium_catenella,1,0.66109,0.7337,0.62948,0.69604
ACOLITE,ACOLITE_roms,closure,Alexandrium_catenella,2,0.75644,0.82955,0.68214,0.84889
ACOLITE,ACOLITE_roms,closure,Alexandrium_catenella,3,0.72065,0.83038,0.64493,0.81651
ACOLITE,ACOLITE_roms,closure,Alexandrium_catenella,4,0.76892,0.83805,0.69675,0.85778
ACOLITE,ACOLITE_roms,closure,Alexandrium_catenella,5,0.72809,0.81462,0.66393,0.80597
ACOLITE,ACOLITE_roms,closure,Alexandrium_catenella,6,0.74779,0.82498,0.71008,0.78972
ACOLITE,ACOLITE_roms,closure,Alexandrium_catenella,7,0.7581,0.8183,0.72101,0.7992
ACOLITE,ACOLITE_roms,closure,Alexandrium_catenella,8,0.73161,0.83421,0.65714,0.82511
ACOLITE,ACOLITE_roms,closure,Alexandrium_catenella,9,0.69777,0.78193,0.65649,0.74459
ACOLITE,ACOLITE_roms,closure,Alexandrium_catenella,10,0.7102,0.78366,0.68504,0.73729
ACOLITE,ACOLITE_roms,closure,Alexandrium_catenella,11,0.73799,0.81017,0.68699,0.79717
ACOLITE,ACOLITE_roms,closure,Alexandrium_catenella,12,0.68607,0.78342,0.61567,0.77465
ACOLITE,ACOLITE_roms,closure,Alexandrium_catenella,13,0.71369,0.80488,0.64906,0.79263
ACOLITE,ACOLITE_roms,closure,Alexandrium_catenella,14,0.74656,0.83181,0.68345,0.82251
ACOLITE,ACOLITE_roms,closure,Alexandrium_catenella,15,0.72052,0.76777,0.68182,0.76389
ACOLITE,ACOLITE_roms,closure,Alexandrium_catenella,16,0.7437,0.78295,0.7314,0.75641
ACOLITE,ACOLITE_roms,closure,Alexandrium_catenella,17,0.73444,0.82321,0.66292,0.82326
ACOLITE,ACOLITE_roms,closure,Alexandrium_catenella,18,0.70775,0.78296,0.65441,0.77056
ACOLITE,ACOLITE_roms,closure,Alexandrium_catenella,19,0.75207,0.81343,0.7251,0.78112
ACOLITE,ACOLITE_roms,closure,Alexandrium_catenella,20,0.73413,0.83059,0.69549,0.77731
ACOLITE,ACOLITE_roms,closure,Alexandrium_catenella,21,0.72941,0.80525,0.68132,0.78481
ACOLITE,ACOLITE_roms,closure,Alexandrium_catenella,22,0.74534,0.81394,0.68702,0.81448
ACOLITE,ACOLITE_roms,closure,Alexandrium_catenella,23,0.72299,0.77885,0.69434,0.7541
ACOLITE,ACOLITE_roms,closure,Alexandrium_catenella,24,0.71545,0.81186,0.65918,0.78222
ACOLITE,ACOLITE_roms,closure,Alexandrium_catenella,25,0.70954,0.80321,0.65019,0.78082
ACOLITE,ACOLITE_roms,closure,Alexandrium_catenella,26,0.68443,0.7745,0.61172,0.77674
ACOLITE,ACOLITE_roms,closure,Alexandrium_catenella,27,0.6625,0.76619,0.59551,0.74648
ACOLITE,ACOLITE_roms,closure,Alexandrium_catenella,28,0.72727,0.78354,0.67399,0.7897
ACOLITE,ACOLITE_roms,closure,Alexandrium_catenella,29,0.73684,0.81472,0.67568,0.81019
ACOLITE,ACOLITE_roms,closure,Alexandrium_catenella,30,0.70515,0.79076,0.64045,0.7844
ACOLITE,ACOLITE_roms,closure,Alexandrium_catenella,31,0.70968,0.79612,0.63707,0.80097
ACOLITE,ACOLITE_roms,closure,Alexandrium_catenella,32,0.71186,0.78754,0.65625,0.77778
ACOLITE,ACOLITE_roms,closure,Alexandrium_catenella,33,0.71008,0.79377,0.66016,0.76818
ACOLITE,ACOLITE_roms,closure,Alexandrium_catenella,34,0.74162,0.82638,0.67626,0.82096
ACOLITE,ACOLITE_roms,closure,Alexandrium_catenella,35,0.7381,0.82507,0.68382,0.80172
ACOLITE,ACOLITE_roms,closure,Alexandrium_catenella,36,0.67917,0.75696,0.59926,0.78365
ACOLITE,ACOLITE_roms,closure,Alexandrium_catenella,37,0.73846,0.84228,0.66403,0.83168
ACOLITE,ACOLITE_roms,closure,Alexandrium_catenella,38,0.72614,0.78874,0.68093,0.77778
ACOLITE,ACOLITE_roms,closure,Alexandrium_catenella,39,0.736,0.79646,0.71318,0.76033
ACOLITE,ACOLITE_roms,closure,Alexandrium_catenella,40,0.71523,0.75973,0.70742,0.72321
ACOLITE,ACOLITE_roms,closure,Alexandrium_catenella,41,0.68699,0.7793,0.63774,0.74449
ACOLITE,ACOLITE_roms,closure,Alexandrium_catenella,42,0.71269,0.80207,0.65574,0.78049
ACOLITE,ACOLITE_roms,closure,Alexandrium_catenella,43,0.72255,0.80616,0.64413,0.82273
ACOLITE,ACOLITE_roms,closure,Alexandrium_catenella,44,0.75264,0.82741,0.712,0.79821
ACOLITE,ACOLITE_roms,closure,Alexandrium_catenella,45,0.73548,0.82889,0.65769,0.83415
ACOLITE,ACOLITE_roms,closure,Alexandrium_catenella,46,0.71545,0.79975,0.64706,0.8
ACOLITE,ACOLITE_roms,closure,Alexandrium_catenella,47,0.70968,0.77346,0.64979,0.78173
ACOLITE,ACOLITE_roms,closure,Alexandrium_catenella,48,0.77328,0.80813,0.74319,0.80591
ACOLITE,ACOLITE_roms,closure,Alexandrium_catenella,49,0.73642,0.79581,0.70385,0.77215
ACOLITE,ACOLITE_only,closure,Dinophysis_acuminata,0,0.77267,0.86188,0.79744,0.7494
ACOLITE,ACOLITE_only,closure,Dinophysis_acuminata,1,0.80241,0.87297,0.79856,0.8063
ACOLITE,ACOLITE_only,closure,Dinophysis_acuminata,2,0.77184,0.83283,0.80303,0.74299
ACOLITE,ACOLITE_only,closure,Dinophysis_acuminata,3,0.78528,0.86106,0.80201,0.76923
ACOLITE,ACOLITE_only,closure,Dinophysis_acuminata,4,0.80778,0.86808,0.81149,0.8041
ACOLITE,ACOLITE_only,closure,Dinophysis_acuminata,5,0.78901,0.8556,0.80407,0.77451
ACOLITE,ACOLITE_only,closure,Dinophysis_acuminata,6,0.78345,0.85701,0.805,0.76303
ACOLITE,ACOLITE_only,closure,Dinophysis_acuminata,7,0.79632,0.86224,0.79176,0.80093
ACOLITE,ACOLITE_only,closure,Dinophysis_acuminata,8,0.80098,0.86933,0.815,0.78744
ACOLITE,ACOLITE_only,closure,Dinophysis_acuminata,9,0.79863,0.86686,0.80787,0.78959
ACOLITE,ACOLITE_only,closure,Dinophysis_acuminata,10,0.80447,0.86634,0.7947,0.81448
ACOLITE,ACOLITE_only,closure,Dinophysis_acuminata,11,0.78596,0.8639,0.79433,0.77778
ACOLITE,ACOLITE_only,closure,Dinophysis_acuminata,12,0.80856,0.8773,0.8313,0.78704
ACOLITE,ACOLITE_only,closure,Dinophysis_acuminata,13,0.80822,0.88949,0.79195,0.82517
ACOLITE,ACOLITE_only,closure,Dinophysis_acuminata,14,0.80435,0.8707,0.83042,0.77986
ACOLITE,ACOLITE_only,closure,Dinophysis_acuminata,15,0.78031,0.88139,0.78313,0.77751
ACOLITE,ACOLITE_only,closure,Dinophysis_acuminata,16,0.8202,0.8793,0.8202,0.8202
ACOLITE,ACOLITE_only,closure,Dinophysis_acuminata,17,0.78708,0.87152,0.79277,0.78147
ACOLITE,ACOLITE_only,closure,Dinophysis_acuminata,18,0.79907,0.87925,0.8171,0.78182
ACOLITE,ACOLITE_only,closure,Dinophysis_acuminata,19,0.77818,0.84786,0.78484,0.77163
ACOLITE,ACOLITE_only,closure,Dinophysis_acuminata,20,0.81939,0.87787,0.82039,0.8184
ACOLITE,ACOLITE_only,closure,Dinophysis_acuminata,21,0.79715,0.8791,0.81752,0.77778
ACOLITE,ACOLITE_only,closure,Dinophysis_acuminata,22,0.80432,0.85794,0.84171,0.77011
ACOLITE,ACOLITE_only,closure,Dinophysis_acuminata,23,0.80047,0.87457,0.81971,0.78211
ACOLITE,ACOLITE_only,closure,Dinophysis_acuminata,24,0.79182,0.83673,0.80637,0.77778
ACOLITE,ACOLITE_only,closure,Dinophysis_acuminata,25,0.80471,0.87766,0.81429,0.79535
ACOLITE,ACOLITE_only,closure,Dinophysis_acuminata,26,0.79298,0.84672,0.79953,0.78654
ACOLITE,ACOLITE_only,closure,Dinophysis_acuminata,27,0.80891,0.8697,0.80046,0.81754
ACOLITE,ACOLITE_only,closure,Dinophysis_acuminata,28,0.80734,0.88422,0.81293,0.80182
ACOLITE,ACOLITE_only,closure,Dinophysis_acuminata,29,0.80196,0.85008,0.81796,0.78657
ACOLITE,ACOLITE_only,closure,Dinophysis_acuminata,30,0.77932,0.85302,0.7803,0.77834
ACOLITE,ACOLITE_only,closure,Dinophysis_acuminata,31,0.81056,0.88908,0.82477,0.79684
ACOLITE,ACOLITE_only,closure,Dinophysis_acuminata,32,0.79807,0.86338,0.81281,0.78385
ACOLITE,ACOLITE_only,closure,Dinophysis_acuminata,33,0.79006,0.86435,0.77751,0.80303
ACOLITE,ACOLITE_only,closure,Dinophysis_acuminata,34,0.78136,0.85041,0.80741,0.75694
ACOLITE,ACOLITE_only,closure,Dinophysis_acuminata,35,0.8069,0.88652,0.82588,0.78876
ACOLITE,ACOLITE_only,closure,Dinophysis_acuminata,36,0.79907,0.88086,0.78621,0.81235
ACOLITE,ACOLITE_only,closure,Dinophysis_acuminata,37,0.79807,0.85759,0.80882,0.78759
ACOLITE,ACOLITE_only,closure,Dinophysis_acuminata,38,0.78901,0.87311,0.79597,0.78218
ACOLITE,ACOLITE_only,closure,Dinophysis_acuminata,39,0.81873,0.90132,0.83171,0.80615
ACOLITE,ACOLITE_only,closure,Dinophysis_acuminata,40,0.82022,0.88343,0.83716,0.80396
ACOLITE,ACOLITE_only,closure,Dinophysis_acuminata,41,0.78496,0.86265,0.80872,0.76256
ACOLITE,ACOLITE_only,closure,Dinophysis_acuminata,42,0.81556,0.89094,0.81047,0.82071
ACOLITE,ACOLITE_only,closure,Dinophysis_acuminata,43,0.80493,0.87774,0.83683,0.77538
ACOLITE,ACOLITE_only,closure,Dinophysis_acuminata,44,0.76423,0.8233,0.74603,0.78333
ACOLITE,ACOLITE_only,closure,Dinophysis_acuminata,45,0.8,0.86745,0.78774,0.81265
ACOLITE,ACOLITE_only,closure,Dinophysis_acuminata,46,0.79224,0.85297,0.81647,0.7694
ACOLITE,ACOLITE_only,closure,Dinophysis_acuminata,47,0.80507,0.88063,0.80974,0.80046
ACOLITE,ACOLITE_only,closure,Dinophysis_acuminata,48,0.84323,0.89125,0.83924,0.84726
ACOLITE,ACOLITE_only,closure,Dinophysis_acuminata,49,0.80427,0.8866,0.81884,0.79021
ACOLITE,ACOLITE_roms,closure,Dinophysis_acuminata,0,0.78616,0.85642,0.81538,0.75895
ACOLITE,ACOLITE_roms,closure,Dinophysis_acuminata,1,0.80806,0.87984,0.81775,0.79859
ACOLITE,ACOLITE_roms,closure,Dinophysis_acuminata,2,0.77576,0.84747,0.80808,0.74592
ACOLITE,ACOLITE_roms,closure,Dinophysis_acuminata,3,0.80637,0.86125,0.82456,0.78897
ACOLITE,ACOLITE_roms,closure,Dinophysis_acuminata,4,0.83087,0.87672,0.84138,0.82063
ACOLITE,ACOLITE_roms,closure,Dinophysis_acuminata,5,0.7931,0.85258,0.81934,0.7685
ACOLITE,ACOLITE_roms,closure,Dinophysis_acuminata,6,0.78916,0.86133,0.8375,0.7461
ACOLITE,ACOLITE_roms,closure,Dinophysis_acuminata,7,0.79866,0.87542,0.81693,0.78118
ACOLITE,ACOLITE_roms,closure,Dinophysis_acuminata,8,0.80719,0.86601,0.8425,0.77471
ACOLITE,ACOLITE_roms,closure,Dinophysis_acuminata,9,0.82086,0.88722,0.83796,0.80444
ACOLITE,ACOLITE_roms,closure,Dinophysis_acuminata,10,0.82051,0.87159,0.81236,0.82883
ACOLITE,ACOLITE_roms,closure,Dinophysis_acuminata,11,0.7921,0.86283,0.80615,0.77854
ACOLITE,ACOLITE_roms,closure,Dinophysis_acuminata,12,0.80992,0.88247,0.83863,0.78311
ACOLITE,ACOLITE_roms,closure,Dinophysis_acuminata,13,0.81314,0.89358,0.80313,0.82339
ACOLITE,ACOLITE_roms,closure,Dinophysis_acuminata,14,0.80815,0.87313,0.8404,0.77829
ACOLITE,ACOLITE_roms,closure,Dinophysis_acuminata,15,0.78303,0.88225,0.77831,0.7878
ACOLITE,ACOLITE_roms,closure,Dinophysis_acuminata,16,0.82582,0.8849,0.83498,0.81687
ACOLITE,ACOLITE_roms,closure,Dinophysis_acuminata,17,0.80866,0.87229,0.80964,0.80769
ACOLITE,ACOLITE_roms,closure,Dinophysis_acuminata,18,0.81693,0.88062,0.84798,0.78808
ACOLITE,ACOLITE_roms,closure,Dinophysis_acuminata,19,0.79904,0.85726,0.81174,0.78673
ACOLITE,ACOLITE_roms,closure,Dinophysis_acuminata,20,0.82974,0.88196,0.83981,0.81991
ACOLITE,ACOLITE_roms,closure,Dinophysis_acuminata,21,0.80189,0.88207,0.82725,0.77803
ACOLITE,ACOLITE_roms,closure,Dinophysis_acuminata,22,0.8216,0.87631,0.8794,0.77093
ACOLITE,ACOLITE_roms,closure,Dinophysis_acuminata,23,0.83041,0.87978,0.85337,0.80866
ACOLITE,ACOLITE_roms,closure,Dinophysis_acuminata,24,0.81094,0.85678,0.83578,0.78753
ACOLITE,ACOLITE_roms,closure,Dinophysis_acuminata,25,0.81533,0.87319,0.83571,0.79592
ACOLITE,ACOLITE_roms,closure,Dinophysis_acuminata,26,0.79582,0.85282,0.80896,0.78311
ACOLITE,ACOLITE_roms,closure,Dinophysis_acuminata,27,0.7907,0.86347,0.78886,0.79254
ACOLITE,ACOLITE_roms,closure,Dinophysis_acuminata,28,0.81093,0.87635,0.82217,0.8
ACOLITE,ACOLITE_roms,closure,Dinophysis_acuminata,29,0.79277,0.85115,0.82045,0.7669
ACOLITE,ACOLITE_roms,closure,Dinophysis_acuminata,30,0.79703,0.84752,0.81313,0.78155
ACOLITE,ACOLITE_roms,closure,Dinophysis_acuminata,31,0.83391,0.8962,0.85047,0.81798
ACOLITE,ACOLITE_roms,closure,Dinophysis_acuminata,32,0.81775,0.85849,0.8399,0.79673
ACOLITE,ACOLITE_roms,closure,Dinophysis_acuminata,33,0.81718,0.88163,0.81418,0.8202
ACOLITE,ACOLITE_roms,closure,Dinophysis_acuminata,34,0.79619,0.85806,0.82469,0.76959
ACOLITE,ACOLITE_roms,closure,Dinophysis_acuminata,35,0.81379,0.87833,0.83294,0.79551
ACOLITE,ACOLITE_roms,closure,Dinophysis_acuminata,36,0.8093,0.87787,0.8,0.81882
ACOLITE,ACOLITE_roms,closure,Dinophysis_acuminata,37,0.80952,0.87155,0.83333,0.78704
ACOLITE,ACOLITE_roms,closure,Dinophysis_acuminata,38,0.79803,0.87332,0.81612,0.78072
ACOLITE,ACOLITE_roms,closure,Dinophysis_acuminata,39,0.8266,0.90469,0.84878,0.80556
ACOLITE,ACOLITE_roms,closure,Dinophysis_acuminata,40,0.83519,0.89217,0.86009,0.81169
ACOLITE,ACOLITE_roms,closure,Dinophysis_acuminata,41,0.80796,0.87018,0.83535,0.78231
ACOLITE,ACOLITE_roms,closure,Dinophysis_acuminata,42,0.82571,0.8946,0.83292,0.81863
ACOLITE,ACOLITE_roms,closure,Dinophysis_acuminata,43,0.81063,0.86221,0.85315,0.77215
ACOLITE,ACOLITE_roms,closure,Dinophysis_acuminata,44,0.78227,0.82685,0.79365,0.77121
ACOLITE,ACOLITE_roms,closure,Dinophysis_acuminata,45,0.82353,0.8777,0.82547,0.8216
ACOLITE,ACOLITE_roms,closure,Dinophysis_acuminata,46,0.79722,0.86153,0.80941,0.78539
ACOLITE,ACOLITE_roms,closure,Dinophysis_acuminata,47,0.82474,0.88134,0.83527,0.81448
ACOLITE,ACOLITE_roms,closure,Dinophysis_acuminata,48,0.84161,0.89532,0.84161,0.84161
ACOLITE,ACOLITE_roms,closure,Dinophysis_acuminata,49,0.81956,0.8836,0.85024,0.79101
ACOLITE,ACOLITE_only,closure,Dinophysis_norvegica,0,0.43836,0.44007,0.33333,0.64
ACOLITE,ACOLITE_only,closure,Dinophysis_norvegica,1,0.47619,0.48403,0.37736,0.64516
ACOLITE,ACOLITE_only,closure,Dinophysis_norvegica,2,0.45652,0.51333,0.38889,0.55263
ACOLITE,ACOLITE_only,closure,Dinophysis_norvegica,3,0.47619,0.48796,0.39216,0.60606
ACOLITE,ACOLITE_only,closure,Dinophysis_norvegica,4,0.42857,0.3804,0.33962,0.58065
ACOLITE,ACOLITE_only,closure,Dinophysis_norvegica,5,0.47059,0.47374,0.37736,0.625
ACOLITE,ACOLITE_only,closure,Dinophysis_norvegica,6,0.425,0.4146,0.35417,0.53125
ACOLITE,ACOLITE_only,closure,Dinophysis_norvegica,7,0.55238,0.58546,0.48333,0.64444
ACOLITE,ACOLITE_only,closure,Dinophysis_norvegica,8,0.45977,0.43234,0.39216,0.55556
ACOLITE,ACOLITE_only,closure,Dinophysis_norvegica,9,0.54369,0.55376,0.5,0.59574
ACOLITE,ACOLITE_only,closure,Dinophysis_norvegica,10,0.48718,0.50411,0.40426,0.6129
ACOLITE,ACOLITE_only,closure,Dinophysis_norvegica,11,0.47059,0.43807,0.46512,0.47619
ACOLITE,ACOLITE_only,closure,Dinophysis_norvegica,12,0.53488,0.52991,0.43396,0.69697
ACOLITE,ACOLITE_only,closure,Dinophysis_norvegica,13,0.48193,0.48038,0.43478,0.54054
ACOLITE,ACOLITE_only,closure,Dinophysis_norvegica,14,0.49412,0.54742,0.42857,0.58333
ACOLITE,ACOLITE_only,closure,Dinophysis_norvegica,15,0.41975,0.38781,0.32075,0.60714
ACOLITE,ACOLITE_only,closure,Dinophysis_norvegica,16,0.32941,0.35975,0.29167,0.37838
ACOLITE,ACOLITE_only,closure,Dinophysis_norvegica,17,0.54762,0.55329,0.46,0.67647
ACOLITE,ACOLITE_only,closure,Dinophysis_norvegica,18,0.34568,0.29856,0.29787,0.41176
ACOLITE,ACOLITE_only,closure,Dinophysis_norvegica,19,0.4557,0.4802,0.36,0.62069
ACOLITE,ACOLITE_only,closure,Dinophysis_norvegica,20,0.47059,0.39245,0.43478,0.51282
ACOLITE,ACOLITE_only,closure,Dinophysis_norvegica,21,0.37895,0.42506,0.28571,0.5625
ACOLITE,ACOLITE_only,closure,Dinophysis_norvegica,22,0.52174,0.56039,0.42857,0.66667
ACOLITE,ACOLITE_only,closure,Dinophysis_norvegica,23,0.43373,0.45351,0.33333,0.62069
ACOLITE,ACOLITE_only,closure,Dinophysis_norvegica,24,0.41758,0.41228,0.35185,0.51351
ACOLITE,ACOLITE_only,closure,Dinophysis_norvegica,25,0.40541,0.41516,0.32609,0.53571
ACOLITE,ACOLITE_only,closure,Dinophysis_norvegica,26,0.45977,0.40789,0.40816,0.52632
ACOLITE,ACOLITE_only,closure,Dinophysis_norvegica,27,0.43478,0.39121,0.36364,0.54054
ACOLITE,ACOLITE_only,closure,Dinophysis_norvegica,28,0.49412,0.44998,0.41176,0.61765
ACOLITE,ACOLITE_only,closure,Dinophysis_norvegica,29,0.48837,0.46848,0.41176,0.6
ACOLITE,ACOLITE_only,closure,Dinophysis_norvegica,30,0.44681,0.45507,0.36207,0.58333
ACOLITE,ACOLITE_only,closure,Dinophysis_norvegica,31,0.44706,0.43556,0.42222,0.475
ACOLITE,ACOLITE_only,closure,Dinophysis_norvegica,32,0.46341,0.43802,0.41304,0.52778
ACOLITE,ACOLITE_only,closure,Dinophysis_norvegica,33,0.44156,0.52305,0.35417,0.58621
ACOLITE,ACOLITE_only,closure,Dinophysis_norvegica,34,0.54,0.51828,0.51923,0.5625
ACOLITE,ACOLITE_only,closure,Dinophysis_norvegica,35,0.48649,0.55099,0.4,0.62069
ACOLITE,ACOLITE_only,closure,Dinophysis_norvegica,36,0.36782,0.4179,0.2963,0.48485
ACOLITE,ACOLITE_only,closure,Dinophysis_norvegica,37,0.54348,0.52579,0.45455,0.67568
ACOLITE,ACOLITE_only,closure,Dinophysis_norvegica,38,0.37975,0.41512,0.31915,0.46875
ACOLITE,ACOLITE_only,closure,Dinophysis_norvegica,39,0.43956,0.42834,0.34483,0.60606
ACOLITE,ACOLITE_only,closure,Dinophysis_norvegica,40,0.425,0.48921,0.34694,0.54839
ACOLITE,ACOLITE_only,closure,Dinophysis_norvegica,41,0.43478,0.52311,0.35088,0.57143
ACOLITE,ACOLITE_only,closure,Dinophysis_norvegica,42,0.375,0.42552,0.32609,0.44118
ACOLITE,ACOLITE_only,closure,Dinophysis_norvegica,43,0.35294,0.45984,0.29412,0.44118
ACOLITE,ACOLITE_only,closure,Dinophysis_norvegica,44,0.3956,0.43516,0.33333,0.48649
ACOLITE,ACOLITE_only,closure,Dinophysis_norvegica,45,0.50633,0.53083,0.40816,0.66667
ACOLITE,ACOLITE_only,closure,Dinophysis_norvegica,46,0.5,0.53394,0.43478,0.58824
ACOLITE,ACOLITE_only,closure,Dinophysis_norvegica,47,0.50549,0.50093,0.44231,0.58974
ACOLITE,ACOLITE_only,closure,Dinophysis_norvegica,48,0.51163,0.56768,0.42308,0.64706
ACOLITE,ACOLITE_only,closure,Dinophysis_norvegica,49,0.44706,0.3964,0.35849,0.59375
ACOLITE,ACOLITE_roms,closure,Dinophysis_norvegica,0,0.21538,0.36324,0.14583,0.41176
ACOLITE,ACOLITE_roms,closure,Dinophysis_norvegica,1,0.4058,0.50134,0.26415,0.875
ACOLITE,ACOLITE_roms,closure,Dinophysis_norvegica,2,0.38961,0.52153,0.27778,0.65217
ACOLITE,ACOLITE_roms,closure,Dinophysis_norvegica,3,0.44444,0.54985,0.31373,0.7619
ACOLITE,ACOLITE_roms,closure,Dinophysis_norvegica,4,0.28986,0.40007,0.18868,0.625
ACOLITE,ACOLITE_roms,closure,Dinophysis_norvegica,5,0.38462,0.50782,0.28302,0.6
ACOLITE,ACOLITE_roms,closure,Dinophysis_norvegica,6,0.44444,0.4709,0.33333,0.66667
ACOLITE,ACOLITE_roms,closure,Dinophysis_norvegica,7,0.46512,0.60568,0.33333,0.76923
ACOLITE,ACOLITE_roms,closure,Dinophysis_norvegica,8,0.35616,0.39789,0.2549,0.59091
ACOLITE,ACOLITE_roms,closure,Dinophysis_norvegica,9,0.4,0.5229,0.28571,0.66667
ACOLITE,ACOLITE_roms,closure,Dinophysis_norvegica,10,0.49275,0.53054,0.3617,0.77273
ACOLITE,ACOLITE_roms,closure,Dinophysis_norvegica,11,0.33333,0.47035,0.25581,0.47826
ACOLITE,ACOLITE_roms,closure,Dinophysis_norvegica,12,0.32836,0.53967,0.20755,0.78571
ACOLITE,ACOLITE_roms,closure,Dinophysis_norvegica,13,0.32836,0.45518,0.23913,0.52381
ACOLITE,ACOLITE_roms,closure,Dinophysis_norvegica,14,0.4,0.47869,0.28571,0.66667
ACOLITE,ACOLITE_roms,closure,Dinophysis_norvegica,15,0.29412,0.42506,0.18868,0.66667
ACOLITE,ACOLITE_roms,closure,Dinophysis_norvegica,16,0.37838,0.35059,0.29167,0.53846
ACOLITE,ACOLITE_roms,closure,Dinophysis_norvegica,17,0.41176,0.50524,0.28,0.77778
ACOLITE,ACOLITE_roms,closure,Dinophysis_norvegica,18,0.27273,0.34977,0.19149,0.47368
ACOLITE,ACOLITE_roms,closure,Dinophysis_norvegica,19,0.32836,0.42241,0.22,0.64706
ACOLITE,ACOLITE_roms,closure,Dinophysis_norvegica,20,0.27119,0.359,0.17391,0.61538
ACOLITE,ACOLITE_roms,closure,Dinophysis_norvegica,21,0.33735,0.45335,0.22222,0.7
ACOLITE,ACOLITE_roms,closure,Dinophysis_norvegica,22,0.34667,0.53059,0.23214,0.68421
ACOLITE,ACOLITE_roms,closure,Dinophysis_norvegica,23,0.30137,0.38983,0.2037,0.57895
ACOLITE,ACOLITE_roms,closure,Dinophysis_norvegica,24,0.36842,0.43753,0.25926,0.63636
ACOLITE,ACOLITE_roms,closure,Dinophysis_norvegica,25,0.22581,0.31721,0.15217,0.4375
ACOLITE,ACOLITE_roms,closure,Dinophysis_norvegica,26,0.32836,0.41273,0.22449,0.61111
ACOLITE,ACOLITE_roms,closure,Dinophysis_norvegica,27,0.40541,0.45412,0.27273,0.78947
ACOLITE,ACOLITE_roms,closure,Dinophysis_norvegica,28,0.39437,0.48557,0.27451,0.7
ACOLITE,ACOLITE_roms,closure,Dinophysis_norvegica,29,0.42254,0.44976,0.29412,0.75
ACOLITE,ACOLITE_roms,closure,Dinophysis_norvegica,30,0.39535,0.44846,0.2931,0.60714
ACOLITE,ACOLITE_roms,closure,Dinophysis_norvegica,31,0.32836,0.43167,0.24444,0.5
ACOLITE,ACOLITE_roms,closure,Dinophysis_norvegica,32,0.41176,0.41505,0.30435,0.63636
ACOLITE,ACOLITE_roms,closure,Dinophysis_norvegica,33,0.36364,0.47178,0.25,0.66667
ACOLITE,ACOLITE_roms,closure,Dinophysis_norvegica,34,0.4,0.44563,0.30769,0.57143
ACOLITE,ACOLITE_roms,closure,Dinophysis_norvegica,35,0.36066,0.50947,0.24444,0.6875
ACOLITE,ACOLITE_roms,closure,Dinophysis_norvegica,36,0.33803,0.42358,0.22222,0.70588
ACOLITE,ACOLITE_roms,closure,Dinophysis_norvegica,37,0.425,0.50558,0.30909,0.68
ACOLITE,ACOLITE_roms,closure,Dinophysis_norvegica,38,0.3125,0.41107,0.21277,0.58824
ACOLITE,ACOLITE_roms,closure,Dinophysis_norvegica,39,0.44444,0.49939,0.31034,0.78261
ACOLITE,ACOLITE_roms,closure,Dinophysis_norvegica,40,0.31884,0.4551,0.22449,0.55
ACOLITE,ACOLITE_roms,closure,Dinophysis_norvegica,41,0.39024,0.47861,0.2807,0.64
ACOLITE,ACOLITE_roms,closure,Dinophysis_norvegica,42,0.36364,0.42456,0.26087,0.6
ACOLITE,ACOLITE_roms,closure,Dinophysis_norvegica,43,0.28986,0.39459,0.19608,0.55556
ACOLITE,ACOLITE_roms,closure,Dinophysis_norvegica,44,0.41096,0.52773,0.27778,0.78947
ACOLITE,ACOLITE_roms,closure,Dinophysis_norvegica,45,0.37143,0.36908,0.26531,0.61905
ACOLITE,ACOLITE_roms,closure,Dinophysis_norvegica,46,0.39394,0.52635,0.28261,0.65
ACOLITE,ACOLITE_roms,closure,Dinophysis_norvegica,47,0.4,0.47604,0.28846,0.65217
ACOLITE,ACOLITE_roms,closure,Dinophysis_norvegica,48,0.39437,0.55434,0.26923,0.73684
ACOLITE,ACOLITE_roms,closure,Dinophysis_norvegica,49,0.33803,0.4114,0.22642,0.66667
ACOLITE,ACOLITE_only,closure,Karenia,0,0.78571,0.85241,0.83857,0.73913
ACOLITE,ACOLITE_only,closure,Karenia,1,0.82879,0.88582,0.82879,0.82879
ACOLITE,ACOLITE_only,closure,Karenia,2,0.81214,0.86616,0.82625,0.79851
ACOLITE,ACOLITE_only,closure,Karenia,3,0.81377,0.84932,0.82716,0.8008
ACOLITE,ACOLITE_only,closure,Karenia,4,0.82456,0.87539,0.85068,0.8
ACOLITE,ACOLITE_only,closure,Karenia,5,0.81594,0.86562,0.85317,0.78182
ACOLITE,ACOLITE_only,closure,Karenia,6,0.82114,0.88009,0.85957,0.78599
ACOLITE,ACOLITE_only,closure,Karenia,7,0.81922,0.85301,0.86473,0.77826
ACOLITE,ACOLITE_only,closure,Karenia,8,0.83503,0.87993,0.86864,0.80392
ACOLITE,ACOLITE_only,closure,Karenia,9,0.79764,0.87887,0.8252,0.77186
ACOLITE,ACOLITE_only,closure,Karenia,10,0.80972,0.87289,0.82305,0.79681
ACOLITE,ACOLITE_only,closure,Karenia,11,0.80702,0.84636,0.81778,0.79654
ACOLITE,ACOLITE_only,closure,Karenia,12,0.83784,0.88047,0.88571,0.79487
ACOLITE,ACOLITE_only,closure,Karenia,13,0.82996,0.8731,0.8913,0.77652
ACOLITE,ACOLITE_only,closure,Karenia,14,0.82731,0.88916,0.83401,0.82072
ACOLITE,ACOLITE_only,closure,Karenia,15,0.82869,0.88337,0.84211,0.81569
ACOLITE,ACOLITE_only,closure,Karenia,16,0.83034,0.89416,0.84898,0.8125
ACOLITE,ACOLITE_only,closure,Karenia,17,0.79339,0.85687,0.83843,0.75294
ACOLITE,ACOLITE_only,closure,Karenia,18,0.81323,0.8797,0.83267,0.79468
ACOLITE,ACOLITE_only,closure,Karenia,19,0.82515,0.8535,0.8502,0.80153
ACOLITE,ACOLITE_only,closure,Karenia,20,0.83241,0.89424,0.82784,0.83704
ACOLITE,ACOLITE_only,closure,Karenia,21,0.81481,0.87454,0.836,0.79468
ACOLITE,ACOLITE_only,closure,Karenia,22,0.78351,0.86699,0.80169,0.76613
ACOLITE,ACOLITE_only,closure,Karenia,23,0.82405,0.89402,0.8371,0.8114
ACOLITE,ACOLITE_only,closure,Karenia,24,0.80859,0.86373,0.83133,0.78707
ACOLITE,ACOLITE_only,closure,Karenia,25,0.812,0.84429,0.85294,0.77481
ACOLITE,ACOLITE_only,closure,Karenia,26,0.79532,0.83753,0.80315,0.78764
ACOLITE,ACOLITE_only,closure,Karenia,27,0.81569,0.83004,0.86307,0.77323
ACOLITE,ACOLITE_only,closure,Karenia,28,0.824,0.8496,0.8766,0.77736
ACOLITE,ACOLITE_only,closure,Karenia,29,0.84739,0.90989,0.84739,0.84739
ACOLITE,ACOLITE_only,closure,Karenia,30,0.83368,0.90562,0.83539,0.83197
ACOLITE,ACOLITE_only,closure,Karenia,31,0.8249,0.86408,0.83465,0.81538
ACOLITE,ACOLITE_only,closure,Karenia,32,0.81028,0.87233,0.84362,0.77947
ACOLITE,ACOLITE_only,closure,Karenia,33,0.8472,0.90744,0.86561,0.82955
ACOLITE,ACOLITE_only,closure,Karenia,34,0.84211,0.90072,0.85375,0.83077
ACOLITE,ACOLITE_only,closure,Karenia,35,0.85602,0.88855,0.868,0.84436
ACOLITE,ACOLITE_only,closure,Karenia,36,0.78903,0.86748,0.80952,0.76955
ACOLITE,ACOLITE_only,closure,Karenia,37,0.80404,0.87992,0.77734,0.83264
ACOLITE,ACOLITE_only,closure,Karenia,38,0.80488,0.83454,0.81818,0.792
ACOLITE,ACOLITE_only,closure,Karenia,39,0.82996,0.89741,0.83333,0.82661
ACOLITE,ACOLITE_only,closure,Karenia,40,0.80922,0.85043,0.85398,0.76892
ACOLITE,ACOLITE_only,closure,Karenia,41,0.827,0.88938,0.83761,0.81667
ACOLITE,ACOLITE_only,closure,Karenia,42,0.84791,0.88211,0.88845,0.81091
ACOLITE,ACOLITE_only,closure,Karenia,43,0.83621,0.89018,0.87387,0.80165
ACOLITE,ACOLITE_only,closure,Karenia,44,0.82983,0.86817,0.868,0.79487
ACOLITE,ACOLITE_only,closure,Karenia,45,0.8238,0.87431,0.83721,0.81081
ACOLITE,ACOLITE_only,closure,Karenia,46,0.80695,0.87114,0.84959,0.76838
ACOLITE,ACOLITE_only,closure,Karenia,47,0.80792,0.88221,0.82258,0.79377
ACOLITE,ACOLITE_only,closure,Karenia,48,0.80455,0.86255,0.85141,0.76259
ACOLITE,ACOLITE_only,closure,Karenia,49,0.7839,0.8779,0.77406,0.79399
ACOLITE,ACOLITE_roms,closure,Karenia,0,0.81573,0.84471,0.88341,0.75769
ACOLITE,ACOLITE_roms,closure,Karenia,1,0.85499,0.89424,0.88327,0.82847
ACOLITE,ACOLITE_roms,closure,Karenia,2,0.83054,0.8834,0.861,0.80216
ACOLITE,ACOLITE_roms,closure,Karenia,3,0.83333,0.85758,0.8642,0.8046
ACOLITE,ACOLITE_roms,closure,Karenia,4,0.83333,0.87637,0.88235,0.78947
ACOLITE,ACOLITE_roms,closure,Karenia,5,0.83395,0.88472,0.89683,0.77931
ACOLITE,ACOLITE_roms,closure,Karenia,6,0.82353,0.89079,0.86383,0.78682
ACOLITE,ACOLITE_roms,closure,Karenia,7,0.83258,0.85682,0.88889,0.78298
ACOLITE,ACOLITE_roms,closure,Karenia,8,0.84507,0.88455,0.88983,0.8046
ACOLITE,ACOLITE_roms,closure,Karenia,9,0.80464,0.87246,0.84553,0.76753
ACOLITE,ACOLITE_roms,closure,Karenia,10,0.84921,0.88685,0.88066,0.81992
ACOLITE,ACOLITE_roms,closure,Karenia,11,0.83084,0.85776,0.86222,0.80165
ACOLITE,ACOLITE_roms,closure,Karenia,12,0.85605,0.8881,0.9102,0.80797
ACOLITE,ACOLITE_roms,closure,Karenia,13,0.86056,0.89025,0.93913,0.79412
ACOLITE,ACOLITE_roms,closure,Karenia,14,0.84921,0.89013,0.8664,0.83268
ACOLITE,ACOLITE_roms,closure,Karenia,15,0.83301,0.88837,0.8583,0.80916
ACOLITE,ACOLITE_roms,closure,Karenia,16,0.84127,0.89797,0.86531,0.81853
ACOLITE,ACOLITE_roms,closure,Karenia,17,0.81452,0.85396,0.8821,0.75655
ACOLITE,ACOLITE_roms,closure,Karenia,18,0.84952,0.8837,0.88845,0.81387
ACOLITE,ACOLITE_roms,closure,Karenia,19,0.85,0.86998,0.89474,0.80952
ACOLITE,ACOLITE_roms,closure,Karenia,20,0.86957,0.89395,0.87912,0.86022
ACOLITE,ACOLITE_roms,closure,Karenia,21,0.82692,0.89342,0.86,0.7963
ACOLITE,ACOLITE_roms,closure,Karenia,22,0.8202,0.87523,0.85654,0.78682
ACOLITE,ACOLITE_roms,closure,Karenia,23,0.84902,0.90925,0.87783,0.82203
ACOLITE,ACOLITE_roms,closure,Karenia,24,0.83237,0.87004,0.86747,0.8
ACOLITE,ACOLITE_roms,closure,Karenia,25,0.83399,0.85748,0.88655,0.78731
ACOLITE,ACOLITE_roms,closure,Karenia,26,0.82061,0.86161,0.84646,0.7963
ACOLITE,ACOLITE_roms,closure,Karenia,27,0.81481,0.85321,0.86722,0.76838
ACOLITE,ACOLITE_roms,closure,Karenia,28,0.84149,0.83628,0.91489,0.77899
ACOLITE,ACOLITE_roms,closure,Karenia,29,0.85996,0.91335,0.8755,0.84496
ACOLITE,ACOLITE_roms,closure,Karenia,30,0.85375,0.91094,0.88889,0.82129
ACOLITE,ACOLITE_roms,closure,Karenia,31,0.83846,0.87733,0.85827,0.81955
ACOLITE,ACOLITE_roms,closure,Karenia,32,0.83041,0.88288,0.87654,0.78889
ACOLITE,ACOLITE_roms,closure,Karenia,33,0.87619,0.90759,0.90909,0.84559
ACOLITE,ACOLITE_roms,closure,Karenia,34,0.86148,0.90464,0.89723,0.82847
ACOLITE,ACOLITE_roms,closure,Karenia,35,0.87597,0.89206,0.904,0.84962
ACOLITE,ACOLITE_roms,closure,Karenia,36,0.82688,0.87967,0.87879,0.78077
ACOLITE,ACOLITE_roms,closure,Karenia,37,0.83922,0.88845,0.83594,0.84252
ACOLITE,ACOLITE_roms,closure,Karenia,38,0.83768,0.841,0.86364,0.81323
ACOLITE,ACOLITE_roms,closure,Karenia,39,0.8503,0.91374,0.86585,0.83529
ACOLITE,ACOLITE_roms,closure,Karenia,40,0.82996,0.86079,0.90708,0.76493
ACOLITE,ACOLITE_roms,closure,Karenia,41,0.83368,0.88397,0.86752,0.80237
ACOLITE,ACOLITE_roms,closure,Karenia,42,0.85606,0.89412,0.9004,0.81588
ACOLITE,ACOLITE_roms,closure,Karenia,43,0.84989,0.89871,0.90541,0.8008
ACOLITE,ACOLITE_roms,closure,Karenia,44,0.85661,0.87175,0.92,0.80139
ACOLITE,ACOLITE_roms,closure,Karenia,45,0.83814,0.87566,0.87907,0.80085
ACOLITE,ACOLITE_roms,closure,Karenia,46,0.83112,0.86929,0.89024,0.77936
ACOLITE,ACOLITE_roms,closure,Karenia,47,0.83821,0.89291,0.86694,0.81132
ACOLITE,ACOLITE_roms,closure,Karenia,48,0.83774,0.87746,0.89157,0.79004
ACOLITE,ACOLITE_roms,closure,Karenia,49,0.83096,0.88346,0.85356,0.80952
ACOLITE,ACOLITE_only,closure,Pseudo-nitzschia,0,0.54098,0.67198,0.42308,0.75
ACOLITE,ACOLITE_only,closure,Pseudo-nitzschia,1,0.61538,0.73086,0.52174,0.75
ACOLITE,ACOLITE_only,closure,Pseudo-nitzschia,2,0.54839,0.58822,0.48571,0.62963
ACOLITE,ACOLITE_only,closure,Pseudo-nitzschia,3,0.55639,0.68139,0.45679,0.71154
ACOLITE,ACOLITE_only,closure,Pseudo-nitzschia,4,0.66071,0.66646,0.61667,0.71154
ACOLITE,ACOLITE_only,closure,Pseudo-nitzschia,5,0.59649,0.5812,0.5,0.73913
ACOLITE,ACOLITE_only,closure,Pseudo-nitzschia,6,0.56311,0.59084,0.50877,0.63043
ACOLITE,ACOLITE_only,closure,Pseudo-nitzschia,7,0.60294,0.65388,0.4881,0.78846
ACOLITE,ACOLITE_only,closure,Pseudo-nitzschia,8,0.656,0.70471,0.53947,0.83673
ACOLITE,ACOLITE_only,closure,Pseudo-nitzschia,9,0.53846,0.61257,0.45902,0.65116
ACOLITE,ACOLITE_only,closure,Pseudo-nitzschia,10,0.61818,0.7041,0.5,0.80952
ACOLITE,ACOLITE_only,closure,Pseudo-nitzschia,11,0.61789,0.67931,0.52055,0.76
ACOLITE,ACOLITE_only,closure,Pseudo-nitzschia,12,0.51327,0.66268,0.37662,0.80556
ACOLITE,ACOLITE_only,closure,Pseudo-nitzschia,13,0.64957,0.70046,0.56716,0.76
ACOLITE,ACOLITE_only,closure,Pseudo-nitzschia,14,0.55462,0.62476,0.44595,0.73333
ACOLITE,ACOLITE_only,closure,Pseudo-nitzschia,15,0.53782,0.65801,0.43243,0.71111
ACOLITE,ACOLITE_only,closure,Pseudo-nitzschia,16,0.6087,0.65727,0.5303,0.71429
ACOLITE,ACOLITE_only,closure,Pseudo-nitzschia,17,0.65,0.73965,0.56522,0.76471
ACOLITE,ACOLITE_only,closure,Pseudo-nitzschia,18,0.47788,0.57669,0.375,0.65854
ACOLITE,ACOLITE_only,closure,Pseudo-nitzschia,19,0.58333,0.67399,0.49296,0.71429
ACOLITE,ACOLITE_only,closure,Pseudo-nitzschia,20,0.45763,0.6241,0.33333,0.72973
ACOLITE,ACOLITE_only,closure,Pseudo-nitzschia,21,0.59649,0.68856,0.48571,0.77273
ACOLITE,ACOLITE_only,closure,Pseudo-nitzschia,22,0.60563,0.66696,0.51807,0.72881
ACOLITE,ACOLITE_only,closure,Pseudo-nitzschia,23,0.61871,0.69448,0.5,0.81132
ACOLITE,ACOLITE_only,closure,Pseudo-nitzschia,24,0.47059,0.65478,0.34783,0.72727
ACOLITE,ACOLITE_only,closure,Pseudo-nitzschia,25,0.59259,0.66201,0.50633,0.71429
ACOLITE,ACOLITE_only,closure,Pseudo-nitzschia,26,0.59649,0.64957,0.51515,0.70833
ACOLITE,ACOLITE_only,closure,Pseudo-nitzschia,27,0.58209,0.64122,0.5,0.69643
ACOLITE,ACOLITE_only,closure,Pseudo-nitzschia,28,0.61386,0.66866,0.47692,0.86111
ACOLITE,ACOLITE_only,closure,Pseudo-nitzschia,29,0.60465,0.74557,0.47561,0.82979
ACOLITE,ACOLITE_only,closure,Pseudo-nitzschia,30,0.5037,0.66192,0.36957,0.7907
ACOLITE,ACOLITE_only,closure,Pseudo-nitzschia,31,0.46552,0.62059,0.35065,0.69231
ACOLITE,ACOLITE_only,closure,Pseudo-nitzschia,32,0.56897,0.70711,0.45833,0.75
ACOLITE,ACOLITE_only,closure,Pseudo-nitzschia,33,0.57658,0.64731,0.45714,0.78049
ACOLITE,ACOLITE_only,closure,Pseudo-nitzschia,34,0.5625,0.5875,0.5,0.64286
ACOLITE,ACOLITE_only,closure,Pseudo-nitzschia,35,0.60345,0.64755,0.5303,0.7
ACOLITE,ACOLITE_only,closure,Pseudo-nitzschia,36,0.64706,0.71168,0.55696,0.77193
ACOLITE,ACOLITE_only,closure,Pseudo-nitzschia,37,0.62222,0.69159,0.51852,0.77778
ACOLITE,ACOLITE_only,closure,Pseudo-nitzschia,38,0.5625,0.6441,0.4557,0.73469
ACOLITE,ACOLITE_only,closure,Pseudo-nitzschia,39,0.59259,0.72401,0.47619,0.78431
ACOLITE,ACOLITE_only,closure,Pseudo-nitzschia,40,0.59701,0.64799,0.51948,0.70175
ACOLITE,ACOLITE_only,closure,Pseudo-nitzschia,41,0.5913,0.64261,0.46575,0.80952
ACOLITE,ACOLITE_only,closure,Pseudo-nitzschia,42,0.52101,0.66488,0.39744,0.7561
ACOLITE,ACOLITE_only,closure,Pseudo-nitzschia,43,0.52632,0.62,0.42857,0.68182
ACOLITE,ACOLITE_only,closure,Pseudo-nitzschia,44,0.6129,0.67165,0.52055,0.7451
ACOLITE,ACOLITE_only,closure,Pseudo-nitzschia,45,0.56452,0.67415,0.47297,0.7
ACOLITE,ACOLITE_only,closure,Pseudo-nitzschia,46,0.5124,0.59115,0.41892,0.65957
ACOLITE,ACOLITE_only,closure,Pseudo-nitzschia,47,0.53947,0.66272,0.41414,0.77358
ACOLITE,ACOLITE_only,closure,Pseudo-nitzschia,48,0.59854,0.65284,0.5,0.74545
ACOLITE,ACOLITE_only,closure,Pseudo-nitzschia,49,0.6,0.71592,0.5122,0.72414
ACOLITE,ACOLITE_roms,closure,Pseudo-nitzschia,0,0.59677,0.72977,0.47436,0.80435
ACOLITE,ACOLITE_roms,closure,Pseudo-nitzschia,1,0.64286,0.76614,0.52174,0.83721
ACOLITE,ACOLITE_roms,closure,Pseudo-nitzschia,2,0.53913,0.68961,0.44286,0.68889
ACOLITE,ACOLITE_roms,closure,Pseudo-nitzschia,3,0.58915,0.77196,0.46914,0.79167
ACOLITE,ACOLITE_roms,closure,Pseudo-nitzschia,4,0.60784,0.67624,0.51667,0.7381
ACOLITE,ACOLITE_roms,closure,Pseudo-nitzschia,5,0.53211,0.64347,0.42647,0.70732
ACOLITE,ACOLITE_roms,closure,Pseudo-nitzschia,6,0.53333,0.64444,0.42105,0.72727
ACOLITE,ACOLITE_roms,closure,Pseudo-nitzschia,7,0.59542,0.70956,0.46429,0.82979
ACOLITE,ACOLITE_roms,closure,Pseudo-nitzschia,8,0.6,0.74048,0.47368,0.81818
ACOLITE,ACOLITE_roms,closure,Pseudo-nitzschia,9,0.5,0.65314,0.39344,0.68571
ACOLITE,ACOLITE_roms,closure,Pseudo-nitzschia,10,0.6,0.80725,0.44118,0.9375
ACOLITE,ACOLITE_roms,closure,Pseudo-nitzschia,11,0.58929,0.71207,0.45205,0.84615
ACOLITE,ACOLITE_roms,closure,Pseudo-nitzschia,12,0.50467,0.76755,0.35065,0.9
ACOLITE,ACOLITE_roms,closure,Pseudo-nitzschia,13,0.60952,0.7428,0.47761,0.84211
ACOLITE,ACOLITE_roms,closure,Pseudo-nitzschia,14,0.52252,0.67107,0.39189,0.78378
ACOLITE,ACOLITE_roms,closure,Pseudo-nitzschia,15,0.57658,0.70162,0.43243,0.86486
ACOLITE,ACOLITE_roms,closure,Pseudo-nitzschia,16,0.59259,0.73154,0.48485,0.7619
ACOLITE,ACOLITE_roms,closure,Pseudo-nitzschia,17,0.65517,0.72697,0.55072,0.80851
ACOLITE,ACOLITE_roms,closure,Pseudo-nitzschia,18,0.57895,0.6404,0.45833,0.78571
ACOLITE,ACOLITE_roms,closure,Pseudo-nitzschia,19,0.6,0.72966,0.46479,0.84615
ACOLITE,ACOLITE_roms,closure,Pseudo-nitzschia,20,0.52459,0.69708,0.39506,0.78049
ACOLITE,ACOLITE_roms,closure,Pseudo-nitzschia,21,0.57944,0.7288,0.44286,0.83784
ACOLITE,ACOLITE_roms,closure,Pseudo-nitzschia,22,0.6,0.75072,0.46988,0.82979
ACOLITE,ACOLITE_roms,closure,Pseudo-nitzschia,23,0.59091,0.7609,0.45349,0.84783
ACOLITE,ACOLITE_roms,closure,Pseudo-nitzschia,24,0.53846,0.70836,0.4058,0.8
ACOLITE,ACOLITE_roms,closure,Pseudo-nitzschia,25,0.59504,0.7363,0.4557,0.85714
ACOLITE,ACOLITE_roms,closure,Pseudo-nitzschia,26,0.625,0.70853,0.5303,0.76087
ACOLITE,ACOLITE_roms,closure,Pseudo-nitzschia,27,0.62016,0.72781,0.51282,0.78431
ACOLITE,ACOLITE_roms,closure,Pseudo-nitzschia,28,0.60417,0.69203,0.44615,0.93548
ACOLITE,ACOLITE_roms,closure,Pseudo-nitzschia,29,0.64567,0.80082,0.5,0.91111
ACOLITE,ACOLITE_roms,closure,Pseudo-nitzschia,30,0.50746,0.72178,0.36957,0.80952
ACOLITE,ACOLITE_roms,closure,Pseudo-nitzschia,31,0.49573,0.66318,0.37662,0.725
ACOLITE,ACOLITE_roms,closure,Pseudo-nitzschia,32,0.6087,0.72981,0.48611,0.81395
ACOLITE,ACOLITE_roms,closure,Pseudo-nitzschia,33,0.58716,0.71175,0.45714,0.82051
ACOLITE,ACOLITE_roms,closure,Pseudo-nitzschia,34,0.59504,0.64951,0.5,0.73469
ACOLITE,ACOLITE_roms,closure,Pseudo-nitzschia,35,0.66667,0.71961,0.56061,0.82222
ACOLITE,ACOLITE_roms,closure,Pseudo-nitzschia,36,0.61538,0.73867,0.50633,0.78431
ACOLITE,ACOLITE_roms,closure,Pseudo-nitzschia,37,0.49153,0.72601,0.35802,0.78378
ACOLITE,ACOLITE_roms,closure,Pseudo-nitzschia,38,0.53226,0.6867,0.41772,0.73333
ACOLITE,ACOLITE_roms,closure,Pseudo-nitzschia,39,0.59259,0.74613,0.47619,0.78431
ACOLITE,ACOLITE_roms,closure,Pseudo-nitzschia,40,0.64662,0.7103,0.55844,0.76786
ACOLITE,ACOLITE_roms,closure,Pseudo-nitzschia,41,0.62069,0.69318,0.49315,0.83721
ACOLITE,ACOLITE_roms,closure,Pseudo-nitzschia,42,0.58065,0.71582,0.46154,0.78261
ACOLITE,ACOLITE_roms,closure,Pseudo-nitzschia,43,0.53846,0.65545,0.4,0.82353
ACOLITE,ACOLITE_roms,closure,Pseudo-nitzschia,44,0.59829,0.67587,0.47945,0.79545
ACOLITE,ACOLITE_roms,closure,Pseudo-nitzschia,45,0.58824,0.7267,0.47297,0.77778
ACOLITE,ACOLITE_roms,closure,Pseudo-nitzschia,46,0.57851,0.66492,0.47297,0.74468
ACOLITE,ACOLITE_roms,closure,Pseudo-nitzschia,47,0.56164,0.74447,0.41414,0.87234
ACOLITE,ACOLITE_roms,closure,Pseudo-nitzschia,48,0.55639,0.71179,0.45122,0.72549
ACOLITE,ACOLITE_roms,closure,Pseudo-nitzschia,49,0.60938,0.79829,0.47561,0.84783
Baseline,Baseline_only,closure,Alexandrium_catenella,0,0.66376,0.75885,0.59144,0.75622
Baseline,Baseline_only,closure,Alexandrium_catenella,1,0.6264,0.73154,0.55777,0.71429
Baseline,Baseline_only,closure,Alexandrium_catenella,2,0.68344,0.78603,0.58214,0.82741
Baseline,Baseline_only,closure,Alexandrium_catenella,3,0.67762,0.78243,0.59783,0.78199
Baseline,Baseline_only,closure,Alexandrium_catenella,4,0.71047,0.80253,0.62455,0.82381
Baseline,Baseline_only,closure,Alexandrium_catenella,5,0.71622,0.77511,0.65164,0.795
Baseline,Baseline_only,closure,Alexandrium_catenella,6,0.69834,0.77521,0.61765,0.80328
Baseline,Baseline_only,closure,Alexandrium_catenella,7,0.71264,0.81608,0.67391,0.7561
Baseline,Baseline_only,closure,Alexandrium_catenella,8,0.69565,0.79088,0.6,0.82759
Baseline,Baseline_only,closure,Alexandrium_catenella,9,0.68282,0.76839,0.5916,0.80729
Baseline,Baseline_only,closure,Alexandrium_catenella,10,0.70664,0.79374,0.64961,0.77465
Baseline,Baseline_only,closure,Alexandrium_catenella,11,0.67857,0.78612,0.61789,0.75248
Baseline,Baseline_only,closure,Alexandrium_catenella,12,0.66667,0.78823,0.57463,0.79381
Baseline,Baseline_only,closure,Alexandrium_catenella,13,0.65463,0.76121,0.54717,0.81461
Baseline,Baseline_only,closure,Alexandrium_catenella,14,0.69691,0.78691,0.60791,0.81643
Baseline,Baseline_only,closure,Alexandrium_catenella,15,0.66355,0.73584,0.58678,0.76344
Baseline,Baseline_only,closure,Alexandrium_catenella,16,0.6652,0.76332,0.62397,0.71226
Baseline,Baseline_only,closure,Alexandrium_catenella,17,0.69677,0.80403,0.60674,0.81818
Baseline,Baseline_only,closure,Alexandrium_catenella,18,0.65263,0.75857,0.56985,0.76355
Baseline,Baseline_only,closure,Alexandrium_catenella,19,0.71523,0.80078,0.64542,0.80198
Baseline,Baseline_only,closure,Alexandrium_catenella,20,0.69182,0.79503,0.6203,0.78199
Baseline,Baseline_only,closure,Alexandrium_catenella,21,0.67505,0.7904,0.58974,0.78922
Baseline,Baseline_only,closure,Alexandrium_catenella,22,0.68874,0.81576,0.59542,0.81675
Baseline,Baseline_only,closure,Alexandrium_catenella,23,0.69874,0.78129,0.63019,0.78404
Baseline,Baseline_only,closure,Alexandrium_catenella,24,0.66806,0.7647,0.59925,0.75472
Baseline,Baseline_only,closure,Alexandrium_catenella,25,0.67686,0.78223,0.58935,0.79487
Baseline,Baseline_only,closure,Alexandrium_catenella,26,0.67364,0.7858,0.58974,0.78537
Baseline,Baseline_only,closure,Alexandrium_catenella,27,0.63535,0.74456,0.53184,0.78889
Baseline,Baseline_only,closure,Alexandrium_catenella,28,0.67917,0.79188,0.59707,0.78744
Baseline,Baseline_only,closure,Alexandrium_catenella,29,0.70435,0.79973,0.62548,0.80597
Baseline,Baseline_only,closure,Alexandrium_catenella,30,0.65126,0.76839,0.58052,0.74163
Baseline,Baseline_only,closure,Alexandrium_catenella,31,0.6824,0.76486,0.6139,0.76812
Baseline,Baseline_only,closure,Alexandrium_catenella,32,0.65011,0.75378,0.5625,0.77005
Baseline,Baseline_only,closure,Alexandrium_catenella,33,0.66071,0.78138,0.57812,0.77083
Baseline,Baseline_only,closure,Alexandrium_catenella,34,0.68365,0.78203,0.57914,0.8342
Baseline,Baseline_only,closure,Alexandrium_catenella,35,0.69167,0.794,0.61029,0.79808
Baseline,Baseline_only,closure,Alexandrium_catenella,36,0.63877,0.75776,0.53309,0.7967
Baseline,Baseline_only,closure,Alexandrium_catenella,37,0.71946,0.81231,0.62846,0.84127
Baseline,Baseline_only,closure,Alexandrium_catenella,38,0.68644,0.74716,0.63035,0.75349
Baseline,Baseline_only,closure,Alexandrium_catenella,39,0.70445,0.75509,0.67442,0.73729
Baseline,Baseline_only,closure,Alexandrium_catenella,40,0.65542,0.74043,0.59389,0.73118
Baseline,Baseline_only,closure,Alexandrium_catenella,41,0.66946,0.77477,0.60377,0.75117
Baseline,Baseline_only,closure,Alexandrium_catenella,42,0.67713,0.7632,0.61885,0.74752
Baseline,Baseline_only,closure,Alexandrium_catenella,43,0.70423,0.79381,0.62278,0.81019
Baseline,Baseline_only,closure,Alexandrium_catenella,44,0.61538,0.74944,0.528,0.73743
Baseline,Baseline_only,closure,Alexandrium_catenella,45,0.69333,0.77827,0.6,0.82105
Baseline,Baseline_only,closure,Alexandrium_catenella,46,0.66667,0.77505,0.56985,0.80311
Baseline,Baseline_only,closure,Alexandrium_catenella,47,0.70142,0.77618,0.62447,0.8
Baseline,Baseline_only,closure,Alexandrium_catenella,48,0.69247,0.76731,0.62646,0.77404
Baseline,Baseline_only,closure,Alexandrium_catenella,49,0.72331,0.81313,0.63846,0.83417
Baseline,Baseline_roms,closure,Alexandrium_catenella,0,0.69604,0.79255,0.61479,0.80203
Baseline,Baseline_roms,closure,Alexandrium_catenella,1,0.66519,0.76336,0.59761,0.75
Baseline,Baseline_roms,closure,Alexandrium_catenella,2,0.71753,0.8242,0.62143,0.84878
Baseline,Baseline_roms,closure,Alexandrium_catenella,3,0.71605,0.83996,0.63043,0.82857
Baseline,Baseline_roms,closure,Alexandrium_catenella,4,0.75,0.82542,0.67148,0.84932
Baseline,Baseline_roms,closure,Alexandrium_catenella,5,0.71163,0.80932,0.62705,0.82258
Baseline,Baseline_roms,closure,Alexandrium_catenella,6,0.72897,0.81146,0.65546,0.82105
Baseline,Baseline_roms,closure,Alexandrium_catenella,7,0.73171,0.83169,0.70652,0.75875
Baseline,Baseline_roms,closure,Alexandrium_catenella,8,0.69691,0.83176,0.60357,0.82439
Baseline,Baseline_roms,closure,Alexandrium_catenella,9,0.70588,0.78377,0.64122,0.78505
Baseline,Baseline_roms,closure,Alexandrium_catenella,10,0.71579,0.80792,0.66929,0.76923
Baseline,Baseline_roms,closure,Alexandrium_catenella,11,0.75497,0.84048,0.69512,0.82609
Baseline,Baseline_roms,closure,Alexandrium_catenella,12,0.72152,0.80805,0.63806,0.8301
Baseline,Baseline_roms,closure,Alexandrium_catenella,13,0.66813,0.79333,0.57358,0.8
Baseline,Baseline_roms,closure,Alexandrium_catenella,14,0.73092,0.82132,0.65468,0.82727
Baseline,Baseline_roms,closure,Alexandrium_catenella,15,0.70562,0.77145,0.64876,0.7734
Baseline,Baseline_roms,closure,Alexandrium_catenella,16,0.72368,0.79129,0.68182,0.77103
Baseline,Baseline_roms,closure,Alexandrium_catenella,17,0.72034,0.82551,0.6367,0.82927
Baseline,Baseline_roms,closure,Alexandrium_catenella,18,0.69262,0.79128,0.62132,0.78241
Baseline,Baseline_roms,closure,Alexandrium_catenella,19,0.7473,0.81599,0.68924,0.81604
Baseline,Baseline_roms,closure,Alexandrium_catenella,20,0.72581,0.84771,0.67669,0.78261
Baseline,Baseline_roms,closure,Alexandrium_catenella,21,0.70492,0.80341,0.63004,0.8
Baseline,Baseline_roms,closure,Alexandrium_catenella,22,0.73191,0.82999,0.65649,0.82692
Baseline,Baseline_roms,closure,Alexandrium_catenella,23,0.70183,0.80082,0.65283,0.75877
Baseline,Baseline_roms,closure,Alexandrium_catenella,24,0.70515,0.80461,0.64045,0.7844
Baseline,Baseline_roms,closure,Alexandrium_catenella,25,0.71642,0.80699,0.63878,0.81553
Baseline,Baseline_roms,closure,Alexandrium_catenella,26,0.67377,0.79124,0.57875,0.80612
Baseline,Baseline_roms,closure,Alexandrium_catenella,27,0.66667,0.77137,0.59176,0.76329
Baseline,Baseline_roms,closure,Alexandrium_catenella,28,0.7299,0.82942,0.64835,0.83491
Baseline,Baseline_roms,closure,Alexandrium_catenella,29,0.73866,0.82457,0.66023,0.83824
Baseline,Baseline_roms,closure,Alexandrium_catenella,30,0.67223,0.78401,0.603,0.75943
Baseline,Baseline_roms,closure,Alexandrium_catenella,31,0.69083,0.80912,0.62548,0.77143
Baseline,Baseline_roms,closure,Alexandrium_catenella,32,0.70769,0.79175,0.62891,0.80905
Baseline,Baseline_roms,closure,Alexandrium_catenella,33,0.70222,0.81113,0.61719,0.81443
Baseline,Baseline_roms,closure,Alexandrium_catenella,34,0.71575,0.81429,0.6295,0.82938
Baseline,Baseline_roms,closure,Alexandrium_catenella,35,0.73428,0.83545,0.66544,0.819
Baseline,Baseline_roms,closure,Alexandrium_catenella,36,0.64317,0.76415,0.53676,0.8022
Baseline,Baseline_roms,closure,Alexandrium_catenella,37,0.71556,0.82312,0.63636,0.81726
Baseline,Baseline_roms,closure,Alexandrium_catenella,38,0.68951,0.77335,0.62646,0.76667
Baseline,Baseline_roms,closure,Alexandrium_catenella,39,0.72289,0.78822,0.69767,0.75
Baseline,Baseline_roms,closure,Alexandrium_catenella,40,0.68213,0.77501,0.64192,0.72772
Baseline,Baseline_roms,closure,Alexandrium_catenella,41,0.69654,0.78973,0.64528,0.75664
Baseline,Baseline_roms,closure,Alexandrium_catenella,42,0.70748,0.79474,0.63934,0.79188
Baseline,Baseline_roms,closure,Alexandrium_catenella,43,0.73705,0.81275,0.65836,0.8371
Baseline,Baseline_roms,closure,Alexandrium_catenella,44,0.69565,0.78816,0.608,0.81283
Baseline,Baseline_roms,closure,Alexandrium_catenella,45,0.73128,0.8268,0.63846,0.85567
Baseline,Baseline_roms,closure,Alexandrium_catenella,46,0.69311,0.79966,0.61029,0.80193
Baseline,Baseline_roms,closure,Alexandrium_catenella,47,0.71163,0.79745,0.64557,0.79275
Baseline,Baseline_roms,closure,Alexandrium_catenella,48,0.74274,0.82649,0.6965,0.79556
Baseline,Baseline_roms,closure,Alexandrium_catenella,49,0.73967,0.8139,0.68846,0.79911
Baseline,Baseline_only,closure,Dinophysis_acuminata,0,0.78382,0.86989,0.79487,0.77307
Baseline,Baseline_only,closure,Dinophysis_acuminata,1,0.79853,0.86307,0.78417,0.81343
Baseline,Baseline_only,closure,Dinophysis_acuminata,2,0.77468,0.84815,0.77273,0.77665
Baseline,Baseline_only,closure,Dinophysis_acuminata,3,0.80451,0.85216,0.80451,0.80451
Baseline,Baseline_only,closure,Dinophysis_acuminata,4,0.79298,0.87525,0.77931,0.80714
Baseline,Baseline_only,closure,Dinophysis_acuminata,5,0.79798,0.84505,0.80407,0.79198
Baseline,Baseline_only,closure,Dinophysis_acuminata,6,0.79655,0.85957,0.8075,0.78589
Baseline,Baseline_only,closure,Dinophysis_acuminata,7,0.80139,0.85657,0.78947,0.81368
Baseline,Baseline_only,closure,Dinophysis_acuminata,8,0.799,0.86848,0.8,0.798
Baseline,Baseline_only,closure,Dinophysis_acuminata,9,0.80841,0.86198,0.80093,0.81604
Baseline,Baseline_only,closure,Dinophysis_acuminata,10,0.79863,0.87429,0.77483,0.82394
Baseline,Baseline_only,closure,Dinophysis_acuminata,11,0.78302,0.86702,0.78487,0.78118
Baseline,Baseline_only,closure,Dinophysis_acuminata,12,0.7971,0.86549,0.80685,0.78759
Baseline,Baseline_only,closure,Dinophysis_acuminata,13,0.80841,0.88913,0.77405,0.84597
Baseline,Baseline_only,closure,Dinophysis_acuminata,14,0.80247,0.87773,0.81047,0.79462
Baseline,Baseline_only,closure,Dinophysis_acuminata,15,0.7698,0.86846,0.7494,0.79135
Baseline,Baseline_only,closure,Dinophysis_acuminata,16,0.80745,0.88001,0.80049,0.81454
Baseline,Baseline_only,closure,Dinophysis_acuminata,17,0.8063,0.86214,0.80241,0.81022
Baseline,Baseline_only,closure,Dinophysis_acuminata,18,0.7791,0.8579,0.7791,0.7791
Baseline,Baseline_only,closure,Dinophysis_acuminata,19,0.77435,0.83951,0.76773,0.78109
Baseline,Baseline_only,closure,Dinophysis_acuminata,20,0.82198,0.87759,0.83495,0.80941
Baseline,Baseline_only,closure,Dinophysis_acuminata,21,0.82113,0.87912,0.83212,0.81043
Baseline,Baseline_only,closure,Dinophysis_acuminata,22,0.81062,0.86907,0.84422,0.77958
Baseline,Baseline_only,closure,Dinophysis_acuminata,23,0.80664,0.86945,0.81731,0.79625
Baseline,Baseline_only,closure,Dinophysis_acuminata,24,0.78788,0.85184,0.79657,0.77938
Baseline,Baseline_only,closure,Dinophysis_acuminata,25,0.80774,0.87971,0.79524,0.82064
Baseline,Baseline_only,closure,Dinophysis_acuminata,26,0.77641,0.85309,0.74528,0.81026
Baseline,Baseline_only,closure,Dinophysis_acuminata,27,0.78353,0.86188,0.77262,0.79475
Baseline,Baseline_only,closure,Dinophysis_acuminata,28,0.80189,0.85654,0.78522,0.81928
Baseline,Baseline_only,closure,Dinophysis_acuminata,29,0.79545,0.85307,0.78554,0.80563
Baseline,Baseline_only,closure,Dinophysis_acuminata,30,0.7602,0.83064,0.75253,0.76804
Baseline,Baseline_only,closure,Dinophysis_acuminata,31,0.81542,0.88881,0.81542,0.81542
Baseline,Baseline_only,closure,Dinophysis_acuminata,32,0.79708,0.86222,0.80788,0.78657
Baseline,Baseline_only,closure,Dinophysis_acuminata,33,0.79445,0.86956,0.77017,0.82031
Baseline,Baseline_only,closure,Dinophysis_acuminata,34,0.77751,0.84685,0.78519,0.76998
Baseline,Baseline_only,closure,Dinophysis_acuminata,35,0.81368,0.87701,0.81176,0.8156
Baseline,Baseline_only,closure,Dinophysis_acuminata,36,0.80702,0.8717,0.7931,0.82143
Baseline,Baseline_only,closure,Dinophysis_acuminata,37,0.80485,0.87045,0.81373,0.79616
Baseline,Baseline_only,closure,Dinophysis_acuminata,38,0.79193,0.84119,0.79093,0.79293
Baseline,Baseline_only,closure,Dinophysis_acuminata,39,0.82861,0.89429,0.81951,0.83791
Baseline,Baseline_only,closure,Dinophysis_acuminata,40,0.80275,0.88335,0.80275,0.80275
Baseline,Baseline_only,closure,Dinophysis_acuminata,41,0.7938,0.86658,0.8063,0.78169
Baseline,Baseline_only,closure,Dinophysis_acuminata,42,0.8046,0.87027,0.78554,0.82461
Baseline,Baseline_only,closure,Dinophysis_acuminata,43,0.80556,0.86219,0.81119,0.8
Baseline,Baseline_only,closure,Dinophysis_acuminata,44,0.75549,0.85058,0.72751,0.78571
Baseline,Baseline_only,closure,Dinophysis_acuminata,45,0.78571,0.86099,0.75236,0.82216
Baseline,Baseline_only,closure,Dinophysis_acuminata,46,0.79675,0.8535,0.80706,0.7867
Baseline,Baseline_only,closure,Dinophysis_acuminata,47,0.78966,0.8716,0.77958,0.8
Baseline,Baseline_only,closure,Dinophysis_acuminata,48,0.82734,0.8778,0.8156,0.83942
Baseline,Baseline_only,closure,Dinophysis_acuminata,49,0.7823,0.86678,0.78986,0.77488
Baseline,Baseline_roms,closure,Dinophysis_acuminata,0,0.79052,0.8743,0.81282,0.76942
Baseline,Baseline_roms,closure,Dinophysis_acuminata,1,0.80866,0.87927,0.80576,0.81159
Baseline,Baseline_roms,closure,Dinophysis_acuminata,2,0.79509,0.85322,0.81818,0.77327
Baseline,Baseline_roms,closure,Dinophysis_acuminata,3,0.81491,0.86651,0.82206,0.80788
Baseline,Baseline_roms,closure,Dinophysis_acuminata,4,0.816,0.88315,0.82069,0.81136
Baseline,Baseline_roms,closure,Dinophysis_acuminata,5,0.80601,0.85798,0.81934,0.7931
Baseline,Baseline_roms,closure,Dinophysis_acuminata,6,0.79327,0.87043,0.825,0.76389
Baseline,Baseline_roms,closure,Dinophysis_acuminata,7,0.80682,0.87186,0.81236,0.80135
Baseline,Baseline_roms,closure,Dinophysis_acuminata,8,0.79655,0.87243,0.8075,0.78589
Baseline,Baseline_roms,closure,Dinophysis_acuminata,9,0.80559,0.87647,0.80093,0.8103
Baseline,Baseline_roms,closure,Dinophysis_acuminata,10,0.83036,0.88665,0.82119,0.83973
Baseline,Baseline_roms,closure,Dinophysis_acuminata,11,0.7888,0.88179,0.79905,0.7788
Baseline,Baseline_roms,closure,Dinophysis_acuminata,12,0.80385,0.86924,0.81663,0.79147
Baseline,Baseline_roms,closure,Dinophysis_acuminata,13,0.81149,0.88802,0.78971,0.83452
Baseline,Baseline_roms,closure,Dinophysis_acuminata,14,0.80935,0.88368,0.82045,0.79854
Baseline,Baseline_roms,closure,Dinophysis_acuminata,15,0.77641,0.86652,0.76145,0.79198
Baseline,Baseline_roms,closure,Dinophysis_acuminata,16,0.82426,0.88764,0.8202,0.82836
Baseline,Baseline_roms,closure,Dinophysis_acuminata,17,0.81146,0.8754,0.81928,0.80378
Baseline,Baseline_roms,closure,Dinophysis_acuminata,18,0.79953,0.85871,0.80523,0.79391
Baseline,Baseline_roms,closure,Dinophysis_acuminata,19,0.79162,0.8543,0.78484,0.79851
Baseline,Baseline_roms,closure,Dinophysis_acuminata,20,0.82734,0.88539,0.83738,0.81754
Baseline,Baseline_roms,closure,Dinophysis_acuminata,21,0.81235,0.88699,0.83212,0.7935
Baseline,Baseline_roms,closure,Dinophysis_acuminata,22,0.82227,0.86814,0.87186,0.77803
Baseline,Baseline_roms,closure,Dinophysis_acuminata,23,0.8267,0.87746,0.84856,0.80594
Baseline,Baseline_roms,closure,Dinophysis_acuminata,24,0.8,0.85418,0.81373,0.78673
Baseline,Baseline_roms,closure,Dinophysis_acuminata,25,0.82381,0.88305,0.82381,0.82381
Baseline,Baseline_roms,closure,Dinophysis_acuminata,26,0.79331,0.85958,0.78302,0.80387
Baseline,Baseline_roms,closure,Dinophysis_acuminata,27,0.79907,0.86737,0.79814,0.8
Baseline,Baseline_roms,closure,Dinophysis_acuminata,28,0.81808,0.87494,0.81524,0.82093
Baseline,Baseline_roms,closure,Dinophysis_acuminata,29,0.7931,0.84805,0.80299,0.78345
Baseline,Baseline_roms,closure,Dinophysis_acuminata,30,0.77363,0.85066,0.78535,0.76225
Baseline,Baseline_roms,closure,Dinophysis_acuminata,31,0.83411,0.90169,0.83411,0.83411
Baseline,Baseline_roms,closure,Dinophysis_acuminata,32,0.82367,0.87971,0.8399,0.80806
Baseline,Baseline_roms,closure,Dinophysis_acuminata,33,0.81694,0.8807,0.80196,0.83249
Baseline,Baseline_roms,closure,Dinophysis_acuminata,34,0.79075,0.85709,0.80247,0.77938
Baseline,Baseline_roms,closure,Dinophysis_acuminata,35,0.82009,0.87572,0.82588,0.81439
Baseline,Baseline_roms,closure,Dinophysis_acuminata,36,0.79717,0.87556,0.77701,0.8184
Baseline,Baseline_roms,closure,Dinophysis_acuminata,37,0.80964,0.87879,0.82353,0.79621
Baseline,Baseline_roms,closure,Dinophysis_acuminata,38,0.81101,0.85299,0.81612,0.80597
Baseline,Baseline_roms,closure,Dinophysis_acuminata,39,0.84982,0.91072,0.84878,0.85086
Baseline,Baseline_roms,closure,Dinophysis_acuminata,40,0.82751,0.89168,0.84174,0.81375
Baseline,Baseline_roms,closure,Dinophysis_acuminata,41,0.82588,0.87906,0.84988,0.8032
Baseline,Baseline_roms,closure,Dinophysis_acuminata,42,0.79594,0.87094,0.78304,0.80928
Baseline,Baseline_roms,closure,Dinophysis_acuminata,43,0.80808,0.86109,0.83916,0.77922
Baseline,Baseline_roms,closure,Dinophysis_acuminata,44,0.792,0.85327,0.78571,0.79839
Baseline,Baseline_roms,closure,Dinophysis_acuminata,45,0.81731,0.87242,0.80189,0.83333
Baseline,Baseline_roms,closure,Dinophysis_acuminata,46,0.8046,0.85986,0.82353,0.78652
Baseline,Baseline_roms,closure,Dinophysis_acuminata,47,0.8093,0.88303,0.80742,0.81119
Baseline,Baseline_roms,closure,Dinophysis_acuminata,48,0.83986,0.88943,0.83688,0.84286
Baseline,Baseline_roms,closure,Dinophysis_acuminata,49,0.79182,0.87499,0.79469,0.78897
Baseline,Baseline_only,closure,Dinophysis_norvegica,0,0.39437,0.42117,0.29167,0.6087
Baseline,Baseline_only,closure,Dinophysis_norvegica,1,0.46753,0.50688,0.33962,0.75
Baseline,Baseline_only,closure,Dinophysis_norvegica,2,0.48276,0.47278,0.38889,0.63636
Baseline,Baseline_only,closure,Dinophysis_norvegica,3,0.52381,0.50714,0.43137,0.66667
Baseline,Baseline_only,closure,Dinophysis_norvegica,4,0.36585,0.32001,0.28302,0.51724
Baseline,Baseline_only,closure,Dinophysis_norvegica,5,0.47619,0.45451,0.37736,0.64516
Baseline,Baseline_only,closure,Dinophysis_norvegica,6,0.35443,0.34913,0.29167,0.45161
Baseline,Baseline_only,closure,Dinophysis_norvegica,7,0.60377,0.65831,0.53333,0.69565
Baseline,Baseline_only,closure,Dinophysis_norvegica,8,0.52381,0.43791,0.43137,0.66667
Baseline,Baseline_only,closure,Dinophysis_norvegica,9,0.55102,0.60763,0.48214,0.64286
Baseline,Baseline_only,closure,Dinophysis_norvegica,10,0.43243,0.48357,0.34043,0.59259
Baseline,Baseline_only,closure,Dinophysis_norvegica,11,0.49412,0.47056,0.48837,0.5
Baseline,Baseline_only,closure,Dinophysis_norvegica,12,0.48837,0.49444,0.39623,0.63636
Baseline,Baseline_only,closure,Dinophysis_norvegica,13,0.41975,0.42939,0.36957,0.48571
Baseline,Baseline_only,closure,Dinophysis_norvegica,14,0.42667,0.50001,0.32653,0.61538
Baseline,Baseline_only,closure,Dinophysis_norvegica,15,0.40964,0.43322,0.32075,0.56667
Baseline,Baseline_only,closure,Dinophysis_norvegica,16,0.48276,0.38189,0.4375,0.53846
Baseline,Baseline_only,closure,Dinophysis_norvegica,17,0.53165,0.53851,0.42,0.72414
Baseline,Baseline_only,closure,Dinophysis_norvegica,18,0.37975,0.33045,0.31915,0.46875
Baseline,Baseline_only,closure,Dinophysis_norvegica,19,0.36364,0.37858,0.28,0.51852
Baseline,Baseline_only,closure,Dinophysis_norvegica,20,0.4557,0.41468,0.3913,0.54545
Baseline,Baseline_only,closure,Dinophysis_norvegica,21,0.38298,0.42567,0.28571,0.58065
Baseline,Baseline_only,closure,Dinophysis_norvegica,22,0.52273,0.58484,0.41071,0.71875
Baseline,Baseline_only,closure,Dinophysis_norvegica,23,0.36585,0.40248,0.27778,0.53571
Baseline,Baseline_only,closure,Dinophysis_norvegica,24,0.42697,0.3823,0.35185,0.54286
Baseline,Baseline_only,closure,Dinophysis_norvegica,25,0.37838,0.41791,0.30435,0.5
Baseline,Baseline_only,closure,Dinophysis_norvegica,26,0.45,0.43526,0.36735,0.58065
Baseline,Baseline_only,closure,Dinophysis_norvegica,27,0.45977,0.42795,0.36364,0.625
Baseline,Baseline_only,closure,Dinophysis_norvegica,28,0.52874,0.52281,0.45098,0.63889
Baseline,Baseline_only,closure,Dinophysis_norvegica,29,0.43373,0.474,0.35294,0.5625
Baseline,Baseline_only,closure,Dinophysis_norvegica,30,0.46667,0.43455,0.36207,0.65625
Baseline,Baseline_only,closure,Dinophysis_norvegica,31,0.49351,0.50218,0.42222,0.59375
Baseline,Baseline_only,closure,Dinophysis_norvegica,32,0.40541,0.36282,0.32609,0.53571
Baseline,Baseline_only,closure,Dinophysis_norvegica,33,0.47222,0.46532,0.35417,0.70833
Baseline,Baseline_only,closure,Dinophysis_norvegica,34,0.49462,0.49306,0.44231,0.56098
Baseline,Baseline_only,closure,Dinophysis_norvegica,35,0.49315,0.53515,0.4,0.64286
Baseline,Baseline_only,closure,Dinophysis_norvegica,36,0.45652,0.4397,0.38889,0.55263
Baseline,Baseline_only,closure,Dinophysis_norvegica,37,0.50549,0.47612,0.41818,0.63889
Baseline,Baseline_only,closure,Dinophysis_norvegica,38,0.4557,0.43432,0.38298,0.5625
Baseline,Baseline_only,closure,Dinophysis_norvegica,39,0.43182,0.47614,0.32759,0.63333
Baseline,Baseline_only,closure,Dinophysis_norvegica,40,0.48,0.51633,0.36735,0.69231
Baseline,Baseline_only,closure,Dinophysis_norvegica,41,0.40426,0.47712,0.33333,0.51351
Baseline,Baseline_only,closure,Dinophysis_norvegica,42,0.53846,0.51175,0.45652,0.65625
Baseline,Baseline_only,closure,Dinophysis_norvegica,43,0.43373,0.47586,0.35294,0.5625
Baseline,Baseline_only,closure,Dinophysis_norvegica,44,0.32941,0.3596,0.25926,0.45161
Baseline,Baseline_only,closure,Dinophysis_norvegica,45,0.44737,0.45015,0.34694,0.62963
Baseline,Baseline_only,closure,Dinophysis_norvegica,46,0.60241,0.56703,0.54348,0.67568
Baseline,Baseline_only,closure,Dinophysis_norvegica,47,0.58696,0.53371,0.51923,0.675
Baseline,Baseline_only,closure,Dinophysis_norvegica,48,0.40449,0.49124,0.34615,0.48649
Baseline,Baseline_only,closure,Dinophysis_norvegica,49,0.39535,0.39907,0.32075,0.51515
Baseline,Baseline_roms,closure,Dinophysis_norvegica,0,0.2623,0.3727,0.16667,0.61538
Baseline,Baseline_roms,closure,Dinophysis_norvegica,1,0.38889,0.49712,0.26415,0.73684
Baseline,Baseline_roms,closure,Dinophysis_norvegica,2,0.33766,0.46574,0.24074,0.56522
Baseline,Baseline_roms,closure,Dinophysis_norvegica,3,0.45714,0.57577,0.31373,0.84211
Baseline,Baseline_roms,closure,Dinophysis_norvegica,4,0.22535,0.34119,0.15094,0.44444
Baseline,Baseline_roms,closure,Dinophysis_norvegica,5,0.35135,0.47834,0.24528,0.61905
Baseline,Baseline_roms,closure,Dinophysis_norvegica,6,0.35821,0.45278,0.25,0.63158
Baseline,Baseline_roms,closure,Dinophysis_norvegica,7,0.48837,0.63705,0.35,0.80769
Baseline,Baseline_roms,closure,Dinophysis_norvegica,8,0.4,0.43694,0.27451,0.73684
Baseline,Baseline_roms,closure,Dinophysis_norvegica,9,0.43678,0.56097,0.33929,0.6129
Baseline,Baseline_roms,closure,Dinophysis_norvegica,10,0.36066,0.49578,0.23404,0.78571
Baseline,Baseline_roms,closure,Dinophysis_norvegica,11,0.35294,0.49169,0.27907,0.48
Baseline,Baseline_roms,closure,Dinophysis_norvegica,12,0.38889,0.5324,0.26415,0.73684
Baseline,Baseline_roms,closure,Dinophysis_norvegica,13,0.38235,0.43605,0.28261,0.59091
Baseline,Baseline_roms,closure,Dinophysis_norvegica,14,0.4058,0.49606,0.28571,0.7
Baseline,Baseline_roms,closure,Dinophysis_norvegica,15,0.30769,0.45685,0.18868,0.83333
Baseline,Baseline_roms,closure,Dinophysis_norvegica,16,0.43038,0.41501,0.35417,0.54839
Baseline,Baseline_roms,closure,Dinophysis_norvegica,17,0.39394,0.52496,0.26,0.8125
Baseline,Baseline_roms,closure,Dinophysis_norvegica,18,0.21875,0.34892,0.14894,0.41176
Baseline,Baseline_roms,closure,Dinophysis_norvegica,19,0.29851,0.37178,0.2,0.58824
Baseline,Baseline_roms,closure,Dinophysis_norvegica,20,0.36667,0.37339,0.23913,0.78571
Baseline,Baseline_roms,closure,Dinophysis_norvegica,21,0.35294,0.43828,0.2381,0.68182
Baseline,Baseline_roms,closure,Dinophysis_norvegica,22,0.46341,0.5683,0.33929,0.73077
Baseline,Baseline_roms,closure,Dinophysis_norvegica,23,0.30137,0.42522,0.2037,0.57895
Baseline,Baseline_roms,closure,Dinophysis_norvegica,24,0.41558,0.46383,0.2963,0.69565
Baseline,Baseline_roms,closure,Dinophysis_norvegica,25,0.25397,0.36579,0.17391,0.47059
Baseline,Baseline_roms,closure,Dinophysis_norvegica,26,0.28125,0.45207,0.18367,0.6
Baseline,Baseline_roms,closure,Dinophysis_norvegica,27,0.33803,0.4463,0.21818,0.75
Baseline,Baseline_roms,closure,Dinophysis_norvegica,28,0.27692,0.51516,0.17647,0.64286
Baseline,Baseline_roms,closure,Dinophysis_norvegica,29,0.46575,0.43002,0.33333,0.77273
Baseline,Baseline_roms,closure,Dinophysis_norvegica,30,0.31579,0.47106,0.2069,0.66667
Baseline,Baseline_roms,closure,Dinophysis_norvegica,31,0.375,0.44405,0.26667,0.63158
Baseline,Baseline_roms,closure,Dinophysis_norvegica,32,0.30986,0.38599,0.23913,0.44
Baseline,Baseline_roms,closure,Dinophysis_norvegica,33,0.44776,0.47286,0.3125,0.78947
Baseline,Baseline_roms,closure,Dinophysis_norvegica,34,0.4359,0.51995,0.32692,0.65385
Baseline,Baseline_roms,closure,Dinophysis_norvegica,35,0.33898,0.55086,0.22222,0.71429
Baseline,Baseline_roms,closure,Dinophysis_norvegica,36,0.32911,0.42083,0.24074,0.52
Baseline,Baseline_roms,closure,Dinophysis_norvegica,37,0.38961,0.46185,0.27273,0.68182
Baseline,Baseline_roms,closure,Dinophysis_norvegica,38,0.4,0.38783,0.29787,0.6087
Baseline,Baseline_roms,closure,Dinophysis_norvegica,39,0.48193,0.55642,0.34483,0.8
Baseline,Baseline_roms,closure,Dinophysis_norvegica,40,0.38806,0.45149,0.26531,0.72222
Baseline,Baseline_roms,closure,Dinophysis_norvegica,41,0.35,0.43693,0.24561,0.6087
Baseline,Baseline_roms,closure,Dinophysis_norvegica,42,0.4,0.50417,0.28261,0.68421
Baseline,Baseline_roms,closure,Dinophysis_norvegica,43,0.31429,0.4387,0.21569,0.57895
Baseline,Baseline_roms,closure,Dinophysis_norvegica,44,0.34286,0.43825,0.22222,0.75
Baseline,Baseline_roms,closure,Dinophysis_norvegica,45,0.3125,0.34121,0.20408,0.66667
Baseline,Baseline_roms,closure,Dinophysis_norvegica,46,0.47761,0.50718,0.34783,0.7619
Baseline,Baseline_roms,closure,Dinophysis_norvegica,47,0.49351,0.52394,0.36538,0.76
Baseline,Baseline_roms,closure,Dinophysis_norvegica,48,0.4,0.45805,0.28846,0.65217
Baseline,Baseline_roms,closure,Dinophysis_norvegica,49,0.41026,0.41593,0.30189,0.64
Baseline,Baseline_only,closure,Karenia,0,0.78038,0.83893,0.82063,0.7439
Baseline,Baseline_only,closure,Karenia,1,0.81696,0.88324,0.8249,0.80916
Baseline,Baseline_only,closure,Karenia,2,0.79238,0.87407,0.80309,0.78195
Baseline,Baseline_only,closure,Karenia,3,0.80903,0.85832,0.8107,0.80738
Baseline,Baseline_only,closure,Karenia,4,0.80178,0.86869,0.81448,0.78947
Baseline,Baseline_only,closure,Karenia,5,0.80835,0.85688,0.84524,0.77455
Baseline,Baseline_only,closure,Karenia,6,0.81405,0.87017,0.8383,0.79116
Baseline,Baseline_only,closure,Karenia,7,0.78282,0.83945,0.79227,0.77358
Baseline,Baseline_only,closure,Karenia,8,0.81607,0.87118,0.8178,0.81435
Baseline,Baseline_only,closure,Karenia,9,0.79125,0.86071,0.80894,0.77432
Baseline,Baseline_only,closure,Karenia,10,0.81466,0.86102,0.82305,0.80645
Baseline,Baseline_only,closure,Karenia,11,0.8044,0.85081,0.81333,0.79565
Baseline,Baseline_only,closure,Karenia,12,0.81363,0.86686,0.82857,0.79921
Baseline,Baseline_only,closure,Karenia,13,0.81377,0.87979,0.87391,0.76136
Baseline,Baseline_only,closure,Karenia,14,0.79503,0.88118,0.77733,0.81356
Baseline,Baseline_only,closure,Karenia,15,0.81616,0.87281,0.81781,0.81452
Baseline,Baseline_only,closure,Karenia,16,0.80808,0.87271,0.81633,0.8
Baseline,Baseline_only,closure,Karenia,17,0.8,0.85098,0.82969,0.77236
Baseline,Baseline_only,closure,Karenia,18,0.80784,0.88006,0.82072,0.79537
Baseline,Baseline_only,closure,Karenia,19,0.82376,0.87298,0.84211,0.8062
Baseline,Baseline_only,closure,Karenia,20,0.80979,0.89591,0.78755,0.83333
Baseline,Baseline_only,closure,Karenia,21,0.79359,0.88131,0.792,0.79518
Baseline,Baseline_only,closure,Karenia,22,0.75594,0.85639,0.7384,0.77434
Baseline,Baseline_only,closure,Karenia,23,0.80631,0.88871,0.80995,0.80269
Baseline,Baseline_only,closure,Karenia,24,0.78643,0.87021,0.79116,0.78175
Baseline,Baseline_only,closure,Karenia,25,0.76797,0.84509,0.78571,0.751
Baseline,Baseline_only,closure,Karenia,26,0.77866,0.83015,0.77559,0.78175
Baseline,Baseline_only,closure,Karenia,27,0.76892,0.82715,0.78008,0.75806
Baseline,Baseline_only,closure,Karenia,28,0.79837,0.8129,0.83404,0.76562
Baseline,Baseline_only,closure,Karenia,29,0.81391,0.89506,0.7992,0.82917
Baseline,Baseline_only,closure,Karenia,30,0.82231,0.90511,0.81893,0.82573
Baseline,Baseline_only,closure,Karenia,31,0.80321,0.87605,0.7874,0.81967
Baseline,Baseline_only,closure,Karenia,32,0.78,0.86393,0.80247,0.75875
Baseline,Baseline_only,closure,Karenia,33,0.81746,0.88774,0.81423,0.82072
Baseline,Baseline_only,closure,Karenia,34,0.81657,0.895,0.81818,0.81496
Baseline,Baseline_only,closure,Karenia,35,0.77731,0.85601,0.74,0.81858
Baseline,Baseline_only,closure,Karenia,36,0.77021,0.86953,0.78355,0.75732
Baseline,Baseline_only,closure,Karenia,37,0.77618,0.85598,0.73828,0.81818
Baseline,Baseline_only,closure,Karenia,38,0.77618,0.83251,0.78099,0.77143
Baseline,Baseline_only,closure,Karenia,39,0.82402,0.89075,0.80894,0.83966
Baseline,Baseline_only,closure,Karenia,40,0.77406,0.82881,0.81858,0.73413
Baseline,Baseline_only,closure,Karenia,41,0.81342,0.85232,0.82906,0.79835
Baseline,Baseline_only,closure,Karenia,42,0.79923,0.87011,0.8247,0.77528
Baseline,Baseline_only,closure,Karenia,43,0.8114,0.89068,0.83333,0.7906
Baseline,Baseline_only,closure,Karenia,44,0.81481,0.86235,0.836,0.79468
Baseline,Baseline_only,closure,Karenia,45,0.7973,0.84244,0.82326,0.77293
Baseline,Baseline_only,closure,Karenia,46,0.796,0.83393,0.80894,0.78346
Baseline,Baseline_only,closure,Karenia,47,0.79116,0.87389,0.79435,0.788
Baseline,Baseline_only,closure,Karenia,48,0.79923,0.85601,0.83133,0.76952
Baseline,Baseline_only,closure,Karenia,49,0.77632,0.86107,0.74059,0.81567
Baseline,Baseline_roms,closure,Karenia,0,0.80084,0.84294,0.8565,0.75197
Baseline,Baseline_roms,closure,Karenia,1,0.84962,0.89622,0.87938,0.82182
Baseline,Baseline_roms,closure,Karenia,2,0.82463,0.88444,0.85328,0.79783
Baseline,Baseline_roms,closure,Karenia,3,0.8373,0.87147,0.86831,0.80843
Baseline,Baseline_roms,closure,Karenia,4,0.81562,0.8804,0.85068,0.78333
Baseline,Baseline_roms,closure,Karenia,5,0.83704,0.87789,0.89683,0.78472
Baseline,Baseline_roms,closure,Karenia,6,0.82591,0.88017,0.86809,0.78764
Baseline,Baseline_roms,closure,Karenia,7,0.8246,0.85743,0.8744,0.78017
Baseline,Baseline_roms,closure,Karenia,8,0.82688,0.87713,0.86017,0.79608
Baseline,Baseline_roms,closure,Karenia,9,0.80851,0.87267,0.84959,0.77122
Baseline,Baseline_roms,closure,Karenia,10,0.83897,0.87509,0.86831,0.81154
Baseline,Baseline_roms,closure,Karenia,11,0.81545,0.85942,0.84444,0.78838
Baseline,Baseline_roms,closure,Karenia,12,0.84047,0.87777,0.88163,0.80297
Baseline,Baseline_roms,closure,Karenia,13,0.83034,0.8947,0.90435,0.76753
Baseline,Baseline_roms,closure,Karenia,14,0.82329,0.88814,0.82996,0.81673
Baseline,Baseline_roms,closure,Karenia,15,0.82515,0.88154,0.8502,0.80153
Baseline,Baseline_roms,closure,Karenia,16,0.82164,0.88027,0.83673,0.80709
Baseline,Baseline_roms,closure,Karenia,17,0.80652,0.8553,0.86463,0.75573
Baseline,Baseline_roms,closure,Karenia,18,0.83588,0.89384,0.87251,0.8022
Baseline,Baseline_roms,closure,Karenia,19,0.84149,0.88985,0.87045,0.81439
Baseline,Baseline_roms,closure,Karenia,20,0.83516,0.90247,0.83516,0.83516
Baseline,Baseline_roms,closure,Karenia,21,0.82192,0.8902,0.84,0.8046
Baseline,Baseline_roms,closure,Karenia,22,0.79098,0.86719,0.81435,0.76892
Baseline,Baseline_roms,closure,Karenia,23,0.81798,0.90125,0.82353,0.8125
Baseline,Baseline_roms,closure,Karenia,24,0.82625,0.87992,0.85944,0.79554
Baseline,Baseline_roms,closure,Karenia,25,0.81712,0.8536,0.88235,0.76087
Baseline,Baseline_roms,closure,Karenia,26,0.81285,0.85235,0.84646,0.78182
Baseline,Baseline_roms,closure,Karenia,27,0.79921,0.83262,0.84232,0.7603
Baseline,Baseline_roms,closure,Karenia,28,0.81909,0.83941,0.8766,0.76866
Baseline,Baseline_roms,closure,Karenia,29,0.85098,0.90927,0.87149,0.83142
Baseline,Baseline_roms,closure,Karenia,30,0.844,0.90893,0.86831,0.82101
Baseline,Baseline_roms,closure,Karenia,31,0.82785,0.87759,0.84252,0.81369
Baseline,Baseline_roms,closure,Karenia,32,0.81569,0.87095,0.85597,0.77903
Baseline,Baseline_roms,closure,Karenia,33,0.8466,0.90069,0.86166,0.83206
Baseline,Baseline_roms,closure,Karenia,34,0.85221,0.90241,0.87747,0.82836
Baseline,Baseline_roms,closure,Karenia,35,0.82772,0.87358,0.836,0.81961
Baseline,Baseline_roms,closure,Karenia,36,0.80493,0.88259,0.84848,0.76562
Baseline,Baseline_roms,closure,Karenia,37,0.81275,0.86955,0.79688,0.82927
Baseline,Baseline_roms,closure,Karenia,38,0.8202,0.8447,0.83884,0.80237
Baseline,Baseline_roms,closure,Karenia,39,0.83607,0.90741,0.82927,0.84298
Baseline,Baseline_roms,closure,Karenia,40,0.79424,0.84585,0.85398,0.74231
Baseline,Baseline_roms,closure,Karenia,41,0.82093,0.87085,0.87179,0.77567
Baseline,Baseline_roms,closure,Karenia,42,0.82375,0.88105,0.85657,0.79336
Baseline,Baseline_roms,closure,Karenia,43,0.83721,0.89918,0.89189,0.78884
Baseline,Baseline_roms,closure,Karenia,44,0.85393,0.8771,0.912,0.80282
Baseline,Baseline_roms,closure,Karenia,45,0.82096,0.85582,0.87442,0.77366
Baseline,Baseline_roms,closure,Karenia,46,0.8062,0.85375,0.84553,0.77037
Baseline,Baseline_roms,closure,Karenia,47,0.82261,0.89338,0.85081,0.79623
Baseline,Baseline_roms,closure,Karenia,48,0.82863,0.87464,0.88353,0.78014
Baseline,Baseline_roms,closure,Karenia,49,0.81988,0.87892,0.82845,0.81148
Baseline,Baseline_only,closure,Pseudo-nitzschia,0,0.54839,0.59392,0.4359,0.73913
Baseline,Baseline_only,closure,Pseudo-nitzschia,1,0.63415,0.64427,0.56522,0.72222
Baseline,Baseline_only,closure,Pseudo-nitzschia,2,0.61667,0.68957,0.52857,0.74
Baseline,Baseline_only,closure,Pseudo-nitzschia,3,0.58209,0.69656,0.48148,0.73585
Baseline,Baseline_only,closure,Pseudo-nitzschia,4,0.56311,0.57323,0.48333,0.67442
Baseline,Baseline_only,closure,Pseudo-nitzschia,5,0.55856,0.58157,0.45588,0.72093
Baseline,Baseline_only,closure,Pseudo-nitzschia,6,0.56,0.65103,0.49123,0.65116
Baseline,Baseline_only,closure,Pseudo-nitzschia,7,0.54135,0.64787,0.42857,0.73469
Baseline,Baseline_only,closure,Pseudo-nitzschia,8,0.58915,0.70084,0.5,0.71698
Baseline,Baseline_only,closure,Pseudo-nitzschia,9,0.56311,0.57324,0.47541,0.69048
Baseline,Baseline_only,closure,Pseudo-nitzschia,10,0.63248,0.68725,0.54412,0.7551
Baseline,Baseline_only,closure,Pseudo-nitzschia,11,0.52727,0.65515,0.39726,0.78378
Baseline,Baseline_only,closure,Pseudo-nitzschia,12,0.54386,0.68058,0.4026,0.83784
Baseline,Baseline_only,closure,Pseudo-nitzschia,13,0.62963,0.70327,0.50746,0.82927
Baseline,Baseline_only,closure,Pseudo-nitzschia,14,0.52033,0.59967,0.43243,0.65306
Baseline,Baseline_only,closure,Pseudo-nitzschia,15,0.47934,0.5398,0.39189,0.61702
Baseline,Baseline_only,closure,Pseudo-nitzschia,16,0.62963,0.69439,0.51515,0.80952
Baseline,Baseline_only,closure,Pseudo-nitzschia,17,0.63158,0.73172,0.52174,0.8
Baseline,Baseline_only,closure,Pseudo-nitzschia,18,0.41905,0.60818,0.30556,0.66667
Baseline,Baseline_only,closure,Pseudo-nitzschia,19,0.57407,0.74558,0.43662,0.83784
Baseline,Baseline_only,closure,Pseudo-nitzschia,20,0.53125,0.58702,0.41975,0.7234
Baseline,Baseline_only,closure,Pseudo-nitzschia,21,0.5,0.61198,0.4,0.66667
Baseline,Baseline_only,closure,Pseudo-nitzschia,22,0.62121,0.73651,0.49398,0.83673
Baseline,Baseline_only,closure,Pseudo-nitzschia,23,0.4375,0.59779,0.32558,0.66667
Baseline,Baseline_only,closure,Pseudo-nitzschia,24,0.54206,0.66713,0.42029,0.76316
Baseline,Baseline_only,closure,Pseudo-nitzschia,25,0.54545,0.61423,0.4557,0.67925
Baseline,Baseline_only,closure,Pseudo-nitzschia,26,0.53211,0.59496,0.43939,0.67442
Baseline,Baseline_only,closure,Pseudo-nitzschia,27,0.51163,0.60364,0.42308,0.64706
Baseline,Baseline_only,closure,Pseudo-nitzschia,28,0.4898,0.60427,0.36923,0.72727
Baseline,Baseline_only,closure,Pseudo-nitzschia,29,0.58647,0.71876,0.47561,0.76471
Baseline,Baseline_only,closure,Pseudo-nitzschia,30,0.54412,0.7176,0.40217,0.84091
Baseline,Baseline_only,closure,Pseudo-nitzschia,31,0.56911,0.6513,0.45455,0.76087
Baseline,Baseline_only,closure,Pseudo-nitzschia,32,0.52174,0.63846,0.41667,0.69767
Baseline,Baseline_only,closure,Pseudo-nitzschia,33,0.51376,0.62966,0.4,0.71795
Baseline,Baseline_only,closure,Pseudo-nitzschia,34,0.544,0.59382,0.47222,0.64151
Baseline,Baseline_only,closure,Pseudo-nitzschia,35,0.60345,0.66276,0.5303,0.7
Baseline,Baseline_only,closure,Pseudo-nitzschia,36,0.60465,0.66444,0.49367,0.78
Baseline,Baseline_only,closure,Pseudo-nitzschia,37,0.5942,0.67176,0.50617,0.7193
Baseline,Baseline_only,closure,Pseudo-nitzschia,38,0.59091,0.63388,0.49367,0.73585
Baseline,Baseline_only,closure,Pseudo-nitzschia,39,0.50746,0.61792,0.40476,0.68
Baseline,Baseline_only,closure,Pseudo-nitzschia,40,0.57364,0.66409,0.48052,0.71154
Baseline,Baseline_only,closure,Pseudo-nitzschia,41,0.53448,0.64399,0.42466,0.72093
Baseline,Baseline_only,closure,Pseudo-nitzschia,42,0.51282,0.65834,0.38462,0.76923
Baseline,Baseline_only,closure,Pseudo-nitzschia,43,0.55172,0.61931,0.45714,0.69565
Baseline,Baseline_only,closure,Pseudo-nitzschia,44,0.60938,0.63031,0.53425,0.70909
Baseline,Baseline_only,closure,Pseudo-nitzschia,45,0.56897,0.63856,0.44595,0.78571
Baseline,Baseline_only,closure,Pseudo-nitzschia,46,0.47541,0.608,0.39189,0.60417
Baseline,Baseline_only,closure,Pseudo-nitzschia,47,0.50685,0.65005,0.37374,0.78723
Baseline,Baseline_only,closure,Pseudo-nitzschia,48,0.56522,0.63866,0.47561,0.69643
Baseline,Baseline_only,closure,Pseudo-nitzschia,49,0.56738,0.64451,0.4878,0.67797
Baseline,Baseline_roms,closure,Pseudo-nitzschia,0,0.54098,0.65857,0.42308,0.75
Baseline,Baseline_roms,closure,Pseudo-nitzschia,1,0.65546,0.72476,0.56522,0.78
Baseline,Baseline_roms,closure,Pseudo-nitzschia,2,0.58407,0.6977,0.47143,0.76744
Baseline,Baseline_roms,closure,Pseudo-nitzschia,3,0.60938,0.77113,0.48148,0.82979
Baseline,Baseline_roms,closure,Pseudo-nitzschia,4,0.53608,0.64678,0.43333,0.7027
Baseline,Baseline_roms,closure,Pseudo-nitzschia,5,0.61261,0.65467,0.5,0.7907
Baseline,Baseline_roms,closure,Pseudo-nitzschia,6,0.6087,0.67614,0.49123,0.8
Baseline,Baseline_roms,closure,Pseudo-nitzschia,7,0.56489,0.69074,0.44048,0.78723
Baseline,Baseline_roms,closure,Pseudo-nitzschia,8,0.53333,0.7312,0.42105,0.72727
Baseline,Baseline_roms,closure,Pseudo-nitzschia,9,0.53191,0.62511,0.40984,0.75758
Baseline,Baseline_roms,closure,Pseudo-nitzschia,10,0.65421,0.75614,0.51471,0.89744
Baseline,Baseline_roms,closure,Pseudo-nitzschia,11,0.56881,0.71221,0.42466,0.86111
Baseline,Baseline_roms,closure,Pseudo-nitzschia,12,0.57391,0.75923,0.42857,0.86842
Baseline,Baseline_roms,closure,Pseudo-nitzschia,13,0.67273,0.75784,0.55224,0.86047
Baseline,Baseline_roms,closure,Pseudo-nitzschia,14,0.56198,0.66087,0.45946,0.7234
Baseline,Baseline_roms,closure,Pseudo-nitzschia,15,0.48276,0.56866,0.37838,0.66667
Baseline,Baseline_roms,closure,Pseudo-nitzschia,16,0.66667,0.72528,0.54545,0.85714
Baseline,Baseline_roms,closure,Pseudo-nitzschia,17,0.63063,0.78274,0.50725,0.83333
Baseline,Baseline_roms,closure,Pseudo-nitzschia,18,0.48077,0.6565,0.34722,0.78125
Baseline,Baseline_roms,closure,Pseudo-nitzschia,19,0.55556,0.76628,0.42254,0.81081
Baseline,Baseline_roms,closure,Pseudo-nitzschia,20,0.55118,0.64989,0.4321,0.76087
Baseline,Baseline_roms,closure,Pseudo-nitzschia,21,0.60345,0.70867,0.5,0.76087
Baseline,Baseline_roms,closure,Pseudo-nitzschia,22,0.63566,0.78829,0.49398,0.8913
Baseline,Baseline_roms,closure,Pseudo-nitzschia,23,0.55814,0.71745,0.4186,0.83721
Baseline,Baseline_roms,closure,Pseudo-nitzschia,24,0.56311,0.76497,0.42029,0.85294
Baseline,Baseline_roms,closure,Pseudo-nitzschia,25,0.47934,0.66134,0.36709,0.69048
Baseline,Baseline_roms,closure,Pseudo-nitzschia,26,0.63063,0.6839,0.5303,0.77778
Baseline,Baseline_roms,closure,Pseudo-nitzschia,27,0.68613,0.69767,0.60256,0.79661
Baseline,Baseline_roms,closure,Pseudo-nitzschia,28,0.60606,0.67179,0.46154,0.88235
Baseline,Baseline_roms,closure,Pseudo-nitzschia,29,0.58065,0.78809,0.43902,0.85714
Baseline,Baseline_roms,closure,Pseudo-nitzschia,30,0.68056,0.79628,0.53261,0.94231
Baseline,Baseline_roms,closure,Pseudo-nitzschia,31,0.55172,0.68272,0.41558,0.82051
Baseline,Baseline_roms,closure,Pseudo-nitzschia,32,0.55856,0.72358,0.43056,0.79487
Baseline,Baseline_roms,closure,Pseudo-nitzschia,33,0.53333,0.69438,0.4,0.8
Baseline,Baseline_roms,closure,Pseudo-nitzschia,34,0.57377,0.65446,0.48611,0.7
Baseline,Baseline_roms,closure,Pseudo-nitzschia,35,0.66667,0.71206,0.57576,0.79167
Baseline,Baseline_roms,closure,Pseudo-nitzschia,36,0.57143,0.73843,0.4557,0.76596
Baseline,Baseline_roms,closure,Pseudo-nitzschia,37,0.58268,0.73848,0.45679,0.80435
Baseline,Baseline_roms,closure,Pseudo-nitzschia,38,0.5625,0.69858,0.4557,0.73469
Baseline,Baseline_roms,closure,Pseudo-nitzschia,39,0.64748,0.70115,0.53571,0.81818
Baseline,Baseline_roms,closure,Pseudo-nitzschia,40,0.624,0.74426,0.50649,0.8125
Baseline,Baseline_roms,closure,Pseudo-nitzschia,41,0.5913,0.69982,0.46575,0.80952
Baseline,Baseline_roms,closure,Pseudo-nitzschia,42,0.5641,0.71371,0.42308,0.84615
Baseline,Baseline_roms,closure,Pseudo-nitzschia,43,0.55556,0.70587,0.42857,0.78947
Baseline,Baseline_roms,closure,Pseudo-nitzschia,44,0.58621,0.67537,0.46575,0.7907
Baseline,Baseline_roms,closure,Pseudo-nitzschia,45,0.55652,0.65455,0.43243,0.78049
Baseline,Baseline_roms,closure,Pseudo-nitzschia,46,0.56667,0.63978,0.45946,0.73913
Baseline,Baseline_roms,closure,Pseudo-nitzschia,47,0.62252,0.76404,0.47475,0.90385
Baseline,Baseline_roms,closure,Pseudo-nitzschia,48,0.61765,0.70562,0.5122,0.77778
Baseline,Baseline_roms,closure,Pseudo-nitzschia,49,0.66667,0.76351,0.54878,0.84906
C2RCC,C2RCC_only,closure,Alexandrium_catenella,0,0.60262,0.67664,0.53696,0.68657
C2RCC,C2RCC_only,closure,Alexandrium_catenella,1,0.58986,0.6576,0.50996,0.69945
C2RCC,C2RCC_only,closure,Alexandrium_catenella,2,0.5733,0.70958,0.46786,0.74011
C2RCC,C2RCC_only,closure,Alexandrium_catenella,3,0.62687,0.76083,0.53261,0.76166
C2RCC,C2RCC_only,closure,Alexandrium_catenella,4,0.60888,0.72934,0.51986,0.73469
C2RCC,C2RCC_only,closure,Alexandrium_catenella,5,0.62295,0.71101,0.54508,0.72678
C2RCC,C2RCC_only,closure,Alexandrium_catenella,6,0.60241,0.7209,0.52521,0.70621
C2RCC,C2RCC_only,closure,Alexandrium_catenella,7,0.63248,0.74838,0.53623,0.77083
C2RCC,C2RCC_only,closure,Alexandrium_catenella,8,0.63071,0.72568,0.54286,0.75248
C2RCC,C2RCC_only,closure,Alexandrium_catenella,9,0.59584,0.71073,0.49237,0.75439
C2RCC,C2RCC_only,closure,Alexandrium_catenella,10,0.63205,0.7217,0.55118,0.74074
C2RCC,C2RCC_only,closure,Alexandrium_catenella,11,0.64545,0.73084,0.57724,0.73196
C2RCC,C2RCC_only,closure,Alexandrium_catenella,12,0.59081,0.70696,0.50373,0.71429
C2RCC,C2RCC_only,closure,Alexandrium_catenella,13,0.59735,0.70925,0.50943,0.72193
C2RCC,C2RCC_only,closure,Alexandrium_catenella,14,0.62445,0.75894,0.51439,0.79444
C2RCC,C2RCC_only,closure,Alexandrium_catenella,15,0.59857,0.69276,0.52066,0.70391
C2RCC,C2RCC_only,closure,Alexandrium_catenella,16,0.6422,0.72206,0.57851,0.72165
C2RCC,C2RCC_only,closure,Alexandrium_catenella,17,0.61641,0.72494,0.5206,0.75543
C2RCC,C2RCC_only,closure,Alexandrium_catenella,18,0.60811,0.70706,0.49632,0.78488
C2RCC,C2RCC_only,closure,Alexandrium_catenella,19,0.59459,0.72147,0.5259,0.68394
C2RCC,C2RCC_only,closure,Alexandrium_catenella,20,0.6167,0.72962,0.54135,0.71642
C2RCC,C2RCC_only,closure,Alexandrium_catenella,21,0.57872,0.69002,0.49817,0.69036
C2RCC,C2RCC_only,closure,Alexandrium_catenella,22,0.61785,0.73824,0.51527,0.77143
C2RCC,C2RCC_only,closure,Alexandrium_catenella,23,0.62099,0.714,0.54717,0.71782
C2RCC,C2RCC_only,closure,Alexandrium_catenella,24,0.58244,0.6631,0.50936,0.68
C2RCC,C2RCC_only,closure,Alexandrium_catenella,25,0.58581,0.70381,0.48669,0.73563
C2RCC,C2RCC_only,closure,Alexandrium_catenella,26,0.59556,0.68485,0.49084,0.75706
C2RCC,C2RCC_only,closure,Alexandrium_catenella,27,0.58952,0.69553,0.50562,0.70681
C2RCC,C2RCC_only,closure,Alexandrium_catenella,28,0.63425,0.71324,0.54945,0.75
C2RCC,C2RCC_only,closure,Alexandrium_catenella,29,0.66516,0.74481,0.56757,0.80328
C2RCC,C2RCC_only,closure,Alexandrium_catenella,30,0.5987,0.7014,0.51685,0.71134
C2RCC,C2RCC_only,closure,Alexandrium_catenella,31,0.58876,0.68664,0.50579,0.7043
C2RCC,C2RCC_only,closure,Alexandrium_catenella,32,0.58571,0.72732,0.48047,0.75
C2RCC,C2RCC_only,closure,Alexandrium_catenella,33,0.61927,0.71633,0.52734,0.75
C2RCC,C2RCC_only,closure,Alexandrium_catenella,34,0.62719,0.73982,0.51439,0.80337
C2RCC,C2RCC_only,closure,Alexandrium_catenella,35,0.61842,0.74054,0.51838,0.7663
C2RCC,C2RCC_only,closure,Alexandrium_catenella,36,0.55632,0.67945,0.44485,0.74233
C2RCC,C2RCC_only,closure,Alexandrium_catenella,37,0.61033,0.73422,0.51383,0.75145
C2RCC,C2RCC_only,closure,Alexandrium_catenella,38,0.62009,0.70054,0.55253,0.70647
C2RCC,C2RCC_only,closure,Alexandrium_catenella,39,0.639,0.69684,0.5969,0.6875
C2RCC,C2RCC_only,closure,Alexandrium_catenella,40,0.58145,0.65434,0.50655,0.68235
C2RCC,C2RCC_only,closure,Alexandrium_catenella,41,0.58442,0.67896,0.50943,0.68528
C2RCC,C2RCC_only,closure,Alexandrium_catenella,42,0.59472,0.69465,0.5082,0.71676
C2RCC,C2RCC_only,closure,Alexandrium_catenella,43,0.58643,0.70264,0.47687,0.76136
C2RCC,C2RCC_only,closure,Alexandrium_catenella,44,0.65306,0.74002,0.576,0.75393
C2RCC,C2RCC_only,closure,Alexandrium_catenella,45,0.58182,0.69755,0.49231,0.71111
C2RCC,C2RCC_only,closure,Alexandrium_catenella,46,0.60444,0.69529,0.5,0.76404
C2RCC,C2RCC_only,closure,Alexandrium_catenella,47,0.62169,0.70678,0.5443,0.72472
C2RCC,C2RCC_only,closure,Alexandrium_catenella,48,0.61607,0.70977,0.53696,0.72251
C2RCC,C2RCC_only,closure,Alexandrium_catenella,49,0.5978,0.68739,0.52308,0.69744
C2RCC,C2RCC_roms,closure,Alexandrium_catenella,0,0.65076,0.74785,0.58366,0.73529
C2RCC,C2RCC_roms,closure,Alexandrium_catenella,1,0.60538,0.71447,0.53785,0.69231
C2RCC,C2RCC_roms,closure,Alexandrium_catenella,2,0.64435,0.77313,0.55,0.77778
C2RCC,C2RCC_roms,closure,Alexandrium_catenella,3,0.68951,0.82155,0.58333,0.84293
C2RCC,C2RCC_roms,closure,Alexandrium_catenella,4,0.7163,0.80484,0.6426,0.80909
C2RCC,C2RCC_roms,closure,Alexandrium_catenella,5,0.70233,0.79142,0.61885,0.81183
C2RCC,C2RCC_roms,closure,Alexandrium_catenella,6,0.73563,0.81589,0.67227,0.81218
C2RCC,C2RCC_roms,closure,Alexandrium_catenella,7,0.6986,0.7773,0.63406,0.77778
C2RCC,C2RCC_roms,closure,Alexandrium_catenella,8,0.66126,0.78537,0.58214,0.76526
C2RCC,C2RCC_roms,closure,Alexandrium_catenella,9,0.65789,0.77014,0.57252,0.7732
C2RCC,C2RCC_roms,closure,Alexandrium_catenella,10,0.68644,0.76085,0.6378,0.74312
C2RCC,C2RCC_roms,closure,Alexandrium_catenella,11,0.70379,0.79067,0.64228,0.77833
C2RCC,C2RCC_roms,closure,Alexandrium_catenella,12,0.64459,0.76402,0.54478,0.78919
C2RCC,C2RCC_roms,closure,Alexandrium_catenella,13,0.68122,0.76714,0.58868,0.80829
C2RCC,C2RCC_roms,closure,Alexandrium_catenella,14,0.68866,0.81064,0.60072,0.80676
C2RCC,C2RCC_roms,closure,Alexandrium_catenella,15,0.6682,0.75622,0.59917,0.75521
C2RCC,C2RCC_roms,closure,Alexandrium_catenella,16,0.69978,0.77033,0.66942,0.73303
C2RCC,C2RCC_roms,closure,Alexandrium_catenella,17,0.67253,0.78482,0.57303,0.81383
C2RCC,C2RCC_roms,closure,Alexandrium_catenella,18,0.68313,0.75931,0.61029,0.7757
C2RCC,C2RCC_roms,closure,Alexandrium_catenella,19,0.68522,0.77057,0.63745,0.74074
C2RCC,C2RCC_roms,closure,Alexandrium_catenella,20,0.69748,0.79303,0.62406,0.79048
C2RCC,C2RCC_roms,closure,Alexandrium_catenella,21,0.67894,0.77956,0.60806,0.76852
C2RCC,C2RCC_roms,closure,Alexandrium_catenella,22,0.70282,0.78091,0.61832,0.81407
C2RCC,C2RCC_roms,closure,Alexandrium_catenella,23,0.67617,0.74772,0.62642,0.73451
C2RCC,C2RCC_roms,closure,Alexandrium_catenella,24,0.6694,0.75172,0.61049,0.74091
C2RCC,C2RCC_roms,closure,Alexandrium_catenella,25,0.67245,0.77831,0.58935,0.78283
C2RCC,C2RCC_roms,closure,Alexandrium_catenella,26,0.63203,0.73303,0.5348,0.77249
C2RCC,C2RCC_roms,closure,Alexandrium_catenella,27,0.64935,0.77218,0.5618,0.76923
C2RCC,C2RCC_roms,closure,Alexandrium_catenella,28,0.6875,0.75887,0.6044,0.7971
C2RCC,C2RCC_roms,closure,Alexandrium_catenella,29,0.71179,0.79434,0.62934,0.8191
C2RCC,C2RCC_roms,closure,Alexandrium_catenella,30,0.62232,0.72745,0.54307,0.72864
C2RCC,C2RCC_roms,closure,Alexandrium_catenella,31,0.67097,0.77178,0.60232,0.75728
C2RCC,C2RCC_roms,closure,Alexandrium_catenella,32,0.66216,0.78599,0.57422,0.78191
C2RCC,C2RCC_roms,closure,Alexandrium_catenella,33,0.69231,0.79266,0.59766,0.82258
C2RCC,C2RCC_roms,closure,Alexandrium_catenella,34,0.68511,0.7923,0.57914,0.83854
C2RCC,C2RCC_roms,closure,Alexandrium_catenella,35,0.69874,0.81245,0.61397,0.81068
C2RCC,C2RCC_roms,closure,Alexandrium_catenella,36,0.62069,0.71502,0.52941,0.75
C2RCC,C2RCC_roms,closure,Alexandrium_catenella,37,0.68456,0.78534,0.60474,0.78866
C2RCC,C2RCC_roms,closure,Alexandrium_catenella,38,0.66667,0.75403,0.607,0.73934
C2RCC,C2RCC_roms,closure,Alexandrium_catenella,39,0.69246,0.73722,0.65891,0.72961
C2RCC,C2RCC_roms,closure,Alexandrium_catenella,40,0.64977,0.72148,0.61572,0.6878
C2RCC,C2RCC_roms,closure,Alexandrium_catenella,41,0.65975,0.72659,0.6,0.73272
C2RCC,C2RCC_roms,closure,Alexandrium_catenella,42,0.662,0.75887,0.58197,0.76757
C2RCC,C2RCC_roms,closure,Alexandrium_catenella,43,0.66528,0.75931,0.5694,0.8
C2RCC,C2RCC_roms,closure,Alexandrium_catenella,44,0.70222,0.79003,0.632,0.79
C2RCC,C2RCC_roms,closure,Alexandrium_catenella,45,0.68534,0.78221,0.61154,0.77941
C2RCC,C2RCC_roms,closure,Alexandrium_catenella,46,0.64957,0.75643,0.55882,0.77551
C2RCC,C2RCC_roms,closure,Alexandrium_catenella,47,0.6729,0.75253,0.60759,0.75393
C2RCC,C2RCC_roms,closure,Alexandrium_catenella,48,0.7173,0.78325,0.66148,0.78341
C2RCC,C2RCC_roms,closure,Alexandrium_catenella,49,0.69345,0.75066,0.63077,0.76995
C2RCC,C2RCC_only,closure,Dinophysis_acuminata,0,0.71649,0.78494,0.71282,0.72021
C2RCC,C2RCC_only,closure,Dinophysis_acuminata,1,0.765,0.83511,0.73381,0.79896
C2RCC,C2RCC_only,closure,Dinophysis_acuminata,2,0.72751,0.76603,0.70455,0.75202
C2RCC,C2RCC_only,closure,Dinophysis_acuminata,3,0.7449,0.82391,0.73183,0.75844
C2RCC,C2RCC_only,closure,Dinophysis_acuminata,4,0.74556,0.82992,0.72414,0.76829
C2RCC,C2RCC_only,closure,Dinophysis_acuminata,5,0.73725,0.79502,0.71756,0.75806
C2RCC,C2RCC_only,closure,Dinophysis_acuminata,6,0.76332,0.81851,0.77,0.75676
C2RCC,C2RCC_only,closure,Dinophysis_acuminata,7,0.74584,0.81834,0.71854,0.77531
C2RCC,C2RCC_only,closure,Dinophysis_acuminata,8,0.72911,0.79214,0.72,0.73846
C2RCC,C2RCC_only,closure,Dinophysis_acuminata,9,0.74851,0.81232,0.72685,0.7715
C2RCC,C2RCC_only,closure,Dinophysis_acuminata,10,0.74306,0.82128,0.70861,0.78102
C2RCC,C2RCC_only,closure,Dinophysis_acuminata,11,0.7503,0.82117,0.73522,0.76601
C2RCC,C2RCC_only,closure,Dinophysis_acuminata,12,0.7314,0.82439,0.70905,0.75521
C2RCC,C2RCC_only,closure,Dinophysis_acuminata,13,0.74911,0.82336,0.7047,0.79949
C2RCC,C2RCC_only,closure,Dinophysis_acuminata,14,0.75924,0.82617,0.74314,0.77604
C2RCC,C2RCC_only,closure,Dinophysis_acuminata,15,0.74778,0.82117,0.71084,0.78877
C2RCC,C2RCC_only,closure,Dinophysis_acuminata,16,0.75393,0.82801,0.70936,0.80447
C2RCC,C2RCC_only,closure,Dinophysis_acuminata,17,0.7411,0.80981,0.72771,0.755
C2RCC,C2RCC_only,closure,Dinophysis_acuminata,18,0.73035,0.80077,0.71734,0.74384
C2RCC,C2RCC_only,closure,Dinophysis_acuminata,19,0.70909,0.79664,0.66748,0.75623
C2RCC,C2RCC_only,closure,Dinophysis_acuminata,20,0.75931,0.8229,0.74272,0.77665
C2RCC,C2RCC_only,closure,Dinophysis_acuminata,21,0.75184,0.8206,0.74453,0.75931
C2RCC,C2RCC_only,closure,Dinophysis_acuminata,22,0.75985,0.82501,0.75126,0.76864
C2RCC,C2RCC_only,closure,Dinophysis_acuminata,23,0.76866,0.83574,0.74279,0.79639
C2RCC,C2RCC_only,closure,Dinophysis_acuminata,24,0.74321,0.78921,0.73775,0.74876
C2RCC,C2RCC_only,closure,Dinophysis_acuminata,25,0.76121,0.84411,0.74762,0.77531
C2RCC,C2RCC_only,closure,Dinophysis_acuminata,26,0.73201,0.81067,0.69575,0.77225
C2RCC,C2RCC_only,closure,Dinophysis_acuminata,27,0.74021,0.7904,0.7239,0.75728
C2RCC,C2RCC_only,closure,Dinophysis_acuminata,28,0.73697,0.82053,0.70208,0.77551
C2RCC,C2RCC_only,closure,Dinophysis_acuminata,29,0.74372,0.79867,0.73815,0.74937
C2RCC,C2RCC_only,closure,Dinophysis_acuminata,30,0.71907,0.78779,0.70455,0.73421
C2RCC,C2RCC_only,closure,Dinophysis_acuminata,31,0.75248,0.8449,0.71028,0.8
C2RCC,C2RCC_only,closure,Dinophysis_acuminata,32,0.75443,0.82877,0.73399,0.77604
C2RCC,C2RCC_only,closure,Dinophysis_acuminata,33,0.74074,0.80844,0.70905,0.7754
C2RCC,C2RCC_only,closure,Dinophysis_acuminata,34,0.75158,0.81692,0.7358,0.76804
C2RCC,C2RCC_only,closure,Dinophysis_acuminata,35,0.73861,0.80557,0.72471,0.75306
C2RCC,C2RCC_only,closure,Dinophysis_acuminata,36,0.75772,0.8297,0.73333,0.78378
C2RCC,C2RCC_only,closure,Dinophysis_acuminata,37,0.73697,0.80254,0.72794,0.74623
C2RCC,C2RCC_only,closure,Dinophysis_acuminata,38,0.73711,0.80822,0.73804,0.73618
C2RCC,C2RCC_only,closure,Dinophysis_acuminata,39,0.78412,0.83136,0.77073,0.79798
C2RCC,C2RCC_only,closure,Dinophysis_acuminata,40,0.74501,0.81609,0.72706,0.76386
C2RCC,C2RCC_only,closure,Dinophysis_acuminata,41,0.73208,0.80882,0.7046,0.76178
C2RCC,C2RCC_only,closure,Dinophysis_acuminata,42,0.73935,0.8069,0.73566,0.74307
C2RCC,C2RCC_only,closure,Dinophysis_acuminata,43,0.73159,0.77873,0.71795,0.74576
C2RCC,C2RCC_only,closure,Dinophysis_acuminata,44,0.72678,0.78515,0.71429,0.73973
C2RCC,C2RCC_only,closure,Dinophysis_acuminata,45,0.73459,0.81904,0.68868,0.78706
C2RCC,C2RCC_only,closure,Dinophysis_acuminata,46,0.75277,0.82074,0.72,0.78866
C2RCC,C2RCC_only,closure,Dinophysis_acuminata,47,0.75394,0.8231,0.72158,0.78934
C2RCC,C2RCC_only,closure,Dinophysis_acuminata,48,0.7606,0.83187,0.72104,0.80475
C2RCC,C2RCC_only,closure,Dinophysis_acuminata,49,0.72773,0.81572,0.70048,0.75718
C2RCC,C2RCC_roms,closure,Dinophysis_acuminata,0,0.77301,0.8315,0.80769,0.74118
C2RCC,C2RCC_roms,closure,Dinophysis_acuminata,1,0.7846,0.85851,0.78177,0.78744
C2RCC,C2RCC_roms,closure,Dinophysis_acuminata,2,0.75743,0.79285,0.77273,0.74272
C2RCC,C2RCC_roms,closure,Dinophysis_acuminata,3,0.7767,0.85902,0.80201,0.75294
C2RCC,C2RCC_roms,closure,Dinophysis_acuminata,4,0.79545,0.86882,0.8046,0.78652
C2RCC,C2RCC_roms,closure,Dinophysis_acuminata,5,0.79745,0.84114,0.79644,0.79847
C2RCC,C2RCC_roms,closure,Dinophysis_acuminata,6,0.79335,0.83525,0.835,0.75566
C2RCC,C2RCC_roms,closure,Dinophysis_acuminata,7,0.80491,0.85872,0.82609,0.78478
C2RCC,C2RCC_roms,closure,Dinophysis_acuminata,8,0.78744,0.8409,0.815,0.76168
C2RCC,C2RCC_roms,closure,Dinophysis_acuminata,9,0.79863,0.8633,0.8125,0.78523
C2RCC,C2RCC_roms,closure,Dinophysis_acuminata,10,0.78924,0.86369,0.77704,0.80182
C2RCC,C2RCC_roms,closure,Dinophysis_acuminata,11,0.7844,0.85749,0.80851,0.76169
C2RCC,C2RCC_roms,closure,Dinophysis_acuminata,12,0.78502,0.8405,0.79462,0.77566
C2RCC,C2RCC_roms,closure,Dinophysis_acuminata,13,0.79007,0.86947,0.783,0.79727
C2RCC,C2RCC_roms,closure,Dinophysis_acuminata,14,0.80048,0.85026,0.82544,0.777
C2RCC,C2RCC_roms,closure,Dinophysis_acuminata,15,0.78765,0.85073,0.76867,0.80759
C2RCC,C2RCC_roms,closure,Dinophysis_acuminata,16,0.80494,0.85458,0.80296,0.80693
C2RCC,C2RCC_roms,closure,Dinophysis_acuminata,17,0.80376,0.85302,0.8241,0.7844
C2RCC,C2RCC_roms,closure,Dinophysis_acuminata,18,0.7883,0.83688,0.80048,0.7765
C2RCC,C2RCC_roms,closure,Dinophysis_acuminata,19,0.76449,0.844,0.75795,0.77114
C2RCC,C2RCC_roms,closure,Dinophysis_acuminata,20,0.82002,0.86114,0.83495,0.80562
C2RCC,C2RCC_roms,closure,Dinophysis_acuminata,21,0.77633,0.83592,0.79805,0.75576
C2RCC,C2RCC_roms,closure,Dinophysis_acuminata,22,0.81455,0.86851,0.84422,0.78689
C2RCC,C2RCC_roms,closure,Dinophysis_acuminata,23,0.80519,0.87223,0.81971,0.79118
C2RCC,C2RCC_roms,closure,Dinophysis_acuminata,24,0.79201,0.83092,0.82598,0.76072
C2RCC,C2RCC_roms,closure,Dinophysis_acuminata,25,0.806,0.86032,0.83095,0.78251
C2RCC,C2RCC_roms,closure,Dinophysis_acuminata,26,0.79532,0.85107,0.80189,0.78886
C2RCC,C2RCC_roms,closure,Dinophysis_acuminata,27,0.78984,0.83703,0.7935,0.78621
C2RCC,C2RCC_roms,closure,Dinophysis_acuminata,28,0.79502,0.85417,0.81062,0.78
C2RCC,C2RCC_roms,closure,Dinophysis_acuminata,29,0.77791,0.82226,0.80798,0.75
C2RCC,C2RCC_roms,closure,Dinophysis_acuminata,30,0.76733,0.82928,0.78283,0.75243
C2RCC,C2RCC_roms,closure,Dinophysis_acuminata,31,0.8291,0.88865,0.83879,0.81963
C2RCC,C2RCC_roms,closure,Dinophysis_acuminata,32,0.78935,0.86481,0.80296,0.77619
C2RCC,C2RCC_roms,closure,Dinophysis_acuminata,33,0.80446,0.85233,0.79462,0.81454
C2RCC,C2RCC_roms,closure,Dinophysis_acuminata,34,0.76775,0.83522,0.78765,0.74883
C2RCC,C2RCC_roms,closure,Dinophysis_acuminata,35,0.79585,0.8384,0.81176,0.78054
C2RCC,C2RCC_roms,closure,Dinophysis_acuminata,36,0.79814,0.84912,0.7908,0.80562
C2RCC,C2RCC_roms,closure,Dinophysis_acuminata,37,0.7783,0.82589,0.80882,0.75
C2RCC,C2RCC_roms,closure,Dinophysis_acuminata,38,0.79024,0.84087,0.81612,0.76596
C2RCC,C2RCC_roms,closure,Dinophysis_acuminata,39,0.83516,0.887,0.83415,0.83619
C2RCC,C2RCC_roms,closure,Dinophysis_acuminata,40,0.79186,0.84682,0.80275,0.78125
C2RCC,C2RCC_roms,closure,Dinophysis_acuminata,41,0.78445,0.84047,0.8063,0.76376
C2RCC,C2RCC_roms,closure,Dinophysis_acuminata,42,0.78475,0.83794,0.79551,0.77427
C2RCC,C2RCC_roms,closure,Dinophysis_acuminata,43,0.79279,0.82221,0.82051,0.76688
C2RCC,C2RCC_roms,closure,Dinophysis_acuminata,44,0.77083,0.81885,0.78307,0.75897
C2RCC,C2RCC_roms,closure,Dinophysis_acuminata,45,0.79858,0.84043,0.79481,0.80238
C2RCC,C2RCC_roms,closure,Dinophysis_acuminata,46,0.79015,0.85528,0.79294,0.78738
C2RCC,C2RCC_roms,closure,Dinophysis_acuminata,47,0.80139,0.85063,0.8051,0.7977
C2RCC,C2RCC_roms,closure,Dinophysis_acuminata,48,0.8103,0.8692,0.81797,0.80278
C2RCC,C2RCC_roms,closure,Dinophysis_acuminata,49,0.77443,0.83541,0.77536,0.77349
C2RCC,C2RCC_only,closure,Dinophysis_norvegica,0,0.30986,0.34832,0.22917,0.47826
C2RCC,C2RCC_only,closure,Dinophysis_norvegica,1,0.27397,0.33833,0.18868,0.5
C2RCC,C2RCC_only,closure,Dinophysis_norvegica,2,0.35443,0.43377,0.25926,0.56
C2RCC,C2RCC_only,closure,Dinophysis_norvegica,3,0.33803,0.43763,0.23529,0.6
C2RCC,C2RCC_only,closure,Dinophysis_norvegica,4,0.30769,0.30301,0.22642,0.48
C2RCC,C2RCC_only,closure,Dinophysis_norvegica,5,0.37143,0.38279,0.24528,0.76471
C2RCC,C2RCC_only,closure,Dinophysis_norvegica,6,0.37838,0.40227,0.29167,0.53846
C2RCC,C2RCC_only,closure,Dinophysis_norvegica,7,0.47727,0.5385,0.35,0.75
C2RCC,C2RCC_only,closure,Dinophysis_norvegica,8,0.39474,0.35826,0.29412,0.6
C2RCC,C2RCC_only,closure,Dinophysis_norvegica,9,0.34091,0.40636,0.26786,0.46875
C2RCC,C2RCC_only,closure,Dinophysis_norvegica,10,0.38806,0.43298,0.2766,0.65
C2RCC,C2RCC_only,closure,Dinophysis_norvegica,11,0.40625,0.45077,0.30233,0.61905
C2RCC,C2RCC_only,closure,Dinophysis_norvegica,12,0.38356,0.46781,0.26415,0.7
C2RCC,C2RCC_only,closure,Dinophysis_norvegica,13,0.27273,0.29676,0.19565,0.45
C2RCC,C2RCC_only,closure,Dinophysis_norvegica,14,0.48649,0.46768,0.36735,0.72
C2RCC,C2RCC_only,closure,Dinophysis_norvegica,15,0.32353,0.39948,0.20755,0.73333
C2RCC,C2RCC_only,closure,Dinophysis_norvegica,16,0.22535,0.27715,0.16667,0.34783
C2RCC,C2RCC_only,closure,Dinophysis_norvegica,17,0.36364,0.36607,0.24,0.75
C2RCC,C2RCC_only,closure,Dinophysis_norvegica,18,0.27273,0.30288,0.19149,0.47368
C2RCC,C2RCC_only,closure,Dinophysis_norvegica,19,0.30769,0.33019,0.2,0.66667
C2RCC,C2RCC_only,closure,Dinophysis_norvegica,20,0.4058,0.36887,0.30435,0.6087
C2RCC,C2RCC_only,closure,Dinophysis_norvegica,21,0.2716,0.34351,0.1746,0.61111
C2RCC,C2RCC_only,closure,Dinophysis_norvegica,22,0.35897,0.42976,0.25,0.63636
C2RCC,C2RCC_only,closure,Dinophysis_norvegica,23,0.325,0.34611,0.24074,0.5
C2RCC,C2RCC_only,closure,Dinophysis_norvegica,24,0.25,0.29777,0.18519,0.38462
C2RCC,C2RCC_only,closure,Dinophysis_norvegica,25,0.38356,0.33317,0.30435,0.51852
C2RCC,C2RCC_only,closure,Dinophysis_norvegica,26,0.22857,0.30807,0.16327,0.38095
C2RCC,C2RCC_only,closure,Dinophysis_norvegica,27,0.3038,0.35035,0.21818,0.5
C2RCC,C2RCC_only,closure,Dinophysis_norvegica,28,0.41096,0.42072,0.29412,0.68182
C2RCC,C2RCC_only,closure,Dinophysis_norvegica,29,0.39474,0.45335,0.29412,0.6
C2RCC,C2RCC_only,closure,Dinophysis_norvegica,30,0.36585,0.35744,0.25862,0.625
C2RCC,C2RCC_only,closure,Dinophysis_norvegica,31,0.27778,0.2637,0.22222,0.37037
C2RCC,C2RCC_only,closure,Dinophysis_norvegica,32,0.35821,0.36318,0.26087,0.57143
C2RCC,C2RCC_only,closure,Dinophysis_norvegica,33,0.33846,0.34992,0.22917,0.64706
C2RCC,C2RCC_only,closure,Dinophysis_norvegica,34,0.32877,0.38508,0.23077,0.57143
C2RCC,C2RCC_only,closure,Dinophysis_norvegica,35,0.35484,0.45423,0.24444,0.64706
C2RCC,C2RCC_only,closure,Dinophysis_norvegica,36,0.28235,0.29184,0.22222,0.3871
C2RCC,C2RCC_only,closure,Dinophysis_norvegica,37,0.41558,0.45531,0.29091,0.72727
C2RCC,C2RCC_only,closure,Dinophysis_norvegica,38,0.37681,0.37347,0.2766,0.59091
C2RCC,C2RCC_only,closure,Dinophysis_norvegica,39,0.37975,0.40293,0.25862,0.71429
C2RCC,C2RCC_only,closure,Dinophysis_norvegica,40,0.38806,0.37213,0.26531,0.72222
C2RCC,C2RCC_only,closure,Dinophysis_norvegica,41,0.39506,0.35058,0.2807,0.66667
C2RCC,C2RCC_only,closure,Dinophysis_norvegica,42,0.42254,0.37428,0.32609,0.6
C2RCC,C2RCC_only,closure,Dinophysis_norvegica,43,0.36145,0.37021,0.29412,0.46875
C2RCC,C2RCC_only,closure,Dinophysis_norvegica,44,0.27027,0.34918,0.18519,0.5
C2RCC,C2RCC_only,closure,Dinophysis_norvegica,45,0.43836,0.38498,0.32653,0.66667
C2RCC,C2RCC_only,closure,Dinophysis_norvegica,46,0.51429,0.48415,0.3913,0.75
C2RCC,C2RCC_only,closure,Dinophysis_norvegica,47,0.37975,0.41793,0.28846,0.55556
C2RCC,C2RCC_only,closure,Dinophysis_norvegica,48,0.26471,0.42774,0.17308,0.5625
C2RCC,C2RCC_only,closure,Dinophysis_norvegica,49,0.2973,0.34029,0.20755,0.52381
C2RCC,C2RCC_roms,closure,Dinophysis_norvegica,0,0.32836,0.35914,0.22917,0.57895
C2RCC,C2RCC_roms,closure,Dinophysis_norvegica,1,0.23881,0.38723,0.15094,0.57143
C2RCC,C2RCC_roms,closure,Dinophysis_norvegica,2,0.34783,0.50018,0.22222,0.8
C2RCC,C2RCC_roms,closure,Dinophysis_norvegica,3,0.42254,0.52838,0.29412,0.75
C2RCC,C2RCC_roms,closure,Dinophysis_norvegica,4,0.28986,0.32326,0.18868,0.625
C2RCC,C2RCC_roms,closure,Dinophysis_norvegica,5,0.35294,0.49031,0.22642,0.8
C2RCC,C2RCC_roms,closure,Dinophysis_norvegica,6,0.32258,0.46537,0.20833,0.71429
C2RCC,C2RCC_roms,closure,Dinophysis_norvegica,7,0.37333,0.60258,0.23333,0.93333
C2RCC,C2RCC_roms,closure,Dinophysis_norvegica,8,0.26471,0.34465,0.17647,0.52941
C2RCC,C2RCC_roms,closure,Dinophysis_norvegica,9,0.32911,0.42735,0.23214,0.56522
C2RCC,C2RCC_roms,closure,Dinophysis_norvegica,10,0.40625,0.50619,0.2766,0.76471
C2RCC,C2RCC_roms,closure,Dinophysis_norvegica,11,0.35714,0.47516,0.23256,0.76923
C2RCC,C2RCC_roms,closure,Dinophysis_norvegica,12,0.36364,0.53687,0.22642,0.92308
C2RCC,C2RCC_roms,closure,Dinophysis_norvegica,13,0.25806,0.35231,0.17391,0.5
C2RCC,C2RCC_roms,closure,Dinophysis_norvegica,14,0.38235,0.46791,0.26531,0.68421
C2RCC,C2RCC_roms,closure,Dinophysis_norvegica,15,0.24615,0.41953,0.15094,0.66667
C2RCC,C2RCC_roms,closure,Dinophysis_norvegica,16,0.36364,0.39085,0.25,0.66667
C2RCC,C2RCC_roms,closure,Dinophysis_norvegica,17,0.22222,0.35538,0.14,0.53846
C2RCC,C2RCC_roms,closure,Dinophysis_norvegica,18,0.24138,0.37476,0.14894,0.63636
C2RCC,C2RCC_roms,closure,Dinophysis_norvegica,19,0.32258,0.34855,0.2,0.83333
C2RCC,C2RCC_roms,closure,Dinophysis_norvegica,20,0.32258,0.32625,0.21739,0.625
C2RCC,C2RCC_roms,closure,Dinophysis_norvegica,21,0.28571,0.38064,0.1746,0.78571
C2RCC,C2RCC_roms,closure,Dinophysis_norvegica,22,0.23881,0.46658,0.14286,0.72727
C2RCC,C2RCC_roms,closure,Dinophysis_norvegica,23,0.23881,0.3609,0.14815,0.61538
C2RCC,C2RCC_roms,closure,Dinophysis_norvegica,24,0.20896,0.36204,0.12963,0.53846
C2RCC,C2RCC_roms,closure,Dinophysis_norvegica,25,0.3,0.33504,0.19565,0.64286
C2RCC,C2RCC_roms,closure,Dinophysis_norvegica,26,0.29508,0.38523,0.18367,0.75
C2RCC,C2RCC_roms,closure,Dinophysis_norvegica,27,0.33333,0.35974,0.21818,0.70588
C2RCC,C2RCC_roms,closure,Dinophysis_norvegica,28,0.4,0.49658,0.2549,0.92857
C2RCC,C2RCC_roms,closure,Dinophysis_norvegica,29,0.32353,0.41742,0.21569,0.64706
C2RCC,C2RCC_roms,closure,Dinophysis_norvegica,30,0.31579,0.4285,0.2069,0.66667
C2RCC,C2RCC_roms,closure,Dinophysis_norvegica,31,0.2623,0.33768,0.17778,0.5
C2RCC,C2RCC_roms,closure,Dinophysis_norvegica,32,0.35484,0.41099,0.23913,0.6875
C2RCC,C2RCC_roms,closure,Dinophysis_norvegica,33,0.30508,0.45645,0.1875,0.81818
C2RCC,C2RCC_roms,closure,Dinophysis_norvegica,34,0.21212,0.38628,0.13462,0.5
C2RCC,C2RCC_roms,closure,Dinophysis_norvegica,35,0.2807,0.43255,0.17778,0.66667
C2RCC,C2RCC_roms,closure,Dinophysis_norvegica,36,0.19178,0.33572,0.12963,0.36842
C2RCC,C2RCC_roms,closure,Dinophysis_norvegica,37,0.34286,0.44609,0.21818,0.8
C2RCC,C2RCC_roms,closure,Dinophysis_norvegica,38,0.29032,0.36813,0.19149,0.6
C2RCC,C2RCC_roms,closure,Dinophysis_norvegica,39,0.25714,0.46585,0.15517,0.75
C2RCC,C2RCC_roms,closure,Dinophysis_norvegica,40,0.25806,0.36748,0.16327,0.61538
C2RCC,C2RCC_roms,closure,Dinophysis_norvegica,41,0.32877,0.42331,0.21053,0.75
C2RCC,C2RCC_roms,closure,Dinophysis_norvegica,42,0.33333,0.4164,0.21739,0.71429
C2RCC,C2RCC_roms,closure,Dinophysis_norvegica,43,0.32432,0.33082,0.23529,0.52174
C2RCC,C2RCC_roms,closure,Dinophysis_norvegica,44,0.26087,0.39832,0.16667,0.6
C2RCC,C2RCC_roms,closure,Dinophysis_norvegica,45,0.25397,0.30896,0.16327,0.57143
C2RCC,C2RCC_roms,closure,Dinophysis_norvegica,46,0.3,0.48558,0.19565,0.64286
C2RCC,C2RCC_roms,closure,Dinophysis_norvegica,47,0.32836,0.46574,0.21154,0.73333
C2RCC,C2RCC_roms,closure,Dinophysis_norvegica,48,0.32258,0.51501,0.19231,1.0
C2RCC,C2RCC_roms,closure,Dinophysis_norvegica,49,0.31429,0.35812,0.20755,0.64706
C2RCC,C2RCC_only,closure,Karenia,0,0.76735,0.81871,0.84305,0.70412
C2RCC,C2RCC_only,closure,Karenia,1,0.81121,0.87399,0.84436,0.78058
C2RCC,C2RCC_only,closure,Karenia,2,0.78165,0.84197,0.82239,0.74476
C2RCC,C2RCC_only,closure,Karenia,3,0.7874,0.83592,0.82305,0.75472
C2RCC,C2RCC_only,closure,Karenia,4,0.78981,0.85268,0.84163,0.744
C2RCC,C2RCC_only,closure,Karenia,5,0.80734,0.87157,0.87302,0.75085
C2RCC,C2RCC_only,closure,Karenia,6,0.80312,0.86414,0.8766,0.74101
C2RCC,C2RCC_only,closure,Karenia,7,0.77477,0.83721,0.83092,0.72574
C2RCC,C2RCC_only,closure,Karenia,8,0.82422,0.86321,0.89407,0.76449
C2RCC,C2RCC_only,closure,Karenia,9,0.79487,0.86929,0.88211,0.72333
C2RCC,C2RCC_only,closure,Karenia,10,0.78728,0.85448,0.81481,0.76154
C2RCC,C2RCC_only,closure,Karenia,11,0.79261,0.8725,0.85778,0.73664
C2RCC,C2RCC_only,closure,Karenia,12,0.81214,0.86849,0.87347,0.75887
C2RCC,C2RCC_only,closure,Karenia,13,0.78895,0.86209,0.86957,0.72202
C2RCC,C2RCC_only,closure,Karenia,14,0.79297,0.87538,0.82186,0.76604
C2RCC,C2RCC_only,closure,Karenia,15,0.78764,0.86648,0.82591,0.75277
C2RCC,C2RCC_only,closure,Karenia,16,0.80989,0.85903,0.86939,0.75801
C2RCC,C2RCC_only,closure,Karenia,17,0.76892,0.83904,0.84279,0.70696
C2RCC,C2RCC_only,closure,Karenia,18,0.80226,0.86455,0.84861,0.76071
C2RCC,C2RCC_only,closure,Karenia,19,0.80524,0.87573,0.87045,0.74913
C2RCC,C2RCC_only,closure,Karenia,20,0.80714,0.86963,0.82784,0.78746
C2RCC,C2RCC_only,closure,Karenia,21,0.7955,0.85249,0.848,0.74912
C2RCC,C2RCC_only,closure,Karenia,22,0.77255,0.84568,0.83122,0.72161
C2RCC,C2RCC_only,closure,Karenia,23,0.81974,0.87768,0.86425,0.77959
C2RCC,C2RCC_only,closure,Karenia,24,0.80226,0.85895,0.85542,0.75532
C2RCC,C2RCC_only,closure,Karenia,25,0.79167,0.83749,0.87815,0.72069
C2RCC,C2RCC_only,closure,Karenia,26,0.79323,0.84259,0.83071,0.75899
C2RCC,C2RCC_only,closure,Karenia,27,0.76538,0.81996,0.82573,0.71326
C2RCC,C2RCC_only,closure,Karenia,28,0.78544,0.82239,0.87234,0.71429
C2RCC,C2RCC_only,closure,Karenia,29,0.82946,0.89187,0.85944,0.8015
C2RCC,C2RCC_only,closure,Karenia,30,0.81165,0.8929,0.86008,0.76838
C2RCC,C2RCC_only,closure,Karenia,31,0.81579,0.87065,0.85433,0.78058
C2RCC,C2RCC_only,closure,Karenia,32,0.78639,0.85515,0.85597,0.72727
C2RCC,C2RCC_only,closure,Karenia,33,0.80447,0.87022,0.85375,0.76056
C2RCC,C2RCC_only,closure,Karenia,34,0.81041,0.86962,0.86166,0.76491
C2RCC,C2RCC_only,closure,Karenia,35,0.80309,0.85975,0.832,0.77612
C2RCC,C2RCC_only,closure,Karenia,36,0.77778,0.86465,0.84848,0.71795
C2RCC,C2RCC_only,closure,Karenia,37,0.79008,0.85768,0.80859,0.77239
C2RCC,C2RCC_only,closure,Karenia,38,0.78752,0.84561,0.83471,0.74539
C2RCC,C2RCC_only,closure,Karenia,39,0.83235,0.88804,0.85772,0.80843
C2RCC,C2RCC_only,closure,Karenia,40,0.78884,0.82487,0.87611,0.71739
C2RCC,C2RCC_only,closure,Karenia,41,0.80943,0.86568,0.88034,0.74909
C2RCC,C2RCC_only,closure,Karenia,42,0.79849,0.85713,0.84462,0.75714
C2RCC,C2RCC_only,closure,Karenia,43,0.82716,0.88979,0.90541,0.76136
C2RCC,C2RCC_only,closure,Karenia,44,0.80439,0.85509,0.88,0.74074
C2RCC,C2RCC_only,closure,Karenia,45,0.77155,0.83304,0.83256,0.71888
C2RCC,C2RCC_only,closure,Karenia,46,0.80891,0.84122,0.88618,0.74403
C2RCC,C2RCC_only,closure,Karenia,47,0.81937,0.88187,0.8871,0.76125
C2RCC,C2RCC_only,closure,Karenia,48,0.80074,0.85789,0.86345,0.74653
C2RCC,C2RCC_only,closure,Karenia,49,0.78439,0.85956,0.79916,0.77016
C2RCC,C2RCC_roms,closure,Karenia,0,0.78884,0.83357,0.88789,0.70968
C2RCC,C2RCC_roms,closure,Karenia,1,0.83243,0.88469,0.89883,0.77517
C2RCC,C2RCC_roms,closure,Karenia,2,0.81625,0.85219,0.89189,0.75244
C2RCC,C2RCC_roms,closure,Karenia,3,0.83176,0.85107,0.90535,0.76923
C2RCC,C2RCC_roms,closure,Karenia,4,0.80738,0.8624,0.8914,0.73783
C2RCC,C2RCC_roms,closure,Karenia,5,0.83039,0.8822,0.93254,0.74841
C2RCC,C2RCC_roms,closure,Karenia,6,0.83077,0.87599,0.91915,0.75789
C2RCC,C2RCC_roms,closure,Karenia,7,0.80349,0.85741,0.88889,0.73307
C2RCC,C2RCC_roms,closure,Karenia,8,0.82759,0.88052,0.91525,0.75524
C2RCC,C2RCC_roms,closure,Karenia,9,0.81159,0.87488,0.91057,0.73203
C2RCC,C2RCC_roms,closure,Karenia,10,0.82955,0.86881,0.90123,0.76842
C2RCC,C2RCC_roms,closure,Karenia,11,0.81377,0.88161,0.89333,0.74721
C2RCC,C2RCC_roms,closure,Karenia,12,0.83488,0.87856,0.91837,0.76531
C2RCC,C2RCC_roms,closure,Karenia,13,0.81453,0.87132,0.92609,0.72696
C2RCC,C2RCC_roms,closure,Karenia,14,0.82798,0.8861,0.88664,0.7766
C2RCC,C2RCC_roms,closure,Karenia,15,0.80151,0.88087,0.8583,0.75177
C2RCC,C2RCC_roms,closure,Karenia,16,0.82657,0.87946,0.91429,0.75421
C2RCC,C2RCC_roms,closure,Karenia,17,0.79845,0.85037,0.89956,0.71777
C2RCC,C2RCC_roms,closure,Karenia,18,0.83636,0.88331,0.91633,0.76923
C2RCC,C2RCC_roms,closure,Karenia,19,0.83395,0.88585,0.91498,0.7661
C2RCC,C2RCC_roms,closure,Karenia,20,0.84337,0.87836,0.89744,0.79545
C2RCC,C2RCC_roms,closure,Karenia,21,0.80961,0.86958,0.876,0.75258
C2RCC,C2RCC_roms,closure,Karenia,22,0.79693,0.86441,0.87764,0.72982
C2RCC,C2RCC_roms,closure,Karenia,23,0.83051,0.89242,0.88688,0.78088
C2RCC,C2RCC_roms,closure,Karenia,24,0.81768,0.86788,0.89157,0.7551
C2RCC,C2RCC_roms,closure,Karenia,25,0.81618,0.84879,0.93277,0.72549
C2RCC,C2RCC_roms,closure,Karenia,26,0.81919,0.84787,0.87402,0.77083
C2RCC,C2RCC_roms,closure,Karenia,27,0.79702,0.8399,0.88797,0.72297
C2RCC,C2RCC_roms,closure,Karenia,28,0.80524,0.83076,0.91489,0.71906
C2RCC,C2RCC_roms,closure,Karenia,29,0.85227,0.90282,0.90361,0.80645
C2RCC,C2RCC_roms,closure,Karenia,30,0.83748,0.90537,0.90123,0.78214
C2RCC,C2RCC_roms,closure,Karenia,31,0.83209,0.88697,0.87795,0.79078
C2RCC,C2RCC_roms,closure,Karenia,32,0.80675,0.86525,0.88477,0.74138
C2RCC,C2RCC_roms,closure,Karenia,33,0.82971,0.8878,0.90514,0.76589
C2RCC,C2RCC_roms,closure,Karenia,34,0.84211,0.87739,0.917,0.77852
C2RCC,C2RCC_roms,closure,Karenia,35,0.84015,0.87144,0.904,0.78472
C2RCC,C2RCC_roms,closure,Karenia,36,0.80539,0.88307,0.90476,0.72569
C2RCC,C2RCC_roms,closure,Karenia,37,0.82505,0.86263,0.875,0.78049
C2RCC,C2RCC_roms,closure,Karenia,38,0.81905,0.85911,0.88843,0.75972
C2RCC,C2RCC_roms,closure,Karenia,39,0.85277,0.89864,0.9065,0.80505
C2RCC,C2RCC_roms,closure,Karenia,40,0.80078,0.8266,0.90708,0.71678
C2RCC,C2RCC_roms,closure,Karenia,41,0.81766,0.87471,0.91026,0.74216
C2RCC,C2RCC_roms,closure,Karenia,42,0.82936,0.87007,0.9004,0.76871
C2RCC,C2RCC_roms,closure,Karenia,43,0.83871,0.89776,0.93694,0.75912
C2RCC,C2RCC_roms,closure,Karenia,44,0.82771,0.84943,0.932,0.74441
C2RCC,C2RCC_roms,closure,Karenia,45,0.79332,0.84408,0.88372,0.7197
C2RCC,C2RCC_roms,closure,Karenia,46,0.82696,0.86205,0.92276,0.74917
C2RCC,C2RCC_roms,closure,Karenia,47,0.83303,0.88904,0.91532,0.76431
C2RCC,C2RCC_roms,closure,Karenia,48,0.82883,0.86802,0.92369,0.75163
C2RCC,C2RCC_roms,closure,Karenia,49,0.81349,0.86535,0.85774,0.77358
C2RCC,C2RCC_only,closure,Pseudo-nitzschia,0,0.5,0.60734,0.35897,0.82353
C2RCC,C2RCC_only,closure,Pseudo-nitzschia,1,0.56604,0.60363,0.43478,0.81081
C2RCC,C2RCC_only,closure,Pseudo-nitzschia,2,0.49541,0.55982,0.38571,0.69231
C2RCC,C2RCC_only,closure,Pseudo-nitzschia,3,0.5082,0.62786,0.38272,0.7561
C2RCC,C2RCC_only,closure,Pseudo-nitzschia,4,0.5,0.54374,0.38333,0.71875
C2RCC,C2RCC_only,closure,Pseudo-nitzschia,5,0.55856,0.56032,0.45588,0.72093
C2RCC,C2RCC_only,closure,Pseudo-nitzschia,6,0.60417,0.53941,0.50877,0.74359
C2RCC,C2RCC_only,closure,Pseudo-nitzschia,7,0.58394,0.58629,0.47619,0.75472
C2RCC,C2RCC_only,closure,Pseudo-nitzschia,8,0.55,0.59717,0.43421,0.75
C2RCC,C2RCC_only,closure,Pseudo-nitzschia,9,0.5102,0.53178,0.40984,0.67568
C2RCC,C2RCC_only,closure,Pseudo-nitzschia,10,0.56311,0.63239,0.42647,0.82857
C2RCC,C2RCC_only,closure,Pseudo-nitzschia,11,0.57143,0.62548,0.43836,0.82051
C2RCC,C2RCC_only,closure,Pseudo-nitzschia,12,0.44231,0.58624,0.2987,0.85185
C2RCC,C2RCC_only,closure,Pseudo-nitzschia,13,0.50505,0.61589,0.37313,0.78125
C2RCC,C2RCC_only,closure,Pseudo-nitzschia,14,0.48696,0.52012,0.37838,0.68293
C2RCC,C2RCC_only,closure,Pseudo-nitzschia,15,0.48214,0.54929,0.36486,0.71053
C2RCC,C2RCC_only,closure,Pseudo-nitzschia,16,0.42857,0.56835,0.31818,0.65625
C2RCC,C2RCC_only,closure,Pseudo-nitzschia,17,0.54206,0.63559,0.42029,0.76316
C2RCC,C2RCC_only,closure,Pseudo-nitzschia,18,0.39623,0.447,0.29167,0.61765
C2RCC,C2RCC_only,closure,Pseudo-nitzschia,19,0.48649,0.59309,0.38028,0.675
C2RCC,C2RCC_only,closure,Pseudo-nitzschia,20,0.42373,0.57527,0.30864,0.67568
C2RCC,C2RCC_only,closure,Pseudo-nitzschia,21,0.56881,0.58647,0.44286,0.79487
C2RCC,C2RCC_only,closure,Pseudo-nitzschia,22,0.59259,0.64665,0.48193,0.76923
C2RCC,C2RCC_only,closure,Pseudo-nitzschia,23,0.47541,0.61317,0.33721,0.80556
C2RCC,C2RCC_only,closure,Pseudo-nitzschia,24,0.5098,0.63442,0.37681,0.78788
C2RCC,C2RCC_only,closure,Pseudo-nitzschia,25,0.49587,0.57763,0.37975,0.71429
C2RCC,C2RCC_only,closure,Pseudo-nitzschia,26,0.44231,0.53051,0.34848,0.60526
C2RCC,C2RCC_only,closure,Pseudo-nitzschia,27,0.59843,0.56117,0.48718,0.77551
C2RCC,C2RCC_only,closure,Pseudo-nitzschia,28,0.4375,0.51179,0.32308,0.67742
C2RCC,C2RCC_only,closure,Pseudo-nitzschia,29,0.62595,0.68495,0.5,0.83673
C2RCC,C2RCC_only,closure,Pseudo-nitzschia,30,0.56716,0.73151,0.41304,0.90476
C2RCC,C2RCC_only,closure,Pseudo-nitzschia,31,0.42478,0.4966,0.31169,0.66667
C2RCC,C2RCC_only,closure,Pseudo-nitzschia,32,0.55652,0.57823,0.44444,0.74419
C2RCC,C2RCC_only,closure,Pseudo-nitzschia,33,0.57143,0.64467,0.45714,0.7619
C2RCC,C2RCC_only,closure,Pseudo-nitzschia,34,0.44037,0.46597,0.33333,0.64865
C2RCC,C2RCC_only,closure,Pseudo-nitzschia,35,0.51923,0.58456,0.40909,0.71053
C2RCC,C2RCC_only,closure,Pseudo-nitzschia,36,0.51667,0.69935,0.39241,0.7561
C2RCC,C2RCC_only,closure,Pseudo-nitzschia,37,0.4918,0.63557,0.37037,0.73171
C2RCC,C2RCC_only,closure,Pseudo-nitzschia,38,0.5042,0.57798,0.37975,0.75
C2RCC,C2RCC_only,closure,Pseudo-nitzschia,39,0.59722,0.57268,0.5119,0.71667
C2RCC,C2RCC_only,closure,Pseudo-nitzschia,40,0.56198,0.62471,0.44156,0.77273
C2RCC,C2RCC_only,closure,Pseudo-nitzschia,41,0.49091,0.56922,0.36986,0.72973
C2RCC,C2RCC_only,closure,Pseudo-nitzschia,42,0.5042,0.63112,0.38462,0.73171
C2RCC,C2RCC_only,closure,Pseudo-nitzschia,43,0.49057,0.57508,0.37143,0.72222
C2RCC,C2RCC_only,closure,Pseudo-nitzschia,44,0.53097,0.54488,0.41096,0.75
C2RCC,C2RCC_only,closure,Pseudo-nitzschia,45,0.53097,0.579,0.40541,0.76923
C2RCC,C2RCC_only,closure,Pseudo-nitzschia,46,0.43243,0.50936,0.32432,0.64865
C2RCC,C2RCC_only,closure,Pseudo-nitzschia,47,0.47222,0.62184,0.34343,0.75556
C2RCC,C2RCC_only,closure,Pseudo-nitzschia,48,0.54688,0.57712,0.42683,0.76087
C2RCC,C2RCC_only,closure,Pseudo-nitzschia,49,0.48387,0.63729,0.36585,0.71429
C2RCC,C2RCC_roms,closure,Pseudo-nitzschia,0,0.56,0.65242,0.44872,0.74468
C2RCC,C2RCC_roms,closure,Pseudo-nitzschia,1,0.60714,0.67387,0.49275,0.7907
C2RCC,C2RCC_roms,closure,Pseudo-nitzschia,2,0.48649,0.61242,0.38571,0.65854
C2RCC,C2RCC_roms,closure,Pseudo-nitzschia,3,0.60317,0.71287,0.46914,0.84444
C2RCC,C2RCC_roms,closure,Pseudo-nitzschia,4,0.58586,0.62552,0.48333,0.74359
C2RCC,C2RCC_roms,closure,Pseudo-nitzschia,5,0.55046,0.63688,0.44118,0.73171
C2RCC,C2RCC_roms,closure,Pseudo-nitzschia,6,0.47727,0.59859,0.36842,0.67742
C2RCC,C2RCC_roms,closure,Pseudo-nitzschia,7,0.54688,0.6793,0.41667,0.79545
C2RCC,C2RCC_roms,closure,Pseudo-nitzschia,8,0.58537,0.63937,0.47368,0.76596
C2RCC,C2RCC_roms,closure,Pseudo-nitzschia,9,0.4898,0.56816,0.39344,0.64865
C2RCC,C2RCC_roms,closure,Pseudo-nitzschia,10,0.62857,0.7531,0.48529,0.89189
C2RCC,C2RCC_roms,closure,Pseudo-nitzschia,11,0.58716,0.72688,0.43836,0.88889
C2RCC,C2RCC_roms,closure,Pseudo-nitzschia,12,0.52727,0.72548,0.37662,0.87879
C2RCC,C2RCC_roms,closure,Pseudo-nitzschia,13,0.57143,0.71017,0.44776,0.78947
C2RCC,C2RCC_roms,closure,Pseudo-nitzschia,14,0.51327,0.57979,0.39189,0.74359
C2RCC,C2RCC_roms,closure,Pseudo-nitzschia,15,0.50877,0.61562,0.39189,0.725
C2RCC,C2RCC_roms,closure,Pseudo-nitzschia,16,0.56863,0.68106,0.43939,0.80556
C2RCC,C2RCC_roms,closure,Pseudo-nitzschia,17,0.58716,0.70494,0.46377,0.8
C2RCC,C2RCC_roms,closure,Pseudo-nitzschia,18,0.49091,0.54834,0.375,0.71053
C2RCC,C2RCC_roms,closure,Pseudo-nitzschia,19,0.48598,0.65007,0.3662,0.72222
C2RCC,C2RCC_roms,closure,Pseudo-nitzschia,20,0.48333,0.65291,0.35802,0.74359
C2RCC,C2RCC_roms,closure,Pseudo-nitzschia,21,0.54717,0.64483,0.41429,0.80556
C2RCC,C2RCC_roms,closure,Pseudo-nitzschia,22,0.61654,0.75299,0.49398,0.82
C2RCC,C2RCC_roms,closure,Pseudo-nitzschia,23,0.55639,0.73489,0.43023,0.78723
C2RCC,C2RCC_roms,closure,Pseudo-nitzschia,24,0.55238,0.72306,0.42029,0.80556
C2RCC,C2RCC_roms,closure,Pseudo-nitzschia,25,0.50847,0.67116,0.37975,0.76923
C2RCC,C2RCC_roms,closure,Pseudo-nitzschia,26,0.62963,0.68636,0.51515,0.80952
C2RCC,C2RCC_roms,closure,Pseudo-nitzschia,27,0.608,0.65056,0.48718,0.80851
C2RCC,C2RCC_roms,closure,Pseudo-nitzschia,28,0.4898,0.59239,0.36923,0.72727
C2RCC,C2RCC_roms,closure,Pseudo-nitzschia,29,0.59375,0.73485,0.46341,0.82609
C2RCC,C2RCC_roms,closure,Pseudo-nitzschia,30,0.55224,0.77812,0.40217,0.88095
C2RCC,C2RCC_roms,closure,Pseudo-nitzschia,31,0.51724,0.64593,0.38961,0.76923
C2RCC,C2RCC_roms,closure,Pseudo-nitzschia,32,0.55932,0.65686,0.45833,0.71739
C2RCC,C2RCC_roms,closure,Pseudo-nitzschia,33,0.60714,0.69205,0.48571,0.80952
C2RCC,C2RCC_roms,closure,Pseudo-nitzschia,34,0.53913,0.58575,0.43056,0.72093
C2RCC,C2RCC_roms,closure,Pseudo-nitzschia,35,0.63551,0.69133,0.51515,0.82927
C2RCC,C2RCC_roms,closure,Pseudo-nitzschia,36,0.52459,0.7221,0.40506,0.74419
C2RCC,C2RCC_roms,closure,Pseudo-nitzschia,37,0.53333,0.69704,0.39506,0.82051
C2RCC,C2RCC_roms,closure,Pseudo-nitzschia,38,0.54545,0.65497,0.41772,0.78571
C2RCC,C2RCC_roms,closure,Pseudo-nitzschia,39,0.57576,0.67078,0.45238,0.79167
C2RCC,C2RCC_roms,closure,Pseudo-nitzschia,40,0.62992,0.69391,0.51948,0.8
C2RCC,C2RCC_roms,closure,Pseudo-nitzschia,41,0.58182,0.66853,0.43836,0.86486
C2RCC,C2RCC_roms,closure,Pseudo-nitzschia,42,0.55932,0.71767,0.42308,0.825
C2RCC,C2RCC_roms,closure,Pseudo-nitzschia,43,0.58716,0.66485,0.45714,0.82051
C2RCC,C2RCC_roms,closure,Pseudo-nitzschia,44,0.56897,0.62249,0.45205,0.76744
C2RCC,C2RCC_roms,closure,Pseudo-nitzschia,45,0.56637,0.67431,0.43243,0.82051
C2RCC,C2RCC_roms,closure,Pseudo-nitzschia,46,0.5045,0.6305,0.37838,0.75676
C2RCC,C2RCC_roms,closure,Pseudo-nitzschia,47,0.53793,0.72436,0.39394,0.84783
C2RCC,C2RCC_roms,closure,Pseudo-nitzschia,48,0.57143,0.63334,0.46341,0.7451
C2RCC,C2RCC_roms,closure,Pseudo-nitzschia,49,0.60938,0.7364,0.47561,0.84783
ACOLITE,ACOLITE_only,warning,Alexandrium_catenella,0,0.68293,0.76486,0.6383,0.73427
ACOLITE,ACOLITE_only,warning,Alexandrium_catenella,1,0.65154,0.7508,0.60725,0.7028
ACOLITE,ACOLITE_only,warning,Alexandrium_catenella,2,0.70918,0.7952,0.64225,0.79167
ACOLITE,ACOLITE_only,warning,Alexandrium_catenella,3,0.6908,0.78192,0.64507,0.74351
ACOLITE,ACOLITE_only,warning,Alexandrium_catenella,4,0.69136,0.78477,0.62921,0.76712
ACOLITE,ACOLITE_only,warning,Alexandrium_catenella,5,0.6734,0.76046,0.6079,0.75472
ACOLITE,ACOLITE_only,warning,Alexandrium_catenella,6,0.71572,0.79905,0.67722,0.75887
ACOLITE,ACOLITE_only,warning,Alexandrium_catenella,7,0.72222,0.80436,0.69577,0.75076
ACOLITE,ACOLITE_only,warning,Alexandrium_catenella,8,0.69846,0.77609,0.65043,0.75415
ACOLITE,ACOLITE_only,warning,Alexandrium_catenella,9,0.65835,0.75666,0.60114,0.72759
ACOLITE,ACOLITE_only,warning,Alexandrium_catenella,10,0.68987,0.77606,0.63557,0.75433
ACOLITE,ACOLITE_only,warning,Alexandrium_catenella,11,0.6699,0.74181,0.61976,0.72887
ACOLITE,ACOLITE_only,warning,Alexandrium_catenella,12,0.69218,0.77665,0.61538,0.79087
ACOLITE,ACOLITE_only,warning,Alexandrium_catenella,13,0.69316,0.79013,0.64497,0.74914
ACOLITE,ACOLITE_only,warning,Alexandrium_catenella,14,0.6784,0.78708,0.61449,0.75714
ACOLITE,ACOLITE_only,warning,Alexandrium_catenella,15,0.6778,0.76736,0.62462,0.74088
ACOLITE,ACOLITE_only,warning,Alexandrium_catenella,16,0.71336,0.77551,0.69085,0.73737
ACOLITE,ACOLITE_only,warning,Alexandrium_catenella,17,0.71019,0.80088,0.6408,0.79643
ACOLITE,ACOLITE_only,warning,Alexandrium_catenella,18,0.68527,0.77651,0.63689,0.74161
ACOLITE,ACOLITE_only,warning,Alexandrium_catenella,19,0.7109,0.79723,0.70312,0.71885
ACOLITE,ACOLITE_only,warning,Alexandrium_catenella,20,0.68944,0.78216,0.64348,0.74247
ACOLITE,ACOLITE_only,warning,Alexandrium_catenella,21,0.69592,0.78139,0.61995,0.7931
ACOLITE,ACOLITE_only,warning,Alexandrium_catenella,22,0.69414,0.78664,0.62931,0.77385
ACOLITE,ACOLITE_only,warning,Alexandrium_catenella,23,0.66972,0.7686,0.64035,0.70192
ACOLITE,ACOLITE_only,warning,Alexandrium_catenella,24,0.65409,0.77809,0.59429,0.72727
ACOLITE,ACOLITE_only,warning,Alexandrium_catenella,25,0.68955,0.77176,0.65579,0.72697
ACOLITE,ACOLITE_only,warning,Alexandrium_catenella,26,0.68463,0.77838,0.6119,0.77698
ACOLITE,ACOLITE_only,warning,Alexandrium_catenella,27,0.675,0.75732,0.62069,0.73973
ACOLITE,ACOLITE_only,warning,Alexandrium_catenella,28,0.68606,0.7726,0.6257,0.75932
ACOLITE,ACOLITE_only,warning,Alexandrium_catenella,29,0.68599,0.75219,0.63582,0.74476
ACOLITE,ACOLITE_only,warning,Alexandrium_catenella,30,0.70253,0.78647,0.65103,0.76289
ACOLITE,ACOLITE_only,warning,Alexandrium_catenella,31,0.66774,0.74219,0.61607,0.72887
ACOLITE,ACOLITE_only,warning,Alexandrium_catenella,32,0.67863,0.76809,0.63804,0.72474
ACOLITE,ACOLITE_only,warning,Alexandrium_catenella,33,0.66227,0.76409,0.60909,0.72563
ACOLITE,ACOLITE_only,warning,Alexandrium_catenella,34,0.6752,0.78183,0.62242,0.73776
ACOLITE,ACOLITE_only,warning,Alexandrium_catenella,35,0.72671,0.81286,0.66477,0.80137
ACOLITE,ACOLITE_only,warning,Alexandrium_catenella,36,0.69427,0.76627,0.62464,0.78136
ACOLITE,ACOLITE_only,warning,Alexandrium_catenella,37,0.72913,0.80773,0.64848,0.83268
ACOLITE,ACOLITE_only,warning,Alexandrium_catenella,38,0.70303,0.78609,0.68843,0.71827
ACOLITE,ACOLITE_only,warning,Alexandrium_catenella,39,0.69906,0.79985,0.63897,0.77163
ACOLITE,ACOLITE_only,warning,Alexandrium_catenella,40,0.65858,0.71324,0.625,0.69597
ACOLITE,ACOLITE_only,warning,Alexandrium_catenella,41,0.68118,0.78846,0.62571,0.74744
ACOLITE,ACOLITE_only,warning,Alexandrium_catenella,42,0.64706,0.72852,0.59104,0.7148
ACOLITE,ACOLITE_only,warning,Alexandrium_catenella,43,0.69016,0.79201,0.63172,0.76052
ACOLITE,ACOLITE_only,warning,Alexandrium_catenella,44,0.68581,0.79148,0.63438,0.74632
ACOLITE,ACOLITE_only,warning,Alexandrium_catenella,45,0.7129,0.78397,0.6597,0.77544
ACOLITE,ACOLITE_only,warning,Alexandrium_catenella,46,0.68098,0.76632,0.63068,0.74
ACOLITE,ACOLITE_only,warning,Alexandrium_catenella,47,0.6436,0.75249,0.58861,0.70992
ACOLITE,ACOLITE_only,warning,Alexandrium_catenella,48,0.70906,0.76763,0.6904,0.72876
ACOLITE,ACOLITE_only,warning,Alexandrium_catenella,49,0.69474,0.76451,0.66763,0.72414
ACOLITE,ACOLITE_roms,warning,Alexandrium_catenella,0,0.71674,0.77533,0.69605,0.73871
ACOLITE,ACOLITE_roms,warning,Alexandrium_catenella,1,0.69055,0.77572,0.64048,0.74912
ACOLITE,ACOLITE_roms,warning,Alexandrium_catenella,2,0.73538,0.79033,0.67324,0.81017
ACOLITE,ACOLITE_roms,warning,Alexandrium_catenella,3,0.7194,0.79704,0.67887,0.76508
ACOLITE,ACOLITE_roms,warning,Alexandrium_catenella,4,0.71756,0.80001,0.66011,0.78595
ACOLITE,ACOLITE_roms,warning,Alexandrium_catenella,5,0.69836,0.78216,0.64742,0.75801
ACOLITE,ACOLITE_roms,warning,Alexandrium_catenella,6,0.72039,0.79732,0.69304,0.75
ACOLITE,ACOLITE_roms,warning,Alexandrium_catenella,7,0.73945,0.79774,0.71549,0.76506
ACOLITE,ACOLITE_roms,warning,Alexandrium_catenella,8,0.72086,0.79456,0.67335,0.77558
ACOLITE,ACOLITE_roms,warning,Alexandrium_catenella,9,0.68589,0.75688,0.64387,0.73377
ACOLITE,ACOLITE_roms,warning,Alexandrium_catenella,10,0.71077,0.78658,0.67347,0.75244
ACOLITE,ACOLITE_roms,warning,Alexandrium_catenella,11,0.69649,0.76081,0.65269,0.74658
ACOLITE,ACOLITE_roms,warning,Alexandrium_catenella,12,0.71729,0.77855,0.6568,0.79004
ACOLITE,ACOLITE_roms,warning,Alexandrium_catenella,13,0.7182,0.79353,0.65976,0.78799
ACOLITE,ACOLITE_roms,warning,Alexandrium_catenella,14,0.71865,0.80957,0.68116,0.76052
ACOLITE,ACOLITE_roms,warning,Alexandrium_catenella,15,0.72607,0.78123,0.67692,0.78292
ACOLITE,ACOLITE_roms,warning,Alexandrium_catenella,16,0.7345,0.7948,0.72871,0.74038
ACOLITE,ACOLITE_roms,warning,Alexandrium_catenella,17,0.74654,0.81381,0.69828,0.80198
ACOLITE,ACOLITE_roms,warning,Alexandrium_catenella,18,0.72048,0.79163,0.69452,0.74845
ACOLITE,ACOLITE_roms,warning,Alexandrium_catenella,19,0.72527,0.80666,0.72188,0.72871
ACOLITE,ACOLITE_roms,warning,Alexandrium_catenella,20,0.71716,0.81033,0.67246,0.76821
ACOLITE,ACOLITE_roms,warning,Alexandrium_catenella,21,0.72347,0.80229,0.65229,0.81208
ACOLITE,ACOLITE_roms,warning,Alexandrium_catenella,22,0.70717,0.79007,0.6523,0.77211
ACOLITE,ACOLITE_roms,warning,Alexandrium_catenella,23,0.70871,0.76544,0.69006,0.7284
ACOLITE,ACOLITE_roms,warning,Alexandrium_catenella,24,0.71642,0.80626,0.68571,0.75
ACOLITE,ACOLITE_roms,warning,Alexandrium_catenella,25,0.72025,0.7942,0.69139,0.75161
ACOLITE,ACOLITE_roms,warning,Alexandrium_catenella,26,0.69782,0.78447,0.63456,0.77509
ACOLITE,ACOLITE_roms,warning,Alexandrium_catenella,27,0.68944,0.76931,0.63793,0.75
ACOLITE,ACOLITE_roms,warning,Alexandrium_catenella,28,0.71624,0.78644,0.65922,0.78405
ACOLITE,ACOLITE_roms,warning,Alexandrium_catenella,29,0.72126,0.77483,0.68358,0.76333
ACOLITE,ACOLITE_roms,warning,Alexandrium_catenella,30,0.70458,0.7871,0.65396,0.7637
ACOLITE,ACOLITE_roms,warning,Alexandrium_catenella,31,0.704,0.76205,0.65476,0.76125
ACOLITE,ACOLITE_roms,warning,Alexandrium_catenella,32,0.70492,0.78777,0.65951,0.75704
ACOLITE,ACOLITE_roms,warning,Alexandrium_catenella,33,0.70607,0.7713,0.6697,0.74662
ACOLITE,ACOLITE_roms,warning,Alexandrium_catenella,34,0.73065,0.80837,0.69617,0.76873
ACOLITE,ACOLITE_roms,warning,Alexandrium_catenella,35,0.7454,0.81956,0.69034,0.81
ACOLITE,ACOLITE_roms,warning,Alexandrium_catenella,36,0.68362,0.77516,0.61605,0.76786
ACOLITE,ACOLITE_roms,warning,Alexandrium_catenella,37,0.71572,0.81049,0.64848,0.79851
ACOLITE,ACOLITE_roms,warning,Alexandrium_catenella,38,0.73273,0.78883,0.72404,0.74164
ACOLITE,ACOLITE_roms,warning,Alexandrium_catenella,39,0.74659,0.79508,0.70487,0.79355
ACOLITE,ACOLITE_roms,warning,Alexandrium_catenella,40,0.68456,0.73366,0.67105,0.69863
ACOLITE,ACOLITE_roms,warning,Alexandrium_catenella,41,0.71646,0.80152,0.67143,0.76797
ACOLITE,ACOLITE_roms,warning,Alexandrium_catenella,42,0.6874,0.76186,0.62687,0.76087
ACOLITE,ACOLITE_roms,warning,Alexandrium_catenella,43,0.70571,0.79344,0.64785,0.77492
ACOLITE,ACOLITE_roms,warning,Alexandrium_catenella,44,0.71812,0.80766,0.66875,0.77536
ACOLITE,ACOLITE_roms,warning,Alexandrium_catenella,45,0.73101,0.8083,0.68955,0.77778
ACOLITE,ACOLITE_roms,warning,Alexandrium_catenella,46,0.69803,0.77315,0.65341,0.74919
ACOLITE,ACOLITE_roms,warning,Alexandrium_catenella,47,0.68687,0.76378,0.64557,0.73381
ACOLITE,ACOLITE_roms,warning,Alexandrium_catenella,48,0.72,0.76983,0.72446,0.7156
ACOLITE,ACOLITE_roms,warning,Alexandrium_catenella,49,0.71795,0.7889,0.68786,0.75079
ACOLITE,ACOLITE_only,warning,Dinophysis_acuminata,0,0.75239,0.85506,0.7199,0.78797
ACOLITE,ACOLITE_only,warning,Dinophysis_acuminata,1,0.76567,0.87073,0.71684,0.82164
ACOLITE,ACOLITE_only,warning,Dinophysis_acuminata,2,0.75603,0.85183,0.73247,0.78116
ACOLITE,ACOLITE_only,warning,Dinophysis_acuminata,3,0.76634,0.85702,0.75273,0.78045
ACOLITE,ACOLITE_only,warning,Dinophysis_acuminata,4,0.76735,0.86823,0.73795,0.7992
ACOLITE,ACOLITE_only,warning,Dinophysis_acuminata,5,0.75653,0.86273,0.71895,0.79826
ACOLITE,ACOLITE_only,warning,Dinophysis_acuminata,6,0.75922,0.86135,0.72938,0.79161
ACOLITE,ACOLITE_only,warning,Dinophysis_acuminata,7,0.78233,0.88239,0.75439,0.81242
ACOLITE,ACOLITE_only,warning,Dinophysis_acuminata,8,0.77694,0.85892,0.75266,0.80284
ACOLITE,ACOLITE_only,warning,Dinophysis_acuminata,9,0.77102,0.87613,0.75253,0.79045
ACOLITE,ACOLITE_only,warning,Dinophysis_acuminata,10,0.76697,0.87052,0.75441,0.77995
ACOLITE,ACOLITE_only,warning,Dinophysis_acuminata,11,0.76678,0.85717,0.72125,0.81844
ACOLITE,ACOLITE_only,warning,Dinophysis_acuminata,12,0.7666,0.8657,0.74667,0.78762
ACOLITE,ACOLITE_only,warning,Dinophysis_acuminata,13,0.78895,0.88666,0.75282,0.82873
ACOLITE,ACOLITE_only,warning,Dinophysis_acuminata,14,0.76687,0.86622,0.72292,0.8165
ACOLITE,ACOLITE_only,warning,Dinophysis_acuminata,15,0.75266,0.85447,0.72471,0.78285
ACOLITE,ACOLITE_only,warning,Dinophysis_acuminata,16,0.75559,0.85549,0.71846,0.79676
ACOLITE,ACOLITE_only,warning,Dinophysis_acuminata,17,0.76165,0.86941,0.72308,0.80456
ACOLITE,ACOLITE_only,warning,Dinophysis_acuminata,18,0.77089,0.86752,0.75762,0.78464
ACOLITE,ACOLITE_only,warning,Dinophysis_acuminata,19,0.76667,0.86961,0.73624,0.79972
ACOLITE,ACOLITE_only,warning,Dinophysis_acuminata,20,0.76775,0.85997,0.73873,0.79914
ACOLITE,ACOLITE_only,warning,Dinophysis_acuminata,21,0.76555,0.86731,0.74468,0.78762
ACOLITE,ACOLITE_only,warning,Dinophysis_acuminata,22,0.77353,0.8721,0.74507,0.80426
ACOLITE,ACOLITE_only,warning,Dinophysis_acuminata,23,0.77279,0.8666,0.74835,0.79887
ACOLITE,ACOLITE_only,warning,Dinophysis_acuminata,24,0.75916,0.86446,0.73048,0.79019
ACOLITE,ACOLITE_only,warning,Dinophysis_acuminata,25,0.77657,0.87356,0.76101,0.79277
ACOLITE,ACOLITE_only,warning,Dinophysis_acuminata,26,0.76115,0.85364,0.7314,0.79343
ACOLITE,ACOLITE_only,warning,Dinophysis_acuminata,27,0.75237,0.84754,0.71557,0.79315
ACOLITE,ACOLITE_only,warning,Dinophysis_acuminata,28,0.79016,0.88304,0.7673,0.81442
ACOLITE,ACOLITE_only,warning,Dinophysis_acuminata,29,0.77695,0.8745,0.72716,0.83406
ACOLITE,ACOLITE_only,warning,Dinophysis_acuminata,30,0.75848,0.8543,0.73844,0.77964
ACOLITE,ACOLITE_only,warning,Dinophysis_acuminata,31,0.76811,0.87247,0.73913,0.79945
ACOLITE,ACOLITE_only,warning,Dinophysis_acuminata,32,0.74965,0.85609,0.71598,0.78665
ACOLITE,ACOLITE_only,warning,Dinophysis_acuminata,33,0.75495,0.86034,0.71632,0.79798
ACOLITE,ACOLITE_only,warning,Dinophysis_acuminata,34,0.77167,0.86419,0.75323,0.79104
ACOLITE,ACOLITE_only,warning,Dinophysis_acuminata,35,0.76298,0.8764,0.72532,0.80478
ACOLITE,ACOLITE_only,warning,Dinophysis_acuminata,36,0.7771,0.88172,0.73131,0.82902
ACOLITE,ACOLITE_only,warning,Dinophysis_acuminata,37,0.74378,0.8593,0.69647,0.79798
ACOLITE,ACOLITE_only,warning,Dinophysis_acuminata,38,0.77319,0.87215,0.73677,0.81339
ACOLITE,ACOLITE_only,warning,Dinophysis_acuminata,39,0.76248,0.86795,0.72997,0.79802
ACOLITE,ACOLITE_only,warning,Dinophysis_acuminata,40,0.79131,0.88166,0.76561,0.8188
ACOLITE,ACOLITE_only,warning,Dinophysis_acuminata,41,0.76128,0.86031,0.74903,0.77394
ACOLITE,ACOLITE_only,warning,Dinophysis_acuminata,42,0.76112,0.87203,0.72021,0.80697
ACOLITE,ACOLITE_only,warning,Dinophysis_acuminata,43,0.76893,0.87923,0.74042,0.79973
ACOLITE,ACOLITE_only,warning,Dinophysis_acuminata,44,0.72754,0.84001,0.67388,0.79048
ACOLITE,ACOLITE_only,warning,Dinophysis_acuminata,45,0.76172,0.86204,0.7426,0.78184
ACOLITE,ACOLITE_only,warning,Dinophysis_acuminata,46,0.76726,0.8698,0.75,0.78534
ACOLITE,ACOLITE_only,warning,Dinophysis_acuminata,47,0.75313,0.86317,0.72314,0.78571
ACOLITE,ACOLITE_only,warning,Dinophysis_acuminata,48,0.78045,0.87994,0.75099,0.81232
ACOLITE,ACOLITE_only,warning,Dinophysis_acuminata,49,0.77432,0.87277,0.76096,0.78817
ACOLITE,ACOLITE_roms,warning,Dinophysis_acuminata,0,0.759,0.85648,0.73168,0.78843
ACOLITE,ACOLITE_roms,warning,Dinophysis_acuminata,1,0.76882,0.87344,0.72959,0.8125
ACOLITE,ACOLITE_roms,warning,Dinophysis_acuminata,2,0.75382,0.85616,0.73766,0.77069
ACOLITE,ACOLITE_roms,warning,Dinophysis_acuminata,3,0.77477,0.86742,0.76366,0.78622
ACOLITE,ACOLITE_roms,warning,Dinophysis_acuminata,4,0.7739,0.86903,0.74042,0.81055
ACOLITE,ACOLITE_roms,warning,Dinophysis_acuminata,5,0.76913,0.86617,0.74248,0.79775
ACOLITE,ACOLITE_roms,warning,Dinophysis_acuminata,6,0.76587,0.86034,0.74613,0.78668
ACOLITE,ACOLITE_roms,warning,Dinophysis_acuminata,7,0.79255,0.88074,0.77318,0.81291
ACOLITE,ACOLITE_roms,warning,Dinophysis_acuminata,8,0.77419,0.86003,0.76596,0.78261
ACOLITE,ACOLITE_roms,warning,Dinophysis_acuminata,9,0.77992,0.88274,0.76515,0.79528
ACOLITE,ACOLITE_roms,warning,Dinophysis_acuminata,10,0.77721,0.87526,0.76448,0.79036
ACOLITE,ACOLITE_roms,warning,Dinophysis_acuminata,11,0.77195,0.85594,0.73625,0.81129
ACOLITE,ACOLITE_roms,warning,Dinophysis_acuminata,12,0.77793,0.87056,0.76133,0.79526
ACOLITE,ACOLITE_roms,warning,Dinophysis_acuminata,13,0.79948,0.88625,0.77039,0.83085
ACOLITE,ACOLITE_roms,warning,Dinophysis_acuminata,14,0.76607,0.86331,0.72796,0.80839
ACOLITE,ACOLITE_roms,warning,Dinophysis_acuminata,15,0.75477,0.86181,0.73496,0.77568
ACOLITE,ACOLITE_roms,warning,Dinophysis_acuminata,16,0.76389,0.85696,0.73041,0.80058
ACOLITE,ACOLITE_roms,warning,Dinophysis_acuminata,17,0.77559,0.8699,0.73333,0.82302
ACOLITE,ACOLITE_roms,warning,Dinophysis_acuminata,18,0.77355,0.86994,0.76689,0.78032
ACOLITE,ACOLITE_roms,warning,Dinophysis_acuminata,19,0.77411,0.86855,0.75032,0.79945
ACOLITE,ACOLITE_roms,warning,Dinophysis_acuminata,20,0.77893,0.8671,0.74536,0.81567
ACOLITE,ACOLITE_roms,warning,Dinophysis_acuminata,21,0.76041,0.86308,0.74069,0.78121
ACOLITE,ACOLITE_roms,warning,Dinophysis_acuminata,22,0.78552,0.87307,0.75558,0.81792
ACOLITE,ACOLITE_roms,warning,Dinophysis_acuminata,23,0.77355,0.8733,0.76285,0.78455
ACOLITE,ACOLITE_roms,warning,Dinophysis_acuminata,24,0.76873,0.86686,0.73678,0.80357
ACOLITE,ACOLITE_roms,warning,Dinophysis_acuminata,25,0.78484,0.87185,0.77437,0.79561
ACOLITE,ACOLITE_roms,warning,Dinophysis_acuminata,26,0.7744,0.85892,0.75536,0.79443
ACOLITE,ACOLITE_roms,warning,Dinophysis_acuminata,27,0.75806,0.85523,0.72587,0.79325
ACOLITE,ACOLITE_roms,warning,Dinophysis_acuminata,28,0.79612,0.88599,0.77358,0.82
ACOLITE,ACOLITE_roms,warning,Dinophysis_acuminata,29,0.77333,0.87484,0.73604,0.81461
ACOLITE,ACOLITE_roms,warning,Dinophysis_acuminata,30,0.76242,0.84904,0.75033,0.7749
ACOLITE,ACOLITE_roms,warning,Dinophysis_acuminata,31,0.77946,0.87736,0.75703,0.80326
ACOLITE,ACOLITE_roms,warning,Dinophysis_acuminata,32,0.77019,0.8579,0.73712,0.80636
ACOLITE,ACOLITE_roms,warning,Dinophysis_acuminata,33,0.76351,0.86802,0.73187,0.79802
ACOLITE,ACOLITE_roms,warning,Dinophysis_acuminata,34,0.7682,0.86709,0.74289,0.7953
ACOLITE,ACOLITE_roms,warning,Dinophysis_acuminata,35,0.77086,0.87618,0.73671,0.80833
ACOLITE,ACOLITE_roms,warning,Dinophysis_acuminata,36,0.78319,0.88383,0.74398,0.82676
ACOLITE,ACOLITE_roms,warning,Dinophysis_acuminata,37,0.7626,0.86778,0.72418,0.80532
ACOLITE,ACOLITE_roms,warning,Dinophysis_acuminata,38,0.78337,0.87577,0.75355,0.81564
ACOLITE,ACOLITE_roms,warning,Dinophysis_acuminata,39,0.76561,0.86447,0.73643,0.7972
ACOLITE,ACOLITE_roms,warning,Dinophysis_acuminata,40,0.79216,0.889,0.77197,0.81342
ACOLITE,ACOLITE_roms,warning,Dinophysis_acuminata,41,0.76371,0.86029,0.7529,0.77483
ACOLITE,ACOLITE_roms,warning,Dinophysis_acuminata,42,0.77181,0.87763,0.74482,0.80084
ACOLITE,ACOLITE_roms,warning,Dinophysis_acuminata,43,0.77792,0.8799,0.74907,0.80908
ACOLITE,ACOLITE_roms,warning,Dinophysis_acuminata,44,0.74249,0.8432,0.7023,0.78756
ACOLITE,ACOLITE_roms,warning,Dinophysis_acuminata,45,0.75679,0.86158,0.7529,0.76073
ACOLITE,ACOLITE_roms,warning,Dinophysis_acuminata,46,0.78183,0.87017,0.76375,0.80079
ACOLITE,ACOLITE_roms,warning,Dinophysis_acuminata,47,0.76532,0.86221,0.7421,0.79004
ACOLITE,ACOLITE_roms,warning,Dinophysis_acuminata,48,0.77861,0.87908,0.76159,0.7964
ACOLITE,ACOLITE_roms,warning,Dinophysis_acuminata,49,0.77845,0.87534,0.7676,0.78962
ACOLITE,ACOLITE_only,warning,Dinophysis_norvegica,0,0.56552,0.58414,0.47308,0.70286
ACOLITE,ACOLITE_only,warning,Dinophysis_norvegica,1,0.5576,0.6019,0.48594,0.65405
ACOLITE,ACOLITE_only,warning,Dinophysis_norvegica,2,0.5865,0.64096,0.5073,0.695
ACOLITE,ACOLITE_only,warning,Dinophysis_norvegica,3,0.59864,0.65672,0.54098,0.67005
ACOLITE,ACOLITE_only,warning,Dinophysis_norvegica,4,0.54927,0.62148,0.49064,0.62381
ACOLITE,ACOLITE_only,warning,Dinophysis_norvegica,5,0.57075,0.60418,0.484,0.6954
ACOLITE,ACOLITE_only,warning,Dinophysis_norvegica,6,0.56769,0.60107,0.50388,0.65
ACOLITE,ACOLITE_only,warning,Dinophysis_norvegica,7,0.59677,0.62885,0.5193,0.70142
ACOLITE,ACOLITE_only,warning,Dinophysis_norvegica,8,0.5787,0.65066,0.48077,0.72674
ACOLITE,ACOLITE_only,warning,Dinophysis_norvegica,9,0.5815,0.63085,0.5,0.69474
ACOLITE,ACOLITE_only,warning,Dinophysis_norvegica,10,0.56422,0.63028,0.47674,0.69101
ACOLITE,ACOLITE_only,warning,Dinophysis_norvegica,11,0.54545,0.60126,0.46512,0.65934
ACOLITE,ACOLITE_only,warning,Dinophysis_norvegica,12,0.57627,0.62421,0.49378,0.69186
ACOLITE,ACOLITE_only,warning,Dinophysis_norvegica,13,0.58727,0.60322,0.52574,0.66512
ACOLITE,ACOLITE_only,warning,Dinophysis_norvegica,14,0.54378,0.59734,0.46457,0.65556
ACOLITE,ACOLITE_only,warning,Dinophysis_norvegica,15,0.53488,0.56647,0.46559,0.62842
ACOLITE,ACOLITE_only,warning,Dinophysis_norvegica,16,0.55502,0.58158,0.47737,0.66286
ACOLITE,ACOLITE_only,warning,Dinophysis_norvegica,17,0.63232,0.66924,0.54656,0.75
ACOLITE,ACOLITE_only,warning,Dinophysis_norvegica,18,0.55556,0.59789,0.4771,0.66489
ACOLITE,ACOLITE_only,warning,Dinophysis_norvegica,19,0.59276,0.60182,0.5261,0.67876
ACOLITE,ACOLITE_only,warning,Dinophysis_norvegica,20,0.56338,0.60877,0.48,0.68182
ACOLITE,ACOLITE_only,warning,Dinophysis_norvegica,21,0.56399,0.60861,0.47445,0.69519
ACOLITE,ACOLITE_only,warning,Dinophysis_norvegica,22,0.58019,0.63722,0.5041,0.68333
ACOLITE,ACOLITE_only,warning,Dinophysis_norvegica,23,0.55708,0.6461,0.46038,0.7052
ACOLITE,ACOLITE_only,warning,Dinophysis_norvegica,24,0.57412,0.60762,0.49593,0.68156
ACOLITE,ACOLITE_only,warning,Dinophysis_norvegica,25,0.53846,0.58615,0.44403,0.68391
ACOLITE,ACOLITE_only,warning,Dinophysis_norvegica,26,0.54586,0.54539,0.49593,0.60697
ACOLITE,ACOLITE_only,warning,Dinophysis_norvegica,27,0.51515,0.5697,0.45247,0.59799
ACOLITE,ACOLITE_only,warning,Dinophysis_norvegica,28,0.58925,0.64,0.50183,0.71354
ACOLITE,ACOLITE_only,warning,Dinophysis_norvegica,29,0.5545,0.56505,0.46614,0.68421
ACOLITE,ACOLITE_only,warning,Dinophysis_norvegica,30,0.60084,0.64791,0.53358,0.6875
ACOLITE,ACOLITE_only,warning,Dinophysis_norvegica,31,0.6093,0.61898,0.55983,0.66837
ACOLITE,ACOLITE_only,warning,Dinophysis_norvegica,32,0.54588,0.57861,0.49573,0.60733
ACOLITE,ACOLITE_only,warning,Dinophysis_norvegica,33,0.54167,0.60162,0.46063,0.6573
ACOLITE,ACOLITE_only,warning,Dinophysis_norvegica,34,0.61002,0.66664,0.54054,0.7
ACOLITE,ACOLITE_only,warning,Dinophysis_norvegica,35,0.54267,0.61573,0.48062,0.62312
ACOLITE,ACOLITE_only,warning,Dinophysis_norvegica,36,0.56542,0.59331,0.4879,0.67222
ACOLITE,ACOLITE_only,warning,Dinophysis_norvegica,37,0.56542,0.61661,0.48594,0.67598
ACOLITE,ACOLITE_only,warning,Dinophysis_norvegica,38,0.57077,0.60711,0.51037,0.64737
ACOLITE,ACOLITE_only,warning,Dinophysis_norvegica,39,0.5708,0.61285,0.49425,0.67539
ACOLITE,ACOLITE_only,warning,Dinophysis_norvegica,40,0.55093,0.59435,0.48971,0.62963
ACOLITE,ACOLITE_only,warning,Dinophysis_norvegica,41,0.54839,0.58861,0.4685,0.66111
ACOLITE,ACOLITE_only,warning,Dinophysis_norvegica,42,0.5283,0.56294,0.46473,0.61202
ACOLITE,ACOLITE_only,warning,Dinophysis_norvegica,43,0.575,0.6123,0.49819,0.6798
ACOLITE,ACOLITE_only,warning,Dinophysis_norvegica,44,0.57534,0.6249,0.50806,0.66316
ACOLITE,ACOLITE_only,warning,Dinophysis_norvegica,45,0.50698,0.54133,0.43426,0.60894
ACOLITE,ACOLITE_only,warning,Dinophysis_norvegica,46,0.57269,0.60459,0.49618,0.67708
ACOLITE,ACOLITE_only,warning,Dinophysis_norvegica,47,0.58797,0.62393,0.51362,0.6875
ACOLITE,ACOLITE_only,warning,Dinophysis_norvegica,48,0.5641,0.61941,0.46718,0.71176
ACOLITE,ACOLITE_only,warning,Dinophysis_norvegica,49,0.59957,0.6323,0.5303,0.68966
ACOLITE,ACOLITE_roms,warning,Dinophysis_norvegica,0,0.56422,0.57834,0.47308,0.69886
ACOLITE,ACOLITE_roms,warning,Dinophysis_norvegica,1,0.55607,0.59661,0.47791,0.6648
ACOLITE,ACOLITE_roms,warning,Dinophysis_norvegica,2,0.58874,0.63456,0.49635,0.7234
ACOLITE,ACOLITE_roms,warning,Dinophysis_norvegica,3,0.61327,0.65849,0.54918,0.6943
ACOLITE,ACOLITE_roms,warning,Dinophysis_norvegica,4,0.55098,0.59929,0.47566,0.65464
ACOLITE,ACOLITE_roms,warning,Dinophysis_norvegica,5,0.59207,0.61415,0.508,0.7095
ACOLITE,ACOLITE_roms,warning,Dinophysis_norvegica,6,0.59211,0.60618,0.52326,0.68182
ACOLITE,ACOLITE_roms,warning,Dinophysis_norvegica,7,0.61111,0.64093,0.54035,0.7032
ACOLITE,ACOLITE_roms,warning,Dinophysis_norvegica,8,0.58333,0.64268,0.48462,0.73256
ACOLITE,ACOLITE_roms,warning,Dinophysis_norvegica,9,0.60776,0.62642,0.53409,0.705
ACOLITE,ACOLITE_roms,warning,Dinophysis_norvegica,10,0.55982,0.61944,0.48062,0.67027
ACOLITE,ACOLITE_roms,warning,Dinophysis_norvegica,11,0.53547,0.60911,0.45349,0.65363
ACOLITE,ACOLITE_roms,warning,Dinophysis_norvegica,12,0.60194,0.65073,0.51452,0.72515
ACOLITE,ACOLITE_roms,warning,Dinophysis_norvegica,13,0.58403,0.61088,0.51103,0.68137
ACOLITE,ACOLITE_roms,warning,Dinophysis_norvegica,14,0.54875,0.58745,0.47638,0.64706
ACOLITE,ACOLITE_roms,warning,Dinophysis_norvegica,15,0.54589,0.58015,0.45749,0.67665
ACOLITE,ACOLITE_roms,warning,Dinophysis_norvegica,16,0.52381,0.57262,0.45267,0.62147
ACOLITE,ACOLITE_roms,warning,Dinophysis_norvegica,17,0.59472,0.67098,0.50202,0.72941
ACOLITE,ACOLITE_roms,warning,Dinophysis_norvegica,18,0.57778,0.59011,0.49618,0.69149
ACOLITE,ACOLITE_roms,warning,Dinophysis_norvegica,19,0.58661,0.60376,0.51004,0.69022
ACOLITE,ACOLITE_roms,warning,Dinophysis_norvegica,20,0.5493,0.60063,0.468,0.66477
ACOLITE,ACOLITE_roms,warning,Dinophysis_norvegica,21,0.57399,0.6191,0.46715,0.74419
ACOLITE,ACOLITE_roms,warning,Dinophysis_norvegica,22,0.57143,0.61,0.5,0.66667
ACOLITE,ACOLITE_roms,warning,Dinophysis_norvegica,23,0.57275,0.64887,0.46792,0.7381
ACOLITE,ACOLITE_roms,warning,Dinophysis_norvegica,24,0.61538,0.62646,0.53659,0.72131
ACOLITE,ACOLITE_roms,warning,Dinophysis_norvegica,25,0.5167,0.5661,0.43284,0.64088
ACOLITE,ACOLITE_roms,warning,Dinophysis_norvegica,26,0.53917,0.55293,0.47561,0.62234
ACOLITE,ACOLITE_roms,warning,Dinophysis_norvegica,27,0.51965,0.56855,0.45247,0.61026
ACOLITE,ACOLITE_roms,warning,Dinophysis_norvegica,28,0.57709,0.64055,0.47985,0.72376
ACOLITE,ACOLITE_roms,warning,Dinophysis_norvegica,29,0.55093,0.55804,0.4741,0.65746
ACOLITE,ACOLITE_roms,warning,Dinophysis_norvegica,30,0.5913,0.61384,0.50746,0.70833
ACOLITE,ACOLITE_roms,warning,Dinophysis_norvegica,31,0.6,0.60505,0.55128,0.65816
ACOLITE,ACOLITE_roms,warning,Dinophysis_norvegica,32,0.55529,0.5711,0.50427,0.6178
ACOLITE,ACOLITE_roms,warning,Dinophysis_norvegica,33,0.553,0.598,0.47244,0.66667
ACOLITE,ACOLITE_roms,warning,Dinophysis_norvegica,34,0.59031,0.65229,0.51737,0.68718
ACOLITE,ACOLITE_roms,warning,Dinophysis_norvegica,35,0.59603,0.63411,0.52326,0.69231
ACOLITE,ACOLITE_roms,warning,Dinophysis_norvegica,36,0.56092,0.59697,0.49194,0.65241
ACOLITE,ACOLITE_roms,warning,Dinophysis_norvegica,37,0.58716,0.61853,0.51406,0.68449
ACOLITE,ACOLITE_roms,warning,Dinophysis_norvegica,38,0.59242,0.57162,0.51867,0.69061
ACOLITE,ACOLITE_roms,warning,Dinophysis_norvegica,39,0.5859,0.60501,0.50958,0.68912
ACOLITE,ACOLITE_roms,warning,Dinophysis_norvegica,40,0.57208,0.57574,0.5144,0.64433
ACOLITE,ACOLITE_roms,warning,Dinophysis_norvegica,41,0.53089,0.56833,0.45669,0.63388
ACOLITE,ACOLITE_roms,warning,Dinophysis_norvegica,42,0.53953,0.58826,0.48133,0.61376
ACOLITE,ACOLITE_roms,warning,Dinophysis_norvegica,43,0.57438,0.59936,0.50181,0.6715
ACOLITE,ACOLITE_roms,warning,Dinophysis_norvegica,44,0.55378,0.59413,0.4879,0.64021
ACOLITE,ACOLITE_roms,warning,Dinophysis_norvegica,45,0.48724,0.49334,0.41833,0.58333
ACOLITE,ACOLITE_roms,warning,Dinophysis_norvegica,46,0.56587,0.58087,0.5,0.65174
ACOLITE,ACOLITE_roms,warning,Dinophysis_norvegica,47,0.58108,0.60425,0.50195,0.68984
ACOLITE,ACOLITE_roms,warning,Dinophysis_norvegica,48,0.57209,0.61604,0.4749,0.7193
ACOLITE,ACOLITE_roms,warning,Dinophysis_norvegica,49,0.59529,0.63823,0.52652,0.68473
ACOLITE,ACOLITE_only,warning,Karenia,0,0.87553,0.95366,0.82505,0.93258
ACOLITE,ACOLITE_only,warning,Karenia,1,0.87066,0.95194,0.82143,0.92617
ACOLITE,ACOLITE_only,warning,Karenia,2,0.88102,0.95677,0.83738,0.92946
ACOLITE,ACOLITE_only,warning,Karenia,3,0.86128,0.94222,0.82704,0.89849
ACOLITE,ACOLITE_only,warning,Karenia,4,0.86031,0.94917,0.82906,0.89401
ACOLITE,ACOLITE_only,warning,Karenia,5,0.87938,0.95968,0.84171,0.92057
ACOLITE,ACOLITE_only,warning,Karenia,6,0.86938,0.94801,0.84211,0.89849
ACOLITE,ACOLITE_only,warning,Karenia,7,0.86966,0.9472,0.82516,0.91924
ACOLITE,ACOLITE_only,warning,Karenia,8,0.87234,0.94968,0.83503,0.91314
ACOLITE,ACOLITE_only,warning,Karenia,9,0.8841,0.95623,0.84676,0.92489
ACOLITE,ACOLITE_only,warning,Karenia,10,0.86469,0.94739,0.82129,0.91295
ACOLITE,ACOLITE_only,warning,Karenia,11,0.86681,0.95264,0.82164,0.91723
ACOLITE,ACOLITE_only,warning,Karenia,12,0.89867,0.96085,0.8833,0.91458
ACOLITE,ACOLITE_only,warning,Karenia,13,0.87212,0.95604,0.8254,0.92444
ACOLITE,ACOLITE_only,warning,Karenia,14,0.8898,0.95764,0.8668,0.91405
ACOLITE,ACOLITE_only,warning,Karenia,15,0.88936,0.95837,0.86299,0.91739
ACOLITE,ACOLITE_only,warning,Karenia,16,0.89253,0.95959,0.85658,0.93162
ACOLITE,ACOLITE_only,warning,Karenia,17,0.88143,0.95263,0.83832,0.9292
ACOLITE,ACOLITE_only,warning,Karenia,18,0.86983,0.95562,0.82227,0.92325
ACOLITE,ACOLITE_only,warning,Karenia,19,0.88532,0.95558,0.85331,0.91982
ACOLITE,ACOLITE_only,warning,Karenia,20,0.87992,0.9614,0.84659,0.91598
ACOLITE,ACOLITE_only,warning,Karenia,21,0.87,0.95231,0.82386,0.92161
ACOLITE,ACOLITE_only,warning,Karenia,22,0.87124,0.94952,0.83539,0.91031
ACOLITE,ACOLITE_only,warning,Karenia,23,0.86338,0.94477,0.81917,0.91262
ACOLITE,ACOLITE_only,warning,Karenia,24,0.87371,0.95267,0.81625,0.93987
ACOLITE,ACOLITE_only,warning,Karenia,25,0.89144,0.95294,0.86789,0.91631
ACOLITE,ACOLITE_only,warning,Karenia,26,0.88187,0.95734,0.8343,0.93521
ACOLITE,ACOLITE_only,warning,Karenia,27,0.87654,0.9551,0.84356,0.91221
ACOLITE,ACOLITE_only,warning,Karenia,28,0.89948,0.96204,0.868,0.93333
ACOLITE,ACOLITE_only,warning,Karenia,29,0.875,0.9527,0.84507,0.90713
ACOLITE,ACOLITE_only,warning,Karenia,30,0.88705,0.95841,0.84921,0.92842
ACOLITE,ACOLITE_only,warning,Karenia,31,0.87568,0.95617,0.81653,0.94406
ACOLITE,ACOLITE_only,warning,Karenia,32,0.86745,0.95264,0.8047,0.9408
ACOLITE,ACOLITE_only,warning,Karenia,33,0.87359,0.95357,0.82685,0.92593
ACOLITE,ACOLITE_only,warning,Karenia,34,0.8898,0.95645,0.84872,0.93506
ACOLITE,ACOLITE_only,warning,Karenia,35,0.88474,0.956,0.8419,0.93217
ACOLITE,ACOLITE_only,warning,Karenia,36,0.88199,0.95431,0.84692,0.92009
ACOLITE,ACOLITE_only,warning,Karenia,37,0.8845,0.96035,0.85,0.92191
ACOLITE,ACOLITE_only,warning,Karenia,38,0.88211,0.95494,0.82806,0.94369
ACOLITE,ACOLITE_only,warning,Karenia,39,0.89316,0.96256,0.84444,0.94785
ACOLITE,ACOLITE_only,warning,Karenia,40,0.88499,0.95956,0.83644,0.93953
ACOLITE,ACOLITE_only,warning,Karenia,41,0.87351,0.9515,0.84167,0.90787
ACOLITE,ACOLITE_only,warning,Karenia,42,0.87292,0.95198,0.82806,0.92291
ACOLITE,ACOLITE_only,warning,Karenia,43,0.87723,0.9594,0.84154,0.91608
ACOLITE,ACOLITE_only,warning,Karenia,44,0.87933,0.96119,0.82643,0.93946
ACOLITE,ACOLITE_only,warning,Karenia,45,0.85134,0.93835,0.81224,0.89438
ACOLITE,ACOLITE_only,warning,Karenia,46,0.87726,0.95376,0.83685,0.92178
ACOLITE,ACOLITE_only,warning,Karenia,47,0.87318,0.95733,0.83333,0.91703
ACOLITE,ACOLITE_only,warning,Karenia,48,0.87992,0.9555,0.83396,0.93125
ACOLITE,ACOLITE_only,warning,Karenia,49,0.88425,0.95497,0.848,0.92375
ACOLITE,ACOLITE_roms,warning,Karenia,0,0.88017,0.96071,0.82505,0.94318
ACOLITE,ACOLITE_roms,warning,Karenia,1,0.88796,0.96261,0.84127,0.94013
ACOLITE,ACOLITE_roms,warning,Karenia,2,0.89087,0.96605,0.83925,0.94926
ACOLITE,ACOLITE_roms,warning,Karenia,3,0.88017,0.95465,0.84692,0.91613
ACOLITE,ACOLITE_roms,warning,Karenia,4,0.87556,0.95875,0.84188,0.91204
ACOLITE,ACOLITE_roms,warning,Karenia,5,0.89469,0.96844,0.8622,0.92972
ACOLITE,ACOLITE_roms,warning,Karenia,6,0.87866,0.95435,0.8502,0.90909
ACOLITE,ACOLITE_roms,warning,Karenia,7,0.88462,0.95676,0.83369,0.94217
ACOLITE,ACOLITE_roms,warning,Karenia,8,0.87674,0.95882,0.83299,0.92534
ACOLITE,ACOLITE_roms,warning,Karenia,9,0.88501,0.96302,0.84676,0.92688
ACOLITE,ACOLITE_roms,warning,Karenia,10,0.88466,0.96002,0.83936,0.93512
ACOLITE,ACOLITE_roms,warning,Karenia,11,0.88703,0.96509,0.8497,0.92779
ACOLITE,ACOLITE_roms,warning,Karenia,12,0.91152,0.96996,0.89135,0.93263
ACOLITE,ACOLITE_roms,warning,Karenia,13,0.8861,0.96356,0.84127,0.93598
ACOLITE,ACOLITE_roms,warning,Karenia,14,0.90083,0.96726,0.8668,0.93763
ACOLITE,ACOLITE_roms,warning,Karenia,15,0.90234,0.96674,0.86912,0.93819
ACOLITE,ACOLITE_roms,warning,Karenia,16,0.8998,0.96824,0.86444,0.93817
ACOLITE,ACOLITE_roms,warning,Karenia,17,0.88889,0.96078,0.84631,0.93598
ACOLITE,ACOLITE_roms,warning,Karenia,18,0.89275,0.96383,0.85352,0.93576
ACOLITE,ACOLITE_roms,warning,Karenia,19,0.90053,0.96441,0.86983,0.93348
ACOLITE,ACOLITE_roms,warning,Karenia,20,0.88358,0.96705,0.84091,0.93082
ACOLITE,ACOLITE_roms,warning,Karenia,21,0.88889,0.96256,0.84091,0.94268
ACOLITE,ACOLITE_roms,warning,Karenia,22,0.88298,0.95687,0.85391,0.9141
ACOLITE,ACOLITE_roms,warning,Karenia,23,0.86697,0.95234,0.82353,0.91525
ACOLITE,ACOLITE_roms,warning,Karenia,24,0.88589,0.96334,0.82592,0.95526
ACOLITE,ACOLITE_roms,warning,Karenia,25,0.8938,0.9617,0.86382,0.92593
ACOLITE,ACOLITE_roms,warning,Karenia,26,0.89655,0.96593,0.85164,0.94647
ACOLITE,ACOLITE_roms,warning,Karenia,27,0.89304,0.96304,0.85149,0.93886
ACOLITE,ACOLITE_roms,warning,Karenia,28,0.90566,0.96982,0.864,0.95154
ACOLITE,ACOLITE_roms,warning,Karenia,29,0.88161,0.96383,0.83903,0.92873
ACOLITE,ACOLITE_roms,warning,Karenia,30,0.89783,0.96757,0.8631,0.93548
ACOLITE,ACOLITE_roms,warning,Karenia,31,0.87991,0.95781,0.83468,0.93034
ACOLITE,ACOLITE_roms,warning,Karenia,32,0.88,0.96298,0.81555,0.95551
ACOLITE,ACOLITE_roms,warning,Karenia,33,0.88454,0.96375,0.83463,0.94079
ACOLITE,ACOLITE_roms,warning,Karenia,34,0.88866,0.96426,0.85462,0.92553
ACOLITE,ACOLITE_roms,warning,Karenia,35,0.88773,0.9651,0.84387,0.9364
ACOLITE,ACOLITE_roms,warning,Karenia,36,0.90216,0.96394,0.87078,0.9359
ACOLITE,ACOLITE_roms,warning,Karenia,37,0.89142,0.96785,0.862,0.92291
ACOLITE,ACOLITE_roms,warning,Karenia,38,0.89357,0.96463,0.83794,0.95711
ACOLITE,ACOLITE_roms,warning,Karenia,39,0.9035,0.97235,0.86061,0.95089
ACOLITE,ACOLITE_roms,warning,Karenia,40,0.90281,0.96824,0.86542,0.94357
ACOLITE,ACOLITE_roms,warning,Karenia,41,0.88745,0.96141,0.85417,0.92342
ACOLITE,ACOLITE_roms,warning,Karenia,42,0.89027,0.9632,0.8498,0.93478
ACOLITE,ACOLITE_roms,warning,Karenia,43,0.87937,0.96504,0.83512,0.92857
ACOLITE,ACOLITE_roms,warning,Karenia,44,0.91081,0.97228,0.85602,0.97309
ACOLITE,ACOLITE_roms,warning,Karenia,45,0.87124,0.95029,0.82857,0.91855
ACOLITE,ACOLITE_roms,warning,Karenia,46,0.88325,0.96397,0.83493,0.9375
ACOLITE,ACOLITE_roms,warning,Karenia,47,0.89463,0.96767,0.85913,0.93319
ACOLITE,ACOLITE_roms,warning,Karenia,48,0.89237,0.9612,0.85075,0.93827
ACOLITE,ACOLITE_roms,warning,Karenia,49,0.88889,0.96282,0.84,0.94382
ACOLITE,ACOLITE_only,warning,Pseudo-nitzschia,0,0.74136,0.82596,0.72494,0.75854
ACOLITE,ACOLITE_only,warning,Pseudo-nitzschia,1,0.75529,0.83948,0.74478,0.76611
ACOLITE,ACOLITE_only,warning,Pseudo-nitzschia,2,0.74313,0.822,0.73872,0.7476
ACOLITE,ACOLITE_only,warning,Pseudo-nitzschia,3,0.76236,0.83231,0.76513,0.75962
ACOLITE,ACOLITE_only,warning,Pseudo-nitzschia,4,0.73474,0.81614,0.70913,0.76227
ACOLITE,ACOLITE_only,warning,Pseudo-nitzschia,5,0.74901,0.83072,0.7289,0.77027
ACOLITE,ACOLITE_only,warning,Pseudo-nitzschia,6,0.75248,0.83768,0.72038,0.78756
ACOLITE,ACOLITE_only,warning,Pseudo-nitzschia,7,0.76655,0.84399,0.72687,0.81081
ACOLITE,ACOLITE_only,warning,Pseudo-nitzschia,8,0.73645,0.84296,0.72048,0.75315
ACOLITE,ACOLITE_only,warning,Pseudo-nitzschia,9,0.75277,0.82807,0.73558,0.77078
ACOLITE,ACOLITE_only,warning,Pseudo-nitzschia,10,0.74194,0.81247,0.73284,0.75126
ACOLITE,ACOLITE_only,warning,Pseudo-nitzschia,11,0.75414,0.83161,0.73843,0.77053
ACOLITE,ACOLITE_only,warning,Pseudo-nitzschia,12,0.72966,0.79739,0.70025,0.76164
ACOLITE,ACOLITE_only,warning,Pseudo-nitzschia,13,0.76259,0.84547,0.72437,0.80506
ACOLITE,ACOLITE_only,warning,Pseudo-nitzschia,14,0.74491,0.82683,0.71167,0.78141
ACOLITE,ACOLITE_only,warning,Pseudo-nitzschia,15,0.75572,0.84742,0.7088,0.80928
ACOLITE,ACOLITE_only,warning,Pseudo-nitzschia,16,0.74543,0.82175,0.72684,0.765
ACOLITE,ACOLITE_only,warning,Pseudo-nitzschia,17,0.75448,0.84155,0.70913,0.80601
ACOLITE,ACOLITE_only,warning,Pseudo-nitzschia,18,0.73735,0.82412,0.71663,0.75931
ACOLITE,ACOLITE_only,warning,Pseudo-nitzschia,19,0.76845,0.84946,0.74384,0.79474
ACOLITE,ACOLITE_only,warning,Pseudo-nitzschia,20,0.75919,0.83217,0.72562,0.79602
ACOLITE,ACOLITE_only,warning,Pseudo-nitzschia,21,0.75,0.82798,0.72087,0.78158
ACOLITE,ACOLITE_only,warning,Pseudo-nitzschia,22,0.76887,0.84784,0.75571,0.78251
ACOLITE,ACOLITE_only,warning,Pseudo-nitzschia,23,0.74132,0.83907,0.71957,0.76443
ACOLITE,ACOLITE_only,warning,Pseudo-nitzschia,24,0.72152,0.78817,0.69853,0.74607
ACOLITE,ACOLITE_only,warning,Pseudo-nitzschia,25,0.77303,0.83982,0.75604,0.7908
ACOLITE,ACOLITE_only,warning,Pseudo-nitzschia,26,0.73569,0.81894,0.72947,0.74201
ACOLITE,ACOLITE_only,warning,Pseudo-nitzschia,27,0.75286,0.82037,0.73274,0.77412
ACOLITE,ACOLITE_only,warning,Pseudo-nitzschia,28,0.73634,0.80695,0.7243,0.74879
ACOLITE,ACOLITE_only,warning,Pseudo-nitzschia,29,0.76463,0.84359,0.71897,0.81649
ACOLITE,ACOLITE_only,warning,Pseudo-nitzschia,30,0.76341,0.83116,0.7506,0.77667
ACOLITE,ACOLITE_only,warning,Pseudo-nitzschia,31,0.7371,0.81088,0.70423,0.7732
ACOLITE,ACOLITE_only,warning,Pseudo-nitzschia,32,0.77301,0.8355,0.76087,0.78554
ACOLITE,ACOLITE_only,warning,Pseudo-nitzschia,33,0.72633,0.82457,0.6846,0.77348
ACOLITE,ACOLITE_only,warning,Pseudo-nitzschia,34,0.76512,0.84995,0.75286,0.77778
ACOLITE,ACOLITE_only,warning,Pseudo-nitzschia,35,0.75561,0.84315,0.73903,0.77295
ACOLITE,ACOLITE_only,warning,Pseudo-nitzschia,36,0.75726,0.82656,0.74771,0.76706
ACOLITE,ACOLITE_only,warning,Pseudo-nitzschia,37,0.75784,0.83124,0.7402,0.77635
ACOLITE,ACOLITE_only,warning,Pseudo-nitzschia,38,0.76296,0.84386,0.74279,0.78426
ACOLITE,ACOLITE_only,warning,Pseudo-nitzschia,39,0.75476,0.82281,0.73893,0.77129
ACOLITE,ACOLITE_only,warning,Pseudo-nitzschia,40,0.74501,0.82932,0.73893,0.75118
ACOLITE,ACOLITE_only,warning,Pseudo-nitzschia,41,0.72039,0.81806,0.70406,0.7375
ACOLITE,ACOLITE_only,warning,Pseudo-nitzschia,42,0.75,0.83732,0.70504,0.80109
ACOLITE,ACOLITE_only,warning,Pseudo-nitzschia,43,0.75607,0.83637,0.74487,0.76761
ACOLITE,ACOLITE_only,warning,Pseudo-nitzschia,44,0.7467,0.83798,0.73316,0.76075
ACOLITE,ACOLITE_only,warning,Pseudo-nitzschia,45,0.7476,0.8305,0.73697,0.75854
ACOLITE,ACOLITE_only,warning,Pseudo-nitzschia,46,0.74623,0.81879,0.72197,0.77218
ACOLITE,ACOLITE_only,warning,Pseudo-nitzschia,47,0.76224,0.82236,0.74828,0.77672
ACOLITE,ACOLITE_only,warning,Pseudo-nitzschia,48,0.77088,0.86104,0.73913,0.80549
ACOLITE,ACOLITE_only,warning,Pseudo-nitzschia,49,0.77686,0.85552,0.75114,0.8044
ACOLITE,ACOLITE_roms,warning,Pseudo-nitzschia,0,0.75701,0.83848,0.75524,0.75878
ACOLITE,ACOLITE_roms,warning,Pseudo-nitzschia,1,0.78121,0.8417,0.79118,0.77149
ACOLITE,ACOLITE_roms,warning,Pseudo-nitzschia,2,0.76457,0.83593,0.7791,0.75057
ACOLITE,ACOLITE_roms,warning,Pseudo-nitzschia,3,0.77503,0.8511,0.79661,0.75459
ACOLITE,ACOLITE_roms,warning,Pseudo-nitzschia,4,0.75952,0.83774,0.76683,0.75236
ACOLITE,ACOLITE_roms,warning,Pseudo-nitzschia,5,0.77593,0.84876,0.77494,0.77692
ACOLITE,ACOLITE_roms,warning,Pseudo-nitzschia,6,0.78323,0.85549,0.77488,0.79177
ACOLITE,ACOLITE_roms,warning,Pseudo-nitzschia,7,0.78795,0.87014,0.77753,0.79864
ACOLITE,ACOLITE_roms,warning,Pseudo-nitzschia,8,0.77458,0.8576,0.77831,0.77088
ACOLITE,ACOLITE_roms,warning,Pseudo-nitzschia,9,0.77658,0.83461,0.78125,0.77197
ACOLITE,ACOLITE_roms,warning,Pseudo-nitzschia,10,0.75179,0.81688,0.77206,0.73256
ACOLITE,ACOLITE_roms,warning,Pseudo-nitzschia,11,0.79907,0.8503,0.7963,0.80186
ACOLITE,ACOLITE_roms,warning,Pseudo-nitzschia,12,0.75062,0.82743,0.75819,0.74321
ACOLITE,ACOLITE_roms,warning,Pseudo-nitzschia,13,0.80698,0.87085,0.79043,0.82423
ACOLITE,ACOLITE_roms,warning,Pseudo-nitzschia,14,0.77442,0.84269,0.76201,0.78723
ACOLITE,ACOLITE_roms,warning,Pseudo-nitzschia,15,0.77299,0.85271,0.74944,0.79808
ACOLITE,ACOLITE_roms,warning,Pseudo-nitzschia,16,0.77214,0.83695,0.77672,0.76761
ACOLITE,ACOLITE_roms,warning,Pseudo-nitzschia,17,0.76942,0.85607,0.75,0.78987
ACOLITE,ACOLITE_roms,warning,Pseudo-nitzschia,18,0.77701,0.83679,0.79157,0.76298
ACOLITE,ACOLITE_roms,warning,Pseudo-nitzschia,19,0.78954,0.88128,0.78079,0.79849
ACOLITE,ACOLITE_roms,warning,Pseudo-nitzschia,20,0.7643,0.84546,0.75737,0.77136
ACOLITE,ACOLITE_roms,warning,Pseudo-nitzschia,21,0.78072,0.84224,0.78641,0.77512
ACOLITE,ACOLITE_roms,warning,Pseudo-nitzschia,22,0.78707,0.86645,0.80594,0.76906
ACOLITE,ACOLITE_roms,warning,Pseudo-nitzschia,23,0.7828,0.86261,0.77174,0.79418
ACOLITE,ACOLITE_roms,warning,Pseudo-nitzschia,24,0.74419,0.80091,0.7451,0.74328
ACOLITE,ACOLITE_roms,warning,Pseudo-nitzschia,25,0.78186,0.85893,0.7956,0.76858
ACOLITE,ACOLITE_roms,warning,Pseudo-nitzschia,26,0.77069,0.83661,0.78744,0.75463
ACOLITE,ACOLITE_roms,warning,Pseudo-nitzschia,27,0.77419,0.83319,0.77506,0.77333
ACOLITE,ACOLITE_roms,warning,Pseudo-nitzschia,28,0.76389,0.83417,0.77103,0.75688
ACOLITE,ACOLITE_roms,warning,Pseudo-nitzschia,29,0.78091,0.85929,0.74707,0.81795
ACOLITE,ACOLITE_roms,warning,Pseudo-nitzschia,30,0.77541,0.8414,0.78657,0.76457
ACOLITE,ACOLITE_roms,warning,Pseudo-nitzschia,31,0.77636,0.83707,0.78638,0.76659
ACOLITE,ACOLITE_roms,warning,Pseudo-nitzschia,32,0.78055,0.83756,0.79469,0.7669
ACOLITE,ACOLITE_roms,warning,Pseudo-nitzschia,33,0.77722,0.85186,0.75061,0.80577
ACOLITE,ACOLITE_roms,warning,Pseudo-nitzschia,34,0.78815,0.87286,0.79176,0.78458
ACOLITE,ACOLITE_roms,warning,Pseudo-nitzschia,35,0.79123,0.86255,0.79215,0.79032
ACOLITE,ACOLITE_roms,warning,Pseudo-nitzschia,36,0.78192,0.86165,0.79358,0.7706
ACOLITE,ACOLITE_roms,warning,Pseudo-nitzschia,37,0.78765,0.85687,0.78186,0.79353
ACOLITE,ACOLITE_roms,warning,Pseudo-nitzschia,38,0.79609,0.86302,0.78365,0.80893
ACOLITE,ACOLITE_roms,warning,Pseudo-nitzschia,39,0.77816,0.84032,0.78089,0.77546
ACOLITE,ACOLITE_roms,warning,Pseudo-nitzschia,40,0.77382,0.85689,0.78555,0.76244
ACOLITE,ACOLITE_roms,warning,Pseudo-nitzschia,41,0.76905,0.8402,0.77088,0.76722
ACOLITE,ACOLITE_roms,warning,Pseudo-nitzschia,42,0.77941,0.86158,0.76259,0.79699
ACOLITE,ACOLITE_roms,warning,Pseudo-nitzschia,43,0.77173,0.84615,0.75854,0.78538
ACOLITE,ACOLITE_roms,warning,Pseudo-nitzschia,44,0.78663,0.85456,0.79275,0.78061
ACOLITE,ACOLITE_roms,warning,Pseudo-nitzschia,45,0.78413,0.86391,0.79621,0.77241
ACOLITE,ACOLITE_roms,warning,Pseudo-nitzschia,46,0.7706,0.83943,0.77578,0.76549
ACOLITE,ACOLITE_roms,warning,Pseudo-nitzschia,47,0.78016,0.84194,0.79176,0.76889
ACOLITE,ACOLITE_roms,warning,Pseudo-nitzschia,48,0.79535,0.8783,0.78261,0.80851
ACOLITE,ACOLITE_roms,warning,Pseudo-nitzschia,49,0.79862,0.87134,0.79224,0.8051
Baseline,Baseline_only,warning,Alexandrium_catenella,0,0.62738,0.73289,0.55015,0.72984
Baseline,Baseline_only,warning,Alexandrium_catenella,1,0.65641,0.76331,0.58006,0.75591
Baseline,Baseline_only,warning,Alexandrium_catenella,2,0.65169,0.77415,0.57183,0.75746
Baseline,Baseline_only,warning,Alexandrium_catenella,3,0.64434,0.75436,0.56901,0.74265
Baseline,Baseline_only,warning,Alexandrium_catenella,4,0.68132,0.77043,0.60955,0.77224
Baseline,Baseline_only,warning,Alexandrium_catenella,5,0.63808,0.74812,0.56535,0.73228
Baseline,Baseline_only,warning,Alexandrium_catenella,6,0.68327,0.77664,0.60759,0.78049
Baseline,Baseline_only,warning,Alexandrium_catenella,7,0.69499,0.7985,0.64507,0.75329
Baseline,Baseline_only,warning,Alexandrium_catenella,8,0.6601,0.78361,0.57593,0.77308
Baseline,Baseline_only,warning,Alexandrium_catenella,9,0.63295,0.75189,0.55271,0.74046
Baseline,Baseline_only,warning,Alexandrium_catenella,10,0.67434,0.77963,0.59767,0.77358
Baseline,Baseline_only,warning,Alexandrium_catenella,11,0.65878,0.74755,0.58383,0.75581
Baseline,Baseline_only,warning,Alexandrium_catenella,12,0.65651,0.75263,0.57396,0.7668
Baseline,Baseline_only,warning,Alexandrium_catenella,13,0.66441,0.77688,0.57988,0.77778
Baseline,Baseline_only,warning,Alexandrium_catenella,14,0.65789,0.76602,0.57971,0.76046
Baseline,Baseline_only,warning,Alexandrium_catenella,15,0.65849,0.76437,0.57846,0.76423
Baseline,Baseline_only,warning,Alexandrium_catenella,16,0.64657,0.75341,0.60883,0.68929
Baseline,Baseline_only,warning,Alexandrium_catenella,17,0.6778,0.81105,0.58333,0.80876
Baseline,Baseline_only,warning,Alexandrium_catenella,18,0.64379,0.75266,0.56772,0.7434
Baseline,Baseline_only,warning,Alexandrium_catenella,19,0.66432,0.77424,0.59062,0.75904
Baseline,Baseline_only,warning,Alexandrium_catenella,20,0.66561,0.76022,0.6087,0.73427
Baseline,Baseline_only,warning,Alexandrium_catenella,21,0.65397,0.77601,0.55526,0.79537
Baseline,Baseline_only,warning,Alexandrium_catenella,22,0.66003,0.78155,0.57184,0.78039
Baseline,Baseline_only,warning,Alexandrium_catenella,23,0.6868,0.77448,0.63158,0.75261
Baseline,Baseline_only,warning,Alexandrium_catenella,24,0.66142,0.75531,0.6,0.73684
Baseline,Baseline_only,warning,Alexandrium_catenella,25,0.65424,0.77417,0.5727,0.76285
Baseline,Baseline_only,warning,Alexandrium_catenella,26,0.62193,0.75554,0.53824,0.73643
Baseline,Baseline_only,warning,Alexandrium_catenella,27,0.66113,0.75562,0.57184,0.78346
Baseline,Baseline_only,warning,Alexandrium_catenella,28,0.67823,0.7899,0.60056,0.77899
Baseline,Baseline_only,warning,Alexandrium_catenella,29,0.66667,0.776,0.58507,0.7747
Baseline,Baseline_only,warning,Alexandrium_catenella,30,0.66885,0.7667,0.59824,0.75836
Baseline,Baseline_only,warning,Alexandrium_catenella,31,0.66557,0.75124,0.60119,0.74539
Baseline,Baseline_only,warning,Alexandrium_catenella,32,0.66318,0.75688,0.58282,0.76923
Baseline,Baseline_only,warning,Alexandrium_catenella,33,0.6735,0.76873,0.59697,0.77255
Baseline,Baseline_only,warning,Alexandrium_catenella,34,0.68007,0.78553,0.59882,0.78682
Baseline,Baseline_only,warning,Alexandrium_catenella,35,0.69937,0.8001,0.62784,0.78929
Baseline,Baseline_only,warning,Alexandrium_catenella,36,0.6323,0.74782,0.52722,0.7897
Baseline,Baseline_only,warning,Alexandrium_catenella,37,0.66781,0.76847,0.59091,0.76772
Baseline,Baseline_only,warning,Alexandrium_catenella,38,0.66667,0.787,0.60534,0.74182
Baseline,Baseline_only,warning,Alexandrium_catenella,39,0.68429,0.77499,0.63037,0.7483
Baseline,Baseline_only,warning,Alexandrium_catenella,40,0.62409,0.7178,0.5625,0.70082
Baseline,Baseline_only,warning,Alexandrium_catenella,41,0.66246,0.77198,0.6,0.73944
Baseline,Baseline_only,warning,Alexandrium_catenella,42,0.62626,0.73968,0.55522,0.71815
Baseline,Baseline_only,warning,Alexandrium_catenella,43,0.66159,0.7804,0.58333,0.76408
Baseline,Baseline_only,warning,Alexandrium_catenella,44,0.63815,0.75399,0.55937,0.74274
Baseline,Baseline_only,warning,Alexandrium_catenella,45,0.66218,0.77104,0.58806,0.75769
Baseline,Baseline_only,warning,Alexandrium_catenella,46,0.66884,0.75612,0.58239,0.78544
Baseline,Baseline_only,warning,Alexandrium_catenella,47,0.64808,0.73121,0.58861,0.72093
Baseline,Baseline_only,warning,Alexandrium_catenella,48,0.64202,0.72868,0.59133,0.70221
Baseline,Baseline_only,warning,Alexandrium_catenella,49,0.69745,0.78471,0.63295,0.7766
Baseline,Baseline_roms,warning,Alexandrium_catenella,0,0.69831,0.77594,0.62614,0.78927
Baseline,Baseline_roms,warning,Alexandrium_catenella,1,0.68475,0.78407,0.61027,0.77992
Baseline,Baseline_roms,warning,Alexandrium_catenella,2,0.69375,0.77998,0.62535,0.77895
Baseline,Baseline_roms,warning,Alexandrium_catenella,3,0.68438,0.77541,0.6169,0.76842
Baseline,Baseline_roms,warning,Alexandrium_catenella,4,0.72025,0.79623,0.65449,0.80069
Baseline,Baseline_roms,warning,Alexandrium_catenella,5,0.67007,0.77612,0.59878,0.76062
Baseline,Baseline_roms,warning,Alexandrium_catenella,6,0.69671,0.79367,0.63608,0.77011
Baseline,Baseline_roms,warning,Alexandrium_catenella,7,0.73105,0.81667,0.69296,0.77358
Baseline,Baseline_roms,warning,Alexandrium_catenella,8,0.72496,0.80364,0.6533,0.81429
Baseline,Baseline_roms,warning,Alexandrium_catenella,9,0.6677,0.76243,0.61254,0.73379
Baseline,Baseline_roms,warning,Alexandrium_catenella,10,0.7136,0.80026,0.65015,0.79078
Baseline,Baseline_roms,warning,Alexandrium_catenella,11,0.68627,0.78634,0.62874,0.7554
Baseline,Baseline_roms,warning,Alexandrium_catenella,12,0.6843,0.77242,0.61243,0.77528
Baseline,Baseline_roms,warning,Alexandrium_catenella,13,0.68988,0.79159,0.61538,0.78491
Baseline,Baseline_roms,warning,Alexandrium_catenella,14,0.70998,0.79274,0.64928,0.78322
Baseline,Baseline_roms,warning,Alexandrium_catenella,15,0.70946,0.79107,0.64615,0.78652
Baseline,Baseline_roms,warning,Alexandrium_catenella,16,0.71031,0.78114,0.68454,0.7381
Baseline,Baseline_roms,warning,Alexandrium_catenella,17,0.74522,0.82538,0.67241,0.83571
Baseline,Baseline_roms,warning,Alexandrium_catenella,18,0.68545,0.77629,0.63112,0.75
Baseline,Baseline_roms,warning,Alexandrium_catenella,19,0.71287,0.79512,0.675,0.75524
Baseline,Baseline_roms,warning,Alexandrium_catenella,20,0.72672,0.81439,0.68986,0.76774
Baseline,Baseline_roms,warning,Alexandrium_catenella,21,0.70229,0.79341,0.61995,0.80986
Baseline,Baseline_roms,warning,Alexandrium_catenella,22,0.71132,0.79095,0.6408,0.79928
Baseline,Baseline_roms,warning,Alexandrium_catenella,23,0.70062,0.78995,0.66374,0.74183
Baseline,Baseline_roms,warning,Alexandrium_catenella,24,0.69797,0.79686,0.63714,0.77163
Baseline,Baseline_roms,warning,Alexandrium_catenella,25,0.70667,0.79395,0.62908,0.80608
Baseline,Baseline_roms,warning,Alexandrium_catenella,26,0.68182,0.78355,0.5949,0.79848
Baseline,Baseline_roms,warning,Alexandrium_catenella,27,0.68189,0.77736,0.60057,0.78868
Baseline,Baseline_roms,warning,Alexandrium_catenella,28,0.70515,0.80304,0.63128,0.79859
Baseline,Baseline_roms,warning,Alexandrium_catenella,29,0.67791,0.79082,0.6,0.77907
Baseline,Baseline_roms,warning,Alexandrium_catenella,30,0.69649,0.79131,0.6393,0.76491
Baseline,Baseline_roms,warning,Alexandrium_catenella,31,0.69055,0.76924,0.63095,0.76259
Baseline,Baseline_roms,warning,Alexandrium_catenella,32,0.6747,0.77667,0.60123,0.76863
Baseline,Baseline_roms,warning,Alexandrium_catenella,33,0.70068,0.79424,0.62424,0.79845
Baseline,Baseline_roms,warning,Alexandrium_catenella,34,0.72142,0.80367,0.66077,0.79433
Baseline,Baseline_roms,warning,Alexandrium_catenella,35,0.72981,0.82996,0.66761,0.80479
Baseline,Baseline_roms,warning,Alexandrium_catenella,36,0.64345,0.76507,0.55587,0.76378
Baseline,Baseline_roms,warning,Alexandrium_catenella,37,0.70869,0.79135,0.6303,0.80934
Baseline,Baseline_roms,warning,Alexandrium_catenella,38,0.70142,0.79315,0.65875,0.75
Baseline,Baseline_roms,warning,Alexandrium_catenella,39,0.72,0.7894,0.67049,0.77741
Baseline,Baseline_roms,warning,Alexandrium_catenella,40,0.66784,0.74626,0.625,0.71698
Baseline,Baseline_roms,warning,Alexandrium_catenella,41,0.70444,0.78725,0.65714,0.75908
Baseline,Baseline_roms,warning,Alexandrium_catenella,42,0.67438,0.76001,0.60896,0.75556
Baseline,Baseline_roms,warning,Alexandrium_catenella,43,0.70122,0.79133,0.61828,0.80986
Baseline,Baseline_roms,warning,Alexandrium_catenella,44,0.69863,0.78645,0.6375,0.77273
Baseline,Baseline_roms,warning,Alexandrium_catenella,45,0.68342,0.79328,0.60896,0.77863
Baseline,Baseline_roms,warning,Alexandrium_catenella,46,0.69826,0.77656,0.62784,0.78648
Baseline,Baseline_roms,warning,Alexandrium_catenella,47,0.66891,0.76057,0.62975,0.71326
Baseline,Baseline_roms,warning,Alexandrium_catenella,48,0.69805,0.76521,0.66563,0.73379
Baseline,Baseline_roms,warning,Alexandrium_catenella,49,0.721,0.80591,0.66474,0.78767
Baseline,Baseline_only,warning,Dinophysis_acuminata,0,0.74863,0.84361,0.71335,0.78757
Baseline,Baseline_only,warning,Dinophysis_acuminata,1,0.74691,0.86787,0.6926,0.81045
Baseline,Baseline_only,warning,Dinophysis_acuminata,2,0.74507,0.84552,0.71169,0.78174
Baseline,Baseline_only,warning,Dinophysis_acuminata,3,0.75103,0.85844,0.7459,0.75623
Baseline,Baseline_only,warning,Dinophysis_acuminata,4,0.76413,0.86333,0.72682,0.80548
Baseline,Baseline_only,warning,Dinophysis_acuminata,5,0.76158,0.85598,0.72026,0.80792
Baseline,Baseline_only,warning,Dinophysis_acuminata,6,0.74581,0.84822,0.71649,0.77762
Baseline,Baseline_only,warning,Dinophysis_acuminata,7,0.76743,0.87264,0.7381,0.79919
Baseline,Baseline_only,warning,Dinophysis_acuminata,8,0.75772,0.84848,0.73404,0.78298
Baseline,Baseline_only,warning,Dinophysis_acuminata,9,0.778,0.86797,0.74116,0.81869
Baseline,Baseline_only,warning,Dinophysis_acuminata,10,0.76933,0.86741,0.73929,0.80191
Baseline,Baseline_only,warning,Dinophysis_acuminata,11,0.75166,0.85024,0.7075,0.8017
Baseline,Baseline_only,warning,Dinophysis_acuminata,12,0.77062,0.85985,0.74133,0.80231
Baseline,Baseline_only,warning,Dinophysis_acuminata,13,0.78989,0.87911,0.74529,0.84017
Baseline,Baseline_only,warning,Dinophysis_acuminata,14,0.74633,0.85443,0.70403,0.79403
Baseline,Baseline_only,warning,Dinophysis_acuminata,15,0.74765,0.85327,0.71319,0.78561
Baseline,Baseline_only,warning,Dinophysis_acuminata,16,0.7364,0.84669,0.7012,0.77533
Baseline,Baseline_only,warning,Dinophysis_acuminata,17,0.7558,0.85807,0.71026,0.80758
Baseline,Baseline_only,warning,Dinophysis_acuminata,18,0.76346,0.83894,0.74172,0.78652
Baseline,Baseline_only,warning,Dinophysis_acuminata,19,0.75421,0.85772,0.71703,0.79545
Baseline,Baseline_only,warning,Dinophysis_acuminata,20,0.75776,0.85492,0.72812,0.78993
Baseline,Baseline_only,warning,Dinophysis_acuminata,21,0.76442,0.86339,0.73138,0.80058
Baseline,Baseline_only,warning,Dinophysis_acuminata,22,0.76184,0.86492,0.7293,0.79741
Baseline,Baseline_only,warning,Dinophysis_acuminata,23,0.75136,0.85469,0.72859,0.7756
Baseline,Baseline_only,warning,Dinophysis_acuminata,24,0.74551,0.84448,0.70655,0.78903
Baseline,Baseline_only,warning,Dinophysis_acuminata,25,0.76555,0.86181,0.74766,0.78431
Baseline,Baseline_only,warning,Dinophysis_acuminata,26,0.76711,0.8619,0.73518,0.80193
Baseline,Baseline_only,warning,Dinophysis_acuminata,27,0.74154,0.85346,0.70528,0.78174
Baseline,Baseline_only,warning,Dinophysis_acuminata,28,0.78849,0.86606,0.74088,0.84263
Baseline,Baseline_only,warning,Dinophysis_acuminata,29,0.75613,0.86825,0.70431,0.81618
Baseline,Baseline_only,warning,Dinophysis_acuminata,30,0.74672,0.82532,0.71466,0.78179
Baseline,Baseline_only,warning,Dinophysis_acuminata,31,0.75676,0.87011,0.73402,0.78095
Baseline,Baseline_only,warning,Dinophysis_acuminata,32,0.75747,0.86182,0.71995,0.79912
Baseline,Baseline_only,warning,Dinophysis_acuminata,33,0.75104,0.84989,0.70337,0.80564
Baseline,Baseline_only,warning,Dinophysis_acuminata,34,0.75843,0.8576,0.7261,0.79379
Baseline,Baseline_only,warning,Dinophysis_acuminata,35,0.75958,0.86019,0.72785,0.7942
Baseline,Baseline_only,warning,Dinophysis_acuminata,36,0.76339,0.86935,0.71356,0.8207
Baseline,Baseline_only,warning,Dinophysis_acuminata,37,0.74847,0.8492,0.69521,0.81057
Baseline,Baseline_only,warning,Dinophysis_acuminata,38,0.76601,0.85268,0.7329,0.80226
Baseline,Baseline_only,warning,Dinophysis_acuminata,39,0.73713,0.85194,0.70284,0.77493
Baseline,Baseline_only,warning,Dinophysis_acuminata,40,0.77844,0.87988,0.75414,0.80435
Baseline,Baseline_only,warning,Dinophysis_acuminata,41,0.75561,0.85262,0.73616,0.77612
Baseline,Baseline_only,warning,Dinophysis_acuminata,42,0.76584,0.86957,0.72021,0.81765
Baseline,Baseline_only,warning,Dinophysis_acuminata,43,0.76734,0.87197,0.73177,0.80654
Baseline,Baseline_only,warning,Dinophysis_acuminata,44,0.7254,0.8337,0.66847,0.79294
Baseline,Baseline_only,warning,Dinophysis_acuminata,45,0.74916,0.84637,0.71686,0.78451
Baseline,Baseline_only,warning,Dinophysis_acuminata,46,0.76297,0.86277,0.72625,0.8036
Baseline,Baseline_only,warning,Dinophysis_acuminata,47,0.75694,0.84931,0.7244,0.79253
Baseline,Baseline_only,warning,Dinophysis_acuminata,48,0.77181,0.86813,0.73245,0.81563
Baseline,Baseline_only,warning,Dinophysis_acuminata,49,0.75942,0.86954,0.73572,0.7847
Baseline,Baseline_roms,warning,Dinophysis_acuminata,0,0.75792,0.84981,0.7356,0.78164
Baseline,Baseline_roms,warning,Dinophysis_acuminata,1,0.76119,0.87332,0.71556,0.81304
Baseline,Baseline_roms,warning,Dinophysis_acuminata,2,0.76268,0.85331,0.73247,0.79549
Baseline,Baseline_roms,warning,Dinophysis_acuminata,3,0.76796,0.8608,0.75956,0.77654
Baseline,Baseline_roms,warning,Dinophysis_acuminata,4,0.7749,0.86848,0.74042,0.81275
Baseline,Baseline_roms,warning,Dinophysis_acuminata,5,0.77198,0.86107,0.73464,0.81331
Baseline,Baseline_roms,warning,Dinophysis_acuminata,6,0.75748,0.85882,0.73454,0.78189
Baseline,Baseline_roms,warning,Dinophysis_acuminata,7,0.7889,0.87969,0.76566,0.81358
Baseline,Baseline_roms,warning,Dinophysis_acuminata,8,0.77703,0.84918,0.76463,0.78984
Baseline,Baseline_roms,warning,Dinophysis_acuminata,9,0.78221,0.88031,0.75505,0.8114
Baseline,Baseline_roms,warning,Dinophysis_acuminata,10,0.77232,0.86906,0.75189,0.79388
Baseline,Baseline_roms,warning,Dinophysis_acuminata,11,0.76121,0.85889,0.72125,0.80587
Baseline,Baseline_roms,warning,Dinophysis_acuminata,12,0.77241,0.86773,0.74667,0.8
Baseline,Baseline_roms,warning,Dinophysis_acuminata,13,0.79631,0.88389,0.75784,0.83889
Baseline,Baseline_roms,warning,Dinophysis_acuminata,14,0.75084,0.85723,0.70781,0.79943
Baseline,Baseline_roms,warning,Dinophysis_acuminata,15,0.74984,0.85423,0.73111,0.76954
Baseline,Baseline_roms,warning,Dinophysis_acuminata,16,0.75173,0.85504,0.71979,0.78665
Baseline,Baseline_roms,warning,Dinophysis_acuminata,17,0.76975,0.86513,0.72436,0.82122
Baseline,Baseline_roms,warning,Dinophysis_acuminata,18,0.76829,0.85116,0.75099,0.78641
Baseline,Baseline_roms,warning,Dinophysis_acuminata,19,0.76678,0.86638,0.7388,0.79696
Baseline,Baseline_roms,warning,Dinophysis_acuminata,20,0.76584,0.85927,0.7374,0.79656
Baseline,Baseline_roms,warning,Dinophysis_acuminata,21,0.7685,0.86457,0.75266,0.78502
Baseline,Baseline_roms,warning,Dinophysis_acuminata,22,0.78202,0.86726,0.75427,0.81188
Baseline,Baseline_roms,warning,Dinophysis_acuminata,23,0.75553,0.85764,0.74308,0.76839
Baseline,Baseline_roms,warning,Dinophysis_acuminata,24,0.7564,0.85298,0.72544,0.79012
Baseline,Baseline_roms,warning,Dinophysis_acuminata,25,0.78552,0.86524,0.78238,0.78869
Baseline,Baseline_roms,warning,Dinophysis_acuminata,26,0.778,0.86954,0.74905,0.80926
Baseline,Baseline_roms,warning,Dinophysis_acuminata,27,0.75705,0.85783,0.72587,0.79102
Baseline,Baseline_roms,warning,Dinophysis_acuminata,28,0.79474,0.87464,0.75975,0.8331
Baseline,Baseline_roms,warning,Dinophysis_acuminata,29,0.77252,0.87229,0.73477,0.81435
Baseline,Baseline_roms,warning,Dinophysis_acuminata,30,0.74676,0.82831,0.72259,0.7726
Baseline,Baseline_roms,warning,Dinophysis_acuminata,31,0.76702,0.87468,0.74936,0.78552
Baseline,Baseline_roms,warning,Dinophysis_acuminata,32,0.76754,0.86497,0.73712,0.80057
Baseline,Baseline_roms,warning,Dinophysis_acuminata,33,0.75805,0.8575,0.71632,0.80495
Baseline,Baseline_roms,warning,Dinophysis_acuminata,34,0.77026,0.86722,0.74289,0.79972
Baseline,Baseline_roms,warning,Dinophysis_acuminata,35,0.77255,0.86365,0.7481,0.79865
Baseline,Baseline_roms,warning,Dinophysis_acuminata,36,0.77389,0.87647,0.72877,0.82496
Baseline,Baseline_roms,warning,Dinophysis_acuminata,37,0.75936,0.85563,0.71537,0.80912
Baseline,Baseline_roms,warning,Dinophysis_acuminata,38,0.77337,0.86431,0.74194,0.80758
Baseline,Baseline_roms,warning,Dinophysis_acuminata,39,0.74409,0.85938,0.71189,0.77935
Baseline,Baseline_roms,warning,Dinophysis_acuminata,40,0.79763,0.88594,0.77325,0.82361
Baseline,Baseline_roms,warning,Dinophysis_acuminata,41,0.7574,0.85803,0.74131,0.77419
Baseline,Baseline_roms,warning,Dinophysis_acuminata,42,0.77899,0.87819,0.73964,0.82277
Baseline,Baseline_roms,warning,Dinophysis_acuminata,43,0.77835,0.8728,0.7466,0.81292
Baseline,Baseline_roms,warning,Dinophysis_acuminata,44,0.73571,0.83432,0.69689,0.77912
Baseline,Baseline_roms,warning,Dinophysis_acuminata,45,0.75626,0.84901,0.73874,0.77463
Baseline,Baseline_roms,warning,Dinophysis_acuminata,46,0.78345,0.86619,0.7575,0.81124
Baseline,Baseline_roms,warning,Dinophysis_acuminata,47,0.75916,0.85353,0.73325,0.78697
Baseline,Baseline_roms,warning,Dinophysis_acuminata,48,0.78567,0.87068,0.75497,0.81897
Baseline,Baseline_roms,warning,Dinophysis_acuminata,49,0.77861,0.8774,0.76361,0.7942
Baseline,Baseline_only,warning,Dinophysis_norvegica,0,0.52885,0.58092,0.42308,0.70513
Baseline,Baseline_only,warning,Dinophysis_norvegica,1,0.55635,0.59684,0.46586,0.69048
Baseline,Baseline_only,warning,Dinophysis_norvegica,2,0.57333,0.63563,0.4708,0.73295
Baseline,Baseline_only,warning,Dinophysis_norvegica,3,0.57908,0.64057,0.4877,0.71257
Baseline,Baseline_only,warning,Dinophysis_norvegica,4,0.55142,0.62525,0.47191,0.66316
Baseline,Baseline_only,warning,Dinophysis_norvegica,5,0.53846,0.60148,0.448,0.6747
Baseline,Baseline_only,warning,Dinophysis_norvegica,6,0.55656,0.60459,0.47674,0.66848
Baseline,Baseline_only,warning,Dinophysis_norvegica,7,0.56965,0.64057,0.4807,0.69898
Baseline,Baseline_only,warning,Dinophysis_norvegica,8,0.57674,0.6502,0.47692,0.72941
Baseline,Baseline_only,warning,Dinophysis_norvegica,9,0.59821,0.64191,0.50758,0.72826
Baseline,Baseline_only,warning,Dinophysis_norvegica,10,0.54545,0.60115,0.45349,0.68421
Baseline,Baseline_only,warning,Dinophysis_norvegica,11,0.52608,0.58641,0.44961,0.63388
Baseline,Baseline_only,warning,Dinophysis_norvegica,12,0.55556,0.62214,0.45643,0.70968
Baseline,Baseline_only,warning,Dinophysis_norvegica,13,0.54709,0.58302,0.44853,0.70115
Baseline,Baseline_only,warning,Dinophysis_norvegica,14,0.56057,0.64486,0.46457,0.70659
Baseline,Baseline_only,warning,Dinophysis_norvegica,15,0.48157,0.546,0.39676,0.6125
Baseline,Baseline_only,warning,Dinophysis_norvegica,16,0.51724,0.58555,0.4321,0.64417
Baseline,Baseline_only,warning,Dinophysis_norvegica,17,0.57568,0.64015,0.46964,0.74359
Baseline,Baseline_only,warning,Dinophysis_norvegica,18,0.54018,0.60697,0.46183,0.65054
Baseline,Baseline_only,warning,Dinophysis_norvegica,19,0.56604,0.60076,0.48193,0.68571
Baseline,Baseline_only,warning,Dinophysis_norvegica,20,0.56075,0.59336,0.48,0.67416
Baseline,Baseline_only,warning,Dinophysis_norvegica,21,0.53273,0.61186,0.43066,0.69822
Baseline,Baseline_only,warning,Dinophysis_norvegica,22,0.54854,0.61034,0.46311,0.67262
Baseline,Baseline_only,warning,Dinophysis_norvegica,23,0.56338,0.63865,0.45283,0.74534
Baseline,Baseline_only,warning,Dinophysis_norvegica,24,0.53365,0.57674,0.45122,0.65294
Baseline,Baseline_only,warning,Dinophysis_norvegica,25,0.48951,0.58323,0.39179,0.65217
Baseline,Baseline_only,warning,Dinophysis_norvegica,26,0.50856,0.55643,0.42276,0.63804
Baseline,Baseline_only,warning,Dinophysis_norvegica,27,0.53061,0.58343,0.44487,0.6573
Baseline,Baseline_only,warning,Dinophysis_norvegica,28,0.56696,0.64472,0.4652,0.72571
Baseline,Baseline_only,warning,Dinophysis_norvegica,29,0.51208,0.56301,0.42231,0.65031
Baseline,Baseline_only,warning,Dinophysis_norvegica,30,0.56689,0.63794,0.46642,0.72254
Baseline,Baseline_only,warning,Dinophysis_norvegica,31,0.58191,0.6347,0.50855,0.68
Baseline,Baseline_only,warning,Dinophysis_norvegica,32,0.5198,0.5421,0.44872,0.61765
Baseline,Baseline_only,warning,Dinophysis_norvegica,33,0.55478,0.62109,0.4685,0.68
Baseline,Baseline_only,warning,Dinophysis_norvegica,34,0.59207,0.67104,0.49035,0.74706
Baseline,Baseline_only,warning,Dinophysis_norvegica,35,0.55427,0.6086,0.46512,0.68571
Baseline,Baseline_only,warning,Dinophysis_norvegica,36,0.5721,0.59084,0.4879,0.69143
Baseline,Baseline_only,warning,Dinophysis_norvegica,37,0.58824,0.61802,0.50201,0.71023
Baseline,Baseline_only,warning,Dinophysis_norvegica,38,0.54286,0.58651,0.47303,0.63687
Baseline,Baseline_only,warning,Dinophysis_norvegica,39,0.55605,0.59763,0.4751,0.67027
Baseline,Baseline_only,warning,Dinophysis_norvegica,40,0.55904,0.58711,0.47737,0.67442
Baseline,Baseline_only,warning,Dinophysis_norvegica,41,0.48113,0.56731,0.40157,0.6
Baseline,Baseline_only,warning,Dinophysis_norvegica,42,0.52955,0.56853,0.46473,0.61538
Baseline,Baseline_only,warning,Dinophysis_norvegica,43,0.54357,0.61002,0.47292,0.63902
Baseline,Baseline_only,warning,Dinophysis_norvegica,44,0.5253,0.5935,0.43952,0.65269
Baseline,Baseline_only,warning,Dinophysis_norvegica,45,0.45823,0.5374,0.38247,0.57143
Baseline,Baseline_only,warning,Dinophysis_norvegica,46,0.52535,0.57554,0.43511,0.66279
Baseline,Baseline_only,warning,Dinophysis_norvegica,47,0.5906,0.63757,0.51362,0.69474
Baseline,Baseline_only,warning,Dinophysis_norvegica,48,0.55556,0.63194,0.44402,0.74194
Baseline,Baseline_only,warning,Dinophysis_norvegica,49,0.56561,0.61246,0.47348,0.70225
Baseline,Baseline_roms,warning,Dinophysis_norvegica,0,0.54846,0.58221,0.44615,0.71166
Baseline,Baseline_roms,warning,Dinophysis_norvegica,1,0.55924,0.59419,0.4739,0.68208
Baseline,Baseline_roms,warning,Dinophysis_norvegica,2,0.59603,0.6178,0.4927,0.75419
Baseline,Baseline_roms,warning,Dinophysis_norvegica,3,0.59242,0.64614,0.5123,0.70225
Baseline,Baseline_roms,warning,Dinophysis_norvegica,4,0.55675,0.62243,0.48689,0.65
Baseline,Baseline_roms,warning,Dinophysis_norvegica,5,0.53012,0.58903,0.44,0.66667
Baseline,Baseline_roms,warning,Dinophysis_norvegica,6,0.55172,0.60302,0.46512,0.67797
Baseline,Baseline_roms,warning,Dinophysis_norvegica,7,0.57669,0.64432,0.49474,0.69118
Baseline,Baseline_roms,warning,Dinophysis_norvegica,8,0.57604,0.63514,0.48077,0.71839
Baseline,Baseline_roms,warning,Dinophysis_norvegica,9,0.58278,0.64355,0.5,0.69841
Baseline,Baseline_roms,warning,Dinophysis_norvegica,10,0.56306,0.5898,0.4845,0.67204
Baseline,Baseline_roms,warning,Dinophysis_norvegica,11,0.53704,0.58781,0.44961,0.66667
Baseline,Baseline_roms,warning,Dinophysis_norvegica,12,0.575,0.62541,0.47718,0.72327
Baseline,Baseline_roms,warning,Dinophysis_norvegica,13,0.58643,0.59217,0.49265,0.72432
Baseline,Baseline_roms,warning,Dinophysis_norvegica,14,0.5522,0.64267,0.4685,0.67232
Baseline,Baseline_roms,warning,Dinophysis_norvegica,15,0.5602,0.5837,0.46154,0.7125
Baseline,Baseline_roms,warning,Dinophysis_norvegica,16,0.53398,0.58153,0.45267,0.65089
Baseline,Baseline_roms,warning,Dinophysis_norvegica,17,0.585,0.65669,0.47368,0.76471
Baseline,Baseline_roms,warning,Dinophysis_norvegica,18,0.56071,0.61392,0.48473,0.66492
Baseline,Baseline_roms,warning,Dinophysis_norvegica,19,0.56174,0.59728,0.46586,0.70732
Baseline,Baseline_roms,warning,Dinophysis_norvegica,20,0.55814,0.60233,0.48,0.66667
Baseline,Baseline_roms,warning,Dinophysis_norvegica,21,0.55234,0.6104,0.45255,0.70857
Baseline,Baseline_roms,warning,Dinophysis_norvegica,22,0.54197,0.59182,0.46311,0.65318
Baseline,Baseline_roms,warning,Dinophysis_norvegica,23,0.56674,0.63334,0.4566,0.74691
Baseline,Baseline_roms,warning,Dinophysis_norvegica,24,0.54502,0.56504,0.46748,0.65341
Baseline,Baseline_roms,warning,Dinophysis_norvegica,25,0.51716,0.57182,0.42164,0.66864
Baseline,Baseline_roms,warning,Dinophysis_norvegica,26,0.50831,0.55836,0.43496,0.61143
Baseline,Baseline_roms,warning,Dinophysis_norvegica,27,0.52772,0.57483,0.45247,0.63298
Baseline,Baseline_roms,warning,Dinophysis_norvegica,28,0.57919,0.64601,0.46886,0.7574
Baseline,Baseline_roms,warning,Dinophysis_norvegica,29,0.51074,0.55864,0.42629,0.6369
Baseline,Baseline_roms,warning,Dinophysis_norvegica,30,0.58568,0.6196,0.50373,0.69948
Baseline,Baseline_roms,warning,Dinophysis_norvegica,31,0.57143,0.59307,0.50427,0.65922
Baseline,Baseline_roms,warning,Dinophysis_norvegica,32,0.51306,0.54702,0.46154,0.57754
Baseline,Baseline_roms,warning,Dinophysis_norvegica,33,0.56075,0.62002,0.47244,0.68966
Baseline,Baseline_roms,warning,Dinophysis_norvegica,34,0.60225,0.67707,0.51737,0.72043
Baseline,Baseline_roms,warning,Dinophysis_norvegica,35,0.58581,0.63895,0.49612,0.71508
Baseline,Baseline_roms,warning,Dinophysis_norvegica,36,0.54415,0.5871,0.45968,0.66667
Baseline,Baseline_roms,warning,Dinophysis_norvegica,37,0.61468,0.62007,0.53815,0.71658
Baseline,Baseline_roms,warning,Dinophysis_norvegica,38,0.5537,0.56349,0.48133,0.65169
Baseline,Baseline_roms,warning,Dinophysis_norvegica,39,0.58667,0.60403,0.50575,0.69841
Baseline,Baseline_roms,warning,Dinophysis_norvegica,40,0.54327,0.58893,0.46502,0.65318
Baseline,Baseline_roms,warning,Dinophysis_norvegica,41,0.53182,0.57506,0.46063,0.62903
Baseline,Baseline_roms,warning,Dinophysis_norvegica,42,0.523,0.57691,0.44813,0.62791
Baseline,Baseline_roms,warning,Dinophysis_norvegica,43,0.58316,0.61651,0.51264,0.67619
Baseline,Baseline_roms,warning,Dinophysis_norvegica,44,0.54634,0.58199,0.45161,0.69136
Baseline,Baseline_roms,warning,Dinophysis_norvegica,45,0.48227,0.50224,0.40637,0.59302
Baseline,Baseline_roms,warning,Dinophysis_norvegica,46,0.55142,0.57298,0.48092,0.64615
Baseline,Baseline_roms,warning,Dinophysis_norvegica,47,0.58503,0.63619,0.50195,0.70109
Baseline,Baseline_roms,warning,Dinophysis_norvegica,48,0.58095,0.62223,0.47104,0.75776
Baseline,Baseline_roms,warning,Dinophysis_norvegica,49,0.5708,0.62438,0.48864,0.68617
Baseline,Baseline_only,warning,Karenia,0,0.86481,0.95148,0.80119,0.93939
Baseline,Baseline_only,warning,Karenia,1,0.86929,0.94815,0.81151,0.93593
Baseline,Baseline_only,warning,Karenia,2,0.87903,0.96121,0.81495,0.95405
Baseline,Baseline_only,warning,Karenia,3,0.85053,0.94196,0.80318,0.9038
Baseline,Baseline_only,warning,Karenia,4,0.87122,0.94349,0.8312,0.91529
Baseline,Baseline_only,warning,Karenia,5,0.88126,0.95614,0.83613,0.93154
Baseline,Baseline_only,warning,Karenia,6,0.87473,0.94641,0.83401,0.91964
Baseline,Baseline_only,warning,Karenia,7,0.85779,0.94573,0.80384,0.91951
Baseline,Baseline_only,warning,Karenia,8,0.86214,0.94652,0.80244,0.93144
Baseline,Baseline_only,warning,Karenia,9,0.88751,0.95937,0.84479,0.93478
Baseline,Baseline_only,warning,Karenia,10,0.86174,0.9474,0.80723,0.92414
Baseline,Baseline_only,warning,Karenia,11,0.86211,0.94841,0.79559,0.94076
Baseline,Baseline_only,warning,Karenia,12,0.88727,0.95933,0.85513,0.92191
Baseline,Baseline_only,warning,Karenia,13,0.88347,0.95768,0.82738,0.94773
Baseline,Baseline_only,warning,Karenia,14,0.87076,0.95395,0.8171,0.93197
Baseline,Baseline_only,warning,Karenia,15,0.88602,0.95973,0.84254,0.93424
Baseline,Baseline_only,warning,Karenia,16,0.88192,0.95412,0.82908,0.94196
Baseline,Baseline_only,warning,Karenia,17,0.88323,0.95135,0.83034,0.94331
Baseline,Baseline_only,warning,Karenia,18,0.86598,0.95008,0.82031,0.91703
Baseline,Baseline_only,warning,Karenia,19,0.87922,0.95448,0.83471,0.92874
Baseline,Baseline_only,warning,Karenia,20,0.86525,0.95656,0.80871,0.93028
Baseline,Baseline_only,warning,Karenia,21,0.84979,0.94251,0.7822,0.93018
Baseline,Baseline_only,warning,Karenia,22,0.87079,0.94823,0.8251,0.92184
Baseline,Baseline_only,warning,Karenia,23,0.85146,0.93995,0.79303,0.91919
Baseline,Baseline_only,warning,Karenia,24,0.86667,0.9494,0.80464,0.93905
Baseline,Baseline_only,warning,Karenia,25,0.88367,0.94949,0.84146,0.93034
Baseline,Baseline_only,warning,Karenia,26,0.86626,0.94967,0.81118,0.92936
Baseline,Baseline_only,warning,Karenia,27,0.87825,0.95179,0.83564,0.92544
Baseline,Baseline_only,warning,Karenia,28,0.88514,0.96094,0.84,0.93541
Baseline,Baseline_only,warning,Karenia,29,0.87753,0.95078,0.82897,0.93213
Baseline,Baseline_only,warning,Karenia,30,0.86947,0.95447,0.81944,0.92601
Baseline,Baseline_only,warning,Karenia,31,0.87731,0.95254,0.81452,0.95059
Baseline,Baseline_only,warning,Karenia,32,0.86053,0.94846,0.78662,0.94978
Baseline,Baseline_only,warning,Karenia,33,0.86407,0.95327,0.79767,0.94253
Baseline,Baseline_only,warning,Karenia,34,0.87759,0.95547,0.83104,0.92967
Baseline,Baseline_only,warning,Karenia,35,0.85987,0.95478,0.8004,0.9289
Baseline,Baseline_only,warning,Karenia,36,0.87158,0.94778,0.82306,0.92617
Baseline,Baseline_only,warning,Karenia,37,0.87774,0.95962,0.84,0.91904
Baseline,Baseline_only,warning,Karenia,38,0.86287,0.94567,0.8083,0.92534
Baseline,Baseline_only,warning,Karenia,39,0.875,0.96066,0.8202,0.93764
Baseline,Baseline_only,warning,Karenia,40,0.87832,0.95447,0.82195,0.94299
Baseline,Baseline_only,warning,Karenia,41,0.85871,0.94882,0.81667,0.90531
Baseline,Baseline_only,warning,Karenia,42,0.87303,0.94854,0.82213,0.93065
Baseline,Baseline_only,warning,Karenia,43,0.88839,0.9552,0.84368,0.9381
Baseline,Baseline_only,warning,Karenia,44,0.87059,0.95677,0.80276,0.95093
Baseline,Baseline_only,warning,Karenia,45,0.85589,0.94054,0.79388,0.9284
Baseline,Baseline_only,warning,Karenia,46,0.87243,0.94764,0.81382,0.94013
Baseline,Baseline_only,warning,Karenia,47,0.88589,0.95951,0.84722,0.92826
Baseline,Baseline_only,warning,Karenia,48,0.87247,0.94932,0.8041,0.95354
Baseline,Baseline_only,warning,Karenia,49,0.86364,0.94461,0.798,0.94104
Baseline,Baseline_roms,warning,Karenia,0,0.87621,0.96145,0.80915,0.9554
Baseline,Baseline_roms,warning,Karenia,1,0.88161,0.95926,0.82738,0.94344
Baseline,Baseline_roms,warning,Karenia,2,0.89111,0.96482,0.83364,0.95708
Baseline,Baseline_roms,warning,Karenia,3,0.86848,0.95508,0.82704,0.91429
Baseline,Baseline_roms,warning,Karenia,4,0.87684,0.95865,0.82906,0.93046
Baseline,Baseline_roms,warning,Karenia,5,0.88976,0.9647,0.84171,0.94363
Baseline,Baseline_roms,warning,Karenia,6,0.87805,0.95568,0.83806,0.92205
Baseline,Baseline_roms,warning,Karenia,7,0.87628,0.9573,0.82303,0.93689
Baseline,Baseline_roms,warning,Karenia,8,0.88113,0.95583,0.82281,0.94836
Baseline,Baseline_roms,warning,Karenia,9,0.88935,0.96497,0.84479,0.93886
Baseline,Baseline_roms,warning,Karenia,10,0.88771,0.95645,0.84137,0.93946
Baseline,Baseline_roms,warning,Karenia,11,0.87794,0.95875,0.82164,0.94253
Baseline,Baseline_roms,warning,Karenia,12,0.89979,0.96624,0.8672,0.93492
Baseline,Baseline_roms,warning,Karenia,13,0.88701,0.96379,0.83333,0.94808
Baseline,Baseline_roms,warning,Karenia,14,0.89357,0.96272,0.84294,0.95067
Baseline,Baseline_roms,warning,Karenia,15,0.91465,0.96923,0.88753,0.94348
Baseline,Baseline_roms,warning,Karenia,16,0.89117,0.96251,0.85265,0.93333
Baseline,Baseline_roms,warning,Karenia,17,0.88771,0.95792,0.83633,0.94582
Baseline,Baseline_roms,warning,Karenia,18,0.8843,0.96126,0.83594,0.9386
Baseline,Baseline_roms,warning,Karenia,19,0.89204,0.96625,0.84504,0.94457
Baseline,Baseline_roms,warning,Karenia,20,0.88419,0.96637,0.83144,0.94409
Baseline,Baseline_roms,warning,Karenia,21,0.87474,0.95586,0.80682,0.95516
Baseline,Baseline_roms,warning,Karenia,22,0.87948,0.95845,0.83333,0.93103
Baseline,Baseline_roms,warning,Karenia,23,0.86744,0.9508,0.81264,0.93017
Baseline,Baseline_roms,warning,Karenia,24,0.89028,0.96508,0.82398,0.96818
Baseline,Baseline_roms,warning,Karenia,25,0.90213,0.95946,0.86179,0.94643
Baseline,Baseline_roms,warning,Karenia,26,0.87578,0.95837,0.81503,0.94631
Baseline,Baseline_roms,warning,Karenia,27,0.88725,0.96201,0.83366,0.9482
Baseline,Baseline_roms,warning,Karenia,28,0.90566,0.97043,0.864,0.95154
Baseline,Baseline_roms,warning,Karenia,29,0.88273,0.96039,0.833,0.93878
Baseline,Baseline_roms,warning,Karenia,30,0.88843,0.96631,0.84524,0.93626
Baseline,Baseline_roms,warning,Karenia,31,0.88026,0.95969,0.82258,0.94664
Baseline,Baseline_roms,warning,Karenia,32,0.87709,0.95897,0.80651,0.96121
Baseline,Baseline_roms,warning,Karenia,33,0.89286,0.96577,0.82685,0.97032
Baseline,Baseline_roms,warning,Karenia,34,0.8972,0.96386,0.84872,0.95154
Baseline,Baseline_roms,warning,Karenia,35,0.88889,0.9677,0.83004,0.95672
Baseline,Baseline_roms,warning,Karenia,36,0.89757,0.96248,0.84493,0.95721
Baseline,Baseline_roms,warning,Karenia,37,0.88703,0.96767,0.848,0.92982
Baseline,Baseline_roms,warning,Karenia,38,0.88866,0.96198,0.83597,0.94843
Baseline,Baseline_roms,warning,Karenia,39,0.90129,0.96942,0.84848,0.9611
Baseline,Baseline_roms,warning,Karenia,40,0.89352,0.96647,0.84265,0.95093
Baseline,Baseline_roms,warning,Karenia,41,0.88139,0.96139,0.84375,0.92255
Baseline,Baseline_roms,warning,Karenia,42,0.88328,0.96028,0.83004,0.94382
Baseline,Baseline_roms,warning,Karenia,43,0.88864,0.96347,0.83726,0.94673
Baseline,Baseline_roms,warning,Karenia,44,0.90042,0.96711,0.83826,0.97254
Baseline,Baseline_roms,warning,Karenia,45,0.86784,0.95103,0.80408,0.94258
Baseline,Baseline_roms,warning,Karenia,46,0.88753,0.96048,0.83301,0.94967
Baseline,Baseline_roms,warning,Karenia,47,0.89256,0.96571,0.85714,0.93103
Baseline,Baseline_roms,warning,Karenia,48,0.88666,0.95903,0.82463,0.95879
Baseline,Baseline_roms,warning,Karenia,49,0.89077,0.95857,0.84,0.94808
Baseline,Baseline_only,warning,Pseudo-nitzschia,0,0.68966,0.79615,0.65268,0.73107
Baseline,Baseline_only,warning,Pseudo-nitzschia,1,0.72682,0.8065,0.67285,0.79019
Baseline,Baseline_only,warning,Pseudo-nitzschia,2,0.72346,0.80641,0.69596,0.75321
Baseline,Baseline_only,warning,Pseudo-nitzschia,3,0.7027,0.78708,0.66102,0.75
Baseline,Baseline_only,warning,Pseudo-nitzschia,4,0.71195,0.78319,0.68029,0.7467
Baseline,Baseline_only,warning,Pseudo-nitzschia,5,0.73164,0.80913,0.70077,0.76536
Baseline,Baseline_only,warning,Pseudo-nitzschia,6,0.70175,0.80629,0.66351,0.74468
Baseline,Baseline_only,warning,Pseudo-nitzschia,7,0.7217,0.82104,0.67401,0.77665
Baseline,Baseline_only,warning,Pseudo-nitzschia,8,0.71623,0.81031,0.69639,0.73724
Baseline,Baseline_only,warning,Pseudo-nitzschia,9,0.71049,0.79466,0.67548,0.74933
Baseline,Baseline_only,warning,Pseudo-nitzschia,10,0.73724,0.79716,0.70833,0.76862
Baseline,Baseline_only,warning,Pseudo-nitzschia,11,0.70013,0.80195,0.64583,0.76438
Baseline,Baseline_only,warning,Pseudo-nitzschia,12,0.69382,0.76247,0.66499,0.72527
Baseline,Baseline_only,warning,Pseudo-nitzschia,13,0.72772,0.83741,0.6697,0.79675
Baseline,Baseline_only,warning,Pseudo-nitzschia,14,0.70781,0.81675,0.64302,0.78711
Baseline,Baseline_only,warning,Pseudo-nitzschia,15,0.70471,0.80636,0.64108,0.78237
Baseline,Baseline_only,warning,Pseudo-nitzschia,16,0.70103,0.77674,0.64608,0.7662
Baseline,Baseline_only,warning,Pseudo-nitzschia,17,0.71654,0.81701,0.65625,0.78902
Baseline,Baseline_only,warning,Pseudo-nitzschia,18,0.70136,0.78896,0.66276,0.74474
Baseline,Baseline_only,warning,Pseudo-nitzschia,19,0.73475,0.83069,0.68227,0.79598
Baseline,Baseline_only,warning,Pseudo-nitzschia,20,0.69363,0.79147,0.64172,0.75467
Baseline,Baseline_only,warning,Pseudo-nitzschia,21,0.71553,0.78724,0.69903,0.73282
Baseline,Baseline_only,warning,Pseudo-nitzschia,22,0.73357,0.82593,0.70091,0.76942
Baseline,Baseline_only,warning,Pseudo-nitzschia,23,0.71759,0.81946,0.67391,0.76733
Baseline,Baseline_only,warning,Pseudo-nitzschia,24,0.67954,0.75996,0.64706,0.71545
Baseline,Baseline_only,warning,Pseudo-nitzschia,25,0.73672,0.82034,0.68571,0.79592
Baseline,Baseline_only,warning,Pseudo-nitzschia,26,0.68912,0.7778,0.64251,0.74302
Baseline,Baseline_only,warning,Pseudo-nitzschia,27,0.71783,0.78771,0.67706,0.76382
Baseline,Baseline_only,warning,Pseudo-nitzschia,28,0.69221,0.79161,0.65421,0.73491
Baseline,Baseline_only,warning,Pseudo-nitzschia,29,0.72659,0.80895,0.6815,0.77807
Baseline,Baseline_only,warning,Pseudo-nitzschia,30,0.70514,0.77296,0.67386,0.73947
Baseline,Baseline_only,warning,Pseudo-nitzschia,31,0.72841,0.81561,0.6831,0.78016
Baseline,Baseline_only,warning,Pseudo-nitzschia,32,0.71195,0.78592,0.68357,0.74278
Baseline,Baseline_only,warning,Pseudo-nitzschia,33,0.70277,0.803,0.65037,0.76437
Baseline,Baseline_only,warning,Pseudo-nitzschia,34,0.73583,0.83084,0.69794,0.77806
Baseline,Baseline_only,warning,Pseudo-nitzschia,35,0.72409,0.80758,0.66975,0.78804
Baseline,Baseline_only,warning,Pseudo-nitzschia,36,0.70896,0.80244,0.65367,0.77446
Baseline,Baseline_only,warning,Pseudo-nitzschia,37,0.71521,0.79206,0.67402,0.76177
Baseline,Baseline_only,warning,Pseudo-nitzschia,38,0.73684,0.81489,0.6899,0.79063
Baseline,Baseline_only,warning,Pseudo-nitzschia,39,0.70618,0.79128,0.65268,0.76923
Baseline,Baseline_only,warning,Pseudo-nitzschia,40,0.73267,0.81448,0.68998,0.781
Baseline,Baseline_only,warning,Pseudo-nitzschia,41,0.7096,0.79234,0.67064,0.75335
Baseline,Baseline_only,warning,Pseudo-nitzschia,42,0.7228,0.81934,0.66906,0.78592
Baseline,Baseline_only,warning,Pseudo-nitzschia,43,0.7295,0.81416,0.67882,0.78836
Baseline,Baseline_only,warning,Pseudo-nitzschia,44,0.71074,0.80728,0.66839,0.75882
Baseline,Baseline_only,warning,Pseudo-nitzschia,45,0.71173,0.81122,0.66114,0.77072
Baseline,Baseline_only,warning,Pseudo-nitzschia,46,0.70883,0.77565,0.66592,0.75765
Baseline,Baseline_only,warning,Pseudo-nitzschia,47,0.73621,0.79657,0.70252,0.7733
Baseline,Baseline_only,warning,Pseudo-nitzschia,48,0.74182,0.82634,0.70023,0.78866
Baseline,Baseline_only,warning,Pseudo-nitzschia,49,0.7494,0.82004,0.71005,0.79337
Baseline,Baseline_roms,warning,Pseudo-nitzschia,0,0.7456,0.82627,0.74126,0.75
Baseline,Baseline_roms,warning,Pseudo-nitzschia,1,0.75919,0.81528,0.74246,0.7767
Baseline,Baseline_roms,warning,Pseudo-nitzschia,2,0.7654,0.82135,0.76722,0.76359
Baseline,Baseline_roms,warning,Pseudo-nitzschia,3,0.74725,0.82212,0.74092,0.75369
Baseline,Baseline_roms,warning,Pseudo-nitzschia,4,0.74201,0.80807,0.72596,0.75879
Baseline,Baseline_roms,warning,Pseudo-nitzschia,5,0.76705,0.83595,0.76215,0.77202
Baseline,Baseline_roms,warning,Pseudo-nitzschia,6,0.75362,0.83647,0.73934,0.76847
Baseline,Baseline_roms,warning,Pseudo-nitzschia,7,0.77966,0.84746,0.75991,0.80046
Baseline,Baseline_roms,warning,Pseudo-nitzschia,8,0.76699,0.84035,0.76145,0.77262
Baseline,Baseline_roms,warning,Pseudo-nitzschia,9,0.75862,0.81816,0.74038,0.77778
Baseline,Baseline_roms,warning,Pseudo-nitzschia,10,0.74543,0.80264,0.75,0.74092
Baseline,Baseline_roms,warning,Pseudo-nitzschia,11,0.76146,0.82929,0.75,0.77327
Baseline,Baseline_roms,warning,Pseudo-nitzschia,12,0.7398,0.80177,0.73048,0.74935
Baseline,Baseline_roms,warning,Pseudo-nitzschia,13,0.79097,0.86448,0.75854,0.8263
Baseline,Baseline_roms,warning,Pseudo-nitzschia,14,0.76996,0.83657,0.73913,0.80348
Baseline,Baseline_roms,warning,Pseudo-nitzschia,15,0.76611,0.83836,0.7246,0.81266
Baseline,Baseline_roms,warning,Pseudo-nitzschia,16,0.74515,0.80542,0.72922,0.76179
Baseline,Baseline_roms,warning,Pseudo-nitzschia,17,0.78283,0.84569,0.74519,0.82447
Baseline,Baseline_roms,warning,Pseudo-nitzschia,18,0.7476,0.81776,0.72834,0.7679
Baseline,Baseline_roms,warning,Pseudo-nitzschia,19,0.76786,0.86477,0.74138,0.7963
Baseline,Baseline_roms,warning,Pseudo-nitzschia,20,0.74699,0.83243,0.70295,0.79692
Baseline,Baseline_roms,warning,Pseudo-nitzschia,21,0.75426,0.81529,0.75243,0.7561
Baseline,Baseline_roms,warning,Pseudo-nitzschia,22,0.78241,0.84306,0.77169,0.79343
Baseline,Baseline_roms,warning,Pseudo-nitzschia,23,0.76853,0.85551,0.73261,0.80815
Baseline,Baseline_roms,warning,Pseudo-nitzschia,24,0.74597,0.79173,0.73775,0.75439
Baseline,Baseline_roms,warning,Pseudo-nitzschia,25,0.76749,0.84998,0.74725,0.78886
Baseline,Baseline_roms,warning,Pseudo-nitzschia,26,0.74407,0.80425,0.71981,0.77003
Baseline,Baseline_roms,warning,Pseudo-nitzschia,27,0.76376,0.82748,0.74165,0.78723
Baseline,Baseline_roms,warning,Pseudo-nitzschia,28,0.74733,0.82453,0.73598,0.75904
Baseline,Baseline_roms,warning,Pseudo-nitzschia,29,0.77055,0.85212,0.73536,0.80928
Baseline,Baseline_roms,warning,Pseudo-nitzschia,30,0.75422,0.80587,0.7506,0.75787
Baseline,Baseline_roms,warning,Pseudo-nitzschia,31,0.78188,0.83046,0.76995,0.79419
Baseline,Baseline_roms,warning,Pseudo-nitzschia,32,0.78343,0.80871,0.79952,0.76798
Baseline,Baseline_roms,warning,Pseudo-nitzschia,33,0.75897,0.8327,0.72372,0.79784
Baseline,Baseline_roms,warning,Pseudo-nitzschia,34,0.77622,0.86067,0.76201,0.79097
Baseline,Baseline_roms,warning,Pseudo-nitzschia,35,0.76596,0.83722,0.74827,0.7845
Baseline,Baseline_roms,warning,Pseudo-nitzschia,36,0.76741,0.83252,0.74541,0.79075
Baseline,Baseline_roms,warning,Pseudo-nitzschia,37,0.75123,0.82858,0.74755,0.75495
Baseline,Baseline_roms,warning,Pseudo-nitzschia,38,0.79512,0.84235,0.78365,0.80693
Baseline,Baseline_roms,warning,Pseudo-nitzschia,39,0.76294,0.8316,0.73893,0.78856
Baseline,Baseline_roms,warning,Pseudo-nitzschia,40,0.7714,0.85222,0.7669,0.77594
Baseline,Baseline_roms,warning,Pseudo-nitzschia,41,0.74785,0.83713,0.72554,0.77157
Baseline,Baseline_roms,warning,Pseudo-nitzschia,42,0.76396,0.85809,0.72182,0.81132
Baseline,Baseline_roms,warning,Pseudo-nitzschia,43,0.7645,0.8259,0.73576,0.79557
Baseline,Baseline_roms,warning,Pseudo-nitzschia,44,0.77243,0.83847,0.76943,0.77546
Baseline,Baseline_roms,warning,Pseudo-nitzschia,45,0.78084,0.83528,0.77251,0.78935
Baseline,Baseline_roms,warning,Pseudo-nitzschia,46,0.76976,0.80819,0.75336,0.78689
Baseline,Baseline_roms,warning,Pseudo-nitzschia,47,0.78005,0.82923,0.78719,0.77303
Baseline,Baseline_roms,warning,Pseudo-nitzschia,48,0.76996,0.85534,0.73913,0.80348
Baseline,Baseline_roms,warning,Pseudo-nitzschia,49,0.78588,0.83622,0.76256,0.81068
C2RCC,C2RCC_only,warning,Alexandrium_catenella,0,0.60333,0.6779,0.55015,0.6679
C2RCC,C2RCC_only,warning,Alexandrium_catenella,1,0.56552,0.66917,0.49547,0.65863
C2RCC,C2RCC_only,warning,Alexandrium_catenella,2,0.59091,0.68938,0.51268,0.69732
C2RCC,C2RCC_only,warning,Alexandrium_catenella,3,0.60194,0.71376,0.52394,0.70722
C2RCC,C2RCC_only,warning,Alexandrium_catenella,4,0.60828,0.70322,0.53652,0.70221
C2RCC,C2RCC_only,warning,Alexandrium_catenella,5,0.59478,0.68304,0.51976,0.69512
C2RCC,C2RCC_only,warning,Alexandrium_catenella,6,0.59528,0.68638,0.51899,0.69787
C2RCC,C2RCC_only,warning,Alexandrium_catenella,7,0.63307,0.71325,0.5662,0.71786
C2RCC,C2RCC_only,warning,Alexandrium_catenella,8,0.63608,0.72902,0.57593,0.71025
C2RCC,C2RCC_only,warning,Alexandrium_catenella,9,0.61285,0.69016,0.52991,0.72656
C2RCC,C2RCC_only,warning,Alexandrium_catenella,10,0.61102,0.71749,0.53353,0.71484
C2RCC,C2RCC_only,warning,Alexandrium_catenella,11,0.62116,0.71913,0.54491,0.72222
C2RCC,C2RCC_only,warning,Alexandrium_catenella,12,0.59083,0.66646,0.51479,0.69323
C2RCC,C2RCC_only,warning,Alexandrium_catenella,13,0.62626,0.73243,0.5503,0.72656
C2RCC,C2RCC_only,warning,Alexandrium_catenella,14,0.62732,0.74533,0.53913,0.75
C2RCC,C2RCC_only,warning,Alexandrium_catenella,15,0.6,0.69475,0.52615,0.69796
C2RCC,C2RCC_only,warning,Alexandrium_catenella,16,0.63714,0.72462,0.58991,0.69259
C2RCC,C2RCC_only,warning,Alexandrium_catenella,17,0.63591,0.71606,0.5546,0.74517
C2RCC,C2RCC_only,warning,Alexandrium_catenella,18,0.60339,0.69441,0.51297,0.73251
C2RCC,C2RCC_only,warning,Alexandrium_catenella,19,0.58741,0.70828,0.525,0.66667
C2RCC,C2RCC_only,warning,Alexandrium_catenella,20,0.62866,0.73723,0.55942,0.71747
C2RCC,C2RCC_only,warning,Alexandrium_catenella,21,0.60222,0.69819,0.51213,0.73077
C2RCC,C2RCC_only,warning,Alexandrium_catenella,22,0.62069,0.72515,0.51724,0.77586
C2RCC,C2RCC_only,warning,Alexandrium_catenella,23,0.64848,0.73768,0.59064,0.71886
C2RCC,C2RCC_only,warning,Alexandrium_catenella,24,0.59968,0.69216,0.52857,0.69288
C2RCC,C2RCC_only,warning,Alexandrium_catenella,25,0.60104,0.69573,0.51632,0.71901
C2RCC,C2RCC_only,warning,Alexandrium_catenella,26,0.62626,0.72189,0.52691,0.77178
C2RCC,C2RCC_only,warning,Alexandrium_catenella,27,0.62215,0.70205,0.54885,0.71805
C2RCC,C2RCC_only,warning,Alexandrium_catenella,28,0.63722,0.71623,0.56425,0.73188
C2RCC,C2RCC_only,warning,Alexandrium_catenella,29,0.61818,0.71693,0.55821,0.69259
C2RCC,C2RCC_only,warning,Alexandrium_catenella,30,0.58784,0.70591,0.51026,0.69323
C2RCC,C2RCC_only,warning,Alexandrium_catenella,31,0.59247,0.6737,0.51488,0.69758
C2RCC,C2RCC_only,warning,Alexandrium_catenella,32,0.63194,0.74539,0.55828,0.728
C2RCC,C2RCC_only,warning,Alexandrium_catenella,33,0.60174,0.70626,0.52424,0.70612
C2RCC,C2RCC_only,warning,Alexandrium_catenella,34,0.64081,0.7472,0.56047,0.74803
C2RCC,C2RCC_only,warning,Alexandrium_catenella,35,0.61338,0.72824,0.53409,0.72031
C2RCC,C2RCC_only,warning,Alexandrium_catenella,36,0.58904,0.68857,0.49284,0.73191
C2RCC,C2RCC_only,warning,Alexandrium_catenella,37,0.60208,0.71259,0.52727,0.70161
C2RCC,C2RCC_only,warning,Alexandrium_catenella,38,0.63591,0.71769,0.5727,0.71481
C2RCC,C2RCC_only,warning,Alexandrium_catenella,39,0.63937,0.72916,0.58166,0.70979
C2RCC,C2RCC_only,warning,Alexandrium_catenella,40,0.57934,0.6495,0.51645,0.65966
C2RCC,C2RCC_only,warning,Alexandrium_catenella,41,0.59477,0.69998,0.52,0.69466
C2RCC,C2RCC_only,warning,Alexandrium_catenella,42,0.58206,0.65635,0.51343,0.67188
C2RCC,C2RCC_only,warning,Alexandrium_catenella,43,0.61076,0.7081,0.51882,0.74231
C2RCC,C2RCC_only,warning,Alexandrium_catenella,44,0.64286,0.72996,0.5625,0.75
C2RCC,C2RCC_only,warning,Alexandrium_catenella,45,0.6223,0.71143,0.55821,0.70301
C2RCC,C2RCC_only,warning,Alexandrium_catenella,46,0.59016,0.70009,0.51136,0.69767
C2RCC,C2RCC_only,warning,Alexandrium_catenella,47,0.59823,0.66891,0.53481,0.67871
C2RCC,C2RCC_only,warning,Alexandrium_catenella,48,0.6188,0.70183,0.56037,0.69084
C2RCC,C2RCC_only,warning,Alexandrium_catenella,49,0.59603,0.69156,0.52023,0.69767
C2RCC,C2RCC_roms,warning,Alexandrium_catenella,0,0.66998,0.74865,0.61398,0.73723
C2RCC,C2RCC_roms,warning,Alexandrium_catenella,1,0.6388,0.74459,0.57704,0.71536
C2RCC,C2RCC_roms,warning,Alexandrium_catenella,2,0.675,0.74489,0.60845,0.75789
C2RCC,C2RCC_roms,warning,Alexandrium_catenella,3,0.65528,0.75341,0.59437,0.7301
C2RCC,C2RCC_roms,warning,Alexandrium_catenella,4,0.68413,0.76686,0.6236,0.75768
C2RCC,C2RCC_roms,warning,Alexandrium_catenella,5,0.66552,0.75119,0.58967,0.76378
C2RCC,C2RCC_roms,warning,Alexandrium_catenella,6,0.65133,0.74615,0.58228,0.73896
C2RCC,C2RCC_roms,warning,Alexandrium_catenella,7,0.70783,0.77721,0.66197,0.76052
C2RCC,C2RCC_roms,warning,Alexandrium_catenella,8,0.68239,0.7829,0.62178,0.7561
C2RCC,C2RCC_roms,warning,Alexandrium_catenella,9,0.63578,0.73524,0.56695,0.72364
C2RCC,C2RCC_roms,warning,Alexandrium_catenella,10,0.71061,0.76898,0.64431,0.79211
C2RCC,C2RCC_roms,warning,Alexandrium_catenella,11,0.68647,0.77227,0.62275,0.76471
C2RCC,C2RCC_roms,warning,Alexandrium_catenella,12,0.63714,0.72556,0.55325,0.751
C2RCC,C2RCC_roms,warning,Alexandrium_catenella,13,0.68506,0.76496,0.62426,0.75899
C2RCC,C2RCC_roms,warning,Alexandrium_catenella,14,0.71224,0.79197,0.64928,0.78873
C2RCC,C2RCC_roms,warning,Alexandrium_catenella,15,0.67365,0.75417,0.59385,0.77823
C2RCC,C2RCC_roms,warning,Alexandrium_catenella,16,0.70376,0.76568,0.67823,0.73129
C2RCC,C2RCC_roms,warning,Alexandrium_catenella,17,0.68506,0.77205,0.60632,0.78731
C2RCC,C2RCC_roms,warning,Alexandrium_catenella,18,0.6592,0.76215,0.59366,0.74101
C2RCC,C2RCC_roms,warning,Alexandrium_catenella,19,0.68204,0.7687,0.64688,0.72125
C2RCC,C2RCC_roms,warning,Alexandrium_catenella,20,0.69606,0.78756,0.64058,0.76207
C2RCC,C2RCC_roms,warning,Alexandrium_catenella,21,0.6789,0.77657,0.59838,0.78445
C2RCC,C2RCC_roms,warning,Alexandrium_catenella,22,0.67537,0.7599,0.59483,0.78113
C2RCC,C2RCC_roms,warning,Alexandrium_catenella,23,0.67702,0.7546,0.63743,0.72185
C2RCC,C2RCC_roms,warning,Alexandrium_catenella,24,0.64923,0.7451,0.60286,0.70333
C2RCC,C2RCC_roms,warning,Alexandrium_catenella,25,0.67205,0.76399,0.61721,0.73759
C2RCC,C2RCC_roms,warning,Alexandrium_catenella,26,0.6871,0.76773,0.6034,0.79775
C2RCC,C2RCC_roms,warning,Alexandrium_catenella,27,0.6383,0.75108,0.56034,0.74144
C2RCC,C2RCC_roms,warning,Alexandrium_catenella,28,0.68421,0.76141,0.61732,0.76736
C2RCC,C2RCC_roms,warning,Alexandrium_catenella,29,0.67314,0.75937,0.6209,0.73498
C2RCC,C2RCC_roms,warning,Alexandrium_catenella,30,0.6559,0.75335,0.59531,0.73022
C2RCC,C2RCC_roms,warning,Alexandrium_catenella,31,0.65366,0.73328,0.59821,0.72043
C2RCC,C2RCC_roms,warning,Alexandrium_catenella,32,0.69682,0.7859,0.63804,0.76753
C2RCC,C2RCC_roms,warning,Alexandrium_catenella,33,0.67698,0.77671,0.59697,0.78175
C2RCC,C2RCC_roms,warning,Alexandrium_catenella,34,0.69067,0.78968,0.62242,0.77574
C2RCC,C2RCC_roms,warning,Alexandrium_catenella,35,0.6879,0.79619,0.61364,0.78261
C2RCC,C2RCC_roms,warning,Alexandrium_catenella,36,0.63502,0.74286,0.55587,0.74046
C2RCC,C2RCC_roms,warning,Alexandrium_catenella,37,0.68601,0.75282,0.60909,0.78516
C2RCC,C2RCC_roms,warning,Alexandrium_catenella,38,0.67508,0.74591,0.63501,0.72054
C2RCC,C2RCC_roms,warning,Alexandrium_catenella,39,0.72222,0.76385,0.67049,0.78261
C2RCC,C2RCC_roms,warning,Alexandrium_catenella,40,0.63525,0.69093,0.59868,0.67658
C2RCC,C2RCC_roms,warning,Alexandrium_catenella,41,0.68807,0.76004,0.64286,0.74013
C2RCC,C2RCC_roms,warning,Alexandrium_catenella,42,0.63193,0.72018,0.56119,0.72308
C2RCC,C2RCC_roms,warning,Alexandrium_catenella,43,0.64962,0.74489,0.58065,0.7372
C2RCC,C2RCC_roms,warning,Alexandrium_catenella,44,0.6911,0.77901,0.61875,0.78261
C2RCC,C2RCC_roms,warning,Alexandrium_catenella,45,0.70227,0.77232,0.64776,0.76678
C2RCC,C2RCC_roms,warning,Alexandrium_catenella,46,0.65625,0.74533,0.59659,0.72917
C2RCC,C2RCC_roms,warning,Alexandrium_catenella,47,0.67343,0.74194,0.62975,0.72364
C2RCC,C2RCC_roms,warning,Alexandrium_catenella,48,0.69032,0.75457,0.66254,0.72054
C2RCC,C2RCC_roms,warning,Alexandrium_catenella,49,0.68413,0.75751,0.64162,0.73267
C2RCC,C2RCC_only,warning,Dinophysis_acuminata,0,0.7424,0.82652,0.7356,0.74933
C2RCC,C2RCC_only,warning,Dinophysis_acuminata,1,0.74147,0.838,0.72066,0.76351
C2RCC,C2RCC_only,warning,Dinophysis_acuminata,2,0.73245,0.82577,0.71818,0.7473
C2RCC,C2RCC_only,warning,Dinophysis_acuminata,3,0.73934,0.84416,0.7459,0.73289
C2RCC,C2RCC_only,warning,Dinophysis_acuminata,4,0.73877,0.83565,0.72188,0.75648
C2RCC,C2RCC_only,warning,Dinophysis_acuminata,5,0.73614,0.82536,0.72026,0.75273
C2RCC,C2RCC_only,warning,Dinophysis_acuminata,6,0.74686,0.84093,0.72809,0.76662
C2RCC,C2RCC_only,warning,Dinophysis_acuminata,7,0.74938,0.84218,0.75313,0.74566
C2RCC,C2RCC_only,warning,Dinophysis_acuminata,8,0.74191,0.82481,0.74734,0.73657
C2RCC,C2RCC_only,warning,Dinophysis_acuminata,9,0.76099,0.84045,0.75379,0.76834
C2RCC,C2RCC_only,warning,Dinophysis_acuminata,10,0.75016,0.84256,0.75063,0.74969
C2RCC,C2RCC_only,warning,Dinophysis_acuminata,11,0.74341,0.84218,0.7225,0.76556
C2RCC,C2RCC_only,warning,Dinophysis_acuminata,12,0.7391,0.83443,0.73467,0.74359
C2RCC,C2RCC_only,warning,Dinophysis_acuminata,13,0.76623,0.85598,0.74028,0.79408
C2RCC,C2RCC_only,warning,Dinophysis_acuminata,14,0.72657,0.83468,0.71285,0.74084
C2RCC,C2RCC_only,warning,Dinophysis_acuminata,15,0.73764,0.83654,0.7452,0.73024
C2RCC,C2RCC_only,warning,Dinophysis_acuminata,16,0.71978,0.82304,0.70784,0.73214
C2RCC,C2RCC_only,warning,Dinophysis_acuminata,17,0.74455,0.83891,0.72308,0.76735
C2RCC,C2RCC_only,warning,Dinophysis_acuminata,18,0.74492,0.83494,0.75232,0.73766
C2RCC,C2RCC_only,warning,Dinophysis_acuminata,19,0.73145,0.81841,0.71319,0.75067
C2RCC,C2RCC_only,warning,Dinophysis_acuminata,20,0.7429,0.83361,0.72812,0.75829
C2RCC,C2RCC_only,warning,Dinophysis_acuminata,21,0.75384,0.839,0.75133,0.75636
C2RCC,C2RCC_only,warning,Dinophysis_acuminata,22,0.73811,0.8408,0.72405,0.75273
C2RCC,C2RCC_only,warning,Dinophysis_acuminata,23,0.74935,0.83725,0.75626,0.74256
C2RCC,C2RCC_only,warning,Dinophysis_acuminata,24,0.74131,0.8252,0.72544,0.75789
C2RCC,C2RCC_only,warning,Dinophysis_acuminata,25,0.74551,0.83435,0.749,0.74206
C2RCC,C2RCC_only,warning,Dinophysis_acuminata,26,0.73978,0.82616,0.71879,0.76203
C2RCC,C2RCC_only,warning,Dinophysis_acuminata,27,0.73438,0.82501,0.72587,0.74308
C2RCC,C2RCC_only,warning,Dinophysis_acuminata,28,0.76656,0.86104,0.74969,0.78421
C2RCC,C2RCC_only,warning,Dinophysis_acuminata,29,0.74887,0.84188,0.73604,0.76216
C2RCC,C2RCC_only,warning,Dinophysis_acuminata,30,0.73607,0.8225,0.73316,0.73901
C2RCC,C2RCC_only,warning,Dinophysis_acuminata,31,0.74535,0.83594,0.74297,0.74775
C2RCC,C2RCC_only,warning,Dinophysis_acuminata,32,0.74168,0.84706,0.7358,0.74765
C2RCC,C2RCC_only,warning,Dinophysis_acuminata,33,0.73445,0.82807,0.71114,0.75934
C2RCC,C2RCC_only,warning,Dinophysis_acuminata,34,0.74641,0.83899,0.73773,0.75529
C2RCC,C2RCC_only,warning,Dinophysis_acuminata,35,0.73363,0.82561,0.73038,0.73691
C2RCC,C2RCC_only,warning,Dinophysis_acuminata,36,0.76654,0.86023,0.74905,0.78486
C2RCC,C2RCC_only,warning,Dinophysis_acuminata,37,0.74088,0.83314,0.72922,0.75293
C2RCC,C2RCC_only,warning,Dinophysis_acuminata,38,0.75654,0.84845,0.74581,0.7676
C2RCC,C2RCC_only,warning,Dinophysis_acuminata,39,0.72987,0.83187,0.7261,0.73368
C2RCC,C2RCC_only,warning,Dinophysis_acuminata,40,0.76377,0.84418,0.76815,0.75945
C2RCC,C2RCC_only,warning,Dinophysis_acuminata,41,0.74198,0.84085,0.74389,0.74008
C2RCC,C2RCC_only,warning,Dinophysis_acuminata,42,0.75282,0.83454,0.73575,0.77069
C2RCC,C2RCC_only,warning,Dinophysis_acuminata,43,0.74404,0.84915,0.733,0.75541
C2RCC,C2RCC_only,warning,Dinophysis_acuminata,44,0.72067,0.82636,0.69824,0.74459
C2RCC,C2RCC_only,warning,Dinophysis_acuminata,45,0.7406,0.82629,0.73488,0.74641
C2RCC,C2RCC_only,warning,Dinophysis_acuminata,46,0.75339,0.83421,0.76375,0.74331
C2RCC,C2RCC_only,warning,Dinophysis_acuminata,47,0.74036,0.83019,0.72819,0.75294
C2RCC,C2RCC_only,warning,Dinophysis_acuminata,48,0.74507,0.85009,0.75099,0.73924
C2RCC,C2RCC_only,warning,Dinophysis_acuminata,49,0.74708,0.84216,0.76494,0.73004
C2RCC,C2RCC_roms,warning,Dinophysis_acuminata,0,0.76618,0.85408,0.75916,0.77333
C2RCC,C2RCC_roms,warning,Dinophysis_acuminata,1,0.76228,0.85997,0.74235,0.78331
C2RCC,C2RCC_roms,warning,Dinophysis_acuminata,2,0.75561,0.84614,0.74286,0.76882
C2RCC,C2RCC_roms,warning,Dinophysis_acuminata,3,0.76671,0.87171,0.76776,0.76567
C2RCC,C2RCC_roms,warning,Dinophysis_acuminata,4,0.7666,0.86167,0.74907,0.78497
C2RCC,C2RCC_roms,warning,Dinophysis_acuminata,5,0.76705,0.85431,0.74248,0.7933
C2RCC,C2RCC_roms,warning,Dinophysis_acuminata,6,0.76634,0.86111,0.76289,0.76983
C2RCC,C2RCC_roms,warning,Dinophysis_acuminata,7,0.78272,0.87009,0.78321,0.78223
C2RCC,C2RCC_roms,warning,Dinophysis_acuminata,8,0.77682,0.83863,0.77527,0.77837
C2RCC,C2RCC_roms,warning,Dinophysis_acuminata,9,0.7914,0.87385,0.7904,0.79241
C2RCC,C2RCC_roms,warning,Dinophysis_acuminata,10,0.77472,0.86143,0.7796,0.7699
C2RCC,C2RCC_roms,warning,Dinophysis_acuminata,11,0.77042,0.85458,0.74875,0.79338
C2RCC,C2RCC_roms,warning,Dinophysis_acuminata,12,0.76789,0.86053,0.76533,0.77047
C2RCC,C2RCC_roms,warning,Dinophysis_acuminata,13,0.79226,0.88146,0.77039,0.81541
C2RCC,C2RCC_roms,warning,Dinophysis_acuminata,14,0.76067,0.85573,0.74055,0.78191
C2RCC,C2RCC_roms,warning,Dinophysis_acuminata,15,0.76777,0.85485,0.77465,0.76101
C2RCC,C2RCC_roms,warning,Dinophysis_acuminata,16,0.75169,0.85117,0.73971,0.76406
C2RCC,C2RCC_roms,warning,Dinophysis_acuminata,17,0.77056,0.86743,0.74487,0.79808
C2RCC,C2RCC_roms,warning,Dinophysis_acuminata,18,0.77618,0.85915,0.78543,0.76714
C2RCC,C2RCC_roms,warning,Dinophysis_acuminata,19,0.75961,0.85748,0.74648,0.77321
C2RCC,C2RCC_roms,warning,Dinophysis_acuminata,20,0.76648,0.86188,0.74005,0.79487
C2RCC,C2RCC_roms,warning,Dinophysis_acuminata,21,0.77065,0.86059,0.77527,0.7661
C2RCC,C2RCC_roms,warning,Dinophysis_acuminata,22,0.77406,0.87052,0.76084,0.78776
C2RCC,C2RCC_roms,warning,Dinophysis_acuminata,23,0.76933,0.86439,0.77339,0.76532
C2RCC,C2RCC_roms,warning,Dinophysis_acuminata,24,0.75665,0.85895,0.75189,0.76148
C2RCC,C2RCC_roms,warning,Dinophysis_acuminata,25,0.77697,0.85827,0.78371,0.77034
C2RCC,C2RCC_roms,warning,Dinophysis_acuminata,26,0.76933,0.85691,0.74653,0.79357
C2RCC,C2RCC_roms,warning,Dinophysis_acuminata,27,0.76209,0.85008,0.75032,0.77424
C2RCC,C2RCC_roms,warning,Dinophysis_acuminata,28,0.78113,0.87608,0.78113,0.78113
C2RCC,C2RCC_roms,warning,Dinophysis_acuminata,29,0.77273,0.87304,0.75508,0.79122
C2RCC,C2RCC_roms,warning,Dinophysis_acuminata,30,0.7583,0.83493,0.75429,0.76235
C2RCC,C2RCC_roms,warning,Dinophysis_acuminata,31,0.77215,0.86685,0.78005,0.76441
C2RCC,C2RCC_roms,warning,Dinophysis_acuminata,32,0.76064,0.8641,0.75561,0.76573
C2RCC,C2RCC_roms,warning,Dinophysis_acuminata,33,0.75676,0.85581,0.72539,0.79096
C2RCC,C2RCC_roms,warning,Dinophysis_acuminata,34,0.77113,0.86057,0.76615,0.77618
C2RCC,C2RCC_roms,warning,Dinophysis_acuminata,35,0.76728,0.85929,0.76582,0.76874
C2RCC,C2RCC_roms,warning,Dinophysis_acuminata,36,0.79158,0.87832,0.76299,0.8224
C2RCC,C2RCC_roms,warning,Dinophysis_acuminata,37,0.75969,0.85306,0.74055,0.77984
C2RCC,C2RCC_roms,warning,Dinophysis_acuminata,38,0.78403,0.86941,0.7729,0.79548
C2RCC,C2RCC_roms,warning,Dinophysis_acuminata,39,0.76127,0.85875,0.7416,0.78202
C2RCC,C2RCC_roms,warning,Dinophysis_acuminata,40,0.79153,0.88034,0.78599,0.79716
C2RCC,C2RCC_roms,warning,Dinophysis_acuminata,41,0.77229,0.86378,0.77477,0.76982
C2RCC,C2RCC_roms,warning,Dinophysis_acuminata,42,0.78348,0.86177,0.76166,0.80658
C2RCC,C2RCC_roms,warning,Dinophysis_acuminata,43,0.77338,0.86875,0.76143,0.78571
C2RCC,C2RCC_roms,warning,Dinophysis_acuminata,44,0.73992,0.8419,0.71989,0.76109
C2RCC,C2RCC_roms,warning,Dinophysis_acuminata,45,0.76215,0.84657,0.76705,0.75731
C2RCC,C2RCC_roms,warning,Dinophysis_acuminata,46,0.7768,0.86015,0.77,0.78372
C2RCC,C2RCC_roms,warning,Dinophysis_acuminata,47,0.76239,0.85369,0.75853,0.76628
C2RCC,C2RCC_roms,warning,Dinophysis_acuminata,48,0.77078,0.87429,0.76159,0.78019
C2RCC,C2RCC_roms,warning,Dinophysis_acuminata,49,0.76883,0.86803,0.77955,0.7584
C2RCC,C2RCC_only,warning,Dinophysis_norvegica,0,0.45131,0.47491,0.36538,0.59006
C2RCC,C2RCC_only,warning,Dinophysis_norvegica,1,0.41837,0.44678,0.32932,0.57343
C2RCC,C2RCC_only,warning,Dinophysis_norvegica,2,0.4717,0.55675,0.36496,0.66667
C2RCC,C2RCC_only,warning,Dinophysis_norvegica,3,0.45995,0.53376,0.36475,0.62238
C2RCC,C2RCC_only,warning,Dinophysis_norvegica,4,0.44444,0.49428,0.35955,0.58182
C2RCC,C2RCC_only,warning,Dinophysis_norvegica,5,0.40519,0.44747,0.312,0.57778
C2RCC,C2RCC_only,warning,Dinophysis_norvegica,6,0.44391,0.47334,0.36047,0.57764
C2RCC,C2RCC_only,warning,Dinophysis_norvegica,7,0.45638,0.52754,0.35789,0.62963
C2RCC,C2RCC_only,warning,Dinophysis_norvegica,8,0.44608,0.52219,0.35,0.61486
C2RCC,C2RCC_only,warning,Dinophysis_norvegica,9,0.48848,0.52842,0.40152,0.62353
C2RCC,C2RCC_only,warning,Dinophysis_norvegica,10,0.5,0.56122,0.39535,0.68
C2RCC,C2RCC_only,warning,Dinophysis_norvegica,11,0.42079,0.4772,0.32946,0.58219
C2RCC,C2RCC_only,warning,Dinophysis_norvegica,12,0.45078,0.51213,0.361,0.6
C2RCC,C2RCC_only,warning,Dinophysis_norvegica,13,0.43972,0.4893,0.34191,0.61589
C2RCC,C2RCC_only,warning,Dinophysis_norvegica,14,0.43829,0.50708,0.34252,0.60839
C2RCC,C2RCC_only,warning,Dinophysis_norvegica,15,0.4127,0.46101,0.31579,0.59542
C2RCC,C2RCC_only,warning,Dinophysis_norvegica,16,0.45576,0.491,0.34979,0.65385
C2RCC,C2RCC_only,warning,Dinophysis_norvegica,17,0.49105,0.56096,0.38866,0.66667
C2RCC,C2RCC_only,warning,Dinophysis_norvegica,18,0.39899,0.48295,0.30153,0.58955
C2RCC,C2RCC_only,warning,Dinophysis_norvegica,19,0.44103,0.49051,0.34538,0.60993
C2RCC,C2RCC_only,warning,Dinophysis_norvegica,20,0.44501,0.50035,0.348,0.61702
C2RCC,C2RCC_only,warning,Dinophysis_norvegica,21,0.45972,0.51138,0.35401,0.65541
C2RCC,C2RCC_only,warning,Dinophysis_norvegica,22,0.43878,0.50376,0.35246,0.58108
C2RCC,C2RCC_only,warning,Dinophysis_norvegica,23,0.41687,0.53,0.31698,0.6087
C2RCC,C2RCC_only,warning,Dinophysis_norvegica,24,0.44221,0.47013,0.35772,0.57895
C2RCC,C2RCC_only,warning,Dinophysis_norvegica,25,0.4,0.45898,0.30597,0.57746
C2RCC,C2RCC_only,warning,Dinophysis_norvegica,26,0.47901,0.48462,0.39431,0.61006
C2RCC,C2RCC_only,warning,Dinophysis_norvegica,27,0.41379,0.46929,0.34221,0.52326
C2RCC,C2RCC_only,warning,Dinophysis_norvegica,28,0.45498,0.53722,0.35165,0.6443
C2RCC,C2RCC_only,warning,Dinophysis_norvegica,29,0.41837,0.47369,0.32669,0.58156
C2RCC,C2RCC_only,warning,Dinophysis_norvegica,30,0.47404,0.53035,0.39179,0.6
C2RCC,C2RCC_only,warning,Dinophysis_norvegica,31,0.45195,0.51195,0.37179,0.57616
C2RCC,C2RCC_only,warning,Dinophysis_norvegica,32,0.44784,0.46986,0.37607,0.55346
C2RCC,C2RCC_only,warning,Dinophysis_norvegica,33,0.44327,0.52193,0.33071,0.672
C2RCC,C2RCC_only,warning,Dinophysis_norvegica,34,0.48815,0.54643,0.39768,0.6319
C2RCC,C2RCC_only,warning,Dinophysis_norvegica,35,0.42289,0.48963,0.32946,0.59028
C2RCC,C2RCC_only,warning,Dinophysis_norvegica,36,0.45013,0.48797,0.35484,0.61538
C2RCC,C2RCC_only,warning,Dinophysis_norvegica,37,0.49383,0.53852,0.40161,0.64103
C2RCC,C2RCC_only,warning,Dinophysis_norvegica,38,0.46997,0.52143,0.37344,0.6338
C2RCC,C2RCC_only,warning,Dinophysis_norvegica,39,0.46897,0.52709,0.3908,0.58621
C2RCC,C2RCC_only,warning,Dinophysis_norvegica,40,0.42132,0.49135,0.34156,0.54967
C2RCC,C2RCC_only,warning,Dinophysis_norvegica,41,0.44499,0.50094,0.35827,0.5871
C2RCC,C2RCC_only,warning,Dinophysis_norvegica,42,0.40306,0.45105,0.3278,0.52318
C2RCC,C2RCC_only,warning,Dinophysis_norvegica,43,0.4569,0.50577,0.38267,0.56684
C2RCC,C2RCC_only,warning,Dinophysis_norvegica,44,0.45455,0.49208,0.3629,0.60811
C2RCC,C2RCC_only,warning,Dinophysis_norvegica,45,0.40722,0.45737,0.31474,0.57664
C2RCC,C2RCC_only,warning,Dinophysis_norvegica,46,0.4662,0.48362,0.38168,0.5988
C2RCC,C2RCC_only,warning,Dinophysis_norvegica,47,0.4902,0.54319,0.38911,0.66225
C2RCC,C2RCC_only,warning,Dinophysis_norvegica,48,0.41895,0.48143,0.32432,0.59155
C2RCC,C2RCC_only,warning,Dinophysis_norvegica,49,0.48165,0.55251,0.39773,0.61047
C2RCC,C2RCC_roms,warning,Dinophysis_norvegica,0,0.46759,0.49074,0.38846,0.58721
C2RCC,C2RCC_roms,warning,Dinophysis_norvegica,1,0.46489,0.49564,0.38554,0.58537
C2RCC,C2RCC_roms,warning,Dinophysis_norvegica,2,0.49772,0.58333,0.39781,0.66463
C2RCC,C2RCC_roms,warning,Dinophysis_norvegica,3,0.52804,0.57383,0.46311,0.61413
C2RCC,C2RCC_roms,warning,Dinophysis_norvegica,4,0.49099,0.54348,0.40824,0.61582
C2RCC,C2RCC_roms,warning,Dinophysis_norvegica,5,0.46829,0.51139,0.384,0.6
C2RCC,C2RCC_roms,warning,Dinophysis_norvegica,6,0.50118,0.53703,0.41085,0.64242
C2RCC,C2RCC_roms,warning,Dinophysis_norvegica,7,0.54167,0.59118,0.45614,0.66667
C2RCC,C2RCC_roms,warning,Dinophysis_norvegica,8,0.48529,0.5743,0.38077,0.66892
C2RCC,C2RCC_roms,warning,Dinophysis_norvegica,9,0.55629,0.57989,0.47727,0.66667
C2RCC,C2RCC_roms,warning,Dinophysis_norvegica,10,0.53991,0.58348,0.44574,0.68452
C2RCC,C2RCC_roms,warning,Dinophysis_norvegica,11,0.46948,0.53897,0.3876,0.59524
C2RCC,C2RCC_roms,warning,Dinophysis_norvegica,12,0.47208,0.55467,0.38589,0.60784
C2RCC,C2RCC_roms,warning,Dinophysis_norvegica,13,0.47356,0.53392,0.37868,0.6319
C2RCC,C2RCC_roms,warning,Dinophysis_norvegica,14,0.52294,0.5692,0.44882,0.62637
C2RCC,C2RCC_roms,warning,Dinophysis_norvegica,15,0.5062,0.54326,0.41296,0.65385
C2RCC,C2RCC_roms,warning,Dinophysis_norvegica,16,0.48139,0.52547,0.39918,0.60625
C2RCC,C2RCC_roms,warning,Dinophysis_norvegica,17,0.54187,0.60024,0.44534,0.69182
C2RCC,C2RCC_roms,warning,Dinophysis_norvegica,18,0.50808,0.56116,0.41985,0.64327
C2RCC,C2RCC_roms,warning,Dinophysis_norvegica,19,0.48889,0.5266,0.39759,0.63462
C2RCC,C2RCC_roms,warning,Dinophysis_norvegica,20,0.5,0.5521,0.42,0.61765
C2RCC,C2RCC_roms,warning,Dinophysis_norvegica,21,0.4507,0.53591,0.35036,0.63158
C2RCC,C2RCC_roms,warning,Dinophysis_norvegica,22,0.49389,0.53969,0.41393,0.61212
C2RCC,C2RCC_roms,warning,Dinophysis_norvegica,23,0.49289,0.59775,0.39245,0.66242
C2RCC,C2RCC_roms,warning,Dinophysis_norvegica,24,0.49165,0.55372,0.4187,0.59538
C2RCC,C2RCC_roms,warning,Dinophysis_norvegica,25,0.46083,0.5037,0.37313,0.60241
C2RCC,C2RCC_roms,warning,Dinophysis_norvegica,26,0.53396,0.53476,0.46341,0.62983
C2RCC,C2RCC_roms,warning,Dinophysis_norvegica,27,0.48889,0.5081,0.41825,0.58824
C2RCC,C2RCC_roms,warning,Dinophysis_norvegica,28,0.53759,0.61103,0.43223,0.71084
C2RCC,C2RCC_roms,warning,Dinophysis_norvegica,29,0.48529,0.52062,0.39442,0.63057
C2RCC,C2RCC_roms,warning,Dinophysis_norvegica,30,0.47345,0.54017,0.39925,0.58152
C2RCC,C2RCC_roms,warning,Dinophysis_norvegica,31,0.50873,0.53533,0.4359,0.61078
C2RCC,C2RCC_roms,warning,Dinophysis_norvegica,32,0.4878,0.49358,0.42735,0.56818
C2RCC,C2RCC_roms,warning,Dinophysis_norvegica,33,0.47619,0.54583,0.37402,0.65517
C2RCC,C2RCC_roms,warning,Dinophysis_norvegica,34,0.5467,0.60034,0.46332,0.66667
C2RCC,C2RCC_roms,warning,Dinophysis_norvegica,35,0.51074,0.56362,0.41473,0.6646
C2RCC,C2RCC_roms,warning,Dinophysis_norvegica,36,0.49878,0.55857,0.41129,0.63354
C2RCC,C2RCC_roms,warning,Dinophysis_norvegica,37,0.57273,0.61037,0.50602,0.65969
C2RCC,C2RCC_roms,warning,Dinophysis_norvegica,38,0.49635,0.53178,0.42324,0.6
C2RCC,C2RCC_roms,warning,Dinophysis_norvegica,39,0.53571,0.58867,0.45977,0.64171
C2RCC,C2RCC_roms,warning,Dinophysis_norvegica,40,0.44665,0.51482,0.37037,0.5625
C2RCC,C2RCC_roms,warning,Dinophysis_norvegica,41,0.49883,0.52154,0.42126,0.61143
C2RCC,C2RCC_roms,warning,Dinophysis_norvegica,42,0.45631,0.48336,0.39004,0.54971
C2RCC,C2RCC_roms,warning,Dinophysis_norvegica,43,0.47289,0.56577,0.3935,0.59239
C2RCC,C2RCC_roms,warning,Dinophysis_norvegica,44,0.50591,0.52074,0.43145,0.61143
C2RCC,C2RCC_roms,warning,Dinophysis_norvegica,45,0.45813,0.45941,0.37052,0.6
C2RCC,C2RCC_roms,warning,Dinophysis_norvegica,46,0.50901,0.51437,0.4313,0.62088
C2RCC,C2RCC_roms,warning,Dinophysis_norvegica,47,0.55814,0.59338,0.46693,0.69364
C2RCC,C2RCC_roms,warning,Dinophysis_norvegica,48,0.45902,0.52112,0.37838,0.58333
C2RCC,C2RCC_roms,warning,Dinophysis_norvegica,49,0.52874,0.59867,0.43561,0.67251
C2RCC,C2RCC_only,warning,Karenia,0,0.84164,0.94604,0.75547,0.95
C2RCC,C2RCC_only,warning,Karenia,1,0.84165,0.9374,0.76984,0.92823
C2RCC,C2RCC_only,warning,Karenia,2,0.85888,0.947,0.79065,0.94
C2RCC,C2RCC_only,warning,Karenia,3,0.83892,0.93609,0.77137,0.91943
C2RCC,C2RCC_only,warning,Karenia,4,0.83238,0.92941,0.77991,0.89242
C2RCC,C2RCC_only,warning,Karenia,5,0.87026,0.9481,0.81192,0.93763
C2RCC,C2RCC_only,warning,Karenia,6,0.85256,0.9354,0.80769,0.90271
C2RCC,C2RCC_only,warning,Karenia,7,0.83856,0.92485,0.76972,0.92092
C2RCC,C2RCC_only,warning,Karenia,8,0.84337,0.92949,0.78411,0.91232
C2RCC,C2RCC_only,warning,Karenia,9,0.87137,0.94798,0.82515,0.92308
C2RCC,C2RCC_only,warning,Karenia,10,0.82965,0.92805,0.75301,0.92365
C2RCC,C2RCC_only,warning,Karenia,11,0.82895,0.93735,0.75752,0.91525
C2RCC,C2RCC_only,warning,Karenia,12,0.88211,0.95066,0.84306,0.92494
C2RCC,C2RCC_only,warning,Karenia,13,0.8459,0.94855,0.76786,0.94161
C2RCC,C2RCC_only,warning,Karenia,14,0.87097,0.95252,0.80517,0.94848
C2RCC,C2RCC_only,warning,Karenia,15,0.86117,0.9471,0.81186,0.91686
C2RCC,C2RCC_only,warning,Karenia,16,0.84979,0.93939,0.778,0.93617
C2RCC,C2RCC_only,warning,Karenia,17,0.84279,0.93385,0.77046,0.93012
C2RCC,C2RCC_only,warning,Karenia,18,0.84785,0.94155,0.78906,0.9161
C2RCC,C2RCC_only,warning,Karenia,19,0.84234,0.93476,0.78926,0.90307
C2RCC,C2RCC_only,warning,Karenia,20,0.84811,0.94608,0.78788,0.91832
C2RCC,C2RCC_only,warning,Karenia,21,0.85358,0.94274,0.77841,0.94483
C2RCC,C2RCC_only,warning,Karenia,22,0.84735,0.93079,0.78807,0.91627
C2RCC,C2RCC_only,warning,Karenia,23,0.83294,0.9282,0.76035,0.92084
C2RCC,C2RCC_only,warning,Karenia,24,0.83961,0.93364,0.75435,0.9466
C2RCC,C2RCC_only,warning,Karenia,25,0.86057,0.93873,0.80285,0.92723
C2RCC,C2RCC_only,warning,Karenia,26,0.85089,0.93978,0.78613,0.92727
C2RCC,C2RCC_only,warning,Karenia,27,0.84416,0.93928,0.77228,0.93079
C2RCC,C2RCC_only,warning,Karenia,28,0.85253,0.94544,0.792,0.92308
C2RCC,C2RCC_only,warning,Karenia,29,0.85745,0.94468,0.80483,0.91743
C2RCC,C2RCC_only,warning,Karenia,30,0.86147,0.94824,0.78968,0.94762
C2RCC,C2RCC_only,warning,Karenia,31,0.84607,0.94432,0.77016,0.93857
C2RCC,C2RCC_only,warning,Karenia,32,0.82932,0.93353,0.74684,0.93228
C2RCC,C2RCC_only,warning,Karenia,33,0.84926,0.94057,0.77821,0.93458
C2RCC,C2RCC_only,warning,Karenia,34,0.87147,0.94886,0.81925,0.9308
C2RCC,C2RCC_only,warning,Karenia,35,0.84632,0.94337,0.77273,0.93541
C2RCC,C2RCC_only,warning,Karenia,36,0.84887,0.93641,0.78728,0.92093
C2RCC,C2RCC_only,warning,Karenia,37,0.85654,0.94584,0.806,0.91383
C2RCC,C2RCC_only,warning,Karenia,38,0.84199,0.94009,0.76877,0.93062
C2RCC,C2RCC_only,warning,Karenia,39,0.86154,0.95036,0.79192,0.94458
C2RCC,C2RCC_only,warning,Karenia,40,0.84642,0.9439,0.77019,0.93939
C2RCC,C2RCC_only,warning,Karenia,41,0.85619,0.93934,0.80625,0.91274
C2RCC,C2RCC_only,warning,Karenia,42,0.85225,0.94154,0.78656,0.92991
C2RCC,C2RCC_only,warning,Karenia,43,0.84758,0.93629,0.78587,0.9198
C2RCC,C2RCC_only,warning,Karenia,44,0.8658,0.94781,0.78895,0.95923
C2RCC,C2RCC_only,warning,Karenia,45,0.82005,0.92646,0.73469,0.92784
C2RCC,C2RCC_only,warning,Karenia,46,0.85414,0.94224,0.78119,0.94213
C2RCC,C2RCC_only,warning,Karenia,47,0.8652,0.94616,0.82143,0.91391
C2RCC,C2RCC_only,warning,Karenia,48,0.86387,0.94806,0.78731,0.95692
C2RCC,C2RCC_only,warning,Karenia,49,0.83787,0.94051,0.77,0.91885
C2RCC,C2RCC_roms,warning,Karenia,0,0.87284,0.95688,0.80517,0.95294
C2RCC,C2RCC_roms,warning,Karenia,1,0.86809,0.95843,0.80952,0.93578
C2RCC,C2RCC_roms,warning,Karenia,2,0.87976,0.95739,0.82056,0.94816
C2RCC,C2RCC_roms,warning,Karenia,3,0.86716,0.94815,0.81113,0.93151
C2RCC,C2RCC_roms,warning,Karenia,4,0.86659,0.95134,0.81197,0.9291
C2RCC,C2RCC_roms,warning,Karenia,5,0.88583,0.95928,0.83799,0.93946
C2RCC,C2RCC_roms,warning,Karenia,6,0.87831,0.95211,0.84008,0.92018
C2RCC,C2RCC_roms,warning,Karenia,7,0.8627,0.94599,0.80384,0.93086
C2RCC,C2RCC_roms,warning,Karenia,8,0.86309,0.94963,0.80244,0.93365
C2RCC,C2RCC_roms,warning,Karenia,9,0.8882,0.9598,0.84283,0.93873
C2RCC,C2RCC_roms,warning,Karenia,10,0.87593,0.95213,0.82932,0.92809
C2RCC,C2RCC_roms,warning,Karenia,11,0.86966,0.95342,0.81563,0.93135
C2RCC,C2RCC_roms,warning,Karenia,12,0.89468,0.96322,0.86318,0.92857
C2RCC,C2RCC_roms,warning,Karenia,13,0.86624,0.95553,0.80952,0.93151
C2RCC,C2RCC_roms,warning,Karenia,14,0.88093,0.96272,0.83101,0.93722
C2RCC,C2RCC_roms,warning,Karenia,15,0.89765,0.96012,0.86094,0.93764
C2RCC,C2RCC_roms,warning,Karenia,16,0.88108,0.95956,0.83694,0.93013
C2RCC,C2RCC_roms,warning,Karenia,17,0.87059,0.94949,0.81238,0.93779
C2RCC,C2RCC_roms,warning,Karenia,18,0.8712,0.95877,0.8125,0.93905
C2RCC,C2RCC_roms,warning,Karenia,19,0.88382,0.9589,0.84091,0.93135
C2RCC,C2RCC_roms,warning,Karenia,20,0.88713,0.96342,0.84848,0.92946
C2RCC,C2RCC_roms,warning,Karenia,21,0.87232,0.9556,0.80871,0.94678
C2RCC,C2RCC_roms,warning,Karenia,22,0.86304,0.94991,0.81687,0.91475
C2RCC,C2RCC_roms,warning,Karenia,23,0.85412,0.93923,0.79085,0.92839
C2RCC,C2RCC_roms,warning,Karenia,24,0.87002,0.95682,0.80271,0.94966
C2RCC,C2RCC_roms,warning,Karenia,25,0.88179,0.95326,0.84146,0.92617
C2RCC,C2RCC_roms,warning,Karenia,26,0.86626,0.95638,0.81118,0.92936
C2RCC,C2RCC_roms,warning,Karenia,27,0.87605,0.95487,0.82574,0.93289
C2RCC,C2RCC_roms,warning,Karenia,28,0.89146,0.9658,0.846,0.94209
C2RCC,C2RCC_roms,warning,Karenia,29,0.87633,0.96135,0.82696,0.93197
C2RCC,C2RCC_roms,warning,Karenia,30,0.88211,0.96332,0.83135,0.93946
C2RCC,C2RCC_roms,warning,Karenia,31,0.873,0.95696,0.8246,0.92744
C2RCC,C2RCC_roms,warning,Karenia,32,0.85517,0.95262,0.78481,0.93939
C2RCC,C2RCC_roms,warning,Karenia,33,0.87683,0.95905,0.81712,0.94595
C2RCC,C2RCC_roms,warning,Karenia,34,0.88497,0.96239,0.8389,0.9364
C2RCC,C2RCC_roms,warning,Karenia,35,0.88,0.9617,0.82609,0.94144
C2RCC,C2RCC_roms,warning,Karenia,36,0.87593,0.95637,0.82107,0.93864
C2RCC,C2RCC_roms,warning,Karenia,37,0.87671,0.95989,0.832,0.9265
C2RCC,C2RCC_roms,warning,Karenia,38,0.88912,0.95934,0.83202,0.95465
C2RCC,C2RCC_roms,warning,Karenia,39,0.87784,0.96452,0.8202,0.94419
C2RCC,C2RCC_roms,warning,Karenia,40,0.88106,0.96275,0.82816,0.94118
C2RCC,C2RCC_roms,warning,Karenia,41,0.875,0.95597,0.83125,0.92361
C2RCC,C2RCC_roms,warning,Karenia,42,0.86966,0.95626,0.82411,0.92053
C2RCC,C2RCC_roms,warning,Karenia,43,0.85878,0.95598,0.80086,0.92574
C2RCC,C2RCC_roms,warning,Karenia,44,0.89989,0.96625,0.84221,0.96606
C2RCC,C2RCC_roms,warning,Karenia,45,0.84962,0.94424,0.7898,0.91924
C2RCC,C2RCC_roms,warning,Karenia,46,0.87615,0.95524,0.8215,0.9386
C2RCC,C2RCC_roms,warning,Karenia,47,0.87785,0.95959,0.84127,0.91775
C2RCC,C2RCC_roms,warning,Karenia,48,0.87462,0.95714,0.81343,0.94577
C2RCC,C2RCC_roms,warning,Karenia,49,0.8725,0.95797,0.828,0.92205
C2RCC,C2RCC_only,warning,Pseudo-nitzschia,0,0.66915,0.75539,0.62704,0.71733
C2RCC,C2RCC_only,warning,Pseudo-nitzschia,1,0.68193,0.75932,0.65661,0.70927
C2RCC,C2RCC_only,warning,Pseudo-nitzschia,2,0.67093,0.7745,0.62233,0.72778
C2RCC,C2RCC_only,warning,Pseudo-nitzschia,3,0.69962,0.77743,0.66828,0.73404
C2RCC,C2RCC_only,warning,Pseudo-nitzschia,4,0.68005,0.75786,0.65144,0.71129
C2RCC,C2RCC_only,warning,Pseudo-nitzschia,5,0.71164,0.7724,0.68798,0.73699
C2RCC,C2RCC_only,warning,Pseudo-nitzschia,6,0.69988,0.78163,0.66588,0.73753
C2RCC,C2RCC_only,warning,Pseudo-nitzschia,7,0.70673,0.80239,0.64758,0.77778
C2RCC,C2RCC_only,warning,Pseudo-nitzschia,8,0.7104,0.78133,0.69157,0.73028
C2RCC,C2RCC_only,warning,Pseudo-nitzschia,9,0.71375,0.79728,0.68029,0.75066
C2RCC,C2RCC_only,warning,Pseudo-nitzschia,10,0.7197,0.77679,0.69853,0.74219
C2RCC,C2RCC_only,warning,Pseudo-nitzschia,11,0.67658,0.76011,0.63194,0.728
C2RCC,C2RCC_only,warning,Pseudo-nitzschia,12,0.688,0.77048,0.64987,0.73088
C2RCC,C2RCC_only,warning,Pseudo-nitzschia,13,0.71587,0.80372,0.66287,0.77807
C2RCC,C2RCC_only,warning,Pseudo-nitzschia,14,0.68966,0.77275,0.64073,0.74667
C2RCC,C2RCC_only,warning,Pseudo-nitzschia,15,0.68389,0.79304,0.62754,0.75135
C2RCC,C2RCC_only,warning,Pseudo-nitzschia,16,0.70013,0.76714,0.64608,0.76404
C2RCC,C2RCC_only,warning,Pseudo-nitzschia,17,0.69038,0.79233,0.62981,0.76385
C2RCC,C2RCC_only,warning,Pseudo-nitzschia,18,0.69173,0.77078,0.64637,0.74394
C2RCC,C2RCC_only,warning,Pseudo-nitzschia,19,0.67543,0.79422,0.633,0.72394
C2RCC,C2RCC_only,warning,Pseudo-nitzschia,20,0.69268,0.77964,0.64399,0.74934
C2RCC,C2RCC_only,warning,Pseudo-nitzschia,21,0.67862,0.76516,0.6432,0.71816
C2RCC,C2RCC_only,warning,Pseudo-nitzschia,22,0.70111,0.7959,0.65068,0.76
C2RCC,C2RCC_only,warning,Pseudo-nitzschia,23,0.71842,0.80893,0.67391,0.76923
C2RCC,C2RCC_only,warning,Pseudo-nitzschia,24,0.67526,0.74631,0.64216,0.71196
C2RCC,C2RCC_only,warning,Pseudo-nitzschia,25,0.70892,0.80473,0.66374,0.76071
C2RCC,C2RCC_only,warning,Pseudo-nitzschia,26,0.67433,0.7504,0.63768,0.71545
C2RCC,C2RCC_only,warning,Pseudo-nitzschia,27,0.70213,0.77809,0.66147,0.74811
C2RCC,C2RCC_only,warning,Pseudo-nitzschia,28,0.68132,0.75692,0.65187,0.71355
C2RCC,C2RCC_only,warning,Pseudo-nitzschia,29,0.71646,0.80876,0.66276,0.77961
C2RCC,C2RCC_only,warning,Pseudo-nitzschia,30,0.6927,0.77058,0.65947,0.72944
C2RCC,C2RCC_only,warning,Pseudo-nitzschia,31,0.68159,0.76915,0.64319,0.72487
C2RCC,C2RCC_only,warning,Pseudo-nitzschia,32,0.72102,0.78676,0.68357,0.7628
C2RCC,C2RCC_only,warning,Pseudo-nitzschia,33,0.69029,0.77709,0.64303,0.74504
C2RCC,C2RCC_only,warning,Pseudo-nitzschia,34,0.69175,0.79539,0.65217,0.73643
C2RCC,C2RCC_only,warning,Pseudo-nitzschia,35,0.65399,0.76062,0.59584,0.72472
C2RCC,C2RCC_only,warning,Pseudo-nitzschia,36,0.70037,0.80833,0.65138,0.75733
C2RCC,C2RCC_only,warning,Pseudo-nitzschia,37,0.68211,0.76357,0.64951,0.71816
C2RCC,C2RCC_only,warning,Pseudo-nitzschia,38,0.71173,0.78786,0.67067,0.75815
C2RCC,C2RCC_only,warning,Pseudo-nitzschia,39,0.71358,0.80441,0.67366,0.75853
C2RCC,C2RCC_only,warning,Pseudo-nitzschia,40,0.7127,0.79866,0.67366,0.75654
C2RCC,C2RCC_only,warning,Pseudo-nitzschia,41,0.68521,0.7822,0.64678,0.72849
C2RCC,C2RCC_only,warning,Pseudo-nitzschia,42,0.68983,0.78689,0.64269,0.74444
C2RCC,C2RCC_only,warning,Pseudo-nitzschia,43,0.71259,0.78973,0.68337,0.74442
C2RCC,C2RCC_only,warning,Pseudo-nitzschia,44,0.69799,0.77806,0.67358,0.72423
C2RCC,C2RCC_only,warning,Pseudo-nitzschia,45,0.69511,0.77689,0.6564,0.73867
C2RCC,C2RCC_only,warning,Pseudo-nitzschia,46,0.69121,0.7602,0.65247,0.73485
C2RCC,C2RCC_only,warning,Pseudo-nitzschia,47,0.71875,0.78645,0.68421,0.75696
C2RCC,C2RCC_only,warning,Pseudo-nitzschia,48,0.70807,0.78873,0.65217,0.77446
C2RCC,C2RCC_only,warning,Pseudo-nitzschia,49,0.69212,0.78801,0.64155,0.75134
C2RCC,C2RCC_roms,warning,Pseudo-nitzschia,0,0.72598,0.80175,0.71329,0.73913
C2RCC,C2RCC_roms,warning,Pseudo-nitzschia,1,0.73193,0.79938,0.72854,0.73536
C2RCC,C2RCC_roms,warning,Pseudo-nitzschia,2,0.72304,0.79822,0.70071,0.74684
C2RCC,C2RCC_roms,warning,Pseudo-nitzschia,3,0.7443,0.82153,0.75061,0.7381
C2RCC,C2RCC_roms,warning,Pseudo-nitzschia,4,0.72182,0.79073,0.72356,0.7201
C2RCC,C2RCC_roms,warning,Pseudo-nitzschia,5,0.74323,0.81169,0.73657,0.75
C2RCC,C2RCC_roms,warning,Pseudo-nitzschia,6,0.74005,0.82449,0.74882,0.73148
C2RCC,C2RCC_roms,warning,Pseudo-nitzschia,7,0.77376,0.83785,0.7533,0.79535
C2RCC,C2RCC_roms,warning,Pseudo-nitzschia,8,0.74155,0.82075,0.73976,0.74334
C2RCC,C2RCC_roms,warning,Pseudo-nitzschia,9,0.74328,0.81617,0.73077,0.75622
C2RCC,C2RCC_roms,warning,Pseudo-nitzschia,10,0.74491,0.79965,0.76225,0.72834
C2RCC,C2RCC_roms,warning,Pseudo-nitzschia,11,0.73325,0.81018,0.72222,0.74463
C2RCC,C2RCC_roms,warning,Pseudo-nitzschia,12,0.74615,0.81554,0.733,0.75979
C2RCC,C2RCC_roms,warning,Pseudo-nitzschia,13,0.78505,0.85665,0.76538,0.80576
C2RCC,C2RCC_roms,warning,Pseudo-nitzschia,14,0.73193,0.81184,0.71854,0.74584
C2RCC,C2RCC_roms,warning,Pseudo-nitzschia,15,0.76394,0.84644,0.72686,0.805
C2RCC,C2RCC_roms,warning,Pseudo-nitzschia,16,0.74146,0.82228,0.72209,0.7619
C2RCC,C2RCC_roms,warning,Pseudo-nitzschia,17,0.73897,0.85067,0.70433,0.77719
C2RCC,C2RCC_roms,warning,Pseudo-nitzschia,18,0.73872,0.81482,0.72834,0.7494
C2RCC,C2RCC_roms,warning,Pseudo-nitzschia,19,0.74646,0.85445,0.71429,0.78167
C2RCC,C2RCC_roms,warning,Pseudo-nitzschia,20,0.73746,0.80067,0.71655,0.75962
C2RCC,C2RCC_roms,warning,Pseudo-nitzschia,21,0.7311,0.79416,0.71602,0.74684
C2RCC,C2RCC_roms,warning,Pseudo-nitzschia,22,0.73436,0.83861,0.71005,0.76039
C2RCC,C2RCC_roms,warning,Pseudo-nitzschia,23,0.77062,0.85194,0.7413,0.80235
C2RCC,C2RCC_roms,warning,Pseudo-nitzschia,24,0.69377,0.78059,0.66912,0.72032
C2RCC,C2RCC_roms,warning,Pseudo-nitzschia,25,0.75947,0.83758,0.74945,0.76975
C2RCC,C2RCC_roms,warning,Pseudo-nitzschia,26,0.73039,0.80375,0.71981,0.74129
C2RCC,C2RCC_roms,warning,Pseudo-nitzschia,27,0.74592,0.81691,0.71269,0.7824
C2RCC,C2RCC_roms,warning,Pseudo-nitzschia,28,0.7109,0.7926,0.70093,0.72115
C2RCC,C2RCC_roms,warning,Pseudo-nitzschia,29,0.76087,0.84199,0.7377,0.78554
C2RCC,C2RCC_roms,warning,Pseudo-nitzschia,30,0.75458,0.80407,0.74101,0.76866
C2RCC,C2RCC_roms,warning,Pseudo-nitzschia,31,0.74473,0.81055,0.74648,0.74299
C2RCC,C2RCC_roms,warning,Pseudo-nitzschia,32,0.74362,0.82371,0.73913,0.74817
C2RCC,C2RCC_roms,warning,Pseudo-nitzschia,33,0.74122,0.82751,0.69682,0.79167
C2RCC,C2RCC_roms,warning,Pseudo-nitzschia,34,0.75176,0.8414,0.73455,0.76978
C2RCC,C2RCC_roms,warning,Pseudo-nitzschia,35,0.73412,0.81268,0.72055,0.7482
C2RCC,C2RCC_roms,warning,Pseudo-nitzschia,36,0.7815,0.85495,0.77523,0.78788
C2RCC,C2RCC_roms,warning,Pseudo-nitzschia,37,0.74597,0.81517,0.73775,0.75439
C2RCC,C2RCC_roms,warning,Pseudo-nitzschia,38,0.77586,0.82481,0.75721,0.79545
C2RCC,C2RCC_roms,warning,Pseudo-nitzschia,39,0.75624,0.83665,0.74126,0.77184
C2RCC,C2RCC_roms,warning,Pseudo-nitzschia,40,0.76313,0.8461,0.76224,0.76402
C2RCC,C2RCC_roms,warning,Pseudo-nitzschia,41,0.74605,0.8245,0.7327,0.7599
C2RCC,C2RCC_roms,warning,Pseudo-nitzschia,42,0.74471,0.83608,0.71703,0.77461
C2RCC,C2RCC_roms,warning,Pseudo-nitzschia,43,0.74413,0.82039,0.7221,0.76755
C2RCC,C2RCC_roms,warning,Pseudo-nitzschia,44,0.73032,0.80619,0.73316,0.72751
C2RCC,C2RCC_roms,warning,Pseudo-nitzschia,45,0.74793,0.8259,0.74882,0.74704
C2RCC,C2RCC_roms,warning,Pseudo-nitzschia,46,0.73038,0.81414,0.71973,0.74134
C2RCC,C2RCC_roms,warning,Pseudo-nitzschia,47,0.74824,0.83137,0.72769,0.76998
C2RCC,C2RCC_roms,warning,Pseudo-nitzschia,48,0.75208,0.84038,0.7254,0.78079
C2RCC,C2RCC_roms,warning,Pseudo-nitzschia,49,0.75118,0.83178,0.72374,0.78079
