station_code,station_name,date,latitude,longitude,rel_abundance,mosaic_file,time_diff_days,rrs_B1_median,rrs_B1_max,rrs_B2_median,rrs_B2_max,rrs_B3_median,rrs_B3_max,rrs_B4_median,rrs_B4_max,rrs_B5_median,rrs_B5_max,rrs_B6_median,rrs_B6_max,rrs_B7_median,rrs_B7_max,rrs_B8A_median,rrs_B8A_max,n_pixels,n_valid_pixels
A04,I. Julia,2015-11-11,-43.89583,-73.71333,2.0,Mosaic_20151123_20151206.nc,12,0.0011834886390715837,0.0018694695318117738,0.0015091015957295895,0.00224998127669096,0.0012059349101036787,0.0017302813939750195,0.00023511183098889887,0.0004259389825165272,0.00013498510816134512,0.0002581308363005519,3.612601722124964e-05,7.085889228619635e-05,3.356198067194782e-05,6.721276440657675e-05,1.302305463468656e-05,2.670391222636681e-05,742,674
A04,I. Julia,2015-11-26,-43.89583,-73.71333,2.0,Mosaic_20151123_20151206.nc,3,0.0011834886390715837,0.0018694695318117738,0.0015091015957295895,0.00224998127669096,0.0012059349101036787,0.0017302813939750195,0.00023511183098889887,0.0004259389825165272,0.00013498510816134512,0.0002581308363005519,3.612601722124964e-05,7.085889228619635e-05,3.356198067194782e-05,6.721276440657675e-05,1.302305463468656e-05,2.670391222636681e-05,742,674
A04,I. Julia,2015-12-02,-43.89583,-73.71333,1.0,Mosaic_20151123_20151206.nc,9,0.0011834886390715837,0.0018694695318117738,0.0015091015957295895,0.00224998127669096,0.0012059349101036787,0.0017302813939750195,0.00023511183098889887,0.0004259389825165272,0.00013498510816134512,0.0002581308363005519,3.612601722124964e-05,7.085889228619635e-05,3.356198067194782e-05,6.721276440657675e-05,1.302305463468656e-05,2.670391222636681e-05,742,674
A04,I. Julia,2015-12-20,-43.89583,-73.71333,1.0,Mosaic_20151223_20160105.nc,3,0.0004284268361516297,0.0036815712228417397,0.0006324568530544639,0.002935693832114339,0.0013055700110271573,0.001552231260575354,0.0008021211251616478,0.0011616600677371025,0.0006103193154558539,0.0009624000522308052,0.00020059777307324111,0.0003422775480430573,0.00020004903490189463,0.0003479361766949296,8.301686466438696e-05,0.000147956408909522,762,689
A04,I. Julia,2016-01-25,-43.89583,-73.71333,6.0,Mosaic_20160204_20160217.nc,10,0.0004950506845489144,0.008916225284337997,0.0007304816972464323,0.0038536770734936,0.001176746329292655,0.00729781249538064,0.0004700883000623435,0.0039662523195147514,0.0003229924477636814,0.003390031633898616,9.609381959307939e-05,0.0011485652066767216,9.419408888788894e-05,0.00115845981054008,3.843484591925517e-05,0.00046437399578280747,760,481
A04,I. Julia,2016-02-06,-43.89583,-73.71333,8.0,Mosaic_20160204_20160217.nc,2,0.0004950506845489144,0.008916225284337997,0.0007304816972464323,0.0038536770734936,0.001176746329292655,0.00729781249538064,0.0004700883000623435,0.0039662523195147514,0.0003229924477636814,0.003390031633898616,9.609381959307939e-05,0.0011485652066767216,9.419408888788894e-05,0.00115845981054008,3.843484591925517e-05,0.00046437399578280747,760,481
A04,I. Julia,2016-02-13,-43.89583,-73.71333,8.0,Mosaic_20160204_20160217.nc,9,0.0004950506845489144,0.008916225284337997,0.0007304816972464323,0.0038536770734936,0.001176746329292655,0.00729781249538064,0.0004700883000623435,0.0039662523195147514,0.0003229924477636814,0.003390031633898616,9.609381959307939e-05,0.0011485652066767216,9.419408888788894e-05,0.00115845981054008,3.843484591925517e-05,0.00046437399578280747,760,481
A04,I. Julia,2016-02-22,-43.89583,-73.71333,7.0,Mosaic_20160305_20160318.nc,12,0.0003320682735648006,0.004329412244260311,0.0005086910678073764,0.0028040683828294277,0.0010536934714764357,0.0017924490384757519,0.0005114562227390707,0.000759679707698524,0.00035572820343077183,0.0005888138548471034,0.00010521845251787454,0.00019306459580548108,0.00010333803948014975,0.0001936887565534562,4.209313920000568e-05,8.038265514187515e-05,760,696
A04,I. Julia,2016-03-09,-43.89583,-73.71333,8.0,Mosaic_20160305_20160318.nc,4,0.0003320682735648006,0.004329412244260311,0.0005086910678073764,0.0028040683828294277,0.0010536934714764357,0.0017924490384757519,0.0005114562227390707,0.000759679707698524,0.00035572820343077183,0.0005888138548471034,0.00010521845251787454,0.00019306459580548108,0.00010333803948014975,0.0001936887565534562,4.209313920000568e-05,8.038265514187515e-05,760,696
A04,I. Julia,2016-03-16,-43.89583,-73.71333,6.0,Mosaic_20160305_20160318.nc,11,0.0003320682735648006,0.004329412244260311,0.0005086910678073764,0.0028040683828294277,0.0010536934714764357,0.0017924490384757519,0.0005114562227390707,0.000759679707698524,0.00035572820343077183,0.0005888138548471034,0.00010521845251787454,0.00019306459580548108,0.00010333803948014975,0.0001936887565534562,4.209313920000568e-05,8.038265514187515e-05,760,696
A04,I. Julia,2016-04-01,-43.89583,-73.71333,2.0,Mosaic_20160404_20160417.nc,3,,,,,,,,,,,,,,,,,742,0
A04,I. Julia,2016-04-08,-43.89583,-73.71333,7.0,Mosaic_20160404_20160417.nc,4,,,,,,,,,,,,,,,,,742,0
A04,I. Julia,2016-06-04,-43.89583,-73.71333,3.0,Mosaic_20160613_20160626.nc,9,,,,,,,,,,,,,,,,,742,0
A04,I. Julia,2016-06-16,-43.89583,-73.71333,2.0,Mosaic_20160613_20160626.nc,3,,,,,,,,,,,,,,,,,742,0
A04,I. Julia,2016-06-21,-43.89583,-73.71333,1.0,Mosaic_20160613_20160626.nc,8,,,,,,,,,,,,,,,,,742,0
A04,I. Julia,2016-07-05,-43.89583,-73.71333,1.0,Mosaic_20160703_20160716.nc,2,0.0011220721062272787,0.0024681342765688896,0.0013240172993391752,0.0027003996074199677,0.0008523360011167824,0.0019697281531989574,0.00014337521861307323,0.00036344860563986003,8.101901039481163e-05,0.00021905852190684527,2.1573765479843132e-05,5.906326259719208e-05,2.0010229491163045e-05,5.5991931731114164e-05,7.649199687875807e-06,2.2044670913601294e-05,742,674
A04,I. Julia,2016-07-19,-43.89583,-73.71333,1.0,Mosaic_20160723_20160805.nc,4,0.0006149535765871406,0.0025233461055904627,0.000618361693341285,0.0032536331564188004,0.0004421026969794184,0.0028513832949101925,0.00012561889889184386,0.0012832796201109886,7.541775266872719e-05,0.0012043215101584792,2.0884475816274062e-05,0.0004768198705278337,1.956076084752567e-05,0.0004952403833158314,7.521850420744158e-06,0.00021274416940286756,742,657
A04,I. Julia,2016-08-20,-43.89583,-73.71333,3.0,Mosaic_20160819_20160901.nc,1,0.0034419866278767586,0.007806191220879555,0.00377512164413929,0.011173643171787262,0.0018045359756797552,0.012006690725684166,0.0002619969891384244,0.001562369056046009,0.00015581463230773807,0.0009210241260007024,4.308367715566419e-05,0.0002871781471185386,4.098434146726504e-05,0.0002857015933841467,1.6228732420131564e-05,0.00011750723206205294,737,656
A04,I. Julia,2016-09-03,-43.89583,-73.71333,2.0,Mosaic_20160908_20160921.nc,5,0.003908351995050907,0.00970123428851366,0.0028145527467131615,0.005789481569081545,0.0007063158554956317,0.006545130629092455,8.265239011961967e-05,0.0029839228373020887,4.471935608307831e-05,0.002396749798208475,1.1237075341341551e-05,0.0007802174659445882,1.007710670819506e-05,0.0007806869107298553,3.6170276871416718e-06,0.0003161261265631765,762,254
A04,I. Julia,2016-10-07,-43.89583,-73.71333,1.0,Mosaic_20160928_20161011.nc,9,0.0018667442491278052,0.0036793663166463375,0.0023439242504537106,0.004315052647143602,0.0014532910427078605,0.0035251749213784933,0.0002266603260068223,0.0005446714931167662,0.0001309420622419566,0.00032231208751909435,3.5281125747133046e-05,8.76882259035483e-05,3.3275769965257496e-05,8.406073175137863e-05,1.3054087503405754e-05,3.364217627677135e-05,762,689
A04,I. Julia,2016-10-21,-43.89583,-73.71333,3.0,Mosaic_20161018_20161031.nc,3,0.00237258430570364,0.005025836173444986,0.0032101862598210573,0.005499544553458691,0.002462216652929783,0.003203574800863862,0.0004332060052547604,0.0006068228394724429,0.00025741237914189696,0.00036718117189593613,7.031200220808387e-05,0.00010052041034214199,6.681722879875451e-05,9.548140224069357e-05,2.6564772269921377e-05,3.795600059675053e-05,737,668
A04,I. Julia,2016-11-10,-43.89583,-73.71333,2.0,Mosaic_20161107_20161120.nc,3,0.0014365615788847208,0.006750076077878475,0.0016258981777355075,0.005931189749389887,0.0007624671561643481,0.004869221709668636,0.00014735035074409097,0.0014747946988791227,8.5216794104781e-05,0.0012163211358711123,2.2880387405166402e-05,0.0004280493303667754,2.134743226633873e-05,0.0004333403194323182,8.172222806024365e-06,0.00018210342386737466,762,675
A04,I. Julia,2016-11-18,-43.89583,-73.71333,3.0,Mosaic_20161107_20161120.nc,11,0.0014365615788847208,0.006750076077878475,0.0016258981777355075,0.005931189749389887,0.0007624671561643481,0.004869221709668636,0.00014735035074409097,0.0014747946988791227,8.5216794104781e-05,0.0012163211358711123,2.2880387405166402e-05,0.0004280493303667754,2.134743226633873e-05,0.0004333403194323182,8.172222806024365e-06,0.00018210342386737466,762,675
A04,I. Julia,2016-11-26,-43.89583,-73.71333,4.0,Mosaic_20161130_20161213.nc,4,,,,,,,,,,,,,,,,,742,0
A04,I. Julia,2016-12-07,-43.89583,-73.71333,4.0,Mosaic_20161130_20161213.nc,7,,,,,,,,,,,,,,,,,742,0
A04,I. Julia,2016-12-14,-43.89583,-73.71333,3.0,Mosaic_20161217_20161230.nc,3,,,,,,,,,,,,,,,,,742,0
A04,I. Julia,2017-01-16,-43.89583,-73.71333,1.0,Mosaic_20170126_20170208.nc,10,0.004144448786973953,0.007151211611926556,0.004450077190995216,0.007917719893157482,0.0019698746036738157,0.004777404945343733,0.0002536763495299965,0.0005515955854207277,0.00015056690608616918,0.0003222977975383401,4.166170401731506e-05,8.83580360095948e-05,3.929517333745025e-05,8.483469719067216e-05,1.5567839000141248e-05,3.406998803257011e-05,742,674
A04,I. Julia,2017-01-25,-43.89583,-73.71333,1.0,Mosaic_20170126_20170208.nc,1,0.004144448786973953,0.007151211611926556,0.004450077190995216,0.007917719893157482,0.0019698746036738157,0.004777404945343733,0.0002536763495299965,0.0005515955854207277,0.00015056690608616918,0.0003222977975383401,4.166170401731506e-05,8.83580360095948e-05,3.929517333745025e-05,8.483469719067216e-05,1.5567839000141248e-05,3.406998803257011e-05,742,674
A04,I. Julia,2017-02-06,-43.89583,-73.71333,1.0,Mosaic_20170215_20170228.nc,9,,,,,,,,,,,,,,,,,742,0
A04,I. Julia,2017-02-15,-43.89583,-73.71333,0.0,Mosaic_20170215_20170228.nc,0,,,,,,,,,,,,,,,,,742,0
A04,I. Julia,2017-02-25,-43.89583,-73.71333,0.0,Mosaic_20170215_20170228.nc,10,,,,,,,,,,,,,,,,,742,0
A04,I. Julia,2017-03-06,-43.89583,-73.71333,1.0,Mosaic_20170317_20170330.nc,11,0.0028223800472915173,0.0056699165143072605,0.003347864607349038,0.00561297545209527,0.001846956554800272,0.003418607171624899,0.00026808897382579744,0.0004126287531107664,0.00015701819211244583,0.00024335093621630222,4.296486440580338e-05,6.667937122983858e-05,4.05775208491832e-05,6.326653965516016e-05,1.602468364581e-05,2.5511531930533238e-05,742,674
A04,I. Julia,2017-03-14,-43.89583,-73.71333,0.0,Mosaic_20170317_20170330.nc,3,0.0028223800472915173,0.0056699165143072605,0.003347864607349038,0.00561297545209527,0.001846956554800272,0.003418607171624899,0.00026808897382579744,0.0004126287531107664,0.00015701819211244583,0.00024335093621630222,4.296486440580338e-05,6.667937122983858e-05,4.05775208491832e-05,6.326653965516016e-05,1.602468364581e-05,2.5511531930533238e-05,742,674
A04,I. Julia,2017-03-20,-43.89583,-73.71333,2.0,Mosaic_20170317_20170330.nc,3,0.0028223800472915173,0.0056699165143072605,0.003347864607349038,0.00561297545209527,0.001846956554800272,0.003418607171624899,0.00026808897382579744,0.0004126287531107664,0.00015701819211244583,0.00024335093621630222,4.296486440580338e-05,6.667937122983858e-05,4.05775208491832e-05,6.326653965516016e-05,1.602468364581e-05,2.5511531930533238e-05,742,674
A04,I. Julia,2017-04-03,-43.89583,-73.71333,2.0,Mosaic_20170409_20170422.nc,6,0.0014935726067051291,0.004366014152765274,0.0019983514212071896,0.00330831715837121,0.0015244479291141033,0.002470154780894518,0.0002736603782977909,0.0004875350568909198,0.00016020257316995412,0.00029179389821365476,4.348889706307091e-05,7.917057519080117e-05,4.106056076125242e-05,7.517384801758453e-05,1.619616523385048e-05,2.9941196771687828e-05,742,674
A04,I. Julia,2017-04-12,-43.89583,-73.71333,7.0,Mosaic_20170409_20170422.nc,3,0.0014935726067051291,0.004366014152765274,0.0019983514212071896,0.00330831715837121,0.0015244479291141033,0.002470154780894518,0.0002736603782977909,0.0004875350568909198,0.00016020257316995412,0.00029179389821365476,4.348889706307091e-05,7.917057519080117e-05,4.106056076125242e-05,7.517384801758453e-05,1.619616523385048e-05,2.9941196771687828e-05,742,674
A04,I. Julia,2017-04-21,-43.89583,-73.71333,5.0,Mosaic_20170409_20170422.nc,12,0.0014935726067051291,0.004366014152765274,0.0019983514212071896,0.00330831715837121,0.0015244479291141033,0.002470154780894518,0.0002736603782977909,0.0004875350568909198,0.00016020257316995412,0.00029179389821365476,4.348889706307091e-05,7.917057519080117e-05,4.106056076125242e-05,7.517384801758453e-05,1.619616523385048e-05,2.9941196771687828e-05,742,674
A04,I. Julia,2017-05-08,-43.89583,-73.71333,2.0,Mosaic_20170509_20170522.nc,1,0.0009271915187127888,0.0017676310380920768,0.0014424235559999943,0.002506328746676445,0.0018352075712755322,0.002480994677171111,0.0004048754053656012,0.0008379638893529773,0.00024326030688825995,0.0005533398943953216,6.47141641820781e-05,0.0001546876592328772,6.172039138618857e-05,0.00015074017574079335,2.4359344024560414e-05,6.0652626416413113e-05,762,689
A04,I. Julia,2017-05-23,-43.89583,-73.71333,0.0,Mosaic_20170526_20170608.nc,3,0.0033484247978776693,0.006466773804277182,0.004125886131078005,0.006729451939463615,0.002528464188799262,0.0053026508539915085,0.0003992417186964303,0.0017819413915276527,0.00023517195950262249,0.0012189499102532864,6.425994797609746e-05,0.0003382403519935906,6.0569564084289595e-05,0.0003316085785627365,2.4033384761423804e-05,0.0001318899739999324,762,679
A04,I. Julia,2017-05-30,-43.89583,-73.71333,,Mosaic_20170526_20170608.nc,4,0.0033484247978776693,0.006466773804277182,0.004125886131078005,0.006729451939463615,0.002528464188799262,0.0053026508539915085,0.0003992417186964303,0.0017819413915276527,0.00023517195950262249,0.0012189499102532864,6.425994797609746e-05,0.0003382403519935906,6.0569564084289595e-05,0.0003316085785627365,2.4033384761423804e-05,0.0001318899739999324,762,679
A04,I. Julia,2017-07-04,-43.89583,-73.71333,1.0,Mosaic_20170710_20170723.nc,6,0.00384289282374084,0.008004225790500641,0.0029323422349989414,0.005935726221650839,0.000840515538584441,0.003036153269931674,9.382602729601786e-05,0.0005451654433272779,5.084029180579819e-05,0.0003317129740025848,1.2996019904676359e-05,9.027725172927603e-05,1.1665617421385832e-05,8.99905789992772e-05,4.240816451783758e-06,3.703131005750038e-05,762,689
A04,I. Julia,2017-07-31,-43.89583,-73.71333,0.0,Mosaic_20170725_20170807.nc,6,0.0038786744698882103,0.004828151781111956,0.004981752019375563,0.006050949916243553,0.003600483760237694,0.005520791281014681,0.0006572006968781352,0.0014043544651940465,0.0003956938162446022,0.0009216075413860381,0.00010823684715433046,0.0002590132353361696,0.00010259216651320457,0.00025067655951716006,4.075477409060113e-05,0.00010005576768890023,742,674
A04,I. Julia,2017-08-26,-43.89583,-73.71333,1.0,Mosaic_20170829_20170911.nc,3,0.003827348118647933,0.00877070240676403,0.003829128807410598,0.007947748526930809,0.001567913219332695,0.0038315982092171907,0.0002025840076385066,0.0008216416463255882,0.00011791293218266219,0.0005868100561201572,3.186794128851034e-05,0.0001952058810275048,2.9606562748085707e-05,0.00019747015903703868,1.1505509064591024e-05,8.254522253992036e-05,762,689
A04,I. Julia,2017-09-25,-43.89583,-73.71333,2.0,Mosaic_20171001_20171014.nc,6,0.0007755078258924186,0.007364549674093723,0.001078291330486536,0.003556942567229271,0.00102189090102911,0.006733459886163473,0.0002037634258158505,0.002595769241452217,0.00011734651343431324,0.001968886237591505,3.082264811382629e-05,0.000719403091352433,2.897761805797927e-05,0.0007490944117307663,1.1223843102925457e-05,0.0003188809787388891,760,696
A04,I. Julia,2017-10-10,-43.89583,-73.71333,2.0,Mosaic_20171018_20171031.nc,8,0.0025749376509338617,0.004931895062327385,0.002142213750630617,0.007610997650772333,0.0009356606169603765,0.0076870396733284,0.00013658292300533503,0.003320705611258745,7.603222184116021e-05,0.0027138893492519855,1.9859544408973306e-05,0.0008954066433943808,1.8220138372271322e-05,0.0008983736042864621,6.889044470881345e-06,0.0003771347983274609,762,689
A04,I. Julia,2017-10-24,-43.89583,-73.71333,1.0,Mosaic_20171018_20171031.nc,6,0.0025749376509338617,0.004931895062327385,0.002142213750630617,0.007610997650772333,0.0009356606169603765,0.0076870396733284,0.00013658292300533503,0.003320705611258745,7.603222184116021e-05,0.0027138893492519855,1.9859544408973306e-05,0.0008954066433943808,1.8220138372271322e-05,0.0008983736042864621,6.889044470881345e-06,0.0003771347983274609,762,689
A04,I. Julia,2017-11-06,-43.89583,-73.71333,1.0,Mosaic_20171102_20171115.nc,4,0.0028905123472213745,0.005177952349185944,0.003252736059948802,0.006414864677935839,0.0016602050745859742,0.0037448429502546787,0.00023535185027867556,0.0004753366520162672,0.0001364242343697697,0.00027977058198302984,3.7077970773680136e-05,7.739685679553077e-05,3.469607690931298e-05,7.43069831514731e-05,1.3592598406830803e-05,2.989563836308662e-05,737,668
A04,I. Julia,2017-11-28,-43.89583,-73.71333,3.0,Mosaic_20171205_20171218.nc,7,0.0005165344337001443,0.004964920226484537,0.0007851036498323083,0.00324510526843369,0.0014862434472888708,0.0020533362403512,0.0006299035740084946,0.0009658254566602409,0.0004316163540352136,0.0007365053752437234,0.00012826888996642083,0.00023948808666318655,0.00012507042265497148,0.00023942411644384265,5.087298632133752e-05,9.927162318490446e-05,742,674
A04,I. Julia,2017-12-05,-43.89583,-73.71333,5.0,Mosaic_20171205_20171218.nc,0,0.0005165344337001443,0.004964920226484537,0.0007851036498323083,0.00324510526843369,0.0014862434472888708,0.0020533362403512,0.0006299035740084946,0.0009658254566602409,0.0004316163540352136,0.0007365053752437234,0.00012826888996642083,0.00023948808666318655,0.00012507042265497148,0.00023942411644384265,5.087298632133752e-05,9.927162318490446e-05,742,674
A04,I. Julia,2017-12-15,-43.89583,-73.71333,2.0,Mosaic_20171220_20180102.nc,5,0.0005083998548798263,0.009733849205076694,0.0007509507122449577,0.005112314596772194,0.0013533324236050248,0.0068410951644182205,0.00071403116453439,0.002315985504537821,0.0005169311771169305,0.0020618948619812727,0.00016346127085853368,0.0007667249883525074,0.00016150491137523204,0.0007820760365575552,6.644512177444994e-05,0.00032858713530004025,737,506
A04,I. Julia,2018-01-09,-43.89583,-73.71333,3.0,Mosaic_20180109_20180122.nc,0,0.0006036924896761775,0.007630552165210247,0.000914414064027369,0.006192024797201157,0.001320013077929616,0.004818550776690245,0.0003619969938881695,0.0006706228596158326,0.00022187599097378552,0.0004628184833563864,5.9827503719134256e-05,0.000136518880026415,5.702355701941997e-05,0.00013332534581422806,2.2526119209942408e-05,5.402812530519441e-05,760,696
A04,I. Julia,2018-01-23,-43.89583,-73.71333,9.0,Mosaic_20180124_20180206.nc,1,0.0004999784287065268,0.006826411467045546,0.0007312975358217955,0.0034100906923413277,0.0015698825009167194,0.0019180631497874856,0.0011465068673714995,0.001466349815018475,0.0009476750856265426,0.0012556565925478935,0.0003327447921037674,0.0004570901801344007,0.00033596224966458976,0.000463086471427232,0.00014117403770796955,0.00019563768000807613,760,696
A04,I. Julia,2018-02-02,-43.89583,-73.71333,,Mosaic_20180210_20180223.nc,8,0.005498803686350584,0.010060478001832962,0.005751380696892738,0.009325343184173107,0.0024847055319696665,0.0043740104883909225,0.0003378066176082939,0.0008254909189417958,0.00020259783195797354,0.0005044284043833613,5.6679564295336604e-05,0.0001432309509254992,5.3163992561167106e-05,0.00013409288658294827,2.1151843611733057e-05,5.350867650122382e-05,762,689
A04,I. Julia,2018-02-07,-43.89583,-73.71333,7.0,Mosaic_20180210_20180223.nc,3,0.005498803686350584,0.010060478001832962,0.005751380696892738,0.009325343184173107,0.0024847055319696665,0.0043740104883909225,0.0003378066176082939,0.0008254909189417958,0.00020259783195797354,0.0005044284043833613,5.6679564295336604e-05,0.0001432309509254992,5.3163992561167106e-05,0.00013409288658294827,2.1151843611733057e-05,5.350867650122382e-05,762,689
A04,I. Julia,2018-02-14,-43.89583,-73.71333,3.0,Mosaic_20180210_20180223.nc,4,0.005498803686350584,0.010060478001832962,0.005751380696892738,0.009325343184173107,0.0024847055319696665,0.0043740104883909225,0.0003378066176082939,0.0008254909189417958,0.00020259783195797354,0.0005044284043833613,5.6679564295336604e-05,0.0001432309509254992,5.3163992561167106e-05,0.00013409288658294827,2.1151843611733057e-05,5.350867650122382e-05,762,689
A04,I. Julia,2018-03-01,-43.89583,-73.71333,4.0,Mosaic_20180302_20180315.nc,1,0.0036051091738045216,0.00610997062176466,0.0036364486441016197,0.006467952858656645,0.001482192543335259,0.0035494472831487656,0.0001962989626917988,0.0004166192375123501,0.00011366543913027272,0.0002475989458616823,3.082404509768821e-05,6.937949365237728e-05,2.8813396056648344e-05,6.667210982413962e-05,1.1211167475266848e-05,2.6903271646006033e-05,742,674
A04,I. Julia,2018-03-07,-43.89583,-73.71333,2.0,Mosaic_20180302_20180315.nc,5,0.0036051091738045216,0.00610997062176466,0.0036364486441016197,0.006467952858656645,0.001482192543335259,0.0035494472831487656,0.0001962989626917988,0.0004166192375123501,0.00011366543913027272,0.0002475989458616823,3.082404509768821e-05,6.937949365237728e-05,2.8813396056648344e-05,6.667210982413962e-05,1.1211167475266848e-05,2.6903271646006033e-05,742,674
A04,I. Julia,2018-03-14,-43.89583,-73.71333,2.0,Mosaic_20180317_20180330.nc,3,0.005760964006185532,0.009770818054676056,0.006267471704632044,0.007665808778256178,0.0028846743516623974,0.0045178551226854324,0.00040075674769468606,0.000604821543674916,0.00024200028565246612,0.0003646294353529811,6.796264642616734e-05,0.00010279444541083649,6.424706225516275e-05,9.725573909236118e-05,2.5699366233311594e-05,3.886830381816253e-05,762,689
A04,I. Julia,2018-03-18,-43.89583,-73.71333,2.0,Mosaic_20180317_20180330.nc,1,0.005760964006185532,0.009770818054676056,0.006267471704632044,0.007665808778256178,0.0028846743516623974,0.0045178551226854324,0.00040075674769468606,0.000604821543674916,0.00024200028565246612,0.0003646294353529811,6.796264642616734e-05,0.00010279444541083649,6.424706225516275e-05,9.725573909236118e-05,2.5699366233311594e-05,3.886830381816253e-05,762,689
A04,I. Julia,2018-03-24,-43.89583,-73.71333,1.0,Mosaic_20180317_20180330.nc,7,0.005760964006185532,0.009770818054676056,0.006267471704632044,0.007665808778256178,0.0028846743516623974,0.0045178551226854324,0.00040075674769468606,0.000604821543674916,0.00024200028565246612,0.0003646294353529811,6.796264642616734e-05,0.00010279444541083649,6.424706225516275e-05,9.725573909236118e-05,2.5699366233311594e-05,3.886830381816253e-05,762,689
A04,I. Julia,2018-04-04,-43.89583,-73.71333,1.0,Mosaic_20180401_20180414.nc,3,0.003328842343762517,0.004281794652342796,0.004256569780409336,0.005636121146380901,0.0026384354569017887,0.0037411467637866735,0.00039912096690386534,0.0006404389278031886,0.00023808705736882985,0.00038605384179390967,6.623275839956477e-05,0.00010672832286218181,6.319767271634191e-05,0.00010080492938868701,2.5304190785391256e-05,4.007736060884781e-05,742,674
A04,I. Julia,2018-04-14,-43.89583,-73.71333,,Mosaic_20180424_20180507.nc,10,0.0007186512229964137,0.007253584451973438,0.000969769258517772,0.005151076707988977,0.001181338680908084,0.00722426176071167,0.0004136901698075235,0.0033563922625035048,0.00026783865178003907,0.0027878477703779936,7.69067119108513e-05,0.0009641306824050844,7.484856178052723e-05,0.0009702054667286575,2.9860686481697485e-05,0.00039214923162944615,737,668
A04,I. Julia,2018-04-30,-43.89583,-73.71333,1.0,Mosaic_20180424_20180507.nc,6,0.0007186512229964137,0.007253584451973438,0.000969769258517772,0.005151076707988977,0.001181338680908084,0.00722426176071167,0.0004136901698075235,0.0033563922625035048,0.00026783865178003907,0.0027878477703779936,7.69067119108513e-05,0.0009641306824050844,7.484856178052723e-05,0.0009702054667286575,2.9860686481697485e-05,0.00039214923162944615,737,668
A04,I. Julia,2018-05-09,-43.89583,-73.71333,3.0,Mosaic_20180511_20180524.nc,2,0.0023979688994586468,0.003493014257401228,0.0029305508360266685,0.004215168301016092,0.0017863678513094783,0.002615956589579582,0.0002813859609887004,0.00045169799705035985,0.00016357257845811546,0.00026589128538034856,4.47441780124791e-05,7.25135178072378e-05,4.1882969526341185e-05,6.797436799388379e-05,1.6496389434905723e-05,2.6855204851017334e-05,737,668
A04,I. Julia,2018-05-14,-43.89583,-73.71333,3.0,Mosaic_20180511_20180524.nc,3,0.0023979688994586468,0.003493014257401228,0.0029305508360266685,0.004215168301016092,0.0017863678513094783,0.002615956589579582,0.0002813859609887004,0.00045169799705035985,0.00016357257845811546,0.00026589128538034856,4.47441780124791e-05,7.25135178072378e-05,4.1882969526341185e-05,6.797436799388379e-05,1.6496389434905723e-05,2.6855204851017334e-05,737,668
A04,I. Julia,2018-05-20,-43.89583,-73.71333,2.0,Mosaic_20180526_20180608.nc,6,0.0017968127503991127,0.002878445666283369,0.0021883398294448853,0.0036470377817749977,0.0012975471327081323,0.0024899912532418966,0.00019249049364589155,0.00040222928510047495,0.00010984747495967895,0.0002366596891079098,2.9584245567093603e-05,6.477622082456946e-05,2.762874646577984e-05,6.076902718632482e-05,1.0769526852527633e-05,2.4029533960856497e-05,742,674
A04,I. Julia,2018-06-04,-43.89583,-73.71333,2.0,Mosaic_20180526_20180608.nc,9,0.0017968127503991127,0.002878445666283369,0.0021883398294448853,0.0036470377817749977,0.0012975471327081323,0.0024899912532418966,0.00019249049364589155,0.00040222928510047495,0.00010984747495967895,0.0002366596891079098,2.9584245567093603e-05,6.477622082456946e-05,2.762874646577984e-05,6.076902718632482e-05,1.0769526852527633e-05,2.4029533960856497e-05,742,674
A04,I. Julia,2018-06-15,-43.89583,-73.71333,0.0,Mosaic_20180613_20180626.nc,2,0.0004017371393274516,0.0021490282379090786,0.0004982796963304281,0.0020571425557136536,0.00048160162987187505,0.0016290191560983658,0.00015161343617364764,0.0008767351973801851,9.124457574216649e-05,0.0007321557495743036,2.5487359380349517e-05,0.0002589481882750988,2.404509905318264e-05,0.00026390457060188055,9.374938599648885e-06,0.00011469193850643933,762,689
A04,I. Julia,2018-07-03,-43.89583,-73.71333,1.0,Mosaic_20180703_20180716.nc,0,0.0008275217842310667,0.0016950301360338926,0.0012611106503754854,0.002675477648153901,0.0016031402628868818,0.002600525040179491,0.0003782119310926646,0.0007656937232241035,0.00022979617642704397,0.0004965937696397305,6.166444654809311e-05,0.00013498157204594463,5.8911376981996e-05,0.00012967940710950643,2.3338412574958056e-05,5.117116597830318e-05,760,696
A04,I. Julia,2018-07-13,-43.89583,-73.71333,2.0,Mosaic_20180718_20180731.nc,5,0.0009200949571095407,0.004792166408151388,0.0012877217959612608,0.0032061797101050615,0.0011747940443456173,0.0025733800139278173,0.00023607476032339036,0.0005731686833314598,0.0001395192084601149,0.00036229914985597134,3.819545963779092e-05,9.936709830071777e-05,3.624954479164444e-05,9.514316479908302e-05,1.4290113540482707e-05,3.7775185774080455e-05,760,696
A04,I. Julia,2018-07-17,-43.89583,-73.71333,,Mosaic_20180718_20180731.nc,1,0.0009200949571095407,0.004792166408151388,0.0012877217959612608,0.0032061797101050615,0.0011747940443456173,0.0025733800139278173,0.00023607476032339036,0.0005731686833314598,0.0001395192084601149,0.00036229914985597134,3.819545963779092e-05,9.936709830071777e-05,3.624954479164444e-05,9.514316479908302e-05,1.4290113540482707e-05,3.7775185774080455e-05,760,696
A04,I. Julia,2018-07-23,-43.89583,-73.71333,,Mosaic_20180718_20180731.nc,5,0.0009200949571095407,0.004792166408151388,0.0012877217959612608,0.0032061797101050615,0.0011747940443456173,0.0025733800139278173,0.00023607476032339036,0.0005731686833314598,0.0001395192084601149,0.00036229914985597134,3.819545963779092e-05,9.936709830071777e-05,3.624954479164444e-05,9.514316479908302e-05,1.4290113540482707e-05,3.7775185774080455e-05,760,696
A04,I. Julia,2018-07-24,-43.89583,-73.71333,0.0,Mosaic_20180718_20180731.nc,6,0.0009200949571095407,0.004792166408151388,0.0012877217959612608,0.0032061797101050615,0.0011747940443456173,0.0025733800139278173,0.00023607476032339036,0.0005731686833314598,0.0001395192084601149,0.00036229914985597134,3.819545963779092e-05,9.936709830071777e-05,3.624954479164444e-05,9.514316479908302e-05,1.4290113540482707e-05,3.7775185774080455e-05,760,696
A04,I. Julia,2018-07-26,-43.89583,-73.71333,,Mosaic_20180718_20180731.nc,8,0.0009200949571095407,0.004792166408151388,0.0012877217959612608,0.0032061797101050615,0.0011747940443456173,0.0025733800139278173,0.00023607476032339036,0.0005731686833314598,0.0001395192084601149,0.00036229914985597134,3.819545963779092e-05,9.936709830071777e-05,3.624954479164444e-05,9.514316479908302e-05,1.4290113540482707e-05,3.7775185774080455e-05,760,696
A04,I. Julia,2018-07-27,-43.89583,-73.71333,0.0,Mosaic_20180718_20180731.nc,9,0.0009200949571095407,0.004792166408151388,0.0012877217959612608,0.0032061797101050615,0.0011747940443456173,0.0025733800139278173,0.00023607476032339036,0.0005731686833314598,0.0001395192084601149,0.00036229914985597134,3.819545963779092e-05,9.936709830071777e-05,3.624954479164444e-05,9.514316479908302e-05,1.4290113540482707e-05,3.7775185774080455e-05,760,696
A04,I. Julia,2018-07-29,-43.89583,-73.71333,,Mosaic_20180807_20180820.nc,9,0.00405712379142642,0.005064991302788258,0.003758559934794903,0.006190225016325712,0.0013462675269693136,0.003825432388111949,0.0001652054488658905,0.0004642641870304942,9.494461119174957e-05,0.00027553935069590807,2.547632720961701e-05,7.6443022408057e-05,2.3670218070037663e-05,7.398905290756375e-05,9.134793799603358e-06,2.988234700751491e-05,742,672
A04,I. Julia,2018-07-31,-43.89583,-73.71333,,Mosaic_20180807_20180820.nc,7,0.00405712379142642,0.005064991302788258,0.003758559934794903,0.006190225016325712,0.0013462675269693136,0.003825432388111949,0.0001652054488658905,0.0004642641870304942,9.494461119174957e-05,0.00027553935069590807,2.547632720961701e-05,7.6443022408057e-05,2.3670218070037663e-05,7.398905290756375e-05,9.134793799603358e-06,2.988234700751491e-05,742,672
A04,I. Julia,2018-08-03,-43.89583,-73.71333,,Mosaic_20180807_20180820.nc,4,0.00405712379142642,0.005064991302788258,0.003758559934794903,0.006190225016325712,0.0013462675269693136,0.003825432388111949,0.0001652054488658905,0.0004642641870304942,9.494461119174957e-05,0.00027553935069590807,2.547632720961701e-05,7.6443022408057e-05,2.3670218070037663e-05,7.398905290756375e-05,9.134793799603358e-06,2.988234700751491e-05,742,672
A04,I. Julia,2018-08-05,-43.89583,-73.71333,,Mosaic_20180807_20180820.nc,2,0.00405712379142642,0.005064991302788258,0.003758559934794903,0.006190225016325712,0.0013462675269693136,0.003825432388111949,0.0001652054488658905,0.0004642641870304942,9.494461119174957e-05,0.00027553935069590807,2.547632720961701e-05,7.6443022408057e-05,2.3670218070037663e-05,7.398905290756375e-05,9.134793799603358e-06,2.988234700751491e-05,742,672
A04,I. Julia,2018-08-06,-43.89583,-73.71333,,Mosaic_20180807_20180820.nc,1,0.00405712379142642,0.005064991302788258,0.003758559934794903,0.006190225016325712,0.0013462675269693136,0.003825432388111949,0.0001652054488658905,0.0004642641870304942,9.494461119174957e-05,0.00027553935069590807,2.547632720961701e-05,7.6443022408057e-05,2.3670218070037663e-05,7.398905290756375e-05,9.134793799603358e-06,2.988234700751491e-05,742,672
A04,I. Julia,2018-08-07,-43.89583,-73.71333,1.0,Mosaic_20180807_20180820.nc,0,0.00405712379142642,0.005064991302788258,0.003758559934794903,0.006190225016325712,0.0013462675269693136,0.003825432388111949,0.0001652054488658905,0.0004642641870304942,9.494461119174957e-05,0.00027553935069590807,2.547632720961701e-05,7.6443022408057e-05,2.3670218070037663e-05,7.398905290756375e-05,9.134793799603358e-06,2.988234700751491e-05,742,672
A04,I. Julia,2018-08-20,-43.89583,-73.71333,,Mosaic_20180827_20180909.nc,7,0.003489880356937647,0.006303491070866585,0.0033919999841600657,0.005813897121697664,0.0013286907924339175,0.0032729736994951963,0.00015687680570408702,0.00039412331534549594,8.927108865464106e-05,0.0002346090186620131,2.364341344218701e-05,6.56129268463701e-05,2.186976962548215e-05,6.321718683466315e-05,8.332043762493413e-06,2.552062869654037e-05,762,689
A04,I. Julia,2018-08-21,-43.89583,-73.71333,,Mosaic_20180827_20180909.nc,6,0.003489880356937647,0.006303491070866585,0.0033919999841600657,0.005813897121697664,0.0013286907924339175,0.0032729736994951963,0.00015687680570408702,0.00039412331534549594,8.927108865464106e-05,0.0002346090186620131,2.364341344218701e-05,6.56129268463701e-05,2.186976962548215e-05,6.321718683466315e-05,8.332043762493413e-06,2.552062869654037e-05,762,689
A04,I. Julia,2018-08-30,-43.89583,-73.71333,,Mosaic_20180827_20180909.nc,3,0.003489880356937647,0.006303491070866585,0.0033919999841600657,0.005813897121697664,0.0013286907924339175,0.0032729736994951963,0.00015687680570408702,0.00039412331534549594,8.927108865464106e-05,0.0002346090186620131,2.364341344218701e-05,6.56129268463701e-05,2.186976962548215e-05,6.321718683466315e-05,8.332043762493413e-06,2.552062869654037e-05,762,689
A04,I. Julia,2018-08-31,-43.89583,-73.71333,,Mosaic_20180827_20180909.nc,4,0.003489880356937647,0.006303491070866585,0.0033919999841600657,0.005813897121697664,0.0013286907924339175,0.0032729736994951963,0.00015687680570408702,0.00039412331534549594,8.927108865464106e-05,0.0002346090186620131,2.364341344218701e-05,6.56129268463701e-05,2.186976962548215e-05,6.321718683466315e-05,8.332043762493413e-06,2.552062869654037e-05,762,689
A04,I. Julia,2018-09-01,-43.89583,-73.71333,2.0,Mosaic_20180827_20180909.nc,5,0.003489880356937647,0.006303491070866585,0.0033919999841600657,0.005813897121697664,0.0013286907924339175,0.0032729736994951963,0.00015687680570408702,0.00039412331534549594,8.927108865464106e-05,0.0002346090186620131,2.364341344218701e-05,6.56129268463701e-05,2.186976962548215e-05,6.321718683466315e-05,8.332043762493413e-06,2.552062869654037e-05,762,689
A04,I. Julia,2018-09-06,-43.89583,-73.71333,,Mosaic_20180911_20180924.nc,5,0.001216022646985948,0.009174253791570663,0.0017724960343912244,0.01010352373123169,0.0018720461521297693,0.012785796076059341,0.0003763661370612681,0.0028557751793414354,0.0002347394183743745,0.0023368406109511852,6.603763904422522e-05,0.0007755968254059553,6.311567267403007e-05,0.0007781643071211874,2.5098923288169317e-05,0.00031625168048776686,762,111
A04,I. Julia,2018-09-08,-43.89583,-73.71333,1.0,Mosaic_20180911_20180924.nc,3,0.001216022646985948,0.009174253791570663,0.0017724960343912244,0.01010352373123169,0.0018720461521297693,0.012785796076059341,0.0003763661370612681,0.0028557751793414354,0.0002347394183743745,0.0023368406109511852,6.603763904422522e-05,0.0007755968254059553,6.311567267403007e-05,0.0007781643071211874,2.5098923288169317e-05,0.00031625168048776686,762,111
A04,I. Julia,2018-09-09,-43.89583,-73.71333,,Mosaic_20180911_20180924.nc,2,0.001216022646985948,0.009174253791570663,0.0017724960343912244,0.01010352373123169,0.0018720461521297693,0.012785796076059341,0.0003763661370612681,0.0028557751793414354,0.0002347394183743745,0.0023368406109511852,6.603763904422522e-05,0.0007755968254059553,6.311567267403007e-05,0.0007781643071211874,2.5098923288169317e-05,0.00031625168048776686,762,111
A04,I. Julia,2018-09-12,-43.89583,-73.71333,,Mosaic_20180911_20180924.nc,1,0.001216022646985948,0.009174253791570663,0.0017724960343912244,0.01010352373123169,0.0018720461521297693,0.012785796076059341,0.0003763661370612681,0.0028557751793414354,0.0002347394183743745,0.0023368406109511852,6.603763904422522e-05,0.0007755968254059553,6.311567267403007e-05,0.0007781643071211874,2.5098923288169317e-05,0.00031625168048776686,762,111
A04,I. Julia,2018-09-13,-43.89583,-73.71333,2.0,Mosaic_20180911_20180924.nc,2,0.001216022646985948,0.009174253791570663,0.0017724960343912244,0.01010352373123169,0.0018720461521297693,0.012785796076059341,0.0003763661370612681,0.0028557751793414354,0.0002347394183743745,0.0023368406109511852,6.603763904422522e-05,0.0007755968254059553,6.311567267403007e-05,0.0007781643071211874,2.5098923288169317e-05,0.00031625168048776686,762,111
A04,I. Julia,2018-09-14,-43.89583,-73.71333,,Mosaic_20180911_20180924.nc,3,0.001216022646985948,0.009174253791570663,0.0017724960343912244,0.01010352373123169,0.0018720461521297693,0.012785796076059341,0.0003763661370612681,0.0028557751793414354,0.0002347394183743745,0.0023368406109511852,6.603763904422522e-05,0.0007755968254059553,6.311567267403007e-05,0.0007781643071211874,2.5098923288169317e-05,0.00031625168048776686,762,111
A04,I. Julia,2018-09-15,-43.89583,-73.71333,,Mosaic_20180911_20180924.nc,4,0.001216022646985948,0.009174253791570663,0.0017724960343912244,0.01010352373123169,0.0018720461521297693,0.012785796076059341,0.0003763661370612681,0.0028557751793414354,0.0002347394183743745,0.0023368406109511852,6.603763904422522e-05,0.0007755968254059553,6.311567267403007e-05,0.0007781643071211874,2.5098923288169317e-05,0.00031625168048776686,762,111
A04,I. Julia,2018-10-01,-43.89583,-73.71333,,Mosaic_20181003_20181016.nc,2,0.0014910019235685468,0.008694172836840153,0.002066828543320298,0.00830112025141716,0.0015906025655567646,0.00500341784209013,0.00028177746571600437,0.0008702732739038765,0.00016495272575411946,0.0005961182177998126,4.470971180126071e-05,0.00017635531548876315,4.236962558934465e-05,0.00017266855866182595,1.6702431821613573e-05,7.066773105179891e-05,762,689
A04,I. Julia,2018-10-02,-43.89583,-73.71333,,Mosaic_20181003_20181016.nc,1,0.0014910019235685468,0.008694172836840153,0.002066828543320298,0.00830112025141716,0.0015906025655567646,0.00500341784209013,0.00028177746571600437,0.0008702732739038765,0.00016495272575411946,0.0005961182177998126,4.470971180126071e-05,0.00017635531548876315,4.236962558934465e-05,0.00017266855866182595,1.6702431821613573e-05,7.066773105179891e-05,762,689
A04,I. Julia,2018-10-03,-43.89583,-73.71333,3.0,Mosaic_20181003_20181016.nc,0,0.0014910019235685468,0.008694172836840153,0.002066828543320298,0.00830112025141716,0.0015906025655567646,0.00500341784209013,0.00028177746571600437,0.0008702732739038765,0.00016495272575411946,0.0005961182177998126,4.470971180126071e-05,0.00017635531548876315,4.236962558934465e-05,0.00017266855866182595,1.6702431821613573e-05,7.066773105179891e-05,762,689
A04,I. Julia,2018-10-06,-43.89583,-73.71333,,Mosaic_20181003_20181016.nc,3,0.0014910019235685468,0.008694172836840153,0.002066828543320298,0.00830112025141716,0.0015906025655567646,0.00500341784209013,0.00028177746571600437,0.0008702732739038765,0.00016495272575411946,0.0005961182177998126,4.470971180126071e-05,0.00017635531548876315,4.236962558934465e-05,0.00017266855866182595,1.6702431821613573e-05,7.066773105179891e-05,762,689
A04,I. Julia,2018-10-10,-43.89583,-73.71333,,Mosaic_20181003_20181016.nc,7,0.0014910019235685468,0.008694172836840153,0.002066828543320298,0.00830112025141716,0.0015906025655567646,0.00500341784209013,0.00028177746571600437,0.0008702732739038765,0.00016495272575411946,0.0005961182177998126,4.470971180126071e-05,0.00017635531548876315,4.236962558934465e-05,0.00017266855866182595,1.6702431821613573e-05,7.066773105179891e-05,762,689
A04,I. Julia,2018-10-11,-43.89583,-73.71333,1.0,Mosaic_20181018_20181031.nc,7,0.00397405494004488,0.006384894717484713,0.004410259425640106,0.007968008518218994,0.002056926256045699,0.004575375467538834,0.00027970538940280676,0.0005669778329320252,0.00016616738867014647,0.0003334606299176812,4.609997267834842e-05,9.164974471786991e-05,4.3772979552159086e-05,8.799646457191557e-05,1.7384463717462495e-05,3.534555798978545e-05,762,689
A04,I. Julia,2018-10-23,-43.89583,-73.71333,,Mosaic_20181018_20181031.nc,5,0.00397405494004488,0.006384894717484713,0.004410259425640106,0.007968008518218994,0.002056926256045699,0.004575375467538834,0.00027970538940280676,0.0005669778329320252,0.00016616738867014647,0.0003334606299176812,4.609997267834842e-05,9.164974471786991e-05,4.3772979552159086e-05,8.799646457191557e-05,1.7384463717462495e-05,3.534555798978545e-05,762,689
A04,I. Julia,2018-10-24,-43.89583,-73.71333,2.0,Mosaic_20181018_20181031.nc,6,0.00397405494004488,0.006384894717484713,0.004410259425640106,0.007968008518218994,0.002056926256045699,0.004575375467538834,0.00027970538940280676,0.0005669778329320252,0.00016616738867014647,0.0003334606299176812,4.609997267834842e-05,9.164974471786991e-05,4.3772979552159086e-05,8.799646457191557e-05,1.7384463717462495e-05,3.534555798978545e-05,762,689
A04,I. Julia,2018-10-26,-43.89583,-73.71333,,Mosaic_20181018_20181031.nc,8,0.00397405494004488,0.006384894717484713,0.004410259425640106,0.007968008518218994,0.002056926256045699,0.004575375467538834,0.00027970538940280676,0.0005669778329320252,0.00016616738867014647,0.0003334606299176812,4.609997267834842e-05,9.164974471786991e-05,4.3772979552159086e-05,8.799646457191557e-05,1.7384463717462495e-05,3.534555798978545e-05,762,689
A04,I. Julia,2018-11-01,-43.89583,-73.71333,,Mosaic_20181105_20181118.nc,4,0.001602423144504428,0.009690513834357262,0.002331078052520752,0.01378670334815979,0.002202956471592188,0.012660985812544823,0.00040632413583807647,0.005747281014919281,0.00024055071116890758,0.006071251817047596,6.518517329823226e-05,0.0026126268785446882,6.244403630262241e-05,0.0027343237306922674,2.492354360583704e-05,0.0011273252312093973,762,689
A04,I. Julia,2018-11-02,-43.89583,-73.71333,1.0,Mosaic_20181105_20181118.nc,3,0.001602423144504428,0.009690513834357262,0.002331078052520752,0.01378670334815979,0.002202956471592188,0.012660985812544823,0.00040632413583807647,0.005747281014919281,0.00024055071116890758,0.006071251817047596,6.518517329823226e-05,0.0026126268785446882,6.244403630262241e-05,0.0027343237306922674,2.492354360583704e-05,0.0011273252312093973,762,689
A04,I. Julia,2018-11-03,-43.89583,-73.71333,,Mosaic_20181105_20181118.nc,2,0.001602423144504428,0.009690513834357262,0.002331078052520752,0.01378670334815979,0.002202956471592188,0.012660985812544823,0.00040632413583807647,0.005747281014919281,0.00024055071116890758,0.006071251817047596,6.518517329823226e-05,0.0026126268785446882,6.244403630262241e-05,0.0027343237306922674,2.492354360583704e-05,0.0011273252312093973,762,689
A04,I. Julia,2018-11-08,-43.89583,-73.71333,,Mosaic_20181105_20181118.nc,3,0.001602423144504428,0.009690513834357262,0.002331078052520752,0.01378670334815979,0.002202956471592188,0.012660985812544823,0.00040632413583807647,0.005747281014919281,0.00024055071116890758,0.006071251817047596,6.518517329823226e-05,0.0026126268785446882,6.244403630262241e-05,0.0027343237306922674,2.492354360583704e-05,0.0011273252312093973,762,689
A04,I. Julia,2018-11-09,-43.89583,-73.71333,,Mosaic_20181105_20181118.nc,4,0.001602423144504428,0.009690513834357262,0.002331078052520752,0.01378670334815979,0.002202956471592188,0.012660985812544823,0.00040632413583807647,0.005747281014919281,0.00024055071116890758,0.006071251817047596,6.518517329823226e-05,0.0026126268785446882,6.244403630262241e-05,0.0027343237306922674,2.492354360583704e-05,0.0011273252312093973,762,689
A04,I. Julia,2018-11-10,-43.89583,-73.71333,2.0,Mosaic_20181105_20181118.nc,5,0.001602423144504428,0.009690513834357262,0.002331078052520752,0.01378670334815979,0.002202956471592188,0.012660985812544823,0.00040632413583807647,0.005747281014919281,0.00024055071116890758,0.006071251817047596,6.518517329823226e-05,0.0026126268785446882,6.244403630262241e-05,0.0027343237306922674,2.492354360583704e-05,0.0011273252312093973,762,689
A04,I. Julia,2018-11-23,-43.89583,-73.71333,,Mosaic_20181127_20181210.nc,4,0.003933420870453119,0.009798048064112663,0.004907614551484585,0.009740558452904224,0.0030923811718821526,0.005189567804336548,0.0004936498589813709,0.0006665967521257699,0.0002968307235278189,0.0003932300896849483,8.323441579705104e-05,0.00010734432726167142,7.93484941823408e-05,0.00010273615043843165,3.184713204973377e-05,4.1096402128459886e-05,742,674
A04,I. Julia,2018-11-24,-43.89583,-73.71333,0.0,Mosaic_20181127_20181210.nc,3,0.003933420870453119,0.009798048064112663,0.004907614551484585,0.009740558452904224,0.0030923811718821526,0.005189567804336548,0.0004936498589813709,0.0006665967521257699,0.0002968307235278189,0.0003932300896849483,8.323441579705104e-05,0.00010734432726167142,7.93484941823408e-05,0.00010273615043843165,3.184713204973377e-05,4.1096402128459886e-05,742,674
A04,I. Julia,2018-11-26,-43.89583,-73.71333,,Mosaic_20181127_20181210.nc,1,0.003933420870453119,0.009798048064112663,0.004907614551484585,0.009740558452904224,0.0030923811718821526,0.005189567804336548,0.0004936498589813709,0.0006665967521257699,0.0002968307235278189,0.0003932300896849483,8.323441579705104e-05,0.00010734432726167142,7.93484941823408e-05,0.00010273615043843165,3.184713204973377e-05,4.1096402128459886e-05,742,674
A04,I. Julia,2018-12-04,-43.89583,-73.71333,,Mosaic_20181127_20181210.nc,7,0.003933420870453119,0.009798048064112663,0.004907614551484585,0.009740558452904224,0.0030923811718821526,0.005189567804336548,0.0004936498589813709,0.0006665967521257699,0.0002968307235278189,0.0003932300896849483,8.323441579705104e-05,0.00010734432726167142,7.93484941823408e-05,0.00010273615043843165,3.184713204973377e-05,4.1096402128459886e-05,742,674
A04,I. Julia,2018-12-05,-43.89583,-73.71333,3.0,Mosaic_20181127_20181210.nc,8,0.003933420870453119,0.009798048064112663,0.004907614551484585,0.009740558452904224,0.0030923811718821526,0.005189567804336548,0.0004936498589813709,0.0006665967521257699,0.0002968307235278189,0.0003932300896849483,8.323441579705104e-05,0.00010734432726167142,7.93484941823408e-05,0.00010273615043843165,3.184713204973377e-05,4.1096402128459886e-05,742,674
A04,I. Julia,2018-12-07,-43.89583,-73.71333,,Mosaic_20181127_20181210.nc,10,0.003933420870453119,0.009798048064112663,0.004907614551484585,0.009740558452904224,0.0030923811718821526,0.005189567804336548,0.0004936498589813709,0.0006665967521257699,0.0002968307235278189,0.0003932300896849483,8.323441579705104e-05,0.00010734432726167142,7.93484941823408e-05,0.00010273615043843165,3.184713204973377e-05,4.1096402128459886e-05,742,674
A04,I. Julia,2018-12-08,-43.89583,-73.71333,3.0,Mosaic_20181217_20181230.nc,9,0.0016998696373775601,0.008745265193283558,0.002029959810897708,0.007992981001734734,0.0012706498382613063,0.0032464570831507444,0.0001956406922545284,0.00040914450073614717,0.00011066714068874717,0.00024171207041945308,2.929389665951021e-05,6.742910045431927e-05,2.709077307372354e-05,6.487697100965306e-05,1.0438022400194313e-05,2.619109181978274e-05,762,689
A04,I. Julia,2018-12-19,-43.89583,-73.71333,,Mosaic_20181217_20181230.nc,2,0.0016998696373775601,0.008745265193283558,0.002029959810897708,0.007992981001734734,0.0012706498382613063,0.0032464570831507444,0.0001956406922545284,0.00040914450073614717,0.00011066714068874717,0.00024171207041945308,2.929389665951021e-05,6.742910045431927e-05,2.709077307372354e-05,6.487697100965306e-05,1.0438022400194313e-05,2.619109181978274e-05,762,689
A04,I. Julia,2018-12-20,-43.89583,-73.71333,2.0,Mosaic_20181217_20181230.nc,3,0.0016998696373775601,0.008745265193283558,0.002029959810897708,0.007992981001734734,0.0012706498382613063,0.0032464570831507444,0.0001956406922545284,0.00040914450073614717,0.00011066714068874717,0.00024171207041945308,2.929389665951021e-05,6.742910045431927e-05,2.709077307372354e-05,6.487697100965306e-05,1.0438022400194313e-05,2.619109181978274e-05,762,689
A04,I. Julia,2018-12-22,-43.89583,-73.71333,,Mosaic_20181217_20181230.nc,5,0.0016998696373775601,0.008745265193283558,0.002029959810897708,0.007992981001734734,0.0012706498382613063,0.0032464570831507444,0.0001956406922545284,0.00040914450073614717,0.00011066714068874717,0.00024171207041945308,2.929389665951021e-05,6.742910045431927e-05,2.709077307372354e-05,6.487697100965306e-05,1.0438022400194313e-05,2.619109181978274e-05,762,689
A04,I. Julia,2019-01-02,-43.89583,-73.71333,,Mosaic_20190109_20190122.nc,7,0.0006404544692486525,0.005878687370568514,0.0009243741515092552,0.004370233975350857,0.0013363217003643513,0.008457958698272705,0.0004679560079239309,0.003463922068476677,0.0003103984927292913,0.002686785999685526,8.918080129660666e-05,0.0008887973381206393,8.61130392877385e-05,0.0009070492815226316,3.4775486710714176e-05,0.0003742048575077206,737,668
A04,I. Julia,2019-01-03,-43.89583,-73.71333,,Mosaic_20190109_20190122.nc,6,0.0006404544692486525,0.005878687370568514,0.0009243741515092552,0.004370233975350857,0.0013363217003643513,0.008457958698272705,0.0004679560079239309,0.003463922068476677,0.0003103984927292913,0.002686785999685526,8.918080129660666e-05,0.0008887973381206393,8.61130392877385e-05,0.0009070492815226316,3.4775486710714176e-05,0.0003742048575077206,737,668
A04,I. Julia,2019-01-04,-43.89583,-73.71333,,Mosaic_20190109_20190122.nc,5,0.0006404544692486525,0.005878687370568514,0.0009243741515092552,0.004370233975350857,0.0013363217003643513,0.008457958698272705,0.0004679560079239309,0.003463922068476677,0.0003103984927292913,0.002686785999685526,8.918080129660666e-05,0.0008887973381206393,8.61130392877385e-05,0.0009070492815226316,3.4775486710714176e-05,0.0003742048575077206,737,668
A04,I. Julia,2019-01-05,-43.89583,-73.71333,3.0,Mosaic_20190109_20190122.nc,4,0.0006404544692486525,0.005878687370568514,0.0009243741515092552,0.004370233975350857,0.0013363217003643513,0.008457958698272705,0.0004679560079239309,0.003463922068476677,0.0003103984927292913,0.002686785999685526,8.918080129660666e-05,0.0008887973381206393,8.61130392877385e-05,0.0009070492815226316,3.4775486710714176e-05,0.0003742048575077206,737,668
A04,I. Julia,2019-01-15,-43.89583,-73.71333,,Mosaic_20190109_20190122.nc,6,0.0006404544692486525,0.005878687370568514,0.0009243741515092552,0.004370233975350857,0.0013363217003643513,0.008457958698272705,0.0004679560079239309,0.003463922068476677,0.0003103984927292913,0.002686785999685526,8.918080129660666e-05,0.0008887973381206393,8.61130392877385e-05,0.0009070492815226316,3.4775486710714176e-05,0.0003742048575077206,737,668
A04,I. Julia,2019-01-17,-43.89583,-73.71333,,Mosaic_20190109_20190122.nc,8,0.0006404544692486525,0.005878687370568514,0.0009243741515092552,0.004370233975350857,0.0013363217003643513,0.008457958698272705,0.0004679560079239309,0.003463922068476677,0.0003103984927292913,0.002686785999685526,8.918080129660666e-05,0.0008887973381206393,8.61130392877385e-05,0.0009070492815226316,3.4775486710714176e-05,0.0003742048575077206,737,668
A04,I. Julia,2019-01-18,-43.89583,-73.71333,,Mosaic_20190126_20190208.nc,8,0.002443657722324133,0.00769742950797081,0.002983691869303584,0.007127400022000074,0.0018253696616739035,0.004226965364068747,0.0002764799282886088,0.0005558219272643328,0.00016091117868199944,0.00032859883503988385,4.380146128823981e-05,9.10252274479717e-05,4.0936389268608764e-05,8.74727702466771e-05,1.6075455278041773e-05,3.5226850741310045e-05,737,667
A04,I. Julia,2019-01-26,-43.89583,-73.71333,,Mosaic_20190126_20190208.nc,0,0.002443657722324133,0.00769742950797081,0.002983691869303584,0.007127400022000074,0.0018253696616739035,0.004226965364068747,0.0002764799282886088,0.0005558219272643328,0.00016091117868199944,0.00032859883503988385,4.380146128823981e-05,9.10252274479717e-05,4.0936389268608764e-05,8.74727702466771e-05,1.6075455278041773e-05,3.5226850741310045e-05,737,667
A04,I. Julia,2019-01-27,-43.89583,-73.71333,4.0,Mosaic_20190126_20190208.nc,1,0.002443657722324133,0.00769742950797081,0.002983691869303584,0.007127400022000074,0.0018253696616739035,0.004226965364068747,0.0002764799282886088,0.0005558219272643328,0.00016091117868199944,0.00032859883503988385,4.380146128823981e-05,9.10252274479717e-05,4.0936389268608764e-05,8.74727702466771e-05,1.6075455278041773e-05,3.5226850741310045e-05,737,667
A04,I. Julia,2019-01-29,-43.89583,-73.71333,,Mosaic_20190126_20190208.nc,3,0.002443657722324133,0.00769742950797081,0.002983691869303584,0.007127400022000074,0.0018253696616739035,0.004226965364068747,0.0002764799282886088,0.0005558219272643328,0.00016091117868199944,0.00032859883503988385,4.380146128823981e-05,9.10252274479717e-05,4.0936389268608764e-05,8.74727702466771e-05,1.6075455278041773e-05,3.5226850741310045e-05,737,667
A04,I. Julia,2019-01-30,-43.89583,-73.71333,,Mosaic_20190126_20190208.nc,4,0.002443657722324133,0.00769742950797081,0.002983691869303584,0.007127400022000074,0.0018253696616739035,0.004226965364068747,0.0002764799282886088,0.0005558219272643328,0.00016091117868199944,0.00032859883503988385,4.380146128823981e-05,9.10252274479717e-05,4.0936389268608764e-05,8.74727702466771e-05,1.6075455278041773e-05,3.5226850741310045e-05,737,667
A04,I. Julia,2019-02-04,-43.89583,-73.71333,,Mosaic_20190126_20190208.nc,9,0.002443657722324133,0.00769742950797081,0.002983691869303584,0.007127400022000074,0.0018253696616739035,0.004226965364068747,0.0002764799282886088,0.0005558219272643328,0.00016091117868199944,0.00032859883503988385,4.380146128823981e-05,9.10252274479717e-05,4.0936389268608764e-05,8.74727702466771e-05,1.6075455278041773e-05,3.5226850741310045e-05,737,667
A04,I. Julia,2019-02-05,-43.89583,-73.71333,1.0,Mosaic_20190126_20190208.nc,10,0.002443657722324133,0.00769742950797081,0.002983691869303584,0.007127400022000074,0.0018253696616739035,0.004226965364068747,0.0002764799282886088,0.0005558219272643328,0.00016091117868199944,0.00032859883503988385,4.380146128823981e-05,9.10252274479717e-05,4.0936389268608764e-05,8.74727702466771e-05,1.6075455278041773e-05,3.5226850741310045e-05,737,667
A04,I. Julia,2019-02-06,-43.89583,-73.71333,,Mosaic_20190215_20190228.nc,9,0.002116205869242549,0.00830103550106287,0.0029044144321233034,0.006886282004415989,0.0025119383353739977,0.0032028851564973593,0.0004994106711819768,0.0008927129092626274,0.0002995631657540798,0.0005596991977654397,8.162512676790357e-05,0.00015392851491924375,7.750347867840901e-05,0.00014738659956492484,3.077980727539398e-05,5.869360393262468e-05,762,689
A04,I. Julia,2019-02-07,-43.89583,-73.71333,,Mosaic_20190215_20190228.nc,8,0.002116205869242549,0.00830103550106287,0.0029044144321233034,0.006886282004415989,0.0025119383353739977,0.0032028851564973593,0.0004994106711819768,0.0008927129092626274,0.0002995631657540798,0.0005596991977654397,8.162512676790357e-05,0.00015392851491924375,7.750347867840901e-05,0.00014738659956492484,3.077980727539398e-05,5.869360393262468e-05,762,689
A04,I. Julia,2019-02-08,-43.89583,-73.71333,1.0,Mosaic_20190215_20190228.nc,7,0.002116205869242549,0.00830103550106287,0.0029044144321233034,0.006886282004415989,0.0025119383353739977,0.0032028851564973593,0.0004994106711819768,0.0008927129092626274,0.0002995631657540798,0.0005596991977654397,8.162512676790357e-05,0.00015392851491924375,7.750347867840901e-05,0.00014738659956492484,3.077980727539398e-05,5.869360393262468e-05,762,689
A04,I. Julia,2019-02-09,-43.89583,-73.71333,,Mosaic_20190215_20190228.nc,6,0.002116205869242549,0.00830103550106287,0.0029044144321233034,0.006886282004415989,0.0025119383353739977,0.0032028851564973593,0.0004994106711819768,0.0008927129092626274,0.0002995631657540798,0.0005596991977654397,8.162512676790357e-05,0.00015392851491924375,7.750347867840901e-05,0.00014738659956492484,3.077980727539398e-05,5.869360393262468e-05,762,689
A04,I. Julia,2019-02-19,-43.89583,-73.71333,,Mosaic_20190215_20190228.nc,4,0.002116205869242549,0.00830103550106287,0.0029044144321233034,0.006886282004415989,0.0025119383353739977,0.0032028851564973593,0.0004994106711819768,0.0008927129092626274,0.0002995631657540798,0.0005596991977654397,8.162512676790357e-05,0.00015392851491924375,7.750347867840901e-05,0.00014738659956492484,3.077980727539398e-05,5.869360393262468e-05,762,689
A04,I. Julia,2019-02-20,-43.89583,-73.71333,2.0,Mosaic_20190215_20190228.nc,5,0.002116205869242549,0.00830103550106287,0.0029044144321233034,0.006886282004415989,0.0025119383353739977,0.0032028851564973593,0.0004994106711819768,0.0008927129092626274,0.0002995631657540798,0.0005596991977654397,8.162512676790357e-05,0.00015392851491924375,7.750347867840901e-05,0.00014738659956492484,3.077980727539398e-05,5.869360393262468e-05,762,689
A04,I. Julia,2019-02-22,-43.89583,-73.71333,,Mosaic_20190215_20190228.nc,7,0.002116205869242549,0.00830103550106287,0.0029044144321233034,0.006886282004415989,0.0025119383353739977,0.0032028851564973593,0.0004994106711819768,0.0008927129092626274,0.0002995631657540798,0.0005596991977654397,8.162512676790357e-05,0.00015392851491924375,7.750347867840901e-05,0.00014738659956492484,3.077980727539398e-05,5.869360393262468e-05,762,689
A04,I. Julia,2019-02-26,-43.89583,-73.71333,3.0,Mosaic_20190307_20190320.nc,9,0.0034072843845933676,0.006960646249353886,0.004076382145285606,0.0069994935765862465,0.0022376147098839283,0.0038391840644180775,0.0003273875918239355,0.0005614134133793414,0.00019412484834901989,0.0003402830334380269,5.3746000048704445e-05,9.475467959418893e-05,5.095495725981891e-05,8.993903611553833e-05,2.0301837139413692e-05,3.587102037272416e-05,737,668
A04,I. Julia,2019-02-27,-43.89583,-73.71333,,Mosaic_20190307_20190320.nc,8,0.0034072843845933676,0.006960646249353886,0.004076382145285606,0.0069994935765862465,0.0022376147098839283,0.0038391840644180775,0.0003273875918239355,0.0005614134133793414,0.00019412484834901989,0.0003402830334380269,5.3746000048704445e-05,9.475467959418893e-05,5.095495725981891e-05,8.993903611553833e-05,2.0301837139413692e-05,3.587102037272416e-05,737,668
A04,I. Julia,2019-02-28,-43.89583,-73.71333,,Mosaic_20190307_20190320.nc,7,0.0034072843845933676,0.006960646249353886,0.004076382145285606,0.0069994935765862465,0.0022376147098839283,0.0038391840644180775,0.0003273875918239355,0.0005614134133793414,0.00019412484834901989,0.0003402830334380269,5.3746000048704445e-05,9.475467959418893e-05,5.095495725981891e-05,8.993903611553833e-05,2.0301837139413692e-05,3.587102037272416e-05,737,668
A04,I. Julia,2019-03-18,-43.89583,-73.71333,,Mosaic_20190327_20190409.nc,9,0.0016688988544046879,0.00604168651625514,0.0023503517732024193,0.0051352703012526035,0.0020843488164246082,0.0029740636236965656,0.0003889321815222502,0.0007716071559116244,0.000229274170123972,0.00047679184353910387,6.205188401509076e-05,0.00012919120490550995,5.877894000150263e-05,0.0001234164519701153,2.329820563318208e-05,4.89497761009261e-05,742,674
A04,I. Julia,2019-03-19,-43.89583,-73.71333,,Mosaic_20190327_20190409.nc,8,0.0016688988544046879,0.00604168651625514,0.0023503517732024193,0.0051352703012526035,0.0020843488164246082,0.0029740636236965656,0.0003889321815222502,0.0007716071559116244,0.000229274170123972,0.00047679184353910387,6.205188401509076e-05,0.00012919120490550995,5.877894000150263e-05,0.0001234164519701153,2.329820563318208e-05,4.89497761009261e-05,742,674
A04,I. Julia,2019-03-20,-43.89583,-73.71333,3.0,Mosaic_20190327_20190409.nc,7,0.0016688988544046879,0.00604168651625514,0.0023503517732024193,0.0051352703012526035,0.0020843488164246082,0.0029740636236965656,0.0003889321815222502,0.0007716071559116244,0.000229274170123972,0.00047679184353910387,6.205188401509076e-05,0.00012919120490550995,5.877894000150263e-05,0.0001234164519701153,2.329820563318208e-05,4.89497761009261e-05,742,674
A04,I. Julia,2019-03-21,-43.89583,-73.71333,,Mosaic_20190327_20190409.nc,6,0.0016688988544046879,0.00604168651625514,0.0023503517732024193,0.0051352703012526035,0.0020843488164246082,0.0029740636236965656,0.0003889321815222502,0.0007716071559116244,0.000229274170123972,0.00047679184353910387,6.205188401509076e-05,0.00012919120490550995,5.877894000150263e-05,0.0001234164519701153,2.329820563318208e-05,4.89497761009261e-05,742,674
A04,I. Julia,2019-03-29,-43.89583,-73.71333,,Mosaic_20190327_20190409.nc,2,0.0016688988544046879,0.00604168651625514,0.0023503517732024193,0.0051352703012526035,0.0020843488164246082,0.0029740636236965656,0.0003889321815222502,0.0007716071559116244,0.000229274170123972,0.00047679184353910387,6.205188401509076e-05,0.00012919120490550995,5.877894000150263e-05,0.0001234164519701153,2.329820563318208e-05,4.89497761009261e-05,742,674
A04,I. Julia,2019-03-30,-43.89583,-73.71333,,Mosaic_20190327_20190409.nc,3,0.0016688988544046879,0.00604168651625514,0.0023503517732024193,0.0051352703012526035,0.0020843488164246082,0.0029740636236965656,0.0003889321815222502,0.0007716071559116244,0.000229274170123972,0.00047679184353910387,6.205188401509076e-05,0.00012919120490550995,5.877894000150263e-05,0.0001234164519701153,2.329820563318208e-05,4.89497761009261e-05,742,674
A04,I. Julia,2019-03-31,-43.89583,-73.71333,3.0,Mosaic_20190327_20190409.nc,4,0.0016688988544046879,0.00604168651625514,0.0023503517732024193,0.0051352703012526035,0.0020843488164246082,0.0029740636236965656,0.0003889321815222502,0.0007716071559116244,0.000229274170123972,0.00047679184353910387,6.205188401509076e-05,0.00012919120490550995,5.877894000150263e-05,0.0001234164519701153,2.329820563318208e-05,4.89497761009261e-05,742,674
A04,I. Julia,2019-04-02,-43.89583,-73.71333,,Mosaic_20190327_20190409.nc,6,0.0016688988544046879,0.00604168651625514,0.0023503517732024193,0.0051352703012526035,0.0020843488164246082,0.0029740636236965656,0.0003889321815222502,0.0007716071559116244,0.000229274170123972,0.00047679184353910387,6.205188401509076e-05,0.00012919120490550995,5.877894000150263e-05,0.0001234164519701153,2.329820563318208e-05,4.89497761009261e-05,742,674
A04,I. Julia,2019-04-09,-43.89583,-73.71333,,Mosaic_20190419_20190502.nc,10,0.0026913778856396675,0.008210178464651108,0.003169558010995388,0.008453433401882648,0.0025275773368775845,0.010278689675033092,0.0004910996067337692,0.0036690132692456245,0.00030363694531843066,0.003094920190051198,8.707532833795995e-05,0.0010576178319752216,8.306176459882408e-05,0.0010617702500894666,3.3271331631112844e-05,0.00042983301682397723,762,426
A04,I. Julia,2019-04-10,-43.89583,-73.71333,,Mosaic_20190419_20190502.nc,9,0.0026913778856396675,0.008210178464651108,0.003169558010995388,0.008453433401882648,0.0025275773368775845,0.010278689675033092,0.0004910996067337692,0.0036690132692456245,0.00030363694531843066,0.003094920190051198,8.707532833795995e-05,0.0010576178319752216,8.306176459882408e-05,0.0010617702500894666,3.3271331631112844e-05,0.00042983301682397723,762,426
A04,I. Julia,2019-04-11,-43.89583,-73.71333,1.0,Mosaic_20190419_20190502.nc,8,0.0026913778856396675,0.008210178464651108,0.003169558010995388,0.008453433401882648,0.0025275773368775845,0.010278689675033092,0.0004910996067337692,0.0036690132692456245,0.00030363694531843066,0.003094920190051198,8.707532833795995e-05,0.0010576178319752216,8.306176459882408e-05,0.0010617702500894666,3.3271331631112844e-05,0.00042983301682397723,762,426
A04,I. Julia,2019-04-16,-43.89583,-73.71333,,Mosaic_20190419_20190502.nc,3,0.0026913778856396675,0.008210178464651108,0.003169558010995388,0.008453433401882648,0.0025275773368775845,0.010278689675033092,0.0004910996067337692,0.0036690132692456245,0.00030363694531843066,0.003094920190051198,8.707532833795995e-05,0.0010576178319752216,8.306176459882408e-05,0.0010617702500894666,3.3271331631112844e-05,0.00042983301682397723,762,426
A04,I. Julia,2019-04-17,-43.89583,-73.71333,,Mosaic_20190419_20190502.nc,2,0.0026913778856396675,0.008210178464651108,0.003169558010995388,0.008453433401882648,0.0025275773368775845,0.010278689675033092,0.0004910996067337692,0.0036690132692456245,0.00030363694531843066,0.003094920190051198,8.707532833795995e-05,0.0010576178319752216,8.306176459882408e-05,0.0010617702500894666,3.3271331631112844e-05,0.00042983301682397723,762,426
A04,I. Julia,2019-04-18,-43.89583,-73.71333,,Mosaic_20190419_20190502.nc,1,0.0026913778856396675,0.008210178464651108,0.003169558010995388,0.008453433401882648,0.0025275773368775845,0.010278689675033092,0.0004910996067337692,0.0036690132692456245,0.00030363694531843066,0.003094920190051198,8.707532833795995e-05,0.0010576178319752216,8.306176459882408e-05,0.0010617702500894666,3.3271331631112844e-05,0.00042983301682397723,762,426
A04,I. Julia,2019-04-26,-43.89583,-73.71333,,Mosaic_20190419_20190502.nc,7,0.0026913778856396675,0.008210178464651108,0.003169558010995388,0.008453433401882648,0.0025275773368775845,0.010278689675033092,0.0004910996067337692,0.0036690132692456245,0.00030363694531843066,0.003094920190051198,8.707532833795995e-05,0.0010576178319752216,8.306176459882408e-05,0.0010617702500894666,3.3271331631112844e-05,0.00042983301682397723,762,426
A04,I. Julia,2019-04-28,-43.89583,-73.71333,0.0,Mosaic_20190506_20190519.nc,8,0.002054214244708419,0.0057225581258535385,0.0024702062364667654,0.006073419004678726,0.001687138807028532,0.00476992828771472,0.00030744753894396126,0.0026497775688767433,0.00018735931371338665,0.0021028793416917324,5.180772132007405e-05,0.0006778902024962008,4.982958489563316e-05,0.0006918258732184768,1.9850429453072138e-05,0.0002895283978432417,762,655
A04,I. Julia,2019-05-01,-43.89583,-73.71333,,Mosaic_20190506_20190519.nc,5,0.002054214244708419,0.0057225581258535385,0.0024702062364667654,0.006073419004678726,0.001687138807028532,0.00476992828771472,0.00030744753894396126,0.0026497775688767433,0.00018735931371338665,0.0021028793416917324,5.180772132007405e-05,0.0006778902024962008,4.982958489563316e-05,0.0006918258732184768,1.9850429453072138e-05,0.0002895283978432417,762,655
A04,I. Julia,2019-05-07,-43.89583,-73.71333,,Mosaic_20190506_20190519.nc,1,0.002054214244708419,0.0057225581258535385,0.0024702062364667654,0.006073419004678726,0.001687138807028532,0.00476992828771472,0.00030744753894396126,0.0026497775688767433,0.00018735931371338665,0.0021028793416917324,5.180772132007405e-05,0.0006778902024962008,4.982958489563316e-05,0.0006918258732184768,1.9850429453072138e-05,0.0002895283978432417,762,655
A04,I. Julia,2019-05-08,-43.89583,-73.71333,1.0,Mosaic_20190506_20190519.nc,2,0.002054214244708419,0.0057225581258535385,0.0024702062364667654,0.006073419004678726,0.001687138807028532,0.00476992828771472,0.00030744753894396126,0.0026497775688767433,0.00018735931371338665,0.0021028793416917324,5.180772132007405e-05,0.0006778902024962008,4.982958489563316e-05,0.0006918258732184768,1.9850429453072138e-05,0.0002895283978432417,762,655
A04,I. Julia,2019-05-09,-43.89583,-73.71333,,Mosaic_20190506_20190519.nc,3,0.002054214244708419,0.0057225581258535385,0.0024702062364667654,0.006073419004678726,0.001687138807028532,0.00476992828771472,0.00030744753894396126,0.0026497775688767433,0.00018735931371338665,0.0021028793416917324,5.180772132007405e-05,0.0006778902024962008,4.982958489563316e-05,0.0006918258732184768,1.9850429453072138e-05,0.0002895283978432417,762,655
A04,I. Julia,2019-05-23,-43.89583,-73.71333,,Mosaic_20190529_20190611.nc,6,0.0004893069854006171,0.0014289411483332515,0.0006232329178601503,0.0021440947894006968,0.0006173849105834961,0.001710925018414855,0.00015981358592398465,0.0003845756873488426,9.549589594826102e-05,0.00024177206796593964,2.5995079340646043e-05,6.609135016333312e-05,2.4544791813241318e-05,6.308534648269415e-05,9.54150345933158e-06,2.4876437237253413e-05,737,668
A04,I. Julia,2019-05-25,-43.89583,-73.71333,0.0,Mosaic_20190529_20190611.nc,4,0.0004893069854006171,0.0014289411483332515,0.0006232329178601503,0.0021440947894006968,0.0006173849105834961,0.001710925018414855,0.00015981358592398465,0.0003845756873488426,9.549589594826102e-05,0.00024177206796593964,2.5995079340646043e-05,6.609135016333312e-05,2.4544791813241318e-05,6.308534648269415e-05,9.54150345933158e-06,2.4876437237253413e-05,737,668
A04,I. Julia,2019-05-26,-43.89583,-73.71333,,Mosaic_20190529_20190611.nc,3,0.0004893069854006171,0.0014289411483332515,0.0006232329178601503,0.0021440947894006968,0.0006173849105834961,0.001710925018414855,0.00015981358592398465,0.0003845756873488426,9.549589594826102e-05,0.00024177206796593964,2.5995079340646043e-05,6.609135016333312e-05,2.4544791813241318e-05,6.308534648269415e-05,9.54150345933158e-06,2.4876437237253413e-05,737,668
A04,I. Julia,2019-05-28,-43.89583,-73.71333,,Mosaic_20190529_20190611.nc,1,0.0004893069854006171,0.0014289411483332515,0.0006232329178601503,0.0021440947894006968,0.0006173849105834961,0.001710925018414855,0.00015981358592398465,0.0003845756873488426,9.549589594826102e-05,0.00024177206796593964,2.5995079340646043e-05,6.609135016333312e-05,2.4544791813241318e-05,6.308534648269415e-05,9.54150345933158e-06,2.4876437237253413e-05,737,668
A04,I. Julia,2019-05-29,-43.89583,-73.71333,,Mosaic_20190529_20190611.nc,0,0.0004893069854006171,0.0014289411483332515,0.0006232329178601503,0.0021440947894006968,0.0006173849105834961,0.001710925018414855,0.00015981358592398465,0.0003845756873488426,9.549589594826102e-05,0.00024177206796593964,2.5995079340646043e-05,6.609135016333312e-05,2.4544791813241318e-05,6.308534648269415e-05,9.54150345933158e-06,2.4876437237253413e-05,737,668
A04,I. Julia,2019-05-30,-43.89583,-73.71333,1.0,Mosaic_20190529_20190611.nc,1,0.0004893069854006171,0.0014289411483332515,0.0006232329178601503,0.0021440947894006968,0.0006173849105834961,0.001710925018414855,0.00015981358592398465,0.0003845756873488426,9.549589594826102e-05,0.00024177206796593964,2.5995079340646043e-05,6.609135016333312e-05,2.4544791813241318e-05,6.308534648269415e-05,9.54150345933158e-06,2.4876437237253413e-05,737,668
A04,I. Julia,2019-06-02,-43.89583,-73.71333,,Mosaic_20190529_20190611.nc,4,0.0004893069854006171,0.0014289411483332515,0.0006232329178601503,0.0021440947894006968,0.0006173849105834961,0.001710925018414855,0.00015981358592398465,0.0003845756873488426,9.549589594826102e-05,0.00024177206796593964,2.5995079340646043e-05,6.609135016333312e-05,2.4544791813241318e-05,6.308534648269415e-05,9.54150345933158e-06,2.4876437237253413e-05,737,668
A04,I. Julia,2019-06-13,-43.89583,-73.71333,,Mosaic_20190615_20190628.nc,2,0.002666009357199073,0.004315124824643135,0.0032790908589959145,0.0054421755485236645,0.001981450477614999,0.0041676294058561325,0.000312403601128608,0.0008116745739243925,0.00018316649948246777,0.0005239769234322011,5.046765727456659e-05,0.0001700028224149719,4.7466277464991435e-05,0.00016714847879484296,1.8736984202405438e-05,6.968373782001436e-05,762,689
A04,I. Julia,2019-06-14,-43.89583,-73.71333,0.0,Mosaic_20190615_20190628.nc,1,0.002666009357199073,0.004315124824643135,0.0032790908589959145,0.0054421755485236645,0.001981450477614999,0.0041676294058561325,0.000312403601128608,0.0008116745739243925,0.00018316649948246777,0.0005239769234322011,5.046765727456659e-05,0.0001700028224149719,4.7466277464991435e-05,0.00016714847879484296,1.8736984202405438e-05,6.968373782001436e-05,762,689
A04,I. Julia,2019-06-15,-43.89583,-73.71333,,Mosaic_20190615_20190628.nc,0,0.002666009357199073,0.004315124824643135,0.0032790908589959145,0.0054421755485236645,0.001981450477614999,0.0041676294058561325,0.000312403601128608,0.0008116745739243925,0.00018316649948246777,0.0005239769234322011,5.046765727456659e-05,0.0001700028224149719,4.7466277464991435e-05,0.00016714847879484296,1.8736984202405438e-05,6.968373782001436e-05,762,689
A04,I. Julia,2019-06-19,-43.89583,-73.71333,,Mosaic_20190615_20190628.nc,4,0.002666009357199073,0.004315124824643135,0.0032790908589959145,0.0054421755485236645,0.001981450477614999,0.0041676294058561325,0.000312403601128608,0.0008116745739243925,0.00018316649948246777,0.0005239769234322011,5.046765727456659e-05,0.0001700028224149719,4.7466277464991435e-05,0.00016714847879484296,1.8736984202405438e-05,6.968373782001436e-05,762,689
A04,I. Julia,2019-06-20,-43.89583,-73.71333,,Mosaic_20190615_20190628.nc,5,0.002666009357199073,0.004315124824643135,0.0032790908589959145,0.0054421755485236645,0.001981450477614999,0.0041676294058561325,0.000312403601128608,0.0008116745739243925,0.00018316649948246777,0.0005239769234322011,5.046765727456659e-05,0.0001700028224149719,4.7466277464991435e-05,0.00016714847879484296,1.8736984202405438e-05,6.968373782001436e-05,762,689
A04,I. Julia,2019-08-06,-43.89583,-73.71333,,Mosaic_20190804_20190817.nc,2,0.0021788456942886114,0.008547275327146053,0.002305548172444105,0.00531491544097662,0.001132430275902152,0.006334981415420771,0.00016149625298567116,0.0013773369137197733,9.197527106152847e-05,0.001259439392015338,2.4739576474530622e-05,0.0004847298841923475,2.289396070409566e-05,0.0005076606757938862,8.806337064015679e-06,0.00021821042173542082,742,612
A04,I. Julia,2019-08-07,-43.89583,-73.71333,,Mosaic_20190804_20190817.nc,3,0.0021788456942886114,0.008547275327146053,0.002305548172444105,0.00531491544097662,0.001132430275902152,0.006334981415420771,0.00016149625298567116,0.0013773369137197733,9.197527106152847e-05,0.001259439392015338,2.4739576474530622e-05,0.0004847298841923475,2.289396070409566e-05,0.0005076606757938862,8.806337064015679e-06,0.00021821042173542082,742,612
A04,I. Julia,2019-08-08,-43.89583,-73.71333,2.0,Mosaic_20190804_20190817.nc,4,0.0021788456942886114,0.008547275327146053,0.002305548172444105,0.00531491544097662,0.001132430275902152,0.006334981415420771,0.00016149625298567116,0.0013773369137197733,9.197527106152847e-05,0.001259439392015338,2.4739576474530622e-05,0.0004847298841923475,2.289396070409566e-05,0.0005076606757938862,8.806337064015679e-06,0.00021821042173542082,742,612
A04,I. Julia,2019-08-23,-43.89583,-73.71333,,Mosaic_20190903_20190916.nc,11,0.0032185749150812626,0.006282478105276823,0.0038620128761976957,0.00628783879801631,0.0021503164898604155,0.004175768233835697,0.00032326742075383663,0.0005784826935268939,0.00019178555521648377,0.00034718733513727784,5.31028417753987e-05,9.604148362996057e-05,5.044059798819944e-05,9.05648194020614e-05,2.0085351934540085e-05,3.599079354899004e-05,762,689
A04,I. Julia,2019-08-24,-43.89583,-73.71333,,Mosaic_20190903_20190916.nc,10,0.0032185749150812626,0.006282478105276823,0.0038620128761976957,0.00628783879801631,0.0021503164898604155,0.004175768233835697,0.00032326742075383663,0.0005784826935268939,0.00019178555521648377,0.00034718733513727784,5.31028417753987e-05,9.604148362996057e-05,5.044059798819944e-05,9.05648194020614e-05,2.0085351934540085e-05,3.599079354899004e-05,762,689
A04,I. Julia,2019-09-09,-43.89583,-73.71333,,Mosaic_20190903_20190916.nc,6,0.0032185749150812626,0.006282478105276823,0.0038620128761976957,0.00628783879801631,0.0021503164898604155,0.004175768233835697,0.00032326742075383663,0.0005784826935268939,0.00019178555521648377,0.00034718733513727784,5.31028417753987e-05,9.604148362996057e-05,5.044059798819944e-05,9.05648194020614e-05,2.0085351934540085e-05,3.599079354899004e-05,762,689
A04,I. Julia,2019-09-10,-43.89583,-73.71333,,Mosaic_20190903_20190916.nc,7,0.0032185749150812626,0.006282478105276823,0.0038620128761976957,0.00628783879801631,0.0021503164898604155,0.004175768233835697,0.00032326742075383663,0.0005784826935268939,0.00019178555521648377,0.00034718733513727784,5.31028417753987e-05,9.604148362996057e-05,5.044059798819944e-05,9.05648194020614e-05,2.0085351934540085e-05,3.599079354899004e-05,762,689
A04,I. Julia,2019-09-11,-43.89583,-73.71333,2.0,Mosaic_20190903_20190916.nc,8,0.0032185749150812626,0.006282478105276823,0.0038620128761976957,0.00628783879801631,0.0021503164898604155,0.004175768233835697,0.00032326742075383663,0.0005784826935268939,0.00019178555521648377,0.00034718733513727784,5.31028417753987e-05,9.604148362996057e-05,5.044059798819944e-05,9.05648194020614e-05,2.0085351934540085e-05,3.599079354899004e-05,762,689
A04,I. Julia,2019-09-23,-43.89583,-73.71333,,Mosaic_20190926_20191009.nc,3,0.0001713621022645384,0.0011657618451863527,0.0002267938107252121,0.001889695879071951,0.0003925969358533621,0.0020298718009144068,0.0002666332293301821,0.0005787890404462814,0.00019092875299975276,0.0004198275855742395,5.8237135817762464e-05,0.0001290091749979183,5.810897346236743e-05,0.0001274130045203492,2.3589940610690974e-05,5.22459413332399e-05,742,674
A04,I. Julia,2019-09-24,-43.89583,-73.71333,,Mosaic_20190926_20191009.nc,2,0.0001713621022645384,0.0011657618451863527,0.0002267938107252121,0.001889695879071951,0.0003925969358533621,0.0020298718009144068,0.0002666332293301821,0.0005787890404462814,0.00019092875299975276,0.0004198275855742395,5.8237135817762464e-05,0.0001290091749979183,5.810897346236743e-05,0.0001274130045203492,2.3589940610690974e-05,5.22459413332399e-05,742,674
A04,I. Julia,2019-09-25,-43.89583,-73.71333,2.0,Mosaic_20190926_20191009.nc,1,0.0001713621022645384,0.0011657618451863527,0.0002267938107252121,0.001889695879071951,0.0003925969358533621,0.0020298718009144068,0.0002666332293301821,0.0005787890404462814,0.00019092875299975276,0.0004198275855742395,5.8237135817762464e-05,0.0001290091749979183,5.810897346236743e-05,0.0001274130045203492,2.3589940610690974e-05,5.22459413332399e-05,742,674
A04,I. Julia,2019-09-27,-43.89583,-73.71333,,Mosaic_20190926_20191009.nc,1,0.0001713621022645384,0.0011657618451863527,0.0002267938107252121,0.001889695879071951,0.0003925969358533621,0.0020298718009144068,0.0002666332293301821,0.0005787890404462814,0.00019092875299975276,0.0004198275855742395,5.8237135817762464e-05,0.0001290091749979183,5.810897346236743e-05,0.0001274130045203492,2.3589940610690974e-05,5.22459413332399e-05,742,674
A04,I. Julia,2019-10-07,-43.89583,-73.71333,,Mosaic_20191013_20191026.nc,6,0.002739067655056715,0.005902768578380346,0.0032322572078555822,0.0074088736437261105,0.0017243651673197746,0.004897707141935825,0.00024876822135411203,0.0007382198236882687,0.0001464934612158686,0.0004439624899532646,4.014054866274819e-05,0.00012182017235318199,3.816669050138444e-05,0.00011721075134119019,1.5139154129428789e-05,4.7060224460437894e-05,762,689
A04,I. Julia,2019-10-08,-43.89583,-73.71333,,Mosaic_20191013_20191026.nc,5,0.002739067655056715,0.005902768578380346,0.0032322572078555822,0.0074088736437261105,0.0017243651673197746,0.004897707141935825,0.00024876822135411203,0.0007382198236882687,0.0001464934612158686,0.0004439624899532646,4.014054866274819e-05,0.00012182017235318199,3.816669050138444e-05,0.00011721075134119019,1.5139154129428789e-05,4.7060224460437894e-05,762,689
A04,I. Julia,2019-10-09,-43.89583,-73.71333,1.0,Mosaic_20191013_20191026.nc,4,0.002739067655056715,0.005902768578380346,0.0032322572078555822,0.0074088736437261105,0.0017243651673197746,0.004897707141935825,0.00024876822135411203,0.0007382198236882687,0.0001464934612158686,0.0004439624899532646,4.014054866274819e-05,0.00012182017235318199,3.816669050138444e-05,0.00011721075134119019,1.5139154129428789e-05,4.7060224460437894e-05,762,689
A04,I. Julia,2019-10-17,-43.89583,-73.71333,,Mosaic_20191013_20191026.nc,4,0.002739067655056715,0.005902768578380346,0.0032322572078555822,0.0074088736437261105,0.0017243651673197746,0.004897707141935825,0.00024876822135411203,0.0007382198236882687,0.0001464934612158686,0.0004439624899532646,4.014054866274819e-05,0.00012182017235318199,3.816669050138444e-05,0.00011721075134119019,1.5139154129428789e-05,4.7060224460437894e-05,762,689
A04,I. Julia,2019-10-18,-43.89583,-73.71333,2.0,Mosaic_20191013_20191026.nc,5,0.002739067655056715,0.005902768578380346,0.0032322572078555822,0.0074088736437261105,0.0017243651673197746,0.004897707141935825,0.00024876822135411203,0.0007382198236882687,0.0001464934612158686,0.0004439624899532646,4.014054866274819e-05,0.00012182017235318199,3.816669050138444e-05,0.00011721075134119019,1.5139154129428789e-05,4.7060224460437894e-05,762,689
A04,I. Julia,2019-11-12,-43.89583,-73.71333,,Mosaic_20191115_20191128.nc,3,0.001683781505562365,0.010795493610203266,0.0019960347563028336,0.0090650524944067,0.001819803612306714,0.011038675904273987,0.00042487698374316096,0.006123295985162258,0.00025713839568197727,0.0058721271343529224,7.10100939613767e-05,0.002279906999319792,6.77718999213539e-05,0.0023434897884726524,2.69834345090203e-05,0.0009494987316429615,762,689
A04,I. Julia,2019-11-13,-43.89583,-73.71333,2.0,Mosaic_20191115_20191128.nc,2,0.001683781505562365,0.010795493610203266,0.0019960347563028336,0.0090650524944067,0.001819803612306714,0.011038675904273987,0.00042487698374316096,0.006123295985162258,0.00025713839568197727,0.0058721271343529224,7.10100939613767e-05,0.002279906999319792,6.77718999213539e-05,0.0023434897884726524,2.69834345090203e-05,0.0009494987316429615,762,689
A04,I. Julia,2019-11-15,-43.89583,-73.71333,,Mosaic_20191115_20191128.nc,0,0.001683781505562365,0.010795493610203266,0.0019960347563028336,0.0090650524944067,0.001819803612306714,0.011038675904273987,0.00042487698374316096,0.006123295985162258,0.00025713839568197727,0.0058721271343529224,7.10100939613767e-05,0.002279906999319792,6.77718999213539e-05,0.0023434897884726524,2.69834345090203e-05,0.0009494987316429615,762,689
A04,I. Julia,2019-11-22,-43.89583,-73.71333,,Mosaic_20191115_20191128.nc,7,0.001683781505562365,0.010795493610203266,0.0019960347563028336,0.0090650524944067,0.001819803612306714,0.011038675904273987,0.00042487698374316096,0.006123295985162258,0.00025713839568197727,0.0058721271343529224,7.10100939613767e-05,0.002279906999319792,6.77718999213539e-05,0.0023434897884726524,2.69834345090203e-05,0.0009494987316429615,762,689
A04,I. Julia,2019-11-23,-43.89583,-73.71333,0.0,Mosaic_20191115_20191128.nc,8,0.001683781505562365,0.010795493610203266,0.0019960347563028336,0.0090650524944067,0.001819803612306714,0.011038675904273987,0.00042487698374316096,0.006123295985162258,0.00025713839568197727,0.0058721271343529224,7.10100939613767e-05,0.002279906999319792,6.77718999213539e-05,0.0023434897884726524,2.69834345090203e-05,0.0009494987316429615,762,689
A04,I. Julia,2019-11-24,-43.89583,-73.71333,,Mosaic_20191115_20191128.nc,9,0.001683781505562365,0.010795493610203266,0.0019960347563028336,0.0090650524944067,0.001819803612306714,0.011038675904273987,0.00042487698374316096,0.006123295985162258,0.00025713839568197727,0.0058721271343529224,7.10100939613767e-05,0.002279906999319792,6.77718999213539e-05,0.0023434897884726524,2.69834345090203e-05,0.0009494987316429615,762,689
A04,I. Julia,2019-11-29,-43.89583,-73.71333,,Mosaic_20191205_20191218.nc,6,0.000777409237343818,0.004085075575858355,0.0011972778011113405,0.005015436094254255,0.0020028180442750454,0.00383100681938231,0.0006208277773112059,0.0011904867133125663,0.0004005662049166858,0.0009270994341932237,0.0001128523435909301,0.00032132252817973495,0.00010893787111854181,0.00032364967046305537,4.3789506889879704e-05,0.00013613990449812263,762,675
A04,I. Julia,2019-11-30,-43.89583,-73.71333,,Mosaic_20191205_20191218.nc,5,0.000777409237343818,0.004085075575858355,0.0011972778011113405,0.005015436094254255,0.0020028180442750454,0.00383100681938231,0.0006208277773112059,0.0011904867133125663,0.0004005662049166858,0.0009270994341932237,0.0001128523435909301,0.00032132252817973495,0.00010893787111854181,0.00032364967046305537,4.3789506889879704e-05,0.00013613990449812263,762,675
A04,I. Julia,2019-12-01,-43.89583,-73.71333,0.0,Mosaic_20191205_20191218.nc,4,0.000777409237343818,0.004085075575858355,0.0011972778011113405,0.005015436094254255,0.0020028180442750454,0.00383100681938231,0.0006208277773112059,0.0011904867133125663,0.0004005662049166858,0.0009270994341932237,0.0001128523435909301,0.00032132252817973495,0.00010893787111854181,0.00032364967046305537,4.3789506889879704e-05,0.00013613990449812263,762,675
A04,I. Julia,2019-12-06,-43.89583,-73.71333,,Mosaic_20191205_20191218.nc,1,0.000777409237343818,0.004085075575858355,0.0011972778011113405,0.005015436094254255,0.0020028180442750454,0.00383100681938231,0.0006208277773112059,0.0011904867133125663,0.0004005662049166858,0.0009270994341932237,0.0001128523435909301,0.00032132252817973495,0.00010893787111854181,0.00032364967046305537,4.3789506889879704e-05,0.00013613990449812263,762,675
A04,I. Julia,2019-12-07,-43.89583,-73.71333,,Mosaic_20191205_20191218.nc,2,0.000777409237343818,0.004085075575858355,0.0011972778011113405,0.005015436094254255,0.0020028180442750454,0.00383100681938231,0.0006208277773112059,0.0011904867133125663,0.0004005662049166858,0.0009270994341932237,0.0001128523435909301,0.00032132252817973495,0.00010893787111854181,0.00032364967046305537,4.3789506889879704e-05,0.00013613990449812263,762,675
A04,I. Julia,2019-12-08,-43.89583,-73.71333,1.0,Mosaic_20191205_20191218.nc,3,0.000777409237343818,0.004085075575858355,0.0011972778011113405,0.005015436094254255,0.0020028180442750454,0.00383100681938231,0.0006208277773112059,0.0011904867133125663,0.0004005662049166858,0.0009270994341932237,0.0001128523435909301,0.00032132252817973495,0.00010893787111854181,0.00032364967046305537,4.3789506889879704e-05,0.00013613990449812263,762,675
A04,I. Julia,2019-12-10,-43.89583,-73.71333,,Mosaic_20191205_20191218.nc,5,0.000777409237343818,0.004085075575858355,0.0011972778011113405,0.005015436094254255,0.0020028180442750454,0.00383100681938231,0.0006208277773112059,0.0011904867133125663,0.0004005662049166858,0.0009270994341932237,0.0001128523435909301,0.00032132252817973495,0.00010893787111854181,0.00032364967046305537,4.3789506889879704e-05,0.00013613990449812263,762,675
A04,I. Julia,2019-12-15,-43.89583,-73.71333,,Mosaic_20191205_20191218.nc,10,0.000777409237343818,0.004085075575858355,0.0011972778011113405,0.005015436094254255,0.0020028180442750454,0.00383100681938231,0.0006208277773112059,0.0011904867133125663,0.0004005662049166858,0.0009270994341932237,0.0001128523435909301,0.00032132252817973495,0.00010893787111854181,0.00032364967046305537,4.3789506889879704e-05,0.00013613990449812263,762,675
A04,I. Julia,2019-12-16,-43.89583,-73.71333,0.0,Mosaic_20191205_20191218.nc,11,0.000777409237343818,0.004085075575858355,0.0011972778011113405,0.005015436094254255,0.0020028180442750454,0.00383100681938231,0.0006208277773112059,0.0011904867133125663,0.0004005662049166858,0.0009270994341932237,0.0001128523435909301,0.00032132252817973495,0.00010893787111854181,0.00032364967046305537,4.3789506889879704e-05,0.00013613990449812263,762,675
A04,I. Julia,2019-12-17,-43.89583,-73.71333,,Mosaic_20191205_20191218.nc,12,0.000777409237343818,0.004085075575858355,0.0011972778011113405,0.005015436094254255,0.0020028180442750454,0.00383100681938231,0.0006208277773112059,0.0011904867133125663,0.0004005662049166858,0.0009270994341932237,0.0001128523435909301,0.00032132252817973495,0.00010893787111854181,0.00032364967046305537,4.3789506889879704e-05,0.00013613990449812263,762,675
A04,I. Julia,2020-01-02,-43.89583,-73.71333,,Mosaic_20200101_20200114.nc,1,0.002164725214242935,0.009416193701326847,0.0029420258942991495,0.008608200587332249,0.0024798514787107706,0.00449753925204277,0.00047769234515726566,0.000639082514680922,0.0002850205637514591,0.0003881801967509091,7.76212546043098e-05,0.0001063661984517239,7.37121154088527e-05,0.00010088030830956995,2.9291035389178433e-05,4.007523239124566e-05,762,689
A04,I. Julia,2020-01-03,-43.89583,-73.71333,,Mosaic_20200101_20200114.nc,2,0.002164725214242935,0.009416193701326847,0.0029420258942991495,0.008608200587332249,0.0024798514787107706,0.00449753925204277,0.00047769234515726566,0.000639082514680922,0.0002850205637514591,0.0003881801967509091,7.76212546043098e-05,0.0001063661984517239,7.37121154088527e-05,0.00010088030830956995,2.9291035389178433e-05,4.007523239124566e-05,762,689
A04,I. Julia,2020-01-04,-43.89583,-73.71333,,Mosaic_20200101_20200114.nc,3,0.002164725214242935,0.009416193701326847,0.0029420258942991495,0.008608200587332249,0.0024798514787107706,0.00449753925204277,0.00047769234515726566,0.000639082514680922,0.0002850205637514591,0.0003881801967509091,7.76212546043098e-05,0.0001063661984517239,7.37121154088527e-05,0.00010088030830956995,2.9291035389178433e-05,4.007523239124566e-05,762,689
A04,I. Julia,2020-01-10,-43.89583,-73.71333,,Mosaic_20200101_20200114.nc,9,0.002164725214242935,0.009416193701326847,0.0029420258942991495,0.008608200587332249,0.0024798514787107706,0.00449753925204277,0.00047769234515726566,0.000639082514680922,0.0002850205637514591,0.0003881801967509091,7.76212546043098e-05,0.0001063661984517239,7.37121154088527e-05,0.00010088030830956995,2.9291035389178433e-05,4.007523239124566e-05,762,689
A04,I. Julia,2020-01-11,-43.89583,-73.71333,,Mosaic_20200101_20200114.nc,10,0.002164725214242935,0.009416193701326847,0.0029420258942991495,0.008608200587332249,0.0024798514787107706,0.00449753925204277,0.00047769234515726566,0.000639082514680922,0.0002850205637514591,0.0003881801967509091,7.76212546043098e-05,0.0001063661984517239,7.37121154088527e-05,0.00010088030830956995,2.9291035389178433e-05,4.007523239124566e-05,762,689
A04,I. Julia,2020-01-12,-43.89583,-73.71333,0.0,Mosaic_20200121_20200203.nc,9,0.0033454180229455233,0.009653579443693161,0.004109406843781471,0.008902209810912609,0.0021604327484965324,0.004399226512759924,0.00028951273998245597,0.0004999085795134306,0.0001726152841001749,0.00029392880969680846,4.818133311346173e-05,8.150291978381574e-05,4.6161901991581544e-05,7.854776049498469e-05,1.851125489338301e-05,3.1695431971456856e-05,762,689
A04,I. Julia,2020-01-14,-43.89583,-73.71333,,Mosaic_20200121_20200203.nc,7,0.0033454180229455233,0.009653579443693161,0.004109406843781471,0.008902209810912609,0.0021604327484965324,0.004399226512759924,0.00028951273998245597,0.0004999085795134306,0.0001726152841001749,0.00029392880969680846,4.818133311346173e-05,8.150291978381574e-05,4.6161901991581544e-05,7.854776049498469e-05,1.851125489338301e-05,3.1695431971456856e-05,762,689
A04,I. Julia,2020-01-22,-43.89583,-73.71333,,Mosaic_20200121_20200203.nc,1,0.0033454180229455233,0.009653579443693161,0.004109406843781471,0.008902209810912609,0.0021604327484965324,0.004399226512759924,0.00028951273998245597,0.0004999085795134306,0.0001726152841001749,0.00029392880969680846,4.818133311346173e-05,8.150291978381574e-05,4.6161901991581544e-05,7.854776049498469e-05,1.851125489338301e-05,3.1695431971456856e-05,762,689
A04,I. Julia,2020-01-23,-43.89583,-73.71333,1.0,Mosaic_20200121_20200203.nc,2,0.0033454180229455233,0.009653579443693161,0.004109406843781471,0.008902209810912609,0.0021604327484965324,0.004399226512759924,0.00028951273998245597,0.0004999085795134306,0.0001726152841001749,0.00029392880969680846,4.818133311346173e-05,8.150291978381574e-05,4.6161901991581544e-05,7.854776049498469e-05,1.851125489338301e-05,3.1695431971456856e-05,762,689
A04,I. Julia,2020-01-24,-43.89583,-73.71333,,Mosaic_20200121_20200203.nc,3,0.0033454180229455233,0.009653579443693161,0.004109406843781471,0.008902209810912609,0.0021604327484965324,0.004399226512759924,0.00028951273998245597,0.0004999085795134306,0.0001726152841001749,0.00029392880969680846,4.818133311346173e-05,8.150291978381574e-05,4.6161901991581544e-05,7.854776049498469e-05,1.851125489338301e-05,3.1695431971456856e-05,762,689
A04,I. Julia,2020-01-28,-43.89583,-73.71333,,Mosaic_20200121_20200203.nc,7,0.0033454180229455233,0.009653579443693161,0.004109406843781471,0.008902209810912609,0.0021604327484965324,0.004399226512759924,0.00028951273998245597,0.0004999085795134306,0.0001726152841001749,0.00029392880969680846,4.818133311346173e-05,8.150291978381574e-05,4.6161901991581544e-05,7.854776049498469e-05,1.851125489338301e-05,3.1695431971456856e-05,762,689
A04,I. Julia,2020-01-29,-43.89583,-73.71333,0.0,Mosaic_20200121_20200203.nc,8,0.0033454180229455233,0.009653579443693161,0.004109406843781471,0.008902209810912609,0.0021604327484965324,0.004399226512759924,0.00028951273998245597,0.0004999085795134306,0.0001726152841001749,0.00029392880969680846,4.818133311346173e-05,8.150291978381574e-05,4.6161901991581544e-05,7.854776049498469e-05,1.851125489338301e-05,3.1695431971456856e-05,762,689
A04,I. Julia,2020-01-30,-43.89583,-73.71333,,Mosaic_20200121_20200203.nc,9,0.0033454180229455233,0.009653579443693161,0.004109406843781471,0.008902209810912609,0.0021604327484965324,0.004399226512759924,0.00028951273998245597,0.0004999085795134306,0.0001726152841001749,0.00029392880969680846,4.818133311346173e-05,8.150291978381574e-05,4.6161901991581544e-05,7.854776049498469e-05,1.851125489338301e-05,3.1695431971456856e-05,762,689
A04,I. Julia,2020-02-04,-43.89583,-73.71333,,Mosaic_20200210_20200223.nc,6,0.0007807854562997818,0.008329822681844234,0.0011942369164898992,0.007619550917297602,0.0017890692688524723,0.005842393729835749,0.0004787631332874298,0.002603835193440318,0.00030518899438902736,0.0021904893219470978,8.603886817581952e-05,0.0007470262353308499,8.272596460301429e-05,0.0007502221269533038,3.322844713693485e-05,0.0003054442931897938,737,668
A04,I. Julia,2020-02-05,-43.89583,-73.71333,,Mosaic_20200210_20200223.nc,5,0.0007807854562997818,0.008329822681844234,0.0011942369164898992,0.007619550917297602,0.0017890692688524723,0.005842393729835749,0.0004787631332874298,0.002603835193440318,0.00030518899438902736,0.0021904893219470978,8.603886817581952e-05,0.0007470262353308499,8.272596460301429e-05,0.0007502221269533038,3.322844713693485e-05,0.0003054442931897938,737,668
A04,I. Julia,2020-02-06,-43.89583,-73.71333,0.0,Mosaic_20200210_20200223.nc,4,0.0007807854562997818,0.008329822681844234,0.0011942369164898992,0.007619550917297602,0.0017890692688524723,0.005842393729835749,0.0004787631332874298,0.002603835193440318,0.00030518899438902736,0.0021904893219470978,8.603886817581952e-05,0.0007470262353308499,8.272596460301429e-05,0.0007502221269533038,3.322844713693485e-05,0.0003054442931897938,737,668
A04,I. Julia,2020-02-08,-43.89583,-73.71333,,Mosaic_20200210_20200223.nc,2,0.0007807854562997818,0.008329822681844234,0.0011942369164898992,0.007619550917297602,0.0017890692688524723,0.005842393729835749,0.0004787631332874298,0.002603835193440318,0.00030518899438902736,0.0021904893219470978,8.603886817581952e-05,0.0007470262353308499,8.272596460301429e-05,0.0007502221269533038,3.322844713693485e-05,0.0003054442931897938,737,668
A04,I. Julia,2020-02-11,-43.89583,-73.71333,,Mosaic_20200210_20200223.nc,1,0.0007807854562997818,0.008329822681844234,0.0011942369164898992,0.007619550917297602,0.0017890692688524723,0.005842393729835749,0.0004787631332874298,0.002603835193440318,0.00030518899438902736,0.0021904893219470978,8.603886817581952e-05,0.0007470262353308499,8.272596460301429e-05,0.0007502221269533038,3.322844713693485e-05,0.0003054442931897938,737,668
A04,I. Julia,2020-02-12,-43.89583,-73.71333,2.0,Mosaic_20200210_20200223.nc,2,0.0007807854562997818,0.008329822681844234,0.0011942369164898992,0.007619550917297602,0.0017890692688524723,0.005842393729835749,0.0004787631332874298,0.002603835193440318,0.00030518899438902736,0.0021904893219470978,8.603886817581952e-05,0.0007470262353308499,8.272596460301429e-05,0.0007502221269533038,3.322844713693485e-05,0.0003054442931897938,737,668
A04,I. Julia,2020-02-13,-43.89583,-73.71333,,Mosaic_20200210_20200223.nc,3,0.0007807854562997818,0.008329822681844234,0.0011942369164898992,0.007619550917297602,0.0017890692688524723,0.005842393729835749,0.0004787631332874298,0.002603835193440318,0.00030518899438902736,0.0021904893219470978,8.603886817581952e-05,0.0007470262353308499,8.272596460301429e-05,0.0007502221269533038,3.322844713693485e-05,0.0003054442931897938,737,668
A04,I. Julia,2020-02-17,-43.89583,-73.71333,,Mosaic_20200210_20200223.nc,7,0.0007807854562997818,0.008329822681844234,0.0011942369164898992,0.007619550917297602,0.0017890692688524723,0.005842393729835749,0.0004787631332874298,0.002603835193440318,0.00030518899438902736,0.0021904893219470978,8.603886817581952e-05,0.0007470262353308499,8.272596460301429e-05,0.0007502221269533038,3.322844713693485e-05,0.0003054442931897938,737,668
A04,I. Julia,2020-02-18,-43.89583,-73.71333,,Mosaic_20200210_20200223.nc,8,0.0007807854562997818,0.008329822681844234,0.0011942369164898992,0.007619550917297602,0.0017890692688524723,0.005842393729835749,0.0004787631332874298,0.002603835193440318,0.00030518899438902736,0.0021904893219470978,8.603886817581952e-05,0.0007470262353308499,8.272596460301429e-05,0.0007502221269533038,3.322844713693485e-05,0.0003054442931897938,737,668
A04,I. Julia,2020-02-19,-43.89583,-73.71333,,Mosaic_20200210_20200223.nc,9,0.0007807854562997818,0.008329822681844234,0.0011942369164898992,0.007619550917297602,0.0017890692688524723,0.005842393729835749,0.0004787631332874298,0.002603835193440318,0.00030518899438902736,0.0021904893219470978,8.603886817581952e-05,0.0007470262353308499,8.272596460301429e-05,0.0007502221269533038,3.322844713693485e-05,0.0003054442931897938,737,668
A04,I. Julia,2020-02-25,-43.89583,-73.71333,,Mosaic_20200301_20200314.nc,5,0.0022237005177885294,0.009133531711995602,0.003121032612398267,0.006703938823193312,0.0028366586193442345,0.003632686100900173,0.000580166990403086,0.0008929212926886976,0.00034972582943737507,0.0005526049062609673,9.497541759628803e-05,0.00015062355669215322,9.048261563293636e-05,0.00014383456436917186,3.595824455260299e-05,5.712233905796893e-05,762,689
A04,I. Julia,2020-02-26,-43.89583,-73.71333,0.0,Mosaic_20200301_20200314.nc,4,0.0022237005177885294,0.009133531711995602,0.003121032612398267,0.006703938823193312,0.0028366586193442345,0.003632686100900173,0.000580166990403086,0.0008929212926886976,0.00034972582943737507,0.0005526049062609673,9.497541759628803e-05,0.00015062355669215322,9.048261563293636e-05,0.00014383456436917186,3.595824455260299e-05,5.712233905796893e-05,762,689
A04,I. Julia,2020-02-28,-43.89583,-73.71333,,Mosaic_20200301_20200314.nc,2,0.0022237005177885294,0.009133531711995602,0.003121032612398267,0.006703938823193312,0.0028366586193442345,0.003632686100900173,0.000580166990403086,0.0008929212926886976,0.00034972582943737507,0.0005526049062609673,9.497541759628803e-05,0.00015062355669215322,9.048261563293636e-05,0.00014383456436917186,3.595824455260299e-05,5.712233905796893e-05,762,689
A04,I. Julia,2020-03-03,-43.89583,-73.71333,,Mosaic_20200301_20200314.nc,2,0.0022237005177885294,0.009133531711995602,0.003121032612398267,0.006703938823193312,0.0028366586193442345,0.003632686100900173,0.000580166990403086,0.0008929212926886976,0.00034972582943737507,0.0005526049062609673,9.497541759628803e-05,0.00015062355669215322,9.048261563293636e-05,0.00014383456436917186,3.595824455260299e-05,5.712233905796893e-05,762,689
A04,I. Julia,2020-03-04,-43.89583,-73.71333,0.0,Mosaic_20200301_20200314.nc,3,0.0022237005177885294,0.009133531711995602,0.003121032612398267,0.006703938823193312,0.0028366586193442345,0.003632686100900173,0.000580166990403086,0.0008929212926886976,0.00034972582943737507,0.0005526049062609673,9.497541759628803e-05,0.00015062355669215322,9.048261563293636e-05,0.00014383456436917186,3.595824455260299e-05,5.712233905796893e-05,762,689
A04,I. Julia,2020-03-05,-43.89583,-73.71333,,Mosaic_20200301_20200314.nc,4,0.0022237005177885294,0.009133531711995602,0.003121032612398267,0.006703938823193312,0.0028366586193442345,0.003632686100900173,0.000580166990403086,0.0008929212926886976,0.00034972582943737507,0.0005526049062609673,9.497541759628803e-05,0.00015062355669215322,9.048261563293636e-05,0.00014383456436917186,3.595824455260299e-05,5.712233905796893e-05,762,689
A04,I. Julia,2020-03-10,-43.89583,-73.71333,,Mosaic_20200301_20200314.nc,9,0.0022237005177885294,0.009133531711995602,0.003121032612398267,0.006703938823193312,0.0028366586193442345,0.003632686100900173,0.000580166990403086,0.0008929212926886976,0.00034972582943737507,0.0005526049062609673,9.497541759628803e-05,0.00015062355669215322,9.048261563293636e-05,0.00014383456436917186,3.595824455260299e-05,5.712233905796893e-05,762,689
A04,I. Julia,2020-03-11,-43.89583,-73.71333,2.0,Mosaic_20200301_20200314.nc,10,0.0022237005177885294,0.009133531711995602,0.003121032612398267,0.006703938823193312,0.0028366586193442345,0.003632686100900173,0.000580166990403086,0.0008929212926886976,0.00034972582943737507,0.0005526049062609673,9.497541759628803e-05,0.00015062355669215322,9.048261563293636e-05,0.00014383456436917186,3.595824455260299e-05,5.712233905796893e-05,762,689
A04,I. Julia,2020-03-12,-43.89583,-73.71333,,Mosaic_20200301_20200314.nc,11,0.0022237005177885294,0.009133531711995602,0.003121032612398267,0.006703938823193312,0.0028366586193442345,0.003632686100900173,0.000580166990403086,0.0008929212926886976,0.00034972582943737507,0.0005526049062609673,9.497541759628803e-05,0.00015062355669215322,9.048261563293636e-05,0.00014383456436917186,3.595824455260299e-05,5.712233905796893e-05,762,689
A04,I. Julia,2020-03-18,-43.89583,-73.71333,,Mosaic_20200324_20200406.nc,6,0.001280269119888544,0.008062365464866161,0.0020640925504267216,0.004853973630815744,0.0024049419444054365,0.009689106605947018,0.0007384109776467085,0.004184258170425892,0.0005026612197980285,0.0034930617548525333,0.00014278324670158327,0.0011599351419135928,0.0001390746037941426,0.001161012565717101,5.535096352105029e-05,0.0004709689528681338,760,154
A04,I. Julia,2020-03-19,-43.89583,-73.71333,2.0,Mosaic_20200324_20200406.nc,5,0.001280269119888544,0.008062365464866161,0.0020640925504267216,0.004853973630815744,0.0024049419444054365,0.009689106605947018,0.0007384109776467085,0.004184258170425892,0.0005026612197980285,0.0034930617548525333,0.00014278324670158327,0.0011599351419135928,0.0001390746037941426,0.001161012565717101,5.535096352105029e-05,0.0004709689528681338,760,154
A04,I. Julia,2020-03-21,-43.89583,-73.71333,,Mosaic_20200324_20200406.nc,3,0.001280269119888544,0.008062365464866161,0.0020640925504267216,0.004853973630815744,0.0024049419444054365,0.009689106605947018,0.0007384109776467085,0.004184258170425892,0.0005026612197980285,0.0034930617548525333,0.00014278324670158327,0.0011599351419135928,0.0001390746037941426,0.001161012565717101,5.535096352105029e-05,0.0004709689528681338,760,154
A04,I. Julia,2020-05-13,-43.89583,-73.71333,,Mosaic_20200510_20200523.nc,3,0.0003758830134756863,0.003667934564873576,0.00043444393668323755,0.002337636426091194,0.00044540813541971147,0.005377350840717554,0.00015827990137040615,0.003596504218876362,9.834826778387651e-05,0.003061333205550909,2.8357231713016517e-05,0.0010355673730373383,2.6712816179497167e-05,0.0010363132460042834,1.04380151242367e-05,0.0004165830905549228,760,691
A04,I. Julia,2020-07-12,-43.89583,-73.71333,,Mosaic_20200712_20200725.nc,0,0.00019660119141917676,0.0003630860592238605,0.0002578604035079479,0.0004879956250078976,0.00045792345190420747,0.0009719637455418706,0.0004735621914733201,0.0008943453431129456,0.000388883869163692,0.0008062340784817934,0.0001394089631503448,0.00032132689375430346,0.0001431257405783981,0.00033311336301267147,6.108547677285969e-05,0.00014567405742127448,762,689
A04,I. Julia,2020-07-13,-43.89583,-73.71333,1.0,Mosaic_20200712_20200725.nc,1,0.00019660119141917676,0.0003630860592238605,0.0002578604035079479,0.0004879956250078976,0.00045792345190420747,0.0009719637455418706,0.0004735621914733201,0.0008943453431129456,0.000388883869163692,0.0008062340784817934,0.0001394089631503448,0.00032132689375430346,0.0001431257405783981,0.00033311336301267147,6.108547677285969e-05,0.00014567405742127448,762,689
A04,I. Julia,2020-07-15,-43.89583,-73.71333,,Mosaic_20200712_20200725.nc,3,0.00019660119141917676,0.0003630860592238605,0.0002578604035079479,0.0004879956250078976,0.00045792345190420747,0.0009719637455418706,0.0004735621914733201,0.0008943453431129456,0.000388883869163692,0.0008062340784817934,0.0001394089631503448,0.00032132689375430346,0.0001431257405783981,0.00033311336301267147,6.108547677285969e-05,0.00014567405742127448,762,689
A04,I. Julia,2020-07-16,-43.89583,-73.71333,,Mosaic_20200712_20200725.nc,4,0.00019660119141917676,0.0003630860592238605,0.0002578604035079479,0.0004879956250078976,0.00045792345190420747,0.0009719637455418706,0.0004735621914733201,0.0008943453431129456,0.000388883869163692,0.0008062340784817934,0.0001394089631503448,0.00032132689375430346,0.0001431257405783981,0.00033311336301267147,6.108547677285969e-05,0.00014567405742127448,762,689
A04,I. Julia,2020-07-28,-43.89583,-73.71333,,Mosaic_20200729_20200811.nc,1,0.004439761396497488,0.005988274700939655,0.003551238216459751,0.005893866065889597,0.0010196276707574725,0.004573664627969265,0.00012805519509129226,0.001843598554842174,7.197994273155928e-05,0.001575993257574737,1.903623342514038e-05,0.0006315557984635234,1.7391157598467544e-05,0.0006568283424712718,6.54125005894457e-06,0.0002838496584445238,737,668
A04,I. Julia,2020-07-29,-43.89583,-73.71333,1.0,Mosaic_20200729_20200811.nc,0,0.004439761396497488,0.005988274700939655,0.003551238216459751,0.005893866065889597,0.0010196276707574725,0.004573664627969265,0.00012805519509129226,0.001843598554842174,7.197994273155928e-05,0.001575993257574737,1.903623342514038e-05,0.0006315557984635234,1.7391157598467544e-05,0.0006568283424712718,6.54125005894457e-06,0.0002838496584445238,737,668
A04,I. Julia,2020-07-31,-43.89583,-73.71333,,Mosaic_20200729_20200811.nc,2,0.004439761396497488,0.005988274700939655,0.003551238216459751,0.005893866065889597,0.0010196276707574725,0.004573664627969265,0.00012805519509129226,0.001843598554842174,7.197994273155928e-05,0.001575993257574737,1.903623342514038e-05,0.0006315557984635234,1.7391157598467544e-05,0.0006568283424712718,6.54125005894457e-06,0.0002838496584445238,737,668
A04,I. Julia,2020-08-18,-43.89583,-73.71333,,Mosaic_20200818_20200831.nc,0,0.001318755210377276,0.007055866532027721,0.0012064678594470024,0.011233869940042496,0.0005402516108006239,0.016046637669205666,8.561454160371795e-05,0.004251436796039343,4.7601162805221975e-05,0.003941668663173914,1.236164644069504e-05,0.0014977867249399424,1.1094463843619451e-05,0.0015303011750802398,4.048342816531658e-06,0.0006324595888145268,762,689
A04,I. Julia,2020-08-19,-43.89583,-73.71333,,Mosaic_20200818_20200831.nc,1,0.001318755210377276,0.007055866532027721,0.0012064678594470024,0.011233869940042496,0.0005402516108006239,0.016046637669205666,8.561454160371795e-05,0.004251436796039343,4.7601162805221975e-05,0.003941668663173914,1.236164644069504e-05,0.0014977867249399424,1.1094463843619451e-05,0.0015303011750802398,4.048342816531658e-06,0.0006324595888145268,762,689
A04,I. Julia,2020-08-20,-43.89583,-73.71333,0.0,Mosaic_20200818_20200831.nc,2,0.001318755210377276,0.007055866532027721,0.0012064678594470024,0.011233869940042496,0.0005402516108006239,0.016046637669205666,8.561454160371795e-05,0.004251436796039343,4.7601162805221975e-05,0.003941668663173914,1.236164644069504e-05,0.0014977867249399424,1.1094463843619451e-05,0.0015303011750802398,4.048342816531658e-06,0.0006324595888145268,762,689
A04,I. Julia,2020-08-21,-43.89583,-73.71333,1.0,Mosaic_20200818_20200831.nc,3,0.001318755210377276,0.007055866532027721,0.0012064678594470024,0.011233869940042496,0.0005402516108006239,0.016046637669205666,8.561454160371795e-05,0.004251436796039343,4.7601162805221975e-05,0.003941668663173914,1.236164644069504e-05,0.0014977867249399424,1.1094463843619451e-05,0.0015303011750802398,4.048342816531658e-06,0.0006324595888145268,762,689
A04,I. Julia,2020-08-23,-43.89583,-73.71333,,Mosaic_20200818_20200831.nc,5,0.001318755210377276,0.007055866532027721,0.0012064678594470024,0.011233869940042496,0.0005402516108006239,0.016046637669205666,8.561454160371795e-05,0.004251436796039343,4.7601162805221975e-05,0.003941668663173914,1.236164644069504e-05,0.0014977867249399424,1.1094463843619451e-05,0.0015303011750802398,4.048342816531658e-06,0.0006324595888145268,762,689
A04,I. Julia,2020-08-24,-43.89583,-73.71333,,Mosaic_20200818_20200831.nc,6,0.001318755210377276,0.007055866532027721,0.0012064678594470024,0.011233869940042496,0.0005402516108006239,0.016046637669205666,8.561454160371795e-05,0.004251436796039343,4.7601162805221975e-05,0.003941668663173914,1.236164644069504e-05,0.0014977867249399424,1.1094463843619451e-05,0.0015303011750802398,4.048342816531658e-06,0.0006324595888145268,762,689
A04,I. Julia,2020-09-05,-43.89583,-73.71333,,Mosaic_20200917_20200930.nc,12,0.0006830791244283319,0.008181455545127392,0.0009969042148441076,0.009770030155777931,0.0010479498887434602,0.009318719618022442,0.00022126661497168243,0.002802650211378932,0.00013058459444437176,0.002554117701947689,3.5282417229609564e-05,0.0009620703058317304,3.32723866449669e-05,0.0009847106412053108,1.2960363164893351e-05,0.00041143724229186773,762,689
A04,I. Julia,2020-09-21,-43.89583,-73.71333,,Mosaic_20200917_20200930.nc,4,0.0006830791244283319,0.008181455545127392,0.0009969042148441076,0.009770030155777931,0.0010479498887434602,0.009318719618022442,0.00022126661497168243,0.002802650211378932,0.00013058459444437176,0.002554117701947689,3.5282417229609564e-05,0.0009620703058317304,3.32723866449669e-05,0.0009847106412053108,1.2960363164893351e-05,0.00041143724229186773,762,689
A04,I. Julia,2020-09-22,-43.89583,-73.71333,1.0,Mosaic_20200917_20200930.nc,5,0.0006830791244283319,0.008181455545127392,0.0009969042148441076,0.009770030155777931,0.0010479498887434602,0.009318719618022442,0.00022126661497168243,0.002802650211378932,0.00013058459444437176,0.002554117701947689,3.5282417229609564e-05,0.0009620703058317304,3.32723866449669e-05,0.0009847106412053108,1.2960363164893351e-05,0.00041143724229186773,762,689
A04,I. Julia,2020-09-23,-43.89583,-73.71333,,Mosaic_20200917_20200930.nc,6,0.0006830791244283319,0.008181455545127392,0.0009969042148441076,0.009770030155777931,0.0010479498887434602,0.009318719618022442,0.00022126661497168243,0.002802650211378932,0.00013058459444437176,0.002554117701947689,3.5282417229609564e-05,0.0009620703058317304,3.32723866449669e-05,0.0009847106412053108,1.2960363164893351e-05,0.00041143724229186773,762,689
A04,I. Julia,2020-09-24,-43.89583,-73.71333,,Mosaic_20200917_20200930.nc,7,0.0006830791244283319,0.008181455545127392,0.0009969042148441076,0.009770030155777931,0.0010479498887434602,0.009318719618022442,0.00022126661497168243,0.002802650211378932,0.00013058459444437176,0.002554117701947689,3.5282417229609564e-05,0.0009620703058317304,3.32723866449669e-05,0.0009847106412053108,1.2960363164893351e-05,0.00041143724229186773,762,689
A04,I. Julia,2020-09-25,-43.89583,-73.71333,,Mosaic_20200917_20200930.nc,8,0.0006830791244283319,0.008181455545127392,0.0009969042148441076,0.009770030155777931,0.0010479498887434602,0.009318719618022442,0.00022126661497168243,0.002802650211378932,0.00013058459444437176,0.002554117701947689,3.5282417229609564e-05,0.0009620703058317304,3.32723866449669e-05,0.0009847106412053108,1.2960363164893351e-05,0.00041143724229186773,762,689
A04,I. Julia,2020-09-26,-43.89583,-73.71333,,Mosaic_20200917_20200930.nc,9,0.0006830791244283319,0.008181455545127392,0.0009969042148441076,0.009770030155777931,0.0010479498887434602,0.009318719618022442,0.00022126661497168243,0.002802650211378932,0.00013058459444437176,0.002554117701947689,3.5282417229609564e-05,0.0009620703058317304,3.32723866449669e-05,0.0009847106412053108,1.2960363164893351e-05,0.00041143724229186773,762,689
A04,I. Julia,2020-10-06,-43.89583,-73.71333,,Mosaic_20201010_20201023.nc,4,0.0008010086021386087,0.004972801078110933,0.0010413136333227158,0.005341974552720785,0.0009317733929492533,0.0038886021357029676,0.00017999383271671832,0.0015326483407989144,0.00010268517507938668,0.001218596356920898,2.7019177650799975e-05,0.00040611583972349763,2.5135623218375258e-05,0.00040517470915801823,9.659733223088551e-06,0.00016788416542112827,762,689
A04,I. Julia,2020-10-08,-43.89583,-73.71333,,Mosaic_20201010_20201023.nc,2,0.0008010086021386087,0.004972801078110933,0.0010413136333227158,0.005341974552720785,0.0009317733929492533,0.0038886021357029676,0.00017999383271671832,0.0015326483407989144,0.00010268517507938668,0.001218596356920898,2.7019177650799975e-05,0.00040611583972349763,2.5135623218375258e-05,0.00040517470915801823,9.659733223088551e-06,0.00016788416542112827,762,689
A04,I. Julia,2020-10-09,-43.89583,-73.71333,2.0,Mosaic_20201010_20201023.nc,1,0.0008010086021386087,0.004972801078110933,0.0010413136333227158,0.005341974552720785,0.0009317733929492533,0.0038886021357029676,0.00017999383271671832,0.0015326483407989144,0.00010268517507938668,0.001218596356920898,2.7019177650799975e-05,0.00040611583972349763,2.5135623218375258e-05,0.00040517470915801823,9.659733223088551e-06,0.00016788416542112827,762,689
A04,I. Julia,2020-10-11,-43.89583,-73.71333,,Mosaic_20201010_20201023.nc,1,0.0008010086021386087,0.004972801078110933,0.0010413136333227158,0.005341974552720785,0.0009317733929492533,0.0038886021357029676,0.00017999383271671832,0.0015326483407989144,0.00010268517507938668,0.001218596356920898,2.7019177650799975e-05,0.00040611583972349763,2.5135623218375258e-05,0.00040517470915801823,9.659733223088551e-06,0.00016788416542112827,762,689
A04,I. Julia,2020-10-20,-43.89583,-73.71333,,Mosaic_20201010_20201023.nc,10,0.0008010086021386087,0.004972801078110933,0.0010413136333227158,0.005341974552720785,0.0009317733929492533,0.0038886021357029676,0.00017999383271671832,0.0015326483407989144,0.00010268517507938668,0.001218596356920898,2.7019177650799975e-05,0.00040611583972349763,2.5135623218375258e-05,0.00040517470915801823,9.659733223088551e-06,0.00016788416542112827,762,689
A04,I. Julia,2020-10-21,-43.89583,-73.71333,,Mosaic_20201030_20201112.nc,9,0.00044365209760144353,0.0021491888910531998,0.000663108192384243,0.002639601705595851,0.0012290440499782562,0.003697482403367758,0.0005041008116677403,0.0008181108278222382,0.0003422083391342312,0.0006085947388783097,9.967055666493252e-05,0.00019182459800504148,9.650665015215054e-05,0.0001897201145766303,3.890375228365883e-05,7.786757487338036e-05,762,689
A04,I. Julia,2020-10-22,-43.89583,-73.71333,1.0,Mosaic_20201030_20201112.nc,8,0.00044365209760144353,0.0021491888910531998,0.000663108192384243,0.002639601705595851,0.0012290440499782562,0.003697482403367758,0.0005041008116677403,0.0008181108278222382,0.0003422083391342312,0.0006085947388783097,9.967055666493252e-05,0.00019182459800504148,9.650665015215054e-05,0.0001897201145766303,3.890375228365883e-05,7.786757487338036e-05,762,689
A04,I. Julia,2020-10-23,-43.89583,-73.71333,,Mosaic_20201030_20201112.nc,7,0.00044365209760144353,0.0021491888910531998,0.000663108192384243,0.002639601705595851,0.0012290440499782562,0.003697482403367758,0.0005041008116677403,0.0008181108278222382,0.0003422083391342312,0.0006085947388783097,9.967055666493252e-05,0.00019182459800504148,9.650665015215054e-05,0.0001897201145766303,3.890375228365883e-05,7.786757487338036e-05,762,689
A04,I. Julia,2020-11-05,-43.89583,-73.71333,,Mosaic_20201030_20201112.nc,6,0.00044365209760144353,0.0021491888910531998,0.000663108192384243,0.002639601705595851,0.0012290440499782562,0.003697482403367758,0.0005041008116677403,0.0008181108278222382,0.0003422083391342312,0.0006085947388783097,9.967055666493252e-05,0.00019182459800504148,9.650665015215054e-05,0.0001897201145766303,3.890375228365883e-05,7.786757487338036e-05,762,689
A04,I. Julia,2020-11-07,-43.89583,-73.71333,,Mosaic_20201030_20201112.nc,8,0.00044365209760144353,0.0021491888910531998,0.000663108192384243,0.002639601705595851,0.0012290440499782562,0.003697482403367758,0.0005041008116677403,0.0008181108278222382,0.0003422083391342312,0.0006085947388783097,9.967055666493252e-05,0.00019182459800504148,9.650665015215054e-05,0.0001897201145766303,3.890375228365883e-05,7.786757487338036e-05,762,689
A04,I. Julia,2020-11-08,-43.89583,-73.71333,0.0,Mosaic_20201116_20201129.nc,8,0.0006275699706748128,0.008575288578867912,0.0009739138185977936,0.003859461983665824,0.0016343331662937999,0.003038292983546853,0.000538230175152421,0.0008969635819084942,0.00034593584132380784,0.0006283063557930291,9.67828746070154e-05,0.00018699337670113891,9.335052163805813e-05,0.00018337389337830245,3.742922126548365e-05,7.458369509549811e-05,742,674
A04,I. Julia,2020-11-10,-43.89583,-73.71333,,Mosaic_20201116_20201129.nc,6,0.0006275699706748128,0.008575288578867912,0.0009739138185977936,0.003859461983665824,0.0016343331662937999,0.003038292983546853,0.000538230175152421,0.0008969635819084942,0.00034593584132380784,0.0006283063557930291,9.67828746070154e-05,0.00018699337670113891,9.335052163805813e-05,0.00018337389337830245,3.742922126548365e-05,7.458369509549811e-05,742,674
A04,I. Julia,2020-12-02,-43.89583,-73.71333,,Mosaic_20201206_20201219.nc,4,0.0022731604985892773,0.0033898712135851383,0.0030793335754424334,0.004456820897758007,0.0031751589849591255,0.006126631051301956,0.0008105540182441473,0.003470643423497677,0.000502295617479831,0.0027969477232545614,0.00013848114758729935,0.0009115724824368954,0.0001320730079896748,0.0009137531742453575,5.258691817289218e-05,0.0003688315046019852,762,572
A04,I. Julia,2020-12-03,-43.89583,-73.71333,2.0,Mosaic_20201206_20201219.nc,3,0.0022731604985892773,0.0033898712135851383,0.0030793335754424334,0.004456820897758007,0.0031751589849591255,0.006126631051301956,0.0008105540182441473,0.003470643423497677,0.000502295617479831,0.0027969477232545614,0.00013848114758729935,0.0009115724824368954,0.0001320730079896748,0.0009137531742453575,5.258691817289218e-05,0.0003688315046019852,762,572
A04,I. Julia,2020-12-04,-43.89583,-73.71333,,Mosaic_20201206_20201219.nc,2,0.0022731604985892773,0.0033898712135851383,0.0030793335754424334,0.004456820897758007,0.0031751589849591255,0.006126631051301956,0.0008105540182441473,0.003470643423497677,0.000502295617479831,0.0027969477232545614,0.00013848114758729935,0.0009115724824368954,0.0001320730079896748,0.0009137531742453575,5.258691817289218e-05,0.0003688315046019852,762,572
A04,I. Julia,2020-12-16,-43.89583,-73.71333,,Mosaic_20201206_20201219.nc,10,0.0022731604985892773,0.0033898712135851383,0.0030793335754424334,0.004456820897758007,0.0031751589849591255,0.006126631051301956,0.0008105540182441473,0.003470643423497677,0.000502295617479831,0.0027969477232545614,0.00013848114758729935,0.0009115724824368954,0.0001320730079896748,0.0009137531742453575,5.258691817289218e-05,0.0003688315046019852,762,572
A04,I. Julia,2020-12-17,-43.89583,-73.71333,,Mosaic_20201206_20201219.nc,11,0.0022731604985892773,0.0033898712135851383,0.0030793335754424334,0.004456820897758007,0.0031751589849591255,0.006126631051301956,0.0008105540182441473,0.003470643423497677,0.000502295617479831,0.0027969477232545614,0.00013848114758729935,0.0009115724824368954,0.0001320730079896748,0.0009137531742453575,5.258691817289218e-05,0.0003688315046019852,762,572
A04,I. Julia,2020-12-18,-43.89583,-73.71333,1.0,Mosaic_20201206_20201219.nc,12,0.0022731604985892773,0.0033898712135851383,0.0030793335754424334,0.004456820897758007,0.0031751589849591255,0.006126631051301956,0.0008105540182441473,0.003470643423497677,0.000502295617479831,0.0027969477232545614,0.00013848114758729935,0.0009115724824368954,0.0001320730079896748,0.0009137531742453575,5.258691817289218e-05,0.0003688315046019852,762,572
A04,I. Julia,2022-01-19,-43.89583,-73.71333,,Mosaic_20220130_20220212.nc,11,0.0033695772290229797,0.008816367946565151,0.003992646466940641,0.009027053602039814,0.002262264722958207,0.00622826162725687,0.00034241878893226385,0.0012545052450150251,0.00020345770462881774,0.0007806082721799612,5.6810644309734926e-05,0.0002544686431065202,5.383586903917603e-05,0.00025447626831009984,2.143789970432408e-05,0.00010469870176166296,762,659
A04,I. Julia,2022-02-01,-43.89583,-73.71333,,Mosaic_20220130_20220212.nc,2,0.0033695772290229797,0.008816367946565151,0.003992646466940641,0.009027053602039814,0.002262264722958207,0.00622826162725687,0.00034241878893226385,0.0012545052450150251,0.00020345770462881774,0.0007806082721799612,5.6810644309734926e-05,0.0002544686431065202,5.383586903917603e-05,0.00025447626831009984,2.143789970432408e-05,0.00010469870176166296,762,659
A04N1,Aysén Norte,2015-11-11,-43.90556,-73.42889,2.0,Mosaic_20151123_20151206.nc,12,0.0010423545027151704,0.005205364432185888,0.0012427548645064235,0.004828307777643204,0.0009069591760635376,0.0016595600172877312,0.00017772098362911493,0.0007925602840259671,0.00010034722072305158,0.0005384155083447695,2.6883963073487394e-05,0.00016124104149639606,2.4768494768068194e-05,0.00015545598580501974,9.54356073634699e-06,6.302530528046191e-05,741,741
A04N1,Aysén Norte,2015-11-26,-43.90556,-73.42889,1.0,Mosaic_20151123_20151206.nc,3,0.0010423545027151704,0.005205364432185888,0.0012427548645064235,0.004828307777643204,0.0009069591760635376,0.0016595600172877312,0.00017772098362911493,0.0007925602840259671,0.00010034722072305158,0.0005384155083447695,2.6883963073487394e-05,0.00016124104149639606,2.4768494768068194e-05,0.00015545598580501974,9.54356073634699e-06,6.302530528046191e-05,741,741
A04N1,Aysén Norte,2015-12-02,-43.90556,-73.42889,0.0,Mosaic_20151123_20151206.nc,9,0.0010423545027151704,0.005205364432185888,0.0012427548645064235,0.004828307777643204,0.0009069591760635376,0.0016595600172877312,0.00017772098362911493,0.0007925602840259671,0.00010034722072305158,0.0005384155083447695,2.6883963073487394e-05,0.00016124104149639606,2.4768494768068194e-05,0.00015545598580501974,9.54356073634699e-06,6.302530528046191e-05,741,741
A04N1,Aysén Norte,2015-12-20,-43.90556,-73.42889,1.0,Mosaic_20151223_20160105.nc,3,0.0008795099565759301,0.0009765864815562963,0.001472548465244472,0.0016286972677335143,0.00330332200974226,0.0036509674973785877,0.0016227556625381112,0.001966192852705717,0.0012095387792214751,0.0015101754106581211,0.00037677466752938926,0.0004837320593651384,0.0003761367406696081,0.00048687338130548596,0.00015435426030308008,0.00020125109585933387,767,767
A04N1,Aysén Norte,2016-01-25,-43.90556,-73.42889,3.0,Mosaic_20160204_20160217.nc,10,0.000734264322090894,0.0009156046435236931,0.0011577954282984138,0.0014247731305658817,0.0025681816041469574,0.002928224392235279,0.0014627249911427498,0.0017244013724848628,0.0011152588995173573,0.001422631787136197,0.0003600399650167674,0.0005020392127335072,0.00035988728632219136,0.0005083123687654734,0.00014887686120346189,0.00021329690935090184,763,763
A04N1,Aysén Norte,2016-02-06,-43.90556,-73.42889,4.0,Mosaic_20160204_20160217.nc,2,0.000734264322090894,0.0009156046435236931,0.0011577954282984138,0.0014247731305658817,0.0025681816041469574,0.002928224392235279,0.0014627249911427498,0.0017244013724848628,0.0011152588995173573,0.001422631787136197,0.0003600399650167674,0.0005020392127335072,0.00035988728632219136,0.0005083123687654734,0.00014887686120346189,0.00021329690935090184,763,763
A04N1,Aysén Norte,2016-02-13,-43.90556,-73.42889,7.0,Mosaic_20160204_20160217.nc,9,0.000734264322090894,0.0009156046435236931,0.0011577954282984138,0.0014247731305658817,0.0025681816041469574,0.002928224392235279,0.0014627249911427498,0.0017244013724848628,0.0011152588995173573,0.001422631787136197,0.0003600399650167674,0.0005020392127335072,0.00035988728632219136,0.0005083123687654734,0.00014887686120346189,0.00021329690935090184,763,763
A04N1,Aysén Norte,2016-02-22,-43.90556,-73.42889,6.0,Mosaic_20160305_20160318.nc,12,0.0005536031676456332,0.0025600893422961235,0.0008051864570006728,0.0038814260624349117,0.0017861670348793268,0.00793649721890688,0.0013699725968763232,0.006701476871967316,0.0011686813086271286,0.006020306143909693,0.00042792182648554444,0.0021435620728880167,0.000434462126577273,0.00215979665517807,0.0001841836783569306,0.0008586805197410285,763,763
A04N1,Aysén Norte,2016-03-09,-43.90556,-73.42889,6.0,Mosaic_20160305_20160318.nc,4,0.0005536031676456332,0.0025600893422961235,0.0008051864570006728,0.0038814260624349117,0.0017861670348793268,0.00793649721890688,0.0013699725968763232,0.006701476871967316,0.0011686813086271286,0.006020306143909693,0.00042792182648554444,0.0021435620728880167,0.000434462126577273,0.00215979665517807,0.0001841836783569306,0.0008586805197410285,763,763
A04N1,Aysén Norte,2016-03-16,-43.90556,-73.42889,6.0,Mosaic_20160305_20160318.nc,11,0.0005536031676456332,0.0025600893422961235,0.0008051864570006728,0.0038814260624349117,0.0017861670348793268,0.00793649721890688,0.0013699725968763232,0.006701476871967316,0.0011686813086271286,0.006020306143909693,0.00042792182648554444,0.0021435620728880167,0.000434462126577273,0.00215979665517807,0.0001841836783569306,0.0008586805197410285,763,763
A04N1,Aysén Norte,2016-04-01,-43.90556,-73.42889,5.0,Mosaic_20160404_20160417.nc,3,,,,,,,,,,,,,,,,,741,0
A04N1,Aysén Norte,2016-04-08,-43.90556,-73.42889,5.0,Mosaic_20160404_20160417.nc,4,,,,,,,,,,,,,,,,,741,0
A04N1,Aysén Norte,2016-06-04,-43.90556,-73.42889,4.0,Mosaic_20160613_20160626.nc,9,,,,,,,,,,,,,,,,,741,0
A04N1,Aysén Norte,2016-06-16,-43.90556,-73.42889,2.0,Mosaic_20160613_20160626.nc,3,,,,,,,,,,,,,,,,,741,0
A04N1,Aysén Norte,2016-06-21,-43.90556,-73.42889,2.0,Mosaic_20160613_20160626.nc,8,,,,,,,,,,,,,,,,,741,0
A04N1,Aysén Norte,2016-07-05,-43.90556,-73.42889,1.0,Mosaic_20160703_20160716.nc,2,0.001223581493832171,0.0029200485441833735,0.001274690730497241,0.002517672721296549,0.0006780236144550145,0.001096969237551093,0.00011237139551667497,0.0002256262523587793,6.29231144557707e-05,0.00013401455362327397,1.6603831682004966e-05,3.6577112041413784e-05,1.5148882084758952e-05,3.435725375311449e-05,5.674432031810284e-06,1.3436379958875477e-05,741,741
A04N1,Aysén Norte,2016-07-19,-43.90556,-73.42889,2.0,Mosaic_20160723_20160805.nc,4,0.0021503784228116274,0.003866551909595728,0.0022260863333940506,0.003439792897552252,0.000998383853584528,0.0014366494724527001,0.00013244536239653826,0.00021536147687584162,7.370902312686667e-05,0.00012173310096841305,1.9473083739285357e-05,3.3537235140101984e-05,1.7724518329487182e-05,3.096699219895527e-05,6.697091976093361e-06,1.2105873793188948e-05,741,741
A04N1,Aysén Norte,2016-08-20,-43.90556,-73.42889,3.0,Mosaic_20160819_20160901.nc,1,0.0041171228513121605,0.005136551801115274,0.004273497499525547,0.0055375006049871445,0.0019171556923538446,0.0027869141194969416,0.00027086021145805717,0.00042817837675102055,0.000155995279783383,0.00024918868439272046,4.30650616181083e-05,6.849842611700296e-05,3.941382601624355e-05,6.316888175206259e-05,1.5373510905192234e-05,2.481063893355895e-05,744,744
A04N1,Aysén Norte,2016-09-03,-43.90556,-73.42889,1.0,Mosaic_20160908_20160921.nc,5,,,,,,,,,,,,,,,,,767,0
A04N1,Aysén Norte,2016-10-07,-43.90556,-73.42889,1.0,Mosaic_20160928_20161011.nc,9,0.0009330147295258939,0.0017719395691528916,0.0012882323935627937,0.002188677666708827,0.0012464247411116958,0.0020508558955043554,0.00035484411637298763,0.0007366080535575747,0.00021751722670160234,0.00047301180893555284,6.299223605310544e-05,0.00013521300570573658,6.0075210058130324e-05,0.0001313365501118824,2.428096195217222e-05,5.317695831763558e-05,767,767
A04N1,Aysén Norte,2016-10-21,-43.90556,-73.42889,3.0,Mosaic_20161018_20161031.nc,3,0.003108566626906395,0.004084495361894369,0.002786769298836589,0.003326798789203167,0.0010086114052683115,0.0018018129048869014,0.00011582195293158293,0.00029210629872977734,6.314794882200658e-05,0.00016801539459265769,1.6308344129356556e-05,4.566295683616772e-05,1.4596684195566922e-05,4.2256215238012373e-05,5.40758310307865e-06,1.6533345842617564e-05,744,744
A04N1,Aysén Norte,2016-11-10,-43.90556,-73.42889,1.0,Mosaic_20161107_20161120.nc,3,0.002459073206409812,0.013531684875488281,0.0032957326620817184,0.018963726237416267,0.002358469646424055,0.027065571397542953,0.0011931745102629066,0.013265013694763184,0.0008576825493946671,0.013885960914194584,0.000250698474701494,0.006398447323590517,0.0002449711610097438,0.0066850073635578156,9.846000466495752e-05,0.002680455567315221,767,226
A04N1,Aysén Norte,2016-11-18,-43.90556,-73.42889,2.0,Mosaic_20161107_20161120.nc,11,0.002459073206409812,0.013531684875488281,0.0032957326620817184,0.018963726237416267,0.002358469646424055,0.027065571397542953,0.0011931745102629066,0.013265013694763184,0.0008576825493946671,0.013885960914194584,0.000250698474701494,0.006398447323590517,0.0002449711610097438,0.0066850073635578156,9.846000466495752e-05,0.002680455567315221,767,226
A04N1,Aysén Norte,2016-11-26,-43.90556,-73.42889,3.0,Mosaic_20161130_20161213.nc,4,,,,,,,,,,,,,,,,,741,0
A04N1,Aysén Norte,2016-12-07,-43.90556,-73.42889,4.0,Mosaic_20161130_20161213.nc,7,,,,,,,,,,,,,,,,,741,0
A04N1,Aysén Norte,2016-12-14,-43.90556,-73.42889,6.0,Mosaic_20161217_20161230.nc,3,,,,,,,,,,,,,,,,,741,0
A04N1,Aysén Norte,2017-01-16,-43.90556,-73.42889,1.0,Mosaic_20170126_20170208.nc,10,0.0006013629608787596,0.0007327449857257307,0.0009088877122849226,0.001113968319259584,0.0016534744063392282,0.0020315516740083694,0.000670730893034488,0.000982091762125492,0.00045785566908307374,0.0007178793312050402,0.00013573588512372226,0.0002256338921142742,0.000132237677462399,0.00022326271573547274,5.381599112297408e-05,9.220499487128109e-05,741,741
A04N1,Aysén Norte,2017-01-25,-43.90556,-73.42889,3.0,Mosaic_20170126_20170208.nc,1,0.0006013629608787596,0.0007327449857257307,0.0009088877122849226,0.001113968319259584,0.0016534744063392282,0.0020315516740083694,0.000670730893034488,0.000982091762125492,0.00045785566908307374,0.0007178793312050402,0.00013573588512372226,0.0002256338921142742,0.000132237677462399,0.00022326271573547274,5.381599112297408e-05,9.220499487128109e-05,741,741
A04N1,Aysén Norte,2017-02-06,-43.90556,-73.42889,1.0,Mosaic_20170215_20170228.nc,9,,,,,,,,,,,,,,,,,741,0
A04N1,Aysén Norte,2017-02-15,-43.90556,-73.42889,0.0,Mosaic_20170215_20170228.nc,0,,,,,,,,,,,,,,,,,741,0
A04N1,Aysén Norte,2017-02-25,-43.90556,-73.42889,0.0,Mosaic_20170215_20170228.nc,10,,,,,,,,,,,,,,,,,741,0
A04N1,Aysén Norte,2017-03-06,-43.90556,-73.42889,1.0,Mosaic_20170317_20170330.nc,11,0.002522915368899703,0.0034880663733929396,0.002846755553036928,0.0038055048789829016,0.0014732768759131432,0.0022819123696535826,0.0002115312818204984,0.0003766781883314252,0.00011995888780802488,0.0002200863091275096,3.252298483857885e-05,6.024707909091376e-05,2.9886321499361657e-05,5.587950727203861e-05,1.1590187568799593e-05,2.196271816501394e-05,741,741
A04N1,Aysén Norte,2017-03-14,-43.90556,-73.42889,0.0,Mosaic_20170317_20170330.nc,3,0.002522915368899703,0.0034880663733929396,0.002846755553036928,0.0038055048789829016,0.0014732768759131432,0.0022819123696535826,0.0002115312818204984,0.0003766781883314252,0.00011995888780802488,0.0002200863091275096,3.252298483857885e-05,6.024707909091376e-05,2.9886321499361657e-05,5.587950727203861e-05,1.1590187568799593e-05,2.196271816501394e-05,741,741
A04N1,Aysén Norte,2017-03-20,-43.90556,-73.42889,2.0,Mosaic_20170317_20170330.nc,3,0.002522915368899703,0.0034880663733929396,0.002846755553036928,0.0038055048789829016,0.0014732768759131432,0.0022819123696535826,0.0002115312818204984,0.0003766781883314252,0.00011995888780802488,0.0002200863091275096,3.252298483857885e-05,6.024707909091376e-05,2.9886321499361657e-05,5.587950727203861e-05,1.1590187568799593e-05,2.196271816501394e-05,741,741
A04N1,Aysén Norte,2017-04-03,-43.90556,-73.42889,2.0,Mosaic_20170409_20170422.nc,6,0.0020818195771425962,0.002913626842200756,0.002578960033133626,0.0035175869707018137,0.0016184673877432942,0.002550142351537943,0.00027780866366811097,0.0005080714472569525,0.00016060390044003725,0.0003013291861861944,4.4525586417876184e-05,8.229984814533964e-05,4.139910015510395e-05,7.858996104914695e-05,1.6338199202436954e-05,3.244908293709159e-05,741,741
A04N1,Aysén Norte,2017-04-12,-43.90556,-73.42889,1.0,Mosaic_20170409_20170422.nc,3,0.0020818195771425962,0.002913626842200756,0.002578960033133626,0.0035175869707018137,0.0016184673877432942,0.002550142351537943,0.00027780866366811097,0.0005080714472569525,0.00016060390044003725,0.0003013291861861944,4.4525586417876184e-05,8.229984814533964e-05,4.139910015510395e-05,7.858996104914695e-05,1.6338199202436954e-05,3.244908293709159e-05,741,741
A04N1,Aysén Norte,2017-04-21,-43.90556,-73.42889,6.0,Mosaic_20170409_20170422.nc,12,0.0020818195771425962,0.002913626842200756,0.002578960033133626,0.0035175869707018137,0.0016184673877432942,0.002550142351537943,0.00027780866366811097,0.0005080714472569525,0.00016060390044003725,0.0003013291861861944,4.4525586417876184e-05,8.229984814533964e-05,4.139910015510395e-05,7.858996104914695e-05,1.6338199202436954e-05,3.244908293709159e-05,741,741
A04N1,Aysén Norte,2017-05-08,-43.90556,-73.42889,1.0,Mosaic_20170509_20170522.nc,1,0.0025899477768689394,0.004799874033778906,0.0037790045607835054,0.006436563562601805,0.005042169708758593,0.007247888017445803,0.001346514094620943,0.002366808010265231,0.0008507726597599685,0.0015945795457810163,0.00022831901151221246,0.00044982152758166194,0.000220050715142861,0.00043934432324022055,8.712810085853562e-05,0.00017519769608043134,767,767
A04N1,Aysén Norte,2017-05-23,-43.90556,-73.42889,0.0,Mosaic_20170526_20170608.nc,3,0.007005306426435709,0.013059157878160477,0.007194869685918093,0.008851147256791592,0.003365832380950451,0.005566233303397894,0.0005165441543795168,0.000953229668084532,0.0003081446047872305,0.0005674056010320783,8.558565605198964e-05,0.0001533973409095779,7.858864410081878e-05,0.00014355730672832578,3.0973649700172246e-05,5.6360382586717606e-05,767,767
A04N1,Aysén Norte,2017-05-30,-43.90556,-73.42889,,Mosaic_20170526_20170608.nc,4,0.007005306426435709,0.013059157878160477,0.007194869685918093,0.008851147256791592,0.003365832380950451,0.005566233303397894,0.0005165441543795168,0.000953229668084532,0.0003081446047872305,0.0005674056010320783,8.558565605198964e-05,0.0001533973409095779,7.858864410081878e-05,0.00014355730672832578,3.0973649700172246e-05,5.6360382586717606e-05,767,767
A04N1,Aysén Norte,2017-07-04,-43.90556,-73.42889,2.0,Mosaic_20170710_20170723.nc,6,0.005078013986349106,0.009331882931292057,0.0031898003071546555,0.007393409498035908,0.0006686694687232375,0.005269296932965517,6.966834189370275e-05,0.001950178644619882,3.681266025523655e-05,0.0014407552080228925,9.224600944435224e-06,0.0004536671913228929,8.017555956030264e-06,0.00046581655624322593,2.7931423574045766e-06,0.00019947165856137872,767,632
A04N1,Aysén Norte,2017-07-31,-43.90556,-73.42889,0.0,Mosaic_20170725_20170807.nc,6,0.004235509317368269,0.00527263293042779,0.0049977609887719154,0.00612012529745698,0.0030248076654970646,0.004027287010103464,0.0005121105350553989,0.000789922196418047,0.00030203568167053163,0.0004773273831233382,8.337824692716822e-05,0.0001313884713454172,7.783669570926577e-05,0.00012401984713505954,3.082443799939938e-05,4.922003063256852e-05,741,741
A04N1,Aysén Norte,2017-08-26,-43.90556,-73.42889,2.0,Mosaic_20170829_20170911.nc,3,0.0042810277082026005,0.008463602513074875,0.0027137408033013344,0.004339477512985468,0.0005990045028738678,0.0012468576896935701,6.396721437340602e-05,0.0007769038202241063,3.4238539228681475e-05,0.0006364926230162382,8.672613148519304e-06,0.00022418964363168925,7.520383405790199e-06,0.0002231261314591393,2.6183918180322507e-06,9.368263272335753e-05,767,767
A04N1,Aysén Norte,2017-09-25,-43.90556,-73.42889,2.0,Mosaic_20171001_20171014.nc,6,0.0005572833470068872,0.0007521275547333062,0.0008682425832375884,0.0011977297253906727,0.0016260800184682012,0.0020842228550463915,0.0006346721202135086,0.0010576494969427586,0.0004269005439709872,0.0007693694205954671,0.00012375767983030528,0.0002382188249612227,0.00012016180698992684,0.00023576412058901042,4.871124474448152e-05,9.6966527053155e-05,763,763
A04N1,Aysén Norte,2017-10-10,-43.90556,-73.42889,1.0,Mosaic_20171018_20171031.nc,8,0.0025763772428035736,0.003980930428951979,0.0021848571486771107,0.0029770927503705025,0.0007810164242982864,0.0011077357921749353,8.984404848888516e-05,0.00014080459368415177,4.802636613021605e-05,7.709494093433022e-05,1.2108450391679071e-05,2.0148116163909435e-05,1.0732514965638984e-05,1.804760358936619e-05,3.869379270327045e-06,6.762279554095585e-06,767,767
A04N1,Aysén Norte,2017-10-24,-43.90556,-73.42889,0.0,Mosaic_20171018_20171031.nc,6,0.0025763772428035736,0.003980930428951979,0.0021848571486771107,0.0029770927503705025,0.0007810164242982864,0.0011077357921749353,8.984404848888516e-05,0.00014080459368415177,4.802636613021605e-05,7.709494093433022e-05,1.2108450391679071e-05,2.0148116163909435e-05,1.0732514965638984e-05,1.804760358936619e-05,3.869379270327045e-06,6.762279554095585e-06,767,767
A04N1,Aysén Norte,2017-11-06,-43.90556,-73.42889,1.0,Mosaic_20171102_20171115.nc,4,0.003333586035296321,0.004299700725823641,0.0032678646966814995,0.0037976151797920465,0.001302445656619966,0.001805526902899146,0.00016330898506566882,0.00024426632444374263,9.184982627630234e-05,0.00013908892287872732,2.4352573746000417e-05,3.7500863982131705e-05,2.2275682567851618e-05,3.429673961363733e-05,8.491369953844696e-06,1.3274520824779756e-05,744,744
A04N1,Aysén Norte,2017-11-28,-43.90556,-73.42889,0.0,Mosaic_20171205_20171218.nc,7,0.0008096722885966301,0.0009393448708578944,0.001322059310041368,0.0015520062297582626,0.002426004968583584,0.002690347610041499,0.0007619254174642265,0.0011503545101732016,0.0005056830705143511,0.0008182156598195434,0.00014536995149683207,0.0002474095090292394,0.00014146087050903589,0.00024441981804557145,5.747515388065949e-05,9.998902532970533e-05,741,741
A04N1,Aysén Norte,2017-12-05,-43.90556,-73.42889,2.0,Mosaic_20171205_20171218.nc,0,0.0008096722885966301,0.0009393448708578944,0.001322059310041368,0.0015520062297582626,0.002426004968583584,0.002690347610041499,0.0007619254174642265,0.0011503545101732016,0.0005056830705143511,0.0008182156598195434,0.00014536995149683207,0.0002474095090292394,0.00014146087050903589,0.00024441981804557145,5.747515388065949e-05,9.998902532970533e-05,741,741
A04N1,Aysén Norte,2017-12-15,-43.90556,-73.42889,1.0,Mosaic_20171220_20180102.nc,5,0.0006201741634868085,0.0007481399225071073,0.0009348753374069929,0.0011699304450303316,0.0017591177020221949,0.002204561373218894,0.0007377492729574442,0.0010578420478850603,0.0005260364850983024,0.0007971689919941127,0.0001629956386750564,0.0002580011496320367,0.00016017504094634205,0.0002568099298514426,6.610379932681099e-05,0.00010725817264756188,744,744
A04N1,Aysén Norte,2018-01-09,-43.90556,-73.42889,0.0,Mosaic_20180109_20180122.nc,0,0.0013655269285663962,0.0016707978211343288,0.002243870170786977,0.002710572211071849,0.0040596043691039085,0.004923996515572071,0.0014460402308031917,0.0019186465069651604,0.0009707108838483691,0.0013466480886563659,0.00027486783801577985,0.00039893598295748234,0.00026964052813127637,0.0003951527760364115,0.00010862886847462505,0.00016038578178267926,763,763
A04N1,Aysén Norte,2018-01-23,-43.90556,-73.42889,9.0,Mosaic_20180124_20180206.nc,1,0.0006608355324715376,0.0008282953640446067,0.0009604193037375808,0.0011916833464056253,0.0020645838230848312,0.002583553083240986,0.0016333305975422263,0.002199378330260515,0.001411863137036562,0.001980505883693695,0.0005188951618038118,0.0007474476005882025,0.0005266444641165435,0.0007578966324217618,0.0002231262915302068,0.0003199298807885498,763,763
A04N1,Aysén Norte,2018-02-02,-43.90556,-73.42889,,Mosaic_20180210_20180223.nc,8,0.0007266654283739626,0.0009618198964744806,0.0011479002423584461,0.001522856648080051,0.0016675478545948863,0.0019847361836582422,0.0004167439474258572,0.0006953247939236462,0.00025402498431503773,0.0004521824012044817,6.832260987721384e-05,0.00012591748964041471,6.543851486640051e-05,0.00012183763465145603,2.597665115899872e-05,4.884505324298516e-05,767,767
A04N1,Aysén Norte,2018-02-07,-43.90556,-73.42889,5.0,Mosaic_20180210_20180223.nc,3,0.0007266654283739626,0.0009618198964744806,0.0011479002423584461,0.001522856648080051,0.0016675478545948863,0.0019847361836582422,0.0004167439474258572,0.0006953247939236462,0.00025402498431503773,0.0004521824012044817,6.832260987721384e-05,0.00012591748964041471,6.543851486640051e-05,0.00012183763465145603,2.597665115899872e-05,4.884505324298516e-05,767,767
A04N1,Aysén Norte,2018-02-14,-43.90556,-73.42889,3.0,Mosaic_20180210_20180223.nc,4,0.0007266654283739626,0.0009618198964744806,0.0011479002423584461,0.001522856648080051,0.0016675478545948863,0.0019847361836582422,0.0004167439474258572,0.0006953247939236462,0.00025402498431503773,0.0004521824012044817,6.832260987721384e-05,0.00012591748964041471,6.543851486640051e-05,0.00012183763465145603,2.597665115899872e-05,4.884505324298516e-05,767,767
A04N1,Aysén Norte,2018-03-01,-43.90556,-73.42889,1.0,Mosaic_20180302_20180315.nc,1,,,,,,,,,,,,,,,,,741,0
A04N1,Aysén Norte,2018-03-07,-43.90556,-73.42889,2.0,Mosaic_20180302_20180315.nc,5,,,,,,,,,,,,,,,,,741,0
A04N1,Aysén Norte,2018-03-14,-43.90556,-73.42889,2.0,Mosaic_20180317_20180330.nc,3,0.0008636345737613738,0.0012754484778270125,0.001366586540825665,0.0019507750403136015,0.0018360773101449013,0.0024940050207078457,0.0004336889542173594,0.0007347228820435703,0.0002637398720253259,0.000465545745100826,7.068833656376228e-05,0.00012674825848080218,6.76987474435009e-05,0.00012226353283040226,2.691728514037095e-05,4.882856228505261e-05,767,767
A04N1,Aysén Norte,2018-03-18,-43.90556,-73.42889,2.0,Mosaic_20180317_20180330.nc,1,0.0008636345737613738,0.0012754484778270125,0.001366586540825665,0.0019507750403136015,0.0018360773101449013,0.0024940050207078457,0.0004336889542173594,0.0007347228820435703,0.0002637398720253259,0.000465545745100826,7.068833656376228e-05,0.00012674825848080218,6.76987474435009e-05,0.00012226353283040226,2.691728514037095e-05,4.882856228505261e-05,767,767
A04N1,Aysén Norte,2018-03-24,-43.90556,-73.42889,1.0,Mosaic_20180317_20180330.nc,7,0.0008636345737613738,0.0012754484778270125,0.001366586540825665,0.0019507750403136015,0.0018360773101449013,0.0024940050207078457,0.0004336889542173594,0.0007347228820435703,0.0002637398720253259,0.000465545745100826,7.068833656376228e-05,0.00012674825848080218,6.76987474435009e-05,0.00012226353283040226,2.691728514037095e-05,4.882856228505261e-05,767,767
A04N1,Aysén Norte,2018-04-04,-43.90556,-73.42889,0.0,Mosaic_20180401_20180414.nc,3,0.003944252151995897,0.004873567260801792,0.0046174838207662106,0.0056112902238965034,0.0026842220686376095,0.003594751702621579,0.00043454518890939653,0.0006583522190339863,0.00025739107513800263,0.0003945580101571977,7.127452408894897e-05,0.00010886279051192105,6.658367055933923e-05,0.00010217379167443141,2.6354393412475474e-05,4.044500383315608e-05,741,741
A04N1,Aysén Norte,2018-04-14,-43.90556,-73.42889,,Mosaic_20180424_20180507.nc,10,0.0012777522206306458,0.00478219473734498,0.0016636706423014402,0.0064900778234004974,0.001378500834107399,0.006780845578759909,0.0003230308066122234,0.003785640699788928,0.00020302741904743016,0.003428670112043619,5.9632278862409294e-05,0.0012663824018090963,5.709094330086373e-05,0.0012893875828012824,2.2892987544764765e-05,0.0005305732483975589,744,744
A04N1,Aysén Norte,2018-04-30,-43.90556,-73.42889,0.0,Mosaic_20180424_20180507.nc,6,0.0012777522206306458,0.00478219473734498,0.0016636706423014402,0.0064900778234004974,0.001378500834107399,0.006780845578759909,0.0003230308066122234,0.003785640699788928,0.00020302741904743016,0.003428670112043619,5.9632278862409294e-05,0.0012663824018090963,5.709094330086373e-05,0.0012893875828012824,2.2892987544764765e-05,0.0005305732483975589,744,744
A04N1,Aysén Norte,2018-05-09,-43.90556,-73.42889,0.0,Mosaic_20180511_20180524.nc,2,0.003663367358967662,0.005386750213801861,0.0033473654184490442,0.005373222287744284,0.001271628076210618,0.0022863736376166344,0.00016110006254166365,0.0003292190085630864,8.870073361322284e-05,0.0001865971426013857,2.366644548601471e-05,5.023999256081879e-05,2.1097128410474397e-05,4.5746390242129564e-05,7.978760550031438e-06,1.7727197700878605e-05,744,744
A04N1,Aysén Norte,2018-05-14,-43.90556,-73.42889,0.0,Mosaic_20180511_20180524.nc,3,0.003663367358967662,0.005386750213801861,0.0033473654184490442,0.005373222287744284,0.001271628076210618,0.0022863736376166344,0.00016110006254166365,0.0003292190085630864,8.870073361322284e-05,0.0001865971426013857,2.366644548601471e-05,5.023999256081879e-05,2.1097128410474397e-05,4.5746390242129564e-05,7.978760550031438e-06,1.7727197700878605e-05,744,744
A04N1,Aysén Norte,2018-05-20,-43.90556,-73.42889,1.0,Mosaic_20180526_20180608.nc,6,0.003579049138352275,0.009062104858458042,0.002652241848409176,0.006628149189054966,0.0007511846488341689,0.004927483387291431,0.00010602686234051362,0.0012971876421943307,5.871376197319478e-05,0.0010193155612796545,1.5402049029944465e-05,0.0003390342462807894,1.3878669051337056e-05,0.0003393079387024045,5.114695795782609e-06,0.00013997100177221,741,741
A04N1,Aysén Norte,2018-06-04,-43.90556,-73.42889,1.0,Mosaic_20180526_20180608.nc,9,0.003579049138352275,0.009062104858458042,0.002652241848409176,0.006628149189054966,0.0007511846488341689,0.004927483387291431,0.00010602686234051362,0.0012971876421943307,5.871376197319478e-05,0.0010193155612796545,1.5402049029944465e-05,0.0003390342462807894,1.3878669051337056e-05,0.0003393079387024045,5.114695795782609e-06,0.00013997100177221,741,741
A04N1,Aysén Norte,2018-06-15,-43.90556,-73.42889,0.0,Mosaic_20180613_20180626.nc,2,0.0020307281520217657,0.004151704255491495,0.0021078477147966623,0.004040198866277933,0.0009656436159275472,0.0016634283820167184,0.00013773034152109176,0.0005818913341499865,7.715149695286527e-05,0.00043308676686137915,2.0660794689320028e-05,0.00015649873239453882,1.8747479771263897e-05,0.00015581097977701575,7.099201411620015e-06,6.69735818519257e-05,767,767
A04N1,Aysén Norte,2018-07-03,-43.90556,-73.42889,1.0,Mosaic_20180703_20180716.nc,0,0.0016559752402827144,0.0025571584701538086,0.0023931595496833324,0.003493210766464472,0.0022729644551873207,0.003262076759710908,0.0004243958683218807,0.0011659159790724516,0.000251714198384434,0.0007728845230303705,6.770380423404276e-05,0.00021898685372434556,6.455092079704627e-05,0.0002138590789400041,2.5613673642510548e-05,8.636330312583596e-05,763,763
A04N1,Aysén Norte,2018-07-13,-43.90556,-73.42889,0.0,Mosaic_20180718_20180731.nc,5,0.002331817988306284,0.004405168816447258,0.0024372111074626446,0.004483741708099842,0.0010899993358179927,0.002000615932047367,0.00014176352124195546,0.0002954260562546551,7.940152863739058e-05,0.00016879245231393725,2.1137320800335146e-05,4.678091863752343e-05,1.928897836478427e-05,4.380961036076769e-05,7.321710654650815e-06,1.738104401738383e-05,763,763
A04N1,Aysén Norte,2018-07-17,-43.90556,-73.42889,,Mosaic_20180718_20180731.nc,1,0.002331817988306284,0.004405168816447258,0.0024372111074626446,0.004483741708099842,0.0010899993358179927,0.002000615932047367,0.00014176352124195546,0.0002954260562546551,7.940152863739058e-05,0.00016879245231393725,2.1137320800335146e-05,4.678091863752343e-05,1.928897836478427e-05,4.380961036076769e-05,7.321710654650815e-06,1.738104401738383e-05,763,763
A04N1,Aysén Norte,2018-07-23,-43.90556,-73.42889,,Mosaic_20180718_20180731.nc,5,0.002331817988306284,0.004405168816447258,0.0024372111074626446,0.004483741708099842,0.0010899993358179927,0.002000615932047367,0.00014176352124195546,0.0002954260562546551,7.940152863739058e-05,0.00016879245231393725,2.1137320800335146e-05,4.678091863752343e-05,1.928897836478427e-05,4.380961036076769e-05,7.321710654650815e-06,1.738104401738383e-05,763,763
A04N1,Aysén Norte,2018-07-24,-43.90556,-73.42889,0.0,Mosaic_20180718_20180731.nc,6,0.002331817988306284,0.004405168816447258,0.0024372111074626446,0.004483741708099842,0.0010899993358179927,0.002000615932047367,0.00014176352124195546,0.0002954260562546551,7.940152863739058e-05,0.00016879245231393725,2.1137320800335146e-05,4.678091863752343e-05,1.928897836478427e-05,4.380961036076769e-05,7.321710654650815e-06,1.738104401738383e-05,763,763
A04N1,Aysén Norte,2018-07-26,-43.90556,-73.42889,0.0,Mosaic_20180718_20180731.nc,8,0.002331817988306284,0.004405168816447258,0.0024372111074626446,0.004483741708099842,0.0010899993358179927,0.002000615932047367,0.00014176352124195546,0.0002954260562546551,7.940152863739058e-05,0.00016879245231393725,2.1137320800335146e-05,4.678091863752343e-05,1.928897836478427e-05,4.380961036076769e-05,7.321710654650815e-06,1.738104401738383e-05,763,763
A04N1,Aysén Norte,2018-07-27,-43.90556,-73.42889,,Mosaic_20180718_20180731.nc,9,0.002331817988306284,0.004405168816447258,0.0024372111074626446,0.004483741708099842,0.0010899993358179927,0.002000615932047367,0.00014176352124195546,0.0002954260562546551,7.940152863739058e-05,0.00016879245231393725,2.1137320800335146e-05,4.678091863752343e-05,1.928897836478427e-05,4.380961036076769e-05,7.321710654650815e-06,1.738104401738383e-05,763,763
A04N1,Aysén Norte,2018-07-29,-43.90556,-73.42889,,Mosaic_20180807_20180820.nc,9,0.004343726672232151,0.007399403024464846,0.00266553508117795,0.006320088170468807,0.0011445967247709632,0.0031703731510788202,0.00019091498688794672,0.0024610853288322687,0.00011022877879440784,0.002207879675552249,3.005677899636794e-05,0.0008192652021534741,2.7061016226070933e-05,0.0008400855585932732,1.0357435712649021e-05,0.0003519128658808768,741,741
A04N1,Aysén Norte,2018-07-31,-43.90556,-73.42889,,Mosaic_20180807_20180820.nc,7,0.004343726672232151,0.007399403024464846,0.00266553508117795,0.006320088170468807,0.0011445967247709632,0.0031703731510788202,0.00019091498688794672,0.0024610853288322687,0.00011022877879440784,0.002207879675552249,3.005677899636794e-05,0.0008192652021534741,2.7061016226070933e-05,0.0008400855585932732,1.0357435712649021e-05,0.0003519128658808768,741,741
A04N1,Aysén Norte,2018-08-03,-43.90556,-73.42889,,Mosaic_20180807_20180820.nc,4,0.004343726672232151,0.007399403024464846,0.00266553508117795,0.006320088170468807,0.0011445967247709632,0.0031703731510788202,0.00019091498688794672,0.0024610853288322687,0.00011022877879440784,0.002207879675552249,3.005677899636794e-05,0.0008192652021534741,2.7061016226070933e-05,0.0008400855585932732,1.0357435712649021e-05,0.0003519128658808768,741,741
A04N1,Aysén Norte,2018-08-05,-43.90556,-73.42889,,Mosaic_20180807_20180820.nc,2,0.004343726672232151,0.007399403024464846,0.00266553508117795,0.006320088170468807,0.0011445967247709632,0.0031703731510788202,0.00019091498688794672,0.0024610853288322687,0.00011022877879440784,0.002207879675552249,3.005677899636794e-05,0.0008192652021534741,2.7061016226070933e-05,0.0008400855585932732,1.0357435712649021e-05,0.0003519128658808768,741,741
A04N1,Aysén Norte,2018-08-06,-43.90556,-73.42889,0.0,Mosaic_20180807_20180820.nc,1,0.004343726672232151,0.007399403024464846,0.00266553508117795,0.006320088170468807,0.0011445967247709632,0.0031703731510788202,0.00019091498688794672,0.0024610853288322687,0.00011022877879440784,0.002207879675552249,3.005677899636794e-05,0.0008192652021534741,2.7061016226070933e-05,0.0008400855585932732,1.0357435712649021e-05,0.0003519128658808768,741,741
A04N1,Aysén Norte,2018-08-07,-43.90556,-73.42889,,Mosaic_20180807_20180820.nc,0,0.004343726672232151,0.007399403024464846,0.00266553508117795,0.006320088170468807,0.0011445967247709632,0.0031703731510788202,0.00019091498688794672,0.0024610853288322687,0.00011022877879440784,0.002207879675552249,3.005677899636794e-05,0.0008192652021534741,2.7061016226070933e-05,0.0008400855585932732,1.0357435712649021e-05,0.0003519128658808768,741,741
A04N1,Aysén Norte,2018-08-20,-43.90556,-73.42889,,Mosaic_20180827_20180909.nc,7,0.003333956003189087,0.0045386007986962795,0.004252865444868803,0.005453423596918583,0.0029852688312530518,0.0043981047347188,0.0005642320611514151,0.0009943260811269283,0.00033620730391703546,0.0006121433107182384,9.48844026424922e-05,0.00017031414608936757,8.908118616091087e-05,0.00016276075621135533,3.552068301360123e-05,6.506410136353225e-05,767,767
A04N1,Aysén Norte,2018-08-21,-43.90556,-73.42889,,Mosaic_20180827_20180909.nc,6,0.003333956003189087,0.0045386007986962795,0.004252865444868803,0.005453423596918583,0.0029852688312530518,0.0043981047347188,0.0005642320611514151,0.0009943260811269283,0.00033620730391703546,0.0006121433107182384,9.48844026424922e-05,0.00017031414608936757,8.908118616091087e-05,0.00016276075621135533,3.552068301360123e-05,6.506410136353225e-05,767,767
A04N1,Aysén Norte,2018-08-30,-43.90556,-73.42889,,Mosaic_20180827_20180909.nc,3,0.003333956003189087,0.0045386007986962795,0.004252865444868803,0.005453423596918583,0.0029852688312530518,0.0043981047347188,0.0005642320611514151,0.0009943260811269283,0.00033620730391703546,0.0006121433107182384,9.48844026424922e-05,0.00017031414608936757,8.908118616091087e-05,0.00016276075621135533,3.552068301360123e-05,6.506410136353225e-05,767,767
A04N1,Aysén Norte,2018-08-31,-43.90556,-73.42889,1.0,Mosaic_20180827_20180909.nc,4,0.003333956003189087,0.0045386007986962795,0.004252865444868803,0.005453423596918583,0.0029852688312530518,0.0043981047347188,0.0005642320611514151,0.0009943260811269283,0.00033620730391703546,0.0006121433107182384,9.48844026424922e-05,0.00017031414608936757,8.908118616091087e-05,0.00016276075621135533,3.552068301360123e-05,6.506410136353225e-05,767,767
A04N1,Aysén Norte,2018-09-01,-43.90556,-73.42889,,Mosaic_20180827_20180909.nc,5,0.003333956003189087,0.0045386007986962795,0.004252865444868803,0.005453423596918583,0.0029852688312530518,0.0043981047347188,0.0005642320611514151,0.0009943260811269283,0.00033620730391703546,0.0006121433107182384,9.48844026424922e-05,0.00017031414608936757,8.908118616091087e-05,0.00016276075621135533,3.552068301360123e-05,6.506410136353225e-05,767,767
A04N1,Aysén Norte,2018-09-06,-43.90556,-73.42889,,Mosaic_20180911_20180924.nc,5,,,,,,,,,,,,,,,,,767,0
A04N1,Aysén Norte,2018-09-08,-43.90556,-73.42889,1.0,Mosaic_20180911_20180924.nc,3,,,,,,,,,,,,,,,,,767,0
A04N1,Aysén Norte,2018-09-09,-43.90556,-73.42889,,Mosaic_20180911_20180924.nc,2,,,,,,,,,,,,,,,,,767,0
A04N1,Aysén Norte,2018-09-12,-43.90556,-73.42889,,Mosaic_20180911_20180924.nc,1,,,,,,,,,,,,,,,,,767,0
A04N1,Aysén Norte,2018-09-13,-43.90556,-73.42889,1.0,Mosaic_20180911_20180924.nc,2,,,,,,,,,,,,,,,,,767,0
A04N1,Aysén Norte,2018-09-14,-43.90556,-73.42889,,Mosaic_20180911_20180924.nc,3,,,,,,,,,,,,,,,,,767,0
A04N1,Aysén Norte,2018-09-15,-43.90556,-73.42889,,Mosaic_20180911_20180924.nc,4,,,,,,,,,,,,,,,,,767,0
A04N1,Aysén Norte,2018-10-01,-43.90556,-73.42889,,Mosaic_20181003_20181016.nc,2,0.0007474918384104967,0.0011788157280534506,0.0010636193910613656,0.00166687264572829,0.001227766857482493,0.001770727219991386,0.0002877204678952694,0.0005302336066961288,0.00017181113071274012,0.0003348893951624632,4.615458965417929e-05,9.301845420850441e-05,4.360381353762932e-05,8.923529094317928e-05,1.7124593796324916e-05,3.5714914702111855e-05,767,767
A04N1,Aysén Norte,2018-10-02,-43.90556,-73.42889,3.0,Mosaic_20181003_20181016.nc,1,0.0007474918384104967,0.0011788157280534506,0.0010636193910613656,0.00166687264572829,0.001227766857482493,0.001770727219991386,0.0002877204678952694,0.0005302336066961288,0.00017181113071274012,0.0003348893951624632,4.615458965417929e-05,9.301845420850441e-05,4.360381353762932e-05,8.923529094317928e-05,1.7124593796324916e-05,3.5714914702111855e-05,767,767
A04N1,Aysén Norte,2018-10-03,-43.90556,-73.42889,,Mosaic_20181003_20181016.nc,0,0.0007474918384104967,0.0011788157280534506,0.0010636193910613656,0.00166687264572829,0.001227766857482493,0.001770727219991386,0.0002877204678952694,0.0005302336066961288,0.00017181113071274012,0.0003348893951624632,4.615458965417929e-05,9.301845420850441e-05,4.360381353762932e-05,8.923529094317928e-05,1.7124593796324916e-05,3.5714914702111855e-05,767,767
A04N1,Aysén Norte,2018-10-06,-43.90556,-73.42889,,Mosaic_20181003_20181016.nc,3,0.0007474918384104967,0.0011788157280534506,0.0010636193910613656,0.00166687264572829,0.001227766857482493,0.001770727219991386,0.0002877204678952694,0.0005302336066961288,0.00017181113071274012,0.0003348893951624632,4.615458965417929e-05,9.301845420850441e-05,4.360381353762932e-05,8.923529094317928e-05,1.7124593796324916e-05,3.5714914702111855e-05,767,767
A04N1,Aysén Norte,2018-10-10,-43.90556,-73.42889,,Mosaic_20181003_20181016.nc,7,0.0007474918384104967,0.0011788157280534506,0.0010636193910613656,0.00166687264572829,0.001227766857482493,0.001770727219991386,0.0002877204678952694,0.0005302336066961288,0.00017181113071274012,0.0003348893951624632,4.615458965417929e-05,9.301845420850441e-05,4.360381353762932e-05,8.923529094317928e-05,1.7124593796324916e-05,3.5714914702111855e-05,767,767
A04N1,Aysén Norte,2018-10-11,-43.90556,-73.42889,1.0,Mosaic_20181018_20181031.nc,7,0.003033892484381795,0.003681243397295475,0.0036179907619953156,0.00444275327026844,0.0020678192377090454,0.0026104487478733063,0.0003139476466458291,0.0004514853935688734,0.00018450318020768464,0.00026770125259645283,5.072331623523496e-05,7.372728578047827e-05,4.765443372889422e-05,6.92141184117645e-05,1.8888331396738067e-05,2.7437567041488364e-05,767,767
A04N1,Aysén Norte,2018-10-23,-43.90556,-73.42889,,Mosaic_20181018_20181031.nc,5,0.003033892484381795,0.003681243397295475,0.0036179907619953156,0.00444275327026844,0.0020678192377090454,0.0026104487478733063,0.0003139476466458291,0.0004514853935688734,0.00018450318020768464,0.00026770125259645283,5.072331623523496e-05,7.372728578047827e-05,4.765443372889422e-05,6.92141184117645e-05,1.8888331396738067e-05,2.7437567041488364e-05,767,767
A04N1,Aysén Norte,2018-10-24,-43.90556,-73.42889,0.0,Mosaic_20181018_20181031.nc,6,0.003033892484381795,0.003681243397295475,0.0036179907619953156,0.00444275327026844,0.0020678192377090454,0.0026104487478733063,0.0003139476466458291,0.0004514853935688734,0.00018450318020768464,0.00026770125259645283,5.072331623523496e-05,7.372728578047827e-05,4.765443372889422e-05,6.92141184117645e-05,1.8888331396738067e-05,2.7437567041488364e-05,767,767
A04N1,Aysén Norte,2018-10-26,-43.90556,-73.42889,,Mosaic_20181018_20181031.nc,8,0.003033892484381795,0.003681243397295475,0.0036179907619953156,0.00444275327026844,0.0020678192377090454,0.0026104487478733063,0.0003139476466458291,0.0004514853935688734,0.00018450318020768464,0.00026770125259645283,5.072331623523496e-05,7.372728578047827e-05,4.765443372889422e-05,6.92141184117645e-05,1.8888331396738067e-05,2.7437567041488364e-05,767,767
A04N1,Aysén Norte,2018-11-01,-43.90556,-73.42889,,Mosaic_20181105_20181118.nc,4,0.001697478350251913,0.002057284815236926,0.002392320893704891,0.002785247517749667,0.002251111902296543,0.004469538573175669,0.00046916966675780714,0.0010352561948820949,0.000280192558420822,0.000738206785172224,7.591754547320306e-05,0.0002288937394041568,7.220508996397257e-05,0.00022596406051889062,2.867226066882722e-05,9.200007480103523e-05,767,753
A04N1,Aysén Norte,2018-11-02,-43.90556,-73.42889,0.0,Mosaic_20181105_20181118.nc,3,0.001697478350251913,0.002057284815236926,0.002392320893704891,0.002785247517749667,0.002251111902296543,0.004469538573175669,0.00046916966675780714,0.0010352561948820949,0.000280192558420822,0.000738206785172224,7.591754547320306e-05,0.0002288937394041568,7.220508996397257e-05,0.00022596406051889062,2.867226066882722e-05,9.200007480103523e-05,767,753
A04N1,Aysén Norte,2018-11-03,-43.90556,-73.42889,,Mosaic_20181105_20181118.nc,2,0.001697478350251913,0.002057284815236926,0.002392320893704891,0.002785247517749667,0.002251111902296543,0.004469538573175669,0.00046916966675780714,0.0010352561948820949,0.000280192558420822,0.000738206785172224,7.591754547320306e-05,0.0002288937394041568,7.220508996397257e-05,0.00022596406051889062,2.867226066882722e-05,9.200007480103523e-05,767,753
A04N1,Aysén Norte,2018-11-08,-43.90556,-73.42889,,Mosaic_20181105_20181118.nc,3,0.001697478350251913,0.002057284815236926,0.002392320893704891,0.002785247517749667,0.002251111902296543,0.004469538573175669,0.00046916966675780714,0.0010352561948820949,0.000280192558420822,0.000738206785172224,7.591754547320306e-05,0.0002288937394041568,7.220508996397257e-05,0.00022596406051889062,2.867226066882722e-05,9.200007480103523e-05,767,753
A04N1,Aysén Norte,2018-11-09,-43.90556,-73.42889,0.0,Mosaic_20181105_20181118.nc,4,0.001697478350251913,0.002057284815236926,0.002392320893704891,0.002785247517749667,0.002251111902296543,0.004469538573175669,0.00046916966675780714,0.0010352561948820949,0.000280192558420822,0.000738206785172224,7.591754547320306e-05,0.0002288937394041568,7.220508996397257e-05,0.00022596406051889062,2.867226066882722e-05,9.200007480103523e-05,767,753
A04N1,Aysén Norte,2018-11-10,-43.90556,-73.42889,,Mosaic_20181105_20181118.nc,5,0.001697478350251913,0.002057284815236926,0.002392320893704891,0.002785247517749667,0.002251111902296543,0.004469538573175669,0.00046916966675780714,0.0010352561948820949,0.000280192558420822,0.000738206785172224,7.591754547320306e-05,0.0002288937394041568,7.220508996397257e-05,0.00022596406051889062,2.867226066882722e-05,9.200007480103523e-05,767,753
A04N1,Aysén Norte,2018-11-23,-43.90556,-73.42889,,Mosaic_20181127_20181210.nc,4,0.0030056319665163755,0.003406643169000745,0.00381698296405375,0.004244609735906124,0.002802862087264657,0.0031422197353094816,0.0005400184309110045,0.0006426086183637381,0.00032514199847355485,0.00038953128387220204,9.018517448566854e-05,0.00010780758748296648,8.550364145776257e-05,0.00010218566603725776,3.413729791645892e-05,4.071160947205499e-05,741,741
A04N1,Aysén Norte,2018-11-24,-43.90556,-73.42889,0.0,Mosaic_20181127_20181210.nc,3,0.0030056319665163755,0.003406643169000745,0.00381698296405375,0.004244609735906124,0.002802862087264657,0.0031422197353094816,0.0005400184309110045,0.0006426086183637381,0.00032514199847355485,0.00038953128387220204,9.018517448566854e-05,0.00010780758748296648,8.550364145776257e-05,0.00010218566603725776,3.413729791645892e-05,4.071160947205499e-05,741,741
A04N1,Aysén Norte,2018-11-26,-43.90556,-73.42889,,Mosaic_20181127_20181210.nc,1,0.0030056319665163755,0.003406643169000745,0.00381698296405375,0.004244609735906124,0.002802862087264657,0.0031422197353094816,0.0005400184309110045,0.0006426086183637381,0.00032514199847355485,0.00038953128387220204,9.018517448566854e-05,0.00010780758748296648,8.550364145776257e-05,0.00010218566603725776,3.413729791645892e-05,4.071160947205499e-05,741,741
A04N1,Aysén Norte,2018-12-04,-43.90556,-73.42889,1.0,Mosaic_20181127_20181210.nc,7,0.0030056319665163755,0.003406643169000745,0.00381698296405375,0.004244609735906124,0.002802862087264657,0.0031422197353094816,0.0005400184309110045,0.0006426086183637381,0.00032514199847355485,0.00038953128387220204,9.018517448566854e-05,0.00010780758748296648,8.550364145776257e-05,0.00010218566603725776,3.413729791645892e-05,4.071160947205499e-05,741,741
A04N1,Aysén Norte,2018-12-05,-43.90556,-73.42889,,Mosaic_20181127_20181210.nc,8,0.0030056319665163755,0.003406643169000745,0.00381698296405375,0.004244609735906124,0.002802862087264657,0.0031422197353094816,0.0005400184309110045,0.0006426086183637381,0.00032514199847355485,0.00038953128387220204,9.018517448566854e-05,0.00010780758748296648,8.550364145776257e-05,0.00010218566603725776,3.413729791645892e-05,4.071160947205499e-05,741,741
A04N1,Aysén Norte,2018-12-07,-43.90556,-73.42889,1.0,Mosaic_20181127_20181210.nc,10,0.0030056319665163755,0.003406643169000745,0.00381698296405375,0.004244609735906124,0.002802862087264657,0.0031422197353094816,0.0005400184309110045,0.0006426086183637381,0.00032514199847355485,0.00038953128387220204,9.018517448566854e-05,0.00010780758748296648,8.550364145776257e-05,0.00010218566603725776,3.413729791645892e-05,4.071160947205499e-05,741,741
A04N1,Aysén Norte,2018-12-08,-43.90556,-73.42889,,Mosaic_20181217_20181230.nc,9,0.001152560580521822,0.0018253140151500702,0.0016292587388306856,0.002470713807269931,0.0021442172583192587,0.0031019845046103,0.0007840590551495552,0.001240157405845821,0.0005018501542508602,0.0008126980974338949,0.0001399177999701351,0.00022969409474171698,0.00013454991858452559,0.00022162243840284646,5.386554403230548e-05,8.883171540219337e-05,767,767
A04N1,Aysén Norte,2018-12-19,-43.90556,-73.42889,,Mosaic_20181217_20181230.nc,2,0.001152560580521822,0.0018253140151500702,0.0016292587388306856,0.002470713807269931,0.0021442172583192587,0.0031019845046103,0.0007840590551495552,0.001240157405845821,0.0005018501542508602,0.0008126980974338949,0.0001399177999701351,0.00022969409474171698,0.00013454991858452559,0.00022162243840284646,5.386554403230548e-05,8.883171540219337e-05,767,767
A04N1,Aysén Norte,2018-12-20,-43.90556,-73.42889,4.0,Mosaic_20181217_20181230.nc,3,0.001152560580521822,0.0018253140151500702,0.0016292587388306856,0.002470713807269931,0.0021442172583192587,0.0031019845046103,0.0007840590551495552,0.001240157405845821,0.0005018501542508602,0.0008126980974338949,0.0001399177999701351,0.00022969409474171698,0.00013454991858452559,0.00022162243840284646,5.386554403230548e-05,8.883171540219337e-05,767,767
A04N1,Aysén Norte,2018-12-22,-43.90556,-73.42889,,Mosaic_20181217_20181230.nc,5,0.001152560580521822,0.0018253140151500702,0.0016292587388306856,0.002470713807269931,0.0021442172583192587,0.0031019845046103,0.0007840590551495552,0.001240157405845821,0.0005018501542508602,0.0008126980974338949,0.0001399177999701351,0.00022969409474171698,0.00013454991858452559,0.00022162243840284646,5.386554403230548e-05,8.883171540219337e-05,767,767
A04N1,Aysén Norte,2019-01-02,-43.90556,-73.42889,,Mosaic_20190109_20190122.nc,7,0.00063720514299348,0.0008848105790093541,0.0009557453449815512,0.0012937167193740606,0.0018874317174777389,0.002360261743888259,0.001058915164321661,0.0013017039746046066,0.0007677110843360424,0.0010119614889845252,0.0002373478637309745,0.00033717654878273606,0.00023520839749835432,0.0003392995859030634,9.678436617832631e-05,0.00014227379870135337,744,744
A04N1,Aysén Norte,2019-01-03,-43.90556,-73.42889,,Mosaic_20190109_20190122.nc,6,0.00063720514299348,0.0008848105790093541,0.0009557453449815512,0.0012937167193740606,0.0018874317174777389,0.002360261743888259,0.001058915164321661,0.0013017039746046066,0.0007677110843360424,0.0010119614889845252,0.0002373478637309745,0.00033717654878273606,0.00023520839749835432,0.0003392995859030634,9.678436617832631e-05,0.00014227379870135337,744,744
A04N1,Aysén Norte,2019-01-04,-43.90556,-73.42889,3.0,Mosaic_20190109_20190122.nc,5,0.00063720514299348,0.0008848105790093541,0.0009557453449815512,0.0012937167193740606,0.0018874317174777389,0.002360261743888259,0.001058915164321661,0.0013017039746046066,0.0007677110843360424,0.0010119614889845252,0.0002373478637309745,0.00033717654878273606,0.00023520839749835432,0.0003392995859030634,9.678436617832631e-05,0.00014227379870135337,744,744
A04N1,Aysén Norte,2019-01-05,-43.90556,-73.42889,,Mosaic_20190109_20190122.nc,4,0.00063720514299348,0.0008848105790093541,0.0009557453449815512,0.0012937167193740606,0.0018874317174777389,0.002360261743888259,0.001058915164321661,0.0013017039746046066,0.0007677110843360424,0.0010119614889845252,0.0002373478637309745,0.00033717654878273606,0.00023520839749835432,0.0003392995859030634,9.678436617832631e-05,0.00014227379870135337,744,744
A04N1,Aysén Norte,2019-01-15,-43.90556,-73.42889,,Mosaic_20190109_20190122.nc,6,0.00063720514299348,0.0008848105790093541,0.0009557453449815512,0.0012937167193740606,0.0018874317174777389,0.002360261743888259,0.001058915164321661,0.0013017039746046066,0.0007677110843360424,0.0010119614889845252,0.0002373478637309745,0.00033717654878273606,0.00023520839749835432,0.0003392995859030634,9.678436617832631e-05,0.00014227379870135337,744,744
A04N1,Aysén Norte,2019-01-17,-43.90556,-73.42889,3.0,Mosaic_20190109_20190122.nc,8,0.00063720514299348,0.0008848105790093541,0.0009557453449815512,0.0012937167193740606,0.0018874317174777389,0.002360261743888259,0.001058915164321661,0.0013017039746046066,0.0007677110843360424,0.0010119614889845252,0.0002373478637309745,0.00033717654878273606,0.00023520839749835432,0.0003392995859030634,9.678436617832631e-05,0.00014227379870135337,744,744
A04N1,Aysén Norte,2019-01-18,-43.90556,-73.42889,,Mosaic_20190126_20190208.nc,8,0.002197710331529379,0.002578563056886196,0.0027762209065258503,0.0031606736592948437,0.0020394145976752043,0.002431808738037944,0.0003826711035799235,0.0005750536220148206,0.00022423299378715456,0.00034846775815822184,6.125883373897523e-05,9.64773862506263e-05,5.734682781621814e-05,9.13078329176642e-05,2.263916212541517e-05,3.6353136238176376e-05,744,744
A04N1,Aysén Norte,2019-01-26,-43.90556,-73.42889,,Mosaic_20190126_20190208.nc,0,0.002197710331529379,0.002578563056886196,0.0027762209065258503,0.0031606736592948437,0.0020394145976752043,0.002431808738037944,0.0003826711035799235,0.0005750536220148206,0.00022423299378715456,0.00034846775815822184,6.125883373897523e-05,9.64773862506263e-05,5.734682781621814e-05,9.13078329176642e-05,2.263916212541517e-05,3.6353136238176376e-05,744,744
A04N1,Aysén Norte,2019-01-27,-43.90556,-73.42889,4.0,Mosaic_20190126_20190208.nc,1,0.002197710331529379,0.002578563056886196,0.0027762209065258503,0.0031606736592948437,0.0020394145976752043,0.002431808738037944,0.0003826711035799235,0.0005750536220148206,0.00022423299378715456,0.00034846775815822184,6.125883373897523e-05,9.64773862506263e-05,5.734682781621814e-05,9.13078329176642e-05,2.263916212541517e-05,3.6353136238176376e-05,744,744
A04N1,Aysén Norte,2019-01-29,-43.90556,-73.42889,,Mosaic_20190126_20190208.nc,3,0.002197710331529379,0.002578563056886196,0.0027762209065258503,0.0031606736592948437,0.0020394145976752043,0.002431808738037944,0.0003826711035799235,0.0005750536220148206,0.00022423299378715456,0.00034846775815822184,6.125883373897523e-05,9.64773862506263e-05,5.734682781621814e-05,9.13078329176642e-05,2.263916212541517e-05,3.6353136238176376e-05,744,744
A04N1,Aysén Norte,2019-01-30,-43.90556,-73.42889,,Mosaic_20190126_20190208.nc,4,0.002197710331529379,0.002578563056886196,0.0027762209065258503,0.0031606736592948437,0.0020394145976752043,0.002431808738037944,0.0003826711035799235,0.0005750536220148206,0.00022423299378715456,0.00034846775815822184,6.125883373897523e-05,9.64773862506263e-05,5.734682781621814e-05,9.13078329176642e-05,2.263916212541517e-05,3.6353136238176376e-05,744,744
A04N1,Aysén Norte,2019-02-04,-43.90556,-73.42889,,Mosaic_20190126_20190208.nc,9,0.002197710331529379,0.002578563056886196,0.0027762209065258503,0.0031606736592948437,0.0020394145976752043,0.002431808738037944,0.0003826711035799235,0.0005750536220148206,0.00022423299378715456,0.00034846775815822184,6.125883373897523e-05,9.64773862506263e-05,5.734682781621814e-05,9.13078329176642e-05,2.263916212541517e-05,3.6353136238176376e-05,744,744
A04N1,Aysén Norte,2019-02-05,-43.90556,-73.42889,1.0,Mosaic_20190126_20190208.nc,10,0.002197710331529379,0.002578563056886196,0.0027762209065258503,0.0031606736592948437,0.0020394145976752043,0.002431808738037944,0.0003826711035799235,0.0005750536220148206,0.00022423299378715456,0.00034846775815822184,6.125883373897523e-05,9.64773862506263e-05,5.734682781621814e-05,9.13078329176642e-05,2.263916212541517e-05,3.6353136238176376e-05,744,744
A04N1,Aysén Norte,2019-02-06,-43.90556,-73.42889,,Mosaic_20190215_20190228.nc,9,0.0022298209369182587,0.0026936414651572704,0.002948745386675,0.003546598833054304,0.0024687061086297035,0.0032473760657012463,0.0005572335794568062,0.0009059674339368939,0.0003366128948982805,0.0005678444867953658,9.278563811676577e-05,0.00015739673108328134,8.79999715834856e-05,0.00015070529479999095,3.502589970594272e-05,6.010203651385382e-05,767,767
A04N1,Aysén Norte,2019-02-07,-43.90556,-73.42889,,Mosaic_20190215_20190228.nc,8,0.0022298209369182587,0.0026936414651572704,0.002948745386675,0.003546598833054304,0.0024687061086297035,0.0032473760657012463,0.0005572335794568062,0.0009059674339368939,0.0003366128948982805,0.0005678444867953658,9.278563811676577e-05,0.00015739673108328134,8.79999715834856e-05,0.00015070529479999095,3.502589970594272e-05,6.010203651385382e-05,767,767
A04N1,Aysén Norte,2019-02-08,-43.90556,-73.42889,0.0,Mosaic_20190215_20190228.nc,7,0.0022298209369182587,0.0026936414651572704,0.002948745386675,0.003546598833054304,0.0024687061086297035,0.0032473760657012463,0.0005572335794568062,0.0009059674339368939,0.0003366128948982805,0.0005678444867953658,9.278563811676577e-05,0.00015739673108328134,8.79999715834856e-05,0.00015070529479999095,3.502589970594272e-05,6.010203651385382e-05,767,767
A04N1,Aysén Norte,2019-02-09,-43.90556,-73.42889,,Mosaic_20190215_20190228.nc,6,0.0022298209369182587,0.0026936414651572704,0.002948745386675,0.003546598833054304,0.0024687061086297035,0.0032473760657012463,0.0005572335794568062,0.0009059674339368939,0.0003366128948982805,0.0005678444867953658,9.278563811676577e-05,0.00015739673108328134,8.79999715834856e-05,0.00015070529479999095,3.502589970594272e-05,6.010203651385382e-05,767,767
A04N1,Aysén Norte,2019-02-19,-43.90556,-73.42889,,Mosaic_20190215_20190228.nc,4,0.0022298209369182587,0.0026936414651572704,0.002948745386675,0.003546598833054304,0.0024687061086297035,0.0032473760657012463,0.0005572335794568062,0.0009059674339368939,0.0003366128948982805,0.0005678444867953658,9.278563811676577e-05,0.00015739673108328134,8.79999715834856e-05,0.00015070529479999095,3.502589970594272e-05,6.010203651385382e-05,767,767
A04N1,Aysén Norte,2019-02-20,-43.90556,-73.42889,3.0,Mosaic_20190215_20190228.nc,5,0.0022298209369182587,0.0026936414651572704,0.002948745386675,0.003546598833054304,0.0024687061086297035,0.0032473760657012463,0.0005572335794568062,0.0009059674339368939,0.0003366128948982805,0.0005678444867953658,9.278563811676577e-05,0.00015739673108328134,8.79999715834856e-05,0.00015070529479999095,3.502589970594272e-05,6.010203651385382e-05,767,767
A04N1,Aysén Norte,2019-02-22,-43.90556,-73.42889,,Mosaic_20190215_20190228.nc,7,0.0022298209369182587,0.0026936414651572704,0.002948745386675,0.003546598833054304,0.0024687061086297035,0.0032473760657012463,0.0005572335794568062,0.0009059674339368939,0.0003366128948982805,0.0005678444867953658,9.278563811676577e-05,0.00015739673108328134,8.79999715834856e-05,0.00015070529479999095,3.502589970594272e-05,6.010203651385382e-05,767,767
A04N1,Aysén Norte,2019-02-26,-43.90556,-73.42889,,Mosaic_20190307_20190320.nc,9,0.003414750099182129,0.00557504640892148,0.004592285491526127,0.005738881882280111,0.0048597450368106365,0.007830020040273666,0.0013816992286592722,0.004859959706664085,0.000876938458532095,0.004322323948144913,0.00024119879526551813,0.001559085096232593,0.0002316269528819248,0.0015820953994989395,9.18860750971362e-05,0.0006442769663408399,744,744
A04N1,Aysén Norte,2019-02-27,-43.90556,-73.42889,1.0,Mosaic_20190307_20190320.nc,8,0.003414750099182129,0.00557504640892148,0.004592285491526127,0.005738881882280111,0.0048597450368106365,0.007830020040273666,0.0013816992286592722,0.004859959706664085,0.000876938458532095,0.004322323948144913,0.00024119879526551813,0.001559085096232593,0.0002316269528819248,0.0015820953994989395,9.18860750971362e-05,0.0006442769663408399,744,744
A04N1,Aysén Norte,2019-02-28,-43.90556,-73.42889,,Mosaic_20190307_20190320.nc,7,0.003414750099182129,0.00557504640892148,0.004592285491526127,0.005738881882280111,0.0048597450368106365,0.007830020040273666,0.0013816992286592722,0.004859959706664085,0.000876938458532095,0.004322323948144913,0.00024119879526551813,0.001559085096232593,0.0002316269528819248,0.0015820953994989395,9.18860750971362e-05,0.0006442769663408399,744,744
A04N1,Aysén Norte,2019-03-18,-43.90556,-73.42889,,Mosaic_20190327_20190409.nc,9,0.002286636270582676,0.00343788112513721,0.0030869317706674337,0.004032492637634277,0.0036350744776427746,0.004731666296720505,0.0010981113882735372,0.0015783479902893305,0.0006953916745260358,0.0010225141886621714,0.0001886365353129804,0.00027699736529029906,0.0001818808086682111,0.00026676247944124043,7.230782648548484e-05,0.00010543621465330943,741,741
A04N1,Aysén Norte,2019-03-19,-43.90556,-73.42889,,Mosaic_20190327_20190409.nc,8,0.002286636270582676,0.00343788112513721,0.0030869317706674337,0.004032492637634277,0.0036350744776427746,0.004731666296720505,0.0010981113882735372,0.0015783479902893305,0.0006953916745260358,0.0010225141886621714,0.0001886365353129804,0.00027699736529029906,0.0001818808086682111,0.00026676247944124043,7.230782648548484e-05,0.00010543621465330943,741,741
A04N1,Aysén Norte,2019-03-20,-43.90556,-73.42889,2.0,Mosaic_20190327_20190409.nc,7,0.002286636270582676,0.00343788112513721,0.0030869317706674337,0.004032492637634277,0.0036350744776427746,0.004731666296720505,0.0010981113882735372,0.0015783479902893305,0.0006953916745260358,0.0010225141886621714,0.0001886365353129804,0.00027699736529029906,0.0001818808086682111,0.00026676247944124043,7.230782648548484e-05,0.00010543621465330943,741,741
A04N1,Aysén Norte,2019-03-21,-43.90556,-73.42889,,Mosaic_20190327_20190409.nc,6,0.002286636270582676,0.00343788112513721,0.0030869317706674337,0.004032492637634277,0.0036350744776427746,0.004731666296720505,0.0010981113882735372,0.0015783479902893305,0.0006953916745260358,0.0010225141886621714,0.0001886365353129804,0.00027699736529029906,0.0001818808086682111,0.00026676247944124043,7.230782648548484e-05,0.00010543621465330943,741,741
A04N1,Aysén Norte,2019-03-29,-43.90556,-73.42889,,Mosaic_20190327_20190409.nc,2,0.002286636270582676,0.00343788112513721,0.0030869317706674337,0.004032492637634277,0.0036350744776427746,0.004731666296720505,0.0010981113882735372,0.0015783479902893305,0.0006953916745260358,0.0010225141886621714,0.0001886365353129804,0.00027699736529029906,0.0001818808086682111,0.00026676247944124043,7.230782648548484e-05,0.00010543621465330943,741,741
A04N1,Aysén Norte,2019-03-30,-43.90556,-73.42889,3.0,Mosaic_20190327_20190409.nc,3,0.002286636270582676,0.00343788112513721,0.0030869317706674337,0.004032492637634277,0.0036350744776427746,0.004731666296720505,0.0010981113882735372,0.0015783479902893305,0.0006953916745260358,0.0010225141886621714,0.0001886365353129804,0.00027699736529029906,0.0001818808086682111,0.00026676247944124043,7.230782648548484e-05,0.00010543621465330943,741,741
A04N1,Aysén Norte,2019-03-31,-43.90556,-73.42889,,Mosaic_20190327_20190409.nc,4,0.002286636270582676,0.00343788112513721,0.0030869317706674337,0.004032492637634277,0.0036350744776427746,0.004731666296720505,0.0010981113882735372,0.0015783479902893305,0.0006953916745260358,0.0010225141886621714,0.0001886365353129804,0.00027699736529029906,0.0001818808086682111,0.00026676247944124043,7.230782648548484e-05,0.00010543621465330943,741,741
A04N1,Aysén Norte,2019-04-02,-43.90556,-73.42889,,Mosaic_20190327_20190409.nc,6,0.002286636270582676,0.00343788112513721,0.0030869317706674337,0.004032492637634277,0.0036350744776427746,0.004731666296720505,0.0010981113882735372,0.0015783479902893305,0.0006953916745260358,0.0010225141886621714,0.0001886365353129804,0.00027699736529029906,0.0001818808086682111,0.00026676247944124043,7.230782648548484e-05,0.00010543621465330943,741,741
A04N1,Aysén Norte,2019-04-09,-43.90556,-73.42889,,Mosaic_20190419_20190502.nc,10,0.001191095681861043,0.0055240001529455185,0.0017849757568910718,0.00831556599587202,0.0017904273699969053,0.011477493681013584,0.0008086920133791864,0.004637973848730326,0.0005832682363688946,0.0042727235704660416,0.00017504698189441115,0.0016938766930252314,0.00017054892668966204,0.0017465339042246342,6.862299051135778e-05,0.000727849779650569,767,767
A04N1,Aysén Norte,2019-04-10,-43.90556,-73.42889,0.0,Mosaic_20190419_20190502.nc,9,0.001191095681861043,0.0055240001529455185,0.0017849757568910718,0.00831556599587202,0.0017904273699969053,0.011477493681013584,0.0008086920133791864,0.004637973848730326,0.0005832682363688946,0.0042727235704660416,0.00017504698189441115,0.0016938766930252314,0.00017054892668966204,0.0017465339042246342,6.862299051135778e-05,0.000727849779650569,767,767
A04N1,Aysén Norte,2019-04-11,-43.90556,-73.42889,,Mosaic_20190419_20190502.nc,8,0.001191095681861043,0.0055240001529455185,0.0017849757568910718,0.00831556599587202,0.0017904273699969053,0.011477493681013584,0.0008086920133791864,0.004637973848730326,0.0005832682363688946,0.0042727235704660416,0.00017504698189441115,0.0016938766930252314,0.00017054892668966204,0.0017465339042246342,6.862299051135778e-05,0.000727849779650569,767,767
A04N1,Aysén Norte,2019-04-16,-43.90556,-73.42889,,Mosaic_20190419_20190502.nc,3,0.001191095681861043,0.0055240001529455185,0.0017849757568910718,0.00831556599587202,0.0017904273699969053,0.011477493681013584,0.0008086920133791864,0.004637973848730326,0.0005832682363688946,0.0042727235704660416,0.00017504698189441115,0.0016938766930252314,0.00017054892668966204,0.0017465339042246342,6.862299051135778e-05,0.000727849779650569,767,767
A04N1,Aysén Norte,2019-04-17,-43.90556,-73.42889,1.0,Mosaic_20190419_20190502.nc,2,0.001191095681861043,0.0055240001529455185,0.0017849757568910718,0.00831556599587202,0.0017904273699969053,0.011477493681013584,0.0008086920133791864,0.004637973848730326,0.0005832682363688946,0.0042727235704660416,0.00017504698189441115,0.0016938766930252314,0.00017054892668966204,0.0017465339042246342,6.862299051135778e-05,0.000727849779650569,767,767
A04N1,Aysén Norte,2019-04-18,-43.90556,-73.42889,,Mosaic_20190419_20190502.nc,1,0.001191095681861043,0.0055240001529455185,0.0017849757568910718,0.00831556599587202,0.0017904273699969053,0.011477493681013584,0.0008086920133791864,0.004637973848730326,0.0005832682363688946,0.0042727235704660416,0.00017504698189441115,0.0016938766930252314,0.00017054892668966204,0.0017465339042246342,6.862299051135778e-05,0.000727849779650569,767,767
A04N1,Aysén Norte,2019-04-26,-43.90556,-73.42889,,Mosaic_20190419_20190502.nc,7,0.001191095681861043,0.0055240001529455185,0.0017849757568910718,0.00831556599587202,0.0017904273699969053,0.011477493681013584,0.0008086920133791864,0.004637973848730326,0.0005832682363688946,0.0042727235704660416,0.00017504698189441115,0.0016938766930252314,0.00017054892668966204,0.0017465339042246342,6.862299051135778e-05,0.000727849779650569,767,767
A04N1,Aysén Norte,2019-04-28,-43.90556,-73.42889,1.0,Mosaic_20190506_20190519.nc,8,0.004374322947114706,0.005576001945883036,0.005336972884833813,0.0064908904023468494,0.0035132626071572304,0.004862891975790262,0.0006177838076837361,0.0009726689895614982,0.00036652543349191546,0.0005857536452822387,0.00010108584683621302,0.00015977695875335485,9.479773871134967e-05,0.00015135457215365022,3.7591067666653544e-05,5.9986756241414696e-05,767,767
A04N1,Aysén Norte,2019-05-01,-43.90556,-73.42889,,Mosaic_20190506_20190519.nc,5,0.004374322947114706,0.005576001945883036,0.005336972884833813,0.0064908904023468494,0.0035132626071572304,0.004862891975790262,0.0006177838076837361,0.0009726689895614982,0.00036652543349191546,0.0005857536452822387,0.00010108584683621302,0.00015977695875335485,9.479773871134967e-05,0.00015135457215365022,3.7591067666653544e-05,5.9986756241414696e-05,767,767
A04N1,Aysén Norte,2019-05-07,-43.90556,-73.42889,,Mosaic_20190506_20190519.nc,1,0.004374322947114706,0.005576001945883036,0.005336972884833813,0.0064908904023468494,0.0035132626071572304,0.004862891975790262,0.0006177838076837361,0.0009726689895614982,0.00036652543349191546,0.0005857536452822387,0.00010108584683621302,0.00015977695875335485,9.479773871134967e-05,0.00015135457215365022,3.7591067666653544e-05,5.9986756241414696e-05,767,767
A04N1,Aysén Norte,2019-05-08,-43.90556,-73.42889,0.0,Mosaic_20190506_20190519.nc,2,0.004374322947114706,0.005576001945883036,0.005336972884833813,0.0064908904023468494,0.0035132626071572304,0.004862891975790262,0.0006177838076837361,0.0009726689895614982,0.00036652543349191546,0.0005857536452822387,0.00010108584683621302,0.00015977695875335485,9.479773871134967e-05,0.00015135457215365022,3.7591067666653544e-05,5.9986756241414696e-05,767,767
A04N1,Aysén Norte,2019-05-09,-43.90556,-73.42889,,Mosaic_20190506_20190519.nc,3,0.004374322947114706,0.005576001945883036,0.005336972884833813,0.0064908904023468494,0.0035132626071572304,0.004862891975790262,0.0006177838076837361,0.0009726689895614982,0.00036652543349191546,0.0005857536452822387,0.00010108584683621302,0.00015977695875335485,9.479773871134967e-05,0.00015135457215365022,3.7591067666653544e-05,5.9986756241414696e-05,767,767
A04N1,Aysén Norte,2019-05-23,-43.90556,-73.42889,,Mosaic_20190529_20190611.nc,6,0.0013567311689257622,0.0074427383951842785,0.0015452909283339977,0.009420297108590603,0.0010511500295251608,0.015172985382378101,0.00022691304911859334,0.0063364277593791485,0.00013770181976724416,0.004691366106271744,3.884556645061821e-05,0.0013868272071704268,3.667636337922886e-05,0.0013651787303388119,1.4440764061873779e-05,0.0005310189444571733,744,744
A04N1,Aysén Norte,2019-05-25,-43.90556,-73.42889,0.0,Mosaic_20190529_20190611.nc,4,0.0013567311689257622,0.0074427383951842785,0.0015452909283339977,0.009420297108590603,0.0010511500295251608,0.015172985382378101,0.00022691304911859334,0.0063364277593791485,0.00013770181976724416,0.004691366106271744,3.884556645061821e-05,0.0013868272071704268,3.667636337922886e-05,0.0013651787303388119,1.4440764061873779e-05,0.0005310189444571733,744,744
A04N1,Aysén Norte,2019-05-26,-43.90556,-73.42889,,Mosaic_20190529_20190611.nc,3,0.0013567311689257622,0.0074427383951842785,0.0015452909283339977,0.009420297108590603,0.0010511500295251608,0.015172985382378101,0.00022691304911859334,0.0063364277593791485,0.00013770181976724416,0.004691366106271744,3.884556645061821e-05,0.0013868272071704268,3.667636337922886e-05,0.0013651787303388119,1.4440764061873779e-05,0.0005310189444571733,744,744
A04N1,Aysén Norte,2019-05-28,-43.90556,-73.42889,,Mosaic_20190529_20190611.nc,1,0.0013567311689257622,0.0074427383951842785,0.0015452909283339977,0.009420297108590603,0.0010511500295251608,0.015172985382378101,0.00022691304911859334,0.0063364277593791485,0.00013770181976724416,0.004691366106271744,3.884556645061821e-05,0.0013868272071704268,3.667636337922886e-05,0.0013651787303388119,1.4440764061873779e-05,0.0005310189444571733,744,744
A04N1,Aysén Norte,2019-05-29,-43.90556,-73.42889,0.0,Mosaic_20190529_20190611.nc,0,0.0013567311689257622,0.0074427383951842785,0.0015452909283339977,0.009420297108590603,0.0010511500295251608,0.015172985382378101,0.00022691304911859334,0.0063364277593791485,0.00013770181976724416,0.004691366106271744,3.884556645061821e-05,0.0013868272071704268,3.667636337922886e-05,0.0013651787303388119,1.4440764061873779e-05,0.0005310189444571733,744,744
A04N1,Aysén Norte,2019-05-30,-43.90556,-73.42889,,Mosaic_20190529_20190611.nc,1,0.0013567311689257622,0.0074427383951842785,0.0015452909283339977,0.009420297108590603,0.0010511500295251608,0.015172985382378101,0.00022691304911859334,0.0063364277593791485,0.00013770181976724416,0.004691366106271744,3.884556645061821e-05,0.0013868272071704268,3.667636337922886e-05,0.0013651787303388119,1.4440764061873779e-05,0.0005310189444571733,744,744
A04N1,Aysén Norte,2019-06-02,-43.90556,-73.42889,,Mosaic_20190529_20190611.nc,4,0.0013567311689257622,0.0074427383951842785,0.0015452909283339977,0.009420297108590603,0.0010511500295251608,0.015172985382378101,0.00022691304911859334,0.0063364277593791485,0.00013770181976724416,0.004691366106271744,3.884556645061821e-05,0.0013868272071704268,3.667636337922886e-05,0.0013651787303388119,1.4440764061873779e-05,0.0005310189444571733,744,744
A04N1,Aysén Norte,2019-06-13,-43.90556,-73.42889,,Mosaic_20190615_20190628.nc,2,0.003439344698563218,0.005019380711019039,0.0035107103176414967,0.00553103256970644,0.0015866000903770328,0.003052463987842202,0.00022072189312893897,0.0005349015700630844,0.00012275455810595304,0.0003112749836873263,3.303612902527675e-05,8.506712765665725e-05,2.9727323635597713e-05,7.8984783613123e-05,1.1394073226256296e-05,3.244833351345733e-05,767,767
A04N1,Aysén Norte,2019-06-14,-43.90556,-73.42889,0.0,Mosaic_20190615_20190628.nc,1,0.003439344698563218,0.005019380711019039,0.0035107103176414967,0.00553103256970644,0.0015866000903770328,0.003052463987842202,0.00022072189312893897,0.0005349015700630844,0.00012275455810595304,0.0003112749836873263,3.303612902527675e-05,8.506712765665725e-05,2.9727323635597713e-05,7.8984783613123e-05,1.1394073226256296e-05,3.244833351345733e-05,767,767
A04N1,Aysén Norte,2019-06-15,-43.90556,-73.42889,,Mosaic_20190615_20190628.nc,0,0.003439344698563218,0.005019380711019039,0.0035107103176414967,0.00553103256970644,0.0015866000903770328,0.003052463987842202,0.00022072189312893897,0.0005349015700630844,0.00012275455810595304,0.0003112749836873263,3.303612902527675e-05,8.506712765665725e-05,2.9727323635597713e-05,7.8984783613123e-05,1.1394073226256296e-05,3.244833351345733e-05,767,767
A04N1,Aysén Norte,2019-06-19,-43.90556,-73.42889,,Mosaic_20190615_20190628.nc,4,0.003439344698563218,0.005019380711019039,0.0035107103176414967,0.00553103256970644,0.0015866000903770328,0.003052463987842202,0.00022072189312893897,0.0005349015700630844,0.00012275455810595304,0.0003112749836873263,3.303612902527675e-05,8.506712765665725e-05,2.9727323635597713e-05,7.8984783613123e-05,1.1394073226256296e-05,3.244833351345733e-05,767,767
A04N1,Aysén Norte,2019-06-20,-43.90556,-73.42889,,Mosaic_20190615_20190628.nc,5,0.003439344698563218,0.005019380711019039,0.0035107103176414967,0.00553103256970644,0.0015866000903770328,0.003052463987842202,0.00022072189312893897,0.0005349015700630844,0.00012275455810595304,0.0003112749836873263,3.303612902527675e-05,8.506712765665725e-05,2.9727323635597713e-05,7.8984783613123e-05,1.1394073226256296e-05,3.244833351345733e-05,767,767
A04N1,Aysén Norte,2019-08-06,-43.90556,-73.42889,,Mosaic_20190804_20190817.nc,2,0.0016471189446747303,0.003247902961447835,0.0018171144183725119,0.003929357044398785,0.0010356478160247207,0.0029090382158756256,0.0001788920781109482,0.0010125276166945696,0.00010270634084008634,0.0006866969633847475,2.8085330995963886e-05,0.00019538063497748226,2.5915967853507027e-05,0.00019003087072633207,1.0033516446128488e-05,7.590929453726858e-05,741,741
A04N1,Aysén Norte,2019-08-07,-43.90556,-73.42889,1.0,Mosaic_20190804_20190817.nc,3,0.0016471189446747303,0.003247902961447835,0.0018171144183725119,0.003929357044398785,0.0010356478160247207,0.0029090382158756256,0.0001788920781109482,0.0010125276166945696,0.00010270634084008634,0.0006866969633847475,2.8085330995963886e-05,0.00019538063497748226,2.5915967853507027e-05,0.00019003087072633207,1.0033516446128488e-05,7.590929453726858e-05,741,741
A04N1,Aysén Norte,2019-08-08,-43.90556,-73.42889,,Mosaic_20190804_20190817.nc,4,0.0016471189446747303,0.003247902961447835,0.0018171144183725119,0.003929357044398785,0.0010356478160247207,0.0029090382158756256,0.0001788920781109482,0.0010125276166945696,0.00010270634084008634,0.0006866969633847475,2.8085330995963886e-05,0.00019538063497748226,2.5915967853507027e-05,0.00019003087072633207,1.0033516446128488e-05,7.590929453726858e-05,741,741
A04N1,Aysén Norte,2019-08-23,-43.90556,-73.42889,,Mosaic_20190903_20190916.nc,11,0.003533628536388278,0.004889308474957943,0.004003487061709166,0.005556755233556032,0.0021350362803786993,0.0032711615785956383,0.0003248009306844324,0.000583590823225677,0.00018904436728917062,0.00034826042247004807,5.250662434264086e-05,9.605937520973384e-05,4.873133002547547e-05,9.008156484924257e-05,1.920128306664992e-05,3.567685416783206e-05,767,767
A04N1,Aysén Norte,2019-08-24,-43.90556,-73.42889,,Mosaic_20190903_20190916.nc,10,0.003533628536388278,0.004889308474957943,0.004003487061709166,0.005556755233556032,0.0021350362803786993,0.0032711615785956383,0.0003248009306844324,0.000583590823225677,0.00018904436728917062,0.00034826042247004807,5.250662434264086e-05,9.605937520973384e-05,4.873133002547547e-05,9.008156484924257e-05,1.920128306664992e-05,3.567685416783206e-05,767,767
A04N1,Aysén Norte,2019-09-09,-43.90556,-73.42889,,Mosaic_20190903_20190916.nc,6,0.003533628536388278,0.004889308474957943,0.004003487061709166,0.005556755233556032,0.0021350362803786993,0.0032711615785956383,0.0003248009306844324,0.000583590823225677,0.00018904436728917062,0.00034826042247004807,5.250662434264086e-05,9.605937520973384e-05,4.873133002547547e-05,9.008156484924257e-05,1.920128306664992e-05,3.567685416783206e-05,767,767
A04N1,Aysén Norte,2019-09-10,-43.90556,-73.42889,0.0,Mosaic_20190903_20190916.nc,7,0.003533628536388278,0.004889308474957943,0.004003487061709166,0.005556755233556032,0.0021350362803786993,0.0032711615785956383,0.0003248009306844324,0.000583590823225677,0.00018904436728917062,0.00034826042247004807,5.250662434264086e-05,9.605937520973384e-05,4.873133002547547e-05,9.008156484924257e-05,1.920128306664992e-05,3.567685416783206e-05,767,767
A04N1,Aysén Norte,2019-09-11,-43.90556,-73.42889,,Mosaic_20190903_20190916.nc,8,0.003533628536388278,0.004889308474957943,0.004003487061709166,0.005556755233556032,0.0021350362803786993,0.0032711615785956383,0.0003248009306844324,0.000583590823225677,0.00018904436728917062,0.00034826042247004807,5.250662434264086e-05,9.605937520973384e-05,4.873133002547547e-05,9.008156484924257e-05,1.920128306664992e-05,3.567685416783206e-05,767,767
A04N1,Aysén Norte,2019-09-23,-43.90556,-73.42889,,Mosaic_20190926_20191009.nc,3,0.0007288084016181529,0.0010467965621501207,0.0010353532852604985,0.0014719970058649778,0.0010702172294259071,0.002004700480028987,0.0002389163855696097,0.0007172643672674894,0.0001403577480232343,0.0005375072360038757,3.7587276892736554e-05,0.00017891677271109074,3.551258487277664e-05,0.00017901070532388985,1.3895793017582037e-05,7.517801714129746e-05,741,741
A04N1,Aysén Norte,2019-09-24,-43.90556,-73.42889,,Mosaic_20190926_20191009.nc,2,0.0007288084016181529,0.0010467965621501207,0.0010353532852604985,0.0014719970058649778,0.0010702172294259071,0.002004700480028987,0.0002389163855696097,0.0007172643672674894,0.0001403577480232343,0.0005375072360038757,3.7587276892736554e-05,0.00017891677271109074,3.551258487277664e-05,0.00017901070532388985,1.3895793017582037e-05,7.517801714129746e-05,741,741
A04N1,Aysén Norte,2019-09-25,-43.90556,-73.42889,2.0,Mosaic_20190926_20191009.nc,1,0.0007288084016181529,0.0010467965621501207,0.0010353532852604985,0.0014719970058649778,0.0010702172294259071,0.002004700480028987,0.0002389163855696097,0.0007172643672674894,0.0001403577480232343,0.0005375072360038757,3.7587276892736554e-05,0.00017891677271109074,3.551258487277664e-05,0.00017901070532388985,1.3895793017582037e-05,7.517801714129746e-05,741,741
A04N1,Aysén Norte,2019-09-27,-43.90556,-73.42889,,Mosaic_20190926_20191009.nc,1,0.0007288084016181529,0.0010467965621501207,0.0010353532852604985,0.0014719970058649778,0.0010702172294259071,0.002004700480028987,0.0002389163855696097,0.0007172643672674894,0.0001403577480232343,0.0005375072360038757,3.7587276892736554e-05,0.00017891677271109074,3.551258487277664e-05,0.00017901070532388985,1.3895793017582037e-05,7.517801714129746e-05,741,741
A04N1,Aysén Norte,2019-10-07,-43.90556,-73.42889,,Mosaic_20191013_20191026.nc,6,0.002353303600102663,0.0029476655181497335,0.0023803061340004206,0.0032942676916718483,0.0010589167941361666,0.001927167410030961,0.0001372023980366066,0.000290023279376328,7.570176239823923e-05,0.000167069083545357,1.9796025299001485e-05,4.534239633358084e-05,1.7863370885606855e-05,4.17397495766636e-05,6.728884272888536e-06,1.628277459531091e-05,767,767
A04N1,Aysén Norte,2019-10-08,-43.90556,-73.42889,0.0,Mosaic_20191013_20191026.nc,5,0.002353303600102663,0.0029476655181497335,0.0023803061340004206,0.0032942676916718483,0.0010589167941361666,0.001927167410030961,0.0001372023980366066,0.000290023279376328,7.570176239823923e-05,0.000167069083545357,1.9796025299001485e-05,4.534239633358084e-05,1.7863370885606855e-05,4.17397495766636e-05,6.728884272888536e-06,1.628277459531091e-05,767,767
A04N1,Aysén Norte,2019-10-09,-43.90556,-73.42889,,Mosaic_20191013_20191026.nc,4,0.002353303600102663,0.0029476655181497335,0.0023803061340004206,0.0032942676916718483,0.0010589167941361666,0.001927167410030961,0.0001372023980366066,0.000290023279376328,7.570176239823923e-05,0.000167069083545357,1.9796025299001485e-05,4.534239633358084e-05,1.7863370885606855e-05,4.17397495766636e-05,6.728884272888536e-06,1.628277459531091e-05,767,767
A04N1,Aysén Norte,2019-10-17,-43.90556,-73.42889,,Mosaic_20191013_20191026.nc,4,0.002353303600102663,0.0029476655181497335,0.0023803061340004206,0.0032942676916718483,0.0010589167941361666,0.001927167410030961,0.0001372023980366066,0.000290023279376328,7.570176239823923e-05,0.000167069083545357,1.9796025299001485e-05,4.534239633358084e-05,1.7863370885606855e-05,4.17397495766636e-05,6.728884272888536e-06,1.628277459531091e-05,767,767
A04N1,Aysén Norte,2019-10-18,-43.90556,-73.42889,1.0,Mosaic_20191013_20191026.nc,5,0.002353303600102663,0.0029476655181497335,0.0023803061340004206,0.0032942676916718483,0.0010589167941361666,0.001927167410030961,0.0001372023980366066,0.000290023279376328,7.570176239823923e-05,0.000167069083545357,1.9796025299001485e-05,4.534239633358084e-05,1.7863370885606855e-05,4.17397495766636e-05,6.728884272888536e-06,1.628277459531091e-05,767,767
A04N1,Aysén Norte,2019-11-12,-43.90556,-73.42889,,Mosaic_20191115_20191128.nc,3,0.0021194410510361195,0.0029700722079724073,0.002934140618890524,0.0037990575656294823,0.002952956361696124,0.00398104265332222,0.0007222223794087768,0.0012148418463766575,0.0004432744171936065,0.0007744317408651114,0.00012171609705546871,0.0002142160665243864,0.00011606654152274132,0.00020563366706483066,4.626461668522097e-05,8.190613880287856e-05,767,767
A04N1,Aysén Norte,2019-11-13,-43.90556,-73.42889,2.0,Mosaic_20191115_20191128.nc,2,0.0021194410510361195,0.0029700722079724073,0.002934140618890524,0.0037990575656294823,0.002952956361696124,0.00398104265332222,0.0007222223794087768,0.0012148418463766575,0.0004432744171936065,0.0007744317408651114,0.00012171609705546871,0.0002142160665243864,0.00011606654152274132,0.00020563366706483066,4.626461668522097e-05,8.190613880287856e-05,767,767
A04N1,Aysén Norte,2019-11-15,-43.90556,-73.42889,,Mosaic_20191115_20191128.nc,0,0.0021194410510361195,0.0029700722079724073,0.002934140618890524,0.0037990575656294823,0.002952956361696124,0.00398104265332222,0.0007222223794087768,0.0012148418463766575,0.0004432744171936065,0.0007744317408651114,0.00012171609705546871,0.0002142160665243864,0.00011606654152274132,0.00020563366706483066,4.626461668522097e-05,8.190613880287856e-05,767,767
A04N1,Aysén Norte,2019-11-22,-43.90556,-73.42889,0.0,Mosaic_20191115_20191128.nc,7,0.0021194410510361195,0.0029700722079724073,0.002934140618890524,0.0037990575656294823,0.002952956361696124,0.00398104265332222,0.0007222223794087768,0.0012148418463766575,0.0004432744171936065,0.0007744317408651114,0.00012171609705546871,0.0002142160665243864,0.00011606654152274132,0.00020563366706483066,4.626461668522097e-05,8.190613880287856e-05,767,767
A04N1,Aysén Norte,2019-11-23,-43.90556,-73.42889,,Mosaic_20191115_20191128.nc,8,0.0021194410510361195,0.0029700722079724073,0.002934140618890524,0.0037990575656294823,0.002952956361696124,0.00398104265332222,0.0007222223794087768,0.0012148418463766575,0.0004432744171936065,0.0007744317408651114,0.00012171609705546871,0.0002142160665243864,0.00011606654152274132,0.00020563366706483066,4.626461668522097e-05,8.190613880287856e-05,767,767
A04N1,Aysén Norte,2019-11-24,-43.90556,-73.42889,,Mosaic_20191115_20191128.nc,9,0.0021194410510361195,0.0029700722079724073,0.002934140618890524,0.0037990575656294823,0.002952956361696124,0.00398104265332222,0.0007222223794087768,0.0012148418463766575,0.0004432744171936065,0.0007744317408651114,0.00012171609705546871,0.0002142160665243864,0.00011606654152274132,0.00020563366706483066,4.626461668522097e-05,8.190613880287856e-05,767,767
A04N1,Aysén Norte,2019-11-29,-43.90556,-73.42889,,Mosaic_20191205_20191218.nc,6,,,,,,,,,,,,,,,,,767,0
A04N1,Aysén Norte,2019-11-30,-43.90556,-73.42889,1.0,Mosaic_20191205_20191218.nc,5,,,,,,,,,,,,,,,,,767,0
A04N1,Aysén Norte,2019-12-01,-43.90556,-73.42889,,Mosaic_20191205_20191218.nc,4,,,,,,,,,,,,,,,,,767,0
A04N1,Aysén Norte,2019-12-06,-43.90556,-73.42889,,Mosaic_20191205_20191218.nc,1,,,,,,,,,,,,,,,,,767,0
A04N1,Aysén Norte,2019-12-07,-43.90556,-73.42889,,Mosaic_20191205_20191218.nc,2,,,,,,,,,,,,,,,,,767,0
A04N1,Aysén Norte,2019-12-08,-43.90556,-73.42889,0.0,Mosaic_20191205_20191218.nc,3,,,,,,,,,,,,,,,,,767,0
A04N1,Aysén Norte,2019-12-10,-43.90556,-73.42889,,Mosaic_20191205_20191218.nc,5,,,,,,,,,,,,,,,,,767,0
A04N1,Aysén Norte,2019-12-15,-43.90556,-73.42889,,Mosaic_20191205_20191218.nc,10,,,,,,,,,,,,,,,,,767,0
A04N1,Aysén Norte,2019-12-16,-43.90556,-73.42889,0.0,Mosaic_20191205_20191218.nc,11,,,,,,,,,,,,,,,,,767,0
A04N1,Aysén Norte,2019-12-17,-43.90556,-73.42889,,Mosaic_20191205_20191218.nc,12,,,,,,,,,,,,,,,,,767,0
A04N1,Aysén Norte,2020-01-02,-43.90556,-73.42889,,Mosaic_20200101_20200114.nc,1,0.0021755369380116463,0.002628468908369541,0.002598573686555028,0.00321192666888237,0.0016364527400583029,0.002152985194697976,0.00025745166931301355,0.0003900389710906893,0.0001473421580158174,0.00022863080084789544,3.952924089389853e-05,6.219578790478408e-05,3.6576020647771657e-05,5.814252290292643e-05,1.4239762094803154e-05,2.291241798957344e-05,767,767
A04N1,Aysén Norte,2020-01-03,-43.90556,-73.42889,1.0,Mosaic_20200101_20200114.nc,2,0.0021755369380116463,0.002628468908369541,0.002598573686555028,0.00321192666888237,0.0016364527400583029,0.002152985194697976,0.00025745166931301355,0.0003900389710906893,0.0001473421580158174,0.00022863080084789544,3.952924089389853e-05,6.219578790478408e-05,3.6576020647771657e-05,5.814252290292643e-05,1.4239762094803154e-05,2.291241798957344e-05,767,767
A04N1,Aysén Norte,2020-01-04,-43.90556,-73.42889,,Mosaic_20200101_20200114.nc,3,0.0021755369380116463,0.002628468908369541,0.002598573686555028,0.00321192666888237,0.0016364527400583029,0.002152985194697976,0.00025745166931301355,0.0003900389710906893,0.0001473421580158174,0.00022863080084789544,3.952924089389853e-05,6.219578790478408e-05,3.6576020647771657e-05,5.814252290292643e-05,1.4239762094803154e-05,2.291241798957344e-05,767,767
A04N1,Aysén Norte,2020-01-10,-43.90556,-73.42889,,Mosaic_20200101_20200114.nc,9,0.0021755369380116463,0.002628468908369541,0.002598573686555028,0.00321192666888237,0.0016364527400583029,0.002152985194697976,0.00025745166931301355,0.0003900389710906893,0.0001473421580158174,0.00022863080084789544,3.952924089389853e-05,6.219578790478408e-05,3.6576020647771657e-05,5.814252290292643e-05,1.4239762094803154e-05,2.291241798957344e-05,767,767
A04N1,Aysén Norte,2020-01-11,-43.90556,-73.42889,,Mosaic_20200101_20200114.nc,10,0.0021755369380116463,0.002628468908369541,0.002598573686555028,0.00321192666888237,0.0016364527400583029,0.002152985194697976,0.00025745166931301355,0.0003900389710906893,0.0001473421580158174,0.00022863080084789544,3.952924089389853e-05,6.219578790478408e-05,3.6576020647771657e-05,5.814252290292643e-05,1.4239762094803154e-05,2.291241798957344e-05,767,767
A04N1,Aysén Norte,2020-01-12,-43.90556,-73.42889,1.0,Mosaic_20200121_20200203.nc,9,0.0020801080390810966,0.002632684540003538,0.0024278583005070686,0.003017549403011799,0.0014211051166057587,0.0018288874998688698,0.0002163499011658132,0.000314050615997985,0.0001231190690305084,0.0001820628094719723,3.303185440017842e-05,4.928156340611167e-05,3.0602332117268816e-05,4.5810760639142245e-05,1.1870328307850286e-05,1.795910247892607e-05,767,767
A04N1,Aysén Norte,2020-01-14,-43.90556,-73.42889,,Mosaic_20200121_20200203.nc,7,0.0020801080390810966,0.002632684540003538,0.0024278583005070686,0.003017549403011799,0.0014211051166057587,0.0018288874998688698,0.0002163499011658132,0.000314050615997985,0.0001231190690305084,0.0001820628094719723,3.303185440017842e-05,4.928156340611167e-05,3.0602332117268816e-05,4.5810760639142245e-05,1.1870328307850286e-05,1.795910247892607e-05,767,767
A04N1,Aysén Norte,2020-01-22,-43.90556,-73.42889,,Mosaic_20200121_20200203.nc,1,0.0020801080390810966,0.002632684540003538,0.0024278583005070686,0.003017549403011799,0.0014211051166057587,0.0018288874998688698,0.0002163499011658132,0.000314050615997985,0.0001231190690305084,0.0001820628094719723,3.303185440017842e-05,4.928156340611167e-05,3.0602332117268816e-05,4.5810760639142245e-05,1.1870328307850286e-05,1.795910247892607e-05,767,767
A04N1,Aysén Norte,2020-01-23,-43.90556,-73.42889,0.0,Mosaic_20200121_20200203.nc,2,0.0020801080390810966,0.002632684540003538,0.0024278583005070686,0.003017549403011799,0.0014211051166057587,0.0018288874998688698,0.0002163499011658132,0.000314050615997985,0.0001231190690305084,0.0001820628094719723,3.303185440017842e-05,4.928156340611167e-05,3.0602332117268816e-05,4.5810760639142245e-05,1.1870328307850286e-05,1.795910247892607e-05,767,767
A04N1,Aysén Norte,2020-01-24,-43.90556,-73.42889,,Mosaic_20200121_20200203.nc,3,0.0020801080390810966,0.002632684540003538,0.0024278583005070686,0.003017549403011799,0.0014211051166057587,0.0018288874998688698,0.0002163499011658132,0.000314050615997985,0.0001231190690305084,0.0001820628094719723,3.303185440017842e-05,4.928156340611167e-05,3.0602332117268816e-05,4.5810760639142245e-05,1.1870328307850286e-05,1.795910247892607e-05,767,767
A04N1,Aysén Norte,2020-01-28,-43.90556,-73.42889,0.0,Mosaic_20200121_20200203.nc,7,0.0020801080390810966,0.002632684540003538,0.0024278583005070686,0.003017549403011799,0.0014211051166057587,0.0018288874998688698,0.0002163499011658132,0.000314050615997985,0.0001231190690305084,0.0001820628094719723,3.303185440017842e-05,4.928156340611167e-05,3.0602332117268816e-05,4.5810760639142245e-05,1.1870328307850286e-05,1.795910247892607e-05,767,767
A04N1,Aysén Norte,2020-01-29,-43.90556,-73.42889,,Mosaic_20200121_20200203.nc,8,0.0020801080390810966,0.002632684540003538,0.0024278583005070686,0.003017549403011799,0.0014211051166057587,0.0018288874998688698,0.0002163499011658132,0.000314050615997985,0.0001231190690305084,0.0001820628094719723,3.303185440017842e-05,4.928156340611167e-05,3.0602332117268816e-05,4.5810760639142245e-05,1.1870328307850286e-05,1.795910247892607e-05,767,767
A04N1,Aysén Norte,2020-01-30,-43.90556,-73.42889,,Mosaic_20200121_20200203.nc,9,0.0020801080390810966,0.002632684540003538,0.0024278583005070686,0.003017549403011799,0.0014211051166057587,0.0018288874998688698,0.0002163499011658132,0.000314050615997985,0.0001231190690305084,0.0001820628094719723,3.303185440017842e-05,4.928156340611167e-05,3.0602332117268816e-05,4.5810760639142245e-05,1.1870328307850286e-05,1.795910247892607e-05,767,767
A04N1,Aysén Norte,2020-02-04,-43.90556,-73.42889,,Mosaic_20200210_20200223.nc,6,0.0027007339522242546,0.00345829245634377,0.0033132159151136875,0.004054157063364983,0.0022928607650101185,0.002973282476887107,0.00042065666639246047,0.0006866506300866604,0.0002485289878677577,0.00041881343349814415,6.862074951641262e-05,0.00011651508248178288,6.427904008887708e-05,0.00011045237624784932,2.54488259088248e-05,4.402541890158318e-05,744,744
A04N1,Aysén Norte,2020-02-05,-43.90556,-73.42889,,Mosaic_20200210_20200223.nc,5,0.0027007339522242546,0.00345829245634377,0.0033132159151136875,0.004054157063364983,0.0022928607650101185,0.002973282476887107,0.00042065666639246047,0.0006866506300866604,0.0002485289878677577,0.00041881343349814415,6.862074951641262e-05,0.00011651508248178288,6.427904008887708e-05,0.00011045237624784932,2.54488259088248e-05,4.402541890158318e-05,744,744
A04N1,Aysén Norte,2020-02-06,-43.90556,-73.42889,0.0,Mosaic_20200210_20200223.nc,4,0.0027007339522242546,0.00345829245634377,0.0033132159151136875,0.004054157063364983,0.0022928607650101185,0.002973282476887107,0.00042065666639246047,0.0006866506300866604,0.0002485289878677577,0.00041881343349814415,6.862074951641262e-05,0.00011651508248178288,6.427904008887708e-05,0.00011045237624784932,2.54488259088248e-05,4.402541890158318e-05,744,744
A04N1,Aysén Norte,2020-02-08,-43.90556,-73.42889,,Mosaic_20200210_20200223.nc,2,0.0027007339522242546,0.00345829245634377,0.0033132159151136875,0.004054157063364983,0.0022928607650101185,0.002973282476887107,0.00042065666639246047,0.0006866506300866604,0.0002485289878677577,0.00041881343349814415,6.862074951641262e-05,0.00011651508248178288,6.427904008887708e-05,0.00011045237624784932,2.54488259088248e-05,4.402541890158318e-05,744,744
A04N1,Aysén Norte,2020-02-11,-43.90556,-73.42889,,Mosaic_20200210_20200223.nc,1,0.0027007339522242546,0.00345829245634377,0.0033132159151136875,0.004054157063364983,0.0022928607650101185,0.002973282476887107,0.00042065666639246047,0.0006866506300866604,0.0002485289878677577,0.00041881343349814415,6.862074951641262e-05,0.00011651508248178288,6.427904008887708e-05,0.00011045237624784932,2.54488259088248e-05,4.402541890158318e-05,744,744
A04N1,Aysén Norte,2020-02-12,-43.90556,-73.42889,,Mosaic_20200210_20200223.nc,2,0.0027007339522242546,0.00345829245634377,0.0033132159151136875,0.004054157063364983,0.0022928607650101185,0.002973282476887107,0.00042065666639246047,0.0006866506300866604,0.0002485289878677577,0.00041881343349814415,6.862074951641262e-05,0.00011651508248178288,6.427904008887708e-05,0.00011045237624784932,2.54488259088248e-05,4.402541890158318e-05,744,744
A04N1,Aysén Norte,2020-02-13,-43.90556,-73.42889,0.0,Mosaic_20200210_20200223.nc,3,0.0027007339522242546,0.00345829245634377,0.0033132159151136875,0.004054157063364983,0.0022928607650101185,0.002973282476887107,0.00042065666639246047,0.0006866506300866604,0.0002485289878677577,0.00041881343349814415,6.862074951641262e-05,0.00011651508248178288,6.427904008887708e-05,0.00011045237624784932,2.54488259088248e-05,4.402541890158318e-05,744,744
A04N1,Aysén Norte,2020-02-17,-43.90556,-73.42889,,Mosaic_20200210_20200223.nc,7,0.0027007339522242546,0.00345829245634377,0.0033132159151136875,0.004054157063364983,0.0022928607650101185,0.002973282476887107,0.00042065666639246047,0.0006866506300866604,0.0002485289878677577,0.00041881343349814415,6.862074951641262e-05,0.00011651508248178288,6.427904008887708e-05,0.00011045237624784932,2.54488259088248e-05,4.402541890158318e-05,744,744
A04N1,Aysén Norte,2020-02-18,-43.90556,-73.42889,0.0,Mosaic_20200210_20200223.nc,8,0.0027007339522242546,0.00345829245634377,0.0033132159151136875,0.004054157063364983,0.0022928607650101185,0.002973282476887107,0.00042065666639246047,0.0006866506300866604,0.0002485289878677577,0.00041881343349814415,6.862074951641262e-05,0.00011651508248178288,6.427904008887708e-05,0.00011045237624784932,2.54488259088248e-05,4.402541890158318e-05,744,744
A04N1,Aysén Norte,2020-02-19,-43.90556,-73.42889,,Mosaic_20200210_20200223.nc,9,0.0027007339522242546,0.00345829245634377,0.0033132159151136875,0.004054157063364983,0.0022928607650101185,0.002973282476887107,0.00042065666639246047,0.0006866506300866604,0.0002485289878677577,0.00041881343349814415,6.862074951641262e-05,0.00011651508248178288,6.427904008887708e-05,0.00011045237624784932,2.54488259088248e-05,4.402541890158318e-05,744,744
A04N1,Aysén Norte,2020-02-25,-43.90556,-73.42889,,Mosaic_20200301_20200314.nc,5,0.0020337612368166447,0.0029339881148189306,0.0026957602240145206,0.0036975587718188763,0.002207642886787653,0.0028930911794304848,0.000461613351944834,0.0009105594945140183,0.00027620740002021194,0.0005790228606201708,7.597459625685588e-05,0.0001608637539902702,7.15563292033039e-05,0.00015488704957533628,2.844929986167699e-05,6.19144702795893e-05,767,767
A04N1,Aysén Norte,2020-02-26,-43.90556,-73.42889,0.0,Mosaic_20200301_20200314.nc,4,0.0020337612368166447,0.0029339881148189306,0.0026957602240145206,0.0036975587718188763,0.002207642886787653,0.0028930911794304848,0.000461613351944834,0.0009105594945140183,0.00027620740002021194,0.0005790228606201708,7.597459625685588e-05,0.0001608637539902702,7.15563292033039e-05,0.00015488704957533628,2.844929986167699e-05,6.19144702795893e-05,767,767
A04N1,Aysén Norte,2020-02-28,-43.90556,-73.42889,,Mosaic_20200301_20200314.nc,2,0.0020337612368166447,0.0029339881148189306,0.0026957602240145206,0.0036975587718188763,0.002207642886787653,0.0028930911794304848,0.000461613351944834,0.0009105594945140183,0.00027620740002021194,0.0005790228606201708,7.597459625685588e-05,0.0001608637539902702,7.15563292033039e-05,0.00015488704957533628,2.844929986167699e-05,6.19144702795893e-05,767,767
A04N1,Aysén Norte,2020-03-03,-43.90556,-73.42889,,Mosaic_20200301_20200314.nc,2,0.0020337612368166447,0.0029339881148189306,0.0026957602240145206,0.0036975587718188763,0.002207642886787653,0.0028930911794304848,0.000461613351944834,0.0009105594945140183,0.00027620740002021194,0.0005790228606201708,7.597459625685588e-05,0.0001608637539902702,7.15563292033039e-05,0.00015488704957533628,2.844929986167699e-05,6.19144702795893e-05,767,767
A04N1,Aysén Norte,2020-03-04,-43.90556,-73.42889,,Mosaic_20200301_20200314.nc,3,0.0020337612368166447,0.0029339881148189306,0.0026957602240145206,0.0036975587718188763,0.002207642886787653,0.0028930911794304848,0.000461613351944834,0.0009105594945140183,0.00027620740002021194,0.0005790228606201708,7.597459625685588e-05,0.0001608637539902702,7.15563292033039e-05,0.00015488704957533628,2.844929986167699e-05,6.19144702795893e-05,767,767
A04N1,Aysén Norte,2020-03-05,-43.90556,-73.42889,0.0,Mosaic_20200301_20200314.nc,4,0.0020337612368166447,0.0029339881148189306,0.0026957602240145206,0.0036975587718188763,0.002207642886787653,0.0028930911794304848,0.000461613351944834,0.0009105594945140183,0.00027620740002021194,0.0005790228606201708,7.597459625685588e-05,0.0001608637539902702,7.15563292033039e-05,0.00015488704957533628,2.844929986167699e-05,6.19144702795893e-05,767,767
A04N1,Aysén Norte,2020-03-10,-43.90556,-73.42889,,Mosaic_20200301_20200314.nc,9,0.0020337612368166447,0.0029339881148189306,0.0026957602240145206,0.0036975587718188763,0.002207642886787653,0.0028930911794304848,0.000461613351944834,0.0009105594945140183,0.00027620740002021194,0.0005790228606201708,7.597459625685588e-05,0.0001608637539902702,7.15563292033039e-05,0.00015488704957533628,2.844929986167699e-05,6.19144702795893e-05,767,767
A04N1,Aysén Norte,2020-03-11,-43.90556,-73.42889,0.0,Mosaic_20200301_20200314.nc,10,0.0020337612368166447,0.0029339881148189306,0.0026957602240145206,0.0036975587718188763,0.002207642886787653,0.0028930911794304848,0.000461613351944834,0.0009105594945140183,0.00027620740002021194,0.0005790228606201708,7.597459625685588e-05,0.0001608637539902702,7.15563292033039e-05,0.00015488704957533628,2.844929986167699e-05,6.19144702795893e-05,767,767
A04N1,Aysén Norte,2020-03-12,-43.90556,-73.42889,,Mosaic_20200301_20200314.nc,11,0.0020337612368166447,0.0029339881148189306,0.0026957602240145206,0.0036975587718188763,0.002207642886787653,0.0028930911794304848,0.000461613351944834,0.0009105594945140183,0.00027620740002021194,0.0005790228606201708,7.597459625685588e-05,0.0001608637539902702,7.15563292033039e-05,0.00015488704957533628,2.844929986167699e-05,6.19144702795893e-05,767,767
A04N1,Aysén Norte,2020-03-18,-43.90556,-73.42889,,Mosaic_20200324_20200406.nc,6,0.0007190217729657888,0.001740744337439537,0.0010665352456271648,0.0029774880968034267,0.001970733515918255,0.00706732552498579,0.0012941915774717927,0.004210615064948797,0.0010556038469076157,0.003469802439212799,0.0003547616652213037,0.0011354821035638452,0.0003548671957105398,0.0011355509050190449,0.0001477333134971559,0.0004545035189948976,763,763
A04N1,Aysén Norte,2020-03-19,-43.90556,-73.42889,2.0,Mosaic_20200324_20200406.nc,5,0.0007190217729657888,0.001740744337439537,0.0010665352456271648,0.0029774880968034267,0.001970733515918255,0.00706732552498579,0.0012941915774717927,0.004210615064948797,0.0010556038469076157,0.003469802439212799,0.0003547616652213037,0.0011354821035638452,0.0003548671957105398,0.0011355509050190449,0.0001477333134971559,0.0004545035189948976,763,763
A04N1,Aysén Norte,2020-03-21,-43.90556,-73.42889,,Mosaic_20200324_20200406.nc,3,0.0007190217729657888,0.001740744337439537,0.0010665352456271648,0.0029774880968034267,0.001970733515918255,0.00706732552498579,0.0012941915774717927,0.004210615064948797,0.0010556038469076157,0.003469802439212799,0.0003547616652213037,0.0011354821035638452,0.0003548671957105398,0.0011355509050190449,0.0001477333134971559,0.0004545035189948976,763,763
A04N1,Aysén Norte,2020-05-13,-43.90556,-73.42889,,Mosaic_20200510_20200523.nc,3,0.007258065976202488,0.013403390534222126,0.00853935070335865,0.017842790111899376,0.007572527509182692,0.020607857033610344,0.0017176029505208135,0.0048479679971933365,0.0010741872247308493,0.0031097736209630966,0.00029037040076218545,0.0008528053294867277,0.00027459108969196677,0.0008087733294814825,0.00010765511251520365,0.0003134157741442323,763,216
A04N1,Aysén Norte,2020-07-12,-43.90556,-73.42889,,Mosaic_20200712_20200725.nc,0,0.0004279485438019037,0.006653828080743551,0.0005656668799929321,0.00946118962019682,0.0007973695173859596,0.016386086121201515,0.00046534911962226033,0.005090408492833376,0.00035833922447636724,0.004454195965081453,0.0001122180838137865,0.0015871741343289614,0.00010985798144247383,0.0016187026631087065,4.5059183321427554e-05,0.0006842914735898376,767,490
A04N1,Aysén Norte,2020-07-13,-43.90556,-73.42889,1.0,Mosaic_20200712_20200725.nc,1,0.0004279485438019037,0.006653828080743551,0.0005656668799929321,0.00946118962019682,0.0007973695173859596,0.016386086121201515,0.00046534911962226033,0.005090408492833376,0.00035833922447636724,0.004454195965081453,0.0001122180838137865,0.0015871741343289614,0.00010985798144247383,0.0016187026631087065,4.5059183321427554e-05,0.0006842914735898376,767,490
A04N1,Aysén Norte,2020-07-15,-43.90556,-73.42889,0.0,Mosaic_20200712_20200725.nc,3,0.0004279485438019037,0.006653828080743551,0.0005656668799929321,0.00946118962019682,0.0007973695173859596,0.016386086121201515,0.00046534911962226033,0.005090408492833376,0.00035833922447636724,0.004454195965081453,0.0001122180838137865,0.0015871741343289614,0.00010985798144247383,0.0016187026631087065,4.5059183321427554e-05,0.0006842914735898376,767,490
A04N1,Aysén Norte,2020-07-16,-43.90556,-73.42889,,Mosaic_20200712_20200725.nc,4,0.0004279485438019037,0.006653828080743551,0.0005656668799929321,0.00946118962019682,0.0007973695173859596,0.016386086121201515,0.00046534911962226033,0.005090408492833376,0.00035833922447636724,0.004454195965081453,0.0001122180838137865,0.0015871741343289614,0.00010985798144247383,0.0016187026631087065,4.5059183321427554e-05,0.0006842914735898376,767,490
A04N1,Aysén Norte,2020-07-28,-43.90556,-73.42889,,Mosaic_20200729_20200811.nc,1,0.004407127853482962,0.007543967571109533,0.003776534926146269,0.006288039963692427,0.0013194293715059757,0.003038560040295124,0.0001800929312594235,0.0017018794314935803,0.00010260751150781289,0.0015789626631885767,2.7815272915177047e-05,0.000608971226029098,2.5100143830059096e-05,0.0006227060221135616,9.592125024937559e-06,0.0002589985087979585,744,738
A04N1,Aysén Norte,2020-07-29,-43.90556,-73.42889,1.0,Mosaic_20200729_20200811.nc,0,0.004407127853482962,0.007543967571109533,0.003776534926146269,0.006288039963692427,0.0013194293715059757,0.003038560040295124,0.0001800929312594235,0.0017018794314935803,0.00010260751150781289,0.0015789626631885767,2.7815272915177047e-05,0.000608971226029098,2.5100143830059096e-05,0.0006227060221135616,9.592125024937559e-06,0.0002589985087979585,744,738
A04N1,Aysén Norte,2020-07-31,-43.90556,-73.42889,,Mosaic_20200729_20200811.nc,2,0.004407127853482962,0.007543967571109533,0.003776534926146269,0.006288039963692427,0.0013194293715059757,0.003038560040295124,0.0001800929312594235,0.0017018794314935803,0.00010260751150781289,0.0015789626631885767,2.7815272915177047e-05,0.000608971226029098,2.5100143830059096e-05,0.0006227060221135616,9.592125024937559e-06,0.0002589985087979585,744,738
A04N1,Aysén Norte,2020-08-18,-43.90556,-73.42889,,Mosaic_20200818_20200831.nc,0,0.004387676250189543,0.006105242762714624,0.0035228142514824867,0.004938848782330751,0.001036483095958829,0.0020230214577168226,0.00011256268044235185,0.00027838782989419997,6.12326039117761e-05,0.00015651716967113316,1.6003534256014973e-05,4.255056046531536e-05,1.4040784662938677e-05,3.834593735518865e-05,5.140344455867307e-06,1.479932416259544e-05,767,767
A04N1,Aysén Norte,2020-08-19,-43.90556,-73.42889,,Mosaic_20200818_20200831.nc,1,0.004387676250189543,0.006105242762714624,0.0035228142514824867,0.004938848782330751,0.001036483095958829,0.0020230214577168226,0.00011256268044235185,0.00027838782989419997,6.12326039117761e-05,0.00015651716967113316,1.6003534256014973e-05,4.255056046531536e-05,1.4040784662938677e-05,3.834593735518865e-05,5.140344455867307e-06,1.479932416259544e-05,767,767
A04N1,Aysén Norte,2020-08-20,-43.90556,-73.42889,0.0,Mosaic_20200818_20200831.nc,2,0.004387676250189543,0.006105242762714624,0.0035228142514824867,0.004938848782330751,0.001036483095958829,0.0020230214577168226,0.00011256268044235185,0.00027838782989419997,6.12326039117761e-05,0.00015651716967113316,1.6003534256014973e-05,4.255056046531536e-05,1.4040784662938677e-05,3.834593735518865e-05,5.140344455867307e-06,1.479932416259544e-05,767,767
A04N1,Aysén Norte,2020-08-21,-43.90556,-73.42889,1.0,Mosaic_20200818_20200831.nc,3,0.004387676250189543,0.006105242762714624,0.0035228142514824867,0.004938848782330751,0.001036483095958829,0.0020230214577168226,0.00011256268044235185,0.00027838782989419997,6.12326039117761e-05,0.00015651716967113316,1.6003534256014973e-05,4.255056046531536e-05,1.4040784662938677e-05,3.834593735518865e-05,5.140344455867307e-06,1.479932416259544e-05,767,767
A04N1,Aysén Norte,2020-08-23,-43.90556,-73.42889,,Mosaic_20200818_20200831.nc,5,0.004387676250189543,0.006105242762714624,0.0035228142514824867,0.004938848782330751,0.001036483095958829,0.0020230214577168226,0.00011256268044235185,0.00027838782989419997,6.12326039117761e-05,0.00015651716967113316,1.6003534256014973e-05,4.255056046531536e-05,1.4040784662938677e-05,3.834593735518865e-05,5.140344455867307e-06,1.479932416259544e-05,767,767
A04N1,Aysén Norte,2020-08-24,-43.90556,-73.42889,,Mosaic_20200818_20200831.nc,6,0.004387676250189543,0.006105242762714624,0.0035228142514824867,0.004938848782330751,0.001036483095958829,0.0020230214577168226,0.00011256268044235185,0.00027838782989419997,6.12326039117761e-05,0.00015651716967113316,1.6003534256014973e-05,4.255056046531536e-05,1.4040784662938677e-05,3.834593735518865e-05,5.140344455867307e-06,1.479932416259544e-05,767,767
A04N1,Aysén Norte,2020-09-05,-43.90556,-73.42889,,Mosaic_20200917_20200930.nc,12,0.00099427520763129,0.0016054300358518958,0.001408384065143764,0.0019492474384605885,0.001326478086411953,0.0018114466220140457,0.00026184567832387984,0.0005148652708157897,0.00015291893214453012,0.0003189216658938676,4.086382978130132e-05,8.711838017916307e-05,3.856530747725628e-05,8.340938074979931e-05,1.5120658645173535e-05,3.319943425594829e-05,767,767
A04N1,Aysén Norte,2020-09-21,-43.90556,-73.42889,,Mosaic_20200917_20200930.nc,4,0.00099427520763129,0.0016054300358518958,0.001408384065143764,0.0019492474384605885,0.001326478086411953,0.0018114466220140457,0.00026184567832387984,0.0005148652708157897,0.00015291893214453012,0.0003189216658938676,4.086382978130132e-05,8.711838017916307e-05,3.856530747725628e-05,8.340938074979931e-05,1.5120658645173535e-05,3.319943425594829e-05,767,767
A04N1,Aysén Norte,2020-09-22,-43.90556,-73.42889,,Mosaic_20200917_20200930.nc,5,0.00099427520763129,0.0016054300358518958,0.001408384065143764,0.0019492474384605885,0.001326478086411953,0.0018114466220140457,0.00026184567832387984,0.0005148652708157897,0.00015291893214453012,0.0003189216658938676,4.086382978130132e-05,8.711838017916307e-05,3.856530747725628e-05,8.340938074979931e-05,1.5120658645173535e-05,3.319943425594829e-05,767,767
A04N1,Aysén Norte,2020-09-23,-43.90556,-73.42889,2.0,Mosaic_20200917_20200930.nc,6,0.00099427520763129,0.0016054300358518958,0.001408384065143764,0.0019492474384605885,0.001326478086411953,0.0018114466220140457,0.00026184567832387984,0.0005148652708157897,0.00015291893214453012,0.0003189216658938676,4.086382978130132e-05,8.711838017916307e-05,3.856530747725628e-05,8.340938074979931e-05,1.5120658645173535e-05,3.319943425594829e-05,767,767
A04N1,Aysén Norte,2020-09-24,-43.90556,-73.42889,2.0,Mosaic_20200917_20200930.nc,7,0.00099427520763129,0.0016054300358518958,0.001408384065143764,0.0019492474384605885,0.001326478086411953,0.0018114466220140457,0.00026184567832387984,0.0005148652708157897,0.00015291893214453012,0.0003189216658938676,4.086382978130132e-05,8.711838017916307e-05,3.856530747725628e-05,8.340938074979931e-05,1.5120658645173535e-05,3.319943425594829e-05,767,767
A04N1,Aysén Norte,2020-09-25,-43.90556,-73.42889,,Mosaic_20200917_20200930.nc,8,0.00099427520763129,0.0016054300358518958,0.001408384065143764,0.0019492474384605885,0.001326478086411953,0.0018114466220140457,0.00026184567832387984,0.0005148652708157897,0.00015291893214453012,0.0003189216658938676,4.086382978130132e-05,8.711838017916307e-05,3.856530747725628e-05,8.340938074979931e-05,1.5120658645173535e-05,3.319943425594829e-05,767,767
A04N1,Aysén Norte,2020-09-26,-43.90556,-73.42889,,Mosaic_20200917_20200930.nc,9,0.00099427520763129,0.0016054300358518958,0.001408384065143764,0.0019492474384605885,0.001326478086411953,0.0018114466220140457,0.00026184567832387984,0.0005148652708157897,0.00015291893214453012,0.0003189216658938676,4.086382978130132e-05,8.711838017916307e-05,3.856530747725628e-05,8.340938074979931e-05,1.5120658645173535e-05,3.319943425594829e-05,767,767
A04N1,Aysén Norte,2020-10-06,-43.90556,-73.42889,,Mosaic_20201010_20201023.nc,4,0.0006215169560164213,0.009013618342578411,0.0007533362950198352,0.003970088437199593,0.0007527925772592425,0.005873586516827345,0.0006017726846039295,0.005147235468029976,0.0005135175888426602,0.005234251730144024,0.00018620811169967055,0.002191902371123433,0.00017963482241611928,0.0022842693142592907,7.24943820387125e-05,0.0009487505885772407,767,97
A04N1,Aysén Norte,2020-10-08,-43.90556,-73.42889,,Mosaic_20201010_20201023.nc,2,0.0006215169560164213,0.009013618342578411,0.0007533362950198352,0.003970088437199593,0.0007527925772592425,0.005873586516827345,0.0006017726846039295,0.005147235468029976,0.0005135175888426602,0.005234251730144024,0.00018620811169967055,0.002191902371123433,0.00017963482241611928,0.0022842693142592907,7.24943820387125e-05,0.0009487505885772407,767,97
A04N1,Aysén Norte,2020-10-09,-43.90556,-73.42889,0.0,Mosaic_20201010_20201023.nc,1,0.0006215169560164213,0.009013618342578411,0.0007533362950198352,0.003970088437199593,0.0007527925772592425,0.005873586516827345,0.0006017726846039295,0.005147235468029976,0.0005135175888426602,0.005234251730144024,0.00018620811169967055,0.002191902371123433,0.00017963482241611928,0.0022842693142592907,7.24943820387125e-05,0.0009487505885772407,767,97
A04N1,Aysén Norte,2020-10-11,-43.90556,-73.42889,,Mosaic_20201010_20201023.nc,1,0.0006215169560164213,0.009013618342578411,0.0007533362950198352,0.003970088437199593,0.0007527925772592425,0.005873586516827345,0.0006017726846039295,0.005147235468029976,0.0005135175888426602,0.005234251730144024,0.00018620811169967055,0.002191902371123433,0.00017963482241611928,0.0022842693142592907,7.24943820387125e-05,0.0009487505885772407,767,97
A04N1,Aysén Norte,2020-10-20,-43.90556,-73.42889,,Mosaic_20201010_20201023.nc,10,0.0006215169560164213,0.009013618342578411,0.0007533362950198352,0.003970088437199593,0.0007527925772592425,0.005873586516827345,0.0006017726846039295,0.005147235468029976,0.0005135175888426602,0.005234251730144024,0.00018620811169967055,0.002191902371123433,0.00017963482241611928,0.0022842693142592907,7.24943820387125e-05,0.0009487505885772407,767,97
A04N1,Aysén Norte,2020-10-21,-43.90556,-73.42889,0.0,Mosaic_20201030_20201112.nc,9,0.0005140564753673971,0.0006473285611718893,0.000778867572080344,0.0009526916546747088,0.0016457012388855219,0.0020190163049846888,0.0009578553726896644,0.001283495919778943,0.0007249689660966396,0.0010122184175997972,0.0002353120653424412,0.0003495535929687321,0.00023463761317543685,0.00035278237191960216,9.743863483890891e-05,0.0001483522355556488,767,767
A04N1,Aysén Norte,2020-10-22,-43.90556,-73.42889,,Mosaic_20201030_20201112.nc,8,0.0005140564753673971,0.0006473285611718893,0.000778867572080344,0.0009526916546747088,0.0016457012388855219,0.0020190163049846888,0.0009578553726896644,0.001283495919778943,0.0007249689660966396,0.0010122184175997972,0.0002353120653424412,0.0003495535929687321,0.00023463761317543685,0.00035278237191960216,9.743863483890891e-05,0.0001483522355556488,767,767
A04N1,Aysén Norte,2020-10-23,-43.90556,-73.42889,,Mosaic_20201030_20201112.nc,7,0.0005140564753673971,0.0006473285611718893,0.000778867572080344,0.0009526916546747088,0.0016457012388855219,0.0020190163049846888,0.0009578553726896644,0.001283495919778943,0.0007249689660966396,0.0010122184175997972,0.0002353120653424412,0.0003495535929687321,0.00023463761317543685,0.00035278237191960216,9.743863483890891e-05,0.0001483522355556488,767,767
A04N1,Aysén Norte,2020-11-05,-43.90556,-73.42889,,Mosaic_20201030_20201112.nc,6,0.0005140564753673971,0.0006473285611718893,0.000778867572080344,0.0009526916546747088,0.0016457012388855219,0.0020190163049846888,0.0009578553726896644,0.001283495919778943,0.0007249689660966396,0.0010122184175997972,0.0002353120653424412,0.0003495535929687321,0.00023463761317543685,0.00035278237191960216,9.743863483890891e-05,0.0001483522355556488,767,767
A04N1,Aysén Norte,2020-11-07,-43.90556,-73.42889,,Mosaic_20201030_20201112.nc,8,0.0005140564753673971,0.0006473285611718893,0.000778867572080344,0.0009526916546747088,0.0016457012388855219,0.0020190163049846888,0.0009578553726896644,0.001283495919778943,0.0007249689660966396,0.0010122184175997972,0.0002353120653424412,0.0003495535929687321,0.00023463761317543685,0.00035278237191960216,9.743863483890891e-05,0.0001483522355556488,767,767
A04N1,Aysén Norte,2020-11-08,-43.90556,-73.42889,1.0,Mosaic_20201116_20201129.nc,8,0.002999246818944812,0.003665856784209609,0.0033953841775655746,0.004132869653403759,0.0018785640131682158,0.0024218065664172173,0.00028861704049631953,0.00040075581637211144,0.00016582469106651843,0.00023410168068949133,4.518071000347845e-05,6.427818880183622e-05,4.184852514299564e-05,5.9685993619496e-05,1.6360821973648854e-05,2.3509659513365477e-05,741,741
A04N1,Aysén Norte,2020-11-10,-43.90556,-73.42889,,Mosaic_20201116_20201129.nc,6,0.002999246818944812,0.003665856784209609,0.0033953841775655746,0.004132869653403759,0.0018785640131682158,0.0024218065664172173,0.00028861704049631953,0.00040075581637211144,0.00016582469106651843,0.00023410168068949133,4.518071000347845e-05,6.427818880183622e-05,4.184852514299564e-05,5.9685993619496e-05,1.6360821973648854e-05,2.3509659513365477e-05,741,741
A04N1,Aysén Norte,2020-12-02,-43.90556,-73.42889,,Mosaic_20201206_20201219.nc,4,0.0016004013596102595,0.0033511072397232056,0.0024997489526867867,0.004428846295922995,0.0033072386868298054,0.005402369890362024,0.0011016841745004058,0.0025784524623304605,0.0007455662707798183,0.0019290945492684841,0.00021475651010405272,0.000601764942985028,0.00020738255989272147,0.0006014371756464243,8.317251922562718e-05,0.00024632978602312505,767,37
A04N1,Aysén Norte,2020-12-03,-43.90556,-73.42889,3.0,Mosaic_20201206_20201219.nc,3,0.0016004013596102595,0.0033511072397232056,0.0024997489526867867,0.004428846295922995,0.0033072386868298054,0.005402369890362024,0.0011016841745004058,0.0025784524623304605,0.0007455662707798183,0.0019290945492684841,0.00021475651010405272,0.000601764942985028,0.00020738255989272147,0.0006014371756464243,8.317251922562718e-05,0.00024632978602312505,767,37
A04N1,Aysén Norte,2020-12-04,-43.90556,-73.42889,,Mosaic_20201206_20201219.nc,2,0.0016004013596102595,0.0033511072397232056,0.0024997489526867867,0.004428846295922995,0.0033072386868298054,0.005402369890362024,0.0011016841745004058,0.0025784524623304605,0.0007455662707798183,0.0019290945492684841,0.00021475651010405272,0.000601764942985028,0.00020738255989272147,0.0006014371756464243,8.317251922562718e-05,0.00024632978602312505,767,37
A04N1,Aysén Norte,2020-12-16,-43.90556,-73.42889,,Mosaic_20201206_20201219.nc,10,0.0016004013596102595,0.0033511072397232056,0.0024997489526867867,0.004428846295922995,0.0033072386868298054,0.005402369890362024,0.0011016841745004058,0.0025784524623304605,0.0007455662707798183,0.0019290945492684841,0.00021475651010405272,0.000601764942985028,0.00020738255989272147,0.0006014371756464243,8.317251922562718e-05,0.00024632978602312505,767,37
A04N1,Aysén Norte,2020-12-17,-43.90556,-73.42889,,Mosaic_20201206_20201219.nc,11,0.0016004013596102595,0.0033511072397232056,0.0024997489526867867,0.004428846295922995,0.0033072386868298054,0.005402369890362024,0.0011016841745004058,0.0025784524623304605,0.0007455662707798183,0.0019290945492684841,0.00021475651010405272,0.000601764942985028,0.00020738255989272147,0.0006014371756464243,8.317251922562718e-05,0.00024632978602312505,767,37
A04N1,Aysén Norte,2020-12-18,-43.90556,-73.42889,0.0,Mosaic_20201206_20201219.nc,12,0.0016004013596102595,0.0033511072397232056,0.0024997489526867867,0.004428846295922995,0.0033072386868298054,0.005402369890362024,0.0011016841745004058,0.0025784524623304605,0.0007455662707798183,0.0019290945492684841,0.00021475651010405272,0.000601764942985028,0.00020738255989272147,0.0006014371756464243,8.317251922562718e-05,0.00024632978602312505,767,37
A04N1,Aysén Norte,2022-01-19,-43.90556,-73.42889,0.0,Mosaic_20220130_20220212.nc,11,,,,,,,,,,,,,,,,,767,0
A04N1,Aysén Norte,2022-02-01,-43.90556,-73.42889,0.0,Mosaic_20220130_20220212.nc,2,,,,,,,,,,,,,,,,,767,0
L19N3,G. Corcovado,2015-11-11,-43.32667,-73.39889,0.0,Mosaic_20151123_20151206.nc,12,0.002927024383097887,0.004156928509473801,0.0025914539583027363,0.0032168845646083355,0.000917440396733582,0.0014165047323331237,0.000108796484710183,0.00020086829317733645,5.888925079489127e-05,0.00011270145478192717,1.5088334293977823e-05,3.0058250558795407e-05,1.3487427168001886e-05,2.7366471840650775e-05,4.956486009177752e-06,1.0498681149329059e-05,742,742
L19N3,G. Corcovado,2015-11-26,-43.32667,-73.39889,0.0,Mosaic_20151123_20151206.nc,3,0.002927024383097887,0.004156928509473801,0.0025914539583027363,0.0032168845646083355,0.000917440396733582,0.0014165047323331237,0.000108796484710183,0.00020086829317733645,5.888925079489127e-05,0.00011270145478192717,1.5088334293977823e-05,3.0058250558795407e-05,1.3487427168001886e-05,2.7366471840650775e-05,4.956486009177752e-06,1.0498681149329059e-05,742,742
L19N3,G. Corcovado,2015-12-02,-43.32667,-73.39889,0.0,Mosaic_20151123_20151206.nc,9,0.002927024383097887,0.004156928509473801,0.0025914539583027363,0.0032168845646083355,0.000917440396733582,0.0014165047323331237,0.000108796484710183,0.00020086829317733645,5.888925079489127e-05,0.00011270145478192717,1.5088334293977823e-05,3.0058250558795407e-05,1.3487427168001886e-05,2.7366471840650775e-05,4.956486009177752e-06,1.0498681149329059e-05,742,742
L19N3,G. Corcovado,2015-12-20,-43.32667,-73.39889,1.0,Mosaic_20151223_20160105.nc,3,0.000764997792430222,0.0009677312918938696,0.001239134813658893,0.0016181333921849728,0.002412122208625078,0.0031206586863845587,0.0008682695333845913,0.001314750057645142,0.0005981356371194124,0.0009769285097718239,0.00017780769849196076,0.0003094958374276757,0.00017417634080629796,0.0003078817098867148,7.106825069058686e-05,0.00012737567885778844,762,762
L19N3,G. Corcovado,2016-01-25,-43.32667,-73.39889,3.0,Mosaic_20160204_20160217.nc,10,0.0007469890406355262,0.0009466326446272433,0.0011405132245272398,0.0014106957241892815,0.002410006709396839,0.002910788869485259,0.001427516806870699,0.0017090103356167674,0.0010908867698162794,0.0013954847818240523,0.00035378753091208637,0.00048355848412029445,0.0003529493696987629,0.0004884707159362733,0.0001462406071368605,0.00020439810759853572,756,756
L19N3,G. Corcovado,2016-02-06,-43.32667,-73.39889,5.0,Mosaic_20160204_20160217.nc,2,0.0007469890406355262,0.0009466326446272433,0.0011405132245272398,0.0014106957241892815,0.002410006709396839,0.002910788869485259,0.001427516806870699,0.0017090103356167674,0.0010908867698162794,0.0013954847818240523,0.00035378753091208637,0.00048355848412029445,0.0003529493696987629,0.0004884707159362733,0.0001462406071368605,0.00020439810759853572,756,756
L19N3,G. Corcovado,2016-02-13,-43.32667,-73.39889,3.0,Mosaic_20160204_20160217.nc,9,0.0007469890406355262,0.0009466326446272433,0.0011405132245272398,0.0014106957241892815,0.002410006709396839,0.002910788869485259,0.001427516806870699,0.0017090103356167674,0.0010908867698162794,0.0013954847818240523,0.00035378753091208637,0.00048355848412029445,0.0003529493696987629,0.0004884707159362733,0.0001462406071368605,0.00020439810759853572,756,756
L19N3,G. Corcovado,2016-02-22,-43.32667,-73.39889,6.0,Mosaic_20160305_20160318.nc,12,0.0006481396267190576,0.0010317920241504908,0.0010570362210273743,0.001282628276385367,0.001969562843441963,0.0024017482064664364,0.0007139662047848105,0.0011093044886365533,0.0004725785693153739,0.0008315204177051783,0.00013325002510100603,0.00026247286587022245,0.0001297456765314564,0.00026107518351636827,5.23510025232099e-05,0.00010735532850958407,756,756
L19N3,G. Corcovado,2016-03-09,-43.32667,-73.39889,5.0,Mosaic_20160305_20160318.nc,4,0.0006481396267190576,0.0010317920241504908,0.0010570362210273743,0.001282628276385367,0.001969562843441963,0.0024017482064664364,0.0007139662047848105,0.0011093044886365533,0.0004725785693153739,0.0008315204177051783,0.00013325002510100603,0.00026247286587022245,0.0001297456765314564,0.00026107518351636827,5.23510025232099e-05,0.00010735532850958407,756,756
L19N3,G. Corcovado,2016-03-16,-43.32667,-73.39889,6.0,Mosaic_20160305_20160318.nc,11,0.0006481396267190576,0.0010317920241504908,0.0010570362210273743,0.001282628276385367,0.001969562843441963,0.0024017482064664364,0.0007139662047848105,0.0011093044886365533,0.0004725785693153739,0.0008315204177051783,0.00013325002510100603,0.00026247286587022245,0.0001297456765314564,0.00026107518351636827,5.23510025232099e-05,0.00010735532850958407,756,756
L19N3,G. Corcovado,2016-04-01,-43.32667,-73.39889,2.0,Mosaic_20160404_20160417.nc,3,0.0006143342470750213,0.0032123217824846506,0.0007683851290494204,0.0021493243984878063,0.0011307722888886929,0.0028392113745212555,0.0014779824996367097,0.002825472503900528,0.001324862358160317,0.002602697815746069,0.0004998369258828461,0.0010043020593002439,0.0005110792117193341,0.0010333965765312314,0.0002188736543757841,0.00043592206202447414,742,37
L19N3,G. Corcovado,2016-04-08,-43.32667,-73.39889,1.0,Mosaic_20160404_20160417.nc,4,0.0006143342470750213,0.0032123217824846506,0.0007683851290494204,0.0021493243984878063,0.0011307722888886929,0.0028392113745212555,0.0014779824996367097,0.002825472503900528,0.001324862358160317,0.002602697815746069,0.0004998369258828461,0.0010043020593002439,0.0005110792117193341,0.0010333965765312314,0.0002188736543757841,0.00043592206202447414,742,37
L19N3,G. Corcovado,2016-06-04,-43.32667,-73.39889,2.0,Mosaic_20160613_20160626.nc,9,0.002950318157672882,0.005587910767644644,0.003022549208253622,0.0060279094614088535,0.0013359796721488237,0.003249311586841941,0.0001776437129592523,0.00045414254418574274,0.00010010115511249751,0.0002610410447232425,2.6794170480570756e-05,6.976921577006578e-05,2.4592451154603623e-05,6.364194996422157e-05,9.428077646589372e-06,2.467659032845404e-05,742,742
L19N3,G. Corcovado,2016-06-16,-43.32667,-73.39889,1.0,Mosaic_20160613_20160626.nc,3,0.002950318157672882,0.005587910767644644,0.003022549208253622,0.0060279094614088535,0.0013359796721488237,0.003249311586841941,0.0001776437129592523,0.00045414254418574274,0.00010010115511249751,0.0002610410447232425,2.6794170480570756e-05,6.976921577006578e-05,2.4592451154603623e-05,6.364194996422157e-05,9.428077646589372e-06,2.467659032845404e-05,742,742
L19N3,G. Corcovado,2016-06-21,-43.32667,-73.39889,1.0,Mosaic_20160613_20160626.nc,8,0.002950318157672882,0.005587910767644644,0.003022549208253622,0.0060279094614088535,0.0013359796721488237,0.003249311586841941,0.0001776437129592523,0.00045414254418574274,0.00010010115511249751,0.0002610410447232425,2.6794170480570756e-05,6.976921577006578e-05,2.4592451154603623e-05,6.364194996422157e-05,9.428077646589372e-06,2.467659032845404e-05,742,742
L19N3,G. Corcovado,2016-07-05,-43.32667,-73.39889,0.0,Mosaic_20160703_20160716.nc,2,0.002620937302708626,0.004439561162143946,0.0026382380165159702,0.004145143087953329,0.0010763786267489195,0.0019810113590210676,0.000134806934511289,0.0002691002155188471,7.503391680074856e-05,0.00015448234626092017,1.983892434509471e-05,4.187136437394656e-05,1.8080991139868274e-05,3.8952384784352034e-05,6.847221357020317e-06,1.5252721823344473e-05,742,742
L19N3,G. Corcovado,2016-07-19,-43.32667,-73.39889,1.0,Mosaic_20160723_20160805.nc,4,0.004485120996832848,0.006345184985548258,0.003990200348198414,0.006081034895032644,0.0013744524912908673,0.0022462510969489813,0.00015990817337296903,0.00028399372240528464,8.99296865100041e-05,0.00016477960161864758,2.3826156393624842e-05,4.5101685827830806e-05,2.1552288671955466e-05,4.126302519580349e-05,8.15406565379817e-06,1.6057307220762596e-05,742,742
L19N3,G. Corcovado,2016-08-20,-43.32667,-73.39889,3.0,Mosaic_20160819_20160901.nc,1,0.0012953911209478974,0.004651810973882675,0.0013648549793288112,0.005124455783516169,0.0007225837325677276,0.003918671980500221,0.0001521629747003317,0.0026418273337185383,8.954015356721357e-05,0.002395506016910076,2.4580755052738823e-05,0.0009041419252753258,2.2720136257703416e-05,0.0009254977339878678,8.719745892449282e-06,0.00038859309279359877,735,735
L19N3,G. Corcovado,2016-09-03,-43.32667,-73.39889,2.0,Mosaic_20160908_20160921.nc,5,,,,,,,,,,,,,,,,,762,0
L19N3,G. Corcovado,2016-10-07,-43.32667,-73.39889,3.0,Mosaic_20160928_20161011.nc,9,0.0038026783149689436,0.005270533729344606,0.0037131840363144875,0.005136892199516296,0.0015204297378659248,0.0021955943666398525,0.00019517283362802118,0.0003030073712579906,0.00011219851148780435,0.00017856669728644192,3.0248549592215568e-05,4.9203605158254504e-05,2.8023208869853988e-05,4.624281427823007e-05,1.0860592738026753e-05,1.8293738321517594e-05,762,762
L19N3,G. Corcovado,2016-10-21,-43.32667,-73.39889,2.0,Mosaic_20161018_20161031.nc,3,0.004615894518792629,0.005672271829098463,0.005506572779268026,0.0060189953073859215,0.0030832604970782995,0.0037390589714050293,0.0004424492653924972,0.0006668731803074479,0.00026439150678925216,0.0004045726964250207,7.35872527002357e-05,0.00011279639147687703,6.96564165991731e-05,0.0001066085824277252,2.780423528747633e-05,4.244833689881489e-05,735,735
L19N3,G. Corcovado,2016-11-10,-43.32667,-73.39889,1.0,Mosaic_20161107_20161120.nc,3,0.003134715836495161,0.00475230161100626,0.00479758158326149,0.006869893055409193,0.005042863544076681,0.008917168714106083,0.0009290962480008602,0.0024613840505480766,0.0005656603607349098,0.0016282183350995183,0.00015420172712765634,0.0004559041408356279,0.00014933344209566712,0.0004451843269634992,6.004278111504391e-05,0.00017997816030401736,762,762
L19N3,G. Corcovado,2016-11-18,-43.32667,-73.39889,3.0,Mosaic_20161107_20161120.nc,11,0.003134715836495161,0.00475230161100626,0.00479758158326149,0.006869893055409193,0.005042863544076681,0.008917168714106083,0.0009290962480008602,0.0024613840505480766,0.0005656603607349098,0.0016282183350995183,0.00015420172712765634,0.0004559041408356279,0.00014933344209566712,0.0004451843269634992,6.004278111504391e-05,0.00017997816030401736,762,762
L19N3,G. Corcovado,2016-11-26,-43.32667,-73.39889,2.0,Mosaic_20161130_20161213.nc,4,0.0009862014558166265,0.0011279935715720057,0.0015596405137330294,0.001818282762542367,0.003469181712716818,0.004204537719488144,0.0020984059665352106,0.0026672615204006433,0.0017066372092813253,0.002251238562166691,0.0005816417979076505,0.0007838894962333143,0.0005855518393218517,0.0007918108021840453,0.00024258210032712668,0.00032690694206394255,742,742
L19N3,G. Corcovado,2016-12-07,-43.32667,-73.39889,5.0,Mosaic_20161130_20161213.nc,7,0.0009862014558166265,0.0011279935715720057,0.0015596405137330294,0.001818282762542367,0.003469181712716818,0.004204537719488144,0.0020984059665352106,0.0026672615204006433,0.0017066372092813253,0.002251238562166691,0.0005816417979076505,0.0007838894962333143,0.0005855518393218517,0.0007918108021840453,0.00024258210032712668,0.00032690694206394255,742,742
L19N3,G. Corcovado,2016-12-14,-43.32667,-73.39889,4.0,Mosaic_20161217_20161230.nc,3,0.003453343641012907,0.010060093365609646,0.0026609485503286123,0.00755498930811882,0.0015633531147614121,0.009462529793381691,0.0005344051751308143,0.004460717551410198,0.0003651730949059129,0.004094040021300316,0.00011371231084922329,0.0015616087475791574,0.0001107894058804959,0.0015975369606167078,4.5055629016133025e-05,0.0006574143189936876,742,95
L19N3,G. Corcovado,2017-01-16,-43.32667,-73.39889,0.0,Mosaic_20170126_20170208.nc,10,0.0010557426139712334,0.0028629403095692396,0.0016162083484232426,0.004016910679638386,0.002265629358589649,0.006535879336297512,0.0005809013382531703,0.0034567154943943024,0.00036458479007706046,0.002523978240787983,0.00010177904914598912,0.0008224879275076091,9.787869930732995e-05,0.0008304294897243381,3.933616244466975e-05,0.00034495897125452757,742,742
L19N3,G. Corcovado,2017-01-25,-43.32667,-73.39889,0.0,Mosaic_20170126_20170208.nc,1,0.0010557426139712334,0.0028629403095692396,0.0016162083484232426,0.004016910679638386,0.002265629358589649,0.006535879336297512,0.0005809013382531703,0.0034567154943943024,0.00036458479007706046,0.002523978240787983,0.00010177904914598912,0.0008224879275076091,9.787869930732995e-05,0.0008304294897243381,3.933616244466975e-05,0.00034495897125452757,742,742
L19N3,G. Corcovado,2017-02-06,-43.32667,-73.39889,1.0,Mosaic_20170215_20170228.nc,9,0.0007460055639967322,0.0007708196062594652,0.0011318481992930174,0.0011803662637248635,0.002067721216008067,0.0021767723374068737,0.0013521392829716206,0.0013523093657568097,0.001052261795848608,0.0010631497716531157,0.00033915904350578785,0.0003470109077170491,0.0003396644606254995,0.00034823897294700146,0.00013913848670199513,0.00014310423284769058,742,2
L19N3,G. Corcovado,2017-02-15,-43.32667,-73.39889,0.0,Mosaic_20170215_20170228.nc,0,0.0007460055639967322,0.0007708196062594652,0.0011318481992930174,0.0011803662637248635,0.002067721216008067,0.0021767723374068737,0.0013521392829716206,0.0013523093657568097,0.001052261795848608,0.0010631497716531157,0.00033915904350578785,0.0003470109077170491,0.0003396644606254995,0.00034823897294700146,0.00013913848670199513,0.00014310423284769058,742,2
L19N3,G. Corcovado,2017-02-25,-43.32667,-73.39889,0.0,Mosaic_20170215_20170228.nc,10,0.0007460055639967322,0.0007708196062594652,0.0011318481992930174,0.0011803662637248635,0.002067721216008067,0.0021767723374068737,0.0013521392829716206,0.0013523093657568097,0.001052261795848608,0.0010631497716531157,0.00033915904350578785,0.0003470109077170491,0.0003396644606254995,0.00034823897294700146,0.00013913848670199513,0.00014310423284769058,742,2
L19N3,G. Corcovado,2017-03-06,-43.32667,-73.39889,1.0,Mosaic_20170317_20170330.nc,11,0.0009968937374651432,0.00816770177334547,0.0012650758726522326,0.0062215132638812065,0.0011815379839390516,0.006372529547661543,0.0003970855614170432,0.004607619252055883,0.0002975183306261897,0.004159450531005859,9.241995576303452e-05,0.001523948973044753,9.043655154528096e-05,0.0015474692918360233,3.6757217458216473e-05,0.0006323553388938308,742,742
L19N3,G. Corcovado,2017-03-14,-43.32667,-73.39889,0.0,Mosaic_20170317_20170330.nc,3,0.0009968937374651432,0.00816770177334547,0.0012650758726522326,0.0062215132638812065,0.0011815379839390516,0.006372529547661543,0.0003970855614170432,0.004607619252055883,0.0002975183306261897,0.004159450531005859,9.241995576303452e-05,0.001523948973044753,9.043655154528096e-05,0.0015474692918360233,3.6757217458216473e-05,0.0006323553388938308,742,742
L19N3,G. Corcovado,2017-03-20,-43.32667,-73.39889,1.0,Mosaic_20170317_20170330.nc,3,0.0009968937374651432,0.00816770177334547,0.0012650758726522326,0.0062215132638812065,0.0011815379839390516,0.006372529547661543,0.0003970855614170432,0.004607619252055883,0.0002975183306261897,0.004159450531005859,9.241995576303452e-05,0.001523948973044753,9.043655154528096e-05,0.0015474692918360233,3.6757217458216473e-05,0.0006323553388938308,742,742
L19N3,G. Corcovado,2017-04-03,-43.32667,-73.39889,0.0,Mosaic_20170409_20170422.nc,6,0.004640144295990467,0.00585739454254508,0.005139720626175404,0.0063728755339980125,0.002604955807328224,0.003766292706131935,0.0003982696798630059,0.000747348356526345,0.00023672898532822728,0.0005949917249381542,6.584514630958438e-05,0.0002007758303079754,6.148574175313115e-05,0.00020073269843123853,2.435536043776665e-05,8.261522452812642e-05,742,742
L19N3,G. Corcovado,2017-04-12,-43.32667,-73.39889,0.0,Mosaic_20170409_20170422.nc,3,0.004640144295990467,0.00585739454254508,0.005139720626175404,0.0063728755339980125,0.002604955807328224,0.003766292706131935,0.0003982696798630059,0.000747348356526345,0.00023672898532822728,0.0005949917249381542,6.584514630958438e-05,0.0002007758303079754,6.148574175313115e-05,0.00020073269843123853,2.435536043776665e-05,8.261522452812642e-05,742,742
L19N3,G. Corcovado,2017-04-21,-43.32667,-73.39889,4.0,Mosaic_20170409_20170422.nc,12,0.004640144295990467,0.00585739454254508,0.005139720626175404,0.0063728755339980125,0.002604955807328224,0.003766292706131935,0.0003982696798630059,0.000747348356526345,0.00023672898532822728,0.0005949917249381542,6.584514630958438e-05,0.0002007758303079754,6.148574175313115e-05,0.00020073269843123853,2.435536043776665e-05,8.261522452812642e-05,742,742
L19N3,G. Corcovado,2017-05-08,-43.32667,-73.39889,1.0,Mosaic_20170509_20170522.nc,1,0.001965546514838934,0.002869122661650181,0.002451450563967228,0.003576870309188962,0.0014760063495486975,0.0026042491663247347,0.00022524126688949764,0.0004768690560013056,0.00012969547242391855,0.00028364217723719776,3.514592390274629e-05,7.636785448994488e-05,3.280301461927593e-05,7.218821701826528e-05,1.280115066037979e-05,2.8487613235483877e-05,762,762
L19N3,G. Corcovado,2017-05-23,-43.32667,-73.39889,1.0,Mosaic_20170526_20170608.nc,3,0.0051532285287976265,0.01688867062330246,0.0036133346147835255,0.010038209147751331,0.0007580025121569633,0.0032789455726742744,8.885080751497298e-05,0.0011866041459143162,5.007212166674435e-05,0.0009218130726367235,1.3088063496979885e-05,0.0003102716582361609,1.1680523130053189e-05,0.0003102957271039486,4.23775509261759e-06,0.00012845094897784293,762,348
L19N3,G. Corcovado,2017-05-30,-43.32667,-73.39889,,Mosaic_20170526_20170608.nc,4,0.0051532285287976265,0.01688867062330246,0.0036133346147835255,0.010038209147751331,0.0007580025121569633,0.0032789455726742744,8.885080751497298e-05,0.0011866041459143162,5.007212166674435e-05,0.0009218130726367235,1.3088063496979885e-05,0.0003102716582361609,1.1680523130053189e-05,0.0003102957271039486,4.23775509261759e-06,0.00012845094897784293,762,348
L19N3,G. Corcovado,2017-07-04,-43.32667,-73.39889,1.0,Mosaic_20170710_20170723.nc,6,0.003259028773754835,0.006848217453807592,0.0031599202193319798,0.005463069304823875,0.0010173236951231956,0.0023364850785583258,0.00011649478983599693,0.00034626421984285116,6.359427061397582e-05,0.00019763511954806745,1.6561811207793653e-05,5.2919691370334476e-05,1.4840971743979026e-05,4.866672315984033e-05,5.512346433533821e-06,1.89206657523755e-05,762,762
L19N3,G. Corcovado,2017-07-31,-43.32667,-73.39889,0.0,Mosaic_20170725_20170807.nc,6,0.005160016007721424,0.007008381187915802,0.005658845417201519,0.006914027500897646,0.0028785555623471737,0.003919505048543215,0.00044743597391061485,0.0006459784344770014,0.00026551878545433283,0.00038417152245528996,7.369533705059439e-05,0.00010533977183513343,6.849452620372176e-05,9.869677887763828e-05,2.708925967453979e-05,3.898995055351406e-05,742,742
L19N3,G. Corcovado,2017-08-26,-43.32667,-73.39889,2.0,Mosaic_20170829_20170911.nc,3,0.008205185644328594,0.011579728685319424,0.006836866028606892,0.011154376901686192,0.00228394428268075,0.005294024478644133,0.000347128720022738,0.0013847202062606812,0.0002140752476407215,0.0012575419386848807,6.02079599048011e-05,0.0004849201359320432,5.52694036741741e-05,0.0004983974504284561,2.1612435375573114e-05,0.00021246622782200575,762,762
L19N3,G. Corcovado,2017-09-25,-43.32667,-73.39889,1.0,Mosaic_20171001_20171014.nc,6,0.0017409574938938022,0.002561363857239485,0.002102262806147337,0.0028704823926091194,0.0013359151780605316,0.0020489415619522333,0.00020666184718720615,0.00035587704041972756,0.00011842871026601642,0.00020938536908943206,3.1602026865584776e-05,5.670372775057331e-05,2.958837285405025e-05,5.3451363783096895e-05,1.1510155673022382e-05,2.1109861336299218e-05,756,756
L19N3,G. Corcovado,2017-10-10,-43.32667,-73.39889,1.0,Mosaic_20171018_20171031.nc,8,0.0010634183418005705,0.009102139621973038,0.0015058449935168028,0.004261406138539314,0.0025705392472445965,0.005871538072824478,0.0030480646528303623,0.006767153274267912,0.0027884263545274734,0.006616306956857443,0.001060392940416932,0.0026524916756898165,0.0010879447218030691,0.002736342139542103,0.00045601127203553915,0.001119410153478384,762,494
L19N3,G. Corcovado,2017-10-24,-43.32667,-73.39889,1.0,Mosaic_20171018_20171031.nc,6,0.0010634183418005705,0.009102139621973038,0.0015058449935168028,0.004261406138539314,0.0025705392472445965,0.005871538072824478,0.0030480646528303623,0.006767153274267912,0.0027884263545274734,0.006616306956857443,0.001060392940416932,0.0026524916756898165,0.0010879447218030691,0.002736342139542103,0.00045601127203553915,0.001119410153478384,762,494
L19N3,G. Corcovado,2017-11-06,-43.32667,-73.39889,0.0,Mosaic_20171102_20171115.nc,4,0.0011694392887875438,0.004699144512414932,0.0016088227275758982,0.0036697378382086754,0.0013901022030040622,0.0020673193503171206,0.00024745604605413973,0.00044742689351551235,0.00014278035087045282,0.00028376432601362467,3.796881719608791e-05,7.892667053965852e-05,3.579126496333629e-05,7.593860209453851e-05,1.3994970686326269e-05,3.03967681247741e-05,735,735
L19N3,G. Corcovado,2017-11-28,-43.32667,-73.39889,0.0,Mosaic_20171205_20171218.nc,7,0.0008328314288519323,0.0017758568283170462,0.0013499294873327017,0.0025974162854254246,0.0027018729597330093,0.0051654246635735035,0.0010214706417173147,0.003971942700445652,0.000720165902748704,0.003378870664164424,0.00021899910643696785,0.0011822996893897653,0.0002157002018066123,0.0011930244509130716,8.849347796058282e-05,0.0004877255414612591,742,742
L19N3,G. Corcovado,2017-12-05,-43.32667,-73.39889,2.0,Mosaic_20171205_20171218.nc,0,0.0008328314288519323,0.0017758568283170462,0.0013499294873327017,0.0025974162854254246,0.0027018729597330093,0.0051654246635735035,0.0010214706417173147,0.003971942700445652,0.000720165902748704,0.003378870664164424,0.00021899910643696785,0.0011822996893897653,0.0002157002018066123,0.0011930244509130716,8.849347796058282e-05,0.0004877255414612591,742,742
L19N3,G. Corcovado,2017-12-15,-43.32667,-73.39889,0.0,Mosaic_20171220_20180102.nc,5,,,,,,,,,,,,,,,,,735,0
L19N3,G. Corcovado,2018-01-09,-43.32667,-73.39889,0.0,Mosaic_20180109_20180122.nc,0,0.0009810730116441846,0.002000566804781556,0.0015104720368981361,0.0031919998582452536,0.003114030696451664,0.007723673712462187,0.002130010398104787,0.006728768814355135,0.0018186727538704872,0.006513891741633415,0.0006497447029687464,0.0025744650047272444,0.0006587938405573368,0.00265109958127141,0.0002747997350525111,0.0010794911067932844,756,756
L19N3,G. Corcovado,2018-01-23,-43.32667,-73.39889,3.0,Mosaic_20180124_20180206.nc,1,0.0006098883459344506,0.0007981715607456863,0.0009464408503845334,0.0012962500331923366,0.0017983877332881093,0.0024595046415925026,0.0006709482986479998,0.001125990180298686,0.00046437734272331,0.0008751741843298078,0.00013862084597349167,0.0002915291115641594,0.0001353706611553207,0.0002909773029386997,5.542471990338527e-05,0.0001212611241498962,756,756
L19N3,G. Corcovado,2018-02-02,-43.32667,-73.39889,9.0,Mosaic_20180210_20180223.nc,8,0.0006876756087876856,0.0007902621291577816,0.0011211470700800419,0.001269790343940258,0.0022298868279904127,0.0025084654334932566,0.0008789384737610817,0.0011091232299804688,0.0006019637221470475,0.0007916909526102245,0.00017581337306182832,0.0002466921869199723,0.00017236005805898458,0.00024482019944116473,7.017131429165602e-05,0.00010112889140145853,762,762
L19N3,G. Corcovado,2018-02-07,-43.32667,-73.39889,9.0,Mosaic_20180210_20180223.nc,3,0.0006876756087876856,0.0007902621291577816,0.0011211470700800419,0.001269790343940258,0.0022298868279904127,0.0025084654334932566,0.0008789384737610817,0.0011091232299804688,0.0006019637221470475,0.0007916909526102245,0.00017581337306182832,0.0002466921869199723,0.00017236005805898458,0.00024482019944116473,7.017131429165602e-05,0.00010112889140145853,762,762
L19N3,G. Corcovado,2018-02-14,-43.32667,-73.39889,4.0,Mosaic_20180210_20180223.nc,4,0.0006876756087876856,0.0007902621291577816,0.0011211470700800419,0.001269790343940258,0.0022298868279904127,0.0025084654334932566,0.0008789384737610817,0.0011091232299804688,0.0006019637221470475,0.0007916909526102245,0.00017581337306182832,0.0002466921869199723,0.00017236005805898458,0.00024482019944116473,7.017131429165602e-05,0.00010112889140145853,762,762
L19N3,G. Corcovado,2018-03-01,-43.32667,-73.39889,2.0,Mosaic_20180302_20180315.nc,1,,,,,,,,,,,,,,,,,742,0
L19N3,G. Corcovado,2018-03-07,-43.32667,-73.39889,4.0,Mosaic_20180302_20180315.nc,5,,,,,,,,,,,,,,,,,742,0
L19N3,G. Corcovado,2018-03-14,-43.32667,-73.39889,1.0,Mosaic_20180317_20180330.nc,3,0.005476655438542366,0.006364951841533184,0.005195909179747105,0.00638206209987402,0.0019129728898406029,0.0030301089864224195,0.00024880532873794436,0.00046852653031237423,0.00014577791444025934,0.00028137624030932784,4.0111881389748305e-05,7.87232638685964e-05,3.718236257554963e-05,7.390051177935675e-05,1.4529663530993275e-05,2.937902172561735e-05,762,762
L19N3,G. Corcovado,2018-03-18,-43.32667,-73.39889,3.0,Mosaic_20180317_20180330.nc,1,0.005476655438542366,0.006364951841533184,0.005195909179747105,0.00638206209987402,0.0019129728898406029,0.0030301089864224195,0.00024880532873794436,0.00046852653031237423,0.00014577791444025934,0.00028137624030932784,4.0111881389748305e-05,7.87232638685964e-05,3.718236257554963e-05,7.390051177935675e-05,1.4529663530993275e-05,2.937902172561735e-05,762,762
L19N3,G. Corcovado,2018-03-24,-43.32667,-73.39889,3.0,Mosaic_20180317_20180330.nc,7,0.005476655438542366,0.006364951841533184,0.005195909179747105,0.00638206209987402,0.0019129728898406029,0.0030301089864224195,0.00024880532873794436,0.00046852653031237423,0.00014577791444025934,0.00028137624030932784,4.0111881389748305e-05,7.87232638685964e-05,3.718236257554963e-05,7.390051177935675e-05,1.4529663530993275e-05,2.937902172561735e-05,762,762
L19N3,G. Corcovado,2018-04-04,-43.32667,-73.39889,0.0,Mosaic_20180401_20180414.nc,3,0.0014325559604912996,0.0019060386111959815,0.002090280642732978,0.0028131657745689154,0.0021168114617466927,0.0029590241611003876,0.00042291361023671925,0.001316299894824624,0.0002539634588174522,0.001053400570526719,6.855493120383471e-05,0.0003528897650539875,6.523056072182953e-05,0.00035227712942287326,2.5877170628518797e-05,0.0001443015644326806,742,742
L19N3,G. Corcovado,2018-04-14,-43.32667,-73.39889,,Mosaic_20180424_20180507.nc,10,0.0022155321203172207,0.004436363931745291,0.0027368352748453617,0.0045233191922307014,0.0016839702147990465,0.002711883280426264,0.00025653274497017264,0.0004696196992881596,0.00014859260409139097,0.00027688092086464167,4.034121593576856e-05,7.534053293056786e-05,3.7729390896856785e-05,7.064521196298301e-05,1.4820801879977807e-05,2.7884550945600495e-05,735,735
L19N3,G. Corcovado,2018-04-30,-43.32667,-73.39889,0.0,Mosaic_20180424_20180507.nc,6,0.0022155321203172207,0.004436363931745291,0.0027368352748453617,0.0045233191922307014,0.0016839702147990465,0.002711883280426264,0.00025653274497017264,0.0004696196992881596,0.00014859260409139097,0.00027688092086464167,4.034121593576856e-05,7.534053293056786e-05,3.7729390896856785e-05,7.064521196298301e-05,1.4820801879977807e-05,2.7884550945600495e-05,735,735
L19N3,G. Corcovado,2018-05-09,-43.32667,-73.39889,2.0,Mosaic_20180511_20180524.nc,2,0.005031263455748558,0.006654702126979828,0.004660008009523153,0.006798394024372101,0.001731565105728805,0.0031135673634707928,0.00022242747945711017,0.00044444267405197024,0.00012688386777881533,0.0002593570970930159,3.450916483416222e-05,7.077590271364897e-05,3.121972258668393e-05,6.489814404631034e-05,1.2056065315846354e-05,2.5325207388959825e-05,735,735
L19N3,G. Corcovado,2018-05-14,-43.32667,-73.39889,1.0,Mosaic_20180511_20180524.nc,3,0.005031263455748558,0.006654702126979828,0.004660008009523153,0.006798394024372101,0.001731565105728805,0.0031135673634707928,0.00022242747945711017,0.00044444267405197024,0.00012688386777881533,0.0002593570970930159,3.450916483416222e-05,7.077590271364897e-05,3.121972258668393e-05,6.489814404631034e-05,1.2056065315846354e-05,2.5325207388959825e-05,735,735
L19N3,G. Corcovado,2018-05-20,-43.32667,-73.39889,0.0,Mosaic_20180526_20180608.nc,6,0.0030587674118578434,0.005686402786523104,0.003764864755794406,0.0062440200708806515,0.0021929023787379265,0.0033125204499810934,0.0003329172031953931,0.0005293305148370564,0.00019507390970829874,0.00031116383615881205,5.375436012400314e-05,8.450716268271208e-05,5.0776136049535125e-05,7.907582767074928e-05,2.0131526980549097e-05,3.1191357265925035e-05,742,742
L19N3,G. Corcovado,2018-06-04,-43.32667,-73.39889,0.0,Mosaic_20180526_20180608.nc,9,0.0030587674118578434,0.005686402786523104,0.003764864755794406,0.0062440200708806515,0.0021929023787379265,0.0033125204499810934,0.0003329172031953931,0.0005293305148370564,0.00019507390970829874,0.00031116383615881205,5.375436012400314e-05,8.450716268271208e-05,5.0776136049535125e-05,7.907582767074928e-05,2.0131526980549097e-05,3.1191357265925035e-05,742,742
L19N3,G. Corcovado,2018-06-15,-43.32667,-73.39889,1.0,Mosaic_20180613_20180626.nc,2,0.002626243978738785,0.003981064073741436,0.003118579275906086,0.00465388223528862,0.0017351384740322828,0.0027332173194736242,0.00025459780590608716,0.00041980206151492894,0.00014700531028211117,0.0002442596887703985,4.0041752072284e-05,6.595908780582249e-05,3.760534309549257e-05,6.168671825435013e-05,1.480532137065893e-05,2.442831282678526e-05,762,762
L19N3,G. Corcovado,2018-07-03,-43.32667,-73.39889,1.0,Mosaic_20180703_20180716.nc,0,0.00241039483807981,0.0033633701968938112,0.003091517137363553,0.004101888742297888,0.0020455089397728443,0.003014726797118783,0.00032862304942682385,0.0005398980574682355,0.00019278934632893652,0.00031791269429959357,5.274893919704482e-05,8.474382048007101e-05,4.9857262638397515e-05,7.963394455146044e-05,1.9747680198634043e-05,3.1292041967390105e-05,756,756
L19N3,G. Corcovado,2018-07-13,-43.32667,-73.39889,0.0,Mosaic_20180718_20180731.nc,5,0.0034509054385125637,0.005633877124637365,0.0037778131663799286,0.005677279084920883,0.0017834431491792202,0.0026716289576143026,0.00024953094543889165,0.0004236280219629407,0.00014596435357816517,0.0002502135175745934,3.983792703365907e-05,6.906507042003796e-05,3.71764472220093e-05,6.490963278338313e-05,1.4575511158909649e-05,2.5757446564966813e-05,756,756
L19N3,G. Corcovado,2018-07-17,-43.32667,-73.39889,,Mosaic_20180718_20180731.nc,1,0.0034509054385125637,0.005633877124637365,0.0037778131663799286,0.005677279084920883,0.0017834431491792202,0.0026716289576143026,0.00024953094543889165,0.0004236280219629407,0.00014596435357816517,0.0002502135175745934,3.983792703365907e-05,6.906507042003796e-05,3.71764472220093e-05,6.490963278338313e-05,1.4575511158909649e-05,2.5757446564966813e-05,756,756
L19N3,G. Corcovado,2018-07-23,-43.32667,-73.39889,0.0,Mosaic_20180718_20180731.nc,5,0.0034509054385125637,0.005633877124637365,0.0037778131663799286,0.005677279084920883,0.0017834431491792202,0.0026716289576143026,0.00024953094543889165,0.0004236280219629407,0.00014596435357816517,0.0002502135175745934,3.983792703365907e-05,6.906507042003796e-05,3.71764472220093e-05,6.490963278338313e-05,1.4575511158909649e-05,2.5757446564966813e-05,756,756
L19N3,G. Corcovado,2018-07-24,-43.32667,-73.39889,,Mosaic_20180718_20180731.nc,6,0.0034509054385125637,0.005633877124637365,0.0037778131663799286,0.005677279084920883,0.0017834431491792202,0.0026716289576143026,0.00024953094543889165,0.0004236280219629407,0.00014596435357816517,0.0002502135175745934,3.983792703365907e-05,6.906507042003796e-05,3.71764472220093e-05,6.490963278338313e-05,1.4575511158909649e-05,2.5757446564966813e-05,756,756
L19N3,G. Corcovado,2018-07-26,-43.32667,-73.39889,,Mosaic_20180718_20180731.nc,8,0.0034509054385125637,0.005633877124637365,0.0037778131663799286,0.005677279084920883,0.0017834431491792202,0.0026716289576143026,0.00024953094543889165,0.0004236280219629407,0.00014596435357816517,0.0002502135175745934,3.983792703365907e-05,6.906507042003796e-05,3.71764472220093e-05,6.490963278338313e-05,1.4575511158909649e-05,2.5757446564966813e-05,756,756
L19N3,G. Corcovado,2018-07-27,-43.32667,-73.39889,,Mosaic_20180718_20180731.nc,9,0.0034509054385125637,0.005633877124637365,0.0037778131663799286,0.005677279084920883,0.0017834431491792202,0.0026716289576143026,0.00024953094543889165,0.0004236280219629407,0.00014596435357816517,0.0002502135175745934,3.983792703365907e-05,6.906507042003796e-05,3.71764472220093e-05,6.490963278338313e-05,1.4575511158909649e-05,2.5757446564966813e-05,756,756
L19N3,G. Corcovado,2018-07-29,-43.32667,-73.39889,,Mosaic_20180807_20180820.nc,9,0.006550178863108158,0.007654864806681871,0.0054847002029418945,0.007165295071899891,0.0018276770133525133,0.00273163546808064,0.00022957994951866567,0.0003784329746849835,0.00013415154535323381,0.0002209473168477416,3.661516529973596e-05,6.061323801986873e-05,3.354410728206858e-05,5.533643707167357e-05,1.295686888624914e-05,2.1556023057200946e-05,742,742
L19N3,G. Corcovado,2018-07-31,-43.32667,-73.39889,0.0,Mosaic_20180807_20180820.nc,7,0.006550178863108158,0.007654864806681871,0.0054847002029418945,0.007165295071899891,0.0018276770133525133,0.00273163546808064,0.00022957994951866567,0.0003784329746849835,0.00013415154535323381,0.0002209473168477416,3.661516529973596e-05,6.061323801986873e-05,3.354410728206858e-05,5.533643707167357e-05,1.295686888624914e-05,2.1556023057200946e-05,742,742
L19N3,G. Corcovado,2018-08-03,-43.32667,-73.39889,,Mosaic_20180807_20180820.nc,4,0.006550178863108158,0.007654864806681871,0.0054847002029418945,0.007165295071899891,0.0018276770133525133,0.00273163546808064,0.00022957994951866567,0.0003784329746849835,0.00013415154535323381,0.0002209473168477416,3.661516529973596e-05,6.061323801986873e-05,3.354410728206858e-05,5.533643707167357e-05,1.295686888624914e-05,2.1556023057200946e-05,742,742
L19N3,G. Corcovado,2018-08-05,-43.32667,-73.39889,0.0,Mosaic_20180807_20180820.nc,2,0.006550178863108158,0.007654864806681871,0.0054847002029418945,0.007165295071899891,0.0018276770133525133,0.00273163546808064,0.00022957994951866567,0.0003784329746849835,0.00013415154535323381,0.0002209473168477416,3.661516529973596e-05,6.061323801986873e-05,3.354410728206858e-05,5.533643707167357e-05,1.295686888624914e-05,2.1556023057200946e-05,742,742
L19N3,G. Corcovado,2018-08-06,-43.32667,-73.39889,,Mosaic_20180807_20180820.nc,1,0.006550178863108158,0.007654864806681871,0.0054847002029418945,0.007165295071899891,0.0018276770133525133,0.00273163546808064,0.00022957994951866567,0.0003784329746849835,0.00013415154535323381,0.0002209473168477416,3.661516529973596e-05,6.061323801986873e-05,3.354410728206858e-05,5.533643707167357e-05,1.295686888624914e-05,2.1556023057200946e-05,742,742
L19N3,G. Corcovado,2018-08-07,-43.32667,-73.39889,,Mosaic_20180807_20180820.nc,0,0.006550178863108158,0.007654864806681871,0.0054847002029418945,0.007165295071899891,0.0018276770133525133,0.00273163546808064,0.00022957994951866567,0.0003784329746849835,0.00013415154535323381,0.0002209473168477416,3.661516529973596e-05,6.061323801986873e-05,3.354410728206858e-05,5.533643707167357e-05,1.295686888624914e-05,2.1556023057200946e-05,742,742
L19N3,G. Corcovado,2018-08-20,-43.32667,-73.39889,,Mosaic_20180827_20180909.nc,7,0.005550318397581577,0.006744689773768187,0.005304418504238129,0.006809425074607134,0.002054248470813036,0.0029739094898104668,0.0002798248315230012,0.0004294087702874094,0.00016582789248786867,0.0002560810826253146,4.595155769493431e-05,7.124397961888462e-05,4.2855332139879465e-05,6.635941826971248e-05,1.6842403056216426e-05,2.6264739062753506e-05,762,762
L19N3,G. Corcovado,2018-08-21,-43.32667,-73.39889,,Mosaic_20180827_20180909.nc,6,0.005550318397581577,0.006744689773768187,0.005304418504238129,0.006809425074607134,0.002054248470813036,0.0029739094898104668,0.0002798248315230012,0.0004294087702874094,0.00016582789248786867,0.0002560810826253146,4.595155769493431e-05,7.124397961888462e-05,4.2855332139879465e-05,6.635941826971248e-05,1.6842403056216426e-05,2.6264739062753506e-05,762,762
L19N3,G. Corcovado,2018-08-30,-43.32667,-73.39889,3.0,Mosaic_20180827_20180909.nc,3,0.005550318397581577,0.006744689773768187,0.005304418504238129,0.006809425074607134,0.002054248470813036,0.0029739094898104668,0.0002798248315230012,0.0004294087702874094,0.00016582789248786867,0.0002560810826253146,4.595155769493431e-05,7.124397961888462e-05,4.2855332139879465e-05,6.635941826971248e-05,1.6842403056216426e-05,2.6264739062753506e-05,762,762
L19N3,G. Corcovado,2018-08-31,-43.32667,-73.39889,,Mosaic_20180827_20180909.nc,4,0.005550318397581577,0.006744689773768187,0.005304418504238129,0.006809425074607134,0.002054248470813036,0.0029739094898104668,0.0002798248315230012,0.0004294087702874094,0.00016582789248786867,0.0002560810826253146,4.595155769493431e-05,7.124397961888462e-05,4.2855332139879465e-05,6.635941826971248e-05,1.6842403056216426e-05,2.6264739062753506e-05,762,762
L19N3,G. Corcovado,2018-09-01,-43.32667,-73.39889,,Mosaic_20180827_20180909.nc,5,0.005550318397581577,0.006744689773768187,0.005304418504238129,0.006809425074607134,0.002054248470813036,0.0029739094898104668,0.0002798248315230012,0.0004294087702874094,0.00016582789248786867,0.0002560810826253146,4.595155769493431e-05,7.124397961888462e-05,4.2855332139879465e-05,6.635941826971248e-05,1.6842403056216426e-05,2.6264739062753506e-05,762,762
L19N3,G. Corcovado,2018-09-06,-43.32667,-73.39889,,Mosaic_20180911_20180924.nc,5,,,,,,,,,,,,,,,,,762,0
L19N3,G. Corcovado,2018-09-08,-43.32667,-73.39889,,Mosaic_20180911_20180924.nc,3,,,,,,,,,,,,,,,,,762,0
L19N3,G. Corcovado,2018-09-09,-43.32667,-73.39889,1.0,Mosaic_20180911_20180924.nc,2,,,,,,,,,,,,,,,,,762,0
L19N3,G. Corcovado,2018-09-12,-43.32667,-73.39889,0.0,Mosaic_20180911_20180924.nc,1,,,,,,,,,,,,,,,,,762,0
L19N3,G. Corcovado,2018-09-13,-43.32667,-73.39889,,Mosaic_20180911_20180924.nc,2,,,,,,,,,,,,,,,,,762,0
L19N3,G. Corcovado,2018-09-14,-43.32667,-73.39889,,Mosaic_20180911_20180924.nc,3,,,,,,,,,,,,,,,,,762,0
L19N3,G. Corcovado,2018-09-15,-43.32667,-73.39889,,Mosaic_20180911_20180924.nc,4,,,,,,,,,,,,,,,,,762,0
L19N3,G. Corcovado,2018-10-01,-43.32667,-73.39889,,Mosaic_20181003_20181016.nc,2,0.0013532711891457438,0.006389315240085125,0.001912978827022016,0.0029031287413090467,0.0017641776939854026,0.0054998937994241714,0.0003365788434166461,0.0027505382895469666,0.00019871607946697623,0.0024872254580259323,5.369292921386659e-05,0.0009117273148149252,5.0877508328994736e-05,0.0009357098606415093,2.0108476746827364e-05,0.00038565840804949403,762,725
L19N3,G. Corcovado,2018-10-02,-43.32667,-73.39889,2.0,Mosaic_20181003_20181016.nc,1,0.0013532711891457438,0.006389315240085125,0.001912978827022016,0.0029031287413090467,0.0017641776939854026,0.0054998937994241714,0.0003365788434166461,0.0027505382895469666,0.00019871607946697623,0.0024872254580259323,5.369292921386659e-05,0.0009117273148149252,5.0877508328994736e-05,0.0009357098606415093,2.0108476746827364e-05,0.00038565840804949403,762,725
L19N3,G. Corcovado,2018-10-03,-43.32667,-73.39889,,Mosaic_20181003_20181016.nc,0,0.0013532711891457438,0.006389315240085125,0.001912978827022016,0.0029031287413090467,0.0017641776939854026,0.0054998937994241714,0.0003365788434166461,0.0027505382895469666,0.00019871607946697623,0.0024872254580259323,5.369292921386659e-05,0.0009117273148149252,5.0877508328994736e-05,0.0009357098606415093,2.0108476746827364e-05,0.00038565840804949403,762,725
L19N3,G. Corcovado,2018-10-06,-43.32667,-73.39889,,Mosaic_20181003_20181016.nc,3,0.0013532711891457438,0.006389315240085125,0.001912978827022016,0.0029031287413090467,0.0017641776939854026,0.0054998937994241714,0.0003365788434166461,0.0027505382895469666,0.00019871607946697623,0.0024872254580259323,5.369292921386659e-05,0.0009117273148149252,5.0877508328994736e-05,0.0009357098606415093,2.0108476746827364e-05,0.00038565840804949403,762,725
L19N3,G. Corcovado,2018-10-10,-43.32667,-73.39889,1.0,Mosaic_20181003_20181016.nc,7,0.0013532711891457438,0.006389315240085125,0.001912978827022016,0.0029031287413090467,0.0017641776939854026,0.0054998937994241714,0.0003365788434166461,0.0027505382895469666,0.00019871607946697623,0.0024872254580259323,5.369292921386659e-05,0.0009117273148149252,5.0877508328994736e-05,0.0009357098606415093,2.0108476746827364e-05,0.00038565840804949403,762,725
L19N3,G. Corcovado,2018-10-11,-43.32667,-73.39889,,Mosaic_20181018_20181031.nc,7,0.00555102713406086,0.006414942443370819,0.005267825908958912,0.0063944426365196705,0.0019079166231676936,0.0025500310584902763,0.00023610641073901206,0.0003239726647734642,0.0001384852221235633,0.0001918439520522952,3.794868098339066e-05,5.313653309713118e-05,3.525934516801499e-05,4.9300499085802585e-05,1.3790634511678945e-05,1.9421469914959744e-05,762,762
L19N3,G. Corcovado,2018-10-23,-43.32667,-73.39889,0.0,Mosaic_20181018_20181031.nc,5,0.00555102713406086,0.006414942443370819,0.005267825908958912,0.0063944426365196705,0.0019079166231676936,0.0025500310584902763,0.00023610641073901206,0.0003239726647734642,0.0001384852221235633,0.0001918439520522952,3.794868098339066e-05,5.313653309713118e-05,3.525934516801499e-05,4.9300499085802585e-05,1.3790634511678945e-05,1.9421469914959744e-05,762,762
L19N3,G. Corcovado,2018-10-24,-43.32667,-73.39889,,Mosaic_20181018_20181031.nc,6,0.00555102713406086,0.006414942443370819,0.005267825908958912,0.0063944426365196705,0.0019079166231676936,0.0025500310584902763,0.00023610641073901206,0.0003239726647734642,0.0001384852221235633,0.0001918439520522952,3.794868098339066e-05,5.313653309713118e-05,3.525934516801499e-05,4.9300499085802585e-05,1.3790634511678945e-05,1.9421469914959744e-05,762,762
L19N3,G. Corcovado,2018-10-26,-43.32667,-73.39889,,Mosaic_20181018_20181031.nc,8,0.00555102713406086,0.006414942443370819,0.005267825908958912,0.0063944426365196705,0.0019079166231676936,0.0025500310584902763,0.00023610641073901206,0.0003239726647734642,0.0001384852221235633,0.0001918439520522952,3.794868098339066e-05,5.313653309713118e-05,3.525934516801499e-05,4.9300499085802585e-05,1.3790634511678945e-05,1.9421469914959744e-05,762,762
L19N3,G. Corcovado,2018-11-01,-43.32667,-73.39889,1.0,Mosaic_20181105_20181118.nc,4,0.0017629724461585283,0.002425042213872075,0.0025111250579357147,0.003302335273474455,0.0023396406322717667,0.0026972165796905756,0.00046154612209647894,0.0006037482526153326,0.0002754617016762495,0.0003715178172569722,7.468333205906674e-05,0.00010139266669284552,7.124630792532116e-05,9.727665019454435e-05,2.8374994144542143e-05,3.888500214088708e-05,762,762
L19N3,G. Corcovado,2018-11-02,-43.32667,-73.39889,,Mosaic_20181105_20181118.nc,3,0.0017629724461585283,0.002425042213872075,0.0025111250579357147,0.003302335273474455,0.0023396406322717667,0.0026972165796905756,0.00046154612209647894,0.0006037482526153326,0.0002754617016762495,0.0003715178172569722,7.468333205906674e-05,0.00010139266669284552,7.124630792532116e-05,9.727665019454435e-05,2.8374994144542143e-05,3.888500214088708e-05,762,762
L19N3,G. Corcovado,2018-11-03,-43.32667,-73.39889,,Mosaic_20181105_20181118.nc,2,0.0017629724461585283,0.002425042213872075,0.0025111250579357147,0.003302335273474455,0.0023396406322717667,0.0026972165796905756,0.00046154612209647894,0.0006037482526153326,0.0002754617016762495,0.0003715178172569722,7.468333205906674e-05,0.00010139266669284552,7.124630792532116e-05,9.727665019454435e-05,2.8374994144542143e-05,3.888500214088708e-05,762,762
L19N3,G. Corcovado,2018-11-08,-43.32667,-73.39889,,Mosaic_20181105_20181118.nc,3,0.0017629724461585283,0.002425042213872075,0.0025111250579357147,0.003302335273474455,0.0023396406322717667,0.0026972165796905756,0.00046154612209647894,0.0006037482526153326,0.0002754617016762495,0.0003715178172569722,7.468333205906674e-05,0.00010139266669284552,7.124630792532116e-05,9.727665019454435e-05,2.8374994144542143e-05,3.888500214088708e-05,762,762
L19N3,G. Corcovado,2018-11-09,-43.32667,-73.39889,3.0,Mosaic_20181105_20181118.nc,4,0.0017629724461585283,0.002425042213872075,0.0025111250579357147,0.003302335273474455,0.0023396406322717667,0.0026972165796905756,0.00046154612209647894,0.0006037482526153326,0.0002754617016762495,0.0003715178172569722,7.468333205906674e-05,0.00010139266669284552,7.124630792532116e-05,9.727665019454435e-05,2.8374994144542143e-05,3.888500214088708e-05,762,762
L19N3,G. Corcovado,2018-11-10,-43.32667,-73.39889,,Mosaic_20181105_20181118.nc,5,0.0017629724461585283,0.002425042213872075,0.0025111250579357147,0.003302335273474455,0.0023396406322717667,0.0026972165796905756,0.00046154612209647894,0.0006037482526153326,0.0002754617016762495,0.0003715178172569722,7.468333205906674e-05,0.00010139266669284552,7.124630792532116e-05,9.727665019454435e-05,2.8374994144542143e-05,3.888500214088708e-05,762,762
L19N3,G. Corcovado,2018-11-23,-43.32667,-73.39889,0.0,Mosaic_20181127_20181210.nc,4,0.0035412071738392115,0.005631669424474239,0.004315062426030636,0.005669721867889166,0.002645299769937992,0.0030713609885424376,0.00043074466520920396,0.0005431148456409574,0.000258142885286361,0.0003283872501924634,7.21451360732317e-05,9.217677143169567e-05,6.841856520622969e-05,8.755737508181483e-05,2.7394322387408465e-05,3.507992732920684e-05,742,742
L19N3,G. Corcovado,2018-11-24,-43.32667,-73.39889,,Mosaic_20181127_20181210.nc,3,0.0035412071738392115,0.005631669424474239,0.004315062426030636,0.005669721867889166,0.002645299769937992,0.0030713609885424376,0.00043074466520920396,0.0005431148456409574,0.000258142885286361,0.0003283872501924634,7.21451360732317e-05,9.217677143169567e-05,6.841856520622969e-05,8.755737508181483e-05,2.7394322387408465e-05,3.507992732920684e-05,742,742
L19N3,G. Corcovado,2018-11-26,-43.32667,-73.39889,,Mosaic_20181127_20181210.nc,1,0.0035412071738392115,0.005631669424474239,0.004315062426030636,0.005669721867889166,0.002645299769937992,0.0030713609885424376,0.00043074466520920396,0.0005431148456409574,0.000258142885286361,0.0003283872501924634,7.21451360732317e-05,9.217677143169567e-05,6.841856520622969e-05,8.755737508181483e-05,2.7394322387408465e-05,3.507992732920684e-05,742,742
L19N3,G. Corcovado,2018-12-04,-43.32667,-73.39889,0.0,Mosaic_20181127_20181210.nc,7,0.0035412071738392115,0.005631669424474239,0.004315062426030636,0.005669721867889166,0.002645299769937992,0.0030713609885424376,0.00043074466520920396,0.0005431148456409574,0.000258142885286361,0.0003283872501924634,7.21451360732317e-05,9.217677143169567e-05,6.841856520622969e-05,8.755737508181483e-05,2.7394322387408465e-05,3.507992732920684e-05,742,742
L19N3,G. Corcovado,2018-12-05,-43.32667,-73.39889,,Mosaic_20181127_20181210.nc,8,0.0035412071738392115,0.005631669424474239,0.004315062426030636,0.005669721867889166,0.002645299769937992,0.0030713609885424376,0.00043074466520920396,0.0005431148456409574,0.000258142885286361,0.0003283872501924634,7.21451360732317e-05,9.217677143169567e-05,6.841856520622969e-05,8.755737508181483e-05,2.7394322387408465e-05,3.507992732920684e-05,742,742
L19N3,G. Corcovado,2018-12-07,-43.32667,-73.39889,0.0,Mosaic_20181127_20181210.nc,10,0.0035412071738392115,0.005631669424474239,0.004315062426030636,0.005669721867889166,0.002645299769937992,0.0030713609885424376,0.00043074466520920396,0.0005431148456409574,0.000258142885286361,0.0003283872501924634,7.21451360732317e-05,9.217677143169567e-05,6.841856520622969e-05,8.755737508181483e-05,2.7394322387408465e-05,3.507992732920684e-05,742,742
L19N3,G. Corcovado,2018-12-08,-43.32667,-73.39889,,Mosaic_20181217_20181230.nc,9,0.0018768012523651123,0.0024676546454429626,0.0024305577389895916,0.0030847995076328516,0.0019244235008955002,0.0023363493382930756,0.0003551359986886382,0.00047157215885818005,0.0002077697718050331,0.00028123275842517614,5.6202130508609116e-05,7.67343954066746e-05,5.272496855468489e-05,7.255520904436707e-05,2.078124089166522e-05,2.8791106160497293e-05,762,762
L19N3,G. Corcovado,2018-12-19,-43.32667,-73.39889,0.0,Mosaic_20181217_20181230.nc,2,0.0018768012523651123,0.0024676546454429626,0.0024305577389895916,0.0030847995076328516,0.0019244235008955002,0.0023363493382930756,0.0003551359986886382,0.00047157215885818005,0.0002077697718050331,0.00028123275842517614,5.6202130508609116e-05,7.67343954066746e-05,5.272496855468489e-05,7.255520904436707e-05,2.078124089166522e-05,2.8791106160497293e-05,762,762
L19N3,G. Corcovado,2018-12-20,-43.32667,-73.39889,,Mosaic_20181217_20181230.nc,3,0.0018768012523651123,0.0024676546454429626,0.0024305577389895916,0.0030847995076328516,0.0019244235008955002,0.0023363493382930756,0.0003551359986886382,0.00047157215885818005,0.0002077697718050331,0.00028123275842517614,5.6202130508609116e-05,7.67343954066746e-05,5.272496855468489e-05,7.255520904436707e-05,2.078124089166522e-05,2.8791106160497293e-05,762,762
L19N3,G. Corcovado,2018-12-22,-43.32667,-73.39889,,Mosaic_20181217_20181230.nc,5,0.0018768012523651123,0.0024676546454429626,0.0024305577389895916,0.0030847995076328516,0.0019244235008955002,0.0023363493382930756,0.0003551359986886382,0.00047157215885818005,0.0002077697718050331,0.00028123275842517614,5.6202130508609116e-05,7.67343954066746e-05,5.272496855468489e-05,7.255520904436707e-05,2.078124089166522e-05,2.8791106160497293e-05,762,762
L19N3,G. Corcovado,2019-01-02,-43.32667,-73.39889,,Mosaic_20190109_20190122.nc,7,0.0010054174344986677,0.0031887905206531286,0.0016180903185158968,0.005156903527677059,0.002611687406897545,0.012972809374332428,0.0007372815744020045,0.00705014169216156,0.0004705361498054117,0.005961213260889053,0.00013085469254292548,0.0019971230067312717,0.0001267456536879763,0.0020162402652204037,5.111024438519962e-05,0.0007943788077682257,735,735
L19N3,G. Corcovado,2019-01-03,-43.32667,-73.39889,,Mosaic_20190109_20190122.nc,6,0.0010054174344986677,0.0031887905206531286,0.0016180903185158968,0.005156903527677059,0.002611687406897545,0.012972809374332428,0.0007372815744020045,0.00705014169216156,0.0004705361498054117,0.005961213260889053,0.00013085469254292548,0.0019971230067312717,0.0001267456536879763,0.0020162402652204037,5.111024438519962e-05,0.0007943788077682257,735,735
L19N3,G. Corcovado,2019-01-04,-43.32667,-73.39889,3.0,Mosaic_20190109_20190122.nc,5,0.0010054174344986677,0.0031887905206531286,0.0016180903185158968,0.005156903527677059,0.002611687406897545,0.012972809374332428,0.0007372815744020045,0.00705014169216156,0.0004705361498054117,0.005961213260889053,0.00013085469254292548,0.0019971230067312717,0.0001267456536879763,0.0020162402652204037,5.111024438519962e-05,0.0007943788077682257,735,735
L19N3,G. Corcovado,2019-01-05,-43.32667,-73.39889,,Mosaic_20190109_20190122.nc,4,0.0010054174344986677,0.0031887905206531286,0.0016180903185158968,0.005156903527677059,0.002611687406897545,0.012972809374332428,0.0007372815744020045,0.00705014169216156,0.0004705361498054117,0.005961213260889053,0.00013085469254292548,0.0019971230067312717,0.0001267456536879763,0.0020162402652204037,5.111024438519962e-05,0.0007943788077682257,735,735
L19N3,G. Corcovado,2019-01-15,-43.32667,-73.39889,,Mosaic_20190109_20190122.nc,6,0.0010054174344986677,0.0031887905206531286,0.0016180903185158968,0.005156903527677059,0.002611687406897545,0.012972809374332428,0.0007372815744020045,0.00705014169216156,0.0004705361498054117,0.005961213260889053,0.00013085469254292548,0.0019971230067312717,0.0001267456536879763,0.0020162402652204037,5.111024438519962e-05,0.0007943788077682257,735,735
L19N3,G. Corcovado,2019-01-17,-43.32667,-73.39889,,Mosaic_20190109_20190122.nc,8,0.0010054174344986677,0.0031887905206531286,0.0016180903185158968,0.005156903527677059,0.002611687406897545,0.012972809374332428,0.0007372815744020045,0.00705014169216156,0.0004705361498054117,0.005961213260889053,0.00013085469254292548,0.0019971230067312717,0.0001267456536879763,0.0020162402652204037,5.111024438519962e-05,0.0007943788077682257,735,735
L19N3,G. Corcovado,2019-01-18,-43.32667,-73.39889,3.0,Mosaic_20190126_20190208.nc,8,0.004830618388950825,0.005628461483865976,0.005325715988874435,0.00617479532957077,0.002581913722679019,0.0030775193590670824,0.00035952654434368014,0.0004715651157312095,0.00021413058857433498,0.00028295486117713153,5.968969708192162e-05,7.920098141767085e-05,5.619658622890711e-05,7.467957766493782e-05,2.234669227618724e-05,2.9783652280457318e-05,735,735
L19N3,G. Corcovado,2019-01-26,-43.32667,-73.39889,3.0,Mosaic_20190126_20190208.nc,0,0.004830618388950825,0.005628461483865976,0.005325715988874435,0.00617479532957077,0.002581913722679019,0.0030775193590670824,0.00035952654434368014,0.0004715651157312095,0.00021413058857433498,0.00028295486117713153,5.968969708192162e-05,7.920098141767085e-05,5.619658622890711e-05,7.467957766493782e-05,2.234669227618724e-05,2.9783652280457318e-05,735,735
L19N3,G. Corcovado,2019-01-27,-43.32667,-73.39889,,Mosaic_20190126_20190208.nc,1,0.004830618388950825,0.005628461483865976,0.005325715988874435,0.00617479532957077,0.002581913722679019,0.0030775193590670824,0.00035952654434368014,0.0004715651157312095,0.00021413058857433498,0.00028295486117713153,5.968969708192162e-05,7.920098141767085e-05,5.619658622890711e-05,7.467957766493782e-05,2.234669227618724e-05,2.9783652280457318e-05,735,735
L19N3,G. Corcovado,2019-01-29,-43.32667,-73.39889,,Mosaic_20190126_20190208.nc,3,0.004830618388950825,0.005628461483865976,0.005325715988874435,0.00617479532957077,0.002581913722679019,0.0030775193590670824,0.00035952654434368014,0.0004715651157312095,0.00021413058857433498,0.00028295486117713153,5.968969708192162e-05,7.920098141767085e-05,5.619658622890711e-05,7.467957766493782e-05,2.234669227618724e-05,2.9783652280457318e-05,735,735
L19N3,G. Corcovado,2019-01-30,-43.32667,-73.39889,,Mosaic_20190126_20190208.nc,4,0.004830618388950825,0.005628461483865976,0.005325715988874435,0.00617479532957077,0.002581913722679019,0.0030775193590670824,0.00035952654434368014,0.0004715651157312095,0.00021413058857433498,0.00028295486117713153,5.968969708192162e-05,7.920098141767085e-05,5.619658622890711e-05,7.467957766493782e-05,2.234669227618724e-05,2.9783652280457318e-05,735,735
L19N3,G. Corcovado,2019-02-04,-43.32667,-73.39889,1.0,Mosaic_20190126_20190208.nc,9,0.004830618388950825,0.005628461483865976,0.005325715988874435,0.00617479532957077,0.002581913722679019,0.0030775193590670824,0.00035952654434368014,0.0004715651157312095,0.00021413058857433498,0.00028295486117713153,5.968969708192162e-05,7.920098141767085e-05,5.619658622890711e-05,7.467957766493782e-05,2.234669227618724e-05,2.9783652280457318e-05,735,735
L19N3,G. Corcovado,2019-02-05,-43.32667,-73.39889,,Mosaic_20190126_20190208.nc,10,0.004830618388950825,0.005628461483865976,0.005325715988874435,0.00617479532957077,0.002581913722679019,0.0030775193590670824,0.00035952654434368014,0.0004715651157312095,0.00021413058857433498,0.00028295486117713153,5.968969708192162e-05,7.920098141767085e-05,5.619658622890711e-05,7.467957766493782e-05,2.234669227618724e-05,2.9783652280457318e-05,735,735
L19N3,G. Corcovado,2019-02-06,-43.32667,-73.39889,,Mosaic_20190215_20190228.nc,9,0.0017528751632198691,0.0021750438027083874,0.0024605842772871256,0.00296281510964036,0.0027294675819575787,0.003495872486382723,0.0007699723355472088,0.0013037186581641436,0.00048219296149909496,0.000854381185490638,0.00013277021935209632,0.0002385576954111457,0.00012684590183198452,0.00023089133901521564,5.058953684056178e-05,9.224729001289234e-05,762,762
L19N3,G. Corcovado,2019-02-07,-43.32667,-73.39889,,Mosaic_20190215_20190228.nc,8,0.0017528751632198691,0.0021750438027083874,0.0024605842772871256,0.00296281510964036,0.0027294675819575787,0.003495872486382723,0.0007699723355472088,0.0013037186581641436,0.00048219296149909496,0.000854381185490638,0.00013277021935209632,0.0002385576954111457,0.00012684590183198452,0.00023089133901521564,5.058953684056178e-05,9.224729001289234e-05,762,762
L19N3,G. Corcovado,2019-02-08,-43.32667,-73.39889,,Mosaic_20190215_20190228.nc,7,0.0017528751632198691,0.0021750438027083874,0.0024605842772871256,0.00296281510964036,0.0027294675819575787,0.003495872486382723,0.0007699723355472088,0.0013037186581641436,0.00048219296149909496,0.000854381185490638,0.00013277021935209632,0.0002385576954111457,0.00012684590183198452,0.00023089133901521564,5.058953684056178e-05,9.224729001289234e-05,762,762
L19N3,G. Corcovado,2019-02-09,-43.32667,-73.39889,1.0,Mosaic_20190215_20190228.nc,6,0.0017528751632198691,0.0021750438027083874,0.0024605842772871256,0.00296281510964036,0.0027294675819575787,0.003495872486382723,0.0007699723355472088,0.0013037186581641436,0.00048219296149909496,0.000854381185490638,0.00013277021935209632,0.0002385576954111457,0.00012684590183198452,0.00023089133901521564,5.058953684056178e-05,9.224729001289234e-05,762,762
L19N3,G. Corcovado,2019-02-19,-43.32667,-73.39889,2.0,Mosaic_20190215_20190228.nc,4,0.0017528751632198691,0.0021750438027083874,0.0024605842772871256,0.00296281510964036,0.0027294675819575787,0.003495872486382723,0.0007699723355472088,0.0013037186581641436,0.00048219296149909496,0.000854381185490638,0.00013277021935209632,0.0002385576954111457,0.00012684590183198452,0.00023089133901521564,5.058953684056178e-05,9.224729001289234e-05,762,762
L19N3,G. Corcovado,2019-02-20,-43.32667,-73.39889,,Mosaic_20190215_20190228.nc,5,0.0017528751632198691,0.0021750438027083874,0.0024605842772871256,0.00296281510964036,0.0027294675819575787,0.003495872486382723,0.0007699723355472088,0.0013037186581641436,0.00048219296149909496,0.000854381185490638,0.00013277021935209632,0.0002385576954111457,0.00012684590183198452,0.00023089133901521564,5.058953684056178e-05,9.224729001289234e-05,762,762
L19N3,G. Corcovado,2019-02-22,-43.32667,-73.39889,,Mosaic_20190215_20190228.nc,7,0.0017528751632198691,0.0021750438027083874,0.0024605842772871256,0.00296281510964036,0.0027294675819575787,0.003495872486382723,0.0007699723355472088,0.0013037186581641436,0.00048219296149909496,0.000854381185490638,0.00013277021935209632,0.0002385576954111457,0.00012684590183198452,0.00023089133901521564,5.058953684056178e-05,9.224729001289234e-05,762,762
L19N3,G. Corcovado,2019-02-26,-43.32667,-73.39889,,Mosaic_20190307_20190320.nc,9,0.0038368739187717438,0.005796522833406925,0.004355227574706078,0.005773480050265789,0.002224444644525647,0.003169642062857747,0.000329733535181731,0.0005926272133365273,0.0001954128238139674,0.00035671720979735255,5.411126767285168e-05,9.9078199127689e-05,5.0738071877276525e-05,9.32451366679743e-05,2.0094488718314096e-05,3.7071105907671154e-05,735,735
L19N3,G. Corcovado,2019-02-27,-43.32667,-73.39889,,Mosaic_20190307_20190320.nc,8,0.0038368739187717438,0.005796522833406925,0.004355227574706078,0.005773480050265789,0.002224444644525647,0.003169642062857747,0.000329733535181731,0.0005926272133365273,0.0001954128238139674,0.00035671720979735255,5.411126767285168e-05,9.9078199127689e-05,5.0738071877276525e-05,9.32451366679743e-05,2.0094488718314096e-05,3.7071105907671154e-05,735,735
L19N3,G. Corcovado,2019-02-28,-43.32667,-73.39889,2.0,Mosaic_20190307_20190320.nc,7,0.0038368739187717438,0.005796522833406925,0.004355227574706078,0.005773480050265789,0.002224444644525647,0.003169642062857747,0.000329733535181731,0.0005926272133365273,0.0001954128238139674,0.00035671720979735255,5.411126767285168e-05,9.9078199127689e-05,5.0738071877276525e-05,9.32451366679743e-05,2.0094488718314096e-05,3.7071105907671154e-05,735,735
L19N3,G. Corcovado,2019-03-18,-43.32667,-73.39889,,Mosaic_20190327_20190409.nc,9,0.0043748728930950165,0.005640831775963306,0.004850556142628193,0.006248348858207464,0.002418606309220195,0.003396147396415472,0.0003558031748980284,0.0005909734754823148,0.00021150882821530104,0.00035663816379383206,5.886827057111077e-05,9.940583549905568e-05,5.5332980991806835e-05,9.350354957859963e-05,2.1976136849843897e-05,3.716962964972481e-05,742,742
L19N3,G. Corcovado,2019-03-19,-43.32667,-73.39889,2.0,Mosaic_20190327_20190409.nc,8,0.0043748728930950165,0.005640831775963306,0.004850556142628193,0.006248348858207464,0.002418606309220195,0.003396147396415472,0.0003558031748980284,0.0005909734754823148,0.00021150882821530104,0.00035663816379383206,5.886827057111077e-05,9.940583549905568e-05,5.5332980991806835e-05,9.350354957859963e-05,2.1976136849843897e-05,3.716962964972481e-05,742,742
L19N3,G. Corcovado,2019-03-20,-43.32667,-73.39889,,Mosaic_20190327_20190409.nc,7,0.0043748728930950165,0.005640831775963306,0.004850556142628193,0.006248348858207464,0.002418606309220195,0.003396147396415472,0.0003558031748980284,0.0005909734754823148,0.00021150882821530104,0.00035663816379383206,5.886827057111077e-05,9.940583549905568e-05,5.5332980991806835e-05,9.350354957859963e-05,2.1976136849843897e-05,3.716962964972481e-05,742,742
L19N3,G. Corcovado,2019-03-21,-43.32667,-73.39889,,Mosaic_20190327_20190409.nc,6,0.0043748728930950165,0.005640831775963306,0.004850556142628193,0.006248348858207464,0.002418606309220195,0.003396147396415472,0.0003558031748980284,0.0005909734754823148,0.00021150882821530104,0.00035663816379383206,5.886827057111077e-05,9.940583549905568e-05,5.5332980991806835e-05,9.350354957859963e-05,2.1976136849843897e-05,3.716962964972481e-05,742,742
L19N3,G. Corcovado,2019-03-29,-43.32667,-73.39889,0.0,Mosaic_20190327_20190409.nc,2,0.0043748728930950165,0.005640831775963306,0.004850556142628193,0.006248348858207464,0.002418606309220195,0.003396147396415472,0.0003558031748980284,0.0005909734754823148,0.00021150882821530104,0.00035663816379383206,5.886827057111077e-05,9.940583549905568e-05,5.5332980991806835e-05,9.350354957859963e-05,2.1976136849843897e-05,3.716962964972481e-05,742,742
L19N3,G. Corcovado,2019-03-30,-43.32667,-73.39889,,Mosaic_20190327_20190409.nc,3,0.0043748728930950165,0.005640831775963306,0.004850556142628193,0.006248348858207464,0.002418606309220195,0.003396147396415472,0.0003558031748980284,0.0005909734754823148,0.00021150882821530104,0.00035663816379383206,5.886827057111077e-05,9.940583549905568e-05,5.5332980991806835e-05,9.350354957859963e-05,2.1976136849843897e-05,3.716962964972481e-05,742,742
L19N3,G. Corcovado,2019-03-31,-43.32667,-73.39889,,Mosaic_20190327_20190409.nc,4,0.0043748728930950165,0.005640831775963306,0.004850556142628193,0.006248348858207464,0.002418606309220195,0.003396147396415472,0.0003558031748980284,0.0005909734754823148,0.00021150882821530104,0.00035663816379383206,5.886827057111077e-05,9.940583549905568e-05,5.5332980991806835e-05,9.350354957859963e-05,2.1976136849843897e-05,3.716962964972481e-05,742,742
L19N3,G. Corcovado,2019-04-02,-43.32667,-73.39889,,Mosaic_20190327_20190409.nc,6,0.0043748728930950165,0.005640831775963306,0.004850556142628193,0.006248348858207464,0.002418606309220195,0.003396147396415472,0.0003558031748980284,0.0005909734754823148,0.00021150882821530104,0.00035663816379383206,5.886827057111077e-05,9.940583549905568e-05,5.5332980991806835e-05,9.350354957859963e-05,2.1976136849843897e-05,3.716962964972481e-05,742,742
L19N3,G. Corcovado,2019-04-09,-43.32667,-73.39889,0.0,Mosaic_20190419_20190502.nc,10,0.0034742390271276236,0.009219455532729626,0.002771184779703617,0.008411270566284657,0.0009551402763463557,0.003261447884142399,0.00016018154565244913,0.0016877632588148117,9.275767661165446e-05,0.0013391150860115886,2.5408218789380044e-05,0.00043959394679404795,2.3378132027573884e-05,0.00044012218131683767,8.992941729957238e-06,0.00018037704285234213,762,762
L19N3,G. Corcovado,2019-04-10,-43.32667,-73.39889,,Mosaic_20190419_20190502.nc,9,0.0034742390271276236,0.009219455532729626,0.002771184779703617,0.008411270566284657,0.0009551402763463557,0.003261447884142399,0.00016018154565244913,0.0016877632588148117,9.275767661165446e-05,0.0013391150860115886,2.5408218789380044e-05,0.00043959394679404795,2.3378132027573884e-05,0.00044012218131683767,8.992941729957238e-06,0.00018037704285234213,762,762
L19N3,G. Corcovado,2019-04-11,-43.32667,-73.39889,,Mosaic_20190419_20190502.nc,8,0.0034742390271276236,0.009219455532729626,0.002771184779703617,0.008411270566284657,0.0009551402763463557,0.003261447884142399,0.00016018154565244913,0.0016877632588148117,9.275767661165446e-05,0.0013391150860115886,2.5408218789380044e-05,0.00043959394679404795,2.3378132027573884e-05,0.00044012218131683767,8.992941729957238e-06,0.00018037704285234213,762,762
L19N3,G. Corcovado,2019-04-16,-43.32667,-73.39889,,Mosaic_20190419_20190502.nc,3,0.0034742390271276236,0.009219455532729626,0.002771184779703617,0.008411270566284657,0.0009551402763463557,0.003261447884142399,0.00016018154565244913,0.0016877632588148117,9.275767661165446e-05,0.0013391150860115886,2.5408218789380044e-05,0.00043959394679404795,2.3378132027573884e-05,0.00044012218131683767,8.992941729957238e-06,0.00018037704285234213,762,762
L19N3,G. Corcovado,2019-04-17,-43.32667,-73.39889,,Mosaic_20190419_20190502.nc,2,0.0034742390271276236,0.009219455532729626,0.002771184779703617,0.008411270566284657,0.0009551402763463557,0.003261447884142399,0.00016018154565244913,0.0016877632588148117,9.275767661165446e-05,0.0013391150860115886,2.5408218789380044e-05,0.00043959394679404795,2.3378132027573884e-05,0.00044012218131683767,8.992941729957238e-06,0.00018037704285234213,762,762
L19N3,G. Corcovado,2019-04-18,-43.32667,-73.39889,0.0,Mosaic_20190419_20190502.nc,1,0.0034742390271276236,0.009219455532729626,0.002771184779703617,0.008411270566284657,0.0009551402763463557,0.003261447884142399,0.00016018154565244913,0.0016877632588148117,9.275767661165446e-05,0.0013391150860115886,2.5408218789380044e-05,0.00043959394679404795,2.3378132027573884e-05,0.00044012218131683767,8.992941729957238e-06,0.00018037704285234213,762,762
L19N3,G. Corcovado,2019-04-26,-43.32667,-73.39889,0.0,Mosaic_20190419_20190502.nc,7,0.0034742390271276236,0.009219455532729626,0.002771184779703617,0.008411270566284657,0.0009551402763463557,0.003261447884142399,0.00016018154565244913,0.0016877632588148117,9.275767661165446e-05,0.0013391150860115886,2.5408218789380044e-05,0.00043959394679404795,2.3378132027573884e-05,0.00044012218131683767,8.992941729957238e-06,0.00018037704285234213,762,762
L19N3,G. Corcovado,2019-04-28,-43.32667,-73.39889,,Mosaic_20190506_20190519.nc,8,0.004127886146306992,0.005143516231328249,0.005104987882077694,0.006404651328921318,0.003494814969599247,0.005268636159598827,0.000632396200671792,0.0010993939358741045,0.0003752543416339904,0.0006814373191446066,0.00010440859477967024,0.00019082811195403337,9.799178224056959e-05,0.00018234745948575437,3.893495158990845e-05,7.289439236046746e-05,762,762
L19N3,G. Corcovado,2019-05-01,-43.32667,-73.39889,,Mosaic_20190506_20190519.nc,5,0.004127886146306992,0.005143516231328249,0.005104987882077694,0.006404651328921318,0.003494814969599247,0.005268636159598827,0.000632396200671792,0.0010993939358741045,0.0003752543416339904,0.0006814373191446066,0.00010440859477967024,0.00019082811195403337,9.799178224056959e-05,0.00018234745948575437,3.893495158990845e-05,7.289439236046746e-05,762,762
L19N3,G. Corcovado,2019-05-07,-43.32667,-73.39889,,Mosaic_20190506_20190519.nc,1,0.004127886146306992,0.005143516231328249,0.005104987882077694,0.006404651328921318,0.003494814969599247,0.005268636159598827,0.000632396200671792,0.0010993939358741045,0.0003752543416339904,0.0006814373191446066,0.00010440859477967024,0.00019082811195403337,9.799178224056959e-05,0.00018234745948575437,3.893495158990845e-05,7.289439236046746e-05,762,762
L19N3,G. Corcovado,2019-05-08,-43.32667,-73.39889,,Mosaic_20190506_20190519.nc,2,0.004127886146306992,0.005143516231328249,0.005104987882077694,0.006404651328921318,0.003494814969599247,0.005268636159598827,0.000632396200671792,0.0010993939358741045,0.0003752543416339904,0.0006814373191446066,0.00010440859477967024,0.00019082811195403337,9.799178224056959e-05,0.00018234745948575437,3.893495158990845e-05,7.289439236046746e-05,762,762
L19N3,G. Corcovado,2019-05-09,-43.32667,-73.39889,0.0,Mosaic_20190506_20190519.nc,3,0.004127886146306992,0.005143516231328249,0.005104987882077694,0.006404651328921318,0.003494814969599247,0.005268636159598827,0.000632396200671792,0.0010993939358741045,0.0003752543416339904,0.0006814373191446066,0.00010440859477967024,0.00019082811195403337,9.799178224056959e-05,0.00018234745948575437,3.893495158990845e-05,7.289439236046746e-05,762,762
L19N3,G. Corcovado,2019-05-23,-43.32667,-73.39889,,Mosaic_20190529_20190611.nc,6,0.0068808309733867645,0.010376693680882454,0.00379896629601717,0.01021108590066433,0.000675041344948113,0.0140117472037673,6.404453597497195e-05,0.005604407750070095,3.411147918086499e-05,0.0038798225577920675,8.452597285213415e-06,0.0010837346781045198,7.310199634957826e-06,0.001043550786562264,2.4915452740970068e-06,0.0004007343668490648,735,478
L19N3,G. Corcovado,2019-05-25,-43.32667,-73.39889,,Mosaic_20190529_20190611.nc,4,0.0068808309733867645,0.010376693680882454,0.00379896629601717,0.01021108590066433,0.000675041344948113,0.0140117472037673,6.404453597497195e-05,0.005604407750070095,3.411147918086499e-05,0.0038798225577920675,8.452597285213415e-06,0.0010837346781045198,7.310199634957826e-06,0.001043550786562264,2.4915452740970068e-06,0.0004007343668490648,735,478
L19N3,G. Corcovado,2019-05-26,-43.32667,-73.39889,0.0,Mosaic_20190529_20190611.nc,3,0.0068808309733867645,0.010376693680882454,0.00379896629601717,0.01021108590066433,0.000675041344948113,0.0140117472037673,6.404453597497195e-05,0.005604407750070095,3.411147918086499e-05,0.0038798225577920675,8.452597285213415e-06,0.0010837346781045198,7.310199634957826e-06,0.001043550786562264,2.4915452740970068e-06,0.0004007343668490648,735,478
L19N3,G. Corcovado,2019-05-28,-43.32667,-73.39889,0.0,Mosaic_20190529_20190611.nc,1,0.0068808309733867645,0.010376693680882454,0.00379896629601717,0.01021108590066433,0.000675041344948113,0.0140117472037673,6.404453597497195e-05,0.005604407750070095,3.411147918086499e-05,0.0038798225577920675,8.452597285213415e-06,0.0010837346781045198,7.310199634957826e-06,0.001043550786562264,2.4915452740970068e-06,0.0004007343668490648,735,478
L19N3,G. Corcovado,2019-05-29,-43.32667,-73.39889,,Mosaic_20190529_20190611.nc,0,0.0068808309733867645,0.010376693680882454,0.00379896629601717,0.01021108590066433,0.000675041344948113,0.0140117472037673,6.404453597497195e-05,0.005604407750070095,3.411147918086499e-05,0.0038798225577920675,8.452597285213415e-06,0.0010837346781045198,7.310199634957826e-06,0.001043550786562264,2.4915452740970068e-06,0.0004007343668490648,735,478
L19N3,G. Corcovado,2019-05-30,-43.32667,-73.39889,,Mosaic_20190529_20190611.nc,1,0.0068808309733867645,0.010376693680882454,0.00379896629601717,0.01021108590066433,0.000675041344948113,0.0140117472037673,6.404453597497195e-05,0.005604407750070095,3.411147918086499e-05,0.0038798225577920675,8.452597285213415e-06,0.0010837346781045198,7.310199634957826e-06,0.001043550786562264,2.4915452740970068e-06,0.0004007343668490648,735,478
L19N3,G. Corcovado,2019-06-02,-43.32667,-73.39889,,Mosaic_20190529_20190611.nc,4,0.0068808309733867645,0.010376693680882454,0.00379896629601717,0.01021108590066433,0.000675041344948113,0.0140117472037673,6.404453597497195e-05,0.005604407750070095,3.411147918086499e-05,0.0038798225577920675,8.452597285213415e-06,0.0010837346781045198,7.310199634957826e-06,0.001043550786562264,2.4915452740970068e-06,0.0004007343668490648,735,478
L19N3,G. Corcovado,2019-06-13,-43.32667,-73.39889,,Mosaic_20190615_20190628.nc,2,0.003971077501773834,0.006075324956327677,0.004043715074658394,0.005995356012135744,0.001857719849795103,0.0029783244244754314,0.0002609561779536307,0.0004626494483090937,0.00014806102262809873,0.00026771880220621824,4.0031100070336834e-05,7.224869477795437e-05,3.666640259325504e-05,6.722773105138913e-05,1.4253828339860775e-05,2.6413956220494583e-05,762,762
L19N3,G. Corcovado,2019-06-14,-43.32667,-73.39889,,Mosaic_20190615_20190628.nc,1,0.003971077501773834,0.006075324956327677,0.004043715074658394,0.005995356012135744,0.001857719849795103,0.0029783244244754314,0.0002609561779536307,0.0004626494483090937,0.00014806102262809873,0.00026771880220621824,4.0031100070336834e-05,7.224869477795437e-05,3.666640259325504e-05,6.722773105138913e-05,1.4253828339860775e-05,2.6413956220494583e-05,762,762
L19N3,G. Corcovado,2019-06-15,-43.32667,-73.39889,0.0,Mosaic_20190615_20190628.nc,0,0.003971077501773834,0.006075324956327677,0.004043715074658394,0.005995356012135744,0.001857719849795103,0.0029783244244754314,0.0002609561779536307,0.0004626494483090937,0.00014806102262809873,0.00026771880220621824,4.0031100070336834e-05,7.224869477795437e-05,3.666640259325504e-05,6.722773105138913e-05,1.4253828339860775e-05,2.6413956220494583e-05,762,762
L19N3,G. Corcovado,2019-06-19,-43.32667,-73.39889,,Mosaic_20190615_20190628.nc,4,0.003971077501773834,0.006075324956327677,0.004043715074658394,0.005995356012135744,0.001857719849795103,0.0029783244244754314,0.0002609561779536307,0.0004626494483090937,0.00014806102262809873,0.00026771880220621824,4.0031100070336834e-05,7.224869477795437e-05,3.666640259325504e-05,6.722773105138913e-05,1.4253828339860775e-05,2.6413956220494583e-05,762,762
L19N3,G. Corcovado,2019-06-20,-43.32667,-73.39889,0.0,Mosaic_20190615_20190628.nc,5,0.003971077501773834,0.006075324956327677,0.004043715074658394,0.005995356012135744,0.001857719849795103,0.0029783244244754314,0.0002609561779536307,0.0004626494483090937,0.00014806102262809873,0.00026771880220621824,4.0031100070336834e-05,7.224869477795437e-05,3.666640259325504e-05,6.722773105138913e-05,1.4253828339860775e-05,2.6413956220494583e-05,762,762
L19N3,G. Corcovado,2019-08-06,-43.32667,-73.39889,,Mosaic_20190804_20190817.nc,2,0.0007211058400571346,0.007531261071562767,0.0007133632898330688,0.003293487010523677,0.0006066732457838953,0.0018685691757127643,0.00019984299433417618,0.002311773132532835,0.0001356378197669983,0.002104547107592225,4.1312971006846055e-05,0.0008038892410695553,3.89740671380423e-05,0.0008270553080365062,1.560416421853006e-05,0.00034937981399707496,742,214
L19N3,G. Corcovado,2019-08-07,-43.32667,-73.39889,0.0,Mosaic_20190804_20190817.nc,3,0.0007211058400571346,0.007531261071562767,0.0007133632898330688,0.003293487010523677,0.0006066732457838953,0.0018685691757127643,0.00019984299433417618,0.002311773132532835,0.0001356378197669983,0.002104547107592225,4.1312971006846055e-05,0.0008038892410695553,3.89740671380423e-05,0.0008270553080365062,1.560416421853006e-05,0.00034937981399707496,742,214
L19N3,G. Corcovado,2019-08-08,-43.32667,-73.39889,,Mosaic_20190804_20190817.nc,4,0.0007211058400571346,0.007531261071562767,0.0007133632898330688,0.003293487010523677,0.0006066732457838953,0.0018685691757127643,0.00019984299433417618,0.002311773132532835,0.0001356378197669983,0.002104547107592225,4.1312971006846055e-05,0.0008038892410695553,3.89740671380423e-05,0.0008270553080365062,1.560416421853006e-05,0.00034937981399707496,742,214
L19N3,G. Corcovado,2019-08-23,-43.32667,-73.39889,,Mosaic_20190903_20190916.nc,11,0.004682433791458607,0.007165821734815836,0.0054102614521980286,0.007776906248182058,0.00296845193952322,0.004143258556723595,0.000455999281257391,0.0007154111517593265,0.0002743123332038522,0.00043329523759894073,7.676552922930568e-05,0.00012064153997926041,7.23485864000395e-05,0.00011320731573505327,2.8794103855034336e-05,4.487683327170089e-05,762,762
L19N3,G. Corcovado,2019-08-24,-43.32667,-73.39889,,Mosaic_20190903_20190916.nc,10,0.004682433791458607,0.007165821734815836,0.0054102614521980286,0.007776906248182058,0.00296845193952322,0.004143258556723595,0.000455999281257391,0.0007154111517593265,0.0002743123332038522,0.00043329523759894073,7.676552922930568e-05,0.00012064153997926041,7.23485864000395e-05,0.00011320731573505327,2.8794103855034336e-05,4.487683327170089e-05,762,762
L19N3,G. Corcovado,2019-09-09,-43.32667,-73.39889,1.0,Mosaic_20190903_20190916.nc,6,0.004682433791458607,0.007165821734815836,0.0054102614521980286,0.007776906248182058,0.00296845193952322,0.004143258556723595,0.000455999281257391,0.0007154111517593265,0.0002743123332038522,0.00043329523759894073,7.676552922930568e-05,0.00012064153997926041,7.23485864000395e-05,0.00011320731573505327,2.8794103855034336e-05,4.487683327170089e-05,762,762
L19N3,G. Corcovado,2019-09-10,-43.32667,-73.39889,,Mosaic_20190903_20190916.nc,7,0.004682433791458607,0.007165821734815836,0.0054102614521980286,0.007776906248182058,0.00296845193952322,0.004143258556723595,0.000455999281257391,0.0007154111517593265,0.0002743123332038522,0.00043329523759894073,7.676552922930568e-05,0.00012064153997926041,7.23485864000395e-05,0.00011320731573505327,2.8794103855034336e-05,4.487683327170089e-05,762,762
L19N3,G. Corcovado,2019-09-11,-43.32667,-73.39889,,Mosaic_20190903_20190916.nc,8,0.004682433791458607,0.007165821734815836,0.0054102614521980286,0.007776906248182058,0.00296845193952322,0.004143258556723595,0.000455999281257391,0.0007154111517593265,0.0002743123332038522,0.00043329523759894073,7.676552922930568e-05,0.00012064153997926041,7.23485864000395e-05,0.00011320731573505327,2.8794103855034336e-05,4.487683327170089e-05,762,762
L19N3,G. Corcovado,2019-09-23,-43.32667,-73.39889,,Mosaic_20190926_20191009.nc,3,0.0006763144629076123,0.0010573331965133548,0.0009987847879529,0.0015372263733297586,0.0013267118483781815,0.0018232971196994185,0.000356963777448982,0.0007222282001748681,0.0002187845529988408,0.0004901723586954176,5.96462341491133e-05,0.00014688639203086495,5.675305146723986e-05,0.0001449301780667156,2.2481872292701155e-05,6.004597889841534e-05,742,742
L19N3,G. Corcovado,2019-09-24,-43.32667,-73.39889,0.0,Mosaic_20190926_20191009.nc,2,0.0006763144629076123,0.0010573331965133548,0.0009987847879529,0.0015372263733297586,0.0013267118483781815,0.0018232971196994185,0.000356963777448982,0.0007222282001748681,0.0002187845529988408,0.0004901723586954176,5.96462341491133e-05,0.00014688639203086495,5.675305146723986e-05,0.0001449301780667156,2.2481872292701155e-05,6.004597889841534e-05,742,742
L19N3,G. Corcovado,2019-09-25,-43.32667,-73.39889,,Mosaic_20190926_20191009.nc,1,0.0006763144629076123,0.0010573331965133548,0.0009987847879529,0.0015372263733297586,0.0013267118483781815,0.0018232971196994185,0.000356963777448982,0.0007222282001748681,0.0002187845529988408,0.0004901723586954176,5.96462341491133e-05,0.00014688639203086495,5.675305146723986e-05,0.0001449301780667156,2.2481872292701155e-05,6.004597889841534e-05,742,742
L19N3,G. Corcovado,2019-09-27,-43.32667,-73.39889,,Mosaic_20190926_20191009.nc,1,0.0006763144629076123,0.0010573331965133548,0.0009987847879529,0.0015372263733297586,0.0013267118483781815,0.0018232971196994185,0.000356963777448982,0.0007222282001748681,0.0002187845529988408,0.0004901723586954176,5.96462341491133e-05,0.00014688639203086495,5.675305146723986e-05,0.0001449301780667156,2.2481872292701155e-05,6.004597889841534e-05,742,742
L19N3,G. Corcovado,2019-10-07,-43.32667,-73.39889,,Mosaic_20191013_20191026.nc,6,0.003535209223628044,0.00482728099450469,0.0032809555996209383,0.004587939009070396,0.0012134836288169026,0.002281968016177416,0.00015082169556990266,0.0006780020776204765,8.474521018797532e-05,0.0004283012240193784,2.2396583517547697e-05,0.00011925859143957496,2.047429370577447e-05,0.00011410375736886635,7.787327376718167e-06,4.55630142823793e-05,762,762
L19N3,G. Corcovado,2019-10-08,-43.32667,-73.39889,0.0,Mosaic_20191013_20191026.nc,5,0.003535209223628044,0.00482728099450469,0.0032809555996209383,0.004587939009070396,0.0012134836288169026,0.002281968016177416,0.00015082169556990266,0.0006780020776204765,8.474521018797532e-05,0.0004283012240193784,2.2396583517547697e-05,0.00011925859143957496,2.047429370577447e-05,0.00011410375736886635,7.787327376718167e-06,4.55630142823793e-05,762,762
L19N3,G. Corcovado,2019-10-09,-43.32667,-73.39889,,Mosaic_20191013_20191026.nc,4,0.003535209223628044,0.00482728099450469,0.0032809555996209383,0.004587939009070396,0.0012134836288169026,0.002281968016177416,0.00015082169556990266,0.0006780020776204765,8.474521018797532e-05,0.0004283012240193784,2.2396583517547697e-05,0.00011925859143957496,2.047429370577447e-05,0.00011410375736886635,7.787327376718167e-06,4.55630142823793e-05,762,762
L19N3,G. Corcovado,2019-10-17,-43.32667,-73.39889,,Mosaic_20191013_20191026.nc,4,0.003535209223628044,0.00482728099450469,0.0032809555996209383,0.004587939009070396,0.0012134836288169026,0.002281968016177416,0.00015082169556990266,0.0006780020776204765,8.474521018797532e-05,0.0004283012240193784,2.2396583517547697e-05,0.00011925859143957496,2.047429370577447e-05,0.00011410375736886635,7.787327376718167e-06,4.55630142823793e-05,762,762
L19N3,G. Corcovado,2019-10-18,-43.32667,-73.39889,2.0,Mosaic_20191013_20191026.nc,5,0.003535209223628044,0.00482728099450469,0.0032809555996209383,0.004587939009070396,0.0012134836288169026,0.002281968016177416,0.00015082169556990266,0.0006780020776204765,8.474521018797532e-05,0.0004283012240193784,2.2396583517547697e-05,0.00011925859143957496,2.047429370577447e-05,0.00011410375736886635,7.787327376718167e-06,4.55630142823793e-05,762,762
L19N3,G. Corcovado,2019-11-12,-43.32667,-73.39889,0.0,Mosaic_20191115_20191128.nc,3,0.002970354864373803,0.0035778633318841457,0.003559650620445609,0.004239077214151621,0.0021851733326911926,0.002501087263226509,0.000350788701325655,0.00042142081656493247,0.00020701313042081892,0.0002510437916498631,5.701201007468626e-05,6.96095812600106e-05,5.369792415876873e-05,6.587129610124975e-05,2.1308154828147963e-05,2.62508856394561e-05,762,762
L19N3,G. Corcovado,2019-11-13,-43.32667,-73.39889,,Mosaic_20191115_20191128.nc,2,0.002970354864373803,0.0035778633318841457,0.003559650620445609,0.004239077214151621,0.0021851733326911926,0.002501087263226509,0.000350788701325655,0.00042142081656493247,0.00020701313042081892,0.0002510437916498631,5.701201007468626e-05,6.96095812600106e-05,5.369792415876873e-05,6.587129610124975e-05,2.1308154828147963e-05,2.62508856394561e-05,762,762
L19N3,G. Corcovado,2019-11-15,-43.32667,-73.39889,,Mosaic_20191115_20191128.nc,0,0.002970354864373803,0.0035778633318841457,0.003559650620445609,0.004239077214151621,0.0021851733326911926,0.002501087263226509,0.000350788701325655,0.00042142081656493247,0.00020701313042081892,0.0002510437916498631,5.701201007468626e-05,6.96095812600106e-05,5.369792415876873e-05,6.587129610124975e-05,2.1308154828147963e-05,2.62508856394561e-05,762,762
L19N3,G. Corcovado,2019-11-22,-43.32667,-73.39889,0.0,Mosaic_20191115_20191128.nc,7,0.002970354864373803,0.0035778633318841457,0.003559650620445609,0.004239077214151621,0.0021851733326911926,0.002501087263226509,0.000350788701325655,0.00042142081656493247,0.00020701313042081892,0.0002510437916498631,5.701201007468626e-05,6.96095812600106e-05,5.369792415876873e-05,6.587129610124975e-05,2.1308154828147963e-05,2.62508856394561e-05,762,762
L19N3,G. Corcovado,2019-11-23,-43.32667,-73.39889,,Mosaic_20191115_20191128.nc,8,0.002970354864373803,0.0035778633318841457,0.003559650620445609,0.004239077214151621,0.0021851733326911926,0.002501087263226509,0.000350788701325655,0.00042142081656493247,0.00020701313042081892,0.0002510437916498631,5.701201007468626e-05,6.96095812600106e-05,5.369792415876873e-05,6.587129610124975e-05,2.1308154828147963e-05,2.62508856394561e-05,762,762
L19N3,G. Corcovado,2019-11-24,-43.32667,-73.39889,,Mosaic_20191115_20191128.nc,9,0.002970354864373803,0.0035778633318841457,0.003559650620445609,0.004239077214151621,0.0021851733326911926,0.002501087263226509,0.000350788701325655,0.00042142081656493247,0.00020701313042081892,0.0002510437916498631,5.701201007468626e-05,6.96095812600106e-05,5.369792415876873e-05,6.587129610124975e-05,2.1308154828147963e-05,2.62508856394561e-05,762,762
L19N3,G. Corcovado,2019-11-29,-43.32667,-73.39889,,Mosaic_20191205_20191218.nc,6,,,,,,,,,,,,,,,,,762,0
L19N3,G. Corcovado,2019-11-30,-43.32667,-73.39889,0.0,Mosaic_20191205_20191218.nc,5,,,,,,,,,,,,,,,,,762,0
L19N3,G. Corcovado,2019-12-01,-43.32667,-73.39889,,Mosaic_20191205_20191218.nc,4,,,,,,,,,,,,,,,,,762,0
L19N3,G. Corcovado,2019-12-06,-43.32667,-73.39889,,Mosaic_20191205_20191218.nc,1,,,,,,,,,,,,,,,,,762,0
L19N3,G. Corcovado,2019-12-07,-43.32667,-73.39889,0.0,Mosaic_20191205_20191218.nc,2,,,,,,,,,,,,,,,,,762,0
L19N3,G. Corcovado,2019-12-08,-43.32667,-73.39889,,Mosaic_20191205_20191218.nc,3,,,,,,,,,,,,,,,,,762,0
L19N3,G. Corcovado,2019-12-10,-43.32667,-73.39889,,Mosaic_20191205_20191218.nc,5,,,,,,,,,,,,,,,,,762,0
L19N3,G. Corcovado,2019-12-15,-43.32667,-73.39889,1.0,Mosaic_20191205_20191218.nc,10,,,,,,,,,,,,,,,,,762,0
L19N3,G. Corcovado,2019-12-16,-43.32667,-73.39889,,Mosaic_20191205_20191218.nc,11,,,,,,,,,,,,,,,,,762,0
L19N3,G. Corcovado,2019-12-17,-43.32667,-73.39889,,Mosaic_20191205_20191218.nc,12,,,,,,,,,,,,,,,,,762,0
L19N3,G. Corcovado,2020-01-02,-43.32667,-73.39889,2.0,Mosaic_20200101_20200114.nc,1,0.0024962162133306265,0.003534322837367654,0.003106012474745512,0.003737733932211995,0.002084508538246155,0.002519470639526844,0.0003458127612248063,0.0006381565472111106,0.00020297996525187045,0.00039841613033786416,5.547246473724954e-05,0.00011123692092951387,5.227149813435972e-05,0.0001062000374076888,2.0660034351749346e-05,4.2419269448146224e-05,762,762
L19N3,G. Corcovado,2020-01-03,-43.32667,-73.39889,,Mosaic_20200101_20200114.nc,2,0.0024962162133306265,0.003534322837367654,0.003106012474745512,0.003737733932211995,0.002084508538246155,0.002519470639526844,0.0003458127612248063,0.0006381565472111106,0.00020297996525187045,0.00039841613033786416,5.547246473724954e-05,0.00011123692092951387,5.227149813435972e-05,0.0001062000374076888,2.0660034351749346e-05,4.2419269448146224e-05,762,762
L19N3,G. Corcovado,2020-01-04,-43.32667,-73.39889,,Mosaic_20200101_20200114.nc,3,0.0024962162133306265,0.003534322837367654,0.003106012474745512,0.003737733932211995,0.002084508538246155,0.002519470639526844,0.0003458127612248063,0.0006381565472111106,0.00020297996525187045,0.00039841613033786416,5.547246473724954e-05,0.00011123692092951387,5.227149813435972e-05,0.0001062000374076888,2.0660034351749346e-05,4.2419269448146224e-05,762,762
L19N3,G. Corcovado,2020-01-10,-43.32667,-73.39889,,Mosaic_20200101_20200114.nc,9,0.0024962162133306265,0.003534322837367654,0.003106012474745512,0.003737733932211995,0.002084508538246155,0.002519470639526844,0.0003458127612248063,0.0006381565472111106,0.00020297996525187045,0.00039841613033786416,5.547246473724954e-05,0.00011123692092951387,5.227149813435972e-05,0.0001062000374076888,2.0660034351749346e-05,4.2419269448146224e-05,762,762
L19N3,G. Corcovado,2020-01-11,-43.32667,-73.39889,0.0,Mosaic_20200101_20200114.nc,10,0.0024962162133306265,0.003534322837367654,0.003106012474745512,0.003737733932211995,0.002084508538246155,0.002519470639526844,0.0003458127612248063,0.0006381565472111106,0.00020297996525187045,0.00039841613033786416,5.547246473724954e-05,0.00011123692092951387,5.227149813435972e-05,0.0001062000374076888,2.0660034351749346e-05,4.2419269448146224e-05,762,762
L19N3,G. Corcovado,2020-01-12,-43.32667,-73.39889,,Mosaic_20200121_20200203.nc,9,0.0007748879725113511,0.002164220903068781,0.001153760589659214,0.0028864305932074785,0.0021741606760770082,0.00492051150649786,0.0015054707182571292,0.003433403093367815,0.0012058527208864689,0.0028885710053145885,0.00041003921069204807,0.0009853781666606665,0.0004130742745473981,0.0009901836747303605,0.00017212421516887844,0.0004025496309623122,762,762
L19N3,G. Corcovado,2020-01-14,-43.32667,-73.39889,,Mosaic_20200121_20200203.nc,7,0.0007748879725113511,0.002164220903068781,0.001153760589659214,0.0028864305932074785,0.0021741606760770082,0.00492051150649786,0.0015054707182571292,0.003433403093367815,0.0012058527208864689,0.0028885710053145885,0.00041003921069204807,0.0009853781666606665,0.0004130742745473981,0.0009901836747303605,0.00017212421516887844,0.0004025496309623122,762,762
L19N3,G. Corcovado,2020-01-22,-43.32667,-73.39889,0.0,Mosaic_20200121_20200203.nc,1,0.0007748879725113511,0.002164220903068781,0.001153760589659214,0.0028864305932074785,0.0021741606760770082,0.00492051150649786,0.0015054707182571292,0.003433403093367815,0.0012058527208864689,0.0028885710053145885,0.00041003921069204807,0.0009853781666606665,0.0004130742745473981,0.0009901836747303605,0.00017212421516887844,0.0004025496309623122,762,762
L19N3,G. Corcovado,2020-01-23,-43.32667,-73.39889,,Mosaic_20200121_20200203.nc,2,0.0007748879725113511,0.002164220903068781,0.001153760589659214,0.0028864305932074785,0.0021741606760770082,0.00492051150649786,0.0015054707182571292,0.003433403093367815,0.0012058527208864689,0.0028885710053145885,0.00041003921069204807,0.0009853781666606665,0.0004130742745473981,0.0009901836747303605,0.00017212421516887844,0.0004025496309623122,762,762
L19N3,G. Corcovado,2020-01-24,-43.32667,-73.39889,,Mosaic_20200121_20200203.nc,3,0.0007748879725113511,0.002164220903068781,0.001153760589659214,0.0028864305932074785,0.0021741606760770082,0.00492051150649786,0.0015054707182571292,0.003433403093367815,0.0012058527208864689,0.0028885710053145885,0.00041003921069204807,0.0009853781666606665,0.0004130742745473981,0.0009901836747303605,0.00017212421516887844,0.0004025496309623122,762,762
L19N3,G. Corcovado,2020-01-28,-43.32667,-73.39889,0.0,Mosaic_20200121_20200203.nc,7,0.0007748879725113511,0.002164220903068781,0.001153760589659214,0.0028864305932074785,0.0021741606760770082,0.00492051150649786,0.0015054707182571292,0.003433403093367815,0.0012058527208864689,0.0028885710053145885,0.00041003921069204807,0.0009853781666606665,0.0004130742745473981,0.0009901836747303605,0.00017212421516887844,0.0004025496309623122,762,762
L19N3,G. Corcovado,2020-01-29,-43.32667,-73.39889,,Mosaic_20200121_20200203.nc,8,0.0007748879725113511,0.002164220903068781,0.001153760589659214,0.0028864305932074785,0.0021741606760770082,0.00492051150649786,0.0015054707182571292,0.003433403093367815,0.0012058527208864689,0.0028885710053145885,0.00041003921069204807,0.0009853781666606665,0.0004130742745473981,0.0009901836747303605,0.00017212421516887844,0.0004025496309623122,762,762
L19N3,G. Corcovado,2020-01-30,-43.32667,-73.39889,,Mosaic_20200121_20200203.nc,9,0.0007748879725113511,0.002164220903068781,0.001153760589659214,0.0028864305932074785,0.0021741606760770082,0.00492051150649786,0.0015054707182571292,0.003433403093367815,0.0012058527208864689,0.0028885710053145885,0.00041003921069204807,0.0009853781666606665,0.0004130742745473981,0.0009901836747303605,0.00017212421516887844,0.0004025496309623122,762,762
L19N3,G. Corcovado,2020-02-04,-43.32667,-73.39889,,Mosaic_20200210_20200223.nc,6,0.0037161086220294237,0.0051086777821183205,0.0042132968083024025,0.005275791045278311,0.0022031287662684917,0.002852686680853367,0.00032239180291071534,0.0005023580160923302,0.00019144787802360952,0.0003012708039022982,5.3074054449098185e-05,8.353778684977442e-05,5.008586958865635e-05,7.896695751696825e-05,1.9864826754201204e-05,3.146043309243396e-05,735,735
L19N3,G. Corcovado,2020-02-05,-43.32667,-73.39889,0.0,Mosaic_20200210_20200223.nc,5,0.0037161086220294237,0.0051086777821183205,0.0042132968083024025,0.005275791045278311,0.0022031287662684917,0.002852686680853367,0.00032239180291071534,0.0005023580160923302,0.00019144787802360952,0.0003012708039022982,5.3074054449098185e-05,8.353778684977442e-05,5.008586958865635e-05,7.896695751696825e-05,1.9864826754201204e-05,3.146043309243396e-05,735,735
L19N3,G. Corcovado,2020-02-06,-43.32667,-73.39889,,Mosaic_20200210_20200223.nc,4,0.0037161086220294237,0.0051086777821183205,0.0042132968083024025,0.005275791045278311,0.0022031287662684917,0.002852686680853367,0.00032239180291071534,0.0005023580160923302,0.00019144787802360952,0.0003012708039022982,5.3074054449098185e-05,8.353778684977442e-05,5.008586958865635e-05,7.896695751696825e-05,1.9864826754201204e-05,3.146043309243396e-05,735,735
L19N3,G. Corcovado,2020-02-08,-43.32667,-73.39889,,Mosaic_20200210_20200223.nc,2,0.0037161086220294237,0.0051086777821183205,0.0042132968083024025,0.005275791045278311,0.0022031287662684917,0.002852686680853367,0.00032239180291071534,0.0005023580160923302,0.00019144787802360952,0.0003012708039022982,5.3074054449098185e-05,8.353778684977442e-05,5.008586958865635e-05,7.896695751696825e-05,1.9864826754201204e-05,3.146043309243396e-05,735,735
L19N3,G. Corcovado,2020-02-11,-43.32667,-73.39889,,Mosaic_20200210_20200223.nc,1,0.0037161086220294237,0.0051086777821183205,0.0042132968083024025,0.005275791045278311,0.0022031287662684917,0.002852686680853367,0.00032239180291071534,0.0005023580160923302,0.00019144787802360952,0.0003012708039022982,5.3074054449098185e-05,8.353778684977442e-05,5.008586958865635e-05,7.896695751696825e-05,1.9864826754201204e-05,3.146043309243396e-05,735,735
L19N3,G. Corcovado,2020-02-12,-43.32667,-73.39889,,Mosaic_20200210_20200223.nc,2,0.0037161086220294237,0.0051086777821183205,0.0042132968083024025,0.005275791045278311,0.0022031287662684917,0.002852686680853367,0.00032239180291071534,0.0005023580160923302,0.00019144787802360952,0.0003012708039022982,5.3074054449098185e-05,8.353778684977442e-05,5.008586958865635e-05,7.896695751696825e-05,1.9864826754201204e-05,3.146043309243396e-05,735,735
L19N3,G. Corcovado,2020-02-13,-43.32667,-73.39889,0.0,Mosaic_20200210_20200223.nc,3,0.0037161086220294237,0.0051086777821183205,0.0042132968083024025,0.005275791045278311,0.0022031287662684917,0.002852686680853367,0.00032239180291071534,0.0005023580160923302,0.00019144787802360952,0.0003012708039022982,5.3074054449098185e-05,8.353778684977442e-05,5.008586958865635e-05,7.896695751696825e-05,1.9864826754201204e-05,3.146043309243396e-05,735,735
L19N3,G. Corcovado,2020-02-17,-43.32667,-73.39889,0.0,Mosaic_20200210_20200223.nc,7,0.0037161086220294237,0.0051086777821183205,0.0042132968083024025,0.005275791045278311,0.0022031287662684917,0.002852686680853367,0.00032239180291071534,0.0005023580160923302,0.00019144787802360952,0.0003012708039022982,5.3074054449098185e-05,8.353778684977442e-05,5.008586958865635e-05,7.896695751696825e-05,1.9864826754201204e-05,3.146043309243396e-05,735,735
L19N3,G. Corcovado,2020-02-18,-43.32667,-73.39889,,Mosaic_20200210_20200223.nc,8,0.0037161086220294237,0.0051086777821183205,0.0042132968083024025,0.005275791045278311,0.0022031287662684917,0.002852686680853367,0.00032239180291071534,0.0005023580160923302,0.00019144787802360952,0.0003012708039022982,5.3074054449098185e-05,8.353778684977442e-05,5.008586958865635e-05,7.896695751696825e-05,1.9864826754201204e-05,3.146043309243396e-05,735,735
L19N3,G. Corcovado,2020-02-19,-43.32667,-73.39889,,Mosaic_20200210_20200223.nc,9,0.0037161086220294237,0.0051086777821183205,0.0042132968083024025,0.005275791045278311,0.0022031287662684917,0.002852686680853367,0.00032239180291071534,0.0005023580160923302,0.00019144787802360952,0.0003012708039022982,5.3074054449098185e-05,8.353778684977442e-05,5.008586958865635e-05,7.896695751696825e-05,1.9864826754201204e-05,3.146043309243396e-05,735,735
L19N3,G. Corcovado,2020-02-25,-43.32667,-73.39889,0.0,Mosaic_20200301_20200314.nc,5,0.0035688055213540792,0.00474635511636734,0.004356813617050648,0.005406292621046305,0.002628980902954936,0.0031902759801596403,0.0004111577582079917,0.0006091446266509593,0.0002447304141242057,0.00036729982821270823,6.782262062188238e-05,0.00010113024472957477,6.408349145203829e-05,9.557387238601223e-05,2.5477724193478934e-05,3.795114025706425e-05,762,762
L19N3,G. Corcovado,2020-02-26,-43.32667,-73.39889,,Mosaic_20200301_20200314.nc,4,0.0035688055213540792,0.00474635511636734,0.004356813617050648,0.005406292621046305,0.002628980902954936,0.0031902759801596403,0.0004111577582079917,0.0006091446266509593,0.0002447304141242057,0.00036729982821270823,6.782262062188238e-05,0.00010113024472957477,6.408349145203829e-05,9.557387238601223e-05,2.5477724193478934e-05,3.795114025706425e-05,762,762
L19N3,G. Corcovado,2020-02-28,-43.32667,-73.39889,,Mosaic_20200301_20200314.nc,2,0.0035688055213540792,0.00474635511636734,0.004356813617050648,0.005406292621046305,0.002628980902954936,0.0031902759801596403,0.0004111577582079917,0.0006091446266509593,0.0002447304141242057,0.00036729982821270823,6.782262062188238e-05,0.00010113024472957477,6.408349145203829e-05,9.557387238601223e-05,2.5477724193478934e-05,3.795114025706425e-05,762,762
L19N3,G. Corcovado,2020-03-03,-43.32667,-73.39889,,Mosaic_20200301_20200314.nc,2,0.0035688055213540792,0.00474635511636734,0.004356813617050648,0.005406292621046305,0.002628980902954936,0.0031902759801596403,0.0004111577582079917,0.0006091446266509593,0.0002447304141242057,0.00036729982821270823,6.782262062188238e-05,0.00010113024472957477,6.408349145203829e-05,9.557387238601223e-05,2.5477724193478934e-05,3.795114025706425e-05,762,762
L19N3,G. Corcovado,2020-03-04,-43.32667,-73.39889,,Mosaic_20200301_20200314.nc,3,0.0035688055213540792,0.00474635511636734,0.004356813617050648,0.005406292621046305,0.002628980902954936,0.0031902759801596403,0.0004111577582079917,0.0006091446266509593,0.0002447304141242057,0.00036729982821270823,6.782262062188238e-05,0.00010113024472957477,6.408349145203829e-05,9.557387238601223e-05,2.5477724193478934e-05,3.795114025706425e-05,762,762
L19N3,G. Corcovado,2020-03-05,-43.32667,-73.39889,0.0,Mosaic_20200301_20200314.nc,4,0.0035688055213540792,0.00474635511636734,0.004356813617050648,0.005406292621046305,0.002628980902954936,0.0031902759801596403,0.0004111577582079917,0.0006091446266509593,0.0002447304141242057,0.00036729982821270823,6.782262062188238e-05,0.00010113024472957477,6.408349145203829e-05,9.557387238601223e-05,2.5477724193478934e-05,3.795114025706425e-05,762,762
L19N3,G. Corcovado,2020-03-10,-43.32667,-73.39889,0.0,Mosaic_20200301_20200314.nc,9,0.0035688055213540792,0.00474635511636734,0.004356813617050648,0.005406292621046305,0.002628980902954936,0.0031902759801596403,0.0004111577582079917,0.0006091446266509593,0.0002447304141242057,0.00036729982821270823,6.782262062188238e-05,0.00010113024472957477,6.408349145203829e-05,9.557387238601223e-05,2.5477724193478934e-05,3.795114025706425e-05,762,762
L19N3,G. Corcovado,2020-03-11,-43.32667,-73.39889,,Mosaic_20200301_20200314.nc,10,0.0035688055213540792,0.00474635511636734,0.004356813617050648,0.005406292621046305,0.002628980902954936,0.0031902759801596403,0.0004111577582079917,0.0006091446266509593,0.0002447304141242057,0.00036729982821270823,6.782262062188238e-05,0.00010113024472957477,6.408349145203829e-05,9.557387238601223e-05,2.5477724193478934e-05,3.795114025706425e-05,762,762
L19N3,G. Corcovado,2020-03-12,-43.32667,-73.39889,,Mosaic_20200301_20200314.nc,11,0.0035688055213540792,0.00474635511636734,0.004356813617050648,0.005406292621046305,0.002628980902954936,0.0031902759801596403,0.0004111577582079917,0.0006091446266509593,0.0002447304141242057,0.00036729982821270823,6.782262062188238e-05,0.00010113024472957477,6.408349145203829e-05,9.557387238601223e-05,2.5477724193478934e-05,3.795114025706425e-05,762,762
L19N3,G. Corcovado,2020-03-18,-43.32667,-73.39889,0.0,Mosaic_20200324_20200406.nc,6,0.0012460588477551937,0.001574841677211225,0.0018512976821511984,0.0023572721984237432,0.002370225265622139,0.003649543272331357,0.0007257946999743581,0.001296616275794804,0.0004556202329695225,0.000847473565954715,0.00012448441702872515,0.0002333845040993765,0.00011984548473265022,0.00022570366854779422,4.783966869581491e-05,8.996166434371844e-05,756,756
L19N3,G. Corcovado,2020-03-19,-43.32667,-73.39889,,Mosaic_20200324_20200406.nc,5,0.0012460588477551937,0.001574841677211225,0.0018512976821511984,0.0023572721984237432,0.002370225265622139,0.003649543272331357,0.0007257946999743581,0.001296616275794804,0.0004556202329695225,0.000847473565954715,0.00012448441702872515,0.0002333845040993765,0.00011984548473265022,0.00022570366854779422,4.783966869581491e-05,8.996166434371844e-05,756,756
L19N3,G. Corcovado,2020-03-21,-43.32667,-73.39889,,Mosaic_20200324_20200406.nc,3,0.0012460588477551937,0.001574841677211225,0.0018512976821511984,0.0023572721984237432,0.002370225265622139,0.003649543272331357,0.0007257946999743581,0.001296616275794804,0.0004556202329695225,0.000847473565954715,0.00012448441702872515,0.0002333845040993765,0.00011984548473265022,0.00022570366854779422,4.783966869581491e-05,8.996166434371844e-05,756,756
L19N3,G. Corcovado,2020-05-13,-43.32667,-73.39889,0.0,Mosaic_20200510_20200523.nc,3,0.005407653283327818,0.009192473255097866,0.005593947600573301,0.008928759023547173,0.0029253081884235144,0.007160017266869545,0.0004504262178670615,0.0014769050758332014,0.00027194005087949336,0.0009273423347622156,7.5242314778734e-05,0.00025368272326886654,7.169836317189038e-05,0.0002457250957377255,2.835080522345379e-05,9.829228656599298e-05,756,357
L19N3,G. Corcovado,2020-07-12,-43.32667,-73.39889,,Mosaic_20200712_20200725.nc,0,,,,,,,,,,,,,,,,,762,0
L19N3,G. Corcovado,2020-07-13,-43.32667,-73.39889,,Mosaic_20200712_20200725.nc,1,,,,,,,,,,,,,,,,,762,0
L19N3,G. Corcovado,2020-07-15,-43.32667,-73.39889,,Mosaic_20200712_20200725.nc,3,,,,,,,,,,,,,,,,,762,0
L19N3,G. Corcovado,2020-07-16,-43.32667,-73.39889,,Mosaic_20200712_20200725.nc,4,,,,,,,,,,,,,,,,,762,0
L19N3,G. Corcovado,2020-07-28,-43.32667,-73.39889,1.0,Mosaic_20200729_20200811.nc,1,0.006667532492429018,0.008587905205786228,0.005416674539446831,0.008020561188459396,0.0015813986537978053,0.003526164684444666,0.00018885266035795212,0.0005156978731974959,0.00010719294368755072,0.000305856519844383,2.8891572583233938e-05,8.399025682592764e-05,2.6019390134024434e-05,7.732929952908307e-05,9.874586794467177e-06,3.0261951906140894e-05,735,735
L19N3,G. Corcovado,2020-07-29,-43.32667,-73.39889,,Mosaic_20200729_20200811.nc,0,0.006667532492429018,0.008587905205786228,0.005416674539446831,0.008020561188459396,0.0015813986537978053,0.003526164684444666,0.00018885266035795212,0.0005156978731974959,0.00010719294368755072,0.000305856519844383,2.8891572583233938e-05,8.399025682592764e-05,2.6019390134024434e-05,7.732929952908307e-05,9.874586794467177e-06,3.0261951906140894e-05,735,735
L19N3,G. Corcovado,2020-07-31,-43.32667,-73.39889,,Mosaic_20200729_20200811.nc,2,0.006667532492429018,0.008587905205786228,0.005416674539446831,0.008020561188459396,0.0015813986537978053,0.003526164684444666,0.00018885266035795212,0.0005156978731974959,0.00010719294368755072,0.000305856519844383,2.8891572583233938e-05,8.399025682592764e-05,2.6019390134024434e-05,7.732929952908307e-05,9.874586794467177e-06,3.0261951906140894e-05,735,735
L19N3,G. Corcovado,2020-08-18,-43.32667,-73.39889,0.0,Mosaic_20200818_20200831.nc,0,0.004870750941336155,0.006723814643919468,0.003834204515442252,0.005985022988170385,0.0011153141967952251,0.002631517592817545,0.00012575354776345193,0.0005648343358188868,6.996668525971472e-05,0.000381560530513525,1.8344078853260726e-05,0.00011802138760685921,1.6584897821303457e-05,0.00011425917909946293,6.203282282513101e-06,4.6551220293622464e-05,762,762
L19N3,G. Corcovado,2020-08-19,-43.32667,-73.39889,,Mosaic_20200818_20200831.nc,1,0.004870750941336155,0.006723814643919468,0.003834204515442252,0.005985022988170385,0.0011153141967952251,0.002631517592817545,0.00012575354776345193,0.0005648343358188868,6.996668525971472e-05,0.000381560530513525,1.8344078853260726e-05,0.00011802138760685921,1.6584897821303457e-05,0.00011425917909946293,6.203282282513101e-06,4.6551220293622464e-05,762,762
L19N3,G. Corcovado,2020-08-20,-43.32667,-73.39889,,Mosaic_20200818_20200831.nc,2,0.004870750941336155,0.006723814643919468,0.003834204515442252,0.005985022988170385,0.0011153141967952251,0.002631517592817545,0.00012575354776345193,0.0005648343358188868,6.996668525971472e-05,0.000381560530513525,1.8344078853260726e-05,0.00011802138760685921,1.6584897821303457e-05,0.00011425917909946293,6.203282282513101e-06,4.6551220293622464e-05,762,762
L19N3,G. Corcovado,2020-08-21,-43.32667,-73.39889,,Mosaic_20200818_20200831.nc,3,0.004870750941336155,0.006723814643919468,0.003834204515442252,0.005985022988170385,0.0011153141967952251,0.002631517592817545,0.00012575354776345193,0.0005648343358188868,6.996668525971472e-05,0.000381560530513525,1.8344078853260726e-05,0.00011802138760685921,1.6584897821303457e-05,0.00011425917909946293,6.203282282513101e-06,4.6551220293622464e-05,762,762
L19N3,G. Corcovado,2020-08-23,-43.32667,-73.39889,,Mosaic_20200818_20200831.nc,5,0.004870750941336155,0.006723814643919468,0.003834204515442252,0.005985022988170385,0.0011153141967952251,0.002631517592817545,0.00012575354776345193,0.0005648343358188868,6.996668525971472e-05,0.000381560530513525,1.8344078853260726e-05,0.00011802138760685921,1.6584897821303457e-05,0.00011425917909946293,6.203282282513101e-06,4.6551220293622464e-05,762,762
L19N3,G. Corcovado,2020-08-24,-43.32667,-73.39889,,Mosaic_20200818_20200831.nc,6,0.004870750941336155,0.006723814643919468,0.003834204515442252,0.005985022988170385,0.0011153141967952251,0.002631517592817545,0.00012575354776345193,0.0005648343358188868,6.996668525971472e-05,0.000381560530513525,1.8344078853260726e-05,0.00011802138760685921,1.6584897821303457e-05,0.00011425917909946293,6.203282282513101e-06,4.6551220293622464e-05,762,762
L19N3,G. Corcovado,2020-09-05,-43.32667,-73.39889,,Mosaic_20200917_20200930.nc,12,0.0014510934706777334,0.0018091956153512,0.002033695112913847,0.0025116868782788515,0.0017986365128308535,0.0023074059281498194,0.000336475670337677,0.0005601497832685709,0.00019802052702289075,0.00034210961894132197,5.3384454076876864e-05,9.349928586743772e-05,5.04751515109092e-05,8.927776798373088e-05,1.9925510059692897e-05,3.552632551873103e-05,762,762
L19N3,G. Corcovado,2020-09-21,-43.32667,-73.39889,2.0,Mosaic_20200917_20200930.nc,4,0.0014510934706777334,0.0018091956153512,0.002033695112913847,0.0025116868782788515,0.0017986365128308535,0.0023074059281498194,0.000336475670337677,0.0005601497832685709,0.00019802052702289075,0.00034210961894132197,5.3384454076876864e-05,9.349928586743772e-05,5.04751515109092e-05,8.927776798373088e-05,1.9925510059692897e-05,3.552632551873103e-05,762,762
L19N3,G. Corcovado,2020-09-22,-43.32667,-73.39889,,Mosaic_20200917_20200930.nc,5,0.0014510934706777334,0.0018091956153512,0.002033695112913847,0.0025116868782788515,0.0017986365128308535,0.0023074059281498194,0.000336475670337677,0.0005601497832685709,0.00019802052702289075,0.00034210961894132197,5.3384454076876864e-05,9.349928586743772e-05,5.04751515109092e-05,8.927776798373088e-05,1.9925510059692897e-05,3.552632551873103e-05,762,762
L19N3,G. Corcovado,2020-09-23,-43.32667,-73.39889,,Mosaic_20200917_20200930.nc,6,0.0014510934706777334,0.0018091956153512,0.002033695112913847,0.0025116868782788515,0.0017986365128308535,0.0023074059281498194,0.000336475670337677,0.0005601497832685709,0.00019802052702289075,0.00034210961894132197,5.3384454076876864e-05,9.349928586743772e-05,5.04751515109092e-05,8.927776798373088e-05,1.9925510059692897e-05,3.552632551873103e-05,762,762
L19N3,G. Corcovado,2020-09-24,-43.32667,-73.39889,,Mosaic_20200917_20200930.nc,7,0.0014510934706777334,0.0018091956153512,0.002033695112913847,0.0025116868782788515,0.0017986365128308535,0.0023074059281498194,0.000336475670337677,0.0005601497832685709,0.00019802052702289075,0.00034210961894132197,5.3384454076876864e-05,9.349928586743772e-05,5.04751515109092e-05,8.927776798373088e-05,1.9925510059692897e-05,3.552632551873103e-05,762,762
L19N3,G. Corcovado,2020-09-25,-43.32667,-73.39889,,Mosaic_20200917_20200930.nc,8,0.0014510934706777334,0.0018091956153512,0.002033695112913847,0.0025116868782788515,0.0017986365128308535,0.0023074059281498194,0.000336475670337677,0.0005601497832685709,0.00019802052702289075,0.00034210961894132197,5.3384454076876864e-05,9.349928586743772e-05,5.04751515109092e-05,8.927776798373088e-05,1.9925510059692897e-05,3.552632551873103e-05,762,762
L19N3,G. Corcovado,2020-09-26,-43.32667,-73.39889,2.0,Mosaic_20200917_20200930.nc,9,0.0014510934706777334,0.0018091956153512,0.002033695112913847,0.0025116868782788515,0.0017986365128308535,0.0023074059281498194,0.000336475670337677,0.0005601497832685709,0.00019802052702289075,0.00034210961894132197,5.3384454076876864e-05,9.349928586743772e-05,5.04751515109092e-05,8.927776798373088e-05,1.9925510059692897e-05,3.552632551873103e-05,762,762
L19N3,G. Corcovado,2020-10-06,-43.32667,-73.39889,,Mosaic_20201010_20201023.nc,4,0.0009246981935575604,0.0016226052539423108,0.0013972003944218159,0.0023788600228726864,0.0018836082890629768,0.002607129979878664,0.0004536810447461903,0.0006984345382079482,0.0002779426285997033,0.0004393587587401271,7.591379107907414e-05,0.00012243266974110156,7.239996193675324e-05,0.00011818292841780931,2.8813266908400692e-05,4.757794886245392e-05,762,762
L19N3,G. Corcovado,2020-10-08,-43.32667,-73.39889,0.0,Mosaic_20201010_20201023.nc,2,0.0009246981935575604,0.0016226052539423108,0.0013972003944218159,0.0023788600228726864,0.0018836082890629768,0.002607129979878664,0.0004536810447461903,0.0006984345382079482,0.0002779426285997033,0.0004393587587401271,7.591379107907414e-05,0.00012243266974110156,7.239996193675324e-05,0.00011818292841780931,2.8813266908400692e-05,4.757794886245392e-05,762,762
L19N3,G. Corcovado,2020-10-09,-43.32667,-73.39889,,Mosaic_20201010_20201023.nc,1,0.0009246981935575604,0.0016226052539423108,0.0013972003944218159,0.0023788600228726864,0.0018836082890629768,0.002607129979878664,0.0004536810447461903,0.0006984345382079482,0.0002779426285997033,0.0004393587587401271,7.591379107907414e-05,0.00012243266974110156,7.239996193675324e-05,0.00011818292841780931,2.8813266908400692e-05,4.757794886245392e-05,762,762
L19N3,G. Corcovado,2020-10-11,-43.32667,-73.39889,,Mosaic_20201010_20201023.nc,1,0.0009246981935575604,0.0016226052539423108,0.0013972003944218159,0.0023788600228726864,0.0018836082890629768,0.002607129979878664,0.0004536810447461903,0.0006984345382079482,0.0002779426285997033,0.0004393587587401271,7.591379107907414e-05,0.00012243266974110156,7.239996193675324e-05,0.00011818292841780931,2.8813266908400692e-05,4.757794886245392e-05,762,762
L19N3,G. Corcovado,2020-10-20,-43.32667,-73.39889,,Mosaic_20201010_20201023.nc,10,0.0009246981935575604,0.0016226052539423108,0.0013972003944218159,0.0023788600228726864,0.0018836082890629768,0.002607129979878664,0.0004536810447461903,0.0006984345382079482,0.0002779426285997033,0.0004393587587401271,7.591379107907414e-05,0.00012243266974110156,7.239996193675324e-05,0.00011818292841780931,2.8813266908400692e-05,4.757794886245392e-05,762,762
L19N3,G. Corcovado,2020-10-21,-43.32667,-73.39889,1.0,Mosaic_20201030_20201112.nc,9,0.000647351611405611,0.0008429854642599821,0.0009922342142090201,0.0012958040460944176,0.0016199547098949552,0.0022070584818720818,0.0005676429718732834,0.0008766161045059562,0.0003695730702020228,0.0005944026634097099,0.00010450951231177896,0.0001798792800400406,0.00010111606388818473,0.00017799704801291227,4.067685949848965e-05,7.350437954301015e-05,762,762
L19N3,G. Corcovado,2020-10-22,-43.32667,-73.39889,,Mosaic_20201030_20201112.nc,8,0.000647351611405611,0.0008429854642599821,0.0009922342142090201,0.0012958040460944176,0.0016199547098949552,0.0022070584818720818,0.0005676429718732834,0.0008766161045059562,0.0003695730702020228,0.0005944026634097099,0.00010450951231177896,0.0001798792800400406,0.00010111606388818473,0.00017799704801291227,4.067685949848965e-05,7.350437954301015e-05,762,762
L19N3,G. Corcovado,2020-10-23,-43.32667,-73.39889,,Mosaic_20201030_20201112.nc,7,0.000647351611405611,0.0008429854642599821,0.0009922342142090201,0.0012958040460944176,0.0016199547098949552,0.0022070584818720818,0.0005676429718732834,0.0008766161045059562,0.0003695730702020228,0.0005944026634097099,0.00010450951231177896,0.0001798792800400406,0.00010111606388818473,0.00017799704801291227,4.067685949848965e-05,7.350437954301015e-05,762,762
L19N3,G. Corcovado,2020-11-05,-43.32667,-73.39889,,Mosaic_20201030_20201112.nc,6,0.000647351611405611,0.0008429854642599821,0.0009922342142090201,0.0012958040460944176,0.0016199547098949552,0.0022070584818720818,0.0005676429718732834,0.0008766161045059562,0.0003695730702020228,0.0005944026634097099,0.00010450951231177896,0.0001798792800400406,0.00010111606388818473,0.00017799704801291227,4.067685949848965e-05,7.350437954301015e-05,762,762
L19N3,G. Corcovado,2020-11-07,-43.32667,-73.39889,1.0,Mosaic_20201030_20201112.nc,8,0.000647351611405611,0.0008429854642599821,0.0009922342142090201,0.0012958040460944176,0.0016199547098949552,0.0022070584818720818,0.0005676429718732834,0.0008766161045059562,0.0003695730702020228,0.0005944026634097099,0.00010450951231177896,0.0001798792800400406,0.00010111606388818473,0.00017799704801291227,4.067685949848965e-05,7.350437954301015e-05,762,762
L19N3,G. Corcovado,2020-11-08,-43.32667,-73.39889,,Mosaic_20201116_20201129.nc,8,0.0026006142143160105,0.010373004712164402,0.002759108319878578,0.009726876392960548,0.0023180190473794937,0.004987144377082586,0.0004899410414509475,0.002402898855507374,0.0003013242385350168,0.0019699775148183107,8.312987483805045e-05,0.0006732241599820554,7.893193105701357e-05,0.0006913487450219691,3.154781006742269e-05,0.0002906939771492034,742,742
L19N3,G. Corcovado,2020-11-10,-43.32667,-73.39889,,Mosaic_20201116_20201129.nc,6,0.0026006142143160105,0.010373004712164402,0.002759108319878578,0.009726876392960548,0.0023180190473794937,0.004987144377082586,0.0004899410414509475,0.002402898855507374,0.0003013242385350168,0.0019699775148183107,8.312987483805045e-05,0.0006732241599820554,7.893193105701357e-05,0.0006913487450219691,3.154781006742269e-05,0.0002906939771492034,742,742
L19N3,G. Corcovado,2020-12-02,-43.32667,-73.39889,2.0,Mosaic_20201206_20201219.nc,4,0.004277568310499191,0.005758483894169331,0.0038944408297538757,0.005393043160438538,0.0013918164186179638,0.002454291330650449,0.00016904922085814178,0.0019364117179065943,9.580756159266457e-05,0.0016281264834105968,2.5484510842943564e-05,0.0005706317606382072,2.3249198420671746e-05,0.0005765986861661077,8.875159437593538e-06,0.0002394332259427756,762,762
L19N3,G. Corcovado,2020-12-03,-43.32667,-73.39889,,Mosaic_20201206_20201219.nc,3,0.004277568310499191,0.005758483894169331,0.0038944408297538757,0.005393043160438538,0.0013918164186179638,0.002454291330650449,0.00016904922085814178,0.0019364117179065943,9.580756159266457e-05,0.0016281264834105968,2.5484510842943564e-05,0.0005706317606382072,2.3249198420671746e-05,0.0005765986861661077,8.875159437593538e-06,0.0002394332259427756,762,762
L19N3,G. Corcovado,2020-12-04,-43.32667,-73.39889,,Mosaic_20201206_20201219.nc,2,0.004277568310499191,0.005758483894169331,0.0038944408297538757,0.005393043160438538,0.0013918164186179638,0.002454291330650449,0.00016904922085814178,0.0019364117179065943,9.580756159266457e-05,0.0016281264834105968,2.5484510842943564e-05,0.0005706317606382072,2.3249198420671746e-05,0.0005765986861661077,8.875159437593538e-06,0.0002394332259427756,762,762
L19N3,G. Corcovado,2020-12-16,-43.32667,-73.39889,,Mosaic_20201206_20201219.nc,10,0.004277568310499191,0.005758483894169331,0.0038944408297538757,0.005393043160438538,0.0013918164186179638,0.002454291330650449,0.00016904922085814178,0.0019364117179065943,9.580756159266457e-05,0.0016281264834105968,2.5484510842943564e-05,0.0005706317606382072,2.3249198420671746e-05,0.0005765986861661077,8.875159437593538e-06,0.0002394332259427756,762,762
L19N3,G. Corcovado,2020-12-17,-43.32667,-73.39889,1.0,Mosaic_20201206_20201219.nc,11,0.004277568310499191,0.005758483894169331,0.0038944408297538757,0.005393043160438538,0.0013918164186179638,0.002454291330650449,0.00016904922085814178,0.0019364117179065943,9.580756159266457e-05,0.0016281264834105968,2.5484510842943564e-05,0.0005706317606382072,2.3249198420671746e-05,0.0005765986861661077,8.875159437593538e-06,0.0002394332259427756,762,762
L19N3,G. Corcovado,2020-12-18,-43.32667,-73.39889,,Mosaic_20201206_20201219.nc,12,0.004277568310499191,0.005758483894169331,0.0038944408297538757,0.005393043160438538,0.0013918164186179638,0.002454291330650449,0.00016904922085814178,0.0019364117179065943,9.580756159266457e-05,0.0016281264834105968,2.5484510842943564e-05,0.0005706317606382072,2.3249198420671746e-05,0.0005765986861661077,8.875159437593538e-06,0.0002394332259427756,762,762
L19N3,G. Corcovado,2022-01-19,-43.32667,-73.39889,0.0,Mosaic_20220130_20220212.nc,11,,,,,,,,,,,,,,,,,762,0
L19N3,G. Corcovado,2022-02-01,-43.32667,-73.39889,0.0,Mosaic_20220130_20220212.nc,2,,,,,,,,,,,,,,,,,762,0
L19N4,G. Corcovado 2,2015-11-11,-43.4972,-73.54722,0.0,Mosaic_20151123_20151206.nc,12,0.0022245883010327816,0.0033658065367490053,0.0025234948843717575,0.003742392174899578,0.001409944030456245,0.0019713377114385366,0.000210015190532431,0.0003562097845133394,0.00011910170724149793,0.00020809713169001043,3.182360524078831e-05,5.652086838381365e-05,2.932697498181369e-05,5.263191269477829e-05,1.1351991815899964e-05,2.0677094653365202e-05,736,736
L19N4,G. Corcovado 2,2015-11-26,-43.4972,-73.54722,0.0,Mosaic_20151123_20151206.nc,3,0.0022245883010327816,0.0033658065367490053,0.0025234948843717575,0.003742392174899578,0.001409944030456245,0.0019713377114385366,0.000210015190532431,0.0003562097845133394,0.00011910170724149793,0.00020809713169001043,3.182360524078831e-05,5.652086838381365e-05,2.932697498181369e-05,5.263191269477829e-05,1.1351991815899964e-05,2.0677094653365202e-05,736,736
L19N4,G. Corcovado 2,2015-12-02,-43.4972,-73.54722,0.0,Mosaic_20151123_20151206.nc,9,0.0022245883010327816,0.0033658065367490053,0.0025234948843717575,0.003742392174899578,0.001409944030456245,0.0019713377114385366,0.000210015190532431,0.0003562097845133394,0.00011910170724149793,0.00020809713169001043,3.182360524078831e-05,5.652086838381365e-05,2.932697498181369e-05,5.263191269477829e-05,1.1351991815899964e-05,2.0677094653365202e-05,736,736
L19N4,G. Corcovado 2,2015-12-20,-43.4972,-73.54722,0.0,Mosaic_20151223_20160105.nc,3,0.0005685772630386055,0.0008273015264421701,0.0008690711692906916,0.0013757948763668537,0.00175581406801939,0.0030075490940362215,0.0008791835862211883,0.001862125820480287,0.0006466131308116019,0.0015661749057471752,0.00020262339967302978,0.0005528058391064405,0.00020066458091605455,0.000557847146410495,8.269572572316974e-05,0.00023301829060073942,757,757
L19N4,G. Corcovado 2,2016-01-25,-43.4972,-73.54722,5.0,Mosaic_20160204_20160217.nc,10,0.0006076869904063642,0.0008493977366015315,0.0009547724621370435,0.0013696325477212667,0.0017429018625989556,0.002708998741582036,0.0006782609270885587,0.001220709178596735,0.0004530837177298963,0.0008848549332469702,0.00012957157741766423,0.0002719677286222577,0.0001261680736206472,0.00026961672119796276,5.1142276788596064e-05,0.0001107973512262106,756,756
L19N4,G. Corcovado 2,2016-02-06,-43.4972,-73.54722,3.0,Mosaic_20160204_20160217.nc,2,0.0006076869904063642,0.0008493977366015315,0.0009547724621370435,0.0013696325477212667,0.0017429018625989556,0.002708998741582036,0.0006782609270885587,0.001220709178596735,0.0004530837177298963,0.0008848549332469702,0.00012957157741766423,0.0002719677286222577,0.0001261680736206472,0.00026961672119796276,5.1142276788596064e-05,0.0001107973512262106,756,756
L19N4,G. Corcovado 2,2016-02-13,-43.4972,-73.54722,2.0,Mosaic_20160204_20160217.nc,9,0.0006076869904063642,0.0008493977366015315,0.0009547724621370435,0.0013696325477212667,0.0017429018625989556,0.002708998741582036,0.0006782609270885587,0.001220709178596735,0.0004530837177298963,0.0008848549332469702,0.00012957157741766423,0.0002719677286222577,0.0001261680736206472,0.00026961672119796276,5.1142276788596064e-05,0.0001107973512262106,756,756
L19N4,G. Corcovado 2,2016-02-22,-43.4972,-73.54722,5.0,Mosaic_20160305_20160318.nc,12,0.0004303947207517922,0.000544313748832792,0.0006789141334593296,0.0009029616485349834,0.001323813572525978,0.0017967341700568795,0.0005809020949527621,0.0009679312934167683,0.00039052951615303755,0.0007297471165657043,0.00011202067253179848,0.00023246581258717924,0.0001094337203539908,0.00023198772396426648,4.4179272663313895e-05,9.581362246535718e-05,756,756
L19N4,G. Corcovado 2,2016-03-09,-43.4972,-73.54722,6.0,Mosaic_20160305_20160318.nc,4,0.0004303947207517922,0.000544313748832792,0.0006789141334593296,0.0009029616485349834,0.001323813572525978,0.0017967341700568795,0.0005809020949527621,0.0009679312934167683,0.00039052951615303755,0.0007297471165657043,0.00011202067253179848,0.00023246581258717924,0.0001094337203539908,0.00023198772396426648,4.4179272663313895e-05,9.581362246535718e-05,756,756
L19N4,G. Corcovado 2,2016-03-16,-43.4972,-73.54722,6.0,Mosaic_20160305_20160318.nc,11,0.0004303947207517922,0.000544313748832792,0.0006789141334593296,0.0009029616485349834,0.001323813572525978,0.0017967341700568795,0.0005809020949527621,0.0009679312934167683,0.00039052951615303755,0.0007297471165657043,0.00011202067253179848,0.00023246581258717924,0.0001094337203539908,0.00023198772396426648,4.4179272663313895e-05,9.581362246535718e-05,756,756
L19N4,G. Corcovado 2,2016-04-01,-43.4972,-73.54722,3.0,Mosaic_20160404_20160417.nc,3,,,,,,,,,,,,,,,,,736,0
L19N4,G. Corcovado 2,2016-04-08,-43.4972,-73.54722,2.0,Mosaic_20160404_20160417.nc,4,,,,,,,,,,,,,,,,,736,0
L19N4,G. Corcovado 2,2016-06-04,-43.4972,-73.54722,2.0,Mosaic_20160613_20160626.nc,9,0.0017630826914682984,0.003157768864184618,0.002128146355971694,0.003580650547519326,0.0012918305583298206,0.004494884982705116,0.00021707231644541025,0.0015770143363624811,0.0001246761530637741,0.0010837940499186516,3.4057571610901505e-05,0.0003035998379345983,3.160141932312399e-05,0.00029583455761894584,1.2325255738687702e-05,0.00011706227815011516,736,736
L19N4,G. Corcovado 2,2016-06-16,-43.4972,-73.54722,1.0,Mosaic_20160613_20160626.nc,3,0.0017630826914682984,0.003157768864184618,0.002128146355971694,0.003580650547519326,0.0012918305583298206,0.004494884982705116,0.00021707231644541025,0.0015770143363624811,0.0001246761530637741,0.0010837940499186516,3.4057571610901505e-05,0.0003035998379345983,3.160141932312399e-05,0.00029583455761894584,1.2325255738687702e-05,0.00011706227815011516,736,736
L19N4,G. Corcovado 2,2016-06-21,-43.4972,-73.54722,0.0,Mosaic_20160613_20160626.nc,8,0.0017630826914682984,0.003157768864184618,0.002128146355971694,0.003580650547519326,0.0012918305583298206,0.004494884982705116,0.00021707231644541025,0.0015770143363624811,0.0001246761530637741,0.0010837940499186516,3.4057571610901505e-05,0.0003035998379345983,3.160141932312399e-05,0.00029583455761894584,1.2325255738687702e-05,0.00011706227815011516,736,736
L19N4,G. Corcovado 2,2016-07-05,-43.4972,-73.54722,1.0,Mosaic_20160703_20160716.nc,2,0.0009733241167850792,0.0024887477047741413,0.0010339927393943071,0.002187782898545265,0.0006181614589877427,0.0013060478959232569,0.00011643832112895325,0.0003001382283400744,6.588372343685478e-05,0.0001794543641153723,1.756457277224399e-05,4.831265687244013e-05,1.6103982488857582e-05,4.532012826530263e-05,6.0629527069977485e-06,1.7668260625214316e-05,736,736
L19N4,G. Corcovado 2,2016-07-19,-43.4972,-73.54722,1.0,Mosaic_20160723_20160805.nc,4,0.0016920540947467089,0.0031464160420000553,0.0016906613018363714,0.002934601390734315,0.000778843997977674,0.0014044155832380056,0.00011202392488485202,0.00018666352843865752,6.20349746895954e-05,0.00010420084436191246,1.6332007362507284e-05,2.7622902052826248e-05,1.4748857211088762e-05,2.5387726054759696e-05,5.509399670700077e-06,1.0010410733229946e-05,736,736
L19N4,G. Corcovado 2,2016-08-20,-43.4972,-73.54722,2.0,Mosaic_20160819_20160901.nc,1,0.005577990785241127,0.009731188416481018,0.0035719198640435934,0.00424128258600831,0.001444198307581246,0.002850597957149148,0.000190823819139041,0.0005054896464571357,0.00011289447138551623,0.00030586941284127533,3.0984170734882355e-05,8.311224519275129e-05,2.9328988603083417e-05,7.951751467771828e-05,1.1536187230376527e-05,3.1658793886890635e-05,739,6
L19N4,G. Corcovado 2,2016-09-03,-43.4972,-73.54722,2.0,Mosaic_20160908_20160921.nc,5,,,,,,,,,,,,,,,,,757,0
L19N4,G. Corcovado 2,2016-10-07,-43.4972,-73.54722,3.0,Mosaic_20160928_20161011.nc,9,0.0032150885090231895,0.00518430769443512,0.0032899053767323494,0.004339359700679779,0.0013956102775409818,0.002281137043610215,0.00017459505761507899,0.0003438650746829808,9.952190885087475e-05,0.00020001934899482876,2.6636273105395958e-05,5.46052870049607e-05,2.451340878906194e-05,5.0386592192808166e-05,9.443265298614278e-06,1.972886639123317e-05,757,757
L19N4,G. Corcovado 2,2016-10-21,-43.4972,-73.54722,0.0,Mosaic_20161018_20161031.nc,3,0.0035834575537592173,0.004536651540547609,0.004155456554144621,0.004794853273779154,0.0022292258217930794,0.002746161539107561,0.0003227845299988985,0.00042137622949667275,0.00019053892174270004,0.0002504173608031124,5.261123806121759e-05,6.932407995918766e-05,4.947051638737321e-05,6.502853648271412e-05,1.95823213289259e-05,2.5789451683522202e-05,739,739
L19N4,G. Corcovado 2,2016-11-10,-43.4972,-73.54722,1.0,Mosaic_20161107_20161120.nc,3,0.003943417686969042,0.004759794566780329,0.00487816147506237,0.005738949403166771,0.0030401921831071377,0.003439132822677493,0.0004889572155661881,0.0006586744566448033,0.0002935824159067124,0.0004003675712738186,8.221236930694431e-05,0.00011177310079801828,7.830936374375597e-05,0.00010643478890415281,3.138640386168845e-05,4.2596708226483315e-05,757,757
L19N4,G. Corcovado 2,2016-11-18,-43.4972,-73.54722,3.0,Mosaic_20161107_20161120.nc,11,0.003943417686969042,0.004759794566780329,0.00487816147506237,0.005738949403166771,0.0030401921831071377,0.003439132822677493,0.0004889572155661881,0.0006586744566448033,0.0002935824159067124,0.0004003675712738186,8.221236930694431e-05,0.00011177310079801828,7.830936374375597e-05,0.00010643478890415281,3.138640386168845e-05,4.2596708226483315e-05,757,757
L19N4,G. Corcovado 2,2016-11-26,-43.4972,-73.54722,3.0,Mosaic_20161130_20161213.nc,4,,,,,,,,,,,,,,,,,736,0
L19N4,G. Corcovado 2,2016-12-07,-43.4972,-73.54722,4.0,Mosaic_20161130_20161213.nc,7,,,,,,,,,,,,,,,,,736,0
L19N4,G. Corcovado 2,2016-12-14,-43.4972,-73.54722,4.0,Mosaic_20161217_20161230.nc,3,,,,,,,,,,,,,,,,,736,0
L19N4,G. Corcovado 2,2017-01-16,-43.4972,-73.54722,0.0,Mosaic_20170126_20170208.nc,10,0.005080454517155886,0.005906968843191862,0.0044452534057199955,0.005375227425247431,0.0014030227903276682,0.0020854275207966566,0.00016361387679353356,0.00025947828544303775,9.380634583067149e-05,0.00015057485143188387,2.5059171093744226e-05,4.1155471990350634e-05,2.30417208513245e-05,3.7665118725271896e-05,8.825843906379305e-06,1.463942044210853e-05,736,736
L19N4,G. Corcovado 2,2017-01-25,-43.4972,-73.54722,0.0,Mosaic_20170126_20170208.nc,1,0.005080454517155886,0.005906968843191862,0.0044452534057199955,0.005375227425247431,0.0014030227903276682,0.0020854275207966566,0.00016361387679353356,0.00025947828544303775,9.380634583067149e-05,0.00015057485143188387,2.5059171093744226e-05,4.1155471990350634e-05,2.30417208513245e-05,3.7665118725271896e-05,8.825843906379305e-06,1.463942044210853e-05,736,736
L19N4,G. Corcovado 2,2017-02-06,-43.4972,-73.54722,1.0,Mosaic_20170215_20170228.nc,9,,,,,,,,,,,,,,,,,736,0
L19N4,G. Corcovado 2,2017-02-15,-43.4972,-73.54722,0.0,Mosaic_20170215_20170228.nc,0,,,,,,,,,,,,,,,,,736,0
L19N4,G. Corcovado 2,2017-02-25,-43.4972,-73.54722,0.0,Mosaic_20170215_20170228.nc,10,,,,,,,,,,,,,,,,,736,0
L19N4,G. Corcovado 2,2017-03-06,-43.4972,-73.54722,0.0,Mosaic_20170317_20170330.nc,11,0.00401908066123724,0.005921632517129183,0.003977334592491388,0.005922321695834398,0.0015599599573761225,0.0024105957709252834,0.00020194813259877264,0.00031648651929572225,0.00011804462701547891,0.00021233258303254843,3.219080826966092e-05,6.409749039448798e-05,3.0012597562745214e-05,6.225785909919068e-05,1.168965536635369e-05,2.5133147573797032e-05,736,736
L19N4,G. Corcovado 2,2017-03-14,-43.4972,-73.54722,0.0,Mosaic_20170317_20170330.nc,3,0.00401908066123724,0.005921632517129183,0.003977334592491388,0.005922321695834398,0.0015599599573761225,0.0024105957709252834,0.00020194813259877264,0.00031648651929572225,0.00011804462701547891,0.00021233258303254843,3.219080826966092e-05,6.409749039448798e-05,3.0012597562745214e-05,6.225785909919068e-05,1.168965536635369e-05,2.5133147573797032e-05,736,736
L19N4,G. Corcovado 2,2017-03-20,-43.4972,-73.54722,0.0,Mosaic_20170317_20170330.nc,3,0.00401908066123724,0.005921632517129183,0.003977334592491388,0.005922321695834398,0.0015599599573761225,0.0024105957709252834,0.00020194813259877264,0.00031648651929572225,0.00011804462701547891,0.00021233258303254843,3.219080826966092e-05,6.409749039448798e-05,3.0012597562745214e-05,6.225785909919068e-05,1.168965536635369e-05,2.5133147573797032e-05,736,736
L19N4,G. Corcovado 2,2017-04-03,-43.4972,-73.54722,0.0,Mosaic_20170409_20170422.nc,6,0.0031232808250933886,0.004725360777229071,0.0038021851796656847,0.004854805301874876,0.002335680415853858,0.0036214194260537624,0.00037453483673743904,0.0006903363391757011,0.00022011465625837445,0.000413404603023082,6.061788371880539e-05,0.0001127942741732113,5.6749537179712206e-05,0.00010631147597450763,2.2461481421487406e-05,4.20679607486818e-05,736,736
L19N4,G. Corcovado 2,2017-04-12,-43.4972,-73.54722,0.0,Mosaic_20170409_20170422.nc,3,0.0031232808250933886,0.004725360777229071,0.0038021851796656847,0.004854805301874876,0.002335680415853858,0.0036214194260537624,0.00037453483673743904,0.0006903363391757011,0.00022011465625837445,0.000413404603023082,6.061788371880539e-05,0.0001127942741732113,5.6749537179712206e-05,0.00010631147597450763,2.2461481421487406e-05,4.20679607486818e-05,736,736
L19N4,G. Corcovado 2,2017-04-21,-43.4972,-73.54722,3.0,Mosaic_20170409_20170422.nc,12,0.0031232808250933886,0.004725360777229071,0.0038021851796656847,0.004854805301874876,0.002335680415853858,0.0036214194260537624,0.00037453483673743904,0.0006903363391757011,0.00022011465625837445,0.000413404603023082,6.061788371880539e-05,0.0001127942741732113,5.6749537179712206e-05,0.00010631147597450763,2.2461481421487406e-05,4.20679607486818e-05,736,736
L19N4,G. Corcovado 2,2017-05-08,-43.4972,-73.54722,0.0,Mosaic_20170509_20170522.nc,1,0.0007745158509351313,0.0015131700783967972,0.0010788312647491693,0.001937273540534079,0.001082422910258174,0.0018986276118084788,0.00023355068697128445,0.0005200622836127877,0.00013683973520528525,0.0003228113637305796,3.6792527680518106e-05,8.693311247043312e-05,3.4714794310275465e-05,8.308334508910775e-05,1.3611410395242274e-05,3.281576209701598e-05,757,757
L19N4,G. Corcovado 2,2017-05-23,-43.4972,-73.54722,0.0,Mosaic_20170526_20170608.nc,3,0.002661659847944975,0.0065461029298603535,0.002911848248913884,0.0073397960513830185,0.0014883197145536542,0.007556661497801542,0.00021250225836411119,0.0033905114978551865,0.0001217471290146932,0.0027483077719807625,3.281414683442563e-05,0.0008925219299271703,3.0225652153603733e-05,0.0008918466046452522,1.1741947673726827e-05,0.00035853596637025476,757,590
L19N4,G. Corcovado 2,2017-05-30,-43.4972,-73.54722,,Mosaic_20170526_20170608.nc,4,0.002661659847944975,0.0065461029298603535,0.002911848248913884,0.0073397960513830185,0.0014883197145536542,0.007556661497801542,0.00021250225836411119,0.0033905114978551865,0.0001217471290146932,0.0027483077719807625,3.281414683442563e-05,0.0008925219299271703,3.0225652153603733e-05,0.0008918466046452522,1.1741947673726827e-05,0.00035853596637025476,757,590
L19N4,G. Corcovado 2,2017-07-04,-43.4972,-73.54722,0.0,Mosaic_20170710_20170723.nc,6,0.003464622888714075,0.005382169038057327,0.0029672947712242603,0.005193967372179031,0.0009390817140229046,0.002211524872109294,0.00010479066986590624,0.000296321464702487,5.686894292011857e-05,0.00016491260612383485,1.4641123925684951e-05,4.3434261897346005e-05,1.2981720828975085e-05,3.928710430045612e-05,4.756171165354317e-06,1.5048287423269358e-05,757,757
L19N4,G. Corcovado 2,2017-07-31,-43.4972,-73.54722,1.0,Mosaic_20170725_20170807.nc,6,0.004040553234517574,0.005499611608684063,0.004523109644651413,0.0055092754773795605,0.0023009374272078276,0.0031164009124040604,0.00034806004259735346,0.0005085321608930826,0.0002036983787547797,0.0002997760020662099,5.615355621557683e-05,8.247706136899069e-05,5.2030576625838876e-05,7.724286842858419e-05,2.043405947915744e-05,3.0589337256969884e-05,736,736
L19N4,G. Corcovado 2,2017-08-26,-43.4972,-73.54722,1.0,Mosaic_20170829_20170911.nc,3,0.00435987114906311,0.0091779176145792,0.004143157042562962,0.006141861900687218,0.0015602119965478778,0.0026132604107260704,0.00018723192624747753,0.00037681698449887335,0.00010700114944484085,0.00023760453041177243,2.8694310458377004e-05,7.587634172523394e-05,2.62357516476186e-05,7.500436913687736e-05,1.0082512744702399e-05,3.112534250249155e-05,757,757
L19N4,G. Corcovado 2,2017-09-25,-43.4972,-73.54722,1.0,Mosaic_20171001_20171014.nc,6,0.0008510136394761503,0.0015408461913466454,0.0010072735603898764,0.001498677534982562,0.000712310429662466,0.0013763189781457186,0.00012463922030292451,0.00046226847916841507,6.961576582398266e-05,0.00029014114988967776,1.8051170627586544e-05,8.00627312855795e-05,1.657219218031969e-05,7.699584239162505e-05,6.226967343536671e-06,3.0784387490712106e-05,756,756
L19N4,G. Corcovado 2,2017-10-10,-43.4972,-73.54722,1.0,Mosaic_20171018_20171031.nc,8,0.0023804751690477133,0.0031967065297067165,0.002223702846094966,0.0027673288714140654,0.0008525695884600282,0.0012864533346146345,0.00010128148278454319,0.00016855401918292046,5.456461076391861e-05,9.383153519593179e-05,1.3886107808502857e-05,2.482560921635013e-05,1.2384241927065887e-05,2.2489526600111276e-05,4.52369567938149e-06,8.548730875190813e-06,757,757
L19N4,G. Corcovado 2,2017-10-24,-43.4972,-73.54722,1.0,Mosaic_20171018_20171031.nc,6,0.0023804751690477133,0.0031967065297067165,0.002223702846094966,0.0027673288714140654,0.0008525695884600282,0.0012864533346146345,0.00010128148278454319,0.00016855401918292046,5.456461076391861e-05,9.383153519593179e-05,1.3886107808502857e-05,2.482560921635013e-05,1.2384241927065887e-05,2.2489526600111276e-05,4.52369567938149e-06,8.548730875190813e-06,757,757
L19N4,G. Corcovado 2,2017-11-06,-43.4972,-73.54722,0.0,Mosaic_20171102_20171115.nc,4,0.003600226016715169,0.004617711529135704,0.0035883053205907345,0.004393859300762415,0.0014753444120287895,0.002204796066507697,0.00018984571215696633,0.00036451107007451355,0.00010879828914767131,0.00021555631246883422,2.926936576841399e-05,5.9501020587049425e-05,2.6975490982295014e-05,5.597957715508528e-05,1.0429871508677024e-05,2.2209069356904365e-05,739,739
L19N4,G. Corcovado 2,2017-11-28,-43.4972,-73.54722,,Mosaic_20171205_20171218.nc,7,0.0004316891427151859,0.000798043271061033,0.0006201252108439803,0.0012775296345353127,0.001220266567543149,0.002562890760600567,0.0007993081817403436,0.001481328858062625,0.0006258455105125904,0.001192922587506473,0.0002085935848299414,0.00040603100205771625,0.00021012770594097674,0.0004085683904122561,8.795935718808323e-05,0.0001703425805317238,736,736
L19N4,G. Corcovado 2,2017-12-05,-43.4972,-73.54722,0.0,Mosaic_20171205_20171218.nc,0,0.0004316891427151859,0.000798043271061033,0.0006201252108439803,0.0012775296345353127,0.001220266567543149,0.002562890760600567,0.0007993081817403436,0.001481328858062625,0.0006258455105125904,0.001192922587506473,0.0002085935848299414,0.00040603100205771625,0.00021012770594097674,0.0004085683904122561,8.795935718808323e-05,0.0001703425805317238,736,736
L19N4,G. Corcovado 2,2017-12-15,-43.4972,-73.54722,0.0,Mosaic_20171220_20180102.nc,5,0.0005771732539869845,0.006675802171230316,0.0008323530200868845,0.0033357087522745132,0.0015616065356880426,0.0063810995779931545,0.0012098872102797031,0.004625703673809767,0.0010112922172993422,0.004237212706357241,0.0003579875628929585,0.0015712492167949677,0.0003632468869909644,0.0016364827752113342,0.0001523772079963237,0.0006856883410364389,739,718
L19N4,G. Corcovado 2,2018-01-09,-43.4972,-73.54722,0.0,Mosaic_20180109_20180122.nc,0,0.0004696434480138123,0.0007960142102092505,0.0006955449935048819,0.0013056203024461865,0.0013227341696619987,0.0028126779943704605,0.0006428640335798264,0.0012594962026923895,0.00046449602814391255,0.0010040722554549575,0.00014634267427027225,0.00034283011336810887,0.00014428456779569387,0.000343942956533283,5.913243876420893e-05,0.0001441256608814001,756,756
L19N4,G. Corcovado 2,2018-01-23,-43.4972,-73.54722,3.0,Mosaic_20180124_20180206.nc,1,0.0004719645075965673,0.0008823432144708931,0.0006955844582989812,0.0014629112556576729,0.0014485970605164766,0.0033644097857177258,0.0008929894538596272,0.001799368066713214,0.0007017545867711306,0.0014395988546311855,0.00023774526198394597,0.0004996854113414884,0.00023813334701117128,0.0005046682781539857,9.943117038346827e-05,0.00021252225269563496,756,756
L19N4,G. Corcovado 2,2018-02-02,-43.4972,-73.54722,8.0,Mosaic_20180210_20180223.nc,8,0.0005644022021442652,0.0014049586607143283,0.0008721987251192331,0.0013315300457179546,0.0012927374336868525,0.0016562934033572674,0.0003759319370146841,0.0007142683025449514,0.00023204271565191448,0.000495529209729284,6.26774417469278e-05,0.00014576180547010154,6.0006685089319944e-05,0.0001428491377737373,2.3775888621457852e-05,5.794037861051038e-05,757,757
L19N4,G. Corcovado 2,2018-02-07,-43.4972,-73.54722,7.0,Mosaic_20180210_20180223.nc,3,0.0005644022021442652,0.0014049586607143283,0.0008721987251192331,0.0013315300457179546,0.0012927374336868525,0.0016562934033572674,0.0003759319370146841,0.0007142683025449514,0.00023204271565191448,0.000495529209729284,6.26774417469278e-05,0.00014576180547010154,6.0006685089319944e-05,0.0001428491377737373,2.3775888621457852e-05,5.794037861051038e-05,757,757
L19N4,G. Corcovado 2,2018-02-14,-43.4972,-73.54722,4.0,Mosaic_20180210_20180223.nc,4,0.0005644022021442652,0.0014049586607143283,0.0008721987251192331,0.0013315300457179546,0.0012927374336868525,0.0016562934033572674,0.0003759319370146841,0.0007142683025449514,0.00023204271565191448,0.000495529209729284,6.26774417469278e-05,0.00014576180547010154,6.0006685089319944e-05,0.0001428491377737373,2.3775888621457852e-05,5.794037861051038e-05,757,757
L19N4,G. Corcovado 2,2018-03-01,-43.4972,-73.54722,1.0,Mosaic_20180302_20180315.nc,1,,,,,,,,,,,,,,,,,736,0
L19N4,G. Corcovado 2,2018-03-07,-43.4972,-73.54722,4.0,Mosaic_20180302_20180315.nc,5,,,,,,,,,,,,,,,,,736,0
L19N4,G. Corcovado 2,2018-03-14,-43.4972,-73.54722,3.0,Mosaic_20180317_20180330.nc,3,0.004128870088607073,0.005279295612126589,0.003988415468484163,0.0054275477305054665,0.0015076118288561702,0.002425385871902108,0.00019585243717301637,0.0003500906750559807,0.00011324293882353231,0.00020671379752457142,3.064248085138388e-05,5.736293314839713e-05,2.8355521862977184e-05,5.315407179296017e-05,1.1001239727193024e-05,2.0935616703354754e-05,757,757
L19N4,G. Corcovado 2,2018-03-18,-43.4972,-73.54722,3.0,Mosaic_20180317_20180330.nc,1,0.004128870088607073,0.005279295612126589,0.003988415468484163,0.0054275477305054665,0.0015076118288561702,0.002425385871902108,0.00019585243717301637,0.0003500906750559807,0.00011324293882353231,0.00020671379752457142,3.064248085138388e-05,5.736293314839713e-05,2.8355521862977184e-05,5.315407179296017e-05,1.1001239727193024e-05,2.0935616703354754e-05,757,757
L19N4,G. Corcovado 2,2018-03-24,-43.4972,-73.54722,3.0,Mosaic_20180317_20180330.nc,7,0.004128870088607073,0.005279295612126589,0.003988415468484163,0.0054275477305054665,0.0015076118288561702,0.002425385871902108,0.00019585243717301637,0.0003500906750559807,0.00011324293882353231,0.00020671379752457142,3.064248085138388e-05,5.736293314839713e-05,2.8355521862977184e-05,5.315407179296017e-05,1.1001239727193024e-05,2.0935616703354754e-05,757,757
L19N4,G. Corcovado 2,2018-04-04,-43.4972,-73.54722,0.0,Mosaic_20180401_20180414.nc,3,0.004465404432266951,0.005412344355136156,0.005021518096327782,0.00599841121584177,0.0025508785620331764,0.00334566505625844,0.00037840858567506075,0.0005752341239713132,0.00022537886979989707,0.00036108065978623927,6.251227750908583e-05,0.00010057699546450749,5.875592614756897e-05,9.60657125688158e-05,2.328583286725916e-05,3.831423236988485e-05,736,736
L19N4,G. Corcovado 2,2018-04-14,-43.4972,-73.54722,,Mosaic_20180424_20180507.nc,10,0.0012382863787934184,0.0016690095653757453,0.001723040477372706,0.0022850704845041037,0.0014992046635597944,0.0021188047248870134,0.0002871707547456026,0.0004666835011448711,0.00016817911819089204,0.00027930745272897184,4.5324461098061875e-05,7.522556552430615e-05,4.277997504686937e-05,7.12069304427132e-05,1.685000279394444e-05,2.811830199789256e-05,739,739
L19N4,G. Corcovado 2,2018-04-30,-43.4972,-73.54722,0.0,Mosaic_20180424_20180507.nc,6,0.0012382863787934184,0.0016690095653757453,0.001723040477372706,0.0022850704845041037,0.0014992046635597944,0.0021188047248870134,0.0002871707547456026,0.0004666835011448711,0.00016817911819089204,0.00027930745272897184,4.5324461098061875e-05,7.522556552430615e-05,4.277997504686937e-05,7.12069304427132e-05,1.685000279394444e-05,2.811830199789256e-05,739,739
L19N4,G. Corcovado 2,2018-05-09,-43.4972,-73.54722,0.0,Mosaic_20180511_20180524.nc,2,0.003914104774594307,0.00547016691416502,0.00421106955036521,0.006148119922727346,0.0019619681406766176,0.003417304018512368,0.00028695762739516795,0.000800326291937381,0.0001683048758422956,0.0006277246866375208,4.650597111321986e-05,0.00021250337886158377,4.303940659156069e-05,0.00021362293045967817,1.6853493434609845e-05,8.949712355388328e-05,739,739
L19N4,G. Corcovado 2,2018-05-14,-43.4972,-73.54722,1.0,Mosaic_20180511_20180524.nc,3,0.003914104774594307,0.00547016691416502,0.00421106955036521,0.006148119922727346,0.0019619681406766176,0.003417304018512368,0.00028695762739516795,0.000800326291937381,0.0001683048758422956,0.0006277246866375208,4.650597111321986e-05,0.00021250337886158377,4.303940659156069e-05,0.00021362293045967817,1.6853493434609845e-05,8.949712355388328e-05,739,739
L19N4,G. Corcovado 2,2018-05-20,-43.4972,-73.54722,0.0,Mosaic_20180526_20180608.nc,6,0.0029872427694499493,0.007958977483212948,0.003141842084005475,0.004371093586087227,0.0014248486841097474,0.004561584442853928,0.00020637303532566875,0.0024205748923122883,0.00011820271174656227,0.002011619508266449,3.202091465936974e-05,0.0006919761071912944,2.9751954571111128e-05,0.0006958540179766715,1.1583828381844796e-05,0.00028251652838662267,736,736
L19N4,G. Corcovado 2,2018-06-04,-43.4972,-73.54722,0.0,Mosaic_20180526_20180608.nc,9,0.0029872427694499493,0.007958977483212948,0.003141842084005475,0.004371093586087227,0.0014248486841097474,0.004561584442853928,0.00020637303532566875,0.0024205748923122883,0.00011820271174656227,0.002011619508266449,3.202091465936974e-05,0.0006919761071912944,2.9751954571111128e-05,0.0006958540179766715,1.1583828381844796e-05,0.00028251652838662267,736,736
L19N4,G. Corcovado 2,2018-06-15,-43.4972,-73.54722,0.0,Mosaic_20180613_20180626.nc,2,0.0008257754961960018,0.005147596355527639,0.0009890152141451836,0.0035690979566425085,0.0007696257089264691,0.0039315843023359776,0.00016235592192970216,0.0017969425534829497,9.325588325737044e-05,0.0014767872635275126,2.5152658054139465e-05,0.0005057634552940726,2.3328086172114126e-05,0.0005093415384180844,8.983168299891986e-06,0.00021088805806357414,757,757
L19N4,G. Corcovado 2,2018-07-03,-43.4972,-73.54722,1.0,Mosaic_20180703_20180716.nc,0,0.0009821124840527773,0.002048928290605545,0.0014123570872470737,0.002467305865138769,0.0014607652556151152,0.0026747218798846006,0.000319336773827672,0.001968583557754755,0.0001924571697600186,0.0016354008112102747,5.2474322728812695e-05,0.0005664571071974933,4.982302925782278e-05,0.0005704893264919519,1.9756540496018715e-05,0.00023594958474859595,756,756
L19N4,G. Corcovado 2,2018-07-13,-43.4972,-73.54722,0.0,Mosaic_20180718_20180731.nc,5,0.0013197289081290364,0.002505538985133171,0.0017520296387374401,0.0028058544266968966,0.0013383576879277825,0.0023102075792849064,0.00024991773534566164,0.0009062915341928601,0.0001468515256419778,0.000596617057453841,4.038661063532345e-05,0.00016514811431989074,3.805096639553085e-05,0.00015987556253094226,1.501334372733254e-05,6.375717930495739e-05,756,756
L19N4,G. Corcovado 2,2018-07-17,-43.4972,-73.54722,,Mosaic_20180718_20180731.nc,1,0.0013197289081290364,0.002505538985133171,0.0017520296387374401,0.0028058544266968966,0.0013383576879277825,0.0023102075792849064,0.00024991773534566164,0.0009062915341928601,0.0001468515256419778,0.000596617057453841,4.038661063532345e-05,0.00016514811431989074,3.805096639553085e-05,0.00015987556253094226,1.501334372733254e-05,6.375717930495739e-05,756,756
L19N4,G. Corcovado 2,2018-07-23,-43.4972,-73.54722,0.0,Mosaic_20180718_20180731.nc,5,0.0013197289081290364,0.002505538985133171,0.0017520296387374401,0.0028058544266968966,0.0013383576879277825,0.0023102075792849064,0.00024991773534566164,0.0009062915341928601,0.0001468515256419778,0.000596617057453841,4.038661063532345e-05,0.00016514811431989074,3.805096639553085e-05,0.00015987556253094226,1.501334372733254e-05,6.375717930495739e-05,756,756
L19N4,G. Corcovado 2,2018-07-24,-43.4972,-73.54722,,Mosaic_20180718_20180731.nc,6,0.0013197289081290364,0.002505538985133171,0.0017520296387374401,0.0028058544266968966,0.0013383576879277825,0.0023102075792849064,0.00024991773534566164,0.0009062915341928601,0.0001468515256419778,0.000596617057453841,4.038661063532345e-05,0.00016514811431989074,3.805096639553085e-05,0.00015987556253094226,1.501334372733254e-05,6.375717930495739e-05,756,756
L19N4,G. Corcovado 2,2018-07-26,-43.4972,-73.54722,,Mosaic_20180718_20180731.nc,8,0.0013197289081290364,0.002505538985133171,0.0017520296387374401,0.0028058544266968966,0.0013383576879277825,0.0023102075792849064,0.00024991773534566164,0.0009062915341928601,0.0001468515256419778,0.000596617057453841,4.038661063532345e-05,0.00016514811431989074,3.805096639553085e-05,0.00015987556253094226,1.501334372733254e-05,6.375717930495739e-05,756,756
L19N4,G. Corcovado 2,2018-07-27,-43.4972,-73.54722,,Mosaic_20180718_20180731.nc,9,0.0013197289081290364,0.002505538985133171,0.0017520296387374401,0.0028058544266968966,0.0013383576879277825,0.0023102075792849064,0.00024991773534566164,0.0009062915341928601,0.0001468515256419778,0.000596617057453841,4.038661063532345e-05,0.00016514811431989074,3.805096639553085e-05,0.00015987556253094226,1.501334372733254e-05,6.375717930495739e-05,756,756
L19N4,G. Corcovado 2,2018-07-29,-43.4972,-73.54722,,Mosaic_20180807_20180820.nc,9,0.0025727548636496067,0.005333574488759041,0.0020569770131260157,0.005308812018483877,0.0006490547675639391,0.002349049085751176,8.466299914289266e-05,0.0022468729875981808,4.6052035031607375e-05,0.0021477872505784035,1.1844163054774981e-05,0.0008509133476763964,1.0462576028658077e-05,0.0008858778746798635,3.7780296224809717e-06,0.00037707097362726927,736,736
L19N4,G. Corcovado 2,2018-07-31,-43.4972,-73.54722,0.0,Mosaic_20180807_20180820.nc,7,0.0025727548636496067,0.005333574488759041,0.0020569770131260157,0.005308812018483877,0.0006490547675639391,0.002349049085751176,8.466299914289266e-05,0.0022468729875981808,4.6052035031607375e-05,0.0021477872505784035,1.1844163054774981e-05,0.0008509133476763964,1.0462576028658077e-05,0.0008858778746798635,3.7780296224809717e-06,0.00037707097362726927,736,736
L19N4,G. Corcovado 2,2018-08-03,-43.4972,-73.54722,,Mosaic_20180807_20180820.nc,4,0.0025727548636496067,0.005333574488759041,0.0020569770131260157,0.005308812018483877,0.0006490547675639391,0.002349049085751176,8.466299914289266e-05,0.0022468729875981808,4.6052035031607375e-05,0.0021477872505784035,1.1844163054774981e-05,0.0008509133476763964,1.0462576028658077e-05,0.0008858778746798635,3.7780296224809717e-06,0.00037707097362726927,736,736
L19N4,G. Corcovado 2,2018-08-05,-43.4972,-73.54722,0.0,Mosaic_20180807_20180820.nc,2,0.0025727548636496067,0.005333574488759041,0.0020569770131260157,0.005308812018483877,0.0006490547675639391,0.002349049085751176,8.466299914289266e-05,0.0022468729875981808,4.6052035031607375e-05,0.0021477872505784035,1.1844163054774981e-05,0.0008509133476763964,1.0462576028658077e-05,0.0008858778746798635,3.7780296224809717e-06,0.00037707097362726927,736,736
L19N4,G. Corcovado 2,2018-08-06,-43.4972,-73.54722,,Mosaic_20180807_20180820.nc,1,0.0025727548636496067,0.005333574488759041,0.0020569770131260157,0.005308812018483877,0.0006490547675639391,0.002349049085751176,8.466299914289266e-05,0.0022468729875981808,4.6052035031607375e-05,0.0021477872505784035,1.1844163054774981e-05,0.0008509133476763964,1.0462576028658077e-05,0.0008858778746798635,3.7780296224809717e-06,0.00037707097362726927,736,736
L19N4,G. Corcovado 2,2018-08-07,-43.4972,-73.54722,,Mosaic_20180807_20180820.nc,0,0.0025727548636496067,0.005333574488759041,0.0020569770131260157,0.005308812018483877,0.0006490547675639391,0.002349049085751176,8.466299914289266e-05,0.0022468729875981808,4.6052035031607375e-05,0.0021477872505784035,1.1844163054774981e-05,0.0008509133476763964,1.0462576028658077e-05,0.0008858778746798635,3.7780296224809717e-06,0.00037707097362726927,736,736
L19N4,G. Corcovado 2,2018-08-20,-43.4972,-73.54722,,Mosaic_20180827_20180909.nc,7,0.004507729317992926,0.006118590012192726,0.0043152677826583385,0.006043455563485622,0.0016648245509713888,0.002837878419086337,0.00020505086285993457,0.00042576127452775836,0.00011827619891846552,0.00025206326972693205,3.191699943272397e-05,6.971762195462361e-05,2.9321698093554005e-05,6.476357521023601e-05,1.1306726264592726e-05,2.5538211048115045e-05,757,757
L19N4,G. Corcovado 2,2018-08-21,-43.4972,-73.54722,,Mosaic_20180827_20180909.nc,6,0.004507729317992926,0.006118590012192726,0.0043152677826583385,0.006043455563485622,0.0016648245509713888,0.002837878419086337,0.00020505086285993457,0.00042576127452775836,0.00011827619891846552,0.00025206326972693205,3.191699943272397e-05,6.971762195462361e-05,2.9321698093554005e-05,6.476357521023601e-05,1.1306726264592726e-05,2.5538211048115045e-05,757,757
L19N4,G. Corcovado 2,2018-08-30,-43.4972,-73.54722,4.0,Mosaic_20180827_20180909.nc,3,0.004507729317992926,0.006118590012192726,0.0043152677826583385,0.006043455563485622,0.0016648245509713888,0.002837878419086337,0.00020505086285993457,0.00042576127452775836,0.00011827619891846552,0.00025206326972693205,3.191699943272397e-05,6.971762195462361e-05,2.9321698093554005e-05,6.476357521023601e-05,1.1306726264592726e-05,2.5538211048115045e-05,757,757
L19N4,G. Corcovado 2,2018-08-31,-43.4972,-73.54722,,Mosaic_20180827_20180909.nc,4,0.004507729317992926,0.006118590012192726,0.0043152677826583385,0.006043455563485622,0.0016648245509713888,0.002837878419086337,0.00020505086285993457,0.00042576127452775836,0.00011827619891846552,0.00025206326972693205,3.191699943272397e-05,6.971762195462361e-05,2.9321698093554005e-05,6.476357521023601e-05,1.1306726264592726e-05,2.5538211048115045e-05,757,757
L19N4,G. Corcovado 2,2018-09-01,-43.4972,-73.54722,,Mosaic_20180827_20180909.nc,5,0.004507729317992926,0.006118590012192726,0.0043152677826583385,0.006043455563485622,0.0016648245509713888,0.002837878419086337,0.00020505086285993457,0.00042576127452775836,0.00011827619891846552,0.00025206326972693205,3.191699943272397e-05,6.971762195462361e-05,2.9321698093554005e-05,6.476357521023601e-05,1.1306726264592726e-05,2.5538211048115045e-05,757,757
L19N4,G. Corcovado 2,2018-09-06,-43.4972,-73.54722,,Mosaic_20180911_20180924.nc,5,,,,,,,,,,,,,,,,,757,0
L19N4,G. Corcovado 2,2018-09-08,-43.4972,-73.54722,,Mosaic_20180911_20180924.nc,3,,,,,,,,,,,,,,,,,757,0
L19N4,G. Corcovado 2,2018-09-09,-43.4972,-73.54722,0.0,Mosaic_20180911_20180924.nc,2,,,,,,,,,,,,,,,,,757,0
L19N4,G. Corcovado 2,2018-09-12,-43.4972,-73.54722,0.0,Mosaic_20180911_20180924.nc,1,,,,,,,,,,,,,,,,,757,0
L19N4,G. Corcovado 2,2018-09-13,-43.4972,-73.54722,,Mosaic_20180911_20180924.nc,2,,,,,,,,,,,,,,,,,757,0
L19N4,G. Corcovado 2,2018-09-14,-43.4972,-73.54722,,Mosaic_20180911_20180924.nc,3,,,,,,,,,,,,,,,,,757,0
L19N4,G. Corcovado 2,2018-09-15,-43.4972,-73.54722,,Mosaic_20180911_20180924.nc,4,,,,,,,,,,,,,,,,,757,0
L19N4,G. Corcovado 2,2018-10-01,-43.4972,-73.54722,,Mosaic_20181003_20181016.nc,2,0.0013316008262336254,0.002051030518487096,0.0018566655926406384,0.0026849694550037384,0.0015769603196531534,0.0022770038340240717,0.00027458349359221756,0.0004948370042257011,0.00015920214354991913,0.0003045694902539253,4.267921394784935e-05,8.344647358171642e-05,4.024239751743153e-05,7.955954788485542e-05,1.582078584760893e-05,3.1683761335443705e-05,757,757
L19N4,G. Corcovado 2,2018-10-02,-43.4972,-73.54722,1.0,Mosaic_20181003_20181016.nc,1,0.0013316008262336254,0.002051030518487096,0.0018566655926406384,0.0026849694550037384,0.0015769603196531534,0.0022770038340240717,0.00027458349359221756,0.0004948370042257011,0.00015920214354991913,0.0003045694902539253,4.267921394784935e-05,8.344647358171642e-05,4.024239751743153e-05,7.955954788485542e-05,1.582078584760893e-05,3.1683761335443705e-05,757,757
L19N4,G. Corcovado 2,2018-10-03,-43.4972,-73.54722,,Mosaic_20181003_20181016.nc,0,0.0013316008262336254,0.002051030518487096,0.0018566655926406384,0.0026849694550037384,0.0015769603196531534,0.0022770038340240717,0.00027458349359221756,0.0004948370042257011,0.00015920214354991913,0.0003045694902539253,4.267921394784935e-05,8.344647358171642e-05,4.024239751743153e-05,7.955954788485542e-05,1.582078584760893e-05,3.1683761335443705e-05,757,757
L19N4,G. Corcovado 2,2018-10-06,-43.4972,-73.54722,,Mosaic_20181003_20181016.nc,3,0.0013316008262336254,0.002051030518487096,0.0018566655926406384,0.0026849694550037384,0.0015769603196531534,0.0022770038340240717,0.00027458349359221756,0.0004948370042257011,0.00015920214354991913,0.0003045694902539253,4.267921394784935e-05,8.344647358171642e-05,4.024239751743153e-05,7.955954788485542e-05,1.582078584760893e-05,3.1683761335443705e-05,757,757
L19N4,G. Corcovado 2,2018-10-10,-43.4972,-73.54722,0.0,Mosaic_20181003_20181016.nc,7,0.0013316008262336254,0.002051030518487096,0.0018566655926406384,0.0026849694550037384,0.0015769603196531534,0.0022770038340240717,0.00027458349359221756,0.0004948370042257011,0.00015920214354991913,0.0003045694902539253,4.267921394784935e-05,8.344647358171642e-05,4.024239751743153e-05,7.955954788485542e-05,1.582078584760893e-05,3.1683761335443705e-05,757,757
L19N4,G. Corcovado 2,2018-10-11,-43.4972,-73.54722,,Mosaic_20181018_20181031.nc,7,0.001241812715306878,0.006278200540691614,0.001528263557702303,0.003850426059216261,0.0009478598367422819,0.002907694550231099,0.00018125389760825783,0.0008900829707272351,0.00010429848043713719,0.0007875189185142517,2.795257023535669e-05,0.0003039264993276447,2.6014029572252184e-05,0.00031597347697243094,1.0027317330241203e-05,0.00013752514496445656,757,757
L19N4,G. Corcovado 2,2018-10-23,-43.4972,-73.54722,0.0,Mosaic_20181018_20181031.nc,5,0.001241812715306878,0.006278200540691614,0.001528263557702303,0.003850426059216261,0.0009478598367422819,0.002907694550231099,0.00018125389760825783,0.0008900829707272351,0.00010429848043713719,0.0007875189185142517,2.795257023535669e-05,0.0003039264993276447,2.6014029572252184e-05,0.00031597347697243094,1.0027317330241203e-05,0.00013752514496445656,757,757
L19N4,G. Corcovado 2,2018-10-24,-43.4972,-73.54722,,Mosaic_20181018_20181031.nc,6,0.001241812715306878,0.006278200540691614,0.001528263557702303,0.003850426059216261,0.0009478598367422819,0.002907694550231099,0.00018125389760825783,0.0008900829707272351,0.00010429848043713719,0.0007875189185142517,2.795257023535669e-05,0.0003039264993276447,2.6014029572252184e-05,0.00031597347697243094,1.0027317330241203e-05,0.00013752514496445656,757,757
L19N4,G. Corcovado 2,2018-10-26,-43.4972,-73.54722,,Mosaic_20181018_20181031.nc,8,0.001241812715306878,0.006278200540691614,0.001528263557702303,0.003850426059216261,0.0009478598367422819,0.002907694550231099,0.00018125389760825783,0.0008900829707272351,0.00010429848043713719,0.0007875189185142517,2.795257023535669e-05,0.0003039264993276447,2.6014029572252184e-05,0.00031597347697243094,1.0027317330241203e-05,0.00013752514496445656,757,757
L19N4,G. Corcovado 2,2018-11-01,-43.4972,-73.54722,1.0,Mosaic_20181105_20181118.nc,4,0.0017171984072774649,0.009071334265172482,0.0023662790190428495,0.009699897840619087,0.002010694472119212,0.011513772420585155,0.00039918592665344477,0.010259624570608139,0.0002422503021080047,0.01137742679566145,6.617132748942822e-05,0.005203775595873594,6.307102739810944e-05,0.005496241617947817,2.50433058681665e-05,0.002229683566838503,757,757
L19N4,G. Corcovado 2,2018-11-02,-43.4972,-73.54722,,Mosaic_20181105_20181118.nc,3,0.0017171984072774649,0.009071334265172482,0.0023662790190428495,0.009699897840619087,0.002010694472119212,0.011513772420585155,0.00039918592665344477,0.010259624570608139,0.0002422503021080047,0.01137742679566145,6.617132748942822e-05,0.005203775595873594,6.307102739810944e-05,0.005496241617947817,2.50433058681665e-05,0.002229683566838503,757,757
L19N4,G. Corcovado 2,2018-11-03,-43.4972,-73.54722,,Mosaic_20181105_20181118.nc,2,0.0017171984072774649,0.009071334265172482,0.0023662790190428495,0.009699897840619087,0.002010694472119212,0.011513772420585155,0.00039918592665344477,0.010259624570608139,0.0002422503021080047,0.01137742679566145,6.617132748942822e-05,0.005203775595873594,6.307102739810944e-05,0.005496241617947817,2.50433058681665e-05,0.002229683566838503,757,757
L19N4,G. Corcovado 2,2018-11-08,-43.4972,-73.54722,,Mosaic_20181105_20181118.nc,3,0.0017171984072774649,0.009071334265172482,0.0023662790190428495,0.009699897840619087,0.002010694472119212,0.011513772420585155,0.00039918592665344477,0.010259624570608139,0.0002422503021080047,0.01137742679566145,6.617132748942822e-05,0.005203775595873594,6.307102739810944e-05,0.005496241617947817,2.50433058681665e-05,0.002229683566838503,757,757
L19N4,G. Corcovado 2,2018-11-09,-43.4972,-73.54722,0.0,Mosaic_20181105_20181118.nc,4,0.0017171984072774649,0.009071334265172482,0.0023662790190428495,0.009699897840619087,0.002010694472119212,0.011513772420585155,0.00039918592665344477,0.010259624570608139,0.0002422503021080047,0.01137742679566145,6.617132748942822e-05,0.005203775595873594,6.307102739810944e-05,0.005496241617947817,2.50433058681665e-05,0.002229683566838503,757,757
L19N4,G. Corcovado 2,2018-11-10,-43.4972,-73.54722,,Mosaic_20181105_20181118.nc,5,0.0017171984072774649,0.009071334265172482,0.0023662790190428495,0.009699897840619087,0.002010694472119212,0.011513772420585155,0.00039918592665344477,0.010259624570608139,0.0002422503021080047,0.01137742679566145,6.617132748942822e-05,0.005203775595873594,6.307102739810944e-05,0.005496241617947817,2.50433058681665e-05,0.002229683566838503,757,757
L19N4,G. Corcovado 2,2018-11-23,-43.4972,-73.54722,1.0,Mosaic_20181127_20181210.nc,4,0.0035212747752666473,0.004367204383015633,0.004288272466510534,0.005108971148729324,0.0026758150197565556,0.0030033474322408438,0.00044354129931889474,0.0005433551268652081,0.0002656909346114844,0.0003279478114563972,7.40908581065014e-05,9.147671516984701e-05,7.027470564935356e-05,8.689980313647538e-05,2.807585769915022e-05,3.475801713648252e-05,736,736
L19N4,G. Corcovado 2,2018-11-24,-43.4972,-73.54722,,Mosaic_20181127_20181210.nc,3,0.0035212747752666473,0.004367204383015633,0.004288272466510534,0.005108971148729324,0.0026758150197565556,0.0030033474322408438,0.00044354129931889474,0.0005433551268652081,0.0002656909346114844,0.0003279478114563972,7.40908581065014e-05,9.147671516984701e-05,7.027470564935356e-05,8.689980313647538e-05,2.807585769915022e-05,3.475801713648252e-05,736,736
L19N4,G. Corcovado 2,2018-11-26,-43.4972,-73.54722,,Mosaic_20181127_20181210.nc,1,0.0035212747752666473,0.004367204383015633,0.004288272466510534,0.005108971148729324,0.0026758150197565556,0.0030033474322408438,0.00044354129931889474,0.0005433551268652081,0.0002656909346114844,0.0003279478114563972,7.40908581065014e-05,9.147671516984701e-05,7.027470564935356e-05,8.689980313647538e-05,2.807585769915022e-05,3.475801713648252e-05,736,736
L19N4,G. Corcovado 2,2018-12-04,-43.4972,-73.54722,0.0,Mosaic_20181127_20181210.nc,7,0.0035212747752666473,0.004367204383015633,0.004288272466510534,0.005108971148729324,0.0026758150197565556,0.0030033474322408438,0.00044354129931889474,0.0005433551268652081,0.0002656909346114844,0.0003279478114563972,7.40908581065014e-05,9.147671516984701e-05,7.027470564935356e-05,8.689980313647538e-05,2.807585769915022e-05,3.475801713648252e-05,736,736
L19N4,G. Corcovado 2,2018-12-05,-43.4972,-73.54722,,Mosaic_20181127_20181210.nc,8,0.0035212747752666473,0.004367204383015633,0.004288272466510534,0.005108971148729324,0.0026758150197565556,0.0030033474322408438,0.00044354129931889474,0.0005433551268652081,0.0002656909346114844,0.0003279478114563972,7.40908581065014e-05,9.147671516984701e-05,7.027470564935356e-05,8.689980313647538e-05,2.807585769915022e-05,3.475801713648252e-05,736,736
L19N4,G. Corcovado 2,2018-12-07,-43.4972,-73.54722,0.0,Mosaic_20181127_20181210.nc,10,0.0035212747752666473,0.004367204383015633,0.004288272466510534,0.005108971148729324,0.0026758150197565556,0.0030033474322408438,0.00044354129931889474,0.0005433551268652081,0.0002656909346114844,0.0003279478114563972,7.40908581065014e-05,9.147671516984701e-05,7.027470564935356e-05,8.689980313647538e-05,2.807585769915022e-05,3.475801713648252e-05,736,736
L19N4,G. Corcovado 2,2018-12-08,-43.4972,-73.54722,,Mosaic_20181217_20181230.nc,9,0.0034507650416344404,0.005185581743717194,0.0036337128840386868,0.005260358098894358,0.0016900253249332309,0.0023123028222471476,0.00023111003974918276,0.0003461749874986708,0.00013440704788081348,0.00020366911485325545,3.654700412880629e-05,5.6063192459987476e-05,3.399250635993667e-05,5.2480725571513176e-05,1.3306699656823184e-05,2.0746754671563394e-05,757,757
L19N4,G. Corcovado 2,2018-12-19,-43.4972,-73.54722,0.0,Mosaic_20181217_20181230.nc,2,0.0034507650416344404,0.005185581743717194,0.0036337128840386868,0.005260358098894358,0.0016900253249332309,0.0023123028222471476,0.00023111003974918276,0.0003461749874986708,0.00013440704788081348,0.00020366911485325545,3.654700412880629e-05,5.6063192459987476e-05,3.399250635993667e-05,5.2480725571513176e-05,1.3306699656823184e-05,2.0746754671563394e-05,757,757
L19N4,G. Corcovado 2,2018-12-20,-43.4972,-73.54722,,Mosaic_20181217_20181230.nc,3,0.0034507650416344404,0.005185581743717194,0.0036337128840386868,0.005260358098894358,0.0016900253249332309,0.0023123028222471476,0.00023111003974918276,0.0003461749874986708,0.00013440704788081348,0.00020366911485325545,3.654700412880629e-05,5.6063192459987476e-05,3.399250635993667e-05,5.2480725571513176e-05,1.3306699656823184e-05,2.0746754671563394e-05,757,757
L19N4,G. Corcovado 2,2018-12-22,-43.4972,-73.54722,,Mosaic_20181217_20181230.nc,5,0.0034507650416344404,0.005185581743717194,0.0036337128840386868,0.005260358098894358,0.0016900253249332309,0.0023123028222471476,0.00023111003974918276,0.0003461749874986708,0.00013440704788081348,0.00020366911485325545,3.654700412880629e-05,5.6063192459987476e-05,3.399250635993667e-05,5.2480725571513176e-05,1.3306699656823184e-05,2.0746754671563394e-05,757,757
L19N4,G. Corcovado 2,2019-01-02,-43.4972,-73.54722,,Mosaic_20190109_20190122.nc,7,0.0006215472240000963,0.0010143739636987448,0.0009393754880875349,0.0015005399473011494,0.001519395736977458,0.0029614369850605726,0.0005461613181978464,0.0013593473704531789,0.00036228049430064857,0.0010505092795938253,0.00010477459727553651,0.00034596744808368385,0.00010174232011195272,0.0003464341862127185,4.1071511077461764e-05,0.00014405894035007805,739,739
L19N4,G. Corcovado 2,2019-01-03,-43.4972,-73.54722,,Mosaic_20190109_20190122.nc,6,0.0006215472240000963,0.0010143739636987448,0.0009393754880875349,0.0015005399473011494,0.001519395736977458,0.0029614369850605726,0.0005461613181978464,0.0013593473704531789,0.00036228049430064857,0.0010505092795938253,0.00010477459727553651,0.00034596744808368385,0.00010174232011195272,0.0003464341862127185,4.1071511077461764e-05,0.00014405894035007805,739,739
L19N4,G. Corcovado 2,2019-01-04,-43.4972,-73.54722,2.0,Mosaic_20190109_20190122.nc,5,0.0006215472240000963,0.0010143739636987448,0.0009393754880875349,0.0015005399473011494,0.001519395736977458,0.0029614369850605726,0.0005461613181978464,0.0013593473704531789,0.00036228049430064857,0.0010505092795938253,0.00010477459727553651,0.00034596744808368385,0.00010174232011195272,0.0003464341862127185,4.1071511077461764e-05,0.00014405894035007805,739,739
L19N4,G. Corcovado 2,2019-01-05,-43.4972,-73.54722,,Mosaic_20190109_20190122.nc,4,0.0006215472240000963,0.0010143739636987448,0.0009393754880875349,0.0015005399473011494,0.001519395736977458,0.0029614369850605726,0.0005461613181978464,0.0013593473704531789,0.00036228049430064857,0.0010505092795938253,0.00010477459727553651,0.00034596744808368385,0.00010174232011195272,0.0003464341862127185,4.1071511077461764e-05,0.00014405894035007805,739,739
L19N4,G. Corcovado 2,2019-01-15,-43.4972,-73.54722,,Mosaic_20190109_20190122.nc,6,0.0006215472240000963,0.0010143739636987448,0.0009393754880875349,0.0015005399473011494,0.001519395736977458,0.0029614369850605726,0.0005461613181978464,0.0013593473704531789,0.00036228049430064857,0.0010505092795938253,0.00010477459727553651,0.00034596744808368385,0.00010174232011195272,0.0003464341862127185,4.1071511077461764e-05,0.00014405894035007805,739,739
L19N4,G. Corcovado 2,2019-01-17,-43.4972,-73.54722,,Mosaic_20190109_20190122.nc,8,0.0006215472240000963,0.0010143739636987448,0.0009393754880875349,0.0015005399473011494,0.001519395736977458,0.0029614369850605726,0.0005461613181978464,0.0013593473704531789,0.00036228049430064857,0.0010505092795938253,0.00010477459727553651,0.00034596744808368385,0.00010174232011195272,0.0003464341862127185,4.1071511077461764e-05,0.00014405894035007805,739,739
L19N4,G. Corcovado 2,2019-01-18,-43.4972,-73.54722,3.0,Mosaic_20190126_20190208.nc,8,0.004354558885097504,0.004957391880452633,0.004806139040738344,0.005417665932327509,0.0022623613476753235,0.002741045318543911,0.00030657523893751204,0.00040217526839114726,0.0001817497395677492,0.00023913414042908698,5.038945164415054e-05,6.640925130341202e-05,4.7476209147134796e-05,6.225231481948867e-05,1.88283793249866e-05,2.4699917048565112e-05,739,739
L19N4,G. Corcovado 2,2019-01-26,-43.4972,-73.54722,2.0,Mosaic_20190126_20190208.nc,0,0.004354558885097504,0.004957391880452633,0.004806139040738344,0.005417665932327509,0.0022623613476753235,0.002741045318543911,0.00030657523893751204,0.00040217526839114726,0.0001817497395677492,0.00023913414042908698,5.038945164415054e-05,6.640925130341202e-05,4.7476209147134796e-05,6.225231481948867e-05,1.88283793249866e-05,2.4699917048565112e-05,739,739
L19N4,G. Corcovado 2,2019-01-27,-43.4972,-73.54722,,Mosaic_20190126_20190208.nc,1,0.004354558885097504,0.004957391880452633,0.004806139040738344,0.005417665932327509,0.0022623613476753235,0.002741045318543911,0.00030657523893751204,0.00040217526839114726,0.0001817497395677492,0.00023913414042908698,5.038945164415054e-05,6.640925130341202e-05,4.7476209147134796e-05,6.225231481948867e-05,1.88283793249866e-05,2.4699917048565112e-05,739,739
L19N4,G. Corcovado 2,2019-01-29,-43.4972,-73.54722,,Mosaic_20190126_20190208.nc,3,0.004354558885097504,0.004957391880452633,0.004806139040738344,0.005417665932327509,0.0022623613476753235,0.002741045318543911,0.00030657523893751204,0.00040217526839114726,0.0001817497395677492,0.00023913414042908698,5.038945164415054e-05,6.640925130341202e-05,4.7476209147134796e-05,6.225231481948867e-05,1.88283793249866e-05,2.4699917048565112e-05,739,739
L19N4,G. Corcovado 2,2019-01-30,-43.4972,-73.54722,,Mosaic_20190126_20190208.nc,4,0.004354558885097504,0.004957391880452633,0.004806139040738344,0.005417665932327509,0.0022623613476753235,0.002741045318543911,0.00030657523893751204,0.00040217526839114726,0.0001817497395677492,0.00023913414042908698,5.038945164415054e-05,6.640925130341202e-05,4.7476209147134796e-05,6.225231481948867e-05,1.88283793249866e-05,2.4699917048565112e-05,739,739
L19N4,G. Corcovado 2,2019-02-04,-43.4972,-73.54722,1.0,Mosaic_20190126_20190208.nc,9,0.004354558885097504,0.004957391880452633,0.004806139040738344,0.005417665932327509,0.0022623613476753235,0.002741045318543911,0.00030657523893751204,0.00040217526839114726,0.0001817497395677492,0.00023913414042908698,5.038945164415054e-05,6.640925130341202e-05,4.7476209147134796e-05,6.225231481948867e-05,1.88283793249866e-05,2.4699917048565112e-05,739,739
L19N4,G. Corcovado 2,2019-02-05,-43.4972,-73.54722,,Mosaic_20190126_20190208.nc,10,0.004354558885097504,0.004957391880452633,0.004806139040738344,0.005417665932327509,0.0022623613476753235,0.002741045318543911,0.00030657523893751204,0.00040217526839114726,0.0001817497395677492,0.00023913414042908698,5.038945164415054e-05,6.640925130341202e-05,4.7476209147134796e-05,6.225231481948867e-05,1.88283793249866e-05,2.4699917048565112e-05,739,739
L19N4,G. Corcovado 2,2019-02-06,-43.4972,-73.54722,,Mosaic_20190215_20190228.nc,9,0.003121109213680029,0.0035801208578050137,0.004060238134115934,0.0044738235883414745,0.003036521840840578,0.003663858165964484,0.0005670819082297385,0.0008233598782680929,0.0003411346988286823,0.0005065245204605162,9.401771239936352e-05,0.0001395269500790164,8.917596278479323e-05,0.00013278351980261505,3.550044129951857e-05,5.281497215037234e-05,757,757
L19N4,G. Corcovado 2,2019-02-07,-43.4972,-73.54722,,Mosaic_20190215_20190228.nc,8,0.003121109213680029,0.0035801208578050137,0.004060238134115934,0.0044738235883414745,0.003036521840840578,0.003663858165964484,0.0005670819082297385,0.0008233598782680929,0.0003411346988286823,0.0005065245204605162,9.401771239936352e-05,0.0001395269500790164,8.917596278479323e-05,0.00013278351980261505,3.550044129951857e-05,5.281497215037234e-05,757,757
L19N4,G. Corcovado 2,2019-02-08,-43.4972,-73.54722,,Mosaic_20190215_20190228.nc,7,0.003121109213680029,0.0035801208578050137,0.004060238134115934,0.0044738235883414745,0.003036521840840578,0.003663858165964484,0.0005670819082297385,0.0008233598782680929,0.0003411346988286823,0.0005065245204605162,9.401771239936352e-05,0.0001395269500790164,8.917596278479323e-05,0.00013278351980261505,3.550044129951857e-05,5.281497215037234e-05,757,757
L19N4,G. Corcovado 2,2019-02-09,-43.4972,-73.54722,1.0,Mosaic_20190215_20190228.nc,6,0.003121109213680029,0.0035801208578050137,0.004060238134115934,0.0044738235883414745,0.003036521840840578,0.003663858165964484,0.0005670819082297385,0.0008233598782680929,0.0003411346988286823,0.0005065245204605162,9.401771239936352e-05,0.0001395269500790164,8.917596278479323e-05,0.00013278351980261505,3.550044129951857e-05,5.281497215037234e-05,757,757
L19N4,G. Corcovado 2,2019-02-19,-43.4972,-73.54722,1.0,Mosaic_20190215_20190228.nc,4,0.003121109213680029,0.0035801208578050137,0.004060238134115934,0.0044738235883414745,0.003036521840840578,0.003663858165964484,0.0005670819082297385,0.0008233598782680929,0.0003411346988286823,0.0005065245204605162,9.401771239936352e-05,0.0001395269500790164,8.917596278479323e-05,0.00013278351980261505,3.550044129951857e-05,5.281497215037234e-05,757,757
L19N4,G. Corcovado 2,2019-02-20,-43.4972,-73.54722,,Mosaic_20190215_20190228.nc,5,0.003121109213680029,0.0035801208578050137,0.004060238134115934,0.0044738235883414745,0.003036521840840578,0.003663858165964484,0.0005670819082297385,0.0008233598782680929,0.0003411346988286823,0.0005065245204605162,9.401771239936352e-05,0.0001395269500790164,8.917596278479323e-05,0.00013278351980261505,3.550044129951857e-05,5.281497215037234e-05,757,757
L19N4,G. Corcovado 2,2019-02-22,-43.4972,-73.54722,,Mosaic_20190215_20190228.nc,7,0.003121109213680029,0.0035801208578050137,0.004060238134115934,0.0044738235883414745,0.003036521840840578,0.003663858165964484,0.0005670819082297385,0.0008233598782680929,0.0003411346988286823,0.0005065245204605162,9.401771239936352e-05,0.0001395269500790164,8.917596278479323e-05,0.00013278351980261505,3.550044129951857e-05,5.281497215037234e-05,757,757
L19N4,G. Corcovado 2,2019-02-26,-43.4972,-73.54722,,Mosaic_20190307_20190320.nc,9,0.0025918441824615,0.0035738928709179163,0.0032879733480513096,0.004193361382931471,0.002211574697867036,0.0031994744203984737,0.0003755994257517159,0.00076324213296175,0.000221378737478517,0.00046990375267341733,6.120593752712011e-05,0.00013050789129920304,5.733330544899218e-05,0.00012422871077433228,2.271423363708891e-05,4.956071643391624e-05,739,739
L19N4,G. Corcovado 2,2019-02-27,-43.4972,-73.54722,,Mosaic_20190307_20190320.nc,8,0.0025918441824615,0.0035738928709179163,0.0032879733480513096,0.004193361382931471,0.002211574697867036,0.0031994744203984737,0.0003755994257517159,0.00076324213296175,0.000221378737478517,0.00046990375267341733,6.120593752712011e-05,0.00013050789129920304,5.733330544899218e-05,0.00012422871077433228,2.271423363708891e-05,4.956071643391624e-05,739,739
L19N4,G. Corcovado 2,2019-02-28,-43.4972,-73.54722,0.0,Mosaic_20190307_20190320.nc,7,0.0025918441824615,0.0035738928709179163,0.0032879733480513096,0.004193361382931471,0.002211574697867036,0.0031994744203984737,0.0003755994257517159,0.00076324213296175,0.000221378737478517,0.00046990375267341733,6.120593752712011e-05,0.00013050789129920304,5.733330544899218e-05,0.00012422871077433228,2.271423363708891e-05,4.956071643391624e-05,739,739
L19N4,G. Corcovado 2,2019-03-18,-43.4972,-73.54722,,Mosaic_20190327_20190409.nc,9,0.0023100851103663445,0.003168318886309862,0.003037889488041401,0.0040186005644500256,0.0023516793735325336,0.0031515269074589014,0.00042839854722842574,0.0007826584042049944,0.0002541868598200381,0.0004824154020752758,6.959445454413071e-05,0.0001318119466304779,6.57606142340228e-05,0.0001257430121768266,2.6105997676495463e-05,4.9944788770517334e-05,736,736
L19N4,G. Corcovado 2,2019-03-19,-43.4972,-73.54722,3.0,Mosaic_20190327_20190409.nc,8,0.0023100851103663445,0.003168318886309862,0.003037889488041401,0.0040186005644500256,0.0023516793735325336,0.0031515269074589014,0.00042839854722842574,0.0007826584042049944,0.0002541868598200381,0.0004824154020752758,6.959445454413071e-05,0.0001318119466304779,6.57606142340228e-05,0.0001257430121768266,2.6105997676495463e-05,4.9944788770517334e-05,736,736
L19N4,G. Corcovado 2,2019-03-20,-43.4972,-73.54722,,Mosaic_20190327_20190409.nc,7,0.0023100851103663445,0.003168318886309862,0.003037889488041401,0.0040186005644500256,0.0023516793735325336,0.0031515269074589014,0.00042839854722842574,0.0007826584042049944,0.0002541868598200381,0.0004824154020752758,6.959445454413071e-05,0.0001318119466304779,6.57606142340228e-05,0.0001257430121768266,2.6105997676495463e-05,4.9944788770517334e-05,736,736
L19N4,G. Corcovado 2,2019-03-21,-43.4972,-73.54722,,Mosaic_20190327_20190409.nc,6,0.0023100851103663445,0.003168318886309862,0.003037889488041401,0.0040186005644500256,0.0023516793735325336,0.0031515269074589014,0.00042839854722842574,0.0007826584042049944,0.0002541868598200381,0.0004824154020752758,6.959445454413071e-05,0.0001318119466304779,6.57606142340228e-05,0.0001257430121768266,2.6105997676495463e-05,4.9944788770517334e-05,736,736
L19N4,G. Corcovado 2,2019-03-29,-43.4972,-73.54722,0.0,Mosaic_20190327_20190409.nc,2,0.0023100851103663445,0.003168318886309862,0.003037889488041401,0.0040186005644500256,0.0023516793735325336,0.0031515269074589014,0.00042839854722842574,0.0007826584042049944,0.0002541868598200381,0.0004824154020752758,6.959445454413071e-05,0.0001318119466304779,6.57606142340228e-05,0.0001257430121768266,2.6105997676495463e-05,4.9944788770517334e-05,736,736
L19N4,G. Corcovado 2,2019-03-30,-43.4972,-73.54722,,Mosaic_20190327_20190409.nc,3,0.0023100851103663445,0.003168318886309862,0.003037889488041401,0.0040186005644500256,0.0023516793735325336,0.0031515269074589014,0.00042839854722842574,0.0007826584042049944,0.0002541868598200381,0.0004824154020752758,6.959445454413071e-05,0.0001318119466304779,6.57606142340228e-05,0.0001257430121768266,2.6105997676495463e-05,4.9944788770517334e-05,736,736
L19N4,G. Corcovado 2,2019-03-31,-43.4972,-73.54722,,Mosaic_20190327_20190409.nc,4,0.0023100851103663445,0.003168318886309862,0.003037889488041401,0.0040186005644500256,0.0023516793735325336,0.0031515269074589014,0.00042839854722842574,0.0007826584042049944,0.0002541868598200381,0.0004824154020752758,6.959445454413071e-05,0.0001318119466304779,6.57606142340228e-05,0.0001257430121768266,2.6105997676495463e-05,4.9944788770517334e-05,736,736
L19N4,G. Corcovado 2,2019-04-02,-43.4972,-73.54722,,Mosaic_20190327_20190409.nc,6,0.0023100851103663445,0.003168318886309862,0.003037889488041401,0.0040186005644500256,0.0023516793735325336,0.0031515269074589014,0.00042839854722842574,0.0007826584042049944,0.0002541868598200381,0.0004824154020752758,6.959445454413071e-05,0.0001318119466304779,6.57606142340228e-05,0.0001257430121768266,2.6105997676495463e-05,4.9944788770517334e-05,736,736
L19N4,G. Corcovado 2,2019-04-09,-43.4972,-73.54722,0.0,Mosaic_20190419_20190502.nc,10,0.0010753729147836566,0.001751469448208809,0.0014241482131183147,0.0023122176062315702,0.001178261241875589,0.0020536526571959257,0.00022355826513376087,0.000528153614141047,0.0001288560888497159,0.00032213039230555296,3.464701148914173e-05,8.710630936548114e-05,3.2495408959221095e-05,8.264066855190322e-05,1.2690294170170091e-05,3.26693152601365e-05,757,757
L19N4,G. Corcovado 2,2019-04-10,-43.4972,-73.54722,,Mosaic_20190419_20190502.nc,9,0.0010753729147836566,0.001751469448208809,0.0014241482131183147,0.0023122176062315702,0.001178261241875589,0.0020536526571959257,0.00022355826513376087,0.000528153614141047,0.0001288560888497159,0.00032213039230555296,3.464701148914173e-05,8.710630936548114e-05,3.2495408959221095e-05,8.264066855190322e-05,1.2690294170170091e-05,3.26693152601365e-05,757,757
L19N4,G. Corcovado 2,2019-04-11,-43.4972,-73.54722,,Mosaic_20190419_20190502.nc,8,0.0010753729147836566,0.001751469448208809,0.0014241482131183147,0.0023122176062315702,0.001178261241875589,0.0020536526571959257,0.00022355826513376087,0.000528153614141047,0.0001288560888497159,0.00032213039230555296,3.464701148914173e-05,8.710630936548114e-05,3.2495408959221095e-05,8.264066855190322e-05,1.2690294170170091e-05,3.26693152601365e-05,757,757
L19N4,G. Corcovado 2,2019-04-16,-43.4972,-73.54722,,Mosaic_20190419_20190502.nc,3,0.0010753729147836566,0.001751469448208809,0.0014241482131183147,0.0023122176062315702,0.001178261241875589,0.0020536526571959257,0.00022355826513376087,0.000528153614141047,0.0001288560888497159,0.00032213039230555296,3.464701148914173e-05,8.710630936548114e-05,3.2495408959221095e-05,8.264066855190322e-05,1.2690294170170091e-05,3.26693152601365e-05,757,757
L19N4,G. Corcovado 2,2019-04-17,-43.4972,-73.54722,,Mosaic_20190419_20190502.nc,2,0.0010753729147836566,0.001751469448208809,0.0014241482131183147,0.0023122176062315702,0.001178261241875589,0.0020536526571959257,0.00022355826513376087,0.000528153614141047,0.0001288560888497159,0.00032213039230555296,3.464701148914173e-05,8.710630936548114e-05,3.2495408959221095e-05,8.264066855190322e-05,1.2690294170170091e-05,3.26693152601365e-05,757,757
L19N4,G. Corcovado 2,2019-04-18,-43.4972,-73.54722,0.0,Mosaic_20190419_20190502.nc,1,0.0010753729147836566,0.001751469448208809,0.0014241482131183147,0.0023122176062315702,0.001178261241875589,0.0020536526571959257,0.00022355826513376087,0.000528153614141047,0.0001288560888497159,0.00032213039230555296,3.464701148914173e-05,8.710630936548114e-05,3.2495408959221095e-05,8.264066855190322e-05,1.2690294170170091e-05,3.26693152601365e-05,757,757
L19N4,G. Corcovado 2,2019-04-26,-43.4972,-73.54722,0.0,Mosaic_20190419_20190502.nc,7,0.0010753729147836566,0.001751469448208809,0.0014241482131183147,0.0023122176062315702,0.001178261241875589,0.0020536526571959257,0.00022355826513376087,0.000528153614141047,0.0001288560888497159,0.00032213039230555296,3.464701148914173e-05,8.710630936548114e-05,3.2495408959221095e-05,8.264066855190322e-05,1.2690294170170091e-05,3.26693152601365e-05,757,757
L19N4,G. Corcovado 2,2019-04-28,-43.4972,-73.54722,,Mosaic_20190506_20190519.nc,8,0.0015487323980778456,0.005714033264666796,0.0015839699190109968,0.005420178174972534,0.0007743757450953126,0.006077229976654053,0.00020008269348181784,0.003498368663713336,0.00013949618733022362,0.002893168246373534,4.084085230715573e-05,0.000961997197009623,3.874339017784223e-05,0.0009634099551476538,1.525785046396777e-05,0.0003888872161041945,757,214
L19N4,G. Corcovado 2,2019-05-01,-43.4972,-73.54722,,Mosaic_20190506_20190519.nc,5,0.0015487323980778456,0.005714033264666796,0.0015839699190109968,0.005420178174972534,0.0007743757450953126,0.006077229976654053,0.00020008269348181784,0.003498368663713336,0.00013949618733022362,0.002893168246373534,4.084085230715573e-05,0.000961997197009623,3.874339017784223e-05,0.0009634099551476538,1.525785046396777e-05,0.0003888872161041945,757,214
L19N4,G. Corcovado 2,2019-05-07,-43.4972,-73.54722,,Mosaic_20190506_20190519.nc,1,0.0015487323980778456,0.005714033264666796,0.0015839699190109968,0.005420178174972534,0.0007743757450953126,0.006077229976654053,0.00020008269348181784,0.003498368663713336,0.00013949618733022362,0.002893168246373534,4.084085230715573e-05,0.000961997197009623,3.874339017784223e-05,0.0009634099551476538,1.525785046396777e-05,0.0003888872161041945,757,214
L19N4,G. Corcovado 2,2019-05-08,-43.4972,-73.54722,,Mosaic_20190506_20190519.nc,2,0.0015487323980778456,0.005714033264666796,0.0015839699190109968,0.005420178174972534,0.0007743757450953126,0.006077229976654053,0.00020008269348181784,0.003498368663713336,0.00013949618733022362,0.002893168246373534,4.084085230715573e-05,0.000961997197009623,3.874339017784223e-05,0.0009634099551476538,1.525785046396777e-05,0.0003888872161041945,757,214
L19N4,G. Corcovado 2,2019-05-09,-43.4972,-73.54722,0.0,Mosaic_20190506_20190519.nc,3,0.0015487323980778456,0.005714033264666796,0.0015839699190109968,0.005420178174972534,0.0007743757450953126,0.006077229976654053,0.00020008269348181784,0.003498368663713336,0.00013949618733022362,0.002893168246373534,4.084085230715573e-05,0.000961997197009623,3.874339017784223e-05,0.0009634099551476538,1.525785046396777e-05,0.0003888872161041945,757,214
L19N4,G. Corcovado 2,2019-05-23,-43.4972,-73.54722,,Mosaic_20190529_20190611.nc,6,0.0003220074577257037,0.0007587529253214598,0.00043181408545933664,0.0008764229714870453,0.0006042267195880413,0.0012591872364282608,0.0002669742680154741,0.0007576093776151538,0.00017855205805972219,0.0005869120359420776,5.301334385876544e-05,0.00020148696785327047,5.1413382607279345e-05,0.0002024903951678425,2.0592313376255333e-05,8.583355520386249e-05,739,739
L19N4,G. Corcovado 2,2019-05-25,-43.4972,-73.54722,,Mosaic_20190529_20190611.nc,4,0.0003220074577257037,0.0007587529253214598,0.00043181408545933664,0.0008764229714870453,0.0006042267195880413,0.0012591872364282608,0.0002669742680154741,0.0007576093776151538,0.00017855205805972219,0.0005869120359420776,5.301334385876544e-05,0.00020148696785327047,5.1413382607279345e-05,0.0002024903951678425,2.0592313376255333e-05,8.583355520386249e-05,739,739
L19N4,G. Corcovado 2,2019-05-26,-43.4972,-73.54722,0.0,Mosaic_20190529_20190611.nc,3,0.0003220074577257037,0.0007587529253214598,0.00043181408545933664,0.0008764229714870453,0.0006042267195880413,0.0012591872364282608,0.0002669742680154741,0.0007576093776151538,0.00017855205805972219,0.0005869120359420776,5.301334385876544e-05,0.00020148696785327047,5.1413382607279345e-05,0.0002024903951678425,2.0592313376255333e-05,8.583355520386249e-05,739,739
L19N4,G. Corcovado 2,2019-05-28,-43.4972,-73.54722,0.0,Mosaic_20190529_20190611.nc,1,0.0003220074577257037,0.0007587529253214598,0.00043181408545933664,0.0008764229714870453,0.0006042267195880413,0.0012591872364282608,0.0002669742680154741,0.0007576093776151538,0.00017855205805972219,0.0005869120359420776,5.301334385876544e-05,0.00020148696785327047,5.1413382607279345e-05,0.0002024903951678425,2.0592313376255333e-05,8.583355520386249e-05,739,739
L19N4,G. Corcovado 2,2019-05-29,-43.4972,-73.54722,,Mosaic_20190529_20190611.nc,0,0.0003220074577257037,0.0007587529253214598,0.00043181408545933664,0.0008764229714870453,0.0006042267195880413,0.0012591872364282608,0.0002669742680154741,0.0007576093776151538,0.00017855205805972219,0.0005869120359420776,5.301334385876544e-05,0.00020148696785327047,5.1413382607279345e-05,0.0002024903951678425,2.0592313376255333e-05,8.583355520386249e-05,739,739
L19N4,G. Corcovado 2,2019-05-30,-43.4972,-73.54722,,Mosaic_20190529_20190611.nc,1,0.0003220074577257037,0.0007587529253214598,0.00043181408545933664,0.0008764229714870453,0.0006042267195880413,0.0012591872364282608,0.0002669742680154741,0.0007576093776151538,0.00017855205805972219,0.0005869120359420776,5.301334385876544e-05,0.00020148696785327047,5.1413382607279345e-05,0.0002024903951678425,2.0592313376255333e-05,8.583355520386249e-05,739,739
L19N4,G. Corcovado 2,2019-06-02,-43.4972,-73.54722,,Mosaic_20190529_20190611.nc,4,0.0003220074577257037,0.0007587529253214598,0.00043181408545933664,0.0008764229714870453,0.0006042267195880413,0.0012591872364282608,0.0002669742680154741,0.0007576093776151538,0.00017855205805972219,0.0005869120359420776,5.301334385876544e-05,0.00020148696785327047,5.1413382607279345e-05,0.0002024903951678425,2.0592313376255333e-05,8.583355520386249e-05,739,739
L19N4,G. Corcovado 2,2019-06-13,-43.4972,-73.54722,,Mosaic_20190615_20190628.nc,2,0.002839963650330901,0.0050349729135632515,0.0030559832230210304,0.004957451019436121,0.0014448725851252675,0.0026491896715015173,0.00020630506332963705,0.0011569913476705551,0.00011694691056618467,0.0008544890442863107,3.179540726705454e-05,0.00029455844196490943,2.9114931749063544e-05,0.00029372062999755144,1.1276878467469942e-05,0.0001240860583493486,757,757
L19N4,G. Corcovado 2,2019-06-14,-43.4972,-73.54722,,Mosaic_20190615_20190628.nc,1,0.002839963650330901,0.0050349729135632515,0.0030559832230210304,0.004957451019436121,0.0014448725851252675,0.0026491896715015173,0.00020630506332963705,0.0011569913476705551,0.00011694691056618467,0.0008544890442863107,3.179540726705454e-05,0.00029455844196490943,2.9114931749063544e-05,0.00029372062999755144,1.1276878467469942e-05,0.0001240860583493486,757,757
L19N4,G. Corcovado 2,2019-06-15,-43.4972,-73.54722,0.0,Mosaic_20190615_20190628.nc,0,0.002839963650330901,0.0050349729135632515,0.0030559832230210304,0.004957451019436121,0.0014448725851252675,0.0026491896715015173,0.00020630506332963705,0.0011569913476705551,0.00011694691056618467,0.0008544890442863107,3.179540726705454e-05,0.00029455844196490943,2.9114931749063544e-05,0.00029372062999755144,1.1276878467469942e-05,0.0001240860583493486,757,757
L19N4,G. Corcovado 2,2019-06-19,-43.4972,-73.54722,,Mosaic_20190615_20190628.nc,4,0.002839963650330901,0.0050349729135632515,0.0030559832230210304,0.004957451019436121,0.0014448725851252675,0.0026491896715015173,0.00020630506332963705,0.0011569913476705551,0.00011694691056618467,0.0008544890442863107,3.179540726705454e-05,0.00029455844196490943,2.9114931749063544e-05,0.00029372062999755144,1.1276878467469942e-05,0.0001240860583493486,757,757
L19N4,G. Corcovado 2,2019-06-20,-43.4972,-73.54722,0.0,Mosaic_20190615_20190628.nc,5,0.002839963650330901,0.0050349729135632515,0.0030559832230210304,0.004957451019436121,0.0014448725851252675,0.0026491896715015173,0.00020630506332963705,0.0011569913476705551,0.00011694691056618467,0.0008544890442863107,3.179540726705454e-05,0.00029455844196490943,2.9114931749063544e-05,0.00029372062999755144,1.1276878467469942e-05,0.0001240860583493486,757,757
L19N4,G. Corcovado 2,2019-08-06,-43.4972,-73.54722,,Mosaic_20190804_20190817.nc,2,0.002789743710309267,0.003886591177433729,0.003134177764877677,0.004386137705296278,0.001566259772516787,0.0026962468400597572,0.00022170701413415372,0.0004372783296275884,0.00012650502321776003,0.0002563667658250779,3.43355059158057e-05,7.021005876595154e-05,3.1633811886422336e-05,6.535434658871964e-05,1.2305282325542066e-05,2.5759560230653733e-05,736,736
L19N4,G. Corcovado 2,2019-08-07,-43.4972,-73.54722,0.0,Mosaic_20190804_20190817.nc,3,0.002789743710309267,0.003886591177433729,0.003134177764877677,0.004386137705296278,0.001566259772516787,0.0026962468400597572,0.00022170701413415372,0.0004372783296275884,0.00012650502321776003,0.0002563667658250779,3.43355059158057e-05,7.021005876595154e-05,3.1633811886422336e-05,6.535434658871964e-05,1.2305282325542066e-05,2.5759560230653733e-05,736,736
L19N4,G. Corcovado 2,2019-08-08,-43.4972,-73.54722,,Mosaic_20190804_20190817.nc,4,0.002789743710309267,0.003886591177433729,0.003134177764877677,0.004386137705296278,0.001566259772516787,0.0026962468400597572,0.00022170701413415372,0.0004372783296275884,0.00012650502321776003,0.0002563667658250779,3.43355059158057e-05,7.021005876595154e-05,3.1633811886422336e-05,6.535434658871964e-05,1.2305282325542066e-05,2.5759560230653733e-05,736,736
L19N4,G. Corcovado 2,2019-08-23,-43.4972,-73.54722,,Mosaic_20190903_20190916.nc,11,0.004106298089027405,0.007148213684558868,0.004816751461476088,0.006639103405177593,0.0027467901818454266,0.004068717826157808,0.0004375213757157326,0.0007747062481939793,0.00026211366639472544,0.00046990776900202036,7.310013461392373e-05,0.00013023304927628487,6.904102338012308e-05,0.0001231757487403229,2.7507445338414982e-05,4.899259511148557e-05,757,757
L19N4,G. Corcovado 2,2019-08-24,-43.4972,-73.54722,,Mosaic_20190903_20190916.nc,10,0.004106298089027405,0.007148213684558868,0.004816751461476088,0.006639103405177593,0.0027467901818454266,0.004068717826157808,0.0004375213757157326,0.0007747062481939793,0.00026211366639472544,0.00046990776900202036,7.310013461392373e-05,0.00013023304927628487,6.904102338012308e-05,0.0001231757487403229,2.7507445338414982e-05,4.899259511148557e-05,757,757
L19N4,G. Corcovado 2,2019-09-09,-43.4972,-73.54722,0.0,Mosaic_20190903_20190916.nc,6,0.004106298089027405,0.007148213684558868,0.004816751461476088,0.006639103405177593,0.0027467901818454266,0.004068717826157808,0.0004375213757157326,0.0007747062481939793,0.00026211366639472544,0.00046990776900202036,7.310013461392373e-05,0.00013023304927628487,6.904102338012308e-05,0.0001231757487403229,2.7507445338414982e-05,4.899259511148557e-05,757,757
L19N4,G. Corcovado 2,2019-09-10,-43.4972,-73.54722,,Mosaic_20190903_20190916.nc,7,0.004106298089027405,0.007148213684558868,0.004816751461476088,0.006639103405177593,0.0027467901818454266,0.004068717826157808,0.0004375213757157326,0.0007747062481939793,0.00026211366639472544,0.00046990776900202036,7.310013461392373e-05,0.00013023304927628487,6.904102338012308e-05,0.0001231757487403229,2.7507445338414982e-05,4.899259511148557e-05,757,757
L19N4,G. Corcovado 2,2019-09-11,-43.4972,-73.54722,,Mosaic_20190903_20190916.nc,8,0.004106298089027405,0.007148213684558868,0.004816751461476088,0.006639103405177593,0.0027467901818454266,0.004068717826157808,0.0004375213757157326,0.0007747062481939793,0.00026211366639472544,0.00046990776900202036,7.310013461392373e-05,0.00013023304927628487,6.904102338012308e-05,0.0001231757487403229,2.7507445338414982e-05,4.899259511148557e-05,757,757
L19N4,G. Corcovado 2,2019-09-23,-43.4972,-73.54722,,Mosaic_20190926_20191009.nc,3,0.0003524856292642653,0.001920318347401917,0.00048540683928877115,0.002642928622663021,0.000791414175182581,0.003925401717424393,0.0004858081811107695,0.003117476124316454,0.00037186482222750783,0.0027519110590219498,0.000122498968266882,0.0009949649684131145,0.00012330757454037666,0.0010054915910586715,5.140215944265947e-05,0.00041289179353043437,736,736
L19N4,G. Corcovado 2,2019-09-24,-43.4972,-73.54722,0.0,Mosaic_20190926_20191009.nc,2,0.0003524856292642653,0.001920318347401917,0.00048540683928877115,0.002642928622663021,0.000791414175182581,0.003925401717424393,0.0004858081811107695,0.003117476124316454,0.00037186482222750783,0.0027519110590219498,0.000122498968266882,0.0009949649684131145,0.00012330757454037666,0.0010054915910586715,5.140215944265947e-05,0.00041289179353043437,736,736
L19N4,G. Corcovado 2,2019-09-25,-43.4972,-73.54722,,Mosaic_20190926_20191009.nc,1,0.0003524856292642653,0.001920318347401917,0.00048540683928877115,0.002642928622663021,0.000791414175182581,0.003925401717424393,0.0004858081811107695,0.003117476124316454,0.00037186482222750783,0.0027519110590219498,0.000122498968266882,0.0009949649684131145,0.00012330757454037666,0.0010054915910586715,5.140215944265947e-05,0.00041289179353043437,736,736
L19N4,G. Corcovado 2,2019-09-27,-43.4972,-73.54722,,Mosaic_20190926_20191009.nc,1,0.0003524856292642653,0.001920318347401917,0.00048540683928877115,0.002642928622663021,0.000791414175182581,0.003925401717424393,0.0004858081811107695,0.003117476124316454,0.00037186482222750783,0.0027519110590219498,0.000122498968266882,0.0009949649684131145,0.00012330757454037666,0.0010054915910586715,5.140215944265947e-05,0.00041289179353043437,736,736
L19N4,G. Corcovado 2,2019-10-07,-43.4972,-73.54722,,Mosaic_20191013_20191026.nc,6,0.0021460154093801975,0.0028809006325900555,0.002408485859632492,0.003157583763822913,0.0012750480091199279,0.0018948798533529043,0.00017865965492092073,0.00030035481904633343,0.00010074982128571719,0.00017285121430177242,2.6771384000312537e-05,4.6794117224635556e-05,2.4687926270416938e-05,4.304093090468086e-05,9.503646651864983e-06,1.678006628935691e-05,757,757
L19N4,G. Corcovado 2,2019-10-08,-43.4972,-73.54722,0.0,Mosaic_20191013_20191026.nc,5,0.0021460154093801975,0.0028809006325900555,0.002408485859632492,0.003157583763822913,0.0012750480091199279,0.0018948798533529043,0.00017865965492092073,0.00030035481904633343,0.00010074982128571719,0.00017285121430177242,2.6771384000312537e-05,4.6794117224635556e-05,2.4687926270416938e-05,4.304093090468086e-05,9.503646651864983e-06,1.678006628935691e-05,757,757
L19N4,G. Corcovado 2,2019-10-09,-43.4972,-73.54722,,Mosaic_20191013_20191026.nc,4,0.0021460154093801975,0.0028809006325900555,0.002408485859632492,0.003157583763822913,0.0012750480091199279,0.0018948798533529043,0.00017865965492092073,0.00030035481904633343,0.00010074982128571719,0.00017285121430177242,2.6771384000312537e-05,4.6794117224635556e-05,2.4687926270416938e-05,4.304093090468086e-05,9.503646651864983e-06,1.678006628935691e-05,757,757
L19N4,G. Corcovado 2,2019-10-17,-43.4972,-73.54722,,Mosaic_20191013_20191026.nc,4,0.0021460154093801975,0.0028809006325900555,0.002408485859632492,0.003157583763822913,0.0012750480091199279,0.0018948798533529043,0.00017865965492092073,0.00030035481904633343,0.00010074982128571719,0.00017285121430177242,2.6771384000312537e-05,4.6794117224635556e-05,2.4687926270416938e-05,4.304093090468086e-05,9.503646651864983e-06,1.678006628935691e-05,757,757
L19N4,G. Corcovado 2,2019-10-18,-43.4972,-73.54722,1.0,Mosaic_20191013_20191026.nc,5,0.0021460154093801975,0.0028809006325900555,0.002408485859632492,0.003157583763822913,0.0012750480091199279,0.0018948798533529043,0.00017865965492092073,0.00030035481904633343,0.00010074982128571719,0.00017285121430177242,2.6771384000312537e-05,4.6794117224635556e-05,2.4687926270416938e-05,4.304093090468086e-05,9.503646651864983e-06,1.678006628935691e-05,757,757
L19N4,G. Corcovado 2,2019-11-12,-43.4972,-73.54722,0.0,Mosaic_20191115_20191128.nc,3,0.002366906264796853,0.0035435277968645096,0.002794967731460929,0.003855169052258134,0.00165273726452142,0.002083458937704563,0.00025094402371905744,0.0003745759022422135,0.00014472592738457024,0.00021944392938166857,3.912423926522024e-05,5.9494213928701356e-05,3.6576286220224574e-05,5.55741207790561e-05,1.4295438631961588e-05,2.1872941943001933e-05,757,757
L19N4,G. Corcovado 2,2019-11-13,-43.4972,-73.54722,,Mosaic_20191115_20191128.nc,2,0.002366906264796853,0.0035435277968645096,0.002794967731460929,0.003855169052258134,0.00165273726452142,0.002083458937704563,0.00025094402371905744,0.0003745759022422135,0.00014472592738457024,0.00021944392938166857,3.912423926522024e-05,5.9494213928701356e-05,3.6576286220224574e-05,5.55741207790561e-05,1.4295438631961588e-05,2.1872941943001933e-05,757,757
L19N4,G. Corcovado 2,2019-11-15,-43.4972,-73.54722,,Mosaic_20191115_20191128.nc,0,0.002366906264796853,0.0035435277968645096,0.002794967731460929,0.003855169052258134,0.00165273726452142,0.002083458937704563,0.00025094402371905744,0.0003745759022422135,0.00014472592738457024,0.00021944392938166857,3.912423926522024e-05,5.9494213928701356e-05,3.6576286220224574e-05,5.55741207790561e-05,1.4295438631961588e-05,2.1872941943001933e-05,757,757
L19N4,G. Corcovado 2,2019-11-22,-43.4972,-73.54722,0.0,Mosaic_20191115_20191128.nc,7,0.002366906264796853,0.0035435277968645096,0.002794967731460929,0.003855169052258134,0.00165273726452142,0.002083458937704563,0.00025094402371905744,0.0003745759022422135,0.00014472592738457024,0.00021944392938166857,3.912423926522024e-05,5.9494213928701356e-05,3.6576286220224574e-05,5.55741207790561e-05,1.4295438631961588e-05,2.1872941943001933e-05,757,757
L19N4,G. Corcovado 2,2019-11-23,-43.4972,-73.54722,,Mosaic_20191115_20191128.nc,8,0.002366906264796853,0.0035435277968645096,0.002794967731460929,0.003855169052258134,0.00165273726452142,0.002083458937704563,0.00025094402371905744,0.0003745759022422135,0.00014472592738457024,0.00021944392938166857,3.912423926522024e-05,5.9494213928701356e-05,3.6576286220224574e-05,5.55741207790561e-05,1.4295438631961588e-05,2.1872941943001933e-05,757,757
L19N4,G. Corcovado 2,2019-11-24,-43.4972,-73.54722,,Mosaic_20191115_20191128.nc,9,0.002366906264796853,0.0035435277968645096,0.002794967731460929,0.003855169052258134,0.00165273726452142,0.002083458937704563,0.00025094402371905744,0.0003745759022422135,0.00014472592738457024,0.00021944392938166857,3.912423926522024e-05,5.9494213928701356e-05,3.6576286220224574e-05,5.55741207790561e-05,1.4295438631961588e-05,2.1872941943001933e-05,757,757
L19N4,G. Corcovado 2,2019-11-29,-43.4972,-73.54722,,Mosaic_20191205_20191218.nc,6,,,,,,,,,,,,,,,,,757,0
L19N4,G. Corcovado 2,2019-11-30,-43.4972,-73.54722,0.0,Mosaic_20191205_20191218.nc,5,,,,,,,,,,,,,,,,,757,0
L19N4,G. Corcovado 2,2019-12-01,-43.4972,-73.54722,,Mosaic_20191205_20191218.nc,4,,,,,,,,,,,,,,,,,757,0
L19N4,G. Corcovado 2,2019-12-06,-43.4972,-73.54722,,Mosaic_20191205_20191218.nc,1,,,,,,,,,,,,,,,,,757,0
L19N4,G. Corcovado 2,2019-12-07,-43.4972,-73.54722,0.0,Mosaic_20191205_20191218.nc,2,,,,,,,,,,,,,,,,,757,0
L19N4,G. Corcovado 2,2019-12-08,-43.4972,-73.54722,,Mosaic_20191205_20191218.nc,3,,,,,,,,,,,,,,,,,757,0
L19N4,G. Corcovado 2,2019-12-10,-43.4972,-73.54722,,Mosaic_20191205_20191218.nc,5,,,,,,,,,,,,,,,,,757,0
L19N4,G. Corcovado 2,2019-12-15,-43.4972,-73.54722,0.0,Mosaic_20191205_20191218.nc,10,,,,,,,,,,,,,,,,,757,0
L19N4,G. Corcovado 2,2019-12-16,-43.4972,-73.54722,,Mosaic_20191205_20191218.nc,11,,,,,,,,,,,,,,,,,757,0
L19N4,G. Corcovado 2,2019-12-17,-43.4972,-73.54722,,Mosaic_20191205_20191218.nc,12,,,,,,,,,,,,,,,,,757,0
L19N4,G. Corcovado 2,2020-01-02,-43.4972,-73.54722,1.0,Mosaic_20200101_20200114.nc,1,0.002695905975997448,0.0037033481057733297,0.0033234558068215847,0.004229046870023012,0.002181528601795435,0.002610420575365424,0.00035986368311569095,0.0005228678346611559,0.00021164215286262333,0.00031349650816991925,5.792794399894774e-05,8.597998385084793e-05,5.4315434681484476e-05,8.121225255308673e-05,2.148867497453466e-05,3.2235835533356294e-05,757,757
L19N4,G. Corcovado 2,2020-01-03,-43.4972,-73.54722,,Mosaic_20200101_20200114.nc,2,0.002695905975997448,0.0037033481057733297,0.0033234558068215847,0.004229046870023012,0.002181528601795435,0.002610420575365424,0.00035986368311569095,0.0005228678346611559,0.00021164215286262333,0.00031349650816991925,5.792794399894774e-05,8.597998385084793e-05,5.4315434681484476e-05,8.121225255308673e-05,2.148867497453466e-05,3.2235835533356294e-05,757,757
L19N4,G. Corcovado 2,2020-01-04,-43.4972,-73.54722,,Mosaic_20200101_20200114.nc,3,0.002695905975997448,0.0037033481057733297,0.0033234558068215847,0.004229046870023012,0.002181528601795435,0.002610420575365424,0.00035986368311569095,0.0005228678346611559,0.00021164215286262333,0.00031349650816991925,5.792794399894774e-05,8.597998385084793e-05,5.4315434681484476e-05,8.121225255308673e-05,2.148867497453466e-05,3.2235835533356294e-05,757,757
L19N4,G. Corcovado 2,2020-01-10,-43.4972,-73.54722,,Mosaic_20200101_20200114.nc,9,0.002695905975997448,0.0037033481057733297,0.0033234558068215847,0.004229046870023012,0.002181528601795435,0.002610420575365424,0.00035986368311569095,0.0005228678346611559,0.00021164215286262333,0.00031349650816991925,5.792794399894774e-05,8.597998385084793e-05,5.4315434681484476e-05,8.121225255308673e-05,2.148867497453466e-05,3.2235835533356294e-05,757,757
L19N4,G. Corcovado 2,2020-01-11,-43.4972,-73.54722,0.0,Mosaic_20200101_20200114.nc,10,0.002695905975997448,0.0037033481057733297,0.0033234558068215847,0.004229046870023012,0.002181528601795435,0.002610420575365424,0.00035986368311569095,0.0005228678346611559,0.00021164215286262333,0.00031349650816991925,5.792794399894774e-05,8.597998385084793e-05,5.4315434681484476e-05,8.121225255308673e-05,2.148867497453466e-05,3.2235835533356294e-05,757,757
L19N4,G. Corcovado 2,2020-01-12,-43.4972,-73.54722,,Mosaic_20200121_20200203.nc,9,0.0011518277460709214,0.002458574716001749,0.0015898883575573564,0.0032072754111140966,0.00193923304323107,0.004453517962247133,0.0005884988931939006,0.0020953521598130465,0.0003690320299938321,0.0015710926381871104,0.00010256218956783414,0.0004880762717220932,9.76781957433559e-05,0.00048506513121537864,3.893952089129016e-05,0.00019726484606508166,757,757
L19N4,G. Corcovado 2,2020-01-14,-43.4972,-73.54722,,Mosaic_20200121_20200203.nc,7,0.0011518277460709214,0.002458574716001749,0.0015898883575573564,0.0032072754111140966,0.00193923304323107,0.004453517962247133,0.0005884988931939006,0.0020953521598130465,0.0003690320299938321,0.0015710926381871104,0.00010256218956783414,0.0004880762717220932,9.76781957433559e-05,0.00048506513121537864,3.893952089129016e-05,0.00019726484606508166,757,757
L19N4,G. Corcovado 2,2020-01-22,-43.4972,-73.54722,0.0,Mosaic_20200121_20200203.nc,1,0.0011518277460709214,0.002458574716001749,0.0015898883575573564,0.0032072754111140966,0.00193923304323107,0.004453517962247133,0.0005884988931939006,0.0020953521598130465,0.0003690320299938321,0.0015710926381871104,0.00010256218956783414,0.0004880762717220932,9.76781957433559e-05,0.00048506513121537864,3.893952089129016e-05,0.00019726484606508166,757,757
L19N4,G. Corcovado 2,2020-01-23,-43.4972,-73.54722,,Mosaic_20200121_20200203.nc,2,0.0011518277460709214,0.002458574716001749,0.0015898883575573564,0.0032072754111140966,0.00193923304323107,0.004453517962247133,0.0005884988931939006,0.0020953521598130465,0.0003690320299938321,0.0015710926381871104,0.00010256218956783414,0.0004880762717220932,9.76781957433559e-05,0.00048506513121537864,3.893952089129016e-05,0.00019726484606508166,757,757
L19N4,G. Corcovado 2,2020-01-24,-43.4972,-73.54722,,Mosaic_20200121_20200203.nc,3,0.0011518277460709214,0.002458574716001749,0.0015898883575573564,0.0032072754111140966,0.00193923304323107,0.004453517962247133,0.0005884988931939006,0.0020953521598130465,0.0003690320299938321,0.0015710926381871104,0.00010256218956783414,0.0004880762717220932,9.76781957433559e-05,0.00048506513121537864,3.893952089129016e-05,0.00019726484606508166,757,757
L19N4,G. Corcovado 2,2020-01-28,-43.4972,-73.54722,0.0,Mosaic_20200121_20200203.nc,7,0.0011518277460709214,0.002458574716001749,0.0015898883575573564,0.0032072754111140966,0.00193923304323107,0.004453517962247133,0.0005884988931939006,0.0020953521598130465,0.0003690320299938321,0.0015710926381871104,0.00010256218956783414,0.0004880762717220932,9.76781957433559e-05,0.00048506513121537864,3.893952089129016e-05,0.00019726484606508166,757,757
L19N4,G. Corcovado 2,2020-01-29,-43.4972,-73.54722,,Mosaic_20200121_20200203.nc,8,0.0011518277460709214,0.002458574716001749,0.0015898883575573564,0.0032072754111140966,0.00193923304323107,0.004453517962247133,0.0005884988931939006,0.0020953521598130465,0.0003690320299938321,0.0015710926381871104,0.00010256218956783414,0.0004880762717220932,9.76781957433559e-05,0.00048506513121537864,3.893952089129016e-05,0.00019726484606508166,757,757
L19N4,G. Corcovado 2,2020-01-30,-43.4972,-73.54722,,Mosaic_20200121_20200203.nc,9,0.0011518277460709214,0.002458574716001749,0.0015898883575573564,0.0032072754111140966,0.00193923304323107,0.004453517962247133,0.0005884988931939006,0.0020953521598130465,0.0003690320299938321,0.0015710926381871104,0.00010256218956783414,0.0004880762717220932,9.76781957433559e-05,0.00048506513121537864,3.893952089129016e-05,0.00019726484606508166,757,757
L19N4,G. Corcovado 2,2020-02-04,-43.4972,-73.54722,,Mosaic_20200210_20200223.nc,6,0.0034181277733296156,0.0042078811675310135,0.004038057290017605,0.004815343301743269,0.002262870082631707,0.0027941332664340734,0.00034190184669569135,0.00046554364962503314,0.0002023693814408034,0.0002785977558232844,5.6106749980244786e-05,7.751312659820542e-05,5.2813527872785926e-05,7.326826016651466e-05,2.0988984033465385e-05,2.921444502135273e-05,739,739
L19N4,G. Corcovado 2,2020-02-05,-43.4972,-73.54722,0.0,Mosaic_20200210_20200223.nc,5,0.0034181277733296156,0.0042078811675310135,0.004038057290017605,0.004815343301743269,0.002262870082631707,0.0027941332664340734,0.00034190184669569135,0.00046554364962503314,0.0002023693814408034,0.0002785977558232844,5.6106749980244786e-05,7.751312659820542e-05,5.2813527872785926e-05,7.326826016651466e-05,2.0988984033465385e-05,2.921444502135273e-05,739,739
L19N4,G. Corcovado 2,2020-02-06,-43.4972,-73.54722,,Mosaic_20200210_20200223.nc,4,0.0034181277733296156,0.0042078811675310135,0.004038057290017605,0.004815343301743269,0.002262870082631707,0.0027941332664340734,0.00034190184669569135,0.00046554364962503314,0.0002023693814408034,0.0002785977558232844,5.6106749980244786e-05,7.751312659820542e-05,5.2813527872785926e-05,7.326826016651466e-05,2.0988984033465385e-05,2.921444502135273e-05,739,739
L19N4,G. Corcovado 2,2020-02-08,-43.4972,-73.54722,,Mosaic_20200210_20200223.nc,2,0.0034181277733296156,0.0042078811675310135,0.004038057290017605,0.004815343301743269,0.002262870082631707,0.0027941332664340734,0.00034190184669569135,0.00046554364962503314,0.0002023693814408034,0.0002785977558232844,5.6106749980244786e-05,7.751312659820542e-05,5.2813527872785926e-05,7.326826016651466e-05,2.0988984033465385e-05,2.921444502135273e-05,739,739
L19N4,G. Corcovado 2,2020-02-11,-43.4972,-73.54722,,Mosaic_20200210_20200223.nc,1,0.0034181277733296156,0.0042078811675310135,0.004038057290017605,0.004815343301743269,0.002262870082631707,0.0027941332664340734,0.00034190184669569135,0.00046554364962503314,0.0002023693814408034,0.0002785977558232844,5.6106749980244786e-05,7.751312659820542e-05,5.2813527872785926e-05,7.326826016651466e-05,2.0988984033465385e-05,2.921444502135273e-05,739,739
L19N4,G. Corcovado 2,2020-02-12,-43.4972,-73.54722,,Mosaic_20200210_20200223.nc,2,0.0034181277733296156,0.0042078811675310135,0.004038057290017605,0.004815343301743269,0.002262870082631707,0.0027941332664340734,0.00034190184669569135,0.00046554364962503314,0.0002023693814408034,0.0002785977558232844,5.6106749980244786e-05,7.751312659820542e-05,5.2813527872785926e-05,7.326826016651466e-05,2.0988984033465385e-05,2.921444502135273e-05,739,739
L19N4,G. Corcovado 2,2020-02-13,-43.4972,-73.54722,0.0,Mosaic_20200210_20200223.nc,3,0.0034181277733296156,0.0042078811675310135,0.004038057290017605,0.004815343301743269,0.002262870082631707,0.0027941332664340734,0.00034190184669569135,0.00046554364962503314,0.0002023693814408034,0.0002785977558232844,5.6106749980244786e-05,7.751312659820542e-05,5.2813527872785926e-05,7.326826016651466e-05,2.0988984033465385e-05,2.921444502135273e-05,739,739
L19N4,G. Corcovado 2,2020-02-17,-43.4972,-73.54722,0.0,Mosaic_20200210_20200223.nc,7,0.0034181277733296156,0.0042078811675310135,0.004038057290017605,0.004815343301743269,0.002262870082631707,0.0027941332664340734,0.00034190184669569135,0.00046554364962503314,0.0002023693814408034,0.0002785977558232844,5.6106749980244786e-05,7.751312659820542e-05,5.2813527872785926e-05,7.326826016651466e-05,2.0988984033465385e-05,2.921444502135273e-05,739,739
L19N4,G. Corcovado 2,2020-02-18,-43.4972,-73.54722,,Mosaic_20200210_20200223.nc,8,0.0034181277733296156,0.0042078811675310135,0.004038057290017605,0.004815343301743269,0.002262870082631707,0.0027941332664340734,0.00034190184669569135,0.00046554364962503314,0.0002023693814408034,0.0002785977558232844,5.6106749980244786e-05,7.751312659820542e-05,5.2813527872785926e-05,7.326826016651466e-05,2.0988984033465385e-05,2.921444502135273e-05,739,739
L19N4,G. Corcovado 2,2020-02-19,-43.4972,-73.54722,,Mosaic_20200210_20200223.nc,9,0.0034181277733296156,0.0042078811675310135,0.004038057290017605,0.004815343301743269,0.002262870082631707,0.0027941332664340734,0.00034190184669569135,0.00046554364962503314,0.0002023693814408034,0.0002785977558232844,5.6106749980244786e-05,7.751312659820542e-05,5.2813527872785926e-05,7.326826016651466e-05,2.0988984033465385e-05,2.921444502135273e-05,739,739
L19N4,G. Corcovado 2,2020-02-25,-43.4972,-73.54722,,Mosaic_20200301_20200314.nc,5,0.002664658473804593,0.0037273236084729433,0.0035186177119612694,0.004531846847385168,0.0028804540634155273,0.0039238110184669495,0.0005794549360871315,0.0013528739800676703,0.0003496827557682991,0.0008781161741353571,9.602066711522639e-05,0.0002427093277219683,9.103641787078232e-05,0.00023458072973880917,3.61727288691327e-05,9.340391989098862e-05,757,757
L19N4,G. Corcovado 2,2020-02-26,-43.4972,-73.54722,0.0,Mosaic_20200301_20200314.nc,4,0.002664658473804593,0.0037273236084729433,0.0035186177119612694,0.004531846847385168,0.0028804540634155273,0.0039238110184669495,0.0005794549360871315,0.0013528739800676703,0.0003496827557682991,0.0008781161741353571,9.602066711522639e-05,0.0002427093277219683,9.103641787078232e-05,0.00023458072973880917,3.61727288691327e-05,9.340391989098862e-05,757,757
L19N4,G. Corcovado 2,2020-02-28,-43.4972,-73.54722,,Mosaic_20200301_20200314.nc,2,0.002664658473804593,0.0037273236084729433,0.0035186177119612694,0.004531846847385168,0.0028804540634155273,0.0039238110184669495,0.0005794549360871315,0.0013528739800676703,0.0003496827557682991,0.0008781161741353571,9.602066711522639e-05,0.0002427093277219683,9.103641787078232e-05,0.00023458072973880917,3.61727288691327e-05,9.340391989098862e-05,757,757
L19N4,G. Corcovado 2,2020-03-03,-43.4972,-73.54722,,Mosaic_20200301_20200314.nc,2,0.002664658473804593,0.0037273236084729433,0.0035186177119612694,0.004531846847385168,0.0028804540634155273,0.0039238110184669495,0.0005794549360871315,0.0013528739800676703,0.0003496827557682991,0.0008781161741353571,9.602066711522639e-05,0.0002427093277219683,9.103641787078232e-05,0.00023458072973880917,3.61727288691327e-05,9.340391989098862e-05,757,757
L19N4,G. Corcovado 2,2020-03-04,-43.4972,-73.54722,,Mosaic_20200301_20200314.nc,3,0.002664658473804593,0.0037273236084729433,0.0035186177119612694,0.004531846847385168,0.0028804540634155273,0.0039238110184669495,0.0005794549360871315,0.0013528739800676703,0.0003496827557682991,0.0008781161741353571,9.602066711522639e-05,0.0002427093277219683,9.103641787078232e-05,0.00023458072973880917,3.61727288691327e-05,9.340391989098862e-05,757,757
L19N4,G. Corcovado 2,2020-03-05,-43.4972,-73.54722,0.0,Mosaic_20200301_20200314.nc,4,0.002664658473804593,0.0037273236084729433,0.0035186177119612694,0.004531846847385168,0.0028804540634155273,0.0039238110184669495,0.0005794549360871315,0.0013528739800676703,0.0003496827557682991,0.0008781161741353571,9.602066711522639e-05,0.0002427093277219683,9.103641787078232e-05,0.00023458072973880917,3.61727288691327e-05,9.340391989098862e-05,757,757
L19N4,G. Corcovado 2,2020-03-10,-43.4972,-73.54722,0.0,Mosaic_20200301_20200314.nc,9,0.002664658473804593,0.0037273236084729433,0.0035186177119612694,0.004531846847385168,0.0028804540634155273,0.0039238110184669495,0.0005794549360871315,0.0013528739800676703,0.0003496827557682991,0.0008781161741353571,9.602066711522639e-05,0.0002427093277219683,9.103641787078232e-05,0.00023458072973880917,3.61727288691327e-05,9.340391989098862e-05,757,757
L19N4,G. Corcovado 2,2020-03-11,-43.4972,-73.54722,,Mosaic_20200301_20200314.nc,10,0.002664658473804593,0.0037273236084729433,0.0035186177119612694,0.004531846847385168,0.0028804540634155273,0.0039238110184669495,0.0005794549360871315,0.0013528739800676703,0.0003496827557682991,0.0008781161741353571,9.602066711522639e-05,0.0002427093277219683,9.103641787078232e-05,0.00023458072973880917,3.61727288691327e-05,9.340391989098862e-05,757,757
L19N4,G. Corcovado 2,2020-03-12,-43.4972,-73.54722,,Mosaic_20200301_20200314.nc,11,0.002664658473804593,0.0037273236084729433,0.0035186177119612694,0.004531846847385168,0.0028804540634155273,0.0039238110184669495,0.0005794549360871315,0.0013528739800676703,0.0003496827557682991,0.0008781161741353571,9.602066711522639e-05,0.0002427093277219683,9.103641787078232e-05,0.00023458072973880917,3.61727288691327e-05,9.340391989098862e-05,757,757
L19N4,G. Corcovado 2,2020-03-18,-43.4972,-73.54722,0.0,Mosaic_20200324_20200406.nc,6,0.000729723833501339,0.0025927219539880753,0.0011721679475158453,0.004979925230145454,0.0024993824772536755,0.010681863874197006,0.0012706080451607704,0.005299225449562073,0.0009407969191670418,0.004470342770218849,0.00029617565451189876,0.0016184953274205327,0.00029354909202083945,0.001668719109147787,0.00012067408533766866,0.0007000892655923963,756,756
L19N4,G. Corcovado 2,2020-03-19,-43.4972,-73.54722,,Mosaic_20200324_20200406.nc,5,0.000729723833501339,0.0025927219539880753,0.0011721679475158453,0.004979925230145454,0.0024993824772536755,0.010681863874197006,0.0012706080451607704,0.005299225449562073,0.0009407969191670418,0.004470342770218849,0.00029617565451189876,0.0016184953274205327,0.00029354909202083945,0.001668719109147787,0.00012067408533766866,0.0007000892655923963,756,756
L19N4,G. Corcovado 2,2020-03-21,-43.4972,-73.54722,,Mosaic_20200324_20200406.nc,3,0.000729723833501339,0.0025927219539880753,0.0011721679475158453,0.004979925230145454,0.0024993824772536755,0.010681863874197006,0.0012706080451607704,0.005299225449562073,0.0009407969191670418,0.004470342770218849,0.00029617565451189876,0.0016184953274205327,0.00029354909202083945,0.001668719109147787,0.00012067408533766866,0.0007000892655923963,756,756
L19N4,G. Corcovado 2,2020-05-13,-43.4972,-73.54722,0.0,Mosaic_20200510_20200523.nc,3,0.001798558048903942,0.007782014552503824,0.001597454072907567,0.010036444291472435,0.0006268692668527365,0.008599236607551575,0.00012342099216766655,0.0019605886191129684,7.160112727433443e-05,0.001548015745356679,1.9935383534175344e-05,0.0005092227947898209,1.7875821868074127e-05,0.0005253118579275906,6.706080057483632e-06,0.00022420778986997902,756,456
L19N4,G. Corcovado 2,2020-07-12,-43.4972,-73.54722,,Mosaic_20200712_20200725.nc,0,0.00035714448313228786,0.0012562102638185024,0.0004985250998288393,0.002229308243840933,0.001022268901579082,0.00438648508861661,0.0008852285100147128,0.002509955083951354,0.0007534949691034853,0.002165296347811818,0.00027348013827577233,0.0007711310754530132,0.0002786545956041664,0.0007758009014651179,0.0001187534726341255,0.00032112462213262916,757,757
L19N4,G. Corcovado 2,2020-07-13,-43.4972,-73.54722,,Mosaic_20200712_20200725.nc,1,0.00035714448313228786,0.0012562102638185024,0.0004985250998288393,0.002229308243840933,0.001022268901579082,0.00438648508861661,0.0008852285100147128,0.002509955083951354,0.0007534949691034853,0.002165296347811818,0.00027348013827577233,0.0007711310754530132,0.0002786545956041664,0.0007758009014651179,0.0001187534726341255,0.00032112462213262916,757,757
L19N4,G. Corcovado 2,2020-07-15,-43.4972,-73.54722,,Mosaic_20200712_20200725.nc,3,0.00035714448313228786,0.0012562102638185024,0.0004985250998288393,0.002229308243840933,0.001022268901579082,0.00438648508861661,0.0008852285100147128,0.002509955083951354,0.0007534949691034853,0.002165296347811818,0.00027348013827577233,0.0007711310754530132,0.0002786545956041664,0.0007758009014651179,0.0001187534726341255,0.00032112462213262916,757,757
L19N4,G. Corcovado 2,2020-07-16,-43.4972,-73.54722,,Mosaic_20200712_20200725.nc,4,0.00035714448313228786,0.0012562102638185024,0.0004985250998288393,0.002229308243840933,0.001022268901579082,0.00438648508861661,0.0008852285100147128,0.002509955083951354,0.0007534949691034853,0.002165296347811818,0.00027348013827577233,0.0007711310754530132,0.0002786545956041664,0.0007758009014651179,0.0001187534726341255,0.00032112462213262916,757,757
L19N4,G. Corcovado 2,2020-07-28,-43.4972,-73.54722,1.0,Mosaic_20200729_20200811.nc,1,0.0014776664320379496,0.006141209043562412,0.0013577848440036178,0.005878231953829527,0.0006359931430779397,0.002291961805894971,0.00013181299436837435,0.0009939530864357948,7.539660873590037e-05,0.0008587632910348475,2.0498628146015108e-05,0.0003142985515296459,1.8846225430024788e-05,0.00032390846172347665,7.174971415224718e-06,0.000137813258334063,739,739
L19N4,G. Corcovado 2,2020-07-29,-43.4972,-73.54722,,Mosaic_20200729_20200811.nc,0,0.0014776664320379496,0.006141209043562412,0.0013577848440036178,0.005878231953829527,0.0006359931430779397,0.002291961805894971,0.00013181299436837435,0.0009939530864357948,7.539660873590037e-05,0.0008587632910348475,2.0498628146015108e-05,0.0003142985515296459,1.8846225430024788e-05,0.00032390846172347665,7.174971415224718e-06,0.000137813258334063,739,739
L19N4,G. Corcovado 2,2020-07-31,-43.4972,-73.54722,,Mosaic_20200729_20200811.nc,2,0.0014776664320379496,0.006141209043562412,0.0013577848440036178,0.005878231953829527,0.0006359931430779397,0.002291961805894971,0.00013181299436837435,0.0009939530864357948,7.539660873590037e-05,0.0008587632910348475,2.0498628146015108e-05,0.0003142985515296459,1.8846225430024788e-05,0.00032390846172347665,7.174971415224718e-06,0.000137813258334063,739,739
L19N4,G. Corcovado 2,2020-08-18,-43.4972,-73.54722,0.0,Mosaic_20200818_20200831.nc,0,0.0031242724508047104,0.0047964598052203655,0.0030194076243788004,0.0050033810548484325,0.0011698247399181128,0.002439829520881176,0.0001419470354449004,0.00035681790905073285,7.83665818744339e-05,0.00020724759087897837,2.0727744413306937e-05,5.676188084180467e-05,1.8757164070848376e-05,5.2276092901593074e-05,7.08766674506478e-06,2.0481978936004452e-05,757,757
L19N4,G. Corcovado 2,2020-08-19,-43.4972,-73.54722,,Mosaic_20200818_20200831.nc,1,0.0031242724508047104,0.0047964598052203655,0.0030194076243788004,0.0050033810548484325,0.0011698247399181128,0.002439829520881176,0.0001419470354449004,0.00035681790905073285,7.83665818744339e-05,0.00020724759087897837,2.0727744413306937e-05,5.676188084180467e-05,1.8757164070848376e-05,5.2276092901593074e-05,7.08766674506478e-06,2.0481978936004452e-05,757,757
L19N4,G. Corcovado 2,2020-08-20,-43.4972,-73.54722,,Mosaic_20200818_20200831.nc,2,0.0031242724508047104,0.0047964598052203655,0.0030194076243788004,0.0050033810548484325,0.0011698247399181128,0.002439829520881176,0.0001419470354449004,0.00035681790905073285,7.83665818744339e-05,0.00020724759087897837,2.0727744413306937e-05,5.676188084180467e-05,1.8757164070848376e-05,5.2276092901593074e-05,7.08766674506478e-06,2.0481978936004452e-05,757,757
L19N4,G. Corcovado 2,2020-08-21,-43.4972,-73.54722,,Mosaic_20200818_20200831.nc,3,0.0031242724508047104,0.0047964598052203655,0.0030194076243788004,0.0050033810548484325,0.0011698247399181128,0.002439829520881176,0.0001419470354449004,0.00035681790905073285,7.83665818744339e-05,0.00020724759087897837,2.0727744413306937e-05,5.676188084180467e-05,1.8757164070848376e-05,5.2276092901593074e-05,7.08766674506478e-06,2.0481978936004452e-05,757,757
L19N4,G. Corcovado 2,2020-08-23,-43.4972,-73.54722,,Mosaic_20200818_20200831.nc,5,0.0031242724508047104,0.0047964598052203655,0.0030194076243788004,0.0050033810548484325,0.0011698247399181128,0.002439829520881176,0.0001419470354449004,0.00035681790905073285,7.83665818744339e-05,0.00020724759087897837,2.0727744413306937e-05,5.676188084180467e-05,1.8757164070848376e-05,5.2276092901593074e-05,7.08766674506478e-06,2.0481978936004452e-05,757,757
L19N4,G. Corcovado 2,2020-08-24,-43.4972,-73.54722,,Mosaic_20200818_20200831.nc,6,0.0031242724508047104,0.0047964598052203655,0.0030194076243788004,0.0050033810548484325,0.0011698247399181128,0.002439829520881176,0.0001419470354449004,0.00035681790905073285,7.83665818744339e-05,0.00020724759087897837,2.0727744413306937e-05,5.676188084180467e-05,1.8757164070848376e-05,5.2276092901593074e-05,7.08766674506478e-06,2.0481978936004452e-05,757,757
L19N4,G. Corcovado 2,2020-09-05,-43.4972,-73.54722,,Mosaic_20200917_20200930.nc,12,0.0006868871860206127,0.0010418484453111887,0.001020706375129521,0.0014285899233072996,0.0012208780972287059,0.0017788083059713244,0.00028776031103916466,0.0005596193950623274,0.00017120572738349438,0.00035333127016201615,4.584463022183627e-05,9.823180880630389e-05,4.354088378022425e-05,9.482152381679043e-05,1.71049887285335e-05,3.788803951465525e-05,757,757
L19N4,G. Corcovado 2,2020-09-21,-43.4972,-73.54722,1.0,Mosaic_20200917_20200930.nc,4,0.0006868871860206127,0.0010418484453111887,0.001020706375129521,0.0014285899233072996,0.0012208780972287059,0.0017788083059713244,0.00028776031103916466,0.0005596193950623274,0.00017120572738349438,0.00035333127016201615,4.584463022183627e-05,9.823180880630389e-05,4.354088378022425e-05,9.482152381679043e-05,1.71049887285335e-05,3.788803951465525e-05,757,757
L19N4,G. Corcovado 2,2020-09-22,-43.4972,-73.54722,,Mosaic_20200917_20200930.nc,5,0.0006868871860206127,0.0010418484453111887,0.001020706375129521,0.0014285899233072996,0.0012208780972287059,0.0017788083059713244,0.00028776031103916466,0.0005596193950623274,0.00017120572738349438,0.00035333127016201615,4.584463022183627e-05,9.823180880630389e-05,4.354088378022425e-05,9.482152381679043e-05,1.71049887285335e-05,3.788803951465525e-05,757,757
L19N4,G. Corcovado 2,2020-09-23,-43.4972,-73.54722,,Mosaic_20200917_20200930.nc,6,0.0006868871860206127,0.0010418484453111887,0.001020706375129521,0.0014285899233072996,0.0012208780972287059,0.0017788083059713244,0.00028776031103916466,0.0005596193950623274,0.00017120572738349438,0.00035333127016201615,4.584463022183627e-05,9.823180880630389e-05,4.354088378022425e-05,9.482152381679043e-05,1.71049887285335e-05,3.788803951465525e-05,757,757
L19N4,G. Corcovado 2,2020-09-24,-43.4972,-73.54722,,Mosaic_20200917_20200930.nc,7,0.0006868871860206127,0.0010418484453111887,0.001020706375129521,0.0014285899233072996,0.0012208780972287059,0.0017788083059713244,0.00028776031103916466,0.0005596193950623274,0.00017120572738349438,0.00035333127016201615,4.584463022183627e-05,9.823180880630389e-05,4.354088378022425e-05,9.482152381679043e-05,1.71049887285335e-05,3.788803951465525e-05,757,757
L19N4,G. Corcovado 2,2020-09-25,-43.4972,-73.54722,,Mosaic_20200917_20200930.nc,8,0.0006868871860206127,0.0010418484453111887,0.001020706375129521,0.0014285899233072996,0.0012208780972287059,0.0017788083059713244,0.00028776031103916466,0.0005596193950623274,0.00017120572738349438,0.00035333127016201615,4.584463022183627e-05,9.823180880630389e-05,4.354088378022425e-05,9.482152381679043e-05,1.71049887285335e-05,3.788803951465525e-05,757,757
L19N4,G. Corcovado 2,2020-09-26,-43.4972,-73.54722,2.0,Mosaic_20200917_20200930.nc,9,0.0006868871860206127,0.0010418484453111887,0.001020706375129521,0.0014285899233072996,0.0012208780972287059,0.0017788083059713244,0.00028776031103916466,0.0005596193950623274,0.00017120572738349438,0.00035333127016201615,4.584463022183627e-05,9.823180880630389e-05,4.354088378022425e-05,9.482152381679043e-05,1.71049887285335e-05,3.788803951465525e-05,757,757
L19N4,G. Corcovado 2,2020-10-06,-43.4972,-73.54722,,Mosaic_20201010_20201023.nc,4,0.0007609077147208154,0.007766116410493851,0.0009870462818071246,0.0037934144493192434,0.0010012954007834196,0.008100425824522972,0.0005739456973969936,0.005143194925040007,0.0004316347767598927,0.004562615882605314,0.00013516368926502764,0.001609683153219521,0.0001338748261332512,0.0016301099676638842,5.5602060456294566e-05,0.0006821909337304533,757,288
L19N4,G. Corcovado 2,2020-10-08,-43.4972,-73.54722,0.0,Mosaic_20201010_20201023.nc,2,0.0007609077147208154,0.007766116410493851,0.0009870462818071246,0.0037934144493192434,0.0010012954007834196,0.008100425824522972,0.0005739456973969936,0.005143194925040007,0.0004316347767598927,0.004562615882605314,0.00013516368926502764,0.001609683153219521,0.0001338748261332512,0.0016301099676638842,5.5602060456294566e-05,0.0006821909337304533,757,288
L19N4,G. Corcovado 2,2020-10-09,-43.4972,-73.54722,,Mosaic_20201010_20201023.nc,1,0.0007609077147208154,0.007766116410493851,0.0009870462818071246,0.0037934144493192434,0.0010012954007834196,0.008100425824522972,0.0005739456973969936,0.005143194925040007,0.0004316347767598927,0.004562615882605314,0.00013516368926502764,0.001609683153219521,0.0001338748261332512,0.0016301099676638842,5.5602060456294566e-05,0.0006821909337304533,757,288
L19N4,G. Corcovado 2,2020-10-11,-43.4972,-73.54722,,Mosaic_20201010_20201023.nc,1,0.0007609077147208154,0.007766116410493851,0.0009870462818071246,0.0037934144493192434,0.0010012954007834196,0.008100425824522972,0.0005739456973969936,0.005143194925040007,0.0004316347767598927,0.004562615882605314,0.00013516368926502764,0.001609683153219521,0.0001338748261332512,0.0016301099676638842,5.5602060456294566e-05,0.0006821909337304533,757,288
L19N4,G. Corcovado 2,2020-10-20,-43.4972,-73.54722,,Mosaic_20201010_20201023.nc,10,0.0007609077147208154,0.007766116410493851,0.0009870462818071246,0.0037934144493192434,0.0010012954007834196,0.008100425824522972,0.0005739456973969936,0.005143194925040007,0.0004316347767598927,0.004562615882605314,0.00013516368926502764,0.001609683153219521,0.0001338748261332512,0.0016301099676638842,5.5602060456294566e-05,0.0006821909337304533,757,288
L19N4,G. Corcovado 2,2020-10-21,-43.4972,-73.54722,0.0,Mosaic_20201030_20201112.nc,9,0.0003734721685759723,0.0006280643283389509,0.0005452712648548186,0.0009595233714208007,0.0010084961540997028,0.0018878609407693148,0.0005148303462192416,0.0010862997733056545,0.00036629181704483926,0.0008504299912601709,0.00011248875671299174,0.00028632080648094416,0.00011050963075831532,0.000287718721665442,4.512807208811864e-05,0.0001206839588121511,757,757
L19N4,G. Corcovado 2,2020-10-22,-43.4972,-73.54722,,Mosaic_20201030_20201112.nc,8,0.0003734721685759723,0.0006280643283389509,0.0005452712648548186,0.0009595233714208007,0.0010084961540997028,0.0018878609407693148,0.0005148303462192416,0.0010862997733056545,0.00036629181704483926,0.0008504299912601709,0.00011248875671299174,0.00028632080648094416,0.00011050963075831532,0.000287718721665442,4.512807208811864e-05,0.0001206839588121511,757,757
L19N4,G. Corcovado 2,2020-10-23,-43.4972,-73.54722,,Mosaic_20201030_20201112.nc,7,0.0003734721685759723,0.0006280643283389509,0.0005452712648548186,0.0009595233714208007,0.0010084961540997028,0.0018878609407693148,0.0005148303462192416,0.0010862997733056545,0.00036629181704483926,0.0008504299912601709,0.00011248875671299174,0.00028632080648094416,0.00011050963075831532,0.000287718721665442,4.512807208811864e-05,0.0001206839588121511,757,757
L19N4,G. Corcovado 2,2020-11-05,-43.4972,-73.54722,,Mosaic_20201030_20201112.nc,6,0.0003734721685759723,0.0006280643283389509,0.0005452712648548186,0.0009595233714208007,0.0010084961540997028,0.0018878609407693148,0.0005148303462192416,0.0010862997733056545,0.00036629181704483926,0.0008504299912601709,0.00011248875671299174,0.00028632080648094416,0.00011050963075831532,0.000287718721665442,4.512807208811864e-05,0.0001206839588121511,757,757
L19N4,G. Corcovado 2,2020-11-07,-43.4972,-73.54722,2.0,Mosaic_20201030_20201112.nc,8,0.0003734721685759723,0.0006280643283389509,0.0005452712648548186,0.0009595233714208007,0.0010084961540997028,0.0018878609407693148,0.0005148303462192416,0.0010862997733056545,0.00036629181704483926,0.0008504299912601709,0.00011248875671299174,0.00028632080648094416,0.00011050963075831532,0.000287718721665442,4.512807208811864e-05,0.0001206839588121511,757,757
L19N4,G. Corcovado 2,2020-11-08,-43.4972,-73.54722,,Mosaic_20201116_20201129.nc,8,0.0038120965473353863,0.004562180023640394,0.004468925297260284,0.00510645704343915,0.0026333420537412167,0.003052221843972802,0.00043413019739091396,0.0005418029031716287,0.0002580785658210516,0.00032277178252115846,7.16264039510861e-05,8.951484051067382e-05,6.73363683745265e-05,8.39567874209024e-05,2.6752351914183237e-05,3.335459405207075e-05,736,736
L19N4,G. Corcovado 2,2020-11-10,-43.4972,-73.54722,,Mosaic_20201116_20201129.nc,6,0.0038120965473353863,0.004562180023640394,0.004468925297260284,0.00510645704343915,0.0026333420537412167,0.003052221843972802,0.00043413019739091396,0.0005418029031716287,0.0002580785658210516,0.00032277178252115846,7.16264039510861e-05,8.951484051067382e-05,6.73363683745265e-05,8.39567874209024e-05,2.6752351914183237e-05,3.335459405207075e-05,736,736
L19N4,G. Corcovado 2,2020-12-02,-43.4972,-73.54722,0.0,Mosaic_20201206_20201219.nc,4,0.0009765269351191819,0.008313416503369808,0.0012438360136002302,0.004305364564061165,0.0012330003082752228,0.00736141437664628,0.0003565997176337987,0.003490577917546034,0.00021737565111834556,0.002981627592816949,6.32883602520451e-05,0.0010355976410210133,5.945570228504948e-05,0.0010443675564602017,2.3511378458351828e-05,0.00042537323315627873,757,278
L19N4,G. Corcovado 2,2020-12-03,-43.4972,-73.54722,,Mosaic_20201206_20201219.nc,3,0.0009765269351191819,0.008313416503369808,0.0012438360136002302,0.004305364564061165,0.0012330003082752228,0.00736141437664628,0.0003565997176337987,0.003490577917546034,0.00021737565111834556,0.002981627592816949,6.32883602520451e-05,0.0010355976410210133,5.945570228504948e-05,0.0010443675564602017,2.3511378458351828e-05,0.00042537323315627873,757,278
L19N4,G. Corcovado 2,2020-12-04,-43.4972,-73.54722,,Mosaic_20201206_20201219.nc,2,0.0009765269351191819,0.008313416503369808,0.0012438360136002302,0.004305364564061165,0.0012330003082752228,0.00736141437664628,0.0003565997176337987,0.003490577917546034,0.00021737565111834556,0.002981627592816949,6.32883602520451e-05,0.0010355976410210133,5.945570228504948e-05,0.0010443675564602017,2.3511378458351828e-05,0.00042537323315627873,757,278
L19N4,G. Corcovado 2,2020-12-16,-43.4972,-73.54722,,Mosaic_20201206_20201219.nc,10,0.0009765269351191819,0.008313416503369808,0.0012438360136002302,0.004305364564061165,0.0012330003082752228,0.00736141437664628,0.0003565997176337987,0.003490577917546034,0.00021737565111834556,0.002981627592816949,6.32883602520451e-05,0.0010355976410210133,5.945570228504948e-05,0.0010443675564602017,2.3511378458351828e-05,0.00042537323315627873,757,278
L19N4,G. Corcovado 2,2020-12-17,-43.4972,-73.54722,0.0,Mosaic_20201206_20201219.nc,11,0.0009765269351191819,0.008313416503369808,0.0012438360136002302,0.004305364564061165,0.0012330003082752228,0.00736141437664628,0.0003565997176337987,0.003490577917546034,0.00021737565111834556,0.002981627592816949,6.32883602520451e-05,0.0010355976410210133,5.945570228504948e-05,0.0010443675564602017,2.3511378458351828e-05,0.00042537323315627873,757,278
L19N4,G. Corcovado 2,2020-12-18,-43.4972,-73.54722,,Mosaic_20201206_20201219.nc,12,0.0009765269351191819,0.008313416503369808,0.0012438360136002302,0.004305364564061165,0.0012330003082752228,0.00736141437664628,0.0003565997176337987,0.003490577917546034,0.00021737565111834556,0.002981627592816949,6.32883602520451e-05,0.0010355976410210133,5.945570228504948e-05,0.0010443675564602017,2.3511378458351828e-05,0.00042537323315627873,757,278
L19N4,G. Corcovado 2,2022-01-19,-43.4972,-73.54722,0.0,Mosaic_20220130_20220212.nc,11,,,,,,,,,,,,,,,,,757,0
L19N4,G. Corcovado 2,2022-02-01,-43.4972,-73.54722,0.0,Mosaic_20220130_20220212.nc,2,,,,,,,,,,,,,,,,,757,0
L20,Isla Laitec,2015-11-11,-43.26389,-73.57667,0.0,Mosaic_20151123_20151206.nc,12,0.002586107235401869,0.0030660342890769243,0.0028156850021332502,0.0037879282608628273,0.001359860529191792,0.002384406514465809,0.00018732865282800049,0.0004099290235899389,0.00010662547720130533,0.00024405185831710696,2.8465588911785744e-05,6.741415563737974e-05,2.6363182769273408e-05,6.42749946564436e-05,1.0173568625759799e-05,2.5690149414003827e-05,734,385
L20,Isla Laitec,2015-11-26,-43.26389,-73.57667,1.0,Mosaic_20151123_20151206.nc,3,0.002586107235401869,0.0030660342890769243,0.0028156850021332502,0.0037879282608628273,0.001359860529191792,0.002384406514465809,0.00018732865282800049,0.0004099290235899389,0.00010662547720130533,0.00024405185831710696,2.8465588911785744e-05,6.741415563737974e-05,2.6363182769273408e-05,6.42749946564436e-05,1.0173568625759799e-05,2.5690149414003827e-05,734,385
L20,Isla Laitec,2015-12-02,-43.26389,-73.57667,3.0,Mosaic_20151123_20151206.nc,9,0.002586107235401869,0.0030660342890769243,0.0028156850021332502,0.0037879282608628273,0.001359860529191792,0.002384406514465809,0.00018732865282800049,0.0004099290235899389,0.00010662547720130533,0.00024405185831710696,2.8465588911785744e-05,6.741415563737974e-05,2.6363182769273408e-05,6.42749946564436e-05,1.0173568625759799e-05,2.5690149414003827e-05,734,385
L20,Isla Laitec,2015-12-20,-43.26389,-73.57667,0.0,Mosaic_20151223_20160105.nc,3,0.0005839504883624613,0.004510628990828991,0.0009068609797395766,0.0029481342062354088,0.0017592213116586208,0.0029941031243652105,0.0007327688508667052,0.0009851304348558187,0.0005114965606480837,0.0007708367775194347,0.00015303288819268346,0.0002556392864789814,0.00014981706044636667,0.0002557129191700369,6.097931327531114e-05,0.00010616855433909222,755,386
L20,Isla Laitec,2016-01-25,-43.26389,-73.57667,5.0,Mosaic_20160204_20160217.nc,10,0.000651489244773984,0.0034788954071700573,0.0010495237074792385,0.0030445221345871687,0.0019112847512587905,0.003031706903129816,0.0006896926206536591,0.0010629622265696526,0.0004588497686199844,0.0007584336563013494,0.00013177047367207706,0.00022990287106949836,0.0001283366436837241,0.00022696537780575454,5.1991788495797664e-05,9.29420639295131e-05,755,387
L20,Isla Laitec,2016-02-06,-43.26389,-73.57667,5.0,Mosaic_20160204_20160217.nc,2,0.000651489244773984,0.0034788954071700573,0.0010495237074792385,0.0030445221345871687,0.0019112847512587905,0.003031706903129816,0.0006896926206536591,0.0010629622265696526,0.0004588497686199844,0.0007584336563013494,0.00013177047367207706,0.00022990287106949836,0.0001283366436837241,0.00022696537780575454,5.1991788495797664e-05,9.29420639295131e-05,755,387
L20,Isla Laitec,2016-02-13,-43.26389,-73.57667,6.0,Mosaic_20160204_20160217.nc,9,0.000651489244773984,0.0034788954071700573,0.0010495237074792385,0.0030445221345871687,0.0019112847512587905,0.003031706903129816,0.0006896926206536591,0.0010629622265696526,0.0004588497686199844,0.0007584336563013494,0.00013177047367207706,0.00022990287106949836,0.0001283366436837241,0.00022696537780575454,5.1991788495797664e-05,9.29420639295131e-05,755,387
L20,Isla Laitec,2016-02-22,-43.26389,-73.57667,6.0,Mosaic_20160305_20160318.nc,12,0.000552143610548228,0.002265486866235733,0.0008930102922022343,0.0014860553201287985,0.002043885411694646,0.0026735723949968815,0.0009427133481949568,0.0013442104682326317,0.0006864204187877476,0.0010601415997371078,0.00021197405294515193,0.000357604498276487,0.00021002757421229035,0.00035887747071683407,8.659204468131065e-05,0.00014905462739989161,755,387
L20,Isla Laitec,2016-03-09,-43.26389,-73.57667,6.0,Mosaic_20160305_20160318.nc,4,0.000552143610548228,0.002265486866235733,0.0008930102922022343,0.0014860553201287985,0.002043885411694646,0.0026735723949968815,0.0009427133481949568,0.0013442104682326317,0.0006864204187877476,0.0010601415997371078,0.00021197405294515193,0.000357604498276487,0.00021002757421229035,0.00035887747071683407,8.659204468131065e-05,0.00014905462739989161,755,387
L20,Isla Laitec,2016-03-16,-43.26389,-73.57667,4.0,Mosaic_20160305_20160318.nc,11,0.000552143610548228,0.002265486866235733,0.0008930102922022343,0.0014860553201287985,0.002043885411694646,0.0026735723949968815,0.0009427133481949568,0.0013442104682326317,0.0006864204187877476,0.0010601415997371078,0.00021197405294515193,0.000357604498276487,0.00021002757421229035,0.00035887747071683407,8.659204468131065e-05,0.00014905462739989161,755,387
L20,Isla Laitec,2016-04-01,-43.26389,-73.57667,3.0,Mosaic_20160404_20160417.nc,3,,,,,,,,,,,,,,,,,734,0
L20,Isla Laitec,2016-04-08,-43.26389,-73.57667,3.0,Mosaic_20160404_20160417.nc,4,,,,,,,,,,,,,,,,,734,0
L20,Isla Laitec,2016-06-04,-43.26389,-73.57667,0.0,Mosaic_20160613_20160626.nc,9,0.0026979080867022276,0.003854011883959174,0.0038327781949192286,0.005312101449817419,0.003079822985455394,0.004406627267599106,0.0004905097302980721,0.0008797644404694438,0.0002914782671723515,0.0005295549053698778,7.963102689245716e-05,0.0001403490750817582,7.651696068933234e-05,0.00013350222434382886,3.059599839616567e-05,5.261869591777213e-05,734,385
L20,Isla Laitec,2016-06-16,-43.26389,-73.57667,1.0,Mosaic_20160613_20160626.nc,3,0.0026979080867022276,0.003854011883959174,0.0038327781949192286,0.005312101449817419,0.003079822985455394,0.004406627267599106,0.0004905097302980721,0.0008797644404694438,0.0002914782671723515,0.0005295549053698778,7.963102689245716e-05,0.0001403490750817582,7.651696068933234e-05,0.00013350222434382886,3.059599839616567e-05,5.261869591777213e-05,734,385
L20,Isla Laitec,2016-06-21,-43.26389,-73.57667,0.0,Mosaic_20160613_20160626.nc,8,0.0026979080867022276,0.003854011883959174,0.0038327781949192286,0.005312101449817419,0.003079822985455394,0.004406627267599106,0.0004905097302980721,0.0008797644404694438,0.0002914782671723515,0.0005295549053698778,7.963102689245716e-05,0.0001403490750817582,7.651696068933234e-05,0.00013350222434382886,3.059599839616567e-05,5.261869591777213e-05,734,385
L20,Isla Laitec,2016-07-05,-43.26389,-73.57667,1.0,Mosaic_20160703_20160716.nc,2,0.0015505553456023335,0.002753756009042263,0.002072927076369524,0.0037258299998939037,0.00140275654848665,0.0029024670366197824,0.0002168668434023857,0.0005080425762571394,0.00012601201888173819,0.0002989587374031544,3.4129836421925575e-05,7.969644502736628e-05,3.2527132134418935e-05,7.525576074840501e-05,1.278707441088045e-05,2.9650052965735085e-05,734,385
L20,Isla Laitec,2016-07-19,-43.26389,-73.57667,0.0,Mosaic_20160723_20160805.nc,4,0.0018989896634593606,0.002739349380135536,0.0027959716971963644,0.004016870632767677,0.0025543714873492718,0.0034559511113911867,0.0004416752199176699,0.000868872506543994,0.00026150920893996954,0.000618180725723505,7.02673860359937e-05,0.0001884085068013519,6.713432230753824e-05,0.0001860515185398981,2.664909334271215e-05,7.600495882797986e-05,734,385
L20,Isla Laitec,2016-08-20,-43.26389,-73.57667,3.0,Mosaic_20160819_20160901.nc,1,0.0028851351235061884,0.004250789061188698,0.003959140740334988,0.0054620704613626,0.0030827242881059647,0.0043600271455943584,0.0005220191669650376,0.0008022368419915438,0.00031223069527186453,0.0004856620216742158,8.532840001862496e-05,0.00013319884601514786,8.140723366523162e-05,0.00012709034490399063,3.247892891522497e-05,5.0650585762923583e-05,732,379
L20,Isla Laitec,2016-09-03,-43.26389,-73.57667,3.0,Mosaic_20160908_20160921.nc,5,,,,,,,,,,,,,,,,,755,0
L20,Isla Laitec,2016-10-07,-43.26389,-73.57667,2.0,Mosaic_20160928_20161011.nc,9,0.0038164458237588406,0.004498636815696955,0.004835299216210842,0.006084480322897434,0.0027737985365092754,0.004172333516180515,0.00037628557765856385,0.0006386266322806478,0.000223853305215016,0.0003825881576631218,6.233785097720101e-05,0.00010578686487860978,5.945809243712574e-05,0.00010112705058418214,2.379671968810726e-05,4.0495418943464756e-05,755,386
L20,Isla Laitec,2016-10-21,-43.26389,-73.57667,2.0,Mosaic_20161018_20161031.nc,3,0.0043230243027210236,0.005202021449804306,0.005628337152302265,0.0072545697912573814,0.0035966536961495876,0.005264298990368843,0.0005128481425344944,0.0008870898745954037,0.00030663434881716967,0.0005422916729003191,8.555498789064586e-05,0.0001501498045399785,8.172328671207651e-05,0.00014381029177457094,3.284050399088301e-05,5.745025919168256e-05,732,379
L20,Isla Laitec,2016-11-10,-43.26389,-73.57667,5.0,Mosaic_20161107_20161120.nc,3,0.00433016661554575,0.006310046650469303,0.0056562102399766445,0.0079319654032588,0.0031958548352122307,0.005220899358391762,0.0003861712757498026,0.0006594947190023959,0.0002290841657668352,0.00039806560380384326,6.386128370650113e-05,0.00010806823411257938,6.10630595474504e-05,0.00010448382090544328,2.4551694878027774e-05,4.1999017412308604e-05,755,386
L20,Isla Laitec,2016-11-18,-43.26389,-73.57667,4.0,Mosaic_20161107_20161120.nc,11,0.00433016661554575,0.006310046650469303,0.0056562102399766445,0.0079319654032588,0.0031958548352122307,0.005220899358391762,0.0003861712757498026,0.0006594947190023959,0.0002290841657668352,0.00039806560380384326,6.386128370650113e-05,0.00010806823411257938,6.10630595474504e-05,0.00010448382090544328,2.4551694878027774e-05,4.1999017412308604e-05,755,386
L20,Isla Laitec,2016-11-26,-43.26389,-73.57667,3.0,Mosaic_20161130_20161213.nc,4,0.0005314240697771311,0.009333668276667595,0.0007814986165612936,0.0039448863826692104,0.0010536881163716316,0.004400786478072405,0.00045577145647257566,0.0011576483957469463,0.00030842708656564355,0.0008531923522241414,8.737867756281048e-05,0.0002592817763797939,8.576524851378053e-05,0.00025843767798505723,3.427859701332636e-05,0.00010503007797524333,734,140
L20,Isla Laitec,2016-12-07,-43.26389,-73.57667,4.0,Mosaic_20161130_20161213.nc,7,0.0005314240697771311,0.009333668276667595,0.0007814986165612936,0.0039448863826692104,0.0010536881163716316,0.004400786478072405,0.00045577145647257566,0.0011576483957469463,0.00030842708656564355,0.0008531923522241414,8.737867756281048e-05,0.0002592817763797939,8.576524851378053e-05,0.00025843767798505723,3.427859701332636e-05,0.00010503007797524333,734,140
L20,Isla Laitec,2016-12-14,-43.26389,-73.57667,4.0,Mosaic_20161217_20161230.nc,3,0.005856717471033335,0.010099798440933228,0.004974534269422293,0.009103680960834026,0.0022991064470261335,0.008140882477164268,0.0003088935627602041,0.0013342457823455334,0.00018507763161323965,0.0008747597457841039,5.1444982091197744e-05,0.00024009172921068966,4.829097451874986e-05,0.00023385995882563293,1.911910658236593e-05,9.33515839278698e-05,734,39
L20,Isla Laitec,2017-01-16,-43.26389,-73.57667,2.0,Mosaic_20170126_20170208.nc,10,0.0035142216365784407,0.013532275334000587,0.004490224178880453,0.011718427762389183,0.002513082465156913,0.008573625236749649,0.00036961224395781755,0.0010993484174832702,0.00021950228256173432,0.000636913173366338,6.123960338300094e-05,0.00016676697123330086,5.823651736136526e-05,0.00015960999007802457,2.329124981770292e-05,6.317995575955138e-05,734,385
L20,Isla Laitec,2017-01-25,-43.26389,-73.57667,2.0,Mosaic_20170126_20170208.nc,1,0.0035142216365784407,0.013532275334000587,0.004490224178880453,0.011718427762389183,0.002513082465156913,0.008573625236749649,0.00036961224395781755,0.0010993484174832702,0.00021950228256173432,0.000636913173366338,6.123960338300094e-05,0.00016676697123330086,5.823651736136526e-05,0.00015960999007802457,2.329124981770292e-05,6.317995575955138e-05,734,385
L20,Isla Laitec,2017-02-06,-43.26389,-73.57667,2.0,Mosaic_20170215_20170228.nc,9,,,,,,,,,,,,,,,,,734,0
L20,Isla Laitec,2017-02-15,-43.26389,-73.57667,0.0,Mosaic_20170215_20170228.nc,0,,,,,,,,,,,,,,,,,734,0
L20,Isla Laitec,2017-02-25,-43.26389,-73.57667,0.0,Mosaic_20170215_20170228.nc,10,,,,,,,,,,,,,,,,,734,0
L20,Isla Laitec,2017-03-06,-43.26389,-73.57667,0.0,Mosaic_20170317_20170330.nc,11,0.004380644764751196,0.009059254080057144,0.00564472796395421,0.006812150124460459,0.0038330552633851767,0.005155106540769339,0.0006338070961646736,0.0010707983747124672,0.00038182191201485693,0.0006550708785653114,0.000106000283267349,0.00017870056035462767,0.00010122103412868455,0.00017023297550622374,4.0528895624447614e-05,6.822988507337868e-05,734,385
L20,Isla Laitec,2017-03-14,-43.26389,-73.57667,0.0,Mosaic_20170317_20170330.nc,3,0.004380644764751196,0.009059254080057144,0.00564472796395421,0.006812150124460459,0.0038330552633851767,0.005155106540769339,0.0006338070961646736,0.0010707983747124672,0.00038182191201485693,0.0006550708785653114,0.000106000283267349,0.00017870056035462767,0.00010122103412868455,0.00017023297550622374,4.0528895624447614e-05,6.822988507337868e-05,734,385
L20,Isla Laitec,2017-03-20,-43.26389,-73.57667,0.0,Mosaic_20170317_20170330.nc,3,0.004380644764751196,0.009059254080057144,0.00564472796395421,0.006812150124460459,0.0038330552633851767,0.005155106540769339,0.0006338070961646736,0.0010707983747124672,0.00038182191201485693,0.0006550708785653114,0.000106000283267349,0.00017870056035462767,0.00010122103412868455,0.00017023297550622374,4.0528895624447614e-05,6.822988507337868e-05,734,385
L20,Isla Laitec,2017-04-03,-43.26389,-73.57667,0.0,Mosaic_20170409_20170422.nc,6,0.0028461881447583437,0.0037873934488743544,0.003788722911849618,0.005236293654888868,0.0027249197009950876,0.004066816531121731,0.0004359465092420578,0.0007264238665811718,0.0002588266506791115,0.00043676700443029404,7.130479934858158e-05,0.0001191023038700223,6.79286677041091e-05,0.00011347206600476056,2.713536741794087e-05,4.514023021329194e-05,734,385
L20,Isla Laitec,2017-04-12,-43.26389,-73.57667,0.0,Mosaic_20170409_20170422.nc,3,0.0028461881447583437,0.0037873934488743544,0.003788722911849618,0.005236293654888868,0.0027249197009950876,0.004066816531121731,0.0004359465092420578,0.0007264238665811718,0.0002588266506791115,0.00043676700443029404,7.130479934858158e-05,0.0001191023038700223,6.79286677041091e-05,0.00011347206600476056,2.713536741794087e-05,4.514023021329194e-05,734,385
L20,Isla Laitec,2017-04-21,-43.26389,-73.57667,1.0,Mosaic_20170409_20170422.nc,12,0.0028461881447583437,0.0037873934488743544,0.003788722911849618,0.005236293654888868,0.0027249197009950876,0.004066816531121731,0.0004359465092420578,0.0007264238665811718,0.0002588266506791115,0.00043676700443029404,7.130479934858158e-05,0.0001191023038700223,6.79286677041091e-05,0.00011347206600476056,2.713536741794087e-05,4.514023021329194e-05,734,385
L20,Isla Laitec,2017-05-08,-43.26389,-73.57667,0.0,Mosaic_20170509_20170522.nc,1,0.0010208357125520706,0.0014057907974347472,0.0016338092973455787,0.002239977242425084,0.002164575271308422,0.002901738975197077,0.0004832704144064337,0.0007955073961056769,0.00029137340607121587,0.000496618275064975,7.701021968387067e-05,0.00013162579853087664,7.372680556727573e-05,0.00012639221677090973,2.9113090931787156e-05,4.9982903874479234e-05,755,386
L20,Isla Laitec,2017-05-23,-43.26389,-73.57667,0.0,Mosaic_20170526_20170608.nc,3,0.0024553099647164345,0.004796730820089579,0.0037912032566964626,0.006516090594232082,0.0032392051070928574,0.006884066853672266,0.000573632656596601,0.0015530321979895234,0.0003539369208738208,0.0009488032665103674,9.776327351573855e-05,0.00024886001483537257,9.513119584880769e-05,0.00023581569257657975,3.816010939772241e-05,9.207437688019127e-05,755,386
L20,Isla Laitec,2017-05-30,-43.26389,-73.57667,0.0,Mosaic_20170526_20170608.nc,4,0.0024553099647164345,0.004796730820089579,0.0037912032566964626,0.006516090594232082,0.0032392051070928574,0.006884066853672266,0.000573632656596601,0.0015530321979895234,0.0003539369208738208,0.0009488032665103674,9.776327351573855e-05,0.00024886001483537257,9.513119584880769e-05,0.00023581569257657975,3.816010939772241e-05,9.207437688019127e-05,755,386
L20,Isla Laitec,2017-07-04,-43.26389,-73.57667,1.0,Mosaic_20170710_20170723.nc,6,0.003251598682254553,0.003991419915109873,0.004335047677159309,0.005345522426068783,0.0030291969887912273,0.004571072291582823,0.0004904322559013963,0.000871269847266376,0.00029193097725510597,0.0005234355921857059,8.008770237211138e-05,0.00014078689855523407,7.634043868165463e-05,0.00013367770588956773,3.045353150810115e-05,5.2881601732224226e-05,755,384
L20,Isla Laitec,2017-07-31,-43.26389,-73.57667,2.0,Mosaic_20170725_20170807.nc,6,0.003476963611319661,0.004436626564711332,0.004616034682840109,0.005815516691654921,0.00352202239446342,0.004741143435239792,0.0006192675791680813,0.0009454209939576685,0.0003733771445695311,0.0005751363351009786,0.00010231162013951689,0.00015626904496457428,9.739828237798065e-05,0.00014881024253554642,3.883605677401647e-05,5.903021519770846e-05,734,385
L20,Isla Laitec,2017-08-26,-43.26389,-73.57667,3.0,Mosaic_20170829_20170911.nc,3,0.00420590303838253,0.006697810720652342,0.00463299173861742,0.007200486492365599,0.002207293640822172,0.004124634433537722,0.0002877578081097454,0.0005413071485236287,0.0001719917927403003,0.000324787077261135,4.795214772457257e-05,9.122374467551708e-05,4.5996894186828285e-05,8.658115984871984e-05,1.846847590059042e-05,3.496401768643409e-05,755,386
L20,Isla Laitec,2017-09-25,-43.26389,-73.57667,2.0,Mosaic_20171001_20171014.nc,6,0.0019482679199427366,0.00324317067861557,0.002909500850364566,0.0048955404199659824,0.0028021945618093014,0.004686896223574877,0.00048760900972411036,0.0022171956952661276,0.00028887271764688194,0.0017709973035380244,7.778939470881596e-05,0.0005781917716376483,7.438371540047228e-05,0.0005788238486275077,2.9572272978839464e-05,0.0002354151220060885,755,387
L20,Isla Laitec,2017-10-10,-43.26389,-73.57667,0.0,Mosaic_20171018_20171031.nc,8,0.0008848955621942878,0.0017310800030827522,0.0014260978205129504,0.0030665837693959475,0.002083787927404046,0.005595765076577663,0.0006208872655406594,0.0015006284229457378,0.0004009049735032022,0.0009915364207699895,0.00010941044456558302,0.00028087120153941214,0.00010622954869177192,0.0002783814270514995,4.362631807452999e-05,0.00011235332203796133,755,108
L20,Isla Laitec,2017-10-24,-43.26389,-73.57667,0.0,Mosaic_20171018_20171031.nc,6,0.0008848955621942878,0.0017310800030827522,0.0014260978205129504,0.0030665837693959475,0.002083787927404046,0.005595765076577663,0.0006208872655406594,0.0015006284229457378,0.0004009049735032022,0.0009915364207699895,0.00010941044456558302,0.00028087120153941214,0.00010622954869177192,0.0002783814270514995,4.362631807452999e-05,0.00011235332203796133,755,108
L20,Isla Laitec,2017-11-06,-43.26389,-73.57667,1.0,Mosaic_20171102_20171115.nc,4,0.00209909793920815,0.0032213896047323942,0.0032935701310634613,0.0052044577896595,0.00314750405959785,0.005298955831676722,0.0005076767411082983,0.0008328434196300805,0.00030111148953437805,0.0004973323666490614,8.142006845446303e-05,0.00013383544865064323,7.836223812773824e-05,0.00012903039169032127,3.143387220916338e-05,5.172755481908098e-05,732,379
L20,Isla Laitec,2017-11-28,-43.26389,-73.57667,0.0,Mosaic_20171205_20171218.nc,7,0.0010743530001491308,0.0025107667315751314,0.0017759519396349788,0.003919306676834822,0.002572306664660573,0.004988216795027256,0.0005730610573664308,0.0009696476627141237,0.0003572415735106915,0.0006377000245265663,9.735674393596128e-05,0.0001786300854291767,9.364714060211554e-05,0.00017374378512613475,3.7549998523900285e-05,6.990354449953884e-05,734,385
L20,Isla Laitec,2017-12-05,-43.26389,-73.57667,0.0,Mosaic_20171205_20171218.nc,0,0.0010743530001491308,0.0025107667315751314,0.0017759519396349788,0.003919306676834822,0.002572306664660573,0.004988216795027256,0.0005730610573664308,0.0009696476627141237,0.0003572415735106915,0.0006377000245265663,9.735674393596128e-05,0.0001786300854291767,9.364714060211554e-05,0.00017374378512613475,3.7549998523900285e-05,6.990354449953884e-05,734,385
L20,Isla Laitec,2017-12-15,-43.26389,-73.57667,1.0,Mosaic_20171220_20180102.nc,5,,,,,,,,,,,,,,,,,732,0
L20,Isla Laitec,2018-01-09,-43.26389,-73.57667,0.0,Mosaic_20180109_20180122.nc,0,0.0010804699268192053,0.0022385132033377886,0.0017713864799588919,0.003572876565158367,0.002649018308147788,0.003919672220945358,0.0006397661054506898,0.0008221403695642948,0.00039922018186189234,0.000524833973031491,0.00010898758046096191,0.00014788944099564105,0.00010492280853213742,0.0001432301796739921,4.201065166853368e-05,5.766385584138334e-05,755,387
L20,Isla Laitec,2018-01-23,-43.26389,-73.57667,2.0,Mosaic_20180124_20180206.nc,1,0.0007943662349134684,0.0024091284722089767,0.0013372031971812248,0.0030633460264652967,0.002378059085458517,0.003671123879030347,0.0006693509058095515,0.0011051840847358108,0.00042763040983118117,0.0008211375679820776,0.00011999524576822296,0.00025850252131931484,0.00011673530389089137,0.00025686074513942003,4.705542960437015e-05,0.00010551788727752864,755,387
L20,Isla Laitec,2018-02-02,-43.26389,-73.57667,8.0,Mosaic_20180210_20180223.nc,8,0.0006802084972150624,0.001138632302172482,0.001151632983237505,0.002025160240009427,0.0024630147963762283,0.002990434179082513,0.0009366191225126386,0.0011841370724141598,0.0006499260198324919,0.0008680922910571098,0.00019041565246880054,0.00026683072792366147,0.00018731658929027617,0.00026507515576668084,7.640563126187772e-05,0.00010860782640520483,755,386
L20,Isla Laitec,2018-02-07,-43.26389,-73.57667,9.0,Mosaic_20180210_20180223.nc,3,0.0006802084972150624,0.001138632302172482,0.001151632983237505,0.002025160240009427,0.0024630147963762283,0.002990434179082513,0.0009366191225126386,0.0011841370724141598,0.0006499260198324919,0.0008680922910571098,0.00019041565246880054,0.00026683072792366147,0.00018731658929027617,0.00026507515576668084,7.640563126187772e-05,0.00010860782640520483,755,386
L20,Isla Laitec,2018-02-14,-43.26389,-73.57667,2.0,Mosaic_20180210_20180223.nc,4,0.0006802084972150624,0.001138632302172482,0.001151632983237505,0.002025160240009427,0.0024630147963762283,0.002990434179082513,0.0009366191225126386,0.0011841370724141598,0.0006499260198324919,0.0008680922910571098,0.00019041565246880054,0.00026683072792366147,0.00018731658929027617,0.00026507515576668084,7.640563126187772e-05,0.00010860782640520483,755,386
L20,Isla Laitec,2018-03-01,-43.26389,-73.57667,0.0,Mosaic_20180302_20180315.nc,1,,,,,,,,,,,,,,,,,734,0
L20,Isla Laitec,2018-03-07,-43.26389,-73.57667,2.0,Mosaic_20180302_20180315.nc,5,,,,,,,,,,,,,,,,,734,0
L20,Isla Laitec,2018-03-14,-43.26389,-73.57667,3.0,Mosaic_20180317_20180330.nc,3,0.0008884139824658632,0.00390701275318861,0.0015740820672363043,0.0023341516498476267,0.002878164406865835,0.0036295047029852867,0.000713679357431829,0.0010914738522842526,0.00044637470273301005,0.0007328566280193627,0.00011904402344953269,0.00020279442833270878,0.00011519723921082914,0.00019808746583294123,4.598760642693378e-05,7.906919927336276e-05,755,386
L20,Isla Laitec,2018-03-18,-43.26389,-73.57667,2.0,Mosaic_20180317_20180330.nc,1,0.0008884139824658632,0.00390701275318861,0.0015740820672363043,0.0023341516498476267,0.002878164406865835,0.0036295047029852867,0.000713679357431829,0.0010914738522842526,0.00044637470273301005,0.0007328566280193627,0.00011904402344953269,0.00020279442833270878,0.00011519723921082914,0.00019808746583294123,4.598760642693378e-05,7.906919927336276e-05,755,386
L20,Isla Laitec,2018-03-24,-43.26389,-73.57667,2.0,Mosaic_20180317_20180330.nc,7,0.0008884139824658632,0.00390701275318861,0.0015740820672363043,0.0023341516498476267,0.002878164406865835,0.0036295047029852867,0.000713679357431829,0.0010914738522842526,0.00044637470273301005,0.0007328566280193627,0.00011904402344953269,0.00020279442833270878,0.00011519723921082914,0.00019808746583294123,4.598760642693378e-05,7.906919927336276e-05,755,386
L20,Isla Laitec,2018-04-04,-43.26389,-73.57667,2.0,Mosaic_20180401_20180414.nc,3,0.0048874495550990105,0.008440406061708927,0.006389322225004435,0.007554522715508938,0.004772552754729986,0.006677496246993542,0.0008880532113835216,0.0013166459975764155,0.0005397267523221672,0.0008031780598685145,0.00014941218250896782,0.0002174359542550519,0.00014292108244262636,0.00020718073938041925,5.7094937801593915e-05,8.191742381313816e-05,734,385
L20,Isla Laitec,2018-04-14,-43.26389,-73.57667,0.0,Mosaic_20180424_20180507.nc,10,0.0017185190226882696,0.002501923590898514,0.002592155709862709,0.0036993289832025766,0.0026093146298080683,0.0038424476515501738,0.0004731274675577879,0.0007732103695161641,0.00028111616848036647,0.0004666823078878224,7.49969040043652e-05,0.00012386025628075004,7.14509587851353e-05,0.0001182053965749219,2.8292464776313864e-05,4.674371666624211e-05,732,379
L20,Isla Laitec,2018-04-30,-43.26389,-73.57667,,Mosaic_20180424_20180507.nc,6,0.0017185190226882696,0.002501923590898514,0.002592155709862709,0.0036993289832025766,0.0026093146298080683,0.0038424476515501738,0.0004731274675577879,0.0007732103695161641,0.00028111616848036647,0.0004666823078878224,7.49969040043652e-05,0.00012386025628075004,7.14509587851353e-05,0.0001182053965749219,2.8292464776313864e-05,4.674371666624211e-05,732,379
L20,Isla Laitec,2018-05-09,-43.26389,-73.57667,0.0,Mosaic_20180511_20180524.nc,2,0.0042410497553646564,0.006214264780282974,0.005126501899212599,0.007230154704302549,0.0028559828642755747,0.004084696527570486,0.0004286266921553761,0.0006739842938259244,0.0002573721867520362,0.00040749693289399147,7.14270572643727e-05,0.00011332560825394467,6.815131200710312e-05,0.00010805225610965863,2.7221352866035886e-05,4.3213425669819117e-05,732,379
L20,Isla Laitec,2018-05-14,-43.26389,-73.57667,2.0,Mosaic_20180511_20180524.nc,3,0.0042410497553646564,0.006214264780282974,0.005126501899212599,0.007230154704302549,0.0028559828642755747,0.004084696527570486,0.0004286266921553761,0.0006739842938259244,0.0002573721867520362,0.00040749693289399147,7.14270572643727e-05,0.00011332560825394467,6.815131200710312e-05,0.00010805225610965863,2.7221352866035886e-05,4.3213425669819117e-05,732,379
L20,Isla Laitec,2018-05-20,-43.26389,-73.57667,0.0,Mosaic_20180526_20180608.nc,6,0.002800076035782695,0.004099082201719284,0.003635375527665019,0.005213706288486719,0.0021142668556421995,0.0035111031029373407,0.0003108536184299737,0.0005709882243536413,0.00018527610518503934,0.0003398871631361544,5.1392282330198213e-05,9.321441757492721e-05,4.961853846907616e-05,8.810342842480168e-05,1.9919372789445333e-05,3.530859248712659e-05,734,385
L20,Isla Laitec,2018-06-04,-43.26389,-73.57667,2.0,Mosaic_20180526_20180608.nc,9,0.002800076035782695,0.004099082201719284,0.003635375527665019,0.005213706288486719,0.0021142668556421995,0.0035111031029373407,0.0003108536184299737,0.0005709882243536413,0.00018527610518503934,0.0003398871631361544,5.1392282330198213e-05,9.321441757492721e-05,4.961853846907616e-05,8.810342842480168e-05,1.9919372789445333e-05,3.530859248712659e-05,734,385
L20,Isla Laitec,2018-06-15,-43.26389,-73.57667,0.0,Mosaic_20180613_20180626.nc,2,0.004148291423916817,0.005528856534510851,0.005224751774221659,0.006414031609892845,0.003257742850109935,0.004543970339000225,0.0005048912134952843,0.0008668292430229485,0.00030274776509031653,0.000524028786458075,8.366644033230841e-05,0.00014352772268466651,7.994160114321858e-05,0.00013655595830641687,3.200028731953353e-05,5.430641249404289e-05,755,386
L20,Isla Laitec,2018-07-03,-43.26389,-73.57667,0.0,Mosaic_20180703_20180716.nc,0,0.0013411379186436534,0.004601216409355402,0.002078763674944639,0.0053009451366961,0.0022802543826401234,0.008874006569385529,0.00044019753113389015,0.006223808042705059,0.0002612705575302243,0.005493667908012867,6.952463445486501e-05,0.0019174187909811735,6.63985701976344e-05,0.0019275122322142124,2.6286053980584256e-05,0.000754494802094996,755,387
L20,Isla Laitec,2018-07-13,-43.26389,-73.57667,0.0,Mosaic_20180718_20180731.nc,5,0.0014749839901924133,0.002457627560943365,0.0022156883496791124,0.0037542134523391724,0.002051445422694087,0.003742001485079527,0.0003555942967068404,0.0017123061697930098,0.00021030458447057754,0.0014628004282712936,5.667989171342924e-05,0.0005222631734795868,5.435095226857811e-05,0.000526024610735476,2.1576643121079542e-05,0.00021905220637563616,755,387
L20,Isla Laitec,2018-07-17,-43.26389,-73.57667,1.0,Mosaic_20180718_20180731.nc,1,0.0014749839901924133,0.002457627560943365,0.0022156883496791124,0.0037542134523391724,0.002051445422694087,0.003742001485079527,0.0003555942967068404,0.0017123061697930098,0.00021030458447057754,0.0014628004282712936,5.667989171342924e-05,0.0005222631734795868,5.435095226857811e-05,0.000526024610735476,2.1576643121079542e-05,0.00021905220637563616,755,387
L20,Isla Laitec,2018-07-23,-43.26389,-73.57667,,Mosaic_20180718_20180731.nc,5,0.0014749839901924133,0.002457627560943365,0.0022156883496791124,0.0037542134523391724,0.002051445422694087,0.003742001485079527,0.0003555942967068404,0.0017123061697930098,0.00021030458447057754,0.0014628004282712936,5.667989171342924e-05,0.0005222631734795868,5.435095226857811e-05,0.000526024610735476,2.1576643121079542e-05,0.00021905220637563616,755,387
L20,Isla Laitec,2018-07-24,-43.26389,-73.57667,,Mosaic_20180718_20180731.nc,6,0.0014749839901924133,0.002457627560943365,0.0022156883496791124,0.0037542134523391724,0.002051445422694087,0.003742001485079527,0.0003555942967068404,0.0017123061697930098,0.00021030458447057754,0.0014628004282712936,5.667989171342924e-05,0.0005222631734795868,5.435095226857811e-05,0.000526024610735476,2.1576643121079542e-05,0.00021905220637563616,755,387
L20,Isla Laitec,2018-07-26,-43.26389,-73.57667,,Mosaic_20180718_20180731.nc,8,0.0014749839901924133,0.002457627560943365,0.0022156883496791124,0.0037542134523391724,0.002051445422694087,0.003742001485079527,0.0003555942967068404,0.0017123061697930098,0.00021030458447057754,0.0014628004282712936,5.667989171342924e-05,0.0005222631734795868,5.435095226857811e-05,0.000526024610735476,2.1576643121079542e-05,0.00021905220637563616,755,387
L20,Isla Laitec,2018-07-27,-43.26389,-73.57667,,Mosaic_20180718_20180731.nc,9,0.0014749839901924133,0.002457627560943365,0.0022156883496791124,0.0037542134523391724,0.002051445422694087,0.003742001485079527,0.0003555942967068404,0.0017123061697930098,0.00021030458447057754,0.0014628004282712936,5.667989171342924e-05,0.0005222631734795868,5.435095226857811e-05,0.000526024610735476,2.1576643121079542e-05,0.00021905220637563616,755,387
L20,Isla Laitec,2018-07-29,-43.26389,-73.57667,1.0,Mosaic_20180807_20180820.nc,9,0.0014591864310204983,0.0029136331286281347,0.0016181181417778134,0.0037226714193820953,0.0008417491335421801,0.0023429240100085735,0.00012520371819846332,0.00036592799006029963,7.027860556263477e-05,0.00021911262592766434,1.8614959117257968e-05,6.11723808106035e-05,1.739726030791644e-05,5.8832312788581476e-05,6.600039796467172e-06,2.3674465410294943e-05,734,385
L20,Isla Laitec,2018-07-31,-43.26389,-73.57667,,Mosaic_20180807_20180820.nc,7,0.0014591864310204983,0.0029136331286281347,0.0016181181417778134,0.0037226714193820953,0.0008417491335421801,0.0023429240100085735,0.00012520371819846332,0.00036592799006029963,7.027860556263477e-05,0.00021911262592766434,1.8614959117257968e-05,6.11723808106035e-05,1.739726030791644e-05,5.8832312788581476e-05,6.600039796467172e-06,2.3674465410294943e-05,734,385
L20,Isla Laitec,2018-08-03,-43.26389,-73.57667,1.0,Mosaic_20180807_20180820.nc,4,0.0014591864310204983,0.0029136331286281347,0.0016181181417778134,0.0037226714193820953,0.0008417491335421801,0.0023429240100085735,0.00012520371819846332,0.00036592799006029963,7.027860556263477e-05,0.00021911262592766434,1.8614959117257968e-05,6.11723808106035e-05,1.739726030791644e-05,5.8832312788581476e-05,6.600039796467172e-06,2.3674465410294943e-05,734,385
L20,Isla Laitec,2018-08-05,-43.26389,-73.57667,,Mosaic_20180807_20180820.nc,2,0.0014591864310204983,0.0029136331286281347,0.0016181181417778134,0.0037226714193820953,0.0008417491335421801,0.0023429240100085735,0.00012520371819846332,0.00036592799006029963,7.027860556263477e-05,0.00021911262592766434,1.8614959117257968e-05,6.11723808106035e-05,1.739726030791644e-05,5.8832312788581476e-05,6.600039796467172e-06,2.3674465410294943e-05,734,385
L20,Isla Laitec,2018-08-06,-43.26389,-73.57667,,Mosaic_20180807_20180820.nc,1,0.0014591864310204983,0.0029136331286281347,0.0016181181417778134,0.0037226714193820953,0.0008417491335421801,0.0023429240100085735,0.00012520371819846332,0.00036592799006029963,7.027860556263477e-05,0.00021911262592766434,1.8614959117257968e-05,6.11723808106035e-05,1.739726030791644e-05,5.8832312788581476e-05,6.600039796467172e-06,2.3674465410294943e-05,734,385
L20,Isla Laitec,2018-08-07,-43.26389,-73.57667,,Mosaic_20180807_20180820.nc,0,0.0014591864310204983,0.0029136331286281347,0.0016181181417778134,0.0037226714193820953,0.0008417491335421801,0.0023429240100085735,0.00012520371819846332,0.00036592799006029963,7.027860556263477e-05,0.00021911262592766434,1.8614959117257968e-05,6.11723808106035e-05,1.739726030791644e-05,5.8832312788581476e-05,6.600039796467172e-06,2.3674465410294943e-05,734,385
L20,Isla Laitec,2018-08-20,-43.26389,-73.57667,1.0,Mosaic_20180827_20180909.nc,7,0.003715513739734888,0.005160567816346884,0.004768159706145525,0.006505708210170269,0.003030759748071432,0.004329049028456211,0.00046690955059602857,0.0008741581114009023,0.00028009150992147624,0.0006382182473316789,7.802664185874164e-05,0.00020073722407687455,7.458521577063948e-05,0.00019737289403565228,2.995412432937883e-05,8.080807310761884e-05,755,386
L20,Isla Laitec,2018-08-21,-43.26389,-73.57667,,Mosaic_20180827_20180909.nc,6,0.003715513739734888,0.005160567816346884,0.004768159706145525,0.006505708210170269,0.003030759748071432,0.004329049028456211,0.00046690955059602857,0.0008741581114009023,0.00028009150992147624,0.0006382182473316789,7.802664185874164e-05,0.00020073722407687455,7.458521577063948e-05,0.00019737289403565228,2.995412432937883e-05,8.080807310761884e-05,755,386
L20,Isla Laitec,2018-08-30,-43.26389,-73.57667,,Mosaic_20180827_20180909.nc,3,0.003715513739734888,0.005160567816346884,0.004768159706145525,0.006505708210170269,0.003030759748071432,0.004329049028456211,0.00046690955059602857,0.0008741581114009023,0.00028009150992147624,0.0006382182473316789,7.802664185874164e-05,0.00020073722407687455,7.458521577063948e-05,0.00019737289403565228,2.995412432937883e-05,8.080807310761884e-05,755,386
L20,Isla Laitec,2018-08-31,-43.26389,-73.57667,,Mosaic_20180827_20180909.nc,4,0.003715513739734888,0.005160567816346884,0.004768159706145525,0.006505708210170269,0.003030759748071432,0.004329049028456211,0.00046690955059602857,0.0008741581114009023,0.00028009150992147624,0.0006382182473316789,7.802664185874164e-05,0.00020073722407687455,7.458521577063948e-05,0.00019737289403565228,2.995412432937883e-05,8.080807310761884e-05,755,386
L20,Isla Laitec,2018-09-01,-43.26389,-73.57667,,Mosaic_20180827_20180909.nc,5,0.003715513739734888,0.005160567816346884,0.004768159706145525,0.006505708210170269,0.003030759748071432,0.004329049028456211,0.00046690955059602857,0.0008741581114009023,0.00028009150992147624,0.0006382182473316789,7.802664185874164e-05,0.00020073722407687455,7.458521577063948e-05,0.00019737289403565228,2.995412432937883e-05,8.080807310761884e-05,755,386
L20,Isla Laitec,2018-09-06,-43.26389,-73.57667,2.0,Mosaic_20180911_20180924.nc,5,0.0017373794689774513,0.0031771562062203884,0.0027039702981710434,0.005066073965281248,0.0027074026875197887,0.004427368752658367,0.000462304160464555,0.0008539864793419838,0.0002788264537230134,0.000521718233358115,7.584346167277545e-05,0.00013593882613349706,7.346823258558288e-05,0.00013684103032574058,2.9368149625952356e-05,5.643416807288304e-05,755,386
L20,Isla Laitec,2018-09-08,-43.26389,-73.57667,,Mosaic_20180911_20180924.nc,3,0.0017373794689774513,0.0031771562062203884,0.0027039702981710434,0.005066073965281248,0.0027074026875197887,0.004427368752658367,0.000462304160464555,0.0008539864793419838,0.0002788264537230134,0.000521718233358115,7.584346167277545e-05,0.00013593882613349706,7.346823258558288e-05,0.00013684103032574058,2.9368149625952356e-05,5.643416807288304e-05,755,386
L20,Isla Laitec,2018-09-09,-43.26389,-73.57667,,Mosaic_20180911_20180924.nc,2,0.0017373794689774513,0.0031771562062203884,0.0027039702981710434,0.005066073965281248,0.0027074026875197887,0.004427368752658367,0.000462304160464555,0.0008539864793419838,0.0002788264537230134,0.000521718233358115,7.584346167277545e-05,0.00013593882613349706,7.346823258558288e-05,0.00013684103032574058,2.9368149625952356e-05,5.643416807288304e-05,755,386
L20,Isla Laitec,2018-09-12,-43.26389,-73.57667,,Mosaic_20180911_20180924.nc,1,0.0017373794689774513,0.0031771562062203884,0.0027039702981710434,0.005066073965281248,0.0027074026875197887,0.004427368752658367,0.000462304160464555,0.0008539864793419838,0.0002788264537230134,0.000521718233358115,7.584346167277545e-05,0.00013593882613349706,7.346823258558288e-05,0.00013684103032574058,2.9368149625952356e-05,5.643416807288304e-05,755,386
L20,Isla Laitec,2018-09-13,-43.26389,-73.57667,,Mosaic_20180911_20180924.nc,2,0.0017373794689774513,0.0031771562062203884,0.0027039702981710434,0.005066073965281248,0.0027074026875197887,0.004427368752658367,0.000462304160464555,0.0008539864793419838,0.0002788264537230134,0.000521718233358115,7.584346167277545e-05,0.00013593882613349706,7.346823258558288e-05,0.00013684103032574058,2.9368149625952356e-05,5.643416807288304e-05,755,386
L20,Isla Laitec,2018-09-14,-43.26389,-73.57667,,Mosaic_20180911_20180924.nc,3,0.0017373794689774513,0.0031771562062203884,0.0027039702981710434,0.005066073965281248,0.0027074026875197887,0.004427368752658367,0.000462304160464555,0.0008539864793419838,0.0002788264537230134,0.000521718233358115,7.584346167277545e-05,0.00013593882613349706,7.346823258558288e-05,0.00013684103032574058,2.9368149625952356e-05,5.643416807288304e-05,755,386
L20,Isla Laitec,2018-09-15,-43.26389,-73.57667,1.0,Mosaic_20180911_20180924.nc,4,0.0017373794689774513,0.0031771562062203884,0.0027039702981710434,0.005066073965281248,0.0027074026875197887,0.004427368752658367,0.000462304160464555,0.0008539864793419838,0.0002788264537230134,0.000521718233358115,7.584346167277545e-05,0.00013593882613349706,7.346823258558288e-05,0.00013684103032574058,2.9368149625952356e-05,5.643416807288304e-05,755,386
L20,Isla Laitec,2018-10-01,-43.26389,-73.57667,2.0,Mosaic_20181003_20181016.nc,2,0.0019132037414237857,0.003140210872516036,0.0030227776151150465,0.004909052979201078,0.0034200833179056644,0.004340356215834618,0.0006194327143020928,0.0018511194502934813,0.00037297571543604136,0.0013612478505820036,0.00010092844604514539,0.0004179332754574716,9.7176234703511e-05,0.00041439084452576935,3.896107227774337e-05,0.0001680986606515944,755,386
L20,Isla Laitec,2018-10-02,-43.26389,-73.57667,,Mosaic_20181003_20181016.nc,1,0.0019132037414237857,0.003140210872516036,0.0030227776151150465,0.004909052979201078,0.0034200833179056644,0.004340356215834618,0.0006194327143020928,0.0018511194502934813,0.00037297571543604136,0.0013612478505820036,0.00010092844604514539,0.0004179332754574716,9.7176234703511e-05,0.00041439084452576935,3.896107227774337e-05,0.0001680986606515944,755,386
L20,Isla Laitec,2018-10-03,-43.26389,-73.57667,,Mosaic_20181003_20181016.nc,0,0.0019132037414237857,0.003140210872516036,0.0030227776151150465,0.004909052979201078,0.0034200833179056644,0.004340356215834618,0.0006194327143020928,0.0018511194502934813,0.00037297571543604136,0.0013612478505820036,0.00010092844604514539,0.0004179332754574716,9.7176234703511e-05,0.00041439084452576935,3.896107227774337e-05,0.0001680986606515944,755,386
L20,Isla Laitec,2018-10-06,-43.26389,-73.57667,3.0,Mosaic_20181003_20181016.nc,3,0.0019132037414237857,0.003140210872516036,0.0030227776151150465,0.004909052979201078,0.0034200833179056644,0.004340356215834618,0.0006194327143020928,0.0018511194502934813,0.00037297571543604136,0.0013612478505820036,0.00010092844604514539,0.0004179332754574716,9.7176234703511e-05,0.00041439084452576935,3.896107227774337e-05,0.0001680986606515944,755,386
L20,Isla Laitec,2018-10-10,-43.26389,-73.57667,,Mosaic_20181003_20181016.nc,7,0.0019132037414237857,0.003140210872516036,0.0030227776151150465,0.004909052979201078,0.0034200833179056644,0.004340356215834618,0.0006194327143020928,0.0018511194502934813,0.00037297571543604136,0.0013612478505820036,0.00010092844604514539,0.0004179332754574716,9.7176234703511e-05,0.00041439084452576935,3.896107227774337e-05,0.0001680986606515944,755,386
L20,Isla Laitec,2018-10-11,-43.26389,-73.57667,,Mosaic_20181018_20181031.nc,7,0.004201858304440975,0.004979253746569157,0.005325437523424625,0.0068754893727600574,0.0030047926120460033,0.0043640946969389915,0.0004056451143696904,0.0007134738261811435,0.0002418209332972765,0.00043212343007326126,6.764491263311356e-05,0.0001216620730701834,6.470445077866316e-05,0.00011694582644850016,2.5990340873249806e-05,4.715812610811554e-05,755,386
L20,Isla Laitec,2018-10-23,-43.26389,-73.57667,,Mosaic_20181018_20181031.nc,5,0.004201858304440975,0.004979253746569157,0.005325437523424625,0.0068754893727600574,0.0030047926120460033,0.0043640946969389915,0.0004056451143696904,0.0007134738261811435,0.0002418209332972765,0.00043212343007326126,6.764491263311356e-05,0.0001216620730701834,6.470445077866316e-05,0.00011694582644850016,2.5990340873249806e-05,4.715812610811554e-05,755,386
L20,Isla Laitec,2018-10-24,-43.26389,-73.57667,,Mosaic_20181018_20181031.nc,6,0.004201858304440975,0.004979253746569157,0.005325437523424625,0.0068754893727600574,0.0030047926120460033,0.0043640946969389915,0.0004056451143696904,0.0007134738261811435,0.0002418209332972765,0.00043212343007326126,6.764491263311356e-05,0.0001216620730701834,6.470445077866316e-05,0.00011694582644850016,2.5990340873249806e-05,4.715812610811554e-05,755,386
L20,Isla Laitec,2018-10-26,-43.26389,-73.57667,0.0,Mosaic_20181018_20181031.nc,8,0.004201858304440975,0.004979253746569157,0.005325437523424625,0.0068754893727600574,0.0030047926120460033,0.0043640946969389915,0.0004056451143696904,0.0007134738261811435,0.0002418209332972765,0.00043212343007326126,6.764491263311356e-05,0.0001216620730701834,6.470445077866316e-05,0.00011694582644850016,2.5990340873249806e-05,4.715812610811554e-05,755,386
L20,Isla Laitec,2018-11-01,-43.26389,-73.57667,,Mosaic_20181105_20181118.nc,4,0.0023130285553634167,0.0038393267896026373,0.0033726554829627275,0.005669380072504282,0.0028786566108465195,0.004773745313286781,0.00046845473116263747,0.0007846648804843426,0.000277424871455878,0.00046968122478574514,7.558939250884578e-05,0.00012713178875856102,7.250485941767693e-05,0.00012205962411826476,2.8985978133277968e-05,4.883983638137579e-05,755,386
L20,Isla Laitec,2018-11-02,-43.26389,-73.57667,,Mosaic_20181105_20181118.nc,3,0.0023130285553634167,0.0038393267896026373,0.0033726554829627275,0.005669380072504282,0.0028786566108465195,0.004773745313286781,0.00046845473116263747,0.0007846648804843426,0.000277424871455878,0.00046968122478574514,7.558939250884578e-05,0.00012713178875856102,7.250485941767693e-05,0.00012205962411826476,2.8985978133277968e-05,4.883983638137579e-05,755,386
L20,Isla Laitec,2018-11-03,-43.26389,-73.57667,1.0,Mosaic_20181105_20181118.nc,2,0.0023130285553634167,0.0038393267896026373,0.0033726554829627275,0.005669380072504282,0.0028786566108465195,0.004773745313286781,0.00046845473116263747,0.0007846648804843426,0.000277424871455878,0.00046968122478574514,7.558939250884578e-05,0.00012713178875856102,7.250485941767693e-05,0.00012205962411826476,2.8985978133277968e-05,4.883983638137579e-05,755,386
L20,Isla Laitec,2018-11-08,-43.26389,-73.57667,2.0,Mosaic_20181105_20181118.nc,3,0.0023130285553634167,0.0038393267896026373,0.0033726554829627275,0.005669380072504282,0.0028786566108465195,0.004773745313286781,0.00046845473116263747,0.0007846648804843426,0.000277424871455878,0.00046968122478574514,7.558939250884578e-05,0.00012713178875856102,7.250485941767693e-05,0.00012205962411826476,2.8985978133277968e-05,4.883983638137579e-05,755,386
L20,Isla Laitec,2018-11-09,-43.26389,-73.57667,,Mosaic_20181105_20181118.nc,4,0.0023130285553634167,0.0038393267896026373,0.0033726554829627275,0.005669380072504282,0.0028786566108465195,0.004773745313286781,0.00046845473116263747,0.0007846648804843426,0.000277424871455878,0.00046968122478574514,7.558939250884578e-05,0.00012713178875856102,7.250485941767693e-05,0.00012205962411826476,2.8985978133277968e-05,4.883983638137579e-05,755,386
L20,Isla Laitec,2018-11-10,-43.26389,-73.57667,,Mosaic_20181105_20181118.nc,5,0.0023130285553634167,0.0038393267896026373,0.0033726554829627275,0.005669380072504282,0.0028786566108465195,0.004773745313286781,0.00046845473116263747,0.0007846648804843426,0.000277424871455878,0.00046968122478574514,7.558939250884578e-05,0.00012713178875856102,7.250485941767693e-05,0.00012205962411826476,2.8985978133277968e-05,4.883983638137579e-05,755,386
L20,Isla Laitec,2018-11-23,-43.26389,-73.57667,,Mosaic_20181127_20181210.nc,4,0.004502937197685242,0.007819748483598232,0.005800857674330473,0.007921605370938778,0.0035148344468325377,0.005750470794737339,0.0005104155861772597,0.000905985536519438,0.00030632285051979125,0.0005424452247098088,8.605782204540446e-05,0.00014873270993120968,8.217160939238966e-05,0.00014348042896017432,3.3092699595727026e-05,5.762318687629886e-05,734,385
L20,Isla Laitec,2018-11-24,-43.26389,-73.57667,,Mosaic_20181127_20181210.nc,3,0.004502937197685242,0.007819748483598232,0.005800857674330473,0.007921605370938778,0.0035148344468325377,0.005750470794737339,0.0005104155861772597,0.000905985536519438,0.00030632285051979125,0.0005424452247098088,8.605782204540446e-05,0.00014873270993120968,8.217160939238966e-05,0.00014348042896017432,3.3092699595727026e-05,5.762318687629886e-05,734,385
L20,Isla Laitec,2018-11-26,-43.26389,-73.57667,0.0,Mosaic_20181127_20181210.nc,1,0.004502937197685242,0.007819748483598232,0.005800857674330473,0.007921605370938778,0.0035148344468325377,0.005750470794737339,0.0005104155861772597,0.000905985536519438,0.00030632285051979125,0.0005424452247098088,8.605782204540446e-05,0.00014873270993120968,8.217160939238966e-05,0.00014348042896017432,3.3092699595727026e-05,5.762318687629886e-05,734,385
L20,Isla Laitec,2018-12-04,-43.26389,-73.57667,,Mosaic_20181127_20181210.nc,7,0.004502937197685242,0.007819748483598232,0.005800857674330473,0.007921605370938778,0.0035148344468325377,0.005750470794737339,0.0005104155861772597,0.000905985536519438,0.00030632285051979125,0.0005424452247098088,8.605782204540446e-05,0.00014873270993120968,8.217160939238966e-05,0.00014348042896017432,3.3092699595727026e-05,5.762318687629886e-05,734,385
L20,Isla Laitec,2018-12-05,-43.26389,-73.57667,0.0,Mosaic_20181127_20181210.nc,8,0.004502937197685242,0.007819748483598232,0.005800857674330473,0.007921605370938778,0.0035148344468325377,0.005750470794737339,0.0005104155861772597,0.000905985536519438,0.00030632285051979125,0.0005424452247098088,8.605782204540446e-05,0.00014873270993120968,8.217160939238966e-05,0.00014348042896017432,3.3092699595727026e-05,5.762318687629886e-05,734,385
L20,Isla Laitec,2018-12-07,-43.26389,-73.57667,,Mosaic_20181127_20181210.nc,10,0.004502937197685242,0.007819748483598232,0.005800857674330473,0.007921605370938778,0.0035148344468325377,0.005750470794737339,0.0005104155861772597,0.000905985536519438,0.00030632285051979125,0.0005424452247098088,8.605782204540446e-05,0.00014873270993120968,8.217160939238966e-05,0.00014348042896017432,3.3092699595727026e-05,5.762318687629886e-05,734,385
L20,Isla Laitec,2018-12-08,-43.26389,-73.57667,0.0,Mosaic_20181217_20181230.nc,9,0.003819448174908757,0.010486741550266743,0.0038863569498062134,0.008531096391379833,0.0019359496654942632,0.005301418248564005,0.00033724901732057333,0.0008835967746563256,0.00019778079877141863,0.0006165190134197474,5.510299888555892e-05,0.00018344381533097476,5.225294808042236e-05,0.0001796341093722731,2.0877263523289002e-05,7.307887426577508e-05,755,386
L20,Isla Laitec,2018-12-19,-43.26389,-73.57667,,Mosaic_20181217_20181230.nc,2,0.003819448174908757,0.010486741550266743,0.0038863569498062134,0.008531096391379833,0.0019359496654942632,0.005301418248564005,0.00033724901732057333,0.0008835967746563256,0.00019778079877141863,0.0006165190134197474,5.510299888555892e-05,0.00018344381533097476,5.225294808042236e-05,0.0001796341093722731,2.0877263523289002e-05,7.307887426577508e-05,755,386
L20,Isla Laitec,2018-12-20,-43.26389,-73.57667,,Mosaic_20181217_20181230.nc,3,0.003819448174908757,0.010486741550266743,0.0038863569498062134,0.008531096391379833,0.0019359496654942632,0.005301418248564005,0.00033724901732057333,0.0008835967746563256,0.00019778079877141863,0.0006165190134197474,5.510299888555892e-05,0.00018344381533097476,5.225294808042236e-05,0.0001796341093722731,2.0877263523289002e-05,7.307887426577508e-05,755,386
L20,Isla Laitec,2018-12-22,-43.26389,-73.57667,2.0,Mosaic_20181217_20181230.nc,5,0.003819448174908757,0.010486741550266743,0.0038863569498062134,0.008531096391379833,0.0019359496654942632,0.005301418248564005,0.00033724901732057333,0.0008835967746563256,0.00019778079877141863,0.0006165190134197474,5.510299888555892e-05,0.00018344381533097476,5.225294808042236e-05,0.0001796341093722731,2.0877263523289002e-05,7.307887426577508e-05,755,386
L20,Isla Laitec,2019-01-02,-43.26389,-73.57667,,Mosaic_20190109_20190122.nc,7,0.0018008988117799163,0.007898848503828049,0.002856687642633915,0.0055595384910702705,0.002898808103054762,0.004621829837560654,0.0004848068638239056,0.0007340312586165965,0.0002863174013327807,0.00043872222886420786,7.746575283817947e-05,0.00011823372187791392,7.454684964613989e-05,0.0001140158055932261,2.9790078770020045e-05,4.577454456011765e-05,732,379
L20,Isla Laitec,2019-01-03,-43.26389,-73.57667,3.0,Mosaic_20190109_20190122.nc,6,0.0018008988117799163,0.007898848503828049,0.002856687642633915,0.0055595384910702705,0.002898808103054762,0.004621829837560654,0.0004848068638239056,0.0007340312586165965,0.0002863174013327807,0.00043872222886420786,7.746575283817947e-05,0.00011823372187791392,7.454684964613989e-05,0.0001140158055932261,2.9790078770020045e-05,4.577454456011765e-05,732,379
L20,Isla Laitec,2019-01-04,-43.26389,-73.57667,,Mosaic_20190109_20190122.nc,5,0.0018008988117799163,0.007898848503828049,0.002856687642633915,0.0055595384910702705,0.002898808103054762,0.004621829837560654,0.0004848068638239056,0.0007340312586165965,0.0002863174013327807,0.00043872222886420786,7.746575283817947e-05,0.00011823372187791392,7.454684964613989e-05,0.0001140158055932261,2.9790078770020045e-05,4.577454456011765e-05,732,379
L20,Isla Laitec,2019-01-05,-43.26389,-73.57667,,Mosaic_20190109_20190122.nc,4,0.0018008988117799163,0.007898848503828049,0.002856687642633915,0.0055595384910702705,0.002898808103054762,0.004621829837560654,0.0004848068638239056,0.0007340312586165965,0.0002863174013327807,0.00043872222886420786,7.746575283817947e-05,0.00011823372187791392,7.454684964613989e-05,0.0001140158055932261,2.9790078770020045e-05,4.577454456011765e-05,732,379
L20,Isla Laitec,2019-01-15,-43.26389,-73.57667,4.0,Mosaic_20190109_20190122.nc,6,0.0018008988117799163,0.007898848503828049,0.002856687642633915,0.0055595384910702705,0.002898808103054762,0.004621829837560654,0.0004848068638239056,0.0007340312586165965,0.0002863174013327807,0.00043872222886420786,7.746575283817947e-05,0.00011823372187791392,7.454684964613989e-05,0.0001140158055932261,2.9790078770020045e-05,4.577454456011765e-05,732,379
L20,Isla Laitec,2019-01-17,-43.26389,-73.57667,,Mosaic_20190109_20190122.nc,8,0.0018008988117799163,0.007898848503828049,0.002856687642633915,0.0055595384910702705,0.002898808103054762,0.004621829837560654,0.0004848068638239056,0.0007340312586165965,0.0002863174013327807,0.00043872222886420786,7.746575283817947e-05,0.00011823372187791392,7.454684964613989e-05,0.0001140158055932261,2.9790078770020045e-05,4.577454456011765e-05,732,379
L20,Isla Laitec,2019-01-18,-43.26389,-73.57667,,Mosaic_20190126_20190208.nc,8,0.004694843664765358,0.00978623703122139,0.0062103052623569965,0.00749214505776763,0.003972833510488272,0.005887167993932962,0.0005624406039714813,0.0009582452476024628,0.00033392233308404684,0.0005749186384491622,9.283008694183081e-05,0.00015613212599419057,8.883589180186391e-05,0.00014979206025600433,3.568792817532085e-05,5.9686564782168716e-05,732,379
L20,Isla Laitec,2019-01-26,-43.26389,-73.57667,,Mosaic_20190126_20190208.nc,0,0.004694843664765358,0.00978623703122139,0.0062103052623569965,0.00749214505776763,0.003972833510488272,0.005887167993932962,0.0005624406039714813,0.0009582452476024628,0.00033392233308404684,0.0005749186384491622,9.283008694183081e-05,0.00015613212599419057,8.883589180186391e-05,0.00014979206025600433,3.568792817532085e-05,5.9686564782168716e-05,732,379
L20,Isla Laitec,2019-01-27,-43.26389,-73.57667,,Mosaic_20190126_20190208.nc,1,0.004694843664765358,0.00978623703122139,0.0062103052623569965,0.00749214505776763,0.003972833510488272,0.005887167993932962,0.0005624406039714813,0.0009582452476024628,0.00033392233308404684,0.0005749186384491622,9.283008694183081e-05,0.00015613212599419057,8.883589180186391e-05,0.00014979206025600433,3.568792817532085e-05,5.9686564782168716e-05,732,379
L20,Isla Laitec,2019-01-29,-43.26389,-73.57667,,Mosaic_20190126_20190208.nc,3,0.004694843664765358,0.00978623703122139,0.0062103052623569965,0.00749214505776763,0.003972833510488272,0.005887167993932962,0.0005624406039714813,0.0009582452476024628,0.00033392233308404684,0.0005749186384491622,9.283008694183081e-05,0.00015613212599419057,8.883589180186391e-05,0.00014979206025600433,3.568792817532085e-05,5.9686564782168716e-05,732,379
L20,Isla Laitec,2019-01-30,-43.26389,-73.57667,3.0,Mosaic_20190126_20190208.nc,4,0.004694843664765358,0.00978623703122139,0.0062103052623569965,0.00749214505776763,0.003972833510488272,0.005887167993932962,0.0005624406039714813,0.0009582452476024628,0.00033392233308404684,0.0005749186384491622,9.283008694183081e-05,0.00015613212599419057,8.883589180186391e-05,0.00014979206025600433,3.568792817532085e-05,5.9686564782168716e-05,732,379
L20,Isla Laitec,2019-02-04,-43.26389,-73.57667,,Mosaic_20190126_20190208.nc,9,0.004694843664765358,0.00978623703122139,0.0062103052623569965,0.00749214505776763,0.003972833510488272,0.005887167993932962,0.0005624406039714813,0.0009582452476024628,0.00033392233308404684,0.0005749186384491622,9.283008694183081e-05,0.00015613212599419057,8.883589180186391e-05,0.00014979206025600433,3.568792817532085e-05,5.9686564782168716e-05,732,379
L20,Isla Laitec,2019-02-05,-43.26389,-73.57667,,Mosaic_20190126_20190208.nc,10,0.004694843664765358,0.00978623703122139,0.0062103052623569965,0.00749214505776763,0.003972833510488272,0.005887167993932962,0.0005624406039714813,0.0009582452476024628,0.00033392233308404684,0.0005749186384491622,9.283008694183081e-05,0.00015613212599419057,8.883589180186391e-05,0.00014979206025600433,3.568792817532085e-05,5.9686564782168716e-05,732,379
L20,Isla Laitec,2019-02-06,-43.26389,-73.57667,0.0,Mosaic_20190215_20190228.nc,9,0.0035573665518313646,0.0066164047457277775,0.004667937755584717,0.00675536785274744,0.0031321984715759754,0.004533267114311457,0.00048103980952873826,0.0007463526562787592,0.0002871256147045642,0.0004489659913815558,7.961728260852396e-05,0.00012337352382019162,7.581750105600804e-05,0.00011884578998433426,3.026143167517148e-05,4.775052366312593e-05,755,386
L20,Isla Laitec,2019-02-07,-43.26389,-73.57667,0.0,Mosaic_20190215_20190228.nc,8,0.0035573665518313646,0.0066164047457277775,0.004667937755584717,0.00675536785274744,0.0031321984715759754,0.004533267114311457,0.00048103980952873826,0.0007463526562787592,0.0002871256147045642,0.0004489659913815558,7.961728260852396e-05,0.00012337352382019162,7.581750105600804e-05,0.00011884578998433426,3.026143167517148e-05,4.775052366312593e-05,755,386
L20,Isla Laitec,2019-02-08,-43.26389,-73.57667,,Mosaic_20190215_20190228.nc,7,0.0035573665518313646,0.0066164047457277775,0.004667937755584717,0.00675536785274744,0.0031321984715759754,0.004533267114311457,0.00048103980952873826,0.0007463526562787592,0.0002871256147045642,0.0004489659913815558,7.961728260852396e-05,0.00012337352382019162,7.581750105600804e-05,0.00011884578998433426,3.026143167517148e-05,4.775052366312593e-05,755,386
L20,Isla Laitec,2019-02-09,-43.26389,-73.57667,,Mosaic_20190215_20190228.nc,6,0.0035573665518313646,0.0066164047457277775,0.004667937755584717,0.00675536785274744,0.0031321984715759754,0.004533267114311457,0.00048103980952873826,0.0007463526562787592,0.0002871256147045642,0.0004489659913815558,7.961728260852396e-05,0.00012337352382019162,7.581750105600804e-05,0.00011884578998433426,3.026143167517148e-05,4.775052366312593e-05,755,386
L20,Isla Laitec,2019-02-19,-43.26389,-73.57667,,Mosaic_20190215_20190228.nc,4,0.0035573665518313646,0.0066164047457277775,0.004667937755584717,0.00675536785274744,0.0031321984715759754,0.004533267114311457,0.00048103980952873826,0.0007463526562787592,0.0002871256147045642,0.0004489659913815558,7.961728260852396e-05,0.00012337352382019162,7.581750105600804e-05,0.00011884578998433426,3.026143167517148e-05,4.775052366312593e-05,755,386
L20,Isla Laitec,2019-02-20,-43.26389,-73.57667,,Mosaic_20190215_20190228.nc,5,0.0035573665518313646,0.0066164047457277775,0.004667937755584717,0.00675536785274744,0.0031321984715759754,0.004533267114311457,0.00048103980952873826,0.0007463526562787592,0.0002871256147045642,0.0004489659913815558,7.961728260852396e-05,0.00012337352382019162,7.581750105600804e-05,0.00011884578998433426,3.026143167517148e-05,4.775052366312593e-05,755,386
L20,Isla Laitec,2019-02-22,-43.26389,-73.57667,0.0,Mosaic_20190215_20190228.nc,7,0.0035573665518313646,0.0066164047457277775,0.004667937755584717,0.00675536785274744,0.0031321984715759754,0.004533267114311457,0.00048103980952873826,0.0007463526562787592,0.0002871256147045642,0.0004489659913815558,7.961728260852396e-05,0.00012337352382019162,7.581750105600804e-05,0.00011884578998433426,3.026143167517148e-05,4.775052366312593e-05,755,386
L20,Isla Laitec,2019-02-26,-43.26389,-73.57667,1.0,Mosaic_20190307_20190320.nc,9,0.00522338692098856,0.009414492174983025,0.006155582144856453,0.007136316038668156,0.003209811169654131,0.004378577694296837,0.0004379556339699775,0.000699465861544013,0.0002618132275529206,0.0004241522401571274,7.353848195634782e-05,0.00011917595111299306,7.003262726357207e-05,0.00011402988457120955,2.8099770133849233e-05,4.58292561233975e-05,732,379
L20,Isla Laitec,2019-02-27,-43.26389,-73.57667,,Mosaic_20190307_20190320.nc,8,0.00522338692098856,0.009414492174983025,0.006155582144856453,0.007136316038668156,0.003209811169654131,0.004378577694296837,0.0004379556339699775,0.000699465861544013,0.0002618132275529206,0.0004241522401571274,7.353848195634782e-05,0.00011917595111299306,7.003262726357207e-05,0.00011402988457120955,2.8099770133849233e-05,4.58292561233975e-05,732,379
L20,Isla Laitec,2019-02-28,-43.26389,-73.57667,,Mosaic_20190307_20190320.nc,7,0.00522338692098856,0.009414492174983025,0.006155582144856453,0.007136316038668156,0.003209811169654131,0.004378577694296837,0.0004379556339699775,0.000699465861544013,0.0002618132275529206,0.0004241522401571274,7.353848195634782e-05,0.00011917595111299306,7.003262726357207e-05,0.00011402988457120955,2.8099770133849233e-05,4.58292561233975e-05,732,379
L20,Isla Laitec,2019-03-18,-43.26389,-73.57667,1.0,Mosaic_20190327_20190409.nc,9,0.0040325261652469635,0.008700359612703323,0.005378716625273228,0.006414635106921196,0.0037503691855818033,0.004951187875121832,0.0005670018144883215,0.0010111459996551275,0.0003376798704266548,0.0007075797766447067,9.332300396636128e-05,0.00020936965302098542,8.928345778258517e-05,0.0002063601277768612,3.5838053008774295e-05,8.365143003175035e-05,734,385
L20,Isla Laitec,2019-03-19,-43.26389,-73.57667,,Mosaic_20190327_20190409.nc,8,0.0040325261652469635,0.008700359612703323,0.005378716625273228,0.006414635106921196,0.0037503691855818033,0.004951187875121832,0.0005670018144883215,0.0010111459996551275,0.0003376798704266548,0.0007075797766447067,9.332300396636128e-05,0.00020936965302098542,8.928345778258517e-05,0.0002063601277768612,3.5838053008774295e-05,8.365143003175035e-05,734,385
L20,Isla Laitec,2019-03-20,-43.26389,-73.57667,,Mosaic_20190327_20190409.nc,7,0.0040325261652469635,0.008700359612703323,0.005378716625273228,0.006414635106921196,0.0037503691855818033,0.004951187875121832,0.0005670018144883215,0.0010111459996551275,0.0003376798704266548,0.0007075797766447067,9.332300396636128e-05,0.00020936965302098542,8.928345778258517e-05,0.0002063601277768612,3.5838053008774295e-05,8.365143003175035e-05,734,385
L20,Isla Laitec,2019-03-21,-43.26389,-73.57667,,Mosaic_20190327_20190409.nc,6,0.0040325261652469635,0.008700359612703323,0.005378716625273228,0.006414635106921196,0.0037503691855818033,0.004951187875121832,0.0005670018144883215,0.0010111459996551275,0.0003376798704266548,0.0007075797766447067,9.332300396636128e-05,0.00020936965302098542,8.928345778258517e-05,0.0002063601277768612,3.5838053008774295e-05,8.365143003175035e-05,734,385
L20,Isla Laitec,2019-03-29,-43.26389,-73.57667,,Mosaic_20190327_20190409.nc,2,0.0040325261652469635,0.008700359612703323,0.005378716625273228,0.006414635106921196,0.0037503691855818033,0.004951187875121832,0.0005670018144883215,0.0010111459996551275,0.0003376798704266548,0.0007075797766447067,9.332300396636128e-05,0.00020936965302098542,8.928345778258517e-05,0.0002063601277768612,3.5838053008774295e-05,8.365143003175035e-05,734,385
L20,Isla Laitec,2019-03-30,-43.26389,-73.57667,,Mosaic_20190327_20190409.nc,3,0.0040325261652469635,0.008700359612703323,0.005378716625273228,0.006414635106921196,0.0037503691855818033,0.004951187875121832,0.0005670018144883215,0.0010111459996551275,0.0003376798704266548,0.0007075797766447067,9.332300396636128e-05,0.00020936965302098542,8.928345778258517e-05,0.0002063601277768612,3.5838053008774295e-05,8.365143003175035e-05,734,385
L20,Isla Laitec,2019-03-31,-43.26389,-73.57667,,Mosaic_20190327_20190409.nc,4,0.0040325261652469635,0.008700359612703323,0.005378716625273228,0.006414635106921196,0.0037503691855818033,0.004951187875121832,0.0005670018144883215,0.0010111459996551275,0.0003376798704266548,0.0007075797766447067,9.332300396636128e-05,0.00020936965302098542,8.928345778258517e-05,0.0002063601277768612,3.5838053008774295e-05,8.365143003175035e-05,734,385
L20,Isla Laitec,2019-04-02,-43.26389,-73.57667,2.0,Mosaic_20190327_20190409.nc,6,0.0040325261652469635,0.008700359612703323,0.005378716625273228,0.006414635106921196,0.0037503691855818033,0.004951187875121832,0.0005670018144883215,0.0010111459996551275,0.0003376798704266548,0.0007075797766447067,9.332300396636128e-05,0.00020936965302098542,8.928345778258517e-05,0.0002063601277768612,3.5838053008774295e-05,8.365143003175035e-05,734,385
L20,Isla Laitec,2019-04-09,-43.26389,-73.57667,,Mosaic_20190419_20190502.nc,10,0.0024052243679761887,0.0031319279223680496,0.0035287300124764442,0.004549187608063221,0.003269993234425783,0.004291889723390341,0.0005699119064956903,0.0009308899752795696,0.00034012459218502045,0.0005677647422999144,9.227416012436152e-05,0.00015262424130924046,8.83770699147135e-05,0.00014547228056471795,3.526413638610393e-05,5.756266909884289e-05,755,386
L20,Isla Laitec,2019-04-10,-43.26389,-73.57667,,Mosaic_20190419_20190502.nc,9,0.0024052243679761887,0.0031319279223680496,0.0035287300124764442,0.004549187608063221,0.003269993234425783,0.004291889723390341,0.0005699119064956903,0.0009308899752795696,0.00034012459218502045,0.0005677647422999144,9.227416012436152e-05,0.00015262424130924046,8.83770699147135e-05,0.00014547228056471795,3.526413638610393e-05,5.756266909884289e-05,755,386
L20,Isla Laitec,2019-04-11,-43.26389,-73.57667,2.0,Mosaic_20190419_20190502.nc,8,0.0024052243679761887,0.0031319279223680496,0.0035287300124764442,0.004549187608063221,0.003269993234425783,0.004291889723390341,0.0005699119064956903,0.0009308899752795696,0.00034012459218502045,0.0005677647422999144,9.227416012436152e-05,0.00015262424130924046,8.83770699147135e-05,0.00014547228056471795,3.526413638610393e-05,5.756266909884289e-05,755,386
L20,Isla Laitec,2019-04-16,-43.26389,-73.57667,1.0,Mosaic_20190419_20190502.nc,3,0.0024052243679761887,0.0031319279223680496,0.0035287300124764442,0.004549187608063221,0.003269993234425783,0.004291889723390341,0.0005699119064956903,0.0009308899752795696,0.00034012459218502045,0.0005677647422999144,9.227416012436152e-05,0.00015262424130924046,8.83770699147135e-05,0.00014547228056471795,3.526413638610393e-05,5.756266909884289e-05,755,386
L20,Isla Laitec,2019-04-17,-43.26389,-73.57667,,Mosaic_20190419_20190502.nc,2,0.0024052243679761887,0.0031319279223680496,0.0035287300124764442,0.004549187608063221,0.003269993234425783,0.004291889723390341,0.0005699119064956903,0.0009308899752795696,0.00034012459218502045,0.0005677647422999144,9.227416012436152e-05,0.00015262424130924046,8.83770699147135e-05,0.00014547228056471795,3.526413638610393e-05,5.756266909884289e-05,755,386
L20,Isla Laitec,2019-04-18,-43.26389,-73.57667,,Mosaic_20190419_20190502.nc,1,0.0024052243679761887,0.0031319279223680496,0.0035287300124764442,0.004549187608063221,0.003269993234425783,0.004291889723390341,0.0005699119064956903,0.0009308899752795696,0.00034012459218502045,0.0005677647422999144,9.227416012436152e-05,0.00015262424130924046,8.83770699147135e-05,0.00014547228056471795,3.526413638610393e-05,5.756266909884289e-05,755,386
L20,Isla Laitec,2019-04-26,-43.26389,-73.57667,,Mosaic_20190419_20190502.nc,7,0.0024052243679761887,0.0031319279223680496,0.0035287300124764442,0.004549187608063221,0.003269993234425783,0.004291889723390341,0.0005699119064956903,0.0009308899752795696,0.00034012459218502045,0.0005677647422999144,9.227416012436152e-05,0.00015262424130924046,8.83770699147135e-05,0.00014547228056471795,3.526413638610393e-05,5.756266909884289e-05,755,386
L20,Isla Laitec,2019-04-28,-43.26389,-73.57667,,Mosaic_20190506_20190519.nc,8,0.002469469327479601,0.004902140237390995,0.00381317432038486,0.008055513724684715,0.004121831152588129,0.011353070847690105,0.0007507314439862967,0.0021423452999442816,0.00045115750981494784,0.0013278626138344407,0.00011888128210557625,0.0003452477394603193,0.00011452486796770245,0.00033180019818246365,4.553584585664794e-05,0.000129901003674604,755,382
L20,Isla Laitec,2019-05-01,-43.26389,-73.57667,0.0,Mosaic_20190506_20190519.nc,5,0.002469469327479601,0.004902140237390995,0.00381317432038486,0.008055513724684715,0.004121831152588129,0.011353070847690105,0.0007507314439862967,0.0021423452999442816,0.00045115750981494784,0.0013278626138344407,0.00011888128210557625,0.0003452477394603193,0.00011452486796770245,0.00033180019818246365,4.553584585664794e-05,0.000129901003674604,755,382
L20,Isla Laitec,2019-05-07,-43.26389,-73.57667,0.0,Mosaic_20190506_20190519.nc,1,0.002469469327479601,0.004902140237390995,0.00381317432038486,0.008055513724684715,0.004121831152588129,0.011353070847690105,0.0007507314439862967,0.0021423452999442816,0.00045115750981494784,0.0013278626138344407,0.00011888128210557625,0.0003452477394603193,0.00011452486796770245,0.00033180019818246365,4.553584585664794e-05,0.000129901003674604,755,382
L20,Isla Laitec,2019-05-08,-43.26389,-73.57667,,Mosaic_20190506_20190519.nc,2,0.002469469327479601,0.004902140237390995,0.00381317432038486,0.008055513724684715,0.004121831152588129,0.011353070847690105,0.0007507314439862967,0.0021423452999442816,0.00045115750981494784,0.0013278626138344407,0.00011888128210557625,0.0003452477394603193,0.00011452486796770245,0.00033180019818246365,4.553584585664794e-05,0.000129901003674604,755,382
L20,Isla Laitec,2019-05-09,-43.26389,-73.57667,,Mosaic_20190506_20190519.nc,3,0.002469469327479601,0.004902140237390995,0.00381317432038486,0.008055513724684715,0.004121831152588129,0.011353070847690105,0.0007507314439862967,0.0021423452999442816,0.00045115750981494784,0.0013278626138344407,0.00011888128210557625,0.0003452477394603193,0.00011452486796770245,0.00033180019818246365,4.553584585664794e-05,0.000129901003674604,755,382
L20,Isla Laitec,2019-05-23,-43.26389,-73.57667,0.0,Mosaic_20190529_20190611.nc,6,0.0034023330081254244,0.004980179015547037,0.0033485502935945988,0.006221782881766558,0.0012705869739875197,0.0037157624028623104,0.00015333780902437866,0.0006204554229043424,8.748461550567299e-05,0.00037423832691274583,2.336870602448471e-05,0.000104167265817523,2.2065858502173796e-05,9.920371667249128e-05,8.47165756567847e-06,3.968079181504436e-05,732,379
L20,Isla Laitec,2019-05-25,-43.26389,-73.57667,,Mosaic_20190529_20190611.nc,4,0.0034023330081254244,0.004980179015547037,0.0033485502935945988,0.006221782881766558,0.0012705869739875197,0.0037157624028623104,0.00015333780902437866,0.0006204554229043424,8.748461550567299e-05,0.00037423832691274583,2.336870602448471e-05,0.000104167265817523,2.2065858502173796e-05,9.920371667249128e-05,8.47165756567847e-06,3.968079181504436e-05,732,379
L20,Isla Laitec,2019-05-26,-43.26389,-73.57667,,Mosaic_20190529_20190611.nc,3,0.0034023330081254244,0.004980179015547037,0.0033485502935945988,0.006221782881766558,0.0012705869739875197,0.0037157624028623104,0.00015333780902437866,0.0006204554229043424,8.748461550567299e-05,0.00037423832691274583,2.336870602448471e-05,0.000104167265817523,2.2065858502173796e-05,9.920371667249128e-05,8.47165756567847e-06,3.968079181504436e-05,732,379
L20,Isla Laitec,2019-05-28,-43.26389,-73.57667,,Mosaic_20190529_20190611.nc,1,0.0034023330081254244,0.004980179015547037,0.0033485502935945988,0.006221782881766558,0.0012705869739875197,0.0037157624028623104,0.00015333780902437866,0.0006204554229043424,8.748461550567299e-05,0.00037423832691274583,2.336870602448471e-05,0.000104167265817523,2.2065858502173796e-05,9.920371667249128e-05,8.47165756567847e-06,3.968079181504436e-05,732,379
L20,Isla Laitec,2019-05-29,-43.26389,-73.57667,,Mosaic_20190529_20190611.nc,0,0.0034023330081254244,0.004980179015547037,0.0033485502935945988,0.006221782881766558,0.0012705869739875197,0.0037157624028623104,0.00015333780902437866,0.0006204554229043424,8.748461550567299e-05,0.00037423832691274583,2.336870602448471e-05,0.000104167265817523,2.2065858502173796e-05,9.920371667249128e-05,8.47165756567847e-06,3.968079181504436e-05,732,379
L20,Isla Laitec,2019-05-30,-43.26389,-73.57667,,Mosaic_20190529_20190611.nc,1,0.0034023330081254244,0.004980179015547037,0.0033485502935945988,0.006221782881766558,0.0012705869739875197,0.0037157624028623104,0.00015333780902437866,0.0006204554229043424,8.748461550567299e-05,0.00037423832691274583,2.336870602448471e-05,0.000104167265817523,2.2065858502173796e-05,9.920371667249128e-05,8.47165756567847e-06,3.968079181504436e-05,732,379
L20,Isla Laitec,2019-06-02,-43.26389,-73.57667,0.0,Mosaic_20190529_20190611.nc,4,0.0034023330081254244,0.004980179015547037,0.0033485502935945988,0.006221782881766558,0.0012705869739875197,0.0037157624028623104,0.00015333780902437866,0.0006204554229043424,8.748461550567299e-05,0.00037423832691274583,2.336870602448471e-05,0.000104167265817523,2.2065858502173796e-05,9.920371667249128e-05,8.47165756567847e-06,3.968079181504436e-05,732,379
L20,Isla Laitec,2019-06-13,-43.26389,-73.57667,1.0,Mosaic_20190615_20190628.nc,2,0.0024152991827577353,0.00351225258782506,0.003236633026972413,0.004463986959308386,0.0023431871086359024,0.0033920116256922483,0.00038863852387294173,0.0006126232328824699,0.000228226650506258,0.00036195118445903063,6.188106635818258e-05,9.657318878453225e-05,5.8481396990828216e-05,9.109589154832065e-05,2.313459845026955e-05,3.589470361475833e-05,755,386
L20,Isla Laitec,2019-06-14,-43.26389,-73.57667,,Mosaic_20190615_20190628.nc,1,0.0024152991827577353,0.00351225258782506,0.003236633026972413,0.004463986959308386,0.0023431871086359024,0.0033920116256922483,0.00038863852387294173,0.0006126232328824699,0.000228226650506258,0.00036195118445903063,6.188106635818258e-05,9.657318878453225e-05,5.8481396990828216e-05,9.109589154832065e-05,2.313459845026955e-05,3.589470361475833e-05,755,386
L20,Isla Laitec,2019-06-15,-43.26389,-73.57667,,Mosaic_20190615_20190628.nc,0,0.0024152991827577353,0.00351225258782506,0.003236633026972413,0.004463986959308386,0.0023431871086359024,0.0033920116256922483,0.00038863852387294173,0.0006126232328824699,0.000228226650506258,0.00036195118445903063,6.188106635818258e-05,9.657318878453225e-05,5.8481396990828216e-05,9.109589154832065e-05,2.313459845026955e-05,3.589470361475833e-05,755,386
L20,Isla Laitec,2019-06-19,-43.26389,-73.57667,1.0,Mosaic_20190615_20190628.nc,4,0.0024152991827577353,0.00351225258782506,0.003236633026972413,0.004463986959308386,0.0023431871086359024,0.0033920116256922483,0.00038863852387294173,0.0006126232328824699,0.000228226650506258,0.00036195118445903063,6.188106635818258e-05,9.657318878453225e-05,5.8481396990828216e-05,9.109589154832065e-05,2.313459845026955e-05,3.589470361475833e-05,755,386
L20,Isla Laitec,2019-06-20,-43.26389,-73.57667,,Mosaic_20190615_20190628.nc,5,0.0024152991827577353,0.00351225258782506,0.003236633026972413,0.004463986959308386,0.0023431871086359024,0.0033920116256922483,0.00038863852387294173,0.0006126232328824699,0.000228226650506258,0.00036195118445903063,6.188106635818258e-05,9.657318878453225e-05,5.8481396990828216e-05,9.109589154832065e-05,2.313459845026955e-05,3.589470361475833e-05,755,386
L20,Isla Laitec,2019-08-06,-43.26389,-73.57667,1.0,Mosaic_20190804_20190817.nc,2,0.0005001886165700853,0.0026635024696588516,0.0006683656247332692,0.004148122388869524,0.0006810831255279481,0.003690063487738371,0.00027133445837534964,0.0007552839233539999,0.00017433185712434351,0.0004625555011443794,4.965143307344988e-05,0.00013438082532957196,4.8836278438102454e-05,0.0001378328597638756,1.9555745893740095e-05,5.667419100063853e-05,734,276
L20,Isla Laitec,2019-08-07,-43.26389,-73.57667,,Mosaic_20190804_20190817.nc,3,0.0005001886165700853,0.0026635024696588516,0.0006683656247332692,0.004148122388869524,0.0006810831255279481,0.003690063487738371,0.00027133445837534964,0.0007552839233539999,0.00017433185712434351,0.0004625555011443794,4.965143307344988e-05,0.00013438082532957196,4.8836278438102454e-05,0.0001378328597638756,1.9555745893740095e-05,5.667419100063853e-05,734,276
L20,Isla Laitec,2019-08-08,-43.26389,-73.57667,,Mosaic_20190804_20190817.nc,4,0.0005001886165700853,0.0026635024696588516,0.0006683656247332692,0.004148122388869524,0.0006810831255279481,0.003690063487738371,0.00027133445837534964,0.0007552839233539999,0.00017433185712434351,0.0004625555011443794,4.965143307344988e-05,0.00013438082532957196,4.8836278438102454e-05,0.0001378328597638756,1.9555745893740095e-05,5.667419100063853e-05,734,276
L20,Isla Laitec,2019-08-23,-43.26389,-73.57667,2.0,Mosaic_20190903_20190916.nc,11,0.004129945300519466,0.005428783129900694,0.005478275939822197,0.007273109629750252,0.003924844786524773,0.007144008297473192,0.0006782666314393282,0.004236816894263029,0.0004092465387657285,0.0035084132105112076,0.00011350231943652034,0.0011499327374622226,0.00010853274579858407,0.0011466785799711943,4.3454478145577013e-05,0.0004553119943011552,755,386
L20,Isla Laitec,2019-08-24,-43.26389,-73.57667,,Mosaic_20190903_20190916.nc,10,0.004129945300519466,0.005428783129900694,0.005478275939822197,0.007273109629750252,0.003924844786524773,0.007144008297473192,0.0006782666314393282,0.004236816894263029,0.0004092465387657285,0.0035084132105112076,0.00011350231943652034,0.0011499327374622226,0.00010853274579858407,0.0011466785799711943,4.3454478145577013e-05,0.0004553119943011552,755,386
L20,Isla Laitec,2019-09-09,-43.26389,-73.57667,,Mosaic_20190903_20190916.nc,6,0.004129945300519466,0.005428783129900694,0.005478275939822197,0.007273109629750252,0.003924844786524773,0.007144008297473192,0.0006782666314393282,0.004236816894263029,0.0004092465387657285,0.0035084132105112076,0.00011350231943652034,0.0011499327374622226,0.00010853274579858407,0.0011466785799711943,4.3454478145577013e-05,0.0004553119943011552,755,386
L20,Isla Laitec,2019-09-10,-43.26389,-73.57667,,Mosaic_20190903_20190916.nc,7,0.004129945300519466,0.005428783129900694,0.005478275939822197,0.007273109629750252,0.003924844786524773,0.007144008297473192,0.0006782666314393282,0.004236816894263029,0.0004092465387657285,0.0035084132105112076,0.00011350231943652034,0.0011499327374622226,0.00010853274579858407,0.0011466785799711943,4.3454478145577013e-05,0.0004553119943011552,755,386
L20,Isla Laitec,2019-09-11,-43.26389,-73.57667,1.0,Mosaic_20190903_20190916.nc,8,0.004129945300519466,0.005428783129900694,0.005478275939822197,0.007273109629750252,0.003924844786524773,0.007144008297473192,0.0006782666314393282,0.004236816894263029,0.0004092465387657285,0.0035084132105112076,0.00011350231943652034,0.0011499327374622226,0.00010853274579858407,0.0011466785799711943,4.3454478145577013e-05,0.0004553119943011552,755,386
L20,Isla Laitec,2019-09-23,-43.26389,-73.57667,,Mosaic_20190926_20191009.nc,3,0.000930600450374186,0.0019664401188492775,0.001417391118593514,0.0031919507309794426,0.0014645562041550875,0.0031928049866110086,0.0002762635995168239,0.0005096534150652587,0.00016261651762761176,0.0003025619371328503,4.317946149967611e-05,8.102055289782584e-05,4.0952763811219484e-05,7.775716221658513e-05,1.6158639482455328e-05,3.101982656517066e-05,734,385
L20,Isla Laitec,2019-09-24,-43.26389,-73.57667,,Mosaic_20190926_20191009.nc,2,0.000930600450374186,0.0019664401188492775,0.001417391118593514,0.0031919507309794426,0.0014645562041550875,0.0031928049866110086,0.0002762635995168239,0.0005096534150652587,0.00016261651762761176,0.0003025619371328503,4.317946149967611e-05,8.102055289782584e-05,4.0952763811219484e-05,7.775716221658513e-05,1.6158639482455328e-05,3.101982656517066e-05,734,385
L20,Isla Laitec,2019-09-25,-43.26389,-73.57667,,Mosaic_20190926_20191009.nc,1,0.000930600450374186,0.0019664401188492775,0.001417391118593514,0.0031919507309794426,0.0014645562041550875,0.0031928049866110086,0.0002762635995168239,0.0005096534150652587,0.00016261651762761176,0.0003025619371328503,4.317946149967611e-05,8.102055289782584e-05,4.0952763811219484e-05,7.775716221658513e-05,1.6158639482455328e-05,3.101982656517066e-05,734,385
L20,Isla Laitec,2019-09-27,-43.26389,-73.57667,0.0,Mosaic_20190926_20191009.nc,1,0.000930600450374186,0.0019664401188492775,0.001417391118593514,0.0031919507309794426,0.0014645562041550875,0.0031928049866110086,0.0002762635995168239,0.0005096534150652587,0.00016261651762761176,0.0003025619371328503,4.317946149967611e-05,8.102055289782584e-05,4.0952763811219484e-05,7.775716221658513e-05,1.6158639482455328e-05,3.101982656517066e-05,734,385
L20,Isla Laitec,2019-10-07,-43.26389,-73.57667,1.0,Mosaic_20191013_20191026.nc,6,0.0037696687504649162,0.005525000859051943,0.00517181446775794,0.0073513309471309185,0.0035052946768701077,0.005288837477564812,0.0005031469045206904,0.000727203325368464,0.0002991012006532401,0.00042759731877595186,8.341208740603179e-05,0.00011573405208764598,8.013584010768682e-05,0.00011194591934327036,3.231366281397641e-05,4.5007531298324466e-05,755,386
L20,Isla Laitec,2019-10-08,-43.26389,-73.57667,,Mosaic_20191013_20191026.nc,5,0.0037696687504649162,0.005525000859051943,0.00517181446775794,0.0073513309471309185,0.0035052946768701077,0.005288837477564812,0.0005031469045206904,0.000727203325368464,0.0002991012006532401,0.00042759731877595186,8.341208740603179e-05,0.00011573405208764598,8.013584010768682e-05,0.00011194591934327036,3.231366281397641e-05,4.5007531298324466e-05,755,386
L20,Isla Laitec,2019-10-09,-43.26389,-73.57667,,Mosaic_20191013_20191026.nc,4,0.0037696687504649162,0.005525000859051943,0.00517181446775794,0.0073513309471309185,0.0035052946768701077,0.005288837477564812,0.0005031469045206904,0.000727203325368464,0.0002991012006532401,0.00042759731877595186,8.341208740603179e-05,0.00011573405208764598,8.013584010768682e-05,0.00011194591934327036,3.231366281397641e-05,4.5007531298324466e-05,755,386
L20,Isla Laitec,2019-10-17,-43.26389,-73.57667,2.0,Mosaic_20191013_20191026.nc,4,0.0037696687504649162,0.005525000859051943,0.00517181446775794,0.0073513309471309185,0.0035052946768701077,0.005288837477564812,0.0005031469045206904,0.000727203325368464,0.0002991012006532401,0.00042759731877595186,8.341208740603179e-05,0.00011573405208764598,8.013584010768682e-05,0.00011194591934327036,3.231366281397641e-05,4.5007531298324466e-05,755,386
L20,Isla Laitec,2019-10-18,-43.26389,-73.57667,,Mosaic_20191013_20191026.nc,5,0.0037696687504649162,0.005525000859051943,0.00517181446775794,0.0073513309471309185,0.0035052946768701077,0.005288837477564812,0.0005031469045206904,0.000727203325368464,0.0002991012006532401,0.00042759731877595186,8.341208740603179e-05,0.00011573405208764598,8.013584010768682e-05,0.00011194591934327036,3.231366281397641e-05,4.5007531298324466e-05,755,386
L20,Isla Laitec,2019-11-12,-43.26389,-73.57667,,Mosaic_20191115_20191128.nc,3,0.002709762193262577,0.0046671312302351,0.0036887149326503277,0.0064020464196801186,0.002595762722194195,0.004084188491106033,0.0003975025610998273,0.0006264926050789654,0.00023615820100530982,0.0003748401359189302,6.554707215400413e-05,0.00010332762758480385,6.282199319684878e-05,9.948926162905991e-05,2.5211478714481927e-05,4.001426350441761e-05,755,386
L20,Isla Laitec,2019-11-13,-43.26389,-73.57667,,Mosaic_20191115_20191128.nc,2,0.002709762193262577,0.0046671312302351,0.0036887149326503277,0.0064020464196801186,0.002595762722194195,0.004084188491106033,0.0003975025610998273,0.0006264926050789654,0.00023615820100530982,0.0003748401359189302,6.554707215400413e-05,0.00010332762758480385,6.282199319684878e-05,9.948926162905991e-05,2.5211478714481927e-05,4.001426350441761e-05,755,386
L20,Isla Laitec,2019-11-15,-43.26389,-73.57667,0.0,Mosaic_20191115_20191128.nc,0,0.002709762193262577,0.0046671312302351,0.0036887149326503277,0.0064020464196801186,0.002595762722194195,0.004084188491106033,0.0003975025610998273,0.0006264926050789654,0.00023615820100530982,0.0003748401359189302,6.554707215400413e-05,0.00010332762758480385,6.282199319684878e-05,9.948926162905991e-05,2.5211478714481927e-05,4.001426350441761e-05,755,386
L20,Isla Laitec,2019-11-22,-43.26389,-73.57667,,Mosaic_20191115_20191128.nc,7,0.002709762193262577,0.0046671312302351,0.0036887149326503277,0.0064020464196801186,0.002595762722194195,0.004084188491106033,0.0003975025610998273,0.0006264926050789654,0.00023615820100530982,0.0003748401359189302,6.554707215400413e-05,0.00010332762758480385,6.282199319684878e-05,9.948926162905991e-05,2.5211478714481927e-05,4.001426350441761e-05,755,386
L20,Isla Laitec,2019-11-23,-43.26389,-73.57667,,Mosaic_20191115_20191128.nc,8,0.002709762193262577,0.0046671312302351,0.0036887149326503277,0.0064020464196801186,0.002595762722194195,0.004084188491106033,0.0003975025610998273,0.0006264926050789654,0.00023615820100530982,0.0003748401359189302,6.554707215400413e-05,0.00010332762758480385,6.282199319684878e-05,9.948926162905991e-05,2.5211478714481927e-05,4.001426350441761e-05,755,386
L20,Isla Laitec,2019-11-24,-43.26389,-73.57667,0.0,Mosaic_20191115_20191128.nc,9,0.002709762193262577,0.0046671312302351,0.0036887149326503277,0.0064020464196801186,0.002595762722194195,0.004084188491106033,0.0003975025610998273,0.0006264926050789654,0.00023615820100530982,0.0003748401359189302,6.554707215400413e-05,0.00010332762758480385,6.282199319684878e-05,9.948926162905991e-05,2.5211478714481927e-05,4.001426350441761e-05,755,386
L20,Isla Laitec,2019-11-29,-43.26389,-73.57667,0.0,Mosaic_20191205_20191218.nc,6,,,,,,,,,,,,,,,,,755,0
L20,Isla Laitec,2019-11-30,-43.26389,-73.57667,,Mosaic_20191205_20191218.nc,5,,,,,,,,,,,,,,,,,755,0
L20,Isla Laitec,2019-12-01,-43.26389,-73.57667,,Mosaic_20191205_20191218.nc,4,,,,,,,,,,,,,,,,,755,0
L20,Isla Laitec,2019-12-06,-43.26389,-73.57667,,Mosaic_20191205_20191218.nc,1,,,,,,,,,,,,,,,,,755,0
L20,Isla Laitec,2019-12-07,-43.26389,-73.57667,,Mosaic_20191205_20191218.nc,2,,,,,,,,,,,,,,,,,755,0
L20,Isla Laitec,2019-12-08,-43.26389,-73.57667,,Mosaic_20191205_20191218.nc,3,,,,,,,,,,,,,,,,,755,0
L20,Isla Laitec,2019-12-10,-43.26389,-73.57667,0.0,Mosaic_20191205_20191218.nc,5,,,,,,,,,,,,,,,,,755,0
L20,Isla Laitec,2019-12-15,-43.26389,-73.57667,,Mosaic_20191205_20191218.nc,10,,,,,,,,,,,,,,,,,755,0
L20,Isla Laitec,2019-12-16,-43.26389,-73.57667,,Mosaic_20191205_20191218.nc,11,,,,,,,,,,,,,,,,,755,0
L20,Isla Laitec,2019-12-17,-43.26389,-73.57667,0.0,Mosaic_20191205_20191218.nc,12,,,,,,,,,,,,,,,,,755,0
L20,Isla Laitec,2020-01-02,-43.26389,-73.57667,,Mosaic_20200101_20200114.nc,1,0.004264771472662687,0.009900138713419437,0.0054212105460464954,0.007523200940340757,0.0031308396719396114,0.0050687119364738464,0.0004316869890317321,0.0007726985495537519,0.0002568257332313806,0.0004604995483532548,7.177799125202e-05,0.00012628946569748223,6.863666931167245e-05,0.00012138500460423529,2.7563053663470782e-05,4.86582939629443e-05,755,386
L20,Isla Laitec,2020-01-03,-43.26389,-73.57667,,Mosaic_20200101_20200114.nc,2,0.004264771472662687,0.009900138713419437,0.0054212105460464954,0.007523200940340757,0.0031308396719396114,0.0050687119364738464,0.0004316869890317321,0.0007726985495537519,0.0002568257332313806,0.0004604995483532548,7.177799125202e-05,0.00012628946569748223,6.863666931167245e-05,0.00012138500460423529,2.7563053663470782e-05,4.86582939629443e-05,755,386
L20,Isla Laitec,2020-01-04,-43.26389,-73.57667,1.0,Mosaic_20200101_20200114.nc,3,0.004264771472662687,0.009900138713419437,0.0054212105460464954,0.007523200940340757,0.0031308396719396114,0.0050687119364738464,0.0004316869890317321,0.0007726985495537519,0.0002568257332313806,0.0004604995483532548,7.177799125202e-05,0.00012628946569748223,6.863666931167245e-05,0.00012138500460423529,2.7563053663470782e-05,4.86582939629443e-05,755,386
L20,Isla Laitec,2020-01-10,-43.26389,-73.57667,,Mosaic_20200101_20200114.nc,9,0.004264771472662687,0.009900138713419437,0.0054212105460464954,0.007523200940340757,0.0031308396719396114,0.0050687119364738464,0.0004316869890317321,0.0007726985495537519,0.0002568257332313806,0.0004604995483532548,7.177799125202e-05,0.00012628946569748223,6.863666931167245e-05,0.00012138500460423529,2.7563053663470782e-05,4.86582939629443e-05,755,386
L20,Isla Laitec,2020-01-11,-43.26389,-73.57667,,Mosaic_20200101_20200114.nc,10,0.004264771472662687,0.009900138713419437,0.0054212105460464954,0.007523200940340757,0.0031308396719396114,0.0050687119364738464,0.0004316869890317321,0.0007726985495537519,0.0002568257332313806,0.0004604995483532548,7.177799125202e-05,0.00012628946569748223,6.863666931167245e-05,0.00012138500460423529,2.7563053663470782e-05,4.86582939629443e-05,755,386
L20,Isla Laitec,2020-01-12,-43.26389,-73.57667,,Mosaic_20200121_20200203.nc,9,0.0031103321816772223,0.009381563402712345,0.004267084412276745,0.007181304506957531,0.0027606782969087362,0.00427351426333189,0.0004140793171245605,0.0005641966708935797,0.00024667970137670636,0.00033822242403402925,6.880149157950655e-05,9.413929365109652e-05,6.612861034227535e-05,9.072067769011483e-05,2.6646186597645283e-05,3.65985615644604e-05,755,386
L20,Isla Laitec,2020-01-14,-43.26389,-73.57667,2.0,Mosaic_20200121_20200203.nc,7,0.0031103321816772223,0.009381563402712345,0.004267084412276745,0.007181304506957531,0.0027606782969087362,0.00427351426333189,0.0004140793171245605,0.0005641966708935797,0.00024667970137670636,0.00033822242403402925,6.880149157950655e-05,9.413929365109652e-05,6.612861034227535e-05,9.072067769011483e-05,2.6646186597645283e-05,3.65985615644604e-05,755,386
L20,Isla Laitec,2020-01-22,-43.26389,-73.57667,,Mosaic_20200121_20200203.nc,1,0.0031103321816772223,0.009381563402712345,0.004267084412276745,0.007181304506957531,0.0027606782969087362,0.00427351426333189,0.0004140793171245605,0.0005641966708935797,0.00024667970137670636,0.00033822242403402925,6.880149157950655e-05,9.413929365109652e-05,6.612861034227535e-05,9.072067769011483e-05,2.6646186597645283e-05,3.65985615644604e-05,755,386
L20,Isla Laitec,2020-01-23,-43.26389,-73.57667,,Mosaic_20200121_20200203.nc,2,0.0031103321816772223,0.009381563402712345,0.004267084412276745,0.007181304506957531,0.0027606782969087362,0.00427351426333189,0.0004140793171245605,0.0005641966708935797,0.00024667970137670636,0.00033822242403402925,6.880149157950655e-05,9.413929365109652e-05,6.612861034227535e-05,9.072067769011483e-05,2.6646186597645283e-05,3.65985615644604e-05,755,386
L20,Isla Laitec,2020-01-24,-43.26389,-73.57667,0.0,Mosaic_20200121_20200203.nc,3,0.0031103321816772223,0.009381563402712345,0.004267084412276745,0.007181304506957531,0.0027606782969087362,0.00427351426333189,0.0004140793171245605,0.0005641966708935797,0.00024667970137670636,0.00033822242403402925,6.880149157950655e-05,9.413929365109652e-05,6.612861034227535e-05,9.072067769011483e-05,2.6646186597645283e-05,3.65985615644604e-05,755,386
L20,Isla Laitec,2020-01-28,-43.26389,-73.57667,,Mosaic_20200121_20200203.nc,7,0.0031103321816772223,0.009381563402712345,0.004267084412276745,0.007181304506957531,0.0027606782969087362,0.00427351426333189,0.0004140793171245605,0.0005641966708935797,0.00024667970137670636,0.00033822242403402925,6.880149157950655e-05,9.413929365109652e-05,6.612861034227535e-05,9.072067769011483e-05,2.6646186597645283e-05,3.65985615644604e-05,755,386
L20,Isla Laitec,2020-01-29,-43.26389,-73.57667,,Mosaic_20200121_20200203.nc,8,0.0031103321816772223,0.009381563402712345,0.004267084412276745,0.007181304506957531,0.0027606782969087362,0.00427351426333189,0.0004140793171245605,0.0005641966708935797,0.00024667970137670636,0.00033822242403402925,6.880149157950655e-05,9.413929365109652e-05,6.612861034227535e-05,9.072067769011483e-05,2.6646186597645283e-05,3.65985615644604e-05,755,386
L20,Isla Laitec,2020-01-30,-43.26389,-73.57667,0.0,Mosaic_20200121_20200203.nc,9,0.0031103321816772223,0.009381563402712345,0.004267084412276745,0.007181304506957531,0.0027606782969087362,0.00427351426333189,0.0004140793171245605,0.0005641966708935797,0.00024667970137670636,0.00033822242403402925,6.880149157950655e-05,9.413929365109652e-05,6.612861034227535e-05,9.072067769011483e-05,2.6646186597645283e-05,3.65985615644604e-05,755,386
L20,Isla Laitec,2020-02-04,-43.26389,-73.57667,,Mosaic_20200210_20200223.nc,6,0.006334458012133837,0.010629091411828995,0.007349195424467325,0.00892223697155714,0.003585910890251398,0.005904771853238344,0.0004348093061707914,0.0008967872709035873,0.00026109121972694993,0.0005357867921702564,7.287522021215409e-05,0.00014728539099451154,6.914185360074043e-05,0.00014077257947064936,2.764472083072178e-05,5.621116724796593e-05,732,379
L20,Isla Laitec,2020-02-05,-43.26389,-73.57667,,Mosaic_20200210_20200223.nc,5,0.006334458012133837,0.010629091411828995,0.007349195424467325,0.00892223697155714,0.003585910890251398,0.005904771853238344,0.0004348093061707914,0.0008967872709035873,0.00026109121972694993,0.0005357867921702564,7.287522021215409e-05,0.00014728539099451154,6.914185360074043e-05,0.00014077257947064936,2.764472083072178e-05,5.621116724796593e-05,732,379
L20,Isla Laitec,2020-02-06,-43.26389,-73.57667,,Mosaic_20200210_20200223.nc,4,0.006334458012133837,0.010629091411828995,0.007349195424467325,0.00892223697155714,0.003585910890251398,0.005904771853238344,0.0004348093061707914,0.0008967872709035873,0.00026109121972694993,0.0005357867921702564,7.287522021215409e-05,0.00014728539099451154,6.914185360074043e-05,0.00014077257947064936,2.764472083072178e-05,5.621116724796593e-05,732,379
L20,Isla Laitec,2020-02-08,-43.26389,-73.57667,3.0,Mosaic_20200210_20200223.nc,2,0.006334458012133837,0.010629091411828995,0.007349195424467325,0.00892223697155714,0.003585910890251398,0.005904771853238344,0.0004348093061707914,0.0008967872709035873,0.00026109121972694993,0.0005357867921702564,7.287522021215409e-05,0.00014728539099451154,6.914185360074043e-05,0.00014077257947064936,2.764472083072178e-05,5.621116724796593e-05,732,379
L20,Isla Laitec,2020-02-11,-43.26389,-73.57667,1.0,Mosaic_20200210_20200223.nc,1,0.006334458012133837,0.010629091411828995,0.007349195424467325,0.00892223697155714,0.003585910890251398,0.005904771853238344,0.0004348093061707914,0.0008967872709035873,0.00026109121972694993,0.0005357867921702564,7.287522021215409e-05,0.00014728539099451154,6.914185360074043e-05,0.00014077257947064936,2.764472083072178e-05,5.621116724796593e-05,732,379
L20,Isla Laitec,2020-02-12,-43.26389,-73.57667,,Mosaic_20200210_20200223.nc,2,0.006334458012133837,0.010629091411828995,0.007349195424467325,0.00892223697155714,0.003585910890251398,0.005904771853238344,0.0004348093061707914,0.0008967872709035873,0.00026109121972694993,0.0005357867921702564,7.287522021215409e-05,0.00014728539099451154,6.914185360074043e-05,0.00014077257947064936,2.764472083072178e-05,5.621116724796593e-05,732,379
L20,Isla Laitec,2020-02-13,-43.26389,-73.57667,,Mosaic_20200210_20200223.nc,3,0.006334458012133837,0.010629091411828995,0.007349195424467325,0.00892223697155714,0.003585910890251398,0.005904771853238344,0.0004348093061707914,0.0008967872709035873,0.00026109121972694993,0.0005357867921702564,7.287522021215409e-05,0.00014728539099451154,6.914185360074043e-05,0.00014077257947064936,2.764472083072178e-05,5.621116724796593e-05,732,379
L20,Isla Laitec,2020-02-17,-43.26389,-73.57667,,Mosaic_20200210_20200223.nc,7,0.006334458012133837,0.010629091411828995,0.007349195424467325,0.00892223697155714,0.003585910890251398,0.005904771853238344,0.0004348093061707914,0.0008967872709035873,0.00026109121972694993,0.0005357867921702564,7.287522021215409e-05,0.00014728539099451154,6.914185360074043e-05,0.00014077257947064936,2.764472083072178e-05,5.621116724796593e-05,732,379
L20,Isla Laitec,2020-02-18,-43.26389,-73.57667,,Mosaic_20200210_20200223.nc,8,0.006334458012133837,0.010629091411828995,0.007349195424467325,0.00892223697155714,0.003585910890251398,0.005904771853238344,0.0004348093061707914,0.0008967872709035873,0.00026109121972694993,0.0005357867921702564,7.287522021215409e-05,0.00014728539099451154,6.914185360074043e-05,0.00014077257947064936,2.764472083072178e-05,5.621116724796593e-05,732,379
L20,Isla Laitec,2020-02-19,-43.26389,-73.57667,0.0,Mosaic_20200210_20200223.nc,9,0.006334458012133837,0.010629091411828995,0.007349195424467325,0.00892223697155714,0.003585910890251398,0.005904771853238344,0.0004348093061707914,0.0008967872709035873,0.00026109121972694993,0.0005357867921702564,7.287522021215409e-05,0.00014728539099451154,6.914185360074043e-05,0.00014077257947064936,2.764472083072178e-05,5.621116724796593e-05,732,379
L20,Isla Laitec,2020-02-25,-43.26389,-73.57667,,Mosaic_20200301_20200314.nc,5,0.0026559459511190653,0.00971758272498846,0.0036123793106526136,0.006534868851304054,0.0028402931056916714,0.004365846514701843,0.0004928468842990696,0.0013683978468179703,0.0002940490376204252,0.0009614820592105389,8.052626071730629e-05,0.0002853880578186363,7.667370664421469e-05,0.00028178966022096574,3.056178320548497e-05,0.00011472928599687293,755,386
L20,Isla Laitec,2020-02-26,-43.26389,-73.57667,,Mosaic_20200301_20200314.nc,4,0.0026559459511190653,0.00971758272498846,0.0036123793106526136,0.006534868851304054,0.0028402931056916714,0.004365846514701843,0.0004928468842990696,0.0013683978468179703,0.0002940490376204252,0.0009614820592105389,8.052626071730629e-05,0.0002853880578186363,7.667370664421469e-05,0.00028178966022096574,3.056178320548497e-05,0.00011472928599687293,755,386
L20,Isla Laitec,2020-02-28,-43.26389,-73.57667,0.0,Mosaic_20200301_20200314.nc,2,0.0026559459511190653,0.00971758272498846,0.0036123793106526136,0.006534868851304054,0.0028402931056916714,0.004365846514701843,0.0004928468842990696,0.0013683978468179703,0.0002940490376204252,0.0009614820592105389,8.052626071730629e-05,0.0002853880578186363,7.667370664421469e-05,0.00028178966022096574,3.056178320548497e-05,0.00011472928599687293,755,386
L20,Isla Laitec,2020-03-03,-43.26389,-73.57667,0.0,Mosaic_20200301_20200314.nc,2,0.0026559459511190653,0.00971758272498846,0.0036123793106526136,0.006534868851304054,0.0028402931056916714,0.004365846514701843,0.0004928468842990696,0.0013683978468179703,0.0002940490376204252,0.0009614820592105389,8.052626071730629e-05,0.0002853880578186363,7.667370664421469e-05,0.00028178966022096574,3.056178320548497e-05,0.00011472928599687293,755,386
L20,Isla Laitec,2020-03-04,-43.26389,-73.57667,,Mosaic_20200301_20200314.nc,3,0.0026559459511190653,0.00971758272498846,0.0036123793106526136,0.006534868851304054,0.0028402931056916714,0.004365846514701843,0.0004928468842990696,0.0013683978468179703,0.0002940490376204252,0.0009614820592105389,8.052626071730629e-05,0.0002853880578186363,7.667370664421469e-05,0.00028178966022096574,3.056178320548497e-05,0.00011472928599687293,755,386
L20,Isla Laitec,2020-03-05,-43.26389,-73.57667,,Mosaic_20200301_20200314.nc,4,0.0026559459511190653,0.00971758272498846,0.0036123793106526136,0.006534868851304054,0.0028402931056916714,0.004365846514701843,0.0004928468842990696,0.0013683978468179703,0.0002940490376204252,0.0009614820592105389,8.052626071730629e-05,0.0002853880578186363,7.667370664421469e-05,0.00028178966022096574,3.056178320548497e-05,0.00011472928599687293,755,386
L20,Isla Laitec,2020-03-10,-43.26389,-73.57667,,Mosaic_20200301_20200314.nc,9,0.0026559459511190653,0.00971758272498846,0.0036123793106526136,0.006534868851304054,0.0028402931056916714,0.004365846514701843,0.0004928468842990696,0.0013683978468179703,0.0002940490376204252,0.0009614820592105389,8.052626071730629e-05,0.0002853880578186363,7.667370664421469e-05,0.00028178966022096574,3.056178320548497e-05,0.00011472928599687293,755,386
L20,Isla Laitec,2020-03-11,-43.26389,-73.57667,,Mosaic_20200301_20200314.nc,10,0.0026559459511190653,0.00971758272498846,0.0036123793106526136,0.006534868851304054,0.0028402931056916714,0.004365846514701843,0.0004928468842990696,0.0013683978468179703,0.0002940490376204252,0.0009614820592105389,8.052626071730629e-05,0.0002853880578186363,7.667370664421469e-05,0.00028178966022096574,3.056178320548497e-05,0.00011472928599687293,755,386
L20,Isla Laitec,2020-03-12,-43.26389,-73.57667,0.0,Mosaic_20200301_20200314.nc,11,0.0026559459511190653,0.00971758272498846,0.0036123793106526136,0.006534868851304054,0.0028402931056916714,0.004365846514701843,0.0004928468842990696,0.0013683978468179703,0.0002940490376204252,0.0009614820592105389,8.052626071730629e-05,0.0002853880578186363,7.667370664421469e-05,0.00028178966022096574,3.056178320548497e-05,0.00011472928599687293,755,386
L20,Isla Laitec,2020-03-18,-43.26389,-73.57667,,Mosaic_20200324_20200406.nc,6,0.0015271198935806751,0.005692877806723118,0.0023519510868936777,0.005534705705940723,0.002409763401374221,0.003943713381886482,0.00043845229083672166,0.0007903795340098441,0.000260241940850392,0.0005645304336212575,6.993141141720116e-05,0.0001647901372052729,6.703363033011556e-05,0.00016363315808121115,2.6750944016384892e-05,6.581726484000683e-05,755,387
L20,Isla Laitec,2020-03-19,-43.26389,-73.57667,,Mosaic_20200324_20200406.nc,5,0.0015271198935806751,0.005692877806723118,0.0023519510868936777,0.005534705705940723,0.002409763401374221,0.003943713381886482,0.00043845229083672166,0.0007903795340098441,0.000260241940850392,0.0005645304336212575,6.993141141720116e-05,0.0001647901372052729,6.703363033011556e-05,0.00016363315808121115,2.6750944016384892e-05,6.581726484000683e-05,755,387
L20,Isla Laitec,2020-03-21,-43.26389,-73.57667,0.0,Mosaic_20200324_20200406.nc,3,0.0015271198935806751,0.005692877806723118,0.0023519510868936777,0.005534705705940723,0.002409763401374221,0.003943713381886482,0.00043845229083672166,0.0007903795340098441,0.000260241940850392,0.0005645304336212575,6.993141141720116e-05,0.0001647901372052729,6.703363033011556e-05,0.00016363315808121115,2.6750944016384892e-05,6.581726484000683e-05,755,387
L20,Isla Laitec,2020-05-13,-43.26389,-73.57667,,Mosaic_20200510_20200523.nc,3,0.0021445525344461203,0.0037000759039074183,0.0026693525724112988,0.004200181923806667,0.0015624860534444451,0.003081501927226782,0.00024140713503584266,0.0004879722255282104,0.00014006540004629642,0.00029352144338190556,3.814809679170139e-05,8.192797395167872e-05,3.61171223630663e-05,7.917195762274787e-05,1.4260753232520074e-05,3.198046033503488e-05,755,387
L20,Isla Laitec,2020-07-12,-43.26389,-73.57667,2.0,Mosaic_20200712_20200725.nc,0,,,,,,,,,,,,,,,,,755,0
L20,Isla Laitec,2020-07-13,-43.26389,-73.57667,,Mosaic_20200712_20200725.nc,1,,,,,,,,,,,,,,,,,755,0
L20,Isla Laitec,2020-07-15,-43.26389,-73.57667,,Mosaic_20200712_20200725.nc,3,,,,,,,,,,,,,,,,,755,0
L20,Isla Laitec,2020-07-16,-43.26389,-73.57667,1.0,Mosaic_20200712_20200725.nc,4,,,,,,,,,,,,,,,,,755,0
L20,Isla Laitec,2020-07-28,-43.26389,-73.57667,,Mosaic_20200729_20200811.nc,1,0.00436590937897563,0.008860829286277294,0.0048928228206932545,0.008566264063119888,0.0022468362003564835,0.004283345304429531,0.00031580316135659814,0.0007013465510681272,0.00018898671260103583,0.0004237420507706702,5.28131058672443e-05,0.00011783038644352928,5.044343924964778e-05,0.00011227421055082232,2.0130994016653858e-05,4.487355181481689e-05,732,379
L20,Isla Laitec,2020-07-29,-43.26389,-73.57667,,Mosaic_20200729_20200811.nc,0,0.00436590937897563,0.008860829286277294,0.0048928228206932545,0.008566264063119888,0.0022468362003564835,0.004283345304429531,0.00031580316135659814,0.0007013465510681272,0.00018898671260103583,0.0004237420507706702,5.28131058672443e-05,0.00011783038644352928,5.044343924964778e-05,0.00011227421055082232,2.0130994016653858e-05,4.487355181481689e-05,732,379
L20,Isla Laitec,2020-07-31,-43.26389,-73.57667,2.0,Mosaic_20200729_20200811.nc,2,0.00436590937897563,0.008860829286277294,0.0048928228206932545,0.008566264063119888,0.0022468362003564835,0.004283345304429531,0.00031580316135659814,0.0007013465510681272,0.00018898671260103583,0.0004237420507706702,5.28131058672443e-05,0.00011783038644352928,5.044343924964778e-05,0.00011227421055082232,2.0130994016653858e-05,4.487355181481689e-05,732,379
L20,Isla Laitec,2020-08-18,-43.26389,-73.57667,,Mosaic_20200818_20200831.nc,0,0.0027304061222821474,0.004657980985939503,0.0036817044019699097,0.006132205482572317,0.002697620540857315,0.004119368270039558,0.00045900174882262945,0.0008020311361178756,0.00027468963526189327,0.0004883583751507103,7.582927355542779e-05,0.0001332916144747287,7.24800702300854e-05,0.00012661813525483012,2.9021430236753076e-05,5.028166197007522e-05,755,386
L20,Isla Laitec,2020-08-19,-43.26389,-73.57667,0.0,Mosaic_20200818_20200831.nc,1,0.0027304061222821474,0.004657980985939503,0.0036817044019699097,0.006132205482572317,0.002697620540857315,0.004119368270039558,0.00045900174882262945,0.0008020311361178756,0.00027468963526189327,0.0004883583751507103,7.582927355542779e-05,0.0001332916144747287,7.24800702300854e-05,0.00012661813525483012,2.9021430236753076e-05,5.028166197007522e-05,755,386
L20,Isla Laitec,2020-08-20,-43.26389,-73.57667,,Mosaic_20200818_20200831.nc,2,0.0027304061222821474,0.004657980985939503,0.0036817044019699097,0.006132205482572317,0.002697620540857315,0.004119368270039558,0.00045900174882262945,0.0008020311361178756,0.00027468963526189327,0.0004883583751507103,7.582927355542779e-05,0.0001332916144747287,7.24800702300854e-05,0.00012661813525483012,2.9021430236753076e-05,5.028166197007522e-05,755,386
L20,Isla Laitec,2020-08-21,-43.26389,-73.57667,,Mosaic_20200818_20200831.nc,3,0.0027304061222821474,0.004657980985939503,0.0036817044019699097,0.006132205482572317,0.002697620540857315,0.004119368270039558,0.00045900174882262945,0.0008020311361178756,0.00027468963526189327,0.0004883583751507103,7.582927355542779e-05,0.0001332916144747287,7.24800702300854e-05,0.00012661813525483012,2.9021430236753076e-05,5.028166197007522e-05,755,386
L20,Isla Laitec,2020-08-23,-43.26389,-73.57667,0.0,Mosaic_20200818_20200831.nc,5,0.0027304061222821474,0.004657980985939503,0.0036817044019699097,0.006132205482572317,0.002697620540857315,0.004119368270039558,0.00045900174882262945,0.0008020311361178756,0.00027468963526189327,0.0004883583751507103,7.582927355542779e-05,0.0001332916144747287,7.24800702300854e-05,0.00012661813525483012,2.9021430236753076e-05,5.028166197007522e-05,755,386
L20,Isla Laitec,2020-08-24,-43.26389,-73.57667,,Mosaic_20200818_20200831.nc,6,0.0027304061222821474,0.004657980985939503,0.0036817044019699097,0.006132205482572317,0.002697620540857315,0.004119368270039558,0.00045900174882262945,0.0008020311361178756,0.00027468963526189327,0.0004883583751507103,7.582927355542779e-05,0.0001332916144747287,7.24800702300854e-05,0.00012661813525483012,2.9021430236753076e-05,5.028166197007522e-05,755,386
L20,Isla Laitec,2020-09-05,-43.26389,-73.57667,0.0,Mosaic_20200917_20200930.nc,12,0.0010748740751296282,0.0018940841546282172,0.0017597211990505457,0.0031759007833898067,0.0022027799859642982,0.0050810640677809715,0.00042905029840767384,0.0022702491842210293,0.0002558863488957286,0.0017561065033078194,6.815973029006273e-05,0.00054779346100986,6.530696555273607e-05,0.0005457027582451701,2.596007652755361e-05,0.00021990211098454893,755,386
L20,Isla Laitec,2020-09-21,-43.26389,-73.57667,,Mosaic_20200917_20200930.nc,4,0.0010748740751296282,0.0018940841546282172,0.0017597211990505457,0.0031759007833898067,0.0022027799859642982,0.0050810640677809715,0.00042905029840767384,0.0022702491842210293,0.0002558863488957286,0.0017561065033078194,6.815973029006273e-05,0.00054779346100986,6.530696555273607e-05,0.0005457027582451701,2.596007652755361e-05,0.00021990211098454893,755,386
L20,Isla Laitec,2020-09-22,-43.26389,-73.57667,2.0,Mosaic_20200917_20200930.nc,5,0.0010748740751296282,0.0018940841546282172,0.0017597211990505457,0.0031759007833898067,0.0022027799859642982,0.0050810640677809715,0.00042905029840767384,0.0022702491842210293,0.0002558863488957286,0.0017561065033078194,6.815973029006273e-05,0.00054779346100986,6.530696555273607e-05,0.0005457027582451701,2.596007652755361e-05,0.00021990211098454893,755,386
L20,Isla Laitec,2020-09-23,-43.26389,-73.57667,,Mosaic_20200917_20200930.nc,6,0.0010748740751296282,0.0018940841546282172,0.0017597211990505457,0.0031759007833898067,0.0022027799859642982,0.0050810640677809715,0.00042905029840767384,0.0022702491842210293,0.0002558863488957286,0.0017561065033078194,6.815973029006273e-05,0.00054779346100986,6.530696555273607e-05,0.0005457027582451701,2.596007652755361e-05,0.00021990211098454893,755,386
L20,Isla Laitec,2020-09-24,-43.26389,-73.57667,,Mosaic_20200917_20200930.nc,7,0.0010748740751296282,0.0018940841546282172,0.0017597211990505457,0.0031759007833898067,0.0022027799859642982,0.0050810640677809715,0.00042905029840767384,0.0022702491842210293,0.0002558863488957286,0.0017561065033078194,6.815973029006273e-05,0.00054779346100986,6.530696555273607e-05,0.0005457027582451701,2.596007652755361e-05,0.00021990211098454893,755,386
L20,Isla Laitec,2020-09-25,-43.26389,-73.57667,3.0,Mosaic_20200917_20200930.nc,8,0.0010748740751296282,0.0018940841546282172,0.0017597211990505457,0.0031759007833898067,0.0022027799859642982,0.0050810640677809715,0.00042905029840767384,0.0022702491842210293,0.0002558863488957286,0.0017561065033078194,6.815973029006273e-05,0.00054779346100986,6.530696555273607e-05,0.0005457027582451701,2.596007652755361e-05,0.00021990211098454893,755,386
L20,Isla Laitec,2020-09-26,-43.26389,-73.57667,,Mosaic_20200917_20200930.nc,9,0.0010748740751296282,0.0018940841546282172,0.0017597211990505457,0.0031759007833898067,0.0022027799859642982,0.0050810640677809715,0.00042905029840767384,0.0022702491842210293,0.0002558863488957286,0.0017561065033078194,6.815973029006273e-05,0.00054779346100986,6.530696555273607e-05,0.0005457027582451701,2.596007652755361e-05,0.00021990211098454893,755,386
L20,Isla Laitec,2020-10-06,-43.26389,-73.57667,,Mosaic_20201010_20201023.nc,4,0.0015780359972268343,0.003064354183152318,0.0023789149709045887,0.004688845481723547,0.0025750878266990185,0.003947563003748655,0.0005182884051464498,0.0007383011979982257,0.00031269638566300273,0.0005377622437663376,8.432173490291461e-05,0.0001654213119763881,8.081005944404751e-05,0.0001640120317460969,3.220256985514425e-05,6.676246266579255e-05,755,386
L20,Isla Laitec,2020-10-08,-43.26389,-73.57667,,Mosaic_20201010_20201023.nc,2,0.0015780359972268343,0.003064354183152318,0.0023789149709045887,0.004688845481723547,0.0025750878266990185,0.003947563003748655,0.0005182884051464498,0.0007383011979982257,0.00031269638566300273,0.0005377622437663376,8.432173490291461e-05,0.0001654213119763881,8.081005944404751e-05,0.0001640120317460969,3.220256985514425e-05,6.676246266579255e-05,755,386
L20,Isla Laitec,2020-10-09,-43.26389,-73.57667,,Mosaic_20201010_20201023.nc,1,0.0015780359972268343,0.003064354183152318,0.0023789149709045887,0.004688845481723547,0.0025750878266990185,0.003947563003748655,0.0005182884051464498,0.0007383011979982257,0.00031269638566300273,0.0005377622437663376,8.432173490291461e-05,0.0001654213119763881,8.081005944404751e-05,0.0001640120317460969,3.220256985514425e-05,6.676246266579255e-05,755,386
L20,Isla Laitec,2020-10-11,-43.26389,-73.57667,2.0,Mosaic_20201010_20201023.nc,1,0.0015780359972268343,0.003064354183152318,0.0023789149709045887,0.004688845481723547,0.0025750878266990185,0.003947563003748655,0.0005182884051464498,0.0007383011979982257,0.00031269638566300273,0.0005377622437663376,8.432173490291461e-05,0.0001654213119763881,8.081005944404751e-05,0.0001640120317460969,3.220256985514425e-05,6.676246266579255e-05,755,386
L20,Isla Laitec,2020-10-20,-43.26389,-73.57667,0.0,Mosaic_20201010_20201023.nc,10,0.0015780359972268343,0.003064354183152318,0.0023789149709045887,0.004688845481723547,0.0025750878266990185,0.003947563003748655,0.0005182884051464498,0.0007383011979982257,0.00031269638566300273,0.0005377622437663376,8.432173490291461e-05,0.0001654213119763881,8.081005944404751e-05,0.0001640120317460969,3.220256985514425e-05,6.676246266579255e-05,755,386
L20,Isla Laitec,2020-10-21,-43.26389,-73.57667,,Mosaic_20201030_20201112.nc,9,0.0010327128693461418,0.0021153222769498825,0.001655614236369729,0.0034662827383726835,0.0021964223124086857,0.003425877308472991,0.0004534682957455516,0.0006431634537875652,0.0002757002366706729,0.0003914512344636023,7.452378486050293e-05,0.00010739255230873823,7.148623990360647e-05,0.00010378814477007836,2.8499405743787065e-05,4.175308276899159e-05,755,386
L20,Isla Laitec,2020-10-22,-43.26389,-73.57667,,Mosaic_20201030_20201112.nc,8,0.0010327128693461418,0.0021153222769498825,0.001655614236369729,0.0034662827383726835,0.0021964223124086857,0.003425877308472991,0.0004534682957455516,0.0006431634537875652,0.0002757002366706729,0.0003914512344636023,7.452378486050293e-05,0.00010739255230873823,7.148623990360647e-05,0.00010378814477007836,2.8499405743787065e-05,4.175308276899159e-05,755,386
L20,Isla Laitec,2020-10-23,-43.26389,-73.57667,,Mosaic_20201030_20201112.nc,7,0.0010327128693461418,0.0021153222769498825,0.001655614236369729,0.0034662827383726835,0.0021964223124086857,0.003425877308472991,0.0004534682957455516,0.0006431634537875652,0.0002757002366706729,0.0003914512344636023,7.452378486050293e-05,0.00010739255230873823,7.148623990360647e-05,0.00010378814477007836,2.8499405743787065e-05,4.175308276899159e-05,755,386
L20,Isla Laitec,2020-11-05,-43.26389,-73.57667,,Mosaic_20201030_20201112.nc,6,0.0010327128693461418,0.0021153222769498825,0.001655614236369729,0.0034662827383726835,0.0021964223124086857,0.003425877308472991,0.0004534682957455516,0.0006431634537875652,0.0002757002366706729,0.0003914512344636023,7.452378486050293e-05,0.00010739255230873823,7.148623990360647e-05,0.00010378814477007836,2.8499405743787065e-05,4.175308276899159e-05,755,386
L20,Isla Laitec,2020-11-07,-43.26389,-73.57667,,Mosaic_20201030_20201112.nc,8,0.0010327128693461418,0.0021153222769498825,0.001655614236369729,0.0034662827383726835,0.0021964223124086857,0.003425877308472991,0.0004534682957455516,0.0006431634537875652,0.0002757002366706729,0.0003914512344636023,7.452378486050293e-05,0.00010739255230873823,7.148623990360647e-05,0.00010378814477007836,2.8499405743787065e-05,4.175308276899159e-05,755,386
L20,Isla Laitec,2020-11-08,-43.26389,-73.57667,,Mosaic_20201116_20201129.nc,8,0.005520017817616463,0.006769568659365177,0.0070892078801989555,0.008402419276535511,0.004789499565958977,0.00620424747467041,0.0008432780159637332,0.0012300481321290135,0.0005126163014210761,0.0007546973647549748,0.00014374118472915143,0.00020882993703708053,0.0001379457098664716,0.00020062390831299126,5.544201485463418e-05,8.006085408851504e-05,734,385
L20,Isla Laitec,2020-11-10,-43.26389,-73.57667,0.0,Mosaic_20201116_20201129.nc,6,0.005520017817616463,0.006769568659365177,0.0070892078801989555,0.008402419276535511,0.004789499565958977,0.00620424747467041,0.0008432780159637332,0.0012300481321290135,0.0005126163014210761,0.0007546973647549748,0.00014374118472915143,0.00020882993703708053,0.0001379457098664716,0.00020062390831299126,5.544201485463418e-05,8.006085408851504e-05,734,385
L20,Isla Laitec,2020-12-02,-43.26389,-73.57667,,Mosaic_20201206_20201219.nc,4,0.0028309477493166924,0.004227110650390387,0.003687213407829404,0.005626107100397348,0.002914832206442952,0.004734125919640064,0.0005435446510091424,0.0009831060888245702,0.0003273702459409833,0.0006085264612920582,9.043527097674087e-05,0.0001673177321208641,8.610738586867228e-05,0.00015992310363799334,3.439109059399925e-05,6.369592301780358e-05,755,369
L20,Isla Laitec,2020-12-03,-43.26389,-73.57667,,Mosaic_20201206_20201219.nc,3,0.0028309477493166924,0.004227110650390387,0.003687213407829404,0.005626107100397348,0.002914832206442952,0.004734125919640064,0.0005435446510091424,0.0009831060888245702,0.0003273702459409833,0.0006085264612920582,9.043527097674087e-05,0.0001673177321208641,8.610738586867228e-05,0.00015992310363799334,3.439109059399925e-05,6.369592301780358e-05,755,369
L20,Isla Laitec,2020-12-04,-43.26389,-73.57667,2.0,Mosaic_20201206_20201219.nc,2,0.0028309477493166924,0.004227110650390387,0.003687213407829404,0.005626107100397348,0.002914832206442952,0.004734125919640064,0.0005435446510091424,0.0009831060888245702,0.0003273702459409833,0.0006085264612920582,9.043527097674087e-05,0.0001673177321208641,8.610738586867228e-05,0.00015992310363799334,3.439109059399925e-05,6.369592301780358e-05,755,369
L20,Isla Laitec,2020-12-16,-43.26389,-73.57667,,Mosaic_20201206_20201219.nc,10,0.0028309477493166924,0.004227110650390387,0.003687213407829404,0.005626107100397348,0.002914832206442952,0.004734125919640064,0.0005435446510091424,0.0009831060888245702,0.0003273702459409833,0.0006085264612920582,9.043527097674087e-05,0.0001673177321208641,8.610738586867228e-05,0.00015992310363799334,3.439109059399925e-05,6.369592301780358e-05,755,369
L20,Isla Laitec,2020-12-17,-43.26389,-73.57667,,Mosaic_20201206_20201219.nc,11,0.0028309477493166924,0.004227110650390387,0.003687213407829404,0.005626107100397348,0.002914832206442952,0.004734125919640064,0.0005435446510091424,0.0009831060888245702,0.0003273702459409833,0.0006085264612920582,9.043527097674087e-05,0.0001673177321208641,8.610738586867228e-05,0.00015992310363799334,3.439109059399925e-05,6.369592301780358e-05,755,369
L20,Isla Laitec,2020-12-18,-43.26389,-73.57667,,Mosaic_20201206_20201219.nc,12,0.0028309477493166924,0.004227110650390387,0.003687213407829404,0.005626107100397348,0.002914832206442952,0.004734125919640064,0.0005435446510091424,0.0009831060888245702,0.0003273702459409833,0.0006085264612920582,9.043527097674087e-05,0.0001673177321208641,8.610738586867228e-05,0.00015992310363799334,3.439109059399925e-05,6.369592301780358e-05,755,369
L20,Isla Laitec,2022-01-19,-43.26389,-73.57667,0.0,Mosaic_20220130_20220212.nc,11,,,,,,,,,,,,,,,,,755,0
L20,Isla Laitec,2022-02-01,-43.26389,-73.57667,0.0,Mosaic_20220130_20220212.nc,2,,,,,,,,,,,,,,,,,755,0
L20N1,Bco. Velahue,2015-11-11,-43.19611,-73.52389,1.0,Mosaic_20151123_20151206.nc,12,0.004095049574971199,0.010829584673047066,0.004765539430081844,0.010816273279488087,0.0024104679469019175,0.00947307888418436,0.0003223522217012942,0.007006483618170023,0.0001920530921779573,0.006388944573700428,5.3597770602209494e-05,0.0024828407913446426,5.110133133712225e-05,0.0025166936684399843,2.0421386579982936e-05,0.0010024076327681541,732,446
L20N1,Bco. Velahue,2015-11-26,-43.19611,-73.52389,1.0,Mosaic_20151123_20151206.nc,3,0.004095049574971199,0.010829584673047066,0.004765539430081844,0.010816273279488087,0.0024104679469019175,0.00947307888418436,0.0003223522217012942,0.007006483618170023,0.0001920530921779573,0.006388944573700428,5.3597770602209494e-05,0.0024828407913446426,5.110133133712225e-05,0.0025166936684399843,2.0421386579982936e-05,0.0010024076327681541,732,446
L20N1,Bco. Velahue,2015-12-02,-43.19611,-73.52389,0.0,Mosaic_20151123_20151206.nc,9,0.004095049574971199,0.010829584673047066,0.004765539430081844,0.010816273279488087,0.0024104679469019175,0.00947307888418436,0.0003223522217012942,0.007006483618170023,0.0001920530921779573,0.006388944573700428,5.3597770602209494e-05,0.0024828407913446426,5.110133133712225e-05,0.0025166936684399843,2.0421386579982936e-05,0.0010024076327681541,732,446
L20N1,Bco. Velahue,2015-12-20,-43.19611,-73.52389,0.0,Mosaic_20151223_20160105.nc,3,0.0008894645143300295,0.0018981192260980606,0.0015247426927089691,0.0036577496211975813,0.003143531735986471,0.008264671079814434,0.0011579100973904133,0.002663347404450178,0.0008102876599878073,0.0018420579144731164,0.00024052977096289396,0.0005195579724386334,0.00023737580340821296,0.0005151471705175936,9.639136987971142e-05,0.00020625031902454793,755,654
L20N1,Bco. Velahue,2016-01-25,-43.19611,-73.52389,4.0,Mosaic_20160204_20160217.nc,10,0.0011134997475892305,0.004384165164083242,0.001945356372743845,0.007635926827788353,0.00393106322735548,0.016525201499462128,0.0013252203352749348,0.007255700416862965,0.0008935373043641448,0.005448184907436371,0.00025221920805051923,0.0016290157800540328,0.0002472972555551678,0.0016130658332258463,9.948404476745054e-05,0.0006261207745410502,757,656
L20N1,Bco. Velahue,2016-02-06,-43.19611,-73.52389,3.0,Mosaic_20160204_20160217.nc,2,0.0011134997475892305,0.004384165164083242,0.001945356372743845,0.007635926827788353,0.00393106322735548,0.016525201499462128,0.0013252203352749348,0.007255700416862965,0.0008935373043641448,0.005448184907436371,0.00025221920805051923,0.0016290157800540328,0.0002472972555551678,0.0016130658332258463,9.948404476745054e-05,0.0006261207745410502,757,656
L20N1,Bco. Velahue,2016-02-13,-43.19611,-73.52389,4.0,Mosaic_20160204_20160217.nc,9,0.0011134997475892305,0.004384165164083242,0.001945356372743845,0.007635926827788353,0.00393106322735548,0.016525201499462128,0.0013252203352749348,0.007255700416862965,0.0008935373043641448,0.005448184907436371,0.00025221920805051923,0.0016290157800540328,0.0002472972555551678,0.0016130658332258463,9.948404476745054e-05,0.0006261207745410502,757,656
L20N1,Bco. Velahue,2016-02-22,-43.19611,-73.52389,4.0,Mosaic_20160305_20160318.nc,12,0.0007391182007268071,0.006095838733017445,0.0013088635168969631,0.009914021007716656,0.0031739287078380585,0.02061268873512745,0.0013711533974856138,0.011340913362801075,0.0009951959364116192,0.009144037961959839,0.0003012409433722496,0.0028950136620551348,0.00030022062128409743,0.00287524308077991,0.00012269982835277915,0.0011046516010537744,757,656
L20N1,Bco. Velahue,2016-03-09,-43.19611,-73.52389,5.0,Mosaic_20160305_20160318.nc,4,0.0007391182007268071,0.006095838733017445,0.0013088635168969631,0.009914021007716656,0.0031739287078380585,0.02061268873512745,0.0013711533974856138,0.011340913362801075,0.0009951959364116192,0.009144037961959839,0.0003012409433722496,0.0028950136620551348,0.00030022062128409743,0.00287524308077991,0.00012269982835277915,0.0011046516010537744,757,656
L20N1,Bco. Velahue,2016-03-16,-43.19611,-73.52389,3.0,Mosaic_20160305_20160318.nc,11,0.0007391182007268071,0.006095838733017445,0.0013088635168969631,0.009914021007716656,0.0031739287078380585,0.02061268873512745,0.0013711533974856138,0.011340913362801075,0.0009951959364116192,0.009144037961959839,0.0003012409433722496,0.0028950136620551348,0.00030022062128409743,0.00287524308077991,0.00012269982835277915,0.0011046516010537744,757,656
L20N1,Bco. Velahue,2016-04-01,-43.19611,-73.52389,1.0,Mosaic_20160404_20160417.nc,3,0.0006463509052991867,0.002555642044171691,0.0009558088495396078,0.003451721277087927,0.001314228167757392,0.004533428233116865,0.0004974749754182994,0.0019022291526198387,0.0003381835122127086,0.0014986927853897214,0.00010095804464071989,0.00048226426588371396,9.788603347260505e-05,0.0004837546148337424,3.930704406229779e-05,0.00020074589701835066,732,296
L20N1,Bco. Velahue,2016-04-08,-43.19611,-73.52389,2.0,Mosaic_20160404_20160417.nc,4,0.0006463509052991867,0.002555642044171691,0.0009558088495396078,0.003451721277087927,0.001314228167757392,0.004533428233116865,0.0004974749754182994,0.0019022291526198387,0.0003381835122127086,0.0014986927853897214,0.00010095804464071989,0.00048226426588371396,9.788603347260505e-05,0.0004837546148337424,3.930704406229779e-05,0.00020074589701835066,732,296
L20N1,Bco. Velahue,2016-06-04,-43.19611,-73.52389,0.0,Mosaic_20160613_20160626.nc,9,0.003584446618333459,0.006474202033132315,0.005202632397413254,0.009576552547514439,0.005519497208297253,0.015841947868466377,0.0011254672426730394,0.009525579400360584,0.0006856820546090603,0.007332053501158953,0.00018090393859893084,0.002239868976175785,0.0001727629714878276,0.0022108929697424173,6.802908319514245e-05,0.0008551038336008787,732,655
L20N1,Bco. Velahue,2016-06-16,-43.19611,-73.52389,1.0,Mosaic_20160613_20160626.nc,3,0.003584446618333459,0.006474202033132315,0.005202632397413254,0.009576552547514439,0.005519497208297253,0.015841947868466377,0.0011254672426730394,0.009525579400360584,0.0006856820546090603,0.007332053501158953,0.00018090393859893084,0.002239868976175785,0.0001727629714878276,0.0022108929697424173,6.802908319514245e-05,0.0008551038336008787,732,655
L20N1,Bco. Velahue,2016-06-21,-43.19611,-73.52389,0.0,Mosaic_20160613_20160626.nc,8,0.003584446618333459,0.006474202033132315,0.005202632397413254,0.009576552547514439,0.005519497208297253,0.015841947868466377,0.0011254672426730394,0.009525579400360584,0.0006856820546090603,0.007332053501158953,0.00018090393859893084,0.002239868976175785,0.0001727629714878276,0.0022108929697424173,6.802908319514245e-05,0.0008551038336008787,732,655
L20N1,Bco. Velahue,2016-07-05,-43.19611,-73.52389,1.0,Mosaic_20160703_20160716.nc,2,0.0016495820600539446,0.004349829629063606,0.002315554767847061,0.006433355621993542,0.0017580970888957381,0.009571095928549767,0.00028007786022499204,0.0030833177734166384,0.0001635051448829472,0.00206931633874774,4.436192466528155e-05,0.0005604132311418653,4.2216674046358094e-05,0.0005391127779148519,1.670085111982189e-05,0.0002097191463690251,732,655
L20N1,Bco. Velahue,2016-07-19,-43.19611,-73.52389,2.0,Mosaic_20160723_20160805.nc,4,0.0029636756516993046,0.006277227308601141,0.004421055782586336,0.009324409998953342,0.0061438907869160175,0.016631826758384705,0.0015246233670040965,0.011213792487978935,0.0009579092729836702,0.00885779783129692,0.00025357442791573703,0.0028367957565933466,0.00024300639051944017,0.0028631272725760937,9.569906251272187e-05,0.0011295551666989923,732,655
L20N1,Bco. Velahue,2016-08-20,-43.19611,-73.52389,2.0,Mosaic_20160819_20160901.nc,1,0.002445458434522152,0.009931364096701145,0.0034966974053531885,0.011484106071293354,0.00339589174836874,0.013955827802419662,0.0006471965461969376,0.006155217997729778,0.0003886787744704634,0.00439479760825634,0.00010531747830100358,0.0012331014731898904,0.00010062960791401565,0.001199849764816463,4.029242700198665e-05,0.000462213036371395,739,616
L20N1,Bco. Velahue,2016-09-03,-43.19611,-73.52389,2.0,Mosaic_20160908_20160921.nc,5,,,,,,,,,,,,,,,,,755,0
L20N1,Bco. Velahue,2016-10-07,-43.19611,-73.52389,2.0,Mosaic_20160928_20161011.nc,9,0.003839912125840783,0.009987709112465382,0.00494688656181097,0.013618145138025284,0.0029747351072728634,0.020150793716311455,0.00041308708023279905,0.007587348110973835,0.0002453924680594355,0.005348367616534233,6.808880425523967e-05,0.0014856229536235332,6.483783363364637e-05,0.0014389859279617667,2.5969502530642785e-05,0.0005529103218577802,755,654
L20N1,Bco. Velahue,2016-10-21,-43.19611,-73.52389,2.0,Mosaic_20161018_20161031.nc,3,0.0043929810635745525,0.0086751040071249,0.005858372896909714,0.01213499903678894,0.00405840901657939,0.01615578681230545,0.0006771183107048273,0.004877720959484577,0.00040663668187335134,0.00331577705219388,0.00011284746142337099,0.000907531357370317,0.00010812393156811595,0.0008747165556997061,4.337479185778648e-05,0.00033774159965105355,739,616
L20N1,Bco. Velahue,2016-11-10,-43.19611,-73.52389,4.0,Mosaic_20161107_20161120.nc,3,0.004475435242056847,0.009265866130590439,0.00611653458327055,0.013462183065712452,0.00523349130526185,0.021865012124180794,0.00101391039788723,0.01183243840932846,0.000618345569819212,0.009305358864367008,0.00017043121624737978,0.003273608395829797,0.00016369434888474643,0.0033242707140743732,6.545746146002784e-05,0.0013148734578862786,755,654
L20N1,Bco. Velahue,2016-11-18,-43.19611,-73.52389,3.0,Mosaic_20161107_20161120.nc,11,0.004475435242056847,0.009265866130590439,0.00611653458327055,0.013462183065712452,0.00523349130526185,0.021865012124180794,0.00101391039788723,0.01183243840932846,0.000618345569819212,0.009305358864367008,0.00017043121624737978,0.003273608395829797,0.00016369434888474643,0.0033242707140743732,6.545746146002784e-05,0.0013148734578862786,755,654
L20N1,Bco. Velahue,2016-11-26,-43.19611,-73.52389,4.0,Mosaic_20161130_20161213.nc,4,0.0009576458251103759,0.0029154487419873476,0.001602563657797873,0.0048985849134624004,0.0025879917666316032,0.010340510867536068,0.0006682037492282689,0.005574286915361881,0.0004224786825943738,0.0044171190820634365,0.00011556501704035327,0.0013995155459269881,0.00011197934509254992,0.0013981821248307824,4.490721767069772e-05,0.00055293133482337,732,655
L20N1,Bco. Velahue,2016-12-07,-43.19611,-73.52389,2.0,Mosaic_20161130_20161213.nc,7,0.0009576458251103759,0.0029154487419873476,0.001602563657797873,0.0048985849134624004,0.0025879917666316032,0.010340510867536068,0.0006682037492282689,0.005574286915361881,0.0004224786825943738,0.0044171190820634365,0.00011556501704035327,0.0013995155459269881,0.00011197934509254992,0.0013981821248307824,4.490721767069772e-05,0.00055293133482337,732,655
L20N1,Bco. Velahue,2016-12-14,-43.19611,-73.52389,4.0,Mosaic_20161217_20161230.nc,3,,,,,,,,,,,,,,,,,732,0
L20N1,Bco. Velahue,2017-01-16,-43.19611,-73.52389,0.0,Mosaic_20170126_20170208.nc,10,0.002726350212469697,0.0037058854941278696,0.0037397935520857573,0.005726946983486414,0.003110951278358698,0.009183690883219242,0.0005784823442809284,0.0031823653262108564,0.0003475249104667455,0.0021281044464558363,9.549135575070977e-05,0.0005839560180902481,9.115951252169907e-05,0.0005682791233994067,3.640606519184075e-05,0.00022339783026836812,732,655
L20N1,Bco. Velahue,2017-01-25,-43.19611,-73.52389,1.0,Mosaic_20170126_20170208.nc,1,0.002726350212469697,0.0037058854941278696,0.0037397935520857573,0.005726946983486414,0.003110951278358698,0.009183690883219242,0.0005784823442809284,0.0031823653262108564,0.0003475249104667455,0.0021281044464558363,9.549135575070977e-05,0.0005839560180902481,9.115951252169907e-05,0.0005682791233994067,3.640606519184075e-05,0.00022339783026836812,732,655
L20N1,Bco. Velahue,2017-02-06,-43.19611,-73.52389,0.0,Mosaic_20170215_20170228.nc,9,0.0035365531221032143,0.006974067073315382,0.005145218688994646,0.009123973548412323,0.004482573829591274,0.010543989017605782,0.0007930835708975792,0.002596585312858224,0.00048349626013077796,0.0016695396043360233,0.0001315953122684732,0.00047944142716005445,0.00012744920968543738,0.00047445661039091647,5.1207833166699857e-05,0.00018906465265899897,732,429
L20N1,Bco. Velahue,2017-02-15,-43.19611,-73.52389,0.0,Mosaic_20170215_20170228.nc,0,0.0035365531221032143,0.006974067073315382,0.005145218688994646,0.009123973548412323,0.004482573829591274,0.010543989017605782,0.0007930835708975792,0.002596585312858224,0.00048349626013077796,0.0016695396043360233,0.0001315953122684732,0.00047944142716005445,0.00012744920968543738,0.00047445661039091647,5.1207833166699857e-05,0.00018906465265899897,732,429
L20N1,Bco. Velahue,2017-02-25,-43.19611,-73.52389,0.0,Mosaic_20170215_20170228.nc,10,0.0035365531221032143,0.006974067073315382,0.005145218688994646,0.009123973548412323,0.004482573829591274,0.010543989017605782,0.0007930835708975792,0.002596585312858224,0.00048349626013077796,0.0016695396043360233,0.0001315953122684732,0.00047944142716005445,0.00012744920968543738,0.00047445661039091647,5.1207833166699857e-05,0.00018906465265899897,732,429
L20N1,Bco. Velahue,2017-03-06,-43.19611,-73.52389,2.0,Mosaic_20170317_20170330.nc,11,0.005926473066210747,0.010853668674826622,0.008314588107168674,0.01475194375962019,0.009128567762672901,0.019849814474582672,0.0016993924509733915,0.007529528811573982,0.0010341834276914597,0.005963485222309828,0.0002754353336058557,0.0020541627891361713,0.0002624501648824662,0.002065659500658512,0.00010311005462426692,0.0008164347964338958,732,655
L20N1,Bco. Velahue,2017-03-14,-43.19611,-73.52389,0.0,Mosaic_20170317_20170330.nc,3,0.005926473066210747,0.010853668674826622,0.008314588107168674,0.01475194375962019,0.009128567762672901,0.019849814474582672,0.0016993924509733915,0.007529528811573982,0.0010341834276914597,0.005963485222309828,0.0002754353336058557,0.0020541627891361713,0.0002624501648824662,0.002065659500658512,0.00010311005462426692,0.0008164347964338958,732,655
L20N1,Bco. Velahue,2017-03-20,-43.19611,-73.52389,0.0,Mosaic_20170317_20170330.nc,3,0.005926473066210747,0.010853668674826622,0.008314588107168674,0.01475194375962019,0.009128567762672901,0.019849814474582672,0.0016993924509733915,0.007529528811573982,0.0010341834276914597,0.005963485222309828,0.0002754353336058557,0.0020541627891361713,0.0002624501648824662,0.002065659500658512,0.00010311005462426692,0.0008164347964338958,732,655
L20N1,Bco. Velahue,2017-04-03,-43.19611,-73.52389,0.0,Mosaic_20170409_20170422.nc,6,0.003842231584712863,0.007871870882809162,0.005252452567219734,0.011412623338401318,0.004528474994003773,0.017170285806059837,0.0008492398774251342,0.007468061055988073,0.0005148534546606243,0.005375280044972897,0.00013969458814244717,0.001537879346869886,0.0001340870512649417,0.0015003593871369958,5.3419204050442204e-05,0.0005788144771941006,732,655
L20N1,Bco. Velahue,2017-04-12,-43.19611,-73.52389,0.0,Mosaic_20170409_20170422.nc,3,0.003842231584712863,0.007871870882809162,0.005252452567219734,0.011412623338401318,0.004528474994003773,0.017170285806059837,0.0008492398774251342,0.007468061055988073,0.0005148534546606243,0.005375280044972897,0.00013969458814244717,0.001537879346869886,0.0001340870512649417,0.0015003593871369958,5.3419204050442204e-05,0.0005788144771941006,732,655
L20N1,Bco. Velahue,2017-04-21,-43.19611,-73.52389,1.0,Mosaic_20170409_20170422.nc,12,0.003842231584712863,0.007871870882809162,0.005252452567219734,0.011412623338401318,0.004528474994003773,0.017170285806059837,0.0008492398774251342,0.007468061055988073,0.0005148534546606243,0.005375280044972897,0.00013969458814244717,0.001537879346869886,0.0001340870512649417,0.0015003593871369958,5.3419204050442204e-05,0.0005788144771941006,732,655
L20N1,Bco. Velahue,2017-05-08,-43.19611,-73.52389,0.0,Mosaic_20170509_20170522.nc,1,0.0010574532207101583,0.0030710073187947273,0.001683926093392074,0.005275796167552471,0.00223073223605752,0.010586182586848736,0.0005138948909007013,0.0041358741000294685,0.0003120164037682116,0.002930039307102561,8.261096081696451e-05,0.0008631019154563546,7.904665835667402e-05,0.0008538697147741914,3.126038427581079e-05,0.00033729893038980663,755,654
L20N1,Bco. Velahue,2017-05-23,-43.19611,-73.52389,0.0,Mosaic_20170526_20170608.nc,3,0.004309933632612228,0.007294064853340387,0.006036342121660709,0.01050484273582697,0.008191155269742012,0.018143964931368828,0.002185281366109848,0.012983027845621109,0.0013866734225302935,0.01041577011346817,0.0003675469197332859,0.0033577163703739643,0.0003501202736515552,0.0033329890575259924,0.00013693093205802143,0.0012901880545541644,755,654
L20N1,Bco. Velahue,2017-05-30,-43.19611,-73.52389,1.0,Mosaic_20170526_20170608.nc,4,0.004309933632612228,0.007294064853340387,0.006036342121660709,0.01050484273582697,0.008191155269742012,0.018143964931368828,0.002185281366109848,0.012983027845621109,0.0013866734225302935,0.01041577011346817,0.0003675469197332859,0.0033577163703739643,0.0003501202736515552,0.0033329890575259924,0.00013693093205802143,0.0012901880545541644,755,654
L20N1,Bco. Velahue,2017-07-04,-43.19611,-73.52389,1.0,Mosaic_20170710_20170723.nc,6,0.004269312601536512,0.006113765295594931,0.005943879019469023,0.008168978616595268,0.007151206023991108,0.012201347388327122,0.0017320543993264437,0.007264178711920977,0.0010803461773321033,0.0064680068753659725,0.0002859098312910646,0.0023509832099080086,0.0002730721898842603,0.0023830824065953493,0.0001072516170097515,0.0009529719827696681,755,639
L20N1,Bco. Velahue,2017-07-31,-43.19611,-73.52389,2.0,Mosaic_20170725_20170807.nc,6,0.0051673464477062225,0.007532899267971516,0.007176758721470833,0.010059584863483906,0.008881676942110062,0.012987084686756134,0.0020720292814075947,0.007183439563959837,0.0012964850757271051,0.006401554215699434,0.00034582335501909256,0.0022696920204907656,0.00032964153797365725,0.0022912591230124235,0.0001290634390898049,0.0009056224371306598,732,654
L20N1,Bco. Velahue,2017-08-26,-43.19611,-73.52389,1.0,Mosaic_20170829_20170911.nc,3,0.0068894363939762115,0.011057108640670776,0.008975462056696415,0.014626787975430489,0.00812305323779583,0.018424274399876595,0.001540148863568902,0.006731355097144842,0.0009406892349943519,0.004834298975765705,0.00025457286392338574,0.001404175884090364,0.0002422724210191518,0.0013695895904675126,9.567133383825421e-05,0.0005321710486896336,755,654
L20N1,Bco. Velahue,2017-09-25,-43.19611,-73.52389,1.0,Mosaic_20171001_20171014.nc,6,0.0018603252246975899,0.0070481132715940475,0.0029181507416069508,0.010545960627496243,0.003981202840805054,0.019378094002604485,0.0009393228683620691,0.012480668723583221,0.0005870957975275815,0.011765789240598679,0.00015873636584728956,0.004600354935973883,0.00015332858311012387,0.004720612894743681,6.131263944553211e-05,0.0018522280734032393,757,656
L20N1,Bco. Velahue,2017-10-10,-43.19611,-73.52389,0.0,Mosaic_20171018_20171031.nc,8,,,,,,,,,,,,,,,,,755,0
L20N1,Bco. Velahue,2017-10-24,-43.19611,-73.52389,0.0,Mosaic_20171018_20171031.nc,6,,,,,,,,,,,,,,,,,755,0
L20N1,Bco. Velahue,2017-11-06,-43.19611,-73.52389,0.0,Mosaic_20171102_20171115.nc,4,0.002274211961776018,0.004851964768022299,0.0036234341096132994,0.00719489436596632,0.003514242358505726,0.010155797936022282,0.0005545593448914587,0.0026313106063753366,0.000327795569319278,0.001714768703095615,8.885413990356028e-05,0.0004620385589078069,8.564555901102722e-05,0.0004532633174676448,3.4373937523923814e-05,0.00018012544023804367,739,615
L20N1,Bco. Velahue,2017-11-28,-43.19611,-73.52389,1.0,Mosaic_20171205_20171218.nc,7,0.0010217138333246112,0.0036890015471726656,0.001706569455564022,0.006325772497802973,0.00285601825453341,0.013286958448588848,0.0007618864183314145,0.0059372796677052975,0.0004857800668105483,0.004900661762803793,0.00013368295913096517,0.001627944759093225,0.0001295156398555264,0.0016358073335140944,5.211990719544701e-05,0.0006514358101412654,732,655
L20N1,Bco. Velahue,2017-12-05,-43.19611,-73.52389,0.0,Mosaic_20171205_20171218.nc,0,0.0010217138333246112,0.0036890015471726656,0.001706569455564022,0.006325772497802973,0.00285601825453341,0.013286958448588848,0.0007618864183314145,0.0059372796677052975,0.0004857800668105483,0.004900661762803793,0.00013368295913096517,0.001627944759093225,0.0001295156398555264,0.0016358073335140944,5.211990719544701e-05,0.0006514358101412654,732,655
L20N1,Bco. Velahue,2017-12-15,-43.19611,-73.52389,0.0,Mosaic_20171220_20180102.nc,5,,,,,,,,,,,,,,,,,739,0
L20N1,Bco. Velahue,2018-01-09,-43.19611,-73.52389,0.0,Mosaic_20180109_20180122.nc,0,0.0009869481436908245,0.0031666469294577837,0.0017437732312828302,0.005257264710962772,0.0036100992001593113,0.011772407218813896,0.0012456525582820177,0.006864719092845917,0.0008523568976670504,0.005561278201639652,0.00024621770717203617,0.0017886313144117594,0.0002431463508401066,0.0017920469399541616,9.842287545325235e-05,0.0007060937932692468,757,656
L20N1,Bco. Velahue,2018-01-23,-43.19611,-73.52389,2.0,Mosaic_20180124_20180206.nc,1,0.0011131633073091507,0.0027911406941711903,0.0020213895477354527,0.00464723352342844,0.004019281826913357,0.011255219578742981,0.0011493770871311426,0.008285796269774437,0.000752669177018106,0.008190188556909561,0.00021019174891989678,0.0032806654926389456,0.00020600325660780072,0.003388388780876994,8.338261977769434e-05,0.001353852916508913,757,656
L20N1,Bco. Velahue,2018-02-02,-43.19611,-73.52389,7.0,Mosaic_20180210_20180223.nc,8,0.0007121484959498048,0.003265471663326025,0.001234058290719986,0.005635695531964302,0.0027614012360572815,0.01287869643419981,0.0010686509776860476,0.007300208322703838,0.0007454251172021031,0.0058223833329975605,0.00021992021356709301,0.00183681002818048,0.00021711047156713903,0.0018359115347266197,8.824657561490312e-05,0.0007200001855380833,755,654
L20N1,Bco. Velahue,2018-02-07,-43.19611,-73.52389,8.0,Mosaic_20180210_20180223.nc,3,0.0007121484959498048,0.003265471663326025,0.001234058290719986,0.005635695531964302,0.0027614012360572815,0.01287869643419981,0.0010686509776860476,0.007300208322703838,0.0007454251172021031,0.0058223833329975605,0.00021992021356709301,0.00183681002818048,0.00021711047156713903,0.0018359115347266197,8.824657561490312e-05,0.0007200001855380833,755,654
L20N1,Bco. Velahue,2018-02-14,-43.19611,-73.52389,2.0,Mosaic_20180210_20180223.nc,4,0.0007121484959498048,0.003265471663326025,0.001234058290719986,0.005635695531964302,0.0027614012360572815,0.01287869643419981,0.0010686509776860476,0.007300208322703838,0.0007454251172021031,0.0058223833329975605,0.00021992021356709301,0.00183681002818048,0.00021711047156713903,0.0018359115347266197,8.824657561490312e-05,0.0007200001855380833,755,654
L20N1,Bco. Velahue,2018-03-01,-43.19611,-73.52389,3.0,Mosaic_20180302_20180315.nc,1,,,,,,,,,,,,,,,,,732,0
L20N1,Bco. Velahue,2018-03-07,-43.19611,-73.52389,2.0,Mosaic_20180302_20180315.nc,5,,,,,,,,,,,,,,,,,732,0
L20N1,Bco. Velahue,2018-03-14,-43.19611,-73.52389,3.0,Mosaic_20180317_20180330.nc,3,0.008206136524677277,0.01304246298968792,0.0110993767157197,0.017423536628484726,0.014632755890488625,0.02331174537539482,0.003994326572865248,0.013454440981149673,0.0025545787066221237,0.010758773423731327,0.0006897759740240872,0.0035902271047234535,0.0006644436507485807,0.0035868778359144926,0.0002610078954603523,0.0013815272832289338,755,654
L20N1,Bco. Velahue,2018-03-18,-43.19611,-73.52389,2.0,Mosaic_20180317_20180330.nc,1,0.008206136524677277,0.01304246298968792,0.0110993767157197,0.017423536628484726,0.014632755890488625,0.02331174537539482,0.003994326572865248,0.013454440981149673,0.0025545787066221237,0.010758773423731327,0.0006897759740240872,0.0035902271047234535,0.0006644436507485807,0.0035868778359144926,0.0002610078954603523,0.0013815272832289338,755,654
L20N1,Bco. Velahue,2018-03-24,-43.19611,-73.52389,2.0,Mosaic_20180317_20180330.nc,7,0.008206136524677277,0.01304246298968792,0.0110993767157197,0.017423536628484726,0.014632755890488625,0.02331174537539482,0.003994326572865248,0.013454440981149673,0.0025545787066221237,0.010758773423731327,0.0006897759740240872,0.0035902271047234535,0.0006644436507485807,0.0035868778359144926,0.0002610078954603523,0.0013815272832289338,755,654
L20N1,Bco. Velahue,2018-04-04,-43.19611,-73.52389,0.0,Mosaic_20180401_20180414.nc,3,0.00812084972858429,0.013290252536535263,0.011114097200334072,0.01759061962366104,0.01390155777335167,0.023356115445494652,0.0026203938759863377,0.013463094830513,0.0016210133908316493,0.010503215715289116,0.0004328349023126066,0.003449499374255538,0.0004114398907404393,0.0034872950054705143,0.0001609263854334131,0.001363182906061411,732,655
L20N1,Bco. Velahue,2018-04-14,-43.19611,-73.52389,0.0,Mosaic_20180424_20180507.nc,10,0.0069121080450713634,0.011301703751087189,0.010585343465209007,0.01564628630876541,0.01776059716939926,0.021640049293637276,0.005243532359600067,0.011737782508134842,0.003438643179833889,0.009296380914747715,0.0009149877587333322,0.0029228241182863712,0.0008784228703007102,0.002898226259276271,0.0003384754527360201,0.001119254156947136,739,616
L20N1,Bco. Velahue,2018-04-30,-43.19611,-73.52389,,Mosaic_20180424_20180507.nc,6,0.0069121080450713634,0.011301703751087189,0.010585343465209007,0.01564628630876541,0.01776059716939926,0.021640049293637276,0.005243532359600067,0.011737782508134842,0.003438643179833889,0.009296380914747715,0.0009149877587333322,0.0029228241182863712,0.0008784228703007102,0.002898226259276271,0.0003384754527360201,0.001119254156947136,739,616
L20N1,Bco. Velahue,2018-05-09,-43.19611,-73.52389,1.0,Mosaic_20180511_20180524.nc,2,0.003960277885198593,0.009153280407190323,0.005134646315127611,0.012862592935562134,0.0036748023703694344,0.01858210191130638,0.0006299765082076192,0.0064619481563568115,0.00037930282996967435,0.00443603377789259,0.0001050081045832485,0.0012303784023970366,0.00010023066715802997,0.0011892650509253144,4.002939385827631e-05,0.0004579168453346938,739,616
L20N1,Bco. Velahue,2018-05-14,-43.19611,-73.52389,1.0,Mosaic_20180511_20180524.nc,3,0.003960277885198593,0.009153280407190323,0.005134646315127611,0.012862592935562134,0.0036748023703694344,0.01858210191130638,0.0006299765082076192,0.0064619481563568115,0.00037930282996967435,0.00443603377789259,0.0001050081045832485,0.0012303784023970366,0.00010023066715802997,0.0011892650509253144,4.002939385827631e-05,0.0004579168453346938,739,616
L20N1,Bco. Velahue,2018-05-20,-43.19611,-73.52389,0.0,Mosaic_20180526_20180608.nc,6,0.0038081652019172907,0.006635229103267193,0.005167748779058456,0.009678981266915798,0.003794813295826316,0.016395725309848785,0.0006299869273789227,0.0075232405215501785,0.00037811161018908024,0.0054264678619802,0.00010405652574263513,0.0015267489943653345,9.978134767152369e-05,0.001479898113757372,4.004367292509414e-05,0.0005657665897160769,732,655
L20N1,Bco. Velahue,2018-06-04,-43.19611,-73.52389,0.0,Mosaic_20180526_20180608.nc,9,0.0038081652019172907,0.006635229103267193,0.005167748779058456,0.009678981266915798,0.003794813295826316,0.016395725309848785,0.0006299869273789227,0.0075232405215501785,0.00037811161018908024,0.0054264678619802,0.00010405652574263513,0.0015267489943653345,9.978134767152369e-05,0.001479898113757372,4.004367292509414e-05,0.0005657665897160769,732,655
L20N1,Bco. Velahue,2018-06-15,-43.19611,-73.52389,0.0,Mosaic_20180613_20180626.nc,2,0.003475114004686475,0.0067069013603031635,0.00465169083327055,0.010080087929964066,0.003456724574789405,0.017960075289011,0.0005952910287305713,0.008659875951707363,0.0003564664802979678,0.006370749324560165,9.749650052981451e-05,0.0018374533392488956,9.269385191146284e-05,0.0017917307559400797,3.69541157851927e-05,0.0006852634251117706,755,654
L20N1,Bco. Velahue,2018-07-03,-43.19611,-73.52389,0.0,Mosaic_20180703_20180716.nc,0,0.002151614986360073,0.004063076339662075,0.0034636668860912323,0.006448992528021336,0.005572345107793808,0.011745071969926357,0.0013674937654286623,0.007589506451040506,0.0008572225924581289,0.006521895527839661,0.00022563317907042801,0.0022356053814291954,0.00021634259610436857,0.0022455647122114897,8.524322765879333e-05,0.0008811838924884796,757,656
L20N1,Bco. Velahue,2018-07-13,-43.19611,-73.52389,1.0,Mosaic_20180718_20180731.nc,5,0.0006991946138441563,0.00213312404230237,0.0009970301762223244,0.003287635277956724,0.0010716354008764029,0.00651048868894577,0.00024183806090150028,0.004028254188597202,0.00014430773444473743,0.003284825012087822,3.897973510902375e-05,0.0010777394054457545,3.730681783054024e-05,0.001073280582204461,1.4732693671248853e-05,0.00042843553819693625,757,656
L20N1,Bco. Velahue,2018-07-17,-43.19611,-73.52389,0.0,Mosaic_20180718_20180731.nc,1,0.0006991946138441563,0.00213312404230237,0.0009970301762223244,0.003287635277956724,0.0010716354008764029,0.00651048868894577,0.00024183806090150028,0.004028254188597202,0.00014430773444473743,0.003284825012087822,3.897973510902375e-05,0.0010777394054457545,3.730681783054024e-05,0.001073280582204461,1.4732693671248853e-05,0.00042843553819693625,757,656
L20N1,Bco. Velahue,2018-07-23,-43.19611,-73.52389,,Mosaic_20180718_20180731.nc,5,0.0006991946138441563,0.00213312404230237,0.0009970301762223244,0.003287635277956724,0.0010716354008764029,0.00651048868894577,0.00024183806090150028,0.004028254188597202,0.00014430773444473743,0.003284825012087822,3.897973510902375e-05,0.0010777394054457545,3.730681783054024e-05,0.001073280582204461,1.4732693671248853e-05,0.00042843553819693625,757,656
L20N1,Bco. Velahue,2018-07-24,-43.19611,-73.52389,,Mosaic_20180718_20180731.nc,6,0.0006991946138441563,0.00213312404230237,0.0009970301762223244,0.003287635277956724,0.0010716354008764029,0.00651048868894577,0.00024183806090150028,0.004028254188597202,0.00014430773444473743,0.003284825012087822,3.897973510902375e-05,0.0010777394054457545,3.730681783054024e-05,0.001073280582204461,1.4732693671248853e-05,0.00042843553819693625,757,656
L20N1,Bco. Velahue,2018-07-26,-43.19611,-73.52389,,Mosaic_20180718_20180731.nc,8,0.0006991946138441563,0.00213312404230237,0.0009970301762223244,0.003287635277956724,0.0010716354008764029,0.00651048868894577,0.00024183806090150028,0.004028254188597202,0.00014430773444473743,0.003284825012087822,3.897973510902375e-05,0.0010777394054457545,3.730681783054024e-05,0.001073280582204461,1.4732693671248853e-05,0.00042843553819693625,757,656
L20N1,Bco. Velahue,2018-07-27,-43.19611,-73.52389,,Mosaic_20180718_20180731.nc,9,0.0006991946138441563,0.00213312404230237,0.0009970301762223244,0.003287635277956724,0.0010716354008764029,0.00651048868894577,0.00024183806090150028,0.004028254188597202,0.00014430773444473743,0.003284825012087822,3.897973510902375e-05,0.0010777394054457545,3.730681783054024e-05,0.001073280582204461,1.4732693671248853e-05,0.00042843553819693625,757,656
L20N1,Bco. Velahue,2018-07-29,-43.19611,-73.52389,1.0,Mosaic_20180807_20180820.nc,9,0.005422357469797134,0.012260349467396736,0.006943577900528908,0.01651863381266594,0.005329662933945656,0.021274792030453682,0.0010485812090337276,0.009684543125331402,0.0006418527336791158,0.008423605002462864,0.0001790662936400622,0.002906135516241193,0.0001714495592750609,0.0029232073575258255,6.828660843893886e-05,0.0011393871391192079,732,654
L20N1,Bco. Velahue,2018-07-31,-43.19611,-73.52389,,Mosaic_20180807_20180820.nc,7,0.005422357469797134,0.012260349467396736,0.006943577900528908,0.01651863381266594,0.005329662933945656,0.021274792030453682,0.0010485812090337276,0.009684543125331402,0.0006418527336791158,0.008423605002462864,0.0001790662936400622,0.002906135516241193,0.0001714495592750609,0.0029232073575258255,6.828660843893886e-05,0.0011393871391192079,732,654
L20N1,Bco. Velahue,2018-08-03,-43.19611,-73.52389,0.0,Mosaic_20180807_20180820.nc,4,0.005422357469797134,0.012260349467396736,0.006943577900528908,0.01651863381266594,0.005329662933945656,0.021274792030453682,0.0010485812090337276,0.009684543125331402,0.0006418527336791158,0.008423605002462864,0.0001790662936400622,0.002906135516241193,0.0001714495592750609,0.0029232073575258255,6.828660843893886e-05,0.0011393871391192079,732,654
L20N1,Bco. Velahue,2018-08-05,-43.19611,-73.52389,,Mosaic_20180807_20180820.nc,2,0.005422357469797134,0.012260349467396736,0.006943577900528908,0.01651863381266594,0.005329662933945656,0.021274792030453682,0.0010485812090337276,0.009684543125331402,0.0006418527336791158,0.008423605002462864,0.0001790662936400622,0.002906135516241193,0.0001714495592750609,0.0029232073575258255,6.828660843893886e-05,0.0011393871391192079,732,654
L20N1,Bco. Velahue,2018-08-06,-43.19611,-73.52389,,Mosaic_20180807_20180820.nc,1,0.005422357469797134,0.012260349467396736,0.006943577900528908,0.01651863381266594,0.005329662933945656,0.021274792030453682,0.0010485812090337276,0.009684543125331402,0.0006418527336791158,0.008423605002462864,0.0001790662936400622,0.002906135516241193,0.0001714495592750609,0.0029232073575258255,6.828660843893886e-05,0.0011393871391192079,732,654
L20N1,Bco. Velahue,2018-08-07,-43.19611,-73.52389,,Mosaic_20180807_20180820.nc,0,0.005422357469797134,0.012260349467396736,0.006943577900528908,0.01651863381266594,0.005329662933945656,0.021274792030453682,0.0010485812090337276,0.009684543125331402,0.0006418527336791158,0.008423605002462864,0.0001790662936400622,0.002906135516241193,0.0001714495592750609,0.0029232073575258255,6.828660843893886e-05,0.0011393871391192079,732,654
L20N1,Bco. Velahue,2018-08-20,-43.19611,-73.52389,2.0,Mosaic_20180827_20180909.nc,7,0.004092808812856674,0.007960359565913677,0.005399853922426701,0.010967862792313099,0.004636245779693127,0.01619933545589447,0.0009431919315829873,0.008476882241666317,0.000575977610424161,0.007473272737115622,0.00015737261855974793,0.002641611732542515,0.00015021784929558635,0.0026677241548895836,5.9665762819349766e-05,0.0010443971259519458,755,654
L20N1,Bco. Velahue,2018-08-21,-43.19611,-73.52389,,Mosaic_20180827_20180909.nc,6,0.004092808812856674,0.007960359565913677,0.005399853922426701,0.010967862792313099,0.004636245779693127,0.01619933545589447,0.0009431919315829873,0.008476882241666317,0.000575977610424161,0.007473272737115622,0.00015737261855974793,0.002641611732542515,0.00015021784929558635,0.0026677241548895836,5.9665762819349766e-05,0.0010443971259519458,755,654
L20N1,Bco. Velahue,2018-08-30,-43.19611,-73.52389,,Mosaic_20180827_20180909.nc,3,0.004092808812856674,0.007960359565913677,0.005399853922426701,0.010967862792313099,0.004636245779693127,0.01619933545589447,0.0009431919315829873,0.008476882241666317,0.000575977610424161,0.007473272737115622,0.00015737261855974793,0.002641611732542515,0.00015021784929558635,0.0026677241548895836,5.9665762819349766e-05,0.0010443971259519458,755,654
L20N1,Bco. Velahue,2018-08-31,-43.19611,-73.52389,,Mosaic_20180827_20180909.nc,4,0.004092808812856674,0.007960359565913677,0.005399853922426701,0.010967862792313099,0.004636245779693127,0.01619933545589447,0.0009431919315829873,0.008476882241666317,0.000575977610424161,0.007473272737115622,0.00015737261855974793,0.002641611732542515,0.00015021784929558635,0.0026677241548895836,5.9665762819349766e-05,0.0010443971259519458,755,654
L20N1,Bco. Velahue,2018-09-01,-43.19611,-73.52389,,Mosaic_20180827_20180909.nc,5,0.004092808812856674,0.007960359565913677,0.005399853922426701,0.010967862792313099,0.004636245779693127,0.01619933545589447,0.0009431919315829873,0.008476882241666317,0.000575977610424161,0.007473272737115622,0.00015737261855974793,0.002641611732542515,0.00015021784929558635,0.0026677241548895836,5.9665762819349766e-05,0.0010443971259519458,755,654
L20N1,Bco. Velahue,2018-09-06,-43.19611,-73.52389,,Mosaic_20180911_20180924.nc,5,0.0005493577918969095,0.0013321777805685997,0.0008570071076974273,0.0025005226489156485,0.0014766412787139416,0.005369375925511122,0.000650411588139832,0.0022733791265636683,0.0004393254639580846,0.001729114563204348,0.00012942240573465824,0.0005369170685298741,0.00013032954302616417,0.0005340701318345964,5.3258685511536896e-05,0.0002160254371119663,755,182
L20N1,Bco. Velahue,2018-09-08,-43.19611,-73.52389,,Mosaic_20180911_20180924.nc,3,0.0005493577918969095,0.0013321777805685997,0.0008570071076974273,0.0025005226489156485,0.0014766412787139416,0.005369375925511122,0.000650411588139832,0.0022733791265636683,0.0004393254639580846,0.001729114563204348,0.00012942240573465824,0.0005369170685298741,0.00013032954302616417,0.0005340701318345964,5.3258685511536896e-05,0.0002160254371119663,755,182
L20N1,Bco. Velahue,2018-09-09,-43.19611,-73.52389,3.0,Mosaic_20180911_20180924.nc,2,0.0005493577918969095,0.0013321777805685997,0.0008570071076974273,0.0025005226489156485,0.0014766412787139416,0.005369375925511122,0.000650411588139832,0.0022733791265636683,0.0004393254639580846,0.001729114563204348,0.00012942240573465824,0.0005369170685298741,0.00013032954302616417,0.0005340701318345964,5.3258685511536896e-05,0.0002160254371119663,755,182
L20N1,Bco. Velahue,2018-09-12,-43.19611,-73.52389,,Mosaic_20180911_20180924.nc,1,0.0005493577918969095,0.0013321777805685997,0.0008570071076974273,0.0025005226489156485,0.0014766412787139416,0.005369375925511122,0.000650411588139832,0.0022733791265636683,0.0004393254639580846,0.001729114563204348,0.00012942240573465824,0.0005369170685298741,0.00013032954302616417,0.0005340701318345964,5.3258685511536896e-05,0.0002160254371119663,755,182
L20N1,Bco. Velahue,2018-09-13,-43.19611,-73.52389,,Mosaic_20180911_20180924.nc,2,0.0005493577918969095,0.0013321777805685997,0.0008570071076974273,0.0025005226489156485,0.0014766412787139416,0.005369375925511122,0.000650411588139832,0.0022733791265636683,0.0004393254639580846,0.001729114563204348,0.00012942240573465824,0.0005369170685298741,0.00013032954302616417,0.0005340701318345964,5.3258685511536896e-05,0.0002160254371119663,755,182
L20N1,Bco. Velahue,2018-09-14,-43.19611,-73.52389,2.0,Mosaic_20180911_20180924.nc,3,0.0005493577918969095,0.0013321777805685997,0.0008570071076974273,0.0025005226489156485,0.0014766412787139416,0.005369375925511122,0.000650411588139832,0.0022733791265636683,0.0004393254639580846,0.001729114563204348,0.00012942240573465824,0.0005369170685298741,0.00013032954302616417,0.0005340701318345964,5.3258685511536896e-05,0.0002160254371119663,755,182
L20N1,Bco. Velahue,2018-09-15,-43.19611,-73.52389,,Mosaic_20180911_20180924.nc,4,0.0005493577918969095,0.0013321777805685997,0.0008570071076974273,0.0025005226489156485,0.0014766412787139416,0.005369375925511122,0.000650411588139832,0.0022733791265636683,0.0004393254639580846,0.001729114563204348,0.00012942240573465824,0.0005369170685298741,0.00013032954302616417,0.0005340701318345964,5.3258685511536896e-05,0.0002160254371119663,755,182
L20N1,Bco. Velahue,2018-10-01,-43.19611,-73.52389,1.0,Mosaic_20181003_20181016.nc,2,0.00360473501496017,0.005974382162094116,0.005785856395959854,0.00900211650878191,0.010653183795511723,0.017455818131566048,0.003526379819959402,0.012264315038919449,0.0023465948179364204,0.010725751519203186,0.0006334203062579036,0.004009679891169071,0.0006162318168208003,0.004087427631020546,0.0002412177564110607,0.0015990326646715403,755,654
L20N1,Bco. Velahue,2018-10-02,-43.19611,-73.52389,,Mosaic_20181003_20181016.nc,1,0.00360473501496017,0.005974382162094116,0.005785856395959854,0.00900211650878191,0.010653183795511723,0.017455818131566048,0.003526379819959402,0.012264315038919449,0.0023465948179364204,0.010725751519203186,0.0006334203062579036,0.004009679891169071,0.0006162318168208003,0.004087427631020546,0.0002412177564110607,0.0015990326646715403,755,654
L20N1,Bco. Velahue,2018-10-03,-43.19611,-73.52389,,Mosaic_20181003_20181016.nc,0,0.00360473501496017,0.005974382162094116,0.005785856395959854,0.00900211650878191,0.010653183795511723,0.017455818131566048,0.003526379819959402,0.012264315038919449,0.0023465948179364204,0.010725751519203186,0.0006334203062579036,0.004009679891169071,0.0006162318168208003,0.004087427631020546,0.0002412177564110607,0.0015990326646715403,755,654
L20N1,Bco. Velahue,2018-10-06,-43.19611,-73.52389,1.0,Mosaic_20181003_20181016.nc,3,0.00360473501496017,0.005974382162094116,0.005785856395959854,0.00900211650878191,0.010653183795511723,0.017455818131566048,0.003526379819959402,0.012264315038919449,0.0023465948179364204,0.010725751519203186,0.0006334203062579036,0.004009679891169071,0.0006162318168208003,0.004087427631020546,0.0002412177564110607,0.0015990326646715403,755,654
L20N1,Bco. Velahue,2018-10-10,-43.19611,-73.52389,,Mosaic_20181003_20181016.nc,7,0.00360473501496017,0.005974382162094116,0.005785856395959854,0.00900211650878191,0.010653183795511723,0.017455818131566048,0.003526379819959402,0.012264315038919449,0.0023465948179364204,0.010725751519203186,0.0006334203062579036,0.004009679891169071,0.0006162318168208003,0.004087427631020546,0.0002412177564110607,0.0015990326646715403,755,654
L20N1,Bco. Velahue,2018-10-11,-43.19611,-73.52389,,Mosaic_20181018_20181031.nc,7,0.005038923118263483,0.009660465642809868,0.006629357114434242,0.013595489785075188,0.0050761085003614426,0.020341211929917336,0.0009916303679347038,0.00796296913176775,0.0006073018885217607,0.00561606977134943,0.00016855995636433363,0.001571838860400021,0.0001618045789655298,0.0015236263861879706,6.474887777585536e-05,0.0005832911119796336,755,654
L20N1,Bco. Velahue,2018-10-23,-43.19611,-73.52389,,Mosaic_20181018_20181031.nc,5,0.005038923118263483,0.009660465642809868,0.006629357114434242,0.013595489785075188,0.0050761085003614426,0.020341211929917336,0.0009916303679347038,0.00796296913176775,0.0006073018885217607,0.00561606977134943,0.00016855995636433363,0.001571838860400021,0.0001618045789655298,0.0015236263861879706,6.474887777585536e-05,0.0005832911119796336,755,654
L20N1,Bco. Velahue,2018-10-24,-43.19611,-73.52389,,Mosaic_20181018_20181031.nc,6,0.005038923118263483,0.009660465642809868,0.006629357114434242,0.013595489785075188,0.0050761085003614426,0.020341211929917336,0.0009916303679347038,0.00796296913176775,0.0006073018885217607,0.00561606977134943,0.00016855995636433363,0.001571838860400021,0.0001618045789655298,0.0015236263861879706,6.474887777585536e-05,0.0005832911119796336,755,654
L20N1,Bco. Velahue,2018-10-26,-43.19611,-73.52389,0.0,Mosaic_20181018_20181031.nc,8,0.005038923118263483,0.009660465642809868,0.006629357114434242,0.013595489785075188,0.0050761085003614426,0.020341211929917336,0.0009916303679347038,0.00796296913176775,0.0006073018885217607,0.00561606977134943,0.00016855995636433363,0.001571838860400021,0.0001618045789655298,0.0015236263861879706,6.474887777585536e-05,0.0005832911119796336,755,654
L20N1,Bco. Velahue,2018-11-01,-43.19611,-73.52389,0.0,Mosaic_20181105_20181118.nc,4,0.0025606253184378147,0.003400451736524701,0.003739831503480673,0.005451767239719629,0.0034664366394281387,0.010077470913529396,0.0006059620063751936,0.0035906722769141197,0.0003621620708145201,0.002461038064211607,9.812727512326092e-05,0.0006828432087786496,9.411305654793978e-05,0.0006698239012621343,3.7561243516393006e-05,0.00026374642038717866,755,654
L20N1,Bco. Velahue,2018-11-02,-43.19611,-73.52389,,Mosaic_20181105_20181118.nc,3,0.0025606253184378147,0.003400451736524701,0.003739831503480673,0.005451767239719629,0.0034664366394281387,0.010077470913529396,0.0006059620063751936,0.0035906722769141197,0.0003621620708145201,0.002461038064211607,9.812727512326092e-05,0.0006828432087786496,9.411305654793978e-05,0.0006698239012621343,3.7561243516393006e-05,0.00026374642038717866,755,654
L20N1,Bco. Velahue,2018-11-03,-43.19611,-73.52389,,Mosaic_20181105_20181118.nc,2,0.0025606253184378147,0.003400451736524701,0.003739831503480673,0.005451767239719629,0.0034664366394281387,0.010077470913529396,0.0006059620063751936,0.0035906722769141197,0.0003621620708145201,0.002461038064211607,9.812727512326092e-05,0.0006828432087786496,9.411305654793978e-05,0.0006698239012621343,3.7561243516393006e-05,0.00026374642038717866,755,654
L20N1,Bco. Velahue,2018-11-08,-43.19611,-73.52389,,Mosaic_20181105_20181118.nc,3,0.0025606253184378147,0.003400451736524701,0.003739831503480673,0.005451767239719629,0.0034664366394281387,0.010077470913529396,0.0006059620063751936,0.0035906722769141197,0.0003621620708145201,0.002461038064211607,9.812727512326092e-05,0.0006828432087786496,9.411305654793978e-05,0.0006698239012621343,3.7561243516393006e-05,0.00026374642038717866,755,654
L20N1,Bco. Velahue,2018-11-09,-43.19611,-73.52389,1.0,Mosaic_20181105_20181118.nc,4,0.0025606253184378147,0.003400451736524701,0.003739831503480673,0.005451767239719629,0.0034664366394281387,0.010077470913529396,0.0006059620063751936,0.0035906722769141197,0.0003621620708145201,0.002461038064211607,9.812727512326092e-05,0.0006828432087786496,9.411305654793978e-05,0.0006698239012621343,3.7561243516393006e-05,0.00026374642038717866,755,654
L20N1,Bco. Velahue,2018-11-10,-43.19611,-73.52389,,Mosaic_20181105_20181118.nc,5,0.0025606253184378147,0.003400451736524701,0.003739831503480673,0.005451767239719629,0.0034664366394281387,0.010077470913529396,0.0006059620063751936,0.0035906722769141197,0.0003621620708145201,0.002461038064211607,9.812727512326092e-05,0.0006828432087786496,9.411305654793978e-05,0.0006698239012621343,3.7561243516393006e-05,0.00026374642038717866,755,654
L20N1,Bco. Velahue,2018-11-23,-43.19611,-73.52389,,Mosaic_20181127_20181210.nc,4,0.00429193302989006,0.007491165306419134,0.005670421291142702,0.010606965981423855,0.005021487828344107,0.018155476078391075,0.0010804713238030672,0.008708109147846699,0.0006713798502460122,0.00640884367749095,0.0001857548631960526,0.0018231283174827695,0.00017820073117036372,0.0017671053064987063,7.111500599421561e-05,0.0006711000460200012,732,655
L20N1,Bco. Velahue,2018-11-24,-43.19611,-73.52389,,Mosaic_20181127_20181210.nc,3,0.00429193302989006,0.007491165306419134,0.005670421291142702,0.010606965981423855,0.005021487828344107,0.018155476078391075,0.0010804713238030672,0.008708109147846699,0.0006713798502460122,0.00640884367749095,0.0001857548631960526,0.0018231283174827695,0.00017820073117036372,0.0017671053064987063,7.111500599421561e-05,0.0006711000460200012,732,655
L20N1,Bco. Velahue,2018-11-26,-43.19611,-73.52389,1.0,Mosaic_20181127_20181210.nc,1,0.00429193302989006,0.007491165306419134,0.005670421291142702,0.010606965981423855,0.005021487828344107,0.018155476078391075,0.0010804713238030672,0.008708109147846699,0.0006713798502460122,0.00640884367749095,0.0001857548631960526,0.0018231283174827695,0.00017820073117036372,0.0017671053064987063,7.111500599421561e-05,0.0006711000460200012,732,655
L20N1,Bco. Velahue,2018-12-04,-43.19611,-73.52389,0.0,Mosaic_20181127_20181210.nc,7,0.00429193302989006,0.007491165306419134,0.005670421291142702,0.010606965981423855,0.005021487828344107,0.018155476078391075,0.0010804713238030672,0.008708109147846699,0.0006713798502460122,0.00640884367749095,0.0001857548631960526,0.0018231283174827695,0.00017820073117036372,0.0017671053064987063,7.111500599421561e-05,0.0006711000460200012,732,655
L20N1,Bco. Velahue,2018-12-05,-43.19611,-73.52389,,Mosaic_20181127_20181210.nc,8,0.00429193302989006,0.007491165306419134,0.005670421291142702,0.010606965981423855,0.005021487828344107,0.018155476078391075,0.0010804713238030672,0.008708109147846699,0.0006713798502460122,0.00640884367749095,0.0001857548631960526,0.0018231283174827695,0.00017820073117036372,0.0017671053064987063,7.111500599421561e-05,0.0006711000460200012,732,655
L20N1,Bco. Velahue,2018-12-07,-43.19611,-73.52389,0.0,Mosaic_20181127_20181210.nc,10,0.00429193302989006,0.007491165306419134,0.005670421291142702,0.010606965981423855,0.005021487828344107,0.018155476078391075,0.0010804713238030672,0.008708109147846699,0.0006713798502460122,0.00640884367749095,0.0001857548631960526,0.0018231283174827695,0.00017820073117036372,0.0017671053064987063,7.111500599421561e-05,0.0006711000460200012,732,655
L20N1,Bco. Velahue,2018-12-08,-43.19611,-73.52389,,Mosaic_20181217_20181230.nc,9,0.0028128987178206444,0.0038687887135893106,0.003944798372685909,0.006037469953298569,0.0032271752133965492,0.009849200025200844,0.0005740348715335131,0.00463394308462739,0.00034491776023060083,0.0035279165022075176,9.529993985779583e-05,0.0010959712089970708,9.181509813060984e-05,0.00108236912637949,3.6946727050235495e-05,0.00042921127169393003,755,654
L20N1,Bco. Velahue,2018-12-19,-43.19611,-73.52389,,Mosaic_20181217_20181230.nc,2,0.0028128987178206444,0.0038687887135893106,0.003944798372685909,0.006037469953298569,0.0032271752133965492,0.009849200025200844,0.0005740348715335131,0.00463394308462739,0.00034491776023060083,0.0035279165022075176,9.529993985779583e-05,0.0010959712089970708,9.181509813060984e-05,0.00108236912637949,3.6946727050235495e-05,0.00042921127169393003,755,654
L20N1,Bco. Velahue,2018-12-20,-43.19611,-73.52389,,Mosaic_20181217_20181230.nc,3,0.0028128987178206444,0.0038687887135893106,0.003944798372685909,0.006037469953298569,0.0032271752133965492,0.009849200025200844,0.0005740348715335131,0.00463394308462739,0.00034491776023060083,0.0035279165022075176,9.529993985779583e-05,0.0010959712089970708,9.181509813060984e-05,0.00108236912637949,3.6946727050235495e-05,0.00042921127169393003,755,654
L20N1,Bco. Velahue,2018-12-22,-43.19611,-73.52389,2.0,Mosaic_20181217_20181230.nc,5,0.0028128987178206444,0.0038687887135893106,0.003944798372685909,0.006037469953298569,0.0032271752133965492,0.009849200025200844,0.0005740348715335131,0.00463394308462739,0.00034491776023060083,0.0035279165022075176,9.529993985779583e-05,0.0010959712089970708,9.181509813060984e-05,0.00108236912637949,3.6946727050235495e-05,0.00042921127169393003,755,654
L20N1,Bco. Velahue,2019-01-02,-43.19611,-73.52389,2.0,Mosaic_20190109_20190122.nc,7,0.0022238697856664658,0.006727360654622316,0.003750917501747608,0.010425559245049953,0.005680037662386894,0.02071196399629116,0.0012804064899682999,0.01196966040879488,0.0008055873913690448,0.009922947734594345,0.0002187287900596857,0.0032569628674536943,0.00021269847638905048,0.0032447518315166235,8.542126306565478e-05,0.0012489320943132043,739,616
L20N1,Bco. Velahue,2019-01-03,-43.19611,-73.52389,,Mosaic_20190109_20190122.nc,6,0.0022238697856664658,0.006727360654622316,0.003750917501747608,0.010425559245049953,0.005680037662386894,0.02071196399629116,0.0012804064899682999,0.01196966040879488,0.0008055873913690448,0.009922947734594345,0.0002187287900596857,0.0032569628674536943,0.00021269847638905048,0.0032447518315166235,8.542126306565478e-05,0.0012489320943132043,739,616
L20N1,Bco. Velahue,2019-01-04,-43.19611,-73.52389,,Mosaic_20190109_20190122.nc,5,0.0022238697856664658,0.006727360654622316,0.003750917501747608,0.010425559245049953,0.005680037662386894,0.02071196399629116,0.0012804064899682999,0.01196966040879488,0.0008055873913690448,0.009922947734594345,0.0002187287900596857,0.0032569628674536943,0.00021269847638905048,0.0032447518315166235,8.542126306565478e-05,0.0012489320943132043,739,616
L20N1,Bco. Velahue,2019-01-05,-43.19611,-73.52389,,Mosaic_20190109_20190122.nc,4,0.0022238697856664658,0.006727360654622316,0.003750917501747608,0.010425559245049953,0.005680037662386894,0.02071196399629116,0.0012804064899682999,0.01196966040879488,0.0008055873913690448,0.009922947734594345,0.0002187287900596857,0.0032569628674536943,0.00021269847638905048,0.0032447518315166235,8.542126306565478e-05,0.0012489320943132043,739,616
L20N1,Bco. Velahue,2019-01-15,-43.19611,-73.52389,3.0,Mosaic_20190109_20190122.nc,6,0.0022238697856664658,0.006727360654622316,0.003750917501747608,0.010425559245049953,0.005680037662386894,0.02071196399629116,0.0012804064899682999,0.01196966040879488,0.0008055873913690448,0.009922947734594345,0.0002187287900596857,0.0032569628674536943,0.00021269847638905048,0.0032447518315166235,8.542126306565478e-05,0.0012489320943132043,739,616
L20N1,Bco. Velahue,2019-01-17,-43.19611,-73.52389,,Mosaic_20190109_20190122.nc,8,0.0022238697856664658,0.006727360654622316,0.003750917501747608,0.010425559245049953,0.005680037662386894,0.02071196399629116,0.0012804064899682999,0.01196966040879488,0.0008055873913690448,0.009922947734594345,0.0002187287900596857,0.0032569628674536943,0.00021269847638905048,0.0032447518315166235,8.542126306565478e-05,0.0012489320943132043,739,616
L20N1,Bco. Velahue,2019-01-18,-43.19611,-73.52389,,Mosaic_20190126_20190208.nc,8,0.004217744339257479,0.009439167566597462,0.005569118540734053,0.010270698927342892,0.003965570125728846,0.01688295789062977,0.0007390454993583262,0.008044415153563023,0.00044764287304133177,0.006016286090016365,0.00012449889618437737,0.0018434792291373014,0.00011938529496546835,0.0018231250578537583,4.789504600921646e-05,0.0007101216469891369,739,616
L20N1,Bco. Velahue,2019-01-26,-43.19611,-73.52389,,Mosaic_20190126_20190208.nc,0,0.004217744339257479,0.009439167566597462,0.005569118540734053,0.010270698927342892,0.003965570125728846,0.01688295789062977,0.0007390454993583262,0.008044415153563023,0.00044764287304133177,0.006016286090016365,0.00012449889618437737,0.0018434792291373014,0.00011938529496546835,0.0018231250578537583,4.789504600921646e-05,0.0007101216469891369,739,616
L20N1,Bco. Velahue,2019-01-27,-43.19611,-73.52389,,Mosaic_20190126_20190208.nc,1,0.004217744339257479,0.009439167566597462,0.005569118540734053,0.010270698927342892,0.003965570125728846,0.01688295789062977,0.0007390454993583262,0.008044415153563023,0.00044764287304133177,0.006016286090016365,0.00012449889618437737,0.0018434792291373014,0.00011938529496546835,0.0018231250578537583,4.789504600921646e-05,0.0007101216469891369,739,616
L20N1,Bco. Velahue,2019-01-29,-43.19611,-73.52389,3.0,Mosaic_20190126_20190208.nc,3,0.004217744339257479,0.009439167566597462,0.005569118540734053,0.010270698927342892,0.003965570125728846,0.01688295789062977,0.0007390454993583262,0.008044415153563023,0.00044764287304133177,0.006016286090016365,0.00012449889618437737,0.0018434792291373014,0.00011938529496546835,0.0018231250578537583,4.789504600921646e-05,0.0007101216469891369,739,616
L20N1,Bco. Velahue,2019-01-30,-43.19611,-73.52389,,Mosaic_20190126_20190208.nc,4,0.004217744339257479,0.009439167566597462,0.005569118540734053,0.010270698927342892,0.003965570125728846,0.01688295789062977,0.0007390454993583262,0.008044415153563023,0.00044764287304133177,0.006016286090016365,0.00012449889618437737,0.0018434792291373014,0.00011938529496546835,0.0018231250578537583,4.789504600921646e-05,0.0007101216469891369,739,616
L20N1,Bco. Velahue,2019-02-04,-43.19611,-73.52389,0.0,Mosaic_20190126_20190208.nc,9,0.004217744339257479,0.009439167566597462,0.005569118540734053,0.010270698927342892,0.003965570125728846,0.01688295789062977,0.0007390454993583262,0.008044415153563023,0.00044764287304133177,0.006016286090016365,0.00012449889618437737,0.0018434792291373014,0.00011938529496546835,0.0018231250578537583,4.789504600921646e-05,0.0007101216469891369,739,616
L20N1,Bco. Velahue,2019-02-05,-43.19611,-73.52389,,Mosaic_20190126_20190208.nc,10,0.004217744339257479,0.009439167566597462,0.005569118540734053,0.010270698927342892,0.003965570125728846,0.01688295789062977,0.0007390454993583262,0.008044415153563023,0.00044764287304133177,0.006016286090016365,0.00012449889618437737,0.0018434792291373014,0.00011938529496546835,0.0018231250578537583,4.789504600921646e-05,0.0007101216469891369,739,616
L20N1,Bco. Velahue,2019-02-06,-43.19611,-73.52389,,Mosaic_20190215_20190228.nc,9,0.0037003178149461746,0.007267261855304241,0.0049843695014715195,0.010947690345346928,0.003929176367819309,0.018336957320570946,0.0007401165785267949,0.007791781332343817,0.00044876144966110587,0.00564109580591321,0.00012359376705717295,0.0016172114992514253,0.00011823329259641469,0.001575339469127357,4.719457501778379e-05,0.0006056090351194143,755,654
L20N1,Bco. Velahue,2019-02-07,-43.19611,-73.52389,,Mosaic_20190215_20190228.nc,8,0.0037003178149461746,0.007267261855304241,0.0049843695014715195,0.010947690345346928,0.003929176367819309,0.018336957320570946,0.0007401165785267949,0.007791781332343817,0.00044876144966110587,0.00564109580591321,0.00012359376705717295,0.0016172114992514253,0.00011823329259641469,0.001575339469127357,4.719457501778379e-05,0.0006056090351194143,755,654
L20N1,Bco. Velahue,2019-02-08,-43.19611,-73.52389,,Mosaic_20190215_20190228.nc,7,0.0037003178149461746,0.007267261855304241,0.0049843695014715195,0.010947690345346928,0.003929176367819309,0.018336957320570946,0.0007401165785267949,0.007791781332343817,0.00044876144966110587,0.00564109580591321,0.00012359376705717295,0.0016172114992514253,0.00011823329259641469,0.001575339469127357,4.719457501778379e-05,0.0006056090351194143,755,654
L20N1,Bco. Velahue,2019-02-09,-43.19611,-73.52389,0.0,Mosaic_20190215_20190228.nc,6,0.0037003178149461746,0.007267261855304241,0.0049843695014715195,0.010947690345346928,0.003929176367819309,0.018336957320570946,0.0007401165785267949,0.007791781332343817,0.00044876144966110587,0.00564109580591321,0.00012359376705717295,0.0016172114992514253,0.00011823329259641469,0.001575339469127357,4.719457501778379e-05,0.0006056090351194143,755,654
L20N1,Bco. Velahue,2019-02-19,-43.19611,-73.52389,,Mosaic_20190215_20190228.nc,4,0.0037003178149461746,0.007267261855304241,0.0049843695014715195,0.010947690345346928,0.003929176367819309,0.018336957320570946,0.0007401165785267949,0.007791781332343817,0.00044876144966110587,0.00564109580591321,0.00012359376705717295,0.0016172114992514253,0.00011823329259641469,0.001575339469127357,4.719457501778379e-05,0.0006056090351194143,755,654
L20N1,Bco. Velahue,2019-02-20,-43.19611,-73.52389,,Mosaic_20190215_20190228.nc,5,0.0037003178149461746,0.007267261855304241,0.0049843695014715195,0.010947690345346928,0.003929176367819309,0.018336957320570946,0.0007401165785267949,0.007791781332343817,0.00044876144966110587,0.00564109580591321,0.00012359376705717295,0.0016172114992514253,0.00011823329259641469,0.001575339469127357,4.719457501778379e-05,0.0006056090351194143,755,654
L20N1,Bco. Velahue,2019-02-22,-43.19611,-73.52389,0.0,Mosaic_20190215_20190228.nc,7,0.0037003178149461746,0.007267261855304241,0.0049843695014715195,0.010947690345346928,0.003929176367819309,0.018336957320570946,0.0007401165785267949,0.007791781332343817,0.00044876144966110587,0.00564109580591321,0.00012359376705717295,0.0016172114992514253,0.00011823329259641469,0.001575339469127357,4.719457501778379e-05,0.0006056090351194143,755,654
L20N1,Bco. Velahue,2019-02-26,-43.19611,-73.52389,,Mosaic_20190307_20190320.nc,9,0.006020896136760712,0.008103413507342339,0.007479243446141481,0.011284789070487022,0.0050583332777023315,0.015787331387400627,0.0009916841518133879,0.006645040586590767,0.0006088903173804283,0.004691209178417921,0.00017114958609454334,0.0013188037555664778,0.00016413818229921162,0.0012798315146937966,6.57886776025407e-05,0.0004931086441501975,739,616
L20N1,Bco. Velahue,2019-02-27,-43.19611,-73.52389,,Mosaic_20190307_20190320.nc,8,0.006020896136760712,0.008103413507342339,0.007479243446141481,0.011284789070487022,0.0050583332777023315,0.015787331387400627,0.0009916841518133879,0.006645040586590767,0.0006088903173804283,0.004691209178417921,0.00017114958609454334,0.0013188037555664778,0.00016413818229921162,0.0012798315146937966,6.57886776025407e-05,0.0004931086441501975,739,616
L20N1,Bco. Velahue,2019-02-28,-43.19611,-73.52389,2.0,Mosaic_20190307_20190320.nc,7,0.006020896136760712,0.008103413507342339,0.007479243446141481,0.011284789070487022,0.0050583332777023315,0.015787331387400627,0.0009916841518133879,0.006645040586590767,0.0006088903173804283,0.004691209178417921,0.00017114958609454334,0.0013188037555664778,0.00016413818229921162,0.0012798315146937966,6.57886776025407e-05,0.0004931086441501975,739,616
L20N1,Bco. Velahue,2019-03-18,-43.19611,-73.52389,2.0,Mosaic_20190327_20190409.nc,9,0.004496973007917404,0.013712960295379162,0.0060320207849144936,0.01841968111693859,0.005191954318434,0.0232161283493042,0.0010170406894758344,0.01300706434994936,0.0006180795608088374,0.011771416291594505,0.00016760677681304514,0.004295221529901028,0.0001600066461833194,0.004361819941550493,6.341653352137655e-05,0.0016913939034566283,732,654
L20N1,Bco. Velahue,2019-03-19,-43.19611,-73.52389,,Mosaic_20190327_20190409.nc,8,0.004496973007917404,0.013712960295379162,0.0060320207849144936,0.01841968111693859,0.005191954318434,0.0232161283493042,0.0010170406894758344,0.01300706434994936,0.0006180795608088374,0.011771416291594505,0.00016760677681304514,0.004295221529901028,0.0001600066461833194,0.004361819941550493,6.341653352137655e-05,0.0016913939034566283,732,654
L20N1,Bco. Velahue,2019-03-20,-43.19611,-73.52389,,Mosaic_20190327_20190409.nc,7,0.004496973007917404,0.013712960295379162,0.0060320207849144936,0.01841968111693859,0.005191954318434,0.0232161283493042,0.0010170406894758344,0.01300706434994936,0.0006180795608088374,0.011771416291594505,0.00016760677681304514,0.004295221529901028,0.0001600066461833194,0.004361819941550493,6.341653352137655e-05,0.0016913939034566283,732,654
L20N1,Bco. Velahue,2019-03-21,-43.19611,-73.52389,,Mosaic_20190327_20190409.nc,6,0.004496973007917404,0.013712960295379162,0.0060320207849144936,0.01841968111693859,0.005191954318434,0.0232161283493042,0.0010170406894758344,0.01300706434994936,0.0006180795608088374,0.011771416291594505,0.00016760677681304514,0.004295221529901028,0.0001600066461833194,0.004361819941550493,6.341653352137655e-05,0.0016913939034566283,732,654
L20N1,Bco. Velahue,2019-03-29,-43.19611,-73.52389,,Mosaic_20190327_20190409.nc,2,0.004496973007917404,0.013712960295379162,0.0060320207849144936,0.01841968111693859,0.005191954318434,0.0232161283493042,0.0010170406894758344,0.01300706434994936,0.0006180795608088374,0.011771416291594505,0.00016760677681304514,0.004295221529901028,0.0001600066461833194,0.004361819941550493,6.341653352137655e-05,0.0016913939034566283,732,654
L20N1,Bco. Velahue,2019-03-30,-43.19611,-73.52389,,Mosaic_20190327_20190409.nc,3,0.004496973007917404,0.013712960295379162,0.0060320207849144936,0.01841968111693859,0.005191954318434,0.0232161283493042,0.0010170406894758344,0.01300706434994936,0.0006180795608088374,0.011771416291594505,0.00016760677681304514,0.004295221529901028,0.0001600066461833194,0.004361819941550493,6.341653352137655e-05,0.0016913939034566283,732,654
L20N1,Bco. Velahue,2019-03-31,-43.19611,-73.52389,,Mosaic_20190327_20190409.nc,4,0.004496973007917404,0.013712960295379162,0.0060320207849144936,0.01841968111693859,0.005191954318434,0.0232161283493042,0.0010170406894758344,0.01300706434994936,0.0006180795608088374,0.011771416291594505,0.00016760677681304514,0.004295221529901028,0.0001600066461833194,0.004361819941550493,6.341653352137655e-05,0.0016913939034566283,732,654
L20N1,Bco. Velahue,2019-04-02,-43.19611,-73.52389,1.0,Mosaic_20190327_20190409.nc,6,0.004496973007917404,0.013712960295379162,0.0060320207849144936,0.01841968111693859,0.005191954318434,0.0232161283493042,0.0010170406894758344,0.01300706434994936,0.0006180795608088374,0.011771416291594505,0.00016760677681304514,0.004295221529901028,0.0001600066461833194,0.004361819941550493,6.341653352137655e-05,0.0016913939034566283,732,654
L20N1,Bco. Velahue,2019-04-09,-43.19611,-73.52389,0.0,Mosaic_20190419_20190502.nc,10,0.0026127484161406755,0.007786417379975319,0.0037123512011021376,0.011315190233290195,0.0037950745318084955,0.020153837278485298,0.0007910151034593582,0.01184151042252779,0.0004818256420549005,0.009225227870047092,0.00012963812332600355,0.002858774270862341,0.0001238517288584262,0.0028235013596713543,4.9188318371307105e-05,0.0010880165500566363,755,654
L20N1,Bco. Velahue,2019-04-10,-43.19611,-73.52389,,Mosaic_20190419_20190502.nc,9,0.0026127484161406755,0.007786417379975319,0.0037123512011021376,0.011315190233290195,0.0037950745318084955,0.020153837278485298,0.0007910151034593582,0.01184151042252779,0.0004818256420549005,0.009225227870047092,0.00012963812332600355,0.002858774270862341,0.0001238517288584262,0.0028235013596713543,4.9188318371307105e-05,0.0010880165500566363,755,654
L20N1,Bco. Velahue,2019-04-11,-43.19611,-73.52389,,Mosaic_20190419_20190502.nc,8,0.0026127484161406755,0.007786417379975319,0.0037123512011021376,0.011315190233290195,0.0037950745318084955,0.020153837278485298,0.0007910151034593582,0.01184151042252779,0.0004818256420549005,0.009225227870047092,0.00012963812332600355,0.002858774270862341,0.0001238517288584262,0.0028235013596713543,4.9188318371307105e-05,0.0010880165500566363,755,654
L20N1,Bco. Velahue,2019-04-16,-43.19611,-73.52389,,Mosaic_20190419_20190502.nc,3,0.0026127484161406755,0.007786417379975319,0.0037123512011021376,0.011315190233290195,0.0037950745318084955,0.020153837278485298,0.0007910151034593582,0.01184151042252779,0.0004818256420549005,0.009225227870047092,0.00012963812332600355,0.002858774270862341,0.0001238517288584262,0.0028235013596713543,4.9188318371307105e-05,0.0010880165500566363,755,654
L20N1,Bco. Velahue,2019-04-17,-43.19611,-73.52389,,Mosaic_20190419_20190502.nc,2,0.0026127484161406755,0.007786417379975319,0.0037123512011021376,0.011315190233290195,0.0037950745318084955,0.020153837278485298,0.0007910151034593582,0.01184151042252779,0.0004818256420549005,0.009225227870047092,0.00012963812332600355,0.002858774270862341,0.0001238517288584262,0.0028235013596713543,4.9188318371307105e-05,0.0010880165500566363,755,654
L20N1,Bco. Velahue,2019-04-18,-43.19611,-73.52389,0.0,Mosaic_20190419_20190502.nc,1,0.0026127484161406755,0.007786417379975319,0.0037123512011021376,0.011315190233290195,0.0037950745318084955,0.020153837278485298,0.0007910151034593582,0.01184151042252779,0.0004818256420549005,0.009225227870047092,0.00012963812332600355,0.002858774270862341,0.0001238517288584262,0.0028235013596713543,4.9188318371307105e-05,0.0010880165500566363,755,654
L20N1,Bco. Velahue,2019-04-26,-43.19611,-73.52389,,Mosaic_20190419_20190502.nc,7,0.0026127484161406755,0.007786417379975319,0.0037123512011021376,0.011315190233290195,0.0037950745318084955,0.020153837278485298,0.0007910151034593582,0.01184151042252779,0.0004818256420549005,0.009225227870047092,0.00012963812332600355,0.002858774270862341,0.0001238517288584262,0.0028235013596713543,4.9188318371307105e-05,0.0010880165500566363,755,654
L20N1,Bco. Velahue,2019-04-28,-43.19611,-73.52389,,Mosaic_20190506_20190519.nc,8,0.00022922830248717219,0.0006013286765664816,0.000308218935970217,0.0008074971847236156,0.0005923954304307699,0.0015081280143931508,0.0005611889064311981,0.001349288271740079,0.0004691692302003503,0.001208151807077229,0.00016845935897435993,0.0004715289978776127,0.00017316594312433153,0.00048368159332312644,7.369629747699946e-05,0.00020866355043835938,755,654
L20N1,Bco. Velahue,2019-05-01,-43.19611,-73.52389,0.0,Mosaic_20190506_20190519.nc,5,0.00022922830248717219,0.0006013286765664816,0.000308218935970217,0.0008074971847236156,0.0005923954304307699,0.0015081280143931508,0.0005611889064311981,0.001349288271740079,0.0004691692302003503,0.001208151807077229,0.00016845935897435993,0.0004715289978776127,0.00017316594312433153,0.00048368159332312644,7.369629747699946e-05,0.00020866355043835938,755,654
L20N1,Bco. Velahue,2019-05-07,-43.19611,-73.52389,,Mosaic_20190506_20190519.nc,1,0.00022922830248717219,0.0006013286765664816,0.000308218935970217,0.0008074971847236156,0.0005923954304307699,0.0015081280143931508,0.0005611889064311981,0.001349288271740079,0.0004691692302003503,0.001208151807077229,0.00016845935897435993,0.0004715289978776127,0.00017316594312433153,0.00048368159332312644,7.369629747699946e-05,0.00020866355043835938,755,654
L20N1,Bco. Velahue,2019-05-08,-43.19611,-73.52389,,Mosaic_20190506_20190519.nc,2,0.00022922830248717219,0.0006013286765664816,0.000308218935970217,0.0008074971847236156,0.0005923954304307699,0.0015081280143931508,0.0005611889064311981,0.001349288271740079,0.0004691692302003503,0.001208151807077229,0.00016845935897435993,0.0004715289978776127,0.00017316594312433153,0.00048368159332312644,7.369629747699946e-05,0.00020866355043835938,755,654
L20N1,Bco. Velahue,2019-05-09,-43.19611,-73.52389,0.0,Mosaic_20190506_20190519.nc,3,0.00022922830248717219,0.0006013286765664816,0.000308218935970217,0.0008074971847236156,0.0005923954304307699,0.0015081280143931508,0.0005611889064311981,0.001349288271740079,0.0004691692302003503,0.001208151807077229,0.00016845935897435993,0.0004715289978776127,0.00017316594312433153,0.00048368159332312644,7.369629747699946e-05,0.00020866355043835938,755,654
L20N1,Bco. Velahue,2019-05-23,-43.19611,-73.52389,,Mosaic_20190529_20190611.nc,6,0.00189207773655653,0.003271368332207203,0.001990043558180332,0.003751596203073859,0.0010239987168461084,0.0034880382008850574,0.00014134845696389675,0.0014310332480818033,7.863131759222597e-05,0.0009401455754414201,2.0798557670786977e-05,0.00025516521418467164,1.9057832105318084e-05,0.0002444646379444748,7.2507054937887006e-06,9.604551451047882e-05,739,616
L20N1,Bco. Velahue,2019-05-25,-43.19611,-73.52389,,Mosaic_20190529_20190611.nc,4,0.00189207773655653,0.003271368332207203,0.001990043558180332,0.003751596203073859,0.0010239987168461084,0.0034880382008850574,0.00014134845696389675,0.0014310332480818033,7.863131759222597e-05,0.0009401455754414201,2.0798557670786977e-05,0.00025516521418467164,1.9057832105318084e-05,0.0002444646379444748,7.2507054937887006e-06,9.604551451047882e-05,739,616
L20N1,Bco. Velahue,2019-05-26,-43.19611,-73.52389,0.0,Mosaic_20190529_20190611.nc,3,0.00189207773655653,0.003271368332207203,0.001990043558180332,0.003751596203073859,0.0010239987168461084,0.0034880382008850574,0.00014134845696389675,0.0014310332480818033,7.863131759222597e-05,0.0009401455754414201,2.0798557670786977e-05,0.00025516521418467164,1.9057832105318084e-05,0.0002444646379444748,7.2507054937887006e-06,9.604551451047882e-05,739,616
L20N1,Bco. Velahue,2019-05-28,-43.19611,-73.52389,,Mosaic_20190529_20190611.nc,1,0.00189207773655653,0.003271368332207203,0.001990043558180332,0.003751596203073859,0.0010239987168461084,0.0034880382008850574,0.00014134845696389675,0.0014310332480818033,7.863131759222597e-05,0.0009401455754414201,2.0798557670786977e-05,0.00025516521418467164,1.9057832105318084e-05,0.0002444646379444748,7.2507054937887006e-06,9.604551451047882e-05,739,616
L20N1,Bco. Velahue,2019-05-29,-43.19611,-73.52389,,Mosaic_20190529_20190611.nc,0,0.00189207773655653,0.003271368332207203,0.001990043558180332,0.003751596203073859,0.0010239987168461084,0.0034880382008850574,0.00014134845696389675,0.0014310332480818033,7.863131759222597e-05,0.0009401455754414201,2.0798557670786977e-05,0.00025516521418467164,1.9057832105318084e-05,0.0002444646379444748,7.2507054937887006e-06,9.604551451047882e-05,739,616
L20N1,Bco. Velahue,2019-05-30,-43.19611,-73.52389,,Mosaic_20190529_20190611.nc,1,0.00189207773655653,0.003271368332207203,0.001990043558180332,0.003751596203073859,0.0010239987168461084,0.0034880382008850574,0.00014134845696389675,0.0014310332480818033,7.863131759222597e-05,0.0009401455754414201,2.0798557670786977e-05,0.00025516521418467164,1.9057832105318084e-05,0.0002444646379444748,7.2507054937887006e-06,9.604551451047882e-05,739,616
L20N1,Bco. Velahue,2019-06-02,-43.19611,-73.52389,0.0,Mosaic_20190529_20190611.nc,4,0.00189207773655653,0.003271368332207203,0.001990043558180332,0.003751596203073859,0.0010239987168461084,0.0034880382008850574,0.00014134845696389675,0.0014310332480818033,7.863131759222597e-05,0.0009401455754414201,2.0798557670786977e-05,0.00025516521418467164,1.9057832105318084e-05,0.0002444646379444748,7.2507054937887006e-06,9.604551451047882e-05,739,616
L20N1,Bco. Velahue,2019-06-13,-43.19611,-73.52389,,Mosaic_20190615_20190628.nc,2,0.0026563373394310474,0.003899965202435851,0.0036049983464181423,0.0057693710550665855,0.0028290494810789824,0.008953516371548176,0.000491638551466167,0.0029991271439939737,0.0002904597786255181,0.002013274235650897,7.836789882276207e-05,0.0005493830540217459,7.406766235362738e-05,0.0005300979246385396,2.9348584575927816e-05,0.00020645433687604964,755,654
L20N1,Bco. Velahue,2019-06-14,-43.19611,-73.52389,,Mosaic_20190615_20190628.nc,1,0.0026563373394310474,0.003899965202435851,0.0036049983464181423,0.0057693710550665855,0.0028290494810789824,0.008953516371548176,0.000491638551466167,0.0029991271439939737,0.0002904597786255181,0.002013274235650897,7.836789882276207e-05,0.0005493830540217459,7.406766235362738e-05,0.0005300979246385396,2.9348584575927816e-05,0.00020645433687604964,755,654
L20N1,Bco. Velahue,2019-06-15,-43.19611,-73.52389,0.0,Mosaic_20190615_20190628.nc,0,0.0026563373394310474,0.003899965202435851,0.0036049983464181423,0.0057693710550665855,0.0028290494810789824,0.008953516371548176,0.000491638551466167,0.0029991271439939737,0.0002904597786255181,0.002013274235650897,7.836789882276207e-05,0.0005493830540217459,7.406766235362738e-05,0.0005300979246385396,2.9348584575927816e-05,0.00020645433687604964,755,654
L20N1,Bco. Velahue,2019-06-19,-43.19611,-73.52389,,Mosaic_20190615_20190628.nc,4,0.0026563373394310474,0.003899965202435851,0.0036049983464181423,0.0057693710550665855,0.0028290494810789824,0.008953516371548176,0.000491638551466167,0.0029991271439939737,0.0002904597786255181,0.002013274235650897,7.836789882276207e-05,0.0005493830540217459,7.406766235362738e-05,0.0005300979246385396,2.9348584575927816e-05,0.00020645433687604964,755,654
L20N1,Bco. Velahue,2019-06-20,-43.19611,-73.52389,0.0,Mosaic_20190615_20190628.nc,5,0.0026563373394310474,0.003899965202435851,0.0036049983464181423,0.0057693710550665855,0.0028290494810789824,0.008953516371548176,0.000491638551466167,0.0029991271439939737,0.0002904597786255181,0.002013274235650897,7.836789882276207e-05,0.0005493830540217459,7.406766235362738e-05,0.0005300979246385396,2.9348584575927816e-05,0.00020645433687604964,755,654
L20N1,Bco. Velahue,2019-08-06,-43.19611,-73.52389,1.0,Mosaic_20190804_20190817.nc,2,0.002673493232578039,0.006099363788962364,0.003736870363354683,0.009358478710055351,0.0030769160948693752,0.017038583755493164,0.0005395591724663973,0.008830199018120766,0.00032310292590409517,0.006732223555445671,8.824176620692015e-05,0.0022592649329453707,8.415595220867544e-05,0.002266520634293556,3.354574801051058e-05,0.0008906692964956164,732,654
L20N1,Bco. Velahue,2019-08-07,-43.19611,-73.52389,,Mosaic_20190804_20190817.nc,3,0.002673493232578039,0.006099363788962364,0.003736870363354683,0.009358478710055351,0.0030769160948693752,0.017038583755493164,0.0005395591724663973,0.008830199018120766,0.00032310292590409517,0.006732223555445671,8.824176620692015e-05,0.0022592649329453707,8.415595220867544e-05,0.002266520634293556,3.354574801051058e-05,0.0008906692964956164,732,654
L20N1,Bco. Velahue,2019-08-08,-43.19611,-73.52389,,Mosaic_20190804_20190817.nc,4,0.002673493232578039,0.006099363788962364,0.003736870363354683,0.009358478710055351,0.0030769160948693752,0.017038583755493164,0.0005395591724663973,0.008830199018120766,0.00032310292590409517,0.006732223555445671,8.824176620692015e-05,0.0022592649329453707,8.415595220867544e-05,0.002266520634293556,3.354574801051058e-05,0.0008906692964956164,732,654
L20N1,Bco. Velahue,2019-08-23,-43.19611,-73.52389,,Mosaic_20190903_20190916.nc,11,0.004368529189378023,0.008479444310069084,0.00589671591296792,0.011921809986233711,0.005488363094627857,0.015968183055520058,0.0011377865448594093,0.006482346449047327,0.0006979455356486142,0.005465465597808361,0.00018929384532384574,0.0018398483516648412,0.00018068360805045813,0.0018389950273558497,7.166735304053873e-05,0.0007274310337379575,755,654
L20N1,Bco. Velahue,2019-08-24,-43.19611,-73.52389,2.0,Mosaic_20190903_20190916.nc,10,0.004368529189378023,0.008479444310069084,0.00589671591296792,0.011921809986233711,0.005488363094627857,0.015968183055520058,0.0011377865448594093,0.006482346449047327,0.0006979455356486142,0.005465465597808361,0.00018929384532384574,0.0018398483516648412,0.00018068360805045813,0.0018389950273558497,7.166735304053873e-05,0.0007274310337379575,755,654
L20N1,Bco. Velahue,2019-09-09,-43.19611,-73.52389,0.0,Mosaic_20190903_20190916.nc,6,0.004368529189378023,0.008479444310069084,0.00589671591296792,0.011921809986233711,0.005488363094627857,0.015968183055520058,0.0011377865448594093,0.006482346449047327,0.0006979455356486142,0.005465465597808361,0.00018929384532384574,0.0018398483516648412,0.00018068360805045813,0.0018389950273558497,7.166735304053873e-05,0.0007274310337379575,755,654
L20N1,Bco. Velahue,2019-09-10,-43.19611,-73.52389,,Mosaic_20190903_20190916.nc,7,0.004368529189378023,0.008479444310069084,0.00589671591296792,0.011921809986233711,0.005488363094627857,0.015968183055520058,0.0011377865448594093,0.006482346449047327,0.0006979455356486142,0.005465465597808361,0.00018929384532384574,0.0018398483516648412,0.00018068360805045813,0.0018389950273558497,7.166735304053873e-05,0.0007274310337379575,755,654
L20N1,Bco. Velahue,2019-09-11,-43.19611,-73.52389,,Mosaic_20190903_20190916.nc,8,0.004368529189378023,0.008479444310069084,0.00589671591296792,0.011921809986233711,0.005488363094627857,0.015968183055520058,0.0011377865448594093,0.006482346449047327,0.0006979455356486142,0.005465465597808361,0.00018929384532384574,0.0018398483516648412,0.00018068360805045813,0.0018389950273558497,7.166735304053873e-05,0.0007274310337379575,755,654
L20N1,Bco. Velahue,2019-09-23,-43.19611,-73.52389,0.0,Mosaic_20190926_20191009.nc,3,0.001355607993900776,0.0027170355897396803,0.00217537023127079,0.004877966362982988,0.002379209501668811,0.009815256111323833,0.00041856669122353196,0.002968382090330124,0.00024724623654037714,0.001989823067560792,6.59452416584827e-05,0.0005409910809248686,6.317535735433921e-05,0.0005301367491483688,2.510519880161155e-05,0.0002089779736706987,732,655
L20N1,Bco. Velahue,2019-09-24,-43.19611,-73.52389,,Mosaic_20190926_20191009.nc,2,0.001355607993900776,0.0027170355897396803,0.00217537023127079,0.004877966362982988,0.002379209501668811,0.009815256111323833,0.00041856669122353196,0.002968382090330124,0.00024724623654037714,0.001989823067560792,6.59452416584827e-05,0.0005409910809248686,6.317535735433921e-05,0.0005301367491483688,2.510519880161155e-05,0.0002089779736706987,732,655
L20N1,Bco. Velahue,2019-09-25,-43.19611,-73.52389,,Mosaic_20190926_20191009.nc,1,0.001355607993900776,0.0027170355897396803,0.00217537023127079,0.004877966362982988,0.002379209501668811,0.009815256111323833,0.00041856669122353196,0.002968382090330124,0.00024724623654037714,0.001989823067560792,6.59452416584827e-05,0.0005409910809248686,6.317535735433921e-05,0.0005301367491483688,2.510519880161155e-05,0.0002089779736706987,732,655
L20N1,Bco. Velahue,2019-09-27,-43.19611,-73.52389,,Mosaic_20190926_20191009.nc,1,0.001355607993900776,0.0027170355897396803,0.00217537023127079,0.004877966362982988,0.002379209501668811,0.009815256111323833,0.00041856669122353196,0.002968382090330124,0.00024724623654037714,0.001989823067560792,6.59452416584827e-05,0.0005409910809248686,6.317535735433921e-05,0.0005301367491483688,2.510519880161155e-05,0.0002089779736706987,732,655
L20N1,Bco. Velahue,2019-10-07,-43.19611,-73.52389,0.0,Mosaic_20191013_20191026.nc,6,0.0032969980966299772,0.005523627158254385,0.004539706744253635,0.007848130539059639,0.004159372299909592,0.013363191857933998,0.0008647686336189508,0.008018093183636665,0.0005299979238770902,0.006856094114482403,0.0001460830681025982,0.0023855799809098244,0.00014011183520779014,0.002400315599516034,5.604876787401736e-05,0.0009537267033010721,755,654
L20N1,Bco. Velahue,2019-10-08,-43.19611,-73.52389,,Mosaic_20191013_20191026.nc,5,0.0032969980966299772,0.005523627158254385,0.004539706744253635,0.007848130539059639,0.004159372299909592,0.013363191857933998,0.0008647686336189508,0.008018093183636665,0.0005299979238770902,0.006856094114482403,0.0001460830681025982,0.0023855799809098244,0.00014011183520779014,0.002400315599516034,5.604876787401736e-05,0.0009537267033010721,755,654
L20N1,Bco. Velahue,2019-10-09,-43.19611,-73.52389,,Mosaic_20191013_20191026.nc,4,0.0032969980966299772,0.005523627158254385,0.004539706744253635,0.007848130539059639,0.004159372299909592,0.013363191857933998,0.0008647686336189508,0.008018093183636665,0.0005299979238770902,0.006856094114482403,0.0001460830681025982,0.0023855799809098244,0.00014011183520779014,0.002400315599516034,5.604876787401736e-05,0.0009537267033010721,755,654
L20N1,Bco. Velahue,2019-10-17,-43.19611,-73.52389,0.0,Mosaic_20191013_20191026.nc,4,0.0032969980966299772,0.005523627158254385,0.004539706744253635,0.007848130539059639,0.004159372299909592,0.013363191857933998,0.0008647686336189508,0.008018093183636665,0.0005299979238770902,0.006856094114482403,0.0001460830681025982,0.0023855799809098244,0.00014011183520779014,0.002400315599516034,5.604876787401736e-05,0.0009537267033010721,755,654
L20N1,Bco. Velahue,2019-10-18,-43.19611,-73.52389,,Mosaic_20191013_20191026.nc,5,0.0032969980966299772,0.005523627158254385,0.004539706744253635,0.007848130539059639,0.004159372299909592,0.013363191857933998,0.0008647686336189508,0.008018093183636665,0.0005299979238770902,0.006856094114482403,0.0001460830681025982,0.0023855799809098244,0.00014011183520779014,0.002400315599516034,5.604876787401736e-05,0.0009537267033010721,755,654
L20N1,Bco. Velahue,2019-11-12,-43.19611,-73.52389,,Mosaic_20191115_20191128.nc,3,0.002106752712279558,0.003503301413729787,0.002954409923404455,0.005325085483491421,0.0024261469952762127,0.0049908701330423355,0.00041978570516221225,0.0012332673650234938,0.0002488767495378852,0.0007765087066218257,6.825847958680242e-05,0.000212034719879739,6.537426088470966e-05,0.00020479405065998435,2.6215708203380927e-05,8.176892879419029e-05,755,654
L20N1,Bco. Velahue,2019-11-13,-43.19611,-73.52389,,Mosaic_20191115_20191128.nc,2,0.002106752712279558,0.003503301413729787,0.002954409923404455,0.005325085483491421,0.0024261469952762127,0.0049908701330423355,0.00041978570516221225,0.0012332673650234938,0.0002488767495378852,0.0007765087066218257,6.825847958680242e-05,0.000212034719879739,6.537426088470966e-05,0.00020479405065998435,2.6215708203380927e-05,8.176892879419029e-05,755,654
L20N1,Bco. Velahue,2019-11-15,-43.19611,-73.52389,0.0,Mosaic_20191115_20191128.nc,0,0.002106752712279558,0.003503301413729787,0.002954409923404455,0.005325085483491421,0.0024261469952762127,0.0049908701330423355,0.00041978570516221225,0.0012332673650234938,0.0002488767495378852,0.0007765087066218257,6.825847958680242e-05,0.000212034719879739,6.537426088470966e-05,0.00020479405065998435,2.6215708203380927e-05,8.176892879419029e-05,755,654
L20N1,Bco. Velahue,2019-11-22,-43.19611,-73.52389,0.0,Mosaic_20191115_20191128.nc,7,0.002106752712279558,0.003503301413729787,0.002954409923404455,0.005325085483491421,0.0024261469952762127,0.0049908701330423355,0.00041978570516221225,0.0012332673650234938,0.0002488767495378852,0.0007765087066218257,6.825847958680242e-05,0.000212034719879739,6.537426088470966e-05,0.00020479405065998435,2.6215708203380927e-05,8.176892879419029e-05,755,654
L20N1,Bco. Velahue,2019-11-23,-43.19611,-73.52389,,Mosaic_20191115_20191128.nc,8,0.002106752712279558,0.003503301413729787,0.002954409923404455,0.005325085483491421,0.0024261469952762127,0.0049908701330423355,0.00041978570516221225,0.0012332673650234938,0.0002488767495378852,0.0007765087066218257,6.825847958680242e-05,0.000212034719879739,6.537426088470966e-05,0.00020479405065998435,2.6215708203380927e-05,8.176892879419029e-05,755,654
L20N1,Bco. Velahue,2019-11-24,-43.19611,-73.52389,,Mosaic_20191115_20191128.nc,9,0.002106752712279558,0.003503301413729787,0.002954409923404455,0.005325085483491421,0.0024261469952762127,0.0049908701330423355,0.00041978570516221225,0.0012332673650234938,0.0002488767495378852,0.0007765087066218257,6.825847958680242e-05,0.000212034719879739,6.537426088470966e-05,0.00020479405065998435,2.6215708203380927e-05,8.176892879419029e-05,755,654
L20N1,Bco. Velahue,2019-11-29,-43.19611,-73.52389,,Mosaic_20191205_20191218.nc,6,,,,,,,,,,,,,,,,,755,0
L20N1,Bco. Velahue,2019-11-30,-43.19611,-73.52389,0.0,Mosaic_20191205_20191218.nc,5,,,,,,,,,,,,,,,,,755,0
L20N1,Bco. Velahue,2019-12-01,-43.19611,-73.52389,,Mosaic_20191205_20191218.nc,4,,,,,,,,,,,,,,,,,755,0
L20N1,Bco. Velahue,2019-12-06,-43.19611,-73.52389,1.0,Mosaic_20191205_20191218.nc,1,,,,,,,,,,,,,,,,,755,0
L20N1,Bco. Velahue,2019-12-07,-43.19611,-73.52389,,Mosaic_20191205_20191218.nc,2,,,,,,,,,,,,,,,,,755,0
L20N1,Bco. Velahue,2019-12-08,-43.19611,-73.52389,,Mosaic_20191205_20191218.nc,3,,,,,,,,,,,,,,,,,755,0
L20N1,Bco. Velahue,2019-12-10,-43.19611,-73.52389,,Mosaic_20191205_20191218.nc,5,,,,,,,,,,,,,,,,,755,0
L20N1,Bco. Velahue,2019-12-15,-43.19611,-73.52389,0.0,Mosaic_20191205_20191218.nc,10,,,,,,,,,,,,,,,,,755,0
L20N1,Bco. Velahue,2019-12-16,-43.19611,-73.52389,,Mosaic_20191205_20191218.nc,11,,,,,,,,,,,,,,,,,755,0
L20N1,Bco. Velahue,2019-12-17,-43.19611,-73.52389,,Mosaic_20191205_20191218.nc,12,,,,,,,,,,,,,,,,,755,0
L20N1,Bco. Velahue,2020-01-02,-43.19611,-73.52389,0.0,Mosaic_20200101_20200114.nc,1,0.004399178549647331,0.007837840355932713,0.005861680023372173,0.011616620235145092,0.004588400945067406,0.018911311402916908,0.0008605265174992383,0.008918236941099167,0.0005238880403339863,0.0066680703312158585,0.0001448692928534001,0.0019411789253354073,0.00013926843530498445,0.0018897437257692218,5.58232786715962e-05,0.0007203747518360615,755,654
L20N1,Bco. Velahue,2020-01-03,-43.19611,-73.52389,,Mosaic_20200101_20200114.nc,2,0.004399178549647331,0.007837840355932713,0.005861680023372173,0.011616620235145092,0.004588400945067406,0.018911311402916908,0.0008605265174992383,0.008918236941099167,0.0005238880403339863,0.0066680703312158585,0.0001448692928534001,0.0019411789253354073,0.00013926843530498445,0.0018897437257692218,5.58232786715962e-05,0.0007203747518360615,755,654
L20N1,Bco. Velahue,2020-01-04,-43.19611,-73.52389,,Mosaic_20200101_20200114.nc,3,0.004399178549647331,0.007837840355932713,0.005861680023372173,0.011616620235145092,0.004588400945067406,0.018911311402916908,0.0008605265174992383,0.008918236941099167,0.0005238880403339863,0.0066680703312158585,0.0001448692928534001,0.0019411789253354073,0.00013926843530498445,0.0018897437257692218,5.58232786715962e-05,0.0007203747518360615,755,654
L20N1,Bco. Velahue,2020-01-10,-43.19611,-73.52389,2.0,Mosaic_20200101_20200114.nc,9,0.004399178549647331,0.007837840355932713,0.005861680023372173,0.011616620235145092,0.004588400945067406,0.018911311402916908,0.0008605265174992383,0.008918236941099167,0.0005238880403339863,0.0066680703312158585,0.0001448692928534001,0.0019411789253354073,0.00013926843530498445,0.0018897437257692218,5.58232786715962e-05,0.0007203747518360615,755,654
L20N1,Bco. Velahue,2020-01-11,-43.19611,-73.52389,,Mosaic_20200101_20200114.nc,10,0.004399178549647331,0.007837840355932713,0.005861680023372173,0.011616620235145092,0.004588400945067406,0.018911311402916908,0.0008605265174992383,0.008918236941099167,0.0005238880403339863,0.0066680703312158585,0.0001448692928534001,0.0019411789253354073,0.00013926843530498445,0.0018897437257692218,5.58232786715962e-05,0.0007203747518360615,755,654
L20N1,Bco. Velahue,2020-01-12,-43.19611,-73.52389,,Mosaic_20200121_20200203.nc,9,0.0032262096647173166,0.004603661596775055,0.004684045910835266,0.007108383346349001,0.0032250238582491875,0.01030097994953394,0.0004507330013439059,0.0030457153916358948,0.0002673897542990744,0.0020066010765731335,7.422394264722243e-05,0.0005460547981783748,7.153783371904865e-05,0.0005310570122674108,2.8809889045078307e-05,0.0002085852320306003,755,654
L20N1,Bco. Velahue,2020-01-14,-43.19611,-73.52389,,Mosaic_20200121_20200203.nc,7,0.0032262096647173166,0.004603661596775055,0.004684045910835266,0.007108383346349001,0.0032250238582491875,0.01030097994953394,0.0004507330013439059,0.0030457153916358948,0.0002673897542990744,0.0020066010765731335,7.422394264722243e-05,0.0005460547981783748,7.153783371904865e-05,0.0005310570122674108,2.8809889045078307e-05,0.0002085852320306003,755,654
L20N1,Bco. Velahue,2020-01-22,-43.19611,-73.52389,0.0,Mosaic_20200121_20200203.nc,1,0.0032262096647173166,0.004603661596775055,0.004684045910835266,0.007108383346349001,0.0032250238582491875,0.01030097994953394,0.0004507330013439059,0.0030457153916358948,0.0002673897542990744,0.0020066010765731335,7.422394264722243e-05,0.0005460547981783748,7.153783371904865e-05,0.0005310570122674108,2.8809889045078307e-05,0.0002085852320306003,755,654
L20N1,Bco. Velahue,2020-01-23,-43.19611,-73.52389,,Mosaic_20200121_20200203.nc,2,0.0032262096647173166,0.004603661596775055,0.004684045910835266,0.007108383346349001,0.0032250238582491875,0.01030097994953394,0.0004507330013439059,0.0030457153916358948,0.0002673897542990744,0.0020066010765731335,7.422394264722243e-05,0.0005460547981783748,7.153783371904865e-05,0.0005310570122674108,2.8809889045078307e-05,0.0002085852320306003,755,654
L20N1,Bco. Velahue,2020-01-24,-43.19611,-73.52389,,Mosaic_20200121_20200203.nc,3,0.0032262096647173166,0.004603661596775055,0.004684045910835266,0.007108383346349001,0.0032250238582491875,0.01030097994953394,0.0004507330013439059,0.0030457153916358948,0.0002673897542990744,0.0020066010765731335,7.422394264722243e-05,0.0005460547981783748,7.153783371904865e-05,0.0005310570122674108,2.8809889045078307e-05,0.0002085852320306003,755,654
L20N1,Bco. Velahue,2020-01-28,-43.19611,-73.52389,0.0,Mosaic_20200121_20200203.nc,7,0.0032262096647173166,0.004603661596775055,0.004684045910835266,0.007108383346349001,0.0032250238582491875,0.01030097994953394,0.0004507330013439059,0.0030457153916358948,0.0002673897542990744,0.0020066010765731335,7.422394264722243e-05,0.0005460547981783748,7.153783371904865e-05,0.0005310570122674108,2.8809889045078307e-05,0.0002085852320306003,755,654
L20N1,Bco. Velahue,2020-01-29,-43.19611,-73.52389,,Mosaic_20200121_20200203.nc,8,0.0032262096647173166,0.004603661596775055,0.004684045910835266,0.007108383346349001,0.0032250238582491875,0.01030097994953394,0.0004507330013439059,0.0030457153916358948,0.0002673897542990744,0.0020066010765731335,7.422394264722243e-05,0.0005460547981783748,7.153783371904865e-05,0.0005310570122674108,2.8809889045078307e-05,0.0002085852320306003,755,654
L20N1,Bco. Velahue,2020-01-30,-43.19611,-73.52389,,Mosaic_20200121_20200203.nc,9,0.0032262096647173166,0.004603661596775055,0.004684045910835266,0.007108383346349001,0.0032250238582491875,0.01030097994953394,0.0004507330013439059,0.0030457153916358948,0.0002673897542990744,0.0020066010765731335,7.422394264722243e-05,0.0005460547981783748,7.153783371904865e-05,0.0005310570122674108,2.8809889045078307e-05,0.0002085852320306003,755,654
L20N1,Bco. Velahue,2020-02-04,-43.19611,-73.52389,0.0,Mosaic_20200210_20200223.nc,6,0.004670323804020882,0.008469197899103165,0.006058762315660715,0.01142470445483923,0.0036491977516561747,0.020443495362997055,0.000507090357132256,0.011200186796486378,0.0003030690713785589,0.008702162653207779,8.53047167765908e-05,0.002652467228472233,8.14185623312369e-05,0.0026004116516560316,3.277638825238682e-05,0.000994573230855167,739,616
L20N1,Bco. Velahue,2020-02-05,-43.19611,-73.52389,,Mosaic_20200210_20200223.nc,5,0.004670323804020882,0.008469197899103165,0.006058762315660715,0.01142470445483923,0.0036491977516561747,0.020443495362997055,0.000507090357132256,0.011200186796486378,0.0003030690713785589,0.008702162653207779,8.53047167765908e-05,0.002652467228472233,8.14185623312369e-05,0.0026004116516560316,3.277638825238682e-05,0.000994573230855167,739,616
L20N1,Bco. Velahue,2020-02-06,-43.19611,-73.52389,,Mosaic_20200210_20200223.nc,4,0.004670323804020882,0.008469197899103165,0.006058762315660715,0.01142470445483923,0.0036491977516561747,0.020443495362997055,0.000507090357132256,0.011200186796486378,0.0003030690713785589,0.008702162653207779,8.53047167765908e-05,0.002652467228472233,8.14185623312369e-05,0.0026004116516560316,3.277638825238682e-05,0.000994573230855167,739,616
L20N1,Bco. Velahue,2020-02-08,-43.19611,-73.52389,,Mosaic_20200210_20200223.nc,2,0.004670323804020882,0.008469197899103165,0.006058762315660715,0.01142470445483923,0.0036491977516561747,0.020443495362997055,0.000507090357132256,0.011200186796486378,0.0003030690713785589,0.008702162653207779,8.53047167765908e-05,0.002652467228472233,8.14185623312369e-05,0.0026004116516560316,3.277638825238682e-05,0.000994573230855167,739,616
L20N1,Bco. Velahue,2020-02-11,-43.19611,-73.52389,,Mosaic_20200210_20200223.nc,1,0.004670323804020882,0.008469197899103165,0.006058762315660715,0.01142470445483923,0.0036491977516561747,0.020443495362997055,0.000507090357132256,0.011200186796486378,0.0003030690713785589,0.008702162653207779,8.53047167765908e-05,0.002652467228472233,8.14185623312369e-05,0.0026004116516560316,3.277638825238682e-05,0.000994573230855167,739,616
L20N1,Bco. Velahue,2020-02-12,-43.19611,-73.52389,,Mosaic_20200210_20200223.nc,2,0.004670323804020882,0.008469197899103165,0.006058762315660715,0.01142470445483923,0.0036491977516561747,0.020443495362997055,0.000507090357132256,0.011200186796486378,0.0003030690713785589,0.008702162653207779,8.53047167765908e-05,0.002652467228472233,8.14185623312369e-05,0.0026004116516560316,3.277638825238682e-05,0.000994573230855167,739,616
L20N1,Bco. Velahue,2020-02-13,-43.19611,-73.52389,0.0,Mosaic_20200210_20200223.nc,3,0.004670323804020882,0.008469197899103165,0.006058762315660715,0.01142470445483923,0.0036491977516561747,0.020443495362997055,0.000507090357132256,0.011200186796486378,0.0003030690713785589,0.008702162653207779,8.53047167765908e-05,0.002652467228472233,8.14185623312369e-05,0.0026004116516560316,3.277638825238682e-05,0.000994573230855167,739,616
L20N1,Bco. Velahue,2020-02-17,-43.19611,-73.52389,0.0,Mosaic_20200210_20200223.nc,7,0.004670323804020882,0.008469197899103165,0.006058762315660715,0.01142470445483923,0.0036491977516561747,0.020443495362997055,0.000507090357132256,0.011200186796486378,0.0003030690713785589,0.008702162653207779,8.53047167765908e-05,0.002652467228472233,8.14185623312369e-05,0.0026004116516560316,3.277638825238682e-05,0.000994573230855167,739,616
L20N1,Bco. Velahue,2020-02-18,-43.19611,-73.52389,,Mosaic_20200210_20200223.nc,8,0.004670323804020882,0.008469197899103165,0.006058762315660715,0.01142470445483923,0.0036491977516561747,0.020443495362997055,0.000507090357132256,0.011200186796486378,0.0003030690713785589,0.008702162653207779,8.53047167765908e-05,0.002652467228472233,8.14185623312369e-05,0.0026004116516560316,3.277638825238682e-05,0.000994573230855167,739,616
L20N1,Bco. Velahue,2020-02-19,-43.19611,-73.52389,,Mosaic_20200210_20200223.nc,9,0.004670323804020882,0.008469197899103165,0.006058762315660715,0.01142470445483923,0.0036491977516561747,0.020443495362997055,0.000507090357132256,0.011200186796486378,0.0003030690713785589,0.008702162653207779,8.53047167765908e-05,0.002652467228472233,8.14185623312369e-05,0.0026004116516560316,3.277638825238682e-05,0.000994573230855167,739,616
L20N1,Bco. Velahue,2020-02-25,-43.19611,-73.52389,,Mosaic_20200301_20200314.nc,5,0.004652936942875385,0.009655600413680077,0.006110089365392923,0.013447453267872334,0.004683995619416237,0.020649373531341553,0.0008921411354094744,0.010196355171501637,0.0005427181604318321,0.007559128105640411,0.00014955908409319818,0.002411652123555541,0.00014318764442577958,0.0024289439897984266,5.709050310542807e-05,0.0009547343361191452,755,654
L20N1,Bco. Velahue,2020-02-26,-43.19611,-73.52389,,Mosaic_20200301_20200314.nc,4,0.004652936942875385,0.009655600413680077,0.006110089365392923,0.013447453267872334,0.004683995619416237,0.020649373531341553,0.0008921411354094744,0.010196355171501637,0.0005427181604318321,0.007559128105640411,0.00014955908409319818,0.002411652123555541,0.00014318764442577958,0.0024289439897984266,5.709050310542807e-05,0.0009547343361191452,755,654
L20N1,Bco. Velahue,2020-02-28,-43.19611,-73.52389,0.0,Mosaic_20200301_20200314.nc,2,0.004652936942875385,0.009655600413680077,0.006110089365392923,0.013447453267872334,0.004683995619416237,0.020649373531341553,0.0008921411354094744,0.010196355171501637,0.0005427181604318321,0.007559128105640411,0.00014955908409319818,0.002411652123555541,0.00014318764442577958,0.0024289439897984266,5.709050310542807e-05,0.0009547343361191452,755,654
L20N1,Bco. Velahue,2020-03-03,-43.19611,-73.52389,,Mosaic_20200301_20200314.nc,2,0.004652936942875385,0.009655600413680077,0.006110089365392923,0.013447453267872334,0.004683995619416237,0.020649373531341553,0.0008921411354094744,0.010196355171501637,0.0005427181604318321,0.007559128105640411,0.00014955908409319818,0.002411652123555541,0.00014318764442577958,0.0024289439897984266,5.709050310542807e-05,0.0009547343361191452,755,654
L20N1,Bco. Velahue,2020-03-04,-43.19611,-73.52389,,Mosaic_20200301_20200314.nc,3,0.004652936942875385,0.009655600413680077,0.006110089365392923,0.013447453267872334,0.004683995619416237,0.020649373531341553,0.0008921411354094744,0.010196355171501637,0.0005427181604318321,0.007559128105640411,0.00014955908409319818,0.002411652123555541,0.00014318764442577958,0.0024289439897984266,5.709050310542807e-05,0.0009547343361191452,755,654
L20N1,Bco. Velahue,2020-03-05,-43.19611,-73.52389,0.0,Mosaic_20200301_20200314.nc,4,0.004652936942875385,0.009655600413680077,0.006110089365392923,0.013447453267872334,0.004683995619416237,0.020649373531341553,0.0008921411354094744,0.010196355171501637,0.0005427181604318321,0.007559128105640411,0.00014955908409319818,0.002411652123555541,0.00014318764442577958,0.0024289439897984266,5.709050310542807e-05,0.0009547343361191452,755,654
L20N1,Bco. Velahue,2020-03-10,-43.19611,-73.52389,1.0,Mosaic_20200301_20200314.nc,9,0.004652936942875385,0.009655600413680077,0.006110089365392923,0.013447453267872334,0.004683995619416237,0.020649373531341553,0.0008921411354094744,0.010196355171501637,0.0005427181604318321,0.007559128105640411,0.00014955908409319818,0.002411652123555541,0.00014318764442577958,0.0024289439897984266,5.709050310542807e-05,0.0009547343361191452,755,654
L20N1,Bco. Velahue,2020-03-11,-43.19611,-73.52389,,Mosaic_20200301_20200314.nc,10,0.004652936942875385,0.009655600413680077,0.006110089365392923,0.013447453267872334,0.004683995619416237,0.020649373531341553,0.0008921411354094744,0.010196355171501637,0.0005427181604318321,0.007559128105640411,0.00014955908409319818,0.002411652123555541,0.00014318764442577958,0.0024289439897984266,5.709050310542807e-05,0.0009547343361191452,755,654
L20N1,Bco. Velahue,2020-03-12,-43.19611,-73.52389,,Mosaic_20200301_20200314.nc,11,0.004652936942875385,0.009655600413680077,0.006110089365392923,0.013447453267872334,0.004683995619416237,0.020649373531341553,0.0008921411354094744,0.010196355171501637,0.0005427181604318321,0.007559128105640411,0.00014955908409319818,0.002411652123555541,0.00014318764442577958,0.0024289439897984266,5.709050310542807e-05,0.0009547343361191452,755,654
L20N1,Bco. Velahue,2020-03-18,-43.19611,-73.52389,,Mosaic_20200324_20200406.nc,6,0.0014261731412261724,0.00398412486538291,0.002333003096282482,0.0067126029171049595,0.00309193367138505,0.01389258075505495,0.0006344200228340924,0.006973829120397568,0.0003860121069010347,0.00528788473457098,0.00010324135655537248,0.0015797073720023036,9.915651753544807e-05,0.0015604211948812008,3.954114799853414e-05,0.0006061518215574324,757,656
L20N1,Bco. Velahue,2020-03-19,-43.19611,-73.52389,,Mosaic_20200324_20200406.nc,5,0.0014261731412261724,0.00398412486538291,0.002333003096282482,0.0067126029171049595,0.00309193367138505,0.01389258075505495,0.0006344200228340924,0.006973829120397568,0.0003860121069010347,0.00528788473457098,0.00010324135655537248,0.0015797073720023036,9.915651753544807e-05,0.0015604211948812008,3.954114799853414e-05,0.0006061518215574324,757,656
L20N1,Bco. Velahue,2020-03-21,-43.19611,-73.52389,0.0,Mosaic_20200324_20200406.nc,3,0.0014261731412261724,0.00398412486538291,0.002333003096282482,0.0067126029171049595,0.00309193367138505,0.01389258075505495,0.0006344200228340924,0.006973829120397568,0.0003860121069010347,0.00528788473457098,0.00010324135655537248,0.0015797073720023036,9.915651753544807e-05,0.0015604211948812008,3.954114799853414e-05,0.0006061518215574324,757,656
L20N1,Bco. Velahue,2020-05-13,-43.19611,-73.52389,0.0,Mosaic_20200510_20200523.nc,3,0.0016490272246301174,0.00393351074308157,0.0019219049718230963,0.005450481548905373,0.0010852785781025887,0.007826212793588638,0.00016568772844038904,0.0028099422343075275,9.359548130305484e-05,0.001887054182589054,2.5064360670512542e-05,0.0005290941335260868,2.318668703082949e-05,0.000511768797878176,8.91258332558209e-06,0.00020122091518715024,757,656
L20N1,Bco. Velahue,2020-07-12,-43.19611,-73.52389,,Mosaic_20200712_20200725.nc,0,,,,,,,,,,,,,,,,,755,0
L20N1,Bco. Velahue,2020-07-13,-43.19611,-73.52389,,Mosaic_20200712_20200725.nc,1,,,,,,,,,,,,,,,,,755,0
L20N1,Bco. Velahue,2020-07-15,-43.19611,-73.52389,,Mosaic_20200712_20200725.nc,3,,,,,,,,,,,,,,,,,755,0
L20N1,Bco. Velahue,2020-07-16,-43.19611,-73.52389,0.0,Mosaic_20200712_20200725.nc,4,,,,,,,,,,,,,,,,,755,0
L20N1,Bco. Velahue,2020-07-28,-43.19611,-73.52389,,Mosaic_20200729_20200811.nc,1,0.0008264364441856742,0.004996906965970993,0.0007694344967603683,0.005292843095958233,0.000550092023331672,0.002651344984769821,0.00015912580420263112,0.0010601317044347525,9.290991874877363e-05,0.0008513731881976128,2.6762929337564856e-05,0.00028326758183538914,2.5135104806395248e-05,0.00028725125594064593,9.748578122525942e-06,0.000118988988106139,739,85
L20N1,Bco. Velahue,2020-07-29,-43.19611,-73.52389,,Mosaic_20200729_20200811.nc,0,0.0008264364441856742,0.004996906965970993,0.0007694344967603683,0.005292843095958233,0.000550092023331672,0.002651344984769821,0.00015912580420263112,0.0010601317044347525,9.290991874877363e-05,0.0008513731881976128,2.6762929337564856e-05,0.00028326758183538914,2.5135104806395248e-05,0.00028725125594064593,9.748578122525942e-06,0.000118988988106139,739,85
L20N1,Bco. Velahue,2020-07-31,-43.19611,-73.52389,1.0,Mosaic_20200729_20200811.nc,2,0.0008264364441856742,0.004996906965970993,0.0007694344967603683,0.005292843095958233,0.000550092023331672,0.002651344984769821,0.00015912580420263112,0.0010601317044347525,9.290991874877363e-05,0.0008513731881976128,2.6762929337564856e-05,0.00028326758183538914,2.5135104806395248e-05,0.00028725125594064593,9.748578122525942e-06,0.000118988988106139,739,85
L20N1,Bco. Velahue,2020-08-18,-43.19611,-73.52389,0.0,Mosaic_20200818_20200831.nc,0,0.0034321099519729614,0.006666725501418114,0.004579740110784769,0.009769312106072903,0.003943771123886108,0.017076460644602776,0.0008119186386466026,0.008509025909006596,0.0004949129652231932,0.006266215816140175,0.0001365219650324434,0.0020926936995238066,0.000130254658870399,0.0020887679420411587,5.213863914832473e-05,0.0008261536131612957,755,654
L20N1,Bco. Velahue,2020-08-19,-43.19611,-73.52389,,Mosaic_20200818_20200831.nc,1,0.0034321099519729614,0.006666725501418114,0.004579740110784769,0.009769312106072903,0.003943771123886108,0.017076460644602776,0.0008119186386466026,0.008509025909006596,0.0004949129652231932,0.006266215816140175,0.0001365219650324434,0.0020926936995238066,0.000130254658870399,0.0020887679420411587,5.213863914832473e-05,0.0008261536131612957,755,654
L20N1,Bco. Velahue,2020-08-20,-43.19611,-73.52389,,Mosaic_20200818_20200831.nc,2,0.0034321099519729614,0.006666725501418114,0.004579740110784769,0.009769312106072903,0.003943771123886108,0.017076460644602776,0.0008119186386466026,0.008509025909006596,0.0004949129652231932,0.006266215816140175,0.0001365219650324434,0.0020926936995238066,0.000130254658870399,0.0020887679420411587,5.213863914832473e-05,0.0008261536131612957,755,654
L20N1,Bco. Velahue,2020-08-21,-43.19611,-73.52389,,Mosaic_20200818_20200831.nc,3,0.0034321099519729614,0.006666725501418114,0.004579740110784769,0.009769312106072903,0.003943771123886108,0.017076460644602776,0.0008119186386466026,0.008509025909006596,0.0004949129652231932,0.006266215816140175,0.0001365219650324434,0.0020926936995238066,0.000130254658870399,0.0020887679420411587,5.213863914832473e-05,0.0008261536131612957,755,654
L20N1,Bco. Velahue,2020-08-23,-43.19611,-73.52389,,Mosaic_20200818_20200831.nc,5,0.0034321099519729614,0.006666725501418114,0.004579740110784769,0.009769312106072903,0.003943771123886108,0.017076460644602776,0.0008119186386466026,0.008509025909006596,0.0004949129652231932,0.006266215816140175,0.0001365219650324434,0.0020926936995238066,0.000130254658870399,0.0020887679420411587,5.213863914832473e-05,0.0008261536131612957,755,654
L20N1,Bco. Velahue,2020-08-24,-43.19611,-73.52389,0.0,Mosaic_20200818_20200831.nc,6,0.0034321099519729614,0.006666725501418114,0.004579740110784769,0.009769312106072903,0.003943771123886108,0.017076460644602776,0.0008119186386466026,0.008509025909006596,0.0004949129652231932,0.006266215816140175,0.0001365219650324434,0.0020926936995238066,0.000130254658870399,0.0020887679420411587,5.213863914832473e-05,0.0008261536131612957,755,654
L20N1,Bco. Velahue,2020-09-05,-43.19611,-73.52389,0.0,Mosaic_20200917_20200930.nc,12,0.0015106832142919302,0.006004126276820898,0.002503117546439171,0.009055870585143566,0.0036544448230415583,0.017110617831349373,0.0008232313557527959,0.01055926363915205,0.0005100548733025789,0.008485475555062294,0.0001365876814816147,0.002762559335678816,0.00013201608089730144,0.0027590952813625336,5.2783070714212954e-05,0.0010746371699497104,755,654
L20N1,Bco. Velahue,2020-09-21,-43.19611,-73.52389,1.0,Mosaic_20200917_20200930.nc,4,0.0015106832142919302,0.006004126276820898,0.002503117546439171,0.009055870585143566,0.0036544448230415583,0.017110617831349373,0.0008232313557527959,0.01055926363915205,0.0005100548733025789,0.008485475555062294,0.0001365876814816147,0.002762559335678816,0.00013201608089730144,0.0027590952813625336,5.2783070714212954e-05,0.0010746371699497104,755,654
L20N1,Bco. Velahue,2020-09-22,-43.19611,-73.52389,,Mosaic_20200917_20200930.nc,5,0.0015106832142919302,0.006004126276820898,0.002503117546439171,0.009055870585143566,0.0036544448230415583,0.017110617831349373,0.0008232313557527959,0.01055926363915205,0.0005100548733025789,0.008485475555062294,0.0001365876814816147,0.002762559335678816,0.00013201608089730144,0.0027590952813625336,5.2783070714212954e-05,0.0010746371699497104,755,654
L20N1,Bco. Velahue,2020-09-23,-43.19611,-73.52389,,Mosaic_20200917_20200930.nc,6,0.0015106832142919302,0.006004126276820898,0.002503117546439171,0.009055870585143566,0.0036544448230415583,0.017110617831349373,0.0008232313557527959,0.01055926363915205,0.0005100548733025789,0.008485475555062294,0.0001365876814816147,0.002762559335678816,0.00013201608089730144,0.0027590952813625336,5.2783070714212954e-05,0.0010746371699497104,755,654
L20N1,Bco. Velahue,2020-09-24,-43.19611,-73.52389,,Mosaic_20200917_20200930.nc,7,0.0015106832142919302,0.006004126276820898,0.002503117546439171,0.009055870585143566,0.0036544448230415583,0.017110617831349373,0.0008232313557527959,0.01055926363915205,0.0005100548733025789,0.008485475555062294,0.0001365876814816147,0.002762559335678816,0.00013201608089730144,0.0027590952813625336,5.2783070714212954e-05,0.0010746371699497104,755,654
L20N1,Bco. Velahue,2020-09-25,-43.19611,-73.52389,,Mosaic_20200917_20200930.nc,8,0.0015106832142919302,0.006004126276820898,0.002503117546439171,0.009055870585143566,0.0036544448230415583,0.017110617831349373,0.0008232313557527959,0.01055926363915205,0.0005100548733025789,0.008485475555062294,0.0001365876814816147,0.002762559335678816,0.00013201608089730144,0.0027590952813625336,5.2783070714212954e-05,0.0010746371699497104,755,654
L20N1,Bco. Velahue,2020-09-26,-43.19611,-73.52389,1.0,Mosaic_20200917_20200930.nc,9,0.0015106832142919302,0.006004126276820898,0.002503117546439171,0.009055870585143566,0.0036544448230415583,0.017110617831349373,0.0008232313557527959,0.01055926363915205,0.0005100548733025789,0.008485475555062294,0.0001365876814816147,0.002762559335678816,0.00013201608089730144,0.0027590952813625336,5.2783070714212954e-05,0.0010746371699497104,755,654
L20N1,Bco. Velahue,2020-10-06,-43.19611,-73.52389,0.0,Mosaic_20201010_20201023.nc,4,0.0024273544549942017,0.006989056710153818,0.003990285564213991,0.01046927459537983,0.007071120664477348,0.019748946651816368,0.002242037560790777,0.01136570144444704,0.0014732569688931108,0.009152278304100037,0.000405354134272784,0.0030722832307219505,0.00039595915586687624,0.0030824276618659496,0.00015762631664983928,0.0012030068319290876,755,654
L20N1,Bco. Velahue,2020-10-08,-43.19611,-73.52389,,Mosaic_20201010_20201023.nc,2,0.0024273544549942017,0.006989056710153818,0.003990285564213991,0.01046927459537983,0.007071120664477348,0.019748946651816368,0.002242037560790777,0.01136570144444704,0.0014732569688931108,0.009152278304100037,0.000405354134272784,0.0030722832307219505,0.00039595915586687624,0.0030824276618659496,0.00015762631664983928,0.0012030068319290876,755,654
L20N1,Bco. Velahue,2020-10-09,-43.19611,-73.52389,,Mosaic_20201010_20201023.nc,1,0.0024273544549942017,0.006989056710153818,0.003990285564213991,0.01046927459537983,0.007071120664477348,0.019748946651816368,0.002242037560790777,0.01136570144444704,0.0014732569688931108,0.009152278304100037,0.000405354134272784,0.0030722832307219505,0.00039595915586687624,0.0030824276618659496,0.00015762631664983928,0.0012030068319290876,755,654
L20N1,Bco. Velahue,2020-10-11,-43.19611,-73.52389,,Mosaic_20201010_20201023.nc,1,0.0024273544549942017,0.006989056710153818,0.003990285564213991,0.01046927459537983,0.007071120664477348,0.019748946651816368,0.002242037560790777,0.01136570144444704,0.0014732569688931108,0.009152278304100037,0.000405354134272784,0.0030722832307219505,0.00039595915586687624,0.0030824276618659496,0.00015762631664983928,0.0012030068319290876,755,654
L20N1,Bco. Velahue,2020-10-20,-43.19611,-73.52389,0.0,Mosaic_20201010_20201023.nc,10,0.0024273544549942017,0.006989056710153818,0.003990285564213991,0.01046927459537983,0.007071120664477348,0.019748946651816368,0.002242037560790777,0.01136570144444704,0.0014732569688931108,0.009152278304100037,0.000405354134272784,0.0030722832307219505,0.00039595915586687624,0.0030824276618659496,0.00015762631664983928,0.0012030068319290876,755,654
L20N1,Bco. Velahue,2020-10-21,-43.19611,-73.52389,,Mosaic_20201030_20201112.nc,9,0.0010296249529346824,0.005564434453845024,0.0017375338356941938,0.008355005644261837,0.002844160422682762,0.016111886128783226,0.0007174747879616916,0.010684509761631489,0.00045260321348905563,0.008840775117278099,0.0001244185696123168,0.002921398263424635,0.00012042972957715392,0.002914436860010028,4.8466612497577444e-05,0.0011304415529593825,755,654
L20N1,Bco. Velahue,2020-10-22,-43.19611,-73.52389,,Mosaic_20201030_20201112.nc,8,0.0010296249529346824,0.005564434453845024,0.0017375338356941938,0.008355005644261837,0.002844160422682762,0.016111886128783226,0.0007174747879616916,0.010684509761631489,0.00045260321348905563,0.008840775117278099,0.0001244185696123168,0.002921398263424635,0.00012042972957715392,0.002914436860010028,4.8466612497577444e-05,0.0011304415529593825,755,654
L20N1,Bco. Velahue,2020-10-23,-43.19611,-73.52389,,Mosaic_20201030_20201112.nc,7,0.0010296249529346824,0.005564434453845024,0.0017375338356941938,0.008355005644261837,0.002844160422682762,0.016111886128783226,0.0007174747879616916,0.010684509761631489,0.00045260321348905563,0.008840775117278099,0.0001244185696123168,0.002921398263424635,0.00012042972957715392,0.002914436860010028,4.8466612497577444e-05,0.0011304415529593825,755,654
L20N1,Bco. Velahue,2020-11-05,-43.19611,-73.52389,0.0,Mosaic_20201030_20201112.nc,6,0.0010296249529346824,0.005564434453845024,0.0017375338356941938,0.008355005644261837,0.002844160422682762,0.016111886128783226,0.0007174747879616916,0.010684509761631489,0.00045260321348905563,0.008840775117278099,0.0001244185696123168,0.002921398263424635,0.00012042972957715392,0.002914436860010028,4.8466612497577444e-05,0.0011304415529593825,755,654
L20N1,Bco. Velahue,2020-11-07,-43.19611,-73.52389,,Mosaic_20201030_20201112.nc,8,0.0010296249529346824,0.005564434453845024,0.0017375338356941938,0.008355005644261837,0.002844160422682762,0.016111886128783226,0.0007174747879616916,0.010684509761631489,0.00045260321348905563,0.008840775117278099,0.0001244185696123168,0.002921398263424635,0.00012042972957715392,0.002914436860010028,4.8466612497577444e-05,0.0011304415529593825,755,654
L20N1,Bco. Velahue,2020-11-08,-43.19611,-73.52389,,Mosaic_20201116_20201129.nc,8,0.0065348041243851185,0.009414696134626865,0.008546043187379837,0.012523092329502106,0.007155034225434065,0.02224161848425865,0.0015106796054169536,0.011775737628340721,0.0009344912250526249,0.008878306485712528,0.00025803971220739186,0.002604283392429352,0.0002475252840667963,0.0025369368959218264,9.839941776590422e-05,0.0009623057558201253,732,655
L20N1,Bco. Velahue,2020-11-10,-43.19611,-73.52389,,Mosaic_20201116_20201129.nc,6,0.0065348041243851185,0.009414696134626865,0.008546043187379837,0.012523092329502106,0.007155034225434065,0.02224161848425865,0.0015106796054169536,0.011775737628340721,0.0009344912250526249,0.008878306485712528,0.00025803971220739186,0.002604283392429352,0.0002475252840667963,0.0025369368959218264,9.839941776590422e-05,0.0009623057558201253,732,655
L20N1,Bco. Velahue,2020-12-02,-43.19611,-73.52389,2.0,Mosaic_20201206_20201219.nc,4,0.0015567486407235265,0.0044462112709879875,0.0022773449309170246,0.006434374488890171,0.0028911568224430084,0.008269712328910828,0.0007316711125895381,0.002575057791545987,0.0004544552066363394,0.0019038505852222443,0.00012547573714982718,0.0006310666794888675,0.00012042191519867629,0.0006325736758299172,4.8074278311105445e-05,0.0002590371877886355,755,612
L20N1,Bco. Velahue,2020-12-03,-43.19611,-73.52389,,Mosaic_20201206_20201219.nc,3,0.0015567486407235265,0.0044462112709879875,0.0022773449309170246,0.006434374488890171,0.0028911568224430084,0.008269712328910828,0.0007316711125895381,0.002575057791545987,0.0004544552066363394,0.0019038505852222443,0.00012547573714982718,0.0006310666794888675,0.00012042191519867629,0.0006325736758299172,4.8074278311105445e-05,0.0002590371877886355,755,612
L20N1,Bco. Velahue,2020-12-04,-43.19611,-73.52389,,Mosaic_20201206_20201219.nc,2,0.0015567486407235265,0.0044462112709879875,0.0022773449309170246,0.006434374488890171,0.0028911568224430084,0.008269712328910828,0.0007316711125895381,0.002575057791545987,0.0004544552066363394,0.0019038505852222443,0.00012547573714982718,0.0006310666794888675,0.00012042191519867629,0.0006325736758299172,4.8074278311105445e-05,0.0002590371877886355,755,612
L20N1,Bco. Velahue,2020-12-16,-43.19611,-73.52389,2.0,Mosaic_20201206_20201219.nc,10,0.0015567486407235265,0.0044462112709879875,0.0022773449309170246,0.006434374488890171,0.0028911568224430084,0.008269712328910828,0.0007316711125895381,0.002575057791545987,0.0004544552066363394,0.0019038505852222443,0.00012547573714982718,0.0006310666794888675,0.00012042191519867629,0.0006325736758299172,4.8074278311105445e-05,0.0002590371877886355,755,612
L20N1,Bco. Velahue,2020-12-17,-43.19611,-73.52389,,Mosaic_20201206_20201219.nc,11,0.0015567486407235265,0.0044462112709879875,0.0022773449309170246,0.006434374488890171,0.0028911568224430084,0.008269712328910828,0.0007316711125895381,0.002575057791545987,0.0004544552066363394,0.0019038505852222443,0.00012547573714982718,0.0006310666794888675,0.00012042191519867629,0.0006325736758299172,4.8074278311105445e-05,0.0002590371877886355,755,612
L20N1,Bco. Velahue,2020-12-18,-43.19611,-73.52389,,Mosaic_20201206_20201219.nc,12,0.0015567486407235265,0.0044462112709879875,0.0022773449309170246,0.006434374488890171,0.0028911568224430084,0.008269712328910828,0.0007316711125895381,0.002575057791545987,0.0004544552066363394,0.0019038505852222443,0.00012547573714982718,0.0006310666794888675,0.00012042191519867629,0.0006325736758299172,4.8074278311105445e-05,0.0002590371877886355,755,612
L20N1,Bco. Velahue,2022-01-19,-43.19611,-73.52389,0.0,Mosaic_20220130_20220212.nc,11,,,,,,,,,,,,,,,,,755,0
L20N1,Bco. Velahue,2022-02-01,-43.19611,-73.52389,0.0,Mosaic_20220130_20220212.nc,2,,,,,,,,,,,,,,,,,755,0
L23,I. San Pedro,2015-11-11,-43.31333,-73.66167,0.0,Mosaic_20151123_20151206.nc,12,0.002803641837090254,0.010243586264550686,0.002942081540822983,0.009822644293308258,0.001375375548377633,0.004116739146411419,0.00018411045311950147,0.002072974108159542,0.0001039547350956127,0.001571035012602806,2.7700752980308607e-05,0.0005073674255982041,2.5422741600777954e-05,0.0004997065407224,9.77610943664331e-06,0.00020429978030733764,739,356
L23,I. San Pedro,2015-11-26,-43.31333,-73.66167,0.0,Mosaic_20151123_20151206.nc,3,0.002803641837090254,0.010243586264550686,0.002942081540822983,0.009822644293308258,0.001375375548377633,0.004116739146411419,0.00018411045311950147,0.002072974108159542,0.0001039547350956127,0.001571035012602806,2.7700752980308607e-05,0.0005073674255982041,2.5422741600777954e-05,0.0004997065407224,9.77610943664331e-06,0.00020429978030733764,739,356
L23,I. San Pedro,2015-12-02,-43.31333,-73.66167,0.0,Mosaic_20151123_20151206.nc,9,0.002803641837090254,0.010243586264550686,0.002942081540822983,0.009822644293308258,0.001375375548377633,0.004116739146411419,0.00018411045311950147,0.002072974108159542,0.0001039547350956127,0.001571035012602806,2.7700752980308607e-05,0.0005073674255982041,2.5422741600777954e-05,0.0004997065407224,9.77610943664331e-06,0.00020429978030733764,739,356
L23,I. San Pedro,2015-12-20,-43.31333,-73.66167,0.0,Mosaic_20151223_20160105.nc,3,0.0006091929972171783,0.0010731588117778301,0.0009628698462620378,0.0017781397327780724,0.0017876890487968922,0.002603213768452406,0.0005947016761638224,0.0008171673398464918,0.0003918760921806097,0.0005769587005488575,0.00011145645112264901,0.00017305903020314872,0.0001079337889677845,0.00016997042985167354,4.346861896920018e-05,6.923839100636542e-05,756,345
L23,I. San Pedro,2016-01-25,-43.31333,-73.66167,4.0,Mosaic_20160204_20160217.nc,10,0.0005642554024234414,0.0011867752764374018,0.0008902461850084364,0.0019653686322271824,0.001789783826097846,0.0025903847999870777,0.0007137337233871222,0.001095141633413732,0.0004986622370779514,0.0008098718826659024,0.00014783197548240423,0.00025515464949421585,0.00014447442663367838,0.00025364625616930425,5.920321200392209e-05,0.00010480221681063995,755,353
L23,I. San Pedro,2016-02-06,-43.31333,-73.66167,4.0,Mosaic_20160204_20160217.nc,2,0.0005642554024234414,0.0011867752764374018,0.0008902461850084364,0.0019653686322271824,0.001789783826097846,0.0025903847999870777,0.0007137337233871222,0.001095141633413732,0.0004986622370779514,0.0008098718826659024,0.00014783197548240423,0.00025515464949421585,0.00014447442663367838,0.00025364625616930425,5.920321200392209e-05,0.00010480221681063995,755,353
L23,I. San Pedro,2016-02-13,-43.31333,-73.66167,6.0,Mosaic_20160204_20160217.nc,9,0.0005642554024234414,0.0011867752764374018,0.0008902461850084364,0.0019653686322271824,0.001789783826097846,0.0025903847999870777,0.0007137337233871222,0.001095141633413732,0.0004986622370779514,0.0008098718826659024,0.00014783197548240423,0.00025515464949421585,0.00014447442663367838,0.00025364625616930425,5.920321200392209e-05,0.00010480221681063995,755,353
L23,I. San Pedro,2016-02-22,-43.31333,-73.66167,7.0,Mosaic_20160305_20160318.nc,12,0.0005295916926115751,0.0006341621628962457,0.0008776058093644679,0.0010882760398089886,0.001904070726595819,0.0022491617128252983,0.0007532352465204895,0.0009503908222541213,0.0005202763713896275,0.0007101100636646152,0.00015308489673770964,0.00022516513126902282,0.00015053892275318503,0.00022409280063584447,6.148045213194564e-05,9.274954936699942e-05,755,353
L23,I. San Pedro,2016-03-09,-43.31333,-73.66167,4.0,Mosaic_20160305_20160318.nc,4,0.0005295916926115751,0.0006341621628962457,0.0008776058093644679,0.0010882760398089886,0.001904070726595819,0.0022491617128252983,0.0007532352465204895,0.0009503908222541213,0.0005202763713896275,0.0007101100636646152,0.00015308489673770964,0.00022516513126902282,0.00015053892275318503,0.00022409280063584447,6.148045213194564e-05,9.274954936699942e-05,755,353
L23,I. San Pedro,2016-03-16,-43.31333,-73.66167,4.0,Mosaic_20160305_20160318.nc,11,0.0005295916926115751,0.0006341621628962457,0.0008776058093644679,0.0010882760398089886,0.001904070726595819,0.0022491617128252983,0.0007532352465204895,0.0009503908222541213,0.0005202763713896275,0.0007101100636646152,0.00015308489673770964,0.00022516513126902282,0.00015053892275318503,0.00022409280063584447,6.148045213194564e-05,9.274954936699942e-05,755,353
L23,I. San Pedro,2016-04-01,-43.31333,-73.66167,0.0,Mosaic_20160404_20160417.nc,3,,,,,,,,,,,,,,,,,739,0
L23,I. San Pedro,2016-04-08,-43.31333,-73.66167,2.0,Mosaic_20160404_20160417.nc,4,,,,,,,,,,,,,,,,,739,0
L23,I. San Pedro,2016-06-04,-43.31333,-73.66167,0.0,Mosaic_20160613_20160626.nc,9,0.0016986312111839652,0.0024254678282886744,0.0024897954426705837,0.0036662861239165068,0.002051436807960272,0.0028758796397596598,0.00032905646366998553,0.00047113350592553616,0.00019368415814824402,0.00027738060452975333,5.2262694225646555e-05,7.365044439211488e-05,4.99475427204743e-05,7.001778431003913e-05,1.980982233362738e-05,2.7658610633807257e-05,739,356
L23,I. San Pedro,2016-06-16,-43.31333,-73.66167,0.0,Mosaic_20160613_20160626.nc,3,0.0016986312111839652,0.0024254678282886744,0.0024897954426705837,0.0036662861239165068,0.002051436807960272,0.0028758796397596598,0.00032905646366998553,0.00047113350592553616,0.00019368415814824402,0.00027738060452975333,5.2262694225646555e-05,7.365044439211488e-05,4.99475427204743e-05,7.001778431003913e-05,1.980982233362738e-05,2.7658610633807257e-05,739,356
L23,I. San Pedro,2016-06-21,-43.31333,-73.66167,0.0,Mosaic_20160613_20160626.nc,8,0.0016986312111839652,0.0024254678282886744,0.0024897954426705837,0.0036662861239165068,0.002051436807960272,0.0028758796397596598,0.00032905646366998553,0.00047113350592553616,0.00019368415814824402,0.00027738060452975333,5.2262694225646555e-05,7.365044439211488e-05,4.99475427204743e-05,7.001778431003913e-05,1.980982233362738e-05,2.7658610633807257e-05,739,356
L23,I. San Pedro,2016-07-05,-43.31333,-73.66167,1.0,Mosaic_20160703_20160716.nc,2,0.001582007622346282,0.002489401027560234,0.0021809772588312626,0.003407133277505636,0.0015346342697739601,0.0025482657365500927,0.00023543214774690568,0.0004213505599182099,0.00013698312977794558,0.0002474422799423337,3.7031488318461925e-05,6.621710781473666e-05,3.536371514201164e-05,6.274363113334402e-05,1.3959347597847227e-05,2.477154521329794e-05,739,356
L23,I. San Pedro,2016-07-19,-43.31333,-73.66167,1.0,Mosaic_20160723_20160805.nc,4,0.001005034544505179,0.0020300503820180893,0.0014260236639529467,0.003032130189239979,0.0012795336078852415,0.0027300468645989895,0.00023686782515142113,0.00044804991921409965,0.0001382549526169896,0.0002647177898325026,3.7143392546568066e-05,7.131064194254577e-05,3.5413799196248874e-05,6.809624755987898e-05,1.3897820281272288e-05,2.7074067475041375e-05,739,356
L23,I. San Pedro,2016-08-20,-43.31333,-73.66167,3.0,Mosaic_20160819_20160901.nc,1,0.0056268940679728985,0.0095523064956069,0.005399073474109173,0.009926216676831245,0.0022636144421994686,0.005343831144273281,0.0002989644999615848,0.0009206206887029111,0.0001799492456484586,0.0005618147552013397,5.1084596634609625e-05,0.0001559117081342265,4.818764136871323e-05,0.0001473481534048915,1.92492370842956e-05,5.8434965467313305e-05,736,321
L23,I. San Pedro,2016-09-03,-43.31333,-73.66167,2.0,Mosaic_20160908_20160921.nc,5,,,,,,,,,,,,,,,,,756,0
L23,I. San Pedro,2016-10-07,-43.31333,-73.66167,2.0,Mosaic_20160928_20161011.nc,9,0.0038882452063262463,0.004291148390620947,0.004929284565150738,0.005687477067112923,0.0028110758867114782,0.0035363584756851196,0.00037203889223746955,0.0004940191865898669,0.00022087445540819317,0.0002952834765892476,6.148247484816238e-05,8.184026955859736e-05,5.872479232493788e-05,7.78957037255168e-05,2.357196899538394e-05,3.114251740043983e-05,756,345
L23,I. San Pedro,2016-10-21,-43.31333,-73.66167,2.0,Mosaic_20161018_20161031.nc,3,0.00363613897934556,0.004568673670291901,0.004907143302261829,0.005879493895918131,0.003342617768794298,0.004444282967597246,0.0005066168960183859,0.0006739130476489663,0.00030209304532036185,0.0004073016461916268,8.377638005185872e-05,0.00011264747445238754,8.017559594009072e-05,0.00010773483518278226,3.217210905859247e-05,4.310112854000181e-05,736,344
L23,I. San Pedro,2016-11-10,-43.31333,-73.66167,6.0,Mosaic_20161107_20161120.nc,3,0.002841552719473839,0.008955513127148151,0.002969541121274233,0.007173864636570215,0.001152018434368074,0.005143499467521906,0.0001485452230554074,0.0014059942914173007,8.434719347860664e-05,0.0010764957405626774,2.2660675313090906e-05,0.0003530843823682517,2.125243190675974e-05,0.0003534247516654432,8.198884643206839e-06,0.0001455557212466374,756,345
L23,I. San Pedro,2016-11-18,-43.31333,-73.66167,4.0,Mosaic_20161107_20161120.nc,11,0.002841552719473839,0.008955513127148151,0.002969541121274233,0.007173864636570215,0.001152018434368074,0.005143499467521906,0.0001485452230554074,0.0014059942914173007,8.434719347860664e-05,0.0010764957405626774,2.2660675313090906e-05,0.0003530843823682517,2.125243190675974e-05,0.0003534247516654432,8.198884643206839e-06,0.0001455557212466374,756,345
L23,I. San Pedro,2016-11-26,-43.31333,-73.66167,4.0,Mosaic_20161130_20161213.nc,4,0.0003123193746432662,0.0006249772850424051,0.00042275781743228436,0.000757675152271986,0.0005900964606553316,0.0008329791598953307,0.000252660975093022,0.00032142610871233046,0.0001653386716498062,0.00022426331997849047,4.7042871301528066e-05,6.749316526111215e-05,4.597369843395427e-05,6.807844329159707e-05,1.823058664740529e-05,2.773026244540233e-05,739,351
L23,I. San Pedro,2016-12-07,-43.31333,-73.66167,5.0,Mosaic_20161130_20161213.nc,7,0.0003123193746432662,0.0006249772850424051,0.00042275781743228436,0.000757675152271986,0.0005900964606553316,0.0008329791598953307,0.000252660975093022,0.00032142610871233046,0.0001653386716498062,0.00022426331997849047,4.7042871301528066e-05,6.749316526111215e-05,4.597369843395427e-05,6.807844329159707e-05,1.823058664740529e-05,2.773026244540233e-05,739,351
L23,I. San Pedro,2016-12-14,-43.31333,-73.66167,6.0,Mosaic_20161217_20161230.nc,3,0.00514605175703764,0.00836542434990406,0.004288475029170513,0.010946370661258698,0.0013017666060477495,0.008081892505288124,0.0001535119372420013,0.0010401395848020911,8.741307101445273e-05,0.0006091191316954792,2.3114635041565634e-05,0.00016367908392567188,2.1336411009542644e-05,0.00015673133020754904,8.147238986566663e-06,6.237701745703816e-05,739,45
L23,I. San Pedro,2017-01-16,-43.31333,-73.66167,0.0,Mosaic_20170126_20170208.nc,10,0.006748674437403679,0.009007435292005539,0.007400586735457182,0.009466138668358326,0.003417809261009097,0.004379559308290482,0.0004073579329997301,0.00047854630975052714,0.0002458115923218429,0.00028968119295313954,6.858150300104171e-05,8.130454079946503e-05,6.48968925816007e-05,7.68102690926753e-05,2.5894340069498867e-05,3.066335557377897e-05,739,351
L23,I. San Pedro,2017-01-25,-43.31333,-73.66167,0.0,Mosaic_20170126_20170208.nc,1,0.006748674437403679,0.009007435292005539,0.007400586735457182,0.009466138668358326,0.003417809261009097,0.004379559308290482,0.0004073579329997301,0.00047854630975052714,0.0002458115923218429,0.00028968119295313954,6.858150300104171e-05,8.130454079946503e-05,6.48968925816007e-05,7.68102690926753e-05,2.5894340069498867e-05,3.066335557377897e-05,739,351
L23,I. San Pedro,2017-02-06,-43.31333,-73.66167,0.0,Mosaic_20170215_20170228.nc,9,,,,,,,,,,,,,,,,,739,0
L23,I. San Pedro,2017-02-15,-43.31333,-73.66167,0.0,Mosaic_20170215_20170228.nc,0,,,,,,,,,,,,,,,,,739,0
L23,I. San Pedro,2017-02-25,-43.31333,-73.66167,0.0,Mosaic_20170215_20170228.nc,10,,,,,,,,,,,,,,,,,739,0
L23,I. San Pedro,2017-03-06,-43.31333,-73.66167,1.0,Mosaic_20170317_20170330.nc,11,0.004645010456442833,0.006022670306265354,0.005872130393981934,0.007727840915322304,0.003764142282307148,0.00470693688839674,0.0005748538533225656,0.0007821613107807934,0.0003458044084254652,0.0004745942133013159,9.63599159149453e-05,0.0001326285273535177,9.177011088468134e-05,0.0001265177270397544,3.674637991935015e-05,5.063251228420995e-05,739,356
L23,I. San Pedro,2017-03-14,-43.31333,-73.66167,0.0,Mosaic_20170317_20170330.nc,3,0.004645010456442833,0.006022670306265354,0.005872130393981934,0.007727840915322304,0.003764142282307148,0.00470693688839674,0.0005748538533225656,0.0007821613107807934,0.0003458044084254652,0.0004745942133013159,9.63599159149453e-05,0.0001326285273535177,9.177011088468134e-05,0.0001265177270397544,3.674637991935015e-05,5.063251228420995e-05,739,356
L23,I. San Pedro,2017-03-20,-43.31333,-73.66167,0.0,Mosaic_20170317_20170330.nc,3,0.004645010456442833,0.006022670306265354,0.005872130393981934,0.007727840915322304,0.003764142282307148,0.00470693688839674,0.0005748538533225656,0.0007821613107807934,0.0003458044084254652,0.0004745942133013159,9.63599159149453e-05,0.0001326285273535177,9.177011088468134e-05,0.0001265177270397544,3.674637991935015e-05,5.063251228420995e-05,739,356
L23,I. San Pedro,2017-04-03,-43.31333,-73.66167,0.0,Mosaic_20170409_20170422.nc,6,0.0036827311851084232,0.005265919957309961,0.0048088375478982925,0.006023392081260681,0.0030796341598033905,0.004029303789138794,0.0004570373857859522,0.0006310282042250037,0.00027267634868621826,0.00038006721297279,7.533100142609328e-05,0.000105319129943382,7.199845276772976e-05,0.00010017905151471496,2.8867279979749583e-05,3.998971442342736e-05,739,356
L23,I. San Pedro,2017-04-12,-43.31333,-73.66167,0.0,Mosaic_20170409_20170422.nc,3,0.0036827311851084232,0.005265919957309961,0.0048088375478982925,0.006023392081260681,0.0030796341598033905,0.004029303789138794,0.0004570373857859522,0.0006310282042250037,0.00027267634868621826,0.00038006721297279,7.533100142609328e-05,0.000105319129943382,7.199845276772976e-05,0.00010017905151471496,2.8867279979749583e-05,3.998971442342736e-05,739,356
L23,I. San Pedro,2017-04-21,-43.31333,-73.66167,0.0,Mosaic_20170409_20170422.nc,12,0.0036827311851084232,0.005265919957309961,0.0048088375478982925,0.006023392081260681,0.0030796341598033905,0.004029303789138794,0.0004570373857859522,0.0006310282042250037,0.00027267634868621826,0.00038006721297279,7.533100142609328e-05,0.000105319129943382,7.199845276772976e-05,0.00010017905151471496,2.8867279979749583e-05,3.998971442342736e-05,739,356
L23,I. San Pedro,2017-05-08,-43.31333,-73.66167,1.0,Mosaic_20170509_20170522.nc,1,0.0007382453768514097,0.0013509683776646852,0.0011905849678441882,0.0020089882891625166,0.0016725958557799459,0.0024567139334976673,0.00039399255183525383,0.0006046820199117064,0.0002379037468926981,0.0003704984555952251,6.27353583695367e-05,9.770472388481721e-05,6.004911119816825e-05,9.369281906401739e-05,2.3693753973930143e-05,3.7035526474937797e-05,756,345
L23,I. San Pedro,2017-05-23,-43.31333,-73.66167,0.0,Mosaic_20170526_20170608.nc,3,0.003239767625927925,0.004146335646510124,0.004440655000507832,0.00543224299326539,0.003653553780168295,0.00517299072816968,0.0006476250709965825,0.0011260831961408257,0.00038801791379228234,0.0006797077949158847,0.00010512870358070359,0.00017805473180487752,0.00010028847464127466,0.00016829842934384942,3.989389006164856e-05,6.581198249477893e-05,756,345
L23,I. San Pedro,2017-05-30,-43.31333,-73.66167,0.0,Mosaic_20170526_20170608.nc,4,0.003239767625927925,0.004146335646510124,0.004440655000507832,0.00543224299326539,0.003653553780168295,0.00517299072816968,0.0006476250709965825,0.0011260831961408257,0.00038801791379228234,0.0006797077949158847,0.00010512870358070359,0.00017805473180487752,0.00010028847464127466,0.00016829842934384942,3.989389006164856e-05,6.581198249477893e-05,756,345
L23,I. San Pedro,2017-07-04,-43.31333,-73.66167,2.0,Mosaic_20170710_20170723.nc,6,0.0015652566216886044,0.0035713694524019957,0.0019594819750636816,0.004795880056917667,0.0012847766047343612,0.0034710520412772894,0.0002058770041912794,0.0005790370050817728,0.00011839943908853456,0.00034306038287468255,3.1894749554339796e-05,9.195339225698262e-05,3.0062046789680608e-05,8.685262582730502e-05,1.1736109627236146e-05,3.446050686761737e-05,756,345
L23,I. San Pedro,2017-07-31,-43.31333,-73.66167,2.0,Mosaic_20170725_20170807.nc,6,0.0026358116883784533,0.0042068446055054665,0.003287686500698328,0.005423726048320532,0.001987735740840435,0.00386313465423882,0.00032500425004400313,0.0006426689215004444,0.00019221128604840487,0.00038294223486445844,5.2812763897236437e-05,0.00010459023906150833,5.001060344511643e-05,9.918522118823603e-05,1.9877452359651215e-05,3.942033072235063e-05,739,351
L23,I. San Pedro,2017-08-26,-43.31333,-73.66167,2.0,Mosaic_20170829_20170911.nc,3,0.0008185664773918688,0.0054953256621956825,0.0009982669726014137,0.0035115028731524944,0.0008428592118434608,0.0029821647331118584,0.0002548193733673543,0.0006522896001115441,0.00015922932652756572,0.0004306221380829811,4.5396674977382645e-05,0.00012451321526896209,4.4416738091968e-05,0.00012600851187016815,1.770802009559702e-05,5.278387834550813e-05,756,345
L23,I. San Pedro,2017-09-25,-43.31333,-73.66167,2.0,Mosaic_20171001_20171014.nc,6,0.0011700137984007597,0.0024821890983730555,0.0018039839342236519,0.0038256237749010324,0.0020793930161744356,0.0033720722422003746,0.00042467500315979123,0.0005586324259638786,0.0002517454558983445,0.00034156339825131,6.761913391528651e-05,9.264003165299073e-05,6.46670232526958e-05,8.89531074790284e-05,2.5722227292135358e-05,3.547899905242957e-05,755,353
L23,I. San Pedro,2017-10-10,-43.31333,-73.66167,0.0,Mosaic_20171018_20171031.nc,8,0.0019532053265720606,0.0019532053265720606,0.001165514113381505,0.001165514113381505,0.0008271746337413788,0.0008271746337413788,0.0005795141914859414,0.0005795141914859414,0.0004772448446601629,0.0004772448446601629,0.0001644207804929465,0.0001644207804929465,0.00016825126658659428,0.00016825126658659428,7.031021232251078e-05,7.031021232251078e-05,756,1
L23,I. San Pedro,2017-10-24,-43.31333,-73.66167,3.0,Mosaic_20171018_20171031.nc,6,0.0019532053265720606,0.0019532053265720606,0.001165514113381505,0.001165514113381505,0.0008271746337413788,0.0008271746337413788,0.0005795141914859414,0.0005795141914859414,0.0004772448446601629,0.0004772448446601629,0.0001644207804929465,0.0001644207804929465,0.00016825126658659428,0.00016825126658659428,7.031021232251078e-05,7.031021232251078e-05,756,1
L23,I. San Pedro,2017-11-06,-43.31333,-73.66167,0.0,Mosaic_20171102_20171115.nc,4,0.002216043882071972,0.004306149668991566,0.00332713034003973,0.0062612383626401424,0.0026152771897614002,0.004150539170950651,0.00035396829480305314,0.0005465023568831384,0.00020836116163991392,0.00032460736110806465,5.747850809711963e-05,8.758089097682387e-05,5.5294178309850395e-05,8.430785965174437e-05,2.2251233531278558e-05,3.377551547600888e-05,736,344
L23,I. San Pedro,2017-11-28,-43.31333,-73.66167,0.0,Mosaic_20171205_20171218.nc,7,0.0009943327168002725,0.002694064052775502,0.0015275655314326286,0.0042769089341163635,0.00197040569037199,0.0036399876698851585,0.000434130517533049,0.0006383768050000072,0.00026248840731568635,0.0004129321896471083,7.096688932506368e-05,0.00011670762614812702,6.803832366131246e-05,0.00011318080214550719,2.7150770620210096e-05,4.583437475957908e-05,739,356
L23,I. San Pedro,2017-12-05,-43.31333,-73.66167,0.0,Mosaic_20171205_20171218.nc,0,0.0009943327168002725,0.002694064052775502,0.0015275655314326286,0.0042769089341163635,0.00197040569037199,0.0036399876698851585,0.000434130517533049,0.0006383768050000072,0.00026248840731568635,0.0004129321896471083,7.096688932506368e-05,0.00011670762614812702,6.803832366131246e-05,0.00011318080214550719,2.7150770620210096e-05,4.583437475957908e-05,739,356
L23,I. San Pedro,2017-12-15,-43.31333,-73.66167,3.0,Mosaic_20171220_20180102.nc,5,0.0014987000031396747,0.007366024889051914,0.0019733642693609,0.00625911820679903,0.0013885011430829763,0.004541128873825073,0.00023972033523023129,0.0005324333324097097,0.00013965358084533364,0.00034072244307026267,3.813267539953813e-05,9.608954133000225e-05,3.5927569115301594e-05,9.287292778026313e-05,1.4110153642832302e-05,3.7580084608634934e-05,736,305
L23,I. San Pedro,2018-01-09,-43.31333,-73.66167,3.0,Mosaic_20180109_20180122.nc,0,0.0012073928955942392,0.002926806453615427,0.0018757227808237076,0.004470507614314556,0.0022558835335075855,0.0047669121995568275,0.0004579236265271902,0.0010096982587128878,0.00027419504476711154,0.0006356174708344042,7.388056837953627e-05,0.00019037708989344537,7.079665374476463e-05,0.00019054935546591878,2.8257998565095477e-05,7.808719965396449e-05,755,353
L23,I. San Pedro,2018-01-23,-43.31333,-73.66167,5.0,Mosaic_20180124_20180206.nc,1,0.0006470283260568976,0.0013711578212678432,0.0010440743062645197,0.0022549747955054045,0.0020868913270533085,0.002852282952517271,0.0006895584519952536,0.0009591795969754457,0.0004645616572815925,0.0007134460611268878,0.00013479794142767787,0.00022539769997820258,0.00013128349382895976,0.0002231321414001286,5.349216007743962e-05,9.178310574498028e-05,755,353
L23,I. San Pedro,2018-02-02,-43.31333,-73.66167,8.0,Mosaic_20180210_20180223.nc,8,0.0008751266286708415,0.0015491372905671597,0.0015054669929668307,0.0026215300895273685,0.0023780125193297863,0.0029759269673377275,0.0005132369115017354,0.0006680925143882632,0.0003126771771349013,0.00043624077807180583,8.435328345512971e-05,0.00012239617353770882,8.13102160464041e-05,0.00011911893670912832,3.250976442359388e-05,4.8089175834320486e-05,756,345
L23,I. San Pedro,2018-02-07,-43.31333,-73.66167,9.0,Mosaic_20180210_20180223.nc,3,0.0008751266286708415,0.0015491372905671597,0.0015054669929668307,0.0026215300895273685,0.0023780125193297863,0.0029759269673377275,0.0005132369115017354,0.0006680925143882632,0.0003126771771349013,0.00043624077807180583,8.435328345512971e-05,0.00012239617353770882,8.13102160464041e-05,0.00011911893670912832,3.250976442359388e-05,4.8089175834320486e-05,756,345
L23,I. San Pedro,2018-02-14,-43.31333,-73.66167,3.0,Mosaic_20180210_20180223.nc,4,0.0008751266286708415,0.0015491372905671597,0.0015054669929668307,0.0026215300895273685,0.0023780125193297863,0.0029759269673377275,0.0005132369115017354,0.0006680925143882632,0.0003126771771349013,0.00043624077807180583,8.435328345512971e-05,0.00012239617353770882,8.13102160464041e-05,0.00011911893670912832,3.250976442359388e-05,4.8089175834320486e-05,756,345
L23,I. San Pedro,2018-03-01,-43.31333,-73.66167,3.0,Mosaic_20180302_20180315.nc,1,,,,,,,,,,,,,,,,,739,0
L23,I. San Pedro,2018-03-07,-43.31333,-73.66167,2.0,Mosaic_20180302_20180315.nc,5,,,,,,,,,,,,,,,,,739,0
L23,I. San Pedro,2018-03-14,-43.31333,-73.66167,3.0,Mosaic_20180317_20180330.nc,3,0.0008065761649049819,0.0011605331674218178,0.0013711159117519855,0.0020542077254503965,0.0022632565815001726,0.003183427732437849,0.0005311368149705231,0.000707588973455131,0.00032404394005425274,0.0004358890582807362,8.448641165159643e-05,0.00011534283112268895,8.115620585158467e-05,0.00011112808715552092,3.2065472623798996e-05,4.39954201283399e-05,756,345
L23,I. San Pedro,2018-03-18,-43.31333,-73.66167,2.0,Mosaic_20180317_20180330.nc,1,0.0008065761649049819,0.0011605331674218178,0.0013711159117519855,0.0020542077254503965,0.0022632565815001726,0.003183427732437849,0.0005311368149705231,0.000707588973455131,0.00032404394005425274,0.0004358890582807362,8.448641165159643e-05,0.00011534283112268895,8.115620585158467e-05,0.00011112808715552092,3.2065472623798996e-05,4.39954201283399e-05,756,345
L23,I. San Pedro,2018-03-24,-43.31333,-73.66167,2.0,Mosaic_20180317_20180330.nc,7,0.0008065761649049819,0.0011605331674218178,0.0013711159117519855,0.0020542077254503965,0.0022632565815001726,0.003183427732437849,0.0005311368149705231,0.000707588973455131,0.00032404394005425274,0.0004358890582807362,8.448641165159643e-05,0.00011534283112268895,8.115620585158467e-05,0.00011112808715552092,3.2065472623798996e-05,4.39954201283399e-05,756,345
L23,I. San Pedro,2018-04-04,-43.31333,-73.66167,2.0,Mosaic_20180401_20180414.nc,3,0.004794057458639145,0.005357476882636547,0.006274123676121235,0.0070670354180037975,0.004483196884393692,0.0055601089261472225,0.0008001980604603887,0.001127113588154316,0.00048441917169839144,0.0006901343003846705,0.00013439523172564805,0.00018931609520222992,0.0001285281905438751,0.0001806482468964532,5.139871791470796e-05,7.170162280090153e-05,739,356
L23,I. San Pedro,2018-04-14,-43.31333,-73.66167,0.0,Mosaic_20180424_20180507.nc,10,0.0008738829055801034,0.008728113025426865,0.0013546396512538195,0.003657120279967785,0.001630492857657373,0.003360587637871504,0.00034642976243048906,0.0011064526624977589,0.00020878913346678019,0.0007423678180202842,5.6202377891168e-05,0.00022461469052359462,5.410442827269435e-05,0.00022979089408181608,2.146017868653871e-05,9.514922567177564e-05,736,344
L23,I. San Pedro,2018-04-30,-43.31333,-73.66167,0.0,Mosaic_20180424_20180507.nc,6,0.0008738829055801034,0.008728113025426865,0.0013546396512538195,0.003657120279967785,0.001630492857657373,0.003360587637871504,0.00034642976243048906,0.0011064526624977589,0.00020878913346678019,0.0007423678180202842,5.6202377891168e-05,0.00022461469052359462,5.410442827269435e-05,0.00022979089408181608,2.146017868653871e-05,9.514922567177564e-05,736,344
L23,I. San Pedro,2018-05-09,-43.31333,-73.66167,2.0,Mosaic_20180511_20180524.nc,2,0.0028512845747172832,0.004487865138798952,0.0030225294176489115,0.005789757240563631,0.0013280431739985943,0.0035123005509376526,0.0001758393773343414,0.0005343896918930113,0.00010097498307004571,0.00041116870124824345,2.7206009690416977e-05,0.00013233633944764733,2.5438086595386267e-05,0.0001376038562739268,9.966985089704394e-06,5.7140121498377994e-05,736,331
L23,I. San Pedro,2018-05-14,-43.31333,-73.66167,0.0,Mosaic_20180511_20180524.nc,3,0.0028512845747172832,0.004487865138798952,0.0030225294176489115,0.005789757240563631,0.0013280431739985943,0.0035123005509376526,0.0001758393773343414,0.0005343896918930113,0.00010097498307004571,0.00041116870124824345,2.7206009690416977e-05,0.00013233633944764733,2.5438086595386267e-05,0.0001376038562739268,9.966985089704394e-06,5.7140121498377994e-05,736,331
L23,I. San Pedro,2018-05-20,-43.31333,-73.66167,1.0,Mosaic_20180526_20180608.nc,6,0.002532911952584982,0.003469493705779314,0.0030937381088733673,0.004787923768162727,0.001703026588074863,0.0032427124679088593,0.00024676532484591007,0.00046636632760055363,0.00014478183584287763,0.0002791217411868274,3.972472040913999e-05,7.759927393635735e-05,3.813705552602187e-05,7.506186375394464e-05,1.5076924682944082e-05,3.0411709303734824e-05,739,356
L23,I. San Pedro,2018-06-04,-43.31333,-73.66167,2.0,Mosaic_20180526_20180608.nc,9,0.002532911952584982,0.003469493705779314,0.0030937381088733673,0.004787923768162727,0.001703026588074863,0.0032427124679088593,0.00024676532484591007,0.00046636632760055363,0.00014478183584287763,0.0002791217411868274,3.972472040913999e-05,7.759927393635735e-05,3.813705552602187e-05,7.506186375394464e-05,1.5076924682944082e-05,3.0411709303734824e-05,739,356
L23,I. San Pedro,2018-06-15,-43.31333,-73.66167,0.0,Mosaic_20180613_20180626.nc,2,0.0012597767636179924,0.004896426107734442,0.0018883664160966873,0.006209591869264841,0.0017532526981085539,0.004395779687911272,0.00032124455901794136,0.000778235262259841,0.00019140521180815995,0.0004892067518085241,5.1944341976195574e-05,0.0001517107302788645,5.02370712638367e-05,0.00015491299564018846,1.9935590898967348e-05,6.375311932060868e-05,756,345
L23,I. San Pedro,2018-07-03,-43.31333,-73.66167,0.0,Mosaic_20180703_20180716.nc,0,0.0006496036075986922,0.0015381179982796311,0.001024814904667437,0.0024311388842761517,0.0014360699569806457,0.002510976977646351,0.0003547442611306906,0.0006997483433224261,0.00021736221970058978,0.00048461617552675307,5.822895764140412e-05,0.00014098706014920026,5.5753960623405874e-05,0.00013792788377031684,2.1997995645506307e-05,5.550620335270651e-05,755,353
L23,I. San Pedro,2018-07-13,-43.31333,-73.66167,0.0,Mosaic_20180718_20180731.nc,5,0.0008918372914195061,0.0015122959157451987,0.0012833495857194066,0.0023092441260814667,0.001288876635953784,0.0023262861650437117,0.00026839430211111903,0.0012666406109929085,0.00015924227773211896,0.0010022437199950218,4.266386531526223e-05,0.0003261293168179691,4.077276025782339e-05,0.00032527968869544566,1.6099404092528857e-05,0.0001324083423241973,755,353
L23,I. San Pedro,2018-07-17,-43.31333,-73.66167,1.0,Mosaic_20180718_20180731.nc,1,0.0008918372914195061,0.0015122959157451987,0.0012833495857194066,0.0023092441260814667,0.001288876635953784,0.0023262861650437117,0.00026839430211111903,0.0012666406109929085,0.00015924227773211896,0.0010022437199950218,4.266386531526223e-05,0.0003261293168179691,4.077276025782339e-05,0.00032527968869544566,1.6099404092528857e-05,0.0001324083423241973,755,353
L23,I. San Pedro,2018-07-23,-43.31333,-73.66167,,Mosaic_20180718_20180731.nc,5,0.0008918372914195061,0.0015122959157451987,0.0012833495857194066,0.0023092441260814667,0.001288876635953784,0.0023262861650437117,0.00026839430211111903,0.0012666406109929085,0.00015924227773211896,0.0010022437199950218,4.266386531526223e-05,0.0003261293168179691,4.077276025782339e-05,0.00032527968869544566,1.6099404092528857e-05,0.0001324083423241973,755,353
L23,I. San Pedro,2018-07-24,-43.31333,-73.66167,,Mosaic_20180718_20180731.nc,6,0.0008918372914195061,0.0015122959157451987,0.0012833495857194066,0.0023092441260814667,0.001288876635953784,0.0023262861650437117,0.00026839430211111903,0.0012666406109929085,0.00015924227773211896,0.0010022437199950218,4.266386531526223e-05,0.0003261293168179691,4.077276025782339e-05,0.00032527968869544566,1.6099404092528857e-05,0.0001324083423241973,755,353
L23,I. San Pedro,2018-07-26,-43.31333,-73.66167,,Mosaic_20180718_20180731.nc,8,0.0008918372914195061,0.0015122959157451987,0.0012833495857194066,0.0023092441260814667,0.001288876635953784,0.0023262861650437117,0.00026839430211111903,0.0012666406109929085,0.00015924227773211896,0.0010022437199950218,4.266386531526223e-05,0.0003261293168179691,4.077276025782339e-05,0.00032527968869544566,1.6099404092528857e-05,0.0001324083423241973,755,353
L23,I. San Pedro,2018-07-27,-43.31333,-73.66167,,Mosaic_20180718_20180731.nc,9,0.0008918372914195061,0.0015122959157451987,0.0012833495857194066,0.0023092441260814667,0.001288876635953784,0.0023262861650437117,0.00026839430211111903,0.0012666406109929085,0.00015924227773211896,0.0010022437199950218,4.266386531526223e-05,0.0003261293168179691,4.077276025782339e-05,0.00032527968869544566,1.6099404092528857e-05,0.0001324083423241973,755,353
L23,I. San Pedro,2018-07-29,-43.31333,-73.66167,0.0,Mosaic_20180807_20180820.nc,9,0.003293579211458564,0.004671317059546709,0.0036942812148481607,0.005863390397280455,0.0016904406948015094,0.0033398899249732494,0.0002484733413439244,0.0009252710733562708,0.0001482300431234762,0.000799689965788275,4.115816409466788e-05,0.00029310761601664126,3.928235673811287e-05,0.0003068412479478866,1.5661587895010598e-05,0.0001316142443101853,739,351
L23,I. San Pedro,2018-07-31,-43.31333,-73.66167,,Mosaic_20180807_20180820.nc,7,0.003293579211458564,0.004671317059546709,0.0036942812148481607,0.005863390397280455,0.0016904406948015094,0.0033398899249732494,0.0002484733413439244,0.0009252710733562708,0.0001482300431234762,0.000799689965788275,4.115816409466788e-05,0.00029310761601664126,3.928235673811287e-05,0.0003068412479478866,1.5661587895010598e-05,0.0001316142443101853,739,351
L23,I. San Pedro,2018-08-03,-43.31333,-73.66167,1.0,Mosaic_20180807_20180820.nc,4,0.003293579211458564,0.004671317059546709,0.0036942812148481607,0.005863390397280455,0.0016904406948015094,0.0033398899249732494,0.0002484733413439244,0.0009252710733562708,0.0001482300431234762,0.000799689965788275,4.115816409466788e-05,0.00029310761601664126,3.928235673811287e-05,0.0003068412479478866,1.5661587895010598e-05,0.0001316142443101853,739,351
L23,I. San Pedro,2018-08-05,-43.31333,-73.66167,,Mosaic_20180807_20180820.nc,2,0.003293579211458564,0.004671317059546709,0.0036942812148481607,0.005863390397280455,0.0016904406948015094,0.0033398899249732494,0.0002484733413439244,0.0009252710733562708,0.0001482300431234762,0.000799689965788275,4.115816409466788e-05,0.00029310761601664126,3.928235673811287e-05,0.0003068412479478866,1.5661587895010598e-05,0.0001316142443101853,739,351
L23,I. San Pedro,2018-08-06,-43.31333,-73.66167,,Mosaic_20180807_20180820.nc,1,0.003293579211458564,0.004671317059546709,0.0036942812148481607,0.005863390397280455,0.0016904406948015094,0.0033398899249732494,0.0002484733413439244,0.0009252710733562708,0.0001482300431234762,0.000799689965788275,4.115816409466788e-05,0.00029310761601664126,3.928235673811287e-05,0.0003068412479478866,1.5661587895010598e-05,0.0001316142443101853,739,351
L23,I. San Pedro,2018-08-07,-43.31333,-73.66167,,Mosaic_20180807_20180820.nc,0,0.003293579211458564,0.004671317059546709,0.0036942812148481607,0.005863390397280455,0.0016904406948015094,0.0033398899249732494,0.0002484733413439244,0.0009252710733562708,0.0001482300431234762,0.000799689965788275,4.115816409466788e-05,0.00029310761601664126,3.928235673811287e-05,0.0003068412479478866,1.5661587895010598e-05,0.0001316142443101853,739,351
L23,I. San Pedro,2018-08-20,-43.31333,-73.66167,,Mosaic_20180827_20180909.nc,7,0.0018419362604618073,0.0032642849255353212,0.002337060635909438,0.004422666970640421,0.0015112592373043299,0.002679934725165367,0.00023349492403212935,0.00040636686026118696,0.00013550858420785517,0.00024237862089648843,3.667292185127735e-05,6.745560676790774e-05,3.4714517823886126e-05,6.446636689361185e-05,1.366134802083252e-05,2.585958645795472e-05,756,345
L23,I. San Pedro,2018-08-21,-43.31333,-73.66167,1.0,Mosaic_20180827_20180909.nc,6,0.0018419362604618073,0.0032642849255353212,0.002337060635909438,0.004422666970640421,0.0015112592373043299,0.002679934725165367,0.00023349492403212935,0.00040636686026118696,0.00013550858420785517,0.00024237862089648843,3.667292185127735e-05,6.745560676790774e-05,3.4714517823886126e-05,6.446636689361185e-05,1.366134802083252e-05,2.585958645795472e-05,756,345
L23,I. San Pedro,2018-08-30,-43.31333,-73.66167,,Mosaic_20180827_20180909.nc,3,0.0018419362604618073,0.0032642849255353212,0.002337060635909438,0.004422666970640421,0.0015112592373043299,0.002679934725165367,0.00023349492403212935,0.00040636686026118696,0.00013550858420785517,0.00024237862089648843,3.667292185127735e-05,6.745560676790774e-05,3.4714517823886126e-05,6.446636689361185e-05,1.366134802083252e-05,2.585958645795472e-05,756,345
L23,I. San Pedro,2018-08-31,-43.31333,-73.66167,,Mosaic_20180827_20180909.nc,4,0.0018419362604618073,0.0032642849255353212,0.002337060635909438,0.004422666970640421,0.0015112592373043299,0.002679934725165367,0.00023349492403212935,0.00040636686026118696,0.00013550858420785517,0.00024237862089648843,3.667292185127735e-05,6.745560676790774e-05,3.4714517823886126e-05,6.446636689361185e-05,1.366134802083252e-05,2.585958645795472e-05,756,345
L23,I. San Pedro,2018-09-01,-43.31333,-73.66167,,Mosaic_20180827_20180909.nc,5,0.0018419362604618073,0.0032642849255353212,0.002337060635909438,0.004422666970640421,0.0015112592373043299,0.002679934725165367,0.00023349492403212935,0.00040636686026118696,0.00013550858420785517,0.00024237862089648843,3.667292185127735e-05,6.745560676790774e-05,3.4714517823886126e-05,6.446636689361185e-05,1.366134802083252e-05,2.585958645795472e-05,756,345
L23,I. San Pedro,2018-09-06,-43.31333,-73.66167,3.0,Mosaic_20180911_20180924.nc,5,0.0018549204105511308,0.0059670256450772285,0.0028607130516320467,0.0047762771137058735,0.00280563673004508,0.006347712129354477,0.0004901515203528106,0.001203575055114925,0.0002960636338684708,0.0007409281679429114,8.0548066762276e-05,0.00019708700710907578,7.749631186015904e-05,0.000193255182239227,3.103623748756945e-05,7.78483590693213e-05,756,193
L23,I. San Pedro,2018-09-08,-43.31333,-73.66167,,Mosaic_20180911_20180924.nc,3,0.0018549204105511308,0.0059670256450772285,0.0028607130516320467,0.0047762771137058735,0.00280563673004508,0.006347712129354477,0.0004901515203528106,0.001203575055114925,0.0002960636338684708,0.0007409281679429114,8.0548066762276e-05,0.00019708700710907578,7.749631186015904e-05,0.000193255182239227,3.103623748756945e-05,7.78483590693213e-05,756,193
L23,I. San Pedro,2018-09-09,-43.31333,-73.66167,,Mosaic_20180911_20180924.nc,2,0.0018549204105511308,0.0059670256450772285,0.0028607130516320467,0.0047762771137058735,0.00280563673004508,0.006347712129354477,0.0004901515203528106,0.001203575055114925,0.0002960636338684708,0.0007409281679429114,8.0548066762276e-05,0.00019708700710907578,7.749631186015904e-05,0.000193255182239227,3.103623748756945e-05,7.78483590693213e-05,756,193
L23,I. San Pedro,2018-09-12,-43.31333,-73.66167,,Mosaic_20180911_20180924.nc,1,0.0018549204105511308,0.0059670256450772285,0.0028607130516320467,0.0047762771137058735,0.00280563673004508,0.006347712129354477,0.0004901515203528106,0.001203575055114925,0.0002960636338684708,0.0007409281679429114,8.0548066762276e-05,0.00019708700710907578,7.749631186015904e-05,0.000193255182239227,3.103623748756945e-05,7.78483590693213e-05,756,193
L23,I. San Pedro,2018-09-13,-43.31333,-73.66167,,Mosaic_20180911_20180924.nc,2,0.0018549204105511308,0.0059670256450772285,0.0028607130516320467,0.0047762771137058735,0.00280563673004508,0.006347712129354477,0.0004901515203528106,0.001203575055114925,0.0002960636338684708,0.0007409281679429114,8.0548066762276e-05,0.00019708700710907578,7.749631186015904e-05,0.000193255182239227,3.103623748756945e-05,7.78483590693213e-05,756,193
L23,I. San Pedro,2018-09-14,-43.31333,-73.66167,,Mosaic_20180911_20180924.nc,3,0.0018549204105511308,0.0059670256450772285,0.0028607130516320467,0.0047762771137058735,0.00280563673004508,0.006347712129354477,0.0004901515203528106,0.001203575055114925,0.0002960636338684708,0.0007409281679429114,8.0548066762276e-05,0.00019708700710907578,7.749631186015904e-05,0.000193255182239227,3.103623748756945e-05,7.78483590693213e-05,756,193
L23,I. San Pedro,2018-09-15,-43.31333,-73.66167,2.0,Mosaic_20180911_20180924.nc,4,0.0018549204105511308,0.0059670256450772285,0.0028607130516320467,0.0047762771137058735,0.00280563673004508,0.006347712129354477,0.0004901515203528106,0.001203575055114925,0.0002960636338684708,0.0007409281679429114,8.0548066762276e-05,0.00019708700710907578,7.749631186015904e-05,0.000193255182239227,3.103623748756945e-05,7.78483590693213e-05,756,193
L23,I. San Pedro,2018-10-01,-43.31333,-73.66167,4.0,Mosaic_20181003_20181016.nc,2,0.0010391848627477884,0.0038222861476242542,0.0013788921060040593,0.0025101506616920233,0.0015616780146956444,0.004317675717175007,0.0005155906546860933,0.001093573751859367,0.0003635442117229104,0.0007505481480620801,0.00010596975334919989,0.0002169250656152144,0.00010461508645676076,0.0002160484582418576,4.2505391320446506e-05,8.805631659924984e-05,756,27
L23,I. San Pedro,2018-10-02,-43.31333,-73.66167,,Mosaic_20181003_20181016.nc,1,0.0010391848627477884,0.0038222861476242542,0.0013788921060040593,0.0025101506616920233,0.0015616780146956444,0.004317675717175007,0.0005155906546860933,0.001093573751859367,0.0003635442117229104,0.0007505481480620801,0.00010596975334919989,0.0002169250656152144,0.00010461508645676076,0.0002160484582418576,4.2505391320446506e-05,8.805631659924984e-05,756,27
L23,I. San Pedro,2018-10-03,-43.31333,-73.66167,,Mosaic_20181003_20181016.nc,0,0.0010391848627477884,0.0038222861476242542,0.0013788921060040593,0.0025101506616920233,0.0015616780146956444,0.004317675717175007,0.0005155906546860933,0.001093573751859367,0.0003635442117229104,0.0007505481480620801,0.00010596975334919989,0.0002169250656152144,0.00010461508645676076,0.0002160484582418576,4.2505391320446506e-05,8.805631659924984e-05,756,27
L23,I. San Pedro,2018-10-06,-43.31333,-73.66167,1.0,Mosaic_20181003_20181016.nc,3,0.0010391848627477884,0.0038222861476242542,0.0013788921060040593,0.0025101506616920233,0.0015616780146956444,0.004317675717175007,0.0005155906546860933,0.001093573751859367,0.0003635442117229104,0.0007505481480620801,0.00010596975334919989,0.0002169250656152144,0.00010461508645676076,0.0002160484582418576,4.2505391320446506e-05,8.805631659924984e-05,756,27
L23,I. San Pedro,2018-10-10,-43.31333,-73.66167,,Mosaic_20181003_20181016.nc,7,0.0010391848627477884,0.0038222861476242542,0.0013788921060040593,0.0025101506616920233,0.0015616780146956444,0.004317675717175007,0.0005155906546860933,0.001093573751859367,0.0003635442117229104,0.0007505481480620801,0.00010596975334919989,0.0002169250656152144,0.00010461508645676076,0.0002160484582418576,4.2505391320446506e-05,8.805631659924984e-05,756,27
L23,I. San Pedro,2018-10-11,-43.31333,-73.66167,,Mosaic_20181018_20181031.nc,7,0.003757667262107134,0.004293662495911121,0.00455462234094739,0.005561117548495531,0.002434834837913513,0.0034966864623129368,0.00034232044708915055,0.0004844542418140918,0.00020400711218826473,0.00028840676532126963,5.6848086387617514e-05,8.07166361482814e-05,5.408124707173556e-05,7.739336433587596e-05,2.1651727365679108e-05,3.118788663414307e-05,756,345
L23,I. San Pedro,2018-10-23,-43.31333,-73.66167,,Mosaic_20181018_20181031.nc,5,0.003757667262107134,0.004293662495911121,0.00455462234094739,0.005561117548495531,0.002434834837913513,0.0034966864623129368,0.00034232044708915055,0.0004844542418140918,0.00020400711218826473,0.00028840676532126963,5.6848086387617514e-05,8.07166361482814e-05,5.408124707173556e-05,7.739336433587596e-05,2.1651727365679108e-05,3.118788663414307e-05,756,345
L23,I. San Pedro,2018-10-24,-43.31333,-73.66167,,Mosaic_20181018_20181031.nc,6,0.003757667262107134,0.004293662495911121,0.00455462234094739,0.005561117548495531,0.002434834837913513,0.0034966864623129368,0.00034232044708915055,0.0004844542418140918,0.00020400711218826473,0.00028840676532126963,5.6848086387617514e-05,8.07166361482814e-05,5.408124707173556e-05,7.739336433587596e-05,2.1651727365679108e-05,3.118788663414307e-05,756,345
L23,I. San Pedro,2018-10-26,-43.31333,-73.66167,0.0,Mosaic_20181018_20181031.nc,8,0.003757667262107134,0.004293662495911121,0.00455462234094739,0.005561117548495531,0.002434834837913513,0.0034966864623129368,0.00034232044708915055,0.0004844542418140918,0.00020400711218826473,0.00028840676532126963,5.6848086387617514e-05,8.07166361482814e-05,5.408124707173556e-05,7.739336433587596e-05,2.1651727365679108e-05,3.118788663414307e-05,756,345
L23,I. San Pedro,2018-11-01,-43.31333,-73.66167,,Mosaic_20181105_20181118.nc,4,0.0022722878493368626,0.008499090559780598,0.002213586587458849,0.0054375953041017056,0.0007270247442647815,0.004864808637648821,0.00013963086530566216,0.0009066426428034902,8.327043906319886e-05,0.0006550705875270069,2.219530324509833e-05,0.0001966043491847813,2.0868694264208898e-05,0.00019541864458005875,8.150236681103706e-06,7.912353612482548e-05,756,289
L23,I. San Pedro,2018-11-02,-43.31333,-73.66167,,Mosaic_20181105_20181118.nc,3,0.0022722878493368626,0.008499090559780598,0.002213586587458849,0.0054375953041017056,0.0007270247442647815,0.004864808637648821,0.00013963086530566216,0.0009066426428034902,8.327043906319886e-05,0.0006550705875270069,2.219530324509833e-05,0.0001966043491847813,2.0868694264208898e-05,0.00019541864458005875,8.150236681103706e-06,7.912353612482548e-05,756,289
L23,I. San Pedro,2018-11-03,-43.31333,-73.66167,0.0,Mosaic_20181105_20181118.nc,2,0.0022722878493368626,0.008499090559780598,0.002213586587458849,0.0054375953041017056,0.0007270247442647815,0.004864808637648821,0.00013963086530566216,0.0009066426428034902,8.327043906319886e-05,0.0006550705875270069,2.219530324509833e-05,0.0001966043491847813,2.0868694264208898e-05,0.00019541864458005875,8.150236681103706e-06,7.912353612482548e-05,756,289
L23,I. San Pedro,2018-11-08,-43.31333,-73.66167,1.0,Mosaic_20181105_20181118.nc,3,0.0022722878493368626,0.008499090559780598,0.002213586587458849,0.0054375953041017056,0.0007270247442647815,0.004864808637648821,0.00013963086530566216,0.0009066426428034902,8.327043906319886e-05,0.0006550705875270069,2.219530324509833e-05,0.0001966043491847813,2.0868694264208898e-05,0.00019541864458005875,8.150236681103706e-06,7.912353612482548e-05,756,289
L23,I. San Pedro,2018-11-09,-43.31333,-73.66167,,Mosaic_20181105_20181118.nc,4,0.0022722878493368626,0.008499090559780598,0.002213586587458849,0.0054375953041017056,0.0007270247442647815,0.004864808637648821,0.00013963086530566216,0.0009066426428034902,8.327043906319886e-05,0.0006550705875270069,2.219530324509833e-05,0.0001966043491847813,2.0868694264208898e-05,0.00019541864458005875,8.150236681103706e-06,7.912353612482548e-05,756,289
L23,I. San Pedro,2018-11-10,-43.31333,-73.66167,,Mosaic_20181105_20181118.nc,5,0.0022722878493368626,0.008499090559780598,0.002213586587458849,0.0054375953041017056,0.0007270247442647815,0.004864808637648821,0.00013963086530566216,0.0009066426428034902,8.327043906319886e-05,0.0006550705875270069,2.219530324509833e-05,0.0001966043491847813,2.0868694264208898e-05,0.00019541864458005875,8.150236681103706e-06,7.912353612482548e-05,756,289
L23,I. San Pedro,2018-11-23,-43.31333,-73.66167,,Mosaic_20181127_20181210.nc,4,0.003626593854278326,0.008768245577812195,0.004263651557266712,0.007650865241885185,0.0023924559354782104,0.005580403842031956,0.00037242649705149233,0.0007245915476232767,0.00022036238806322217,0.00042103882879018784,6.034937177901156e-05,0.00011213802645215765,5.7797442423179746e-05,0.00010897650645347312,2.3031883756630123e-05,4.375064963824116e-05,739,356
L23,I. San Pedro,2018-11-24,-43.31333,-73.66167,,Mosaic_20181127_20181210.nc,3,0.003626593854278326,0.008768245577812195,0.004263651557266712,0.007650865241885185,0.0023924559354782104,0.005580403842031956,0.00037242649705149233,0.0007245915476232767,0.00022036238806322217,0.00042103882879018784,6.034937177901156e-05,0.00011213802645215765,5.7797442423179746e-05,0.00010897650645347312,2.3031883756630123e-05,4.375064963824116e-05,739,356
L23,I. San Pedro,2018-11-26,-43.31333,-73.66167,0.0,Mosaic_20181127_20181210.nc,1,0.003626593854278326,0.008768245577812195,0.004263651557266712,0.007650865241885185,0.0023924559354782104,0.005580403842031956,0.00037242649705149233,0.0007245915476232767,0.00022036238806322217,0.00042103882879018784,6.034937177901156e-05,0.00011213802645215765,5.7797442423179746e-05,0.00010897650645347312,2.3031883756630123e-05,4.375064963824116e-05,739,356
L23,I. San Pedro,2018-12-04,-43.31333,-73.66167,,Mosaic_20181127_20181210.nc,7,0.003626593854278326,0.008768245577812195,0.004263651557266712,0.007650865241885185,0.0023924559354782104,0.005580403842031956,0.00037242649705149233,0.0007245915476232767,0.00022036238806322217,0.00042103882879018784,6.034937177901156e-05,0.00011213802645215765,5.7797442423179746e-05,0.00010897650645347312,2.3031883756630123e-05,4.375064963824116e-05,739,356
L23,I. San Pedro,2018-12-05,-43.31333,-73.66167,0.0,Mosaic_20181127_20181210.nc,8,0.003626593854278326,0.008768245577812195,0.004263651557266712,0.007650865241885185,0.0023924559354782104,0.005580403842031956,0.00037242649705149233,0.0007245915476232767,0.00022036238806322217,0.00042103882879018784,6.034937177901156e-05,0.00011213802645215765,5.7797442423179746e-05,0.00010897650645347312,2.3031883756630123e-05,4.375064963824116e-05,739,356
L23,I. San Pedro,2018-12-07,-43.31333,-73.66167,,Mosaic_20181127_20181210.nc,10,0.003626593854278326,0.008768245577812195,0.004263651557266712,0.007650865241885185,0.0023924559354782104,0.005580403842031956,0.00037242649705149233,0.0007245915476232767,0.00022036238806322217,0.00042103882879018784,6.034937177901156e-05,0.00011213802645215765,5.7797442423179746e-05,0.00010897650645347312,2.3031883756630123e-05,4.375064963824116e-05,739,356
L23,I. San Pedro,2018-12-08,-43.31333,-73.66167,0.0,Mosaic_20181217_20181230.nc,9,0.0006707975990138948,0.008888807147741318,0.0010242399293929338,0.006682717241346836,0.001929213060066104,0.004114598501473665,0.000821510620880872,0.001145650283433497,0.0005829514120705426,0.000878151913639158,0.00017603614833205938,0.00028430778183974326,0.0001727190101519227,0.0002828764554578811,7.05387064954266e-05,0.0001166185102192685,756,345
L23,I. San Pedro,2018-12-19,-43.31333,-73.66167,,Mosaic_20181217_20181230.nc,2,0.0006707975990138948,0.008888807147741318,0.0010242399293929338,0.006682717241346836,0.001929213060066104,0.004114598501473665,0.000821510620880872,0.001145650283433497,0.0005829514120705426,0.000878151913639158,0.00017603614833205938,0.00028430778183974326,0.0001727190101519227,0.0002828764554578811,7.05387064954266e-05,0.0001166185102192685,756,345
L23,I. San Pedro,2018-12-20,-43.31333,-73.66167,,Mosaic_20181217_20181230.nc,3,0.0006707975990138948,0.008888807147741318,0.0010242399293929338,0.006682717241346836,0.001929213060066104,0.004114598501473665,0.000821510620880872,0.001145650283433497,0.0005829514120705426,0.000878151913639158,0.00017603614833205938,0.00028430778183974326,0.0001727190101519227,0.0002828764554578811,7.05387064954266e-05,0.0001166185102192685,756,345
L23,I. San Pedro,2018-12-22,-43.31333,-73.66167,2.0,Mosaic_20181217_20181230.nc,5,0.0006707975990138948,0.008888807147741318,0.0010242399293929338,0.006682717241346836,0.001929213060066104,0.004114598501473665,0.000821510620880872,0.001145650283433497,0.0005829514120705426,0.000878151913639158,0.00017603614833205938,0.00028430778183974326,0.0001727190101519227,0.0002828764554578811,7.05387064954266e-05,0.0001166185102192685,756,345
L23,I. San Pedro,2019-01-02,-43.31333,-73.66167,,Mosaic_20190109_20190122.nc,7,0.001159236766397953,0.0025508434046059847,0.0017715520225465298,0.003995798993855715,0.0017992330249398947,0.003223394975066185,0.00032328866655007005,0.0004505047691054642,0.0001890170096885413,0.00026391595019958913,5.0244001613464206e-05,7.115209882613271e-05,4.786404315382242e-05,6.83550606481731e-05,1.891157080535777e-05,2.733177097979933e-05,736,344
L23,I. San Pedro,2019-01-03,-43.31333,-73.66167,3.0,Mosaic_20190109_20190122.nc,6,0.001159236766397953,0.0025508434046059847,0.0017715520225465298,0.003995798993855715,0.0017992330249398947,0.003223394975066185,0.00032328866655007005,0.0004505047691054642,0.0001890170096885413,0.00026391595019958913,5.0244001613464206e-05,7.115209882613271e-05,4.786404315382242e-05,6.83550606481731e-05,1.891157080535777e-05,2.733177097979933e-05,736,344
L23,I. San Pedro,2019-01-04,-43.31333,-73.66167,,Mosaic_20190109_20190122.nc,5,0.001159236766397953,0.0025508434046059847,0.0017715520225465298,0.003995798993855715,0.0017992330249398947,0.003223394975066185,0.00032328866655007005,0.0004505047691054642,0.0001890170096885413,0.00026391595019958913,5.0244001613464206e-05,7.115209882613271e-05,4.786404315382242e-05,6.83550606481731e-05,1.891157080535777e-05,2.733177097979933e-05,736,344
L23,I. San Pedro,2019-01-05,-43.31333,-73.66167,,Mosaic_20190109_20190122.nc,4,0.001159236766397953,0.0025508434046059847,0.0017715520225465298,0.003995798993855715,0.0017992330249398947,0.003223394975066185,0.00032328866655007005,0.0004505047691054642,0.0001890170096885413,0.00026391595019958913,5.0244001613464206e-05,7.115209882613271e-05,4.786404315382242e-05,6.83550606481731e-05,1.891157080535777e-05,2.733177097979933e-05,736,344
L23,I. San Pedro,2019-01-15,-43.31333,-73.66167,3.0,Mosaic_20190109_20190122.nc,6,0.001159236766397953,0.0025508434046059847,0.0017715520225465298,0.003995798993855715,0.0017992330249398947,0.003223394975066185,0.00032328866655007005,0.0004505047691054642,0.0001890170096885413,0.00026391595019958913,5.0244001613464206e-05,7.115209882613271e-05,4.786404315382242e-05,6.83550606481731e-05,1.891157080535777e-05,2.733177097979933e-05,736,344
L23,I. San Pedro,2019-01-17,-43.31333,-73.66167,,Mosaic_20190109_20190122.nc,8,0.001159236766397953,0.0025508434046059847,0.0017715520225465298,0.003995798993855715,0.0017992330249398947,0.003223394975066185,0.00032328866655007005,0.0004505047691054642,0.0001890170096885413,0.00026391595019958913,5.0244001613464206e-05,7.115209882613271e-05,4.786404315382242e-05,6.83550606481731e-05,1.891157080535777e-05,2.733177097979933e-05,736,344
L23,I. San Pedro,2019-01-18,-43.31333,-73.66167,,Mosaic_20190126_20190208.nc,8,0.004135596565902233,0.004729245323687792,0.005300643853843212,0.006379491649568081,0.0032753311097621918,0.004040075466036797,0.0004605482972692698,0.0006148929242044687,0.000273498852038756,0.00037165655521675944,7.648728205822408e-05,0.00010381496394984424,7.280115823959932e-05,9.911498636938632e-05,2.924915315816179e-05,3.974669016315602e-05,736,329
L23,I. San Pedro,2019-01-26,-43.31333,-73.66167,,Mosaic_20190126_20190208.nc,0,0.004135596565902233,0.004729245323687792,0.005300643853843212,0.006379491649568081,0.0032753311097621918,0.004040075466036797,0.0004605482972692698,0.0006148929242044687,0.000273498852038756,0.00037165655521675944,7.648728205822408e-05,0.00010381496394984424,7.280115823959932e-05,9.911498636938632e-05,2.924915315816179e-05,3.974669016315602e-05,736,329
L23,I. San Pedro,2019-01-27,-43.31333,-73.66167,,Mosaic_20190126_20190208.nc,1,0.004135596565902233,0.004729245323687792,0.005300643853843212,0.006379491649568081,0.0032753311097621918,0.004040075466036797,0.0004605482972692698,0.0006148929242044687,0.000273498852038756,0.00037165655521675944,7.648728205822408e-05,0.00010381496394984424,7.280115823959932e-05,9.911498636938632e-05,2.924915315816179e-05,3.974669016315602e-05,736,329
L23,I. San Pedro,2019-01-29,-43.31333,-73.66167,,Mosaic_20190126_20190208.nc,3,0.004135596565902233,0.004729245323687792,0.005300643853843212,0.006379491649568081,0.0032753311097621918,0.004040075466036797,0.0004605482972692698,0.0006148929242044687,0.000273498852038756,0.00037165655521675944,7.648728205822408e-05,0.00010381496394984424,7.280115823959932e-05,9.911498636938632e-05,2.924915315816179e-05,3.974669016315602e-05,736,329
L23,I. San Pedro,2019-01-30,-43.31333,-73.66167,3.0,Mosaic_20190126_20190208.nc,4,0.004135596565902233,0.004729245323687792,0.005300643853843212,0.006379491649568081,0.0032753311097621918,0.004040075466036797,0.0004605482972692698,0.0006148929242044687,0.000273498852038756,0.00037165655521675944,7.648728205822408e-05,0.00010381496394984424,7.280115823959932e-05,9.911498636938632e-05,2.924915315816179e-05,3.974669016315602e-05,736,329
L23,I. San Pedro,2019-02-04,-43.31333,-73.66167,,Mosaic_20190126_20190208.nc,9,0.004135596565902233,0.004729245323687792,0.005300643853843212,0.006379491649568081,0.0032753311097621918,0.004040075466036797,0.0004605482972692698,0.0006148929242044687,0.000273498852038756,0.00037165655521675944,7.648728205822408e-05,0.00010381496394984424,7.280115823959932e-05,9.911498636938632e-05,2.924915315816179e-05,3.974669016315602e-05,736,329
L23,I. San Pedro,2019-02-05,-43.31333,-73.66167,,Mosaic_20190126_20190208.nc,10,0.004135596565902233,0.004729245323687792,0.005300643853843212,0.006379491649568081,0.0032753311097621918,0.004040075466036797,0.0004605482972692698,0.0006148929242044687,0.000273498852038756,0.00037165655521675944,7.648728205822408e-05,0.00010381496394984424,7.280115823959932e-05,9.911498636938632e-05,2.924915315816179e-05,3.974669016315602e-05,736,329
L23,I. San Pedro,2019-02-06,-43.31333,-73.66167,1.0,Mosaic_20190215_20190228.nc,9,0.0022503198124468327,0.0035169762559235096,0.0031093533616513014,0.0049379728734493256,0.0027470344211906195,0.00343918870203197,0.0005340249626897275,0.0007694425876252353,0.00032038456993177533,0.00047557387733832,8.72646996867843e-05,0.00013020385813433677,8.298930333694443e-05,0.00012427636829670519,3.298998126410879e-05,4.942405939800665e-05,756,345
L23,I. San Pedro,2019-02-07,-43.31333,-73.66167,0.0,Mosaic_20190215_20190228.nc,8,0.0022503198124468327,0.0035169762559235096,0.0031093533616513014,0.0049379728734493256,0.0027470344211906195,0.00343918870203197,0.0005340249626897275,0.0007694425876252353,0.00032038456993177533,0.00047557387733832,8.72646996867843e-05,0.00013020385813433677,8.298930333694443e-05,0.00012427636829670519,3.298998126410879e-05,4.942405939800665e-05,756,345
L23,I. San Pedro,2019-02-08,-43.31333,-73.66167,,Mosaic_20190215_20190228.nc,7,0.0022503198124468327,0.0035169762559235096,0.0031093533616513014,0.0049379728734493256,0.0027470344211906195,0.00343918870203197,0.0005340249626897275,0.0007694425876252353,0.00032038456993177533,0.00047557387733832,8.72646996867843e-05,0.00013020385813433677,8.298930333694443e-05,0.00012427636829670519,3.298998126410879e-05,4.942405939800665e-05,756,345
L23,I. San Pedro,2019-02-09,-43.31333,-73.66167,,Mosaic_20190215_20190228.nc,6,0.0022503198124468327,0.0035169762559235096,0.0031093533616513014,0.0049379728734493256,0.0027470344211906195,0.00343918870203197,0.0005340249626897275,0.0007694425876252353,0.00032038456993177533,0.00047557387733832,8.72646996867843e-05,0.00013020385813433677,8.298930333694443e-05,0.00012427636829670519,3.298998126410879e-05,4.942405939800665e-05,756,345
L23,I. San Pedro,2019-02-19,-43.31333,-73.66167,,Mosaic_20190215_20190228.nc,4,0.0022503198124468327,0.0035169762559235096,0.0031093533616513014,0.0049379728734493256,0.0027470344211906195,0.00343918870203197,0.0005340249626897275,0.0007694425876252353,0.00032038456993177533,0.00047557387733832,8.72646996867843e-05,0.00013020385813433677,8.298930333694443e-05,0.00012427636829670519,3.298998126410879e-05,4.942405939800665e-05,756,345
L23,I. San Pedro,2019-02-20,-43.31333,-73.66167,,Mosaic_20190215_20190228.nc,5,0.0022503198124468327,0.0035169762559235096,0.0031093533616513014,0.0049379728734493256,0.0027470344211906195,0.00343918870203197,0.0005340249626897275,0.0007694425876252353,0.00032038456993177533,0.00047557387733832,8.72646996867843e-05,0.00013020385813433677,8.298930333694443e-05,0.00012427636829670519,3.298998126410879e-05,4.942405939800665e-05,756,345
L23,I. San Pedro,2019-02-22,-43.31333,-73.66167,0.0,Mosaic_20190215_20190228.nc,7,0.0022503198124468327,0.0035169762559235096,0.0031093533616513014,0.0049379728734493256,0.0027470344211906195,0.00343918870203197,0.0005340249626897275,0.0007694425876252353,0.00032038456993177533,0.00047557387733832,8.72646996867843e-05,0.00013020385813433677,8.298930333694443e-05,0.00012427636829670519,3.298998126410879e-05,4.942405939800665e-05,756,345
L23,I. San Pedro,2019-02-26,-43.31333,-73.66167,0.0,Mosaic_20190307_20190320.nc,9,0.0025215924251824617,0.01033265795558691,0.0023988846223801374,0.007340800482779741,0.001664159120991826,0.006196008995175362,0.000313109892886132,0.0007282525766640902,0.00018745925626717508,0.000451121770311147,5.026367580285296e-05,0.00012310408055782318,4.804803029401228e-05,0.00012121576583012938,1.89494967344217e-05,4.9229485739488155e-05,736,344
L23,I. San Pedro,2019-02-27,-43.31333,-73.66167,,Mosaic_20190307_20190320.nc,8,0.0025215924251824617,0.01033265795558691,0.0023988846223801374,0.007340800482779741,0.001664159120991826,0.006196008995175362,0.000313109892886132,0.0007282525766640902,0.00018745925626717508,0.000451121770311147,5.026367580285296e-05,0.00012310408055782318,4.804803029401228e-05,0.00012121576583012938,1.89494967344217e-05,4.9229485739488155e-05,736,344
L23,I. San Pedro,2019-02-28,-43.31333,-73.66167,,Mosaic_20190307_20190320.nc,7,0.0025215924251824617,0.01033265795558691,0.0023988846223801374,0.007340800482779741,0.001664159120991826,0.006196008995175362,0.000313109892886132,0.0007282525766640902,0.00018745925626717508,0.000451121770311147,5.026367580285296e-05,0.00012310408055782318,4.804803029401228e-05,0.00012121576583012938,1.89494967344217e-05,4.9229485739488155e-05,736,344
L23,I. San Pedro,2019-03-18,-43.31333,-73.66167,,Mosaic_20190327_20190409.nc,9,0.003178807208314538,0.0041876137256622314,0.004184249322861433,0.005801571998745203,0.0028692211490124464,0.003849652362987399,0.0004422441415954381,0.0006426030304282904,0.00026281928876414895,0.0003868823405355215,7.2875278419815e-05,0.00010585099516902119,6.961638428037986e-05,0.00010031212150352076,2.7796875656349584e-05,3.983391070505604e-05,739,351
L23,I. San Pedro,2019-03-19,-43.31333,-73.66167,,Mosaic_20190327_20190409.nc,8,0.003178807208314538,0.0041876137256622314,0.004184249322861433,0.005801571998745203,0.0028692211490124464,0.003849652362987399,0.0004422441415954381,0.0006426030304282904,0.00026281928876414895,0.0003868823405355215,7.2875278419815e-05,0.00010585099516902119,6.961638428037986e-05,0.00010031212150352076,2.7796875656349584e-05,3.983391070505604e-05,739,351
L23,I. San Pedro,2019-03-20,-43.31333,-73.66167,,Mosaic_20190327_20190409.nc,7,0.003178807208314538,0.0041876137256622314,0.004184249322861433,0.005801571998745203,0.0028692211490124464,0.003849652362987399,0.0004422441415954381,0.0006426030304282904,0.00026281928876414895,0.0003868823405355215,7.2875278419815e-05,0.00010585099516902119,6.961638428037986e-05,0.00010031212150352076,2.7796875656349584e-05,3.983391070505604e-05,739,351
L23,I. San Pedro,2019-03-21,-43.31333,-73.66167,3.0,Mosaic_20190327_20190409.nc,6,0.003178807208314538,0.0041876137256622314,0.004184249322861433,0.005801571998745203,0.0028692211490124464,0.003849652362987399,0.0004422441415954381,0.0006426030304282904,0.00026281928876414895,0.0003868823405355215,7.2875278419815e-05,0.00010585099516902119,6.961638428037986e-05,0.00010031212150352076,2.7796875656349584e-05,3.983391070505604e-05,739,351
L23,I. San Pedro,2019-03-29,-43.31333,-73.66167,,Mosaic_20190327_20190409.nc,2,0.003178807208314538,0.0041876137256622314,0.004184249322861433,0.005801571998745203,0.0028692211490124464,0.003849652362987399,0.0004422441415954381,0.0006426030304282904,0.00026281928876414895,0.0003868823405355215,7.2875278419815e-05,0.00010585099516902119,6.961638428037986e-05,0.00010031212150352076,2.7796875656349584e-05,3.983391070505604e-05,739,351
L23,I. San Pedro,2019-03-30,-43.31333,-73.66167,,Mosaic_20190327_20190409.nc,3,0.003178807208314538,0.0041876137256622314,0.004184249322861433,0.005801571998745203,0.0028692211490124464,0.003849652362987399,0.0004422441415954381,0.0006426030304282904,0.00026281928876414895,0.0003868823405355215,7.2875278419815e-05,0.00010585099516902119,6.961638428037986e-05,0.00010031212150352076,2.7796875656349584e-05,3.983391070505604e-05,739,351
L23,I. San Pedro,2019-03-31,-43.31333,-73.66167,,Mosaic_20190327_20190409.nc,4,0.003178807208314538,0.0041876137256622314,0.004184249322861433,0.005801571998745203,0.0028692211490124464,0.003849652362987399,0.0004422441415954381,0.0006426030304282904,0.00026281928876414895,0.0003868823405355215,7.2875278419815e-05,0.00010585099516902119,6.961638428037986e-05,0.00010031212150352076,2.7796875656349584e-05,3.983391070505604e-05,739,351
L23,I. San Pedro,2019-04-02,-43.31333,-73.66167,1.0,Mosaic_20190327_20190409.nc,6,0.003178807208314538,0.0041876137256622314,0.004184249322861433,0.005801571998745203,0.0028692211490124464,0.003849652362987399,0.0004422441415954381,0.0006426030304282904,0.00026281928876414895,0.0003868823405355215,7.2875278419815e-05,0.00010585099516902119,6.961638428037986e-05,0.00010031212150352076,2.7796875656349584e-05,3.983391070505604e-05,739,351
L23,I. San Pedro,2019-04-09,-43.31333,-73.66167,,Mosaic_20190419_20190502.nc,10,0.0014553382061421871,0.005350509658455849,0.0021402116399258375,0.005166552495211363,0.0018539570737630129,0.0067216139286756516,0.00031572056468576193,0.0019863396883010864,0.00018774098134599626,0.0013997318455949426,5.065383811597712e-05,0.0004016729071736336,4.862333298660815e-05,0.000396955554606393,1.9358745703357272e-05,0.00015804774011485279,756,345
L23,I. San Pedro,2019-04-10,-43.31333,-73.66167,,Mosaic_20190419_20190502.nc,9,0.0014553382061421871,0.005350509658455849,0.0021402116399258375,0.005166552495211363,0.0018539570737630129,0.0067216139286756516,0.00031572056468576193,0.0019863396883010864,0.00018774098134599626,0.0013997318455949426,5.065383811597712e-05,0.0004016729071736336,4.862333298660815e-05,0.000396955554606393,1.9358745703357272e-05,0.00015804774011485279,756,345
L23,I. San Pedro,2019-04-11,-43.31333,-73.66167,0.0,Mosaic_20190419_20190502.nc,8,0.0014553382061421871,0.005350509658455849,0.0021402116399258375,0.005166552495211363,0.0018539570737630129,0.0067216139286756516,0.00031572056468576193,0.0019863396883010864,0.00018774098134599626,0.0013997318455949426,5.065383811597712e-05,0.0004016729071736336,4.862333298660815e-05,0.000396955554606393,1.9358745703357272e-05,0.00015804774011485279,756,345
L23,I. San Pedro,2019-04-16,-43.31333,-73.66167,0.0,Mosaic_20190419_20190502.nc,3,0.0014553382061421871,0.005350509658455849,0.0021402116399258375,0.005166552495211363,0.0018539570737630129,0.0067216139286756516,0.00031572056468576193,0.0019863396883010864,0.00018774098134599626,0.0013997318455949426,5.065383811597712e-05,0.0004016729071736336,4.862333298660815e-05,0.000396955554606393,1.9358745703357272e-05,0.00015804774011485279,756,345
L23,I. San Pedro,2019-04-17,-43.31333,-73.66167,,Mosaic_20190419_20190502.nc,2,0.0014553382061421871,0.005350509658455849,0.0021402116399258375,0.005166552495211363,0.0018539570737630129,0.0067216139286756516,0.00031572056468576193,0.0019863396883010864,0.00018774098134599626,0.0013997318455949426,5.065383811597712e-05,0.0004016729071736336,4.862333298660815e-05,0.000396955554606393,1.9358745703357272e-05,0.00015804774011485279,756,345
L23,I. San Pedro,2019-04-18,-43.31333,-73.66167,,Mosaic_20190419_20190502.nc,1,0.0014553382061421871,0.005350509658455849,0.0021402116399258375,0.005166552495211363,0.0018539570737630129,0.0067216139286756516,0.00031572056468576193,0.0019863396883010864,0.00018774098134599626,0.0013997318455949426,5.065383811597712e-05,0.0004016729071736336,4.862333298660815e-05,0.000396955554606393,1.9358745703357272e-05,0.00015804774011485279,756,345
L23,I. San Pedro,2019-04-26,-43.31333,-73.66167,,Mosaic_20190419_20190502.nc,7,0.0014553382061421871,0.005350509658455849,0.0021402116399258375,0.005166552495211363,0.0018539570737630129,0.0067216139286756516,0.00031572056468576193,0.0019863396883010864,0.00018774098134599626,0.0013997318455949426,5.065383811597712e-05,0.0004016729071736336,4.862333298660815e-05,0.000396955554606393,1.9358745703357272e-05,0.00015804774011485279,756,345
L23,I. San Pedro,2019-04-28,-43.31333,-73.66167,,Mosaic_20190506_20190519.nc,8,0.00022109676501713693,0.00042287231190130115,0.0002929359907284379,0.0005943074356764555,0.00044163913116790354,0.0008277692832052708,0.00021965644555166364,0.0004399962199386209,0.0001472137082600966,0.00033923870068974793,4.286361945560202e-05,0.00011156469554407522,4.2144121835008264e-05,0.00011413264292059466,1.6910726117203012e-05,4.780286326422356e-05,756,345
L23,I. San Pedro,2019-05-01,-43.31333,-73.66167,0.0,Mosaic_20190506_20190519.nc,5,0.00022109676501713693,0.00042287231190130115,0.0002929359907284379,0.0005943074356764555,0.00044163913116790354,0.0008277692832052708,0.00021965644555166364,0.0004399962199386209,0.0001472137082600966,0.00033923870068974793,4.286361945560202e-05,0.00011156469554407522,4.2144121835008264e-05,0.00011413264292059466,1.6910726117203012e-05,4.780286326422356e-05,756,345
L23,I. San Pedro,2019-05-07,-43.31333,-73.66167,0.0,Mosaic_20190506_20190519.nc,1,0.00022109676501713693,0.00042287231190130115,0.0002929359907284379,0.0005943074356764555,0.00044163913116790354,0.0008277692832052708,0.00021965644555166364,0.0004399962199386209,0.0001472137082600966,0.00033923870068974793,4.286361945560202e-05,0.00011156469554407522,4.2144121835008264e-05,0.00011413264292059466,1.6910726117203012e-05,4.780286326422356e-05,756,345
L23,I. San Pedro,2019-05-08,-43.31333,-73.66167,,Mosaic_20190506_20190519.nc,2,0.00022109676501713693,0.00042287231190130115,0.0002929359907284379,0.0005943074356764555,0.00044163913116790354,0.0008277692832052708,0.00021965644555166364,0.0004399962199386209,0.0001472137082600966,0.00033923870068974793,4.286361945560202e-05,0.00011156469554407522,4.2144121835008264e-05,0.00011413264292059466,1.6910726117203012e-05,4.780286326422356e-05,756,345
L23,I. San Pedro,2019-05-09,-43.31333,-73.66167,,Mosaic_20190506_20190519.nc,3,0.00022109676501713693,0.00042287231190130115,0.0002929359907284379,0.0005943074356764555,0.00044163913116790354,0.0008277692832052708,0.00021965644555166364,0.0004399962199386209,0.0001472137082600966,0.00033923870068974793,4.286361945560202e-05,0.00011156469554407522,4.2144121835008264e-05,0.00011413264292059466,1.6910726117203012e-05,4.780286326422356e-05,756,345
L23,I. San Pedro,2019-05-23,-43.31333,-73.66167,0.0,Mosaic_20190529_20190611.nc,6,0.002101494697853923,0.0042606317438185215,0.0018462913576513529,0.005887141451239586,0.0006745734717696905,0.004804845899343491,9.093522385228425e-05,0.0006947506917640567,5.109372432343662e-05,0.00041108159348368645,1.3326779480848927e-05,0.00010923274385277182,1.2407506801537238e-05,0.00010607854346744716,4.660497324948665e-06,4.245946183800697e-05,736,123
L23,I. San Pedro,2019-05-25,-43.31333,-73.66167,,Mosaic_20190529_20190611.nc,4,0.002101494697853923,0.0042606317438185215,0.0018462913576513529,0.005887141451239586,0.0006745734717696905,0.004804845899343491,9.093522385228425e-05,0.0006947506917640567,5.109372432343662e-05,0.00041108159348368645,1.3326779480848927e-05,0.00010923274385277182,1.2407506801537238e-05,0.00010607854346744716,4.660497324948665e-06,4.245946183800697e-05,736,123
L23,I. San Pedro,2019-05-26,-43.31333,-73.66167,,Mosaic_20190529_20190611.nc,3,0.002101494697853923,0.0042606317438185215,0.0018462913576513529,0.005887141451239586,0.0006745734717696905,0.004804845899343491,9.093522385228425e-05,0.0006947506917640567,5.109372432343662e-05,0.00041108159348368645,1.3326779480848927e-05,0.00010923274385277182,1.2407506801537238e-05,0.00010607854346744716,4.660497324948665e-06,4.245946183800697e-05,736,123
L23,I. San Pedro,2019-05-28,-43.31333,-73.66167,,Mosaic_20190529_20190611.nc,1,0.002101494697853923,0.0042606317438185215,0.0018462913576513529,0.005887141451239586,0.0006745734717696905,0.004804845899343491,9.093522385228425e-05,0.0006947506917640567,5.109372432343662e-05,0.00041108159348368645,1.3326779480848927e-05,0.00010923274385277182,1.2407506801537238e-05,0.00010607854346744716,4.660497324948665e-06,4.245946183800697e-05,736,123
L23,I. San Pedro,2019-05-29,-43.31333,-73.66167,,Mosaic_20190529_20190611.nc,0,0.002101494697853923,0.0042606317438185215,0.0018462913576513529,0.005887141451239586,0.0006745734717696905,0.004804845899343491,9.093522385228425e-05,0.0006947506917640567,5.109372432343662e-05,0.00041108159348368645,1.3326779480848927e-05,0.00010923274385277182,1.2407506801537238e-05,0.00010607854346744716,4.660497324948665e-06,4.245946183800697e-05,736,123
L23,I. San Pedro,2019-05-30,-43.31333,-73.66167,,Mosaic_20190529_20190611.nc,1,0.002101494697853923,0.0042606317438185215,0.0018462913576513529,0.005887141451239586,0.0006745734717696905,0.004804845899343491,9.093522385228425e-05,0.0006947506917640567,5.109372432343662e-05,0.00041108159348368645,1.3326779480848927e-05,0.00010923274385277182,1.2407506801537238e-05,0.00010607854346744716,4.660497324948665e-06,4.245946183800697e-05,736,123
L23,I. San Pedro,2019-06-02,-43.31333,-73.66167,1.0,Mosaic_20190529_20190611.nc,4,0.002101494697853923,0.0042606317438185215,0.0018462913576513529,0.005887141451239586,0.0006745734717696905,0.004804845899343491,9.093522385228425e-05,0.0006947506917640567,5.109372432343662e-05,0.00041108159348368645,1.3326779480848927e-05,0.00010923274385277182,1.2407506801537238e-05,0.00010607854346744716,4.660497324948665e-06,4.245946183800697e-05,736,123
L23,I. San Pedro,2019-06-13,-43.31333,-73.66167,1.0,Mosaic_20190615_20190628.nc,2,0.002391197020187974,0.0034710965119302273,0.0030942456796765327,0.004136384930461645,0.0019981879740953445,0.0028460246976464987,0.00030783115653321147,0.00047391338739544153,0.00018027261830866337,0.000277343817288056,4.902601722278632e-05,7.445177470799536e-05,4.645635272026993e-05,7.007739623077214e-05,1.8390099285170436e-05,2.762932490441017e-05,756,345
L23,I. San Pedro,2019-06-14,-43.31333,-73.66167,,Mosaic_20190615_20190628.nc,1,0.002391197020187974,0.0034710965119302273,0.0030942456796765327,0.004136384930461645,0.0019981879740953445,0.0028460246976464987,0.00030783115653321147,0.00047391338739544153,0.00018027261830866337,0.000277343817288056,4.902601722278632e-05,7.445177470799536e-05,4.645635272026993e-05,7.007739623077214e-05,1.8390099285170436e-05,2.762932490441017e-05,756,345
L23,I. San Pedro,2019-06-15,-43.31333,-73.66167,,Mosaic_20190615_20190628.nc,0,0.002391197020187974,0.0034710965119302273,0.0030942456796765327,0.004136384930461645,0.0019981879740953445,0.0028460246976464987,0.00030783115653321147,0.00047391338739544153,0.00018027261830866337,0.000277343817288056,4.902601722278632e-05,7.445177470799536e-05,4.645635272026993e-05,7.007739623077214e-05,1.8390099285170436e-05,2.762932490441017e-05,756,345
L23,I. San Pedro,2019-06-19,-43.31333,-73.66167,0.0,Mosaic_20190615_20190628.nc,4,0.002391197020187974,0.0034710965119302273,0.0030942456796765327,0.004136384930461645,0.0019981879740953445,0.0028460246976464987,0.00030783115653321147,0.00047391338739544153,0.00018027261830866337,0.000277343817288056,4.902601722278632e-05,7.445177470799536e-05,4.645635272026993e-05,7.007739623077214e-05,1.8390099285170436e-05,2.762932490441017e-05,756,345
L23,I. San Pedro,2019-06-20,-43.31333,-73.66167,,Mosaic_20190615_20190628.nc,5,0.002391197020187974,0.0034710965119302273,0.0030942456796765327,0.004136384930461645,0.0019981879740953445,0.0028460246976464987,0.00030783115653321147,0.00047391338739544153,0.00018027261830866337,0.000277343817288056,4.902601722278632e-05,7.445177470799536e-05,4.645635272026993e-05,7.007739623077214e-05,1.8390099285170436e-05,2.762932490441017e-05,756,345
L23,I. San Pedro,2019-08-06,-43.31333,-73.66167,0.0,Mosaic_20190804_20190817.nc,2,0.0017335821175947785,0.006345705129206181,0.002280503511428833,0.003883078694343567,0.0015099210431799293,0.004921485669910908,0.00023948392481543124,0.0020013260655105114,0.00014059431850910187,0.001494237338192761,3.8422291254391894e-05,0.0004586624854709953,3.642263982328586e-05,0.0004555591440293938,1.4398480743693653e-05,0.00018447630282025784,739,347
L23,I. San Pedro,2019-08-07,-43.31333,-73.66167,,Mosaic_20190804_20190817.nc,3,0.0017335821175947785,0.006345705129206181,0.002280503511428833,0.003883078694343567,0.0015099210431799293,0.004921485669910908,0.00023948392481543124,0.0020013260655105114,0.00014059431850910187,0.001494237338192761,3.8422291254391894e-05,0.0004586624854709953,3.642263982328586e-05,0.0004555591440293938,1.4398480743693653e-05,0.00018447630282025784,739,347
L23,I. San Pedro,2019-08-08,-43.31333,-73.66167,,Mosaic_20190804_20190817.nc,4,0.0017335821175947785,0.006345705129206181,0.002280503511428833,0.003883078694343567,0.0015099210431799293,0.004921485669910908,0.00023948392481543124,0.0020013260655105114,0.00014059431850910187,0.001494237338192761,3.8422291254391894e-05,0.0004586624854709953,3.642263982328586e-05,0.0004555591440293938,1.4398480743693653e-05,0.00018447630282025784,739,347
L23,I. San Pedro,2019-08-23,-43.31333,-73.66167,2.0,Mosaic_20190903_20190916.nc,11,0.003455293131992221,0.004726603161543608,0.004567451309412718,0.006445686798542738,0.0032273444812744856,0.0043630278669297695,0.000521902518812567,0.0007309727370738983,0.00031297156237997115,0.00044151893234811723,8.659835293656215e-05,0.00012166372471256182,8.263990457635373e-05,0.00011620598525041714,3.3079129934776574e-05,4.6416633267654106e-05,756,345
L23,I. San Pedro,2019-08-24,-43.31333,-73.66167,,Mosaic_20190903_20190916.nc,10,0.003455293131992221,0.004726603161543608,0.004567451309412718,0.006445686798542738,0.0032273444812744856,0.0043630278669297695,0.000521902518812567,0.0007309727370738983,0.00031297156237997115,0.00044151893234811723,8.659835293656215e-05,0.00012166372471256182,8.263990457635373e-05,0.00011620598525041714,3.3079129934776574e-05,4.6416633267654106e-05,756,345
L23,I. San Pedro,2019-09-09,-43.31333,-73.66167,,Mosaic_20190903_20190916.nc,6,0.003455293131992221,0.004726603161543608,0.004567451309412718,0.006445686798542738,0.0032273444812744856,0.0043630278669297695,0.000521902518812567,0.0007309727370738983,0.00031297156237997115,0.00044151893234811723,8.659835293656215e-05,0.00012166372471256182,8.263990457635373e-05,0.00011620598525041714,3.3079129934776574e-05,4.6416633267654106e-05,756,345
L23,I. San Pedro,2019-09-10,-43.31333,-73.66167,,Mosaic_20190903_20190916.nc,7,0.003455293131992221,0.004726603161543608,0.004567451309412718,0.006445686798542738,0.0032273444812744856,0.0043630278669297695,0.000521902518812567,0.0007309727370738983,0.00031297156237997115,0.00044151893234811723,8.659835293656215e-05,0.00012166372471256182,8.263990457635373e-05,0.00011620598525041714,3.3079129934776574e-05,4.6416633267654106e-05,756,345
L23,I. San Pedro,2019-09-11,-43.31333,-73.66167,1.0,Mosaic_20190903_20190916.nc,8,0.003455293131992221,0.004726603161543608,0.004567451309412718,0.006445686798542738,0.0032273444812744856,0.0043630278669297695,0.000521902518812567,0.0007309727370738983,0.00031297156237997115,0.00044151893234811723,8.659835293656215e-05,0.00012166372471256182,8.263990457635373e-05,0.00011620598525041714,3.3079129934776574e-05,4.6416633267654106e-05,756,345
L23,I. San Pedro,2019-09-23,-43.31333,-73.66167,,Mosaic_20190926_20191009.nc,3,0.001234554685652256,0.0019222424598410726,0.0017406821716576815,0.0030228670220822096,0.0013115762267261744,0.002534886822104454,0.00021004013251513243,0.00035864318488165736,0.00012116413563489914,0.00020967352611478418,3.2409923733212054e-05,5.6719967687968165e-05,3.090174141107127e-05,5.454795973491855e-05,1.2139040336478502e-05,2.179716648242902e-05,739,356
L23,I. San Pedro,2019-09-24,-43.31333,-73.66167,,Mosaic_20190926_20191009.nc,2,0.001234554685652256,0.0019222424598410726,0.0017406821716576815,0.0030228670220822096,0.0013115762267261744,0.002534886822104454,0.00021004013251513243,0.00035864318488165736,0.00012116413563489914,0.00020967352611478418,3.2409923733212054e-05,5.6719967687968165e-05,3.090174141107127e-05,5.454795973491855e-05,1.2139040336478502e-05,2.179716648242902e-05,739,356
L23,I. San Pedro,2019-09-25,-43.31333,-73.66167,,Mosaic_20190926_20191009.nc,1,0.001234554685652256,0.0019222424598410726,0.0017406821716576815,0.0030228670220822096,0.0013115762267261744,0.002534886822104454,0.00021004013251513243,0.00035864318488165736,0.00012116413563489914,0.00020967352611478418,3.2409923733212054e-05,5.6719967687968165e-05,3.090174141107127e-05,5.454795973491855e-05,1.2139040336478502e-05,2.179716648242902e-05,739,356
L23,I. San Pedro,2019-09-27,-43.31333,-73.66167,0.0,Mosaic_20190926_20191009.nc,1,0.001234554685652256,0.0019222424598410726,0.0017406821716576815,0.0030228670220822096,0.0013115762267261744,0.002534886822104454,0.00021004013251513243,0.00035864318488165736,0.00012116413563489914,0.00020967352611478418,3.2409923733212054e-05,5.6719967687968165e-05,3.090174141107127e-05,5.454795973491855e-05,1.2139040336478502e-05,2.179716648242902e-05,739,356
L23,I. San Pedro,2019-10-07,-43.31333,-73.66167,2.0,Mosaic_20191013_20191026.nc,6,0.0035013307351619005,0.004156114533543587,0.004432400688529015,0.005560720339417458,0.002421872690320015,0.003561195218935609,0.0003223623789381236,0.0004584032285492867,0.00019290305499453098,0.0002725676167756319,5.420962770585902e-05,7.640410331077874e-05,5.208087895880453e-05,7.36013607820496e-05,2.0990246412111446e-05,2.975531060656067e-05,756,345
L23,I. San Pedro,2019-10-08,-43.31333,-73.66167,,Mosaic_20191013_20191026.nc,5,0.0035013307351619005,0.004156114533543587,0.004432400688529015,0.005560720339417458,0.002421872690320015,0.003561195218935609,0.0003223623789381236,0.0004584032285492867,0.00019290305499453098,0.0002725676167756319,5.420962770585902e-05,7.640410331077874e-05,5.208087895880453e-05,7.36013607820496e-05,2.0990246412111446e-05,2.975531060656067e-05,756,345
L23,I. San Pedro,2019-10-09,-43.31333,-73.66167,,Mosaic_20191013_20191026.nc,4,0.0035013307351619005,0.004156114533543587,0.004432400688529015,0.005560720339417458,0.002421872690320015,0.003561195218935609,0.0003223623789381236,0.0004584032285492867,0.00019290305499453098,0.0002725676167756319,5.420962770585902e-05,7.640410331077874e-05,5.208087895880453e-05,7.36013607820496e-05,2.0990246412111446e-05,2.975531060656067e-05,756,345
L23,I. San Pedro,2019-10-17,-43.31333,-73.66167,3.0,Mosaic_20191013_20191026.nc,4,0.0035013307351619005,0.004156114533543587,0.004432400688529015,0.005560720339417458,0.002421872690320015,0.003561195218935609,0.0003223623789381236,0.0004584032285492867,0.00019290305499453098,0.0002725676167756319,5.420962770585902e-05,7.640410331077874e-05,5.208087895880453e-05,7.36013607820496e-05,2.0990246412111446e-05,2.975531060656067e-05,756,345
L23,I. San Pedro,2019-10-18,-43.31333,-73.66167,,Mosaic_20191013_20191026.nc,5,0.0035013307351619005,0.004156114533543587,0.004432400688529015,0.005560720339417458,0.002421872690320015,0.003561195218935609,0.0003223623789381236,0.0004584032285492867,0.00019290305499453098,0.0002725676167756319,5.420962770585902e-05,7.640410331077874e-05,5.208087895880453e-05,7.36013607820496e-05,2.0990246412111446e-05,2.975531060656067e-05,756,345
L23,I. San Pedro,2019-11-12,-43.31333,-73.66167,,Mosaic_20191115_20191128.nc,3,0.002507306868210435,0.008867928758263588,0.0034236470237374306,0.007391633465886116,0.0028088504914194345,0.0053537460044026375,0.00047061804798431695,0.0006564612849615514,0.00028102233773097396,0.00043851419468410313,7.721665315330029e-05,0.00012691886513493955,7.429665856761858e-05,0.0001246364408871159,2.9760667530354112e-05,5.0471840950194746e-05,756,345
L23,I. San Pedro,2019-11-13,-43.31333,-73.66167,,Mosaic_20191115_20191128.nc,2,0.002507306868210435,0.008867928758263588,0.0034236470237374306,0.007391633465886116,0.0028088504914194345,0.0053537460044026375,0.00047061804798431695,0.0006564612849615514,0.00028102233773097396,0.00043851419468410313,7.721665315330029e-05,0.00012691886513493955,7.429665856761858e-05,0.0001246364408871159,2.9760667530354112e-05,5.0471840950194746e-05,756,345
L23,I. San Pedro,2019-11-15,-43.31333,-73.66167,0.0,Mosaic_20191115_20191128.nc,0,0.002507306868210435,0.008867928758263588,0.0034236470237374306,0.007391633465886116,0.0028088504914194345,0.0053537460044026375,0.00047061804798431695,0.0006564612849615514,0.00028102233773097396,0.00043851419468410313,7.721665315330029e-05,0.00012691886513493955,7.429665856761858e-05,0.0001246364408871159,2.9760667530354112e-05,5.0471840950194746e-05,756,345
L23,I. San Pedro,2019-11-22,-43.31333,-73.66167,,Mosaic_20191115_20191128.nc,7,0.002507306868210435,0.008867928758263588,0.0034236470237374306,0.007391633465886116,0.0028088504914194345,0.0053537460044026375,0.00047061804798431695,0.0006564612849615514,0.00028102233773097396,0.00043851419468410313,7.721665315330029e-05,0.00012691886513493955,7.429665856761858e-05,0.0001246364408871159,2.9760667530354112e-05,5.0471840950194746e-05,756,345
L23,I. San Pedro,2019-11-23,-43.31333,-73.66167,0.0,Mosaic_20191115_20191128.nc,8,0.002507306868210435,0.008867928758263588,0.0034236470237374306,0.007391633465886116,0.0028088504914194345,0.0053537460044026375,0.00047061804798431695,0.0006564612849615514,0.00028102233773097396,0.00043851419468410313,7.721665315330029e-05,0.00012691886513493955,7.429665856761858e-05,0.0001246364408871159,2.9760667530354112e-05,5.0471840950194746e-05,756,345
L23,I. San Pedro,2019-11-24,-43.31333,-73.66167,,Mosaic_20191115_20191128.nc,9,0.002507306868210435,0.008867928758263588,0.0034236470237374306,0.007391633465886116,0.0028088504914194345,0.0053537460044026375,0.00047061804798431695,0.0006564612849615514,0.00028102233773097396,0.00043851419468410313,7.721665315330029e-05,0.00012691886513493955,7.429665856761858e-05,0.0001246364408871159,2.9760667530354112e-05,5.0471840950194746e-05,756,345
L23,I. San Pedro,2019-11-29,-43.31333,-73.66167,,Mosaic_20191205_20191218.nc,6,0.00036701667704619467,0.0017479408998042345,0.0005288248066790402,0.0028306900057941675,0.0007441708585247397,0.004849435295909643,0.00046289415331557393,0.002769770100712776,0.00035142572596669197,0.0024454165250062943,0.00011128241021651775,0.0008978885016404092,0.0001121096865972504,0.0009178105392493308,4.634413926396519e-05,0.0003832658112514764,756,184
L23,I. San Pedro,2019-11-30,-43.31333,-73.66167,,Mosaic_20191205_20191218.nc,5,0.00036701667704619467,0.0017479408998042345,0.0005288248066790402,0.0028306900057941675,0.0007441708585247397,0.004849435295909643,0.00046289415331557393,0.002769770100712776,0.00035142572596669197,0.0024454165250062943,0.00011128241021651775,0.0008978885016404092,0.0001121096865972504,0.0009178105392493308,4.634413926396519e-05,0.0003832658112514764,756,184
L23,I. San Pedro,2019-12-01,-43.31333,-73.66167,0.0,Mosaic_20191205_20191218.nc,4,0.00036701667704619467,0.0017479408998042345,0.0005288248066790402,0.0028306900057941675,0.0007441708585247397,0.004849435295909643,0.00046289415331557393,0.002769770100712776,0.00035142572596669197,0.0024454165250062943,0.00011128241021651775,0.0008978885016404092,0.0001121096865972504,0.0009178105392493308,4.634413926396519e-05,0.0003832658112514764,756,184
L23,I. San Pedro,2019-12-06,-43.31333,-73.66167,,Mosaic_20191205_20191218.nc,1,0.00036701667704619467,0.0017479408998042345,0.0005288248066790402,0.0028306900057941675,0.0007441708585247397,0.004849435295909643,0.00046289415331557393,0.002769770100712776,0.00035142572596669197,0.0024454165250062943,0.00011128241021651775,0.0008978885016404092,0.0001121096865972504,0.0009178105392493308,4.634413926396519e-05,0.0003832658112514764,756,184
L23,I. San Pedro,2019-12-07,-43.31333,-73.66167,,Mosaic_20191205_20191218.nc,2,0.00036701667704619467,0.0017479408998042345,0.0005288248066790402,0.0028306900057941675,0.0007441708585247397,0.004849435295909643,0.00046289415331557393,0.002769770100712776,0.00035142572596669197,0.0024454165250062943,0.00011128241021651775,0.0008978885016404092,0.0001121096865972504,0.0009178105392493308,4.634413926396519e-05,0.0003832658112514764,756,184
L23,I. San Pedro,2019-12-08,-43.31333,-73.66167,,Mosaic_20191205_20191218.nc,3,0.00036701667704619467,0.0017479408998042345,0.0005288248066790402,0.0028306900057941675,0.0007441708585247397,0.004849435295909643,0.00046289415331557393,0.002769770100712776,0.00035142572596669197,0.0024454165250062943,0.00011128241021651775,0.0008978885016404092,0.0001121096865972504,0.0009178105392493308,4.634413926396519e-05,0.0003832658112514764,756,184
L23,I. San Pedro,2019-12-10,-43.31333,-73.66167,0.0,Mosaic_20191205_20191218.nc,5,0.00036701667704619467,0.0017479408998042345,0.0005288248066790402,0.0028306900057941675,0.0007441708585247397,0.004849435295909643,0.00046289415331557393,0.002769770100712776,0.00035142572596669197,0.0024454165250062943,0.00011128241021651775,0.0008978885016404092,0.0001121096865972504,0.0009178105392493308,4.634413926396519e-05,0.0003832658112514764,756,184
L23,I. San Pedro,2019-12-15,-43.31333,-73.66167,,Mosaic_20191205_20191218.nc,10,0.00036701667704619467,0.0017479408998042345,0.0005288248066790402,0.0028306900057941675,0.0007441708585247397,0.004849435295909643,0.00046289415331557393,0.002769770100712776,0.00035142572596669197,0.0024454165250062943,0.00011128241021651775,0.0008978885016404092,0.0001121096865972504,0.0009178105392493308,4.634413926396519e-05,0.0003832658112514764,756,184
L23,I. San Pedro,2019-12-16,-43.31333,-73.66167,,Mosaic_20191205_20191218.nc,11,0.00036701667704619467,0.0017479408998042345,0.0005288248066790402,0.0028306900057941675,0.0007441708585247397,0.004849435295909643,0.00046289415331557393,0.002769770100712776,0.00035142572596669197,0.0024454165250062943,0.00011128241021651775,0.0008978885016404092,0.0001121096865972504,0.0009178105392493308,4.634413926396519e-05,0.0003832658112514764,756,184
L23,I. San Pedro,2019-12-17,-43.31333,-73.66167,0.0,Mosaic_20191205_20191218.nc,12,0.00036701667704619467,0.0017479408998042345,0.0005288248066790402,0.0028306900057941675,0.0007441708585247397,0.004849435295909643,0.00046289415331557393,0.002769770100712776,0.00035142572596669197,0.0024454165250062943,0.00011128241021651775,0.0008978885016404092,0.0001121096865972504,0.0009178105392493308,4.634413926396519e-05,0.0003832658112514764,756,184
L23,I. San Pedro,2020-01-02,-43.31333,-73.66167,,Mosaic_20200101_20200114.nc,1,0.0037224525585770607,0.004996646661311388,0.004620478022843599,0.006088107358664274,0.0025743835140019655,0.003506709588691592,0.0003536914591677487,0.0004432374844327569,0.000210389363928698,0.00026303145568817854,5.8664682001108304e-05,7.349700899794698e-05,5.589215288637206e-05,7.021445344435051e-05,2.2394484403776005e-05,2.8226924769114703e-05,756,345
L23,I. San Pedro,2020-01-03,-43.31333,-73.66167,,Mosaic_20200101_20200114.nc,2,0.0037224525585770607,0.004996646661311388,0.004620478022843599,0.006088107358664274,0.0025743835140019655,0.003506709588691592,0.0003536914591677487,0.0004432374844327569,0.000210389363928698,0.00026303145568817854,5.8664682001108304e-05,7.349700899794698e-05,5.589215288637206e-05,7.021445344435051e-05,2.2394484403776005e-05,2.8226924769114703e-05,756,345
L23,I. San Pedro,2020-01-04,-43.31333,-73.66167,2.0,Mosaic_20200101_20200114.nc,3,0.0037224525585770607,0.004996646661311388,0.004620478022843599,0.006088107358664274,0.0025743835140019655,0.003506709588691592,0.0003536914591677487,0.0004432374844327569,0.000210389363928698,0.00026303145568817854,5.8664682001108304e-05,7.349700899794698e-05,5.589215288637206e-05,7.021445344435051e-05,2.2394484403776005e-05,2.8226924769114703e-05,756,345
L23,I. San Pedro,2020-01-10,-43.31333,-73.66167,,Mosaic_20200101_20200114.nc,9,0.0037224525585770607,0.004996646661311388,0.004620478022843599,0.006088107358664274,0.0025743835140019655,0.003506709588691592,0.0003536914591677487,0.0004432374844327569,0.000210389363928698,0.00026303145568817854,5.8664682001108304e-05,7.349700899794698e-05,5.589215288637206e-05,7.021445344435051e-05,2.2394484403776005e-05,2.8226924769114703e-05,756,345
L23,I. San Pedro,2020-01-11,-43.31333,-73.66167,,Mosaic_20200101_20200114.nc,10,0.0037224525585770607,0.004996646661311388,0.004620478022843599,0.006088107358664274,0.0025743835140019655,0.003506709588691592,0.0003536914591677487,0.0004432374844327569,0.000210389363928698,0.00026303145568817854,5.8664682001108304e-05,7.349700899794698e-05,5.589215288637206e-05,7.021445344435051e-05,2.2394484403776005e-05,2.8226924769114703e-05,756,345
L23,I. San Pedro,2020-01-12,-43.31333,-73.66167,,Mosaic_20200121_20200203.nc,9,0.0029359166510403156,0.004337442573159933,0.0038693512324243784,0.005659811664372683,0.002403426915407181,0.0031865425407886505,0.0003489138907752931,0.00044103246182203293,0.00020846430561505258,0.00026339368196204305,5.830428926856257e-05,7.383766933344305e-05,5.6017961469478905e-05,7.112507591955364e-05,2.2549987988895737e-05,2.8732616556226276e-05,756,345
L23,I. San Pedro,2020-01-14,-43.31333,-73.66167,0.0,Mosaic_20200121_20200203.nc,7,0.0029359166510403156,0.004337442573159933,0.0038693512324243784,0.005659811664372683,0.002403426915407181,0.0031865425407886505,0.0003489138907752931,0.00044103246182203293,0.00020846430561505258,0.00026339368196204305,5.830428926856257e-05,7.383766933344305e-05,5.6017961469478905e-05,7.112507591955364e-05,2.2549987988895737e-05,2.8732616556226276e-05,756,345
L23,I. San Pedro,2020-01-22,-43.31333,-73.66167,,Mosaic_20200121_20200203.nc,1,0.0029359166510403156,0.004337442573159933,0.0038693512324243784,0.005659811664372683,0.002403426915407181,0.0031865425407886505,0.0003489138907752931,0.00044103246182203293,0.00020846430561505258,0.00026339368196204305,5.830428926856257e-05,7.383766933344305e-05,5.6017961469478905e-05,7.112507591955364e-05,2.2549987988895737e-05,2.8732616556226276e-05,756,345
L23,I. San Pedro,2020-01-23,-43.31333,-73.66167,,Mosaic_20200121_20200203.nc,2,0.0029359166510403156,0.004337442573159933,0.0038693512324243784,0.005659811664372683,0.002403426915407181,0.0031865425407886505,0.0003489138907752931,0.00044103246182203293,0.00020846430561505258,0.00026339368196204305,5.830428926856257e-05,7.383766933344305e-05,5.6017961469478905e-05,7.112507591955364e-05,2.2549987988895737e-05,2.8732616556226276e-05,756,345
L23,I. San Pedro,2020-01-24,-43.31333,-73.66167,0.0,Mosaic_20200121_20200203.nc,3,0.0029359166510403156,0.004337442573159933,0.0038693512324243784,0.005659811664372683,0.002403426915407181,0.0031865425407886505,0.0003489138907752931,0.00044103246182203293,0.00020846430561505258,0.00026339368196204305,5.830428926856257e-05,7.383766933344305e-05,5.6017961469478905e-05,7.112507591955364e-05,2.2549987988895737e-05,2.8732616556226276e-05,756,345
L23,I. San Pedro,2020-01-28,-43.31333,-73.66167,,Mosaic_20200121_20200203.nc,7,0.0029359166510403156,0.004337442573159933,0.0038693512324243784,0.005659811664372683,0.002403426915407181,0.0031865425407886505,0.0003489138907752931,0.00044103246182203293,0.00020846430561505258,0.00026339368196204305,5.830428926856257e-05,7.383766933344305e-05,5.6017961469478905e-05,7.112507591955364e-05,2.2549987988895737e-05,2.8732616556226276e-05,756,345
L23,I. San Pedro,2020-01-29,-43.31333,-73.66167,,Mosaic_20200121_20200203.nc,8,0.0029359166510403156,0.004337442573159933,0.0038693512324243784,0.005659811664372683,0.002403426915407181,0.0031865425407886505,0.0003489138907752931,0.00044103246182203293,0.00020846430561505258,0.00026339368196204305,5.830428926856257e-05,7.383766933344305e-05,5.6017961469478905e-05,7.112507591955364e-05,2.2549987988895737e-05,2.8732616556226276e-05,756,345
L23,I. San Pedro,2020-01-30,-43.31333,-73.66167,0.0,Mosaic_20200121_20200203.nc,9,0.0029359166510403156,0.004337442573159933,0.0038693512324243784,0.005659811664372683,0.002403426915407181,0.0031865425407886505,0.0003489138907752931,0.00044103246182203293,0.00020846430561505258,0.00026339368196204305,5.830428926856257e-05,7.383766933344305e-05,5.6017961469478905e-05,7.112507591955364e-05,2.2549987988895737e-05,2.8732616556226276e-05,756,345
L23,I. San Pedro,2020-02-04,-43.31333,-73.66167,,Mosaic_20200210_20200223.nc,6,0.0057818274945020676,0.006494053173810244,0.006781251169741154,0.007695143576711416,0.0033385143615305424,0.004404745530337095,0.0003929281956516206,0.0005322808283381164,0.00023520071408711374,0.0003145499504171312,6.564338400494307e-05,8.683995838509873e-05,6.24932799837552e-05,8.284630166599527e-05,2.5031342374859378e-05,3.318340168334544e-05,736,330
L23,I. San Pedro,2020-02-05,-43.31333,-73.66167,,Mosaic_20200210_20200223.nc,5,0.0057818274945020676,0.006494053173810244,0.006781251169741154,0.007695143576711416,0.0033385143615305424,0.004404745530337095,0.0003929281956516206,0.0005322808283381164,0.00023520071408711374,0.0003145499504171312,6.564338400494307e-05,8.683995838509873e-05,6.24932799837552e-05,8.284630166599527e-05,2.5031342374859378e-05,3.318340168334544e-05,736,330
L23,I. San Pedro,2020-02-06,-43.31333,-73.66167,,Mosaic_20200210_20200223.nc,4,0.0057818274945020676,0.006494053173810244,0.006781251169741154,0.007695143576711416,0.0033385143615305424,0.004404745530337095,0.0003929281956516206,0.0005322808283381164,0.00023520071408711374,0.0003145499504171312,6.564338400494307e-05,8.683995838509873e-05,6.24932799837552e-05,8.284630166599527e-05,2.5031342374859378e-05,3.318340168334544e-05,736,330
L23,I. San Pedro,2020-02-08,-43.31333,-73.66167,3.0,Mosaic_20200210_20200223.nc,2,0.0057818274945020676,0.006494053173810244,0.006781251169741154,0.007695143576711416,0.0033385143615305424,0.004404745530337095,0.0003929281956516206,0.0005322808283381164,0.00023520071408711374,0.0003145499504171312,6.564338400494307e-05,8.683995838509873e-05,6.24932799837552e-05,8.284630166599527e-05,2.5031342374859378e-05,3.318340168334544e-05,736,330
L23,I. San Pedro,2020-02-11,-43.31333,-73.66167,,Mosaic_20200210_20200223.nc,1,0.0057818274945020676,0.006494053173810244,0.006781251169741154,0.007695143576711416,0.0033385143615305424,0.004404745530337095,0.0003929281956516206,0.0005322808283381164,0.00023520071408711374,0.0003145499504171312,6.564338400494307e-05,8.683995838509873e-05,6.24932799837552e-05,8.284630166599527e-05,2.5031342374859378e-05,3.318340168334544e-05,736,330
L23,I. San Pedro,2020-02-12,-43.31333,-73.66167,0.0,Mosaic_20200210_20200223.nc,2,0.0057818274945020676,0.006494053173810244,0.006781251169741154,0.007695143576711416,0.0033385143615305424,0.004404745530337095,0.0003929281956516206,0.0005322808283381164,0.00023520071408711374,0.0003145499504171312,6.564338400494307e-05,8.683995838509873e-05,6.24932799837552e-05,8.284630166599527e-05,2.5031342374859378e-05,3.318340168334544e-05,736,330
L23,I. San Pedro,2020-02-13,-43.31333,-73.66167,,Mosaic_20200210_20200223.nc,3,0.0057818274945020676,0.006494053173810244,0.006781251169741154,0.007695143576711416,0.0033385143615305424,0.004404745530337095,0.0003929281956516206,0.0005322808283381164,0.00023520071408711374,0.0003145499504171312,6.564338400494307e-05,8.683995838509873e-05,6.24932799837552e-05,8.284630166599527e-05,2.5031342374859378e-05,3.318340168334544e-05,736,330
L23,I. San Pedro,2020-02-17,-43.31333,-73.66167,,Mosaic_20200210_20200223.nc,7,0.0057818274945020676,0.006494053173810244,0.006781251169741154,0.007695143576711416,0.0033385143615305424,0.004404745530337095,0.0003929281956516206,0.0005322808283381164,0.00023520071408711374,0.0003145499504171312,6.564338400494307e-05,8.683995838509873e-05,6.24932799837552e-05,8.284630166599527e-05,2.5031342374859378e-05,3.318340168334544e-05,736,330
L23,I. San Pedro,2020-02-18,-43.31333,-73.66167,,Mosaic_20200210_20200223.nc,8,0.0057818274945020676,0.006494053173810244,0.006781251169741154,0.007695143576711416,0.0033385143615305424,0.004404745530337095,0.0003929281956516206,0.0005322808283381164,0.00023520071408711374,0.0003145499504171312,6.564338400494307e-05,8.683995838509873e-05,6.24932799837552e-05,8.284630166599527e-05,2.5031342374859378e-05,3.318340168334544e-05,736,330
L23,I. San Pedro,2020-02-19,-43.31333,-73.66167,0.0,Mosaic_20200210_20200223.nc,9,0.0057818274945020676,0.006494053173810244,0.006781251169741154,0.007695143576711416,0.0033385143615305424,0.004404745530337095,0.0003929281956516206,0.0005322808283381164,0.00023520071408711374,0.0003145499504171312,6.564338400494307e-05,8.683995838509873e-05,6.24932799837552e-05,8.284630166599527e-05,2.5031342374859378e-05,3.318340168334544e-05,736,330
L23,I. San Pedro,2020-02-25,-43.31333,-73.66167,,Mosaic_20200301_20200314.nc,5,0.0023457747884094715,0.003524705534800887,0.003221785416826606,0.00437449524179101,0.002418748801574111,0.0031243623234331608,0.00038839466287754476,0.0006496506975963712,0.00022940254712011665,0.0004400135367177427,6.285865674726665e-05,0.00012978154700249434,5.9845493524335325e-05,0.00012624391820281744,2.384445906500332e-05,5.115418753121048e-05,756,345
L23,I. San Pedro,2020-02-26,-43.31333,-73.66167,,Mosaic_20200301_20200314.nc,4,0.0023457747884094715,0.003524705534800887,0.003221785416826606,0.00437449524179101,0.002418748801574111,0.0031243623234331608,0.00038839466287754476,0.0006496506975963712,0.00022940254712011665,0.0004400135367177427,6.285865674726665e-05,0.00012978154700249434,5.9845493524335325e-05,0.00012624391820281744,2.384445906500332e-05,5.115418753121048e-05,756,345
L23,I. San Pedro,2020-02-28,-43.31333,-73.66167,0.0,Mosaic_20200301_20200314.nc,2,0.0023457747884094715,0.003524705534800887,0.003221785416826606,0.00437449524179101,0.002418748801574111,0.0031243623234331608,0.00038839466287754476,0.0006496506975963712,0.00022940254712011665,0.0004400135367177427,6.285865674726665e-05,0.00012978154700249434,5.9845493524335325e-05,0.00012624391820281744,2.384445906500332e-05,5.115418753121048e-05,756,345
L23,I. San Pedro,2020-03-03,-43.31333,-73.66167,0.0,Mosaic_20200301_20200314.nc,2,0.0023457747884094715,0.003524705534800887,0.003221785416826606,0.00437449524179101,0.002418748801574111,0.0031243623234331608,0.00038839466287754476,0.0006496506975963712,0.00022940254712011665,0.0004400135367177427,6.285865674726665e-05,0.00012978154700249434,5.9845493524335325e-05,0.00012624391820281744,2.384445906500332e-05,5.115418753121048e-05,756,345
L23,I. San Pedro,2020-03-04,-43.31333,-73.66167,,Mosaic_20200301_20200314.nc,3,0.0023457747884094715,0.003524705534800887,0.003221785416826606,0.00437449524179101,0.002418748801574111,0.0031243623234331608,0.00038839466287754476,0.0006496506975963712,0.00022940254712011665,0.0004400135367177427,6.285865674726665e-05,0.00012978154700249434,5.9845493524335325e-05,0.00012624391820281744,2.384445906500332e-05,5.115418753121048e-05,756,345
L23,I. San Pedro,2020-03-05,-43.31333,-73.66167,,Mosaic_20200301_20200314.nc,4,0.0023457747884094715,0.003524705534800887,0.003221785416826606,0.00437449524179101,0.002418748801574111,0.0031243623234331608,0.00038839466287754476,0.0006496506975963712,0.00022940254712011665,0.0004400135367177427,6.285865674726665e-05,0.00012978154700249434,5.9845493524335325e-05,0.00012624391820281744,2.384445906500332e-05,5.115418753121048e-05,756,345
L23,I. San Pedro,2020-03-10,-43.31333,-73.66167,,Mosaic_20200301_20200314.nc,9,0.0023457747884094715,0.003524705534800887,0.003221785416826606,0.00437449524179101,0.002418748801574111,0.0031243623234331608,0.00038839466287754476,0.0006496506975963712,0.00022940254712011665,0.0004400135367177427,6.285865674726665e-05,0.00012978154700249434,5.9845493524335325e-05,0.00012624391820281744,2.384445906500332e-05,5.115418753121048e-05,756,345
L23,I. San Pedro,2020-03-11,-43.31333,-73.66167,,Mosaic_20200301_20200314.nc,10,0.0023457747884094715,0.003524705534800887,0.003221785416826606,0.00437449524179101,0.002418748801574111,0.0031243623234331608,0.00038839466287754476,0.0006496506975963712,0.00022940254712011665,0.0004400135367177427,6.285865674726665e-05,0.00012978154700249434,5.9845493524335325e-05,0.00012624391820281744,2.384445906500332e-05,5.115418753121048e-05,756,345
L23,I. San Pedro,2020-03-12,-43.31333,-73.66167,0.0,Mosaic_20200301_20200314.nc,11,0.0023457747884094715,0.003524705534800887,0.003221785416826606,0.00437449524179101,0.002418748801574111,0.0031243623234331608,0.00038839466287754476,0.0006496506975963712,0.00022940254712011665,0.0004400135367177427,6.285865674726665e-05,0.00012978154700249434,5.9845493524335325e-05,0.00012624391820281744,2.384445906500332e-05,5.115418753121048e-05,756,345
L23,I. San Pedro,2020-03-18,-43.31333,-73.66167,,Mosaic_20200324_20200406.nc,6,0.0011124687734991312,0.0032368048559874296,0.001762505853548646,0.0046041542664170265,0.0024677258916199207,0.007453026250004768,0.0005470691248774529,0.003017700742930174,0.00033586466452106833,0.0022736734244972467,9.066604980034754e-05,0.000692516565322876,8.724255894776434e-05,0.0006911609089002013,3.483805630821735e-05,0.0002780744107440114,755,353
L23,I. San Pedro,2020-03-19,-43.31333,-73.66167,,Mosaic_20200324_20200406.nc,5,0.0011124687734991312,0.0032368048559874296,0.001762505853548646,0.0046041542664170265,0.0024677258916199207,0.007453026250004768,0.0005470691248774529,0.003017700742930174,0.00033586466452106833,0.0022736734244972467,9.066604980034754e-05,0.000692516565322876,8.724255894776434e-05,0.0006911609089002013,3.483805630821735e-05,0.0002780744107440114,755,353
L23,I. San Pedro,2020-03-21,-43.31333,-73.66167,1.0,Mosaic_20200324_20200406.nc,3,0.0011124687734991312,0.0032368048559874296,0.001762505853548646,0.0046041542664170265,0.0024677258916199207,0.007453026250004768,0.0005470691248774529,0.003017700742930174,0.00033586466452106833,0.0022736734244972467,9.066604980034754e-05,0.000692516565322876,8.724255894776434e-05,0.0006911609089002013,3.483805630821735e-05,0.0002780744107440114,755,353
L23,I. San Pedro,2020-05-13,-43.31333,-73.66167,,Mosaic_20200510_20200523.nc,3,0.0023083416745066643,0.009025692008435726,0.003079893533140421,0.0054012746550142765,0.002002737484872341,0.006289278622716665,0.0003297155781183392,0.0013778668362647295,0.0001991772442124784,0.0010705653112381697,5.5614247685298324e-05,0.0003387202159501612,5.370417784433812e-05,0.0003371264028828591,2.1401376216090284e-05,0.00013662771380040795,755,353
L23,I. San Pedro,2020-07-12,-43.31333,-73.66167,2.0,Mosaic_20200712_20200725.nc,0,,,,,,,,,,,,,,,,,756,0
L23,I. San Pedro,2020-07-13,-43.31333,-73.66167,,Mosaic_20200712_20200725.nc,1,,,,,,,,,,,,,,,,,756,0
L23,I. San Pedro,2020-07-15,-43.31333,-73.66167,,Mosaic_20200712_20200725.nc,3,,,,,,,,,,,,,,,,,756,0
L23,I. San Pedro,2020-07-16,-43.31333,-73.66167,0.0,Mosaic_20200712_20200725.nc,4,,,,,,,,,,,,,,,,,756,0
L23,I. San Pedro,2020-07-28,-43.31333,-73.66167,,Mosaic_20200729_20200811.nc,1,0.0034245941787958145,0.0050192587077617645,0.0038160341791808605,0.005846765358000994,0.0018544429913163185,0.003260140074416995,0.00027106626657769084,0.0006713781040161848,0.00015935872215777636,0.0006157548050396144,4.403376078698784e-05,0.0002400479861535132,4.184101999271661e-05,0.00025378321879543364,1.6606987628620118e-05,0.00011086584709119052,736,338
L23,I. San Pedro,2020-07-29,-43.31333,-73.66167,,Mosaic_20200729_20200811.nc,0,0.0034245941787958145,0.0050192587077617645,0.0038160341791808605,0.005846765358000994,0.0018544429913163185,0.003260140074416995,0.00027106626657769084,0.0006713781040161848,0.00015935872215777636,0.0006157548050396144,4.403376078698784e-05,0.0002400479861535132,4.184101999271661e-05,0.00025378321879543364,1.6606987628620118e-05,0.00011086584709119052,736,338
L23,I. San Pedro,2020-07-31,-43.31333,-73.66167,2.0,Mosaic_20200729_20200811.nc,2,0.0034245941787958145,0.0050192587077617645,0.0038160341791808605,0.005846765358000994,0.0018544429913163185,0.003260140074416995,0.00027106626657769084,0.0006713781040161848,0.00015935872215777636,0.0006157548050396144,4.403376078698784e-05,0.0002400479861535132,4.184101999271661e-05,0.00025378321879543364,1.6606987628620118e-05,0.00011086584709119052,736,338
L23,I. San Pedro,2020-08-18,-43.31333,-73.66167,,Mosaic_20200818_20200831.nc,0,0.0025093050207942724,0.0035430793650448322,0.003393755294382572,0.004882180131971836,0.002377089811488986,0.003600418334826827,0.00038146646693348885,0.0005935250665061176,0.00022768351482227445,0.0003579826734494418,6.320110696833581e-05,9.995177970267832e-05,6.073089025449008e-05,9.607599349692464e-05,2.431814937153831e-05,3.868806379614398e-05,756,345
L23,I. San Pedro,2020-08-19,-43.31333,-73.66167,0.0,Mosaic_20200818_20200831.nc,1,0.0025093050207942724,0.0035430793650448322,0.003393755294382572,0.004882180131971836,0.002377089811488986,0.003600418334826827,0.00038146646693348885,0.0005935250665061176,0.00022768351482227445,0.0003579826734494418,6.320110696833581e-05,9.995177970267832e-05,6.073089025449008e-05,9.607599349692464e-05,2.431814937153831e-05,3.868806379614398e-05,756,345
L23,I. San Pedro,2020-08-20,-43.31333,-73.66167,,Mosaic_20200818_20200831.nc,2,0.0025093050207942724,0.0035430793650448322,0.003393755294382572,0.004882180131971836,0.002377089811488986,0.003600418334826827,0.00038146646693348885,0.0005935250665061176,0.00022768351482227445,0.0003579826734494418,6.320110696833581e-05,9.995177970267832e-05,6.073089025449008e-05,9.607599349692464e-05,2.431814937153831e-05,3.868806379614398e-05,756,345
L23,I. San Pedro,2020-08-21,-43.31333,-73.66167,,Mosaic_20200818_20200831.nc,3,0.0025093050207942724,0.0035430793650448322,0.003393755294382572,0.004882180131971836,0.002377089811488986,0.003600418334826827,0.00038146646693348885,0.0005935250665061176,0.00022768351482227445,0.0003579826734494418,6.320110696833581e-05,9.995177970267832e-05,6.073089025449008e-05,9.607599349692464e-05,2.431814937153831e-05,3.868806379614398e-05,756,345
L23,I. San Pedro,2020-08-23,-43.31333,-73.66167,0.0,Mosaic_20200818_20200831.nc,5,0.0025093050207942724,0.0035430793650448322,0.003393755294382572,0.004882180131971836,0.002377089811488986,0.003600418334826827,0.00038146646693348885,0.0005935250665061176,0.00022768351482227445,0.0003579826734494418,6.320110696833581e-05,9.995177970267832e-05,6.073089025449008e-05,9.607599349692464e-05,2.431814937153831e-05,3.868806379614398e-05,756,345
L23,I. San Pedro,2020-08-24,-43.31333,-73.66167,,Mosaic_20200818_20200831.nc,6,0.0025093050207942724,0.0035430793650448322,0.003393755294382572,0.004882180131971836,0.002377089811488986,0.003600418334826827,0.00038146646693348885,0.0005935250665061176,0.00022768351482227445,0.0003579826734494418,6.320110696833581e-05,9.995177970267832e-05,6.073089025449008e-05,9.607599349692464e-05,2.431814937153831e-05,3.868806379614398e-05,756,345
L23,I. San Pedro,2020-09-05,-43.31333,-73.66167,1.0,Mosaic_20200917_20200930.nc,12,0.0010267476318404078,0.0015447884798049927,0.0016303637530654669,0.0025504783261567354,0.001793311326764524,0.0026030614972114563,0.0003169873671140522,0.0004433153080753982,0.00018583511700853705,0.00026387019897811115,4.923474625684321e-05,7.030757842585444e-05,4.702169098891318e-05,6.729054439347237e-05,1.85747067007469e-05,2.6685673219617456e-05,756,345
L23,I. San Pedro,2020-09-21,-43.31333,-73.66167,,Mosaic_20200917_20200930.nc,4,0.0010267476318404078,0.0015447884798049927,0.0016303637530654669,0.0025504783261567354,0.001793311326764524,0.0026030614972114563,0.0003169873671140522,0.0004433153080753982,0.00018583511700853705,0.00026387019897811115,4.923474625684321e-05,7.030757842585444e-05,4.702169098891318e-05,6.729054439347237e-05,1.85747067007469e-05,2.6685673219617456e-05,756,345
L23,I. San Pedro,2020-09-22,-43.31333,-73.66167,0.0,Mosaic_20200917_20200930.nc,5,0.0010267476318404078,0.0015447884798049927,0.0016303637530654669,0.0025504783261567354,0.001793311326764524,0.0026030614972114563,0.0003169873671140522,0.0004433153080753982,0.00018583511700853705,0.00026387019897811115,4.923474625684321e-05,7.030757842585444e-05,4.702169098891318e-05,6.729054439347237e-05,1.85747067007469e-05,2.6685673219617456e-05,756,345
L23,I. San Pedro,2020-09-23,-43.31333,-73.66167,,Mosaic_20200917_20200930.nc,6,0.0010267476318404078,0.0015447884798049927,0.0016303637530654669,0.0025504783261567354,0.001793311326764524,0.0026030614972114563,0.0003169873671140522,0.0004433153080753982,0.00018583511700853705,0.00026387019897811115,4.923474625684321e-05,7.030757842585444e-05,4.702169098891318e-05,6.729054439347237e-05,1.85747067007469e-05,2.6685673219617456e-05,756,345
L23,I. San Pedro,2020-09-24,-43.31333,-73.66167,,Mosaic_20200917_20200930.nc,7,0.0010267476318404078,0.0015447884798049927,0.0016303637530654669,0.0025504783261567354,0.001793311326764524,0.0026030614972114563,0.0003169873671140522,0.0004433153080753982,0.00018583511700853705,0.00026387019897811115,4.923474625684321e-05,7.030757842585444e-05,4.702169098891318e-05,6.729054439347237e-05,1.85747067007469e-05,2.6685673219617456e-05,756,345
L23,I. San Pedro,2020-09-25,-43.31333,-73.66167,2.0,Mosaic_20200917_20200930.nc,8,0.0010267476318404078,0.0015447884798049927,0.0016303637530654669,0.0025504783261567354,0.001793311326764524,0.0026030614972114563,0.0003169873671140522,0.0004433153080753982,0.00018583511700853705,0.00026387019897811115,4.923474625684321e-05,7.030757842585444e-05,4.702169098891318e-05,6.729054439347237e-05,1.85747067007469e-05,2.6685673219617456e-05,756,345
L23,I. San Pedro,2020-09-26,-43.31333,-73.66167,,Mosaic_20200917_20200930.nc,9,0.0010267476318404078,0.0015447884798049927,0.0016303637530654669,0.0025504783261567354,0.001793311326764524,0.0026030614972114563,0.0003169873671140522,0.0004433153080753982,0.00018583511700853705,0.00026387019897811115,4.923474625684321e-05,7.030757842585444e-05,4.702169098891318e-05,6.729054439347237e-05,1.85747067007469e-05,2.6685673219617456e-05,756,345
L23,I. San Pedro,2020-10-06,-43.31333,-73.66167,,Mosaic_20201010_20201023.nc,4,,,,,,,,,,,,,,,,,756,0
L23,I. San Pedro,2020-10-08,-43.31333,-73.66167,,Mosaic_20201010_20201023.nc,2,,,,,,,,,,,,,,,,,756,0
L23,I. San Pedro,2020-10-09,-43.31333,-73.66167,,Mosaic_20201010_20201023.nc,1,,,,,,,,,,,,,,,,,756,0
L23,I. San Pedro,2020-10-11,-43.31333,-73.66167,3.0,Mosaic_20201010_20201023.nc,1,,,,,,,,,,,,,,,,,756,0
L23,I. San Pedro,2020-10-20,-43.31333,-73.66167,,Mosaic_20201010_20201023.nc,10,,,,,,,,,,,,,,,,,756,0
L23,I. San Pedro,2020-10-21,-43.31333,-73.66167,,Mosaic_20201030_20201112.nc,9,0.0005955345695838332,0.0017547772731631994,0.000848522933665663,0.0027632128912955523,0.0009830021299421787,0.0024868068285286427,0.00023281361791305244,0.0004017493047285825,0.0001383627241011709,0.0002369768189964816,3.658042987808585e-05,6.329984898911789e-05,3.4522006899351254e-05,6.051670425222255e-05,1.342858922726009e-05,2.4041282813414e-05,756,345
L23,I. San Pedro,2020-10-22,-43.31333,-73.66167,,Mosaic_20201030_20201112.nc,8,0.0005955345695838332,0.0017547772731631994,0.000848522933665663,0.0027632128912955523,0.0009830021299421787,0.0024868068285286427,0.00023281361791305244,0.0004017493047285825,0.0001383627241011709,0.0002369768189964816,3.658042987808585e-05,6.329984898911789e-05,3.4522006899351254e-05,6.051670425222255e-05,1.342858922726009e-05,2.4041282813414e-05,756,345
L23,I. San Pedro,2020-10-23,-43.31333,-73.66167,3.0,Mosaic_20201030_20201112.nc,7,0.0005955345695838332,0.0017547772731631994,0.000848522933665663,0.0027632128912955523,0.0009830021299421787,0.0024868068285286427,0.00023281361791305244,0.0004017493047285825,0.0001383627241011709,0.0002369768189964816,3.658042987808585e-05,6.329984898911789e-05,3.4522006899351254e-05,6.051670425222255e-05,1.342858922726009e-05,2.4041282813414e-05,756,345
L23,I. San Pedro,2020-11-05,-43.31333,-73.66167,,Mosaic_20201030_20201112.nc,6,0.0005955345695838332,0.0017547772731631994,0.000848522933665663,0.0027632128912955523,0.0009830021299421787,0.0024868068285286427,0.00023281361791305244,0.0004017493047285825,0.0001383627241011709,0.0002369768189964816,3.658042987808585e-05,6.329984898911789e-05,3.4522006899351254e-05,6.051670425222255e-05,1.342858922726009e-05,2.4041282813414e-05,756,345
L23,I. San Pedro,2020-11-07,-43.31333,-73.66167,,Mosaic_20201030_20201112.nc,8,0.0005955345695838332,0.0017547772731631994,0.000848522933665663,0.0027632128912955523,0.0009830021299421787,0.0024868068285286427,0.00023281361791305244,0.0004017493047285825,0.0001383627241011709,0.0002369768189964816,3.658042987808585e-05,6.329984898911789e-05,3.4522006899351254e-05,6.051670425222255e-05,1.342858922726009e-05,2.4041282813414e-05,756,345
L23,I. San Pedro,2020-11-08,-43.31333,-73.66167,,Mosaic_20201116_20201129.nc,8,0.005783594213426113,0.006331191398203373,0.007166390307247639,0.00778623903170228,0.004284314811229706,0.004968496970832348,0.0006357660749927163,0.0007941286312416196,0.0003820454585365951,0.000484676769701764,0.0001067652483470738,0.00013651946210302413,0.00010167575237574056,0.00013045792002230883,4.073885065736249e-05,5.234983836999163e-05,739,356
L23,I. San Pedro,2020-11-10,-43.31333,-73.66167,1.0,Mosaic_20201116_20201129.nc,6,0.005783594213426113,0.006331191398203373,0.007166390307247639,0.00778623903170228,0.004284314811229706,0.004968496970832348,0.0006357660749927163,0.0007941286312416196,0.0003820454585365951,0.000484676769701764,0.0001067652483470738,0.00013651946210302413,0.00010167575237574056,0.00013045792002230883,4.073885065736249e-05,5.234983836999163e-05,739,356
L23,I. San Pedro,2020-12-02,-43.31333,-73.66167,,Mosaic_20201206_20201219.nc,4,0.002443986479192972,0.00606030598282814,0.0031804286409169436,0.00647583045065403,0.0024617882445454597,0.0035444474779069424,0.0004574800841510296,0.0005759550840593874,0.00027205573860555887,0.00034656835487112403,7.482128421543166e-05,9.517031139694154e-05,7.090384315233678e-05,8.990179776446894e-05,2.8198552172398195e-05,3.569531691027805e-05,756,345
L23,I. San Pedro,2020-12-03,-43.31333,-73.66167,,Mosaic_20201206_20201219.nc,3,0.002443986479192972,0.00606030598282814,0.0031804286409169436,0.00647583045065403,0.0024617882445454597,0.0035444474779069424,0.0004574800841510296,0.0005759550840593874,0.00027205573860555887,0.00034656835487112403,7.482128421543166e-05,9.517031139694154e-05,7.090384315233678e-05,8.990179776446894e-05,2.8198552172398195e-05,3.569531691027805e-05,756,345
L23,I. San Pedro,2020-12-04,-43.31333,-73.66167,1.0,Mosaic_20201206_20201219.nc,2,0.002443986479192972,0.00606030598282814,0.0031804286409169436,0.00647583045065403,0.0024617882445454597,0.0035444474779069424,0.0004574800841510296,0.0005759550840593874,0.00027205573860555887,0.00034656835487112403,7.482128421543166e-05,9.517031139694154e-05,7.090384315233678e-05,8.990179776446894e-05,2.8198552172398195e-05,3.569531691027805e-05,756,345
L23,I. San Pedro,2020-12-16,-43.31333,-73.66167,,Mosaic_20201206_20201219.nc,10,0.002443986479192972,0.00606030598282814,0.0031804286409169436,0.00647583045065403,0.0024617882445454597,0.0035444474779069424,0.0004574800841510296,0.0005759550840593874,0.00027205573860555887,0.00034656835487112403,7.482128421543166e-05,9.517031139694154e-05,7.090384315233678e-05,8.990179776446894e-05,2.8198552172398195e-05,3.569531691027805e-05,756,345
L23,I. San Pedro,2020-12-17,-43.31333,-73.66167,,Mosaic_20201206_20201219.nc,11,0.002443986479192972,0.00606030598282814,0.0031804286409169436,0.00647583045065403,0.0024617882445454597,0.0035444474779069424,0.0004574800841510296,0.0005759550840593874,0.00027205573860555887,0.00034656835487112403,7.482128421543166e-05,9.517031139694154e-05,7.090384315233678e-05,8.990179776446894e-05,2.8198552172398195e-05,3.569531691027805e-05,756,345
L23,I. San Pedro,2020-12-18,-43.31333,-73.66167,,Mosaic_20201206_20201219.nc,12,0.002443986479192972,0.00606030598282814,0.0031804286409169436,0.00647583045065403,0.0024617882445454597,0.0035444474779069424,0.0004574800841510296,0.0005759550840593874,0.00027205573860555887,0.00034656835487112403,7.482128421543166e-05,9.517031139694154e-05,7.090384315233678e-05,8.990179776446894e-05,2.8198552172398195e-05,3.569531691027805e-05,756,345
L23,I. San Pedro,2022-01-19,-43.31333,-73.66167,0.0,Mosaic_20220130_20220212.nc,11,,,,,,,,,,,,,,,,,756,0
L23,I. San Pedro,2022-02-01,-43.31333,-73.66167,2.0,Mosaic_20220130_20220212.nc,2,,,,,,,,,,,,,,,,,756,0
