blocking,ac,track,tier,species,fold,n_positive,f1,prauc
clustering,ACOLITE,ACOLITE_only,closure,Alexandrium_catenella,0,58,0.60674,0.66377
clustering,ACOLITE,ACOLITE_only,closure,Alexandrium_catenella,1,637,0.02421,0.4253
clustering,ACOLITE,ACOLITE_only,closure,Alexandrium_catenella,2,56,0.47191,0.51031
clustering,ACOLITE,ACOLITE_only,closure,Alexandrium_catenella,3,57,0.52273,0.51528
clustering,ACOLITE,ACOLITE_only,closure,Alexandrium_catenella,4,85,0.32704,0.35496
clustering,ACOLITE,ACOLITE_only,closure,Alexandrium_catenella,5,153,0.21577,0.25023
clustering,ACOLITE,ACOLITE_only,closure,Alexandrium_catenella,6,65,0.48,0.56447
clustering,ACOLITE,ACOLITE_only,closure,Alexandrium_catenella,7,67,0.51376,0.59627
clustering,ACOLITE,ACOLITE_only,closure,Alexandrium_catenella,8,66,0.73684,0.76551
clustering,ACOLITE,ACOLITE_only,closure,Alexandrium_catenella,9,66,0.45045,0.44414
clustering,ACOLITE,ACOLITE_roms,closure,Alexandrium_catenella,0,58,0.7551,0.83176
clustering,ACOLITE,ACOLITE_roms,closure,Alexandrium_catenella,1,637,0.01866,0.46868
clustering,ACOLITE,ACOLITE_roms,closure,Alexandrium_catenella,2,56,0.50575,0.66925
clustering,ACOLITE,ACOLITE_roms,closure,Alexandrium_catenella,3,57,0.72549,0.8029
clustering,ACOLITE,ACOLITE_roms,closure,Alexandrium_catenella,4,85,0.46032,0.44718
clustering,ACOLITE,ACOLITE_roms,closure,Alexandrium_catenella,5,153,0.21081,0.20608
clustering,ACOLITE,ACOLITE_roms,closure,Alexandrium_catenella,6,65,0.52,0.63638
clustering,ACOLITE,ACOLITE_roms,closure,Alexandrium_catenella,7,67,0.60377,0.62435
clustering,ACOLITE,ACOLITE_roms,closure,Alexandrium_catenella,8,66,0.72072,0.77625
clustering,ACOLITE,ACOLITE_roms,closure,Alexandrium_catenella,9,66,0.4717,0.5513
clustering,ACOLITE,ACOLITE_only,closure,Dinophysis_acuminata,0,29,0.02597,0.03176
clustering,ACOLITE,ACOLITE_only,closure,Dinophysis_acuminata,1,836,0.66476,0.63275
clustering,ACOLITE,ACOLITE_only,closure,Dinophysis_acuminata,2,23,0.45614,0.26689
clustering,ACOLITE,ACOLITE_only,closure,Dinophysis_acuminata,3,32,0.22222,0.12519
clustering,ACOLITE,ACOLITE_only,closure,Dinophysis_acuminata,4,444,0.692,0.63738
clustering,ACOLITE,ACOLITE_only,closure,Dinophysis_acuminata,5,501,0.83279,0.93109
clustering,ACOLITE,ACOLITE_only,closure,Dinophysis_acuminata,6,57,0.22059,0.20658
clustering,ACOLITE,ACOLITE_only,closure,Dinophysis_acuminata,7,57,0.16667,0.23872
clustering,ACOLITE,ACOLITE_only,closure,Dinophysis_acuminata,8,58,0.34146,0.44593
clustering,ACOLITE,ACOLITE_only,closure,Dinophysis_acuminata,9,58,0.33684,0.34024
clustering,ACOLITE,ACOLITE_roms,closure,Dinophysis_acuminata,0,29,0.21053,0.10445
clustering,ACOLITE,ACOLITE_roms,closure,Dinophysis_acuminata,1,836,0.39623,0.68639
clustering,ACOLITE,ACOLITE_roms,closure,Dinophysis_acuminata,2,23,0.45,0.34773
clustering,ACOLITE,ACOLITE_roms,closure,Dinophysis_acuminata,3,32,0.2449,0.21189
clustering,ACOLITE,ACOLITE_roms,closure,Dinophysis_acuminata,4,444,0.63248,0.69666
clustering,ACOLITE,ACOLITE_roms,closure,Dinophysis_acuminata,5,501,0.60719,0.90511
clustering,ACOLITE,ACOLITE_roms,closure,Dinophysis_acuminata,6,57,0.27068,0.31237
clustering,ACOLITE,ACOLITE_roms,closure,Dinophysis_acuminata,7,57,0.25581,0.3016
clustering,ACOLITE,ACOLITE_roms,closure,Dinophysis_acuminata,8,58,0.45783,0.6071
clustering,ACOLITE,ACOLITE_roms,closure,Dinophysis_acuminata,9,58,0.49485,0.5115
clustering,ACOLITE,ACOLITE_only,closure,Dinophysis_norvegica,0,6,0.0,0.00653
clustering,ACOLITE,ACOLITE_only,closure,Dinophysis_norvegica,1,205,0.0,0.15485
clustering,ACOLITE,ACOLITE_only,closure,Dinophysis_norvegica,2,5,0.0,0.03654
clustering,ACOLITE,ACOLITE_only,closure,Dinophysis_norvegica,3,5,0.0,0.01663
clustering,ACOLITE,ACOLITE_only,closure,Dinophysis_norvegica,4,6,0.0,0.008
clustering,ACOLITE,ACOLITE_only,closure,Dinophysis_norvegica,5,7,0.0,0.00744
clustering,ACOLITE,ACOLITE_only,closure,Dinophysis_norvegica,6,4,0.0,0.02386
clustering,ACOLITE,ACOLITE_only,closure,Dinophysis_norvegica,7,6,0.0,0.21092
clustering,ACOLITE,ACOLITE_only,closure,Dinophysis_norvegica,8,7,0.0,0.03884
clustering,ACOLITE,ACOLITE_only,closure,Dinophysis_norvegica,9,4,0.0,0.03761
clustering,ACOLITE,ACOLITE_roms,closure,Dinophysis_norvegica,0,6,0.0,0.00641
clustering,ACOLITE,ACOLITE_roms,closure,Dinophysis_norvegica,1,205,0.0,0.16047
clustering,ACOLITE,ACOLITE_roms,closure,Dinophysis_norvegica,2,5,0.0,0.10676
clustering,ACOLITE,ACOLITE_roms,closure,Dinophysis_norvegica,3,5,0.0,0.03052
clustering,ACOLITE,ACOLITE_roms,closure,Dinophysis_norvegica,4,6,0.0,0.00593
clustering,ACOLITE,ACOLITE_roms,closure,Dinophysis_norvegica,5,7,0.0,0.0059
clustering,ACOLITE,ACOLITE_roms,closure,Dinophysis_norvegica,6,4,0.0,0.05212
clustering,ACOLITE,ACOLITE_roms,closure,Dinophysis_norvegica,7,6,0.0,0.05177
clustering,ACOLITE,ACOLITE_roms,closure,Dinophysis_norvegica,8,7,0.0,0.04335
clustering,ACOLITE,ACOLITE_roms,closure,Dinophysis_norvegica,9,4,0.0,0.03298
clustering,ACOLITE,ACOLITE_only,closure,Karenia,0,27,0.25806,0.30543
clustering,ACOLITE,ACOLITE_only,closure,Karenia,1,21,0.2963,0.26474
clustering,ACOLITE,ACOLITE_only,closure,Karenia,2,26,0.65,0.80428
clustering,ACOLITE,ACOLITE_only,closure,Karenia,3,827,0.21689,0.68285
clustering,ACOLITE,ACOLITE_only,closure,Karenia,4,52,0.74286,0.73823
clustering,ACOLITE,ACOLITE_only,closure,Karenia,5,51,0.63529,0.82638
clustering,ACOLITE,ACOLITE_only,closure,Karenia,6,47,0.78261,0.77693
clustering,ACOLITE,ACOLITE_only,closure,Karenia,7,53,0.58427,0.73059
clustering,ACOLITE,ACOLITE_only,closure,Karenia,8,48,0.47887,0.77252
clustering,ACOLITE,ACOLITE_only,closure,Karenia,9,60,0.45238,0.75836
clustering,ACOLITE,ACOLITE_roms,closure,Karenia,0,27,0.57895,0.4766
clustering,ACOLITE,ACOLITE_roms,closure,Karenia,1,21,0.09091,0.35915
clustering,ACOLITE,ACOLITE_roms,closure,Karenia,2,26,0.77273,0.72318
clustering,ACOLITE,ACOLITE_roms,closure,Karenia,3,827,0.19979,0.69951
clustering,ACOLITE,ACOLITE_roms,closure,Karenia,4,52,0.75472,0.73847
clustering,ACOLITE,ACOLITE_roms,closure,Karenia,5,51,0.71739,0.85894
clustering,ACOLITE,ACOLITE_roms,closure,Karenia,6,47,0.84211,0.84042
clustering,ACOLITE,ACOLITE_roms,closure,Karenia,7,53,0.65979,0.76413
clustering,ACOLITE,ACOLITE_roms,closure,Karenia,8,48,0.6747,0.82075
clustering,ACOLITE,ACOLITE_roms,closure,Karenia,9,60,0.73786,0.80116
clustering,ACOLITE,ACOLITE_only,closure,Pseudo-nitzschia,0,20,0.64706,0.65868
clustering,ACOLITE,ACOLITE_only,closure,Pseudo-nitzschia,1,133,0.0,0.08916
clustering,ACOLITE,ACOLITE_only,closure,Pseudo-nitzschia,2,22,0.35714,0.6325
clustering,ACOLITE,ACOLITE_only,closure,Pseudo-nitzschia,3,22,0.0,0.25203
clustering,ACOLITE,ACOLITE_only,closure,Pseudo-nitzschia,4,26,0.30303,0.268
clustering,ACOLITE,ACOLITE_only,closure,Pseudo-nitzschia,5,58,0.21538,0.25879
clustering,ACOLITE,ACOLITE_only,closure,Pseudo-nitzschia,6,27,0.19355,0.38668
clustering,ACOLITE,ACOLITE_only,closure,Pseudo-nitzschia,7,28,0.30769,0.41043
clustering,ACOLITE,ACOLITE_only,closure,Pseudo-nitzschia,8,21,0.5,0.53426
clustering,ACOLITE,ACOLITE_only,closure,Pseudo-nitzschia,9,24,0.47368,0.52045
clustering,ACOLITE,ACOLITE_roms,closure,Pseudo-nitzschia,0,20,0.61111,0.76179
clustering,ACOLITE,ACOLITE_roms,closure,Pseudo-nitzschia,1,133,0.0,0.09981
clustering,ACOLITE,ACOLITE_roms,closure,Pseudo-nitzschia,2,22,0.54545,0.73939
clustering,ACOLITE,ACOLITE_roms,closure,Pseudo-nitzschia,3,22,0.0,0.37592
clustering,ACOLITE,ACOLITE_roms,closure,Pseudo-nitzschia,4,26,0.41176,0.35509
clustering,ACOLITE,ACOLITE_roms,closure,Pseudo-nitzschia,5,58,0.24242,0.28412
clustering,ACOLITE,ACOLITE_roms,closure,Pseudo-nitzschia,6,27,0.36364,0.58695
clustering,ACOLITE,ACOLITE_roms,closure,Pseudo-nitzschia,7,28,0.33333,0.55792
clustering,ACOLITE,ACOLITE_roms,closure,Pseudo-nitzschia,8,21,0.61111,0.59975
clustering,ACOLITE,ACOLITE_roms,closure,Pseudo-nitzschia,9,24,0.55556,0.81381
clustering,Baseline,Baseline_only,closure,Alexandrium_catenella,0,58,0.57143,0.63877
clustering,Baseline,Baseline_only,closure,Alexandrium_catenella,1,637,0.03003,0.42438
clustering,Baseline,Baseline_only,closure,Alexandrium_catenella,2,56,0.36842,0.42928
clustering,Baseline,Baseline_only,closure,Alexandrium_catenella,3,57,0.56818,0.75136
clustering,Baseline,Baseline_only,closure,Alexandrium_catenella,4,85,0.35461,0.40455
clustering,Baseline,Baseline_only,closure,Alexandrium_catenella,5,153,0.22222,0.25838
clustering,Baseline,Baseline_only,closure,Alexandrium_catenella,6,65,0.45545,0.56344
clustering,Baseline,Baseline_only,closure,Alexandrium_catenella,7,67,0.4717,0.49696
clustering,Baseline,Baseline_only,closure,Alexandrium_catenella,8,66,0.60377,0.66436
clustering,Baseline,Baseline_only,closure,Alexandrium_catenella,9,66,0.31068,0.35746
clustering,Baseline,Baseline_roms,closure,Alexandrium_catenella,0,58,0.70833,0.8392
clustering,Baseline,Baseline_roms,closure,Alexandrium_catenella,1,637,0.01855,0.46111
clustering,Baseline,Baseline_roms,closure,Alexandrium_catenella,2,56,0.41096,0.64617
clustering,Baseline,Baseline_roms,closure,Alexandrium_catenella,3,57,0.6875,0.85888
clustering,Baseline,Baseline_roms,closure,Alexandrium_catenella,4,85,0.50382,0.465
clustering,Baseline,Baseline_roms,closure,Alexandrium_catenella,5,153,0.2071,0.22532
clustering,Baseline,Baseline_roms,closure,Alexandrium_catenella,6,65,0.54902,0.62702
clustering,Baseline,Baseline_roms,closure,Alexandrium_catenella,7,67,0.52,0.60477
clustering,Baseline,Baseline_roms,closure,Alexandrium_catenella,8,66,0.72072,0.7778
clustering,Baseline,Baseline_roms,closure,Alexandrium_catenella,9,66,0.3913,0.53367
clustering,Baseline,Baseline_only,closure,Dinophysis_acuminata,0,29,0.06557,0.03909
clustering,Baseline,Baseline_only,closure,Dinophysis_acuminata,1,836,0.56029,0.69189
clustering,Baseline,Baseline_only,closure,Dinophysis_acuminata,2,23,0.4186,0.34523
clustering,Baseline,Baseline_only,closure,Dinophysis_acuminata,3,32,0.17778,0.19373
clustering,Baseline,Baseline_only,closure,Dinophysis_acuminata,4,444,0.73302,0.66167
clustering,Baseline,Baseline_only,closure,Dinophysis_acuminata,5,501,0.87564,0.93506
clustering,Baseline,Baseline_only,closure,Dinophysis_acuminata,6,57,0.21875,0.17964
clustering,Baseline,Baseline_only,closure,Dinophysis_acuminata,7,57,0.16471,0.21491
clustering,Baseline,Baseline_only,closure,Dinophysis_acuminata,8,58,0.12308,0.37183
clustering,Baseline,Baseline_only,closure,Dinophysis_acuminata,9,58,0.21687,0.30138
clustering,Baseline,Baseline_roms,closure,Dinophysis_acuminata,0,29,0.15385,0.12654
clustering,Baseline,Baseline_roms,closure,Dinophysis_acuminata,1,836,0.35656,0.69459
clustering,Baseline,Baseline_roms,closure,Dinophysis_acuminata,2,23,0.1875,0.30543
clustering,Baseline,Baseline_roms,closure,Dinophysis_acuminata,3,32,0.15,0.29599
clustering,Baseline,Baseline_roms,closure,Dinophysis_acuminata,4,444,0.52503,0.58777
clustering,Baseline,Baseline_roms,closure,Dinophysis_acuminata,5,501,0.6675,0.90207
clustering,Baseline,Baseline_roms,closure,Dinophysis_acuminata,6,57,0.32308,0.21342
clustering,Baseline,Baseline_roms,closure,Dinophysis_acuminata,7,57,0.19277,0.27252
clustering,Baseline,Baseline_roms,closure,Dinophysis_acuminata,8,58,0.4557,0.58126
clustering,Baseline,Baseline_roms,closure,Dinophysis_acuminata,9,58,0.42222,0.44441
clustering,Baseline,Baseline_only,closure,Dinophysis_norvegica,0,6,0.0,0.00805
clustering,Baseline,Baseline_only,closure,Dinophysis_norvegica,1,205,0.0,0.15019
clustering,Baseline,Baseline_only,closure,Dinophysis_norvegica,2,5,0.0,0.03734
clustering,Baseline,Baseline_only,closure,Dinophysis_norvegica,3,5,0.0,0.20389
clustering,Baseline,Baseline_only,closure,Dinophysis_norvegica,4,6,0.0,0.01448
clustering,Baseline,Baseline_only,closure,Dinophysis_norvegica,5,7,0.0,0.01307
clustering,Baseline,Baseline_only,closure,Dinophysis_norvegica,6,4,0.0,0.01516
clustering,Baseline,Baseline_only,closure,Dinophysis_norvegica,7,6,0.0,0.18907
clustering,Baseline,Baseline_only,closure,Dinophysis_norvegica,8,7,0.0,0.1681
clustering,Baseline,Baseline_only,closure,Dinophysis_norvegica,9,4,0.0,0.00794
clustering,Baseline,Baseline_roms,closure,Dinophysis_norvegica,0,6,0.0,0.006
clustering,Baseline,Baseline_roms,closure,Dinophysis_norvegica,1,205,0.0,0.15574
clustering,Baseline,Baseline_roms,closure,Dinophysis_norvegica,2,5,0.0,0.15956
clustering,Baseline,Baseline_roms,closure,Dinophysis_norvegica,3,5,0.0,0.07071
clustering,Baseline,Baseline_roms,closure,Dinophysis_norvegica,4,6,0.0,0.01055
clustering,Baseline,Baseline_roms,closure,Dinophysis_norvegica,5,7,0.0,0.00971
clustering,Baseline,Baseline_roms,closure,Dinophysis_norvegica,6,4,0.0,0.01875
clustering,Baseline,Baseline_roms,closure,Dinophysis_norvegica,7,6,0.0,0.0359
clustering,Baseline,Baseline_roms,closure,Dinophysis_norvegica,8,7,0.0,0.11557
clustering,Baseline,Baseline_roms,closure,Dinophysis_norvegica,9,4,0.0,0.01169
clustering,Baseline,Baseline_only,closure,Karenia,0,27,0.10127,0.10514
clustering,Baseline,Baseline_only,closure,Karenia,1,21,0.23529,0.18326
clustering,Baseline,Baseline_only,closure,Karenia,2,26,0.22222,0.34337
clustering,Baseline,Baseline_only,closure,Karenia,3,827,0.0,0.64496
clustering,Baseline,Baseline_only,closure,Karenia,4,52,0.6,0.71839
clustering,Baseline,Baseline_only,closure,Karenia,5,51,0.5641,0.78406
clustering,Baseline,Baseline_only,closure,Karenia,6,47,0.56338,0.68419
clustering,Baseline,Baseline_only,closure,Karenia,7,53,0.56098,0.6655
clustering,Baseline,Baseline_only,closure,Karenia,8,48,0.66667,0.85507
clustering,Baseline,Baseline_only,closure,Karenia,9,60,0.2963,0.51429
clustering,Baseline,Baseline_roms,closure,Karenia,0,27,0.12308,0.31676
clustering,Baseline,Baseline_roms,closure,Karenia,1,21,0.08696,0.25201
clustering,Baseline,Baseline_roms,closure,Karenia,2,26,0.14407,0.36835
clustering,Baseline,Baseline_roms,closure,Karenia,3,827,0.08295,0.63891
clustering,Baseline,Baseline_roms,closure,Karenia,4,52,0.70833,0.8363
clustering,Baseline,Baseline_roms,closure,Karenia,5,51,0.61728,0.81276
clustering,Baseline,Baseline_roms,closure,Karenia,6,47,0.69231,0.76561
clustering,Baseline,Baseline_roms,closure,Karenia,7,53,0.69231,0.73532
clustering,Baseline,Baseline_roms,closure,Karenia,8,48,0.69767,0.74854
clustering,Baseline,Baseline_roms,closure,Karenia,9,60,0.32558,0.62853
clustering,Baseline,Baseline_only,closure,Pseudo-nitzschia,0,20,0.58824,0.51797
clustering,Baseline,Baseline_only,closure,Pseudo-nitzschia,1,133,0.0,0.09047
clustering,Baseline,Baseline_only,closure,Pseudo-nitzschia,2,22,0.22222,0.30165
clustering,Baseline,Baseline_only,closure,Pseudo-nitzschia,3,22,0.34483,0.40136
clustering,Baseline,Baseline_only,closure,Pseudo-nitzschia,4,26,0.06452,0.11464
clustering,Baseline,Baseline_only,closure,Pseudo-nitzschia,5,58,0.12903,0.17132
clustering,Baseline,Baseline_only,closure,Pseudo-nitzschia,6,27,0.34286,0.42418
clustering,Baseline,Baseline_only,closure,Pseudo-nitzschia,7,28,0.4,0.41982
clustering,Baseline,Baseline_only,closure,Pseudo-nitzschia,8,21,0.48485,0.60864
clustering,Baseline,Baseline_only,closure,Pseudo-nitzschia,9,24,0.25,0.38042
clustering,Baseline,Baseline_roms,closure,Pseudo-nitzschia,0,20,0.62857,0.70028
clustering,Baseline,Baseline_roms,closure,Pseudo-nitzschia,1,133,0.0,0.09655
clustering,Baseline,Baseline_roms,closure,Pseudo-nitzschia,2,22,0.5,0.5315
clustering,Baseline,Baseline_roms,closure,Pseudo-nitzschia,3,22,0.22222,0.46196
clustering,Baseline,Baseline_roms,closure,Pseudo-nitzschia,4,26,0.13333,0.35919
clustering,Baseline,Baseline_roms,closure,Pseudo-nitzschia,5,58,0.1875,0.25918
clustering,Baseline,Baseline_roms,closure,Pseudo-nitzschia,6,27,0.41176,0.65117
clustering,Baseline,Baseline_roms,closure,Pseudo-nitzschia,7,28,0.42857,0.5334
clustering,Baseline,Baseline_roms,closure,Pseudo-nitzschia,8,21,0.55556,0.64298
clustering,Baseline,Baseline_roms,closure,Pseudo-nitzschia,9,24,0.36364,0.50728
clustering,C2RCC,C2RCC_only,closure,Alexandrium_catenella,0,58,0.57143,0.71207
clustering,C2RCC,C2RCC_only,closure,Alexandrium_catenella,1,637,0.03957,0.4291
clustering,C2RCC,C2RCC_only,closure,Alexandrium_catenella,2,56,0.24286,0.16342
clustering,C2RCC,C2RCC_only,closure,Alexandrium_catenella,3,57,0.52273,0.45905
clustering,C2RCC,C2RCC_only,closure,Alexandrium_catenella,4,85,0.32335,0.34198
clustering,C2RCC,C2RCC_only,closure,Alexandrium_catenella,5,153,0.16471,0.21485
clustering,C2RCC,C2RCC_only,closure,Alexandrium_catenella,6,65,0.45545,0.52293
clustering,C2RCC,C2RCC_only,closure,Alexandrium_catenella,7,67,0.47059,0.50612
clustering,C2RCC,C2RCC_only,closure,Alexandrium_catenella,8,66,0.62069,0.70797
clustering,C2RCC,C2RCC_only,closure,Alexandrium_catenella,9,66,0.28829,0.31313
clustering,C2RCC,C2RCC_roms,closure,Alexandrium_catenella,0,58,0.72917,0.82787
clustering,C2RCC,C2RCC_roms,closure,Alexandrium_catenella,1,637,0.00935,0.47465
clustering,C2RCC,C2RCC_roms,closure,Alexandrium_catenella,2,56,0.45783,0.63655
clustering,C2RCC,C2RCC_roms,closure,Alexandrium_catenella,3,57,0.75728,0.81882
clustering,C2RCC,C2RCC_roms,closure,Alexandrium_catenella,4,85,0.50769,0.44611
clustering,C2RCC,C2RCC_roms,closure,Alexandrium_catenella,5,153,0.18072,0.21246
clustering,C2RCC,C2RCC_roms,closure,Alexandrium_catenella,6,65,0.56311,0.63292
clustering,C2RCC,C2RCC_roms,closure,Alexandrium_catenella,7,67,0.54867,0.60969
clustering,C2RCC,C2RCC_roms,closure,Alexandrium_catenella,8,66,0.69492,0.76531
clustering,C2RCC,C2RCC_roms,closure,Alexandrium_catenella,9,66,0.45098,0.49038
clustering,C2RCC,C2RCC_only,closure,Dinophysis_acuminata,0,29,0.0458,0.02599
clustering,C2RCC,C2RCC_only,closure,Dinophysis_acuminata,1,836,0.59419,0.65346
clustering,C2RCC,C2RCC_only,closure,Dinophysis_acuminata,2,23,0.02878,0.05791
clustering,C2RCC,C2RCC_only,closure,Dinophysis_acuminata,3,32,0.04918,0.02758
clustering,C2RCC,C2RCC_only,closure,Dinophysis_acuminata,4,444,0.51263,0.5981
clustering,C2RCC,C2RCC_only,closure,Dinophysis_acuminata,5,501,0.68415,0.88112
clustering,C2RCC,C2RCC_only,closure,Dinophysis_acuminata,6,57,0.27338,0.24326
clustering,C2RCC,C2RCC_only,closure,Dinophysis_acuminata,7,57,0.2093,0.22287
clustering,C2RCC,C2RCC_only,closure,Dinophysis_acuminata,8,58,0.20225,0.24271
clustering,C2RCC,C2RCC_only,closure,Dinophysis_acuminata,9,58,0.39024,0.29056
clustering,C2RCC,C2RCC_roms,closure,Dinophysis_acuminata,0,29,0.12346,0.10641
clustering,C2RCC,C2RCC_roms,closure,Dinophysis_acuminata,1,836,0.33908,0.68079
clustering,C2RCC,C2RCC_roms,closure,Dinophysis_acuminata,2,23,0.26667,0.2798
clustering,C2RCC,C2RCC_roms,closure,Dinophysis_acuminata,3,32,0.30435,0.17934
clustering,C2RCC,C2RCC_roms,closure,Dinophysis_acuminata,4,444,0.27197,0.55414
clustering,C2RCC,C2RCC_roms,closure,Dinophysis_acuminata,5,501,0.50072,0.87866
clustering,C2RCC,C2RCC_roms,closure,Dinophysis_acuminata,6,57,0.33094,0.2058
clustering,C2RCC,C2RCC_roms,closure,Dinophysis_acuminata,7,57,0.2963,0.32532
clustering,C2RCC,C2RCC_roms,closure,Dinophysis_acuminata,8,58,0.45977,0.4523
clustering,C2RCC,C2RCC_roms,closure,Dinophysis_acuminata,9,58,0.42,0.42311
clustering,C2RCC,C2RCC_only,closure,Dinophysis_norvegica,0,6,0.0,0.03134
clustering,C2RCC,C2RCC_only,closure,Dinophysis_norvegica,1,205,0.0,0.12292
clustering,C2RCC,C2RCC_only,closure,Dinophysis_norvegica,2,5,0.0,0.00437
clustering,C2RCC,C2RCC_only,closure,Dinophysis_norvegica,3,5,0.0,0.00552
clustering,C2RCC,C2RCC_only,closure,Dinophysis_norvegica,4,6,0.0,0.00906
clustering,C2RCC,C2RCC_only,closure,Dinophysis_norvegica,5,7,0.0,0.00793
clustering,C2RCC,C2RCC_only,closure,Dinophysis_norvegica,6,4,0.0,0.01372
clustering,C2RCC,C2RCC_only,closure,Dinophysis_norvegica,7,6,0.0,0.02224
clustering,C2RCC,C2RCC_only,closure,Dinophysis_norvegica,8,7,0.0,0.01159
clustering,C2RCC,C2RCC_only,closure,Dinophysis_norvegica,9,4,0.0,0.01698
clustering,C2RCC,C2RCC_roms,closure,Dinophysis_norvegica,0,6,0.0,0.0357
clustering,C2RCC,C2RCC_roms,closure,Dinophysis_norvegica,1,205,0.0,0.14821
clustering,C2RCC,C2RCC_roms,closure,Dinophysis_norvegica,2,5,0.0,0.00502
clustering,C2RCC,C2RCC_roms,closure,Dinophysis_norvegica,3,5,0.0,0.01515
clustering,C2RCC,C2RCC_roms,closure,Dinophysis_norvegica,4,6,0.0,0.00653
clustering,C2RCC,C2RCC_roms,closure,Dinophysis_norvegica,5,7,0.0,0.00787
clustering,C2RCC,C2RCC_roms,closure,Dinophysis_norvegica,6,4,0.0,0.01694
clustering,C2RCC,C2RCC_roms,closure,Dinophysis_norvegica,7,6,0.0,0.02243
clustering,C2RCC,C2RCC_roms,closure,Dinophysis_norvegica,8,7,0.0,0.01809
clustering,C2RCC,C2RCC_roms,closure,Dinophysis_norvegica,9,4,0.0,0.08049
clustering,C2RCC,C2RCC_only,closure,Karenia,0,27,0.3125,0.47538
clustering,C2RCC,C2RCC_only,closure,Karenia,1,21,0.07407,0.1105
clustering,C2RCC,C2RCC_only,closure,Karenia,2,26,0.47059,0.52836
clustering,C2RCC,C2RCC_only,closure,Karenia,3,827,0.0,0.66965
clustering,C2RCC,C2RCC_only,closure,Karenia,4,52,0.68627,0.60696
clustering,C2RCC,C2RCC_only,closure,Karenia,5,51,0.5618,0.573
clustering,C2RCC,C2RCC_only,closure,Karenia,6,47,0.5,0.70402
clustering,C2RCC,C2RCC_only,closure,Karenia,7,53,0.48276,0.5884
clustering,C2RCC,C2RCC_only,closure,Karenia,8,48,0.66667,0.74629
clustering,C2RCC,C2RCC_only,closure,Karenia,9,60,0.63158,0.75442
clustering,C2RCC,C2RCC_roms,closure,Karenia,0,27,0.07746,0.15989
clustering,C2RCC,C2RCC_roms,closure,Karenia,1,21,0.09091,0.2185
clustering,C2RCC,C2RCC_roms,closure,Karenia,2,26,0.24242,0.59077
clustering,C2RCC,C2RCC_roms,closure,Karenia,3,827,0.00241,0.6166
clustering,C2RCC,C2RCC_roms,closure,Karenia,4,52,0.73585,0.72462
clustering,C2RCC,C2RCC_roms,closure,Karenia,5,51,0.70968,0.8004
clustering,C2RCC,C2RCC_roms,closure,Karenia,6,47,0.63158,0.84586
clustering,C2RCC,C2RCC_roms,closure,Karenia,7,53,0.60215,0.68993
clustering,C2RCC,C2RCC_roms,closure,Karenia,8,48,0.72093,0.77028
clustering,C2RCC,C2RCC_roms,closure,Karenia,9,60,0.74286,0.85022
clustering,C2RCC,C2RCC_only,closure,Pseudo-nitzschia,0,20,0.0,0.48354
clustering,C2RCC,C2RCC_only,closure,Pseudo-nitzschia,1,133,0.0,0.08506
clustering,C2RCC,C2RCC_only,closure,Pseudo-nitzschia,2,22,0.54545,0.80545
clustering,C2RCC,C2RCC_only,closure,Pseudo-nitzschia,3,22,0.0,0.13691
clustering,C2RCC,C2RCC_only,closure,Pseudo-nitzschia,4,26,0.05882,0.10841
clustering,C2RCC,C2RCC_only,closure,Pseudo-nitzschia,5,58,0.02857,0.10421
clustering,C2RCC,C2RCC_only,closure,Pseudo-nitzschia,6,27,0.19355,0.29208
clustering,C2RCC,C2RCC_only,closure,Pseudo-nitzschia,7,28,0.17143,0.32428
clustering,C2RCC,C2RCC_only,closure,Pseudo-nitzschia,8,21,0.0,0.3445
clustering,C2RCC,C2RCC_only,closure,Pseudo-nitzschia,9,24,0.35294,0.57009
clustering,C2RCC,C2RCC_roms,closure,Pseudo-nitzschia,0,20,0.08696,0.5526
clustering,C2RCC,C2RCC_roms,closure,Pseudo-nitzschia,1,133,0.0,0.08878
clustering,C2RCC,C2RCC_roms,closure,Pseudo-nitzschia,2,22,0.53333,0.82043
clustering,C2RCC,C2RCC_roms,closure,Pseudo-nitzschia,3,22,0.0,0.21862
clustering,C2RCC,C2RCC_roms,closure,Pseudo-nitzschia,4,26,0.06897,0.29606
clustering,C2RCC,C2RCC_roms,closure,Pseudo-nitzschia,5,58,0.15625,0.20102
clustering,C2RCC,C2RCC_roms,closure,Pseudo-nitzschia,6,27,0.2,0.4977
clustering,C2RCC,C2RCC_roms,closure,Pseudo-nitzschia,7,28,0.37209,0.52619
clustering,C2RCC,C2RCC_roms,closure,Pseudo-nitzschia,8,21,0.51429,0.56203
clustering,C2RCC,C2RCC_roms,closure,Pseudo-nitzschia,9,24,0.5,0.77547
clustering,ACOLITE,ACOLITE_only,warning,Alexandrium_catenella,0,76,0.49612,0.4627
clustering,ACOLITE,ACOLITE_only,warning,Alexandrium_catenella,1,73,0.49091,0.62744
clustering,ACOLITE,ACOLITE_only,warning,Alexandrium_catenella,2,84,0.53901,0.41818
clustering,ACOLITE,ACOLITE_only,warning,Alexandrium_catenella,3,178,0.26198,0.31935
clustering,ACOLITE,ACOLITE_only,warning,Alexandrium_catenella,4,761,0.08516,0.52549
clustering,ACOLITE,ACOLITE_only,warning,Alexandrium_catenella,5,207,0.29607,0.37912
clustering,ACOLITE,ACOLITE_only,warning,Alexandrium_catenella,6,87,0.75159,0.77423
clustering,ACOLITE,ACOLITE_only,warning,Alexandrium_catenella,7,85,0.45714,0.54028
clustering,ACOLITE,ACOLITE_only,warning,Alexandrium_catenella,8,77,0.51667,0.62069
clustering,ACOLITE,ACOLITE_only,warning,Alexandrium_catenella,9,78,0.47619,0.57515
clustering,ACOLITE,ACOLITE_roms,warning,Alexandrium_catenella,0,76,0.55639,0.58288
clustering,ACOLITE,ACOLITE_roms,warning,Alexandrium_catenella,1,73,0.61789,0.69947
clustering,ACOLITE,ACOLITE_roms,warning,Alexandrium_catenella,2,84,0.63514,0.732
clustering,ACOLITE,ACOLITE_roms,warning,Alexandrium_catenella,3,178,0.25455,0.35395
clustering,ACOLITE,ACOLITE_roms,warning,Alexandrium_catenella,4,761,0.0557,0.55363
clustering,ACOLITE,ACOLITE_roms,warning,Alexandrium_catenella,5,207,0.32258,0.34285
clustering,ACOLITE,ACOLITE_roms,warning,Alexandrium_catenella,6,87,0.76923,0.83358
clustering,ACOLITE,ACOLITE_roms,warning,Alexandrium_catenella,7,85,0.51799,0.61557
clustering,ACOLITE,ACOLITE_roms,warning,Alexandrium_catenella,8,77,0.55118,0.63953
clustering,ACOLITE,ACOLITE_roms,warning,Alexandrium_catenella,9,78,0.55814,0.64668
clustering,ACOLITE,ACOLITE_only,warning,Dinophysis_acuminata,0,351,0.24046,0.34306
clustering,ACOLITE,ACOLITE_only,warning,Dinophysis_acuminata,1,101,0.33977,0.27671
clustering,ACOLITE,ACOLITE_only,warning,Dinophysis_acuminata,2,323,0.36753,0.36564
clustering,ACOLITE,ACOLITE_only,warning,Dinophysis_acuminata,3,717,0.93343,0.95717
clustering,ACOLITE,ACOLITE_only,warning,Dinophysis_acuminata,4,1178,0.82622,0.7889
clustering,ACOLITE,ACOLITE_only,warning,Dinophysis_acuminata,5,593,0.91234,0.94665
clustering,ACOLITE,ACOLITE_only,warning,Dinophysis_acuminata,6,162,0.54206,0.4829
clustering,ACOLITE,ACOLITE_only,warning,Dinophysis_acuminata,7,153,0.48387,0.4559
clustering,ACOLITE,ACOLITE_only,warning,Dinophysis_acuminata,8,154,0.44444,0.5766
clustering,ACOLITE,ACOLITE_only,warning,Dinophysis_acuminata,9,165,0.49158,0.50028
clustering,ACOLITE,ACOLITE_roms,warning,Dinophysis_acuminata,0,351,0.22993,0.33559
clustering,ACOLITE,ACOLITE_roms,warning,Dinophysis_acuminata,1,101,0.40187,0.41726
clustering,ACOLITE,ACOLITE_roms,warning,Dinophysis_acuminata,2,323,0.34091,0.41192
clustering,ACOLITE,ACOLITE_roms,warning,Dinophysis_acuminata,3,717,0.91236,0.95452
clustering,ACOLITE,ACOLITE_roms,warning,Dinophysis_acuminata,4,1178,0.79047,0.80247
clustering,ACOLITE,ACOLITE_roms,warning,Dinophysis_acuminata,5,593,0.90753,0.93813
clustering,ACOLITE,ACOLITE_roms,warning,Dinophysis_acuminata,6,162,0.55128,0.47601
clustering,ACOLITE,ACOLITE_roms,warning,Dinophysis_acuminata,7,153,0.53251,0.54576
clustering,ACOLITE,ACOLITE_roms,warning,Dinophysis_acuminata,8,154,0.52033,0.60316
clustering,ACOLITE,ACOLITE_roms,warning,Dinophysis_acuminata,9,165,0.51389,0.5377
clustering,ACOLITE,ACOLITE_only,warning,Dinophysis_norvegica,0,44,0.0,0.09292
clustering,ACOLITE,ACOLITE_only,warning,Dinophysis_norvegica,1,41,0.04762,0.11629
clustering,ACOLITE,ACOLITE_only,warning,Dinophysis_norvegica,2,44,0.0625,0.07148
clustering,ACOLITE,ACOLITE_only,warning,Dinophysis_norvegica,3,129,0.01325,0.1278
clustering,ACOLITE,ACOLITE_only,warning,Dinophysis_norvegica,4,758,0.00263,0.46397
clustering,ACOLITE,ACOLITE_only,warning,Dinophysis_norvegica,5,58,0.06135,0.09626
clustering,ACOLITE,ACOLITE_only,warning,Dinophysis_norvegica,6,47,0.06897,0.18221
clustering,ACOLITE,ACOLITE_only,warning,Dinophysis_norvegica,7,55,0.0,0.13543
clustering,ACOLITE,ACOLITE_only,warning,Dinophysis_norvegica,8,51,0.05882,0.17148
clustering,ACOLITE,ACOLITE_only,warning,Dinophysis_norvegica,9,49,0.0,0.13044
clustering,ACOLITE,ACOLITE_roms,warning,Dinophysis_norvegica,0,44,0.04167,0.10478
clustering,ACOLITE,ACOLITE_roms,warning,Dinophysis_norvegica,1,41,0.08889,0.17086
clustering,ACOLITE,ACOLITE_roms,warning,Dinophysis_norvegica,2,44,0.0,0.07091
clustering,ACOLITE,ACOLITE_roms,warning,Dinophysis_norvegica,3,129,0.0,0.14513
clustering,ACOLITE,ACOLITE_roms,warning,Dinophysis_norvegica,4,758,0.00264,0.4837
clustering,ACOLITE,ACOLITE_roms,warning,Dinophysis_norvegica,5,58,0.06122,0.09018
clustering,ACOLITE,ACOLITE_roms,warning,Dinophysis_norvegica,6,47,0.07018,0.19045
clustering,ACOLITE,ACOLITE_roms,warning,Dinophysis_norvegica,7,55,0.05882,0.15295
clustering,ACOLITE,ACOLITE_roms,warning,Dinophysis_norvegica,8,51,0.0625,0.16738
clustering,ACOLITE,ACOLITE_roms,warning,Dinophysis_norvegica,9,49,0.06897,0.16033
clustering,ACOLITE,ACOLITE_only,warning,Karenia,0,1302,0.20822,0.88773
clustering,ACOLITE,ACOLITE_only,warning,Karenia,1,95,0.66667,0.73708
clustering,ACOLITE,ACOLITE_only,warning,Karenia,2,113,0.28162,0.45893
clustering,ACOLITE,ACOLITE_only,warning,Karenia,3,102,0.49032,0.52504
clustering,ACOLITE,ACOLITE_only,warning,Karenia,4,261,0.16129,0.36162
clustering,ACOLITE,ACOLITE_only,warning,Karenia,5,118,0.61856,0.65069
clustering,ACOLITE,ACOLITE_only,warning,Karenia,6,133,0.71486,0.80434
clustering,ACOLITE,ACOLITE_only,warning,Karenia,7,131,0.66964,0.79266
clustering,ACOLITE,ACOLITE_only,warning,Karenia,8,119,0.657,0.77724
clustering,ACOLITE,ACOLITE_only,warning,Karenia,9,144,0.72428,0.85454
clustering,ACOLITE,ACOLITE_roms,warning,Karenia,0,1302,0.20879,0.94202
clustering,ACOLITE,ACOLITE_roms,warning,Karenia,1,95,0.41287,0.68386
clustering,ACOLITE,ACOLITE_roms,warning,Karenia,2,113,0.24398,0.56975
clustering,ACOLITE,ACOLITE_roms,warning,Karenia,3,102,0.51337,0.56373
clustering,ACOLITE,ACOLITE_roms,warning,Karenia,4,261,0.17747,0.42727
clustering,ACOLITE,ACOLITE_roms,warning,Karenia,5,118,0.6439,0.68718
clustering,ACOLITE,ACOLITE_roms,warning,Karenia,6,133,0.73984,0.82353
clustering,ACOLITE,ACOLITE_roms,warning,Karenia,7,131,0.72072,0.8786
clustering,ACOLITE,ACOLITE_roms,warning,Karenia,8,119,0.79439,0.86379
clustering,ACOLITE,ACOLITE_roms,warning,Karenia,9,144,0.75697,0.88506
clustering,ACOLITE,ACOLITE_only,warning,Pseudo-nitzschia,0,107,0.56667,0.46981
clustering,ACOLITE,ACOLITE_only,warning,Pseudo-nitzschia,1,117,0.45238,0.54931
clustering,ACOLITE,ACOLITE_only,warning,Pseudo-nitzschia,2,114,0.39067,0.51481
clustering,ACOLITE,ACOLITE_only,warning,Pseudo-nitzschia,3,207,0.31557,0.33727
clustering,ACOLITE,ACOLITE_only,warning,Pseudo-nitzschia,4,829,0.42498,0.61228
clustering,ACOLITE,ACOLITE_only,warning,Pseudo-nitzschia,5,299,0.48621,0.55575
clustering,ACOLITE,ACOLITE_only,warning,Pseudo-nitzschia,6,114,0.55895,0.64847
clustering,ACOLITE,ACOLITE_only,warning,Pseudo-nitzschia,7,112,0.59908,0.57101
clustering,ACOLITE,ACOLITE_only,warning,Pseudo-nitzschia,8,116,0.45745,0.55833
clustering,ACOLITE,ACOLITE_only,warning,Pseudo-nitzschia,9,117,0.56158,0.64789
clustering,ACOLITE,ACOLITE_roms,warning,Pseudo-nitzschia,0,107,0.63473,0.67677
clustering,ACOLITE,ACOLITE_roms,warning,Pseudo-nitzschia,1,117,0.59701,0.67292
clustering,ACOLITE,ACOLITE_roms,warning,Pseudo-nitzschia,2,114,0.47143,0.56953
clustering,ACOLITE,ACOLITE_roms,warning,Pseudo-nitzschia,3,207,0.42473,0.45819
clustering,ACOLITE,ACOLITE_roms,warning,Pseudo-nitzschia,4,829,0.34851,0.6329
clustering,ACOLITE,ACOLITE_roms,warning,Pseudo-nitzschia,5,299,0.5045,0.54911
clustering,ACOLITE,ACOLITE_roms,warning,Pseudo-nitzschia,6,114,0.63636,0.7338
clustering,ACOLITE,ACOLITE_roms,warning,Pseudo-nitzschia,7,112,0.6758,0.69948
clustering,ACOLITE,ACOLITE_roms,warning,Pseudo-nitzschia,8,116,0.56863,0.61968
clustering,ACOLITE,ACOLITE_roms,warning,Pseudo-nitzschia,9,117,0.63265,0.76492
clustering,Baseline,Baseline_only,warning,Alexandrium_catenella,0,76,0.49123,0.56685
clustering,Baseline,Baseline_only,warning,Alexandrium_catenella,1,73,0.45455,0.61349
clustering,Baseline,Baseline_only,warning,Alexandrium_catenella,2,84,0.4539,0.42399
clustering,Baseline,Baseline_only,warning,Alexandrium_catenella,3,178,0.2381,0.31278
clustering,Baseline,Baseline_only,warning,Alexandrium_catenella,4,761,0.08059,0.51646
clustering,Baseline,Baseline_only,warning,Alexandrium_catenella,5,207,0.23642,0.35404
clustering,Baseline,Baseline_only,warning,Alexandrium_catenella,6,87,0.75497,0.79667
clustering,Baseline,Baseline_only,warning,Alexandrium_catenella,7,85,0.35971,0.43946
clustering,Baseline,Baseline_only,warning,Alexandrium_catenella,8,77,0.54386,0.62558
clustering,Baseline,Baseline_only,warning,Alexandrium_catenella,9,78,0.32759,0.43471
clustering,Baseline,Baseline_roms,warning,Alexandrium_catenella,0,76,0.55357,0.66085
clustering,Baseline,Baseline_roms,warning,Alexandrium_catenella,1,73,0.63866,0.72586
clustering,Baseline,Baseline_roms,warning,Alexandrium_catenella,2,84,0.57353,0.69768
clustering,Baseline,Baseline_roms,warning,Alexandrium_catenella,3,178,0.22831,0.34568
clustering,Baseline,Baseline_roms,warning,Alexandrium_catenella,4,761,0.05801,0.54498
clustering,Baseline,Baseline_roms,warning,Alexandrium_catenella,5,207,0.32577,0.37078
clustering,Baseline,Baseline_roms,warning,Alexandrium_catenella,6,87,0.69014,0.80435
clustering,Baseline,Baseline_roms,warning,Alexandrium_catenella,7,85,0.47328,0.5735
clustering,Baseline,Baseline_roms,warning,Alexandrium_catenella,8,77,0.55285,0.60392
clustering,Baseline,Baseline_roms,warning,Alexandrium_catenella,9,78,0.43243,0.55735
clustering,Baseline,Baseline_only,warning,Dinophysis_acuminata,0,351,0.21308,0.32657
clustering,Baseline,Baseline_only,warning,Dinophysis_acuminata,1,101,0.47458,0.38999
clustering,Baseline,Baseline_only,warning,Dinophysis_acuminata,2,323,0.40233,0.36764
clustering,Baseline,Baseline_only,warning,Dinophysis_acuminata,3,717,0.92254,0.9583
clustering,Baseline,Baseline_only,warning,Dinophysis_acuminata,4,1178,0.69212,0.81507
clustering,Baseline,Baseline_only,warning,Dinophysis_acuminata,5,593,0.90738,0.96303
clustering,Baseline,Baseline_only,warning,Dinophysis_acuminata,6,162,0.47525,0.43456
clustering,Baseline,Baseline_only,warning,Dinophysis_acuminata,7,153,0.48598,0.4398
clustering,Baseline,Baseline_only,warning,Dinophysis_acuminata,8,154,0.4661,0.60531
clustering,Baseline,Baseline_only,warning,Dinophysis_acuminata,9,165,0.45714,0.4728
clustering,Baseline,Baseline_roms,warning,Dinophysis_acuminata,0,351,0.21583,0.3244
clustering,Baseline,Baseline_roms,warning,Dinophysis_acuminata,1,101,0.45918,0.45204
clustering,Baseline,Baseline_roms,warning,Dinophysis_acuminata,2,323,0.28017,0.4476
clustering,Baseline,Baseline_roms,warning,Dinophysis_acuminata,3,717,0.93472,0.93374
clustering,Baseline,Baseline_roms,warning,Dinophysis_acuminata,4,1178,0.68972,0.82051
clustering,Baseline,Baseline_roms,warning,Dinophysis_acuminata,5,593,0.92255,0.94006
clustering,Baseline,Baseline_roms,warning,Dinophysis_acuminata,6,162,0.53968,0.45079
clustering,Baseline,Baseline_roms,warning,Dinophysis_acuminata,7,153,0.47706,0.53513
clustering,Baseline,Baseline_roms,warning,Dinophysis_acuminata,8,154,0.5124,0.60716
clustering,Baseline,Baseline_roms,warning,Dinophysis_acuminata,9,165,0.54237,0.53076
clustering,Baseline,Baseline_only,warning,Dinophysis_norvegica,0,44,0.04444,0.17487
clustering,Baseline,Baseline_only,warning,Dinophysis_norvegica,1,41,0.0,0.07104
clustering,Baseline,Baseline_only,warning,Dinophysis_norvegica,2,44,0.0,0.04559
clustering,Baseline,Baseline_only,warning,Dinophysis_norvegica,3,129,0.0,0.1215
clustering,Baseline,Baseline_only,warning,Dinophysis_norvegica,4,758,0.00263,0.5062
clustering,Baseline,Baseline_only,warning,Dinophysis_norvegica,5,58,0.06944,0.07202
clustering,Baseline,Baseline_only,warning,Dinophysis_norvegica,6,47,0.03846,0.15585
clustering,Baseline,Baseline_only,warning,Dinophysis_norvegica,7,55,0.05882,0.17514
clustering,Baseline,Baseline_only,warning,Dinophysis_norvegica,8,51,0.06897,0.16395
clustering,Baseline,Baseline_only,warning,Dinophysis_norvegica,9,49,0.0,0.14343
clustering,Baseline,Baseline_roms,warning,Dinophysis_norvegica,0,44,0.08696,0.18416
clustering,Baseline,Baseline_roms,warning,Dinophysis_norvegica,1,41,0.0,0.14838
clustering,Baseline,Baseline_roms,warning,Dinophysis_norvegica,2,44,0.0,0.06836
clustering,Baseline,Baseline_roms,warning,Dinophysis_norvegica,3,129,0.0,0.15252
clustering,Baseline,Baseline_roms,warning,Dinophysis_norvegica,4,758,0.00263,0.53065
clustering,Baseline,Baseline_roms,warning,Dinophysis_norvegica,5,58,0.10405,0.07808
clustering,Baseline,Baseline_roms,warning,Dinophysis_norvegica,6,47,0.03774,0.16275
clustering,Baseline,Baseline_roms,warning,Dinophysis_norvegica,7,55,0.0,0.16421
clustering,Baseline,Baseline_roms,warning,Dinophysis_norvegica,8,51,0.03509,0.16758
clustering,Baseline,Baseline_roms,warning,Dinophysis_norvegica,9,49,0.0,0.15448
clustering,Baseline,Baseline_only,warning,Karenia,0,1302,0.16034,0.89634
clustering,Baseline,Baseline_only,warning,Karenia,1,95,0.28571,0.55947
clustering,Baseline,Baseline_only,warning,Karenia,2,113,0.32,0.4863
clustering,Baseline,Baseline_only,warning,Karenia,3,102,0.36957,0.4661
clustering,Baseline,Baseline_only,warning,Karenia,4,261,0.26667,0.32515
clustering,Baseline,Baseline_only,warning,Karenia,5,118,0.59596,0.61708
clustering,Baseline,Baseline_only,warning,Karenia,6,133,0.69264,0.78764
clustering,Baseline,Baseline_only,warning,Karenia,7,131,0.61165,0.76672
clustering,Baseline,Baseline_only,warning,Karenia,8,119,0.67327,0.78129
clustering,Baseline,Baseline_only,warning,Karenia,9,144,0.54795,0.73584
clustering,Baseline,Baseline_roms,warning,Karenia,0,1302,0.18962,0.93341
clustering,Baseline,Baseline_roms,warning,Karenia,1,95,0.24306,0.48908
clustering,Baseline,Baseline_roms,warning,Karenia,2,113,0.30943,0.65328
clustering,Baseline,Baseline_roms,warning,Karenia,3,102,0.49231,0.55254
clustering,Baseline,Baseline_roms,warning,Karenia,4,261,0.14237,0.37449
clustering,Baseline,Baseline_roms,warning,Karenia,5,118,0.61463,0.68408
clustering,Baseline,Baseline_roms,warning,Karenia,6,133,0.71489,0.84349
clustering,Baseline,Baseline_roms,warning,Karenia,7,131,0.74561,0.85975
clustering,Baseline,Baseline_roms,warning,Karenia,8,119,0.73786,0.86987
clustering,Baseline,Baseline_roms,warning,Karenia,9,144,0.67227,0.82507
clustering,Baseline,Baseline_only,warning,Pseudo-nitzschia,0,107,0.50909,0.51948
clustering,Baseline,Baseline_only,warning,Pseudo-nitzschia,1,117,0.38824,0.39855
clustering,Baseline,Baseline_only,warning,Pseudo-nitzschia,2,114,0.44749,0.46332
clustering,Baseline,Baseline_only,warning,Pseudo-nitzschia,3,207,0.394,0.37113
clustering,Baseline,Baseline_only,warning,Pseudo-nitzschia,4,829,0.40628,0.63044
clustering,Baseline,Baseline_only,warning,Pseudo-nitzschia,5,299,0.43525,0.46127
clustering,Baseline,Baseline_only,warning,Pseudo-nitzschia,6,114,0.43182,0.50385
clustering,Baseline,Baseline_only,warning,Pseudo-nitzschia,7,112,0.63964,0.58221
clustering,Baseline,Baseline_only,warning,Pseudo-nitzschia,8,116,0.34682,0.43551
clustering,Baseline,Baseline_only,warning,Pseudo-nitzschia,9,117,0.46237,0.52275
clustering,Baseline,Baseline_roms,warning,Pseudo-nitzschia,0,107,0.61538,0.69085
clustering,Baseline,Baseline_roms,warning,Pseudo-nitzschia,1,117,0.62687,0.60472
clustering,Baseline,Baseline_roms,warning,Pseudo-nitzschia,2,114,0.61376,0.58256
clustering,Baseline,Baseline_roms,warning,Pseudo-nitzschia,3,207,0.4307,0.48675
clustering,Baseline,Baseline_roms,warning,Pseudo-nitzschia,4,829,0.36489,0.62331
clustering,Baseline,Baseline_roms,warning,Pseudo-nitzschia,5,299,0.49844,0.50412
clustering,Baseline,Baseline_roms,warning,Pseudo-nitzschia,6,114,0.56983,0.68334
clustering,Baseline,Baseline_roms,warning,Pseudo-nitzschia,7,112,0.65158,0.71884
clustering,Baseline,Baseline_roms,warning,Pseudo-nitzschia,8,116,0.45405,0.5352
clustering,Baseline,Baseline_roms,warning,Pseudo-nitzschia,9,117,0.60733,0.74
clustering,C2RCC,C2RCC_only,warning,Alexandrium_catenella,0,76,0.4,0.37059
clustering,C2RCC,C2RCC_only,warning,Alexandrium_catenella,1,73,0.13333,0.10137
clustering,C2RCC,C2RCC_only,warning,Alexandrium_catenella,2,84,0.26957,0.32174
clustering,C2RCC,C2RCC_only,warning,Alexandrium_catenella,3,178,0.26403,0.28838
clustering,C2RCC,C2RCC_only,warning,Alexandrium_catenella,4,761,0.06863,0.53238
clustering,C2RCC,C2RCC_only,warning,Alexandrium_catenella,5,207,0.31635,0.32589
clustering,C2RCC,C2RCC_only,warning,Alexandrium_catenella,6,87,0.67949,0.77434
clustering,C2RCC,C2RCC_only,warning,Alexandrium_catenella,7,85,0.42308,0.39685
clustering,C2RCC,C2RCC_only,warning,Alexandrium_catenella,8,77,0.42748,0.49631
clustering,C2RCC,C2RCC_only,warning,Alexandrium_catenella,9,78,0.4375,0.47522
clustering,C2RCC,C2RCC_roms,warning,Alexandrium_catenella,0,76,0.54098,0.57486
clustering,C2RCC,C2RCC_roms,warning,Alexandrium_catenella,1,73,0.51376,0.61058
clustering,C2RCC,C2RCC_roms,warning,Alexandrium_catenella,2,84,0.58333,0.72876
clustering,C2RCC,C2RCC_roms,warning,Alexandrium_catenella,3,178,0.26244,0.36764
clustering,C2RCC,C2RCC_roms,warning,Alexandrium_catenella,4,761,0.05337,0.53499
clustering,C2RCC,C2RCC_roms,warning,Alexandrium_catenella,5,207,0.34052,0.35224
clustering,C2RCC,C2RCC_roms,warning,Alexandrium_catenella,6,87,0.73418,0.80461
clustering,C2RCC,C2RCC_roms,warning,Alexandrium_catenella,7,85,0.50667,0.59922
clustering,C2RCC,C2RCC_roms,warning,Alexandrium_catenella,8,77,0.55814,0.58062
clustering,C2RCC,C2RCC_roms,warning,Alexandrium_catenella,9,78,0.43697,0.53164
clustering,C2RCC,C2RCC_only,warning,Dinophysis_acuminata,0,351,0.26721,0.22044
clustering,C2RCC,C2RCC_only,warning,Dinophysis_acuminata,1,101,0.13571,0.21223
clustering,C2RCC,C2RCC_only,warning,Dinophysis_acuminata,2,323,0.47305,0.3897
clustering,C2RCC,C2RCC_only,warning,Dinophysis_acuminata,3,717,0.8166,0.90246
clustering,C2RCC,C2RCC_only,warning,Dinophysis_acuminata,4,1178,0.74728,0.79701
clustering,C2RCC,C2RCC_only,warning,Dinophysis_acuminata,5,593,0.84734,0.91762
clustering,C2RCC,C2RCC_only,warning,Dinophysis_acuminata,6,162,0.51282,0.52589
clustering,C2RCC,C2RCC_only,warning,Dinophysis_acuminata,7,153,0.49275,0.41841
clustering,C2RCC,C2RCC_only,warning,Dinophysis_acuminata,8,154,0.42405,0.48368
clustering,C2RCC,C2RCC_only,warning,Dinophysis_acuminata,9,165,0.43732,0.44775
clustering,C2RCC,C2RCC_roms,warning,Dinophysis_acuminata,0,351,0.27402,0.30459
clustering,C2RCC,C2RCC_roms,warning,Dinophysis_acuminata,1,101,0.34646,0.37938
clustering,C2RCC,C2RCC_roms,warning,Dinophysis_acuminata,2,323,0.35073,0.44825
clustering,C2RCC,C2RCC_roms,warning,Dinophysis_acuminata,3,717,0.85501,0.89328
clustering,C2RCC,C2RCC_roms,warning,Dinophysis_acuminata,4,1178,0.66142,0.794
clustering,C2RCC,C2RCC_roms,warning,Dinophysis_acuminata,5,593,0.86308,0.89982
clustering,C2RCC,C2RCC_roms,warning,Dinophysis_acuminata,6,162,0.56024,0.48174
clustering,C2RCC,C2RCC_roms,warning,Dinophysis_acuminata,7,153,0.5125,0.54367
clustering,C2RCC,C2RCC_roms,warning,Dinophysis_acuminata,8,154,0.55882,0.60805
clustering,C2RCC,C2RCC_roms,warning,Dinophysis_acuminata,9,165,0.52012,0.50922
clustering,C2RCC,C2RCC_only,warning,Dinophysis_norvegica,0,44,0.1,0.04868
clustering,C2RCC,C2RCC_only,warning,Dinophysis_norvegica,1,41,0.0,0.02652
clustering,C2RCC,C2RCC_only,warning,Dinophysis_norvegica,2,44,0.0,0.06117
clustering,C2RCC,C2RCC_only,warning,Dinophysis_norvegica,3,129,0.01399,0.13892
clustering,C2RCC,C2RCC_only,warning,Dinophysis_norvegica,4,758,0.00263,0.44373
clustering,C2RCC,C2RCC_only,warning,Dinophysis_norvegica,5,58,0.09009,0.06357
clustering,C2RCC,C2RCC_only,warning,Dinophysis_norvegica,6,47,0.07843,0.15933
clustering,C2RCC,C2RCC_only,warning,Dinophysis_norvegica,7,55,0.16327,0.15041
clustering,C2RCC,C2RCC_only,warning,Dinophysis_norvegica,8,51,0.03333,0.11909
clustering,C2RCC,C2RCC_only,warning,Dinophysis_norvegica,9,49,0.03333,0.10172
clustering,C2RCC,C2RCC_roms,warning,Dinophysis_norvegica,0,44,0.07692,0.13593
clustering,C2RCC,C2RCC_roms,warning,Dinophysis_norvegica,1,41,0.0,0.10728
clustering,C2RCC,C2RCC_roms,warning,Dinophysis_norvegica,2,44,0.0,0.08372
clustering,C2RCC,C2RCC_roms,warning,Dinophysis_norvegica,3,129,0.0,0.14023
clustering,C2RCC,C2RCC_roms,warning,Dinophysis_norvegica,4,758,0.00263,0.50444
clustering,C2RCC,C2RCC_roms,warning,Dinophysis_norvegica,5,58,0.09783,0.06826
clustering,C2RCC,C2RCC_roms,warning,Dinophysis_norvegica,6,47,0.12698,0.14997
clustering,C2RCC,C2RCC_roms,warning,Dinophysis_norvegica,7,55,0.11268,0.19482
clustering,C2RCC,C2RCC_roms,warning,Dinophysis_norvegica,8,51,0.06452,0.16038
clustering,C2RCC,C2RCC_roms,warning,Dinophysis_norvegica,9,49,0.1039,0.13042
clustering,C2RCC,C2RCC_only,warning,Karenia,0,1302,0.14961,0.87472
clustering,C2RCC,C2RCC_only,warning,Karenia,1,95,0.63514,0.60382
clustering,C2RCC,C2RCC_only,warning,Karenia,2,113,0.54762,0.62932
clustering,C2RCC,C2RCC_only,warning,Karenia,3,102,0.38509,0.45885
clustering,C2RCC,C2RCC_only,warning,Karenia,4,261,0.13125,0.28519
clustering,C2RCC,C2RCC_only,warning,Karenia,5,118,0.55172,0.57048
clustering,C2RCC,C2RCC_only,warning,Karenia,6,133,0.64912,0.74625
clustering,C2RCC,C2RCC_only,warning,Karenia,7,131,0.56731,0.68619
clustering,C2RCC,C2RCC_only,warning,Karenia,8,119,0.63415,0.7271
clustering,C2RCC,C2RCC_only,warning,Karenia,9,144,0.63393,0.78077
clustering,C2RCC,C2RCC_roms,warning,Karenia,0,1302,0.09586,0.91925
clustering,C2RCC,C2RCC_roms,warning,Karenia,1,95,0.21471,0.60042
clustering,C2RCC,C2RCC_roms,warning,Karenia,2,113,0.3033,0.55045
clustering,C2RCC,C2RCC_roms,warning,Karenia,3,102,0.50575,0.53978
clustering,C2RCC,C2RCC_roms,warning,Karenia,4,261,0.12721,0.37236
clustering,C2RCC,C2RCC_roms,warning,Karenia,5,118,0.62312,0.69273
clustering,C2RCC,C2RCC_roms,warning,Karenia,6,133,0.70339,0.83325
clustering,C2RCC,C2RCC_roms,warning,Karenia,7,131,0.73303,0.86546
clustering,C2RCC,C2RCC_roms,warning,Karenia,8,119,0.75349,0.85863
clustering,C2RCC,C2RCC_roms,warning,Karenia,9,144,0.72656,0.87245
clustering,C2RCC,C2RCC_only,warning,Pseudo-nitzschia,0,107,0.43556,0.38359
clustering,C2RCC,C2RCC_only,warning,Pseudo-nitzschia,1,117,0.2276,0.29127
clustering,C2RCC,C2RCC_only,warning,Pseudo-nitzschia,2,114,0.33977,0.36468
clustering,C2RCC,C2RCC_only,warning,Pseudo-nitzschia,3,207,0.34447,0.33743
clustering,C2RCC,C2RCC_only,warning,Pseudo-nitzschia,4,829,0.40935,0.61241
clustering,C2RCC,C2RCC_only,warning,Pseudo-nitzschia,5,299,0.5348,0.57087
clustering,C2RCC,C2RCC_only,warning,Pseudo-nitzschia,6,114,0.53933,0.64477
clustering,C2RCC,C2RCC_only,warning,Pseudo-nitzschia,7,112,0.55838,0.64869
clustering,C2RCC,C2RCC_only,warning,Pseudo-nitzschia,8,116,0.36649,0.4219
clustering,C2RCC,C2RCC_only,warning,Pseudo-nitzschia,9,117,0.56701,0.61726
clustering,C2RCC,C2RCC_roms,warning,Pseudo-nitzschia,0,107,0.525,0.65732
clustering,C2RCC,C2RCC_roms,warning,Pseudo-nitzschia,1,117,0.50769,0.55892
clustering,C2RCC,C2RCC_roms,warning,Pseudo-nitzschia,2,114,0.62944,0.59567
clustering,C2RCC,C2RCC_roms,warning,Pseudo-nitzschia,3,207,0.40563,0.4633
clustering,C2RCC,C2RCC_roms,warning,Pseudo-nitzschia,4,829,0.37622,0.61005
clustering,C2RCC,C2RCC_roms,warning,Pseudo-nitzschia,5,299,0.50523,0.53274
clustering,C2RCC,C2RCC_roms,warning,Pseudo-nitzschia,6,114,0.63959,0.72817
clustering,C2RCC,C2RCC_roms,warning,Pseudo-nitzschia,7,112,0.62,0.74392
clustering,C2RCC,C2RCC_roms,warning,Pseudo-nitzschia,8,116,0.52792,0.56715
clustering,C2RCC,C2RCC_roms,warning,Pseudo-nitzschia,9,117,0.66667,0.77298
grid,ACOLITE,ACOLITE_only,closure,Alexandrium_catenella,0,54,0.65854,0.65814
grid,ACOLITE,ACOLITE_only,closure,Alexandrium_catenella,1,641,0.02699,0.44169
grid,ACOLITE,ACOLITE_only,closure,Alexandrium_catenella,2,58,0.6729,0.70524
grid,ACOLITE,ACOLITE_only,closure,Alexandrium_catenella,3,81,0.40994,0.4313
grid,ACOLITE,ACOLITE_only,closure,Alexandrium_catenella,4,150,0.22222,0.26637
grid,ACOLITE,ACOLITE_only,closure,Alexandrium_catenella,5,62,0.55856,0.61158
grid,ACOLITE,ACOLITE_only,closure,Alexandrium_catenella,6,67,0.48598,0.50989
grid,ACOLITE,ACOLITE_only,closure,Alexandrium_catenella,7,64,0.45833,0.49487
grid,ACOLITE,ACOLITE_only,closure,Alexandrium_catenella,8,66,0.51852,0.53481
grid,ACOLITE,ACOLITE_only,closure,Alexandrium_catenella,9,60,0.58182,0.66283
grid,ACOLITE,ACOLITE_roms,closure,Alexandrium_catenella,0,54,0.72727,0.84702
grid,ACOLITE,ACOLITE_roms,closure,Alexandrium_catenella,1,641,0.02154,0.4728
grid,ACOLITE,ACOLITE_roms,closure,Alexandrium_catenella,2,58,0.76364,0.82874
grid,ACOLITE,ACOLITE_roms,closure,Alexandrium_catenella,3,81,0.54839,0.506
grid,ACOLITE,ACOLITE_roms,closure,Alexandrium_catenella,4,150,0.21053,0.21246
grid,ACOLITE,ACOLITE_roms,closure,Alexandrium_catenella,5,62,0.63551,0.68861
grid,ACOLITE,ACOLITE_roms,closure,Alexandrium_catenella,6,67,0.55856,0.58525
grid,ACOLITE,ACOLITE_roms,closure,Alexandrium_catenella,7,64,0.53608,0.63415
grid,ACOLITE,ACOLITE_roms,closure,Alexandrium_catenella,8,66,0.52083,0.58875
grid,ACOLITE,ACOLITE_roms,closure,Alexandrium_catenella,9,60,0.57944,0.6777
grid,ACOLITE,ACOLITE_only,closure,Dinophysis_acuminata,0,22,0.08621,0.0753
grid,ACOLITE,ACOLITE_only,closure,Dinophysis_acuminata,1,834,0.6601,0.6466
grid,ACOLITE,ACOLITE_only,closure,Dinophysis_acuminata,2,31,0.11538,0.12012
grid,ACOLITE,ACOLITE_only,closure,Dinophysis_acuminata,3,443,0.7123,0.63559
grid,ACOLITE,ACOLITE_only,closure,Dinophysis_acuminata,4,502,0.83716,0.94016
grid,ACOLITE,ACOLITE_only,closure,Dinophysis_acuminata,5,51,0.4186,0.50405
grid,ACOLITE,ACOLITE_only,closure,Dinophysis_acuminata,6,55,0.13043,0.14612
grid,ACOLITE,ACOLITE_only,closure,Dinophysis_acuminata,7,51,0.16216,0.21191
grid,ACOLITE,ACOLITE_only,closure,Dinophysis_acuminata,8,52,0.20253,0.31244
grid,ACOLITE,ACOLITE_only,closure,Dinophysis_acuminata,9,50,0.2973,0.28612
grid,ACOLITE,ACOLITE_roms,closure,Dinophysis_acuminata,0,22,0.4,0.24318
grid,ACOLITE,ACOLITE_roms,closure,Dinophysis_acuminata,1,834,0.38268,0.6805
grid,ACOLITE,ACOLITE_roms,closure,Dinophysis_acuminata,2,31,0.2439,0.22679
grid,ACOLITE,ACOLITE_roms,closure,Dinophysis_acuminata,3,443,0.57179,0.65839
grid,ACOLITE,ACOLITE_roms,closure,Dinophysis_acuminata,4,502,0.62087,0.92268
grid,ACOLITE,ACOLITE_roms,closure,Dinophysis_acuminata,5,51,0.61538,0.65076
grid,ACOLITE,ACOLITE_roms,closure,Dinophysis_acuminata,6,55,0.19549,0.17119
grid,ACOLITE,ACOLITE_roms,closure,Dinophysis_acuminata,7,51,0.2716,0.30813
grid,ACOLITE,ACOLITE_roms,closure,Dinophysis_acuminata,8,52,0.32,0.41154
grid,ACOLITE,ACOLITE_roms,closure,Dinophysis_acuminata,9,50,0.39474,0.47451
grid,ACOLITE,ACOLITE_only,closure,Dinophysis_norvegica,0,4,0.0,0.01363
grid,ACOLITE,ACOLITE_only,closure,Dinophysis_norvegica,1,205,0.0,0.15519
grid,ACOLITE,ACOLITE_only,closure,Dinophysis_norvegica,2,4,0.0,0.22738
grid,ACOLITE,ACOLITE_only,closure,Dinophysis_norvegica,3,7,0.0,0.00853
grid,ACOLITE,ACOLITE_only,closure,Dinophysis_norvegica,4,7,0.0,0.01113
grid,ACOLITE,ACOLITE_only,closure,Dinophysis_norvegica,5,5,0.0,0.00989
grid,ACOLITE,ACOLITE_only,closure,Dinophysis_norvegica,6,5,0.0,0.02694
grid,ACOLITE,ACOLITE_only,closure,Dinophysis_norvegica,7,6,0.0,0.02231
grid,ACOLITE,ACOLITE_only,closure,Dinophysis_norvegica,8,7,0.0,0.04479
grid,ACOLITE,ACOLITE_only,closure,Dinophysis_norvegica,9,5,0.0,0.04929
grid,ACOLITE,ACOLITE_roms,closure,Dinophysis_norvegica,0,4,0.0,0.01339
grid,ACOLITE,ACOLITE_roms,closure,Dinophysis_norvegica,1,205,0.0,0.14863
grid,ACOLITE,ACOLITE_roms,closure,Dinophysis_norvegica,2,4,0.0,0.08661
grid,ACOLITE,ACOLITE_roms,closure,Dinophysis_norvegica,3,7,0.0,0.00836
grid,ACOLITE,ACOLITE_roms,closure,Dinophysis_norvegica,4,7,0.0,0.02852
grid,ACOLITE,ACOLITE_roms,closure,Dinophysis_norvegica,5,5,0.0,0.03285
grid,ACOLITE,ACOLITE_roms,closure,Dinophysis_norvegica,6,5,0.0,0.03771
grid,ACOLITE,ACOLITE_roms,closure,Dinophysis_norvegica,7,6,0.0,0.09269
grid,ACOLITE,ACOLITE_roms,closure,Dinophysis_norvegica,8,7,0.0,0.03997
grid,ACOLITE,ACOLITE_roms,closure,Dinophysis_norvegica,9,5,0.0,0.06276
grid,ACOLITE,ACOLITE_only,closure,Karenia,0,36,0.32911,0.46343
grid,ACOLITE,ACOLITE_only,closure,Karenia,1,26,0.58537,0.56362
grid,ACOLITE,ACOLITE_only,closure,Karenia,2,655,0.49564,0.57695
grid,ACOLITE,ACOLITE_only,closure,Karenia,3,47,0.71429,0.7887
grid,ACOLITE,ACOLITE_only,closure,Karenia,4,52,0.66667,0.65979
grid,ACOLITE,ACOLITE_only,closure,Karenia,5,191,0.65761,0.71373
grid,ACOLITE,ACOLITE_only,closure,Karenia,6,48,0.7191,0.77604
grid,ACOLITE,ACOLITE_only,closure,Karenia,7,56,0.4,0.7181
grid,ACOLITE,ACOLITE_only,closure,Karenia,8,54,0.62791,0.78413
grid,ACOLITE,ACOLITE_only,closure,Karenia,9,47,0.74157,0.81515
grid,ACOLITE,ACOLITE_roms,closure,Karenia,0,36,0.22857,0.49026
grid,ACOLITE,ACOLITE_roms,closure,Karenia,1,26,0.66667,0.59384
grid,ACOLITE,ACOLITE_roms,closure,Karenia,2,655,0.35991,0.58386
grid,ACOLITE,ACOLITE_roms,closure,Karenia,3,47,0.81319,0.84751
grid,ACOLITE,ACOLITE_roms,closure,Karenia,4,52,0.73469,0.66918
grid,ACOLITE,ACOLITE_roms,closure,Karenia,5,191,0.65263,0.70369
grid,ACOLITE,ACOLITE_roms,closure,Karenia,6,48,0.83673,0.84337
grid,ACOLITE,ACOLITE_roms,closure,Karenia,7,56,0.71154,0.77312
grid,ACOLITE,ACOLITE_roms,closure,Karenia,8,54,0.72527,0.84514
grid,ACOLITE,ACOLITE_roms,closure,Karenia,9,47,0.8,0.82767
grid,ACOLITE,ACOLITE_only,closure,Pseudo-nitzschia,0,22,0.64706,0.68362
grid,ACOLITE,ACOLITE_only,closure,Pseudo-nitzschia,1,132,0.0,0.14122
grid,ACOLITE,ACOLITE_only,closure,Pseudo-nitzschia,2,19,0.4,0.68258
grid,ACOLITE,ACOLITE_only,closure,Pseudo-nitzschia,3,31,0.46512,0.36636
grid,ACOLITE,ACOLITE_only,closure,Pseudo-nitzschia,4,58,0.14706,0.1884
grid,ACOLITE,ACOLITE_only,closure,Pseudo-nitzschia,5,25,0.59459,0.69666
grid,ACOLITE,ACOLITE_only,closure,Pseudo-nitzschia,6,20,0.2963,0.31076
grid,ACOLITE,ACOLITE_only,closure,Pseudo-nitzschia,7,20,0.2963,0.54243
grid,ACOLITE,ACOLITE_only,closure,Pseudo-nitzschia,8,25,0.41176,0.66001
grid,ACOLITE,ACOLITE_only,closure,Pseudo-nitzschia,9,26,0.22857,0.4732
grid,ACOLITE,ACOLITE_roms,closure,Pseudo-nitzschia,0,22,0.68571,0.72995
grid,ACOLITE,ACOLITE_roms,closure,Pseudo-nitzschia,1,132,0.0,0.12462
grid,ACOLITE,ACOLITE_roms,closure,Pseudo-nitzschia,2,19,0.41667,0.73548
grid,ACOLITE,ACOLITE_roms,closure,Pseudo-nitzschia,3,31,0.54545,0.52289
grid,ACOLITE,ACOLITE_roms,closure,Pseudo-nitzschia,4,58,0.21918,0.20317
grid,ACOLITE,ACOLITE_roms,closure,Pseudo-nitzschia,5,25,0.63158,0.82827
grid,ACOLITE,ACOLITE_roms,closure,Pseudo-nitzschia,6,20,0.41379,0.38799
grid,ACOLITE,ACOLITE_roms,closure,Pseudo-nitzschia,7,20,0.46667,0.66063
grid,ACOLITE,ACOLITE_roms,closure,Pseudo-nitzschia,8,25,0.69767,0.7576
grid,ACOLITE,ACOLITE_roms,closure,Pseudo-nitzschia,9,26,0.53333,0.54161
grid,Baseline,Baseline_only,closure,Alexandrium_catenella,0,54,0.5,0.62755
grid,Baseline,Baseline_only,closure,Alexandrium_catenella,1,641,0.0355,0.44692
grid,Baseline,Baseline_only,closure,Alexandrium_catenella,2,58,0.55102,0.59171
grid,Baseline,Baseline_only,closure,Alexandrium_catenella,3,81,0.44898,0.47497
grid,Baseline,Baseline_only,closure,Alexandrium_catenella,4,150,0.13575,0.23112
grid,Baseline,Baseline_only,closure,Alexandrium_catenella,5,62,0.48889,0.63763
grid,Baseline,Baseline_only,closure,Alexandrium_catenella,6,67,0.38,0.41659
grid,Baseline,Baseline_only,closure,Alexandrium_catenella,7,64,0.44186,0.64644
grid,Baseline,Baseline_only,closure,Alexandrium_catenella,8,66,0.41584,0.50303
grid,Baseline,Baseline_only,closure,Alexandrium_catenella,9,60,0.55357,0.57623
grid,Baseline,Baseline_roms,closure,Alexandrium_catenella,0,54,0.74468,0.86952
grid,Baseline,Baseline_roms,closure,Alexandrium_catenella,1,641,0.02757,0.47477
grid,Baseline,Baseline_roms,closure,Alexandrium_catenella,2,58,0.72549,0.8188
grid,Baseline,Baseline_roms,closure,Alexandrium_catenella,3,81,0.53125,0.49166
grid,Baseline,Baseline_roms,closure,Alexandrium_catenella,4,150,0.17175,0.20129
grid,Baseline,Baseline_roms,closure,Alexandrium_catenella,5,62,0.52174,0.68852
grid,Baseline,Baseline_roms,closure,Alexandrium_catenella,6,67,0.47706,0.47348
grid,Baseline,Baseline_roms,closure,Alexandrium_catenella,7,64,0.66,0.74843
grid,Baseline,Baseline_roms,closure,Alexandrium_catenella,8,66,0.50526,0.61154
grid,Baseline,Baseline_roms,closure,Alexandrium_catenella,9,60,0.62857,0.66188
grid,Baseline,Baseline_only,closure,Dinophysis_acuminata,0,22,0.18667,0.14379
grid,Baseline,Baseline_only,closure,Dinophysis_acuminata,1,834,0.56223,0.705
grid,Baseline,Baseline_only,closure,Dinophysis_acuminata,2,31,0.16,0.07962
grid,Baseline,Baseline_only,closure,Dinophysis_acuminata,3,443,0.71895,0.66088
grid,Baseline,Baseline_only,closure,Dinophysis_acuminata,4,502,0.89093,0.93821
grid,Baseline,Baseline_only,closure,Dinophysis_acuminata,5,51,0.35897,0.43101
grid,Baseline,Baseline_only,closure,Dinophysis_acuminata,6,55,0.11009,0.12783
grid,Baseline,Baseline_only,closure,Dinophysis_acuminata,7,51,0.21333,0.24382
grid,Baseline,Baseline_only,closure,Dinophysis_acuminata,8,52,0.16129,0.28362
grid,Baseline,Baseline_only,closure,Dinophysis_acuminata,9,50,0.12698,0.25357
grid,Baseline,Baseline_roms,closure,Dinophysis_acuminata,0,22,0.25532,0.25752
grid,Baseline,Baseline_roms,closure,Dinophysis_acuminata,1,834,0.37885,0.7073
grid,Baseline,Baseline_roms,closure,Dinophysis_acuminata,2,31,0.19048,0.15739
grid,Baseline,Baseline_roms,closure,Dinophysis_acuminata,3,443,0.50243,0.56223
grid,Baseline,Baseline_roms,closure,Dinophysis_acuminata,4,502,0.61518,0.90815
grid,Baseline,Baseline_roms,closure,Dinophysis_acuminata,5,51,0.475,0.57048
grid,Baseline,Baseline_roms,closure,Dinophysis_acuminata,6,55,0.13793,0.14658
grid,Baseline,Baseline_roms,closure,Dinophysis_acuminata,7,51,0.31707,0.30676
grid,Baseline,Baseline_roms,closure,Dinophysis_acuminata,8,52,0.22581,0.39133
grid,Baseline,Baseline_roms,closure,Dinophysis_acuminata,9,50,0.27778,0.41831
grid,Baseline,Baseline_only,closure,Dinophysis_norvegica,0,4,0.0,0.00751
grid,Baseline,Baseline_only,closure,Dinophysis_norvegica,1,205,0.0,0.15253
grid,Baseline,Baseline_only,closure,Dinophysis_norvegica,2,4,0.0,0.05457
grid,Baseline,Baseline_only,closure,Dinophysis_norvegica,3,7,0.0,0.01233
grid,Baseline,Baseline_only,closure,Dinophysis_norvegica,4,7,0.0,0.02149
grid,Baseline,Baseline_only,closure,Dinophysis_norvegica,5,5,0.0,0.03967
grid,Baseline,Baseline_only,closure,Dinophysis_norvegica,6,5,0.0,0.02395
grid,Baseline,Baseline_only,closure,Dinophysis_norvegica,7,6,0.0,0.05663
grid,Baseline,Baseline_only,closure,Dinophysis_norvegica,8,7,0.0,0.16918
grid,Baseline,Baseline_only,closure,Dinophysis_norvegica,9,5,0.0,0.0142
grid,Baseline,Baseline_roms,closure,Dinophysis_norvegica,0,4,0.0,0.00851
grid,Baseline,Baseline_roms,closure,Dinophysis_norvegica,1,205,0.0,0.15222
grid,Baseline,Baseline_roms,closure,Dinophysis_norvegica,2,4,0.0,0.04155
grid,Baseline,Baseline_roms,closure,Dinophysis_norvegica,3,7,0.0,0.01024
grid,Baseline,Baseline_roms,closure,Dinophysis_norvegica,4,7,0.0,0.0108
grid,Baseline,Baseline_roms,closure,Dinophysis_norvegica,5,5,0.0,0.03196
grid,Baseline,Baseline_roms,closure,Dinophysis_norvegica,6,5,0.0,0.01854
grid,Baseline,Baseline_roms,closure,Dinophysis_norvegica,7,6,0.0,0.07979
grid,Baseline,Baseline_roms,closure,Dinophysis_norvegica,8,7,0.0,0.07497
grid,Baseline,Baseline_roms,closure,Dinophysis_norvegica,9,5,0.0,0.0331
grid,Baseline,Baseline_only,closure,Karenia,0,36,0.31461,0.36633
grid,Baseline,Baseline_only,closure,Karenia,1,26,0.46154,0.4439
grid,Baseline,Baseline_only,closure,Karenia,2,655,0.29882,0.59357
grid,Baseline,Baseline_only,closure,Karenia,3,47,0.58333,0.76084
grid,Baseline,Baseline_only,closure,Karenia,4,52,0.52273,0.63732
grid,Baseline,Baseline_only,closure,Karenia,5,191,0.6621,0.63708
grid,Baseline,Baseline_only,closure,Karenia,6,48,0.65116,0.73343
grid,Baseline,Baseline_only,closure,Karenia,7,56,0.44186,0.58772
grid,Baseline,Baseline_only,closure,Karenia,8,54,0.45946,0.69519
grid,Baseline,Baseline_only,closure,Karenia,9,47,0.6506,0.74235
grid,Baseline,Baseline_roms,closure,Karenia,0,36,0.38776,0.4872
grid,Baseline,Baseline_roms,closure,Karenia,1,26,0.66667,0.59714
grid,Baseline,Baseline_roms,closure,Karenia,2,655,0.34216,0.5692
grid,Baseline,Baseline_roms,closure,Karenia,3,47,0.79545,0.8267
grid,Baseline,Baseline_roms,closure,Karenia,4,52,0.65347,0.6667
grid,Baseline,Baseline_roms,closure,Karenia,5,191,0.68182,0.66841
grid,Baseline,Baseline_roms,closure,Karenia,6,48,0.73333,0.78609
grid,Baseline,Baseline_roms,closure,Karenia,7,56,0.50549,0.72293
grid,Baseline,Baseline_roms,closure,Karenia,8,54,0.59524,0.80325
grid,Baseline,Baseline_roms,closure,Karenia,9,47,0.71739,0.82015
grid,Baseline,Baseline_only,closure,Pseudo-nitzschia,0,22,0.51613,0.73557
grid,Baseline,Baseline_only,closure,Pseudo-nitzschia,1,132,0.0,0.10269
grid,Baseline,Baseline_only,closure,Pseudo-nitzschia,2,19,0.0,0.37088
grid,Baseline,Baseline_only,closure,Pseudo-nitzschia,3,31,0.44898,0.40314
grid,Baseline,Baseline_only,closure,Pseudo-nitzschia,4,58,0.20779,0.16665
grid,Baseline,Baseline_only,closure,Pseudo-nitzschia,5,25,0.4375,0.70945
grid,Baseline,Baseline_only,closure,Pseudo-nitzschia,6,20,0.08333,0.2007
grid,Baseline,Baseline_only,closure,Pseudo-nitzschia,7,20,0.2963,0.58738
grid,Baseline,Baseline_only,closure,Pseudo-nitzschia,8,25,0.26667,0.6289
grid,Baseline,Baseline_only,closure,Pseudo-nitzschia,9,26,0.29412,0.47192
grid,Baseline,Baseline_roms,closure,Pseudo-nitzschia,0,22,0.68571,0.78851
grid,Baseline,Baseline_roms,closure,Pseudo-nitzschia,1,132,0.0,0.12597
grid,Baseline,Baseline_roms,closure,Pseudo-nitzschia,2,19,0.09091,0.55251
grid,Baseline,Baseline_roms,closure,Pseudo-nitzschia,3,31,0.47826,0.58249
grid,Baseline,Baseline_roms,closure,Pseudo-nitzschia,4,58,0.26316,0.20466
grid,Baseline,Baseline_roms,closure,Pseudo-nitzschia,5,25,0.59459,0.79663
grid,Baseline,Baseline_roms,closure,Pseudo-nitzschia,6,20,0.44444,0.37916
grid,Baseline,Baseline_roms,closure,Pseudo-nitzschia,7,20,0.41379,0.64919
grid,Baseline,Baseline_roms,closure,Pseudo-nitzschia,8,25,0.6,0.72738
grid,Baseline,Baseline_roms,closure,Pseudo-nitzschia,9,26,0.5,0.70754
grid,C2RCC,C2RCC_only,closure,Alexandrium_catenella,0,54,0.55422,0.70201
grid,C2RCC,C2RCC_only,closure,Alexandrium_catenella,1,641,0.03318,0.44284
grid,C2RCC,C2RCC_only,closure,Alexandrium_catenella,2,58,0.4,0.54906
grid,C2RCC,C2RCC_only,closure,Alexandrium_catenella,3,81,0.38554,0.38983
grid,C2RCC,C2RCC_only,closure,Alexandrium_catenella,4,150,0.1551,0.21273
grid,C2RCC,C2RCC_only,closure,Alexandrium_catenella,5,62,0.45545,0.55026
grid,C2RCC,C2RCC_only,closure,Alexandrium_catenella,6,67,0.36667,0.35865
grid,C2RCC,C2RCC_only,closure,Alexandrium_catenella,7,64,0.44231,0.53296
grid,C2RCC,C2RCC_only,closure,Alexandrium_catenella,8,66,0.41379,0.4321
grid,C2RCC,C2RCC_only,closure,Alexandrium_catenella,9,60,0.46465,0.51033
grid,C2RCC,C2RCC_roms,closure,Alexandrium_catenella,0,54,0.76596,0.84013
grid,C2RCC,C2RCC_roms,closure,Alexandrium_catenella,1,641,0.01843,0.4884
grid,C2RCC,C2RCC_roms,closure,Alexandrium_catenella,2,58,0.71154,0.77941
grid,C2RCC,C2RCC_roms,closure,Alexandrium_catenella,3,81,0.54098,0.47434
grid,C2RCC,C2RCC_roms,closure,Alexandrium_catenella,4,150,0.20408,0.20912
grid,C2RCC,C2RCC_roms,closure,Alexandrium_catenella,5,62,0.55769,0.64377
grid,C2RCC,C2RCC_roms,closure,Alexandrium_catenella,6,67,0.53333,0.55223
grid,C2RCC,C2RCC_roms,closure,Alexandrium_catenella,7,64,0.62264,0.67205
grid,C2RCC,C2RCC_roms,closure,Alexandrium_catenella,8,66,0.53465,0.62783
grid,C2RCC,C2RCC_roms,closure,Alexandrium_catenella,9,60,0.61224,0.70954
grid,C2RCC,C2RCC_only,closure,Dinophysis_acuminata,0,22,0.04776,0.0274
grid,C2RCC,C2RCC_only,closure,Dinophysis_acuminata,1,834,0.59305,0.6633
grid,C2RCC,C2RCC_only,closure,Dinophysis_acuminata,2,31,0.11667,0.03926
grid,C2RCC,C2RCC_only,closure,Dinophysis_acuminata,3,443,0.50882,0.60435
grid,C2RCC,C2RCC_only,closure,Dinophysis_acuminata,4,502,0.67647,0.90618
grid,C2RCC,C2RCC_only,closure,Dinophysis_acuminata,5,51,0.23077,0.33001
grid,C2RCC,C2RCC_only,closure,Dinophysis_acuminata,6,55,0.19858,0.1522
grid,C2RCC,C2RCC_only,closure,Dinophysis_acuminata,7,51,0.24742,0.25171
grid,C2RCC,C2RCC_only,closure,Dinophysis_acuminata,8,52,0.12821,0.1786
grid,C2RCC,C2RCC_only,closure,Dinophysis_acuminata,9,50,0.30769,0.29739
grid,C2RCC,C2RCC_roms,closure,Dinophysis_acuminata,0,22,0.22222,0.24008
grid,C2RCC,C2RCC_roms,closure,Dinophysis_acuminata,1,834,0.29545,0.68395
grid,C2RCC,C2RCC_roms,closure,Dinophysis_acuminata,2,31,0.08,0.0764
grid,C2RCC,C2RCC_roms,closure,Dinophysis_acuminata,3,443,0.36593,0.58819
grid,C2RCC,C2RCC_roms,closure,Dinophysis_acuminata,4,502,0.52374,0.91148
grid,C2RCC,C2RCC_roms,closure,Dinophysis_acuminata,5,51,0.575,0.62792
grid,C2RCC,C2RCC_roms,closure,Dinophysis_acuminata,6,55,0.19512,0.17854
grid,C2RCC,C2RCC_roms,closure,Dinophysis_acuminata,7,51,0.3908,0.35203
grid,C2RCC,C2RCC_roms,closure,Dinophysis_acuminata,8,52,0.23188,0.33308
grid,C2RCC,C2RCC_roms,closure,Dinophysis_acuminata,9,50,0.40909,0.41824
grid,C2RCC,C2RCC_only,closure,Dinophysis_norvegica,0,4,0.0,0.08633
grid,C2RCC,C2RCC_only,closure,Dinophysis_norvegica,1,205,0.0,0.12682
grid,C2RCC,C2RCC_only,closure,Dinophysis_norvegica,2,4,0.0,0.00589
grid,C2RCC,C2RCC_only,closure,Dinophysis_norvegica,3,7,0.0,0.01033
grid,C2RCC,C2RCC_only,closure,Dinophysis_norvegica,4,7,0.0,0.00894
grid,C2RCC,C2RCC_only,closure,Dinophysis_norvegica,5,5,0.0,0.02258
grid,C2RCC,C2RCC_only,closure,Dinophysis_norvegica,6,5,0.0,0.0133
grid,C2RCC,C2RCC_only,closure,Dinophysis_norvegica,7,6,0.0,0.0135
grid,C2RCC,C2RCC_only,closure,Dinophysis_norvegica,8,7,0.0,0.02471
grid,C2RCC,C2RCC_only,closure,Dinophysis_norvegica,9,5,0.0,0.03183
grid,C2RCC,C2RCC_roms,closure,Dinophysis_norvegica,0,4,0.0,0.02134
grid,C2RCC,C2RCC_roms,closure,Dinophysis_norvegica,1,205,0.0,0.1439
grid,C2RCC,C2RCC_roms,closure,Dinophysis_norvegica,2,4,0.0,0.00293
grid,C2RCC,C2RCC_roms,closure,Dinophysis_norvegica,3,7,0.0,0.00837
grid,C2RCC,C2RCC_roms,closure,Dinophysis_norvegica,4,7,0.0,0.00838
grid,C2RCC,C2RCC_roms,closure,Dinophysis_norvegica,5,5,0.0,0.02725
grid,C2RCC,C2RCC_roms,closure,Dinophysis_norvegica,6,5,0.0,0.01351
grid,C2RCC,C2RCC_roms,closure,Dinophysis_norvegica,7,6,0.0,0.01446
grid,C2RCC,C2RCC_roms,closure,Dinophysis_norvegica,8,7,0.0,0.02855
grid,C2RCC,C2RCC_roms,closure,Dinophysis_norvegica,9,5,0.0,0.04119
grid,C2RCC,C2RCC_only,closure,Karenia,0,36,0.63158,0.63443
grid,C2RCC,C2RCC_only,closure,Karenia,1,26,0.18182,0.27833
grid,C2RCC,C2RCC_only,closure,Karenia,2,655,0.33661,0.51084
grid,C2RCC,C2RCC_only,closure,Karenia,3,47,0.53521,0.6342
grid,C2RCC,C2RCC_only,closure,Karenia,4,52,0.51613,0.59229
grid,C2RCC,C2RCC_only,closure,Karenia,5,191,0.67692,0.6422
grid,C2RCC,C2RCC_only,closure,Karenia,6,48,0.62338,0.71183
grid,C2RCC,C2RCC_only,closure,Karenia,7,56,0.68627,0.67699
grid,C2RCC,C2RCC_only,closure,Karenia,8,54,0.51852,0.65477
grid,C2RCC,C2RCC_only,closure,Karenia,9,47,0.55696,0.70907
grid,C2RCC,C2RCC_roms,closure,Karenia,0,36,0.37398,0.51218
grid,C2RCC,C2RCC_roms,closure,Karenia,1,26,0.66667,0.59264
grid,C2RCC,C2RCC_roms,closure,Karenia,2,655,0.51967,0.53466
grid,C2RCC,C2RCC_roms,closure,Karenia,3,47,0.72941,0.81306
grid,C2RCC,C2RCC_roms,closure,Karenia,4,52,0.66667,0.67051
grid,C2RCC,C2RCC_roms,closure,Karenia,5,191,0.7126,0.64553
grid,C2RCC,C2RCC_roms,closure,Karenia,6,48,0.73913,0.77049
grid,C2RCC,C2RCC_roms,closure,Karenia,7,56,0.77778,0.7694
grid,C2RCC,C2RCC_roms,closure,Karenia,8,54,0.61905,0.82357
grid,C2RCC,C2RCC_roms,closure,Karenia,9,47,0.73684,0.80735
grid,C2RCC,C2RCC_only,closure,Pseudo-nitzschia,0,22,0.23077,0.80004
grid,C2RCC,C2RCC_only,closure,Pseudo-nitzschia,1,132,0.1039,0.11367
grid,C2RCC,C2RCC_only,closure,Pseudo-nitzschia,2,19,0.25,0.41815
grid,C2RCC,C2RCC_only,closure,Pseudo-nitzschia,3,31,0.38095,0.32424
grid,C2RCC,C2RCC_only,closure,Pseudo-nitzschia,4,58,0.14634,0.1351
grid,C2RCC,C2RCC_only,closure,Pseudo-nitzschia,5,25,0.14815,0.61883
grid,C2RCC,C2RCC_only,closure,Pseudo-nitzschia,6,20,0.16,0.17808
grid,C2RCC,C2RCC_only,closure,Pseudo-nitzschia,7,20,0.25,0.42831
grid,C2RCC,C2RCC_only,closure,Pseudo-nitzschia,8,25,0.4,0.59835
grid,C2RCC,C2RCC_only,closure,Pseudo-nitzschia,9,26,0.38889,0.56166
grid,C2RCC,C2RCC_roms,closure,Pseudo-nitzschia,0,22,0.60606,0.90761
grid,C2RCC,C2RCC_roms,closure,Pseudo-nitzschia,1,132,0.0,0.13699
grid,C2RCC,C2RCC_roms,closure,Pseudo-nitzschia,2,19,0.32,0.68149
grid,C2RCC,C2RCC_roms,closure,Pseudo-nitzschia,3,31,0.48889,0.47751
grid,C2RCC,C2RCC_roms,closure,Pseudo-nitzschia,4,58,0.25,0.19227
grid,C2RCC,C2RCC_roms,closure,Pseudo-nitzschia,5,25,0.52941,0.82086
grid,C2RCC,C2RCC_roms,closure,Pseudo-nitzschia,6,20,0.34483,0.30198
grid,C2RCC,C2RCC_roms,closure,Pseudo-nitzschia,7,20,0.38462,0.57155
grid,C2RCC,C2RCC_roms,closure,Pseudo-nitzschia,8,25,0.65,0.70334
grid,C2RCC,C2RCC_roms,closure,Pseudo-nitzschia,9,26,0.61905,0.66079
grid,ACOLITE,ACOLITE_only,warning,Alexandrium_catenella,0,67,0.45545,0.42324
grid,ACOLITE,ACOLITE_only,warning,Alexandrium_catenella,1,85,0.57364,0.51509
grid,ACOLITE,ACOLITE_only,warning,Alexandrium_catenella,2,190,0.26781,0.3406
grid,ACOLITE,ACOLITE_only,warning,Alexandrium_catenella,3,765,0.09797,0.5458
grid,ACOLITE,ACOLITE_only,warning,Alexandrium_catenella,4,76,0.65625,0.73872
grid,ACOLITE,ACOLITE_only,warning,Alexandrium_catenella,5,208,0.31642,0.41627
grid,ACOLITE,ACOLITE_only,warning,Alexandrium_catenella,6,80,0.51471,0.56255
grid,ACOLITE,ACOLITE_only,warning,Alexandrium_catenella,7,76,0.59701,0.65303
grid,ACOLITE,ACOLITE_only,warning,Alexandrium_catenella,8,75,0.57812,0.64031
grid,ACOLITE,ACOLITE_only,warning,Alexandrium_catenella,9,72,0.43411,0.48184
grid,ACOLITE,ACOLITE_roms,warning,Alexandrium_catenella,0,67,0.49485,0.64844
grid,ACOLITE,ACOLITE_roms,warning,Alexandrium_catenella,1,85,0.59701,0.72293
grid,ACOLITE,ACOLITE_roms,warning,Alexandrium_catenella,2,190,0.27615,0.41821
grid,ACOLITE,ACOLITE_roms,warning,Alexandrium_catenella,3,765,0.05993,0.55444
grid,ACOLITE,ACOLITE_roms,warning,Alexandrium_catenella,4,76,0.69173,0.79997
grid,ACOLITE,ACOLITE_roms,warning,Alexandrium_catenella,5,208,0.32854,0.32264
grid,ACOLITE,ACOLITE_roms,warning,Alexandrium_catenella,6,80,0.56716,0.6395
grid,ACOLITE,ACOLITE_roms,warning,Alexandrium_catenella,7,76,0.63768,0.67396
grid,ACOLITE,ACOLITE_roms,warning,Alexandrium_catenella,8,75,0.624,0.69958
grid,ACOLITE,ACOLITE_roms,warning,Alexandrium_catenella,9,72,0.49206,0.60544
grid,ACOLITE,ACOLITE_only,warning,Dinophysis_acuminata,0,280,0.20853,0.25243
grid,ACOLITE,ACOLITE_only,warning,Dinophysis_acuminata,1,336,0.37913,0.4036
grid,ACOLITE,ACOLITE_only,warning,Dinophysis_acuminata,2,726,0.9262,0.94032
grid,ACOLITE,ACOLITE_only,warning,Dinophysis_acuminata,3,1175,0.82762,0.79964
grid,ACOLITE,ACOLITE_only,warning,Dinophysis_acuminata,4,175,0.43165,0.52032
grid,ACOLITE,ACOLITE_only,warning,Dinophysis_acuminata,5,587,0.91674,0.93986
grid,ACOLITE,ACOLITE_only,warning,Dinophysis_acuminata,6,147,0.48763,0.4536
grid,ACOLITE,ACOLITE_only,warning,Dinophysis_acuminata,7,145,0.45133,0.52981
grid,ACOLITE,ACOLITE_only,warning,Dinophysis_acuminata,8,153,0.4186,0.49579
grid,ACOLITE,ACOLITE_only,warning,Dinophysis_acuminata,9,157,0.58675,0.59034
grid,ACOLITE,ACOLITE_roms,warning,Dinophysis_acuminata,0,280,0.20556,0.27188
grid,ACOLITE,ACOLITE_roms,warning,Dinophysis_acuminata,1,336,0.33471,0.45543
grid,ACOLITE,ACOLITE_roms,warning,Dinophysis_acuminata,2,726,0.9072,0.92031
grid,ACOLITE,ACOLITE_roms,warning,Dinophysis_acuminata,3,1175,0.79685,0.80059
grid,ACOLITE,ACOLITE_roms,warning,Dinophysis_acuminata,4,175,0.46263,0.53238
grid,ACOLITE,ACOLITE_roms,warning,Dinophysis_acuminata,5,587,0.91099,0.92542
grid,ACOLITE,ACOLITE_roms,warning,Dinophysis_acuminata,6,147,0.4811,0.43732
grid,ACOLITE,ACOLITE_roms,warning,Dinophysis_acuminata,7,145,0.46957,0.58365
grid,ACOLITE,ACOLITE_roms,warning,Dinophysis_acuminata,8,153,0.47328,0.51488
grid,ACOLITE,ACOLITE_roms,warning,Dinophysis_acuminata,9,157,0.64214,0.69248
grid,ACOLITE,ACOLITE_only,warning,Dinophysis_norvegica,0,36,0.0,0.04201
grid,ACOLITE,ACOLITE_only,warning,Dinophysis_norvegica,1,52,0.06897,0.09232
grid,ACOLITE,ACOLITE_only,warning,Dinophysis_norvegica,2,136,0.07229,0.15751
grid,ACOLITE,ACOLITE_only,warning,Dinophysis_norvegica,3,755,0.0,0.4722
grid,ACOLITE,ACOLITE_only,warning,Dinophysis_norvegica,4,51,0.13793,0.25977
grid,ACOLITE,ACOLITE_only,warning,Dinophysis_norvegica,5,59,0.08187,0.05819
grid,ACOLITE,ACOLITE_only,warning,Dinophysis_norvegica,6,45,0.04,0.13138
grid,ACOLITE,ACOLITE_only,warning,Dinophysis_norvegica,7,46,0.0,0.17945
grid,ACOLITE,ACOLITE_only,warning,Dinophysis_norvegica,8,44,0.10714,0.18222
grid,ACOLITE,ACOLITE_only,warning,Dinophysis_norvegica,9,47,0.08824,0.15265
grid,ACOLITE,ACOLITE_roms,warning,Dinophysis_norvegica,0,36,0.09524,0.08033
grid,ACOLITE,ACOLITE_roms,warning,Dinophysis_norvegica,1,52,0.03448,0.09411
grid,ACOLITE,ACOLITE_roms,warning,Dinophysis_norvegica,2,136,0.09877,0.17416
grid,ACOLITE,ACOLITE_roms,warning,Dinophysis_norvegica,3,755,0.0,0.50002
grid,ACOLITE,ACOLITE_roms,warning,Dinophysis_norvegica,4,51,0.13333,0.23429
grid,ACOLITE,ACOLITE_roms,warning,Dinophysis_norvegica,5,59,0.07175,0.05988
grid,ACOLITE,ACOLITE_roms,warning,Dinophysis_norvegica,6,45,0.03846,0.15006
grid,ACOLITE,ACOLITE_roms,warning,Dinophysis_norvegica,7,46,0.0678,0.1621
grid,ACOLITE,ACOLITE_roms,warning,Dinophysis_norvegica,8,44,0.11111,0.18215
grid,ACOLITE,ACOLITE_roms,warning,Dinophysis_norvegica,9,47,0.09677,0.14238
grid,ACOLITE,ACOLITE_only,warning,Karenia,0,925,0.59902,0.80313
grid,ACOLITE,ACOLITE_only,warning,Karenia,1,140,0.32287,0.40513
grid,ACOLITE,ACOLITE_only,warning,Karenia,2,109,0.57471,0.58238
grid,ACOLITE,ACOLITE_only,warning,Karenia,3,252,0.21769,0.41013
grid,ACOLITE,ACOLITE_only,warning,Karenia,4,438,0.95602,0.98926
grid,ACOLITE,ACOLITE_only,warning,Karenia,5,136,0.66957,0.7364
grid,ACOLITE,ACOLITE_only,warning,Karenia,6,115,0.71154,0.78453
grid,ACOLITE,ACOLITE_only,warning,Karenia,7,130,0.625,0.81283
grid,ACOLITE,ACOLITE_only,warning,Karenia,8,122,0.58537,0.75507
grid,ACOLITE,ACOLITE_only,warning,Karenia,9,114,0.67725,0.82219
grid,ACOLITE,ACOLITE_roms,warning,Karenia,0,925,0.81971,0.90041
grid,ACOLITE,ACOLITE_roms,warning,Karenia,1,140,0.27856,0.56065
grid,ACOLITE,ACOLITE_roms,warning,Karenia,2,109,0.57843,0.60215
grid,ACOLITE,ACOLITE_roms,warning,Karenia,3,252,0.19788,0.43414
grid,ACOLITE,ACOLITE_roms,warning,Karenia,4,438,0.95935,0.99129
grid,ACOLITE,ACOLITE_roms,warning,Karenia,5,136,0.68313,0.74685
grid,ACOLITE,ACOLITE_roms,warning,Karenia,6,115,0.73394,0.83394
grid,ACOLITE,ACOLITE_roms,warning,Karenia,7,130,0.6729,0.84915
grid,ACOLITE,ACOLITE_roms,warning,Karenia,8,122,0.64516,0.80706
grid,ACOLITE,ACOLITE_roms,warning,Karenia,9,114,0.81951,0.89622
grid,ACOLITE,ACOLITE_only,warning,Pseudo-nitzschia,0,103,0.525,0.5794
grid,ACOLITE,ACOLITE_only,warning,Pseudo-nitzschia,1,115,0.30909,0.50584
grid,ACOLITE,ACOLITE_only,warning,Pseudo-nitzschia,2,203,0.28092,0.30549
grid,ACOLITE,ACOLITE_only,warning,Pseudo-nitzschia,3,828,0.397,0.61711
grid,ACOLITE,ACOLITE_only,warning,Pseudo-nitzschia,4,117,0.67005,0.79842
grid,ACOLITE,ACOLITE_only,warning,Pseudo-nitzschia,5,305,0.5082,0.52172
grid,ACOLITE,ACOLITE_only,warning,Pseudo-nitzschia,6,111,0.61458,0.69775
grid,ACOLITE,ACOLITE_only,warning,Pseudo-nitzschia,7,112,0.69652,0.76836
grid,ACOLITE,ACOLITE_only,warning,Pseudo-nitzschia,8,110,0.51934,0.63937
grid,ACOLITE,ACOLITE_only,warning,Pseudo-nitzschia,9,117,0.63348,0.67197
grid,ACOLITE,ACOLITE_roms,warning,Pseudo-nitzschia,0,103,0.70056,0.70081
grid,ACOLITE,ACOLITE_roms,warning,Pseudo-nitzschia,1,115,0.4,0.53579
grid,ACOLITE,ACOLITE_roms,warning,Pseudo-nitzschia,2,203,0.35567,0.42656
grid,ACOLITE,ACOLITE_roms,warning,Pseudo-nitzschia,3,828,0.34706,0.62289
grid,ACOLITE,ACOLITE_roms,warning,Pseudo-nitzschia,4,117,0.74286,0.84617
grid,ACOLITE,ACOLITE_roms,warning,Pseudo-nitzschia,5,305,0.49558,0.50627
grid,ACOLITE,ACOLITE_roms,warning,Pseudo-nitzschia,6,111,0.6798,0.7693
grid,ACOLITE,ACOLITE_roms,warning,Pseudo-nitzschia,7,112,0.67299,0.79205
grid,ACOLITE,ACOLITE_roms,warning,Pseudo-nitzschia,8,110,0.63333,0.78573
grid,ACOLITE,ACOLITE_roms,warning,Pseudo-nitzschia,9,117,0.64253,0.74119
grid,Baseline,Baseline_only,warning,Alexandrium_catenella,0,67,0.32941,0.32909
grid,Baseline,Baseline_only,warning,Alexandrium_catenella,1,85,0.37349,0.43944
grid,Baseline,Baseline_only,warning,Alexandrium_catenella,2,190,0.24818,0.34121
grid,Baseline,Baseline_only,warning,Alexandrium_catenella,3,765,0.09058,0.52386
grid,Baseline,Baseline_only,warning,Alexandrium_catenella,4,76,0.56115,0.67421
grid,Baseline,Baseline_only,warning,Alexandrium_catenella,5,208,0.23565,0.36517
grid,Baseline,Baseline_only,warning,Alexandrium_catenella,6,80,0.44094,0.49224
grid,Baseline,Baseline_only,warning,Alexandrium_catenella,7,76,0.52459,0.62911
grid,Baseline,Baseline_only,warning,Alexandrium_catenella,8,75,0.45528,0.58829
grid,Baseline,Baseline_only,warning,Alexandrium_catenella,9,72,0.36975,0.445
grid,Baseline,Baseline_roms,warning,Alexandrium_catenella,0,67,0.45652,0.60561
grid,Baseline,Baseline_roms,warning,Alexandrium_catenella,1,85,0.57364,0.72271
grid,Baseline,Baseline_roms,warning,Alexandrium_catenella,2,190,0.25833,0.38739
grid,Baseline,Baseline_roms,warning,Alexandrium_catenella,3,765,0.07152,0.54523
grid,Baseline,Baseline_roms,warning,Alexandrium_catenella,4,76,0.65753,0.78196
grid,Baseline,Baseline_roms,warning,Alexandrium_catenella,5,208,0.31818,0.34752
grid,Baseline,Baseline_roms,warning,Alexandrium_catenella,6,80,0.46774,0.57883
grid,Baseline,Baseline_roms,warning,Alexandrium_catenella,7,76,0.64662,0.70036
grid,Baseline,Baseline_roms,warning,Alexandrium_catenella,8,75,0.48739,0.64297
grid,Baseline,Baseline_roms,warning,Alexandrium_catenella,9,72,0.44828,0.57258
grid,Baseline,Baseline_only,warning,Dinophysis_acuminata,0,280,0.11411,0.18721
grid,Baseline,Baseline_only,warning,Dinophysis_acuminata,1,336,0.39884,0.37652
grid,Baseline,Baseline_only,warning,Dinophysis_acuminata,2,726,0.9375,0.95502
grid,Baseline,Baseline_only,warning,Dinophysis_acuminata,3,1175,0.70087,0.822
grid,Baseline,Baseline_only,warning,Dinophysis_acuminata,4,175,0.43902,0.51455
grid,Baseline,Baseline_only,warning,Dinophysis_acuminata,5,587,0.91624,0.95548
grid,Baseline,Baseline_only,warning,Dinophysis_acuminata,6,147,0.47719,0.42841
grid,Baseline,Baseline_only,warning,Dinophysis_acuminata,7,145,0.36364,0.46533
grid,Baseline,Baseline_only,warning,Dinophysis_acuminata,8,153,0.38866,0.46258
grid,Baseline,Baseline_only,warning,Dinophysis_acuminata,9,157,0.59107,0.56105
grid,Baseline,Baseline_roms,warning,Dinophysis_acuminata,0,280,0.18235,0.21633
grid,Baseline,Baseline_roms,warning,Dinophysis_acuminata,1,336,0.2875,0.43446
grid,Baseline,Baseline_roms,warning,Dinophysis_acuminata,2,726,0.93822,0.92963
grid,Baseline,Baseline_roms,warning,Dinophysis_acuminata,3,1175,0.67673,0.81245
grid,Baseline,Baseline_roms,warning,Dinophysis_acuminata,4,175,0.43056,0.51049
grid,Baseline,Baseline_roms,warning,Dinophysis_acuminata,5,587,0.92494,0.9323
grid,Baseline,Baseline_roms,warning,Dinophysis_acuminata,6,147,0.49296,0.45442
grid,Baseline,Baseline_roms,warning,Dinophysis_acuminata,7,145,0.45217,0.54048
grid,Baseline,Baseline_roms,warning,Dinophysis_acuminata,8,153,0.41975,0.50461
grid,Baseline,Baseline_roms,warning,Dinophysis_acuminata,9,157,0.61538,0.65915
grid,Baseline,Baseline_only,warning,Dinophysis_norvegica,0,36,0.0,0.06683
grid,Baseline,Baseline_only,warning,Dinophysis_norvegica,1,52,0.0,0.06163
grid,Baseline,Baseline_only,warning,Dinophysis_norvegica,2,136,0.01399,0.16417
grid,Baseline,Baseline_only,warning,Dinophysis_norvegica,3,755,0.0,0.49935
grid,Baseline,Baseline_only,warning,Dinophysis_norvegica,4,51,0.06897,0.16132
grid,Baseline,Baseline_only,warning,Dinophysis_norvegica,5,59,0.08284,0.07435
grid,Baseline,Baseline_only,warning,Dinophysis_norvegica,6,45,0.0,0.17568
grid,Baseline,Baseline_only,warning,Dinophysis_norvegica,7,46,0.0,0.1779
grid,Baseline,Baseline_only,warning,Dinophysis_norvegica,8,44,0.07692,0.13333
grid,Baseline,Baseline_only,warning,Dinophysis_norvegica,9,47,0.03226,0.13296
grid,Baseline,Baseline_roms,warning,Dinophysis_norvegica,0,36,0.05263,0.09525
grid,Baseline,Baseline_roms,warning,Dinophysis_norvegica,1,52,0.0,0.11476
grid,Baseline,Baseline_roms,warning,Dinophysis_norvegica,2,136,0.0,0.17105
grid,Baseline,Baseline_roms,warning,Dinophysis_norvegica,3,755,0.0,0.51436
grid,Baseline,Baseline_roms,warning,Dinophysis_norvegica,4,51,0.06557,0.18868
grid,Baseline,Baseline_roms,warning,Dinophysis_norvegica,5,59,0.07048,0.05876
grid,Baseline,Baseline_roms,warning,Dinophysis_norvegica,6,45,0.14286,0.242
grid,Baseline,Baseline_roms,warning,Dinophysis_norvegica,7,46,0.07273,0.18089
grid,Baseline,Baseline_roms,warning,Dinophysis_norvegica,8,44,0.07143,0.15553
grid,Baseline,Baseline_roms,warning,Dinophysis_norvegica,9,47,0.03448,0.15616
grid,Baseline,Baseline_only,warning,Karenia,0,925,0.85352,0.93205
grid,Baseline,Baseline_only,warning,Karenia,1,140,0.55914,0.53366
grid,Baseline,Baseline_only,warning,Karenia,2,109,0.49485,0.56008
grid,Baseline,Baseline_only,warning,Karenia,3,252,0.25915,0.35398
grid,Baseline,Baseline_only,warning,Karenia,4,438,0.94845,0.98948
grid,Baseline,Baseline_only,warning,Karenia,5,136,0.60444,0.67347
grid,Baseline,Baseline_only,warning,Karenia,6,115,0.64921,0.74076
grid,Baseline,Baseline_only,warning,Karenia,7,130,0.62069,0.8063
grid,Baseline,Baseline_only,warning,Karenia,8,122,0.46875,0.64677
grid,Baseline,Baseline_only,warning,Karenia,9,114,0.69,0.80401
grid,Baseline,Baseline_roms,warning,Karenia,0,925,0.79339,0.89355
grid,Baseline,Baseline_roms,warning,Karenia,1,140,0.42544,0.61067
grid,Baseline,Baseline_roms,warning,Karenia,2,109,0.60377,0.64544
grid,Baseline,Baseline_roms,warning,Karenia,3,252,0.2069,0.4002
grid,Baseline,Baseline_roms,warning,Karenia,4,438,0.96528,0.99292
grid,Baseline,Baseline_roms,warning,Karenia,5,136,0.65254,0.71521
grid,Baseline,Baseline_roms,warning,Karenia,6,115,0.70647,0.80753
grid,Baseline,Baseline_roms,warning,Karenia,7,130,0.67299,0.82024
grid,Baseline,Baseline_roms,warning,Karenia,8,122,0.66986,0.83564
grid,Baseline,Baseline_roms,warning,Karenia,9,114,0.77778,0.88884
grid,Baseline,Baseline_only,warning,Pseudo-nitzschia,0,103,0.52121,0.46271
grid,Baseline,Baseline_only,warning,Pseudo-nitzschia,1,115,0.41885,0.40922
grid,Baseline,Baseline_only,warning,Pseudo-nitzschia,2,203,0.34312,0.30996
grid,Baseline,Baseline_only,warning,Pseudo-nitzschia,3,828,0.42122,0.62978
grid,Baseline,Baseline_only,warning,Pseudo-nitzschia,4,117,0.60104,0.72599
grid,Baseline,Baseline_only,warning,Pseudo-nitzschia,5,305,0.46787,0.46709
grid,Baseline,Baseline_only,warning,Pseudo-nitzschia,6,111,0.42222,0.50534
grid,Baseline,Baseline_only,warning,Pseudo-nitzschia,7,112,0.56044,0.68822
grid,Baseline,Baseline_only,warning,Pseudo-nitzschia,8,110,0.44586,0.59177
grid,Baseline,Baseline_only,warning,Pseudo-nitzschia,9,117,0.56158,0.64079
grid,Baseline,Baseline_roms,warning,Pseudo-nitzschia,0,103,0.6506,0.62891
grid,Baseline,Baseline_roms,warning,Pseudo-nitzschia,1,115,0.52212,0.5811
grid,Baseline,Baseline_roms,warning,Pseudo-nitzschia,2,203,0.36923,0.44998
grid,Baseline,Baseline_roms,warning,Pseudo-nitzschia,3,828,0.40864,0.6514
grid,Baseline,Baseline_roms,warning,Pseudo-nitzschia,4,117,0.69484,0.79149
grid,Baseline,Baseline_roms,warning,Pseudo-nitzschia,5,305,0.51594,0.51675
grid,Baseline,Baseline_roms,warning,Pseudo-nitzschia,6,111,0.57754,0.66105
grid,Baseline,Baseline_roms,warning,Pseudo-nitzschia,7,112,0.66332,0.77113
grid,Baseline,Baseline_roms,warning,Pseudo-nitzschia,8,110,0.48447,0.74772
grid,Baseline,Baseline_roms,warning,Pseudo-nitzschia,9,117,0.69091,0.78019
grid,C2RCC,C2RCC_only,warning,Alexandrium_catenella,0,67,0.12881,0.15302
grid,C2RCC,C2RCC_only,warning,Alexandrium_catenella,1,85,0.29442,0.38426
grid,C2RCC,C2RCC_only,warning,Alexandrium_catenella,2,190,0.32727,0.37124
grid,C2RCC,C2RCC_only,warning,Alexandrium_catenella,3,765,0.05412,0.53969
grid,C2RCC,C2RCC_only,warning,Alexandrium_catenella,4,76,0.59701,0.61965
grid,C2RCC,C2RCC_only,warning,Alexandrium_catenella,5,208,0.33773,0.36591
grid,C2RCC,C2RCC_only,warning,Alexandrium_catenella,6,80,0.46154,0.4535
grid,C2RCC,C2RCC_only,warning,Alexandrium_catenella,7,76,0.43902,0.54294
grid,C2RCC,C2RCC_only,warning,Alexandrium_catenella,8,75,0.46269,0.54527
grid,C2RCC,C2RCC_only,warning,Alexandrium_catenella,9,72,0.4031,0.48801
grid,C2RCC,C2RCC_roms,warning,Alexandrium_catenella,0,67,0.47423,0.46582
grid,C2RCC,C2RCC_roms,warning,Alexandrium_catenella,1,85,0.60294,0.67852
grid,C2RCC,C2RCC_roms,warning,Alexandrium_catenella,2,190,0.33202,0.41962
grid,C2RCC,C2RCC_roms,warning,Alexandrium_catenella,3,765,0.05243,0.55777
grid,C2RCC,C2RCC_roms,warning,Alexandrium_catenella,4,76,0.69504,0.78884
grid,C2RCC,C2RCC_roms,warning,Alexandrium_catenella,5,208,0.34707,0.38238
grid,C2RCC,C2RCC_roms,warning,Alexandrium_catenella,6,80,0.52941,0.56613
grid,C2RCC,C2RCC_roms,warning,Alexandrium_catenella,7,76,0.60465,0.65604
grid,C2RCC,C2RCC_roms,warning,Alexandrium_catenella,8,75,0.544,0.63485
grid,C2RCC,C2RCC_roms,warning,Alexandrium_catenella,9,72,0.52101,0.61885
grid,C2RCC,C2RCC_only,warning,Dinophysis_acuminata,0,280,0.10952,0.15097
grid,C2RCC,C2RCC_only,warning,Dinophysis_acuminata,1,336,0.4975,0.38139
grid,C2RCC,C2RCC_only,warning,Dinophysis_acuminata,2,726,0.82615,0.90872
grid,C2RCC,C2RCC_only,warning,Dinophysis_acuminata,3,1175,0.73277,0.79004
grid,C2RCC,C2RCC_only,warning,Dinophysis_acuminata,4,175,0.40994,0.39912
grid,C2RCC,C2RCC_only,warning,Dinophysis_acuminata,5,587,0.85891,0.91717
grid,C2RCC,C2RCC_only,warning,Dinophysis_acuminata,6,147,0.54491,0.49928
grid,C2RCC,C2RCC_only,warning,Dinophysis_acuminata,7,145,0.48464,0.44165
grid,C2RCC,C2RCC_only,warning,Dinophysis_acuminata,8,153,0.41447,0.43816
grid,C2RCC,C2RCC_only,warning,Dinophysis_acuminata,9,157,0.56111,0.56503
grid,C2RCC,C2RCC_roms,warning,Dinophysis_acuminata,0,280,0.15278,0.19694
grid,C2RCC,C2RCC_roms,warning,Dinophysis_acuminata,1,336,0.33663,0.44429
grid,C2RCC,C2RCC_roms,warning,Dinophysis_acuminata,2,726,0.85944,0.92534
grid,C2RCC,C2RCC_roms,warning,Dinophysis_acuminata,3,1175,0.6617,0.79763
grid,C2RCC,C2RCC_roms,warning,Dinophysis_acuminata,4,175,0.45806,0.50376
grid,C2RCC,C2RCC_roms,warning,Dinophysis_acuminata,5,587,0.87957,0.91069
grid,C2RCC,C2RCC_roms,warning,Dinophysis_acuminata,6,147,0.52203,0.51302
grid,C2RCC,C2RCC_roms,warning,Dinophysis_acuminata,7,145,0.45783,0.54953
grid,C2RCC,C2RCC_roms,warning,Dinophysis_acuminata,8,153,0.46479,0.4579
grid,C2RCC,C2RCC_roms,warning,Dinophysis_acuminata,9,157,0.61386,0.66579
grid,C2RCC,C2RCC_only,warning,Dinophysis_norvegica,0,36,0.0292,0.0188
grid,C2RCC,C2RCC_only,warning,Dinophysis_norvegica,1,52,0.0,0.06668
grid,C2RCC,C2RCC_only,warning,Dinophysis_norvegica,2,136,0.03871,0.15854
grid,C2RCC,C2RCC_only,warning,Dinophysis_norvegica,3,755,0.00265,0.45748
grid,C2RCC,C2RCC_only,warning,Dinophysis_norvegica,4,51,0.11628,0.13812
grid,C2RCC,C2RCC_only,warning,Dinophysis_norvegica,5,59,0.0724,0.06385
grid,C2RCC,C2RCC_only,warning,Dinophysis_norvegica,6,45,0.08163,0.19931
grid,C2RCC,C2RCC_only,warning,Dinophysis_norvegica,7,46,0.06897,0.14283
grid,C2RCC,C2RCC_only,warning,Dinophysis_norvegica,8,44,0.06452,0.1379
grid,C2RCC,C2RCC_only,warning,Dinophysis_norvegica,9,47,0.0,0.13258
grid,C2RCC,C2RCC_roms,warning,Dinophysis_norvegica,0,36,0.04651,0.05897
grid,C2RCC,C2RCC_roms,warning,Dinophysis_norvegica,1,52,0.0,0.10555
grid,C2RCC,C2RCC_roms,warning,Dinophysis_norvegica,2,136,0.0,0.16607
grid,C2RCC,C2RCC_roms,warning,Dinophysis_norvegica,3,755,0.0,0.51378
grid,C2RCC,C2RCC_roms,warning,Dinophysis_norvegica,4,51,0.15385,0.17513
grid,C2RCC,C2RCC_roms,warning,Dinophysis_norvegica,5,59,0.07143,0.06573
grid,C2RCC,C2RCC_roms,warning,Dinophysis_norvegica,6,45,0.07407,0.19332
grid,C2RCC,C2RCC_roms,warning,Dinophysis_norvegica,7,46,0.10714,0.14982
grid,C2RCC,C2RCC_roms,warning,Dinophysis_norvegica,8,44,0.07407,0.17037
grid,C2RCC,C2RCC_roms,warning,Dinophysis_norvegica,9,47,0.10345,0.17325
grid,C2RCC,C2RCC_only,warning,Karenia,0,925,0.52913,0.74092
grid,C2RCC,C2RCC_only,warning,Karenia,1,140,0.63636,0.62544
grid,C2RCC,C2RCC_only,warning,Karenia,2,109,0.48148,0.55867
grid,C2RCC,C2RCC_only,warning,Karenia,3,252,0.15017,0.30721
grid,C2RCC,C2RCC_only,warning,Karenia,4,438,0.94432,0.98842
grid,C2RCC,C2RCC_only,warning,Karenia,5,136,0.58772,0.65979
grid,C2RCC,C2RCC_only,warning,Karenia,6,115,0.6943,0.77128
grid,C2RCC,C2RCC_only,warning,Karenia,7,130,0.55385,0.7367
grid,C2RCC,C2RCC_only,warning,Karenia,8,122,0.57143,0.76961
grid,C2RCC,C2RCC_only,warning,Karenia,9,114,0.54971,0.71355
grid,C2RCC,C2RCC_roms,warning,Karenia,0,925,0.59737,0.79409
grid,C2RCC,C2RCC_roms,warning,Karenia,1,140,0.3304,0.57897
grid,C2RCC,C2RCC_roms,warning,Karenia,2,109,0.62827,0.65047
grid,C2RCC,C2RCC_roms,warning,Karenia,3,252,0.2069,0.40018
grid,C2RCC,C2RCC_roms,warning,Karenia,4,438,0.95925,0.99133
grid,C2RCC,C2RCC_roms,warning,Karenia,5,136,0.68619,0.71961
grid,C2RCC,C2RCC_roms,warning,Karenia,6,115,0.73832,0.82628
grid,C2RCC,C2RCC_roms,warning,Karenia,7,130,0.63768,0.8004
grid,C2RCC,C2RCC_roms,warning,Karenia,8,122,0.68269,0.86681
grid,C2RCC,C2RCC_roms,warning,Karenia,9,114,0.74872,0.88023
grid,C2RCC,C2RCC_only,warning,Pseudo-nitzschia,0,103,0.13811,0.20684
grid,C2RCC,C2RCC_only,warning,Pseudo-nitzschia,1,115,0.31429,0.41538
grid,C2RCC,C2RCC_only,warning,Pseudo-nitzschia,2,203,0.28721,0.31984
grid,C2RCC,C2RCC_only,warning,Pseudo-nitzschia,3,828,0.42581,0.62127
grid,C2RCC,C2RCC_only,warning,Pseudo-nitzschia,4,117,0.67337,0.76692
grid,C2RCC,C2RCC_only,warning,Pseudo-nitzschia,5,305,0.53472,0.57272
grid,C2RCC,C2RCC_only,warning,Pseudo-nitzschia,6,111,0.45977,0.56962
grid,C2RCC,C2RCC_only,warning,Pseudo-nitzschia,7,112,0.59067,0.64044
grid,C2RCC,C2RCC_only,warning,Pseudo-nitzschia,8,110,0.43094,0.54627
grid,C2RCC,C2RCC_only,warning,Pseudo-nitzschia,9,117,0.54634,0.57143
grid,C2RCC,C2RCC_roms,warning,Pseudo-nitzschia,0,103,0.42379,0.50342
grid,C2RCC,C2RCC_roms,warning,Pseudo-nitzschia,1,115,0.54545,0.64019
grid,C2RCC,C2RCC_roms,warning,Pseudo-nitzschia,2,203,0.36011,0.39449
grid,C2RCC,C2RCC_roms,warning,Pseudo-nitzschia,3,828,0.39116,0.6261
grid,C2RCC,C2RCC_roms,warning,Pseudo-nitzschia,4,117,0.69268,0.84378
grid,C2RCC,C2RCC_roms,warning,Pseudo-nitzschia,5,305,0.48445,0.54814
grid,C2RCC,C2RCC_roms,warning,Pseudo-nitzschia,6,111,0.66332,0.73016
grid,C2RCC,C2RCC_roms,warning,Pseudo-nitzschia,7,112,0.68063,0.77511
grid,C2RCC,C2RCC_roms,warning,Pseudo-nitzschia,8,110,0.62983,0.73269
grid,C2RCC,C2RCC_roms,warning,Pseudo-nitzschia,9,117,0.67857,0.74611
quadtree_adaptive,ACOLITE,ACOLITE_only,closure,Alexandrium_catenella,0,52,0.69663,0.73767
quadtree_adaptive,ACOLITE,ACOLITE_only,closure,Alexandrium_catenella,1,60,0.41379,0.47615
quadtree_adaptive,ACOLITE,ACOLITE_only,closure,Alexandrium_catenella,2,55,0.74725,0.80283
quadtree_adaptive,ACOLITE,ACOLITE_only,closure,Alexandrium_catenella,3,637,0.0184,0.41943
quadtree_adaptive,ACOLITE,ACOLITE_only,closure,Alexandrium_catenella,4,82,0.28571,0.29391
quadtree_adaptive,ACOLITE,ACOLITE_only,closure,Alexandrium_catenella,5,153,0.18103,0.22319
quadtree_adaptive,ACOLITE,ACOLITE_only,closure,Alexandrium_catenella,6,62,0.54369,0.63193
quadtree_adaptive,ACOLITE,ACOLITE_only,closure,Alexandrium_catenella,7,67,0.55856,0.62801
quadtree_adaptive,ACOLITE,ACOLITE_only,closure,Alexandrium_catenella,8,68,0.42105,0.47645
quadtree_adaptive,ACOLITE,ACOLITE_only,closure,Alexandrium_catenella,9,65,0.51786,0.59619
quadtree_adaptive,ACOLITE,ACOLITE_roms,closure,Alexandrium_catenella,0,52,0.80851,0.877
quadtree_adaptive,ACOLITE,ACOLITE_roms,closure,Alexandrium_catenella,1,60,0.56842,0.66463
quadtree_adaptive,ACOLITE,ACOLITE_roms,closure,Alexandrium_catenella,2,55,0.8,0.90194
quadtree_adaptive,ACOLITE,ACOLITE_roms,closure,Alexandrium_catenella,3,637,0.02164,0.4542
quadtree_adaptive,ACOLITE,ACOLITE_roms,closure,Alexandrium_catenella,4,82,0.42975,0.4265
quadtree_adaptive,ACOLITE,ACOLITE_roms,closure,Alexandrium_catenella,5,153,0.18519,0.22156
quadtree_adaptive,ACOLITE,ACOLITE_roms,closure,Alexandrium_catenella,6,62,0.54369,0.61334
quadtree_adaptive,ACOLITE,ACOLITE_roms,closure,Alexandrium_catenella,7,67,0.58407,0.65506
quadtree_adaptive,ACOLITE,ACOLITE_roms,closure,Alexandrium_catenella,8,68,0.52252,0.54045
quadtree_adaptive,ACOLITE,ACOLITE_roms,closure,Alexandrium_catenella,9,65,0.54206,0.62898
quadtree_adaptive,ACOLITE,ACOLITE_only,closure,Dinophysis_acuminata,0,21,0.375,0.45748
quadtree_adaptive,ACOLITE,ACOLITE_only,closure,Dinophysis_acuminata,1,56,0.24444,0.23876
quadtree_adaptive,ACOLITE,ACOLITE_only,closure,Dinophysis_acuminata,2,22,0.0597,0.04232
quadtree_adaptive,ACOLITE,ACOLITE_only,closure,Dinophysis_acuminata,3,837,0.66786,0.65709
quadtree_adaptive,ACOLITE,ACOLITE_only,closure,Dinophysis_acuminata,4,442,0.712,0.6403
quadtree_adaptive,ACOLITE,ACOLITE_only,closure,Dinophysis_acuminata,5,500,0.82198,0.90644
quadtree_adaptive,ACOLITE,ACOLITE_only,closure,Dinophysis_acuminata,6,48,0.24324,0.29443
quadtree_adaptive,ACOLITE,ACOLITE_only,closure,Dinophysis_acuminata,7,59,0.19259,0.17312
quadtree_adaptive,ACOLITE,ACOLITE_only,closure,Dinophysis_acuminata,8,59,0.26154,0.2722
quadtree_adaptive,ACOLITE,ACOLITE_only,closure,Dinophysis_acuminata,9,49,0.26087,0.28557
quadtree_adaptive,ACOLITE,ACOLITE_roms,closure,Dinophysis_acuminata,0,21,0.6,0.76514
quadtree_adaptive,ACOLITE,ACOLITE_roms,closure,Dinophysis_acuminata,1,56,0.35897,0.39625
quadtree_adaptive,ACOLITE,ACOLITE_roms,closure,Dinophysis_acuminata,2,22,0.42857,0.32904
quadtree_adaptive,ACOLITE,ACOLITE_roms,closure,Dinophysis_acuminata,3,837,0.41965,0.68971
quadtree_adaptive,ACOLITE,ACOLITE_roms,closure,Dinophysis_acuminata,4,442,0.55659,0.6808
quadtree_adaptive,ACOLITE,ACOLITE_roms,closure,Dinophysis_acuminata,5,500,0.56361,0.88658
quadtree_adaptive,ACOLITE,ACOLITE_roms,closure,Dinophysis_acuminata,6,48,0.35135,0.45869
quadtree_adaptive,ACOLITE,ACOLITE_roms,closure,Dinophysis_acuminata,7,59,0.21705,0.20696
quadtree_adaptive,ACOLITE,ACOLITE_roms,closure,Dinophysis_acuminata,8,59,0.35938,0.41229
quadtree_adaptive,ACOLITE,ACOLITE_roms,closure,Dinophysis_acuminata,9,49,0.19718,0.32372
quadtree_adaptive,ACOLITE,ACOLITE_only,closure,Dinophysis_norvegica,0,3,0.0,0.06542
quadtree_adaptive,ACOLITE,ACOLITE_only,closure,Dinophysis_norvegica,1,8,0.0,0.00663
quadtree_adaptive,ACOLITE,ACOLITE_only,closure,Dinophysis_norvegica,2,4,0.0,0.00585
quadtree_adaptive,ACOLITE,ACOLITE_only,closure,Dinophysis_norvegica,3,205,0.0,0.16481
quadtree_adaptive,ACOLITE,ACOLITE_only,closure,Dinophysis_norvegica,4,6,0.0,0.00464
quadtree_adaptive,ACOLITE,ACOLITE_only,closure,Dinophysis_norvegica,5,7,0.0,0.00924
quadtree_adaptive,ACOLITE,ACOLITE_only,closure,Dinophysis_norvegica,6,5,0.0,0.01786
quadtree_adaptive,ACOLITE,ACOLITE_only,closure,Dinophysis_norvegica,7,8,0.0,0.06674
quadtree_adaptive,ACOLITE,ACOLITE_only,closure,Dinophysis_norvegica,8,6,0.0,0.03053
quadtree_adaptive,ACOLITE,ACOLITE_only,closure,Dinophysis_norvegica,9,3,0.0,0.03167
quadtree_adaptive,ACOLITE,ACOLITE_roms,closure,Dinophysis_norvegica,0,3,0.0,0.0502
quadtree_adaptive,ACOLITE,ACOLITE_roms,closure,Dinophysis_norvegica,1,8,0.0,0.12631
quadtree_adaptive,ACOLITE,ACOLITE_roms,closure,Dinophysis_norvegica,2,4,0.0,0.00603
quadtree_adaptive,ACOLITE,ACOLITE_roms,closure,Dinophysis_norvegica,3,205,0.0,0.1472
quadtree_adaptive,ACOLITE,ACOLITE_roms,closure,Dinophysis_norvegica,4,6,0.0,0.00469
quadtree_adaptive,ACOLITE,ACOLITE_roms,closure,Dinophysis_norvegica,5,7,0.0,0.00928
quadtree_adaptive,ACOLITE,ACOLITE_roms,closure,Dinophysis_norvegica,6,5,0.0,0.02638
quadtree_adaptive,ACOLITE,ACOLITE_roms,closure,Dinophysis_norvegica,7,8,0.0,0.07445
quadtree_adaptive,ACOLITE,ACOLITE_roms,closure,Dinophysis_norvegica,8,6,0.0,0.02133
quadtree_adaptive,ACOLITE,ACOLITE_roms,closure,Dinophysis_norvegica,9,3,0.0,0.06227
quadtree_adaptive,ACOLITE,ACOLITE_only,closure,Karenia,0,45,0.64103,0.73469
quadtree_adaptive,ACOLITE,ACOLITE_only,closure,Karenia,1,603,0.42635,0.74591
quadtree_adaptive,ACOLITE,ACOLITE_only,closure,Karenia,2,38,0.63333,0.55029
quadtree_adaptive,ACOLITE,ACOLITE_only,closure,Karenia,3,30,0.42857,0.40318
quadtree_adaptive,ACOLITE,ACOLITE_only,closure,Karenia,4,45,0.81013,0.90506
quadtree_adaptive,ACOLITE,ACOLITE_only,closure,Karenia,5,56,0.78899,0.83253
quadtree_adaptive,ACOLITE,ACOLITE_only,closure,Karenia,6,238,0.5066,0.64284
quadtree_adaptive,ACOLITE,ACOLITE_only,closure,Karenia,7,47,0.61538,0.73808
quadtree_adaptive,ACOLITE,ACOLITE_only,closure,Karenia,8,61,0.46341,0.79804
quadtree_adaptive,ACOLITE,ACOLITE_only,closure,Karenia,9,47,0.51282,0.53834
quadtree_adaptive,ACOLITE,ACOLITE_roms,closure,Karenia,0,45,0.77647,0.70554
quadtree_adaptive,ACOLITE,ACOLITE_roms,closure,Karenia,1,603,0.26238,0.77321
quadtree_adaptive,ACOLITE,ACOLITE_roms,closure,Karenia,2,38,0.82192,0.7849
quadtree_adaptive,ACOLITE,ACOLITE_roms,closure,Karenia,3,30,0.47619,0.4589
quadtree_adaptive,ACOLITE,ACOLITE_roms,closure,Karenia,4,45,0.8046,0.92254
quadtree_adaptive,ACOLITE,ACOLITE_roms,closure,Karenia,5,56,0.80374,0.79462
quadtree_adaptive,ACOLITE,ACOLITE_roms,closure,Karenia,6,238,0.62555,0.65307
quadtree_adaptive,ACOLITE,ACOLITE_roms,closure,Karenia,7,47,0.68235,0.78403
quadtree_adaptive,ACOLITE,ACOLITE_roms,closure,Karenia,8,61,0.73786,0.89573
quadtree_adaptive,ACOLITE,ACOLITE_roms,closure,Karenia,9,47,0.61364,0.5738
quadtree_adaptive,ACOLITE,ACOLITE_only,closure,Pseudo-nitzschia,0,20,0.44444,0.51111
quadtree_adaptive,ACOLITE,ACOLITE_only,closure,Pseudo-nitzschia,1,19,0.1,0.59948
quadtree_adaptive,ACOLITE,ACOLITE_only,closure,Pseudo-nitzschia,2,21,0.42105,0.50294
quadtree_adaptive,ACOLITE,ACOLITE_only,closure,Pseudo-nitzschia,3,132,0.0,0.10537
quadtree_adaptive,ACOLITE,ACOLITE_only,closure,Pseudo-nitzschia,4,26,0.3125,0.37355
quadtree_adaptive,ACOLITE,ACOLITE_only,closure,Pseudo-nitzschia,5,61,0.31169,0.29879
quadtree_adaptive,ACOLITE,ACOLITE_only,closure,Pseudo-nitzschia,6,22,0.42857,0.6772
quadtree_adaptive,ACOLITE,ACOLITE_only,closure,Pseudo-nitzschia,7,25,0.63415,0.60265
quadtree_adaptive,ACOLITE,ACOLITE_only,closure,Pseudo-nitzschia,8,30,0.06061,0.37755
quadtree_adaptive,ACOLITE,ACOLITE_only,closure,Pseudo-nitzschia,9,25,0.52941,0.65567
quadtree_adaptive,ACOLITE,ACOLITE_roms,closure,Pseudo-nitzschia,0,20,0.51613,0.63591
quadtree_adaptive,ACOLITE,ACOLITE_roms,closure,Pseudo-nitzschia,1,19,0.57143,0.73866
quadtree_adaptive,ACOLITE,ACOLITE_roms,closure,Pseudo-nitzschia,2,21,0.5,0.56402
quadtree_adaptive,ACOLITE,ACOLITE_roms,closure,Pseudo-nitzschia,3,132,0.0,0.11548
quadtree_adaptive,ACOLITE,ACOLITE_roms,closure,Pseudo-nitzschia,4,26,0.61538,0.60892
quadtree_adaptive,ACOLITE,ACOLITE_roms,closure,Pseudo-nitzschia,5,61,0.33766,0.32018
quadtree_adaptive,ACOLITE,ACOLITE_roms,closure,Pseudo-nitzschia,6,22,0.42857,0.88599
quadtree_adaptive,ACOLITE,ACOLITE_roms,closure,Pseudo-nitzschia,7,25,0.45714,0.66643
quadtree_adaptive,ACOLITE,ACOLITE_roms,closure,Pseudo-nitzschia,8,30,0.41026,0.60463
quadtree_adaptive,ACOLITE,ACOLITE_roms,closure,Pseudo-nitzschia,9,25,0.65,0.70298
quadtree_adaptive,Baseline,Baseline_only,closure,Alexandrium_catenella,0,52,0.73913,0.8413
quadtree_adaptive,Baseline,Baseline_only,closure,Alexandrium_catenella,1,60,0.4,0.44023
quadtree_adaptive,Baseline,Baseline_only,closure,Alexandrium_catenella,2,55,0.74725,0.74853
quadtree_adaptive,Baseline,Baseline_only,closure,Alexandrium_catenella,3,637,0.02707,0.42599
quadtree_adaptive,Baseline,Baseline_only,closure,Alexandrium_catenella,4,82,0.30667,0.31908
quadtree_adaptive,Baseline,Baseline_only,closure,Alexandrium_catenella,5,153,0.14563,0.25359
quadtree_adaptive,Baseline,Baseline_only,closure,Alexandrium_catenella,6,62,0.47917,0.56356
quadtree_adaptive,Baseline,Baseline_only,closure,Alexandrium_catenella,7,67,0.47619,0.58219
quadtree_adaptive,Baseline,Baseline_only,closure,Alexandrium_catenella,8,68,0.38532,0.4231
quadtree_adaptive,Baseline,Baseline_only,closure,Alexandrium_catenella,9,65,0.5,0.53964
quadtree_adaptive,Baseline,Baseline_roms,closure,Alexandrium_catenella,0,52,0.76404,0.91872
quadtree_adaptive,Baseline,Baseline_roms,closure,Alexandrium_catenella,1,60,0.55172,0.67263
quadtree_adaptive,Baseline,Baseline_roms,closure,Alexandrium_catenella,2,55,0.80851,0.93607
quadtree_adaptive,Baseline,Baseline_roms,closure,Alexandrium_catenella,3,637,0.01546,0.43419
quadtree_adaptive,Baseline,Baseline_roms,closure,Alexandrium_catenella,4,82,0.42975,0.44311
quadtree_adaptive,Baseline,Baseline_roms,closure,Alexandrium_catenella,5,153,0.15773,0.22039
quadtree_adaptive,Baseline,Baseline_roms,closure,Alexandrium_catenella,6,62,0.55446,0.6233
quadtree_adaptive,Baseline,Baseline_roms,closure,Alexandrium_catenella,7,67,0.55046,0.65444
quadtree_adaptive,Baseline,Baseline_roms,closure,Alexandrium_catenella,8,68,0.42857,0.47981
quadtree_adaptive,Baseline,Baseline_roms,closure,Alexandrium_catenella,9,65,0.54902,0.62705
quadtree_adaptive,Baseline,Baseline_only,closure,Dinophysis_acuminata,0,21,0.32,0.41601
quadtree_adaptive,Baseline,Baseline_only,closure,Dinophysis_acuminata,1,56,0.22222,0.31438
quadtree_adaptive,Baseline,Baseline_only,closure,Dinophysis_acuminata,2,22,0.0,0.02367
quadtree_adaptive,Baseline,Baseline_only,closure,Dinophysis_acuminata,3,837,0.56381,0.71466
quadtree_adaptive,Baseline,Baseline_only,closure,Dinophysis_acuminata,4,442,0.73052,0.65545
quadtree_adaptive,Baseline,Baseline_only,closure,Dinophysis_acuminata,5,500,0.87654,0.92916
quadtree_adaptive,Baseline,Baseline_only,closure,Dinophysis_acuminata,6,48,0.36842,0.31737
quadtree_adaptive,Baseline,Baseline_only,closure,Dinophysis_acuminata,7,59,0.13008,0.15265
quadtree_adaptive,Baseline,Baseline_only,closure,Dinophysis_acuminata,8,59,0.36,0.36724
quadtree_adaptive,Baseline,Baseline_only,closure,Dinophysis_acuminata,9,49,0.17647,0.2073
quadtree_adaptive,Baseline,Baseline_roms,closure,Dinophysis_acuminata,0,21,0.55172,0.61332
quadtree_adaptive,Baseline,Baseline_roms,closure,Dinophysis_acuminata,1,56,0.40506,0.41942
quadtree_adaptive,Baseline,Baseline_roms,closure,Dinophysis_acuminata,2,22,0.2963,0.24566
quadtree_adaptive,Baseline,Baseline_roms,closure,Dinophysis_acuminata,3,837,0.37445,0.69425
quadtree_adaptive,Baseline,Baseline_roms,closure,Dinophysis_acuminata,4,442,0.55489,0.58963
quadtree_adaptive,Baseline,Baseline_roms,closure,Dinophysis_acuminata,5,500,0.71117,0.90803
quadtree_adaptive,Baseline,Baseline_roms,closure,Dinophysis_acuminata,6,48,0.36111,0.4403
quadtree_adaptive,Baseline,Baseline_roms,closure,Dinophysis_acuminata,7,59,0.15873,0.17715
quadtree_adaptive,Baseline,Baseline_roms,closure,Dinophysis_acuminata,8,59,0.47423,0.48888
quadtree_adaptive,Baseline,Baseline_roms,closure,Dinophysis_acuminata,9,49,0.23881,0.31741
quadtree_adaptive,Baseline,Baseline_only,closure,Dinophysis_norvegica,0,3,0.0,0.00286
quadtree_adaptive,Baseline,Baseline_only,closure,Dinophysis_norvegica,1,8,0.0,0.18356
quadtree_adaptive,Baseline,Baseline_only,closure,Dinophysis_norvegica,2,4,0.0,0.00526
quadtree_adaptive,Baseline,Baseline_only,closure,Dinophysis_norvegica,3,205,0.0,0.1606
quadtree_adaptive,Baseline,Baseline_only,closure,Dinophysis_norvegica,4,6,0.0,0.00618
quadtree_adaptive,Baseline,Baseline_only,closure,Dinophysis_norvegica,5,7,0.0,0.01039
quadtree_adaptive,Baseline,Baseline_only,closure,Dinophysis_norvegica,6,5,0.0,0.02505
quadtree_adaptive,Baseline,Baseline_only,closure,Dinophysis_norvegica,7,8,0.0,0.04934
quadtree_adaptive,Baseline,Baseline_only,closure,Dinophysis_norvegica,8,6,0.0,0.02083
quadtree_adaptive,Baseline,Baseline_only,closure,Dinophysis_norvegica,9,3,0.0,0.0084
quadtree_adaptive,Baseline,Baseline_roms,closure,Dinophysis_norvegica,0,3,0.0,0.00354
quadtree_adaptive,Baseline,Baseline_roms,closure,Dinophysis_norvegica,1,8,0.0,0.04716
quadtree_adaptive,Baseline,Baseline_roms,closure,Dinophysis_norvegica,2,4,0.0,0.00458
quadtree_adaptive,Baseline,Baseline_roms,closure,Dinophysis_norvegica,3,205,0.0,0.15535
quadtree_adaptive,Baseline,Baseline_roms,closure,Dinophysis_norvegica,4,6,0.0,0.00554
quadtree_adaptive,Baseline,Baseline_roms,closure,Dinophysis_norvegica,5,7,0.0,0.00647
quadtree_adaptive,Baseline,Baseline_roms,closure,Dinophysis_norvegica,6,5,0.0,0.03195
quadtree_adaptive,Baseline,Baseline_roms,closure,Dinophysis_norvegica,7,8,0.0,0.05782
quadtree_adaptive,Baseline,Baseline_roms,closure,Dinophysis_norvegica,8,6,0.0,0.0191
quadtree_adaptive,Baseline,Baseline_roms,closure,Dinophysis_norvegica,9,3,0.0,0.0145
quadtree_adaptive,Baseline,Baseline_only,closure,Karenia,0,45,0.26923,0.36591
quadtree_adaptive,Baseline,Baseline_only,closure,Karenia,1,603,0.34343,0.73348
quadtree_adaptive,Baseline,Baseline_only,closure,Karenia,2,38,0.48649,0.61638
quadtree_adaptive,Baseline,Baseline_only,closure,Karenia,3,30,0.36,0.32091
quadtree_adaptive,Baseline,Baseline_only,closure,Karenia,4,45,0.63889,0.81719
quadtree_adaptive,Baseline,Baseline_only,closure,Karenia,5,56,0.6875,0.81325
quadtree_adaptive,Baseline,Baseline_only,closure,Karenia,6,238,0.53403,0.66696
quadtree_adaptive,Baseline,Baseline_only,closure,Karenia,7,47,0.49315,0.67082
quadtree_adaptive,Baseline,Baseline_only,closure,Karenia,8,61,0.35897,0.76592
quadtree_adaptive,Baseline,Baseline_only,closure,Karenia,9,47,0.39437,0.57655
quadtree_adaptive,Baseline,Baseline_roms,closure,Karenia,0,45,0.28,0.52619
quadtree_adaptive,Baseline,Baseline_roms,closure,Karenia,1,603,0.31928,0.74481
quadtree_adaptive,Baseline,Baseline_roms,closure,Karenia,2,38,0.48,0.72394
quadtree_adaptive,Baseline,Baseline_roms,closure,Karenia,3,30,0.5,0.38684
quadtree_adaptive,Baseline,Baseline_roms,closure,Karenia,4,45,0.77333,0.93807
quadtree_adaptive,Baseline,Baseline_roms,closure,Karenia,5,56,0.78505,0.82652
quadtree_adaptive,Baseline,Baseline_roms,closure,Karenia,6,238,0.58629,0.67559
quadtree_adaptive,Baseline,Baseline_roms,closure,Karenia,7,47,0.575,0.72991
quadtree_adaptive,Baseline,Baseline_roms,closure,Karenia,8,61,0.63158,0.86173
quadtree_adaptive,Baseline,Baseline_roms,closure,Karenia,9,47,0.475,0.62655
quadtree_adaptive,Baseline,Baseline_only,closure,Pseudo-nitzschia,0,20,0.3871,0.48157
quadtree_adaptive,Baseline,Baseline_only,closure,Pseudo-nitzschia,1,19,0.19048,0.558
quadtree_adaptive,Baseline,Baseline_only,closure,Pseudo-nitzschia,2,21,0.21429,0.54778
quadtree_adaptive,Baseline,Baseline_only,closure,Pseudo-nitzschia,3,132,0.0,0.09698
quadtree_adaptive,Baseline,Baseline_only,closure,Pseudo-nitzschia,4,26,0.4,0.38526
quadtree_adaptive,Baseline,Baseline_only,closure,Pseudo-nitzschia,5,61,0.21918,0.23333
quadtree_adaptive,Baseline,Baseline_only,closure,Pseudo-nitzschia,6,22,0.30769,0.7816
quadtree_adaptive,Baseline,Baseline_only,closure,Pseudo-nitzschia,7,25,0.3125,0.46079
quadtree_adaptive,Baseline,Baseline_only,closure,Pseudo-nitzschia,8,30,0.11111,0.19864
quadtree_adaptive,Baseline,Baseline_only,closure,Pseudo-nitzschia,9,25,0.4,0.55879
quadtree_adaptive,Baseline,Baseline_roms,closure,Pseudo-nitzschia,0,20,0.58824,0.70214
quadtree_adaptive,Baseline,Baseline_roms,closure,Pseudo-nitzschia,1,19,0.53846,0.69899
quadtree_adaptive,Baseline,Baseline_roms,closure,Pseudo-nitzschia,2,21,0.5,0.62394
quadtree_adaptive,Baseline,Baseline_roms,closure,Pseudo-nitzschia,3,132,0.0,0.12011
quadtree_adaptive,Baseline,Baseline_roms,closure,Pseudo-nitzschia,4,26,0.61905,0.55755
quadtree_adaptive,Baseline,Baseline_roms,closure,Pseudo-nitzschia,5,61,0.275,0.24766
quadtree_adaptive,Baseline,Baseline_roms,closure,Pseudo-nitzschia,6,22,0.625,0.90511
quadtree_adaptive,Baseline,Baseline_roms,closure,Pseudo-nitzschia,7,25,0.47059,0.59627
quadtree_adaptive,Baseline,Baseline_roms,closure,Pseudo-nitzschia,8,30,0.30769,0.29957
quadtree_adaptive,Baseline,Baseline_roms,closure,Pseudo-nitzschia,9,25,0.58537,0.66248
quadtree_adaptive,C2RCC,C2RCC_only,closure,Alexandrium_catenella,0,52,0.34109,0.3772
quadtree_adaptive,C2RCC,C2RCC_only,closure,Alexandrium_catenella,1,60,0.54545,0.56261
quadtree_adaptive,C2RCC,C2RCC_only,closure,Alexandrium_catenella,2,55,0.72727,0.85811
quadtree_adaptive,C2RCC,C2RCC_only,closure,Alexandrium_catenella,3,637,0.03323,0.42433
quadtree_adaptive,C2RCC,C2RCC_only,closure,Alexandrium_catenella,4,82,0.26573,0.29858
quadtree_adaptive,C2RCC,C2RCC_only,closure,Alexandrium_catenella,5,153,0.18182,0.22162
quadtree_adaptive,C2RCC,C2RCC_only,closure,Alexandrium_catenella,6,62,0.41667,0.49866
quadtree_adaptive,C2RCC,C2RCC_only,closure,Alexandrium_catenella,7,67,0.57812,0.62516
quadtree_adaptive,C2RCC,C2RCC_only,closure,Alexandrium_catenella,8,68,0.36364,0.39665
quadtree_adaptive,C2RCC,C2RCC_only,closure,Alexandrium_catenella,9,65,0.37255,0.43799
quadtree_adaptive,C2RCC,C2RCC_roms,closure,Alexandrium_catenella,0,52,0.68235,0.82207
quadtree_adaptive,C2RCC,C2RCC_roms,closure,Alexandrium_catenella,1,60,0.625,0.71879
quadtree_adaptive,C2RCC,C2RCC_roms,closure,Alexandrium_catenella,2,55,0.8125,0.91532
quadtree_adaptive,C2RCC,C2RCC_roms,closure,Alexandrium_catenella,3,637,0.00313,0.46728
quadtree_adaptive,C2RCC,C2RCC_roms,closure,Alexandrium_catenella,4,82,0.40678,0.41882
quadtree_adaptive,C2RCC,C2RCC_roms,closure,Alexandrium_catenella,5,153,0.18576,0.22091
quadtree_adaptive,C2RCC,C2RCC_roms,closure,Alexandrium_catenella,6,62,0.49485,0.57835
quadtree_adaptive,C2RCC,C2RCC_roms,closure,Alexandrium_catenella,7,67,0.64516,0.68391
quadtree_adaptive,C2RCC,C2RCC_roms,closure,Alexandrium_catenella,8,68,0.46281,0.49168
quadtree_adaptive,C2RCC,C2RCC_roms,closure,Alexandrium_catenella,9,65,0.61111,0.62906
quadtree_adaptive,C2RCC,C2RCC_only,closure,Dinophysis_acuminata,0,21,0.08511,0.15605
quadtree_adaptive,C2RCC,C2RCC_only,closure,Dinophysis_acuminata,1,56,0.37255,0.26062
quadtree_adaptive,C2RCC,C2RCC_only,closure,Dinophysis_acuminata,2,22,0.03889,0.02024
quadtree_adaptive,C2RCC,C2RCC_only,closure,Dinophysis_acuminata,3,837,0.57867,0.64922
quadtree_adaptive,C2RCC,C2RCC_only,closure,Dinophysis_acuminata,4,442,0.48267,0.60075
quadtree_adaptive,C2RCC,C2RCC_only,closure,Dinophysis_acuminata,5,500,0.67985,0.9114
quadtree_adaptive,C2RCC,C2RCC_only,closure,Dinophysis_acuminata,6,48,0.17391,0.23338
quadtree_adaptive,C2RCC,C2RCC_only,closure,Dinophysis_acuminata,7,59,0.13043,0.16755
quadtree_adaptive,C2RCC,C2RCC_only,closure,Dinophysis_acuminata,8,59,0.32877,0.24481
quadtree_adaptive,C2RCC,C2RCC_only,closure,Dinophysis_acuminata,9,49,0.24176,0.19414
quadtree_adaptive,C2RCC,C2RCC_roms,closure,Dinophysis_acuminata,0,21,0.64516,0.5674
quadtree_adaptive,C2RCC,C2RCC_roms,closure,Dinophysis_acuminata,1,56,0.43373,0.44316
quadtree_adaptive,C2RCC,C2RCC_roms,closure,Dinophysis_acuminata,2,22,0.09375,0.12695
quadtree_adaptive,C2RCC,C2RCC_roms,closure,Dinophysis_acuminata,3,837,0.31123,0.68236
quadtree_adaptive,C2RCC,C2RCC_roms,closure,Dinophysis_acuminata,4,442,0.28522,0.58691
quadtree_adaptive,C2RCC,C2RCC_roms,closure,Dinophysis_acuminata,5,500,0.48991,0.88697
quadtree_adaptive,C2RCC,C2RCC_roms,closure,Dinophysis_acuminata,6,48,0.26087,0.33397
quadtree_adaptive,C2RCC,C2RCC_roms,closure,Dinophysis_acuminata,7,59,0.23358,0.2031
quadtree_adaptive,C2RCC,C2RCC_roms,closure,Dinophysis_acuminata,8,59,0.53571,0.48083
quadtree_adaptive,C2RCC,C2RCC_roms,closure,Dinophysis_acuminata,9,49,0.31884,0.29591
quadtree_adaptive,C2RCC,C2RCC_only,closure,Dinophysis_norvegica,0,3,0.0,0.00254
quadtree_adaptive,C2RCC,C2RCC_only,closure,Dinophysis_norvegica,1,8,0.0,0.00784
quadtree_adaptive,C2RCC,C2RCC_only,closure,Dinophysis_norvegica,2,4,0.0,0.004
quadtree_adaptive,C2RCC,C2RCC_only,closure,Dinophysis_norvegica,3,205,0.0,0.13015
quadtree_adaptive,C2RCC,C2RCC_only,closure,Dinophysis_norvegica,4,6,0.0,0.01053
quadtree_adaptive,C2RCC,C2RCC_only,closure,Dinophysis_norvegica,5,7,0.0,0.00885
quadtree_adaptive,C2RCC,C2RCC_only,closure,Dinophysis_norvegica,6,5,0.0,0.01338
quadtree_adaptive,C2RCC,C2RCC_only,closure,Dinophysis_norvegica,7,8,0.0,0.0206
quadtree_adaptive,C2RCC,C2RCC_only,closure,Dinophysis_norvegica,8,6,0.0,0.01611
quadtree_adaptive,C2RCC,C2RCC_only,closure,Dinophysis_norvegica,9,3,0.0,0.00909
quadtree_adaptive,C2RCC,C2RCC_roms,closure,Dinophysis_norvegica,0,3,0.0,0.00279
quadtree_adaptive,C2RCC,C2RCC_roms,closure,Dinophysis_norvegica,1,8,0.0,0.01911
quadtree_adaptive,C2RCC,C2RCC_roms,closure,Dinophysis_norvegica,2,4,0.0,0.00625
quadtree_adaptive,C2RCC,C2RCC_roms,closure,Dinophysis_norvegica,3,205,0.0,0.1705
quadtree_adaptive,C2RCC,C2RCC_roms,closure,Dinophysis_norvegica,4,6,0.0,0.00522
quadtree_adaptive,C2RCC,C2RCC_roms,closure,Dinophysis_norvegica,5,7,0.0,0.00808
quadtree_adaptive,C2RCC,C2RCC_roms,closure,Dinophysis_norvegica,6,5,0.0,0.02864
quadtree_adaptive,C2RCC,C2RCC_roms,closure,Dinophysis_norvegica,7,8,0.0,0.02112
quadtree_adaptive,C2RCC,C2RCC_roms,closure,Dinophysis_norvegica,8,6,0.0,0.01209
quadtree_adaptive,C2RCC,C2RCC_roms,closure,Dinophysis_norvegica,9,3,0.0,0.04354
quadtree_adaptive,C2RCC,C2RCC_only,closure,Karenia,0,45,0.46377,0.55887
quadtree_adaptive,C2RCC,C2RCC_only,closure,Karenia,1,603,0.27097,0.67399
quadtree_adaptive,C2RCC,C2RCC_only,closure,Karenia,2,38,0.79452,0.68809
quadtree_adaptive,C2RCC,C2RCC_only,closure,Karenia,3,30,0.2439,0.23304
quadtree_adaptive,C2RCC,C2RCC_only,closure,Karenia,4,45,0.6,0.68919
quadtree_adaptive,C2RCC,C2RCC_only,closure,Karenia,5,56,0.72381,0.79225
quadtree_adaptive,C2RCC,C2RCC_only,closure,Karenia,6,238,0.70232,0.65035
quadtree_adaptive,C2RCC,C2RCC_only,closure,Karenia,7,47,0.57831,0.70323
quadtree_adaptive,C2RCC,C2RCC_only,closure,Karenia,8,61,0.61364,0.81389
quadtree_adaptive,C2RCC,C2RCC_only,closure,Karenia,9,47,0.34211,0.38037
quadtree_adaptive,C2RCC,C2RCC_roms,closure,Karenia,0,45,0.69474,0.63607
quadtree_adaptive,C2RCC,C2RCC_roms,closure,Karenia,1,603,0.41774,0.73971
quadtree_adaptive,C2RCC,C2RCC_roms,closure,Karenia,2,38,0.25941,0.62366
quadtree_adaptive,C2RCC,C2RCC_roms,closure,Karenia,3,30,0.42857,0.34004
quadtree_adaptive,C2RCC,C2RCC_roms,closure,Karenia,4,45,0.72727,0.87657
quadtree_adaptive,C2RCC,C2RCC_roms,closure,Karenia,5,56,0.79245,0.85158
quadtree_adaptive,C2RCC,C2RCC_roms,closure,Karenia,6,238,0.68284,0.64883
quadtree_adaptive,C2RCC,C2RCC_roms,closure,Karenia,7,47,0.65882,0.74988
quadtree_adaptive,C2RCC,C2RCC_roms,closure,Karenia,8,61,0.74747,0.91708
quadtree_adaptive,C2RCC,C2RCC_roms,closure,Karenia,9,47,0.58065,0.58543
quadtree_adaptive,C2RCC,C2RCC_only,closure,Pseudo-nitzschia,0,20,0.2963,0.48536
quadtree_adaptive,C2RCC,C2RCC_only,closure,Pseudo-nitzschia,1,19,0.09524,0.60095
quadtree_adaptive,C2RCC,C2RCC_only,closure,Pseudo-nitzschia,2,21,0.4,0.56248
quadtree_adaptive,C2RCC,C2RCC_only,closure,Pseudo-nitzschia,3,132,0.0,0.11508
quadtree_adaptive,C2RCC,C2RCC_only,closure,Pseudo-nitzschia,4,26,0.13793,0.41457
quadtree_adaptive,C2RCC,C2RCC_only,closure,Pseudo-nitzschia,5,61,0.27848,0.25744
quadtree_adaptive,C2RCC,C2RCC_only,closure,Pseudo-nitzschia,6,22,0.24,0.73382
quadtree_adaptive,C2RCC,C2RCC_only,closure,Pseudo-nitzschia,7,25,0.36842,0.50487
quadtree_adaptive,C2RCC,C2RCC_only,closure,Pseudo-nitzschia,8,30,0.22857,0.2447
quadtree_adaptive,C2RCC,C2RCC_only,closure,Pseudo-nitzschia,9,25,0.14815,0.57525
quadtree_adaptive,C2RCC,C2RCC_roms,closure,Pseudo-nitzschia,0,20,0.62069,0.80552
quadtree_adaptive,C2RCC,C2RCC_roms,closure,Pseudo-nitzschia,1,19,0.57143,0.70182
quadtree_adaptive,C2RCC,C2RCC_roms,closure,Pseudo-nitzschia,2,21,0.66667,0.74439
quadtree_adaptive,C2RCC,C2RCC_roms,closure,Pseudo-nitzschia,3,132,0.0,0.11556
quadtree_adaptive,C2RCC,C2RCC_roms,closure,Pseudo-nitzschia,4,26,0.54054,0.60683
quadtree_adaptive,C2RCC,C2RCC_roms,closure,Pseudo-nitzschia,5,61,0.35,0.29937
quadtree_adaptive,C2RCC,C2RCC_roms,closure,Pseudo-nitzschia,6,22,0.58065,0.96227
quadtree_adaptive,C2RCC,C2RCC_roms,closure,Pseudo-nitzschia,7,25,0.55556,0.5923
quadtree_adaptive,C2RCC,C2RCC_roms,closure,Pseudo-nitzschia,8,30,0.3,0.37954
quadtree_adaptive,C2RCC,C2RCC_roms,closure,Pseudo-nitzschia,9,25,0.63158,0.67295
quadtree_adaptive,ACOLITE,ACOLITE_only,warning,Alexandrium_catenella,0,69,0.46032,0.44088
quadtree_adaptive,ACOLITE,ACOLITE_only,warning,Alexandrium_catenella,1,74,0.59375,0.56592
quadtree_adaptive,ACOLITE,ACOLITE_only,warning,Alexandrium_catenella,2,73,0.5812,0.67697
quadtree_adaptive,ACOLITE,ACOLITE_only,warning,Alexandrium_catenella,3,189,0.31268,0.37515
quadtree_adaptive,ACOLITE,ACOLITE_only,warning,Alexandrium_catenella,4,762,0.07748,0.52866
quadtree_adaptive,ACOLITE,ACOLITE_only,warning,Alexandrium_catenella,5,84,0.70345,0.71704
quadtree_adaptive,ACOLITE,ACOLITE_only,warning,Alexandrium_catenella,6,207,0.28994,0.3734
quadtree_adaptive,ACOLITE,ACOLITE_only,warning,Alexandrium_catenella,7,86,0.36641,0.50328
quadtree_adaptive,ACOLITE,ACOLITE_only,warning,Alexandrium_catenella,8,77,0.51613,0.56478
quadtree_adaptive,ACOLITE,ACOLITE_only,warning,Alexandrium_catenella,9,75,0.49153,0.57699
quadtree_adaptive,ACOLITE,ACOLITE_roms,warning,Alexandrium_catenella,0,69,0.53782,0.55445
quadtree_adaptive,ACOLITE,ACOLITE_roms,warning,Alexandrium_catenella,1,74,0.6087,0.69367
quadtree_adaptive,ACOLITE,ACOLITE_roms,warning,Alexandrium_catenella,2,73,0.6129,0.75054
quadtree_adaptive,ACOLITE,ACOLITE_roms,warning,Alexandrium_catenella,3,189,0.29661,0.43595
quadtree_adaptive,ACOLITE,ACOLITE_roms,warning,Alexandrium_catenella,4,762,0.04545,0.54731
quadtree_adaptive,ACOLITE,ACOLITE_roms,warning,Alexandrium_catenella,5,84,0.77707,0.87205
quadtree_adaptive,ACOLITE,ACOLITE_roms,warning,Alexandrium_catenella,6,207,0.34025,0.35513
quadtree_adaptive,ACOLITE,ACOLITE_roms,warning,Alexandrium_catenella,7,86,0.47407,0.58826
quadtree_adaptive,ACOLITE,ACOLITE_roms,warning,Alexandrium_catenella,8,77,0.61314,0.70615
quadtree_adaptive,ACOLITE,ACOLITE_roms,warning,Alexandrium_catenella,9,75,0.54962,0.67124
quadtree_adaptive,ACOLITE,ACOLITE_only,warning,Dinophysis_acuminata,0,287,0.29876,0.37545
quadtree_adaptive,ACOLITE,ACOLITE_only,warning,Dinophysis_acuminata,1,328,0.39389,0.43306
quadtree_adaptive,ACOLITE,ACOLITE_only,warning,Dinophysis_acuminata,2,183,0.40136,0.44816
quadtree_adaptive,ACOLITE,ACOLITE_only,warning,Dinophysis_acuminata,3,752,0.92502,0.93976
quadtree_adaptive,ACOLITE,ACOLITE_only,warning,Dinophysis_acuminata,4,1177,0.82016,0.80128
quadtree_adaptive,ACOLITE,ACOLITE_only,warning,Dinophysis_acuminata,5,113,0.41509,0.37063
quadtree_adaptive,ACOLITE,ACOLITE_only,warning,Dinophysis_acuminata,6,585,0.92135,0.95766
quadtree_adaptive,ACOLITE,ACOLITE_only,warning,Dinophysis_acuminata,7,155,0.49655,0.49351
quadtree_adaptive,ACOLITE,ACOLITE_only,warning,Dinophysis_acuminata,8,154,0.41221,0.4146
quadtree_adaptive,ACOLITE,ACOLITE_only,warning,Dinophysis_acuminata,9,153,0.50172,0.45693
quadtree_adaptive,ACOLITE,ACOLITE_roms,warning,Dinophysis_acuminata,0,287,0.29975,0.39472
quadtree_adaptive,ACOLITE,ACOLITE_roms,warning,Dinophysis_acuminata,1,328,0.34437,0.49927
quadtree_adaptive,ACOLITE,ACOLITE_roms,warning,Dinophysis_acuminata,2,183,0.44203,0.50151
quadtree_adaptive,ACOLITE,ACOLITE_roms,warning,Dinophysis_acuminata,3,752,0.89796,0.89351
quadtree_adaptive,ACOLITE,ACOLITE_roms,warning,Dinophysis_acuminata,4,1177,0.78218,0.80871
quadtree_adaptive,ACOLITE,ACOLITE_roms,warning,Dinophysis_acuminata,5,113,0.46847,0.4937
quadtree_adaptive,ACOLITE,ACOLITE_roms,warning,Dinophysis_acuminata,6,585,0.91594,0.95013
quadtree_adaptive,ACOLITE,ACOLITE_roms,warning,Dinophysis_acuminata,7,155,0.5377,0.50484
quadtree_adaptive,ACOLITE,ACOLITE_roms,warning,Dinophysis_acuminata,8,154,0.41538,0.466
quadtree_adaptive,ACOLITE,ACOLITE_roms,warning,Dinophysis_acuminata,9,153,0.51724,0.52503
quadtree_adaptive,ACOLITE,ACOLITE_only,warning,Dinophysis_norvegica,0,43,0.0,0.10251
quadtree_adaptive,ACOLITE,ACOLITE_only,warning,Dinophysis_norvegica,1,56,0.03333,0.10991
quadtree_adaptive,ACOLITE,ACOLITE_only,warning,Dinophysis_norvegica,2,43,0.12,0.19984
quadtree_adaptive,ACOLITE,ACOLITE_only,warning,Dinophysis_norvegica,3,134,0.02703,0.12946
quadtree_adaptive,ACOLITE,ACOLITE_only,warning,Dinophysis_norvegica,4,756,0.00526,0.47946
quadtree_adaptive,ACOLITE,ACOLITE_only,warning,Dinophysis_norvegica,5,49,0.03922,0.11226
quadtree_adaptive,ACOLITE,ACOLITE_only,warning,Dinophysis_norvegica,6,56,0.03896,0.05572
quadtree_adaptive,ACOLITE,ACOLITE_only,warning,Dinophysis_norvegica,7,43,0.0,0.09858
quadtree_adaptive,ACOLITE,ACOLITE_only,warning,Dinophysis_norvegica,8,45,0.11765,0.15585
quadtree_adaptive,ACOLITE,ACOLITE_only,warning,Dinophysis_norvegica,9,50,0.0,0.13478
quadtree_adaptive,ACOLITE,ACOLITE_roms,warning,Dinophysis_norvegica,0,43,0.06667,0.11458
quadtree_adaptive,ACOLITE,ACOLITE_roms,warning,Dinophysis_norvegica,1,56,0.0,0.1061
quadtree_adaptive,ACOLITE,ACOLITE_roms,warning,Dinophysis_norvegica,2,43,0.08,0.15356
quadtree_adaptive,ACOLITE,ACOLITE_roms,warning,Dinophysis_norvegica,3,134,0.06667,0.15501
quadtree_adaptive,ACOLITE,ACOLITE_roms,warning,Dinophysis_norvegica,4,756,0.00264,0.50256
quadtree_adaptive,ACOLITE,ACOLITE_roms,warning,Dinophysis_norvegica,5,49,0.11111,0.21264
quadtree_adaptive,ACOLITE,ACOLITE_roms,warning,Dinophysis_norvegica,6,56,0.04348,0.0561
quadtree_adaptive,ACOLITE,ACOLITE_roms,warning,Dinophysis_norvegica,7,43,0.0,0.09647
quadtree_adaptive,ACOLITE,ACOLITE_roms,warning,Dinophysis_norvegica,8,45,0.07692,0.17936
quadtree_adaptive,ACOLITE,ACOLITE_roms,warning,Dinophysis_norvegica,9,50,0.03846,0.19599
quadtree_adaptive,ACOLITE,ACOLITE_only,warning,Karenia,0,800,0.55723,0.93705
quadtree_adaptive,ACOLITE,ACOLITE_only,warning,Karenia,1,118,0.32258,0.43201
quadtree_adaptive,ACOLITE,ACOLITE_only,warning,Karenia,2,553,0.94397,0.99538
quadtree_adaptive,ACOLITE,ACOLITE_only,warning,Karenia,3,135,0.69787,0.75564
quadtree_adaptive,ACOLITE,ACOLITE_only,warning,Karenia,4,248,0.17065,0.35478
quadtree_adaptive,ACOLITE,ACOLITE_only,warning,Karenia,5,124,0.69456,0.71093
quadtree_adaptive,ACOLITE,ACOLITE_only,warning,Karenia,6,132,0.62745,0.73006
quadtree_adaptive,ACOLITE,ACOLITE_only,warning,Karenia,7,132,0.63063,0.76115
quadtree_adaptive,ACOLITE,ACOLITE_only,warning,Karenia,8,133,0.675,0.76888
quadtree_adaptive,ACOLITE,ACOLITE_only,warning,Karenia,9,137,0.72199,0.79691
quadtree_adaptive,ACOLITE,ACOLITE_roms,warning,Karenia,0,800,0.60606,0.95947
quadtree_adaptive,ACOLITE,ACOLITE_roms,warning,Karenia,1,118,0.22892,0.50254
quadtree_adaptive,ACOLITE,ACOLITE_roms,warning,Karenia,2,553,0.97322,0.99641
quadtree_adaptive,ACOLITE,ACOLITE_roms,warning,Karenia,3,135,0.66667,0.73092
quadtree_adaptive,ACOLITE,ACOLITE_roms,warning,Karenia,4,248,0.12593,0.39499
quadtree_adaptive,ACOLITE,ACOLITE_roms,warning,Karenia,5,124,0.3356,0.52417
quadtree_adaptive,ACOLITE,ACOLITE_roms,warning,Karenia,6,132,0.75949,0.80034
quadtree_adaptive,ACOLITE,ACOLITE_roms,warning,Karenia,7,132,0.74359,0.84568
quadtree_adaptive,ACOLITE,ACOLITE_roms,warning,Karenia,8,133,0.76863,0.84166
quadtree_adaptive,ACOLITE,ACOLITE_roms,warning,Karenia,9,137,0.75,0.84618
quadtree_adaptive,ACOLITE,ACOLITE_only,warning,Pseudo-nitzschia,0,114,0.43787,0.54654
quadtree_adaptive,ACOLITE,ACOLITE_only,warning,Pseudo-nitzschia,1,110,0.29091,0.41949
quadtree_adaptive,ACOLITE,ACOLITE_only,warning,Pseudo-nitzschia,2,108,0.53988,0.64009
quadtree_adaptive,ACOLITE,ACOLITE_only,warning,Pseudo-nitzschia,3,215,0.34249,0.40089
quadtree_adaptive,ACOLITE,ACOLITE_only,warning,Pseudo-nitzschia,4,826,0.39936,0.62135
quadtree_adaptive,ACOLITE,ACOLITE_only,warning,Pseudo-nitzschia,5,111,0.61017,0.65215
quadtree_adaptive,ACOLITE,ACOLITE_only,warning,Pseudo-nitzschia,6,301,0.48,0.53952
quadtree_adaptive,ACOLITE,ACOLITE_only,warning,Pseudo-nitzschia,7,112,0.61739,0.68455
quadtree_adaptive,ACOLITE,ACOLITE_only,warning,Pseudo-nitzschia,8,112,0.67308,0.75777
quadtree_adaptive,ACOLITE,ACOLITE_only,warning,Pseudo-nitzschia,9,111,0.60784,0.61299
quadtree_adaptive,ACOLITE,ACOLITE_roms,warning,Pseudo-nitzschia,0,114,0.63388,0.74005
quadtree_adaptive,ACOLITE,ACOLITE_roms,warning,Pseudo-nitzschia,1,110,0.36086,0.48794
quadtree_adaptive,ACOLITE,ACOLITE_roms,warning,Pseudo-nitzschia,2,108,0.62353,0.72855
quadtree_adaptive,ACOLITE,ACOLITE_roms,warning,Pseudo-nitzschia,3,215,0.45355,0.51616
quadtree_adaptive,ACOLITE,ACOLITE_roms,warning,Pseudo-nitzschia,4,826,0.35325,0.62846
quadtree_adaptive,ACOLITE,ACOLITE_roms,warning,Pseudo-nitzschia,5,111,0.64045,0.6711
quadtree_adaptive,ACOLITE,ACOLITE_roms,warning,Pseudo-nitzschia,6,301,0.53602,0.56987
quadtree_adaptive,ACOLITE,ACOLITE_roms,warning,Pseudo-nitzschia,7,112,0.71066,0.80474
quadtree_adaptive,ACOLITE,ACOLITE_roms,warning,Pseudo-nitzschia,8,112,0.76056,0.84783
quadtree_adaptive,ACOLITE,ACOLITE_roms,warning,Pseudo-nitzschia,9,111,0.63636,0.68002
quadtree_adaptive,Baseline,Baseline_only,warning,Alexandrium_catenella,0,69,0.43564,0.48454
quadtree_adaptive,Baseline,Baseline_only,warning,Alexandrium_catenella,1,74,0.60656,0.58489
quadtree_adaptive,Baseline,Baseline_only,warning,Alexandrium_catenella,2,73,0.49123,0.62328
quadtree_adaptive,Baseline,Baseline_only,warning,Alexandrium_catenella,3,189,0.26515,0.35346
quadtree_adaptive,Baseline,Baseline_only,warning,Alexandrium_catenella,4,762,0.06871,0.50065
quadtree_adaptive,Baseline,Baseline_only,warning,Alexandrium_catenella,5,84,0.65714,0.72216
quadtree_adaptive,Baseline,Baseline_only,warning,Alexandrium_catenella,6,207,0.21122,0.33848
quadtree_adaptive,Baseline,Baseline_only,warning,Alexandrium_catenella,7,86,0.41135,0.54059
quadtree_adaptive,Baseline,Baseline_only,warning,Alexandrium_catenella,8,77,0.45902,0.54844
quadtree_adaptive,Baseline,Baseline_only,warning,Alexandrium_catenella,9,75,0.50407,0.57657
quadtree_adaptive,Baseline,Baseline_roms,warning,Alexandrium_catenella,0,69,0.49524,0.53673
quadtree_adaptive,Baseline,Baseline_roms,warning,Alexandrium_catenella,1,74,0.62185,0.72548
quadtree_adaptive,Baseline,Baseline_roms,warning,Alexandrium_catenella,2,73,0.57851,0.70883
quadtree_adaptive,Baseline,Baseline_roms,warning,Alexandrium_catenella,3,189,0.27004,0.37785
quadtree_adaptive,Baseline,Baseline_roms,warning,Alexandrium_catenella,4,762,0.0432,0.52303
quadtree_adaptive,Baseline,Baseline_roms,warning,Alexandrium_catenella,5,84,0.73239,0.83995
quadtree_adaptive,Baseline,Baseline_roms,warning,Alexandrium_catenella,6,207,0.31004,0.34129
quadtree_adaptive,Baseline,Baseline_roms,warning,Alexandrium_catenella,7,86,0.49612,0.61374
quadtree_adaptive,Baseline,Baseline_roms,warning,Alexandrium_catenella,8,77,0.61654,0.70027
quadtree_adaptive,Baseline,Baseline_roms,warning,Alexandrium_catenella,9,75,0.54545,0.65202
quadtree_adaptive,Baseline,Baseline_only,warning,Dinophysis_acuminata,0,287,0.23243,0.35336
quadtree_adaptive,Baseline,Baseline_only,warning,Dinophysis_acuminata,1,328,0.46845,0.40734
quadtree_adaptive,Baseline,Baseline_only,warning,Dinophysis_acuminata,2,183,0.38828,0.42976
quadtree_adaptive,Baseline,Baseline_only,warning,Dinophysis_acuminata,3,752,0.92093,0.94554
quadtree_adaptive,Baseline,Baseline_only,warning,Dinophysis_acuminata,4,1177,0.68591,0.8254
quadtree_adaptive,Baseline,Baseline_only,warning,Dinophysis_acuminata,5,113,0.49091,0.40888
quadtree_adaptive,Baseline,Baseline_only,warning,Dinophysis_acuminata,6,585,0.9265,0.96548
quadtree_adaptive,Baseline,Baseline_only,warning,Dinophysis_acuminata,7,155,0.46602,0.42804
quadtree_adaptive,Baseline,Baseline_only,warning,Dinophysis_acuminata,8,154,0.41577,0.39004
quadtree_adaptive,Baseline,Baseline_only,warning,Dinophysis_acuminata,9,153,0.46939,0.42565
quadtree_adaptive,Baseline,Baseline_roms,warning,Dinophysis_acuminata,0,287,0.30027,0.36309
quadtree_adaptive,Baseline,Baseline_roms,warning,Dinophysis_acuminata,1,328,0.33193,0.47816
quadtree_adaptive,Baseline,Baseline_roms,warning,Dinophysis_acuminata,2,183,0.40741,0.48766
quadtree_adaptive,Baseline,Baseline_roms,warning,Dinophysis_acuminata,3,752,0.91141,0.90694
quadtree_adaptive,Baseline,Baseline_roms,warning,Dinophysis_acuminata,4,1177,0.65652,0.82552
quadtree_adaptive,Baseline,Baseline_roms,warning,Dinophysis_acuminata,5,113,0.53731,0.49414
quadtree_adaptive,Baseline,Baseline_roms,warning,Dinophysis_acuminata,6,585,0.93322,0.94807
quadtree_adaptive,Baseline,Baseline_roms,warning,Dinophysis_acuminata,7,155,0.51757,0.45371
quadtree_adaptive,Baseline,Baseline_roms,warning,Dinophysis_acuminata,8,154,0.39416,0.43375
quadtree_adaptive,Baseline,Baseline_roms,warning,Dinophysis_acuminata,9,153,0.50519,0.51264
quadtree_adaptive,Baseline,Baseline_only,warning,Dinophysis_norvegica,0,43,0.0,0.1249
quadtree_adaptive,Baseline,Baseline_only,warning,Dinophysis_norvegica,1,56,0.03279,0.07567
quadtree_adaptive,Baseline,Baseline_only,warning,Dinophysis_norvegica,2,43,0.08,0.21134
quadtree_adaptive,Baseline,Baseline_only,warning,Dinophysis_norvegica,3,134,0.02632,0.13522
quadtree_adaptive,Baseline,Baseline_only,warning,Dinophysis_norvegica,4,756,0.0,0.49083
quadtree_adaptive,Baseline,Baseline_only,warning,Dinophysis_norvegica,5,49,0.1,0.09811
quadtree_adaptive,Baseline,Baseline_only,warning,Dinophysis_norvegica,6,56,0.07937,0.08175
quadtree_adaptive,Baseline,Baseline_only,warning,Dinophysis_norvegica,7,43,0.03922,0.12721
quadtree_adaptive,Baseline,Baseline_only,warning,Dinophysis_norvegica,8,45,0.0,0.13849
quadtree_adaptive,Baseline,Baseline_only,warning,Dinophysis_norvegica,9,50,0.0,0.1362
quadtree_adaptive,Baseline,Baseline_roms,warning,Dinophysis_norvegica,0,43,0.03636,0.11331
quadtree_adaptive,Baseline,Baseline_roms,warning,Dinophysis_norvegica,1,56,0.03333,0.15155
quadtree_adaptive,Baseline,Baseline_roms,warning,Dinophysis_norvegica,2,43,0.08163,0.16675
quadtree_adaptive,Baseline,Baseline_roms,warning,Dinophysis_norvegica,3,134,0.02759,0.15753
quadtree_adaptive,Baseline,Baseline_roms,warning,Dinophysis_norvegica,4,756,0.0,0.50738
quadtree_adaptive,Baseline,Baseline_roms,warning,Dinophysis_norvegica,5,49,0.23333,0.28715
quadtree_adaptive,Baseline,Baseline_roms,warning,Dinophysis_norvegica,6,56,0.06931,0.05861
quadtree_adaptive,Baseline,Baseline_roms,warning,Dinophysis_norvegica,7,43,0.04,0.12851
quadtree_adaptive,Baseline,Baseline_roms,warning,Dinophysis_norvegica,8,45,0.03922,0.15965
quadtree_adaptive,Baseline,Baseline_roms,warning,Dinophysis_norvegica,9,50,0.0,0.18561
quadtree_adaptive,Baseline,Baseline_only,warning,Karenia,0,800,0.70653,0.93676
quadtree_adaptive,Baseline,Baseline_only,warning,Karenia,1,118,0.30159,0.3381
quadtree_adaptive,Baseline,Baseline_only,warning,Karenia,2,553,0.96289,0.99349
quadtree_adaptive,Baseline,Baseline_only,warning,Karenia,3,135,0.60729,0.67557
quadtree_adaptive,Baseline,Baseline_only,warning,Karenia,4,248,0.20408,0.273
quadtree_adaptive,Baseline,Baseline_only,warning,Karenia,5,124,0.30894,0.46187
quadtree_adaptive,Baseline,Baseline_only,warning,Karenia,6,132,0.61111,0.71995
quadtree_adaptive,Baseline,Baseline_only,warning,Karenia,7,132,0.65778,0.7603
quadtree_adaptive,Baseline,Baseline_only,warning,Karenia,8,133,0.68161,0.81522
quadtree_adaptive,Baseline,Baseline_only,warning,Karenia,9,137,0.56039,0.73336
quadtree_adaptive,Baseline,Baseline_roms,warning,Karenia,0,800,0.77164,0.96236
quadtree_adaptive,Baseline,Baseline_roms,warning,Karenia,1,118,0.23734,0.5238
quadtree_adaptive,Baseline,Baseline_roms,warning,Karenia,2,553,0.97222,0.99632
quadtree_adaptive,Baseline,Baseline_roms,warning,Karenia,3,135,0.68679,0.74357
quadtree_adaptive,Baseline,Baseline_roms,warning,Karenia,4,248,0.12903,0.34638
quadtree_adaptive,Baseline,Baseline_roms,warning,Karenia,5,124,0.24653,0.53864
quadtree_adaptive,Baseline,Baseline_roms,warning,Karenia,6,132,0.69058,0.77721
quadtree_adaptive,Baseline,Baseline_roms,warning,Karenia,7,132,0.69643,0.80261
quadtree_adaptive,Baseline,Baseline_roms,warning,Karenia,8,133,0.75918,0.85922
quadtree_adaptive,Baseline,Baseline_roms,warning,Karenia,9,137,0.76068,0.8593
quadtree_adaptive,Baseline,Baseline_only,warning,Pseudo-nitzschia,0,114,0.49143,0.56655
quadtree_adaptive,Baseline,Baseline_only,warning,Pseudo-nitzschia,1,110,0.29965,0.35054
quadtree_adaptive,Baseline,Baseline_only,warning,Pseudo-nitzschia,2,108,0.48052,0.66145
quadtree_adaptive,Baseline,Baseline_only,warning,Pseudo-nitzschia,3,215,0.37969,0.37631
quadtree_adaptive,Baseline,Baseline_only,warning,Pseudo-nitzschia,4,826,0.432,0.61327
quadtree_adaptive,Baseline,Baseline_only,warning,Pseudo-nitzschia,5,111,0.42857,0.49361
quadtree_adaptive,Baseline,Baseline_only,warning,Pseudo-nitzschia,6,301,0.41264,0.47386
quadtree_adaptive,Baseline,Baseline_only,warning,Pseudo-nitzschia,7,112,0.59893,0.68522
quadtree_adaptive,Baseline,Baseline_only,warning,Pseudo-nitzschia,8,112,0.54922,0.67282
quadtree_adaptive,Baseline,Baseline_only,warning,Pseudo-nitzschia,9,111,0.53061,0.56886
quadtree_adaptive,Baseline,Baseline_roms,warning,Pseudo-nitzschia,0,114,0.57778,0.70743
quadtree_adaptive,Baseline,Baseline_roms,warning,Pseudo-nitzschia,1,110,0.62626,0.64908
quadtree_adaptive,Baseline,Baseline_roms,warning,Pseudo-nitzschia,2,108,0.58757,0.73837
quadtree_adaptive,Baseline,Baseline_roms,warning,Pseudo-nitzschia,3,215,0.42129,0.51311
quadtree_adaptive,Baseline,Baseline_roms,warning,Pseudo-nitzschia,4,826,0.41957,0.64804
quadtree_adaptive,Baseline,Baseline_roms,warning,Pseudo-nitzschia,5,111,0.54335,0.58977
quadtree_adaptive,Baseline,Baseline_roms,warning,Pseudo-nitzschia,6,301,0.47117,0.50653
quadtree_adaptive,Baseline,Baseline_roms,warning,Pseudo-nitzschia,7,112,0.69036,0.77005
quadtree_adaptive,Baseline,Baseline_roms,warning,Pseudo-nitzschia,8,112,0.74757,0.8136
quadtree_adaptive,Baseline,Baseline_roms,warning,Pseudo-nitzschia,9,111,0.64039,0.73319
quadtree_adaptive,C2RCC,C2RCC_only,warning,Alexandrium_catenella,0,69,0.44118,0.44133
quadtree_adaptive,C2RCC,C2RCC_only,warning,Alexandrium_catenella,1,74,0.35897,0.45509
quadtree_adaptive,C2RCC,C2RCC_only,warning,Alexandrium_catenella,2,73,0.41026,0.51161
quadtree_adaptive,C2RCC,C2RCC_only,warning,Alexandrium_catenella,3,189,0.26578,0.32465
quadtree_adaptive,C2RCC,C2RCC_only,warning,Alexandrium_catenella,4,762,0.06112,0.51129
quadtree_adaptive,C2RCC,C2RCC_only,warning,Alexandrium_catenella,5,84,0.29831,0.25373
quadtree_adaptive,C2RCC,C2RCC_only,warning,Alexandrium_catenella,6,207,0.26816,0.32628
quadtree_adaptive,C2RCC,C2RCC_only,warning,Alexandrium_catenella,7,86,0.47692,0.56484
quadtree_adaptive,C2RCC,C2RCC_only,warning,Alexandrium_catenella,8,77,0.4697,0.51691
quadtree_adaptive,C2RCC,C2RCC_only,warning,Alexandrium_catenella,9,75,0.4,0.44323
quadtree_adaptive,C2RCC,C2RCC_roms,warning,Alexandrium_catenella,0,69,0.52174,0.53345
quadtree_adaptive,C2RCC,C2RCC_roms,warning,Alexandrium_catenella,1,74,0.63333,0.65154
quadtree_adaptive,C2RCC,C2RCC_roms,warning,Alexandrium_catenella,2,73,0.56911,0.6449
quadtree_adaptive,C2RCC,C2RCC_roms,warning,Alexandrium_catenella,3,189,0.29752,0.38965
quadtree_adaptive,C2RCC,C2RCC_roms,warning,Alexandrium_catenella,4,762,0.04046,0.54454
quadtree_adaptive,C2RCC,C2RCC_roms,warning,Alexandrium_catenella,5,84,0.75817,0.83519
quadtree_adaptive,C2RCC,C2RCC_roms,warning,Alexandrium_catenella,6,207,0.33621,0.35748
quadtree_adaptive,C2RCC,C2RCC_roms,warning,Alexandrium_catenella,7,86,0.46875,0.56497
quadtree_adaptive,C2RCC,C2RCC_roms,warning,Alexandrium_catenella,8,77,0.58824,0.67786
quadtree_adaptive,C2RCC,C2RCC_roms,warning,Alexandrium_catenella,9,75,0.53913,0.61135
quadtree_adaptive,C2RCC,C2RCC_only,warning,Dinophysis_acuminata,0,287,0.28322,0.32615
quadtree_adaptive,C2RCC,C2RCC_only,warning,Dinophysis_acuminata,1,328,0.49264,0.40324
quadtree_adaptive,C2RCC,C2RCC_only,warning,Dinophysis_acuminata,2,183,0.38532,0.39141
quadtree_adaptive,C2RCC,C2RCC_only,warning,Dinophysis_acuminata,3,752,0.80552,0.90215
quadtree_adaptive,C2RCC,C2RCC_only,warning,Dinophysis_acuminata,4,1177,0.74515,0.79493
quadtree_adaptive,C2RCC,C2RCC_only,warning,Dinophysis_acuminata,5,113,0.16923,0.27384
quadtree_adaptive,C2RCC,C2RCC_only,warning,Dinophysis_acuminata,6,585,0.85317,0.93691
quadtree_adaptive,C2RCC,C2RCC_only,warning,Dinophysis_acuminata,7,155,0.46197,0.4645
quadtree_adaptive,C2RCC,C2RCC_only,warning,Dinophysis_acuminata,8,154,0.36559,0.39333
quadtree_adaptive,C2RCC,C2RCC_only,warning,Dinophysis_acuminata,9,153,0.50667,0.46578
quadtree_adaptive,C2RCC,C2RCC_roms,warning,Dinophysis_acuminata,0,287,0.30481,0.38544
quadtree_adaptive,C2RCC,C2RCC_roms,warning,Dinophysis_acuminata,1,328,0.36874,0.485
quadtree_adaptive,C2RCC,C2RCC_roms,warning,Dinophysis_acuminata,2,183,0.44138,0.48322
quadtree_adaptive,C2RCC,C2RCC_roms,warning,Dinophysis_acuminata,3,752,0.84626,0.89086
quadtree_adaptive,C2RCC,C2RCC_roms,warning,Dinophysis_acuminata,4,1177,0.6422,0.80624
quadtree_adaptive,C2RCC,C2RCC_roms,warning,Dinophysis_acuminata,5,113,0.39858,0.39483
quadtree_adaptive,C2RCC,C2RCC_roms,warning,Dinophysis_acuminata,6,585,0.88752,0.92894
quadtree_adaptive,C2RCC,C2RCC_roms,warning,Dinophysis_acuminata,7,155,0.51988,0.44428
quadtree_adaptive,C2RCC,C2RCC_roms,warning,Dinophysis_acuminata,8,154,0.39844,0.47135
quadtree_adaptive,C2RCC,C2RCC_roms,warning,Dinophysis_acuminata,9,153,0.51799,0.527
quadtree_adaptive,C2RCC,C2RCC_only,warning,Dinophysis_norvegica,0,43,0.05769,0.06137
quadtree_adaptive,C2RCC,C2RCC_only,warning,Dinophysis_norvegica,1,56,0.03333,0.09694
quadtree_adaptive,C2RCC,C2RCC_only,warning,Dinophysis_norvegica,2,43,0.0,0.1207
quadtree_adaptive,C2RCC,C2RCC_only,warning,Dinophysis_norvegica,3,134,0.02632,0.14533
quadtree_adaptive,C2RCC,C2RCC_only,warning,Dinophysis_norvegica,4,756,0.00791,0.45434
quadtree_adaptive,C2RCC,C2RCC_only,warning,Dinophysis_norvegica,5,49,0.0,0.03305
quadtree_adaptive,C2RCC,C2RCC_only,warning,Dinophysis_norvegica,6,56,0.0495,0.05826
quadtree_adaptive,C2RCC,C2RCC_only,warning,Dinophysis_norvegica,7,43,0.0,0.09041
quadtree_adaptive,C2RCC,C2RCC_only,warning,Dinophysis_norvegica,8,45,0.15385,0.21647
quadtree_adaptive,C2RCC,C2RCC_only,warning,Dinophysis_norvegica,9,50,0.12346,0.13753
quadtree_adaptive,C2RCC,C2RCC_roms,warning,Dinophysis_norvegica,0,43,0.03509,0.13001
quadtree_adaptive,C2RCC,C2RCC_roms,warning,Dinophysis_norvegica,1,56,0.06557,0.15754
quadtree_adaptive,C2RCC,C2RCC_roms,warning,Dinophysis_norvegica,2,43,0.03922,0.13114
quadtree_adaptive,C2RCC,C2RCC_roms,warning,Dinophysis_norvegica,3,134,0.02703,0.16149
quadtree_adaptive,C2RCC,C2RCC_roms,warning,Dinophysis_norvegica,4,756,0.0,0.50493
quadtree_adaptive,C2RCC,C2RCC_roms,warning,Dinophysis_norvegica,5,49,0.09836,0.1595
quadtree_adaptive,C2RCC,C2RCC_roms,warning,Dinophysis_norvegica,6,56,0.04301,0.05529
quadtree_adaptive,C2RCC,C2RCC_roms,warning,Dinophysis_norvegica,7,43,0.0339,0.09948
quadtree_adaptive,C2RCC,C2RCC_roms,warning,Dinophysis_norvegica,8,45,0.15094,0.23899
quadtree_adaptive,C2RCC,C2RCC_roms,warning,Dinophysis_norvegica,9,50,0.08108,0.15571
quadtree_adaptive,C2RCC,C2RCC_only,warning,Karenia,0,800,0.47451,0.92851
quadtree_adaptive,C2RCC,C2RCC_only,warning,Karenia,1,118,0.64045,0.65991
quadtree_adaptive,C2RCC,C2RCC_only,warning,Karenia,2,553,0.96075,0.99274
quadtree_adaptive,C2RCC,C2RCC_only,warning,Karenia,3,135,0.64979,0.71806
quadtree_adaptive,C2RCC,C2RCC_only,warning,Karenia,4,248,0.1634,0.2996
quadtree_adaptive,C2RCC,C2RCC_only,warning,Karenia,5,124,0.47191,0.44601
quadtree_adaptive,C2RCC,C2RCC_only,warning,Karenia,6,132,0.53704,0.61966
quadtree_adaptive,C2RCC,C2RCC_only,warning,Karenia,7,132,0.60952,0.71678
quadtree_adaptive,C2RCC,C2RCC_only,warning,Karenia,8,133,0.57407,0.71685
quadtree_adaptive,C2RCC,C2RCC_only,warning,Karenia,9,137,0.62609,0.76749
quadtree_adaptive,C2RCC,C2RCC_roms,warning,Karenia,0,800,0.61008,0.93951
quadtree_adaptive,C2RCC,C2RCC_roms,warning,Karenia,1,118,0.28571,0.54739
quadtree_adaptive,C2RCC,C2RCC_roms,warning,Karenia,2,553,0.97127,0.99462
quadtree_adaptive,C2RCC,C2RCC_roms,warning,Karenia,3,135,0.7265,0.74707
quadtree_adaptive,C2RCC,C2RCC_roms,warning,Karenia,4,248,0.19377,0.36336
quadtree_adaptive,C2RCC,C2RCC_roms,warning,Karenia,5,124,0.22405,0.47667
quadtree_adaptive,C2RCC,C2RCC_roms,warning,Karenia,6,132,0.72477,0.77139
quadtree_adaptive,C2RCC,C2RCC_roms,warning,Karenia,7,132,0.69869,0.79499
quadtree_adaptive,C2RCC,C2RCC_roms,warning,Karenia,8,133,0.70732,0.82507
quadtree_adaptive,C2RCC,C2RCC_roms,warning,Karenia,9,137,0.72874,0.86021
quadtree_adaptive,C2RCC,C2RCC_only,warning,Pseudo-nitzschia,0,114,0.45217,0.38871
quadtree_adaptive,C2RCC,C2RCC_only,warning,Pseudo-nitzschia,1,110,0.33577,0.42737
quadtree_adaptive,C2RCC,C2RCC_only,warning,Pseudo-nitzschia,2,108,0.51977,0.59824
quadtree_adaptive,C2RCC,C2RCC_only,warning,Pseudo-nitzschia,3,215,0.34031,0.389
quadtree_adaptive,C2RCC,C2RCC_only,warning,Pseudo-nitzschia,4,826,0.4239,0.61466
quadtree_adaptive,C2RCC,C2RCC_only,warning,Pseudo-nitzschia,5,111,0.18325,0.26699
quadtree_adaptive,C2RCC,C2RCC_only,warning,Pseudo-nitzschia,6,301,0.54973,0.57803
quadtree_adaptive,C2RCC,C2RCC_only,warning,Pseudo-nitzschia,7,112,0.58291,0.66526
quadtree_adaptive,C2RCC,C2RCC_only,warning,Pseudo-nitzschia,8,112,0.59794,0.58572
quadtree_adaptive,C2RCC,C2RCC_only,warning,Pseudo-nitzschia,9,111,0.5285,0.64668
quadtree_adaptive,C2RCC,C2RCC_roms,warning,Pseudo-nitzschia,0,114,0.62366,0.69518
quadtree_adaptive,C2RCC,C2RCC_roms,warning,Pseudo-nitzschia,1,110,0.60664,0.5692
quadtree_adaptive,C2RCC,C2RCC_roms,warning,Pseudo-nitzschia,2,108,0.5731,0.74696
quadtree_adaptive,C2RCC,C2RCC_roms,warning,Pseudo-nitzschia,3,215,0.42246,0.47943
quadtree_adaptive,C2RCC,C2RCC_roms,warning,Pseudo-nitzschia,4,826,0.37922,0.63084
quadtree_adaptive,C2RCC,C2RCC_roms,warning,Pseudo-nitzschia,5,111,0.49327,0.54455
quadtree_adaptive,C2RCC,C2RCC_roms,warning,Pseudo-nitzschia,6,301,0.50267,0.56268
quadtree_adaptive,C2RCC,C2RCC_roms,warning,Pseudo-nitzschia,7,112,0.69072,0.74761
quadtree_adaptive,C2RCC,C2RCC_roms,warning,Pseudo-nitzschia,8,112,0.76699,0.83218
quadtree_adaptive,C2RCC,C2RCC_roms,warning,Pseudo-nitzschia,9,111,0.67907,0.75964
quadtree_random,ACOLITE,ACOLITE_only,closure,Alexandrium_catenella,0,913,0.0409,0.27649
quadtree_random,ACOLITE,ACOLITE_only,closure,Alexandrium_catenella,1,16,0.38095,0.41331
quadtree_random,ACOLITE,ACOLITE_only,closure,Alexandrium_catenella,2,182,0.11374,0.36361
quadtree_random,ACOLITE,ACOLITE_only,closure,Alexandrium_catenella,3,2,0.8,0.83333
quadtree_random,ACOLITE,ACOLITE_only,closure,Alexandrium_catenella,4,27,0.47059,0.42247
quadtree_random,ACOLITE,ACOLITE_only,closure,Alexandrium_catenella,5,19,0.48276,0.60064
quadtree_random,ACOLITE,ACOLITE_only,closure,Alexandrium_catenella,6,39,0.40816,0.69254
quadtree_random,ACOLITE,ACOLITE_only,closure,Alexandrium_catenella,7,24,0.59459,0.70105
quadtree_random,ACOLITE,ACOLITE_only,closure,Alexandrium_catenella,8,32,0.16216,0.32473
quadtree_random,ACOLITE,ACOLITE_only,closure,Alexandrium_catenella,9,40,0.4,0.42459
quadtree_random,ACOLITE,ACOLITE_roms,closure,Alexandrium_catenella,0,913,0.01722,0.27106
quadtree_random,ACOLITE,ACOLITE_roms,closure,Alexandrium_catenella,1,16,0.68966,0.83249
quadtree_random,ACOLITE,ACOLITE_roms,closure,Alexandrium_catenella,2,182,0.07035,0.40411
quadtree_random,ACOLITE,ACOLITE_roms,closure,Alexandrium_catenella,3,2,0.8,1.0
quadtree_random,ACOLITE,ACOLITE_roms,closure,Alexandrium_catenella,4,27,0.21622,0.48645
quadtree_random,ACOLITE,ACOLITE_roms,closure,Alexandrium_catenella,5,19,0.27273,0.66464
quadtree_random,ACOLITE,ACOLITE_roms,closure,Alexandrium_catenella,6,39,0.49123,0.79425
quadtree_random,ACOLITE,ACOLITE_roms,closure,Alexandrium_catenella,7,24,0.6,0.73663
quadtree_random,ACOLITE,ACOLITE_roms,closure,Alexandrium_catenella,8,32,0.11765,0.38466
quadtree_random,ACOLITE,ACOLITE_roms,closure,Alexandrium_catenella,9,40,0.28,0.50206
quadtree_random,ACOLITE,ACOLITE_only,closure,Dinophysis_acuminata,0,1852,0.0118,0.57504
quadtree_random,ACOLITE,ACOLITE_only,closure,Dinophysis_acuminata,1,13,0.0,0.02786
quadtree_random,ACOLITE,ACOLITE_only,closure,Dinophysis_acuminata,2,78,0.2375,0.20668
quadtree_random,ACOLITE,ACOLITE_only,closure,Dinophysis_acuminata,3,8,0.0,0.00922
quadtree_random,ACOLITE,ACOLITE_only,closure,Dinophysis_acuminata,4,30,0.19608,0.26734
quadtree_random,ACOLITE,ACOLITE_only,closure,Dinophysis_acuminata,5,27,0.13333,0.48665
quadtree_random,ACOLITE,ACOLITE_only,closure,Dinophysis_acuminata,6,22,0.60465,0.6158
quadtree_random,ACOLITE,ACOLITE_only,closure,Dinophysis_acuminata,7,13,0.125,0.23471
quadtree_random,ACOLITE,ACOLITE_only,closure,Dinophysis_acuminata,8,33,0.0,0.22633
quadtree_random,ACOLITE,ACOLITE_only,closure,Dinophysis_acuminata,9,18,0.32258,0.25571
quadtree_random,ACOLITE,ACOLITE_roms,closure,Dinophysis_acuminata,0,1852,0.09298,0.57744
quadtree_random,ACOLITE,ACOLITE_roms,closure,Dinophysis_acuminata,1,13,0.1,0.11391
quadtree_random,ACOLITE,ACOLITE_roms,closure,Dinophysis_acuminata,2,78,0.34951,0.53426
quadtree_random,ACOLITE,ACOLITE_roms,closure,Dinophysis_acuminata,3,8,0.0,0.00553
quadtree_random,ACOLITE,ACOLITE_roms,closure,Dinophysis_acuminata,4,30,0.15385,0.3814
quadtree_random,ACOLITE,ACOLITE_roms,closure,Dinophysis_acuminata,5,27,0.34286,0.40643
quadtree_random,ACOLITE,ACOLITE_roms,closure,Dinophysis_acuminata,6,22,0.17647,0.341
quadtree_random,ACOLITE,ACOLITE_roms,closure,Dinophysis_acuminata,7,13,0.125,0.29377
quadtree_random,ACOLITE,ACOLITE_roms,closure,Dinophysis_acuminata,8,33,0.0,0.22377
quadtree_random,ACOLITE,ACOLITE_roms,closure,Dinophysis_acuminata,9,18,0.17391,0.21063
quadtree_random,ACOLITE,ACOLITE_only,closure,Dinophysis_norvegica,0,225,0.0,0.06475
quadtree_random,ACOLITE,ACOLITE_only,closure,Dinophysis_norvegica,1,2,0.0,0.17001
quadtree_random,ACOLITE,ACOLITE_only,closure,Dinophysis_norvegica,2,9,0.0,0.02971
quadtree_random,ACOLITE,ACOLITE_only,closure,Dinophysis_norvegica,3,0,,
quadtree_random,ACOLITE,ACOLITE_only,closure,Dinophysis_norvegica,4,1,0.0,0.00248
quadtree_random,ACOLITE,ACOLITE_only,closure,Dinophysis_norvegica,5,1,0.0,0.00599
quadtree_random,ACOLITE,ACOLITE_only,closure,Dinophysis_norvegica,6,6,0.0,0.03153
quadtree_random,ACOLITE,ACOLITE_only,closure,Dinophysis_norvegica,7,2,0.0,0.00693
quadtree_random,ACOLITE,ACOLITE_only,closure,Dinophysis_norvegica,8,4,0.0,0.02027
quadtree_random,ACOLITE,ACOLITE_only,closure,Dinophysis_norvegica,9,4,0.0,0.02176
quadtree_random,ACOLITE,ACOLITE_roms,closure,Dinophysis_norvegica,0,225,0.0,0.06079
quadtree_random,ACOLITE,ACOLITE_roms,closure,Dinophysis_norvegica,1,2,0.0,0.30952
quadtree_random,ACOLITE,ACOLITE_roms,closure,Dinophysis_norvegica,2,9,0.0,0.04549
quadtree_random,ACOLITE,ACOLITE_roms,closure,Dinophysis_norvegica,3,0,,
quadtree_random,ACOLITE,ACOLITE_roms,closure,Dinophysis_norvegica,4,1,0.0,0.00549
quadtree_random,ACOLITE,ACOLITE_roms,closure,Dinophysis_norvegica,5,1,0.0,0.003
quadtree_random,ACOLITE,ACOLITE_roms,closure,Dinophysis_norvegica,6,6,0.0,0.05016
quadtree_random,ACOLITE,ACOLITE_roms,closure,Dinophysis_norvegica,7,2,0.0,0.04674
quadtree_random,ACOLITE,ACOLITE_roms,closure,Dinophysis_norvegica,8,4,0.0,0.03549
quadtree_random,ACOLITE,ACOLITE_roms,closure,Dinophysis_norvegica,9,4,0.0,0.01155
quadtree_random,ACOLITE,ACOLITE_only,closure,Karenia,0,49,0.05674,0.04514
quadtree_random,ACOLITE,ACOLITE_only,closure,Karenia,1,51,0.2069,0.25235
quadtree_random,ACOLITE,ACOLITE_only,closure,Karenia,2,11,0.53333,0.51607
quadtree_random,ACOLITE,ACOLITE_only,closure,Karenia,3,826,0.02688,0.47369
quadtree_random,ACOLITE,ACOLITE_only,closure,Karenia,4,59,0.4557,0.7865
quadtree_random,ACOLITE,ACOLITE_only,closure,Karenia,5,50,0.73563,0.85688
quadtree_random,ACOLITE,ACOLITE_only,closure,Karenia,6,35,0.8254,0.87968
quadtree_random,ACOLITE,ACOLITE_only,closure,Karenia,7,42,0.13333,0.63046
quadtree_random,ACOLITE,ACOLITE_only,closure,Karenia,8,37,0.66667,0.58108
quadtree_random,ACOLITE,ACOLITE_only,closure,Karenia,9,48,0.375,0.69187
quadtree_random,ACOLITE,ACOLITE_roms,closure,Karenia,0,49,0.10345,0.07066
quadtree_random,ACOLITE,ACOLITE_roms,closure,Karenia,1,51,0.47761,0.4848
quadtree_random,ACOLITE,ACOLITE_roms,closure,Karenia,2,11,0.53333,0.7801
quadtree_random,ACOLITE,ACOLITE_roms,closure,Karenia,3,826,0.11725,0.58241
quadtree_random,ACOLITE,ACOLITE_roms,closure,Karenia,4,59,0.63736,0.92172
quadtree_random,ACOLITE,ACOLITE_roms,closure,Karenia,5,50,0.69767,0.83619
quadtree_random,ACOLITE,ACOLITE_roms,closure,Karenia,6,35,0.86154,0.92098
quadtree_random,ACOLITE,ACOLITE_roms,closure,Karenia,7,42,0.35714,0.67246
quadtree_random,ACOLITE,ACOLITE_roms,closure,Karenia,8,37,0.71264,0.58961
quadtree_random,ACOLITE,ACOLITE_roms,closure,Karenia,9,48,0.36923,0.71353
quadtree_random,ACOLITE,ACOLITE_only,closure,Pseudo-nitzschia,0,213,0.00913,0.07018
quadtree_random,ACOLITE,ACOLITE_only,closure,Pseudo-nitzschia,1,9,0.57143,0.88296
quadtree_random,ACOLITE,ACOLITE_only,closure,Pseudo-nitzschia,2,29,0.0,0.04022
quadtree_random,ACOLITE,ACOLITE_only,closure,Pseudo-nitzschia,3,8,0.0,0.03697
quadtree_random,ACOLITE,ACOLITE_only,closure,Pseudo-nitzschia,4,28,0.0,0.27687
quadtree_random,ACOLITE,ACOLITE_only,closure,Pseudo-nitzschia,5,37,0.05263,0.6387
quadtree_random,ACOLITE,ACOLITE_only,closure,Pseudo-nitzschia,6,12,0.47059,0.48109
quadtree_random,ACOLITE,ACOLITE_only,closure,Pseudo-nitzschia,7,9,0.3,0.37553
quadtree_random,ACOLITE,ACOLITE_only,closure,Pseudo-nitzschia,8,13,0.35294,0.6205
quadtree_random,ACOLITE,ACOLITE_only,closure,Pseudo-nitzschia,9,21,0.0,0.15331
quadtree_random,ACOLITE,ACOLITE_roms,closure,Pseudo-nitzschia,0,213,0.0,0.08197
quadtree_random,ACOLITE,ACOLITE_roms,closure,Pseudo-nitzschia,1,9,0.84211,0.75974
quadtree_random,ACOLITE,ACOLITE_roms,closure,Pseudo-nitzschia,2,29,0.0,0.09704
quadtree_random,ACOLITE,ACOLITE_roms,closure,Pseudo-nitzschia,3,8,0.0,0.00574
quadtree_random,ACOLITE,ACOLITE_roms,closure,Pseudo-nitzschia,4,28,0.25,0.42113
quadtree_random,ACOLITE,ACOLITE_roms,closure,Pseudo-nitzschia,5,37,0.15,0.69978
quadtree_random,ACOLITE,ACOLITE_roms,closure,Pseudo-nitzschia,6,12,0.44444,0.60533
quadtree_random,ACOLITE,ACOLITE_roms,closure,Pseudo-nitzschia,7,9,0.22222,0.41297
quadtree_random,ACOLITE,ACOLITE_roms,closure,Pseudo-nitzschia,8,13,0.375,0.81653
quadtree_random,ACOLITE,ACOLITE_roms,closure,Pseudo-nitzschia,9,21,0.0,0.21456
quadtree_random,Baseline,Baseline_only,closure,Alexandrium_catenella,0,913,0.08611,0.27948
quadtree_random,Baseline,Baseline_only,closure,Alexandrium_catenella,1,16,0.56,0.69062
quadtree_random,Baseline,Baseline_only,closure,Alexandrium_catenella,2,182,0.27869,0.49844
quadtree_random,Baseline,Baseline_only,closure,Alexandrium_catenella,3,2,0.66667,0.66667
quadtree_random,Baseline,Baseline_only,closure,Alexandrium_catenella,4,27,0.41026,0.47469
quadtree_random,Baseline,Baseline_only,closure,Alexandrium_catenella,5,19,0.32,0.44821
quadtree_random,Baseline,Baseline_only,closure,Alexandrium_catenella,6,39,0.58182,0.79195
quadtree_random,Baseline,Baseline_only,closure,Alexandrium_catenella,7,24,0.53659,0.62016
quadtree_random,Baseline,Baseline_only,closure,Alexandrium_catenella,8,32,0.11429,0.26018
quadtree_random,Baseline,Baseline_only,closure,Alexandrium_catenella,9,40,0.22951,0.38793
quadtree_random,Baseline,Baseline_roms,closure,Alexandrium_catenella,0,913,0.01726,0.28772
quadtree_random,Baseline,Baseline_roms,closure,Alexandrium_catenella,1,16,0.75862,0.85207
quadtree_random,Baseline,Baseline_roms,closure,Alexandrium_catenella,2,182,0.17273,0.55795
quadtree_random,Baseline,Baseline_roms,closure,Alexandrium_catenella,3,2,0.66667,1.0
quadtree_random,Baseline,Baseline_roms,closure,Alexandrium_catenella,4,27,0.42105,0.58583
quadtree_random,Baseline,Baseline_roms,closure,Alexandrium_catenella,5,19,0.27273,0.5233
quadtree_random,Baseline,Baseline_roms,closure,Alexandrium_catenella,6,39,0.57143,0.87967
quadtree_random,Baseline,Baseline_roms,closure,Alexandrium_catenella,7,24,0.5,0.62792
quadtree_random,Baseline,Baseline_roms,closure,Alexandrium_catenella,8,32,0.11765,0.39308
quadtree_random,Baseline,Baseline_roms,closure,Alexandrium_catenella,9,40,0.36364,0.51638
quadtree_random,Baseline,Baseline_only,closure,Dinophysis_acuminata,0,1852,0.0075,0.59255
quadtree_random,Baseline,Baseline_only,closure,Dinophysis_acuminata,1,13,0.05405,0.0249
quadtree_random,Baseline,Baseline_only,closure,Dinophysis_acuminata,2,78,0.05714,0.24402
quadtree_random,Baseline,Baseline_only,closure,Dinophysis_acuminata,3,8,0.0,0.0027
quadtree_random,Baseline,Baseline_only,closure,Dinophysis_acuminata,4,30,0.0,0.22629
quadtree_random,Baseline,Baseline_only,closure,Dinophysis_acuminata,5,27,0.0,0.19263
quadtree_random,Baseline,Baseline_only,closure,Dinophysis_acuminata,6,22,0.35294,0.54238
quadtree_random,Baseline,Baseline_only,closure,Dinophysis_acuminata,7,13,0.125,0.28412
quadtree_random,Baseline,Baseline_only,closure,Dinophysis_acuminata,8,33,0.0,0.16895
quadtree_random,Baseline,Baseline_only,closure,Dinophysis_acuminata,9,18,0.09091,0.16105
quadtree_random,Baseline,Baseline_roms,closure,Dinophysis_acuminata,0,1852,0.1216,0.58983
quadtree_random,Baseline,Baseline_roms,closure,Dinophysis_acuminata,1,13,0.0,0.1138
quadtree_random,Baseline,Baseline_roms,closure,Dinophysis_acuminata,2,78,0.14894,0.37968
quadtree_random,Baseline,Baseline_roms,closure,Dinophysis_acuminata,3,8,0.0,0.00308
quadtree_random,Baseline,Baseline_roms,closure,Dinophysis_acuminata,4,30,0.32432,0.48098
quadtree_random,Baseline,Baseline_roms,closure,Dinophysis_acuminata,5,27,0.25806,0.3237
quadtree_random,Baseline,Baseline_roms,closure,Dinophysis_acuminata,6,22,0.2963,0.56051
quadtree_random,Baseline,Baseline_roms,closure,Dinophysis_acuminata,7,13,0.23529,0.35858
quadtree_random,Baseline,Baseline_roms,closure,Dinophysis_acuminata,8,33,0.0,0.16351
quadtree_random,Baseline,Baseline_roms,closure,Dinophysis_acuminata,9,18,0.17391,0.20671
quadtree_random,Baseline,Baseline_only,closure,Dinophysis_norvegica,0,225,0.0,0.05507
quadtree_random,Baseline,Baseline_only,closure,Dinophysis_norvegica,1,2,0.0,0.00601
quadtree_random,Baseline,Baseline_only,closure,Dinophysis_norvegica,2,9,0.0,0.01576
quadtree_random,Baseline,Baseline_only,closure,Dinophysis_norvegica,3,0,,
quadtree_random,Baseline,Baseline_only,closure,Dinophysis_norvegica,4,1,0.0,0.00248
quadtree_random,Baseline,Baseline_only,closure,Dinophysis_norvegica,5,1,0.0,0.01429
quadtree_random,Baseline,Baseline_only,closure,Dinophysis_norvegica,6,6,0.0,0.07228
quadtree_random,Baseline,Baseline_only,closure,Dinophysis_norvegica,7,2,0.0,0.08895
quadtree_random,Baseline,Baseline_only,closure,Dinophysis_norvegica,8,4,0.0,0.02544
quadtree_random,Baseline,Baseline_only,closure,Dinophysis_norvegica,9,4,0.0,0.0148
quadtree_random,Baseline,Baseline_roms,closure,Dinophysis_norvegica,0,225,0.0,0.05717
quadtree_random,Baseline,Baseline_roms,closure,Dinophysis_norvegica,1,2,0.0,0.05743
quadtree_random,Baseline,Baseline_roms,closure,Dinophysis_norvegica,2,9,0.0,0.01453
quadtree_random,Baseline,Baseline_roms,closure,Dinophysis_norvegica,3,0,,
quadtree_random,Baseline,Baseline_roms,closure,Dinophysis_norvegica,4,1,0.0,0.00478
quadtree_random,Baseline,Baseline_roms,closure,Dinophysis_norvegica,5,1,0.0,0.02083
quadtree_random,Baseline,Baseline_roms,closure,Dinophysis_norvegica,6,6,0.0,0.04852
quadtree_random,Baseline,Baseline_roms,closure,Dinophysis_norvegica,7,2,0.0,0.03532
quadtree_random,Baseline,Baseline_roms,closure,Dinophysis_norvegica,8,4,0.0,0.01594
quadtree_random,Baseline,Baseline_roms,closure,Dinophysis_norvegica,9,4,0.0,0.01172
quadtree_random,Baseline,Baseline_only,closure,Karenia,0,49,0.04858,0.02061
quadtree_random,Baseline,Baseline_only,closure,Karenia,1,51,0.15254,0.11464
quadtree_random,Baseline,Baseline_only,closure,Karenia,2,11,0.42857,0.46276
quadtree_random,Baseline,Baseline_only,closure,Karenia,3,826,0.0,0.47941
quadtree_random,Baseline,Baseline_only,closure,Karenia,4,59,0.4557,0.82867
quadtree_random,Baseline,Baseline_only,closure,Karenia,5,50,0.63158,0.84591
quadtree_random,Baseline,Baseline_only,closure,Karenia,6,35,0.81967,0.79182
quadtree_random,Baseline,Baseline_only,closure,Karenia,7,42,0.57576,0.72246
quadtree_random,Baseline,Baseline_only,closure,Karenia,8,37,0.66667,0.71591
quadtree_random,Baseline,Baseline_only,closure,Karenia,9,48,0.26667,0.67221
quadtree_random,Baseline,Baseline_roms,closure,Karenia,0,49,0.05263,0.0539
quadtree_random,Baseline,Baseline_roms,closure,Karenia,1,51,0.42254,0.36304
quadtree_random,Baseline,Baseline_roms,closure,Karenia,2,11,0.53333,0.62724
quadtree_random,Baseline,Baseline_roms,closure,Karenia,3,826,0.08535,0.54123
quadtree_random,Baseline,Baseline_roms,closure,Karenia,4,59,0.5122,0.87146
quadtree_random,Baseline,Baseline_roms,closure,Karenia,5,50,0.48,0.7986
quadtree_random,Baseline,Baseline_roms,closure,Karenia,6,35,0.83871,0.83386
quadtree_random,Baseline,Baseline_roms,closure,Karenia,7,42,0.43333,0.67951
quadtree_random,Baseline,Baseline_roms,closure,Karenia,8,37,0.72093,0.67545
quadtree_random,Baseline,Baseline_roms,closure,Karenia,9,48,0.36364,0.70214
quadtree_random,Baseline,Baseline_only,closure,Pseudo-nitzschia,0,213,0.02609,0.08295
quadtree_random,Baseline,Baseline_only,closure,Pseudo-nitzschia,1,9,0.42857,0.58385
quadtree_random,Baseline,Baseline_only,closure,Pseudo-nitzschia,2,29,0.0,0.05198
quadtree_random,Baseline,Baseline_only,closure,Pseudo-nitzschia,3,8,0.0,0.0554
quadtree_random,Baseline,Baseline_only,closure,Pseudo-nitzschia,4,28,0.0,0.3296
quadtree_random,Baseline,Baseline_only,closure,Pseudo-nitzschia,5,37,0.0,0.86833
quadtree_random,Baseline,Baseline_only,closure,Pseudo-nitzschia,6,12,0.56,0.41189
quadtree_random,Baseline,Baseline_only,closure,Pseudo-nitzschia,7,9,0.0,0.22717
quadtree_random,Baseline,Baseline_only,closure,Pseudo-nitzschia,8,13,0.26667,0.51854
quadtree_random,Baseline,Baseline_only,closure,Pseudo-nitzschia,9,21,0.0,0.08412
quadtree_random,Baseline,Baseline_roms,closure,Pseudo-nitzschia,0,213,0.02778,0.09083
quadtree_random,Baseline,Baseline_roms,closure,Pseudo-nitzschia,1,9,0.85714,0.8398
quadtree_random,Baseline,Baseline_roms,closure,Pseudo-nitzschia,2,29,0.0,0.05759
quadtree_random,Baseline,Baseline_roms,closure,Pseudo-nitzschia,3,8,0.0,0.01363
quadtree_random,Baseline,Baseline_roms,closure,Pseudo-nitzschia,4,28,0.06897,0.56255
quadtree_random,Baseline,Baseline_roms,closure,Pseudo-nitzschia,5,37,0.3913,0.83517
quadtree_random,Baseline,Baseline_roms,closure,Pseudo-nitzschia,6,12,0.61538,0.55199
quadtree_random,Baseline,Baseline_roms,closure,Pseudo-nitzschia,7,9,0.14286,0.25295
quadtree_random,Baseline,Baseline_roms,closure,Pseudo-nitzschia,8,13,0.375,0.86657
quadtree_random,Baseline,Baseline_roms,closure,Pseudo-nitzschia,9,21,0.0,0.2986
quadtree_random,C2RCC,C2RCC_only,closure,Alexandrium_catenella,0,913,0.06294,0.28611
quadtree_random,C2RCC,C2RCC_only,closure,Alexandrium_catenella,1,16,0.16,0.30869
quadtree_random,C2RCC,C2RCC_only,closure,Alexandrium_catenella,2,182,0.18519,0.45676
quadtree_random,C2RCC,C2RCC_only,closure,Alexandrium_catenella,3,2,0.03704,0.51887
quadtree_random,C2RCC,C2RCC_only,closure,Alexandrium_catenella,4,27,0.48148,0.40901
quadtree_random,C2RCC,C2RCC_only,closure,Alexandrium_catenella,5,19,0.42424,0.40643
quadtree_random,C2RCC,C2RCC_only,closure,Alexandrium_catenella,6,39,0.55738,0.70992
quadtree_random,C2RCC,C2RCC_only,closure,Alexandrium_catenella,7,24,0.54545,0.62333
quadtree_random,C2RCC,C2RCC_only,closure,Alexandrium_catenella,8,32,0.16667,0.33361
quadtree_random,C2RCC,C2RCC_only,closure,Alexandrium_catenella,9,40,0.17241,0.29214
quadtree_random,C2RCC,C2RCC_roms,closure,Alexandrium_catenella,0,913,0.01713,0.30268
quadtree_random,C2RCC,C2RCC_roms,closure,Alexandrium_catenella,1,16,0.68966,0.75941
quadtree_random,C2RCC,C2RCC_roms,closure,Alexandrium_catenella,2,182,0.32174,0.52967
quadtree_random,C2RCC,C2RCC_roms,closure,Alexandrium_catenella,3,2,0.8,1.0
quadtree_random,C2RCC,C2RCC_roms,closure,Alexandrium_catenella,4,27,0.53333,0.56076
quadtree_random,C2RCC,C2RCC_roms,closure,Alexandrium_catenella,5,19,0.64286,0.59025
quadtree_random,C2RCC,C2RCC_roms,closure,Alexandrium_catenella,6,39,0.64407,0.85849
quadtree_random,C2RCC,C2RCC_roms,closure,Alexandrium_catenella,7,24,0.7,0.81741
quadtree_random,C2RCC,C2RCC_roms,closure,Alexandrium_catenella,8,32,0.17143,0.36157
quadtree_random,C2RCC,C2RCC_roms,closure,Alexandrium_catenella,9,40,0.22951,0.35058
quadtree_random,C2RCC,C2RCC_only,closure,Dinophysis_acuminata,0,1852,0.02003,0.54814
quadtree_random,C2RCC,C2RCC_only,closure,Dinophysis_acuminata,1,13,0.01869,0.01367
quadtree_random,C2RCC,C2RCC_only,closure,Dinophysis_acuminata,2,78,0.23881,0.26962
quadtree_random,C2RCC,C2RCC_only,closure,Dinophysis_acuminata,3,8,0.0,0.00296
quadtree_random,C2RCC,C2RCC_only,closure,Dinophysis_acuminata,4,30,0.08,0.19629
quadtree_random,C2RCC,C2RCC_only,closure,Dinophysis_acuminata,5,27,0.0625,0.15591
quadtree_random,C2RCC,C2RCC_only,closure,Dinophysis_acuminata,6,22,0.05714,0.15949
quadtree_random,C2RCC,C2RCC_only,closure,Dinophysis_acuminata,7,13,0.10256,0.07851
quadtree_random,C2RCC,C2RCC_only,closure,Dinophysis_acuminata,8,33,0.16,0.15976
quadtree_random,C2RCC,C2RCC_only,closure,Dinophysis_acuminata,9,18,0.16667,0.18946
quadtree_random,C2RCC,C2RCC_roms,closure,Dinophysis_acuminata,0,1852,0.10306,0.55215
quadtree_random,C2RCC,C2RCC_roms,closure,Dinophysis_acuminata,1,13,0.0,0.05746
quadtree_random,C2RCC,C2RCC_roms,closure,Dinophysis_acuminata,2,78,0.27368,0.47522
quadtree_random,C2RCC,C2RCC_roms,closure,Dinophysis_acuminata,3,8,0.0,0.00307
quadtree_random,C2RCC,C2RCC_roms,closure,Dinophysis_acuminata,4,30,0.17647,0.41233
quadtree_random,C2RCC,C2RCC_roms,closure,Dinophysis_acuminata,5,27,0.1875,0.2957
quadtree_random,C2RCC,C2RCC_roms,closure,Dinophysis_acuminata,6,22,0.2439,0.29395
quadtree_random,C2RCC,C2RCC_roms,closure,Dinophysis_acuminata,7,13,0.31579,0.30625
quadtree_random,C2RCC,C2RCC_roms,closure,Dinophysis_acuminata,8,33,0.05882,0.34008
quadtree_random,C2RCC,C2RCC_roms,closure,Dinophysis_acuminata,9,18,0.19048,0.35401
quadtree_random,C2RCC,C2RCC_only,closure,Dinophysis_norvegica,0,225,0.0,0.05886
quadtree_random,C2RCC,C2RCC_only,closure,Dinophysis_norvegica,1,2,0.0,0.01246
quadtree_random,C2RCC,C2RCC_only,closure,Dinophysis_norvegica,2,9,0.0,0.01916
quadtree_random,C2RCC,C2RCC_only,closure,Dinophysis_norvegica,3,0,,
quadtree_random,C2RCC,C2RCC_only,closure,Dinophysis_norvegica,4,1,0.0,0.00248
quadtree_random,C2RCC,C2RCC_only,closure,Dinophysis_norvegica,5,1,0.0,0.003
quadtree_random,C2RCC,C2RCC_only,closure,Dinophysis_norvegica,6,6,0.0,0.0522
quadtree_random,C2RCC,C2RCC_only,closure,Dinophysis_norvegica,7,2,0.0,0.19444
quadtree_random,C2RCC,C2RCC_only,closure,Dinophysis_norvegica,8,4,0.0,0.0116
quadtree_random,C2RCC,C2RCC_only,closure,Dinophysis_norvegica,9,4,0.0,0.01096
quadtree_random,C2RCC,C2RCC_roms,closure,Dinophysis_norvegica,0,225,0.0,0.05358
quadtree_random,C2RCC,C2RCC_roms,closure,Dinophysis_norvegica,1,2,0.0,0.03087
quadtree_random,C2RCC,C2RCC_roms,closure,Dinophysis_norvegica,2,9,0.0,0.02047
quadtree_random,C2RCC,C2RCC_roms,closure,Dinophysis_norvegica,3,0,,
quadtree_random,C2RCC,C2RCC_roms,closure,Dinophysis_norvegica,4,1,0.0,0.00314
quadtree_random,C2RCC,C2RCC_roms,closure,Dinophysis_norvegica,5,1,0.0,0.00386
quadtree_random,C2RCC,C2RCC_roms,closure,Dinophysis_norvegica,6,6,0.0,0.03666
quadtree_random,C2RCC,C2RCC_roms,closure,Dinophysis_norvegica,7,2,0.0,0.06871
quadtree_random,C2RCC,C2RCC_roms,closure,Dinophysis_norvegica,8,4,0.0,0.01918
quadtree_random,C2RCC,C2RCC_roms,closure,Dinophysis_norvegica,9,4,0.0,0.01398
quadtree_random,C2RCC,C2RCC_only,closure,Karenia,0,49,0.04255,0.06473
quadtree_random,C2RCC,C2RCC_only,closure,Karenia,1,51,0.24138,0.53625
quadtree_random,C2RCC,C2RCC_only,closure,Karenia,2,11,0.31579,0.24651
quadtree_random,C2RCC,C2RCC_only,closure,Karenia,3,826,0.0,0.32668
quadtree_random,C2RCC,C2RCC_only,closure,Karenia,4,59,0.20588,0.58466
quadtree_random,C2RCC,C2RCC_only,closure,Karenia,5,50,0.38235,0.71838
quadtree_random,C2RCC,C2RCC_only,closure,Karenia,6,35,0.72727,0.84988
quadtree_random,C2RCC,C2RCC_only,closure,Karenia,7,42,0.44828,0.75759
quadtree_random,C2RCC,C2RCC_only,closure,Karenia,8,37,0.57534,0.6398
quadtree_random,C2RCC,C2RCC_only,closure,Karenia,9,48,0.27778,0.45714
quadtree_random,C2RCC,C2RCC_roms,closure,Karenia,0,49,0.06667,0.06905
quadtree_random,C2RCC,C2RCC_roms,closure,Karenia,1,51,0.21277,0.28429
quadtree_random,C2RCC,C2RCC_roms,closure,Karenia,2,11,0.5,0.65517
quadtree_random,C2RCC,C2RCC_roms,closure,Karenia,3,826,0.08535,0.47098
quadtree_random,C2RCC,C2RCC_roms,closure,Karenia,4,59,0.4359,0.89959
quadtree_random,C2RCC,C2RCC_roms,closure,Karenia,5,50,0.67368,0.72746
quadtree_random,C2RCC,C2RCC_roms,closure,Karenia,6,35,0.77966,0.89446
quadtree_random,C2RCC,C2RCC_roms,closure,Karenia,7,42,0.53125,0.63823
quadtree_random,C2RCC,C2RCC_roms,closure,Karenia,8,37,0.71264,0.64379
quadtree_random,C2RCC,C2RCC_roms,closure,Karenia,9,48,0.16949,0.61175
quadtree_random,C2RCC,C2RCC_only,closure,Pseudo-nitzschia,0,213,0.01818,0.09121
quadtree_random,C2RCC,C2RCC_only,closure,Pseudo-nitzschia,1,9,0.16667,0.59134
quadtree_random,C2RCC,C2RCC_only,closure,Pseudo-nitzschia,2,29,0.0,0.04242
quadtree_random,C2RCC,C2RCC_only,closure,Pseudo-nitzschia,3,8,0.0,0.00625
quadtree_random,C2RCC,C2RCC_only,closure,Pseudo-nitzschia,4,28,0.1875,0.23346
quadtree_random,C2RCC,C2RCC_only,closure,Pseudo-nitzschia,5,37,0.0,0.53788
quadtree_random,C2RCC,C2RCC_only,closure,Pseudo-nitzschia,6,12,0.5,0.54426
quadtree_random,C2RCC,C2RCC_only,closure,Pseudo-nitzschia,7,9,0.16667,0.15747
quadtree_random,C2RCC,C2RCC_only,closure,Pseudo-nitzschia,8,13,0.0,0.46738
quadtree_random,C2RCC,C2RCC_only,closure,Pseudo-nitzschia,9,21,0.08696,0.16202
quadtree_random,C2RCC,C2RCC_roms,closure,Pseudo-nitzschia,0,213,0.0186,0.08957
quadtree_random,C2RCC,C2RCC_roms,closure,Pseudo-nitzschia,1,9,0.42857,0.67917
quadtree_random,C2RCC,C2RCC_roms,closure,Pseudo-nitzschia,2,29,0.0,0.08713
quadtree_random,C2RCC,C2RCC_roms,closure,Pseudo-nitzschia,3,8,0.0,0.00799
quadtree_random,C2RCC,C2RCC_roms,closure,Pseudo-nitzschia,4,28,0.25,0.31007
quadtree_random,C2RCC,C2RCC_roms,closure,Pseudo-nitzschia,5,37,0.19512,0.72733
quadtree_random,C2RCC,C2RCC_roms,closure,Pseudo-nitzschia,6,12,0.56,0.66015
quadtree_random,C2RCC,C2RCC_roms,closure,Pseudo-nitzschia,7,9,0.2,0.40228
quadtree_random,C2RCC,C2RCC_roms,closure,Pseudo-nitzschia,8,13,0.375,0.7685
quadtree_random,C2RCC,C2RCC_roms,closure,Pseudo-nitzschia,9,21,0.0,0.37542
quadtree_random,ACOLITE,ACOLITE_only,warning,Alexandrium_catenella,0,18,0.14286,0.11453
quadtree_random,ACOLITE,ACOLITE_only,warning,Alexandrium_catenella,1,1184,0.04721,0.34984
quadtree_random,ACOLITE,ACOLITE_only,warning,Alexandrium_catenella,2,29,0.59574,0.51211
quadtree_random,ACOLITE,ACOLITE_only,warning,Alexandrium_catenella,3,219,0.18881,0.42625
quadtree_random,ACOLITE,ACOLITE_only,warning,Alexandrium_catenella,4,37,0.58182,0.58058
quadtree_random,ACOLITE,ACOLITE_only,warning,Alexandrium_catenella,5,34,0.54237,0.5561
quadtree_random,ACOLITE,ACOLITE_only,warning,Alexandrium_catenella,6,54,0.5679,0.70791
quadtree_random,ACOLITE,ACOLITE_only,warning,Alexandrium_catenella,7,33,0.2,0.23589
quadtree_random,ACOLITE,ACOLITE_only,warning,Alexandrium_catenella,8,29,0.26667,0.40738
quadtree_random,ACOLITE,ACOLITE_only,warning,Alexandrium_catenella,9,45,0.36066,0.44984
quadtree_random,ACOLITE,ACOLITE_roms,warning,Alexandrium_catenella,0,18,0.19048,0.19665
quadtree_random,ACOLITE,ACOLITE_roms,warning,Alexandrium_catenella,1,1184,0.02158,0.3498
quadtree_random,ACOLITE,ACOLITE_roms,warning,Alexandrium_catenella,2,29,0.76923,0.89134
quadtree_random,ACOLITE,ACOLITE_roms,warning,Alexandrium_catenella,3,219,0.17121,0.44379
quadtree_random,ACOLITE,ACOLITE_roms,warning,Alexandrium_catenella,4,37,0.32653,0.4558
quadtree_random,ACOLITE,ACOLITE_roms,warning,Alexandrium_catenella,5,34,0.57143,0.60855
quadtree_random,ACOLITE,ACOLITE_roms,warning,Alexandrium_catenella,6,54,0.61176,0.76356
quadtree_random,ACOLITE,ACOLITE_roms,warning,Alexandrium_catenella,7,33,0.3,0.34033
quadtree_random,ACOLITE,ACOLITE_roms,warning,Alexandrium_catenella,8,29,0.4186,0.4894
quadtree_random,ACOLITE,ACOLITE_roms,warning,Alexandrium_catenella,9,45,0.35484,0.46512
quadtree_random,ACOLITE,ACOLITE_only,warning,Dinophysis_acuminata,0,272,0.29303,0.23447
quadtree_random,ACOLITE,ACOLITE_only,warning,Dinophysis_acuminata,1,2615,0.2081,0.78316
quadtree_random,ACOLITE,ACOLITE_only,warning,Dinophysis_acuminata,2,270,0.26545,0.3456
quadtree_random,ACOLITE,ACOLITE_only,warning,Dinophysis_acuminata,3,205,0.42054,0.41086
quadtree_random,ACOLITE,ACOLITE_only,warning,Dinophysis_acuminata,4,82,0.41667,0.54507
quadtree_random,ACOLITE,ACOLITE_only,warning,Dinophysis_acuminata,5,109,0.45304,0.51252
quadtree_random,ACOLITE,ACOLITE_only,warning,Dinophysis_acuminata,6,87,0.43421,0.47945
quadtree_random,ACOLITE,ACOLITE_only,warning,Dinophysis_acuminata,7,84,0.45902,0.56169
quadtree_random,ACOLITE,ACOLITE_only,warning,Dinophysis_acuminata,8,63,0.34146,0.29691
quadtree_random,ACOLITE,ACOLITE_only,warning,Dinophysis_acuminata,9,80,0.51515,0.66033
quadtree_random,ACOLITE,ACOLITE_roms,warning,Dinophysis_acuminata,0,272,0.14555,0.21603
quadtree_random,ACOLITE,ACOLITE_roms,warning,Dinophysis_acuminata,1,2615,0.23464,0.81202
quadtree_random,ACOLITE,ACOLITE_roms,warning,Dinophysis_acuminata,2,270,0.21622,0.36251
quadtree_random,ACOLITE,ACOLITE_roms,warning,Dinophysis_acuminata,3,205,0.54815,0.58182
quadtree_random,ACOLITE,ACOLITE_roms,warning,Dinophysis_acuminata,4,82,0.44828,0.56137
quadtree_random,ACOLITE,ACOLITE_roms,warning,Dinophysis_acuminata,5,109,0.43787,0.59761
quadtree_random,ACOLITE,ACOLITE_roms,warning,Dinophysis_acuminata,6,87,0.44048,0.42135
quadtree_random,ACOLITE,ACOLITE_roms,warning,Dinophysis_acuminata,7,84,0.49275,0.58154
quadtree_random,ACOLITE,ACOLITE_roms,warning,Dinophysis_acuminata,8,63,0.416,0.41633
quadtree_random,ACOLITE,ACOLITE_roms,warning,Dinophysis_acuminata,9,80,0.54962,0.66676
quadtree_random,ACOLITE,ACOLITE_only,warning,Dinophysis_norvegica,0,23,0.08,0.31083
quadtree_random,ACOLITE,ACOLITE_only,warning,Dinophysis_norvegica,1,948,0.00628,0.2838
quadtree_random,ACOLITE,ACOLITE_only,warning,Dinophysis_norvegica,2,32,0.05882,0.06987
quadtree_random,ACOLITE,ACOLITE_only,warning,Dinophysis_norvegica,3,84,0.02128,0.17903
quadtree_random,ACOLITE,ACOLITE_only,warning,Dinophysis_norvegica,4,27,0.0,0.08655
quadtree_random,ACOLITE,ACOLITE_only,warning,Dinophysis_norvegica,5,30,0.0,0.0799
quadtree_random,ACOLITE,ACOLITE_only,warning,Dinophysis_norvegica,6,36,0.0,0.23745
quadtree_random,ACOLITE,ACOLITE_only,warning,Dinophysis_norvegica,7,29,0.0,0.12216
quadtree_random,ACOLITE,ACOLITE_only,warning,Dinophysis_norvegica,8,27,0.125,0.13259
quadtree_random,ACOLITE,ACOLITE_only,warning,Dinophysis_norvegica,9,26,0.06897,0.15426
quadtree_random,ACOLITE,ACOLITE_roms,warning,Dinophysis_norvegica,0,23,0.0,0.27531
quadtree_random,ACOLITE,ACOLITE_roms,warning,Dinophysis_norvegica,1,948,0.01037,0.24848
quadtree_random,ACOLITE,ACOLITE_roms,warning,Dinophysis_norvegica,2,32,0.05714,0.09239
quadtree_random,ACOLITE,ACOLITE_roms,warning,Dinophysis_norvegica,3,84,0.04348,0.16468
quadtree_random,ACOLITE,ACOLITE_roms,warning,Dinophysis_norvegica,4,27,0.0,0.0881
quadtree_random,ACOLITE,ACOLITE_roms,warning,Dinophysis_norvegica,5,30,0.0,0.09607
quadtree_random,ACOLITE,ACOLITE_roms,warning,Dinophysis_norvegica,6,36,0.0,0.27515
quadtree_random,ACOLITE,ACOLITE_roms,warning,Dinophysis_norvegica,7,29,0.0,0.10882
quadtree_random,ACOLITE,ACOLITE_roms,warning,Dinophysis_norvegica,8,27,0.11765,0.13796
quadtree_random,ACOLITE,ACOLITE_roms,warning,Dinophysis_norvegica,9,26,0.0,0.18085
quadtree_random,ACOLITE,ACOLITE_only,warning,Karenia,0,1265,0.09556,0.55068
quadtree_random,ACOLITE,ACOLITE_only,warning,Karenia,1,434,0.19007,0.16633
quadtree_random,ACOLITE,ACOLITE_only,warning,Karenia,2,96,0.24304,0.36431
quadtree_random,ACOLITE,ACOLITE_only,warning,Karenia,3,113,0.14966,0.27451
quadtree_random,ACOLITE,ACOLITE_only,warning,Karenia,4,46,0.42353,0.44783
quadtree_random,ACOLITE,ACOLITE_only,warning,Karenia,5,96,0.60927,0.80217
quadtree_random,ACOLITE,ACOLITE_only,warning,Karenia,6,87,0.6879,0.7688
quadtree_random,ACOLITE,ACOLITE_only,warning,Karenia,7,114,0.52941,0.77381
quadtree_random,ACOLITE,ACOLITE_only,warning,Karenia,8,120,0.68394,0.90639
quadtree_random,ACOLITE,ACOLITE_only,warning,Karenia,9,115,0.72527,0.91204
quadtree_random,ACOLITE,ACOLITE_roms,warning,Karenia,0,1265,0.5152,0.78778
quadtree_random,ACOLITE,ACOLITE_roms,warning,Karenia,1,434,0.1054,0.14251
quadtree_random,ACOLITE,ACOLITE_roms,warning,Karenia,2,96,0.1865,0.49851
quadtree_random,ACOLITE,ACOLITE_roms,warning,Karenia,3,113,0.10526,0.37274
quadtree_random,ACOLITE,ACOLITE_roms,warning,Karenia,4,46,0.5,0.63182
quadtree_random,ACOLITE,ACOLITE_roms,warning,Karenia,5,96,0.74534,0.85591
quadtree_random,ACOLITE,ACOLITE_roms,warning,Karenia,6,87,0.64336,0.77383
quadtree_random,ACOLITE,ACOLITE_roms,warning,Karenia,7,114,0.44444,0.81387
quadtree_random,ACOLITE,ACOLITE_roms,warning,Karenia,8,120,0.83105,0.95432
quadtree_random,ACOLITE,ACOLITE_roms,warning,Karenia,9,115,0.83495,0.95336
quadtree_random,ACOLITE,ACOLITE_only,warning,Pseudo-nitzschia,0,63,0.76636,0.68771
quadtree_random,ACOLITE,ACOLITE_only,warning,Pseudo-nitzschia,1,1405,0.10364,0.4356
quadtree_random,ACOLITE,ACOLITE_only,warning,Pseudo-nitzschia,2,74,0.1746,0.20576
quadtree_random,ACOLITE,ACOLITE_only,warning,Pseudo-nitzschia,3,133,0.17021,0.22545
quadtree_random,ACOLITE,ACOLITE_only,warning,Pseudo-nitzschia,4,63,0.31169,0.5492
quadtree_random,ACOLITE,ACOLITE_only,warning,Pseudo-nitzschia,5,69,0.33645,0.47006
quadtree_random,ACOLITE,ACOLITE_only,warning,Pseudo-nitzschia,6,58,0.77551,0.85615
quadtree_random,ACOLITE,ACOLITE_only,warning,Pseudo-nitzschia,7,89,0.32258,0.46209
quadtree_random,ACOLITE,ACOLITE_only,warning,Pseudo-nitzschia,8,75,0.45588,0.41987
quadtree_random,ACOLITE,ACOLITE_only,warning,Pseudo-nitzschia,9,77,0.51095,0.58637
quadtree_random,ACOLITE,ACOLITE_roms,warning,Pseudo-nitzschia,0,63,0.76636,0.74377
quadtree_random,ACOLITE,ACOLITE_roms,warning,Pseudo-nitzschia,1,1405,0.07063,0.46005
quadtree_random,ACOLITE,ACOLITE_roms,warning,Pseudo-nitzschia,2,74,0.26136,0.24799
quadtree_random,ACOLITE,ACOLITE_roms,warning,Pseudo-nitzschia,3,133,0.15385,0.28545
quadtree_random,ACOLITE,ACOLITE_roms,warning,Pseudo-nitzschia,4,63,0.37647,0.61501
quadtree_random,ACOLITE,ACOLITE_roms,warning,Pseudo-nitzschia,5,69,0.41667,0.6561
quadtree_random,ACOLITE,ACOLITE_roms,warning,Pseudo-nitzschia,6,58,0.87619,0.89361
quadtree_random,ACOLITE,ACOLITE_roms,warning,Pseudo-nitzschia,7,89,0.06452,0.53052
quadtree_random,ACOLITE,ACOLITE_roms,warning,Pseudo-nitzschia,8,75,0.4698,0.42072
quadtree_random,ACOLITE,ACOLITE_roms,warning,Pseudo-nitzschia,9,77,0.49275,0.56005
quadtree_random,Baseline,Baseline_only,warning,Alexandrium_catenella,0,18,0.10526,0.06698
quadtree_random,Baseline,Baseline_only,warning,Alexandrium_catenella,1,1184,0.10987,0.33691
quadtree_random,Baseline,Baseline_only,warning,Alexandrium_catenella,2,29,0.37037,0.44203
quadtree_random,Baseline,Baseline_only,warning,Alexandrium_catenella,3,219,0.33866,0.54181
quadtree_random,Baseline,Baseline_only,warning,Alexandrium_catenella,4,37,0.5,0.53976
quadtree_random,Baseline,Baseline_only,warning,Alexandrium_catenella,5,34,0.5283,0.55093
quadtree_random,Baseline,Baseline_only,warning,Alexandrium_catenella,6,54,0.64198,0.78503
quadtree_random,Baseline,Baseline_only,warning,Alexandrium_catenella,7,33,0.15,0.26537
quadtree_random,Baseline,Baseline_only,warning,Alexandrium_catenella,8,29,0.2449,0.29307
quadtree_random,Baseline,Baseline_only,warning,Alexandrium_catenella,9,45,0.32258,0.40848
quadtree_random,Baseline,Baseline_roms,warning,Alexandrium_catenella,0,18,0.10526,0.12828
quadtree_random,Baseline,Baseline_roms,warning,Alexandrium_catenella,1,1184,0.01992,0.34594
quadtree_random,Baseline,Baseline_roms,warning,Alexandrium_catenella,2,29,0.66667,0.80594
quadtree_random,Baseline,Baseline_roms,warning,Alexandrium_catenella,3,219,0.36678,0.59993
quadtree_random,Baseline,Baseline_roms,warning,Alexandrium_catenella,4,37,0.44,0.61244
quadtree_random,Baseline,Baseline_roms,warning,Alexandrium_catenella,5,34,0.40909,0.59984
quadtree_random,Baseline,Baseline_roms,warning,Alexandrium_catenella,6,54,0.475,0.66983
quadtree_random,Baseline,Baseline_roms,warning,Alexandrium_catenella,7,33,0.11429,0.42038
quadtree_random,Baseline,Baseline_roms,warning,Alexandrium_catenella,8,29,0.40909,0.44834
quadtree_random,Baseline,Baseline_roms,warning,Alexandrium_catenella,9,45,0.46575,0.44572
quadtree_random,Baseline,Baseline_only,warning,Dinophysis_acuminata,0,272,0.11364,0.15092
quadtree_random,Baseline,Baseline_only,warning,Dinophysis_acuminata,1,2615,0.14822,0.78956
quadtree_random,Baseline,Baseline_only,warning,Dinophysis_acuminata,2,270,0.40256,0.36263
quadtree_random,Baseline,Baseline_only,warning,Dinophysis_acuminata,3,205,0.45304,0.46186
quadtree_random,Baseline,Baseline_only,warning,Dinophysis_acuminata,4,82,0.39286,0.52409
quadtree_random,Baseline,Baseline_only,warning,Dinophysis_acuminata,5,109,0.37126,0.47099
quadtree_random,Baseline,Baseline_only,warning,Dinophysis_acuminata,6,87,0.37681,0.4425
quadtree_random,Baseline,Baseline_only,warning,Dinophysis_acuminata,7,84,0.32479,0.46469
quadtree_random,Baseline,Baseline_only,warning,Dinophysis_acuminata,8,63,0.2069,0.23786
quadtree_random,Baseline,Baseline_only,warning,Dinophysis_acuminata,9,80,0.432,0.56533
quadtree_random,Baseline,Baseline_roms,warning,Dinophysis_acuminata,0,272,0.06557,0.15981
quadtree_random,Baseline,Baseline_roms,warning,Dinophysis_acuminata,1,2615,0.16335,0.81364
quadtree_random,Baseline,Baseline_roms,warning,Dinophysis_acuminata,2,270,0.18428,0.37041
quadtree_random,Baseline,Baseline_roms,warning,Dinophysis_acuminata,3,205,0.512,0.53797
quadtree_random,Baseline,Baseline_roms,warning,Dinophysis_acuminata,4,82,0.43243,0.53948
quadtree_random,Baseline,Baseline_roms,warning,Dinophysis_acuminata,5,109,0.35897,0.50303
quadtree_random,Baseline,Baseline_roms,warning,Dinophysis_acuminata,6,87,0.44595,0.50503
quadtree_random,Baseline,Baseline_roms,warning,Dinophysis_acuminata,7,84,0.432,0.57157
quadtree_random,Baseline,Baseline_roms,warning,Dinophysis_acuminata,8,63,0.29126,0.31237
quadtree_random,Baseline,Baseline_roms,warning,Dinophysis_acuminata,9,80,0.48438,0.57221
quadtree_random,Baseline,Baseline_only,warning,Dinophysis_norvegica,0,23,0.0,0.05174
quadtree_random,Baseline,Baseline_only,warning,Dinophysis_norvegica,1,948,0.0,0.255
quadtree_random,Baseline,Baseline_only,warning,Dinophysis_norvegica,2,32,0.0,0.03295
quadtree_random,Baseline,Baseline_only,warning,Dinophysis_norvegica,3,84,0.04301,0.18106
quadtree_random,Baseline,Baseline_only,warning,Dinophysis_norvegica,4,27,0.0,0.12672
quadtree_random,Baseline,Baseline_only,warning,Dinophysis_norvegica,5,30,0.0,0.10758
quadtree_random,Baseline,Baseline_only,warning,Dinophysis_norvegica,6,36,0.0,0.18772
quadtree_random,Baseline,Baseline_only,warning,Dinophysis_norvegica,7,29,0.0,0.15759
quadtree_random,Baseline,Baseline_only,warning,Dinophysis_norvegica,8,27,0.0,0.11553
quadtree_random,Baseline,Baseline_only,warning,Dinophysis_norvegica,9,26,0.0,0.14008
quadtree_random,Baseline,Baseline_roms,warning,Dinophysis_norvegica,0,23,0.0,0.21674
quadtree_random,Baseline,Baseline_roms,warning,Dinophysis_norvegica,1,948,0.0083,0.23188
quadtree_random,Baseline,Baseline_roms,warning,Dinophysis_norvegica,2,32,0.0,0.04907
quadtree_random,Baseline,Baseline_roms,warning,Dinophysis_norvegica,3,84,0.0,0.18554
quadtree_random,Baseline,Baseline_roms,warning,Dinophysis_norvegica,4,27,0.0,0.14116
quadtree_random,Baseline,Baseline_roms,warning,Dinophysis_norvegica,5,30,0.0,0.10579
quadtree_random,Baseline,Baseline_roms,warning,Dinophysis_norvegica,6,36,0.0,0.19003
quadtree_random,Baseline,Baseline_roms,warning,Dinophysis_norvegica,7,29,0.0,0.16257
quadtree_random,Baseline,Baseline_roms,warning,Dinophysis_norvegica,8,27,0.0,0.14721
quadtree_random,Baseline,Baseline_roms,warning,Dinophysis_norvegica,9,26,0.0,0.13825
quadtree_random,Baseline,Baseline_only,warning,Karenia,0,1265,0.30989,0.55291
quadtree_random,Baseline,Baseline_only,warning,Karenia,1,434,0.18199,0.14624
quadtree_random,Baseline,Baseline_only,warning,Karenia,2,96,0.39146,0.44573
quadtree_random,Baseline,Baseline_only,warning,Karenia,3,113,0.0597,0.24022
quadtree_random,Baseline,Baseline_only,warning,Karenia,4,46,0.4127,0.51454
quadtree_random,Baseline,Baseline_only,warning,Karenia,5,96,0.63576,0.7764
quadtree_random,Baseline,Baseline_only,warning,Karenia,6,87,0.62857,0.78792
quadtree_random,Baseline,Baseline_only,warning,Karenia,7,114,0.64481,0.8354
quadtree_random,Baseline,Baseline_only,warning,Karenia,8,120,0.72727,0.90875
quadtree_random,Baseline,Baseline_only,warning,Karenia,9,115,0.70056,0.93503
quadtree_random,Baseline,Baseline_roms,warning,Karenia,0,1265,0.62815,0.76708
quadtree_random,Baseline,Baseline_roms,warning,Karenia,1,434,0.15305,0.13765
quadtree_random,Baseline,Baseline_roms,warning,Karenia,2,96,0.54783,0.61804
quadtree_random,Baseline,Baseline_roms,warning,Karenia,3,113,0.08065,0.29071
quadtree_random,Baseline,Baseline_roms,warning,Karenia,4,46,0.37288,0.51812
quadtree_random,Baseline,Baseline_roms,warning,Karenia,5,96,0.78528,0.85242
quadtree_random,Baseline,Baseline_roms,warning,Karenia,6,87,0.59701,0.79549
quadtree_random,Baseline,Baseline_roms,warning,Karenia,7,114,0.52229,0.89293
quadtree_random,Baseline,Baseline_roms,warning,Karenia,8,120,0.8169,0.95953
quadtree_random,Baseline,Baseline_roms,warning,Karenia,9,115,0.78756,0.95224
quadtree_random,Baseline,Baseline_only,warning,Pseudo-nitzschia,0,63,0.72222,0.65524
quadtree_random,Baseline,Baseline_only,warning,Pseudo-nitzschia,1,1405,0.15859,0.39754
quadtree_random,Baseline,Baseline_only,warning,Pseudo-nitzschia,2,74,0.49524,0.47118
quadtree_random,Baseline,Baseline_only,warning,Pseudo-nitzschia,3,133,0.10233,0.20145
quadtree_random,Baseline,Baseline_only,warning,Pseudo-nitzschia,4,63,0.21951,0.4421
quadtree_random,Baseline,Baseline_only,warning,Pseudo-nitzschia,5,69,0.59829,0.65803
quadtree_random,Baseline,Baseline_only,warning,Pseudo-nitzschia,6,58,0.5618,0.70667
quadtree_random,Baseline,Baseline_only,warning,Pseudo-nitzschia,7,89,0.24793,0.45578
quadtree_random,Baseline,Baseline_only,warning,Pseudo-nitzschia,8,75,0.27869,0.34406
quadtree_random,Baseline,Baseline_only,warning,Pseudo-nitzschia,9,77,0.31304,0.49866
quadtree_random,Baseline,Baseline_roms,warning,Pseudo-nitzschia,0,63,0.73394,0.71208
quadtree_random,Baseline,Baseline_roms,warning,Pseudo-nitzschia,1,1405,0.10783,0.40051
quadtree_random,Baseline,Baseline_roms,warning,Pseudo-nitzschia,2,74,0.57407,0.52809
quadtree_random,Baseline,Baseline_roms,warning,Pseudo-nitzschia,3,133,0.287,0.38228
quadtree_random,Baseline,Baseline_roms,warning,Pseudo-nitzschia,4,63,0.39535,0.57133
quadtree_random,Baseline,Baseline_roms,warning,Pseudo-nitzschia,5,69,0.61404,0.75727
quadtree_random,Baseline,Baseline_roms,warning,Pseudo-nitzschia,6,58,0.73267,0.8391
quadtree_random,Baseline,Baseline_roms,warning,Pseudo-nitzschia,7,89,0.29091,0.55782
quadtree_random,Baseline,Baseline_roms,warning,Pseudo-nitzschia,8,75,0.46154,0.43493
quadtree_random,Baseline,Baseline_roms,warning,Pseudo-nitzschia,9,77,0.43333,0.52897
quadtree_random,C2RCC,C2RCC_only,warning,Alexandrium_catenella,0,18,0.0203,0.00639
quadtree_random,C2RCC,C2RCC_only,warning,Alexandrium_catenella,1,1184,0.07287,0.35546
quadtree_random,C2RCC,C2RCC_only,warning,Alexandrium_catenella,2,29,0.18868,0.2436
quadtree_random,C2RCC,C2RCC_only,warning,Alexandrium_catenella,3,219,0.26897,0.46807
quadtree_random,C2RCC,C2RCC_only,warning,Alexandrium_catenella,4,37,0.53333,0.45381
quadtree_random,C2RCC,C2RCC_only,warning,Alexandrium_catenella,5,34,0.38095,0.41278
quadtree_random,C2RCC,C2RCC_only,warning,Alexandrium_catenella,6,54,0.43902,0.50448
quadtree_random,C2RCC,C2RCC_only,warning,Alexandrium_catenella,7,33,0.27907,0.47063
quadtree_random,C2RCC,C2RCC_only,warning,Alexandrium_catenella,8,29,0.34483,0.34957
quadtree_random,C2RCC,C2RCC_only,warning,Alexandrium_catenella,9,45,0.22222,0.33833
quadtree_random,C2RCC,C2RCC_roms,warning,Alexandrium_catenella,0,18,0.19048,0.12186
quadtree_random,C2RCC,C2RCC_roms,warning,Alexandrium_catenella,1,1184,0.02941,0.35478
quadtree_random,C2RCC,C2RCC_roms,warning,Alexandrium_catenella,2,29,0.77193,0.77568
quadtree_random,C2RCC,C2RCC_roms,warning,Alexandrium_catenella,3,219,0.32168,0.54009
quadtree_random,C2RCC,C2RCC_roms,warning,Alexandrium_catenella,4,37,0.57143,0.56535
quadtree_random,C2RCC,C2RCC_roms,warning,Alexandrium_catenella,5,34,0.57143,0.59325
quadtree_random,C2RCC,C2RCC_roms,warning,Alexandrium_catenella,6,54,0.54321,0.66762
quadtree_random,C2RCC,C2RCC_roms,warning,Alexandrium_catenella,7,33,0.3,0.40186
quadtree_random,C2RCC,C2RCC_roms,warning,Alexandrium_catenella,8,29,0.45455,0.47427
quadtree_random,C2RCC,C2RCC_roms,warning,Alexandrium_catenella,9,45,0.28571,0.38402
quadtree_random,C2RCC,C2RCC_only,warning,Dinophysis_acuminata,0,272,0.13892,0.1114
quadtree_random,C2RCC,C2RCC_only,warning,Dinophysis_acuminata,1,2615,0.28144,0.77424
quadtree_random,C2RCC,C2RCC_only,warning,Dinophysis_acuminata,2,270,0.45057,0.35678
quadtree_random,C2RCC,C2RCC_only,warning,Dinophysis_acuminata,3,205,0.49888,0.43527
quadtree_random,C2RCC,C2RCC_only,warning,Dinophysis_acuminata,4,82,0.45638,0.57286
quadtree_random,C2RCC,C2RCC_only,warning,Dinophysis_acuminata,5,109,0.4433,0.42388
quadtree_random,C2RCC,C2RCC_only,warning,Dinophysis_acuminata,6,87,0.41176,0.47766
quadtree_random,C2RCC,C2RCC_only,warning,Dinophysis_acuminata,7,84,0.39583,0.34159
quadtree_random,C2RCC,C2RCC_only,warning,Dinophysis_acuminata,8,63,0.33962,0.25494
quadtree_random,C2RCC,C2RCC_only,warning,Dinophysis_acuminata,9,80,0.38217,0.4226
quadtree_random,C2RCC,C2RCC_roms,warning,Dinophysis_acuminata,0,272,0.13765,0.13082
quadtree_random,C2RCC,C2RCC_roms,warning,Dinophysis_acuminata,1,2615,0.28408,0.81865
quadtree_random,C2RCC,C2RCC_roms,warning,Dinophysis_acuminata,2,270,0.2381,0.37379
quadtree_random,C2RCC,C2RCC_roms,warning,Dinophysis_acuminata,3,205,0.47938,0.54172
quadtree_random,C2RCC,C2RCC_roms,warning,Dinophysis_acuminata,4,82,0.5,0.55332
quadtree_random,C2RCC,C2RCC_roms,warning,Dinophysis_acuminata,5,109,0.45882,0.51609
quadtree_random,C2RCC,C2RCC_roms,warning,Dinophysis_acuminata,6,87,0.42045,0.42951
quadtree_random,C2RCC,C2RCC_roms,warning,Dinophysis_acuminata,7,84,0.37879,0.43408
quadtree_random,C2RCC,C2RCC_roms,warning,Dinophysis_acuminata,8,63,0.45614,0.44024
quadtree_random,C2RCC,C2RCC_roms,warning,Dinophysis_acuminata,9,80,0.47826,0.58345
quadtree_random,C2RCC,C2RCC_only,warning,Dinophysis_norvegica,0,23,0.07143,0.03936
quadtree_random,C2RCC,C2RCC_only,warning,Dinophysis_norvegica,1,948,0.00419,0.26413
quadtree_random,C2RCC,C2RCC_only,warning,Dinophysis_norvegica,2,32,0.0,0.04024
quadtree_random,C2RCC,C2RCC_only,warning,Dinophysis_norvegica,3,84,0.0,0.15585
quadtree_random,C2RCC,C2RCC_only,warning,Dinophysis_norvegica,4,27,0.10811,0.13615
quadtree_random,C2RCC,C2RCC_only,warning,Dinophysis_norvegica,5,30,0.06061,0.1501
quadtree_random,C2RCC,C2RCC_only,warning,Dinophysis_norvegica,6,36,0.0,0.28566
quadtree_random,C2RCC,C2RCC_only,warning,Dinophysis_norvegica,7,29,0.0,0.09992
quadtree_random,C2RCC,C2RCC_only,warning,Dinophysis_norvegica,8,27,0.06452,0.13416
quadtree_random,C2RCC,C2RCC_only,warning,Dinophysis_norvegica,9,26,0.0,0.07887
quadtree_random,C2RCC,C2RCC_roms,warning,Dinophysis_norvegica,0,23,0.0,0.03431
quadtree_random,C2RCC,C2RCC_roms,warning,Dinophysis_norvegica,1,948,0.00418,0.2495
quadtree_random,C2RCC,C2RCC_roms,warning,Dinophysis_norvegica,2,32,0.0,0.05934
quadtree_random,C2RCC,C2RCC_roms,warning,Dinophysis_norvegica,3,84,0.02083,0.16229
quadtree_random,C2RCC,C2RCC_roms,warning,Dinophysis_norvegica,4,27,0.0,0.12122
quadtree_random,C2RCC,C2RCC_roms,warning,Dinophysis_norvegica,5,30,0.0,0.10979
quadtree_random,C2RCC,C2RCC_roms,warning,Dinophysis_norvegica,6,36,0.05405,0.34587
quadtree_random,C2RCC,C2RCC_roms,warning,Dinophysis_norvegica,7,29,0.0,0.12006
quadtree_random,C2RCC,C2RCC_roms,warning,Dinophysis_norvegica,8,27,0.0,0.15397
quadtree_random,C2RCC,C2RCC_roms,warning,Dinophysis_norvegica,9,26,0.0,0.10272
quadtree_random,C2RCC,C2RCC_only,warning,Karenia,0,1265,0.06991,0.4635
quadtree_random,C2RCC,C2RCC_only,warning,Karenia,1,434,0.12723,0.14719
quadtree_random,C2RCC,C2RCC_only,warning,Karenia,2,96,0.71895,0.73824
quadtree_random,C2RCC,C2RCC_only,warning,Karenia,3,113,0.18705,0.38227
quadtree_random,C2RCC,C2RCC_only,warning,Karenia,4,46,0.30508,0.49898
quadtree_random,C2RCC,C2RCC_only,warning,Karenia,5,96,0.5974,0.74357
quadtree_random,C2RCC,C2RCC_only,warning,Karenia,6,87,0.56944,0.69673
quadtree_random,C2RCC,C2RCC_only,warning,Karenia,7,114,0.46914,0.78022
quadtree_random,C2RCC,C2RCC_only,warning,Karenia,8,120,0.57923,0.80717
quadtree_random,C2RCC,C2RCC_only,warning,Karenia,9,115,0.61905,0.82434
quadtree_random,C2RCC,C2RCC_roms,warning,Karenia,0,1265,0.2374,0.61295
quadtree_random,C2RCC,C2RCC_roms,warning,Karenia,1,434,0.11129,0.15195
quadtree_random,C2RCC,C2RCC_roms,warning,Karenia,2,96,0.28571,0.56816
quadtree_random,C2RCC,C2RCC_roms,warning,Karenia,3,113,0.07874,0.34854
quadtree_random,C2RCC,C2RCC_roms,warning,Karenia,4,46,0.37288,0.59941
quadtree_random,C2RCC,C2RCC_roms,warning,Karenia,5,96,0.775,0.85293
quadtree_random,C2RCC,C2RCC_roms,warning,Karenia,6,87,0.56944,0.75027
quadtree_random,C2RCC,C2RCC_roms,warning,Karenia,7,114,0.53165,0.83654
quadtree_random,C2RCC,C2RCC_roms,warning,Karenia,8,120,0.77982,0.90738
quadtree_random,C2RCC,C2RCC_roms,warning,Karenia,9,115,0.80612,0.9319
quadtree_random,C2RCC,C2RCC_only,warning,Pseudo-nitzschia,0,63,0.20865,0.46148
quadtree_random,C2RCC,C2RCC_only,warning,Pseudo-nitzschia,1,1405,0.20356,0.43333
quadtree_random,C2RCC,C2RCC_only,warning,Pseudo-nitzschia,2,74,0.26794,0.31881
quadtree_random,C2RCC,C2RCC_only,warning,Pseudo-nitzschia,3,133,0.19209,0.2697
quadtree_random,C2RCC,C2RCC_only,warning,Pseudo-nitzschia,4,63,0.35714,0.5217
quadtree_random,C2RCC,C2RCC_only,warning,Pseudo-nitzschia,5,69,0.54545,0.53252
quadtree_random,C2RCC,C2RCC_only,warning,Pseudo-nitzschia,6,58,0.58333,0.64018
quadtree_random,C2RCC,C2RCC_only,warning,Pseudo-nitzschia,7,89,0.24138,0.37143
quadtree_random,C2RCC,C2RCC_only,warning,Pseudo-nitzschia,8,75,0.272,0.35508
quadtree_random,C2RCC,C2RCC_only,warning,Pseudo-nitzschia,9,77,0.44262,0.5484
quadtree_random,C2RCC,C2RCC_roms,warning,Pseudo-nitzschia,0,63,0.27564,0.68988
quadtree_random,C2RCC,C2RCC_roms,warning,Pseudo-nitzschia,1,1405,0.06747,0.38265
quadtree_random,C2RCC,C2RCC_roms,warning,Pseudo-nitzschia,2,74,0.5641,0.54993
quadtree_random,C2RCC,C2RCC_roms,warning,Pseudo-nitzschia,3,133,0.26994,0.50871
quadtree_random,C2RCC,C2RCC_roms,warning,Pseudo-nitzschia,4,63,0.43478,0.47416
quadtree_random,C2RCC,C2RCC_roms,warning,Pseudo-nitzschia,5,69,0.65625,0.75513
quadtree_random,C2RCC,C2RCC_roms,warning,Pseudo-nitzschia,6,58,0.68421,0.81851
quadtree_random,C2RCC,C2RCC_roms,warning,Pseudo-nitzschia,7,89,0.23636,0.54053
quadtree_random,C2RCC,C2RCC_roms,warning,Pseudo-nitzschia,8,75,0.36364,0.40803
quadtree_random,C2RCC,C2RCC_roms,warning,Pseudo-nitzschia,9,77,0.47619,0.58968
