nohup: ignoring input
13:00:01 [INFO] IFCB loaded: 5071 rows | 3483 locations | 449 dates | 20240125 → 20251128
13:00:01 [INFO] Stations: ['NESLTER_broadscale', 'azmp', 'gom', 'mvco', 'radbot_jeffreys_basin']
13:00:01 [INFO] Processing 449 unique observation dates...
13:00:01 [INFO] Rate limit: 0.1s between requests → max 600 req/min
13:00:01 [INFO] [20240125] 1 location(s)
13:00:04 [INFO]   ✓ 19394123  n_px=165  rrs_8=0.03312  CHL_NN=0.929
13:00:04 [INFO] [20240202] 1 location(s)
13:00:05 [INFO]   ✗ 19394123  no valid data in -3d window
13:00:05 [INFO] [20240203] 1 location(s)
13:00:06 [INFO]   ✗ 19394123  no valid data in -3d window
13:00:06 [INFO] [20240204] 1 location(s)
13:00:08 [INFO]   ✓ 19394123  n_px=7  rrs_8=0.03048  CHL_NN=0.567
13:00:08 [INFO] [20240205] 1 location(s)
13:00:09 [INFO]   ✓ 19394123  n_px=146  rrs_8=0.02015  CHL_NN=0.646
13:00:09 [INFO] [20240206] 1 location(s)
13:00:10 [INFO]   ✓ 19394123  n_px=146  rrs_8=0.02015  CHL_NN=0.646
13:00:10 [INFO] [20240207] 1 location(s)
13:00:12 [INFO]   ✓ 19394123  n_px=149  rrs_8=0.02112  CHL_NN=0.661
13:00:12 [INFO] [20240211] 1 location(s)
13:00:14 [INFO]   ✓ 19394123  n_px=110  rrs_8=0.00941  CHL_NN=0.646
13:00:14 [INFO] [20240212] 1 location(s)
13:00:16 [INFO]   ✗ 19394123  no valid data in -3d window
13:00:16 [INFO] [20240213] 1 location(s)
13:00:17 [INFO]   ✗ 19394123  no valid data in -3d window
13:00:17 [INFO] [20240214] 1 location(s)
13:00:19 [INFO]   ✓ 19394123  n_px=84  rrs_8=0.00900  CHL_NN=0.646
13:00:19 [INFO] [20240215] 1 location(s)
13:00:21 [INFO]   ✓ 19394123  n_px=94  rrs_8=0.00947  CHL_NN=0.646
13:00:21 [INFO] [20240216] 1 location(s)
13:00:22 [INFO]   ✓ 19394123  n_px=11  rrs_8=0.02246  CHL_NN=0.661
13:00:22 [INFO] [20240217] 1 location(s)
13:00:24 [INFO]   ✓ 19394123  n_px=11  rrs_8=0.02246  CHL_NN=0.661
13:00:24 [INFO] [20240218] 1 location(s)
13:00:26 [INFO]   ✓ 19394123  n_px=48  rrs_8=0.02239  CHL_NN=0.661
13:00:26 [INFO] [20240219] 1 location(s)
13:00:27 [INFO]   ✓ 19394123  n_px=75  rrs_8=0.02404  CHL_NN=0.677
13:00:27 [INFO] [20240220] 1 location(s)
13:00:28 [INFO]   ✓ 19394123  n_px=76  rrs_8=0.02383  CHL_NN=0.661
13:00:28 [INFO] [20240221] 1 location(s)
13:00:30 [INFO]   ✓ 19394123  n_px=76  rrs_8=0.02383  CHL_NN=0.661
13:00:30 [INFO] [20240222] 1 location(s)
13:00:32 [INFO]   ✓ 19394123  n_px=60  rrs_8=0.02329  CHL_NN=0.646
13:00:32 [INFO] [20240224] 1 location(s)
13:00:34 [INFO]   ✓ 19394123  n_px=95  rrs_8=0.10166  CHL_NN=0.567
13:00:34 [INFO] [20240329] 1 location(s)
13:00:36 [INFO]   ✓ 19394123  n_px=38  rrs_8=0.11369  CHL_NN=0.732
13:00:36 [INFO] [20240422] 1 location(s)
13:00:38 [INFO]   ✓ 19394123  n_px=88  rrs_8=0.00387  CHL_NN=0.472
13:00:38 [INFO] [20240423] 1 location(s)
13:00:40 [INFO]   ✓ 19394123  n_px=62  rrs_8=0.00256  CHL_NN=0.630
13:00:40 [INFO] [20240424] 1 location(s)
13:00:41 [INFO]   ✓ 19394123  n_px=62  rrs_8=0.00256  CHL_NN=0.630
13:00:42 [INFO] [20240425] 1 location(s)
13:00:43 [INFO]   ✓ 19394123  n_px=92  rrs_8=0.00280  CHL_NN=0.630
13:00:43 [INFO] [20240426] 1 location(s)
13:00:44 [INFO]   ✓ 19394123  n_px=107  rrs_8=0.00261  CHL_NN=0.630
13:00:44 [INFO] [20240427] 1 location(s)
13:00:46 [INFO]   ✓ 19394123  n_px=122  rrs_8=0.00245  CHL_NN=0.535
13:00:46 [INFO] [20240428] 1 location(s)
13:00:47 [INFO]   ✓ 19394123  n_px=122  rrs_8=0.00245  CHL_NN=0.535
13:00:47 [INFO] [20240429] 1 location(s)
13:00:49 [INFO]   ✓ 19394123  n_px=114  rrs_8=0.00221  CHL_NN=0.378
13:00:49 [INFO] [20240430] 1 location(s)
13:00:50 [INFO]   ✓ 19394123  n_px=137  rrs_8=0.00208  CHL_NN=0.299
13:00:50 [INFO] [20240501] 1 location(s)
13:00:51 [INFO]   ✓ 19394123  n_px=102  rrs_8=0.00193  CHL_NN=0.252
13:00:51 [INFO] [20240502] 1 location(s)
13:00:53 [INFO]   ✓ 19394123  n_px=131  rrs_8=0.00313  CHL_NN=0.520
13:00:53 [INFO] [20240503] 1 location(s)
13:00:54 [INFO]   ✓ 19394123  n_px=101  rrs_8=0.00356  CHL_NN=0.520
13:00:54 [INFO] [20240504] 1 location(s)
13:00:55 [INFO]   ✓ 19394123  n_px=106  rrs_8=0.00354  CHL_NN=0.567
13:00:55 [INFO] [20240505] 1 location(s)
13:00:57 [INFO]   ✓ 19394123  n_px=106  rrs_8=0.00354  CHL_NN=0.567
13:00:57 [INFO] [20240506] 1 location(s)
13:00:58 [INFO]   ✓ 19394123  n_px=20  rrs_8=0.00155  CHL_NN=0.472
13:00:58 [INFO] [20240507] 1 location(s)
13:01:00 [INFO]   ✓ 19394123  n_px=73  rrs_8=0.00098  CHL_NN=0.472
13:01:00 [INFO] [20240508] 1 location(s)
13:01:02 [INFO]   ✓ 19394123  n_px=66  rrs_8=0.00088  CHL_NN=0.173
13:01:02 [INFO] [20240509] 1 location(s)
13:01:03 [INFO]   ✓ 19394123  n_px=90  rrs_8=0.00139  CHL_NN=0.220
13:01:03 [INFO] [20240510] 1 location(s)
13:01:05 [INFO]   ✓ 19394123  n_px=90  rrs_8=0.00139  CHL_NN=0.220
13:01:05 [INFO] [20240511] 1 location(s)
13:01:06 [INFO]   ✓ 19394123  n_px=71  rrs_8=0.00155  CHL_NN=0.220
13:01:06 [INFO] [20240512] 1 location(s)
13:01:07 [INFO]   ✓ 19394123  n_px=103  rrs_8=0.00188  CHL_NN=0.299
13:01:07 [INFO] [20240513] 1 location(s)
13:01:09 [INFO]   ✓ 19394123  n_px=107  rrs_8=0.00252  CHL_NN=0.299
13:01:09 [INFO] [20240514] 1 location(s)
13:01:11 [INFO]   ✓ 19394123  n_px=115  rrs_8=0.00274  CHL_NN=0.299
13:01:11 [INFO] [20240515] 1 location(s)
13:01:12 [INFO]   ✓ 19394123  n_px=115  rrs_8=0.00274  CHL_NN=0.299
13:01:12 [INFO] [20240516] 1 location(s)
13:01:14 [INFO]   ✓ 19394123  n_px=63  rrs_8=0.00320  CHL_NN=0.299
13:01:14 [INFO] [20240517] 1 location(s)
13:01:16 [INFO]   ✓ 19394123  n_px=41  rrs_8=0.00338  CHL_NN=0.425
13:01:16 [INFO] [20240518] 1 location(s)
13:01:17 [INFO]   ✓ 19394123  n_px=24  rrs_8=0.00266  CHL_NN=0.441
13:01:17 [INFO] [20240519] 1 location(s)
13:01:19 [INFO]   ✓ 19394123  n_px=24  rrs_8=0.00266  CHL_NN=0.441
13:01:19 [INFO] [20240520] 1 location(s)
13:01:20 [INFO]   ✓ 19394123  n_px=24  rrs_8=0.00266  CHL_NN=0.441
13:01:20 [INFO] [20240521] 1 location(s)
13:01:22 [INFO]   ✓ 19394123  n_px=34  rrs_8=0.00254  CHL_NN=0.535
13:01:22 [INFO] [20240522] 1 location(s)
13:01:23 [INFO]   ✓ 19394123  n_px=34  rrs_8=0.00254  CHL_NN=0.535
13:01:23 [INFO] [20240523] 1 location(s)
13:01:25 [INFO]   ✓ 19394123  n_px=34  rrs_8=0.00254  CHL_NN=0.535
13:01:25 [INFO] [20240524] 1 location(s)
13:01:26 [INFO]   ✓ 19394123  n_px=63  rrs_8=0.00181  CHL_NN=0.535
13:01:26 [INFO] [20240525] 1 location(s)
13:01:28 [INFO]   ✓ 19394123  n_px=67  rrs_8=0.00186  CHL_NN=0.457
13:01:28 [INFO] [20240526] 1 location(s)
13:01:29 [INFO]   ✓ 19394123  n_px=70  rrs_8=0.00186  CHL_NN=0.315
13:01:29 [INFO] [20240527] 1 location(s)
13:01:31 [INFO]   ✓ 19394123  n_px=70  rrs_8=0.00186  CHL_NN=0.315
13:01:31 [INFO] [20240528] 1 location(s)
13:01:33 [INFO]   ✓ 19394123  n_px=57  rrs_8=0.00188  CHL_NN=0.189
13:01:33 [INFO] [20240529] 1 location(s)
13:01:34 [INFO]   ✗ 19394123  no valid data in -3d window
13:01:34 [INFO] [20240530] 1 location(s)
13:01:35 [INFO]   ✓ 19394123  n_px=44  rrs_8=0.00258  CHL_NN=0.205
13:01:35 [INFO] [20240531] 1 location(s)
13:01:37 [INFO]   ✓ 19394123  n_px=160  rrs_8=0.12532  CHL_NN=0.331
13:01:37 [INFO] [20240601] 1 location(s)
13:01:39 [INFO]   ✓ 19394123  n_px=160  rrs_8=0.12532  CHL_NN=0.331
13:01:39 [INFO] [20240602] 1 location(s)
13:01:40 [INFO]   ✓ 19394123  n_px=160  rrs_8=0.12532  CHL_NN=0.315
13:01:40 [INFO] [20240603] 1 location(s)
13:01:42 [INFO]   ✓ 19394123  n_px=160  rrs_8=0.12532  CHL_NN=0.331
13:01:42 [INFO] [20240604] 1 location(s)
13:01:44 [INFO]   ✓ 19394123  n_px=112  rrs_8=0.06068  CHL_NN=0.205
13:01:44 [INFO] [20240605] 1 location(s)
13:01:46 [INFO]   ✓ 19394123  n_px=112  rrs_8=0.06068  CHL_NN=0.173
13:01:46 [INFO] [20240606] 1 location(s)
13:01:47 [INFO]   ✓ 19394123  n_px=112  rrs_8=0.06068  CHL_NN=0.157
13:01:47 [INFO] [20240607] 1 location(s)
13:01:49 [INFO]   ✓ 19394123  n_px=122  rrs_8=0.06064  CHL_NN=0.173
13:01:49 [INFO] [20240608] 1 location(s)
13:01:51 [INFO]   ✓ 19394123  n_px=70  rrs_8=0.00217  CHL_NN=0.535
13:01:51 [INFO] [20240609] 1 location(s)
13:01:52 [INFO]   ✓ 19394123  n_px=65  rrs_8=0.00217  CHL_NN=0.535
13:01:52 [INFO] [20240610] 1 location(s)
13:01:54 [INFO]   ✓ 19394123  n_px=165  rrs_8=0.13456  CHL_NN=0.535
13:01:54 [INFO] [20240611] 1 location(s)
13:01:56 [INFO]   ✓ 19394123  n_px=165  rrs_8=0.13429  CHL_NN=0.535
13:01:56 [INFO] [20240612] 1 location(s)
13:01:57 [INFO]   ✓ 19394123  n_px=165  rrs_8=0.13429  CHL_NN=0.394
13:01:57 [INFO] [20240613] 1 location(s)
13:01:59 [INFO]   ✓ 19394123  n_px=165  rrs_8=0.13778  CHL_NN=0.457
13:01:59 [INFO] [20240614] 1 location(s)
13:02:01 [INFO]   ✓ 19394123  n_px=107  rrs_8=0.10880  CHL_NN=0.378
13:02:01 [INFO] [20240625] 13 location(s)
13:02:03 [INFO]   ✓ 15965177  n_px=87  rrs_8=0.00102  CHL_NN=0.126
13:02:04 [INFO]   ✓ 30759507  n_px=90  rrs_8=0.00104  CHL_NN=0.126
13:02:05 [INFO]   ✓ 53250916  n_px=87  rrs_8=0.00102  CHL_NN=0.126
13:02:07 [INFO]   ✓ 02235527  n_px=90  rrs_8=0.00104  CHL_NN=0.126
13:02:08 [INFO]   ✓ 58492732  n_px=89  rrs_8=0.00104  CHL_NN=0.126
13:02:10 [INFO]   ✓ 78039003  n_px=90  rrs_8=0.00103  CHL_NN=0.126
13:02:11 [INFO]   ✓ 90124765  n_px=90  rrs_8=0.00104  CHL_NN=0.126
13:02:12 [INFO]   ✓ 07817076  n_px=88  rrs_8=0.00100  CHL_NN=0.126
13:02:13 [INFO]   ✓ 51190175  n_px=93  rrs_8=0.00104  CHL_NN=0.126
13:02:15 [INFO]   ✓ 48243901  n_px=92  rrs_8=0.00104  CHL_NN=0.126
13:02:16 [INFO]   ✓ 48228309  n_px=88  rrs_8=0.00103  CHL_NN=0.126
13:02:17 [INFO]   ✓ 25711521  n_px=89  rrs_8=0.00104  CHL_NN=0.126
13:02:18 [INFO]   ✓ 08851090  n_px=88  rrs_8=0.00104  CHL_NN=0.126
13:02:18 [INFO] [20240626] 53 location(s)
13:02:20 [INFO]   ✓ 55262846  n_px=94  rrs_8=0.00126  CHL_NN=0.126
13:02:21 [INFO]   ✓ 32327139  n_px=92  rrs_8=0.00125  CHL_NN=0.126
13:02:22 [INFO]   ✓ 97302821  n_px=87  rrs_8=0.00126  CHL_NN=0.126
13:02:23 [INFO]   ✓ 50608900  n_px=94  rrs_8=0.00126  CHL_NN=0.126
13:02:24 [INFO]   ✓ 58142284  n_px=95  rrs_8=0.00124  CHL_NN=0.126
13:02:26 [INFO]   ✓ 87002739  n_px=87  rrs_8=0.00124  CHL_NN=0.126
13:02:27 [INFO]   ✓ 13338205  n_px=88  rrs_8=0.00127  CHL_NN=0.126
13:02:28 [INFO]   ✓ 58586805  n_px=94  rrs_8=0.00125  CHL_NN=0.126
13:02:29 [INFO]   ✓ 06281911  n_px=91  rrs_8=0.00126  CHL_NN=0.126
13:02:31 [INFO]   ✓ 96033174  n_px=88  rrs_8=0.00127  CHL_NN=0.126
13:02:32 [INFO]   ✓ 69174327  n_px=89  rrs_8=0.00128  CHL_NN=0.126
13:02:33 [INFO]   ✓ 06540284  n_px=95  rrs_8=0.00122  CHL_NN=0.126
13:02:34 [INFO]   ✓ 63260681  n_px=87  rrs_8=0.00128  CHL_NN=0.126
13:02:35 [INFO]   ✓ 57750264  n_px=95  rrs_8=0.00126  CHL_NN=0.126
13:02:37 [INFO]   ✓ 21189211  n_px=91  rrs_8=0.00128  CHL_NN=0.126
13:02:39 [INFO]   ✓ 91973409  n_px=88  rrs_8=0.00130  CHL_NN=0.126
13:02:40 [INFO]   ✓ 05296202  n_px=97  rrs_8=0.00124  CHL_NN=0.126
13:02:41 [INFO]   ✓ 17343422  n_px=91  rrs_8=0.00131  CHL_NN=0.126
13:02:42 [INFO]   ✓ 86586180  n_px=94  rrs_8=0.00126  CHL_NN=0.126
13:02:43 [INFO]   ✓ 90213756  n_px=98  rrs_8=0.00126  CHL_NN=0.126
13:02:44 [INFO]   ✓ 36931907  n_px=92  rrs_8=0.00126  CHL_NN=0.126
13:02:45 [INFO]   ✓ 27451583  n_px=89  rrs_8=0.00128  CHL_NN=0.126
13:02:46 [INFO]   ✓ 34202552  n_px=91  rrs_8=0.00126  CHL_NN=0.126
13:02:47 [INFO]   ✓ 32516498  n_px=98  rrs_8=0.00128  CHL_NN=0.126
13:02:48 [INFO]   ✓ 12953431  n_px=87  rrs_8=0.00129  CHL_NN=0.126
13:02:49 [INFO]   ✓ 54063094  n_px=87  rrs_8=0.00126  CHL_NN=0.126
13:02:50 [INFO]   ✓ 74333451  n_px=95  rrs_8=0.00124  CHL_NN=0.126
13:02:50 [INFO]   ✓ 18427656  n_px=95  rrs_8=0.00124  CHL_NN=0.126
13:02:51 [INFO]   ✓ 09328774  n_px=98  rrs_8=0.00126  CHL_NN=0.126
13:02:52 [INFO]   ✓ 49920893  n_px=93  rrs_8=0.00128  CHL_NN=0.126
13:02:53 [INFO]   ✓ 79201398  n_px=91  rrs_8=0.00122  CHL_NN=0.126
13:02:54 [INFO]   ✓ 38530536  n_px=91  rrs_8=0.00126  CHL_NN=0.126
13:02:55 [INFO]   ✓ 99764033  n_px=90  rrs_8=0.00124  CHL_NN=0.126
13:02:56 [INFO]   ✓ 98884687  n_px=93  rrs_8=0.00131  CHL_NN=0.126
13:02:58 [INFO]   ✓ 79847744  n_px=92  rrs_8=0.00126  CHL_NN=0.126
13:02:59 [INFO]   ✓ 95332693  n_px=87  rrs_8=0.00126  CHL_NN=0.126
13:03:00 [INFO]   ✓ 41509612  n_px=94  rrs_8=0.00128  CHL_NN=0.126
13:03:01 [INFO]   ✓ 41700295  n_px=88  rrs_8=0.00128  CHL_NN=0.126
13:03:02 [INFO]   ✓ 98787763  n_px=98  rrs_8=0.00123  CHL_NN=0.126
13:03:03 [INFO]   ✓ 75504208  n_px=91  rrs_8=0.00128  CHL_NN=0.126
13:03:04 [INFO]   ✓ 23799646  n_px=90  rrs_8=0.00126  CHL_NN=0.126
13:03:05 [INFO]   ✓ 29259007  n_px=92  rrs_8=0.00125  CHL_NN=0.126
13:03:06 [INFO]   ✓ 08851090  n_px=88  rrs_8=0.00131  CHL_NN=0.126
13:03:07 [INFO]   ✓ 89813605  n_px=92  rrs_8=0.00127  CHL_NN=0.126
13:03:08 [INFO]   ✓ 46053041  n_px=94  rrs_8=0.00125  CHL_NN=0.126
13:03:09 [INFO]   ✓ 81149198  n_px=88  rrs_8=0.00126  CHL_NN=0.126
13:03:10 [INFO]   ✓ 94708815  n_px=93  rrs_8=0.00128  CHL_NN=0.126
13:03:11 [INFO]   ✓ 49184533  n_px=92  rrs_8=0.00126  CHL_NN=0.126
13:03:13 [INFO]   ✓ 41526484  n_px=95  rrs_8=0.00124  CHL_NN=0.126
13:03:14 [INFO]   ✓ 25845386  n_px=85  rrs_8=0.00122  CHL_NN=0.126
13:03:15 [INFO]   ✓ 54595533  n_px=90  rrs_8=0.00126  CHL_NN=0.126
13:03:16 [INFO]   ✓ 44084231  n_px=90  rrs_8=0.00127  CHL_NN=0.126
13:03:16 [INFO]   ✓ 43374231  n_px=98  rrs_8=0.00126  CHL_NN=0.126
13:03:16 [INFO] [20240627] 51 location(s)
13:03:18 [INFO]   ✓ 69174327  n_px=22  rrs_8=0.00164  CHL_NN=0.142
13:03:19 [INFO]   ✓ 38530536  n_px=24  rrs_8=0.00161  CHL_NN=0.142
13:03:20 [INFO]   ✓ 38086803  n_px=21  rrs_8=0.00181  CHL_NN=0.142
13:03:21 [INFO]   ✓ 19644421  n_px=25  rrs_8=0.00161  CHL_NN=0.142
13:03:23 [INFO]   ✓ 45649320  n_px=24  rrs_8=0.00172  CHL_NN=0.142
13:03:24 [INFO]   ✓ 21774071  n_px=23  rrs_8=0.00168  CHL_NN=0.142
13:03:25 [INFO]   ✓ 98442534  n_px=21  rrs_8=0.00184  CHL_NN=0.142
13:03:27 [INFO]   ✓ 57371872  n_px=22  rrs_8=0.00178  CHL_NN=0.142
13:03:28 [INFO]   ✓ 54595533  n_px=22  rrs_8=0.00172  CHL_NN=0.142
13:03:29 [INFO]   ✓ 37587288  n_px=23  rrs_8=0.00161  CHL_NN=0.142
13:03:30 [INFO]   ✓ 43442915  n_px=22  rrs_8=0.00164  CHL_NN=0.142
13:03:31 [INFO]   ✓ 15678197  n_px=22  rrs_8=0.00172  CHL_NN=0.142
13:03:32 [INFO]   ✓ 01750756  n_px=29  rrs_8=0.00153  CHL_NN=0.142
13:03:33 [INFO]   ✓ 42570496  n_px=23  rrs_8=0.00168  CHL_NN=0.142
13:03:34 [INFO]   ✓ 42569424  n_px=17  rrs_8=0.00175  CHL_NN=0.142
13:03:35 [INFO]   ✓ 42551264  n_px=21  rrs_8=0.00184  CHL_NN=0.142
13:03:36 [INFO]   ✓ 40522863  n_px=20  rrs_8=0.00183  CHL_NN=0.142
13:03:37 [INFO]   ✓ 64034399  n_px=22  rrs_8=0.00183  CHL_NN=0.142
13:03:38 [INFO]   ✓ 83021220  n_px=22  rrs_8=0.00164  CHL_NN=0.142
13:03:39 [INFO]   ✓ 55171961  n_px=26  rrs_8=0.00172  CHL_NN=0.142
13:03:40 [INFO]   ✓ 30623295  n_px=24  rrs_8=0.00157  CHL_NN=0.142
13:03:41 [INFO]   ✓ 43323519  n_px=21  rrs_8=0.00175  CHL_NN=0.142
13:03:42 [INFO]   ✓ 63132966  n_px=21  rrs_8=0.00190  CHL_NN=0.142
13:03:44 [INFO]   ✓ 17662199  n_px=22  rrs_8=0.00157  CHL_NN=0.142
13:03:44 [INFO]   ✓ 47297148  n_px=24  rrs_8=0.00179  CHL_NN=0.142
13:03:46 [INFO]   ✓ 46760966  n_px=21  rrs_8=0.00168  CHL_NN=0.142
13:03:47 [INFO]   ✓ 32402102  n_px=20  rrs_8=0.00183  CHL_NN=0.142
13:03:48 [INFO]   ✓ 85336082  n_px=22  rrs_8=0.00183  CHL_NN=0.142
13:03:49 [INFO]   ✓ 47246043  n_px=21  rrs_8=0.00168  CHL_NN=0.142
13:03:50 [INFO]   ✓ 85988232  n_px=23  rrs_8=0.00170  CHL_NN=0.142
13:03:51 [INFO]   ✓ 75504208  n_px=23  rrs_8=0.00168  CHL_NN=0.142
13:03:51 [INFO]   ✓ 84778790  n_px=23  rrs_8=0.00181  CHL_NN=0.142
13:03:52 [INFO]   ✓ 24510548  n_px=25  rrs_8=0.00153  CHL_NN=0.142
13:03:54 [INFO]   ✓ 71166755  n_px=29  rrs_8=0.00153  CHL_NN=0.142
13:03:55 [INFO]   ✓ 25237007  n_px=23  rrs_8=0.00175  CHL_NN=0.142
13:03:56 [INFO]   ✓ 09579123  n_px=24  rrs_8=0.00172  CHL_NN=0.142
13:03:57 [INFO]   ✓ 04301113  n_px=22  rrs_8=0.00172  CHL_NN=0.142
13:03:58 [INFO]   ✓ 08029232  n_px=23  rrs_8=0.00168  CHL_NN=0.142
13:03:59 [INFO]   ✓ 12953431  n_px=22  rrs_8=0.00164  CHL_NN=0.142
13:04:00 [INFO]   ✓ 87785585  n_px=21  rrs_8=0.00181  CHL_NN=0.142
13:04:01 [INFO]   ✓ 04470813  n_px=29  rrs_8=0.00170  CHL_NN=0.142
13:04:02 [INFO]   ✓ 91973409  n_px=22  rrs_8=0.00172  CHL_NN=0.142
13:04:04 [INFO]   ✓ 65789034  n_px=21  rrs_8=0.00175  CHL_NN=0.142
13:04:05 [INFO]   ✓ 64063060  n_px=23  rrs_8=0.00181  CHL_NN=0.142
13:04:06 [INFO]   ✓ 14761700  n_px=20  rrs_8=0.00187  CHL_NN=0.142
13:04:07 [INFO]   ✓ 40834044  n_px=25  rrs_8=0.00161  CHL_NN=0.142
13:04:08 [INFO]   ✓ 89813605  n_px=23  rrs_8=0.00161  CHL_NN=0.142
13:04:09 [INFO]   ✓ 34202552  n_px=25  rrs_8=0.00161  CHL_NN=0.142
13:04:10 [INFO]   ✓ 50392482  n_px=29  rrs_8=0.00161  CHL_NN=0.142
13:04:11 [INFO]   ✓ 74079785  n_px=20  rrs_8=0.00187  CHL_NN=0.142
13:04:12 [INFO]   ✓ 08912830  n_px=22  rrs_8=0.00172  CHL_NN=0.142
13:04:12 [INFO] [20240628] 52 location(s)
13:04:14 [INFO]   ✓ 83479283  n_px=25  rrs_8=0.00153  CHL_NN=0.189
13:04:15 [INFO]   ✓ 74079785  n_px=21  rrs_8=0.00184  CHL_NN=0.189
13:04:16 [INFO]   ✓ 06955914  n_px=24  rrs_8=0.00163  CHL_NN=0.189
13:04:17 [INFO]   ✓ 68257389  n_px=20  rrs_8=0.00178  CHL_NN=0.189
13:04:18 [INFO]   ✓ 32332366  n_px=20  rrs_8=0.00183  CHL_NN=0.189
13:04:19 [INFO]   ✓ 62806110  n_px=20  rrs_8=0.00187  CHL_NN=0.189
13:04:20 [INFO]   ✓ 48243901  n_px=25  rrs_8=0.00175  CHL_NN=0.189
13:04:21 [INFO]   ✓ 11491028  n_px=23  rrs_8=0.00177  CHL_NN=0.189
13:04:23 [INFO]   ✓ 37493128  n_px=25  rrs_8=0.00168  CHL_NN=0.189
13:04:23 [INFO]   ✓ 19914148  n_px=23  rrs_8=0.00181  CHL_NN=0.189
13:04:25 [INFO]   ✓ 11971477  n_px=20  rrs_8=0.00164  CHL_NN=0.189
13:04:26 [INFO]   ✓ 17662199  n_px=20  rrs_8=0.00172  CHL_NN=0.189
13:04:27 [INFO]   ✓ 16823501  n_px=20  rrs_8=0.00176  CHL_NN=0.189
13:04:27 [INFO]   ✓ 25884381  n_px=21  rrs_8=0.00181  CHL_NN=0.189
13:04:28 [INFO]   ✓ 93890839  n_px=21  rrs_8=0.00175  CHL_NN=0.189
13:04:30 [INFO]   ✓ 64206101  n_px=26  rrs_8=0.00179  CHL_NN=0.189
13:04:31 [INFO]   ✓ 31776501  n_px=21  rrs_8=0.00181  CHL_NN=0.189
13:04:32 [INFO]   ✓ 05136878  n_px=22  rrs_8=0.00179  CHL_NN=0.189
13:04:33 [INFO]   ✓ 83637993  n_px=24  rrs_8=0.00178  CHL_NN=0.189
13:04:34 [INFO]   ✓ 21893181  n_px=23  rrs_8=0.00175  CHL_NN=0.189
13:04:35 [INFO]   ✓ 32975262  n_px=26  rrs_8=0.00163  CHL_NN=0.189
13:04:36 [INFO]   ✓ 63767625  n_px=20  rrs_8=0.00171  CHL_NN=0.189
13:04:37 [INFO]   ✓ 26415160  n_px=21  rrs_8=0.00184  CHL_NN=0.189
13:04:38 [INFO]   ✓ 48668368  n_px=23  rrs_8=0.00181  CHL_NN=0.189
13:04:39 [INFO]   ✓ 61174508  n_px=22  rrs_8=0.00164  CHL_NN=0.189
13:04:40 [INFO]   ✓ 78452224  n_px=26  rrs_8=0.00150  CHL_NN=0.189
13:04:42 [INFO]   ✓ 99145446  n_px=21  rrs_8=0.00175  CHL_NN=0.189
13:04:43 [INFO]   ✓ 79869269  n_px=20  rrs_8=0.00171  CHL_NN=0.189
13:04:44 [INFO]   ✓ 26564853  n_px=25  rrs_8=0.00175  CHL_NN=0.189
13:04:44 [INFO]   ✓ 74332853  n_px=21  rrs_8=0.00181  CHL_NN=0.189
13:04:46 [INFO]   ✓ 47792597  n_px=25  rrs_8=0.00177  CHL_NN=0.189
13:04:47 [INFO]   ✓ 38530536  n_px=22  rrs_8=0.00168  CHL_NN=0.189
13:04:48 [INFO]   ✓ 18496388  n_px=21  rrs_8=0.00175  CHL_NN=0.189
13:04:49 [INFO]   ✓ 62083702  n_px=21  rrs_8=0.00168  CHL_NN=0.189
13:04:50 [INFO]   ✓ 18427656  n_px=22  rrs_8=0.00178  CHL_NN=0.189
13:04:51 [INFO]   ✓ 87144564  n_px=21  rrs_8=0.00181  CHL_NN=0.189
13:04:52 [INFO]   ✓ 45245124  n_px=23  rrs_8=0.00175  CHL_NN=0.189
13:04:53 [INFO]   ✓ 13402684  n_px=22  rrs_8=0.00172  CHL_NN=0.189
13:04:54 [INFO]   ✓ 74333451  n_px=22  rrs_8=0.00183  CHL_NN=0.189
13:04:55 [INFO]   ✓ 92267115  n_px=22  rrs_8=0.00172  CHL_NN=0.189
13:04:55 [INFO]   ✓ 53191777  n_px=22  rrs_8=0.00180  CHL_NN=0.189
13:04:56 [INFO]   ✓ 03244567  n_px=23  rrs_8=0.00175  CHL_NN=0.189
13:04:58 [INFO]   ✓ 54382350  n_px=23  rrs_8=0.00181  CHL_NN=0.189
13:04:59 [INFO]   ✓ 59309363  n_px=24  rrs_8=0.00172  CHL_NN=0.189
13:05:00 [INFO]   ✓ 12171397  n_px=24  rrs_8=0.00176  CHL_NN=0.189
13:05:01 [INFO]   ✓ 06540284  n_px=24  rrs_8=0.00172  CHL_NN=0.189
13:05:02 [INFO]   ✓ 89788681  n_px=22  rrs_8=0.00176  CHL_NN=0.189
13:05:03 [INFO]   ✓ 40849709  n_px=21  rrs_8=0.00177  CHL_NN=0.189
13:05:04 [INFO]   ✓ 40522863  n_px=20  rrs_8=0.00183  CHL_NN=0.189
13:05:05 [INFO]   ✓ 89576703  n_px=25  rrs_8=0.00175  CHL_NN=0.189
13:05:06 [INFO]   ✓ 00328113  n_px=20  rrs_8=0.00172  CHL_NN=0.189
13:05:07 [INFO]   ✓ 71235499  n_px=20  rrs_8=0.00172  CHL_NN=0.189
13:05:07 [INFO] [20240629] 38 location(s)
13:05:08 [INFO]   ✓ 60760696  n_px=22  rrs_8=0.00176  CHL_NN=0.189
13:05:09 [INFO]   ✓ 72832927  n_px=23  rrs_8=0.00175  CHL_NN=0.189
13:05:10 [INFO]   ✓ 53587366  n_px=24  rrs_8=0.00172  CHL_NN=0.189
13:05:11 [INFO]   ✓ 51190175  n_px=22  rrs_8=0.00172  CHL_NN=0.189
13:05:12 [INFO]   ✓ 80311205  n_px=22  rrs_8=0.00183  CHL_NN=0.189
13:05:13 [INFO]   ✓ 67871121  n_px=22  rrs_8=0.00176  CHL_NN=0.189
13:05:14 [INFO]   ✓ 64468045  n_px=24  rrs_8=0.00176  CHL_NN=0.189
13:05:15 [INFO]   ✓ 41087188  n_px=23  rrs_8=0.00177  CHL_NN=0.189
13:05:16 [INFO]   ✓ 37493128  n_px=26  rrs_8=0.00172  CHL_NN=0.189
13:05:17 [INFO]   ✓ 19914148  n_px=24  rrs_8=0.00178  CHL_NN=0.189
13:05:18 [INFO]   ✓ 34202552  n_px=21  rrs_8=0.00175  CHL_NN=0.189
13:05:19 [INFO]   ✓ 09328774  n_px=23  rrs_8=0.00175  CHL_NN=0.189
13:05:20 [INFO]   ✓ 80188911  n_px=21  rrs_8=0.00177  CHL_NN=0.189
13:05:21 [INFO]   ✓ 89788681  n_px=22  rrs_8=0.00176  CHL_NN=0.189
13:05:22 [INFO]   ✓ 71070543  n_px=23  rrs_8=0.00177  CHL_NN=0.189
13:05:23 [INFO]   ✓ 60041198  n_px=21  rrs_8=0.00168  CHL_NN=0.189
13:05:25 [INFO]   ✓ 66744449  n_px=22  rrs_8=0.00179  CHL_NN=0.189
13:05:26 [INFO]   ✓ 78039003  n_px=24  rrs_8=0.00183  CHL_NN=0.189
13:05:27 [INFO]   ✓ 19870443  n_px=24  rrs_8=0.00172  CHL_NN=0.189
13:05:28 [INFO]   ✓ 20446266  n_px=21  rrs_8=0.00177  CHL_NN=0.189
13:05:29 [INFO]   ✓ 38844462  n_px=25  rrs_8=0.00175  CHL_NN=0.189
13:05:30 [INFO]   ✓ 55171961  n_px=24  rrs_8=0.00178  CHL_NN=0.189
13:05:31 [INFO]   ✓ 38145258  n_px=23  rrs_8=0.00177  CHL_NN=0.189
13:05:32 [INFO]   ✓ 11918582  n_px=22  rrs_8=0.00176  CHL_NN=0.189
13:05:32 [INFO]   ✓ 08647126  n_px=25  rrs_8=0.00175  CHL_NN=0.189
13:05:33 [INFO]   ✓ 12171397  n_px=23  rrs_8=0.00175  CHL_NN=0.189
13:05:34 [INFO]   ✓ 62690109  n_px=23  rrs_8=0.00181  CHL_NN=0.189
13:05:35 [INFO]   ✓ 84166306  n_px=23  rrs_8=0.00168  CHL_NN=0.189
13:05:36 [INFO]   ✓ 48243901  n_px=25  rrs_8=0.00168  CHL_NN=0.189
13:05:37 [INFO]   ✓ 09663549  n_px=24  rrs_8=0.00172  CHL_NN=0.189
13:05:38 [INFO]   ✓ 91516914  n_px=24  rrs_8=0.00176  CHL_NN=0.189
13:05:39 [INFO]   ✓ 79847744  n_px=22  rrs_8=0.00176  CHL_NN=0.189
13:05:40 [INFO]   ✓ 58492732  n_px=25  rrs_8=0.00168  CHL_NN=0.189
13:05:41 [INFO]   ✓ 45780617  n_px=23  rrs_8=0.00175  CHL_NN=0.189
13:05:42 [INFO]   ✓ 22217777  n_px=24  rrs_8=0.00176  CHL_NN=0.189
13:05:43 [INFO]   ✓ 53276890  n_px=21  rrs_8=0.00177  CHL_NN=0.189
13:05:44 [INFO]   ✓ 06281911  n_px=23  rrs_8=0.00181  CHL_NN=0.189
13:05:45 [INFO]   ✓ 15040738  n_px=22  rrs_8=0.00179  CHL_NN=0.189
13:05:45 [INFO] [20240701] 24 location(s)
13:05:47 [INFO]   ✓ 14412894  n_px=60  rrs_8=0.00133  CHL_NN=0.220
13:05:48 [INFO]   ✓ 89563038  n_px=60  rrs_8=0.00137  CHL_NN=0.220
13:05:49 [INFO]   ✓ 65212268  n_px=59  rrs_8=0.00140  CHL_NN=0.220
13:05:51 [INFO]   ✓ 45906255  n_px=60  rrs_8=0.00135  CHL_NN=0.220
13:05:52 [INFO]   ✓ 23680241  n_px=61  rrs_8=0.00139  CHL_NN=0.220
13:05:53 [INFO]   ✓ 62146883  n_px=65  rrs_8=0.00131  CHL_NN=0.220
13:05:55 [INFO]   ✓ 07817076  n_px=66  rrs_8=0.00137  CHL_NN=0.220
13:05:56 [INFO]   ✓ 32288482  n_px=60  rrs_8=0.00139  CHL_NN=0.220
13:05:57 [INFO]   ✓ 54382350  n_px=62  rrs_8=0.00131  CHL_NN=0.220
13:05:58 [INFO]   ✓ 83004184  n_px=62  rrs_8=0.00135  CHL_NN=0.220
13:06:00 [INFO]   ✓ 16808405  n_px=65  rrs_8=0.00131  CHL_NN=0.220
13:06:01 [INFO]   ✓ 39210081  n_px=62  rrs_8=0.00139  CHL_NN=0.220
13:06:03 [INFO]   ✓ 11440243  n_px=59  rrs_8=0.00135  CHL_NN=0.220
13:06:04 [INFO]   ✓ 71547765  n_px=66  rrs_8=0.00131  CHL_NN=0.220
13:06:05 [INFO]   ✓ 28992385  n_px=61  rrs_8=0.00131  CHL_NN=0.220
13:06:06 [INFO]   ✓ 94442940  n_px=58  rrs_8=0.00135  CHL_NN=0.220
13:06:07 [INFO]   ✓ 69714042  n_px=63  rrs_8=0.00139  CHL_NN=0.220
13:06:08 [INFO]   ✓ 61710644  n_px=67  rrs_8=0.00131  CHL_NN=0.220
13:06:09 [INFO]   ✓ 71963369  n_px=58  rrs_8=0.00140  CHL_NN=0.220
13:06:10 [INFO]   ✓ 70863577  n_px=60  rrs_8=0.00131  CHL_NN=0.205
13:06:11 [INFO]   ✓ 16598980  n_px=60  rrs_8=0.00139  CHL_NN=0.220
13:06:13 [INFO]   ✓ 70109122  n_px=65  rrs_8=0.00135  CHL_NN=0.220
13:06:14 [INFO]   ✓ 60526978  n_px=60  rrs_8=0.00137  CHL_NN=0.205
13:06:15 [INFO]   ✓ 37493128  n_px=62  rrs_8=0.00137  CHL_NN=0.205
13:06:15 [INFO] [20240702] 55 location(s)
13:06:16 [INFO]   ✓ 81972368  n_px=53  rrs_8=0.00144  CHL_NN=0.189
13:06:17 [INFO]   ✓ 70109122  n_px=57  rrs_8=0.00131  CHL_NN=0.189
13:06:18 [INFO]   ✓ 67894858  n_px=55  rrs_8=0.00139  CHL_NN=0.189
13:06:19 [INFO]   ✓ 83283936  n_px=50  rrs_8=0.00142  CHL_NN=0.189
13:06:20 [INFO]   ✓ 57100331  n_px=55  rrs_8=0.00139  CHL_NN=0.189
13:06:21 [INFO]   ✓ 40640594  n_px=53  rrs_8=0.00139  CHL_NN=0.189
13:06:22 [INFO]   ✓ 34120063  n_px=54  rrs_8=0.00142  CHL_NN=0.189
13:06:23 [INFO]   ✓ 29429026  n_px=53  rrs_8=0.00144  CHL_NN=0.189
13:06:25 [INFO]   ✓ 34065571  n_px=54  rrs_8=0.00140  CHL_NN=0.189
13:06:26 [INFO]   ✓ 81905587  n_px=53  rrs_8=0.00140  CHL_NN=0.189
13:06:27 [INFO]   ✓ 83008634  n_px=58  rrs_8=0.00135  CHL_NN=0.189
13:06:28 [INFO]   ✓ 00093421  n_px=59  rrs_8=0.00139  CHL_NN=0.189
13:06:30 [INFO]   ✓ 19394123  n_px=144  rrs_8=0.00393  CHL_NN=0.598
13:06:31 [INFO]   ✓ 25823380  n_px=54  rrs_8=0.00142  CHL_NN=0.189
13:06:32 [INFO]   ✓ 60301437  n_px=55  rrs_8=0.00131  CHL_NN=0.189
13:06:33 [INFO]   ✓ 19694060  n_px=55  rrs_8=0.00144  CHL_NN=0.189
13:06:34 [INFO]   ✓ 08851090  n_px=57  rrs_8=0.00139  CHL_NN=0.189
13:06:36 [INFO]   ✓ 55679691  n_px=56  rrs_8=0.00142  CHL_NN=0.189
13:06:36 [INFO]   ✓ 69516632  n_px=56  rrs_8=0.00142  CHL_NN=0.189
13:06:38 [INFO]   ✓ 26721956  n_px=54  rrs_8=0.00142  CHL_NN=0.189
13:06:39 [INFO]   ✓ 91585316  n_px=55  rrs_8=0.00140  CHL_NN=0.189
13:06:40 [INFO]   ✓ 69714042  n_px=54  rrs_8=0.00144  CHL_NN=0.189
13:06:40 [INFO]   ✓ 16568730  n_px=57  rrs_8=0.00139  CHL_NN=0.189
13:06:41 [INFO]   ✓ 55279072  n_px=54  rrs_8=0.00140  CHL_NN=0.189
13:06:42 [INFO]   ✓ 05087260  n_px=55  rrs_8=0.00139  CHL_NN=0.189
13:06:44 [INFO]   ✓ 74079785  n_px=56  rrs_8=0.00139  CHL_NN=0.189
13:06:45 [INFO]   ✓ 75084481  n_px=54  rrs_8=0.00139  CHL_NN=0.189
13:06:46 [INFO]   ✓ 23206726  n_px=55  rrs_8=0.00140  CHL_NN=0.189
13:06:47 [INFO]   ✓ 86842358  n_px=53  rrs_8=0.00144  CHL_NN=0.189
13:06:48 [INFO]   ✓ 79982667  n_px=58  rrs_8=0.00139  CHL_NN=0.189
13:06:49 [INFO]   ✓ 30461091  n_px=49  rrs_8=0.00140  CHL_NN=0.189
13:06:50 [INFO]   ✓ 90900797  n_px=54  rrs_8=0.00140  CHL_NN=0.189
13:06:51 [INFO]   ✓ 97081361  n_px=55  rrs_8=0.00139  CHL_NN=0.189
13:06:52 [INFO]   ✓ 63132966  n_px=57  rrs_8=0.00139  CHL_NN=0.189
13:06:53 [INFO]   ✓ 72727301  n_px=53  rrs_8=0.00139  CHL_NN=0.205
13:06:54 [INFO]   ✓ 21968726  n_px=55  rrs_8=0.00140  CHL_NN=0.189
13:06:55 [INFO]   ✓ 64013728  n_px=50  rrs_8=0.00139  CHL_NN=0.189
13:06:56 [INFO]   ✓ 15311499  n_px=55  rrs_8=0.00139  CHL_NN=0.189
13:06:57 [INFO]   ✓ 48434989  n_px=55  rrs_8=0.00131  CHL_NN=0.189
13:06:58 [INFO]   ✓ 38086803  n_px=55  rrs_8=0.00139  CHL_NN=0.189
13:06:59 [INFO]   ✓ 60526978  n_px=58  rrs_8=0.00139  CHL_NN=0.189
13:07:00 [INFO]   ✓ 25884381  n_px=57  rrs_8=0.00139  CHL_NN=0.189
13:07:01 [INFO]   ✓ 50923560  n_px=57  rrs_8=0.00131  CHL_NN=0.189
13:07:02 [INFO]   ✓ 27416563  n_px=57  rrs_8=0.00139  CHL_NN=0.189
13:07:04 [INFO]   ✓ 88242503  n_px=59  rrs_8=0.00139  CHL_NN=0.189
13:07:04 [INFO]   ✓ 32975262  n_px=54  rrs_8=0.00135  CHL_NN=0.189
13:07:05 [INFO]   ✓ 22043175  n_px=54  rrs_8=0.00139  CHL_NN=0.189
13:07:06 [INFO]   ✓ 75639941  n_px=56  rrs_8=0.00135  CHL_NN=0.189
13:07:07 [INFO]   ✓ 07817076  n_px=57  rrs_8=0.00139  CHL_NN=0.189
13:07:08 [INFO]   ✓ 87650572  n_px=56  rrs_8=0.00135  CHL_NN=0.189
13:07:09 [INFO]   ✓ 90553627  n_px=58  rrs_8=0.00131  CHL_NN=0.189
13:07:10 [INFO]   ✓ 38145258  n_px=56  rrs_8=0.00139  CHL_NN=0.189
13:07:11 [INFO]   ✓ 88049282  n_px=53  rrs_8=0.00144  CHL_NN=0.189
13:07:12 [INFO]   ✓ 48243901  n_px=58  rrs_8=0.00139  CHL_NN=0.189
13:07:13 [INFO]   ✓ 56214994  n_px=57  rrs_8=0.00139  CHL_NN=0.189
13:07:13 [INFO] [20240703] 52 location(s)
13:07:14 [INFO]   ✓ 76154022  n_px=165  rrs_8=0.14295  CHL_NN=0.189
13:07:15 [INFO]   ✓ 92462603  n_px=165  rrs_8=0.16265  CHL_NN=0.189
13:07:16 [INFO]   ✓ 86399697  n_px=165  rrs_8=0.16216  CHL_NN=0.189
13:07:17 [INFO]   ✓ 76053971  n_px=165  rrs_8=0.16256  CHL_NN=0.189
13:07:19 [INFO]   ✓ 59309363  n_px=165  rrs_8=0.14401  CHL_NN=0.189
13:07:20 [INFO]   ✓ 77274545  n_px=165  rrs_8=0.16216  CHL_NN=0.189
13:07:21 [INFO]   ✓ 91585316  n_px=165  rrs_8=0.16263  CHL_NN=0.189
13:07:22 [INFO]   ✓ 27416563  n_px=165  rrs_8=0.16263  CHL_NN=0.189
13:07:23 [INFO]   ✓ 91438389  n_px=165  rrs_8=0.16216  CHL_NN=0.205
13:07:24 [INFO]   ✓ 92679999  n_px=165  rrs_8=0.16241  CHL_NN=0.189
13:07:25 [INFO]   ✓ 86842358  n_px=165  rrs_8=0.16265  CHL_NN=0.189
13:07:25 [INFO]   ✓ 96449119  n_px=165  rrs_8=0.14401  CHL_NN=0.189
13:07:26 [INFO]   ✓ 23206726  n_px=165  rrs_8=0.16265  CHL_NN=0.189
13:07:28 [INFO]   ✓ 19394123  n_px=165  rrs_8=0.17025  CHL_NN=0.535
13:07:29 [INFO]   ✓ 98442534  n_px=165  rrs_8=0.16265  CHL_NN=0.189
13:07:30 [INFO]   ✓ 68707159  n_px=165  rrs_8=0.16263  CHL_NN=0.189
13:07:31 [INFO]   ✓ 37001772  n_px=165  rrs_8=0.16216  CHL_NN=0.189
13:07:32 [INFO]   ✓ 54798201  n_px=165  rrs_8=0.14359  CHL_NN=0.189
13:07:33 [INFO]   ✓ 25884381  n_px=165  rrs_8=0.16216  CHL_NN=0.189
13:07:34 [INFO]   ✓ 11611974  n_px=165  rrs_8=0.16287  CHL_NN=0.189
13:07:35 [INFO]   ✓ 62806110  n_px=165  rrs_8=0.16265  CHL_NN=0.189
13:07:36 [INFO]   ✓ 20797489  n_px=165  rrs_8=0.16216  CHL_NN=0.205
13:07:37 [INFO]   ✓ 90553627  n_px=165  rrs_8=0.16216  CHL_NN=0.205
13:07:38 [INFO]   ✓ 56034581  n_px=165  rrs_8=0.16256  CHL_NN=0.189
13:07:39 [INFO]   ✓ 50644810  n_px=165  rrs_8=0.16216  CHL_NN=0.189
13:07:40 [INFO]   ✓ 50797023  n_px=165  rrs_8=0.16256  CHL_NN=0.189
13:07:41 [INFO]   ✓ 14817886  n_px=165  rrs_8=0.16256  CHL_NN=0.189
13:07:42 [INFO]   ✓ 29753371  n_px=165  rrs_8=0.16256  CHL_NN=0.189
13:07:43 [INFO]   ✓ 39041140  n_px=165  rrs_8=0.16263  CHL_NN=0.205
13:07:44 [INFO]   ✓ 55043254  n_px=165  rrs_8=0.16256  CHL_NN=0.189
13:07:45 [INFO]   ✓ 64034399  n_px=165  rrs_8=0.16263  CHL_NN=0.189
13:07:46 [INFO]   ✓ 46263335  n_px=165  rrs_8=0.16216  CHL_NN=0.189
13:07:47 [INFO]   ✓ 78039003  n_px=165  rrs_8=0.16263  CHL_NN=0.189
13:07:48 [INFO]   ✓ 41350093  n_px=165  rrs_8=0.16241  CHL_NN=0.189
13:07:49 [INFO]   ✓ 29503247  n_px=165  rrs_8=0.16216  CHL_NN=0.189
13:07:50 [INFO]   ✓ 09579123  n_px=165  rrs_8=0.16216  CHL_NN=0.189
13:07:51 [INFO]   ✓ 57301528  n_px=165  rrs_8=0.16216  CHL_NN=0.189
13:07:52 [INFO]   ✓ 29926395  n_px=165  rrs_8=0.16241  CHL_NN=0.189
13:07:53 [INFO]   ✓ 38086803  n_px=165  rrs_8=0.16265  CHL_NN=0.189
13:07:54 [INFO]   ✓ 10684102  n_px=165  rrs_8=0.16263  CHL_NN=0.189
13:07:55 [INFO]   ✓ 28069789  n_px=165  rrs_8=0.16263  CHL_NN=0.205
13:07:56 [INFO]   ✓ 43940851  n_px=165  rrs_8=0.16265  CHL_NN=0.189
13:07:57 [INFO]   ✓ 85336082  n_px=165  rrs_8=0.16265  CHL_NN=0.189
13:07:58 [INFO]   ✓ 70863577  n_px=165  rrs_8=0.16216  CHL_NN=0.189
13:07:59 [INFO]   ✓ 03708623  n_px=165  rrs_8=0.16265  CHL_NN=0.189
13:08:00 [INFO]   ✓ 72727301  n_px=165  rrs_8=0.16216  CHL_NN=0.189
13:08:01 [INFO]   ✓ 88818145  n_px=165  rrs_8=0.16216  CHL_NN=0.189
13:08:02 [INFO]   ✓ 23244489  n_px=165  rrs_8=0.16263  CHL_NN=0.189
13:08:03 [INFO]   ✓ 81497552  n_px=165  rrs_8=0.16263  CHL_NN=0.189
13:08:04 [INFO]   ✓ 84778790  n_px=165  rrs_8=0.16263  CHL_NN=0.189
13:08:05 [INFO]   ✓ 00093421  n_px=165  rrs_8=0.16263  CHL_NN=0.189
13:08:06 [INFO]   ✓ 92709319  n_px=165  rrs_8=0.16256  CHL_NN=0.205
13:08:06 [INFO] [20240704] 49 location(s)
13:08:07 [INFO]   ✓ 21893181  n_px=165  rrs_8=0.16265  CHL_NN=0.409
13:08:09 [INFO]   ✓ 16767113  n_px=165  rrs_8=0.16263  CHL_NN=0.409
13:08:10 [INFO]   ✓ 02226523  n_px=165  rrs_8=0.16216  CHL_NN=0.409
13:08:11 [INFO]   ✓ 81974177  n_px=165  rrs_8=0.16263  CHL_NN=0.409
13:08:12 [INFO]   ✓ 40777380  n_px=165  rrs_8=0.16256  CHL_NN=0.409
13:08:13 [INFO]   ✓ 94363519  n_px=165  rrs_8=0.16216  CHL_NN=0.409
13:08:14 [INFO]   ✓ 31286096  n_px=165  rrs_8=0.14401  CHL_NN=0.409
13:08:15 [INFO]   ✓ 00846969  n_px=165  rrs_8=0.16256  CHL_NN=0.409
13:08:16 [INFO]   ✓ 68707159  n_px=165  rrs_8=0.16263  CHL_NN=0.409
13:08:18 [INFO]   ✓ 53250916  n_px=165  rrs_8=0.14401  CHL_NN=0.409
13:08:19 [INFO]   ✓ 07817076  n_px=165  rrs_8=0.16265  CHL_NN=0.394
13:08:20 [INFO]   ✓ 04130093  n_px=165  rrs_8=0.16216  CHL_NN=0.409
13:08:21 [INFO]   ✓ 98442534  n_px=165  rrs_8=0.16265  CHL_NN=0.394
13:08:22 [INFO]   ✓ 61710644  n_px=165  rrs_8=0.16265  CHL_NN=0.394
13:08:23 [INFO]   ✓ 03708623  n_px=165  rrs_8=0.16265  CHL_NN=0.409
13:08:25 [INFO]   ✓ 90553627  n_px=165  rrs_8=0.16216  CHL_NN=0.409
13:08:26 [INFO]   ✓ 96449119  n_px=165  rrs_8=0.16216  CHL_NN=0.409
13:08:27 [INFO]   ✓ 49843039  n_px=165  rrs_8=0.16216  CHL_NN=0.409
13:08:28 [INFO]   ✓ 02552226  n_px=165  rrs_8=0.16256  CHL_NN=0.409
13:08:29 [INFO]   ✓ 32208297  n_px=165  rrs_8=0.16256  CHL_NN=0.409
13:08:31 [INFO]   ✓ 05823156  n_px=165  rrs_8=0.16256  CHL_NN=0.409
13:08:32 [INFO]   ✓ 63489797  n_px=165  rrs_8=0.16216  CHL_NN=0.409
13:08:33 [INFO]   ✓ 94245277  n_px=165  rrs_8=0.16263  CHL_NN=0.409
13:08:34 [INFO]   ✓ 39827652  n_px=165  rrs_8=0.16216  CHL_NN=0.409
13:08:36 [INFO]   ✓ 63656753  n_px=165  rrs_8=0.16256  CHL_NN=0.409
13:08:37 [INFO]   ✓ 46758216  n_px=165  rrs_8=0.16265  CHL_NN=0.409
13:08:38 [INFO]   ✓ 20981232  n_px=165  rrs_8=0.16263  CHL_NN=0.394
13:08:39 [INFO]   ✓ 11080484  n_px=165  rrs_8=0.16263  CHL_NN=0.409
13:08:40 [INFO]   ✓ 10595598  n_px=165  rrs_8=0.16216  CHL_NN=0.409
13:08:41 [INFO]   ✓ 48786469  n_px=165  rrs_8=0.16256  CHL_NN=0.409
13:08:42 [INFO]   ✓ 16808405  n_px=165  rrs_8=0.16216  CHL_NN=0.409
13:08:43 [INFO]   ✓ 33911539  n_px=165  rrs_8=0.14401  CHL_NN=0.409
13:08:44 [INFO]   ✓ 41586855  n_px=165  rrs_8=0.16216  CHL_NN=0.409
13:08:45 [INFO]   ✓ 23206726  n_px=165  rrs_8=0.16265  CHL_NN=0.409
13:08:46 [INFO]   ✓ 64206101  n_px=165  rrs_8=0.16256  CHL_NN=0.409
13:08:47 [INFO]   ✓ 15965177  n_px=165  rrs_8=0.16263  CHL_NN=0.409
13:08:48 [INFO]   ✓ 36612122  n_px=165  rrs_8=0.16265  CHL_NN=0.409
13:08:49 [INFO]   ✓ 85227556  n_px=165  rrs_8=0.16263  CHL_NN=0.409
13:08:51 [INFO]   ✓ 73468803  n_px=165  rrs_8=0.16216  CHL_NN=0.409
13:08:52 [INFO]   ✓ 19394123  n_px=165  rrs_8=0.17025  CHL_NN=0.535
13:08:53 [INFO]   ✓ 84778790  n_px=165  rrs_8=0.16263  CHL_NN=0.409
13:08:55 [INFO]   ✓ 64034399  n_px=165  rrs_8=0.16263  CHL_NN=0.394
13:08:56 [INFO]   ✓ 22033820  n_px=165  rrs_8=0.16256  CHL_NN=0.409
13:08:57 [INFO]   ✓ 77274545  n_px=165  rrs_8=0.14401  CHL_NN=0.409
13:08:58 [INFO]   ✓ 43784534  n_px=165  rrs_8=0.16241  CHL_NN=0.409
13:08:59 [INFO]   ✓ 83986296  n_px=165  rrs_8=0.16256  CHL_NN=0.409
13:09:00 [INFO]   ✓ 36931907  n_px=165  rrs_8=0.16216  CHL_NN=0.409
13:09:01 [INFO]   ✓ 76373460  n_px=165  rrs_8=0.16263  CHL_NN=0.409
13:09:02 [INFO]   ✓ 87650572  n_px=165  rrs_8=0.16263  CHL_NN=0.409
13:09:02 [INFO] [20240705] 50 location(s)
13:09:04 [INFO]   ✓ 67283962  n_px=165  rrs_8=0.14401  CHL_NN=0.409
13:09:05 [INFO]   ✓ 01493146  n_px=165  rrs_8=0.16263  CHL_NN=0.409
13:09:06 [INFO]   ✓ 60106154  n_px=165  rrs_8=0.16241  CHL_NN=0.394
13:09:07 [INFO]   ✓ 83008634  n_px=165  rrs_8=0.16263  CHL_NN=0.409
13:09:09 [INFO]   ✓ 19394123  n_px=165  rrs_8=0.17025  CHL_NN=0.346
13:09:10 [INFO]   ✓ 18564518  n_px=165  rrs_8=0.16241  CHL_NN=0.394
13:09:12 [INFO]   ✓ 08608796  n_px=165  rrs_8=0.14401  CHL_NN=0.409
13:09:13 [INFO]   ✓ 64034399  n_px=165  rrs_8=0.16263  CHL_NN=0.409
13:09:14 [INFO]   ✓ 92340914  n_px=165  rrs_8=0.16216  CHL_NN=0.409
13:09:15 [INFO]   ✓ 39590859  n_px=165  rrs_8=0.16216  CHL_NN=0.409
13:09:16 [INFO]   ✓ 61710644  n_px=165  rrs_8=0.16265  CHL_NN=0.394
13:09:17 [INFO]   ✓ 88458657  n_px=165  rrs_8=0.16256  CHL_NN=0.409
13:09:19 [INFO]   ✓ 40522863  n_px=165  rrs_8=0.16216  CHL_NN=0.394
13:09:20 [INFO]   ✓ 84778790  n_px=165  rrs_8=0.16265  CHL_NN=0.409
13:09:21 [INFO]   ✓ 61930776  n_px=165  rrs_8=0.16263  CHL_NN=0.409
13:09:22 [INFO]   ✓ 49860635  n_px=165  rrs_8=0.16216  CHL_NN=0.409
13:09:23 [INFO]   ✓ 04557458  n_px=165  rrs_8=0.16216  CHL_NN=0.409
13:09:25 [INFO]   ✓ 79133882  n_px=165  rrs_8=0.16216  CHL_NN=0.409
13:09:26 [INFO]   ✓ 56214994  n_px=165  rrs_8=0.16263  CHL_NN=0.409
13:09:28 [INFO]   ✓ 85988232  n_px=165  rrs_8=0.16216  CHL_NN=0.409
13:09:29 [INFO]   ✓ 40881189  n_px=165  rrs_8=0.16263  CHL_NN=0.409
13:09:31 [INFO]   ✓ 08912830  n_px=165  rrs_8=0.14401  CHL_NN=0.394
13:09:32 [INFO]   ✓ 57301528  n_px=165  rrs_8=0.16216  CHL_NN=0.409
13:09:34 [INFO]   ✓ 98884687  n_px=165  rrs_8=0.14231  CHL_NN=0.409
13:09:35 [INFO]   ✓ 62806110  n_px=165  rrs_8=0.16265  CHL_NN=0.394
13:09:36 [INFO]   ✓ 27060230  n_px=165  rrs_8=0.16287  CHL_NN=0.409
13:09:37 [INFO]   ✓ 84078600  n_px=165  rrs_8=0.16263  CHL_NN=0.409
13:09:38 [INFO]   ✓ 63132966  n_px=165  rrs_8=0.16263  CHL_NN=0.394
13:09:39 [INFO]   ✓ 98669330  n_px=165  rrs_8=0.16216  CHL_NN=0.394
13:09:40 [INFO]   ✓ 50797023  n_px=165  rrs_8=0.16263  CHL_NN=0.409
13:09:41 [INFO]   ✓ 37493128  n_px=165  rrs_8=0.16263  CHL_NN=0.409
13:09:43 [INFO]   ✓ 90124765  n_px=165  rrs_8=0.16263  CHL_NN=0.409
13:09:44 [INFO]   ✓ 94495678  n_px=165  rrs_8=0.16256  CHL_NN=0.409
13:09:45 [INFO]   ✓ 84407516  n_px=165  rrs_8=0.16263  CHL_NN=0.409
13:09:46 [INFO]   ✓ 71547765  n_px=165  rrs_8=0.16263  CHL_NN=0.409
13:09:47 [INFO]   ✓ 04130093  n_px=165  rrs_8=0.14401  CHL_NN=0.409
13:09:48 [INFO]   ✓ 90986617  n_px=165  rrs_8=0.14401  CHL_NN=0.409
13:09:50 [INFO]   ✓ 26415160  n_px=165  rrs_8=0.14359  CHL_NN=0.394
13:09:51 [INFO]   ✓ 98442534  n_px=165  rrs_8=0.16265  CHL_NN=0.394
13:09:52 [INFO]   ✓ 83986296  n_px=165  rrs_8=0.16256  CHL_NN=0.409
13:09:53 [INFO]   ✓ 63621058  n_px=165  rrs_8=0.16263  CHL_NN=0.409
13:09:54 [INFO]   ✓ 87650572  n_px=165  rrs_8=0.16263  CHL_NN=0.394
13:09:55 [INFO]   ✓ 90553627  n_px=165  rrs_8=0.16216  CHL_NN=0.409
13:09:56 [INFO]   ✓ 24313106  n_px=165  rrs_8=0.16263  CHL_NN=0.394
13:09:57 [INFO]   ✓ 59309363  n_px=165  rrs_8=0.14401  CHL_NN=0.409
13:09:59 [INFO]   ✓ 90526443  n_px=165  rrs_8=0.16216  CHL_NN=0.409
13:10:00 [INFO]   ✓ 68250346  n_px=165  rrs_8=0.16265  CHL_NN=0.409
13:10:01 [INFO]   ✓ 63489797  n_px=165  rrs_8=0.16216  CHL_NN=0.409
13:10:02 [INFO]   ✓ 30645183  n_px=165  rrs_8=0.16265  CHL_NN=0.409
13:10:03 [INFO]   ✓ 76732750  n_px=165  rrs_8=0.16256  CHL_NN=0.409
13:10:03 [INFO] [20240706] 53 location(s)
13:10:04 [INFO]   ✓ 33911539  n_px=165  rrs_8=0.14401  CHL_NN=0.409
13:10:05 [INFO]   ✓ 73093270  n_px=165  rrs_8=0.16263  CHL_NN=0.409
13:10:06 [INFO]   ✓ 20981232  n_px=165  rrs_8=0.16263  CHL_NN=0.409
13:10:07 [INFO]   ✓ 01493146  n_px=165  rrs_8=0.16216  CHL_NN=0.409
13:10:09 [INFO]   ✓ 85581987  n_px=165  rrs_8=0.16216  CHL_NN=0.409
13:10:10 [INFO]   ✓ 57371872  n_px=165  rrs_8=0.16216  CHL_NN=0.409
13:10:11 [INFO]   ✓ 84078600  n_px=165  rrs_8=0.16256  CHL_NN=0.409
13:10:13 [INFO]   ✓ 73865445  n_px=165  rrs_8=0.16265  CHL_NN=0.409
13:10:14 [INFO]   ✓ 57301528  n_px=165  rrs_8=0.16216  CHL_NN=0.409
13:10:15 [INFO]   ✓ 62142956  n_px=165  rrs_8=0.16263  CHL_NN=0.409
13:10:16 [INFO]   ✓ 38530536  n_px=165  rrs_8=0.16216  CHL_NN=0.409
13:10:17 [INFO]   ✓ 56278202  n_px=165  rrs_8=0.16263  CHL_NN=0.409
13:10:18 [INFO]   ✓ 08640440  n_px=165  rrs_8=0.16216  CHL_NN=0.409
13:10:19 [INFO]   ✓ 77211513  n_px=165  rrs_8=0.16263  CHL_NN=0.409
13:10:21 [INFO]   ✓ 19394123  n_px=165  rrs_8=0.17025  CHL_NN=0.346
13:10:22 [INFO]   ✓ 98884687  n_px=165  rrs_8=0.14231  CHL_NN=0.409
13:10:23 [INFO]   ✓ 24555226  n_px=165  rrs_8=0.16265  CHL_NN=0.409
13:10:25 [INFO]   ✓ 04470813  n_px=165  rrs_8=0.16256  CHL_NN=0.409
13:10:26 [INFO]   ✓ 68707159  n_px=165  rrs_8=0.16265  CHL_NN=0.409
13:10:27 [INFO]   ✓ 71578911  n_px=165  rrs_8=0.16241  CHL_NN=0.409
13:10:28 [INFO]   ✓ 75442175  n_px=165  rrs_8=0.14295  CHL_NN=0.409
13:10:29 [INFO]   ✓ 60354303  n_px=165  rrs_8=0.14401  CHL_NN=0.409
13:10:31 [INFO]   ✓ 07817076  n_px=165  rrs_8=0.16265  CHL_NN=0.409
13:10:32 [INFO]   ✓ 64034399  n_px=165  rrs_8=0.16263  CHL_NN=0.409
13:10:33 [INFO]   ✓ 31286096  n_px=165  rrs_8=0.14401  CHL_NN=0.409
13:10:34 [INFO]   ✓ 02226523  n_px=165  rrs_8=0.16216  CHL_NN=0.409
13:10:35 [INFO]   ✓ 78039003  n_px=165  rrs_8=0.16263  CHL_NN=0.409
13:10:36 [INFO]   ✓ 48228309  n_px=165  rrs_8=0.16263  CHL_NN=0.409
13:10:37 [INFO]   ✓ 69512252  n_px=165  rrs_8=0.16263  CHL_NN=0.409
13:10:38 [INFO]   ✓ 64063060  n_px=165  rrs_8=0.16265  CHL_NN=0.409
13:10:39 [INFO]   ✓ 50568353  n_px=165  rrs_8=0.16263  CHL_NN=0.409
13:10:40 [INFO]   ✓ 55043254  n_px=165  rrs_8=0.16263  CHL_NN=0.409
13:10:42 [INFO]   ✓ 27264198  n_px=165  rrs_8=0.16265  CHL_NN=0.409
13:10:43 [INFO]   ✓ 74773580  n_px=165  rrs_8=0.16241  CHL_NN=0.409
13:10:44 [INFO]   ✓ 48243901  n_px=165  rrs_8=0.16263  CHL_NN=0.409
13:10:45 [INFO]   ✓ 25237007  n_px=165  rrs_8=0.16271  CHL_NN=0.409
13:10:46 [INFO]   ✓ 87396398  n_px=165  rrs_8=0.16216  CHL_NN=0.409
13:10:47 [INFO]   ✓ 91438389  n_px=165  rrs_8=0.16216  CHL_NN=0.409
13:10:48 [INFO]   ✓ 92209788  n_px=165  rrs_8=0.16263  CHL_NN=0.409
13:10:49 [INFO]   ✓ 41586855  n_px=165  rrs_8=0.16256  CHL_NN=0.409
13:10:51 [INFO]   ✓ 29259007  n_px=165  rrs_8=0.16263  CHL_NN=0.409
13:10:52 [INFO]   ✓ 26546923  n_px=165  rrs_8=0.16256  CHL_NN=0.409
13:10:53 [INFO]   ✓ 54343989  n_px=165  rrs_8=0.16265  CHL_NN=0.409
13:10:54 [INFO]   ✓ 44799617  n_px=165  rrs_8=0.16256  CHL_NN=0.409
13:10:55 [INFO]   ✓ 02552226  n_px=165  rrs_8=0.16263  CHL_NN=0.409
13:10:56 [INFO]   ✓ 87650572  n_px=165  rrs_8=0.16263  CHL_NN=0.409
13:10:57 [INFO]   ✓ 61710644  n_px=165  rrs_8=0.16265  CHL_NN=0.409
13:10:58 [INFO]   ✓ 40640594  n_px=165  rrs_8=0.16265  CHL_NN=0.409
13:10:59 [INFO]   ✓ 22552778  n_px=165  rrs_8=0.16216  CHL_NN=0.409
13:11:00 [INFO]   ✓ 89844937  n_px=165  rrs_8=0.16265  CHL_NN=0.409
13:11:01 [INFO]   ✓ 96449119  n_px=165  rrs_8=0.14401  CHL_NN=0.409
13:11:02 [INFO]   ✓ 48434989  n_px=165  rrs_8=0.16216  CHL_NN=0.409
13:11:04 [INFO]   ✓ 81974177  n_px=165  rrs_8=0.16263  CHL_NN=0.409
13:11:04 [INFO] [20240707] 50 location(s)
13:11:05 [INFO]   ✓ 57301528  n_px=3  rrs_8=0.06806  CHL_NN=0.409
13:11:06 [INFO]   ✗ 37081624  no valid data in -3d window
13:11:07 [INFO]   ✓ 42459581  n_px=3  rrs_8=0.06806  CHL_NN=0.409
13:11:09 [INFO]   ✓ 88802303  n_px=3  rrs_8=0.06806  CHL_NN=0.409
13:11:10 [INFO]   ✓ 48434989  n_px=3  rrs_8=0.06806  CHL_NN=0.409
13:11:11 [INFO]   ✓ 63489797  n_px=3  rrs_8=0.06806  CHL_NN=0.409
13:11:12 [INFO]   ✓ 98295819  n_px=4  rrs_8=0.04093  CHL_NN=0.409
13:11:14 [INFO]   ✓ 62806110  n_px=3  rrs_8=0.06806  CHL_NN=0.409
13:11:15 [INFO]   ✓ 56168796  n_px=3  rrs_8=0.06806  CHL_NN=0.409
13:11:16 [INFO]   ✓ 40443040  n_px=3  rrs_8=0.06806  CHL_NN=0.409
13:11:17 [INFO]   ✓ 38086803  n_px=3  rrs_8=0.06806  CHL_NN=0.409
13:11:18 [INFO]   ✓ 98937612  n_px=3  rrs_8=0.06806  CHL_NN=0.409
13:11:20 [INFO]   ✓ 49860635  n_px=3  rrs_8=0.06806  CHL_NN=0.409
13:11:21 [INFO]   ✓ 57331895  n_px=3  rrs_8=0.06806  CHL_NN=0.409
13:11:22 [INFO]   ✓ 89844937  n_px=3  rrs_8=0.06806  CHL_NN=0.409
13:11:23 [INFO]   ✓ 29204495  n_px=3  rrs_8=0.06806  CHL_NN=0.409
13:11:25 [INFO]   ✓ 40640594  n_px=3  rrs_8=0.06806  CHL_NN=0.409
13:11:26 [INFO]   ✓ 02226523  n_px=3  rrs_8=0.06806  CHL_NN=0.409
13:11:27 [INFO]   ✓ 11611974  n_px=3  rrs_8=0.06806  CHL_NN=0.409
13:11:28 [INFO]   ✓ 07817076  n_px=3  rrs_8=0.06806  CHL_NN=0.409
13:11:29 [INFO]   ✓ 73239763  n_px=4  rrs_8=0.04093  CHL_NN=0.409
13:11:31 [INFO]   ✗ 11959798  no valid data in -3d window
13:11:32 [INFO]   ✗ 97052977  no valid data in -3d window
13:11:33 [INFO]   ✓ 00361532  n_px=3  rrs_8=0.06806  CHL_NN=0.409
13:11:34 [INFO]   ✓ 26564853  n_px=3  rrs_8=0.06806  CHL_NN=0.409
13:11:35 [INFO]   ✓ 19394123  n_px=82  rrs_8=0.00284  CHL_NN=0.173
13:11:37 [INFO]   ✓ 46758216  n_px=3  rrs_8=0.06806  CHL_NN=0.409
13:11:38 [INFO]   ✓ 87932446  n_px=3  rrs_8=0.06806  CHL_NN=0.425
13:11:39 [INFO]   ✓ 03969606  n_px=3  rrs_8=0.06806  CHL_NN=0.409
13:11:40 [INFO]   ✓ 69714042  n_px=3  rrs_8=0.06806  CHL_NN=0.409
13:11:41 [INFO]   ✓ 06063667  n_px=3  rrs_8=0.06806  CHL_NN=0.409
13:11:42 [INFO]   ✓ 60450927  n_px=4  rrs_8=0.09190  CHL_NN=0.409
13:11:43 [INFO]   ✓ 15311499  n_px=3  rrs_8=0.06806  CHL_NN=0.409
13:11:44 [INFO]   ✓ 32294651  n_px=3  rrs_8=0.06806  CHL_NN=0.409
13:11:45 [INFO]   ✓ 45274498  n_px=3  rrs_8=0.06806  CHL_NN=0.409
13:11:46 [INFO]   ✓ 95187728  n_px=3  rrs_8=0.06806  CHL_NN=0.409
13:11:47 [INFO]   ✗ 86292400  no valid data in -3d window
13:11:49 [INFO]   ✓ 03708623  n_px=3  rrs_8=0.06806  CHL_NN=0.409
13:11:50 [INFO]   ✓ 25884381  n_px=3  rrs_8=0.06806  CHL_NN=0.409
13:11:51 [INFO]   ✓ 25671123  n_px=3  rrs_8=0.06806  CHL_NN=0.409
13:11:52 [INFO]   ✓ 95534682  n_px=4  rrs_8=0.09190  CHL_NN=0.409
13:11:53 [INFO]   ✓ 16808405  n_px=3  rrs_8=0.06806  CHL_NN=0.409
13:11:54 [INFO]   ✓ 04470813  n_px=3  rrs_8=0.06806  CHL_NN=0.409
13:11:55 [INFO]   ✓ 24545150  n_px=3  rrs_8=0.06806  CHL_NN=0.409
13:11:56 [INFO]   ✓ 66744449  n_px=3  rrs_8=0.06806  CHL_NN=0.409
13:11:57 [INFO]   ✓ 21893181  n_px=3  rrs_8=0.06806  CHL_NN=0.409
13:11:58 [INFO]   ✓ 50644810  n_px=3  rrs_8=0.06806  CHL_NN=0.409
13:11:59 [INFO]   ✓ 16767113  n_px=3  rrs_8=0.06806  CHL_NN=0.409
13:12:01 [INFO]   ✓ 13778939  n_px=3  rrs_8=0.06806  CHL_NN=0.409
13:12:02 [INFO]   ✓ 17216221  n_px=4  rrs_8=0.09190  CHL_NN=0.409
13:12:02 [INFO] [20240708] 54 location(s)
13:12:04 [INFO]   ✓ 55279072  n_px=72  rrs_8=0.00123  CHL_NN=0.157
13:12:05 [INFO]   ✓ 22939207  n_px=73  rrs_8=0.00122  CHL_NN=0.157
13:12:06 [INFO]   ✓ 96987406  n_px=68  rrs_8=0.00124  CHL_NN=0.157
13:12:07 [INFO]   ✓ 64744137  n_px=68  rrs_8=0.00122  CHL_NN=0.157
13:12:08 [INFO]   ✓ 59309363  n_px=71  rrs_8=0.00122  CHL_NN=0.157
13:12:09 [INFO]   ✓ 17125492  n_px=73  rrs_8=0.00122  CHL_NN=0.157
13:12:10 [INFO]   ✓ 66439849  n_px=72  rrs_8=0.00124  CHL_NN=0.157
13:12:12 [INFO]   ✓ 16908359  n_px=71  rrs_8=0.00122  CHL_NN=0.157
13:12:13 [INFO]   ✓ 52163911  n_px=70  rrs_8=0.00122  CHL_NN=0.157
13:12:14 [INFO]   ✓ 72705490  n_px=72  rrs_8=0.00121  CHL_NN=0.157
13:12:15 [INFO]   ✓ 76404882  n_px=72  rrs_8=0.00122  CHL_NN=0.157
13:12:16 [INFO]   ✓ 50786079  n_px=73  rrs_8=0.00124  CHL_NN=0.157
13:12:17 [INFO]   ✓ 45848892  n_px=68  rrs_8=0.00123  CHL_NN=0.157
13:12:18 [INFO]   ✓ 68257389  n_px=67  rrs_8=0.00122  CHL_NN=0.157
13:12:20 [INFO]   ✓ 57659422  n_px=70  rrs_8=0.00122  CHL_NN=0.157
13:12:21 [INFO]   ✓ 32294651  n_px=71  rrs_8=0.00124  CHL_NN=0.157
13:12:22 [INFO]   ✓ 55968363  n_px=74  rrs_8=0.00122  CHL_NN=0.157
13:12:23 [INFO]   ✓ 19394123  n_px=91  rrs_8=0.12030  CHL_NN=0.709
13:12:24 [INFO]   ✓ 87144564  n_px=72  rrs_8=0.00121  CHL_NN=0.157
13:12:26 [INFO]   ✓ 14061934  n_px=66  rrs_8=0.00123  CHL_NN=0.157
13:12:27 [INFO]   ✓ 39041140  n_px=71  rrs_8=0.00124  CHL_NN=0.157
13:12:28 [INFO]   ✓ 40443040  n_px=73  rrs_8=0.00122  CHL_NN=0.157
13:12:29 [INFO]   ✓ 60301437  n_px=68  rrs_8=0.00124  CHL_NN=0.157
13:12:30 [INFO]   ✓ 57100331  n_px=66  rrs_8=0.00123  CHL_NN=0.157
13:12:31 [INFO]   ✓ 14761700  n_px=71  rrs_8=0.00122  CHL_NN=0.157
13:12:32 [INFO]   ✓ 53748904  n_px=69  rrs_8=0.00122  CHL_NN=0.157
13:12:33 [INFO]   ✓ 06624027  n_px=72  rrs_8=0.00122  CHL_NN=0.157
13:12:34 [INFO]   ✓ 90526443  n_px=75  rrs_8=0.00122  CHL_NN=0.157
13:12:35 [INFO]   ✓ 98442534  n_px=73  rrs_8=0.00122  CHL_NN=0.157
13:12:36 [INFO]   ✓ 25884381  n_px=74  rrs_8=0.00122  CHL_NN=0.157
13:12:37 [INFO]   ✓ 81972368  n_px=68  rrs_8=0.00124  CHL_NN=0.157
13:12:38 [INFO]   ✓ 42551264  n_px=70  rrs_8=0.00121  CHL_NN=0.157
13:12:39 [INFO]   ✓ 86842358  n_px=67  rrs_8=0.00124  CHL_NN=0.157
13:12:40 [INFO]   ✓ 37390326  n_px=67  rrs_8=0.00124  CHL_NN=0.157
13:12:41 [INFO]   ✓ 23244489  n_px=69  rrs_8=0.00124  CHL_NN=0.157
13:12:42 [INFO]   ✓ 24619304  n_px=71  rrs_8=0.00122  CHL_NN=0.157
13:12:43 [INFO]   ✓ 01079153  n_px=71  rrs_8=0.00122  CHL_NN=0.157
13:12:44 [INFO]   ✓ 32327139  n_px=69  rrs_8=0.00124  CHL_NN=0.157
13:12:46 [INFO]   ✓ 08511517  n_px=71  rrs_8=0.00124  CHL_NN=0.157
13:12:47 [INFO]   ✓ 09831970  n_px=72  rrs_8=0.00122  CHL_NN=0.157
13:12:48 [INFO]   ✓ 91157410  n_px=68  rrs_8=0.00122  CHL_NN=0.157
13:12:49 [INFO]   ✓ 15678197  n_px=71  rrs_8=0.00122  CHL_NN=0.157
13:12:50 [INFO]   ✓ 87932446  n_px=72  rrs_8=0.00122  CHL_NN=0.157
13:12:51 [INFO]   ✓ 40881189  n_px=71  rrs_8=0.00122  CHL_NN=0.157
13:12:52 [INFO]   ✓ 49860635  n_px=68  rrs_8=0.00122  CHL_NN=0.157
13:12:53 [INFO]   ✓ 26564853  n_px=73  rrs_8=0.00122  CHL_NN=0.157
13:12:54 [INFO]   ✓ 96706297  n_px=68  rrs_8=0.00122  CHL_NN=0.157
13:12:55 [INFO]   ✓ 15311499  n_px=73  rrs_8=0.00122  CHL_NN=0.157
13:12:56 [INFO]   ✓ 28069789  n_px=69  rrs_8=0.00122  CHL_NN=0.157
13:12:57 [INFO]   ✓ 79611689  n_px=72  rrs_8=0.00122  CHL_NN=0.157
13:12:58 [INFO]   ✓ 81497552  n_px=73  rrs_8=0.00122  CHL_NN=0.157
13:12:59 [INFO]   ✓ 53017958  n_px=68  rrs_8=0.00122  CHL_NN=0.157
13:13:00 [INFO]   ✓ 38086803  n_px=74  rrs_8=0.00122  CHL_NN=0.157
13:13:01 [INFO]   ✓ 60526978  n_px=69  rrs_8=0.00122  CHL_NN=0.157
13:13:01 [INFO] [20240709] 52 location(s)
13:13:03 [INFO]   ✓ 33742385  n_px=72  rrs_8=0.00122  CHL_NN=0.157
13:13:04 [INFO]   ✓ 09520460  n_px=71  rrs_8=0.00122  CHL_NN=0.157
13:13:05 [INFO]   ✓ 61710644  n_px=71  rrs_8=0.00122  CHL_NN=0.157
13:13:06 [INFO]   ✓ 95050370  n_px=68  rrs_8=0.00122  CHL_NN=0.157
13:13:07 [INFO]   ✓ 19573209  n_px=70  rrs_8=0.00122  CHL_NN=0.157
13:13:08 [INFO]   ✓ 38086803  n_px=70  rrs_8=0.00122  CHL_NN=0.157
13:13:10 [INFO]   ✓ 78608096  n_px=68  rrs_8=0.00122  CHL_NN=0.157
13:13:11 [INFO]   ✓ 78468199  n_px=71  rrs_8=0.00122  CHL_NN=0.157
13:13:12 [INFO]   ✓ 74079785  n_px=71  rrs_8=0.00122  CHL_NN=0.157
13:13:13 [INFO]   ✓ 00481718  n_px=67  rrs_8=0.00122  CHL_NN=0.157
13:13:14 [INFO]   ✓ 88802303  n_px=66  rrs_8=0.00122  CHL_NN=0.157
13:13:15 [INFO]   ✓ 47792597  n_px=71  rrs_8=0.00122  CHL_NN=0.157
13:13:16 [INFO]   ✓ 10539734  n_px=69  rrs_8=0.00122  CHL_NN=0.157
13:13:17 [INFO]   ✓ 72912258  n_px=73  rrs_8=0.00122  CHL_NN=0.157
13:13:18 [INFO]   ✓ 92209788  n_px=71  rrs_8=0.00122  CHL_NN=0.157
13:13:19 [INFO]   ✓ 11080484  n_px=69  rrs_8=0.00122  CHL_NN=0.157
13:13:20 [INFO]   ✓ 13778939  n_px=70  rrs_8=0.00122  CHL_NN=0.157
13:13:21 [INFO]   ✓ 89844937  n_px=71  rrs_8=0.00122  CHL_NN=0.157
13:13:23 [INFO]   ✓ 22939207  n_px=71  rrs_8=0.00122  CHL_NN=0.157
13:13:24 [INFO]   ✓ 89551213  n_px=73  rrs_8=0.00122  CHL_NN=0.157
13:13:25 [INFO]   ✓ 09663549  n_px=73  rrs_8=0.00122  CHL_NN=0.157
13:13:26 [INFO]   ✓ 47670303  n_px=72  rrs_8=0.00122  CHL_NN=0.157
13:13:27 [INFO]   ✓ 78039003  n_px=72  rrs_8=0.00122  CHL_NN=0.157
13:13:28 [INFO]   ✓ 05087260  n_px=71  rrs_8=0.00122  CHL_NN=0.157
13:13:29 [INFO]   ✓ 84271242  n_px=71  rrs_8=0.00122  CHL_NN=0.157
13:13:30 [INFO]   ✓ 09579123  n_px=70  rrs_8=0.00122  CHL_NN=0.157
13:13:31 [INFO]   ✓ 57371872  n_px=71  rrs_8=0.00122  CHL_NN=0.157
13:13:32 [INFO]   ✓ 29259007  n_px=71  rrs_8=0.00124  CHL_NN=0.157
13:13:33 [INFO]   ✓ 41509612  n_px=70  rrs_8=0.00122  CHL_NN=0.157
13:13:34 [INFO]   ✓ 04557458  n_px=70  rrs_8=0.00121  CHL_NN=0.157
13:13:35 [INFO]   ✓ 28214992  n_px=71  rrs_8=0.00122  CHL_NN=0.157
13:13:36 [INFO]   ✓ 64034399  n_px=70  rrs_8=0.00121  CHL_NN=0.157
13:13:37 [INFO]   ✓ 61222974  n_px=68  rrs_8=0.00121  CHL_NN=0.157
13:13:38 [INFO]   ✓ 43255271  n_px=71  rrs_8=0.00122  CHL_NN=0.157
13:13:39 [INFO]   ✓ 70863577  n_px=69  rrs_8=0.00120  CHL_NN=0.157
13:13:40 [INFO]   ✓ 59278108  n_px=69  rrs_8=0.00122  CHL_NN=0.157
13:13:41 [INFO]   ✓ 67476719  n_px=71  rrs_8=0.00122  CHL_NN=0.157
13:13:42 [INFO]   ✓ 68250346  n_px=71  rrs_8=0.00122  CHL_NN=0.157
13:13:43 [INFO]   ✓ 03027202  n_px=69  rrs_8=0.00120  CHL_NN=0.157
13:13:44 [INFO]   ✓ 77211513  n_px=69  rrs_8=0.00122  CHL_NN=0.157
13:13:45 [INFO]   ✓ 54595533  n_px=72  rrs_8=0.00122  CHL_NN=0.157
13:13:46 [INFO]   ✓ 45432471  n_px=70  rrs_8=0.00119  CHL_NN=0.157
13:13:47 [INFO]   ✓ 83021220  n_px=69  rrs_8=0.00122  CHL_NN=0.157
13:13:48 [INFO]   ✓ 17343422  n_px=69  rrs_8=0.00122  CHL_NN=0.157
13:13:49 [INFO]   ✓ 63711835  n_px=72  rrs_8=0.00123  CHL_NN=0.157
13:13:50 [INFO]   ✓ 83479283  n_px=71  rrs_8=0.00122  CHL_NN=0.157
13:13:51 [INFO]   ✓ 97883339  n_px=64  rrs_8=0.00122  CHL_NN=0.157
13:13:52 [INFO]   ✓ 80008313  n_px=68  rrs_8=0.00123  CHL_NN=0.157
13:13:53 [INFO]   ✓ 49486152  n_px=67  rrs_8=0.00122  CHL_NN=0.157
13:13:54 [INFO]   ✓ 19394123  n_px=91  rrs_8=0.12030  CHL_NN=0.709
13:13:55 [INFO]   ✓ 20981232  n_px=70  rrs_8=0.00119  CHL_NN=0.157
13:13:56 [INFO]   ✓ 02178247  n_px=69  rrs_8=0.00120  CHL_NN=0.157
13:13:56 [INFO] [20240710] 54 location(s)
13:13:58 [INFO]   ✓ 25884381  n_px=68  rrs_8=0.00119  CHL_NN=0.157
13:13:59 [INFO]   ✓ 81497552  n_px=73  rrs_8=0.00122  CHL_NN=0.157
13:14:00 [INFO]   ✓ 88458657  n_px=66  rrs_8=0.00122  CHL_NN=0.157
13:14:01 [INFO]   ✓ 32800046  n_px=71  rrs_8=0.00122  CHL_NN=0.157
13:14:02 [INFO]   ✓ 44149437  n_px=67  rrs_8=0.00122  CHL_NN=0.157
13:14:03 [INFO]   ✓ 53290968  n_px=74  rrs_8=0.00122  CHL_NN=0.157
13:14:04 [INFO]   ✓ 89844937  n_px=72  rrs_8=0.00122  CHL_NN=0.157
13:14:05 [INFO]   ✓ 23206726  n_px=68  rrs_8=0.00121  CHL_NN=0.157
13:14:06 [INFO]   ✓ 56214994  n_px=68  rrs_8=0.00119  CHL_NN=0.157
13:14:07 [INFO]   ✓ 97883339  n_px=64  rrs_8=0.00122  CHL_NN=0.157
13:14:08 [INFO]   ✓ 83986296  n_px=66  rrs_8=0.00122  CHL_NN=0.157
13:14:09 [INFO]   ✓ 61710644  n_px=70  rrs_8=0.00121  CHL_NN=0.157
13:14:10 [INFO]   ✓ 50568353  n_px=70  rrs_8=0.00121  CHL_NN=0.157
13:14:11 [INFO]   ✓ 50608900  n_px=72  rrs_8=0.00122  CHL_NN=0.157
13:14:12 [INFO]   ✓ 07005312  n_px=71  rrs_8=0.00122  CHL_NN=0.157
13:14:13 [INFO]   ✓ 80068133  n_px=70  rrs_8=0.00122  CHL_NN=0.157
13:14:14 [INFO]   ✓ 85336082  n_px=72  rrs_8=0.00122  CHL_NN=0.157
13:14:15 [INFO]   ✓ 62806110  n_px=69  rrs_8=0.00120  CHL_NN=0.157
13:14:16 [INFO]   ✓ 63767625  n_px=68  rrs_8=0.00122  CHL_NN=0.157
13:14:17 [INFO]   ✓ 92710296  n_px=66  rrs_8=0.00121  CHL_NN=0.157
13:14:18 [INFO]   ✓ 14574551  n_px=68  rrs_8=0.00122  CHL_NN=0.157
13:14:20 [INFO]   ✓ 35631319  n_px=72  rrs_8=0.00122  CHL_NN=0.157
13:14:21 [INFO]   ✓ 63132966  n_px=70  rrs_8=0.00122  CHL_NN=0.157
13:14:22 [INFO]   ✓ 05087260  n_px=71  rrs_8=0.00122  CHL_NN=0.157
13:14:23 [INFO]   ✓ 22939207  n_px=72  rrs_8=0.00122  CHL_NN=0.157
13:14:24 [INFO]   ✓ 47792597  n_px=71  rrs_8=0.00122  CHL_NN=0.157
13:14:25 [INFO]   ✓ 13171696  n_px=71  rrs_8=0.00122  CHL_NN=0.157
13:14:26 [INFO]   ✓ 88818145  n_px=67  rrs_8=0.00122  CHL_NN=0.157
13:14:27 [INFO]   ✓ 02226523  n_px=67  rrs_8=0.00122  CHL_NN=0.157
13:14:28 [INFO]   ✓ 24138382  n_px=72  rrs_8=0.00121  CHL_NN=0.157
13:14:29 [INFO]   ✓ 31776501  n_px=72  rrs_8=0.00122  CHL_NN=0.157
13:14:30 [INFO]   ✓ 48617135  n_px=70  rrs_8=0.00122  CHL_NN=0.157
13:14:31 [INFO]   ✓ 40522863  n_px=70  rrs_8=0.00122  CHL_NN=0.157
13:14:32 [INFO]   ✓ 25782761  n_px=73  rrs_8=0.00122  CHL_NN=0.157
13:14:33 [INFO]   ✓ 19394123  n_px=90  rrs_8=0.12062  CHL_NN=0.661
13:14:34 [INFO]   ✓ 45185490  n_px=70  rrs_8=0.00122  CHL_NN=0.157
13:14:35 [INFO]   ✓ 15165547  n_px=68  rrs_8=0.00121  CHL_NN=0.157
13:14:36 [INFO]   ✓ 07817076  n_px=71  rrs_8=0.00122  CHL_NN=0.157
13:14:37 [INFO]   ✓ 18564518  n_px=64  rrs_8=0.00122  CHL_NN=0.157
13:14:38 [INFO]   ✓ 67586511  n_px=70  rrs_8=0.00122  CHL_NN=0.157
13:14:39 [INFO]   ✓ 40640594  n_px=67  rrs_8=0.00122  CHL_NN=0.157
13:14:40 [INFO]   ✓ 38086803  n_px=70  rrs_8=0.00122  CHL_NN=0.157
13:14:41 [INFO]   ✓ 33691371  n_px=70  rrs_8=0.00121  CHL_NN=0.157
13:14:42 [INFO]   ✓ 58306010  n_px=73  rrs_8=0.00122  CHL_NN=0.157
13:14:43 [INFO]   ✓ 77555462  n_px=65  rrs_8=0.00122  CHL_NN=0.157
13:14:44 [INFO]   ✓ 83021220  n_px=70  rrs_8=0.00121  CHL_NN=0.157
13:14:45 [INFO]   ✓ 70863577  n_px=69  rrs_8=0.00122  CHL_NN=0.157
13:14:46 [INFO]   ✓ 04301113  n_px=69  rrs_8=0.00122  CHL_NN=0.157
13:14:47 [INFO]   ✓ 20981232  n_px=70  rrs_8=0.00119  CHL_NN=0.157
13:14:48 [INFO]   ✓ 25798021  n_px=69  rrs_8=0.00120  CHL_NN=0.157
13:14:48 [INFO]   ✓ 78417154  n_px=72  rrs_8=0.00122  CHL_NN=0.157
13:14:49 [INFO]   ✓ 40881189  n_px=70  rrs_8=0.00121  CHL_NN=0.157
13:14:50 [INFO]   ✓ 70109122  n_px=66  rrs_8=0.00122  CHL_NN=0.157
13:14:51 [INFO]   ✓ 78039003  n_px=72  rrs_8=0.00122  CHL_NN=0.157
13:14:51 [INFO] [20240711] 52 location(s)
13:14:52 [INFO]   ✓ 66745537  n_px=88  rrs_8=0.00161  CHL_NN=0.157
13:14:53 [INFO]   ✓ 25237007  n_px=82  rrs_8=0.00162  CHL_NN=0.157
13:14:54 [INFO]   ✓ 09663549  n_px=91  rrs_8=0.00162  CHL_NN=0.157
13:14:55 [INFO]   ✓ 40522863  n_px=84  rrs_8=0.00164  CHL_NN=0.157
13:14:56 [INFO]   ✓ 09579123  n_px=86  rrs_8=0.00158  CHL_NN=0.157
13:14:57 [INFO]   ✓ 66098241  n_px=84  rrs_8=0.00161  CHL_NN=0.157
13:14:58 [INFO]   ✓ 70863577  n_px=84  rrs_8=0.00161  CHL_NN=0.157
13:14:59 [INFO]   ✓ 75233607  n_px=86  rrs_8=0.00153  CHL_NN=0.157
13:15:00 [INFO]   ✓ 50113986  n_px=86  rrs_8=0.00161  CHL_NN=0.157
13:15:01 [INFO]   ✓ 03244567  n_px=86  rrs_8=0.00158  CHL_NN=0.157
13:15:02 [INFO]   ✓ 82577852  n_px=86  rrs_8=0.00175  CHL_NN=0.157
13:15:03 [INFO]   ✓ 63711835  n_px=88  rrs_8=0.00158  CHL_NN=0.157
13:15:04 [INFO]   ✓ 85227556  n_px=85  rrs_8=0.00166  CHL_NN=0.157
13:15:05 [INFO]   ✓ 25782761  n_px=87  rrs_8=0.00161  CHL_NN=0.157
13:15:06 [INFO]   ✓ 32208297  n_px=88  rrs_8=0.00160  CHL_NN=0.157
13:15:07 [INFO]   ✓ 84999800  n_px=84  rrs_8=0.00161  CHL_NN=0.157
13:15:08 [INFO]   ✓ 98442534  n_px=84  rrs_8=0.00161  CHL_NN=0.157
13:15:09 [INFO]   ✓ 84778790  n_px=85  rrs_8=0.00184  CHL_NN=0.157
13:15:10 [INFO]   ✓ 02226523  n_px=84  rrs_8=0.00175  CHL_NN=0.157
13:15:11 [INFO]   ✓ 83479283  n_px=86  rrs_8=0.00160  CHL_NN=0.157
13:15:12 [INFO]   ✓ 37001772  n_px=85  rrs_8=0.00184  CHL_NN=0.157
13:15:13 [INFO]   ✓ 81974177  n_px=86  rrs_8=0.00161  CHL_NN=0.157
13:15:14 [INFO]   ✓ 87785585  n_px=86  rrs_8=0.00161  CHL_NN=0.157
13:15:15 [INFO]   ✓ 72177710  n_px=88  rrs_8=0.00160  CHL_NN=0.157
13:15:16 [INFO]   ✓ 08640440  n_px=85  rrs_8=0.00162  CHL_NN=0.157
13:15:17 [INFO]   ✓ 40640594  n_px=84  rrs_8=0.00161  CHL_NN=0.157
13:15:18 [INFO]   ✓ 98937612  n_px=82  rrs_8=0.00164  CHL_NN=0.157
13:15:20 [INFO]   ✓ 73737071  n_px=84  rrs_8=0.00194  CHL_NN=0.157
13:15:21 [INFO]   ✓ 06281911  n_px=86  rrs_8=0.00158  CHL_NN=0.157
13:15:22 [INFO]   ✓ 69512252  n_px=81  rrs_8=0.00162  CHL_NN=0.157
13:15:23 [INFO]   ✓ 01493146  n_px=83  rrs_8=0.00162  CHL_NN=0.157
13:15:24 [INFO]   ✓ 13171696  n_px=87  rrs_8=0.00161  CHL_NN=0.157
13:15:26 [INFO]   ✓ 75654579  n_px=82  rrs_8=0.00160  CHL_NN=0.157
13:15:27 [INFO]   ✓ 68250346  n_px=83  rrs_8=0.00159  CHL_NN=0.157
13:15:28 [INFO]   ✓ 54528046  n_px=88  rrs_8=0.00158  CHL_NN=0.157
13:15:29 [INFO]   ✓ 01239342  n_px=83  rrs_8=0.00162  CHL_NN=0.157
13:15:30 [INFO]   ✓ 62000135  n_px=84  rrs_8=0.00164  CHL_NN=0.157
13:15:32 [INFO]   ✓ 21893181  n_px=83  rrs_8=0.00161  CHL_NN=0.157
13:15:33 [INFO]   ✓ 69174327  n_px=85  rrs_8=0.00161  CHL_NN=0.157
13:15:34 [INFO]   ✓ 32327139  n_px=88  rrs_8=0.00160  CHL_NN=0.157
13:15:35 [INFO]   ✓ 07817076  n_px=85  rrs_8=0.00162  CHL_NN=0.157
13:15:37 [INFO]   ✓ 89844937  n_px=88  rrs_8=0.00161  CHL_NN=0.157
13:15:38 [INFO]   ✓ 85336082  n_px=88  rrs_8=0.00163  CHL_NN=0.157
13:15:39 [INFO]   ✓ 79982667  n_px=88  rrs_8=0.00164  CHL_NN=0.157
13:15:40 [INFO]   ✓ 19394123  n_px=90  rrs_8=0.12062  CHL_NN=0.661
13:15:41 [INFO]   ✓ 06308596  n_px=87  rrs_8=0.00161  CHL_NN=0.157
13:15:42 [INFO]   ✓ 64034399  n_px=83  rrs_8=0.00161  CHL_NN=0.157
13:15:44 [INFO]   ✓ 48668368  n_px=84  rrs_8=0.00160  CHL_NN=0.157
13:15:45 [INFO]   ✓ 88242503  n_px=83  rrs_8=0.00162  CHL_NN=0.157
13:15:46 [INFO]   ✓ 98295819  n_px=84  rrs_8=0.00175  CHL_NN=0.157
13:15:47 [INFO]   ✓ 48617135  n_px=84  rrs_8=0.00161  CHL_NN=0.157
13:15:48 [INFO]   ✓ 73865445  n_px=92  rrs_8=0.00161  CHL_NN=0.157
13:15:48 [INFO] [20240712] 34 location(s)
13:15:51 [INFO]   ✓ 36931907  n_px=89  rrs_8=0.00153  CHL_NN=0.157
13:15:52 [INFO]   ✓ 36612122  n_px=82  rrs_8=0.00168  CHL_NN=0.157
13:15:53 [INFO]   ✓ 99035364  n_px=84  rrs_8=0.00168  CHL_NN=0.157
13:15:54 [INFO]   ✓ 62806110  n_px=84  rrs_8=0.00168  CHL_NN=0.157
13:15:56 [INFO]   ✓ 55968363  n_px=84  rrs_8=0.00160  CHL_NN=0.157
13:15:57 [INFO]   ✓ 89551213  n_px=85  rrs_8=0.00181  CHL_NN=0.157
13:15:58 [INFO]   ✓ 56214994  n_px=86  rrs_8=0.00175  CHL_NN=0.157
13:15:59 [INFO]   ✓ 13171696  n_px=85  rrs_8=0.00181  CHL_NN=0.157
13:16:00 [INFO]   ✓ 25884381  n_px=86  rrs_8=0.00164  CHL_NN=0.157
13:16:01 [INFO]   ✓ 01239342  n_px=83  rrs_8=0.00166  CHL_NN=0.157
13:16:02 [INFO]   ✓ 23206726  n_px=83  rrs_8=0.00170  CHL_NN=0.157
13:16:03 [INFO]   ✓ 56278202  n_px=85  rrs_8=0.00170  CHL_NN=0.157
13:16:05 [INFO]   ✓ 14761700  n_px=84  rrs_8=0.00175  CHL_NN=0.157
13:16:06 [INFO]   ✓ 19394123  n_px=86  rrs_8=0.00439  CHL_NN=0.378
13:16:07 [INFO]   ✓ 01493146  n_px=85  rrs_8=0.00181  CHL_NN=0.157
13:16:08 [INFO]   ✓ 66744449  n_px=90  rrs_8=0.00164  CHL_NN=0.157
13:16:09 [INFO]   ✓ 94363519  n_px=87  rrs_8=0.00181  CHL_NN=0.157
13:16:10 [INFO]   ✓ 34818868  n_px=90  rrs_8=0.00155  CHL_NN=0.157
13:16:11 [INFO]   ✓ 78452224  n_px=87  rrs_8=0.00162  CHL_NN=0.157
13:16:12 [INFO]   ✓ 44799617  n_px=91  rrs_8=0.00166  CHL_NN=0.157
13:16:13 [INFO]   ✓ 45432471  n_px=86  rrs_8=0.00168  CHL_NN=0.157
13:16:14 [INFO]   ✓ 45536625  n_px=87  rrs_8=0.00184  CHL_NN=0.157
13:16:16 [INFO]   ✓ 11611974  n_px=93  rrs_8=0.00161  CHL_NN=0.157
13:16:16 [INFO]   ✓ 16612597  n_px=83  rrs_8=0.00170  CHL_NN=0.157
13:16:17 [INFO]   ✓ 11491028  n_px=90  rrs_8=0.00158  CHL_NN=0.157
13:16:18 [INFO]   ✓ 67984296  n_px=83  rrs_8=0.00166  CHL_NN=0.157
13:16:20 [INFO]   ✓ 03657004  n_px=92  rrs_8=0.00161  CHL_NN=0.157
13:16:21 [INFO]   ✓ 21172364  n_px=83  rrs_8=0.00166  CHL_NN=0.157
13:16:22 [INFO]   ✓ 55322045  n_px=89  rrs_8=0.00170  CHL_NN=0.157
13:16:23 [INFO]   ✓ 79133882  n_px=91  rrs_8=0.00153  CHL_NN=0.157
13:16:24 [INFO]   ✓ 49905281  n_px=87  rrs_8=0.00157  CHL_NN=0.157
13:16:25 [INFO]   ✓ 08640440  n_px=87  rrs_8=0.00170  CHL_NN=0.157
13:16:26 [INFO]   ✓ 88219729  n_px=83  rrs_8=0.00170  CHL_NN=0.157
13:16:27 [INFO]   ✓ 78608096  n_px=90  rrs_8=0.00168  CHL_NN=0.157
13:16:27 [INFO] [20240713] 1 location(s)
13:16:29 [INFO]   ✓ 19394123  n_px=86  rrs_8=0.00439  CHL_NN=0.378
13:16:29 [INFO] [20240714] 52 location(s)
13:16:30 [INFO]   ✓ 03657004  n_px=91  rrs_8=0.00157  CHL_NN=0.157
13:16:31 [INFO]   ✓ 32294651  n_px=85  rrs_8=0.00166  CHL_NN=0.157
13:16:33 [INFO]   ✓ 32288482  n_px=87  rrs_8=0.00166  CHL_NN=0.157
13:16:34 [INFO]   ✓ 16615589  n_px=85  rrs_8=0.00151  CHL_NN=0.157
13:16:35 [INFO]   ✓ 85589515  n_px=89  rrs_8=0.00153  CHL_NN=0.157
13:16:36 [INFO]   ✓ 70863577  n_px=86  rrs_8=0.00168  CHL_NN=0.157
13:16:37 [INFO]   ✓ 16767113  n_px=88  rrs_8=0.00175  CHL_NN=0.157
13:16:39 [INFO]   ✓ 06955914  n_px=85  rrs_8=0.00157  CHL_NN=0.157
13:16:40 [INFO]   ✓ 08608796  n_px=89  rrs_8=0.00170  CHL_NN=0.157
13:16:41 [INFO]   ✓ 59915643  n_px=91  rrs_8=0.00151  CHL_NN=0.157
13:16:42 [INFO]   ✓ 31394990  n_px=92  rrs_8=0.00160  CHL_NN=0.157
13:16:44 [INFO]   ✓ 13477573  n_px=86  rrs_8=0.00158  CHL_NN=0.157
13:16:45 [INFO]   ✓ 82120406  n_px=87  rrs_8=0.00166  CHL_NN=0.157
13:16:46 [INFO]   ✓ 15311499  n_px=81  rrs_8=0.00181  CHL_NN=0.157
13:16:47 [INFO]   ✓ 85336082  n_px=86  rrs_8=0.00183  CHL_NN=0.157
13:16:48 [INFO]   ✓ 46247717  n_px=88  rrs_8=0.00155  CHL_NN=0.157
13:16:49 [INFO]   ✓ 84778790  n_px=84  rrs_8=0.00175  CHL_NN=0.157
13:16:50 [INFO]   ✓ 94495678  n_px=83  rrs_8=0.00170  CHL_NN=0.157
13:16:51 [INFO]   ✓ 34107630  n_px=86  rrs_8=0.00152  CHL_NN=0.157
13:16:52 [INFO]   ✓ 34065571  n_px=90  rrs_8=0.00155  CHL_NN=0.157
13:16:53 [INFO]   ✓ 66745537  n_px=89  rrs_8=0.00170  CHL_NN=0.157
13:16:54 [INFO]   ✓ 25782761  n_px=86  rrs_8=0.00175  CHL_NN=0.157
13:16:55 [INFO]   ✓ 61222974  n_px=86  rrs_8=0.00175  CHL_NN=0.157
13:16:56 [INFO]   ✓ 04847725  n_px=90  rrs_8=0.00158  CHL_NN=0.157
13:16:57 [INFO]   ✓ 52793320  n_px=87  rrs_8=0.00170  CHL_NN=0.157
13:16:58 [INFO]   ✓ 86947733  n_px=86  rrs_8=0.00168  CHL_NN=0.157
13:16:59 [INFO]   ✓ 72705490  n_px=84  rrs_8=0.00164  CHL_NN=0.157
13:17:00 [INFO]   ✓ 87785585  n_px=81  rrs_8=0.00181  CHL_NN=0.157
13:17:01 [INFO]   ✓ 19914100  n_px=86  rrs_8=0.00158  CHL_NN=0.157
13:17:02 [INFO]   ✓ 49764668  n_px=91  rrs_8=0.00162  CHL_NN=0.157
13:17:04 [INFO]   ✓ 29753371  n_px=87  rrs_8=0.00166  CHL_NN=0.157
13:17:05 [INFO]   ✓ 39827652  n_px=85  rrs_8=0.00181  CHL_NN=0.157
13:17:06 [INFO]   ✓ 09635708  n_px=91  rrs_8=0.00151  CHL_NN=0.157
13:17:07 [INFO]   ✓ 72912258  n_px=89  rrs_8=0.00181  CHL_NN=0.157
13:17:08 [INFO]   ✓ 28069789  n_px=87  rrs_8=0.00170  CHL_NN=0.157
13:17:09 [INFO]   ✓ 87396398  n_px=87  rrs_8=0.00166  CHL_NN=0.157
13:17:10 [INFO]   ✓ 56214994  n_px=84  rrs_8=0.00175  CHL_NN=0.157
13:17:11 [INFO]   ✓ 98854975  n_px=89  rrs_8=0.00162  CHL_NN=0.157
13:17:12 [INFO]   ✓ 42551264  n_px=85  rrs_8=0.00170  CHL_NN=0.157
13:17:14 [INFO]   ✓ 17775810  n_px=90  rrs_8=0.00160  CHL_NN=0.157
13:17:14 [INFO]   ✓ 38086803  n_px=83  rrs_8=0.00170  CHL_NN=0.157
13:17:15 [INFO]   ✓ 96987406  n_px=90  rrs_8=0.00173  CHL_NN=0.157
13:17:16 [INFO]   ✓ 50299682  n_px=83  rrs_8=0.00166  CHL_NN=0.157
13:17:17 [INFO]   ✓ 07817076  n_px=85  rrs_8=0.00170  CHL_NN=0.157
13:17:19 [INFO]   ✓ 19394123  n_px=93  rrs_8=0.00419  CHL_NN=0.331
13:17:20 [INFO]   ✓ 23206726  n_px=85  rrs_8=0.00170  CHL_NN=0.157
13:17:21 [INFO]   ✓ 54528046  n_px=83  rrs_8=0.00170  CHL_NN=0.157
13:17:22 [INFO]   ✓ 63132966  n_px=85  rrs_8=0.00170  CHL_NN=0.157
13:17:23 [INFO]   ✓ 32889773  n_px=91  rrs_8=0.00157  CHL_NN=0.157
13:17:24 [INFO]   ✓ 98442534  n_px=84  rrs_8=0.00168  CHL_NN=0.157
13:17:25 [INFO]   ✓ 00481718  n_px=87  rrs_8=0.00170  CHL_NN=0.157
13:17:26 [INFO]   ✓ 88818145  n_px=85  rrs_8=0.00170  CHL_NN=0.157
13:17:26 [INFO] [20240715] 47 location(s)
13:17:27 [INFO]   ✓ 46256149  n_px=66  rrs_8=0.00130  CHL_NN=0.157
13:17:28 [INFO]   ✓ 09164296  n_px=70  rrs_8=0.00131  CHL_NN=0.157
13:17:29 [INFO]   ✓ 32327139  n_px=68  rrs_8=0.00131  CHL_NN=0.157
13:17:30 [INFO]   ✓ 98295819  n_px=67  rrs_8=0.00129  CHL_NN=0.157
13:17:31 [INFO]   ✓ 15990260  n_px=66  rrs_8=0.00128  CHL_NN=0.157
13:17:32 [INFO]   ✓ 74333451  n_px=69  rrs_8=0.00131  CHL_NN=0.157
13:17:33 [INFO]   ✓ 09579123  n_px=66  rrs_8=0.00128  CHL_NN=0.157
13:17:34 [INFO]   ✓ 23680241  n_px=64  rrs_8=0.00128  CHL_NN=0.157
13:17:35 [INFO]   ✓ 67283962  n_px=66  rrs_8=0.00129  CHL_NN=0.157
13:17:36 [INFO]   ✓ 04130093  n_px=67  rrs_8=0.00129  CHL_NN=0.157
13:17:37 [INFO]   ✓ 82577852  n_px=67  rrs_8=0.00131  CHL_NN=0.157
13:17:38 [INFO]   ✓ 50498744  n_px=66  rrs_8=0.00131  CHL_NN=0.173
13:17:39 [INFO]   ✓ 84778790  n_px=61  rrs_8=0.00129  CHL_NN=0.157
13:17:40 [INFO]   ✓ 48434989  n_px=68  rrs_8=0.00128  CHL_NN=0.157
13:17:41 [INFO]   ✓ 77274545  n_px=66  rrs_8=0.00130  CHL_NN=0.157
13:17:42 [INFO]   ✓ 69354849  n_px=69  rrs_8=0.00131  CHL_NN=0.157
13:17:43 [INFO]   ✓ 55322045  n_px=65  rrs_8=0.00129  CHL_NN=0.157
13:17:44 [INFO]   ✓ 22939207  n_px=64  rrs_8=0.00131  CHL_NN=0.157
13:17:45 [INFO]   ✓ 42551264  n_px=64  rrs_8=0.00131  CHL_NN=0.157
13:17:45 [INFO]   ✓ 16844061  n_px=67  rrs_8=0.00129  CHL_NN=0.157
13:17:46 [INFO]   ✓ 94363519  n_px=66  rrs_8=0.00129  CHL_NN=0.157
13:17:47 [INFO]   ✓ 08016966  n_px=70  rrs_8=0.00131  CHL_NN=0.157
13:17:48 [INFO]   ✓ 30967900  n_px=66  rrs_8=0.00131  CHL_NN=0.173
13:17:49 [INFO]   ✓ 89001880  n_px=65  rrs_8=0.00131  CHL_NN=0.157
13:17:51 [INFO]   ✓ 96375118  n_px=65  rrs_8=0.00131  CHL_NN=0.157
13:17:52 [INFO]   ✓ 32801179  n_px=66  rrs_8=0.00129  CHL_NN=0.157
13:17:53 [INFO]   ✓ 07817076  n_px=64  rrs_8=0.00131  CHL_NN=0.157
13:17:54 [INFO]   ✓ 27060230  n_px=69  rrs_8=0.00131  CHL_NN=0.157
13:17:56 [INFO]   ✓ 19394123  n_px=93  rrs_8=0.00419  CHL_NN=0.331
13:17:57 [INFO]   ✓ 83639410  n_px=65  rrs_8=0.00131  CHL_NN=0.157
13:17:58 [INFO]   ✓ 27264198  n_px=68  rrs_8=0.00130  CHL_NN=0.157
13:17:59 [INFO]   ✓ 64034399  n_px=67  rrs_8=0.00131  CHL_NN=0.157
13:18:00 [INFO]   ✓ 48786469  n_px=69  rrs_8=0.00131  CHL_NN=0.157
13:18:01 [INFO]   ✓ 39041140  n_px=65  rrs_8=0.00129  CHL_NN=0.157
13:18:02 [INFO]   ✓ 87014929  n_px=65  rrs_8=0.00129  CHL_NN=0.157
13:18:03 [INFO]   ✓ 45536625  n_px=68  rrs_8=0.00131  CHL_NN=0.157
13:18:04 [INFO]   ✓ 57331895  n_px=66  rrs_8=0.00128  CHL_NN=0.157
13:18:05 [INFO]   ✓ 53250916  n_px=66  rrs_8=0.00128  CHL_NN=0.157
13:18:06 [INFO]   ✓ 98442534  n_px=64  rrs_8=0.00131  CHL_NN=0.157
13:18:07 [INFO]   ✓ 10595598  n_px=66  rrs_8=0.00129  CHL_NN=0.157
13:18:08 [INFO]   ✓ 38086803  n_px=64  rrs_8=0.00131  CHL_NN=0.157
13:18:09 [INFO]   ✓ 42570496  n_px=66  rrs_8=0.00131  CHL_NN=0.157
13:18:10 [INFO]   ✓ 37765329  n_px=68  rrs_8=0.00131  CHL_NN=0.157
13:18:11 [INFO]   ✓ 28069789  n_px=65  rrs_8=0.00129  CHL_NN=0.157
13:18:12 [INFO]   ✓ 06308596  n_px=65  rrs_8=0.00129  CHL_NN=0.157
13:18:13 [INFO]   ✓ 16767113  n_px=65  rrs_8=0.00131  CHL_NN=0.157
13:18:14 [INFO]   ✓ 73468803  n_px=70  rrs_8=0.00131  CHL_NN=0.157
13:18:14 [INFO] [20240716] 29 location(s)
13:18:16 [INFO]   ✓ 90979066  n_px=117  rrs_8=0.13438  CHL_NN=0.142
13:18:17 [INFO]   ✓ 40007935  n_px=111  rrs_8=0.13465  CHL_NN=0.157
13:18:18 [INFO]   ✓ 87766399  n_px=116  rrs_8=0.13424  CHL_NN=0.142
13:18:19 [INFO]   ✓ 89551213  n_px=116  rrs_8=0.13453  CHL_NN=0.142
13:18:20 [INFO]   ✓ 41526484  n_px=115  rrs_8=0.13465  CHL_NN=0.142
13:18:21 [INFO]   ✓ 63656753  n_px=117  rrs_8=0.13438  CHL_NN=0.142
13:18:22 [INFO]   ✓ 81614492  n_px=119  rrs_8=0.13440  CHL_NN=0.142
13:18:24 [INFO]   ✓ 17343422  n_px=113  rrs_8=0.13465  CHL_NN=0.142
13:18:25 [INFO]   ✓ 14412894  n_px=112  rrs_8=0.13439  CHL_NN=0.142
13:18:26 [INFO]   ✓ 09579123  n_px=115  rrs_8=0.13427  CHL_NN=0.142
13:18:28 [INFO]   ✓ 89844937  n_px=115  rrs_8=0.13438  CHL_NN=0.142
13:18:29 [INFO]   ✓ 90986617  n_px=116  rrs_8=0.13433  CHL_NN=0.142
13:18:30 [INFO]   ✓ 41087188  n_px=113  rrs_8=0.13465  CHL_NN=0.142
13:18:31 [INFO]   ✓ 92709319  n_px=116  rrs_8=0.13419  CHL_NN=0.142
13:18:32 [INFO]   ✓ 98442534  n_px=114  rrs_8=0.13453  CHL_NN=0.142
13:18:33 [INFO]   ✓ 62806110  n_px=114  rrs_8=0.13453  CHL_NN=0.142
13:18:35 [INFO]   ✓ 90553627  n_px=115  rrs_8=0.13427  CHL_NN=0.142
13:18:36 [INFO]   ✓ 19394123  n_px=33  rrs_8=0.00274  CHL_NN=0.157
13:18:38 [INFO]   ✓ 94495678  n_px=117  rrs_8=0.13438  CHL_NN=0.142
13:18:39 [INFO]   ✓ 89968122  n_px=118  rrs_8=0.13480  CHL_NN=0.142
13:18:40 [INFO]   ✓ 88656958  n_px=120  rrs_8=0.13439  CHL_NN=0.142
13:18:41 [INFO]   ✓ 90124765  n_px=116  rrs_8=0.13521  CHL_NN=0.142
13:18:42 [INFO]   ✓ 37200766  n_px=115  rrs_8=0.13465  CHL_NN=0.142
13:18:43 [INFO]   ✓ 33911539  n_px=115  rrs_8=0.13429  CHL_NN=0.142
13:18:44 [INFO]   ✓ 22033820  n_px=116  rrs_8=0.13408  CHL_NN=0.142
13:18:45 [INFO]   ✓ 01493146  n_px=114  rrs_8=0.13439  CHL_NN=0.142
13:18:47 [INFO]   ✓ 04130093  n_px=115  rrs_8=0.13429  CHL_NN=0.142
13:18:48 [INFO]   ✓ 98295819  n_px=114  rrs_8=0.13433  CHL_NN=0.142
13:18:49 [INFO]   ✓ 53250916  n_px=114  rrs_8=0.13439  CHL_NN=0.142
13:18:49 [INFO] [20240717] 1 location(s)
13:18:50 [INFO]   ✓ 19394123  n_px=49  rrs_8=0.00274  CHL_NN=0.173
13:18:50 [INFO] [20240718] 1 location(s)
13:18:51 [INFO]   ✓ 19394123  n_px=41  rrs_8=0.00263  CHL_NN=0.173
13:18:51 [INFO] [20240719] 1 location(s)
13:18:53 [INFO]   ✓ 19394123  n_px=41  rrs_8=0.00263  CHL_NN=0.173
13:18:53 [INFO] [20240720] 1 location(s)
13:18:55 [INFO]   ✓ 19394123  n_px=36  rrs_8=0.00248  CHL_NN=0.173
13:18:55 [INFO] === 100/449 dates | 985 records | match=99.1% | 0.09 dates/s | ETA ~67m39s ===
13:18:55 [INFO] Checkpoint → datasets/GULF_OF_MAINE/processed_data/sentinel_3_L2_past3days/bac_features2/sh_s3_features_checkpoint.parquet
13:18:55 [INFO] [20240721] 1 location(s)
13:18:56 [INFO]   ✓ 19394123  n_px=52  rrs_8=0.00200  CHL_NN=0.173
13:18:56 [INFO] [20240722] 1 location(s)
13:18:58 [INFO]   ✓ 19394123  n_px=36  rrs_8=0.00177  CHL_NN=0.315
13:18:58 [INFO] [20240723] 1 location(s)
13:18:59 [INFO]   ✓ 19394123  n_px=36  rrs_8=0.00177  CHL_NN=0.299
13:18:59 [INFO] [20240724] 1 location(s)
13:19:01 [INFO]   ✓ 19394123  n_px=36  rrs_8=0.00177  CHL_NN=0.299
13:19:01 [INFO] [20240725] 1 location(s)
13:19:03 [INFO]   ✓ 19394123  n_px=0  rrs_8=nan  CHL_NN=0.315
13:19:03 [INFO] [20240726] 1 location(s)
13:19:04 [INFO]   ✓ 19394123  n_px=8  rrs_8=0.00150  CHL_NN=0.457
13:19:04 [INFO] [20240727] 1 location(s)
13:19:06 [INFO]   ✓ 19394123  n_px=23  rrs_8=0.00201  CHL_NN=0.441
13:19:06 [INFO] [20240728] 1 location(s)
13:19:08 [INFO]   ✓ 19394123  n_px=23  rrs_8=0.00201  CHL_NN=0.441
13:19:08 [INFO] [20240729] 21 location(s)
13:19:10 [INFO]   ✓ 30645183  n_px=90  rrs_8=0.00151  CHL_NN=0.063
13:19:11 [INFO]   ✓ 95332693  n_px=88  rrs_8=0.00138  CHL_NN=0.063
13:19:12 [INFO]   ✓ 92709319  n_px=87  rrs_8=0.00148  CHL_NN=0.063
13:19:13 [INFO]   ✓ 62925330  n_px=92  rrs_8=0.00140  CHL_NN=0.063
13:19:15 [INFO]   ✓ 04557458  n_px=92  rrs_8=0.00143  CHL_NN=0.063
13:19:16 [INFO]   ✓ 34971947  n_px=88  rrs_8=0.00148  CHL_NN=0.063
13:19:18 [INFO]   ✓ 14795606  n_px=97  rrs_8=0.00139  CHL_NN=0.063
13:19:20 [INFO]   ✓ 48738190  n_px=91  rrs_8=0.00148  CHL_NN=0.063
13:19:22 [INFO]   ✓ 56093552  n_px=93  rrs_8=0.00148  CHL_NN=0.063
13:19:23 [INFO]   ✓ 30572244  n_px=88  rrs_8=0.00150  CHL_NN=0.063
13:19:24 [INFO]   ✓ 19394123  n_px=32  rrs_8=0.00306  CHL_NN=0.457
13:19:26 [INFO]   ✓ 46758216  n_px=89  rrs_8=0.00151  CHL_NN=0.063
13:19:27 [INFO]   ✓ 54382350  n_px=94  rrs_8=0.00146  CHL_NN=0.063
13:19:28 [INFO]   ✓ 66098241  n_px=94  rrs_8=0.00143  CHL_NN=0.063
13:19:29 [INFO]   ✓ 46127943  n_px=93  rrs_8=0.00142  CHL_NN=0.063
13:19:30 [INFO]   ✓ 85336082  n_px=95  rrs_8=0.00144  CHL_NN=0.063
13:19:31 [INFO]   ✓ 57178281  n_px=89  rrs_8=0.00144  CHL_NN=0.063
13:19:32 [INFO]   ✓ 87932446  n_px=89  rrs_8=0.00148  CHL_NN=0.063
13:19:33 [INFO]   ✓ 16808405  n_px=91  rrs_8=0.00148  CHL_NN=0.063
13:19:35 [INFO]   ✓ 67452819  n_px=94  rrs_8=0.00143  CHL_NN=0.063
13:19:36 [INFO]   ✓ 62238820  n_px=90  rrs_8=0.00146  CHL_NN=0.063
13:19:36 [INFO] [20240730] 36 location(s)
13:19:37 [INFO]   ✓ 74333451  n_px=92  rrs_8=0.00150  CHL_NN=0.063
13:19:38 [INFO]   ✓ 25013214  n_px=90  rrs_8=0.00143  CHL_NN=0.063
13:19:39 [INFO]   ✓ 73146654  n_px=88  rrs_8=0.00146  CHL_NN=0.063
13:19:40 [INFO]   ✓ 35631319  n_px=95  rrs_8=0.00148  CHL_NN=0.063
13:19:41 [INFO]   ✓ 94708815  n_px=93  rrs_8=0.00144  CHL_NN=0.063
13:19:42 [INFO]   ✓ 57750264  n_px=88  rrs_8=0.00146  CHL_NN=0.063
13:19:43 [INFO]   ✓ 26415160  n_px=94  rrs_8=0.00139  CHL_NN=0.063
13:19:44 [INFO]   ✓ 85988232  n_px=95  rrs_8=0.00148  CHL_NN=0.063
13:19:45 [INFO]   ✓ 72047777  n_px=94  rrs_8=0.00141  CHL_NN=0.063
13:19:46 [INFO]   ✓ 57491297  n_px=94  rrs_8=0.00141  CHL_NN=0.063
13:19:47 [INFO]   ✓ 57433371  n_px=90  rrs_8=0.00148  CHL_NN=0.063
13:19:48 [INFO]   ✓ 41337285  n_px=90  rrs_8=0.00140  CHL_NN=0.063
13:19:49 [INFO]   ✓ 29259007  n_px=90  rrs_8=0.00150  CHL_NN=0.063
13:19:51 [INFO]   ✓ 63767625  n_px=88  rrs_8=0.00141  CHL_NN=0.063
13:19:52 [INFO]   ✓ 41861943  n_px=87  rrs_8=0.00139  CHL_NN=0.063
13:19:53 [INFO]   ✓ 48738190  n_px=90  rrs_8=0.00156  CHL_NN=0.063
13:19:54 [INFO]   ✓ 12843593  n_px=92  rrs_8=0.00143  CHL_NN=0.063
13:19:55 [INFO]   ✓ 30759507  n_px=86  rrs_8=0.00148  CHL_NN=0.063
13:19:57 [INFO]   ✓ 41087188  n_px=96  rrs_8=0.00146  CHL_NN=0.063
13:19:58 [INFO]   ✓ 87014929  n_px=92  rrs_8=0.00146  CHL_NN=0.063
13:19:58 [INFO]   ✓ 83479283  n_px=91  rrs_8=0.00144  CHL_NN=0.063
13:19:59 [INFO]   ✓ 46127943  n_px=93  rrs_8=0.00144  CHL_NN=0.063
13:20:00 [INFO]   ✓ 40908137  n_px=92  rrs_8=0.00140  CHL_NN=0.063
13:20:02 [INFO]   ✓ 19394123  n_px=93  rrs_8=0.04215  CHL_NN=0.126
13:20:03 [INFO]   ✓ 69354849  n_px=93  rrs_8=0.00151  CHL_NN=0.063
13:20:04 [INFO]   ✓ 02332573  n_px=85  rrs_8=0.00148  CHL_NN=0.063
13:20:05 [INFO]   ✓ 08912830  n_px=85  rrs_8=0.00144  CHL_NN=0.063
13:20:06 [INFO]   ✓ 02223461  n_px=98  rrs_8=0.00139  CHL_NN=0.063
13:20:07 [INFO]   ✓ 88818145  n_px=93  rrs_8=0.00151  CHL_NN=0.063
13:20:08 [INFO]   ✓ 52793320  n_px=94  rrs_8=0.00139  CHL_NN=0.063
13:20:09 [INFO]   ✓ 87144564  n_px=94  rrs_8=0.00141  CHL_NN=0.063
13:20:10 [INFO]   ✓ 79869269  n_px=88  rrs_8=0.00148  CHL_NN=0.063
13:20:11 [INFO]   ✓ 68572921  n_px=89  rrs_8=0.00140  CHL_NN=0.063
13:20:12 [INFO]   ✓ 37493128  n_px=90  rrs_8=0.00146  CHL_NN=0.063
13:20:13 [INFO]   ✓ 47246043  n_px=88  rrs_8=0.00138  CHL_NN=0.063
13:20:14 [INFO]   ✓ 49184533  n_px=93  rrs_8=0.00144  CHL_NN=0.063
13:20:14 [INFO] [20240731] 9 location(s)
13:20:15 [INFO]   ✓ 21750137  n_px=116  rrs_8=0.00183  CHL_NN=0.110
13:20:16 [INFO]   ✓ 32327139  n_px=116  rrs_8=0.00185  CHL_NN=0.110
13:20:18 [INFO]   ✓ 83479283  n_px=116  rrs_8=0.00180  CHL_NN=0.110
13:20:19 [INFO]   ✓ 53191777  n_px=118  rrs_8=0.00182  CHL_NN=0.110
13:20:20 [INFO]   ✓ 19394123  n_px=121  rrs_8=0.04070  CHL_NN=0.205
13:20:21 [INFO]   ✓ 06955914  n_px=113  rrs_8=0.00183  CHL_NN=0.110
13:20:23 [INFO]   ✓ 78039003  n_px=113  rrs_8=0.00193  CHL_NN=0.110
13:20:24 [INFO]   ✓ 15678197  n_px=114  rrs_8=0.00185  CHL_NN=0.110
13:20:25 [INFO]   ✓ 40908137  n_px=118  rrs_8=0.00177  CHL_NN=0.110
13:20:25 [INFO] [20240801] 1 location(s)
13:20:26 [INFO]   ✓ 19394123  n_px=127  rrs_8=0.04057  CHL_NN=0.394
13:20:26 [INFO] [20240802] 35 location(s)
13:20:28 [INFO]   ✓ 24619304  n_px=108  rrs_8=0.00178  CHL_NN=0.126
13:20:29 [INFO]   ✓ 17567467  n_px=107  rrs_8=0.00173  CHL_NN=0.126
13:20:37 [INFO]   ✓ 18496388  n_px=109  rrs_8=0.00177  CHL_NN=0.126
13:20:39 [INFO]   ✓ 29503247  n_px=105  rrs_8=0.00179  CHL_NN=0.126
13:20:40 [INFO]   ✓ 09831970  n_px=106  rrs_8=0.00174  CHL_NN=0.126
13:20:41 [INFO]   ✓ 14761700  n_px=105  rrs_8=0.00179  CHL_NN=0.126
13:20:42 [INFO]   ✓ 49694235  n_px=110  rrs_8=0.00174  CHL_NN=0.126
13:20:44 [INFO]   ✓ 19394123  n_px=123  rrs_8=0.04030  CHL_NN=0.441
13:20:45 [INFO]   ✓ 41831344  n_px=106  rrs_8=0.00181  CHL_NN=0.126
13:20:47 [INFO]   ✓ 17335215  n_px=112  rrs_8=0.00180  CHL_NN=0.142
13:20:48 [INFO]   ✓ 39041140  n_px=108  rrs_8=0.00174  CHL_NN=0.126
13:20:50 [INFO]   ✓ 53191777  n_px=109  rrs_8=0.00177  CHL_NN=0.126
13:20:51 [INFO]   ✓ 46247717  n_px=110  rrs_8=0.00180  CHL_NN=0.126
13:20:53 [INFO]   ✓ 55968363  n_px=104  rrs_8=0.00180  CHL_NN=0.126
13:20:54 [INFO]   ✓ 13171696  n_px=104  rrs_8=0.00178  CHL_NN=0.126
13:20:55 [INFO]   ✓ 53840737  n_px=112  rrs_8=0.00173  CHL_NN=0.126
13:20:57 [INFO]   ✓ 36908948  n_px=106  rrs_8=0.00173  CHL_NN=0.126
13:20:58 [INFO]   ✓ 38950660  n_px=110  rrs_8=0.00175  CHL_NN=0.126
13:20:59 [INFO]   ✓ 01079153  n_px=112  rrs_8=0.00179  CHL_NN=0.142
13:21:00 [INFO]   ✓ 37965208  n_px=105  rrs_8=0.00179  CHL_NN=0.126
13:21:01 [INFO]   ✓ 37787632  n_px=106  rrs_8=0.00177  CHL_NN=0.126
13:21:02 [INFO]   ✓ 02271570  n_px=107  rrs_8=0.00173  CHL_NN=0.126
13:21:04 [INFO]   ✓ 67586511  n_px=109  rrs_8=0.00177  CHL_NN=0.126
13:21:05 [INFO]   ✓ 54382350  n_px=102  rrs_8=0.00178  CHL_NN=0.126
13:21:07 [INFO]   ✓ 16615589  n_px=111  rrs_8=0.00175  CHL_NN=0.126
13:21:08 [INFO]   ✓ 88818145  n_px=106  rrs_8=0.00178  CHL_NN=0.126
13:21:09 [INFO]   ✓ 24479672  n_px=107  rrs_8=0.00177  CHL_NN=0.126
13:21:10 [INFO]   ✓ 07817076  n_px=103  rrs_8=0.00179  CHL_NN=0.126
13:21:12 [INFO]   ✓ 22043175  n_px=106  rrs_8=0.00176  CHL_NN=0.126
13:21:13 [INFO]   ✓ 60433774  n_px=113  rrs_8=0.00173  CHL_NN=0.126
13:21:15 [INFO]   ✓ 95050370  n_px=112  rrs_8=0.00176  CHL_NN=0.126
13:21:16 [INFO]   ✓ 25798021  n_px=110  rrs_8=0.00178  CHL_NN=0.142
13:21:17 [INFO]   ✓ 38086803  n_px=105  rrs_8=0.00181  CHL_NN=0.142
13:21:18 [INFO]   ✓ 98442534  n_px=108  rrs_8=0.00189  CHL_NN=0.126
13:21:19 [INFO]   ✓ 14010659  n_px=108  rrs_8=0.00179  CHL_NN=0.142
13:21:19 [INFO] [20240803] 9 location(s)
13:21:21 [INFO]   ✓ 72705490  n_px=155  rrs_8=0.12814  CHL_NN=0.709
13:21:22 [INFO]   ✓ 49486152  n_px=157  rrs_8=0.12759  CHL_NN=0.693
13:21:23 [INFO]   ✓ 71547765  n_px=157  rrs_8=0.12729  CHL_NN=0.693
13:21:25 [INFO]   ✓ 98772697  n_px=155  rrs_8=0.12826  CHL_NN=0.709
13:21:26 [INFO]   ✓ 62000135  n_px=159  rrs_8=0.12755  CHL_NN=0.693
13:21:27 [INFO]   ✓ 44805791  n_px=154  rrs_8=0.12828  CHL_NN=0.693
13:21:29 [INFO]   ✓ 19394123  n_px=86  rrs_8=0.06814  CHL_NN=0.441
13:21:31 [INFO]   ✓ 40443040  n_px=154  rrs_8=0.12820  CHL_NN=0.693
13:21:32 [INFO]   ✓ 12843593  n_px=155  rrs_8=0.12814  CHL_NN=0.693
13:21:32 [INFO] [20240804] 1 location(s)
13:21:34 [INFO]   ✓ 19394123  n_px=63  rrs_8=0.07934  CHL_NN=0.472
13:21:34 [INFO] [20240805] 3 location(s)
13:21:36 [INFO]   ✓ 26415160  n_px=157  rrs_8=0.12768  CHL_NN=0.709
13:21:37 [INFO]   ✓ 19394123  n_px=87  rrs_8=0.06811  CHL_NN=0.457
13:21:38 [INFO]   ✓ 49694235  n_px=155  rrs_8=0.12768  CHL_NN=0.709
13:21:38 [INFO] [20240806] 27 location(s)
13:21:39 [INFO]   ✓ 55322045  n_px=155  rrs_8=0.12759  CHL_NN=0.693
13:21:41 [INFO]   ✓ 85451411  n_px=155  rrs_8=0.12826  CHL_NN=0.693
13:21:42 [INFO]   ✓ 87650572  n_px=155  rrs_8=0.12759  CHL_NN=0.693
13:21:44 [INFO]   ✓ 69512252  n_px=156  rrs_8=0.12764  CHL_NN=0.693
13:21:45 [INFO]   ✓ 47792597  n_px=155  rrs_8=0.12814  CHL_NN=0.693
13:21:46 [INFO]   ✓ 35740966  n_px=155  rrs_8=0.12768  CHL_NN=0.661
13:21:47 [INFO]   ✓ 89264986  n_px=156  rrs_8=0.12863  CHL_NN=0.709
13:21:49 [INFO]   ✓ 25884381  n_px=155  rrs_8=0.12760  CHL_NN=0.693
13:21:50 [INFO]   ✓ 56969874  n_px=157  rrs_8=0.12896  CHL_NN=0.709
13:21:51 [INFO]   ✓ 19394123  n_px=87  rrs_8=0.06811  CHL_NN=0.236
13:21:53 [INFO]   ✓ 71578911  n_px=156  rrs_8=0.12755  CHL_NN=0.661
13:21:54 [INFO]   ✓ 61617198  n_px=156  rrs_8=0.12757  CHL_NN=0.693
13:21:55 [INFO]   ✓ 81972368  n_px=157  rrs_8=0.12755  CHL_NN=0.693
13:21:56 [INFO]   ✓ 95382008  n_px=158  rrs_8=0.12828  CHL_NN=0.709
13:21:57 [INFO]   ✓ 76404882  n_px=154  rrs_8=0.12755  CHL_NN=0.693
13:21:58 [INFO]   ✓ 28069789  n_px=155  rrs_8=0.12768  CHL_NN=0.693
13:21:59 [INFO]   ✓ 13778939  n_px=155  rrs_8=0.12755  CHL_NN=0.693
13:22:00 [INFO]   ✓ 63925488  n_px=157  rrs_8=0.12830  CHL_NN=0.709
13:22:01 [INFO]   ✓ 95187728  n_px=155  rrs_8=0.12755  CHL_NN=0.646
13:22:02 [INFO]   ✓ 53191777  n_px=153  rrs_8=0.12814  CHL_NN=0.693
13:22:04 [INFO]   ✓ 68257389  n_px=156  rrs_8=0.12764  CHL_NN=0.693
13:22:05 [INFO]   ✓ 02825849  n_px=159  rrs_8=0.12896  CHL_NN=0.709
13:22:06 [INFO]   ✓ 38086803  n_px=155  rrs_8=0.12814  CHL_NN=0.709
13:22:07 [INFO]   ✓ 81438762  n_px=156  rrs_8=0.12757  CHL_NN=0.661
13:22:08 [INFO]   ✓ 73892203  n_px=158  rrs_8=0.12898  CHL_NN=0.709
13:22:09 [INFO]   ✓ 19694060  n_px=154  rrs_8=0.12791  CHL_NN=0.661
13:22:11 [INFO]   ✓ 25782761  n_px=155  rrs_8=0.12768  CHL_NN=0.709
13:22:11 [INFO] [20240807] 1 location(s)
13:22:12 [INFO]   ✓ 19394123  n_px=55  rrs_8=0.00287  CHL_NN=0.236
13:22:12 [INFO] [20240808] 20 location(s)
13:22:14 [INFO]   ✓ 00863102  n_px=95  rrs_8=0.00183  CHL_NN=0.457
13:22:15 [INFO]   ✓ 27383415  n_px=100  rrs_8=0.00183  CHL_NN=0.457
13:22:16 [INFO]   ✓ 02223461  n_px=100  rrs_8=0.00187  CHL_NN=0.457
13:22:17 [INFO]   ✓ 02990308  n_px=102  rrs_8=0.00186  CHL_NN=0.457
13:22:18 [INFO]   ✓ 13171696  n_px=100  rrs_8=0.00189  CHL_NN=0.457
13:22:19 [INFO]   ✓ 44465771  n_px=100  rrs_8=0.00188  CHL_NN=0.457
13:22:20 [INFO]   ✓ 05823156  n_px=105  rrs_8=0.00188  CHL_NN=0.457
13:22:21 [INFO]   ✓ 21353749  n_px=101  rrs_8=0.00183  CHL_NN=0.457
13:22:23 [INFO]   ✓ 03579213  n_px=101  rrs_8=0.00186  CHL_NN=0.457
13:22:24 [INFO]   ✓ 48816908  n_px=106  rrs_8=0.00188  CHL_NN=0.457
13:22:25 [INFO]   ✓ 01783998  n_px=102  rrs_8=0.00189  CHL_NN=0.457
13:22:26 [INFO]   ✓ 57178281  n_px=99  rrs_8=0.00188  CHL_NN=0.457
13:22:27 [INFO]   ✓ 19394123  n_px=55  rrs_8=0.00287  CHL_NN=0.189
13:22:28 [INFO]   ✓ 15678197  n_px=101  rrs_8=0.00188  CHL_NN=0.457
13:22:29 [INFO]   ✓ 30572244  n_px=98  rrs_8=0.00188  CHL_NN=0.457
13:22:30 [INFO]   ✓ 71174844  n_px=95  rrs_8=0.00183  CHL_NN=0.457
13:22:31 [INFO]   ✓ 17343422  n_px=101  rrs_8=0.00192  CHL_NN=0.457
13:22:32 [INFO]   ✓ 89844937  n_px=100  rrs_8=0.00186  CHL_NN=0.457
13:22:33 [INFO]   ✓ 67399215  n_px=100  rrs_8=0.00188  CHL_NN=0.457
13:22:35 [INFO]   ✓ 50113986  n_px=100  rrs_8=0.00189  CHL_NN=0.457
13:22:35 [INFO] [20240809] 1 location(s)
13:22:36 [INFO]   ✓ 19394123  n_px=10  rrs_8=0.00106  CHL_NN=0.488
13:22:36 [INFO] [20240810] 59 location(s)
13:22:38 [INFO]   ✓ 85336082  n_px=89  rrs_8=0.00166  CHL_NN=0.457
13:22:39 [INFO]   ✓ 59135436  n_px=90  rrs_8=0.00166  CHL_NN=0.457
13:22:40 [INFO]   ✓ 02226523  n_px=88  rrs_8=0.00166  CHL_NN=0.457
13:22:41 [INFO]   ✓ 30755668  n_px=94  rrs_8=0.00165  CHL_NN=0.457
13:22:42 [INFO]   ✓ 62690109  n_px=92  rrs_8=0.00166  CHL_NN=0.457
13:22:43 [INFO]   ✓ 55171961  n_px=93  rrs_8=0.00164  CHL_NN=0.457
13:22:45 [INFO]   ✓ 46263335  n_px=86  rrs_8=0.00166  CHL_NN=0.457
13:22:46 [INFO]   ✓ 74332853  n_px=91  rrs_8=0.00166  CHL_NN=0.457
13:22:47 [INFO]   ✓ 55268365  n_px=85  rrs_8=0.00177  CHL_NN=0.457
13:22:49 [INFO]   ✓ 38908348  n_px=91  rrs_8=0.00166  CHL_NN=0.457
13:22:50 [INFO]   ✓ 72727301  n_px=88  rrs_8=0.00166  CHL_NN=0.457
13:22:52 [INFO]   ✓ 90366326  n_px=95  rrs_8=0.00186  CHL_NN=0.457
13:22:53 [INFO]   ✓ 76404882  n_px=91  rrs_8=0.00166  CHL_NN=0.457
13:22:54 [INFO]   ✓ 44805791  n_px=83  rrs_8=0.00166  CHL_NN=0.457
13:22:55 [INFO]   ✓ 52354914  n_px=90  rrs_8=0.00166  CHL_NN=0.457
13:22:56 [INFO]   ✓ 40522863  n_px=86  rrs_8=0.00166  CHL_NN=0.457
13:22:57 [INFO]   ✓ 37765329  n_px=91  rrs_8=0.00186  CHL_NN=0.457
13:22:58 [INFO]   ✓ 04470813  n_px=91  rrs_8=0.00186  CHL_NN=0.457
13:22:59 [INFO]   ✓ 71235499  n_px=92  rrs_8=0.00166  CHL_NN=0.457
13:23:00 [INFO]   ✓ 89001880  n_px=93  rrs_8=0.00166  CHL_NN=0.457
13:23:01 [INFO]   ✓ 21747899  n_px=91  rrs_8=0.00166  CHL_NN=0.457
13:23:02 [INFO]   ✓ 26415160  n_px=90  rrs_8=0.00166  CHL_NN=0.457
13:23:04 [INFO]   ✓ 54382350  n_px=87  rrs_8=0.00166  CHL_NN=0.457
13:23:05 [INFO]   ✓ 47246043  n_px=93  rrs_8=0.00166  CHL_NN=0.457
13:23:06 [INFO]   ✓ 75084481  n_px=90  rrs_8=0.00164  CHL_NN=0.457
13:23:07 [INFO]   ✓ 87144564  n_px=92  rrs_8=0.00166  CHL_NN=0.457
13:23:08 [INFO]   ✓ 56093552  n_px=85  rrs_8=0.00170  CHL_NN=0.457
13:23:09 [INFO]   ✓ 84215100  n_px=96  rrs_8=0.00184  CHL_NN=0.457
13:23:10 [INFO]   ✓ 06281911  n_px=90  rrs_8=0.00165  CHL_NN=0.457
13:23:11 [INFO]   ✓ 91611364  n_px=89  rrs_8=0.00166  CHL_NN=0.457
13:23:12 [INFO]   ✓ 25884381  n_px=87  rrs_8=0.00166  CHL_NN=0.457
13:23:13 [INFO]   ✓ 26787703  n_px=88  rrs_8=0.00178  CHL_NN=0.457
13:23:14 [INFO]   ✓ 54096542  n_px=88  rrs_8=0.00178  CHL_NN=0.457
13:23:15 [INFO]   ✓ 17799468  n_px=88  rrs_8=0.00163  CHL_NN=0.457
13:23:16 [INFO]   ✓ 95364597  n_px=92  rrs_8=0.00162  CHL_NN=0.457
13:23:16 [INFO]   ✓ 45274498  n_px=88  rrs_8=0.00164  CHL_NN=0.457
13:23:18 [INFO]   ✓ 63489797  n_px=93  rrs_8=0.00175  CHL_NN=0.457
13:23:19 [INFO]   ✓ 70863577  n_px=90  rrs_8=0.00173  CHL_NN=0.457
13:23:20 [INFO]   ✓ 82176049  n_px=86  rrs_8=0.00171  CHL_NN=0.457
13:23:21 [INFO]   ✓ 35631319  n_px=86  rrs_8=0.00166  CHL_NN=0.457
13:23:22 [INFO]   ✓ 76246439  n_px=88  rrs_8=0.00171  CHL_NN=0.457
13:23:23 [INFO]   ✓ 14785055  n_px=89  rrs_8=0.00164  CHL_NN=0.457
13:23:25 [INFO]   ✓ 19394123  n_px=10  rrs_8=0.00106  CHL_NN=0.488
13:23:26 [INFO]   ✓ 40007935  n_px=93  rrs_8=0.00164  CHL_NN=0.457
13:23:27 [INFO]   ✓ 17125492  n_px=88  rrs_8=0.00166  CHL_NN=0.457
13:23:28 [INFO]   ✓ 22939207  n_px=88  rrs_8=0.00166  CHL_NN=0.457
13:23:29 [INFO]   ✓ 14761700  n_px=84  rrs_8=0.00166  CHL_NN=0.457
13:23:29 [INFO]   ✓ 19694060  n_px=90  rrs_8=0.00164  CHL_NN=0.457
13:23:31 [INFO]   ✓ 19651375  n_px=90  rrs_8=0.00166  CHL_NN=0.472
13:23:31 [INFO]   ✓ 23244489  n_px=91  rrs_8=0.00164  CHL_NN=0.457
13:23:32 [INFO]   ✓ 72705490  n_px=85  rrs_8=0.00166  CHL_NN=0.457
13:23:33 [INFO]   ✓ 55968363  n_px=82  rrs_8=0.00166  CHL_NN=0.457
13:23:35 [INFO]   ✓ 44465771  n_px=89  rrs_8=0.00179  CHL_NN=0.457
13:23:36 [INFO]   ✓ 46760966  n_px=92  rrs_8=0.00165  CHL_NN=0.472
13:23:37 [INFO]   ✓ 46102430  n_px=90  rrs_8=0.00164  CHL_NN=0.457
13:23:38 [INFO]   ✓ 05087260  n_px=91  rrs_8=0.00166  CHL_NN=0.457
13:23:39 [INFO]   ✓ 57301528  n_px=91  rrs_8=0.00166  CHL_NN=0.457
13:23:40 [INFO]   ✓ 32402102  n_px=91  rrs_8=0.00164  CHL_NN=0.457
13:23:41 [INFO]   ✓ 89264986  n_px=87  rrs_8=0.00166  CHL_NN=0.457
13:23:41 [INFO] [20240811] 54 location(s)
13:23:42 [INFO]   ✓ 17343422  n_px=68  rrs_8=0.00143  CHL_NN=0.173
13:23:43 [INFO]   ✓ 17799468  n_px=69  rrs_8=0.00142  CHL_NN=0.173
13:23:44 [INFO]   ✓ 08721369  n_px=69  rrs_8=0.00142  CHL_NN=0.173
13:23:45 [INFO]   ✓ 90780274  n_px=77  rrs_8=0.00144  CHL_NN=0.173
13:23:47 [INFO]   ✓ 61930776  n_px=76  rrs_8=0.00142  CHL_NN=0.173
13:23:48 [INFO]   ✓ 91157410  n_px=76  rrs_8=0.00143  CHL_NN=0.173
13:23:50 [INFO]   ✓ 19394123  n_px=11  rrs_8=0.00106  CHL_NN=0.488
13:23:51 [INFO]   ✓ 50692619  n_px=68  rrs_8=0.00148  CHL_NN=0.173
13:23:52 [INFO]   ✓ 92019314  n_px=73  rrs_8=0.00144  CHL_NN=0.173
13:23:53 [INFO]   ✓ 89001880  n_px=73  rrs_8=0.00144  CHL_NN=0.173
13:23:54 [INFO]   ✓ 57331895  n_px=72  rrs_8=0.00142  CHL_NN=0.173
13:23:55 [INFO]   ✓ 10539734  n_px=66  rrs_8=0.00148  CHL_NN=0.173
13:23:56 [INFO]   ✓ 47926152  n_px=73  rrs_8=0.00142  CHL_NN=0.173
13:23:57 [INFO]   ✓ 88056389  n_px=70  rrs_8=0.00145  CHL_NN=0.173
13:23:58 [INFO]   ✓ 16767113  n_px=72  rrs_8=0.00142  CHL_NN=0.173
13:23:59 [INFO]   ✓ 45649320  n_px=70  rrs_8=0.00142  CHL_NN=0.173
13:24:00 [INFO]   ✓ 87734187  n_px=71  rrs_8=0.00144  CHL_NN=0.173
13:24:01 [INFO]   ✓ 13402684  n_px=76  rrs_8=0.00145  CHL_NN=0.173
13:24:02 [INFO]   ✓ 14761700  n_px=69  rrs_8=0.00142  CHL_NN=0.173
13:24:03 [INFO]   ✓ 08029232  n_px=69  rrs_8=0.00144  CHL_NN=0.173
13:24:04 [INFO]   ✓ 44084231  n_px=71  rrs_8=0.00146  CHL_NN=0.173
13:24:05 [INFO]   ✓ 85336082  n_px=69  rrs_8=0.00142  CHL_NN=0.173
13:24:06 [INFO]   ✓ 40881189  n_px=73  rrs_8=0.00142  CHL_NN=0.173
13:24:07 [INFO]   ✓ 40935414  n_px=76  rrs_8=0.00140  CHL_NN=0.173
13:24:08 [INFO]   ✓ 51625707  n_px=70  rrs_8=0.00145  CHL_NN=0.173
13:24:09 [INFO]   ✓ 10595598  n_px=76  rrs_8=0.00143  CHL_NN=0.173
13:24:10 [INFO]   ✓ 92709319  n_px=72  rrs_8=0.00143  CHL_NN=0.173
13:24:11 [INFO]   ✓ 25711521  n_px=73  rrs_8=0.00144  CHL_NN=0.173
13:24:12 [INFO]   ✓ 53191777  n_px=70  rrs_8=0.00142  CHL_NN=0.173
13:24:13 [INFO]   ✓ 64201673  n_px=65  rrs_8=0.00150  CHL_NN=0.173
13:24:14 [INFO]   ✓ 21747899  n_px=72  rrs_8=0.00143  CHL_NN=0.173
13:24:15 [INFO]   ✓ 29335476  n_px=74  rrs_8=0.00142  CHL_NN=0.173
13:24:16 [INFO]   ✓ 66098241  n_px=72  rrs_8=0.00143  CHL_NN=0.173
13:24:17 [INFO]   ✓ 04557458  n_px=74  rrs_8=0.00143  CHL_NN=0.173
13:24:18 [INFO]   ✓ 69253487  n_px=70  rrs_8=0.00145  CHL_NN=0.173
13:24:18 [INFO]   ✓ 67452819  n_px=72  rrs_8=0.00142  CHL_NN=0.173
13:24:19 [INFO]   ✓ 30645183  n_px=71  rrs_8=0.00142  CHL_NN=0.173
13:24:20 [INFO]   ✓ 66744449  n_px=74  rrs_8=0.00143  CHL_NN=0.173
13:24:21 [INFO]   ✓ 27775969  n_px=73  rrs_8=0.00142  CHL_NN=0.173
13:24:22 [INFO]   ✓ 81497552  n_px=72  rrs_8=0.00147  CHL_NN=0.173
13:24:23 [INFO]   ✓ 72047777  n_px=74  rrs_8=0.00142  CHL_NN=0.173
13:24:24 [INFO]   ✓ 64744137  n_px=67  rrs_8=0.00144  CHL_NN=0.173
13:24:25 [INFO]   ✓ 79611689  n_px=71  rrs_8=0.00142  CHL_NN=0.173
13:24:26 [INFO]   ✓ 22867804  n_px=75  rrs_8=0.00142  CHL_NN=0.173
13:24:27 [INFO]   ✓ 60354303  n_px=75  rrs_8=0.00142  CHL_NN=0.173
13:24:28 [INFO]   ✓ 54798201  n_px=75  rrs_8=0.00142  CHL_NN=0.173
13:24:29 [INFO]   ✓ 96987406  n_px=72  rrs_8=0.00143  CHL_NN=0.173
13:24:30 [INFO]   ✓ 78608096  n_px=67  rrs_8=0.00142  CHL_NN=0.173
13:24:31 [INFO]   ✓ 02223461  n_px=67  rrs_8=0.00142  CHL_NN=0.173
13:24:32 [INFO]   ✓ 69714042  n_px=71  rrs_8=0.00142  CHL_NN=0.173
13:24:33 [INFO]   ✓ 29695687  n_px=76  rrs_8=0.00142  CHL_NN=0.173
13:24:34 [INFO]   ✓ 66651722  n_px=68  rrs_8=0.00142  CHL_NN=0.173
13:24:35 [INFO]   ✓ 72705490  n_px=76  rrs_8=0.00143  CHL_NN=0.173
13:24:36 [INFO]   ✓ 32208297  n_px=73  rrs_8=0.00142  CHL_NN=0.173
13:24:36 [INFO] [20240812] 33 location(s)
13:24:38 [INFO]   ✓ 80343331  n_px=72  rrs_8=0.00145  CHL_NN=0.236
13:24:39 [INFO]   ✓ 47853783  n_px=77  rrs_8=0.00151  CHL_NN=0.252
13:24:40 [INFO]   ✓ 57371872  n_px=68  rrs_8=0.00151  CHL_NN=0.252
13:24:42 [INFO]   ✓ 28214992  n_px=66  rrs_8=0.00151  CHL_NN=0.252
13:24:43 [INFO]   ✓ 87396398  n_px=68  rrs_8=0.00150  CHL_NN=0.252
13:24:44 [INFO]   ✓ 56093552  n_px=61  rrs_8=0.00151  CHL_NN=0.252
13:24:45 [INFO]   ✓ 48107650  n_px=69  rrs_8=0.00146  CHL_NN=0.252
13:24:46 [INFO]   ✓ 16767113  n_px=64  rrs_8=0.00151  CHL_NN=0.252
13:24:47 [INFO]   ✓ 00093421  n_px=69  rrs_8=0.00150  CHL_NN=0.252
13:24:48 [INFO]   ✓ 87785585  n_px=68  rrs_8=0.00151  CHL_NN=0.252
13:24:49 [INFO]   ✓ 00361532  n_px=70  rrs_8=0.00148  CHL_NN=0.252
13:24:51 [INFO]   ✓ 83004184  n_px=72  rrs_8=0.00151  CHL_NN=0.252
13:24:52 [INFO]   ✓ 83008634  n_px=70  rrs_8=0.00150  CHL_NN=0.252
13:24:53 [INFO]   ✓ 40443040  n_px=65  rrs_8=0.00151  CHL_NN=0.252
13:24:54 [INFO]   ✓ 23680241  n_px=69  rrs_8=0.00151  CHL_NN=0.252
13:24:55 [INFO]   ✓ 08640440  n_px=65  rrs_8=0.00151  CHL_NN=0.252
13:24:56 [INFO]   ✓ 29365296  n_px=71  rrs_8=0.00150  CHL_NN=0.252
13:24:58 [INFO]   ✓ 53191777  n_px=62  rrs_8=0.00150  CHL_NN=0.252
13:24:59 [INFO]   ✓ 62806110  n_px=64  rrs_8=0.00151  CHL_NN=0.252
13:25:00 [INFO]   ✓ 21285682  n_px=69  rrs_8=0.00139  CHL_NN=0.236
13:25:02 [INFO]   ✓ 19394123  n_px=11  rrs_8=0.00115  CHL_NN=0.457
13:25:03 [INFO]   ✓ 54343989  n_px=71  rrs_8=0.00150  CHL_NN=0.252
13:25:04 [INFO]   ✓ 56135733  n_px=71  rrs_8=0.00146  CHL_NN=0.252
13:25:05 [INFO]   ✓ 06308596  n_px=70  rrs_8=0.00148  CHL_NN=0.252
13:25:06 [INFO]   ✓ 61930776  n_px=70  rrs_8=0.00144  CHL_NN=0.252
13:25:07 [INFO]   ✓ 55322045  n_px=69  rrs_8=0.00150  CHL_NN=0.252
13:25:08 [INFO]   ✓ 78417154  n_px=65  rrs_8=0.00151  CHL_NN=0.252
13:25:09 [INFO]   ✓ 31776501  n_px=69  rrs_8=0.00150  CHL_NN=0.252
13:25:10 [INFO]   ✓ 52694612  n_px=71  rrs_8=0.00146  CHL_NN=0.252
13:25:11 [INFO]   ✓ 78608096  n_px=68  rrs_8=0.00144  CHL_NN=0.252
13:25:13 [INFO]   ✓ 60526978  n_px=69  rrs_8=0.00150  CHL_NN=0.252
13:25:14 [INFO]   ✓ 53017958  n_px=68  rrs_8=0.00150  CHL_NN=0.252
13:25:15 [INFO]   ✓ 92594745  n_px=68  rrs_8=0.00151  CHL_NN=0.252
13:25:15 [INFO] [20240813] 1 location(s)
13:25:16 [INFO]   ✓ 19394123  n_px=26  rrs_8=0.00099  CHL_NN=0.220
13:25:16 [INFO] [20240814] 1 location(s)
13:25:18 [INFO]   ✓ 19394123  n_px=26  rrs_8=0.00099  CHL_NN=0.220
13:25:18 [INFO] [20240815] 1 location(s)
13:25:19 [INFO]   ✓ 19394123  n_px=25  rrs_8=0.00096  CHL_NN=0.205
13:25:19 [INFO] [20240816] 1 location(s)
13:25:21 [INFO]   ✓ 19394123  n_px=27  rrs_8=0.00087  CHL_NN=0.205
13:25:21 [INFO] [20240817] 1 location(s)
13:25:22 [INFO]   ✗ 19394123  no valid data in -3d window
13:25:22 [INFO] [20240818] 1 location(s)
13:25:23 [INFO]   ✗ 19394123  no valid data in -3d window
13:25:23 [INFO] [20240819] 1 location(s)
13:25:25 [INFO]   ✗ 19394123  no valid data in -3d window
13:25:25 [INFO] [20240820] 1 location(s)
13:25:26 [INFO]   ✓ 19394123  n_px=96  rrs_8=0.00344  CHL_NN=0.567
13:25:26 [INFO] [20240821] 1 location(s)
13:25:27 [INFO]   ✓ 19394123  n_px=99  rrs_8=0.00331  CHL_NN=0.551
13:25:27 [INFO] [20240822] 1 location(s)
13:25:29 [INFO]   ✓ 19394123  n_px=117  rrs_8=0.00294  CHL_NN=0.598
13:25:29 [INFO] [20240823] 1 location(s)
13:25:30 [INFO]   ✓ 19394123  n_px=121  rrs_8=0.00291  CHL_NN=0.598
13:25:30 [INFO] [20240824] 1 location(s)
13:25:32 [INFO]   ✓ 19394123  n_px=99  rrs_8=0.00221  CHL_NN=0.567
13:25:32 [INFO] [20240825] 1 location(s)
13:25:34 [INFO]   ✓ 19394123  n_px=99  rrs_8=0.00221  CHL_NN=0.567
13:25:34 [INFO] [20240826] 1 location(s)
13:25:35 [INFO]   ✓ 19394123  n_px=96  rrs_8=0.00183  CHL_NN=0.425
13:25:35 [INFO] [20240911] 1 location(s)
13:25:37 [INFO]   ✓ 19394123  n_px=25  rrs_8=0.00303  CHL_NN=0.646
13:25:37 [INFO] [20240912] 1 location(s)
13:25:39 [INFO]   ✓ 19394123  n_px=17  rrs_8=0.00252  CHL_NN=0.693
13:25:39 [INFO] [20240913] 1 location(s)
13:25:40 [INFO]   ✓ 19394123  n_px=31  rrs_8=0.00192  CHL_NN=0.693
13:25:40 [INFO] [20240914] 1 location(s)
13:25:42 [INFO]   ✓ 19394123  n_px=50  rrs_8=0.00178  CHL_NN=0.346
13:25:42 [INFO] [20240915] 1 location(s)
13:25:43 [INFO]   ✓ 19394123  n_px=39  rrs_8=0.00162  CHL_NN=0.205
13:25:43 [INFO] [20240916] 1 location(s)
13:25:45 [INFO]   ✓ 19394123  n_px=63  rrs_8=0.00135  CHL_NN=0.268
13:25:45 [INFO] [20240917] 1 location(s)
13:25:46 [INFO]   ✓ 19394123  n_px=47  rrs_8=0.00124  CHL_NN=0.457
13:25:46 [INFO] [20240918] 1 location(s)
13:25:48 [INFO]   ✓ 19394123  n_px=47  rrs_8=0.00124  CHL_NN=0.472
13:25:48 [INFO] [20240919] 1 location(s)
13:25:49 [INFO]   ✓ 19394123  n_px=44  rrs_8=0.00127  CHL_NN=0.472
13:25:49 [INFO] [20240920] 1 location(s)
13:25:51 [INFO]   ✓ 19394123  n_px=0  rrs_8=nan  CHL_NN=0.630
13:25:51 [INFO] [20240921] 1 location(s)
13:25:52 [INFO]   ✗ 19394123  no valid data in -3d window
13:25:52 [INFO] [20240922] 1 location(s)
13:25:54 [INFO]   ✗ 19394123  no valid data in -3d window
13:25:54 [INFO] [20240923] 1 location(s)
13:25:55 [INFO]   ✗ 19394123  no valid data in -3d window
13:25:55 [INFO] [20240924] 1 location(s)
13:25:57 [INFO]   ✓ 19394123  n_px=85  rrs_8=0.01744  CHL_NN=0.740
13:25:57 [INFO] [20240925] 1 location(s)
13:25:58 [INFO]   ✓ 19394123  n_px=102  rrs_8=0.01720  CHL_NN=0.724
13:25:58 [INFO] [20240926] 1 location(s)
13:26:00 [INFO]   ✓ 19394123  n_px=102  rrs_8=0.01720  CHL_NN=0.724
13:26:00 [INFO] [20240927] 1 location(s)
13:26:02 [INFO]   ✓ 19394123  n_px=102  rrs_8=0.01720  CHL_NN=0.724
13:26:02 [INFO] [20240928] 1 location(s)
13:26:04 [INFO]   ✓ 19394123  n_px=56  rrs_8=0.00301  CHL_NN=0.630
13:26:04 [INFO] [20240929] 1 location(s)
13:26:05 [INFO]   ✓ 19394123  n_px=51  rrs_8=0.00258  CHL_NN=0.614
13:26:05 [INFO] [20240930] 1 location(s)
13:26:07 [INFO]   ✓ 19394123  n_px=58  rrs_8=0.00220  CHL_NN=0.646
13:26:07 [INFO] [20241001] 1 location(s)
13:26:08 [INFO]   ✓ 19394123  n_px=58  rrs_8=0.00220  CHL_NN=0.646
13:26:08 [INFO] [20241002] 1 location(s)
13:26:10 [INFO]   ✓ 19394123  n_px=85  rrs_8=0.00292  CHL_NN=0.661
13:26:10 [INFO] [20241003] 1 location(s)
13:26:11 [INFO]   ✓ 19394123  n_px=75  rrs_8=0.00333  CHL_NN=0.661
13:26:11 [INFO] [20241004] 1 location(s)
13:26:13 [INFO]   ✓ 19394123  n_px=76  rrs_8=0.00331  CHL_NN=0.630
13:26:13 [INFO] [20241005] 55 location(s)
13:26:15 [INFO]   ✓ 50683906  n_px=102  rrs_8=0.00486  CHL_NN=0.630
13:26:16 [INFO]   ✓ 62303938  n_px=56  rrs_8=0.00170  CHL_NN=0.614
13:26:18 [INFO]   ✓ 49892506  n_px=39  rrs_8=0.00104  CHL_NN=1.693
13:26:19 [INFO]   ✓ 00475930  n_px=57  rrs_8=0.00091  CHL_NN=1.811
13:26:21 [INFO]   ✓ 09053290  n_px=37  rrs_8=0.00073  CHL_NN=1.701
13:26:22 [INFO]   ✓ 09153990  n_px=121  rrs_8=0.00408  CHL_NN=1.795
13:26:23 [INFO]   ✓ 09155942  n_px=82  rrs_8=0.00149  CHL_NN=1.748
13:26:24 [INFO]   ✓ 98911251  n_px=35  rrs_8=0.00080  CHL_NN=1.417
13:26:26 [INFO]   ✓ 61918069  n_px=47  rrs_8=0.00140  CHL_NN=1.701
13:26:27 [INFO]   ✓ 40749128  n_px=47  rrs_8=0.00087  CHL_NN=1.701
13:26:29 [INFO]   ✓ 63406585  n_px=59  rrs_8=0.00131  CHL_NN=0.110
13:26:30 [INFO]   ✓ 79408791  n_px=48  rrs_8=0.00083  CHL_NN=0.646
13:26:32 [INFO]   ✓ 35268289  n_px=51  rrs_8=0.10482  CHL_NN=1.795
13:26:33 [INFO]   ✓ 19023079  n_px=61  rrs_8=0.00098  CHL_NN=0.929
13:26:35 [INFO]   ✓ 41652350  n_px=83  rrs_8=0.00367  CHL_NN=1.669
13:26:36 [INFO]   ✓ 82709491  n_px=55  rrs_8=0.00109  CHL_NN=1.843
13:26:38 [INFO]   ✓ 84617205  n_px=114  rrs_8=0.00262  CHL_NN=1.780
13:26:39 [INFO]   ✓ 36774849  n_px=65  rrs_8=0.00208  CHL_NN=1.260
13:26:41 [INFO]   ✓ 06500312  n_px=42  rrs_8=0.00107  CHL_NN=1.732
13:26:42 [INFO]   ✓ 45359466  n_px=72  rrs_8=0.00133  CHL_NN=1.890
13:26:43 [INFO]   ✓ 20799462  n_px=52  rrs_8=0.08005  CHL_NN=1.780
13:26:44 [INFO]   ✓ 35592331  n_px=24  rrs_8=0.00134  CHL_NN=1.559
13:26:45 [INFO]   ✓ 39598235  n_px=31  rrs_8=0.00082  CHL_NN=1.685
13:26:46 [INFO]   ✓ 42973060  n_px=34  rrs_8=0.00084  CHL_NN=1.638
13:26:48 [INFO]   ✓ 19394123  n_px=91  rrs_8=0.00325  CHL_NN=0.630
13:26:50 [INFO]   ✓ 81559297  n_px=72  rrs_8=0.00200  CHL_NN=1.472
13:26:51 [INFO]   ✓ 06372005  n_px=46  rrs_8=0.00141  CHL_NN=1.591
13:26:52 [INFO]   ✓ 73406441  n_px=67  rrs_8=0.00137  CHL_NN=0.220
13:26:53 [INFO]   ✓ 93057410  n_px=91  rrs_8=0.00311  CHL_NN=1.685
13:26:54 [INFO]   ✓ 69153205  n_px=38  rrs_8=0.00740  CHL_NN=1.685
13:26:55 [INFO]   ✓ 73643394  n_px=55  rrs_8=0.00139  CHL_NN=1.819
13:26:56 [INFO]   ✓ 48617474  n_px=56  rrs_8=0.00150  CHL_NN=1.693
13:26:57 [INFO]   ✓ 11288363  n_px=110  rrs_8=0.00363  CHL_NN=1.701
13:26:58 [INFO]   ✓ 99883865  n_px=72  rrs_8=0.00119  CHL_NN=1.575
13:26:59 [INFO]   ✓ 87517911  n_px=74  rrs_8=0.00176  CHL_NN=1.417
13:27:00 [INFO]   ✓ 47779473  n_px=156  rrs_8=0.01196  CHL_NN=1.866
13:27:02 [INFO]   ✓ 14324476  n_px=38  rrs_8=0.00095  CHL_NN=1.685
13:27:03 [INFO]   ✓ 00203674  n_px=30  rrs_8=0.00084  CHL_NN=1.654
13:27:04 [INFO]   ✓ 22625967  n_px=69  rrs_8=0.00140  CHL_NN=1.630
13:27:05 [INFO]   ✓ 86488343  n_px=52  rrs_8=0.00229  CHL_NN=1.669
13:27:06 [INFO]   ✓ 29747483  n_px=92  rrs_8=0.00297  CHL_NN=1.732
13:27:07 [INFO]   ✓ 13742829  n_px=105  rrs_8=0.00243  CHL_NN=1.685
13:27:08 [INFO]   ✓ 13086798  n_px=99  rrs_8=0.00402  CHL_NN=0.630
13:27:09 [INFO]   ✓ 60682829  n_px=38  rrs_8=0.00080  CHL_NN=1.811
13:27:10 [INFO]   ✓ 00886655  n_px=40  rrs_8=0.00114  CHL_NN=0.598
13:27:11 [INFO]   ✓ 94194578  n_px=80  rrs_8=0.00266  CHL_NN=1.827
13:27:12 [INFO]   ✓ 25847365  n_px=111  rrs_8=0.00600  CHL_NN=0.677
13:27:14 [INFO]   ✓ 53016953  n_px=102  rrs_8=0.00561  CHL_NN=0.630
13:27:16 [INFO]   ✓ 70120850  n_px=99  rrs_8=0.00236  CHL_NN=1.614
13:27:17 [INFO]   ✓ 70403647  n_px=72  rrs_8=0.00173  CHL_NN=0.173
13:27:18 [INFO]   ✓ 59531897  n_px=51  rrs_8=0.00151  CHL_NN=1.669
13:27:19 [INFO]   ✓ 68181149  n_px=54  rrs_8=0.00112  CHL_NN=1.276
13:27:20 [INFO]   ✓ 96808778  n_px=70  rrs_8=0.00123  CHL_NN=0.567
13:27:21 [INFO]   ✓ 46872718  n_px=97  rrs_8=0.00210  CHL_NN=1.827
13:27:22 [INFO]   ✓ 03287254  n_px=47  rrs_8=0.00146  CHL_NN=1.102
13:27:22 [INFO] [20241006] 57 location(s)
13:27:23 [INFO]   ✓ 92666137  n_px=130  rrs_8=0.00391  CHL_NN=1.472
13:27:24 [INFO]   ✓ 25005866  n_px=93  rrs_8=0.00540  CHL_NN=1.701
13:27:25 [INFO]   ✓ 32194121  n_px=80  rrs_8=0.00569  CHL_NN=1.795
13:27:27 [INFO]   ✓ 51412690  n_px=109  rrs_8=0.00422  CHL_NN=1.575
13:27:28 [INFO]   ✓ 51786383  n_px=128  rrs_8=0.00344  CHL_NN=1.732
13:27:29 [INFO]   ✓ 94342342  n_px=96  rrs_8=0.00408  CHL_NN=1.220
13:27:31 [INFO]   ✓ 52018596  n_px=78  rrs_8=0.00272  CHL_NN=1.591
13:27:32 [INFO]   ✓ 93359092  n_px=103  rrs_8=0.00673  CHL_NN=0.693
13:27:33 [INFO]   ✓ 98530398  n_px=103  rrs_8=0.00384  CHL_NN=1.575
13:27:34 [INFO]   ✓ 51013507  n_px=109  rrs_8=0.00349  CHL_NN=1.575
13:27:35 [INFO]   ✓ 21084982  n_px=151  rrs_8=0.00464  CHL_NN=1.102
13:27:36 [INFO]   ✓ 27476810  n_px=109  rrs_8=0.00389  CHL_NN=1.575
13:27:38 [INFO]   ✓ 15982375  n_px=82  rrs_8=0.00415  CHL_NN=1.717
13:27:39 [INFO]   ✓ 41702149  n_px=105  rrs_8=0.00397  CHL_NN=1.402
13:27:40 [INFO]   ✓ 31693668  n_px=112  rrs_8=0.00375  CHL_NN=1.575
13:27:42 [INFO]   ✓ 87148027  n_px=87  rrs_8=0.00270  CHL_NN=1.795
13:27:43 [INFO]   ✓ 90899251  n_px=82  rrs_8=0.00238  CHL_NN=1.701
13:27:43 [INFO]   ✓ 41485390  n_px=66  rrs_8=0.00258  CHL_NN=1.606
13:27:45 [INFO]   ✓ 35171194  n_px=85  rrs_8=0.00250  CHL_NN=1.732
13:27:46 [INFO]   ✓ 40243161  n_px=77  rrs_8=0.00272  CHL_NN=1.441
13:27:47 [INFO]   ✓ 13681775  n_px=72  rrs_8=0.00355  CHL_NN=1.748
13:27:48 [INFO]   ✓ 85237359  n_px=76  rrs_8=0.00236  CHL_NN=1.701
13:27:49 [INFO]   ✓ 57042321  n_px=79  rrs_8=0.00236  CHL_NN=1.685
13:27:50 [INFO]   ✓ 84756573  n_px=91  rrs_8=0.00340  CHL_NN=1.465
13:27:51 [INFO]   ✓ 40859475  n_px=89  rrs_8=0.00256  CHL_NN=1.795
13:27:52 [INFO]   ✓ 77292475  n_px=57  rrs_8=0.00120  CHL_NN=1.402
13:27:53 [INFO]   ✓ 51100985  n_px=73  rrs_8=0.00276  CHL_NN=1.575
13:27:54 [INFO]   ✓ 95014039  n_px=103  rrs_8=0.00389  CHL_NN=1.559
13:27:55 [INFO]   ✓ 19437629  n_px=78  rrs_8=0.00236  CHL_NN=1.685
13:27:57 [INFO]   ✓ 19394123  n_px=72  rrs_8=0.00353  CHL_NN=0.614
13:27:59 [INFO]   ✓ 03509343  n_px=79  rrs_8=0.00236  CHL_NN=1.701
13:28:00 [INFO]   ✓ 00410391  n_px=50  rrs_8=0.09049  CHL_NN=1.661
13:28:01 [INFO]   ✓ 88673423  n_px=153  rrs_8=0.00490  CHL_NN=1.189
13:28:02 [INFO]   ✓ 11094232  n_px=91  rrs_8=0.00263  CHL_NN=1.480
13:28:04 [INFO]   ✓ 91126099  n_px=106  rrs_8=0.00332  CHL_NN=1.488
13:28:05 [INFO]   ✓ 48994903  n_px=87  rrs_8=0.00340  CHL_NN=1.465
13:28:06 [INFO]   ✓ 44719301  n_px=79  rrs_8=0.00236  CHL_NN=1.685
13:28:08 [INFO]   ✓ 90471359  n_px=113  rrs_8=0.00384  CHL_NN=1.559
13:28:09 [INFO]   ✓ 90216972  n_px=143  rrs_8=0.00635  CHL_NN=0.787
13:28:10 [INFO]   ✓ 62878090  n_px=141  rrs_8=0.00464  CHL_NN=0.858
13:28:11 [INFO]   ✓ 21591191  n_px=103  rrs_8=0.00552  CHL_NN=1.780
13:28:13 [INFO]   ✓ 33361438  n_px=69  rrs_8=0.00221  CHL_NN=1.543
13:28:14 [INFO]   ✓ 05975628  n_px=91  rrs_8=0.00256  CHL_NN=1.780
13:28:15 [INFO]   ✓ 38513944  n_px=107  rrs_8=0.00386  CHL_NN=1.575
13:28:16 [INFO]   ✓ 65867409  n_px=150  rrs_8=0.00549  CHL_NN=0.598
13:28:17 [INFO]   ✓ 89443068  n_px=107  rrs_8=0.00371  CHL_NN=1.543
13:28:18 [INFO]   ✓ 98374737  n_px=83  rrs_8=0.00430  CHL_NN=1.717
13:28:19 [INFO]   ✓ 53863348  n_px=149  rrs_8=0.00508  CHL_NN=1.378
13:28:20 [INFO]   ✓ 57813669  n_px=150  rrs_8=0.00499  CHL_NN=1.378
13:28:21 [INFO]   ✓ 01829582  n_px=81  rrs_8=0.00195  CHL_NN=1.575
13:28:22 [INFO]   ✓ 54543033  n_px=73  rrs_8=0.00223  CHL_NN=1.512
13:28:23 [INFO]   ✓ 63434891  n_px=151  rrs_8=0.00503  CHL_NN=1.386
13:28:24 [INFO]   ✓ 20962354  n_px=124  rrs_8=0.00433  CHL_NN=1.638
13:28:25 [INFO]   ✓ 76729533  n_px=84  rrs_8=0.00320  CHL_NN=1.441
13:28:26 [INFO]   ✓ 89734908  n_px=136  rrs_8=0.00364  CHL_NN=1.465
13:28:27 [INFO]   ✓ 26966780  n_px=150  rrs_8=0.00504  CHL_NN=1.354
13:28:28 [INFO]   ✓ 70362478  n_px=46  rrs_8=0.00240  CHL_NN=1.433
13:28:28 [INFO] [20241007] 55 location(s)
13:28:29 [INFO]   ✓ 58343925  n_px=57  rrs_8=0.00329  CHL_NN=1.591
13:28:31 [INFO]   ✓ 56909352  n_px=94  rrs_8=0.00504  CHL_NN=1.717
13:28:32 [INFO]   ✓ 83949746  n_px=93  rrs_8=0.01030  CHL_NN=1.717
13:28:33 [INFO]   ✓ 15393481  n_px=103  rrs_8=0.01001  CHL_NN=0.976
13:28:34 [INFO]   ✓ 71266238  n_px=36  rrs_8=0.00149  CHL_NN=0.236
13:28:35 [INFO]   ✓ 58406229  n_px=104  rrs_8=0.00995  CHL_NN=1.055
13:28:37 [INFO]   ✓ 82788069  n_px=53  rrs_8=0.00796  CHL_NN=0.614
13:28:38 [INFO]   ✓ 00222964  n_px=65  rrs_8=0.12173  CHL_NN=1.677
13:28:40 [INFO]   ✓ 99177844  n_px=119  rrs_8=0.00800  CHL_NN=0.614
13:28:41 [INFO]   ✓ 32237727  n_px=88  rrs_8=0.00348  CHL_NN=0.472
13:28:42 [INFO]   ✓ 95256674  n_px=25  rrs_8=0.00148  CHL_NN=0.220
13:28:43 [INFO]   ✓ 65319344  n_px=87  rrs_8=0.00411  CHL_NN=1.606
13:28:45 [INFO]   ✓ 60340271  n_px=25  rrs_8=0.00142  CHL_NN=0.220
13:28:46 [INFO]   ✓ 11672917  n_px=36  rrs_8=0.00183  CHL_NN=0.772
13:28:47 [INFO]   ✓ 26268011  n_px=25  rrs_8=0.00181  CHL_NN=1.055
13:28:48 [INFO]   ✓ 48653466  n_px=84  rrs_8=0.00481  CHL_NN=1.701
13:28:50 [INFO]   ✓ 19394123  n_px=73  rrs_8=0.00289  CHL_NN=0.504
13:28:51 [INFO]   ✓ 53344638  n_px=85  rrs_8=0.00774  CHL_NN=1.717
13:28:52 [INFO]   ✓ 94788700  n_px=43  rrs_8=0.00195  CHL_NN=0.780
13:28:53 [INFO]   ✓ 48880762  n_px=29  rrs_8=0.00142  CHL_NN=0.220
13:28:54 [INFO]   ✓ 77610772  n_px=32  rrs_8=0.00133  CHL_NN=0.205
13:28:55 [INFO]   ✓ 52923592  n_px=140  rrs_8=0.00782  CHL_NN=0.283
13:28:56 [INFO]   ✓ 04103031  n_px=42  rrs_8=0.00152  CHL_NN=0.252
13:28:57 [INFO]   ✓ 80831622  n_px=77  rrs_8=0.01160  CHL_NN=1.709
13:28:58 [INFO]   ✓ 65494724  n_px=87  rrs_8=0.00538  CHL_NN=1.701
13:29:00 [INFO]   ✓ 03263360  n_px=55  rrs_8=0.11667  CHL_NN=1.646
13:29:01 [INFO]   ✓ 90425947  n_px=90  rrs_8=0.00466  CHL_NN=1.543
13:29:03 [INFO]   ✓ 50578060  n_px=67  rrs_8=0.00494  CHL_NN=0.472
13:29:04 [INFO]   ✓ 23936026  n_px=63  rrs_8=0.00849  CHL_NN=1.528
13:29:05 [INFO]   ✓ 05904682  n_px=91  rrs_8=0.00798  CHL_NN=1.717
13:29:06 [INFO]   ✓ 05379451  n_px=92  rrs_8=0.00999  CHL_NN=1.717
13:29:07 [INFO]   ✓ 66844878  n_px=107  rrs_8=0.00721  CHL_NN=0.504
13:29:08 [INFO]   ✓ 31967688  n_px=85  rrs_8=0.01030  CHL_NN=1.717
13:29:09 [INFO]   ✓ 62350503  n_px=103  rrs_8=0.07912  CHL_NN=1.732
13:29:10 [INFO]   ✓ 92681685  n_px=98  rrs_8=0.00598  CHL_NN=1.717
13:29:11 [INFO]   ✓ 82704154  n_px=29  rrs_8=0.00144  CHL_NN=0.220
13:29:12 [INFO]   ✓ 30273872  n_px=65  rrs_8=0.06776  CHL_NN=0.559
13:29:13 [INFO]   ✓ 86444956  n_px=90  rrs_8=0.00853  CHL_NN=0.535
13:29:15 [INFO]   ✓ 62337346  n_px=60  rrs_8=0.08844  CHL_NN=1.669
13:29:16 [INFO]   ✓ 06625680  n_px=44  rrs_8=0.00196  CHL_NN=0.795
13:29:17 [INFO]   ✓ 42165319  n_px=31  rrs_8=0.00155  CHL_NN=0.236
13:29:17 [INFO]   ✓ 80247318  n_px=106  rrs_8=0.08446  CHL_NN=1.732
13:29:18 [INFO]   ✓ 46924808  n_px=89  rrs_8=0.09856  CHL_NN=1.717
13:29:19 [INFO]   ✓ 74682647  n_px=100  rrs_8=0.03983  CHL_NN=1.732
13:29:20 [INFO]   ✓ 35742910  n_px=137  rrs_8=0.00633  CHL_NN=1.197
13:29:21 [INFO]   ✓ 35890805  n_px=27  rrs_8=0.00144  CHL_NN=0.220
13:29:22 [INFO]   ✓ 74653421  n_px=74  rrs_8=0.01146  CHL_NN=1.669
13:29:23 [INFO]   ✓ 91550068  n_px=39  rrs_8=0.00146  CHL_NN=0.205
13:29:24 [INFO]   ✓ 64566755  n_px=46  rrs_8=0.12109  CHL_NN=1.543
13:29:25 [INFO]   ✓ 76521877  n_px=87  rrs_8=0.00518  CHL_NN=1.701
13:29:26 [INFO]   ✓ 72071324  n_px=74  rrs_8=0.01074  CHL_NN=1.717
13:29:27 [INFO]   ✓ 61795978  n_px=98  rrs_8=0.00595  CHL_NN=1.717
13:29:29 [INFO]   ✓ 34361574  n_px=117  rrs_8=0.00664  CHL_NN=0.677
13:29:30 [INFO]   ✓ 56276468  n_px=103  rrs_8=0.00981  CHL_NN=0.976
13:29:31 [INFO]   ✓ 07513916  n_px=137  rrs_8=0.00811  CHL_NN=0.567
13:29:31 [INFO] [20241008] 51 location(s)
13:29:32 [INFO]   ✓ 33185724  n_px=52  rrs_8=0.00179  CHL_NN=0.268
13:29:33 [INFO]   ✓ 33123840  n_px=117  rrs_8=0.11504  CHL_NN=1.654
13:29:34 [INFO]   ✓ 13553301  n_px=63  rrs_8=0.00170  CHL_NN=0.189
13:29:36 [INFO]   ✓ 22507245  n_px=7  rrs_8=0.00584  CHL_NN=1.260
13:29:37 [INFO]   ✓ 51850698  n_px=91  rrs_8=0.00230  CHL_NN=0.268
13:29:38 [INFO]   ✓ 55946625  n_px=9  rrs_8=0.00274  CHL_NN=0.921
13:29:39 [INFO]   ✓ 67301909  n_px=42  rrs_8=0.00144  CHL_NN=0.205
13:29:40 [INFO]   ✓ 19394123  n_px=55  rrs_8=0.00362  CHL_NN=0.661
13:29:42 [INFO]   ✓ 39918288  n_px=114  rrs_8=0.11732  CHL_NN=1.638
13:29:43 [INFO]   ✓ 93922588  n_px=41  rrs_8=0.00172  CHL_NN=0.236
13:29:44 [INFO]   ✓ 50338891  n_px=20  rrs_8=0.00148  CHL_NN=0.866
13:29:45 [INFO]   ✓ 82640766  n_px=13  rrs_8=0.00278  CHL_NN=0.748
13:29:46 [INFO]   ✓ 42241931  n_px=35  rrs_8=0.00159  CHL_NN=0.583
13:29:47 [INFO]   ✓ 84245178  n_px=38  rrs_8=0.00216  CHL_NN=1.000
13:29:49 [INFO]   ✓ 90470220  n_px=119  rrs_8=0.11504  CHL_NN=1.654
13:29:50 [INFO]   ✓ 21865216  n_px=58  rrs_8=0.00170  CHL_NN=0.173
13:29:52 [INFO]   ✓ 48732835  n_px=35  rrs_8=0.00146  CHL_NN=0.189
13:29:53 [INFO]   ✓ 39014569  n_px=80  rrs_8=0.00491  CHL_NN=1.197
13:29:54 [INFO]   ✓ 90479687  n_px=77  rrs_8=0.11792  CHL_NN=1.598
13:29:55 [INFO]   ✓ 21776223  n_px=35  rrs_8=0.00157  CHL_NN=0.189
13:29:56 [INFO]   ✓ 35420978  n_px=38  rrs_8=0.00185  CHL_NN=0.520
13:29:58 [INFO]   ✓ 29680057  n_px=69  rrs_8=0.00109  CHL_NN=0.220
13:29:59 [INFO]   ✓ 72556863  n_px=38  rrs_8=0.00126  CHL_NN=0.173
13:30:00 [INFO]   ✓ 65664636  n_px=37  rrs_8=0.00230  CHL_NN=0.819
13:30:01 [INFO]   ✓ 34284952  n_px=109  rrs_8=0.00320  CHL_NN=0.299
13:30:02 [INFO]   ✓ 79570031  n_px=102  rrs_8=0.11548  CHL_NN=1.701
13:30:03 [INFO]   ✓ 37639076  n_px=85  rrs_8=0.10821  CHL_NN=0.189
13:30:04 [INFO]   ✓ 81304494  n_px=21  rrs_8=0.08767  CHL_NN=1.717
13:30:05 [INFO]   ✓ 22194581  n_px=54  rrs_8=0.00887  CHL_NN=1.614
13:30:06 [INFO]   ✓ 14171354  n_px=48  rrs_8=0.00226  CHL_NN=0.638
13:30:07 [INFO]   ✓ 15329390  n_px=70  rrs_8=0.00266  CHL_NN=0.252
13:30:08 [INFO]   ✓ 02926437  n_px=92  rrs_8=0.10510  CHL_NN=0.213
13:30:09 [INFO]   ✓ 20861240  n_px=39  rrs_8=0.00239  CHL_NN=0.772
13:30:10 [INFO]   ✓ 59123725  n_px=42  rrs_8=0.00163  CHL_NN=0.205
13:30:11 [INFO]   ✓ 06613097  n_px=53  rrs_8=0.00157  CHL_NN=0.268
13:30:13 [INFO]   ✓ 14863785  n_px=13  rrs_8=0.02435  CHL_NN=1.260
13:30:14 [INFO]   ✓ 22259241  n_px=114  rrs_8=0.11543  CHL_NN=1.638
13:30:15 [INFO]   ✓ 84518034  n_px=113  rrs_8=0.11717  CHL_NN=1.638
13:30:16 [INFO]   ✗ 77780544  no valid data in -3d window
13:30:17 [INFO]   ✓ 91331128  n_px=43  rrs_8=0.00329  CHL_NN=1.213
13:30:18 [INFO]   ✓ 62955080  n_px=42  rrs_8=0.00214  CHL_NN=0.567
13:30:19 [INFO]   ✓ 99661859  n_px=40  rrs_8=0.00216  CHL_NN=0.850
13:30:20 [INFO]   ✓ 04943129  n_px=39  rrs_8=0.00157  CHL_NN=0.205
13:30:21 [INFO]   ✓ 71097012  n_px=38  rrs_8=0.01655  CHL_NN=0.433
13:30:22 [INFO]   ✓ 44328841  n_px=31  rrs_8=0.00177  CHL_NN=0.819
13:30:23 [INFO]   ✓ 00107718  n_px=44  rrs_8=0.00156  CHL_NN=0.102
13:30:24 [INFO]   ✓ 67909945  n_px=67  rrs_8=0.00181  CHL_NN=0.189
13:30:25 [INFO]   ✓ 94530370  n_px=78  rrs_8=0.00210  CHL_NN=0.236
13:30:26 [INFO]   ✓ 64576547  n_px=47  rrs_8=0.00146  CHL_NN=0.094
13:30:28 [INFO]   ✓ 58821627  n_px=79  rrs_8=0.00267  CHL_NN=0.157
13:30:29 [INFO]   ✓ 27508067  n_px=48  rrs_8=0.00195  CHL_NN=0.244
13:30:29 [INFO] [20241009] 50 location(s)
13:30:30 [INFO]   ✓ 83694750  n_px=71  rrs_8=0.00252  CHL_NN=0.583
13:30:31 [INFO]   ✓ 31339776  n_px=79  rrs_8=0.00234  CHL_NN=0.567
13:30:33 [INFO]   ✓ 14364579  n_px=49  rrs_8=0.00087  CHL_NN=0.110
13:30:35 [INFO]   ✓ 38492391  n_px=59  rrs_8=0.00100  CHL_NN=0.142
13:30:36 [INFO]   ✓ 90386125  n_px=61  rrs_8=0.00104  CHL_NN=0.220
13:30:37 [INFO]   ✓ 90283661  n_px=60  rrs_8=0.00153  CHL_NN=0.409
13:30:38 [INFO]   ✓ 96791063  n_px=33  rrs_8=0.00223  CHL_NN=0.614
13:30:40 [INFO]   ✓ 29453809  n_px=79  rrs_8=0.00204  CHL_NN=1.055
13:30:41 [INFO]   ✓ 29758313  n_px=69  rrs_8=0.00320  CHL_NN=0.976
13:30:42 [INFO]   ✓ 58814789  n_px=70  rrs_8=0.00333  CHL_NN=0.945
13:30:43 [INFO]   ✓ 32884820  n_px=42  rrs_8=0.00154  CHL_NN=0.394
13:30:45 [INFO]   ✓ 97901645  n_px=54  rrs_8=0.00217  CHL_NN=0.630
13:30:46 [INFO]   ✓ 05849296  n_px=27  rrs_8=0.00144  CHL_NN=0.315
13:30:47 [INFO]   ✓ 71580572  n_px=73  rrs_8=0.00153  CHL_NN=0.362
13:30:48 [INFO]   ✓ 72755359  n_px=90  rrs_8=0.00161  CHL_NN=0.409
13:30:49 [INFO]   ✓ 69958757  n_px=34  rrs_8=0.00139  CHL_NN=0.331
13:30:50 [INFO]   ✓ 57807732  n_px=68  rrs_8=0.00113  CHL_NN=0.236
13:30:52 [INFO]   ✓ 62655214  n_px=27  rrs_8=0.00144  CHL_NN=0.315
13:30:53 [INFO]   ✓ 31887339  n_px=60  rrs_8=0.00172  CHL_NN=0.268
13:30:54 [INFO]   ✓ 23095856  n_px=49  rrs_8=0.00225  CHL_NN=0.614
13:30:55 [INFO]   ✓ 86126715  n_px=66  rrs_8=0.00149  CHL_NN=0.614
13:30:56 [INFO]   ✓ 98649706  n_px=50  rrs_8=0.00155  CHL_NN=0.315
13:30:57 [INFO]   ✓ 06274069  n_px=60  rrs_8=0.00106  CHL_NN=0.126
13:30:58 [INFO]   ✓ 86994506  n_px=71  rrs_8=0.00096  CHL_NN=0.283
13:30:59 [INFO]   ✓ 44098758  n_px=74  rrs_8=0.00106  CHL_NN=0.268
13:31:00 [INFO]   ✓ 36745244  n_px=45  rrs_8=0.00208  CHL_NN=0.630
13:31:01 [INFO]   ✓ 88351815  n_px=72  rrs_8=0.00114  CHL_NN=0.236
13:31:02 [INFO]   ✓ 86481103  n_px=69  rrs_8=0.00340  CHL_NN=1.024
13:31:05 [INFO]   ✓ 63286033  n_px=68  rrs_8=0.11781  CHL_NN=0.598
13:31:06 [INFO]   ✓ 93315278  n_px=44  rrs_8=0.00150  CHL_NN=0.331
13:31:07 [INFO]   ✓ 61284091  n_px=59  rrs_8=0.00104  CHL_NN=0.142
13:31:08 [INFO]   ✓ 14584424  n_px=38  rrs_8=0.00171  CHL_NN=0.457
13:31:09 [INFO]   ✓ 74537332  n_px=81  rrs_8=0.00140  CHL_NN=0.126
13:31:11 [INFO]   ✓ 19394123  n_px=43  rrs_8=0.00351  CHL_NN=0.661
13:31:12 [INFO]   ✓ 25743305  n_px=39  rrs_8=0.00181  CHL_NN=0.551
13:31:13 [INFO]   ✓ 63721919  n_px=71  rrs_8=0.00115  CHL_NN=0.236
13:31:14 [INFO]   ✓ 52891243  n_px=85  rrs_8=0.00184  CHL_NN=0.315
13:31:15 [INFO]   ✓ 70771991  n_px=63  rrs_8=0.00183  CHL_NN=0.299
13:31:16 [INFO]   ✓ 95033332  n_px=33  rrs_8=0.00212  CHL_NN=0.630
13:31:18 [INFO]   ✓ 83126850  n_px=50  rrs_8=0.00225  CHL_NN=0.614
13:31:19 [INFO]   ✓ 41324654  n_px=69  rrs_8=0.00151  CHL_NN=0.283
13:31:20 [INFO]   ✓ 73680620  n_px=81  rrs_8=0.00214  CHL_NN=0.969
13:31:21 [INFO]   ✓ 10448122  n_px=51  rrs_8=0.00107  CHL_NN=0.181
13:31:22 [INFO]   ✓ 73566184  n_px=46  rrs_8=0.00232  CHL_NN=0.614
13:31:23 [INFO]   ✓ 20478280  n_px=40  rrs_8=0.00188  CHL_NN=0.425
13:31:24 [INFO]   ✓ 33911412  n_px=48  rrs_8=0.00112  CHL_NN=0.488
13:31:25 [INFO]   ✓ 10518333  n_px=77  rrs_8=0.00259  CHL_NN=0.945
13:31:26 [INFO]   ✓ 85040510  n_px=53  rrs_8=0.00228  CHL_NN=0.614
13:31:27 [INFO]   ✓ 83212367  n_px=81  rrs_8=0.00144  CHL_NN=0.346
13:31:28 [INFO]   ✓ 46909905  n_px=34  rrs_8=0.00144  CHL_NN=0.362
13:31:28 [INFO] [20241010] 53 location(s)
13:31:30 [INFO]   ✓ 31963061  n_px=101  rrs_8=0.00311  CHL_NN=1.465
13:31:32 [INFO]   ✓ 29883295  n_px=96  rrs_8=0.00474  CHL_NN=1.173
13:31:33 [INFO]   ✓ 24120724  n_px=105  rrs_8=0.00334  CHL_NN=1.071
13:31:34 [INFO]   ✓ 41895854  n_px=103  rrs_8=0.00516  CHL_NN=0.457
13:31:35 [INFO]   ✓ 32781930  n_px=80  rrs_8=0.00174  CHL_NN=0.394
13:31:36 [INFO]   ✓ 00528974  n_px=106  rrs_8=0.00349  CHL_NN=1.118
13:31:37 [INFO]   ✓ 51049010  n_px=65  rrs_8=0.00139  CHL_NN=0.126
13:31:39 [INFO]   ✓ 14018397  n_px=68  rrs_8=0.00159  CHL_NN=0.630
13:31:40 [INFO]   ✓ 78868272  n_px=108  rrs_8=0.00366  CHL_NN=0.220
13:31:41 [INFO]   ✓ 68982881  n_px=120  rrs_8=0.00264  CHL_NN=1.087
13:31:43 [INFO]   ✓ 85838743  n_px=101  rrs_8=0.00184  CHL_NN=0.236
13:31:44 [INFO]   ✓ 87078127  n_px=48  rrs_8=0.00185  CHL_NN=0.520
13:31:45 [INFO]   ✓ 38807735  n_px=89  rrs_8=0.00239  CHL_NN=0.803
13:31:46 [INFO]   ✓ 51850093  n_px=58  rrs_8=0.00212  CHL_NN=0.520
13:31:47 [INFO]   ✓ 69119211  n_px=131  rrs_8=0.00320  CHL_NN=0.165
13:31:48 [INFO]   ✓ 23670370  n_px=82  rrs_8=0.00190  CHL_NN=0.378
13:31:49 [INFO]   ✓ 36218701  n_px=120  rrs_8=0.00282  CHL_NN=0.110
13:31:50 [INFO]   ✓ 60340527  n_px=122  rrs_8=0.00266  CHL_NN=1.087
13:31:51 [INFO]   ✓ 49564711  n_px=57  rrs_8=0.00214  CHL_NN=0.520
13:31:52 [INFO]   ✓ 13497433  n_px=91  rrs_8=0.00230  CHL_NN=0.945
13:31:53 [INFO]   ✓ 49421232  n_px=94  rrs_8=0.00161  CHL_NN=0.157
13:31:55 [INFO]   ✓ 60842710  n_px=83  rrs_8=0.00190  CHL_NN=0.961
13:31:56 [INFO]   ✓ 70848362  n_px=109  rrs_8=0.00413  CHL_NN=0.520
13:31:57 [INFO]   ✓ 34437786  n_px=96  rrs_8=0.00496  CHL_NN=1.197
13:31:58 [INFO]   ✓ 20245354  n_px=108  rrs_8=0.00512  CHL_NN=1.134
13:32:00 [INFO]   ✓ 67064534  n_px=94  rrs_8=0.00512  CHL_NN=1.213
13:32:01 [INFO]   ✓ 64267492  n_px=124  rrs_8=0.00264  CHL_NN=1.087
13:32:02 [INFO]   ✓ 56027273  n_px=78  rrs_8=0.00230  CHL_NN=0.992
13:32:04 [INFO]   ✓ 61764736  n_px=40  rrs_8=0.00182  CHL_NN=0.488
13:32:05 [INFO]   ✓ 69466323  n_px=116  rrs_8=0.00410  CHL_NN=1.591
13:32:06 [INFO]   ✓ 84124230  n_px=78  rrs_8=0.00605  CHL_NN=1.055
13:32:07 [INFO]   ✓ 85007935  n_px=88  rrs_8=0.10993  CHL_NN=0.205
13:32:08 [INFO]   ✓ 26095424  n_px=72  rrs_8=0.00182  CHL_NN=0.504
13:32:10 [INFO]   ✓ 58724094  n_px=54  rrs_8=0.00149  CHL_NN=0.535
13:32:11 [INFO]   ✓ 16019598  n_px=90  rrs_8=0.00228  CHL_NN=0.866
13:32:12 [INFO]   ✓ 46674273  n_px=93  rrs_8=0.00181  CHL_NN=1.055
13:32:13 [INFO]   ✓ 83713377  n_px=73  rrs_8=0.00164  CHL_NN=0.441
13:32:14 [INFO]   ✓ 53786125  n_px=100  rrs_8=0.00455  CHL_NN=1.165
13:32:16 [INFO]   ✓ 95287908  n_px=61  rrs_8=0.00148  CHL_NN=0.457
13:32:17 [INFO]   ✓ 43200043  n_px=104  rrs_8=0.00334  CHL_NN=1.126
13:32:18 [INFO]   ✓ 96528611  n_px=100  rrs_8=0.00265  CHL_NN=0.961
13:32:19 [INFO]   ✓ 34000786  n_px=116  rrs_8=0.00398  CHL_NN=0.157
13:32:20 [INFO]   ✓ 39429649  n_px=91  rrs_8=0.00428  CHL_NN=0.252
13:32:21 [INFO]   ✓ 25216120  n_px=100  rrs_8=0.00190  CHL_NN=0.236
13:32:22 [INFO]   ✓ 19579326  n_px=47  rrs_8=0.00155  CHL_NN=0.457
13:32:24 [INFO]   ✓ 50497284  n_px=83  rrs_8=0.00190  CHL_NN=0.378
13:32:25 [INFO]   ✓ 58819022  n_px=82  rrs_8=0.00323  CHL_NN=0.520
13:32:26 [INFO]   ✓ 59317591  n_px=115  rrs_8=0.02054  CHL_NN=1.402
13:32:27 [INFO]   ✓ 96977915  n_px=71  rrs_8=0.00276  CHL_NN=0.205
13:32:28 [INFO]   ✓ 95509768  n_px=83  rrs_8=0.00193  CHL_NN=0.945
13:32:29 [INFO]   ✓ 95896175  n_px=84  rrs_8=0.00201  CHL_NN=0.504
13:32:31 [INFO]   ✓ 19394123  n_px=20  rrs_8=0.00291  CHL_NN=0.661
13:32:32 [INFO]   ✓ 87822114  n_px=83  rrs_8=0.00190  CHL_NN=0.961
13:32:32 [INFO] [20241011] 57 location(s)
13:32:33 [INFO]   ✓ 15115518  n_px=74  rrs_8=0.00111  CHL_NN=0.079
13:32:34 [INFO]   ✓ 35210629  n_px=113  rrs_8=0.01310  CHL_NN=0.717
13:32:36 [INFO]   ✓ 14806740  n_px=71  rrs_8=0.00232  CHL_NN=0.189
13:32:37 [INFO]   ✓ 22500559  n_px=71  rrs_8=0.00124  CHL_NN=0.079
13:32:38 [INFO]   ✓ 84338230  n_px=35  rrs_8=0.00118  CHL_NN=0.189
13:32:39 [INFO]   ✓ 40825500  n_px=82  rrs_8=0.00114  CHL_NN=0.087
13:32:40 [INFO]   ✓ 22940995  n_px=96  rrs_8=0.00158  CHL_NN=0.079
13:32:42 [INFO]   ✓ 73904058  n_px=51  rrs_8=0.00159  CHL_NN=0.315
13:32:43 [INFO]   ✓ 11961213  n_px=73  rrs_8=0.00109  CHL_NN=0.079
13:32:44 [INFO]   ✓ 11093486  n_px=62  rrs_8=0.00124  CHL_NN=0.094
13:32:45 [INFO]   ✓ 34900307  n_px=97  rrs_8=0.00131  CHL_NN=0.268
13:32:47 [INFO]   ✓ 47638729  n_px=74  rrs_8=0.00111  CHL_NN=0.079
13:32:48 [INFO]   ✓ 15284479  n_px=66  rrs_8=0.00122  CHL_NN=0.079
13:32:49 [INFO]   ✓ 70651751  n_px=55  rrs_8=0.00140  CHL_NN=0.441
13:32:50 [INFO]   ✓ 92507994  n_px=97  rrs_8=0.00172  CHL_NN=0.126
13:32:51 [INFO]   ✓ 92586427  n_px=96  rrs_8=0.00151  CHL_NN=0.079
13:32:52 [INFO]   ✓ 72098859  n_px=100  rrs_8=0.00140  CHL_NN=0.079
13:32:53 [INFO]   ✓ 65447184  n_px=79  rrs_8=0.00126  CHL_NN=0.079
13:32:56 [INFO]   ✓ 19394123  n_px=18  rrs_8=0.00329  CHL_NN=0.693
13:32:57 [INFO]   ✓ 93556519  n_px=84  rrs_8=0.00129  CHL_NN=0.079
13:32:58 [INFO]   ✓ 69991679  n_px=71  rrs_8=0.00111  CHL_NN=0.094
13:32:59 [INFO]   ✓ 52840770  n_px=99  rrs_8=0.00318  CHL_NN=1.543
13:33:01 [INFO]   ✓ 51675288  n_px=111  rrs_8=0.01450  CHL_NN=1.299
13:33:01 [INFO]   ✓ 02126217  n_px=79  rrs_8=0.00120  CHL_NN=0.079
13:33:02 [INFO]   ✓ 54723301  n_px=74  rrs_8=0.00161  CHL_NN=0.394
13:33:03 [INFO]   ✓ 26359192  n_px=91  rrs_8=0.00587  CHL_NN=0.126
13:33:05 [INFO]   ✓ 46582041  n_px=90  rrs_8=0.00303  CHL_NN=0.425
13:33:06 [INFO]   ✓ 09640918  n_px=91  rrs_8=0.00309  CHL_NN=0.425
13:33:07 [INFO]   ✓ 27131300  n_px=91  rrs_8=0.00351  CHL_NN=0.283
13:33:08 [INFO]   ✓ 09157607  n_px=63  rrs_8=0.00124  CHL_NN=0.079
13:33:10 [INFO]   ✓ 73215305  n_px=61  rrs_8=0.00157  CHL_NN=0.315
13:33:11 [INFO]   ✓ 41590588  n_px=72  rrs_8=0.00170  CHL_NN=0.220
13:33:11 [INFO]   ✓ 57329035  n_px=82  rrs_8=0.00330  CHL_NN=0.433
13:33:13 [INFO]   ✓ 98763569  n_px=49  rrs_8=0.00146  CHL_NN=0.441
13:33:13 [INFO]   ✓ 55550346  n_px=76  rrs_8=0.00120  CHL_NN=0.094
13:33:14 [INFO]   ✓ 97566717  n_px=62  rrs_8=0.00112  CHL_NN=0.079
13:33:16 [INFO]   ✓ 69070657  n_px=78  rrs_8=0.00111  CHL_NN=0.094
13:33:17 [INFO]   ✓ 38350620  n_px=90  rrs_8=0.00170  CHL_NN=0.118
13:33:18 [INFO]   ✓ 41421917  n_px=58  rrs_8=0.00144  CHL_NN=0.409
13:33:19 [INFO]   ✓ 55900546  n_px=80  rrs_8=0.00137  CHL_NN=0.094
13:33:20 [INFO]   ✓ 78320210  n_px=82  rrs_8=0.00120  CHL_NN=0.094
13:33:21 [INFO]   ✓ 28386499  n_px=56  rrs_8=0.00156  CHL_NN=0.315
13:33:22 [INFO]   ✓ 01744255  n_px=41  rrs_8=0.00126  CHL_NN=0.331
13:33:23 [INFO]   ✓ 98948603  n_px=80  rrs_8=0.00141  CHL_NN=0.386
13:33:24 [INFO]   ✓ 35000681  n_px=79  rrs_8=0.00159  CHL_NN=0.299
13:33:25 [INFO]   ✓ 30418776  n_px=104  rrs_8=0.00443  CHL_NN=1.181
13:33:26 [INFO]   ✓ 08900568  n_px=67  rrs_8=0.00269  CHL_NN=0.882
13:33:27 [INFO]   ✓ 76190814  n_px=74  rrs_8=0.00111  CHL_NN=0.094
13:33:28 [INFO]   ✓ 08500890  n_px=59  rrs_8=0.00159  CHL_NN=0.378
13:33:29 [INFO]   ✓ 08128981  n_px=92  rrs_8=0.00151  CHL_NN=0.079
13:33:30 [INFO]   ✓ 23683356  n_px=74  rrs_8=0.00128  CHL_NN=0.087
13:33:31 [INFO]   ✓ 76662972  n_px=77  rrs_8=0.00161  CHL_NN=0.394
13:33:32 [INFO]   ✓ 91788909  n_px=95  rrs_8=0.00146  CHL_NN=0.079
13:33:34 [INFO]   ✓ 51156624  n_px=113  rrs_8=0.01305  CHL_NN=0.646
13:33:35 [INFO]   ✓ 24921046  n_px=117  rrs_8=0.00239  CHL_NN=0.165
13:33:36 [INFO]   ✓ 54951544  n_px=84  rrs_8=0.00112  CHL_NN=0.079
13:33:37 [INFO]   ✓ 18691590  n_px=96  rrs_8=0.00324  CHL_NN=0.394
13:33:37 [INFO] [20241012] 55 location(s)
13:33:38 [INFO]   ✓ 43538975  n_px=92  rrs_8=0.00332  CHL_NN=0.173
13:33:40 [INFO]   ✓ 24604638  n_px=66  rrs_8=0.00131  CHL_NN=1.402
13:33:41 [INFO]   ✓ 29743410  n_px=114  rrs_8=0.00649  CHL_NN=1.181
13:33:42 [INFO]   ✓ 79577418  n_px=60  rrs_8=0.00142  CHL_NN=1.134
13:33:43 [INFO]   ✓ 27714679  n_px=117  rrs_8=0.00382  CHL_NN=0.740
13:33:44 [INFO]   ✓ 77157940  n_px=111  rrs_8=0.00688  CHL_NN=1.622
13:33:45 [INFO]   ✓ 61840815  n_px=110  rrs_8=0.01357  CHL_NN=1.417
13:33:46 [INFO]   ✓ 19526743  n_px=128  rrs_8=0.07744  CHL_NN=1.638
13:33:47 [INFO]   ✓ 31390195  n_px=95  rrs_8=0.00252  CHL_NN=1.480
13:33:49 [INFO]   ✓ 95222998  n_px=68  rrs_8=0.00141  CHL_NN=1.244
13:33:50 [INFO]   ✓ 24990532  n_px=119  rrs_8=0.00703  CHL_NN=1.606
13:33:51 [INFO]   ✓ 43496427  n_px=101  rrs_8=0.00250  CHL_NN=1.449
13:33:52 [INFO]   ✓ 76252572  n_px=128  rrs_8=0.01570  CHL_NN=1.465
13:33:54 [INFO]   ✓ 51392435  n_px=60  rrs_8=0.00164  CHL_NN=0.126
13:33:55 [INFO]   ✓ 36191146  n_px=62  rrs_8=0.00136  CHL_NN=0.583
13:33:56 [INFO]   ✓ 18169017  n_px=140  rrs_8=0.01656  CHL_NN=1.661
13:33:57 [INFO]   ✓ 90476701  n_px=62  rrs_8=0.00141  CHL_NN=1.150
13:33:59 [INFO]   ✓ 98933053  n_px=101  rrs_8=0.00267  CHL_NN=1.559
13:34:00 [INFO]   ✓ 08194130  n_px=86  rrs_8=0.00235  CHL_NN=1.449
13:34:01 [INFO]   ✓ 15473309  n_px=63  rrs_8=0.00137  CHL_NN=0.614
13:34:02 [INFO]   ✓ 82633512  n_px=63  rrs_8=0.00140  CHL_NN=1.165
13:34:03 [INFO]   ✓ 27609605  n_px=95  rrs_8=0.00269  CHL_NN=1.480
13:34:04 [INFO]   ✓ 37805516  n_px=61  rrs_8=0.00133  CHL_NN=1.433
13:34:05 [INFO]   ✓ 56158417  n_px=63  rrs_8=0.00137  CHL_NN=1.417
13:34:06 [INFO]   ✓ 85711450  n_px=56  rrs_8=0.00139  CHL_NN=1.181
13:34:08 [INFO]   ✓ 79033057  n_px=114  rrs_8=0.00353  CHL_NN=1.370
13:34:09 [INFO]   ✓ 55328591  n_px=46  rrs_8=0.00160  CHL_NN=1.118
13:34:10 [INFO]   ✓ 73134040  n_px=128  rrs_8=0.00550  CHL_NN=1.181
13:34:11 [INFO]   ✓ 14075116  n_px=137  rrs_8=0.02400  CHL_NN=1.646
13:34:12 [INFO]   ✓ 13614352  n_px=95  rrs_8=0.00250  CHL_NN=1.480
13:34:13 [INFO]   ✓ 28626886  n_px=85  rrs_8=0.00203  CHL_NN=1.433
13:34:14 [INFO]   ✓ 35490769  n_px=107  rrs_8=0.01184  CHL_NN=1.591
13:34:15 [INFO]   ✓ 98068916  n_px=63  rrs_8=0.00137  CHL_NN=1.417
13:34:16 [INFO]   ✓ 59649185  n_px=87  rrs_8=0.00410  CHL_NN=1.213
13:34:18 [INFO]   ✓ 39758799  n_px=116  rrs_8=0.00731  CHL_NN=1.606
13:34:19 [INFO]   ✓ 55738313  n_px=69  rrs_8=0.00148  CHL_NN=1.260
13:34:20 [INFO]   ✓ 53943410  n_px=101  rrs_8=0.00497  CHL_NN=1.039
13:34:21 [INFO]   ✓ 02624693  n_px=133  rrs_8=0.01096  CHL_NN=1.622
13:34:22 [INFO]   ✓ 70870147  n_px=94  rrs_8=0.00379  CHL_NN=1.071
13:34:23 [INFO]   ✓ 39992842  n_px=66  rrs_8=0.00151  CHL_NN=1.276
13:34:24 [INFO]   ✓ 48077118  n_px=108  rrs_8=0.00399  CHL_NN=1.260
13:34:25 [INFO]   ✓ 28594910  n_px=116  rrs_8=0.00280  CHL_NN=1.394
13:34:27 [INFO]   ✓ 13188422  n_px=71  rrs_8=0.00142  CHL_NN=0.622
13:34:28 [INFO]   ✓ 22621589  n_px=105  rrs_8=0.00464  CHL_NN=0.157
13:34:29 [INFO]   ✓ 15742388  n_px=103  rrs_8=0.00318  CHL_NN=1.008
13:34:30 [INFO]   ✓ 47109570  n_px=66  rrs_8=0.00141  CHL_NN=1.244
13:34:30 [INFO]   ✓ 43178434  n_px=134  rrs_8=0.01680  CHL_NN=1.528
13:34:31 [INFO]   ✓ 15707251  n_px=67  rrs_8=0.00146  CHL_NN=1.244
13:34:33 [INFO]   ✓ 74164067  n_px=79  rrs_8=0.00142  CHL_NN=1.386
13:34:34 [INFO]   ✓ 19394123  n_px=12  rrs_8=0.00489  CHL_NN=0.693
13:34:35 [INFO]   ✓ 57132506  n_px=125  rrs_8=0.00882  CHL_NN=1.323
13:34:36 [INFO]   ✓ 26980008  n_px=112  rrs_8=0.01310  CHL_NN=1.417
13:34:38 [INFO]   ✓ 44771376  n_px=117  rrs_8=0.00518  CHL_NN=1.150
13:34:39 [INFO]   ✓ 53369388  n_px=70  rrs_8=0.00137  CHL_NN=1.244
13:34:40 [INFO]   ✓ 26760389  n_px=87  rrs_8=0.00170  CHL_NN=1.260
13:34:40 [INFO] [20241013] 50 location(s)
13:34:42 [INFO]   ✓ 93393504  n_px=94  rrs_8=0.00224  CHL_NN=0.913
13:34:43 [INFO]   ✓ 93392107  n_px=95  rrs_8=0.00102  CHL_NN=1.370
13:34:44 [INFO]   ✓ 14937257  n_px=99  rrs_8=0.00805  CHL_NN=1.669
13:34:45 [INFO]   ✓ 87977035  n_px=83  rrs_8=0.00225  CHL_NN=1.528
13:34:46 [INFO]   ✓ 87099626  n_px=83  rrs_8=0.00234  CHL_NN=1.008
13:34:48 [INFO]   ✓ 85623476  n_px=116  rrs_8=0.00970  CHL_NN=1.701
13:34:49 [INFO]   ✓ 20574179  n_px=89  rrs_8=0.00294  CHL_NN=1.465
13:34:50 [INFO]   ✓ 13129733  n_px=55  rrs_8=0.00219  CHL_NN=1.008
13:34:51 [INFO]   ✓ 98431249  n_px=93  rrs_8=0.00499  CHL_NN=0.425
13:34:52 [INFO]   ✓ 23549391  n_px=99  rrs_8=0.00199  CHL_NN=1.630
13:34:53 [INFO]   ✓ 83209031  n_px=122  rrs_8=0.01545  CHL_NN=1.614
13:34:55 [INFO]   ✓ 88684969  n_px=120  rrs_8=0.01767  CHL_NN=1.606
13:34:56 [INFO]   ✓ 19394123  n_px=12  rrs_8=0.00489  CHL_NN=0.693
13:34:57 [INFO]   ✓ 95133411  n_px=112  rrs_8=0.00855  CHL_NN=1.591
13:34:59 [INFO]   ✓ 07065582  n_px=92  rrs_8=0.00321  CHL_NN=0.961
13:35:00 [INFO]   ✓ 25933035  n_px=111  rrs_8=0.00811  CHL_NN=0.228
13:35:01 [INFO]   ✓ 15051990  n_px=112  rrs_8=0.00664  CHL_NN=1.654
13:35:03 [INFO]   ✓ 85240770  n_px=98  rrs_8=0.00217  CHL_NN=0.638
13:35:04 [INFO]   ✓ 89625362  n_px=99  rrs_8=0.00886  CHL_NN=1.134
13:35:05 [INFO]   ✓ 75132858  n_px=98  rrs_8=0.00199  CHL_NN=1.614
13:35:06 [INFO]   ✓ 07757387  n_px=99  rrs_8=0.00338  CHL_NN=0.457
13:35:07 [INFO]   ✓ 28425482  n_px=118  rrs_8=0.00970  CHL_NN=1.701
13:35:08 [INFO]   ✓ 12672756  n_px=68  rrs_8=0.00195  CHL_NN=1.071
13:35:09 [INFO]   ✓ 18770712  n_px=146  rrs_8=0.08922  CHL_NN=1.685
13:35:10 [INFO]   ✓ 05329508  n_px=105  rrs_8=0.00886  CHL_NN=1.402
13:35:11 [INFO]   ✓ 67698445  n_px=98  rrs_8=0.00799  CHL_NN=1.008
13:35:12 [INFO]   ✓ 99446426  n_px=84  rrs_8=0.00836  CHL_NN=1.591
13:35:13 [INFO]   ✓ 41684096  n_px=118  rrs_8=0.00984  CHL_NN=1.575
13:35:14 [INFO]   ✓ 63389594  n_px=108  rrs_8=0.01090  CHL_NN=1.701
13:35:15 [INFO]   ✓ 34899666  n_px=109  rrs_8=0.00692  CHL_NN=1.110
13:35:16 [INFO]   ✓ 20811836  n_px=122  rrs_8=0.00278  CHL_NN=1.102
13:35:18 [INFO]   ✓ 41180153  n_px=63  rrs_8=0.00197  CHL_NN=1.496
13:35:19 [INFO]   ✓ 60105105  n_px=117  rrs_8=0.10332  CHL_NN=1.661
13:35:20 [INFO]   ✓ 44440203  n_px=82  rrs_8=0.00188  CHL_NN=1.535
13:35:21 [INFO]   ✓ 51910067  n_px=86  rrs_8=0.00235  CHL_NN=1.496
13:35:22 [INFO]   ✓ 42537784  n_px=95  rrs_8=0.00690  CHL_NN=1.465
13:35:23 [INFO]   ✓ 46122169  n_px=133  rrs_8=0.01056  CHL_NN=1.669
13:35:24 [INFO]   ✓ 50425666  n_px=92  rrs_8=0.00154  CHL_NN=1.244
13:35:25 [INFO]   ✓ 67175312  n_px=129  rrs_8=0.01164  CHL_NN=1.638
13:35:26 [INFO]   ✓ 38960948  n_px=92  rrs_8=0.00337  CHL_NN=0.945
13:35:27 [INFO]   ✓ 62734872  n_px=110  rrs_8=0.00441  CHL_NN=1.622
13:35:28 [INFO]   ✓ 73899661  n_px=108  rrs_8=0.00324  CHL_NN=1.701
13:35:29 [INFO]   ✓ 53281746  n_px=91  rrs_8=0.00225  CHL_NN=1.402
13:35:30 [INFO]   ✓ 49996227  n_px=81  rrs_8=0.00221  CHL_NN=1.008
13:35:31 [INFO]   ✓ 51728386  n_px=96  rrs_8=0.00313  CHL_NN=1.543
13:35:32 [INFO]   ✓ 33456966  n_px=115  rrs_8=0.00974  CHL_NN=1.717
13:35:34 [INFO]   ✓ 66266385  n_px=118  rrs_8=0.00952  CHL_NN=1.701
13:35:35 [INFO]   ✓ 66280653  n_px=111  rrs_8=0.00690  CHL_NN=1.701
13:35:36 [INFO]   ✓ 55073165  n_px=129  rrs_8=0.03376  CHL_NN=1.748
13:35:37 [INFO]   ✓ 59468990  n_px=70  rrs_8=0.00172  CHL_NN=0.630
13:35:37 [INFO] [20241014] 35 location(s)
13:35:38 [INFO]   ✓ 54841894  n_px=61  rrs_8=0.00120  CHL_NN=1.543
13:35:40 [INFO]   ✓ 19943646  n_px=93  rrs_8=0.00201  CHL_NN=1.134
13:35:41 [INFO]   ✓ 91033527  n_px=105  rrs_8=0.00204  CHL_NN=1.709
13:35:43 [INFO]   ✓ 01106869  n_px=69  rrs_8=0.00148  CHL_NN=1.480
13:35:44 [INFO]   ✓ 16272339  n_px=115  rrs_8=0.00219  CHL_NN=1.134
13:35:45 [INFO]   ✓ 74968149  n_px=71  rrs_8=0.00137  CHL_NN=1.386
13:35:47 [INFO]   ✓ 97468887  n_px=72  rrs_8=0.00117  CHL_NN=0.945
13:35:48 [INFO]   ✓ 22008045  n_px=112  rrs_8=0.00206  CHL_NN=1.701
13:35:49 [INFO]   ✓ 21638901  n_px=71  rrs_8=0.00139  CHL_NN=1.354
13:35:50 [INFO]   ✓ 12672756  n_px=102  rrs_8=0.00228  CHL_NN=1.087
13:35:51 [INFO]   ✓ 88863014  n_px=63  rrs_8=0.00126  CHL_NN=1.134
13:35:53 [INFO]   ✓ 35383528  n_px=115  rrs_8=0.00221  CHL_NN=1.213
13:35:54 [INFO]   ✓ 56660340  n_px=64  rrs_8=0.00152  CHL_NN=1.528
13:35:55 [INFO]   ✓ 92819608  n_px=64  rrs_8=0.00121  CHL_NN=1.543
13:35:57 [INFO]   ✓ 26504574  n_px=86  rrs_8=0.00152  CHL_NN=1.449
13:35:58 [INFO]   ✓ 35896367  n_px=62  rrs_8=0.00118  CHL_NN=1.449
13:35:59 [INFO]   ✓ 02459839  n_px=62  rrs_8=0.00154  CHL_NN=1.299
13:36:00 [INFO]   ✓ 24262211  n_px=59  rrs_8=0.00122  CHL_NN=1.134
13:36:02 [INFO]   ✓ 54142006  n_px=108  rrs_8=0.00192  CHL_NN=1.693
13:36:03 [INFO]   ✓ 35887623  n_px=64  rrs_8=0.00150  CHL_NN=1.528
13:36:04 [INFO]   ✓ 60944669  n_px=63  rrs_8=0.00104  CHL_NN=1.512
13:36:05 [INFO]   ✓ 32725125  n_px=60  rrs_8=0.00128  CHL_NN=1.150
13:36:06 [INFO]   ✓ 78997141  n_px=103  rrs_8=0.00206  CHL_NN=1.701
13:36:07 [INFO]   ✓ 44990309  n_px=63  rrs_8=0.00126  CHL_NN=1.150
13:36:08 [INFO]   ✓ 81667182  n_px=59  rrs_8=0.00126  CHL_NN=1.150
13:36:09 [INFO]   ✓ 66625041  n_px=72  rrs_8=0.00143  CHL_NN=1.354
13:36:11 [INFO]   ✓ 19394123  n_px=11  rrs_8=0.00494  CHL_NN=0.693
13:36:12 [INFO]   ✓ 04277028  n_px=63  rrs_8=0.00150  CHL_NN=1.543
13:36:13 [INFO]   ✓ 44582750  n_px=73  rrs_8=0.00137  CHL_NN=1.354
13:36:14 [INFO]   ✓ 03540494  n_px=76  rrs_8=0.00192  CHL_NN=1.717
13:36:16 [INFO]   ✓ 62430795  n_px=63  rrs_8=0.00122  CHL_NN=1.543
13:36:17 [INFO]   ✓ 39085891  n_px=85  rrs_8=0.00148  CHL_NN=1.606
13:36:18 [INFO]   ✓ 59987987  n_px=73  rrs_8=0.00118  CHL_NN=1.291
13:36:19 [INFO]   ✓ 71072765  n_px=62  rrs_8=0.00152  CHL_NN=1.543
13:36:21 [INFO]   ✓ 02462526  n_px=67  rrs_8=0.00122  CHL_NN=1.134
13:36:21 [INFO] [20241015] 3 location(s)
13:36:22 [INFO]   ✓ 15052826  n_px=67  rrs_8=0.00137  CHL_NN=0.976
13:36:23 [INFO]   ✓ 82908717  n_px=98  rrs_8=0.00169  CHL_NN=1.071
13:36:25 [INFO]   ✓ 19394123  n_px=11  rrs_8=0.00587  CHL_NN=0.693
13:36:25 [INFO] [20241016] 1 location(s)
13:36:26 [INFO]   ✓ 19394123  n_px=82  rrs_8=0.01504  CHL_NN=0.677
13:36:26 [INFO] [20241017] 1 location(s)
13:36:28 [INFO]   ✓ 19394123  n_px=82  rrs_8=0.01504  CHL_NN=0.677
13:36:28 [INFO] [20241018] 1 location(s)
13:36:29 [INFO]   ✓ 19394123  n_px=81  rrs_8=0.01525  CHL_NN=0.709
13:36:29 [INFO] [20241019] 1 location(s)
13:36:30 [INFO]   ✓ 19394123  n_px=80  rrs_8=0.01504  CHL_NN=0.709
13:36:30 [INFO] [20241020] 1 location(s)
13:36:31 [INFO]   ✓ 19394123  n_px=45  rrs_8=0.00880  CHL_NN=0.709
13:36:31 [INFO] [20241021] 1 location(s)
13:36:33 [INFO]   ✓ 19394123  n_px=45  rrs_8=0.00880  CHL_NN=0.709
13:36:33 [INFO] [20241022] 1 location(s)
13:36:34 [INFO]   ✓ 19394123  n_px=69  rrs_8=0.00681  CHL_NN=0.693
13:36:34 [INFO] [20241023] 1 location(s)
13:36:36 [INFO]   ✓ 19394123  n_px=41  rrs_8=0.00367  CHL_NN=0.677
13:36:36 [INFO] [20241024] 1 location(s)
13:36:38 [INFO]   ✓ 19394123  n_px=35  rrs_8=0.00311  CHL_NN=0.677
13:36:38 [INFO] [20241025] 1 location(s)
13:36:40 [INFO]   ✓ 19394123  n_px=15  rrs_8=0.00411  CHL_NN=0.661
13:36:40 [INFO] [20241026] 1 location(s)
13:36:41 [INFO]   ✓ 19394123  n_px=15  rrs_8=0.00411  CHL_NN=0.661
13:36:41 [INFO] [20241027] 1 location(s)
13:36:43 [INFO]   ✓ 19394123  n_px=27  rrs_8=0.00503  CHL_NN=0.677
13:36:43 [INFO] [20241028] 1 location(s)
13:36:44 [INFO]   ✓ 19394123  n_px=39  rrs_8=0.00541  CHL_NN=0.677
13:36:44 [INFO] [20241029] 1 location(s)
13:36:46 [INFO]   ✓ 19394123  n_px=44  rrs_8=0.00515  CHL_NN=0.709
13:36:46 [INFO] [20241030] 1 location(s)
13:36:47 [INFO]   ✓ 19394123  n_px=44  rrs_8=0.00515  CHL_NN=0.709
13:36:47 [INFO] [20241031] 1 location(s)
13:36:49 [INFO]   ✓ 19394123  n_px=83  rrs_8=0.00377  CHL_NN=0.709
13:36:49 [INFO] [20241101] 1 location(s)
13:36:50 [INFO]   ✓ 19394123  n_px=39  rrs_8=0.00258  CHL_NN=0.709
13:36:50 [INFO] [20241102] 1 location(s)
13:36:52 [INFO]   ✓ 19394123  n_px=75  rrs_8=0.01268  CHL_NN=0.677
13:36:52 [INFO] [20241103] 1 location(s)
13:36:53 [INFO]   ✓ 19394123  n_px=76  rrs_8=0.01293  CHL_NN=0.677
13:36:53 [INFO] [20241104] 1 location(s)
13:36:55 [INFO]   ✓ 19394123  n_px=76  rrs_8=0.01293  CHL_NN=0.646
13:36:55 [INFO] [20241105] 1 location(s)
13:36:56 [INFO]   ✓ 19394123  n_px=76  rrs_8=0.01293  CHL_NN=0.661
13:36:56 [INFO] [20241106] 1 location(s)
13:36:58 [INFO]   ✓ 19394123  n_px=32  rrs_8=0.00766  CHL_NN=0.677
13:36:58 [INFO] [20241107] 1 location(s)
13:36:59 [INFO]   ✓ 19394123  n_px=26  rrs_8=0.00709  CHL_NN=0.677
13:36:59 [INFO] [20241108] 1 location(s)
13:37:00 [INFO]   ✓ 19394123  n_px=27  rrs_8=0.00704  CHL_NN=0.677
13:37:00 [INFO] [20241109] 1 location(s)
13:37:02 [INFO]   ✓ 19394123  n_px=38  rrs_8=0.00857  CHL_NN=0.693
13:37:02 [INFO] [20241110] 1 location(s)
13:37:03 [INFO]   ✓ 19394123  n_px=63  rrs_8=0.00728  CHL_NN=0.693
13:37:03 [INFO] [20241111] 1 location(s)
13:37:05 [INFO]   ✓ 19394123  n_px=63  rrs_8=0.00728  CHL_NN=0.693
13:37:05 [INFO] [20241112] 1 location(s)
13:37:06 [INFO]   ✓ 19394123  n_px=76  rrs_8=0.01352  CHL_NN=0.693
13:37:06 [INFO] === 200/449 dates | 1883 records | match=99.2% | 0.09 dates/s | ETA ~46m47s ===
13:37:06 [INFO] Checkpoint → datasets/GULF_OF_MAINE/processed_data/sentinel_3_L2_past3days/bac_features2/sh_s3_features_checkpoint.parquet
13:37:06 [INFO] [20241113] 1 location(s)
13:37:08 [INFO]   ✓ 19394123  n_px=60  rrs_8=0.02398  CHL_NN=0.677
13:37:08 [INFO] [20241114] 1 location(s)
13:37:09 [INFO]   ✓ 19394123  n_px=61  rrs_8=0.02398  CHL_NN=0.646
13:37:09 [INFO] [20241115] 1 location(s)
13:37:11 [INFO]   ✓ 19394123  n_px=61  rrs_8=0.02398  CHL_NN=0.661
13:37:11 [INFO] [20241116] 1 location(s)
13:37:12 [INFO]   ✓ 19394123  n_px=19  rrs_8=0.00871  CHL_NN=0.646
13:37:12 [INFO] [20241117] 1 location(s)
13:37:14 [INFO]   ✓ 19394123  n_px=14  rrs_8=0.00821  CHL_NN=0.661
13:37:14 [INFO] [20241118] 1 location(s)
13:37:16 [INFO]   ✓ 19394123  n_px=57  rrs_8=0.00633  CHL_NN=0.661
13:37:16 [INFO] [20241120] 1 location(s)
13:37:17 [INFO]   ✓ 19394123  n_px=42  rrs_8=0.00466  CHL_NN=0.646
13:37:17 [INFO] [20241121] 1 location(s)
13:37:19 [INFO]   ✓ 19394123  n_px=42  rrs_8=0.00328  CHL_NN=0.598
13:37:19 [INFO] [20241122] 1 location(s)
13:37:20 [INFO]   ✓ 19394123  n_px=35  rrs_8=0.01922  CHL_NN=0.709
13:37:20 [INFO] [20241123] 1 location(s)
13:37:21 [INFO]   ✓ 19394123  n_px=36  rrs_8=0.01868  CHL_NN=0.709
13:37:21 [INFO] [20241124] 1 location(s)
13:37:23 [INFO]   ✓ 19394123  n_px=67  rrs_8=0.03729  CHL_NN=0.772
13:37:23 [INFO] [20241125] 1 location(s)
13:37:24 [INFO]   ✓ 19394123  n_px=72  rrs_8=0.03557  CHL_NN=0.772
13:37:24 [INFO] [20241126] 1 location(s)
13:37:26 [INFO]   ✓ 19394123  n_px=76  rrs_8=0.02889  CHL_NN=0.677
13:37:26 [INFO] [20241127] 1 location(s)
13:37:27 [INFO]   ✓ 19394123  n_px=76  rrs_8=0.02889  CHL_NN=0.709
13:37:27 [INFO] [20241128] 1 location(s)
13:37:29 [INFO]   ✓ 19394123  n_px=20  rrs_8=0.01170  CHL_NN=0.693
13:37:29 [INFO] [20241129] 1 location(s)
13:37:30 [INFO]   ✓ 19394123  n_px=41  rrs_8=0.00485  CHL_NN=0.677
13:37:30 [INFO] [20241130] 1 location(s)
13:37:32 [INFO]   ✓ 19394123  n_px=95  rrs_8=0.01301  CHL_NN=0.693
13:37:32 [INFO] [20241201] 1 location(s)
13:37:33 [INFO]   ✓ 19394123  n_px=95  rrs_8=0.01301  CHL_NN=0.614
13:37:33 [INFO] [20241202] 1 location(s)
13:37:35 [INFO]   ✓ 19394123  n_px=95  rrs_8=0.01301  CHL_NN=0.646
13:37:35 [INFO] [20241203] 1 location(s)
13:37:36 [INFO]   ✓ 19394123  n_px=95  rrs_8=0.01301  CHL_NN=0.646
13:37:36 [INFO] [20241204] 1 location(s)
13:37:38 [INFO]   ✓ 19394123  n_px=52  rrs_8=0.00576  CHL_NN=0.646
13:37:38 [INFO] [20241205] 1 location(s)
13:37:39 [INFO]   ✓ 19394123  n_px=52  rrs_8=0.00576  CHL_NN=0.646
13:37:39 [INFO] [20241206] 1 location(s)
13:37:41 [INFO]   ✓ 19394123  n_px=143  rrs_8=0.02979  CHL_NN=0.976
13:37:41 [INFO] [20241207] 1 location(s)
13:37:43 [INFO]   ✓ 19394123  n_px=143  rrs_8=0.02979  CHL_NN=0.976
13:37:43 [INFO] [20241208] 1 location(s)
13:37:44 [INFO]   ✓ 19394123  n_px=143  rrs_8=0.02979  CHL_NN=0.976
13:37:44 [INFO] [20241209] 1 location(s)
13:37:46 [INFO]   ✓ 19394123  n_px=143  rrs_8=0.02979  CHL_NN=0.976
13:37:46 [INFO] [20241210] 1 location(s)
13:37:47 [INFO]   ✓ 19394123  n_px=6  rrs_8=0.01416  CHL_NN=0.614
13:37:47 [INFO] [20241211] 1 location(s)
13:37:49 [INFO]   ✗ 19394123  no valid data in -3d window
13:37:49 [INFO] [20241212] 1 location(s)
13:37:50 [INFO]   ✓ 19394123  n_px=48  rrs_8=0.03060  CHL_NN=0.646
13:37:50 [INFO] [20241213] 1 location(s)
13:37:52 [INFO]   ✓ 19394123  n_px=154  rrs_8=0.02966  CHL_NN=0.803
13:37:52 [INFO] [20241214] 1 location(s)
13:37:53 [INFO]   ✓ 19394123  n_px=154  rrs_8=0.02966  CHL_NN=0.803
13:37:53 [INFO] [20241215] 1 location(s)
13:37:55 [INFO]   ✓ 19394123  n_px=154  rrs_8=0.02966  CHL_NN=0.803
13:37:55 [INFO] [20241216] 1 location(s)
13:37:56 [INFO]   ✓ 19394123  n_px=157  rrs_8=0.02924  CHL_NN=0.803
13:37:56 [INFO] [20241217] 1 location(s)
13:37:58 [INFO]   ✓ 19394123  n_px=68  rrs_8=0.01739  CHL_NN=0.646
13:37:58 [INFO] [20241218] 1 location(s)
13:38:00 [INFO]   ✓ 19394123  n_px=23  rrs_8=0.01158  CHL_NN=0.646
13:38:00 [INFO] [20241219] 1 location(s)
13:38:01 [INFO]   ✓ 19394123  n_px=20  rrs_8=0.00639  CHL_NN=0.646
13:38:01 [INFO] [20241220] 1 location(s)
13:38:02 [INFO]   ✓ 19394123  n_px=19  rrs_8=0.00631  CHL_NN=0.646
13:38:02 [INFO] [20241221] 1 location(s)
13:38:03 [INFO]   ✓ 19394123  n_px=19  rrs_8=0.00631  CHL_NN=0.646
13:38:03 [INFO] [20241222] 1 location(s)
13:38:05 [INFO]   ✓ 19394123  n_px=28  rrs_8=0.00682  CHL_NN=0.630
13:38:05 [INFO] [20241223] 1 location(s)
13:38:06 [INFO]   ✓ 19394123  n_px=35  rrs_8=0.00664  CHL_NN=0.614
13:38:06 [INFO] [20241224] 1 location(s)
13:38:08 [INFO]   ✓ 19394123  n_px=35  rrs_8=0.00664  CHL_NN=0.614
13:38:08 [INFO] [20241225] 1 location(s)
13:38:09 [INFO]   ✓ 19394123  n_px=35  rrs_8=0.00664  CHL_NN=0.614
13:38:09 [INFO] [20241226] 1 location(s)
13:38:11 [INFO]   ✓ 19394123  n_px=48  rrs_8=0.00507  CHL_NN=0.362
13:38:11 [INFO] [20241227] 1 location(s)
13:38:12 [INFO]   ✓ 19394123  n_px=40  rrs_8=0.00481  CHL_NN=0.614
13:38:12 [INFO] [20241228] 1 location(s)
13:38:14 [INFO]   ✓ 19394123  n_px=40  rrs_8=0.00481  CHL_NN=0.614
13:38:14 [INFO] [20241229] 1 location(s)
13:38:16 [INFO]   ✓ 19394123  n_px=50  rrs_8=0.00369  CHL_NN=0.614
13:38:16 [INFO] [20241230] 1 location(s)
13:38:17 [INFO]   ✓ 19394123  n_px=50  rrs_8=0.00369  CHL_NN=0.614
13:38:17 [INFO] [20250101] 1 location(s)
13:38:18 [INFO]   ✓ 19394123  n_px=44  rrs_8=0.00936  CHL_NN=0.598
13:38:18 [INFO] [20250102] 1 location(s)
13:38:20 [INFO]   ✓ 19394123  n_px=65  rrs_8=0.04685  CHL_NN=0.850
13:38:20 [INFO] [20250103] 1 location(s)
13:38:21 [INFO]   ✓ 19394123  n_px=73  rrs_8=0.04425  CHL_NN=0.866
13:38:21 [INFO] [20250104] 1 location(s)
13:38:23 [INFO]   ✓ 19394123  n_px=76  rrs_8=0.04218  CHL_NN=0.866
13:38:23 [INFO] [20250105] 1 location(s)
13:38:24 [INFO]   ✓ 19394123  n_px=73  rrs_8=0.03768  CHL_NN=0.866
13:38:24 [INFO] [20250106] 1 location(s)
13:38:26 [INFO]   ✓ 19394123  n_px=71  rrs_8=0.02286  CHL_NN=0.803
13:38:26 [INFO] [20250107] 1 location(s)
13:38:27 [INFO]   ✓ 19394123  n_px=37  rrs_8=0.02244  CHL_NN=0.756
13:38:27 [INFO] [20250108] 1 location(s)
13:38:29 [INFO]   ✓ 19394123  n_px=37  rrs_8=0.01893  CHL_NN=0.646
13:38:29 [INFO] [20250109] 1 location(s)
13:38:30 [INFO]   ✓ 19394123  n_px=17  rrs_8=0.01554  CHL_NN=0.567
13:38:30 [INFO] [20250110] 1 location(s)
13:38:31 [INFO]   ✓ 19394123  n_px=17  rrs_8=0.01554  CHL_NN=0.646
13:38:31 [INFO] [20250111] 1 location(s)
13:38:33 [INFO]   ✓ 19394123  n_px=17  rrs_8=0.01554  CHL_NN=0.646
13:38:33 [INFO] [20250112] 1 location(s)
13:38:35 [INFO]   ✓ 19394123  n_px=42  rrs_8=0.01008  CHL_NN=0.630
13:38:35 [INFO] [20250113] 1 location(s)
13:38:36 [INFO]   ✓ 19394123  n_px=41  rrs_8=0.01010  CHL_NN=0.630
13:38:36 [INFO] [20250114] 1 location(s)
13:38:38 [INFO]   ✓ 19394123  n_px=28  rrs_8=0.00825  CHL_NN=0.614
13:38:38 [INFO] [20250115] 1 location(s)
13:38:39 [INFO]   ✓ 19394123  n_px=41  rrs_8=0.00953  CHL_NN=0.630
13:38:39 [INFO] [20250116] 1 location(s)
13:38:41 [INFO]   ✓ 19394123  n_px=41  rrs_8=0.00988  CHL_NN=0.630
13:38:41 [INFO] [20250117] 1 location(s)
13:38:42 [INFO]   ✓ 19394123  n_px=41  rrs_8=0.00988  CHL_NN=0.630
13:38:42 [INFO] [20250118] 1 location(s)
13:38:44 [INFO]   ✓ 19394123  n_px=49  rrs_8=0.00798  CHL_NN=0.614
13:38:44 [INFO] [20250119] 1 location(s)
13:38:45 [INFO]   ✓ 19394123  n_px=56  rrs_8=0.00716  CHL_NN=0.567
13:38:45 [INFO] [20250120] 1 location(s)
13:38:47 [INFO]   ✓ 19394123  n_px=21  rrs_8=0.00858  CHL_NN=0.646
13:38:47 [INFO] [20250121] 1 location(s)
13:38:48 [INFO]   ✓ 19394123  n_px=19  rrs_8=0.00847  CHL_NN=0.646
13:38:48 [INFO] [20250122] 1 location(s)
13:38:50 [INFO]   ✓ 19394123  n_px=19  rrs_8=0.00847  CHL_NN=0.646
13:38:50 [INFO] [20250123] 1 location(s)
13:38:51 [INFO]   ✓ 19394123  n_px=20  rrs_8=0.00822  CHL_NN=0.646
13:38:51 [INFO] [20250124] 1 location(s)
13:38:53 [INFO]   ✓ 19394123  n_px=70  rrs_8=0.00759  CHL_NN=0.583
13:38:53 [INFO] [20250125] 1 location(s)
13:38:54 [INFO]   ✓ 19394123  n_px=89  rrs_8=0.00757  CHL_NN=0.598
13:38:54 [INFO] [20250126] 1 location(s)
13:38:55 [INFO]   ✓ 19394123  n_px=89  rrs_8=0.00757  CHL_NN=0.598
13:38:55 [INFO] [20250127] 1 location(s)
13:38:57 [INFO]   ✓ 19394123  n_px=85  rrs_8=0.00754  CHL_NN=0.630
13:38:57 [INFO] [20250128] 1 location(s)
13:38:58 [INFO]   ✓ 19394123  n_px=23  rrs_8=0.01019  CHL_NN=0.630
13:38:58 [INFO] [20250129] 1 location(s)
13:39:00 [INFO]   ✓ 19394123  n_px=23  rrs_8=0.01019  CHL_NN=0.630
13:39:00 [INFO] [20250130] 1 location(s)
13:39:01 [INFO]   ✓ 19394123  n_px=23  rrs_8=0.01019  CHL_NN=0.630
13:39:01 [INFO] [20250131] 1 location(s)
13:39:02 [INFO]   ✓ 19394123  n_px=21  rrs_8=0.01014  CHL_NN=0.614
13:39:02 [INFO] [20250201] 1 location(s)
13:39:04 [INFO]   ✓ 19394123  n_px=30  rrs_8=0.00792  CHL_NN=0.535
13:39:04 [INFO] [20250202] 1 location(s)
13:39:05 [INFO]   ✓ 19394123  n_px=31  rrs_8=0.00767  CHL_NN=0.583
13:39:05 [INFO] [20250203] 1 location(s)
13:39:06 [INFO]   ✓ 19394123  n_px=58  rrs_8=0.00986  CHL_NN=0.583
13:39:06 [INFO] [20250204] 1 location(s)
13:39:08 [INFO]   ✓ 19394123  n_px=58  rrs_8=0.00986  CHL_NN=0.583
13:39:08 [INFO] [20250205] 1 location(s)
13:39:09 [INFO]   ✓ 19394123  n_px=58  rrs_8=0.00986  CHL_NN=0.583
13:39:09 [INFO] [20250206] 1 location(s)
13:39:11 [INFO]   ✓ 19394123  n_px=62  rrs_8=0.00613  CHL_NN=0.535
13:39:11 [INFO] [20250207] 1 location(s)
13:39:13 [INFO]   ✓ 19394123  n_px=46  rrs_8=0.00428  CHL_NN=0.535
13:39:13 [INFO] [20250208] 1 location(s)
13:39:14 [INFO]   ✓ 19394123  n_px=46  rrs_8=0.00428  CHL_NN=0.535
13:39:14 [INFO] [20250209] 1 location(s)
13:39:16 [INFO]   ✓ 19394123  n_px=38  rrs_8=0.00424  CHL_NN=0.488
13:39:16 [INFO] [20250210] 1 location(s)
13:39:17 [INFO]   ✓ 19394123  n_px=38  rrs_8=0.00424  CHL_NN=0.488
13:39:17 [INFO] [20250211] 1 location(s)
13:39:19 [INFO]   ✗ 19394123  no valid data in -3d window
13:39:19 [INFO] [20250212] 1 location(s)
13:39:20 [INFO]   ✗ 19394123  no valid data in -3d window
13:39:20 [INFO] [20250213] 1 location(s)
13:39:21 [INFO]   ✗ 19394123  no valid data in -3d window
13:39:21 [INFO] [20250214] 1 location(s)
13:39:23 [INFO]   ✓ 19394123  n_px=34  rrs_8=0.00603  CHL_NN=0.646
13:39:23 [INFO] [20250215] 1 location(s)
13:39:24 [INFO]   ✓ 19394123  n_px=34  rrs_8=0.00603  CHL_NN=0.646
13:39:24 [INFO] [20250216] 1 location(s)
13:39:26 [INFO]   ✓ 19394123  n_px=34  rrs_8=0.00603  CHL_NN=0.646
13:39:26 [INFO] [20250217] 1 location(s)
13:39:27 [INFO]   ✓ 19394123  n_px=74  rrs_8=0.03108  CHL_NN=0.756
13:39:27 [INFO] [20250218] 1 location(s)
13:39:29 [INFO]   ✓ 19394123  n_px=80  rrs_8=0.03077  CHL_NN=0.740
13:39:29 [INFO] [20250324] 9 location(s)
13:39:30 [INFO]   ✓ 10807866  n_px=78  rrs_8=0.00157  CHL_NN=0.535
13:39:32 [INFO]   ✓ 05146790  n_px=70  rrs_8=0.00131  CHL_NN=0.520
13:39:33 [INFO]   ✓ 90095517  n_px=94  rrs_8=0.00168  CHL_NN=1.244
13:39:34 [INFO]   ✓ 69019471  n_px=107  rrs_8=0.00195  CHL_NN=1.213
13:39:36 [INFO]   ✓ 33170890  n_px=103  rrs_8=0.00170  CHL_NN=1.307
13:39:37 [INFO]   ✓ 61279682  n_px=82  rrs_8=0.00195  CHL_NN=0.472
13:39:38 [INFO]   ✓ 56487807  n_px=63  rrs_8=0.00109  CHL_NN=1.299
13:39:40 [INFO]   ✓ 11070869  n_px=96  rrs_8=0.00173  CHL_NN=0.480
13:39:41 [INFO]   ✓ 97551041  n_px=87  rrs_8=0.00150  CHL_NN=1.189
13:39:41 [INFO] [20250325] 60 location(s)
13:39:42 [INFO]   ✓ 58287299  n_px=165  rrs_8=0.12127  CHL_NN=1.717
13:39:44 [INFO]   ✓ 01869257  n_px=163  rrs_8=0.17303  CHL_NN=1.701
13:39:45 [INFO]   ✓ 75648090  n_px=25  rrs_8=0.00243  CHL_NN=0.646
13:39:47 [INFO]   ✓ 01896108  n_px=86  rrs_8=0.00146  CHL_NN=0.504
13:39:48 [INFO]   ✓ 91747517  n_px=39  rrs_8=0.00073  CHL_NN=0.362
13:39:50 [INFO]   ✓ 40863746  n_px=90  rrs_8=0.00157  CHL_NN=0.504
13:39:51 [INFO]   ✓ 05674808  n_px=95  rrs_8=0.07377  CHL_NN=0.646
13:39:53 [INFO]   ✓ 89319149  n_px=6  rrs_8=0.00239  CHL_NN=0.827
13:39:55 [INFO]   ✓ 31052151  n_px=52  rrs_8=0.00210  CHL_NN=0.520
13:39:56 [INFO]   ✓ 50632181  n_px=121  rrs_8=0.00252  CHL_NN=0.535
13:39:58 [INFO]   ✓ 88728804  n_px=33  rrs_8=0.00199  CHL_NN=1.087
13:40:00 [INFO]   ✓ 22787952  n_px=131  rrs_8=0.00230  CHL_NN=0.803
13:40:02 [INFO]   ✓ 07045889  n_px=32  rrs_8=0.00057  CHL_NN=0.252
13:40:04 [INFO]   ✓ 10466498  n_px=165  rrs_8=0.12228  CHL_NN=1.732
13:40:05 [INFO]   ✓ 67576253  n_px=51  rrs_8=0.00111  CHL_NN=0.220
13:40:07 [INFO]   ✓ 57977042  n_px=30  rrs_8=0.00146  CHL_NN=0.441
13:40:08 [INFO]   ✓ 30956647  n_px=48  rrs_8=0.00059  CHL_NN=0.299
13:40:09 [INFO]   ✓ 88464642  n_px=74  rrs_8=0.00191  CHL_NN=1.402
13:40:11 [INFO]   ✓ 41630721  n_px=6  rrs_8=0.00348  CHL_NN=0.488
13:40:12 [INFO]   ✓ 20947567  n_px=70  rrs_8=0.00113  CHL_NN=0.394
13:40:14 [INFO]   ✓ 43733980  n_px=55  rrs_8=0.00076  CHL_NN=0.142
13:40:15 [INFO]   ✓ 74856153  n_px=53  rrs_8=0.00113  CHL_NN=0.457
13:40:16 [INFO]   ✓ 11449952  n_px=52  rrs_8=0.00147  CHL_NN=0.803
13:40:17 [INFO]   ✓ 90345376  n_px=98  rrs_8=0.00162  CHL_NN=0.535
13:40:19 [INFO]   ✓ 73524669  n_px=37  rrs_8=0.00294  CHL_NN=0.740
13:40:20 [INFO]   ✓ 41368059  n_px=37  rrs_8=0.00142  CHL_NN=0.441
13:40:21 [INFO]   ✓ 08670825  n_px=46  rrs_8=0.00128  CHL_NN=0.315
13:40:23 [INFO]   ✓ 97120312  n_px=87  rrs_8=0.00179  CHL_NN=0.504
13:40:24 [INFO]   ✓ 01488348  n_px=32  rrs_8=0.00364  CHL_NN=1.260
13:40:25 [INFO]   ✓ 55405013  n_px=54  rrs_8=0.06309  CHL_NN=1.118
13:40:26 [INFO]   ✓ 56276369  n_px=72  rrs_8=0.00250  CHL_NN=1.244
13:40:27 [INFO]   ✓ 01156232  n_px=38  rrs_8=0.00052  CHL_NN=0.252
13:40:28 [INFO]   ✓ 24436629  n_px=135  rrs_8=0.09589  CHL_NN=1.780
13:40:29 [INFO]   ✓ 78798556  n_px=73  rrs_8=0.00115  CHL_NN=0.472
13:40:31 [INFO]   ✓ 48217910  n_px=57  rrs_8=0.00085  CHL_NN=0.346
13:40:32 [INFO]   ✓ 52968012  n_px=38  rrs_8=0.00060  CHL_NN=0.236
13:40:33 [INFO]   ✓ 17811459  n_px=47  rrs_8=0.00128  CHL_NN=0.472
13:40:34 [INFO]   ✓ 91621173  n_px=82  rrs_8=0.00148  CHL_NN=0.488
13:40:35 [INFO]   ✓ 27495012  n_px=9  rrs_8=0.00291  CHL_NN=1.071
13:40:36 [INFO]   ✓ 54515879  n_px=75  rrs_8=0.00247  CHL_NN=0.583
13:40:37 [INFO]   ✓ 82427470  n_px=109  rrs_8=0.00183  CHL_NN=1.063
13:40:38 [INFO]   ✓ 27415599  n_px=55  rrs_8=0.00126  CHL_NN=0.394
13:40:39 [INFO]   ✓ 44630316  n_px=100  rrs_8=0.00263  CHL_NN=0.630
13:40:40 [INFO]   ✓ 96442712  n_px=51  rrs_8=0.00215  CHL_NN=1.496
13:40:41 [INFO]   ✓ 15941377  n_px=57  rrs_8=0.00073  CHL_NN=0.331
13:40:42 [INFO]   ✓ 16961238  n_px=129  rrs_8=0.00269  CHL_NN=0.551
13:40:43 [INFO]   ✓ 73197657  n_px=79  rrs_8=0.00183  CHL_NN=0.331
13:40:44 [INFO]   ✓ 04891019  n_px=36  rrs_8=0.00073  CHL_NN=0.315
13:40:45 [INFO]   ✓ 42121916  n_px=14  rrs_8=0.00086  CHL_NN=0.378
13:40:47 [INFO]   ✓ 15523652  n_px=77  rrs_8=0.00259  CHL_NN=0.614
13:40:48 [INFO]   ✓ 85714369  n_px=70  rrs_8=0.00278  CHL_NN=1.480
13:40:49 [INFO]   ✓ 47846671  n_px=50  rrs_8=0.00125  CHL_NN=1.165
13:40:50 [INFO]   ✓ 61766527  n_px=68  rrs_8=0.00126  CHL_NN=0.378
13:40:51 [INFO]   ✓ 84645173  n_px=52  rrs_8=0.00170  CHL_NN=0.346
13:40:52 [INFO]   ✓ 15965297  n_px=52  rrs_8=0.00314  CHL_NN=0.472
13:40:52 [INFO]   ✓ 46639464  n_px=55  rrs_8=0.00076  CHL_NN=0.220
13:40:53 [INFO]   ✓ 92623442  n_px=98  rrs_8=0.00212  CHL_NN=0.441
13:40:54 [INFO]   ✓ 13420309  n_px=54  rrs_8=0.00108  CHL_NN=0.425
13:40:55 [INFO]   ✓ 20128000  n_px=44  rrs_8=0.00070  CHL_NN=0.220
13:40:56 [INFO]   ✓ 15395737  n_px=59  rrs_8=0.00062  CHL_NN=0.220
13:40:56 [INFO] [20250326] 33 location(s)
13:40:58 [INFO]   ✗ 52885072  no valid data in -3d window
13:40:59 [INFO]   ✗ 11316595  no valid data in -3d window
13:41:00 [INFO]   ✗ 31432180  no valid data in -3d window
13:41:01 [INFO]   ✗ 81519802  no valid data in -3d window
13:41:03 [INFO]   ✗ 89093441  no valid data in -3d window
13:41:04 [INFO]   ✗ 18416797  no valid data in -3d window
13:41:05 [INFO]   ✗ 69192115  no valid data in -3d window
13:41:07 [INFO]   ✗ 33447865  no valid data in -3d window
13:41:08 [INFO]   ✓ 10546343  n_px=70  rrs_8=0.11185  CHL_NN=1.858
13:41:10 [INFO]   ✗ 23358098  no valid data in -3d window
13:41:11 [INFO]   ✗ 38865797  no valid data in -3d window
13:41:12 [INFO]   ✓ 13613160  n_px=36  rrs_8=0.00274  CHL_NN=1.764
13:41:14 [INFO]   ✗ 52561464  no valid data in -3d window
13:41:15 [INFO]   ✓ 94101235  n_px=25  rrs_8=0.00133  CHL_NN=1.543
13:41:16 [INFO]   ✗ 73975078  no valid data in -3d window
13:41:17 [INFO]   ✗ 52733796  no valid data in -3d window
13:41:18 [INFO]   ✗ 34802077  no valid data in -3d window
13:41:20 [INFO]   ✓ 87349174  n_px=67  rrs_8=0.00327  CHL_NN=1.748
13:41:21 [INFO]   ✓ 26572195  n_px=8  rrs_8=0.01141  CHL_NN=0.189
13:41:22 [INFO]   ✓ 36948512  n_px=4  rrs_8=0.00137  CHL_NN=1.370
13:41:23 [INFO]   ✗ 60137555  no valid data in -3d window
13:41:25 [INFO]   ✓ 83866124  n_px=51  rrs_8=0.12478  CHL_NN=1.827
13:41:26 [INFO]   ✗ 64176022  no valid data in -3d window
13:41:27 [INFO]   ✗ 67103295  no valid data in -3d window
13:41:28 [INFO]   ✓ 19394123  n_px=113  rrs_8=0.00384  CHL_NN=0.362
13:41:30 [INFO]   ✗ 37183034  no valid data in -3d window
13:41:31 [INFO]   ✗ 23300592  no valid data in -3d window
13:41:32 [INFO]   ✗ 94928639  no valid data in -3d window
13:41:33 [INFO]   ✗ 75446345  no valid data in -3d window
13:41:35 [INFO]   ✓ 30806440  n_px=28  rrs_8=0.00438  CHL_NN=0.740
13:41:36 [INFO]   ✓ 65706524  n_px=56  rrs_8=0.13356  CHL_NN=1.811
13:41:37 [INFO]   ✗ 21969717  no valid data in -3d window
13:41:38 [INFO]   ✓ 22083761  n_px=57  rrs_8=0.11151  CHL_NN=1.748
13:41:38 [INFO] [20250329] 7 location(s)
13:41:39 [INFO]   ✓ 10396295  n_px=7  rrs_8=0.20427  CHL_NN=1.685
13:41:41 [INFO]   ✓ 99222710  n_px=83  rrs_8=0.00226  CHL_NN=0.992
13:41:43 [INFO]   ✓ 58219120  n_px=6  rrs_8=0.19482  CHL_NN=1.685
13:41:44 [INFO]   ✓ 98166281  n_px=105  rrs_8=0.00215  CHL_NN=0.898
13:41:45 [INFO]   ✗ 46816213  no valid data in -3d window
13:41:48 [INFO]   ✓ 26550894  n_px=118  rrs_8=0.00249  CHL_NN=0.866
13:41:49 [INFO]   ✓ 52600052  n_px=1  rrs_8=nan  CHL_NN=1.685
13:41:49 [INFO] === 300/449 dates | 2061 records | match=98.0% | 0.12 dates/s | ETA ~21m00s ===
13:41:49 [INFO] Checkpoint → datasets/GULF_OF_MAINE/processed_data/sentinel_3_L2_past3days/bac_features2/sh_s3_features_checkpoint.parquet
13:41:49 [INFO] [20250330] 38 location(s)
13:41:50 [INFO]   ✓ 21346045  n_px=57  rrs_8=0.00404  CHL_NN=1.543
13:41:51 [INFO]   ✓ 92618746  n_px=99  rrs_8=0.00139  CHL_NN=0.063
13:41:53 [INFO]   ✗ 87267344  no valid data in -3d window
13:41:54 [INFO]   ✓ 76977170  n_px=33  rrs_8=0.00560  CHL_NN=1.598
13:41:55 [INFO]   ✓ 48016639  n_px=44  rrs_8=0.00439  CHL_NN=1.480
13:41:57 [INFO]   ✗ 88108327  no valid data in -3d window
13:41:58 [INFO]   ✗ 33602245  no valid data in -3d window
13:42:00 [INFO]   ✗ 37055487  no valid data in -3d window
13:42:01 [INFO]   ✓ 68009237  n_px=49  rrs_8=0.00408  CHL_NN=1.370
13:42:02 [INFO]   ✗ 27703699  no valid data in -3d window
13:42:04 [INFO]   ✓ 46760103  n_px=22  rrs_8=0.12846  CHL_NN=1.819
13:42:05 [INFO]   ✗ 15365698  no valid data in -3d window
13:42:06 [INFO]   ✓ 80909399  n_px=2  rrs_8=nan  CHL_NN=1.803
13:42:07 [INFO]   ✗ 30892608  no valid data in -3d window
13:42:09 [INFO]   ✓ 92827712  n_px=94  rrs_8=0.00237  CHL_NN=0.488
13:42:10 [INFO]   ✓ 23870346  n_px=17  rrs_8=0.00615  CHL_NN=1.575
13:42:11 [INFO]   ✓ 18979134  n_px=2  rrs_8=nan  CHL_NN=1.677
13:42:12 [INFO]   ✓ 67625283  n_px=5  rrs_8=0.00399  CHL_NN=1.717
13:42:13 [INFO]   ✓ 86980966  n_px=89  rrs_8=0.00148  CHL_NN=0.031
13:42:14 [INFO]   ✓ 86431524  n_px=85  rrs_8=0.00135  CHL_NN=0.063
13:42:15 [INFO]   ✓ 55625975  n_px=61  rrs_8=0.00508  CHL_NN=1.276
13:42:16 [INFO]   ✓ 82014561  n_px=73  rrs_8=0.00432  CHL_NN=1.181
13:42:17 [INFO]   ✗ 71762952  no valid data in -3d window
13:42:18 [INFO]   ✓ 73749948  n_px=82  rrs_8=0.00273  CHL_NN=0.709
13:42:19 [INFO]   ✗ 30646857  no valid data in -3d window
13:42:21 [INFO]   ✓ 91177384  n_px=106  rrs_8=0.00157  CHL_NN=0.709
13:42:22 [INFO]   ✓ 59405932  n_px=58  rrs_8=0.00263  CHL_NN=0.874
13:42:23 [INFO]   ✗ 17866101  no valid data in -3d window
13:42:24 [INFO]   ✗ 74641919  no valid data in -3d window
13:42:26 [INFO]   ✓ 65160790  n_px=81  rrs_8=0.00164  CHL_NN=0.630
13:42:27 [INFO]   ✓ 41944139  n_px=12  rrs_8=0.12599  CHL_NN=1.874
13:42:29 [INFO]   ✓ 34274892  n_px=83  rrs_8=0.00316  CHL_NN=1.118
13:42:30 [INFO]   ✓ 35112134  n_px=85  rrs_8=0.00322  CHL_NN=1.126
13:42:31 [INFO]   ✓ 51127806  n_px=53  rrs_8=0.00258  CHL_NN=0.835
13:42:32 [INFO]   ✓ 74781728  n_px=59  rrs_8=0.00164  CHL_NN=0.394
13:42:33 [INFO]   ✓ 58250124  n_px=89  rrs_8=0.00142  CHL_NN=0.039
13:42:34 [INFO]   ✗ 69684683  no valid data in -3d window
13:42:35 [INFO]   ✓ 43404753  n_px=75  rrs_8=0.00366  CHL_NN=1.134
13:42:35 [INFO] [20250331] 56 location(s)
13:42:37 [INFO]   ✗ 56851359  no valid data in -3d window
13:42:38 [INFO]   ✗ 86313343  no valid data in -3d window
13:42:40 [INFO]   ✓ 65539684  n_px=85  rrs_8=0.00117  CHL_NN=0.535
13:42:41 [INFO]   ✓ 77909002  n_px=86  rrs_8=0.00105  CHL_NN=0.520
13:42:42 [INFO]   ✓ 29537458  n_px=70  rrs_8=0.00451  CHL_NN=0.921
13:42:43 [INFO]   ✓ 11201316  n_px=87  rrs_8=0.00111  CHL_NN=0.520
13:42:44 [INFO]   ✗ 27665512  no valid data in -3d window
13:42:45 [INFO]   ✓ 35878663  n_px=26  rrs_8=0.00179  CHL_NN=1.008
13:42:46 [INFO]   ✓ 56616404  n_px=43  rrs_8=0.11979  CHL_NN=1.732
13:42:47 [INFO]   ✓ 56981160  n_px=1  rrs_8=nan  CHL_NN=1.496
13:42:49 [INFO]   ✓ 72666213  n_px=9  rrs_8=0.00684  CHL_NN=1.394
13:42:50 [INFO]   ✓ 84181314  n_px=51  rrs_8=0.00404  CHL_NN=0.425
13:42:51 [INFO]   ✗ 45882172  no valid data in -3d window
13:42:52 [INFO]   ✗ 36291836  no valid data in -3d window
13:42:53 [INFO]   ✗ 05418157  no valid data in -3d window
13:42:55 [INFO]   ✓ 87582859  n_px=76  rrs_8=0.00107  CHL_NN=0.559
13:42:56 [INFO]   ✓ 51370446  n_px=2  rrs_8=nan  CHL_NN=1.276
13:42:57 [INFO]   ✓ 13305583  n_px=10  rrs_8=0.13136  CHL_NN=1.693
13:42:58 [INFO]   ✓ 82637675  n_px=84  rrs_8=0.00117  CHL_NN=0.520
13:43:00 [INFO]   ✓ 91858219  n_px=5  rrs_8=0.05654  CHL_NN=0.457
13:43:01 [INFO]   ✓ 48124631  n_px=50  rrs_8=0.00440  CHL_NN=0.354
13:43:02 [INFO]   ✗ 44941401  no valid data in -3d window
13:43:03 [INFO]   ✗ 86602844  no valid data in -3d window
13:43:04 [INFO]   ✗ 07343595  no valid data in -3d window
13:43:05 [INFO]   ✗ 57077621  no valid data in -3d window
13:43:06 [INFO]   ✓ 37202966  n_px=29  rrs_8=0.00186  CHL_NN=0.488
13:43:07 [INFO]   ✓ 18223561  n_px=72  rrs_8=0.00177  CHL_NN=0.528
13:43:08 [INFO]   ✓ 09633605  n_px=38  rrs_8=0.12662  CHL_NN=1.685
13:43:09 [INFO]   ✓ 96317402  n_px=58  rrs_8=0.00332  CHL_NN=0.457
13:43:10 [INFO]   ✗ 09397359  no valid data in -3d window
13:43:11 [INFO]   ✗ 85501074  no valid data in -3d window
13:43:12 [INFO]   ✗ 55375740  no valid data in -3d window
13:43:13 [INFO]   ✗ 41216951  no valid data in -3d window
13:43:14 [INFO]   ✓ 31936743  n_px=53  rrs_8=0.11182  CHL_NN=1.732
13:43:15 [INFO]   ✓ 58606829  n_px=89  rrs_8=0.00113  CHL_NN=0.520
13:43:16 [INFO]   ✓ 96521519  n_px=3  rrs_8=0.05538  CHL_NN=0.299
13:43:18 [INFO]   ✗ 27072956  no valid data in -3d window
13:43:19 [INFO]   ✗ 55540366  no valid data in -3d window
13:43:19 [INFO]   ✓ 69142090  n_px=84  rrs_8=0.00107  CHL_NN=0.520
13:43:20 [INFO]   ✗ 59132610  no valid data in -3d window
13:43:22 [INFO]   ✓ 67746805  n_px=76  rrs_8=0.00163  CHL_NN=0.520
13:43:23 [INFO]   ✓ 55230697  n_px=2  rrs_8=nan  CHL_NN=1.732
13:43:24 [INFO]   ✓ 01575368  n_px=82  rrs_8=0.00115  CHL_NN=0.520
13:43:25 [INFO]   ✓ 44229008  n_px=87  rrs_8=0.00113  CHL_NN=0.520
13:43:27 [INFO]   ✗ 62024206  no valid data in -3d window
13:43:29 [INFO]   ✓ 53510645  n_px=45  rrs_8=0.12403  CHL_NN=1.685
13:43:30 [INFO]   ✗ 46923450  no valid data in -3d window
13:43:31 [INFO]   ✗ 45426087  no valid data in -3d window
13:43:32 [INFO]   ✗ 47374440  no valid data in -3d window
13:43:33 [INFO]   ✓ 13855137  n_px=3  rrs_8=0.16899  CHL_NN=1.685
13:43:34 [INFO]   ✓ 64282232  n_px=2  rrs_8=nan  CHL_NN=1.677
13:43:35 [INFO]   ✗ 13298567  no valid data in -3d window
13:43:36 [INFO]   ✓ 52559135  n_px=57  rrs_8=0.11134  CHL_NN=1.732
13:43:37 [INFO]   ✓ 94813737  n_px=84  rrs_8=0.00105  CHL_NN=0.520
13:43:38 [INFO]   ✗ 31399636  no valid data in -3d window
13:43:39 [INFO]   ✓ 71236882  n_px=56  rrs_8=0.11874  CHL_NN=1.732
13:43:39 [INFO] [20250401] 61 location(s)
13:43:41 [INFO]   ✓ 99913258  n_px=118  rrs_8=0.00455  CHL_NN=0.173
13:43:42 [INFO]   ✗ 30701567  no valid data in -3d window
13:43:43 [INFO]   ✗ 94475619  no valid data in -3d window
13:43:44 [INFO]   ✗ 03868466  no valid data in -3d window
13:43:45 [INFO]   ✗ 22448725  no valid data in -3d window
13:43:46 [INFO]   ✗ 03711967  no valid data in -3d window
13:43:48 [INFO]   ✓ 83587917  n_px=86  rrs_8=0.00149  CHL_NN=0.378
13:43:49 [INFO]   ✓ 78152662  n_px=69  rrs_8=0.00432  CHL_NN=0.181
13:43:50 [INFO]   ✗ 68108280  no valid data in -3d window
13:43:51 [INFO]   ✓ 73860525  n_px=105  rrs_8=0.00237  CHL_NN=0.157
13:43:52 [INFO]   ✓ 25073456  n_px=107  rrs_8=0.00215  CHL_NN=0.157
13:43:53 [INFO]   ✗ 01678379  no valid data in -3d window
13:43:54 [INFO]   ✓ 04469529  n_px=86  rrs_8=0.00121  CHL_NN=0.457
13:43:56 [INFO]   ✗ 40798094  no valid data in -3d window
13:43:57 [INFO]   ✓ 32038536  n_px=82  rrs_8=0.00178  CHL_NN=0.425
13:43:58 [INFO]   ✗ 79759904  no valid data in -3d window
13:43:59 [INFO]   ✗ 55710452  no valid data in -3d window
13:44:01 [INFO]   ✗ 39229433  no valid data in -3d window
13:44:02 [INFO]   ✗ 73515147  no valid data in -3d window
13:44:03 [INFO]   ✗ 34133821  no valid data in -3d window
13:44:04 [INFO]   ✗ 67844658  no valid data in -3d window
13:44:05 [INFO]   ✗ 90297231  no valid data in -3d window
13:44:06 [INFO]   ✗ 29526819  no valid data in -3d window
13:44:07 [INFO]   ✗ 19356931  no valid data in -3d window
13:44:08 [INFO]   ✓ 35227951  n_px=113  rrs_8=0.00419  CHL_NN=0.173
13:44:09 [INFO]   ✗ 53610733  no valid data in -3d window
13:44:10 [INFO]   ✗ 67071997  no valid data in -3d window
13:44:11 [INFO]   ✓ 31015639  n_px=11  rrs_8=0.00294  CHL_NN=1.283
13:44:12 [INFO]   ✓ 05470610  n_px=113  rrs_8=0.00448  CHL_NN=0.157
13:44:14 [INFO]   ✓ 75466853  n_px=69  rrs_8=0.00190  CHL_NN=0.488
13:44:15 [INFO]   ✗ 59831946  no valid data in -3d window
13:44:16 [INFO]   ✗ 20650745  no valid data in -3d window
13:44:17 [INFO]   ✓ 03255179  n_px=86  rrs_8=0.00121  CHL_NN=0.488
13:44:18 [INFO]   ✗ 46415208  no valid data in -3d window
13:44:19 [INFO]   ✗ 29757543  no valid data in -3d window
13:44:20 [INFO]   ✗ 65670488  no valid data in -3d window
13:44:21 [INFO]   ✗ 76404017  no valid data in -3d window
13:44:22 [INFO]   ✓ 10844509  n_px=59  rrs_8=0.00109  CHL_NN=0.346
13:44:23 [INFO]   ✓ 84275378  n_px=100  rrs_8=0.00148  CHL_NN=0.268
13:44:24 [INFO]   ✓ 77682865  n_px=93  rrs_8=0.00155  CHL_NN=0.268
13:44:26 [INFO]   ✗ 21649482  no valid data in -3d window
13:44:27 [INFO]   ✗ 21291865  no valid data in -3d window
13:44:28 [INFO]   ✗ 12352430  no valid data in -3d window
13:44:29 [INFO]   ✗ 28440671  no valid data in -3d window
13:44:30 [INFO]   ✗ 47980123  no valid data in -3d window
13:44:31 [INFO]   ✓ 85271973  n_px=17  rrs_8=0.11479  CHL_NN=1.654
13:44:32 [INFO]   ✗ 40602843  no valid data in -3d window
13:44:33 [INFO]   ✗ 99846260  no valid data in -3d window
13:44:34 [INFO]   ✓ 11229907  n_px=91  rrs_8=0.00193  CHL_NN=0.457
13:44:35 [INFO]   ✓ 81211814  n_px=84  rrs_8=0.00169  CHL_NN=0.614
13:44:36 [INFO]   ✗ 86781566  no valid data in -3d window
13:44:37 [INFO]   ✗ 98815013  no valid data in -3d window
13:44:38 [INFO]   ✗ 30229648  no valid data in -3d window
13:44:39 [INFO]   ✗ 73259345  no valid data in -3d window
13:44:40 [INFO]   ✓ 48233688  n_px=14  rrs_8=0.11306  CHL_NN=1.756
13:44:41 [INFO]   ✓ 31575037  n_px=110  rrs_8=0.00379  CHL_NN=0.157
13:44:42 [INFO]   ✗ 96815516  no valid data in -3d window
13:44:43 [INFO]   ✗ 35945904  no valid data in -3d window
13:44:44 [INFO]   ✓ 61729573  n_px=97  rrs_8=0.00148  CHL_NN=0.283
13:44:45 [INFO]   ✗ 13029769  no valid data in -3d window
13:44:47 [INFO]   ✓ 84130563  n_px=104  rrs_8=0.00149  CHL_NN=0.268
13:44:47 [INFO] [20250402] 60 location(s)
13:44:48 [INFO]   ✓ 96217912  n_px=36  rrs_8=0.00239  CHL_NN=1.354
13:44:50 [INFO]   ✓ 59606499  n_px=61  rrs_8=0.00091  CHL_NN=0.299
13:44:51 [INFO]   ✓ 95400279  n_px=88  rrs_8=0.00124  CHL_NN=1.291
13:44:52 [INFO]   ✓ 98493315  n_px=57  rrs_8=0.00193  CHL_NN=1.134
13:44:53 [INFO]   ✓ 98340851  n_px=86  rrs_8=0.00135  CHL_NN=1.449
13:44:54 [INFO]   ✓ 04130980  n_px=19  rrs_8=0.00161  CHL_NN=1.496
13:44:54 [INFO]   ✓ 95008405  n_px=26  rrs_8=0.10591  CHL_NN=1.425
13:44:55 [INFO]   ✓ 95613139  n_px=27  rrs_8=0.11100  CHL_NN=1.567
13:44:56 [INFO]   ✓ 39203416  n_px=94  rrs_8=0.00210  CHL_NN=1.370
13:44:57 [INFO]   ✓ 93446668  n_px=109  rrs_8=0.00142  CHL_NN=1.480
13:44:59 [INFO]   ✓ 82839780  n_px=50  rrs_8=0.00188  CHL_NN=0.850
13:45:00 [INFO]   ✓ 79239602  n_px=17  rrs_8=0.00219  CHL_NN=1.402
13:45:01 [INFO]   ✓ 80431404  n_px=26  rrs_8=0.00193  CHL_NN=1.307
13:45:02 [INFO]   ✓ 45226911  n_px=42  rrs_8=0.00149  CHL_NN=0.693
13:45:03 [INFO]   ✓ 81786592  n_px=42  rrs_8=0.00213  CHL_NN=1.291
13:45:04 [INFO]   ✓ 87879537  n_px=56  rrs_8=0.00205  CHL_NN=1.323
13:45:05 [INFO]   ✓ 98943210  n_px=3  rrs_8=0.00173  CHL_NN=1.496
13:45:06 [INFO]   ✓ 65770121  n_px=75  rrs_8=0.00091  CHL_NN=0.205
13:45:07 [INFO]   ✓ 47872025  n_px=28  rrs_8=0.00186  CHL_NN=0.630
13:45:08 [INFO]   ✓ 19073245  n_px=21  rrs_8=0.00225  CHL_NN=1.496
13:45:10 [INFO]   ✓ 47084650  n_px=39  rrs_8=0.00159  CHL_NN=1.291
13:45:10 [INFO]   ✓ 30176473  n_px=41  rrs_8=0.12118  CHL_NN=1.575
13:45:11 [INFO]   ✓ 44234314  n_px=66  rrs_8=0.00113  CHL_NN=1.457
13:45:13 [INFO]   ✓ 14676583  n_px=33  rrs_8=0.00186  CHL_NN=0.646
13:45:14 [INFO]   ✓ 31847183  n_px=38  rrs_8=0.00182  CHL_NN=1.024
13:45:14 [INFO]   ✓ 72229438  n_px=45  rrs_8=0.00133  CHL_NN=1.417
13:45:15 [INFO]   ✓ 23924459  n_px=9  rrs_8=0.00254  CHL_NN=1.528
13:45:17 [INFO]   ✓ 98759927  n_px=63  rrs_8=0.00139  CHL_NN=0.945
13:45:18 [INFO]   ✓ 82555229  n_px=45  rrs_8=0.00166  CHL_NN=1.197
13:45:19 [INFO]   ✓ 13982850  n_px=5  rrs_8=0.00270  CHL_NN=1.575
13:45:20 [INFO]   ✓ 15410666  n_px=42  rrs_8=0.00174  CHL_NN=0.835
13:45:21 [INFO]   ✓ 26883229  n_px=98  rrs_8=0.00096  CHL_NN=0.260
13:45:22 [INFO]   ✓ 90990334  n_px=48  rrs_8=0.00155  CHL_NN=1.181
13:45:23 [INFO]   ✓ 06540350  n_px=49  rrs_8=0.00186  CHL_NN=1.244
13:45:24 [INFO]   ✓ 30668249  n_px=46  rrs_8=0.00190  CHL_NN=0.850
13:45:25 [INFO]   ✓ 73615922  n_px=44  rrs_8=0.00152  CHL_NN=1.465
13:45:26 [INFO]   ✓ 42843201  n_px=34  rrs_8=0.00185  CHL_NN=0.630
13:45:27 [INFO]   ✓ 36328411  n_px=36  rrs_8=0.00219  CHL_NN=1.228
13:45:29 [INFO]   ✓ 33851627  n_px=32  rrs_8=0.00206  CHL_NN=0.772
13:45:30 [INFO]   ✓ 22505032  n_px=38  rrs_8=0.00162  CHL_NN=1.480
13:45:30 [INFO]   ✓ 90201756  n_px=25  rrs_8=0.00230  CHL_NN=1.559
13:45:31 [INFO]   ✓ 58769552  n_px=30  rrs_8=0.00187  CHL_NN=0.677
13:45:32 [INFO]   ✓ 22483539  n_px=104  rrs_8=0.00146  CHL_NN=1.417
13:45:34 [INFO]   ✓ 70083052  n_px=0  rrs_8=nan  CHL_NN=1.638
13:45:35 [INFO]   ✓ 91432832  n_px=32  rrs_8=0.00134  CHL_NN=1.339
13:45:35 [INFO]   ✓ 61817389  n_px=56  rrs_8=0.00188  CHL_NN=1.197
13:45:36 [INFO]   ✓ 43593560  n_px=22  rrs_8=0.00219  CHL_NN=1.323
13:45:37 [INFO]   ✓ 02817190  n_px=32  rrs_8=0.00143  CHL_NN=1.449
13:45:39 [INFO]   ✓ 25314761  n_px=57  rrs_8=0.00151  CHL_NN=0.992
13:45:40 [INFO]   ✓ 63041053  n_px=70  rrs_8=0.00256  CHL_NN=0.866
13:45:41 [INFO]   ✓ 44916191  n_px=20  rrs_8=0.00243  CHL_NN=1.543
13:45:42 [INFO]   ✓ 23369817  n_px=27  rrs_8=0.00192  CHL_NN=0.661
13:45:43 [INFO]   ✓ 15442006  n_px=20  rrs_8=0.11942  CHL_NN=1.575
13:45:44 [INFO]   ✓ 73438799  n_px=63  rrs_8=0.00177  CHL_NN=0.803
13:45:45 [INFO]   ✓ 70451787  n_px=108  rrs_8=0.00140  CHL_NN=1.480
13:45:46 [INFO]   ✓ 10367945  n_px=65  rrs_8=0.00109  CHL_NN=0.299
13:45:47 [INFO]   ✓ 63299837  n_px=87  rrs_8=0.00150  CHL_NN=1.433
13:45:48 [INFO]   ✓ 10343499  n_px=109  rrs_8=0.00139  CHL_NN=1.465
13:45:50 [INFO]   ✓ 63933681  n_px=52  rrs_8=0.00189  CHL_NN=0.898
13:45:51 [INFO]   ✓ 21205060  n_px=66  rrs_8=0.00327  CHL_NN=1.354
13:45:51 [INFO] [20250403] 46 location(s)
13:45:53 [INFO]   ✓ 77760516  n_px=102  rrs_8=0.00244  CHL_NN=1.433
13:45:54 [INFO]   ✓ 96410811  n_px=124  rrs_8=0.00176  CHL_NN=0.898
13:45:55 [INFO]   ✓ 44245824  n_px=114  rrs_8=0.00184  CHL_NN=0.882
13:45:56 [INFO]   ✓ 02056667  n_px=115  rrs_8=0.00186  CHL_NN=1.071
13:45:57 [INFO]   ✓ 68876169  n_px=108  rrs_8=0.00189  CHL_NN=0.945
13:45:59 [INFO]   ✓ 02068067  n_px=75  rrs_8=0.00184  CHL_NN=1.433
13:46:00 [INFO]   ✓ 46477674  n_px=101  rrs_8=0.00144  CHL_NN=0.803
13:46:01 [INFO]   ✓ 58749778  n_px=116  rrs_8=0.00172  CHL_NN=1.055
13:46:02 [INFO]   ✓ 57022962  n_px=126  rrs_8=0.00185  CHL_NN=0.787
13:46:04 [INFO]   ✓ 67659129  n_px=70  rrs_8=0.00161  CHL_NN=1.291
13:46:05 [INFO]   ✓ 37663922  n_px=114  rrs_8=0.00156  CHL_NN=0.472
13:46:06 [INFO]   ✓ 98739713  n_px=73  rrs_8=0.00162  CHL_NN=1.291
13:46:07 [INFO]   ✓ 75799048  n_px=123  rrs_8=0.00172  CHL_NN=0.630
13:46:08 [INFO]   ✓ 89081314  n_px=106  rrs_8=0.00160  CHL_NN=0.583
13:46:09 [INFO]   ✓ 66972827  n_px=112  rrs_8=0.00177  CHL_NN=0.882
13:46:10 [INFO]   ✓ 83778730  n_px=82  rrs_8=0.00157  CHL_NN=1.354
13:46:11 [INFO]   ✓ 19526089  n_px=121  rrs_8=0.00199  CHL_NN=1.118
13:46:12 [INFO]   ✓ 87170444  n_px=104  rrs_8=0.00184  CHL_NN=1.197
13:46:13 [INFO]   ✓ 11419269  n_px=122  rrs_8=0.00176  CHL_NN=1.197
13:46:14 [INFO]   ✓ 77405789  n_px=96  rrs_8=0.00248  CHL_NN=1.449
13:46:15 [INFO]   ✓ 51232875  n_px=122  rrs_8=0.00187  CHL_NN=1.181
13:46:16 [INFO]   ✓ 65698381  n_px=120  rrs_8=0.00180  CHL_NN=1.228
13:46:17 [INFO]   ✓ 73462430  n_px=120  rrs_8=0.00162  CHL_NN=0.630
13:46:18 [INFO]   ✓ 46757263  n_px=83  rrs_8=0.00175  CHL_NN=0.866
13:46:19 [INFO]   ✓ 57903759  n_px=86  rrs_8=0.00224  CHL_NN=1.433
13:46:21 [INFO]   ✓ 61292280  n_px=84  rrs_8=0.00157  CHL_NN=1.307
13:46:22 [INFO]   ✓ 04524033  n_px=30  rrs_8=0.00173  CHL_NN=1.496
13:46:23 [INFO]   ✓ 49696839  n_px=109  rrs_8=0.00186  CHL_NN=0.850
13:46:24 [INFO]   ✓ 24251120  n_px=105  rrs_8=0.00161  CHL_NN=0.520
13:46:25 [INFO]   ✓ 64987784  n_px=97  rrs_8=0.00228  CHL_NN=1.291
13:46:26 [INFO]   ✓ 78496327  n_px=107  rrs_8=0.00166  CHL_NN=0.567
13:46:27 [INFO]   ✓ 99899264  n_px=119  rrs_8=0.00184  CHL_NN=1.118
13:46:28 [INFO]   ✓ 24449422  n_px=102  rrs_8=0.00188  CHL_NN=0.929
13:46:29 [INFO]   ✓ 06807256  n_px=115  rrs_8=0.00173  CHL_NN=1.055
13:46:30 [INFO]   ✓ 71489402  n_px=104  rrs_8=0.00190  CHL_NN=0.929
13:46:32 [INFO]   ✓ 24377444  n_px=113  rrs_8=0.00170  CHL_NN=0.630
13:46:33 [INFO]   ✓ 08459145  n_px=91  rrs_8=0.00164  CHL_NN=1.378
13:46:34 [INFO]   ✓ 22694839  n_px=110  rrs_8=0.00179  CHL_NN=1.055
13:46:35 [INFO]   ✓ 22830938  n_px=117  rrs_8=0.00193  CHL_NN=1.102
13:46:36 [INFO]   ✓ 41944551  n_px=82  rrs_8=0.00177  CHL_NN=1.417
13:46:37 [INFO]   ✓ 38906666  n_px=110  rrs_8=0.00188  CHL_NN=0.945
13:46:38 [INFO]   ✓ 17878902  n_px=93  rrs_8=0.00245  CHL_NN=1.449
13:46:39 [INFO]   ✓ 38229233  n_px=22  rrs_8=0.00172  CHL_NN=1.496
13:46:40 [INFO]   ✓ 57526956  n_px=102  rrs_8=0.00160  CHL_NN=0.520
13:46:41 [INFO]   ✓ 41470319  n_px=128  rrs_8=0.00183  CHL_NN=1.386
13:46:42 [INFO]   ✓ 98687180  n_px=118  rrs_8=0.00189  CHL_NN=1.008
13:46:42 [INFO] [20250404] 61 location(s)
13:46:44 [INFO]   ✓ 96539440  n_px=107  rrs_8=0.00179  CHL_NN=1.071
13:46:45 [INFO]   ✓ 96626228  n_px=69  rrs_8=0.00303  CHL_NN=0.756
13:46:46 [INFO]   ✓ 43701629  n_px=64  rrs_8=0.00313  CHL_NN=0.772
13:46:48 [INFO]   ✓ 81211163  n_px=72  rrs_8=0.00172  CHL_NN=0.724
13:46:49 [INFO]   ✓ 87493520  n_px=92  rrs_8=0.00198  CHL_NN=1.291
13:46:50 [INFO]   ✓ 72679748  n_px=79  rrs_8=0.00210  CHL_NN=0.756
13:46:51 [INFO]   ✓ 08075602  n_px=54  rrs_8=0.00198  CHL_NN=0.598
13:46:52 [INFO]   ✓ 06956591  n_px=74  rrs_8=0.00214  CHL_NN=1.055
13:46:53 [INFO]   ✓ 22694256  n_px=123  rrs_8=0.00183  CHL_NN=1.039
13:46:54 [INFO]   ✓ 34381585  n_px=80  rrs_8=0.00290  CHL_NN=0.850
13:46:56 [INFO]   ✓ 34510432  n_px=115  rrs_8=0.00181  CHL_NN=1.039
13:46:57 [INFO]   ✓ 54158844  n_px=100  rrs_8=0.00135  CHL_NN=1.055
13:46:58 [INFO]   ✓ 83646724  n_px=103  rrs_8=0.00162  CHL_NN=0.835
13:46:59 [INFO]   ✓ 02520931  n_px=67  rrs_8=0.00128  CHL_NN=1.370
13:47:00 [INFO]   ✓ 97102843  n_px=73  rrs_8=0.00217  CHL_NN=0.709
13:47:02 [INFO]   ✓ 95997918  n_px=109  rrs_8=0.00129  CHL_NN=0.740
13:47:03 [INFO]   ✓ 03101275  n_px=120  rrs_8=0.00167  CHL_NN=1.055
13:47:04 [INFO]   ✓ 96297778  n_px=105  rrs_8=0.00135  CHL_NN=0.520
13:47:05 [INFO]   ✓ 58744323  n_px=56  rrs_8=0.00184  CHL_NN=0.756
13:47:06 [INFO]   ✓ 70727680  n_px=115  rrs_8=0.00129  CHL_NN=0.693
13:47:07 [INFO]   ✓ 80440668  n_px=9  rrs_8=0.00118  CHL_NN=1.480
13:47:08 [INFO]   ✓ 44379352  n_px=89  rrs_8=0.00148  CHL_NN=1.024
13:47:09 [INFO]   ✓ 71961809  n_px=111  rrs_8=0.00173  CHL_NN=1.071
13:47:10 [INFO]   ✓ 38710024  n_px=79  rrs_8=0.00316  CHL_NN=0.803
13:47:12 [INFO]   ✓ 79811871  n_px=89  rrs_8=0.00305  CHL_NN=0.803
13:47:13 [INFO]   ✓ 93599975  n_px=77  rrs_8=0.00183  CHL_NN=0.724
13:47:14 [INFO]   ✓ 18039157  n_px=83  rrs_8=0.00305  CHL_NN=0.787
13:47:15 [INFO]   ✓ 44254234  n_px=86  rrs_8=0.00322  CHL_NN=0.787
13:47:16 [INFO]   ✓ 40057579  n_px=113  rrs_8=0.00175  CHL_NN=1.039
13:47:17 [INFO]   ✓ 09099589  n_px=121  rrs_8=0.00173  CHL_NN=1.039
13:47:18 [INFO]   ✓ 10333206  n_px=50  rrs_8=0.00127  CHL_NN=1.543
13:47:19 [INFO]   ✓ 49358887  n_px=52  rrs_8=0.00219  CHL_NN=0.551
13:47:20 [INFO]   ✓ 22223796  n_px=109  rrs_8=0.00131  CHL_NN=0.756
13:47:22 [INFO]   ✓ 97760096  n_px=122  rrs_8=0.00173  CHL_NN=1.039
13:47:23 [INFO]   ✓ 98608323  n_px=84  rrs_8=0.00296  CHL_NN=0.913
13:47:24 [INFO]   ✓ 01009340  n_px=71  rrs_8=0.00247  CHL_NN=0.583
13:47:25 [INFO]   ✓ 56841681  n_px=103  rrs_8=0.00128  CHL_NN=0.488
13:47:26 [INFO]   ✓ 28234736  n_px=107  rrs_8=0.00283  CHL_NN=0.835
13:47:27 [INFO]   ✓ 98039677  n_px=86  rrs_8=0.00174  CHL_NN=0.701
13:47:28 [INFO]   ✓ 28968018  n_px=77  rrs_8=0.00168  CHL_NN=1.386
13:47:29 [INFO]   ✓ 44552600  n_px=109  rrs_8=0.00291  CHL_NN=0.913
13:47:30 [INFO]   ✓ 32941608  n_px=92  rrs_8=0.00238  CHL_NN=0.803
13:47:31 [INFO]   ✓ 83970056  n_px=86  rrs_8=0.00286  CHL_NN=0.850
13:47:32 [INFO]   ✓ 16241176  n_px=81  rrs_8=0.00303  CHL_NN=0.819
13:47:33 [INFO]   ✓ 16069687  n_px=113  rrs_8=0.00131  CHL_NN=0.614
13:47:34 [INFO]   ✓ 84211259  n_px=120  rrs_8=0.00183  CHL_NN=1.039
13:47:35 [INFO]   ✓ 42131773  n_px=53  rrs_8=0.00210  CHL_NN=0.677
13:47:36 [INFO]   ✓ 52349920  n_px=123  rrs_8=0.00183  CHL_NN=1.039
13:47:37 [INFO]   ✓ 88771933  n_px=51  rrs_8=0.00199  CHL_NN=0.598
13:47:39 [INFO]   ✓ 84219214  n_px=54  rrs_8=0.00188  CHL_NN=0.598
13:47:40 [INFO]   ✓ 88403664  n_px=114  rrs_8=0.00187  CHL_NN=1.039
13:47:41 [INFO]   ✓ 76851623  n_px=85  rrs_8=0.00265  CHL_NN=0.661
13:47:42 [INFO]   ✓ 61787009  n_px=87  rrs_8=0.00241  CHL_NN=0.772
13:47:43 [INFO]   ✓ 33061341  n_px=54  rrs_8=0.00192  CHL_NN=0.598
13:47:44 [INFO]   ✓ 47989896  n_px=110  rrs_8=0.00142  CHL_NN=0.551
13:47:45 [INFO]   ✓ 20246635  n_px=76  rrs_8=0.00249  CHL_NN=0.567
13:47:46 [INFO]   ✓ 51823048  n_px=83  rrs_8=0.00300  CHL_NN=0.819
13:47:47 [INFO]   ✓ 73157490  n_px=63  rrs_8=0.00129  CHL_NN=0.551
13:47:48 [INFO]   ✓ 46651205  n_px=115  rrs_8=0.00173  CHL_NN=1.039
13:47:49 [INFO]   ✓ 46323337  n_px=122  rrs_8=0.00187  CHL_NN=1.039
13:47:50 [INFO]   ✓ 14243001  n_px=82  rrs_8=0.00284  CHL_NN=0.803
13:47:50 [INFO] [20250405] 60 location(s)
13:47:51 [INFO]   ✓ 71057526  n_px=98  rrs_8=0.00278  CHL_NN=0.961
13:47:53 [INFO]   ✓ 66786866  n_px=50  rrs_8=0.00235  CHL_NN=0.945
13:47:54 [INFO]   ✓ 32007381  n_px=106  rrs_8=0.00248  CHL_NN=0.929
13:47:55 [INFO]   ✓ 67091462  n_px=86  rrs_8=0.00289  CHL_NN=0.961
13:47:57 [INFO]   ✓ 70913642  n_px=90  rrs_8=0.00303  CHL_NN=0.945
13:47:58 [INFO]   ✓ 37834714  n_px=111  rrs_8=0.00254  CHL_NN=0.945
13:47:59 [INFO]   ✓ 79199032  n_px=73  rrs_8=0.00159  CHL_NN=0.551
13:48:01 [INFO]   ✓ 25752380  n_px=52  rrs_8=0.00225  CHL_NN=0.929
13:48:02 [INFO]   ✓ 33253768  n_px=64  rrs_8=0.00226  CHL_NN=0.992
13:48:03 [INFO]   ✓ 67476042  n_px=86  rrs_8=0.00291  CHL_NN=0.976
13:48:04 [INFO]   ✓ 20264199  n_px=99  rrs_8=0.00247  CHL_NN=0.992
13:48:06 [INFO]   ✓ 31803741  n_px=63  rrs_8=0.00190  CHL_NN=0.945
13:48:07 [INFO]   ✓ 66144166  n_px=77  rrs_8=0.00245  CHL_NN=0.740
13:48:09 [INFO]   ✓ 38593023  n_px=84  rrs_8=0.00308  CHL_NN=0.961
13:48:10 [INFO]   ✓ 22535361  n_px=106  rrs_8=0.00291  CHL_NN=0.913
13:48:11 [INFO]   ✓ 70087308  n_px=52  rrs_8=0.00236  CHL_NN=0.945
13:48:13 [INFO]   ✓ 33331086  n_px=75  rrs_8=0.00289  CHL_NN=0.945
13:48:14 [INFO]   ✓ 30890865  n_px=72  rrs_8=0.00299  CHL_NN=0.929
13:48:15 [INFO]   ✓ 22071538  n_px=105  rrs_8=0.00331  CHL_NN=1.291
13:48:16 [INFO]   ✓ 29906796  n_px=105  rrs_8=0.00250  CHL_NN=0.945
13:48:18 [INFO]   ✓ 78557649  n_px=83  rrs_8=0.00289  CHL_NN=0.976
13:48:19 [INFO]   ✓ 27475746  n_px=73  rrs_8=0.00298  CHL_NN=0.929
13:48:20 [INFO]   ✓ 41112730  n_px=90  rrs_8=0.00247  CHL_NN=0.709
13:48:21 [INFO]   ✓ 22344841  n_px=59  rrs_8=0.00173  CHL_NN=0.882
13:48:22 [INFO]   ✓ 69310031  n_px=66  rrs_8=0.00188  CHL_NN=0.882
13:48:23 [INFO]   ✓ 81187547  n_px=61  rrs_8=0.00208  CHL_NN=0.898
13:48:24 [INFO]   ✓ 80064996  n_px=114  rrs_8=0.09616  CHL_NN=0.850
13:48:26 [INFO]   ✓ 39755542  n_px=85  rrs_8=0.00173  CHL_NN=0.598
13:48:27 [INFO]   ✓ 29260038  n_px=96  rrs_8=0.00271  CHL_NN=0.945
13:48:28 [INFO]   ✓ 78692319  n_px=73  rrs_8=0.00300  CHL_NN=0.929
13:48:29 [INFO]   ✓ 10678989  n_px=51  rrs_8=0.00237  CHL_NN=0.929
13:48:30 [INFO]   ✓ 97260312  n_px=79  rrs_8=0.00219  CHL_NN=1.039
13:48:31 [INFO]   ✓ 09786420  n_px=102  rrs_8=0.00311  CHL_NN=0.961
13:48:32 [INFO]   ✓ 89502300  n_px=94  rrs_8=0.00302  CHL_NN=0.945
13:48:34 [INFO]   ✓ 05873507  n_px=83  rrs_8=0.00309  CHL_NN=0.945
13:48:35 [INFO]   ✓ 96701303  n_px=96  rrs_8=0.00262  CHL_NN=0.772
13:48:36 [INFO]   ✓ 89626039  n_px=88  rrs_8=0.00246  CHL_NN=0.756
13:48:37 [INFO]   ✓ 90099264  n_px=91  rrs_8=0.00247  CHL_NN=0.709
13:48:39 [INFO]   ✓ 62072521  n_px=96  rrs_8=0.00258  CHL_NN=0.976
13:48:40 [INFO]   ✓ 02081062  n_px=94  rrs_8=0.00166  CHL_NN=0.583
13:48:41 [INFO]   ✓ 49479384  n_px=104  rrs_8=0.00196  CHL_NN=0.945
13:48:43 [INFO]   ✓ 43759619  n_px=58  rrs_8=0.00192  CHL_NN=0.992
13:48:44 [INFO]   ✓ 82706426  n_px=82  rrs_8=0.00296  CHL_NN=0.945
13:48:46 [INFO]   ✓ 92504139  n_px=89  rrs_8=0.00292  CHL_NN=0.976
13:48:47 [INFO]   ✓ 81573589  n_px=58  rrs_8=0.00188  CHL_NN=0.882
13:48:48 [INFO]   ✓ 09090272  n_px=78  rrs_8=0.00232  CHL_NN=0.756
13:48:49 [INFO]   ✓ 01821072  n_px=60  rrs_8=0.00182  CHL_NN=0.898
13:48:51 [INFO]   ✓ 52975078  n_px=97  rrs_8=0.00283  CHL_NN=0.961
13:48:52 [INFO]   ✓ 48327496  n_px=85  rrs_8=0.00305  CHL_NN=0.945
13:48:53 [INFO]   ✓ 11720249  n_px=107  rrs_8=0.00291  CHL_NN=0.929
13:48:54 [INFO]   ✓ 48091054  n_px=59  rrs_8=0.00254  CHL_NN=0.677
13:48:55 [INFO]   ✓ 99497003  n_px=78  rrs_8=0.00227  CHL_NN=0.756
13:48:56 [INFO]   ✓ 51248716  n_px=61  rrs_8=0.00190  CHL_NN=0.898
13:48:58 [INFO]   ✓ 83308563  n_px=74  rrs_8=0.00228  CHL_NN=0.913
13:48:59 [INFO]   ✓ 12360688  n_px=96  rrs_8=0.00291  CHL_NN=1.276
13:49:00 [INFO]   ✓ 00456735  n_px=115  rrs_8=0.09140  CHL_NN=0.819
13:49:01 [INFO]   ✓ 86099326  n_px=68  rrs_8=0.00254  CHL_NN=1.008
13:49:03 [INFO]   ✓ 14223902  n_px=64  rrs_8=0.00186  CHL_NN=0.898
13:49:04 [INFO]   ✓ 95164064  n_px=63  rrs_8=0.00201  CHL_NN=0.882
13:49:05 [INFO]   ✓ 57253289  n_px=76  rrs_8=0.00297  CHL_NN=0.929
13:49:05 [INFO] [20250406] 38 location(s)
13:49:06 [INFO]   ✓ 57414041  n_px=103  rrs_8=0.00226  CHL_NN=0.315
13:49:08 [INFO]   ✓ 01640267  n_px=4  rrs_8=0.00844  CHL_NN=0.890
13:49:10 [INFO]   ✓ 97586315  n_px=103  rrs_8=0.00230  CHL_NN=0.315
13:49:11 [INFO]   ✓ 30632399  n_px=5  rrs_8=0.09820  CHL_NN=1.717
13:49:12 [INFO]   ✓ 97910415  n_px=101  rrs_8=0.00230  CHL_NN=0.331
13:49:13 [INFO]   ✓ 40599945  n_px=1  rrs_8=nan  CHL_NN=1.496
13:49:14 [INFO]   ✓ 32023984  n_px=3  rrs_8=0.09801  CHL_NN=1.748
13:49:16 [INFO]   ✓ 28480312  n_px=82  rrs_8=0.00234  CHL_NN=0.457
13:49:17 [INFO]   ✗ 60162459  no valid data in -3d window
13:49:18 [INFO]   ✓ 03748297  n_px=5  rrs_8=0.09820  CHL_NN=1.717
13:49:19 [INFO]   ✓ 56149812  n_px=50  rrs_8=0.00150  CHL_NN=1.559
13:49:21 [INFO]   ✗ 27552774  no valid data in -3d window
13:49:22 [INFO]   ✓ 86370539  n_px=116  rrs_8=0.00177  CHL_NN=0.402
13:49:23 [INFO]   ✗ 18157110  no valid data in -3d window
13:49:25 [INFO]   ✓ 67440601  n_px=4  rrs_8=0.09915  CHL_NN=1.717
13:49:26 [INFO]   ✓ 45900449  n_px=4  rrs_8=0.09810  CHL_NN=1.717
13:49:27 [INFO]   ✓ 95340531  n_px=2  rrs_8=nan  CHL_NN=1.717
13:49:28 [INFO]   ✓ 26125370  n_px=22  rrs_8=0.06056  CHL_NN=1.732
13:49:29 [INFO]   ✓ 55248708  n_px=100  rrs_8=0.00226  CHL_NN=0.299
13:49:30 [INFO]   ✓ 04194582  n_px=95  rrs_8=0.00241  CHL_NN=0.339
13:49:32 [INFO]   ✗ 81340740  no valid data in -3d window
13:49:33 [INFO]   ✓ 39679963  n_px=99  rrs_8=0.00225  CHL_NN=0.315
13:49:35 [INFO]   ✓ 10655227  n_px=100  rrs_8=0.00229  CHL_NN=0.315
13:49:36 [INFO]   ✓ 32924881  n_px=90  rrs_8=0.00163  CHL_NN=0.268
13:49:37 [INFO]   ✓ 93318379  n_px=2  rrs_8=nan  CHL_NN=1.622
13:49:38 [INFO]   ✓ 48513647  n_px=1  rrs_8=nan  CHL_NN=1.717
13:49:39 [INFO]   ✗ 39200911  no valid data in -3d window
13:49:40 [INFO]   ✗ 22497842  no valid data in -3d window
13:49:41 [INFO]   ✓ 08155978  n_px=102  rrs_8=0.00227  CHL_NN=0.315
13:49:42 [INFO]   ✓ 89697096  n_px=5  rrs_8=0.10038  CHL_NN=1.614
13:49:43 [INFO]   ✗ 93029794  no valid data in -3d window
13:49:45 [INFO]   ✓ 50002447  n_px=5  rrs_8=0.09820  CHL_NN=1.717
13:49:46 [INFO]   ✓ 38684020  n_px=5  rrs_8=0.09820  CHL_NN=1.717
13:49:47 [INFO]   ✓ 49458921  n_px=8  rrs_8=0.10414  CHL_NN=1.677
13:49:48 [INFO]   ✗ 92717145  no valid data in -3d window
13:49:49 [INFO]   ✓ 23401070  n_px=105  rrs_8=0.00241  CHL_NN=0.331
13:49:50 [INFO]   ✓ 87225954  n_px=38  rrs_8=0.00459  CHL_NN=1.228
13:49:51 [INFO]   ✗ 48294557  no valid data in -3d window
13:49:51 [INFO] [20250414] 1 location(s)
13:49:53 [INFO]   ✓ 19394123  n_px=29  rrs_8=0.00150  CHL_NN=0.189
13:49:53 [INFO] [20250415] 4 location(s)
13:49:55 [INFO]   ✓ 29560308  n_px=85  rrs_8=0.13216  CHL_NN=1.858
13:49:56 [INFO]   ✗ 99433152  no valid data in -3d window
13:49:57 [INFO]   ✗ 09439583  no valid data in -3d window
13:49:59 [INFO]   ✗ 34914505  no valid data in -3d window
13:49:59 [INFO] [20250416] 60 location(s)
13:50:01 [INFO]   ✓ 76536418  n_px=3  rrs_8=0.00151  CHL_NN=1.528
13:50:02 [INFO]   ✓ 68529318  n_px=17  rrs_8=0.00170  CHL_NN=1.496
13:50:03 [INFO]   ✓ 17569026  n_px=15  rrs_8=0.00170  CHL_NN=1.480
13:50:05 [INFO]   ✓ 99731705  n_px=111  rrs_8=0.00329  CHL_NN=1.654
13:50:06 [INFO]   ✓ 75567892  n_px=21  rrs_8=0.00327  CHL_NN=1.630
13:50:07 [INFO]   ✓ 75884943  n_px=35  rrs_8=0.00168  CHL_NN=1.260
13:50:09 [INFO]   ✓ 88244354  n_px=5  rrs_8=0.00206  CHL_NN=1.528
13:50:10 [INFO]   ✓ 57143124  n_px=94  rrs_8=0.00259  CHL_NN=1.370
13:50:11 [INFO]   ✓ 56160522  n_px=51  rrs_8=0.00232  CHL_NN=1.339
13:50:12 [INFO]   ✓ 98592365  n_px=25  rrs_8=0.00151  CHL_NN=1.417
13:50:13 [INFO]   ✓ 24814714  n_px=118  rrs_8=0.00326  CHL_NN=1.669
13:50:15 [INFO]   ✓ 88559887  n_px=68  rrs_8=0.00192  CHL_NN=1.134
13:50:16 [INFO]   ✓ 36182266  n_px=117  rrs_8=0.08267  CHL_NN=1.764
13:50:18 [INFO]   ✓ 76611797  n_px=109  rrs_8=0.00362  CHL_NN=1.685
13:50:19 [INFO]   ✓ 50449678  n_px=68  rrs_8=0.00197  CHL_NN=1.228
13:50:19 [INFO]   ✓ 57462084  n_px=96  rrs_8=0.00210  CHL_NN=1.063
13:50:20 [INFO]   ✓ 62495145  n_px=102  rrs_8=0.00276  CHL_NN=1.087
13:50:22 [INFO]   ✓ 62477476  n_px=89  rrs_8=0.00225  CHL_NN=1.181
13:50:23 [INFO]   ✓ 89926263  n_px=12  rrs_8=0.00316  CHL_NN=1.457
13:50:24 [INFO]   ✓ 10288193  n_px=104  rrs_8=0.00313  CHL_NN=1.654
13:50:25 [INFO]   ✓ 88411473  n_px=7  rrs_8=0.00170  CHL_NN=1.528
13:50:26 [INFO]   ✓ 09324124  n_px=92  rrs_8=0.00149  CHL_NN=1.598
13:50:27 [INFO]   ✓ 30679668  n_px=98  rrs_8=0.00262  CHL_NN=1.189
13:50:28 [INFO]   ✓ 83551039  n_px=56  rrs_8=0.00229  CHL_NN=1.323
13:50:29 [INFO]   ✓ 35940694  n_px=7  rrs_8=0.00206  CHL_NN=1.528
13:50:30 [INFO]   ✓ 57330965  n_px=86  rrs_8=0.00155  CHL_NN=0.504
13:50:31 [INFO]   ✓ 35013450  n_px=116  rrs_8=0.00313  CHL_NN=1.669
13:50:32 [INFO]   ✓ 75468766  n_px=83  rrs_8=0.00256  CHL_NN=0.094
13:50:33 [INFO]   ✓ 89039652  n_px=57  rrs_8=0.00210  CHL_NN=1.323
13:50:33 [INFO]   ✓ 84513340  n_px=5  rrs_8=0.00151  CHL_NN=1.528
13:50:35 [INFO]   ✓ 64965404  n_px=54  rrs_8=0.00165  CHL_NN=1.039
13:50:36 [INFO]   ✓ 39190107  n_px=94  rrs_8=0.00251  CHL_NN=1.165
13:50:37 [INFO]   ✓ 29553103  n_px=60  rrs_8=0.00181  CHL_NN=1.071
13:50:38 [INFO]   ✓ 66320685  n_px=49  rrs_8=0.00210  CHL_NN=1.339
13:50:39 [INFO]   ✗ 84265035  no valid data in -3d window
13:50:40 [INFO]   ✓ 45938316  n_px=6  rrs_8=0.00188  CHL_NN=1.512
13:50:41 [INFO]   ✓ 01753036  n_px=100  rrs_8=0.00242  CHL_NN=1.071
13:50:42 [INFO]   ✓ 12982506  n_px=57  rrs_8=0.00170  CHL_NN=1.087
13:50:43 [INFO]   ✓ 34191898  n_px=64  rrs_8=0.00161  CHL_NN=0.441
13:50:45 [INFO]   ✓ 28092470  n_px=115  rrs_8=0.00323  CHL_NN=1.685
13:50:45 [INFO]   ✓ 36343809  n_px=93  rrs_8=0.00146  CHL_NN=1.496
13:50:46 [INFO]   ✓ 91017620  n_px=89  rrs_8=0.00259  CHL_NN=1.157
13:50:47 [INFO]   ✓ 61852259  n_px=30  rrs_8=0.00290  CHL_NN=1.512
13:50:48 [INFO]   ✓ 05487082  n_px=7  rrs_8=0.00170  CHL_NN=1.528
13:50:49 [INFO]   ✓ 23422948  n_px=88  rrs_8=0.00225  CHL_NN=1.165
13:50:50 [INFO]   ✓ 51244785  n_px=100  rrs_8=0.00254  CHL_NN=1.354
13:50:51 [INFO]   ✓ 85560417  n_px=12  rrs_8=0.00170  CHL_NN=1.496
13:50:52 [INFO]   ✓ 07313239  n_px=92  rrs_8=0.00259  CHL_NN=1.039
13:50:53 [INFO]   ✗ 52348679  no valid data in -3d window
13:50:54 [INFO]   ✓ 67438931  n_px=61  rrs_8=0.00201  CHL_NN=1.291
13:50:55 [INFO]   ✓ 19156496  n_px=97  rrs_8=0.00259  CHL_NN=1.339
13:50:57 [INFO]   ✓ 42646108  n_px=68  rrs_8=0.00152  CHL_NN=0.047
13:50:58 [INFO]   ✓ 70721720  n_px=97  rrs_8=0.00258  CHL_NN=0.724
13:50:59 [INFO]   ✓ 46496336  n_px=60  rrs_8=0.00210  CHL_NN=1.307
13:51:00 [INFO]   ✓ 93615362  n_px=106  rrs_8=0.00304  CHL_NN=1.087
13:51:01 [INFO]   ✓ 04307830  n_px=97  rrs_8=0.00208  CHL_NN=1.039
13:51:01 [INFO]   ✓ 79486310  n_px=64  rrs_8=0.00199  CHL_NN=1.134
13:51:02 [INFO]   ✓ 04210960  n_px=48  rrs_8=0.00254  CHL_NN=1.402
13:51:03 [INFO]   ✓ 32182603  n_px=94  rrs_8=0.00265  CHL_NN=1.339
13:51:04 [INFO]   ✓ 86165250  n_px=5  rrs_8=0.00151  CHL_NN=1.528
13:51:04 [INFO] [20250417] 60 location(s)
13:51:06 [INFO]   ✓ 31874820  n_px=110  rrs_8=0.00168  CHL_NN=0.819
13:51:08 [INFO]   ✓ 46687763  n_px=99  rrs_8=0.00106  CHL_NN=0.283
13:51:09 [INFO]   ✓ 02105348  n_px=92  rrs_8=0.00135  CHL_NN=1.118
13:51:10 [INFO]   ✓ 55985299  n_px=67  rrs_8=0.00100  CHL_NN=0.583
13:51:12 [INFO]   ✓ 46509154  n_px=115  rrs_8=0.00153  CHL_NN=0.299
13:51:13 [INFO]   ✓ 89936312  n_px=115  rrs_8=0.00144  CHL_NN=0.315
13:51:14 [INFO]   ✓ 62789619  n_px=109  rrs_8=0.00166  CHL_NN=0.913
13:51:16 [INFO]   ✓ 12168662  n_px=110  rrs_8=0.00128  CHL_NN=0.976
13:51:17 [INFO]   ✓ 66269626  n_px=105  rrs_8=0.00150  CHL_NN=0.409
13:51:18 [INFO]   ✓ 23925828  n_px=84  rrs_8=0.00136  CHL_NN=0.866
13:51:19 [INFO]   ✓ 67539062  n_px=115  rrs_8=0.00139  CHL_NN=0.378
13:51:20 [INFO]   ✓ 16190437  n_px=80  rrs_8=0.00131  CHL_NN=1.150
13:51:22 [INFO]   ✓ 31395902  n_px=83  rrs_8=0.00151  CHL_NN=1.197
13:51:23 [INFO]   ✓ 41482399  n_px=52  rrs_8=0.00079  CHL_NN=0.394
13:51:24 [INFO]   ✓ 01552837  n_px=97  rrs_8=0.00151  CHL_NN=1.480
13:51:26 [INFO]   ✓ 78775403  n_px=113  rrs_8=0.00142  CHL_NN=0.472
13:51:27 [INFO]   ✓ 38063094  n_px=99  rrs_8=0.00140  CHL_NN=1.134
13:51:29 [INFO]   ✓ 01853640  n_px=148  rrs_8=0.09744  CHL_NN=1.827
13:51:30 [INFO]   ✓ 31364497  n_px=68  rrs_8=0.00085  CHL_NN=0.331
13:51:31 [INFO]   ✓ 03298005  n_px=50  rrs_8=0.00077  CHL_NN=0.378
13:51:32 [INFO]   ✓ 31255318  n_px=85  rrs_8=0.00172  CHL_NN=1.449
13:51:33 [INFO]   ✓ 45968594  n_px=71  rrs_8=0.00082  CHL_NN=0.315
13:51:34 [INFO]   ✓ 45731605  n_px=84  rrs_8=0.00107  CHL_NN=1.055
13:51:35 [INFO]   ✓ 81964084  n_px=75  rrs_8=0.00073  CHL_NN=0.772
13:51:36 [INFO]   ✓ 66780244  n_px=123  rrs_8=0.09887  CHL_NN=1.732
13:51:37 [INFO]   ✓ 82224111  n_px=101  rrs_8=0.00146  CHL_NN=0.992
13:51:38 [INFO]   ✓ 93118864  n_px=124  rrs_8=0.00367  CHL_NN=1.291
13:51:39 [INFO]   ✓ 32026069  n_px=123  rrs_8=0.11391  CHL_NN=0.709
13:51:40 [INFO]   ✓ 43018724  n_px=98  rrs_8=0.00115  CHL_NN=0.472
13:51:41 [INFO]   ✓ 66765822  n_px=109  rrs_8=0.00153  CHL_NN=0.394
13:51:42 [INFO]   ✓ 39135000  n_px=60  rrs_8=0.00161  CHL_NN=0.016
13:51:44 [INFO]   ✓ 44094663  n_px=103  rrs_8=0.00107  CHL_NN=0.614
13:51:45 [INFO]   ✓ 29805953  n_px=52  rrs_8=0.00087  CHL_NN=0.378
13:51:46 [INFO]   ✓ 10112008  n_px=72  rrs_8=0.00131  CHL_NN=0.969
13:51:47 [INFO]   ✓ 52601024  n_px=96  rrs_8=0.00231  CHL_NN=0.441
13:51:48 [INFO]   ✓ 64778773  n_px=89  rrs_8=0.00373  CHL_NN=1.512
13:51:49 [INFO]   ✓ 49781027  n_px=75  rrs_8=0.00082  CHL_NN=0.583
13:51:50 [INFO]   ✓ 75165417  n_px=110  rrs_8=0.00145  CHL_NN=0.472
13:51:51 [INFO]   ✓ 40133057  n_px=107  rrs_8=0.00228  CHL_NN=0.929
13:51:53 [INFO]   ✓ 60406915  n_px=96  rrs_8=0.00134  CHL_NN=0.299
13:51:54 [INFO]   ✓ 40285386  n_px=91  rrs_8=0.00120  CHL_NN=0.299
13:51:55 [INFO]   ✓ 42854035  n_px=84  rrs_8=0.00183  CHL_NN=1.402
13:51:56 [INFO]   ✓ 28547189  n_px=57  rrs_8=0.00082  CHL_NN=0.850
13:51:57 [INFO]   ✓ 14018910  n_px=88  rrs_8=0.00157  CHL_NN=1.102
13:51:58 [INFO]   ✓ 43801449  n_px=84  rrs_8=0.00089  CHL_NN=0.252
13:51:59 [INFO]   ✓ 71505350  n_px=122  rrs_8=0.00157  CHL_NN=0.315
13:52:00 [INFO]   ✓ 66171895  n_px=78  rrs_8=0.00083  CHL_NN=0.252
13:52:01 [INFO]   ✓ 34430399  n_px=112  rrs_8=0.00144  CHL_NN=0.409
13:52:02 [INFO]   ✓ 49972354  n_px=115  rrs_8=0.00150  CHL_NN=0.252
13:52:03 [INFO]   ✓ 65999374  n_px=106  rrs_8=0.00128  CHL_NN=0.394
13:52:05 [INFO]   ✓ 38793233  n_px=98  rrs_8=0.00146  CHL_NN=0.409
13:52:06 [INFO]   ✓ 34421602  n_px=60  rrs_8=0.00152  CHL_NN=0.598
13:52:07 [INFO]   ✓ 42766999  n_px=99  rrs_8=0.00292  CHL_NN=0.110
13:52:08 [INFO]   ✓ 05564189  n_px=115  rrs_8=0.00168  CHL_NN=0.441
13:52:09 [INFO]   ✓ 51361239  n_px=97  rrs_8=0.00256  CHL_NN=1.386
13:52:10 [INFO]   ✓ 48008808  n_px=79  rrs_8=0.00074  CHL_NN=0.976
13:52:11 [INFO]   ✓ 73445945  n_px=109  rrs_8=0.00148  CHL_NN=0.472
13:52:12 [INFO]   ✓ 11953841  n_px=80  rrs_8=0.00191  CHL_NN=1.496
13:52:14 [INFO]   ✓ 20860544  n_px=94  rrs_8=0.00145  CHL_NN=1.417
13:52:14 [INFO]   ✓ 94940545  n_px=92  rrs_8=0.00127  CHL_NN=1.402
13:52:14 [INFO] [20250418] 26 location(s)
13:52:16 [INFO]   ✓ 49978664  n_px=117  rrs_8=0.00166  CHL_NN=0.472
13:52:17 [INFO]   ✓ 94641865  n_px=102  rrs_8=0.00115  CHL_NN=0.441
13:52:19 [INFO]   ✓ 35182711  n_px=111  rrs_8=0.00157  CHL_NN=0.457
13:52:20 [INFO]   ✓ 60422884  n_px=115  rrs_8=0.00159  CHL_NN=0.472
13:52:21 [INFO]   ✓ 82521559  n_px=110  rrs_8=0.00159  CHL_NN=0.472
13:52:22 [INFO]   ✓ 20510889  n_px=100  rrs_8=0.00148  CHL_NN=0.457
13:52:23 [INFO]   ✓ 21931258  n_px=117  rrs_8=0.00155  CHL_NN=0.472
13:52:25 [INFO]   ✓ 25329301  n_px=123  rrs_8=0.00172  CHL_NN=0.472
13:52:26 [INFO]   ✓ 49732531  n_px=98  rrs_8=0.00117  CHL_NN=0.457
13:52:27 [INFO]   ✓ 14983789  n_px=112  rrs_8=0.00177  CHL_NN=0.535
13:52:28 [INFO]   ✓ 21758473  n_px=116  rrs_8=0.00163  CHL_NN=0.472
13:52:29 [INFO]   ✓ 64813398  n_px=92  rrs_8=0.00118  CHL_NN=0.457
13:52:30 [INFO]   ✓ 03951208  n_px=99  rrs_8=0.00118  CHL_NN=0.441
13:52:31 [INFO]   ✓ 35795184  n_px=93  rrs_8=0.00144  CHL_NN=0.457
13:52:32 [INFO]   ✓ 58319743  n_px=101  rrs_8=0.00118  CHL_NN=0.441
13:52:33 [INFO]   ✓ 69532182  n_px=102  rrs_8=0.00112  CHL_NN=0.441
13:52:35 [INFO]   ✓ 68193799  n_px=102  rrs_8=0.00117  CHL_NN=0.441
13:52:36 [INFO]   ✓ 12331813  n_px=119  rrs_8=0.00175  CHL_NN=0.488
13:52:36 [INFO]   ✓ 18897864  n_px=101  rrs_8=0.00113  CHL_NN=0.457
13:52:37 [INFO]   ✓ 56452411  n_px=86  rrs_8=0.00117  CHL_NN=0.457
13:52:39 [INFO]   ✓ 56289204  n_px=99  rrs_8=0.00122  CHL_NN=0.457
13:52:40 [INFO]   ✓ 08308683  n_px=113  rrs_8=0.00159  CHL_NN=0.457
13:52:41 [INFO]   ✓ 80443028  n_px=94  rrs_8=0.00117  CHL_NN=0.441
13:52:42 [INFO]   ✓ 36691710  n_px=95  rrs_8=0.00124  CHL_NN=0.441
13:52:43 [INFO]   ✓ 92176787  n_px=89  rrs_8=0.00117  CHL_NN=0.457
13:52:44 [INFO]   ✓ 92145917  n_px=111  rrs_8=0.00155  CHL_NN=0.472
13:52:44 [INFO] [20250421] 17 location(s)
13:52:45 [INFO]   ✓ 87988045  n_px=105  rrs_8=0.00126  CHL_NN=0.441
13:52:47 [INFO]   ✓ 72016119  n_px=114  rrs_8=0.00128  CHL_NN=0.457
13:52:49 [INFO]   ✓ 28367595  n_px=84  rrs_8=0.00101  CHL_NN=0.472
13:52:50 [INFO]   ✓ 65987777  n_px=62  rrs_8=0.00091  CHL_NN=0.551
13:52:52 [INFO]   ✓ 16625093  n_px=84  rrs_8=0.00093  CHL_NN=0.409
13:52:53 [INFO]   ✓ 45303644  n_px=85  rrs_8=0.00098  CHL_NN=0.457
13:52:55 [INFO]   ✓ 96017532  n_px=91  rrs_8=0.00111  CHL_NN=0.567
13:52:56 [INFO]   ✓ 91465217  n_px=97  rrs_8=0.00113  CHL_NN=0.457
13:52:57 [INFO]   ✓ 62872981  n_px=91  rrs_8=0.00098  CHL_NN=0.504
13:52:59 [INFO]   ✓ 07843497  n_px=81  rrs_8=0.00109  CHL_NN=0.551
13:53:00 [INFO]   ✓ 53182964  n_px=111  rrs_8=0.00140  CHL_NN=0.425
13:53:01 [INFO]   ✓ 58185135  n_px=88  rrs_8=0.00093  CHL_NN=0.520
13:53:02 [INFO]   ✓ 46041497  n_px=86  rrs_8=0.00089  CHL_NN=0.472
13:53:03 [INFO]   ✓ 40351581  n_px=88  rrs_8=0.00106  CHL_NN=0.472
13:53:05 [INFO]   ✓ 87295596  n_px=87  rrs_8=0.00102  CHL_NN=0.504
13:53:06 [INFO]   ✓ 81579206  n_px=111  rrs_8=0.00137  CHL_NN=0.472
13:53:08 [INFO]   ✓ 56156923  n_px=69  rrs_8=0.00098  CHL_NN=0.551
13:53:08 [INFO] [20250422] 61 location(s)
13:53:09 [INFO]   ✓ 12385435  n_px=24  rrs_8=0.00107  CHL_NN=0.819
13:53:11 [INFO]   ✓ 80810005  n_px=33  rrs_8=0.00159  CHL_NN=0.772
13:53:12 [INFO]   ✓ 71227517  n_px=88  rrs_8=0.00172  CHL_NN=0.669
13:53:13 [INFO]   ✓ 52979695  n_px=28  rrs_8=0.00116  CHL_NN=0.772
13:53:14 [INFO]   ✓ 92215084  n_px=68  rrs_8=0.00202  CHL_NN=0.976
13:53:16 [INFO]   ✓ 67252493  n_px=80  rrs_8=0.00192  CHL_NN=0.709
13:53:17 [INFO]   ✓ 02889199  n_px=62  rrs_8=0.00190  CHL_NN=0.740
13:53:19 [INFO]   ✓ 15939089  n_px=100  rrs_8=0.00159  CHL_NN=0.551
13:53:20 [INFO]   ✓ 56304186  n_px=79  rrs_8=0.00281  CHL_NN=0.803
13:53:22 [INFO]   ✓ 32549115  n_px=14  rrs_8=0.00107  CHL_NN=0.567
13:53:23 [INFO]   ✓ 15410616  n_px=59  rrs_8=0.00098  CHL_NN=0.551
13:53:24 [INFO]   ✓ 28481106  n_px=91  rrs_8=0.00153  CHL_NN=0.457
13:53:25 [INFO]   ✓ 86919553  n_px=82  rrs_8=0.00276  CHL_NN=1.354
13:53:26 [INFO]   ✓ 78224349  n_px=80  rrs_8=0.00080  CHL_NN=0.472
13:53:28 [INFO]   ✓ 91187877  n_px=97  rrs_8=0.00151  CHL_NN=0.551
13:53:29 [INFO]   ✓ 37121435  n_px=99  rrs_8=0.00159  CHL_NN=0.472
13:53:30 [INFO]   ✓ 40848227  n_px=58  rrs_8=0.00132  CHL_NN=1.024
13:53:31 [INFO]   ✓ 39445400  n_px=69  rrs_8=0.00118  CHL_NN=0.535
13:53:33 [INFO]   ✓ 94803535  n_px=20  rrs_8=0.00297  CHL_NN=1.071
13:53:34 [INFO]   ✓ 19394123  n_px=16  rrs_8=0.00502  CHL_NN=0.567
13:53:35 [INFO]   ✓ 25091474  n_px=96  rrs_8=0.00219  CHL_NN=1.024
13:53:36 [INFO]   ✓ 24624737  n_px=23  rrs_8=0.00087  CHL_NN=0.520
13:53:37 [INFO]   ✓ 67858538  n_px=40  rrs_8=0.00204  CHL_NN=0.929
13:53:39 [INFO]   ✓ 14611300  n_px=60  rrs_8=0.00126  CHL_NN=0.598
13:53:40 [INFO]   ✓ 95384878  n_px=43  rrs_8=0.00206  CHL_NN=0.677
13:53:41 [INFO]   ✓ 71312623  n_px=104  rrs_8=0.00294  CHL_NN=1.197
13:53:42 [INFO]   ✓ 65769464  n_px=19  rrs_8=0.00117  CHL_NN=0.850
13:53:43 [INFO]   ✓ 80984863  n_px=13  rrs_8=0.00124  CHL_NN=1.024
13:53:44 [INFO]   ✓ 22696390  n_px=109  rrs_8=0.00226  CHL_NN=1.071
13:53:45 [INFO]   ✓ 67353332  n_px=29  rrs_8=0.00206  CHL_NN=1.087
13:53:46 [INFO]   ✓ 91006682  n_px=105  rrs_8=0.00184  CHL_NN=0.850
13:53:47 [INFO]   ✓ 66252706  n_px=31  rrs_8=0.00117  CHL_NN=0.724
13:53:49 [INFO]   ✓ 41631921  n_px=19  rrs_8=0.00104  CHL_NN=0.504
13:53:50 [INFO]   ✓ 27676026  n_px=95  rrs_8=0.00230  CHL_NN=1.055
13:53:51 [INFO]   ✓ 81521704  n_px=38  rrs_8=0.00259  CHL_NN=1.102
13:53:52 [INFO]   ✓ 62372698  n_px=91  rrs_8=0.00170  CHL_NN=0.661
13:53:54 [INFO]   ✓ 97344617  n_px=84  rrs_8=0.00151  CHL_NN=0.606
13:53:55 [INFO]   ✓ 69566278  n_px=33  rrs_8=0.00113  CHL_NN=1.071
13:53:56 [INFO]   ✓ 68973270  n_px=53  rrs_8=0.00230  CHL_NN=0.850
13:53:58 [INFO]   ✓ 78943737  n_px=93  rrs_8=0.00190  CHL_NN=0.913
13:53:59 [INFO]   ✓ 74670034  n_px=105  rrs_8=0.00280  CHL_NN=1.118
13:54:00 [INFO]   ✓ 79016567  n_px=92  rrs_8=0.00279  CHL_NN=0.961
13:54:01 [INFO]   ✓ 48809162  n_px=62  rrs_8=0.00069  CHL_NN=0.535
13:54:02 [INFO]   ✓ 98966742  n_px=104  rrs_8=0.00298  CHL_NN=1.087
13:54:04 [INFO]   ✓ 35068965  n_px=33  rrs_8=0.00153  CHL_NN=0.866
13:54:05 [INFO]   ✓ 80438992  n_px=82  rrs_8=0.00162  CHL_NN=0.732
13:54:06 [INFO]   ✓ 55380203  n_px=71  rrs_8=0.00078  CHL_NN=0.504
13:54:07 [INFO]   ✓ 82973324  n_px=6  rrs_8=0.00098  CHL_NN=0.567
13:54:08 [INFO]   ✓ 56139636  n_px=103  rrs_8=0.00239  CHL_NN=1.055
13:54:09 [INFO]   ✓ 77449566  n_px=78  rrs_8=0.00184  CHL_NN=0.693
13:54:10 [INFO]   ✓ 81550347  n_px=72  rrs_8=0.00233  CHL_NN=1.150
13:54:11 [INFO]   ✓ 44353076  n_px=33  rrs_8=0.00115  CHL_NN=1.024
13:54:12 [INFO]   ✓ 18411535  n_px=43  rrs_8=0.00118  CHL_NN=0.803
13:54:14 [INFO]   ✓ 98133350  n_px=92  rrs_8=0.00161  CHL_NN=0.520
13:54:15 [INFO]   ✓ 09967368  n_px=32  rrs_8=0.00128  CHL_NN=0.724
13:54:16 [INFO]   ✓ 48535955  n_px=59  rrs_8=0.00269  CHL_NN=1.150
13:54:17 [INFO]   ✓ 10081317  n_px=17  rrs_8=0.00069  CHL_NN=0.551
13:54:18 [INFO]   ✓ 64437411  n_px=29  rrs_8=0.00113  CHL_NN=1.055
13:54:19 [INFO]   ✓ 08090139  n_px=69  rrs_8=0.00170  CHL_NN=0.614
13:54:20 [INFO]   ✓ 25891958  n_px=100  rrs_8=0.00175  CHL_NN=0.866
13:54:22 [INFO]   ✓ 38912131  n_px=59  rrs_8=0.00313  CHL_NN=1.307
13:54:22 [INFO] [20250423] 31 location(s)
13:54:23 [INFO]   ✓ 18959350  n_px=122  rrs_8=0.00161  CHL_NN=0.283
13:54:24 [INFO]   ✓ 05542373  n_px=99  rrs_8=0.00371  CHL_NN=1.354
13:54:26 [INFO]   ✓ 05896377  n_px=59  rrs_8=0.00137  CHL_NN=0.331
13:54:27 [INFO]   ✓ 36610350  n_px=113  rrs_8=0.00159  CHL_NN=0.504
13:54:29 [INFO]   ✓ 05652929  n_px=104  rrs_8=0.00158  CHL_NN=1.087
13:54:30 [INFO]   ✓ 00324556  n_px=107  rrs_8=0.00259  CHL_NN=1.181
13:54:31 [INFO]   ✓ 33147177  n_px=115  rrs_8=0.00195  CHL_NN=1.362
13:54:32 [INFO]   ✓ 19451796  n_px=117  rrs_8=0.00168  CHL_NN=0.528
13:54:33 [INFO]   ✓ 23481913  n_px=68  rrs_8=0.00124  CHL_NN=0.236
13:54:35 [INFO]   ✓ 26942506  n_px=137  rrs_8=0.00219  CHL_NN=0.535
13:54:36 [INFO]   ✓ 38629849  n_px=113  rrs_8=0.00151  CHL_NN=0.315
13:54:37 [INFO]   ✓ 76346828  n_px=129  rrs_8=0.00173  CHL_NN=0.047
13:54:38 [INFO]   ✓ 73606115  n_px=114  rrs_8=0.00185  CHL_NN=0.480
13:54:39 [INFO]   ✓ 56635571  n_px=107  rrs_8=0.00153  CHL_NN=0.157
13:54:40 [INFO]   ✓ 71251848  n_px=93  rrs_8=0.00172  CHL_NN=1.213
13:54:42 [INFO]   ✓ 54306014  n_px=95  rrs_8=0.00126  CHL_NN=0.346
13:54:43 [INFO]   ✓ 88247471  n_px=101  rrs_8=0.00168  CHL_NN=0.992
13:54:44 [INFO]   ✓ 30536433  n_px=103  rrs_8=0.00417  CHL_NN=1.339
13:54:45 [INFO]   ✓ 10475633  n_px=106  rrs_8=0.00144  CHL_NN=0.157
13:54:46 [INFO]   ✓ 42312545  n_px=103  rrs_8=0.00139  CHL_NN=1.102
13:54:47 [INFO]   ✓ 36524255  n_px=87  rrs_8=0.00358  CHL_NN=1.197
13:54:48 [INFO]   ✓ 89858960  n_px=123  rrs_8=0.00201  CHL_NN=0.110
13:54:49 [INFO]   ✓ 14804716  n_px=101  rrs_8=0.00164  CHL_NN=1.150
13:54:50 [INFO]   ✓ 13990859  n_px=115  rrs_8=0.00159  CHL_NN=0.362
13:54:52 [INFO]   ✓ 25500754  n_px=103  rrs_8=0.00208  CHL_NN=0.819
13:54:52 [INFO]   ✓ 96770023  n_px=95  rrs_8=0.00181  CHL_NN=1.433
13:54:54 [INFO]   ✓ 19568790  n_px=113  rrs_8=0.00161  CHL_NN=0.394
13:54:55 [INFO]   ✓ 01893219  n_px=73  rrs_8=0.00179  CHL_NN=1.150
13:54:56 [INFO]   ✓ 44279190  n_px=144  rrs_8=0.00214  CHL_NN=0.142
13:54:57 [INFO]   ✓ 19394123  n_px=89  rrs_8=0.00151  CHL_NN=0.567
13:54:58 [INFO]   ✓ 71237331  n_px=125  rrs_8=0.00164  CHL_NN=0.441
13:54:58 [INFO] [20250424] 1 location(s)
13:54:59 [INFO]   ✓ 19394123  n_px=122  rrs_8=0.00145  CHL_NN=0.110
13:54:59 [INFO] [20250425] 1 location(s)
13:55:01 [INFO]   ✓ 19394123  n_px=122  rrs_8=0.00145  CHL_NN=0.110
13:55:01 [INFO] [20250426] 1 location(s)
13:55:02 [INFO]   ✓ 19394123  n_px=122  rrs_8=0.00145  CHL_NN=0.110
13:55:02 [INFO] [20250427] 1 location(s)
13:55:04 [INFO]   ✓ 19394123  n_px=101  rrs_8=0.00364  CHL_NN=0.157
13:55:04 [INFO] [20250428] 1 location(s)
13:55:06 [INFO]   ✓ 19394123  n_px=140  rrs_8=0.00421  CHL_NN=0.173
13:55:06 [INFO] [20250429] 1 location(s)
13:55:07 [INFO]   ✓ 19394123  n_px=140  rrs_8=0.00421  CHL_NN=0.472
13:55:07 [INFO] [20250430] 1 location(s)
13:55:09 [INFO]   ✓ 19394123  n_px=144  rrs_8=0.00421  CHL_NN=0.472
13:55:09 [INFO] [20250520] 1 location(s)
13:55:11 [INFO]   ✓ 19394123  n_px=53  rrs_8=0.00168  CHL_NN=0.189
13:55:11 [INFO] [20250527] 1 location(s)
13:55:13 [INFO]   ✓ 19394123  n_px=165  rrs_8=0.10843  CHL_NN=0.409
13:55:13 [INFO] [20250604] 1 location(s)
13:55:15 [INFO]   ✓ 19394123  n_px=164  rrs_8=0.01148  CHL_NN=0.504
13:55:15 [INFO] [20250605] 1 location(s)
13:55:16 [INFO]   ✗ 19394123  no valid data in -3d window
13:55:16 [INFO] [20250606] 1 location(s)
13:55:18 [INFO]   ✓ 19394123  n_px=3  rrs_8=0.00120  CHL_NN=0.094
13:55:18 [INFO] [20250607] 1 location(s)
13:55:20 [INFO]   ✓ 19394123  n_px=3  rrs_8=0.00120  CHL_NN=0.220
13:55:20 [INFO] [20250608] 1 location(s)
13:55:21 [INFO]   ✓ 19394123  n_px=3  rrs_8=0.00120  CHL_NN=0.220
13:55:21 [INFO] [20250609] 21 location(s)
13:55:23 [INFO]   ✓ 61893590  n_px=0  rrs_8=nan  CHL_NN=0.449
13:55:24 [INFO]   ✗ 83619510  no valid data in -3d window
13:55:26 [INFO]   ✓ 36636855  n_px=9  rrs_8=0.12934  CHL_NN=0.362
13:55:27 [INFO]   ✗ 25773601  no valid data in -3d window
13:55:28 [INFO]   ✗ 95522179  no valid data in -3d window
13:55:30 [INFO]   ✓ 19394123  n_px=3  rrs_8=0.00120  CHL_NN=0.031
13:55:31 [INFO]   ✓ 28790326  n_px=12  rrs_8=0.00215  CHL_NN=0.063
13:55:33 [INFO]   ✗ 44234299  no valid data in -3d window
13:55:34 [INFO]   ✓ 15648833  n_px=7  rrs_8=0.00836  CHL_NN=0.472
13:55:35 [INFO]   ✓ 42208198  n_px=20  rrs_8=0.00179  CHL_NN=0.079
13:55:36 [INFO]   ✗ 52217648  no valid data in -3d window
13:55:37 [INFO]   ✓ 07152585  n_px=2  rrs_8=nan  CHL_NN=0.362
13:55:38 [INFO]   ✓ 12911923  n_px=0  rrs_8=nan  CHL_NN=0.441
13:55:40 [INFO]   ✗ 08818918  no valid data in -3d window
13:55:41 [INFO]   ✗ 14154932  no valid data in -3d window
13:55:42 [INFO]   ✗ 20292618  no valid data in -3d window
13:55:44 [INFO]   ✓ 89578283  n_px=1  rrs_8=nan  CHL_NN=0.472
13:55:45 [INFO]   ✓ 18044892  n_px=0  rrs_8=nan  CHL_NN=0.457
13:55:47 [INFO]   ✗ 76876010  no valid data in -3d window
13:55:48 [INFO]   ✗ 15385773  no valid data in -3d window
13:55:49 [INFO]   ✗ 08393646  no valid data in -3d window
13:55:49 [INFO] [20250610] 1 location(s)
13:55:50 [INFO]   ✗ 19394123  no valid data in -3d window
13:55:50 [INFO] [20250611] 81 location(s)
13:55:52 [INFO]   ✓ 76194627  n_px=33  rrs_8=0.00316  CHL_NN=0.031
13:55:53 [INFO]   ✓ 57638795  n_px=82  rrs_8=0.00353  CHL_NN=0.173
13:55:54 [INFO]   ✓ 69162249  n_px=73  rrs_8=0.00421  CHL_NN=0.205
13:55:55 [INFO]   ✓ 00960074  n_px=7  rrs_8=0.00113  CHL_NN=0.079
13:55:57 [INFO]   ✓ 90245806  n_px=79  rrs_8=0.00276  CHL_NN=0.047
13:55:58 [INFO]   ✓ 64203481  n_px=92  rrs_8=0.00259  CHL_NN=0.031
13:55:59 [INFO]   ✓ 44367509  n_px=5  rrs_8=0.01182  CHL_NN=nan
13:56:00 [INFO]   ✓ 47907877  n_px=43  rrs_8=0.01071  CHL_NN=0.299
13:56:01 [INFO]   ✓ 99732375  n_px=2  rrs_8=nan  CHL_NN=nan
13:56:02 [INFO]   ✓ 27406003  n_px=58  rrs_8=0.00156  CHL_NN=0.047
13:56:03 [INFO]   ✓ 08788840  n_px=0  rrs_8=nan  CHL_NN=nan
13:56:05 [INFO]   ✓ 01528019  n_px=8  rrs_8=0.00085  CHL_NN=0.063
13:56:07 [INFO]   ✗ 97642590  no valid data in -3d window
13:56:08 [INFO]   ✓ 88434389  n_px=3  rrs_8=0.01301  CHL_NN=0.157
13:56:09 [INFO]   ✓ 88412370  n_px=71  rrs_8=0.00183  CHL_NN=0.157
13:56:10 [INFO]   ✗ 69840107  no valid data in -3d window
13:56:11 [INFO]   ✓ 57465751  n_px=23  rrs_8=0.01094  CHL_NN=0.315
13:56:12 [INFO]   ✓ 17847451  n_px=2  rrs_8=nan  CHL_NN=nan
13:56:13 [INFO]   ✓ 44990589  n_px=47  rrs_8=0.00345  CHL_NN=0.079
13:56:14 [INFO]   ✓ 75750805  n_px=40  rrs_8=0.00472  CHL_NN=0.173
13:56:15 [INFO]   ✓ 34590956  n_px=42  rrs_8=0.00269  CHL_NN=0.016
13:56:16 [INFO]   ✓ 06226443  n_px=30  rrs_8=0.01312  CHL_NN=0.378
13:56:17 [INFO]   ✓ 80215478  n_px=2  rrs_8=nan  CHL_NN=1.197
13:56:19 [INFO]   ✓ 26108167  n_px=8  rrs_8=0.00113  CHL_NN=0.063
13:56:20 [INFO]   ✓ 09258839  n_px=67  rrs_8=0.00433  CHL_NN=0.205
13:56:21 [INFO]   ✓ 06877534  n_px=7  rrs_8=0.00087  CHL_NN=0.063
13:56:22 [INFO]   ✓ 30337343  n_px=0  rrs_8=nan  CHL_NN=0.520
13:56:22 [INFO]   ✓ 91715763  n_px=4  rrs_8=0.00104  CHL_NN=0.079
13:56:24 [INFO]   ✓ 33899632  n_px=20  rrs_8=0.00139  CHL_NN=nan
13:56:25 [INFO]   ✓ 75510214  n_px=23  rrs_8=0.01094  CHL_NN=0.315
13:56:26 [INFO]   ✓ 36601629  n_px=33  rrs_8=0.00666  CHL_NN=0.346
13:56:27 [INFO]   ✗ 84596649  no valid data in -3d window
13:56:28 [INFO]   ✓ 33482816  n_px=29  rrs_8=0.00305  CHL_NN=0.031
13:56:29 [INFO]   ✓ 76929963  n_px=0  rrs_8=nan  CHL_NN=0.055
13:56:30 [INFO]   ✓ 51142107  n_px=2  rrs_8=nan  CHL_NN=0.520
13:56:31 [INFO]   ✗ 92214114  no valid data in -3d window
13:56:32 [INFO]   ✓ 47926079  n_px=16  rrs_8=0.00152  CHL_NN=0.016
13:56:33 [INFO]   ✓ 99494986  n_px=72  rrs_8=0.00146  CHL_NN=0.063
13:56:34 [INFO]   ✓ 76746770  n_px=95  rrs_8=0.00256  CHL_NN=0.047
13:56:35 [INFO]   ✗ 68504977  no valid data in -3d window
13:56:36 [INFO]   ✓ 10258787  n_px=12  rrs_8=0.00309  CHL_NN=0.283
13:56:36 [INFO]   ✓ 40834426  n_px=77  rrs_8=0.00281  CHL_NN=0.205
13:56:37 [INFO]   ✗ 02969337  no valid data in -3d window
13:56:38 [INFO]   ✓ 80600146  n_px=41  rrs_8=0.00206  CHL_NN=0.024
13:56:39 [INFO]   ✓ 61392706  n_px=2  rrs_8=nan  CHL_NN=0.299
13:56:40 [INFO]   ✓ 80756299  n_px=89  rrs_8=0.00232  CHL_NN=0.079
13:56:41 [INFO]   ✓ 66507444  n_px=81  rrs_8=0.00181  CHL_NN=0.079
13:56:42 [INFO]   ✓ 05037778  n_px=5  rrs_8=0.00173  CHL_NN=0.063
13:56:43 [INFO]   ✓ 72756021  n_px=2  rrs_8=nan  CHL_NN=nan
13:56:44 [INFO]   ✓ 28511782  n_px=1  rrs_8=nan  CHL_NN=nan
13:56:45 [INFO]   ✓ 14022776  n_px=24  rrs_8=0.00326  CHL_NN=0.047
13:56:46 [INFO]   ✗ 60405024  no valid data in -3d window
13:56:47 [INFO]   ✓ 19292793  n_px=65  rrs_8=0.00137  CHL_NN=0.063
13:56:48 [INFO]   ✓ 24423747  n_px=44  rrs_8=0.00367  CHL_NN=0.079
13:56:50 [INFO]   ✓ 58762563  n_px=0  rrs_8=nan  CHL_NN=0.024
13:56:51 [INFO]   ✓ 54605827  n_px=1  rrs_8=nan  CHL_NN=0.079
13:56:52 [INFO]   ✓ 85372911  n_px=0  rrs_8=nan  CHL_NN=0.031
13:56:53 [INFO]   ✓ 44172546  n_px=13  rrs_8=0.00838  CHL_NN=nan
13:56:53 [INFO]   ✓ 32258850  n_px=3  rrs_8=0.00190  CHL_NN=0.142
13:56:54 [INFO]   ✓ 15196633  n_px=42  rrs_8=0.00259  CHL_NN=0.016
13:56:55 [INFO]   ✓ 66917741  n_px=0  rrs_8=nan  CHL_NN=0.039
13:56:56 [INFO]   ✓ 24814128  n_px=0  rrs_8=nan  CHL_NN=0.031
13:56:58 [INFO]   ✓ 66187934  n_px=55  rrs_8=0.00454  CHL_NN=0.205
13:56:59 [INFO]   ✓ 38255297  n_px=5  rrs_8=0.00060  CHL_NN=0.031
13:57:00 [INFO]   ✓ 02089109  n_px=0  rrs_8=nan  CHL_NN=0.039
13:57:01 [INFO]   ✓ 42739792  n_px=3  rrs_8=0.00834  CHL_NN=0.331
13:57:02 [INFO]   ✓ 61689917  n_px=40  rrs_8=0.00366  CHL_NN=0.079
13:57:03 [INFO]   ✓ 46789144  n_px=0  rrs_8=nan  CHL_NN=0.504
13:57:04 [INFO]   ✓ 04368813  n_px=1  rrs_8=nan  CHL_NN=1.622
13:57:05 [INFO]   ✓ 15248813  n_px=58  rrs_8=0.00320  CHL_NN=0.047
13:57:06 [INFO]   ✗ 04954021  no valid data in -3d window
13:57:07 [INFO]   ✓ 37247801  n_px=21  rrs_8=0.00137  CHL_NN=nan
13:57:08 [INFO]   ✓ 19394123  n_px=5  rrs_8=0.00073  CHL_NN=0.047
13:57:09 [INFO]   ✓ 59306998  n_px=3  rrs_8=0.00834  CHL_NN=0.480
13:57:10 [INFO]   ✓ 85241581  n_px=0  rrs_8=nan  CHL_NN=0.488
13:57:11 [INFO]   ✓ 53431520  n_px=70  rrs_8=0.00195  CHL_NN=0.173
13:57:12 [INFO]   ✓ 51832123  n_px=7  rrs_8=0.00096  CHL_NN=0.063
13:57:13 [INFO]   ✓ 81065794  n_px=99  rrs_8=0.00237  CHL_NN=0.031
13:57:15 [INFO]   ✓ 00148857  n_px=11  rrs_8=0.00159  CHL_NN=0.094
13:57:16 [INFO]   ✓ 32592913  n_px=66  rrs_8=0.00269  CHL_NN=0.189
13:57:16 [INFO]   ✓ 04520841  n_px=105  rrs_8=0.00203  CHL_NN=0.031
13:57:16 [INFO] [20250612] 1 location(s)
13:57:18 [INFO]   ✓ 19394123  n_px=9  rrs_8=0.00164  CHL_NN=0.142
13:57:18 [INFO] [20250616] 1 location(s)
13:57:20 [INFO]   ✓ 84761721  n_px=48  rrs_8=0.00108  CHL_NN=0.236
13:57:20 [INFO] [20250617] 96 location(s)
13:57:21 [INFO]   ✓ 34749521  n_px=0  rrs_8=nan  CHL_NN=0.047
13:57:23 [INFO]   ✓ 49492388  n_px=49  rrs_8=0.00093  CHL_NN=0.236
13:57:24 [INFO]   ✓ 76738995  n_px=87  rrs_8=0.11231  CHL_NN=0.079
13:57:25 [INFO]   ✓ 20989371  n_px=4  rrs_8=0.10911  CHL_NN=0.047
13:57:27 [INFO]   ✓ 61564076  n_px=140  rrs_8=0.08116  CHL_NN=0.299
13:57:28 [INFO]   ✓ 80030151  n_px=1  rrs_8=nan  CHL_NN=0.173
13:57:30 [INFO]   ✓ 66072149  n_px=109  rrs_8=0.11068  CHL_NN=1.291
13:57:31 [INFO]   ✓ 13134842  n_px=50  rrs_8=0.00114  CHL_NN=0.236
13:57:32 [INFO]   ✗ 05384702  no valid data in -3d window
13:57:34 [INFO]   ✓ 81579416  n_px=49  rrs_8=0.11306  CHL_NN=0.094
13:57:35 [INFO]   ✓ 64939654  n_px=4  rrs_8=0.00085  CHL_NN=0.126
13:57:36 [INFO]   ✓ 87471695  n_px=8  rrs_8=0.08382  CHL_NN=1.654
13:57:37 [INFO]   ✓ 99774575  n_px=16  rrs_8=0.00114  CHL_NN=0.362
13:57:39 [INFO]   ✓ 44251823  n_px=3  rrs_8=0.00098  CHL_NN=0.346
13:57:40 [INFO]   ✓ 33733043  n_px=87  rrs_8=0.10391  CHL_NN=0.094
13:57:41 [INFO]   ✓ 06148819  n_px=14  rrs_8=0.00114  CHL_NN=0.362
13:57:42 [INFO]   ✓ 63035268  n_px=54  rrs_8=0.00108  CHL_NN=0.236
13:57:43 [INFO]   ✓ 79846484  n_px=10  rrs_8=0.00084  CHL_NN=0.693
13:57:45 [INFO]   ✗ 22773858  no valid data in -3d window
13:57:45 [INFO]   ✓ 62223560  n_px=15  rrs_8=0.00193  CHL_NN=0.346
13:57:46 [INFO]   ✓ 89473159  n_px=55  rrs_8=0.09712  CHL_NN=1.228
13:57:47 [INFO]   ✓ 61819725  n_px=66  rrs_8=0.00133  CHL_NN=0.236
13:57:49 [INFO]   ✓ 09021290  n_px=3  rrs_8=0.00558  CHL_NN=0.346
13:57:51 [INFO]   ✓ 34898355  n_px=14  rrs_8=0.00172  CHL_NN=0.346
13:57:52 [INFO]   ✓ 49787387  n_px=8  rrs_8=0.00087  CHL_NN=0.898
13:57:53 [INFO]   ✓ 81340532  n_px=10  rrs_8=0.00097  CHL_NN=0.236
13:57:54 [INFO]   ✓ 04334566  n_px=5  rrs_8=0.02785  CHL_NN=0.220
13:57:55 [INFO]   ✓ 71749893  n_px=1  rrs_8=nan  CHL_NN=0.189
13:57:56 [INFO]   ✓ 72650455  n_px=29  rrs_8=0.09159  CHL_NN=0.079
13:57:58 [INFO]   ✓ 66635151  n_px=2  rrs_8=nan  CHL_NN=0.079
13:57:59 [INFO]   ✓ 39665132  n_px=53  rrs_8=0.12414  CHL_NN=0.409
13:58:00 [INFO]   ✗ 04203805  no valid data in -3d window
13:58:01 [INFO]   ✓ 79656491  n_px=64  rrs_8=0.11513  CHL_NN=0.693
13:58:02 [INFO]   ✓ 86171363  n_px=52  rrs_8=0.00114  CHL_NN=0.236
13:58:03 [INFO]   ✓ 12064714  n_px=15  rrs_8=0.00184  CHL_NN=0.346
13:58:04 [INFO]   ✓ 32904945  n_px=115  rrs_8=0.11924  CHL_NN=0.488
13:58:05 [INFO]   ✓ 48443717  n_px=48  rrs_8=0.00114  CHL_NN=0.236
13:58:06 [INFO]   ✓ 90968894  n_px=26  rrs_8=0.00518  CHL_NN=1.024
13:58:07 [INFO]   ✓ 90824916  n_px=14  rrs_8=0.00126  CHL_NN=0.362
13:58:09 [INFO]   ✓ 88812595  n_px=48  rrs_8=0.00092  CHL_NN=0.236
13:58:10 [INFO]   ✓ 76204961  n_px=16  rrs_8=0.01704  CHL_NN=0.315
13:58:11 [INFO]   ✓ 48743509  n_px=8  rrs_8=0.05834  CHL_NN=0.299
13:58:12 [INFO]   ✓ 75961844  n_px=119  rrs_8=0.11136  CHL_NN=1.528
13:58:13 [INFO]   ✓ 80112843  n_px=48  rrs_8=0.00094  CHL_NN=0.236
13:58:14 [INFO]   ✓ 64357785  n_px=53  rrs_8=0.00111  CHL_NN=0.252
13:58:15 [INFO]   ✓ 21983751  n_px=1  rrs_8=nan  CHL_NN=0.173
13:58:16 [INFO]   ✓ 09919345  n_px=80  rrs_8=0.10645  CHL_NN=1.213
13:58:17 [INFO]   ✓ 27837414  n_px=45  rrs_8=0.00107  CHL_NN=0.236
13:58:18 [INFO]   ✓ 41958451  n_px=51  rrs_8=0.00124  CHL_NN=0.236
13:58:19 [INFO]   ✓ 41090607  n_px=51  rrs_8=0.00124  CHL_NN=0.236
13:58:20 [INFO]   ✓ 54788727  n_px=20  rrs_8=0.13928  CHL_NN=0.220
13:58:22 [INFO]   ✓ 03927184  n_px=14  rrs_8=0.00114  CHL_NN=0.362
13:58:23 [INFO]   ✓ 20120267  n_px=15  rrs_8=0.12931  CHL_NN=0.047
13:58:24 [INFO]   ✓ 98440437  n_px=3  rrs_8=0.13810  CHL_NN=0.126
13:58:25 [INFO]   ✓ 40481557  n_px=16  rrs_8=0.00120  CHL_NN=0.346
13:58:26 [INFO]   ✓ 71310662  n_px=11  rrs_8=0.00115  CHL_NN=1.071
13:58:27 [INFO]   ✓ 79233765  n_px=144  rrs_8=0.11296  CHL_NN=0.157
13:58:28 [INFO]   ✓ 75348683  n_px=4  rrs_8=0.00076  CHL_NN=0.110
13:58:30 [INFO]   ✓ 30230314  n_px=103  rrs_8=0.09272  CHL_NN=0.110
13:58:31 [INFO]   ✓ 29351100  n_px=6  rrs_8=0.00085  CHL_NN=1.024
13:58:33 [INFO]   ✓ 82339518  n_px=109  rrs_8=0.09378  CHL_NN=1.559
13:58:33 [INFO]   ✓ 53333549  n_px=18  rrs_8=0.07920  CHL_NN=0.063
13:58:35 [INFO]   ✓ 40344927  n_px=20  rrs_8=0.00748  CHL_NN=0.094
13:58:36 [INFO]   ✓ 46809365  n_px=62  rrs_8=0.10076  CHL_NN=1.362
13:58:37 [INFO]   ✓ 81402700  n_px=51  rrs_8=0.07051  CHL_NN=0.126
13:58:38 [INFO]   ✓ 14622926  n_px=6  rrs_8=0.03404  CHL_NN=0.276
13:58:39 [INFO]   ✓ 38348816  n_px=76  rrs_8=0.12401  CHL_NN=0.740
13:58:40 [INFO]   ✓ 66745909  n_px=66  rrs_8=0.16396  CHL_NN=1.165
13:58:41 [INFO]   ✓ 03688930  n_px=50  rrs_8=0.09761  CHL_NN=0.079
13:58:42 [INFO]   ✓ 01015775  n_px=3  rrs_8=0.00129  CHL_NN=0.189
13:58:43 [INFO]   ✓ 98814406  n_px=77  rrs_8=0.11938  CHL_NN=0.457
13:58:44 [INFO]   ✗ 31630200  no valid data in -3d window
13:58:46 [INFO]   ✓ 84502692  n_px=12  rrs_8=0.00115  CHL_NN=0.362
13:58:46 [INFO]   ✓ 18824308  n_px=53  rrs_8=0.00118  CHL_NN=0.236
13:58:48 [INFO]   ✓ 02041911  n_px=121  rrs_8=0.11457  CHL_NN=1.528
13:58:49 [INFO]   ✓ 68438339  n_px=17  rrs_8=0.08010  CHL_NN=0.079
13:58:50 [INFO]   ✓ 02066895  n_px=142  rrs_8=0.11984  CHL_NN=0.307
13:58:51 [INFO]   ✓ 98224145  n_px=5  rrs_8=0.00161  CHL_NN=0.362
13:58:52 [INFO]   ✓ 17943063  n_px=28  rrs_8=0.09352  CHL_NN=0.079
13:58:54 [INFO]   ✓ 43630806  n_px=6  rrs_8=0.03404  CHL_NN=0.220
13:58:54 [INFO]   ✓ 99038253  n_px=29  rrs_8=0.01041  CHL_NN=0.126
13:58:55 [INFO]   ✓ 37254962  n_px=51  rrs_8=0.00109  CHL_NN=0.236
13:58:56 [INFO]   ✓ 55782025  n_px=9  rrs_8=0.00082  CHL_NN=0.882
13:58:57 [INFO]   ✓ 97726103  n_px=4  rrs_8=0.00055  CHL_NN=0.126
13:58:58 [INFO]   ✓ 03082847  n_px=46  rrs_8=0.00108  CHL_NN=0.236
13:58:59 [INFO]   ✓ 98306735  n_px=11  rrs_8=0.00122  CHL_NN=1.071
13:59:00 [INFO]   ✓ 25526016  n_px=52  rrs_8=0.00102  CHL_NN=0.252
13:59:02 [INFO]   ✓ 18965466  n_px=154  rrs_8=0.11957  CHL_NN=0.409
13:59:03 [INFO]   ✓ 19549953  n_px=45  rrs_8=0.10446  CHL_NN=1.102
13:59:04 [INFO]   ✓ 56051236  n_px=112  rrs_8=0.11089  CHL_NN=0.110
13:59:05 [INFO]   ✓ 55256691  n_px=61  rrs_8=0.09757  CHL_NN=1.339
13:59:06 [INFO]   ✓ 55228492  n_px=3  rrs_8=0.00410  CHL_NN=0.260
13:59:07 [INFO]   ✓ 84012582  n_px=47  rrs_8=0.07476  CHL_NN=0.583
13:59:08 [INFO]   ✓ 84183022  n_px=22  rrs_8=0.10814  CHL_NN=0.378
13:59:09 [INFO]   ✗ 25953755  no valid data in -3d window
13:59:10 [INFO]   ✓ 16943039  n_px=75  rrs_8=0.10854  CHL_NN=1.197
13:59:10 [INFO] [20250618] 42 location(s)
13:59:12 [INFO]   ✓ 00474787  n_px=50  rrs_8=0.00121  CHL_NN=0.236
13:59:13 [INFO]   ✓ 88554807  n_px=51  rrs_8=0.00126  CHL_NN=0.268
13:59:14 [INFO]   ✓ 18249834  n_px=49  rrs_8=0.00093  CHL_NN=0.236
13:59:15 [INFO]   ✓ 99651714  n_px=159  rrs_8=0.08303  CHL_NN=0.283
13:59:16 [INFO]   ✓ 45112175  n_px=47  rrs_8=0.00109  CHL_NN=0.236
13:59:17 [INFO]   ✓ 32952288  n_px=49  rrs_8=0.00118  CHL_NN=0.236
13:59:18 [INFO]   ✓ 04151556  n_px=49  rrs_8=0.00107  CHL_NN=0.236
13:59:19 [INFO]   ✓ 53114048  n_px=48  rrs_8=0.00114  CHL_NN=0.236
13:59:20 [INFO]   ✓ 92889627  n_px=102  rrs_8=0.11700  CHL_NN=1.661
13:59:22 [INFO]   ✓ 39160091  n_px=45  rrs_8=0.00109  CHL_NN=0.236
13:59:23 [INFO]   ✓ 51711996  n_px=52  rrs_8=0.00121  CHL_NN=0.236
13:59:24 [INFO]   ✓ 22669071  n_px=50  rrs_8=0.00102  CHL_NN=0.236
13:59:25 [INFO]   ✓ 93153186  n_px=49  rrs_8=0.00096  CHL_NN=0.236
13:59:26 [INFO]   ✓ 62724742  n_px=49  rrs_8=0.00091  CHL_NN=0.236
13:59:27 [INFO]   ✓ 41958451  n_px=53  rrs_8=0.00109  CHL_NN=0.236
13:59:28 [INFO]   ✓ 05248959  n_px=61  rrs_8=0.00155  CHL_NN=0.236
13:59:29 [INFO]   ✓ 83019272  n_px=90  rrs_8=0.08030  CHL_NN=0.378
13:59:30 [INFO]   ✓ 69030276  n_px=47  rrs_8=0.00107  CHL_NN=0.236
13:59:31 [INFO]   ✓ 98791428  n_px=61  rrs_8=0.00129  CHL_NN=0.236
13:59:33 [INFO]   ✓ 11147467  n_px=48  rrs_8=0.00102  CHL_NN=0.236
13:59:34 [INFO]   ✓ 69234746  n_px=50  rrs_8=0.00092  CHL_NN=0.236
13:59:35 [INFO]   ✓ 31753851  n_px=54  rrs_8=0.00214  CHL_NN=0.425
13:59:36 [INFO]   ✓ 48547507  n_px=70  rrs_8=0.00118  CHL_NN=0.236
13:59:38 [INFO]   ✓ 12565703  n_px=158  rrs_8=0.08322  CHL_NN=0.236
13:59:39 [INFO]   ✓ 14221335  n_px=46  rrs_8=0.00108  CHL_NN=0.236
13:59:41 [INFO]   ✓ 54597459  n_px=158  rrs_8=0.08269  CHL_NN=0.283
13:59:42 [INFO]   ✓ 48278087  n_px=56  rrs_8=0.00090  CHL_NN=0.236
13:59:43 [INFO]   ✓ 80112843  n_px=48  rrs_8=0.00094  CHL_NN=0.236
13:59:44 [INFO]   ✓ 36810198  n_px=46  rrs_8=0.00108  CHL_NN=0.236
13:59:45 [INFO]   ✓ 01209205  n_px=49  rrs_8=0.00096  CHL_NN=0.236
13:59:46 [INFO]   ✓ 63035268  n_px=55  rrs_8=0.00109  CHL_NN=0.236
13:59:47 [INFO]   ✓ 38068128  n_px=97  rrs_8=0.11894  CHL_NN=1.654
13:59:48 [INFO]   ✓ 34108884  n_px=149  rrs_8=0.08124  CHL_NN=0.299
13:59:49 [INFO]   ✓ 27462965  n_px=51  rrs_8=0.00109  CHL_NN=0.236
13:59:50 [INFO]   ✓ 01302819  n_px=43  rrs_8=0.00109  CHL_NN=0.315
13:59:51 [INFO]   ✓ 86171363  n_px=53  rrs_8=0.00109  CHL_NN=0.236
13:59:52 [INFO]   ✓ 73991784  n_px=47  rrs_8=0.00109  CHL_NN=0.236
13:59:53 [INFO]   ✓ 47058407  n_px=47  rrs_8=0.00095  CHL_NN=0.236
13:59:54 [INFO]   ✓ 01305185  n_px=48  rrs_8=0.00102  CHL_NN=0.236
13:59:55 [INFO]   ✓ 78951559  n_px=51  rrs_8=0.00095  CHL_NN=0.236
13:59:57 [INFO]   ✓ 36832132  n_px=48  rrs_8=0.00114  CHL_NN=0.236
13:59:58 [INFO]   ✓ 24368514  n_px=50  rrs_8=0.00094  CHL_NN=0.236
13:59:58 [INFO] [20250625] 84 location(s)
13:59:59 [INFO]   ✓ 95901527  n_px=91  rrs_8=0.00177  CHL_NN=0.236
14:00:01 [INFO]   ✓ 61698293  n_px=18  rrs_8=0.00120  CHL_NN=0.157
14:00:02 [INFO]   ✓ 48005130  n_px=73  rrs_8=0.00115  CHL_NN=0.173
14:00:03 [INFO]   ✓ 40479210  n_px=102  rrs_8=0.00128  CHL_NN=0.205
14:00:04 [INFO]   ✓ 02530391  n_px=158  rrs_8=0.04896  CHL_NN=0.425
14:00:06 [INFO]   ✓ 67178820  n_px=160  rrs_8=0.08735  CHL_NN=0.189
14:00:07 [INFO]   ✓ 03016436  n_px=62  rrs_8=0.00183  CHL_NN=0.205
14:00:08 [INFO]   ✓ 28063582  n_px=79  rrs_8=0.00296  CHL_NN=0.189
14:00:09 [INFO]   ✓ 25368665  n_px=46  rrs_8=0.00117  CHL_NN=0.142
14:00:11 [INFO]   ✓ 59157576  n_px=87  rrs_8=0.00126  CHL_NN=0.189
14:00:13 [INFO]   ✓ 46504882  n_px=100  rrs_8=0.00191  CHL_NN=0.268
14:00:14 [INFO]   ✓ 65885345  n_px=165  rrs_8=0.12883  CHL_NN=0.252
14:00:15 [INFO]   ✓ 62966171  n_px=52  rrs_8=0.00160  CHL_NN=0.189
14:00:16 [INFO]   ✓ 02382148  n_px=165  rrs_8=0.13280  CHL_NN=0.567
14:00:18 [INFO]   ✓ 67383044  n_px=70  rrs_8=0.00240  CHL_NN=0.126
14:00:19 [INFO]   ✓ 33092489  n_px=165  rrs_8=0.12790  CHL_NN=0.551
14:00:20 [INFO]   ✓ 86342559  n_px=58  rrs_8=0.00111  CHL_NN=0.157
14:00:21 [INFO]   ✓ 86899588  n_px=44  rrs_8=0.00120  CHL_NN=0.142
14:00:22 [INFO]   ✓ 32704127  n_px=157  rrs_8=0.12486  CHL_NN=0.409
14:00:23 [INFO]   ✓ 28825339  n_px=82  rrs_8=0.00128  CHL_NN=0.189
14:00:24 [INFO]   ✓ 18961014  n_px=165  rrs_8=0.11850  CHL_NN=0.598
14:00:25 [INFO]   ✓ 48181131  n_px=22  rrs_8=0.00093  CHL_NN=0.126
14:00:26 [INFO]   ✓ 46160970  n_px=165  rrs_8=0.13647  CHL_NN=0.567
14:00:27 [INFO]   ✓ 33925846  n_px=27  rrs_8=0.00104  CHL_NN=0.157
14:00:28 [INFO]   ✓ 91307567  n_px=85  rrs_8=0.00155  CHL_NN=0.378
14:00:29 [INFO]   ✓ 72475067  n_px=28  rrs_8=0.00104  CHL_NN=0.157
14:00:30 [INFO]   ✓ 12064714  n_px=131  rrs_8=0.00234  CHL_NN=0.441
14:00:31 [INFO]   ✓ 47419481  n_px=159  rrs_8=0.06914  CHL_NN=0.409
14:00:33 [INFO]   ✓ 50868932  n_px=69  rrs_8=0.00122  CHL_NN=0.173
14:00:33 [INFO]   ✓ 41662240  n_px=165  rrs_8=0.11907  CHL_NN=0.583
14:00:35 [INFO]   ✓ 60366710  n_px=155  rrs_8=0.09096  CHL_NN=0.567
14:00:35 [INFO]   ✓ 12816553  n_px=165  rrs_8=0.12222  CHL_NN=0.362
14:00:37 [INFO]   ✓ 97343407  n_px=72  rrs_8=0.00204  CHL_NN=0.157
14:00:38 [INFO]   ✓ 36212050  n_px=152  rrs_8=0.07076  CHL_NN=0.520
14:00:40 [INFO]   ✓ 86238658  n_px=79  rrs_8=0.07216  CHL_NN=0.173
14:00:41 [INFO]   ✓ 63399756  n_px=32  rrs_8=0.00159  CHL_NN=0.157
14:00:42 [INFO]   ✓ 21095562  n_px=43  rrs_8=0.00131  CHL_NN=0.173
14:00:43 [INFO]   ✓ 55303044  n_px=47  rrs_8=0.00135  CHL_NN=0.126
14:00:44 [INFO]   ✓ 77522097  n_px=158  rrs_8=0.08454  CHL_NN=0.472
14:00:45 [INFO]   ✓ 63324256  n_px=165  rrs_8=0.12803  CHL_NN=0.331
14:00:46 [INFO]   ✓ 33214762  n_px=165  rrs_8=0.11614  CHL_NN=0.472
14:00:47 [INFO]   ✓ 67905535  n_px=88  rrs_8=0.00134  CHL_NN=0.173
14:00:48 [INFO]   ✓ 18933036  n_px=132  rrs_8=0.00232  CHL_NN=0.441
14:00:49 [INFO]   ✓ 00729195  n_px=115  rrs_8=0.00624  CHL_NN=0.283
14:00:50 [INFO]   ✓ 53063749  n_px=165  rrs_8=0.13143  CHL_NN=0.205
14:00:51 [INFO]   ✓ 85777438  n_px=41  rrs_8=0.00096  CHL_NN=0.142
14:00:52 [INFO]   ✓ 09079451  n_px=48  rrs_8=0.00270  CHL_NN=0.173
14:00:53 [INFO]   ✓ 85632895  n_px=159  rrs_8=0.12980  CHL_NN=0.488
14:00:54 [INFO]   ✓ 98896780  n_px=164  rrs_8=0.10407  CHL_NN=0.457
14:00:55 [INFO]   ✓ 22102170  n_px=45  rrs_8=0.00122  CHL_NN=0.142
14:00:56 [INFO]   ✓ 44542350  n_px=111  rrs_8=0.00204  CHL_NN=0.331
14:00:57 [INFO]   ✓ 09970889  n_px=60  rrs_8=0.00132  CHL_NN=0.189
14:00:58 [INFO]   ✓ 03170305  n_px=159  rrs_8=0.08864  CHL_NN=0.189
14:00:59 [INFO]   ✓ 44951960  n_px=114  rrs_8=0.00199  CHL_NN=0.236
14:01:00 [INFO]   ✓ 55724167  n_px=22  rrs_8=0.00091  CHL_NN=0.126
14:01:01 [INFO]   ✓ 41666870  n_px=43  rrs_8=0.00166  CHL_NN=0.157
14:01:02 [INFO]   ✓ 35711608  n_px=160  rrs_8=0.08735  CHL_NN=0.189
14:01:03 [INFO]   ✓ 57742545  n_px=122  rrs_8=0.06320  CHL_NN=0.173
14:01:04 [INFO]   ✓ 07877669  n_px=72  rrs_8=0.00134  CHL_NN=0.173
14:01:06 [INFO]   ✓ 74894708  n_px=148  rrs_8=0.11282  CHL_NN=0.472
14:01:07 [INFO]   ✓ 65677677  n_px=165  rrs_8=0.13762  CHL_NN=0.504
14:01:08 [INFO]   ✓ 35636227  n_px=154  rrs_8=0.06397  CHL_NN=0.520
14:01:09 [INFO]   ✓ 89274494  n_px=81  rrs_8=0.00128  CHL_NN=0.189
14:01:10 [INFO]   ✓ 68312308  n_px=165  rrs_8=0.12890  CHL_NN=0.583
14:01:11 [INFO]   ✓ 46870218  n_px=88  rrs_8=0.00149  CHL_NN=0.378
14:01:12 [INFO]   ✓ 49124844  n_px=155  rrs_8=0.09045  CHL_NN=0.567
14:01:13 [INFO]   ✓ 65504973  n_px=61  rrs_8=0.00241  CHL_NN=0.189
14:01:14 [INFO]   ✓ 65501710  n_px=165  rrs_8=0.13643  CHL_NN=0.551
14:01:15 [INFO]   ✓ 83390329  n_px=97  rrs_8=0.00161  CHL_NN=0.283
14:01:16 [INFO]   ✓ 31048457  n_px=165  rrs_8=0.09730  CHL_NN=0.504
14:01:17 [INFO]   ✓ 56282930  n_px=52  rrs_8=0.00163  CHL_NN=0.189
14:01:18 [INFO]   ✓ 08329443  n_px=165  rrs_8=0.09633  CHL_NN=0.583
14:01:19 [INFO]   ✓ 25131522  n_px=165  rrs_8=0.13235  CHL_NN=0.236
14:01:20 [INFO]   ✓ 55835101  n_px=161  rrs_8=0.12927  CHL_NN=0.488
14:01:21 [INFO]   ✓ 57540038  n_px=55  rrs_8=0.00118  CHL_NN=0.157
14:01:22 [INFO]   ✓ 68363743  n_px=165  rrs_8=0.12035  CHL_NN=0.425
14:01:23 [INFO]   ✓ 90193776  n_px=54  rrs_8=0.00196  CHL_NN=0.157
14:01:24 [INFO]   ✓ 48820977  n_px=151  rrs_8=0.03808  CHL_NN=0.409
14:01:25 [INFO]   ✓ 01202111  n_px=165  rrs_8=0.11253  CHL_NN=0.551
14:01:26 [INFO]   ✓ 42133831  n_px=43  rrs_8=0.06417  CHL_NN=0.142
14:01:27 [INFO]   ✓ 75819000  n_px=34  rrs_8=0.00135  CHL_NN=0.142
14:01:28 [INFO]   ✓ 28151921  n_px=48  rrs_8=0.00115  CHL_NN=0.142
14:01:29 [INFO]   ✓ 39005395  n_px=43  rrs_8=0.00364  CHL_NN=0.205
14:01:30 [INFO]   ✓ 24453251  n_px=165  rrs_8=0.12964  CHL_NN=0.315
14:01:30 [INFO] [20250708] 14 location(s)
14:01:32 [INFO]   ✓ 87614129  n_px=46  rrs_8=0.00170  CHL_NN=0.220
14:01:33 [INFO]   ✓ 80362706  n_px=134  rrs_8=0.12705  CHL_NN=0.157
14:01:35 [INFO]   ✓ 68454776  n_px=141  rrs_8=0.13035  CHL_NN=0.268
14:01:36 [INFO]   ✗ 10486652  no valid data in -3d window
14:01:38 [INFO]   ✓ 62303683  n_px=8  rrs_8=0.01374  CHL_NN=0.346
14:01:40 [INFO]   ✓ 65342479  n_px=54  rrs_8=0.12463  CHL_NN=0.315
14:01:41 [INFO]   ✓ 04334721  n_px=135  rrs_8=0.12328  CHL_NN=0.189
14:01:42 [INFO]   ✓ 38842125  n_px=41  rrs_8=0.00208  CHL_NN=0.205
14:01:43 [INFO]   ✓ 95423793  n_px=136  rrs_8=0.12424  CHL_NN=0.173
14:01:44 [INFO]   ✓ 95492901  n_px=153  rrs_8=0.11702  CHL_NN=0.441
14:01:45 [INFO]   ✓ 19889621  n_px=164  rrs_8=0.10322  CHL_NN=0.173
14:01:47 [INFO]   ✓ 56808066  n_px=119  rrs_8=0.00576  CHL_NN=0.819
14:01:48 [INFO]   ✓ 56382074  n_px=5  rrs_8=0.10691  CHL_NN=0.142
14:01:49 [INFO]   ✓ 85524832  n_px=47  rrs_8=0.00254  CHL_NN=0.268
14:01:49 [INFO] [20250709] 2 location(s)
14:01:51 [INFO]   ✓ 62303683  n_px=6  rrs_8=0.02398  CHL_NN=0.346
14:01:52 [INFO]   ✓ 92991255  n_px=6  rrs_8=0.02398  CHL_NN=0.346
14:01:52 [INFO] [20250715] 18 location(s)
14:01:54 [INFO]   ✓ 15163552  n_px=113  rrs_8=0.00415  CHL_NN=0.268
14:01:55 [INFO]   ✓ 44986930  n_px=99  rrs_8=0.00307  CHL_NN=0.157
14:01:57 [INFO]   ✓ 30379539  n_px=109  rrs_8=0.00245  CHL_NN=0.157
14:01:58 [INFO]   ✓ 00045520  n_px=113  rrs_8=0.00239  CHL_NN=0.157
14:02:00 [INFO]   ✓ 47515343  n_px=108  rrs_8=0.00243  CHL_NN=0.157
14:02:01 [INFO]   ✓ 32512228  n_px=114  rrs_8=0.00240  CHL_NN=0.157
14:02:02 [INFO]   ✓ 51459947  n_px=111  rrs_8=0.00237  CHL_NN=0.157
14:02:03 [INFO]   ✓ 13134842  n_px=109  rrs_8=0.00245  CHL_NN=0.157
14:02:05 [INFO]   ✓ 68422197  n_px=128  rrs_8=0.00492  CHL_NN=0.236
14:02:06 [INFO]   ✓ 58668887  n_px=115  rrs_8=0.00237  CHL_NN=0.157
14:02:08 [INFO]   ✓ 90142411  n_px=128  rrs_8=0.00634  CHL_NN=0.173
14:02:09 [INFO]   ✓ 76717792  n_px=107  rrs_8=0.00239  CHL_NN=0.157
14:02:10 [INFO]   ✓ 92789102  n_px=107  rrs_8=0.00239  CHL_NN=0.157
14:02:12 [INFO]   ✓ 62909456  n_px=111  rrs_8=0.00241  CHL_NN=0.157
14:02:13 [INFO]   ✓ 60788753  n_px=107  rrs_8=0.00241  CHL_NN=0.157
14:02:14 [INFO]   ✓ 59591036  n_px=111  rrs_8=0.00250  CHL_NN=0.157
14:02:16 [INFO]   ✓ 81803348  n_px=123  rrs_8=0.12325  CHL_NN=1.354
14:02:17 [INFO]   ✓ 89205517  n_px=155  rrs_8=0.12332  CHL_NN=1.567
14:02:17 [INFO] [20250716] 8 location(s)
14:02:18 [INFO]   ✓ 30379539  n_px=165  rrs_8=0.12323  CHL_NN=0.157
14:02:19 [INFO]   ✓ 68758356  n_px=165  rrs_8=0.12284  CHL_NN=0.157
14:02:20 [INFO]   ✓ 03082847  n_px=165  rrs_8=0.12292  CHL_NN=0.157
14:02:21 [INFO]   ✓ 32952288  n_px=165  rrs_8=0.12271  CHL_NN=0.157
14:02:22 [INFO]   ✓ 21765269  n_px=165  rrs_8=0.12347  CHL_NN=0.157
14:02:24 [INFO]   ✓ 90446288  n_px=165  rrs_8=0.12239  CHL_NN=0.157
14:02:25 [INFO]   ✓ 80130348  n_px=165  rrs_8=0.12239  CHL_NN=0.157
14:02:26 [INFO]   ✓ 58185289  n_px=165  rrs_8=0.12242  CHL_NN=0.157
14:02:26 [INFO] [20250717] 11 location(s)
14:02:27 [INFO]   ✓ 28923979  n_px=163  rrs_8=0.11982  CHL_NN=0.425
14:02:28 [INFO]   ✓ 26040577  n_px=101  rrs_8=0.00351  CHL_NN=0.394
14:02:30 [INFO]   ✓ 39849826  n_px=164  rrs_8=0.12235  CHL_NN=0.362
14:02:31 [INFO]   ✓ 83917368  n_px=119  rrs_8=0.00433  CHL_NN=0.283
14:02:32 [INFO]   ✓ 31876941  n_px=158  rrs_8=0.12005  CHL_NN=0.472
14:02:33 [INFO]   ✓ 72897119  n_px=153  rrs_8=0.10508  CHL_NN=0.346
14:02:34 [INFO]   ✓ 79509446  n_px=124  rrs_8=0.00420  CHL_NN=0.362
14:02:35 [INFO]   ✓ 13642677  n_px=138  rrs_8=0.00518  CHL_NN=0.268
14:02:37 [INFO]   ✓ 86675146  n_px=101  rrs_8=0.00355  CHL_NN=0.441
14:02:38 [INFO]   ✓ 91001335  n_px=114  rrs_8=0.00378  CHL_NN=0.457
14:02:39 [INFO]   ✓ 78688510  n_px=157  rrs_8=0.11889  CHL_NN=0.441
14:02:39 [INFO] [20250718] 47 location(s)
14:02:41 [INFO]   ✓ 23218870  n_px=165  rrs_8=0.12085  CHL_NN=0.362
14:02:42 [INFO]   ✓ 73829965  n_px=165  rrs_8=0.11982  CHL_NN=0.362
14:02:43 [INFO]   ✓ 63035268  n_px=165  rrs_8=0.12037  CHL_NN=0.378
14:02:44 [INFO]   ✓ 75782153  n_px=165  rrs_8=0.12085  CHL_NN=0.346
14:02:46 [INFO]   ✓ 76604146  n_px=165  rrs_8=0.12085  CHL_NN=0.362
14:02:47 [INFO]   ✓ 76856750  n_px=165  rrs_8=0.12085  CHL_NN=0.362
14:02:48 [INFO]   ✓ 36814616  n_px=165  rrs_8=0.11982  CHL_NN=0.378
14:02:49 [INFO]   ✓ 36832132  n_px=165  rrs_8=0.11982  CHL_NN=0.378
14:02:50 [INFO]   ✓ 37124633  n_px=165  rrs_8=0.12037  CHL_NN=0.378
14:02:52 [INFO]   ✓ 79134789  n_px=165  rrs_8=0.12085  CHL_NN=0.362
14:02:53 [INFO]   ✓ 97535464  n_px=165  rrs_8=0.12085  CHL_NN=0.362
14:02:54 [INFO]   ✓ 80091447  n_px=165  rrs_8=0.11982  CHL_NN=0.362
14:02:55 [INFO]   ✓ 39777707  n_px=165  rrs_8=0.11982  CHL_NN=0.378
14:02:56 [INFO]   ✓ 16875116  n_px=165  rrs_8=0.11977  CHL_NN=0.378
14:02:57 [INFO]   ✓ 41958451  n_px=165  rrs_8=0.11977  CHL_NN=0.378
14:02:58 [INFO]   ✓ 42452484  n_px=165  rrs_8=0.12037  CHL_NN=0.378
14:02:59 [INFO]   ✓ 43132420  n_px=165  rrs_8=0.11977  CHL_NN=0.378
14:03:00 [INFO]   ✓ 39160091  n_px=165  rrs_8=0.11982  CHL_NN=0.362
14:03:01 [INFO]   ✓ 31244327  n_px=165  rrs_8=0.12037  CHL_NN=0.378
14:03:02 [INFO]   ✓ 00066121  n_px=165  rrs_8=0.11938  CHL_NN=0.362
14:03:03 [INFO]   ✓ 64017904  n_px=165  rrs_8=0.12037  CHL_NN=0.378
14:03:04 [INFO]   ✓ 79937960  n_px=165  rrs_8=0.12107  CHL_NN=0.346
14:03:05 [INFO]   ✓ 70714400  n_px=165  rrs_8=0.12275  CHL_NN=0.346
14:03:06 [INFO]   ✓ 04836495  n_px=165  rrs_8=0.11977  CHL_NN=0.362
14:03:07 [INFO]   ✓ 29525046  n_px=165  rrs_8=0.12147  CHL_NN=0.346
14:03:08 [INFO]   ✓ 86171363  n_px=165  rrs_8=0.11982  CHL_NN=0.378
14:03:09 [INFO]   ✓ 44055487  n_px=165  rrs_8=0.12037  CHL_NN=0.378
14:03:11 [INFO]   ✓ 45063382  n_px=165  rrs_8=0.11938  CHL_NN=0.378
14:03:12 [INFO]   ✓ 92914752  n_px=165  rrs_8=0.11977  CHL_NN=0.378
14:03:14 [INFO]   ✓ 11100615  n_px=165  rrs_8=0.11982  CHL_NN=0.378
14:03:15 [INFO]   ✓ 59730429  n_px=165  rrs_8=0.12037  CHL_NN=0.362
14:03:16 [INFO]   ✓ 07351003  n_px=165  rrs_8=0.11977  CHL_NN=0.378
14:03:17 [INFO]   ✓ 85305168  n_px=165  rrs_8=0.11938  CHL_NN=0.378
14:03:18 [INFO]   ✓ 04557247  n_px=165  rrs_8=0.12037  CHL_NN=0.378
14:03:19 [INFO]   ✓ 51158288  n_px=165  rrs_8=0.11977  CHL_NN=0.362
14:03:20 [INFO]   ✓ 50754982  n_px=165  rrs_8=0.12107  CHL_NN=0.362
14:03:21 [INFO]   ✓ 05172163  n_px=165  rrs_8=0.11977  CHL_NN=0.362
14:03:22 [INFO]   ✓ 51192603  n_px=165  rrs_8=0.11982  CHL_NN=0.378
14:03:23 [INFO]   ✓ 29770001  n_px=165  rrs_8=0.12037  CHL_NN=0.362
14:03:25 [INFO]   ✓ 30250811  n_px=165  rrs_8=0.12037  CHL_NN=0.378
14:03:26 [INFO]   ✓ 42490944  n_px=165  rrs_8=0.11933  CHL_NN=0.378
14:03:27 [INFO]   ✓ 23892636  n_px=165  rrs_8=0.12037  CHL_NN=0.378
14:03:28 [INFO]   ✓ 29748414  n_px=165  rrs_8=0.12037  CHL_NN=0.362
14:03:29 [INFO]   ✓ 96727843  n_px=165  rrs_8=0.12037  CHL_NN=0.378
14:03:30 [INFO]   ✓ 65315878  n_px=165  rrs_8=0.12217  CHL_NN=0.362
14:03:32 [INFO]   ✓ 92789102  n_px=165  rrs_8=0.12085  CHL_NN=0.378
14:03:33 [INFO]   ✓ 49219614  n_px=165  rrs_8=0.11982  CHL_NN=0.378
14:03:33 [INFO] [20250719] 48 location(s)
14:03:34 [INFO]   ✓ 33186210  n_px=165  rrs_8=0.12037  CHL_NN=0.378
14:03:35 [INFO]   ✓ 90041886  n_px=165  rrs_8=0.11933  CHL_NN=0.378
14:03:36 [INFO]   ✓ 62909456  n_px=165  rrs_8=0.12037  CHL_NN=0.362
14:03:38 [INFO]   ✓ 32952288  n_px=165  rrs_8=0.12037  CHL_NN=0.362
14:03:39 [INFO]   ✓ 92539811  n_px=165  rrs_8=0.12081  CHL_NN=0.362
14:03:40 [INFO]   ✓ 11100615  n_px=165  rrs_8=0.11982  CHL_NN=0.378
14:03:41 [INFO]   ✓ 61143744  n_px=165  rrs_8=0.12037  CHL_NN=0.362
14:03:42 [INFO]   ✓ 92789102  n_px=165  rrs_8=0.12037  CHL_NN=0.378
14:03:44 [INFO]   ✓ 92914752  n_px=165  rrs_8=0.11977  CHL_NN=0.378
14:03:45 [INFO]   ✓ 87795382  n_px=165  rrs_8=0.11938  CHL_NN=0.378
14:03:46 [INFO]   ✓ 45592195  n_px=165  rrs_8=0.12037  CHL_NN=0.362
14:03:48 [INFO]   ✓ 76856750  n_px=165  rrs_8=0.12085  CHL_NN=0.362
14:03:49 [INFO]   ✓ 36832132  n_px=165  rrs_8=0.11982  CHL_NN=0.378
14:03:50 [INFO]   ✓ 70824398  n_px=165  rrs_8=0.11982  CHL_NN=0.362
14:03:51 [INFO]   ✓ 74520805  n_px=165  rrs_8=0.11982  CHL_NN=0.378
14:03:52 [INFO]   ✓ 76717792  n_px=165  rrs_8=0.11977  CHL_NN=0.362
14:03:53 [INFO]   ✓ 58624644  n_px=165  rrs_8=0.12037  CHL_NN=0.362
14:03:54 [INFO]   ✓ 02030930  n_px=165  rrs_8=0.11977  CHL_NN=0.378
14:03:55 [INFO]   ✓ 21946742  n_px=165  rrs_8=0.12085  CHL_NN=0.378
14:03:56 [INFO]   ✓ 76295076  n_px=165  rrs_8=0.12107  CHL_NN=0.378
14:03:57 [INFO]   ✓ 55473662  n_px=165  rrs_8=0.11933  CHL_NN=0.378
14:03:59 [INFO]   ✓ 62724742  n_px=165  rrs_8=0.12147  CHL_NN=0.362
14:03:59 [INFO]   ✓ 96737292  n_px=165  rrs_8=0.12085  CHL_NN=0.378
14:04:00 [INFO]   ✓ 90446288  n_px=165  rrs_8=0.11977  CHL_NN=0.378
14:04:02 [INFO]   ✓ 50592728  n_px=165  rrs_8=0.12085  CHL_NN=0.362
14:04:03 [INFO]   ✓ 98417510  n_px=165  rrs_8=0.12037  CHL_NN=0.378
14:04:04 [INFO]   ✓ 44205889  n_px=165  rrs_8=0.12085  CHL_NN=0.378
14:04:05 [INFO]   ✓ 68629188  n_px=165  rrs_8=0.12081  CHL_NN=0.362
14:04:06 [INFO]   ✓ 44106152  n_px=165  rrs_8=0.11931  CHL_NN=0.378
14:04:07 [INFO]   ✓ 98722481  n_px=165  rrs_8=0.12037  CHL_NN=0.362
14:04:08 [INFO]   ✓ 16123346  n_px=165  rrs_8=0.11977  CHL_NN=0.362
14:04:09 [INFO]   ✓ 71711075  n_px=165  rrs_8=0.12107  CHL_NN=0.378
14:04:10 [INFO]   ✓ 86171363  n_px=165  rrs_8=0.11982  CHL_NN=0.378
14:04:11 [INFO]   ✓ 73991784  n_px=165  rrs_8=0.12037  CHL_NN=0.362
14:04:12 [INFO]   ✓ 57353078  n_px=165  rrs_8=0.12037  CHL_NN=0.378
14:04:13 [INFO]   ✓ 63920405  n_px=165  rrs_8=0.12037  CHL_NN=0.362
14:04:14 [INFO]   ✓ 85746121  n_px=165  rrs_8=0.11982  CHL_NN=0.378
14:04:15 [INFO]   ✓ 78951559  n_px=165  rrs_8=0.12037  CHL_NN=0.378
14:04:16 [INFO]   ✓ 54479958  n_px=165  rrs_8=0.11977  CHL_NN=0.378
14:04:18 [INFO]   ✓ 19614973  n_px=165  rrs_8=0.12107  CHL_NN=0.362
14:04:19 [INFO]   ✓ 54736592  n_px=165  rrs_8=0.11977  CHL_NN=0.362
14:04:20 [INFO]   ✓ 80130348  n_px=165  rrs_8=0.11938  CHL_NN=0.362
14:04:21 [INFO]   ✓ 03358971  n_px=165  rrs_8=0.11977  CHL_NN=0.362
14:04:22 [INFO]   ✓ 60508938  n_px=165  rrs_8=0.12081  CHL_NN=0.378
14:04:23 [INFO]   ✓ 26443002  n_px=165  rrs_8=0.12085  CHL_NN=0.362
14:04:24 [INFO]   ✓ 51192603  n_px=165  rrs_8=0.11982  CHL_NN=0.378
14:04:25 [INFO]   ✓ 01305185  n_px=165  rrs_8=0.11977  CHL_NN=0.378
14:04:26 [INFO]   ✓ 37459853  n_px=165  rrs_8=0.11938  CHL_NN=0.362
14:04:26 [INFO] [20250720] 44 location(s)
14:04:28 [INFO]   ✓ 30360555  n_px=99  rrs_8=0.00221  CHL_NN=0.362
14:04:29 [INFO]   ✓ 15136621  n_px=100  rrs_8=0.00218  CHL_NN=0.378
14:04:30 [INFO]   ✓ 90635854  n_px=98  rrs_8=0.00225  CHL_NN=0.362
14:04:31 [INFO]   ✓ 85342095  n_px=99  rrs_8=0.00221  CHL_NN=0.362
14:04:32 [INFO]   ✓ 44734458  n_px=98  rrs_8=0.00220  CHL_NN=0.362
14:04:33 [INFO]   ✓ 36832132  n_px=105  rrs_8=0.00217  CHL_NN=0.378
14:04:34 [INFO]   ✓ 01305185  n_px=99  rrs_8=0.00219  CHL_NN=0.378
14:04:35 [INFO]   ✓ 00456848  n_px=107  rrs_8=0.00215  CHL_NN=0.362
14:04:37 [INFO]   ✓ 94205208  n_px=100  rrs_8=0.00225  CHL_NN=0.362
14:04:38 [INFO]   ✓ 27707597  n_px=98  rrs_8=0.00218  CHL_NN=0.378
14:04:39 [INFO]   ✓ 10610752  n_px=98  rrs_8=0.00220  CHL_NN=0.378
14:04:40 [INFO]   ✓ 32952288  n_px=106  rrs_8=0.00219  CHL_NN=0.378
14:04:41 [INFO]   ✓ 37607314  n_px=107  rrs_8=0.00217  CHL_NN=0.378
14:04:42 [INFO]   ✓ 42876627  n_px=99  rrs_8=0.00217  CHL_NN=0.362
14:04:43 [INFO]   ✓ 79621111  n_px=102  rrs_8=0.00217  CHL_NN=0.362
14:04:44 [INFO]   ✓ 11147467  n_px=100  rrs_8=0.00220  CHL_NN=0.362
14:04:45 [INFO]   ✓ 61143744  n_px=103  rrs_8=0.00215  CHL_NN=0.362
14:04:46 [INFO]   ✓ 67902241  n_px=103  rrs_8=0.00217  CHL_NN=0.378
14:04:47 [INFO]   ✓ 04557247  n_px=105  rrs_8=0.00217  CHL_NN=0.378
14:04:48 [INFO]   ✓ 68758356  n_px=104  rrs_8=0.00216  CHL_NN=0.378
14:04:50 [INFO]   ✓ 49259140  n_px=106  rrs_8=0.00211  CHL_NN=0.362
14:04:51 [INFO]   ✓ 79767811  n_px=101  rrs_8=0.00223  CHL_NN=0.362
14:04:52 [INFO]   ✓ 59699105  n_px=106  rrs_8=0.00214  CHL_NN=0.362
14:04:53 [INFO]   ✓ 47409150  n_px=102  rrs_8=0.00218  CHL_NN=0.362
14:04:54 [INFO]   ✓ 95802670  n_px=102  rrs_8=0.00215  CHL_NN=0.362
14:04:55 [INFO]   ✓ 11363565  n_px=106  rrs_8=0.00218  CHL_NN=0.378
14:04:56 [INFO]   ✓ 97030056  n_px=102  rrs_8=0.00215  CHL_NN=0.362
14:04:57 [INFO]   ✓ 55645302  n_px=102  rrs_8=0.00217  CHL_NN=0.362
14:04:58 [INFO]   ✓ 81241191  n_px=105  rrs_8=0.00215  CHL_NN=0.378
14:04:59 [INFO]   ✓ 16123346  n_px=107  rrs_8=0.00215  CHL_NN=0.362
14:05:00 [INFO]   ✓ 42370323  n_px=101  rrs_8=0.00219  CHL_NN=0.362
14:05:01 [INFO]   ✓ 47741468  n_px=98  rrs_8=0.00220  CHL_NN=0.378
14:05:02 [INFO]   ✓ 44106152  n_px=102  rrs_8=0.00217  CHL_NN=0.378
14:05:03 [INFO]   ✓ 60428719  n_px=101  rrs_8=0.00217  CHL_NN=0.362
14:05:04 [INFO]   ✓ 70965503  n_px=100  rrs_8=0.00219  CHL_NN=0.362
14:05:05 [INFO]   ✓ 58185289  n_px=98  rrs_8=0.00226  CHL_NN=0.378
14:05:06 [INFO]   ✓ 82186576  n_px=101  rrs_8=0.00217  CHL_NN=0.378
14:05:07 [INFO]   ✓ 21765269  n_px=105  rrs_8=0.00217  CHL_NN=0.362
14:05:08 [INFO]   ✓ 13125091  n_px=102  rrs_8=0.00218  CHL_NN=0.362
14:05:10 [INFO]   ✓ 73991784  n_px=105  rrs_8=0.00217  CHL_NN=0.362
14:05:11 [INFO]   ✓ 71499364  n_px=98  rrs_8=0.00218  CHL_NN=0.362
14:05:12 [INFO]   ✓ 03762834  n_px=98  rrs_8=0.00222  CHL_NN=0.378
14:05:13 [INFO]   ✓ 69902933  n_px=101  rrs_8=0.00217  CHL_NN=0.378
14:05:14 [INFO]   ✓ 23881720  n_px=98  rrs_8=0.00216  CHL_NN=0.362
14:05:14 [INFO] [20250721] 45 location(s)
14:05:15 [INFO]   ✓ 19614973  n_px=103  rrs_8=0.00217  CHL_NN=0.142
14:05:17 [INFO]   ✓ 23621075  n_px=109  rrs_8=0.00215  CHL_NN=0.142
14:05:18 [INFO]   ✓ 37124633  n_px=111  rrs_8=0.00215  CHL_NN=0.142
14:05:19 [INFO]   ✓ 73829965  n_px=105  rrs_8=0.00217  CHL_NN=0.142
14:05:20 [INFO]   ✓ 04354557  n_px=107  rrs_8=0.00217  CHL_NN=0.142
14:05:22 [INFO]   ✓ 75680686  n_px=109  rrs_8=0.00217  CHL_NN=0.142
14:05:23 [INFO]   ✓ 82796529  n_px=109  rrs_8=0.00206  CHL_NN=0.142
14:05:24 [INFO]   ✓ 26474702  n_px=111  rrs_8=0.00214  CHL_NN=0.142
14:05:25 [INFO]   ✓ 54736592  n_px=102  rrs_8=0.00220  CHL_NN=0.142
14:05:26 [INFO]   ✓ 37459853  n_px=105  rrs_8=0.00217  CHL_NN=0.142
14:05:27 [INFO]   ✓ 25708240  n_px=107  rrs_8=0.00215  CHL_NN=0.142
14:05:28 [INFO]   ✓ 79410816  n_px=105  rrs_8=0.00217  CHL_NN=0.142
14:05:29 [INFO]   ✓ 83793623  n_px=108  rrs_8=0.00218  CHL_NN=0.142
14:05:30 [INFO]   ✓ 14995136  n_px=103  rrs_8=0.00212  CHL_NN=0.142
14:05:32 [INFO]   ✓ 36832132  n_px=108  rrs_8=0.00217  CHL_NN=0.142
14:05:33 [INFO]   ✓ 95927824  n_px=103  rrs_8=0.00214  CHL_NN=0.142
14:05:34 [INFO]   ✓ 80130348  n_px=107  rrs_8=0.00217  CHL_NN=0.142
14:05:35 [INFO]   ✓ 00474787  n_px=108  rrs_8=0.00217  CHL_NN=0.142
14:05:36 [INFO]   ✓ 76085300  n_px=103  rrs_8=0.00214  CHL_NN=0.142
14:05:37 [INFO]   ✓ 17928677  n_px=108  rrs_8=0.00213  CHL_NN=0.142
14:05:39 [INFO]   ✓ 42452484  n_px=108  rrs_8=0.00213  CHL_NN=0.142
14:05:40 [INFO]   ✓ 39755399  n_px=109  rrs_8=0.00217  CHL_NN=0.142
14:05:41 [INFO]   ✓ 87795382  n_px=107  rrs_8=0.00217  CHL_NN=0.142
14:05:42 [INFO]   ✓ 04836495  n_px=107  rrs_8=0.00217  CHL_NN=0.142
14:05:43 [INFO]   ✓ 92914752  n_px=110  rrs_8=0.00217  CHL_NN=0.142
14:05:44 [INFO]   ✓ 36716245  n_px=106  rrs_8=0.00218  CHL_NN=0.142
14:05:45 [INFO]   ✓ 00124316  n_px=113  rrs_8=0.00217  CHL_NN=0.142
14:05:45 [INFO]   ✓ 14361817  n_px=110  rrs_8=0.00216  CHL_NN=0.142
14:05:47 [INFO]   ✓ 85622813  n_px=106  rrs_8=0.00220  CHL_NN=0.142
14:05:48 [INFO]   ✓ 86171363  n_px=110  rrs_8=0.00215  CHL_NN=0.142
14:05:49 [INFO]   ✓ 21492983  n_px=108  rrs_8=0.00211  CHL_NN=0.142
14:05:50 [INFO]   ✓ 51158288  n_px=105  rrs_8=0.00217  CHL_NN=0.142
14:05:51 [INFO]   ✓ 36633283  n_px=104  rrs_8=0.00211  CHL_NN=0.142
14:05:52 [INFO]   ✓ 07351003  n_px=106  rrs_8=0.00215  CHL_NN=0.142
14:05:53 [INFO]   ✓ 36774809  n_px=110  rrs_8=0.00213  CHL_NN=0.142
14:05:54 [INFO]   ✓ 90810817  n_px=104  rrs_8=0.00215  CHL_NN=0.142
14:05:56 [INFO]   ✓ 51711996  n_px=112  rrs_8=0.00215  CHL_NN=0.142
14:05:57 [INFO]   ✓ 69169556  n_px=107  rrs_8=0.00214  CHL_NN=0.142
14:05:58 [INFO]   ✓ 11100615  n_px=108  rrs_8=0.00215  CHL_NN=0.142
14:05:59 [INFO]   ✓ 36383385  n_px=108  rrs_8=0.00218  CHL_NN=0.142
14:06:00 [INFO]   ✓ 55645302  n_px=106  rrs_8=0.00216  CHL_NN=0.142
14:06:01 [INFO]   ✓ 36500119  n_px=106  rrs_8=0.00215  CHL_NN=0.142
14:06:02 [INFO]   ✓ 50453327  n_px=106  rrs_8=0.00219  CHL_NN=0.142
14:06:03 [INFO]   ✓ 07555869  n_px=107  rrs_8=0.00217  CHL_NN=0.142
14:06:04 [INFO]   ✓ 60477686  n_px=110  rrs_8=0.00217  CHL_NN=0.142
14:06:04 [INFO] [20250722] 44 location(s)
14:06:06 [INFO]   ✓ 41958451  n_px=62  rrs_8=0.00127  CHL_NN=0.283
14:06:07 [INFO]   ✓ 00765584  n_px=58  rrs_8=0.00125  CHL_NN=0.283
14:06:08 [INFO]   ✓ 85457005  n_px=59  rrs_8=0.00124  CHL_NN=0.283
14:06:09 [INFO]   ✓ 76856750  n_px=60  rrs_8=0.00124  CHL_NN=0.283
14:06:10 [INFO]   ✓ 51192603  n_px=59  rrs_8=0.00128  CHL_NN=0.283
14:06:11 [INFO]   ✓ 85622813  n_px=59  rrs_8=0.00124  CHL_NN=0.283
14:06:13 [INFO]   ✓ 00531489  n_px=52  rrs_8=0.00123  CHL_NN=0.283
14:06:13 [INFO]   ✓ 14221335  n_px=61  rrs_8=0.00122  CHL_NN=0.299
14:06:15 [INFO]   ✓ 23358597  n_px=61  rrs_8=0.00124  CHL_NN=0.299
14:06:16 [INFO]   ✓ 00474787  n_px=59  rrs_8=0.00126  CHL_NN=0.283
14:06:17 [INFO]   ✓ 92789102  n_px=59  rrs_8=0.00126  CHL_NN=0.283
14:06:18 [INFO]   ✓ 70357569  n_px=58  rrs_8=0.00127  CHL_NN=0.283
14:06:19 [INFO]   ✓ 70108653  n_px=58  rrs_8=0.00123  CHL_NN=0.283
14:06:20 [INFO]   ✓ 41090607  n_px=60  rrs_8=0.00127  CHL_NN=0.283
14:06:21 [INFO]   ✓ 32166856  n_px=58  rrs_8=0.00127  CHL_NN=0.283
14:06:22 [INFO]   ✓ 40470508  n_px=58  rrs_8=0.00128  CHL_NN=0.283
14:06:23 [INFO]   ✓ 00066121  n_px=52  rrs_8=0.00124  CHL_NN=0.283
14:06:24 [INFO]   ✓ 11874249  n_px=58  rrs_8=0.00122  CHL_NN=0.283
14:06:25 [INFO]   ✓ 34842100  n_px=53  rrs_8=0.00122  CHL_NN=0.283
14:06:26 [INFO]   ✓ 39904787  n_px=61  rrs_8=0.00122  CHL_NN=0.299
14:06:27 [INFO]   ✓ 86171363  n_px=60  rrs_8=0.00127  CHL_NN=0.283
14:06:28 [INFO]   ✓ 39160091  n_px=59  rrs_8=0.00122  CHL_NN=0.283
14:06:29 [INFO]   ✓ 11236303  n_px=60  rrs_8=0.00124  CHL_NN=0.283
14:06:30 [INFO]   ✓ 55473662  n_px=56  rrs_8=0.00123  CHL_NN=0.283
14:06:31 [INFO]   ✓ 88866721  n_px=51  rrs_8=0.00122  CHL_NN=0.283
14:06:32 [INFO]   ✓ 00373785  n_px=59  rrs_8=0.00128  CHL_NN=0.283
14:06:33 [INFO]   ✓ 44205889  n_px=58  rrs_8=0.00127  CHL_NN=0.299
14:06:34 [INFO]   ✓ 32952288  n_px=60  rrs_8=0.00125  CHL_NN=0.283
14:06:36 [INFO]   ✓ 48443717  n_px=56  rrs_8=0.00123  CHL_NN=0.299
14:06:37 [INFO]   ✓ 38423317  n_px=52  rrs_8=0.00125  CHL_NN=0.283
14:06:38 [INFO]   ✓ 96816197  n_px=53  rrs_8=0.00124  CHL_NN=0.283
14:06:39 [INFO]   ✓ 62909456  n_px=59  rrs_8=0.00124  CHL_NN=0.299
14:06:40 [INFO]   ✓ 37459853  n_px=52  rrs_8=0.00124  CHL_NN=0.283
14:06:41 [INFO]   ✓ 60984331  n_px=54  rrs_8=0.00125  CHL_NN=0.283
14:06:42 [INFO]   ✓ 39104756  n_px=60  rrs_8=0.00125  CHL_NN=0.283
14:06:44 [INFO]   ✓ 99653386  n_px=51  rrs_8=0.00124  CHL_NN=0.283
14:06:44 [INFO]   ✓ 36633283  n_px=55  rrs_8=0.00124  CHL_NN=0.283
14:06:46 [INFO]   ✓ 74161462  n_px=59  rrs_8=0.00128  CHL_NN=0.283
14:06:47 [INFO]   ✓ 50806292  n_px=53  rrs_8=0.00126  CHL_NN=0.283
14:06:48 [INFO]   ✓ 36832132  n_px=56  rrs_8=0.00125  CHL_NN=0.283
14:06:49 [INFO]   ✓ 23892636  n_px=55  rrs_8=0.00126  CHL_NN=0.283
14:06:51 [INFO]   ✓ 98417510  n_px=59  rrs_8=0.00126  CHL_NN=0.299
14:06:52 [INFO]   ✓ 36774809  n_px=53  rrs_8=0.00124  CHL_NN=0.283
14:06:53 [INFO]   ✓ 49435917  n_px=59  rrs_8=0.00128  CHL_NN=0.283
14:06:53 [INFO] [20250723] 51 location(s)
14:06:54 [INFO]   ✓ 16682048  n_px=55  rrs_8=0.00128  CHL_NN=0.299
14:06:56 [INFO]   ✓ 86171363  n_px=60  rrs_8=0.00124  CHL_NN=0.283
14:06:57 [INFO]   ✓ 49492388  n_px=51  rrs_8=0.00126  CHL_NN=0.299
14:06:59 [INFO]   ✓ 47515343  n_px=59  rrs_8=0.00124  CHL_NN=0.283
14:07:00 [INFO]   ✓ 17065432  n_px=57  rrs_8=0.00128  CHL_NN=0.283
14:07:01 [INFO]   ✓ 25157748  n_px=55  rrs_8=0.00128  CHL_NN=0.299
14:07:02 [INFO]   ✓ 38423317  n_px=51  rrs_8=0.00126  CHL_NN=0.283
14:07:03 [INFO]   ✓ 88866721  n_px=52  rrs_8=0.00119  CHL_NN=0.283
14:07:04 [INFO]   ✓ 48042443  n_px=52  rrs_8=0.00127  CHL_NN=0.283
14:07:06 [INFO]   ✓ 76226414  n_px=57  rrs_8=0.00126  CHL_NN=0.283
14:07:07 [INFO]   ✓ 00066121  n_px=52  rrs_8=0.00123  CHL_NN=0.283
14:07:08 [INFO]   ✓ 61143744  n_px=59  rrs_8=0.00128  CHL_NN=0.283
14:07:09 [INFO]   ✓ 63920405  n_px=58  rrs_8=0.00125  CHL_NN=0.283
14:07:10 [INFO]   ✓ 15136621  n_px=51  rrs_8=0.00124  CHL_NN=0.299
14:07:11 [INFO]   ✓ 93153186  n_px=55  rrs_8=0.00126  CHL_NN=0.299
14:07:12 [INFO]   ✓ 03762834  n_px=53  rrs_8=0.00126  CHL_NN=0.299
14:07:14 [INFO]   ✓ 68758356  n_px=54  rrs_8=0.00127  CHL_NN=0.283
14:07:15 [INFO]   ✓ 97260494  n_px=57  rrs_8=0.00122  CHL_NN=0.299
14:07:16 [INFO]   ✓ 94205208  n_px=54  rrs_8=0.00127  CHL_NN=0.283
14:07:18 [INFO]   ✓ 30379539  n_px=52  rrs_8=0.00125  CHL_NN=0.283
14:07:19 [INFO]   ✓ 01305185  n_px=55  rrs_8=0.00124  CHL_NN=0.299
14:07:20 [INFO]   ✓ 69902933  n_px=53  rrs_8=0.00128  CHL_NN=0.299
14:07:21 [INFO]   ✓ 67902241  n_px=54  rrs_8=0.00127  CHL_NN=0.299
14:07:22 [INFO]   ✓ 37279023  n_px=55  rrs_8=0.00128  CHL_NN=0.283
14:07:24 [INFO]   ✓ 22147509  n_px=54  rrs_8=0.00127  CHL_NN=0.283
14:07:25 [INFO]   ✓ 54736592  n_px=53  rrs_8=0.00126  CHL_NN=0.283
14:07:26 [INFO]   ✓ 80112843  n_px=57  rrs_8=0.00128  CHL_NN=0.299
14:07:27 [INFO]   ✓ 69234746  n_px=52  rrs_8=0.00127  CHL_NN=0.283
14:07:28 [INFO]   ✓ 57353078  n_px=58  rrs_8=0.00128  CHL_NN=0.283
14:07:29 [INFO]   ✓ 07555869  n_px=54  rrs_8=0.00127  CHL_NN=0.283
14:07:30 [INFO]   ✓ 50453327  n_px=52  rrs_8=0.00125  CHL_NN=0.283
14:07:32 [INFO]   ✓ 44205889  n_px=58  rrs_8=0.00127  CHL_NN=0.283
14:07:33 [INFO]   ✓ 14221335  n_px=60  rrs_8=0.00121  CHL_NN=0.283
14:07:34 [INFO]   ✓ 88410154  n_px=54  rrs_8=0.00125  CHL_NN=0.299
14:07:35 [INFO]   ✓ 36832132  n_px=56  rrs_8=0.00125  CHL_NN=0.283
14:07:36 [INFO]   ✓ 23059086  n_px=52  rrs_8=0.00126  CHL_NN=0.283
14:07:37 [INFO]   ✓ 64017904  n_px=57  rrs_8=0.00126  CHL_NN=0.283
14:07:38 [INFO]   ✓ 74161462  n_px=58  rrs_8=0.00128  CHL_NN=0.283
14:07:39 [INFO]   ✓ 11874249  n_px=57  rrs_8=0.00120  CHL_NN=0.283
14:07:40 [INFO]   ✓ 50968029  n_px=50  rrs_8=0.00125  CHL_NN=0.283
14:07:41 [INFO]   ✓ 43840461  n_px=53  rrs_8=0.00126  CHL_NN=0.283
14:07:42 [INFO]   ✓ 27415561  n_px=58  rrs_8=0.00123  CHL_NN=0.299
14:07:44 [INFO]   ✓ 85457005  n_px=58  rrs_8=0.00123  CHL_NN=0.283
14:07:45 [INFO]   ✓ 36774809  n_px=52  rrs_8=0.00127  CHL_NN=0.283
14:07:46 [INFO]   ✓ 35015460  n_px=53  rrs_8=0.00126  CHL_NN=0.283
14:07:47 [INFO]   ✓ 00124316  n_px=50  rrs_8=0.00127  CHL_NN=0.299
14:07:48 [INFO]   ✓ 48290433  n_px=53  rrs_8=0.00126  CHL_NN=0.299
14:07:50 [INFO]   ✓ 37254962  n_px=59  rrs_8=0.00126  CHL_NN=0.283
14:07:51 [INFO]   ✓ 12590603  n_px=54  rrs_8=0.00128  CHL_NN=0.299
14:07:52 [INFO]   ✓ 64307075  n_px=57  rrs_8=0.00122  CHL_NN=0.283
14:07:53 [INFO]   ✓ 50806292  n_px=53  rrs_8=0.00126  CHL_NN=0.283
14:07:53 [INFO] [20250724] 49 location(s)
14:07:54 [INFO]   ✓ 03762834  n_px=55  rrs_8=0.00124  CHL_NN=0.299
14:07:55 [INFO]   ✓ 16875116  n_px=48  rrs_8=0.00127  CHL_NN=0.283
14:07:56 [INFO]   ✓ 16682048  n_px=54  rrs_8=0.00127  CHL_NN=0.299
14:07:58 [INFO]   ✓ 31087458  n_px=55  rrs_8=0.00128  CHL_NN=0.283
14:07:59 [INFO]   ✓ 71499364  n_px=54  rrs_8=0.00122  CHL_NN=0.299
14:08:00 [INFO]   ✓ 50968029  n_px=51  rrs_8=0.00126  CHL_NN=0.283
14:08:01 [INFO]   ✓ 36716245  n_px=51  rrs_8=0.00124  CHL_NN=0.283
14:08:02 [INFO]   ✓ 41903172  n_px=54  rrs_8=0.00128  CHL_NN=0.283
14:08:03 [INFO]   ✓ 43475270  n_px=55  rrs_8=0.00128  CHL_NN=0.299
14:08:04 [INFO]   ✓ 35703751  n_px=51  rrs_8=0.00124  CHL_NN=0.283
14:08:05 [INFO]   ✓ 15136621  n_px=51  rrs_8=0.00124  CHL_NN=0.299
14:08:06 [INFO]   ✓ 30379539  n_px=54  rrs_8=0.00125  CHL_NN=0.299
14:08:07 [INFO]   ✓ 92914752  n_px=58  rrs_8=0.00128  CHL_NN=0.283
14:08:09 [INFO]   ✓ 96737292  n_px=54  rrs_8=0.00127  CHL_NN=0.299
14:08:10 [INFO]   ✓ 84909966  n_px=51  rrs_8=0.00124  CHL_NN=0.283
14:08:11 [INFO]   ✓ 16123346  n_px=54  rrs_8=0.00127  CHL_NN=0.299
14:08:12 [INFO]   ✓ 22595786  n_px=54  rrs_8=0.00127  CHL_NN=0.283
14:08:13 [INFO]   ✓ 61143744  n_px=59  rrs_8=0.00126  CHL_NN=0.283
14:08:14 [INFO]   ✓ 44357553  n_px=54  rrs_8=0.00128  CHL_NN=0.283
14:08:15 [INFO]   ✓ 42513478  n_px=58  rrs_8=0.00127  CHL_NN=0.283
14:08:16 [INFO]   ✓ 11363565  n_px=52  rrs_8=0.00127  CHL_NN=0.299
14:08:17 [INFO]   ✓ 79134789  n_px=54  rrs_8=0.00125  CHL_NN=0.299
14:08:18 [INFO]   ✓ 00474787  n_px=58  rrs_8=0.00123  CHL_NN=0.283
14:08:19 [INFO]   ✓ 23881720  n_px=55  rrs_8=0.00128  CHL_NN=0.299
14:08:21 [INFO]   ✓ 04557247  n_px=47  rrs_8=0.00128  CHL_NN=0.283
14:08:22 [INFO]   ✓ 36004774  n_px=54  rrs_8=0.00128  CHL_NN=0.299
14:08:23 [INFO]   ✓ 90635854  n_px=51  rrs_8=0.00124  CHL_NN=0.299
14:08:24 [INFO]   ✓ 94205208  n_px=53  rrs_8=0.00126  CHL_NN=0.283
14:08:25 [INFO]   ✓ 14718562  n_px=54  rrs_8=0.00128  CHL_NN=0.283
14:08:26 [INFO]   ✓ 50453327  n_px=51  rrs_8=0.00124  CHL_NN=0.283
14:08:27 [INFO]   ✓ 44734458  n_px=54  rrs_8=0.00128  CHL_NN=0.283
14:08:28 [INFO]   ✓ 47515343  n_px=56  rrs_8=0.00125  CHL_NN=0.299
14:08:29 [INFO]   ✓ 53114048  n_px=57  rrs_8=0.00124  CHL_NN=0.299
14:08:30 [INFO]   ✓ 23218870  n_px=56  rrs_8=0.00125  CHL_NN=0.283
14:08:31 [INFO]   ✓ 76915917  n_px=56  rrs_8=0.00127  CHL_NN=0.283
14:08:32 [INFO]   ✓ 62724742  n_px=54  rrs_8=0.00123  CHL_NN=0.299
14:08:34 [INFO]   ✓ 47409150  n_px=52  rrs_8=0.00128  CHL_NN=0.299
14:08:35 [INFO]   ✓ 01344360  n_px=52  rrs_8=0.00128  CHL_NN=0.299
14:08:36 [INFO]   ✓ 27306825  n_px=54  rrs_8=0.00127  CHL_NN=0.283
14:08:37 [INFO]   ✓ 73605601  n_px=55  rrs_8=0.00128  CHL_NN=0.299
14:08:38 [INFO]   ✓ 52199119  n_px=56  rrs_8=0.00128  CHL_NN=0.299
14:08:39 [INFO]   ✓ 01305185  n_px=55  rrs_8=0.00124  CHL_NN=0.299
14:08:39 [INFO]   ✓ 93153186  n_px=56  rrs_8=0.00125  CHL_NN=0.299
14:08:40 [INFO]   ✓ 35015460  n_px=53  rrs_8=0.00126  CHL_NN=0.283
14:08:42 [INFO]   ✓ 46767309  n_px=56  rrs_8=0.00127  CHL_NN=0.283
14:08:43 [INFO]   ✓ 66646020  n_px=57  rrs_8=0.00128  CHL_NN=0.283
14:08:44 [INFO]   ✓ 78951559  n_px=52  rrs_8=0.00123  CHL_NN=0.283
14:08:45 [INFO]   ✓ 60788753  n_px=60  rrs_8=0.00125  CHL_NN=0.283
14:08:46 [INFO]   ✓ 12590603  n_px=54  rrs_8=0.00127  CHL_NN=0.299
14:08:46 [INFO] [20250725] 46 location(s)
14:08:47 [INFO]   ✓ 23059086  n_px=49  rrs_8=0.00150  CHL_NN=0.283
14:08:48 [INFO]   ✓ 44546211  n_px=51  rrs_8=0.00148  CHL_NN=0.283
14:08:49 [INFO]   ✓ 50453327  n_px=47  rrs_8=0.00142  CHL_NN=0.283
14:08:51 [INFO]   ✓ 43475270  n_px=49  rrs_8=0.00146  CHL_NN=0.299
14:08:52 [INFO]   ✓ 14718562  n_px=51  rrs_8=0.00146  CHL_NN=0.283
14:08:53 [INFO]   ✓ 90446288  n_px=48  rrs_8=0.00149  CHL_NN=0.283
14:08:54 [INFO]   ✓ 53114048  n_px=50  rrs_8=0.00139  CHL_NN=0.283
14:08:55 [INFO]   ✓ 28836990  n_px=53  rrs_8=0.00142  CHL_NN=0.283
14:08:56 [INFO]   ✓ 98417510  n_px=54  rrs_8=0.00138  CHL_NN=0.283
14:08:57 [INFO]   ✓ 79971184  n_px=54  rrs_8=0.00144  CHL_NN=0.283
14:08:58 [INFO]   ✓ 63855689  n_px=49  rrs_8=0.00148  CHL_NN=0.283
14:08:59 [INFO]   ✓ 21492983  n_px=51  rrs_8=0.00146  CHL_NN=0.283
14:09:01 [INFO]   ✓ 81079349  n_px=55  rrs_8=0.00137  CHL_NN=0.283
14:09:02 [INFO]   ✓ 04557247  n_px=48  rrs_8=0.00149  CHL_NN=0.283
14:09:03 [INFO]   ✓ 26406545  n_px=54  rrs_8=0.00138  CHL_NN=0.283
14:09:04 [INFO]   ✓ 93153186  n_px=49  rrs_8=0.00142  CHL_NN=0.283
14:09:05 [INFO]   ✓ 30652355  n_px=47  rrs_8=0.00142  CHL_NN=0.299
14:09:06 [INFO]   ✓ 50592728  n_px=54  rrs_8=0.00135  CHL_NN=0.283
14:09:08 [INFO]   ✓ 07093362  n_px=50  rrs_8=0.00147  CHL_NN=0.299
14:09:09 [INFO]   ✓ 45112175  n_px=51  rrs_8=0.00137  CHL_NN=0.283
14:09:10 [INFO]   ✓ 19324078  n_px=52  rrs_8=0.00149  CHL_NN=0.283
14:09:11 [INFO]   ✓ 95802670  n_px=52  rrs_8=0.00138  CHL_NN=0.283
14:09:12 [INFO]   ✓ 70601798  n_px=53  rrs_8=0.00148  CHL_NN=0.283
14:09:13 [INFO]   ✓ 47898647  n_px=46  rrs_8=0.00138  CHL_NN=0.283
14:09:14 [INFO]   ✓ 90635854  n_px=48  rrs_8=0.00141  CHL_NN=0.283
14:09:15 [INFO]   ✓ 04826806  n_px=51  rrs_8=0.00146  CHL_NN=0.283
14:09:16 [INFO]   ✓ 78951559  n_px=50  rrs_8=0.00141  CHL_NN=0.283
14:09:17 [INFO]   ✓ 58959904  n_px=48  rrs_8=0.00149  CHL_NN=0.283
14:09:18 [INFO]   ✓ 54736592  n_px=46  rrs_8=0.00146  CHL_NN=0.283
14:09:19 [INFO]   ✓ 36832132  n_px=49  rrs_8=0.00146  CHL_NN=0.283
14:09:20 [INFO]   ✓ 00124316  n_px=47  rrs_8=0.00150  CHL_NN=0.283
14:09:21 [INFO]   ✓ 00474787  n_px=51  rrs_8=0.00146  CHL_NN=0.283
14:09:22 [INFO]   ✓ 96737292  n_px=52  rrs_8=0.00146  CHL_NN=0.283
14:09:23 [INFO]   ✓ 88410154  n_px=50  rrs_8=0.00147  CHL_NN=0.299
14:09:24 [INFO]   ✓ 02105759  n_px=48  rrs_8=0.00149  CHL_NN=0.283
14:09:25 [INFO]   ✓ 06017474  n_px=49  rrs_8=0.00150  CHL_NN=0.283
14:09:26 [INFO]   ✓ 47515343  n_px=51  rrs_8=0.00137  CHL_NN=0.283
14:09:27 [INFO]   ✓ 19614973  n_px=49  rrs_8=0.00142  CHL_NN=0.283
14:09:28 [INFO]   ✓ 98418327  n_px=47  rrs_8=0.00150  CHL_NN=0.283
14:09:29 [INFO]   ✓ 68758356  n_px=49  rrs_8=0.00146  CHL_NN=0.299
14:09:30 [INFO]   ✓ 01305185  n_px=48  rrs_8=0.00139  CHL_NN=0.299
14:09:31 [INFO]   ✓ 52199119  n_px=48  rrs_8=0.00143  CHL_NN=0.299
14:09:32 [INFO]   ✓ 48290433  n_px=49  rrs_8=0.00148  CHL_NN=0.283
14:09:33 [INFO]   ✓ 79621111  n_px=45  rrs_8=0.00146  CHL_NN=0.283
14:09:34 [INFO]   ✓ 85342095  n_px=48  rrs_8=0.00141  CHL_NN=0.283
14:09:35 [INFO]   ✓ 97030056  n_px=51  rrs_8=0.00137  CHL_NN=0.283
14:09:35 [INFO] [20250726] 44 location(s)
14:09:36 [INFO]   ✓ 75611582  n_px=49  rrs_8=0.00124  CHL_NN=0.157
14:09:37 [INFO]   ✓ 21848222  n_px=45  rrs_8=0.00128  CHL_NN=0.157
14:09:39 [INFO]   ✓ 58185289  n_px=51  rrs_8=0.00122  CHL_NN=0.173
14:09:40 [INFO]   ✓ 67452942  n_px=46  rrs_8=0.00126  CHL_NN=0.173
14:09:41 [INFO]   ✓ 06017474  n_px=50  rrs_8=0.00126  CHL_NN=0.173
14:09:42 [INFO]   ✓ 30379539  n_px=50  rrs_8=0.00122  CHL_NN=0.173
14:09:43 [INFO]   ✓ 73782020  n_px=46  rrs_8=0.00128  CHL_NN=0.173
14:09:45 [INFO]   ✓ 20729030  n_px=45  rrs_8=0.00124  CHL_NN=0.157
14:09:46 [INFO]   ✓ 98417510  n_px=48  rrs_8=0.00123  CHL_NN=0.157
14:09:47 [INFO]   ✓ 69030276  n_px=47  rrs_8=0.00124  CHL_NN=0.157
14:09:48 [INFO]   ✓ 07351003  n_px=51  rrs_8=0.00122  CHL_NN=0.157
14:09:49 [INFO]   ✓ 02105759  n_px=45  rrs_8=0.00128  CHL_NN=0.157
14:09:50 [INFO]   ✓ 76717792  n_px=50  rrs_8=0.00122  CHL_NN=0.173
14:09:52 [INFO]   ✓ 99653386  n_px=46  rrs_8=0.00128  CHL_NN=0.157
14:09:53 [INFO]   ✓ 58010363  n_px=46  rrs_8=0.00126  CHL_NN=0.173
14:09:54 [INFO]   ✓ 36633283  n_px=49  rrs_8=0.00128  CHL_NN=0.157
14:09:55 [INFO]   ✓ 29782479  n_px=45  rrs_8=0.00122  CHL_NN=0.157
14:09:56 [INFO]   ✓ 54808248  n_px=48  rrs_8=0.00122  CHL_NN=0.173
14:09:57 [INFO]   ✓ 04151556  n_px=49  rrs_8=0.00124  CHL_NN=0.157
14:09:58 [INFO]   ✓ 32952288  n_px=52  rrs_8=0.00122  CHL_NN=0.157
14:09:59 [INFO]   ✓ 12590603  n_px=51  rrs_8=0.00124  CHL_NN=0.173
14:10:00 [INFO]   ✓ 60984331  n_px=45  rrs_8=0.00128  CHL_NN=0.157
14:10:01 [INFO]   ✓ 53371231  n_px=51  rrs_8=0.00124  CHL_NN=0.173
14:10:02 [INFO]   ✓ 39777707  n_px=46  rrs_8=0.00128  CHL_NN=0.157
14:10:03 [INFO]   ✓ 11363565  n_px=49  rrs_8=0.00128  CHL_NN=0.173
14:10:04 [INFO]   ✓ 03762834  n_px=50  rrs_8=0.00122  CHL_NN=0.173
14:10:05 [INFO]   ✓ 59591036  n_px=48  rrs_8=0.00128  CHL_NN=0.173
14:10:06 [INFO]   ✓ 15136621  n_px=49  rrs_8=0.00122  CHL_NN=0.173
14:10:08 [INFO]   ✓ 36716245  n_px=50  rrs_8=0.00122  CHL_NN=0.157
14:10:09 [INFO]   ✓ 25284560  n_px=49  rrs_8=0.00124  CHL_NN=0.157
14:10:10 [INFO]   ✓ 88410154  n_px=49  rrs_8=0.00128  CHL_NN=0.173
14:10:11 [INFO]   ✓ 84909966  n_px=51  rrs_8=0.00122  CHL_NN=0.173
14:10:12 [INFO]   ✓ 55600985  n_px=48  rrs_8=0.00123  CHL_NN=0.173
14:10:13 [INFO]   ✓ 94205208  n_px=53  rrs_8=0.00122  CHL_NN=0.173
14:10:13 [INFO]   ✓ 44106152  n_px=50  rrs_8=0.00122  CHL_NN=0.157
14:10:14 [INFO]   ✓ 30360555  n_px=51  rrs_8=0.00122  CHL_NN=0.173
14:10:15 [INFO]   ✓ 47741468  n_px=50  rrs_8=0.00123  CHL_NN=0.173
14:10:16 [INFO]   ✓ 19614973  n_px=49  rrs_8=0.00122  CHL_NN=0.173
14:10:17 [INFO]   ✓ 44546211  n_px=47  rrs_8=0.00128  CHL_NN=0.157
14:10:18 [INFO]   ✓ 53114048  n_px=51  rrs_8=0.00122  CHL_NN=0.157
14:10:19 [INFO]   ✓ 82186576  n_px=49  rrs_8=0.00122  CHL_NN=0.173
14:10:20 [INFO]   ✓ 70295584  n_px=46  rrs_8=0.00126  CHL_NN=0.173
14:10:21 [INFO]   ✓ 36832132  n_px=50  rrs_8=0.00122  CHL_NN=0.157
14:10:22 [INFO]   ✓ 68758356  n_px=46  rrs_8=0.00128  CHL_NN=0.173
14:10:22 [INFO] [20250727] 49 location(s)
14:10:23 [INFO]   ✓ 97852966  n_px=48  rrs_8=0.00128  CHL_NN=0.157
14:10:24 [INFO]   ✓ 85458915  n_px=45  rrs_8=0.00128  CHL_NN=0.173
14:10:26 [INFO]   ✓ 89871102  n_px=44  rrs_8=0.00128  CHL_NN=0.173
14:10:27 [INFO]   ✓ 97870267  n_px=45  rrs_8=0.00128  CHL_NN=0.173
14:10:28 [INFO]   ✓ 41434566  n_px=44  rrs_8=0.00128  CHL_NN=0.157
14:10:29 [INFO]   ✓ 43965471  n_px=48  rrs_8=0.00126  CHL_NN=0.173
14:10:30 [INFO]   ✓ 43776295  n_px=48  rrs_8=0.00126  CHL_NN=0.173
14:10:31 [INFO]   ✓ 44546211  n_px=47  rrs_8=0.00128  CHL_NN=0.157
14:10:32 [INFO]   ✓ 95050092  n_px=45  rrs_8=0.00128  CHL_NN=0.173
14:10:33 [INFO]   ✓ 59679616  n_px=45  rrs_8=0.00128  CHL_NN=0.173
14:10:34 [INFO]   ✓ 73782020  n_px=44  rrs_8=0.00128  CHL_NN=0.173
14:10:35 [INFO]   ✓ 11445134  n_px=44  rrs_8=0.00128  CHL_NN=0.173
14:10:36 [INFO]   ✓ 35567401  n_px=46  rrs_8=0.00128  CHL_NN=0.173
14:10:37 [INFO]   ✓ 13125091  n_px=44  rrs_8=0.00128  CHL_NN=0.173
14:10:38 [INFO]   ✓ 96386364  n_px=48  rrs_8=0.00128  CHL_NN=0.157
14:10:39 [INFO]   ✓ 52519254  n_px=44  rrs_8=0.00128  CHL_NN=0.173
14:10:40 [INFO]   ✓ 88410154  n_px=50  rrs_8=0.00126  CHL_NN=0.173
14:10:41 [INFO]   ✓ 69234746  n_px=47  rrs_8=0.00128  CHL_NN=0.173
14:10:42 [INFO]   ✓ 47409150  n_px=46  rrs_8=0.00126  CHL_NN=0.173
14:10:44 [INFO]   ✓ 68758356  n_px=44  rrs_8=0.00128  CHL_NN=0.173
14:10:44 [INFO]   ✓ 89305736  n_px=45  rrs_8=0.00128  CHL_NN=0.173
14:10:45 [INFO]   ✓ 47741468  n_px=49  rrs_8=0.00124  CHL_NN=0.157
14:10:47 [INFO]   ✓ 15342694  n_px=45  rrs_8=0.00128  CHL_NN=0.173
14:10:48 [INFO]   ✓ 53371231  n_px=48  rrs_8=0.00128  CHL_NN=0.157
14:10:49 [INFO]   ✓ 18154843  n_px=49  rrs_8=0.00128  CHL_NN=0.173
14:10:50 [INFO]   ✓ 70642727  n_px=47  rrs_8=0.00128  CHL_NN=0.173
14:10:51 [INFO]   ✓ 07403113  n_px=49  rrs_8=0.00124  CHL_NN=0.173
14:10:52 [INFO]   ✓ 62724742  n_px=49  rrs_8=0.00124  CHL_NN=0.173
14:10:53 [INFO]   ✓ 12590603  n_px=48  rrs_8=0.00128  CHL_NN=0.173
14:10:54 [INFO]   ✓ 30379539  n_px=48  rrs_8=0.00126  CHL_NN=0.173
14:10:55 [INFO]   ✓ 32512228  n_px=45  rrs_8=0.00128  CHL_NN=0.173
14:10:56 [INFO]   ✓ 82186576  n_px=48  rrs_8=0.00123  CHL_NN=0.157
14:10:57 [INFO]   ✓ 36004774  n_px=45  rrs_8=0.00128  CHL_NN=0.173
14:10:58 [INFO]   ✓ 21765269  n_px=45  rrs_8=0.00128  CHL_NN=0.173
14:10:59 [INFO]   ✓ 66217473  n_px=41  rrs_8=0.00128  CHL_NN=0.173
14:11:00 [INFO]   ✓ 59143457  n_px=45  rrs_8=0.00128  CHL_NN=0.173
14:11:01 [INFO]   ✓ 80112843  n_px=49  rrs_8=0.00122  CHL_NN=0.173
14:11:02 [INFO]   ✓ 42370323  n_px=48  rrs_8=0.00123  CHL_NN=0.173
14:11:03 [INFO]   ✓ 24368514  n_px=45  rrs_8=0.00128  CHL_NN=0.157
14:11:04 [INFO]   ✓ 73605601  n_px=49  rrs_8=0.00128  CHL_NN=0.173
14:11:05 [INFO]   ✓ 68425031  n_px=45  rrs_8=0.00128  CHL_NN=0.173
14:11:06 [INFO]   ✓ 19374349  n_px=45  rrs_8=0.00128  CHL_NN=0.157
14:11:07 [INFO]   ✓ 90529977  n_px=45  rrs_8=0.00128  CHL_NN=0.173
14:11:08 [INFO]   ✓ 22147509  n_px=46  rrs_8=0.00128  CHL_NN=0.173
14:11:09 [INFO]   ✓ 16123346  n_px=46  rrs_8=0.00126  CHL_NN=0.173
14:11:10 [INFO]   ✓ 61755968  n_px=43  rrs_8=0.00128  CHL_NN=0.173
14:11:11 [INFO]   ✓ 61929957  n_px=44  rrs_8=0.00128  CHL_NN=0.173
14:11:12 [INFO]   ✓ 03359315  n_px=44  rrs_8=0.00128  CHL_NN=0.173
14:11:13 [INFO]   ✓ 83880103  n_px=45  rrs_8=0.00128  CHL_NN=0.173
14:11:13 [INFO] [20250728] 55 location(s)
14:11:14 [INFO]   ✓ 15136621  n_px=69  rrs_8=0.00166  CHL_NN=0.126
14:11:15 [INFO]   ✓ 09478898  n_px=72  rrs_8=0.00165  CHL_NN=0.126
14:11:16 [INFO]   ✓ 11147467  n_px=68  rrs_8=0.00166  CHL_NN=0.126
14:11:17 [INFO]   ✓ 91237896  n_px=72  rrs_8=0.00154  CHL_NN=0.126
14:11:18 [INFO]   ✓ 36004774  n_px=78  rrs_8=0.00156  CHL_NN=0.126
14:11:19 [INFO]   ✓ 22595786  n_px=77  rrs_8=0.00157  CHL_NN=0.126
14:11:20 [INFO]   ✓ 34842100  n_px=70  rrs_8=0.00166  CHL_NN=0.126
14:11:21 [INFO]   ✓ 42876627  n_px=77  rrs_8=0.00155  CHL_NN=0.126
14:11:22 [INFO]   ✓ 68758356  n_px=77  rrs_8=0.00155  CHL_NN=0.126
14:11:23 [INFO]   ✓ 54479958  n_px=69  rrs_8=0.00166  CHL_NN=0.126
14:11:24 [INFO]   ✓ 88410154  n_px=74  rrs_8=0.00166  CHL_NN=0.126
14:11:25 [INFO]   ✓ 00045520  n_px=75  rrs_8=0.00155  CHL_NN=0.126
14:11:26 [INFO]   ✓ 76424708  n_px=71  rrs_8=0.00166  CHL_NN=0.126
14:11:27 [INFO]   ✓ 45427702  n_px=78  rrs_8=0.00155  CHL_NN=0.126
14:11:28 [INFO]   ✓ 76085300  n_px=72  rrs_8=0.00166  CHL_NN=0.126
14:11:29 [INFO]   ✓ 01305185  n_px=70  rrs_8=0.00167  CHL_NN=0.126
14:11:30 [INFO]   ✓ 57353078  n_px=70  rrs_8=0.00166  CHL_NN=0.126
14:11:31 [INFO]   ✓ 66083330  n_px=73  rrs_8=0.00164  CHL_NN=0.126
14:11:32 [INFO]   ✓ 77360304  n_px=74  rrs_8=0.00165  CHL_NN=0.126
14:11:34 [INFO]   ✓ 84909966  n_px=70  rrs_8=0.00166  CHL_NN=0.126
14:11:34 [INFO]   ✓ 58185289  n_px=69  rrs_8=0.00168  CHL_NN=0.126
14:11:36 [INFO]   ✓ 05484122  n_px=73  rrs_8=0.00157  CHL_NN=0.126
14:11:37 [INFO]   ✓ 26589764  n_px=73  rrs_8=0.00168  CHL_NN=0.126
14:11:38 [INFO]   ✓ 61929957  n_px=75  rrs_8=0.00164  CHL_NN=0.126
14:11:38 [INFO]   ✓ 23676724  n_px=78  rrs_8=0.00160  CHL_NN=0.126
14:11:40 [INFO]   ✓ 35361297  n_px=75  rrs_8=0.00164  CHL_NN=0.126
14:11:41 [INFO]   ✓ 25077767  n_px=73  rrs_8=0.00168  CHL_NN=0.126
14:11:42 [INFO]   ✓ 68129912  n_px=72  rrs_8=0.00165  CHL_NN=0.126
14:11:43 [INFO]   ✓ 25157748  n_px=72  rrs_8=0.00165  CHL_NN=0.126
14:11:44 [INFO]   ✓ 59679616  n_px=80  rrs_8=0.00154  CHL_NN=0.126
14:11:45 [INFO]   ✓ 47722694  n_px=77  rrs_8=0.00166  CHL_NN=0.126
14:11:46 [INFO]   ✓ 48290433  n_px=74  rrs_8=0.00161  CHL_NN=0.126
14:11:47 [INFO]   ✓ 21765269  n_px=74  rrs_8=0.00156  CHL_NN=0.126
14:11:48 [INFO]   ✓ 70295584  n_px=75  rrs_8=0.00157  CHL_NN=0.126
14:11:49 [INFO]   ✓ 04151556  n_px=75  rrs_8=0.00166  CHL_NN=0.126
14:11:50 [INFO]   ✓ 88866721  n_px=69  rrs_8=0.00166  CHL_NN=0.126
14:11:51 [INFO]   ✓ 82186576  n_px=69  rrs_8=0.00166  CHL_NN=0.126
14:11:52 [INFO]   ✓ 97263711  n_px=71  rrs_8=0.00155  CHL_NN=0.126
14:11:53 [INFO]   ✓ 94311029  n_px=72  rrs_8=0.00166  CHL_NN=0.126
14:11:54 [INFO]   ✓ 83793623  n_px=70  rrs_8=0.00166  CHL_NN=0.126
14:11:55 [INFO]   ✓ 60428719  n_px=69  rrs_8=0.00166  CHL_NN=0.126
14:11:56 [INFO]   ✓ 36832132  n_px=69  rrs_8=0.00166  CHL_NN=0.126
14:11:57 [INFO]   ✓ 63027570  n_px=76  rrs_8=0.00157  CHL_NN=0.126
14:11:58 [INFO]   ✓ 98417510  n_px=72  rrs_8=0.00166  CHL_NN=0.126
14:11:59 [INFO]   ✓ 78951559  n_px=70  rrs_8=0.00161  CHL_NN=0.126
14:12:00 [INFO]   ✓ 85342095  n_px=67  rrs_8=0.00168  CHL_NN=0.126
14:12:01 [INFO]   ✓ 07403113  n_px=73  rrs_8=0.00164  CHL_NN=0.126
14:12:02 [INFO]   ✓ 43840461  n_px=72  rrs_8=0.00165  CHL_NN=0.126
14:12:03 [INFO]   ✓ 49492388  n_px=74  rrs_8=0.00166  CHL_NN=0.126
14:12:04 [INFO]   ✓ 47741468  n_px=74  rrs_8=0.00165  CHL_NN=0.126
14:12:05 [INFO]   ✓ 85622813  n_px=67  rrs_8=0.00168  CHL_NN=0.126
14:12:06 [INFO]   ✓ 98722481  n_px=72  rrs_8=0.00160  CHL_NN=0.126
14:12:07 [INFO]   ✓ 93473316  n_px=73  rrs_8=0.00157  CHL_NN=0.126
14:12:08 [INFO]   ✓ 30379539  n_px=71  rrs_8=0.00166  CHL_NN=0.126
14:12:09 [INFO]   ✓ 16875116  n_px=71  rrs_8=0.00166  CHL_NN=0.126
14:12:09 [INFO] [20250729] 54 location(s)
14:12:10 [INFO]   ✓ 12852545  n_px=78  rrs_8=0.00157  CHL_NN=0.142
14:12:11 [INFO]   ✓ 57348054  n_px=83  rrs_8=0.00157  CHL_NN=0.126
14:12:12 [INFO]   ✓ 61656205  n_px=72  rrs_8=0.00164  CHL_NN=0.142
14:12:13 [INFO]   ✓ 30652355  n_px=82  rrs_8=0.00153  CHL_NN=0.126
14:12:14 [INFO]   ✓ 08358498  n_px=73  rrs_8=0.00162  CHL_NN=0.142
14:12:16 [INFO]   ✓ 81241191  n_px=84  rrs_8=0.00150  CHL_NN=0.126
14:12:17 [INFO]   ✓ 21765269  n_px=85  rrs_8=0.00150  CHL_NN=0.126
14:12:18 [INFO]   ✓ 96386364  n_px=80  rrs_8=0.00156  CHL_NN=0.126
14:12:19 [INFO]   ✓ 45370920  n_px=76  rrs_8=0.00166  CHL_NN=0.142
14:12:20 [INFO]   ✓ 58226991  n_px=77  rrs_8=0.00157  CHL_NN=0.142
14:12:21 [INFO]   ✓ 09752387  n_px=81  rrs_8=0.00155  CHL_NN=0.126
14:12:22 [INFO]   ✓ 76717792  n_px=78  rrs_8=0.00157  CHL_NN=0.126
14:12:23 [INFO]   ✓ 11852397  n_px=74  rrs_8=0.00166  CHL_NN=0.142
14:12:24 [INFO]   ✓ 28836990  n_px=83  rrs_8=0.00155  CHL_NN=0.126
14:12:26 [INFO]   ✓ 39866719  n_px=78  rrs_8=0.00164  CHL_NN=0.142
14:12:27 [INFO]   ✓ 30360555  n_px=78  rrs_8=0.00153  CHL_NN=0.126
14:12:28 [INFO]   ✓ 88163828  n_px=78  rrs_8=0.00158  CHL_NN=0.142
14:12:29 [INFO]   ✓ 00546872  n_px=84  rrs_8=0.00150  CHL_NN=0.126
14:12:30 [INFO]   ✓ 14308996  n_px=75  rrs_8=0.00157  CHL_NN=0.126
14:12:31 [INFO]   ✓ 90680869  n_px=77  rrs_8=0.00157  CHL_NN=0.142
14:12:32 [INFO]   ✓ 40532356  n_px=78  rrs_8=0.00161  CHL_NN=0.142
14:12:33 [INFO]   ✓ 31465744  n_px=76  rrs_8=0.00158  CHL_NN=0.142
14:12:34 [INFO]   ✓ 89305736  n_px=82  rrs_8=0.00156  CHL_NN=0.126
14:12:37 [INFO]   ✓ 37233849  n_px=74  rrs_8=0.00166  CHL_NN=0.142
14:12:39 [INFO]   ✓ 62724742  n_px=82  rrs_8=0.00150  CHL_NN=0.126
14:12:39 [INFO]   ✓ 19324078  n_px=80  rrs_8=0.00157  CHL_NN=0.126
14:12:41 [INFO]   ✓ 55392653  n_px=79  rrs_8=0.00157  CHL_NN=0.142
14:12:42 [INFO]   ✓ 29925718  n_px=80  rrs_8=0.00161  CHL_NN=0.142
14:12:43 [INFO]   ✓ 87844949  n_px=73  rrs_8=0.00157  CHL_NN=0.142
14:12:44 [INFO]   ✓ 15374303  n_px=78  rrs_8=0.00157  CHL_NN=0.126
14:12:45 [INFO]   ✓ 11236303  n_px=83  rrs_8=0.00157  CHL_NN=0.126
14:12:46 [INFO]   ✓ 15353129  n_px=81  rrs_8=0.00157  CHL_NN=0.126
14:12:48 [INFO]   ✓ 84387274  n_px=74  rrs_8=0.00167  CHL_NN=0.142
14:12:49 [INFO]   ✓ 52477953  n_px=74  rrs_8=0.00164  CHL_NN=0.142
14:12:50 [INFO]   ✓ 06424132  n_px=85  rrs_8=0.00150  CHL_NN=0.126
14:12:51 [INFO]   ✓ 41320080  n_px=80  rrs_8=0.00150  CHL_NN=0.126
14:12:52 [INFO]   ✓ 41434566  n_px=82  rrs_8=0.00153  CHL_NN=0.126
14:12:53 [INFO]   ✓ 69280603  n_px=73  rrs_8=0.00166  CHL_NN=0.142
14:12:54 [INFO]   ✓ 59679616  n_px=86  rrs_8=0.00150  CHL_NN=0.126
14:12:55 [INFO]   ✓ 99379283  n_px=80  rrs_8=0.00167  CHL_NN=0.142
14:12:57 [INFO]   ✓ 63027570  n_px=81  rrs_8=0.00155  CHL_NN=0.126
14:12:57 [INFO]   ✓ 43188568  n_px=80  rrs_8=0.00157  CHL_NN=0.126
14:12:58 [INFO]   ✓ 66424758  n_px=80  rrs_8=0.00154  CHL_NN=0.142
14:12:59 [INFO]   ✓ 28809226  n_px=75  rrs_8=0.00159  CHL_NN=0.142
14:13:01 [INFO]   ✓ 48618876  n_px=82  rrs_8=0.00156  CHL_NN=0.126
14:13:02 [INFO]   ✓ 58047836  n_px=78  rrs_8=0.00166  CHL_NN=0.142
14:13:03 [INFO]   ✓ 61929957  n_px=81  rrs_8=0.00151  CHL_NN=0.126
14:13:04 [INFO]   ✓ 23195104  n_px=87  rrs_8=0.00150  CHL_NN=0.126
14:13:05 [INFO]   ✓ 43475270  n_px=86  rrs_8=0.00150  CHL_NN=0.126
14:13:06 [INFO]   ✓ 43357968  n_px=77  rrs_8=0.00157  CHL_NN=0.157
14:13:07 [INFO]   ✓ 43501593  n_px=85  rrs_8=0.00159  CHL_NN=0.126
14:13:08 [INFO]   ✓ 23059086  n_px=80  rrs_8=0.00157  CHL_NN=0.126
14:13:09 [INFO]   ✓ 53371231  n_px=82  rrs_8=0.00157  CHL_NN=0.126
14:13:11 [INFO]   ✓ 58668887  n_px=82  rrs_8=0.00150  CHL_NN=0.126
14:13:11 [INFO] [20250730] 49 location(s)
14:13:12 [INFO]   ✓ 88163828  n_px=82  rrs_8=0.00166  CHL_NN=0.142
14:13:13 [INFO]   ✓ 87805846  n_px=69  rrs_8=0.00172  CHL_NN=0.150
14:13:14 [INFO]   ✓ 94299799  n_px=84  rrs_8=0.00163  CHL_NN=0.142
14:13:15 [INFO]   ✓ 47022864  n_px=80  rrs_8=0.00165  CHL_NN=0.142
14:13:16 [INFO]   ✓ 12852545  n_px=81  rrs_8=0.00166  CHL_NN=0.142
14:13:17 [INFO]   ✓ 45435426  n_px=72  rrs_8=0.00169  CHL_NN=0.142
14:13:18 [INFO]   ✓ 86668681  n_px=78  rrs_8=0.00171  CHL_NN=0.134
14:13:19 [INFO]   ✓ 87742055  n_px=76  rrs_8=0.00167  CHL_NN=0.126
14:13:20 [INFO]   ✓ 98075519  n_px=81  rrs_8=0.00166  CHL_NN=0.142
14:13:21 [INFO]   ✓ 12627939  n_px=76  rrs_8=0.00170  CHL_NN=0.134
14:13:23 [INFO]   ✓ 88758554  n_px=79  rrs_8=0.00172  CHL_NN=0.142
14:13:24 [INFO]   ✓ 91144093  n_px=84  rrs_8=0.00163  CHL_NN=0.110
14:13:25 [INFO]   ✓ 70822016  n_px=71  rrs_8=0.00168  CHL_NN=0.142
14:13:26 [INFO]   ✓ 31205939  n_px=82  rrs_8=0.00170  CHL_NN=0.126
14:13:27 [INFO]   ✓ 27960007  n_px=82  rrs_8=0.00165  CHL_NN=0.126
14:13:28 [INFO]   ✓ 44940764  n_px=83  rrs_8=0.00164  CHL_NN=0.142
14:13:29 [INFO]   ✓ 90193220  n_px=82  rrs_8=0.00169  CHL_NN=0.126
14:13:30 [INFO]   ✓ 62096902  n_px=81  rrs_8=0.00170  CHL_NN=0.118
14:13:31 [INFO]   ✓ 29925718  n_px=85  rrs_8=0.00166  CHL_NN=0.142
14:13:32 [INFO]   ✓ 57386067  n_px=80  rrs_8=0.00165  CHL_NN=0.142
14:13:33 [INFO]   ✓ 57013717  n_px=82  rrs_8=0.00170  CHL_NN=0.126
14:13:34 [INFO]   ✓ 29067712  n_px=85  rrs_8=0.00166  CHL_NN=0.142
14:13:35 [INFO]   ✓ 09882014  n_px=82  rrs_8=0.00166  CHL_NN=0.110
14:13:36 [INFO]   ✓ 42983169  n_px=84  rrs_8=0.00165  CHL_NN=0.110
14:13:37 [INFO]   ✓ 20345225  n_px=83  rrs_8=0.00170  CHL_NN=0.126
14:13:38 [INFO]   ✓ 97094989  n_px=82  rrs_8=0.00166  CHL_NN=0.142
14:13:40 [INFO]   ✓ 31465744  n_px=80  rrs_8=0.00166  CHL_NN=0.142
14:13:41 [INFO]   ✓ 84221739  n_px=85  rrs_8=0.00168  CHL_NN=0.126
14:13:42 [INFO]   ✓ 75128063  n_px=74  rrs_8=0.00169  CHL_NN=0.157
14:13:43 [INFO]   ✓ 71642767  n_px=83  rrs_8=0.00166  CHL_NN=0.134
14:13:44 [INFO]   ✓ 95820200  n_px=80  rrs_8=0.00169  CHL_NN=0.110
14:13:45 [INFO]   ✓ 77722263  n_px=82  rrs_8=0.00165  CHL_NN=0.134
14:13:46 [INFO]   ✓ 76821459  n_px=84  rrs_8=0.00164  CHL_NN=0.142
14:13:47 [INFO]   ✓ 31641109  n_px=72  rrs_8=0.00169  CHL_NN=0.142
14:13:48 [INFO]   ✓ 74950705  n_px=77  rrs_8=0.00168  CHL_NN=0.142
14:13:48 [INFO]   ✓ 97610473  n_px=83  rrs_8=0.00166  CHL_NN=0.110
14:13:50 [INFO]   ✓ 74668437  n_px=87  rrs_8=0.00166  CHL_NN=0.110
14:13:51 [INFO]   ✓ 95941749  n_px=89  rrs_8=0.00166  CHL_NN=0.110
14:13:52 [INFO]   ✓ 31402031  n_px=75  rrs_8=0.00172  CHL_NN=0.142
14:13:53 [INFO]   ✓ 72169788  n_px=83  rrs_8=0.00168  CHL_NN=0.126
14:13:54 [INFO]   ✓ 58300620  n_px=83  rrs_8=0.00168  CHL_NN=0.142
14:13:55 [INFO]   ✓ 16153957  n_px=84  rrs_8=0.00166  CHL_NN=0.126
14:13:56 [INFO]   ✓ 81777070  n_px=84  rrs_8=0.00165  CHL_NN=0.142
14:13:57 [INFO]   ✓ 24023039  n_px=77  rrs_8=0.00166  CHL_NN=0.126
14:13:58 [INFO]   ✓ 40001891  n_px=72  rrs_8=0.00172  CHL_NN=0.142
14:13:59 [INFO]   ✓ 67211521  n_px=72  rrs_8=0.00167  CHL_NN=0.134
14:14:00 [INFO]   ✓ 58047836  n_px=86  rrs_8=0.00166  CHL_NN=0.142
14:14:01 [INFO]   ✓ 73707563  n_px=79  rrs_8=0.00172  CHL_NN=0.142
14:14:03 [INFO]   ✓ 96538434  n_px=84  rrs_8=0.00165  CHL_NN=0.126
14:14:03 [INFO] [20250731] 47 location(s)
14:14:04 [INFO]   ✓ 84387274  n_px=78  rrs_8=0.00172  CHL_NN=0.134
14:14:05 [INFO]   ✓ 88940258  n_px=79  rrs_8=0.00172  CHL_NN=0.142
14:14:06 [INFO]   ✓ 44940764  n_px=81  rrs_8=0.00166  CHL_NN=0.142
14:14:07 [INFO]   ✓ 91884223  n_px=76  rrs_8=0.00171  CHL_NN=0.142
14:14:08 [INFO]   ✓ 88182609  n_px=81  rrs_8=0.00168  CHL_NN=0.142
14:14:09 [INFO]   ✓ 88163828  n_px=82  rrs_8=0.00166  CHL_NN=0.142
14:14:10 [INFO]   ✓ 66398605  n_px=80  rrs_8=0.00166  CHL_NN=0.142
14:14:11 [INFO]   ✓ 99274521  n_px=82  rrs_8=0.00170  CHL_NN=0.142
14:14:12 [INFO]   ✓ 68053287  n_px=75  rrs_8=0.00166  CHL_NN=0.142
14:14:13 [INFO]   ✓ 11021901  n_px=82  rrs_8=0.00169  CHL_NN=0.150
14:14:14 [INFO]   ✓ 87844949  n_px=79  rrs_8=0.00166  CHL_NN=0.142
14:14:15 [INFO]   ✓ 32642154  n_px=86  rrs_8=0.00166  CHL_NN=0.142
14:14:16 [INFO]   ✓ 82792234  n_px=79  rrs_8=0.00170  CHL_NN=0.126
14:14:18 [INFO]   ✓ 82779138  n_px=76  rrs_8=0.00172  CHL_NN=0.126
14:14:19 [INFO]   ✓ 14859810  n_px=76  rrs_8=0.00172  CHL_NN=0.142
14:14:20 [INFO]   ✓ 44516902  n_px=80  rrs_8=0.00166  CHL_NN=0.126
14:14:22 [INFO]   ✓ 59761789  n_px=77  rrs_8=0.00168  CHL_NN=0.142
14:14:23 [INFO]   ✓ 57845982  n_px=84  rrs_8=0.00165  CHL_NN=0.142
14:14:24 [INFO]   ✓ 94192495  n_px=84  rrs_8=0.00167  CHL_NN=0.110
14:14:25 [INFO]   ✓ 65286297  n_px=78  rrs_8=0.00166  CHL_NN=0.142
14:14:26 [INFO]   ✓ 42536624  n_px=78  rrs_8=0.00167  CHL_NN=0.142
14:14:27 [INFO]   ✓ 52477953  n_px=84  rrs_8=0.00166  CHL_NN=0.142
14:14:28 [INFO]   ✓ 23518338  n_px=76  rrs_8=0.00169  CHL_NN=0.142
14:14:29 [INFO]   ✓ 91099669  n_px=71  rrs_8=0.00170  CHL_NN=0.142
14:14:30 [INFO]   ✓ 23511564  n_px=80  rrs_8=0.00171  CHL_NN=0.142
14:14:31 [INFO]   ✓ 76821459  n_px=83  rrs_8=0.00164  CHL_NN=0.142
14:14:32 [INFO]   ✓ 71642767  n_px=83  rrs_8=0.00166  CHL_NN=0.134
14:14:33 [INFO]   ✓ 23165899  n_px=79  rrs_8=0.00166  CHL_NN=0.126
14:14:35 [INFO]   ✓ 36577596  n_px=75  rrs_8=0.00170  CHL_NN=0.142
14:14:36 [INFO]   ✓ 31465744  n_px=80  rrs_8=0.00166  CHL_NN=0.142
14:14:36 [INFO]   ✓ 04540752  n_px=78  rrs_8=0.00167  CHL_NN=0.142
14:14:38 [INFO]   ✓ 31797202  n_px=76  rrs_8=0.00169  CHL_NN=0.150
14:14:38 [INFO]   ✓ 13020684  n_px=79  rrs_8=0.00166  CHL_NN=0.126
14:14:39 [INFO]   ✓ 80332645  n_px=82  rrs_8=0.00167  CHL_NN=0.142
14:14:40 [INFO]   ✓ 95482479  n_px=88  rrs_8=0.00166  CHL_NN=0.110
14:14:42 [INFO]   ✓ 51657121  n_px=84  rrs_8=0.00165  CHL_NN=0.142
14:14:43 [INFO]   ✓ 30696438  n_px=80  rrs_8=0.00170  CHL_NN=0.142
14:14:44 [INFO]   ✓ 19432352  n_px=79  rrs_8=0.00164  CHL_NN=0.094
14:14:45 [INFO]   ✓ 30170365  n_px=84  rrs_8=0.00171  CHL_NN=0.126
14:14:46 [INFO]   ✓ 90000576  n_px=77  rrs_8=0.00170  CHL_NN=0.134
14:14:47 [INFO]   ✓ 01195435  n_px=78  rrs_8=0.00166  CHL_NN=0.142
14:14:48 [INFO]   ✓ 11852397  n_px=73  rrs_8=0.00168  CHL_NN=0.142
14:14:49 [INFO]   ✓ 08965003  n_px=82  rrs_8=0.00164  CHL_NN=0.142
14:14:50 [INFO]   ✓ 32115045  n_px=76  rrs_8=0.00166  CHL_NN=0.142
14:14:51 [INFO]   ✓ 70291404  n_px=78  rrs_8=0.00171  CHL_NN=0.126
14:14:52 [INFO]   ✓ 65524251  n_px=75  rrs_8=0.00170  CHL_NN=0.142
14:14:53 [INFO]   ✓ 90440980  n_px=87  rrs_8=0.00166  CHL_NN=0.110
14:14:53 [INFO] [20250801] 23 location(s)
14:14:55 [INFO]   ✓ 03628622  n_px=116  rrs_8=0.00183  CHL_NN=0.268
14:14:56 [INFO]   ✓ 14859810  n_px=111  rrs_8=0.00186  CHL_NN=0.268
14:14:57 [INFO]   ✓ 18772649  n_px=112  rrs_8=0.00182  CHL_NN=0.268
14:14:58 [INFO]   ✓ 84764268  n_px=113  rrs_8=0.00186  CHL_NN=0.268
14:14:59 [INFO]   ✓ 90000576  n_px=113  rrs_8=0.00190  CHL_NN=0.268
14:15:00 [INFO]   ✓ 35461595  n_px=108  rrs_8=0.00186  CHL_NN=0.283
14:15:01 [INFO]   ✓ 93348742  n_px=117  rrs_8=0.00186  CHL_NN=0.268
14:15:02 [INFO]   ✓ 88940258  n_px=115  rrs_8=0.00186  CHL_NN=0.268
14:15:03 [INFO]   ✓ 98527829  n_px=113  rrs_8=0.00183  CHL_NN=0.268
14:15:04 [INFO]   ✓ 88758554  n_px=118  rrs_8=0.00188  CHL_NN=0.268
14:15:05 [INFO]   ✓ 80191047  n_px=111  rrs_8=0.00190  CHL_NN=0.268
14:15:06 [INFO]   ✓ 80332645  n_px=113  rrs_8=0.00190  CHL_NN=0.268
14:15:07 [INFO]   ✓ 11831070  n_px=114  rrs_8=0.00186  CHL_NN=0.283
14:15:08 [INFO]   ✓ 76711117  n_px=109  rrs_8=0.00190  CHL_NN=0.283
14:15:09 [INFO]   ✓ 75940293  n_px=110  rrs_8=0.00188  CHL_NN=0.283
14:15:10 [INFO]   ✓ 05238235  n_px=111  rrs_8=0.00190  CHL_NN=0.268
14:15:11 [INFO]   ✓ 07775072  n_px=106  rrs_8=0.00186  CHL_NN=0.268
14:15:12 [INFO]   ✓ 99553068  n_px=113  rrs_8=0.00184  CHL_NN=0.268
14:15:14 [INFO]   ✓ 97442860  n_px=117  rrs_8=0.00184  CHL_NN=0.268
14:15:15 [INFO]   ✓ 39577713  n_px=116  rrs_8=0.00190  CHL_NN=0.268
14:15:16 [INFO]   ✓ 21601834  n_px=114  rrs_8=0.00190  CHL_NN=0.268
14:15:17 [INFO]   ✓ 41241428  n_px=111  rrs_8=0.00186  CHL_NN=0.283
14:15:17 [INFO]   ✓ 58680506  n_px=111  rrs_8=0.00184  CHL_NN=0.268
14:15:17 [INFO] [20250802] 51 location(s)
14:15:19 [INFO]   ✓ 88940258  n_px=111  rrs_8=0.00186  CHL_NN=0.268
14:15:20 [INFO]   ✓ 97773199  n_px=117  rrs_8=0.00186  CHL_NN=0.268
14:15:21 [INFO]   ✓ 92523273  n_px=105  rrs_8=0.00186  CHL_NN=0.268
14:15:22 [INFO]   ✓ 45420707  n_px=108  rrs_8=0.00185  CHL_NN=0.268
14:15:24 [INFO]   ✓ 40682779  n_px=108  rrs_8=0.00183  CHL_NN=0.268
14:15:25 [INFO]   ✓ 69982008  n_px=109  rrs_8=0.00183  CHL_NN=0.268
14:15:26 [INFO]   ✓ 86668681  n_px=109  rrs_8=0.00184  CHL_NN=0.268
14:15:27 [INFO]   ✓ 19326056  n_px=112  rrs_8=0.00182  CHL_NN=0.283
14:15:29 [INFO]   ✓ 25879809  n_px=114  rrs_8=0.00184  CHL_NN=0.268
14:15:30 [INFO]   ✓ 17865721  n_px=106  rrs_8=0.00185  CHL_NN=0.268
14:15:31 [INFO]   ✓ 43920385  n_px=110  rrs_8=0.00184  CHL_NN=0.283
14:15:32 [INFO]   ✓ 01195435  n_px=108  rrs_8=0.00190  CHL_NN=0.268
14:15:33 [INFO]   ✓ 48002403  n_px=113  rrs_8=0.00184  CHL_NN=0.268
14:15:34 [INFO]   ✓ 94518662  n_px=108  rrs_8=0.00185  CHL_NN=0.268
14:15:35 [INFO]   ✓ 92951621  n_px=107  rrs_8=0.00184  CHL_NN=0.268
14:15:37 [INFO]   ✓ 45435426  n_px=106  rrs_8=0.00185  CHL_NN=0.268
14:15:38 [INFO]   ✓ 05937675  n_px=107  rrs_8=0.00186  CHL_NN=0.268
14:15:39 [INFO]   ✓ 01083838  n_px=108  rrs_8=0.00196  CHL_NN=0.299
14:15:40 [INFO]   ✓ 05975804  n_px=108  rrs_8=0.00190  CHL_NN=0.283
14:15:41 [INFO]   ✓ 81010381  n_px=118  rrs_8=0.00186  CHL_NN=0.268
14:15:42 [INFO]   ✓ 29891434  n_px=110  rrs_8=0.00190  CHL_NN=0.268
14:15:43 [INFO]   ✓ 44940764  n_px=110  rrs_8=0.00188  CHL_NN=0.268
14:15:44 [INFO]   ✓ 43671176  n_px=105  rrs_8=0.00184  CHL_NN=0.268
14:15:45 [INFO]   ✓ 75721301  n_px=117  rrs_8=0.00190  CHL_NN=0.268
14:15:46 [INFO]   ✓ 48980409  n_px=105  rrs_8=0.00183  CHL_NN=0.268
14:15:47 [INFO]   ✓ 13182605  n_px=112  rrs_8=0.00185  CHL_NN=0.268
14:15:48 [INFO]   ✓ 50717640  n_px=105  rrs_8=0.00186  CHL_NN=0.268
14:15:49 [INFO]   ✓ 69280603  n_px=111  rrs_8=0.00190  CHL_NN=0.268
14:15:50 [INFO]   ✓ 11852397  n_px=104  rrs_8=0.00183  CHL_NN=0.268
14:15:51 [INFO]   ✓ 72572142  n_px=107  rrs_8=0.00184  CHL_NN=0.268
14:15:52 [INFO]   ✓ 63738750  n_px=110  rrs_8=0.00194  CHL_NN=0.268
14:15:52 [INFO]   ✓ 95852424  n_px=115  rrs_8=0.00190  CHL_NN=0.268
14:15:53 [INFO]   ✓ 12923133  n_px=104  rrs_8=0.00183  CHL_NN=0.268
14:15:54 [INFO]   ✓ 76174403  n_px=110  rrs_8=0.00188  CHL_NN=0.268
14:15:55 [INFO]   ✓ 59003663  n_px=111  rrs_8=0.00190  CHL_NN=0.283
14:15:57 [INFO]   ✓ 00045864  n_px=108  rrs_8=0.00190  CHL_NN=0.268
14:15:58 [INFO]   ✓ 27096828  n_px=107  rrs_8=0.00190  CHL_NN=0.283
14:15:58 [INFO]   ✓ 78974897  n_px=104  rrs_8=0.00193  CHL_NN=0.299
14:15:59 [INFO]   ✓ 69817684  n_px=110  rrs_8=0.00184  CHL_NN=0.268
14:16:00 [INFO]   ✓ 21601834  n_px=113  rrs_8=0.00190  CHL_NN=0.268
14:16:01 [INFO]   ✓ 56503616  n_px=114  rrs_8=0.00190  CHL_NN=0.268
14:16:02 [INFO]   ✓ 54590667  n_px=109  rrs_8=0.00186  CHL_NN=0.268
14:16:03 [INFO]   ✓ 35461595  n_px=105  rrs_8=0.00186  CHL_NN=0.283
14:16:04 [INFO]   ✓ 82792234  n_px=115  rrs_8=0.00190  CHL_NN=0.268
14:16:05 [INFO]   ✓ 79160025  n_px=108  rrs_8=0.00188  CHL_NN=0.268
14:16:06 [INFO]   ✓ 93348742  n_px=117  rrs_8=0.00190  CHL_NN=0.268
14:16:07 [INFO]   ✓ 79189641  n_px=112  rrs_8=0.00192  CHL_NN=0.268
14:16:08 [INFO]   ✓ 69698458  n_px=108  rrs_8=0.00190  CHL_NN=0.283
14:16:09 [INFO]   ✓ 58680506  n_px=109  rrs_8=0.00190  CHL_NN=0.268
14:16:10 [INFO]   ✓ 46347576  n_px=111  rrs_8=0.00186  CHL_NN=0.268
14:16:11 [INFO]   ✓ 14859810  n_px=111  rrs_8=0.00186  CHL_NN=0.268
14:16:11 [INFO] [20250803] 47 location(s)
14:16:12 [INFO]   ✓ 94192495  n_px=127  rrs_8=0.00197  CHL_NN=0.268
14:16:13 [INFO]   ✓ 30696438  n_px=129  rrs_8=0.00197  CHL_NN=0.268
14:16:14 [INFO]   ✓ 84387274  n_px=126  rrs_8=0.00196  CHL_NN=0.268
14:16:15 [INFO]   ✓ 29891434  n_px=126  rrs_8=0.00202  CHL_NN=0.268
14:16:16 [INFO]   ✓ 90422680  n_px=129  rrs_8=0.00201  CHL_NN=0.268
14:16:18 [INFO]   ✓ 08192511  n_px=128  rrs_8=0.00200  CHL_NN=0.268
14:16:19 [INFO]   ✓ 39724656  n_px=122  rrs_8=0.00202  CHL_NN=0.268
14:16:20 [INFO]   ✓ 80191047  n_px=128  rrs_8=0.00202  CHL_NN=0.268
14:16:21 [INFO]   ✓ 58020717  n_px=130  rrs_8=0.00195  CHL_NN=0.268
14:16:22 [INFO]   ✓ 32183254  n_px=131  rrs_8=0.00201  CHL_NN=0.268
14:16:23 [INFO]   ✓ 15532588  n_px=125  rrs_8=0.00197  CHL_NN=0.268
14:16:24 [INFO]   ✓ 05498028  n_px=124  rrs_8=0.00199  CHL_NN=0.268
14:16:25 [INFO]   ✓ 74281894  n_px=125  rrs_8=0.00201  CHL_NN=0.268
14:16:26 [INFO]   ✓ 08565529  n_px=122  rrs_8=0.00202  CHL_NN=0.268
14:16:27 [INFO]   ✓ 52962959  n_px=125  rrs_8=0.00199  CHL_NN=0.268
14:16:28 [INFO]   ✓ 76174403  n_px=126  rrs_8=0.00204  CHL_NN=0.268
14:16:29 [INFO]   ✓ 90190673  n_px=126  rrs_8=0.00201  CHL_NN=0.268
14:16:30 [INFO]   ✓ 13870802  n_px=126  rrs_8=0.00194  CHL_NN=0.268
14:16:31 [INFO]   ✓ 46328737  n_px=123  rrs_8=0.00197  CHL_NN=0.268
14:16:32 [INFO]   ✓ 28770280  n_px=127  rrs_8=0.00201  CHL_NN=0.268
14:16:33 [INFO]   ✓ 80437396  n_px=120  rrs_8=0.00202  CHL_NN=0.268
14:16:34 [INFO]   ✓ 59873535  n_px=129  rrs_8=0.00199  CHL_NN=0.268
14:16:35 [INFO]   ✓ 90691689  n_px=125  rrs_8=0.00199  CHL_NN=0.268
14:16:36 [INFO]   ✓ 17166202  n_px=129  rrs_8=0.00199  CHL_NN=0.268
14:16:37 [INFO]   ✓ 39353632  n_px=128  rrs_8=0.00204  CHL_NN=0.268
14:16:38 [INFO]   ✓ 56503616  n_px=128  rrs_8=0.00200  CHL_NN=0.268
14:16:39 [INFO]   ✓ 16391584  n_px=126  rrs_8=0.00203  CHL_NN=0.268
14:16:40 [INFO]   ✓ 88940258  n_px=128  rrs_8=0.00196  CHL_NN=0.268
14:16:41 [INFO]   ✓ 97094989  n_px=122  rrs_8=0.00200  CHL_NN=0.268
14:16:42 [INFO]   ✓ 16566210  n_px=129  rrs_8=0.00197  CHL_NN=0.268
14:16:43 [INFO]   ✓ 92523273  n_px=127  rrs_8=0.00197  CHL_NN=0.268
14:16:45 [INFO]   ✓ 58680506  n_px=125  rrs_8=0.00201  CHL_NN=0.268
14:16:46 [INFO]   ✓ 14863756  n_px=127  rrs_8=0.00199  CHL_NN=0.268
14:16:47 [INFO]   ✓ 99713796  n_px=131  rrs_8=0.00197  CHL_NN=0.268
14:16:48 [INFO]   ✓ 05238235  n_px=129  rrs_8=0.00199  CHL_NN=0.268
14:16:49 [INFO]   ✓ 50051335  n_px=123  rrs_8=0.00199  CHL_NN=0.268
14:16:50 [INFO]   ✓ 97442860  n_px=130  rrs_8=0.00198  CHL_NN=0.268
14:16:51 [INFO]   ✓ 58673703  n_px=128  rrs_8=0.00197  CHL_NN=0.268
14:16:52 [INFO]   ✓ 70375215  n_px=127  rrs_8=0.00201  CHL_NN=0.268
14:16:53 [INFO]   ✓ 05459259  n_px=126  rrs_8=0.00196  CHL_NN=0.268
14:16:54 [INFO]   ✓ 15693258  n_px=122  rrs_8=0.00202  CHL_NN=0.268
14:16:55 [INFO]   ✓ 31481559  n_px=130  rrs_8=0.00196  CHL_NN=0.268
14:16:56 [INFO]   ✓ 75155009  n_px=126  rrs_8=0.00203  CHL_NN=0.268
14:16:56 [INFO]   ✓ 25232298  n_px=128  rrs_8=0.00201  CHL_NN=0.268
14:16:58 [INFO]   ✓ 39577713  n_px=128  rrs_8=0.00202  CHL_NN=0.268
14:16:58 [INFO]   ✓ 76711117  n_px=126  rrs_8=0.00202  CHL_NN=0.268
14:16:59 [INFO]   ✓ 62218158  n_px=123  rrs_8=0.00197  CHL_NN=0.268
14:16:59 [INFO] [20250804] 51 location(s)
14:17:00 [INFO]   ✓ 87071031  n_px=126  rrs_8=0.00202  CHL_NN=0.268
14:17:01 [INFO]   ✓ 24654232  n_px=126  rrs_8=0.00198  CHL_NN=0.268
14:17:02 [INFO]   ✓ 86919517  n_px=128  rrs_8=0.00199  CHL_NN=0.268
14:17:04 [INFO]   ✓ 38111922  n_px=128  rrs_8=0.00198  CHL_NN=0.268
14:17:05 [INFO]   ✓ 60870479  n_px=123  rrs_8=0.00201  CHL_NN=0.268
14:17:06 [INFO]   ✓ 46360270  n_px=128  rrs_8=0.00201  CHL_NN=0.268
14:17:07 [INFO]   ✓ 39471591  n_px=124  rrs_8=0.00202  CHL_NN=0.268
14:17:07 [INFO]   ✓ 39577713  n_px=129  rrs_8=0.00201  CHL_NN=0.268
14:17:08 [INFO]   ✓ 80191047  n_px=128  rrs_8=0.00202  CHL_NN=0.268
14:17:10 [INFO]   ✓ 83154792  n_px=126  rrs_8=0.00199  CHL_NN=0.268
14:17:11 [INFO]   ✓ 96228039  n_px=129  rrs_8=0.00199  CHL_NN=0.268
14:17:12 [INFO]   ✓ 14923541  n_px=124  rrs_8=0.00202  CHL_NN=0.268
14:17:13 [INFO]   ✓ 53300292  n_px=125  rrs_8=0.00199  CHL_NN=0.268
14:17:15 [INFO]   ✓ 18772649  n_px=126  rrs_8=0.00205  CHL_NN=0.268
14:17:15 [INFO]   ✓ 40354673  n_px=126  rrs_8=0.00198  CHL_NN=0.268
14:17:16 [INFO]   ✓ 99274521  n_px=130  rrs_8=0.00198  CHL_NN=0.268
14:17:17 [INFO]   ✓ 70375215  n_px=127  rrs_8=0.00199  CHL_NN=0.268
14:17:18 [INFO]   ✓ 34275362  n_px=127  rrs_8=0.00201  CHL_NN=0.268
14:17:19 [INFO]   ✓ 10334146  n_px=127  rrs_8=0.00199  CHL_NN=0.268
14:17:21 [INFO]   ✓ 05238235  n_px=128  rrs_8=0.00200  CHL_NN=0.268
14:17:22 [INFO]   ✓ 99713796  n_px=131  rrs_8=0.00193  CHL_NN=0.268
14:17:23 [INFO]   ✓ 64274706  n_px=125  rrs_8=0.00195  CHL_NN=0.268
14:17:24 [INFO]   ✓ 82779138  n_px=125  rrs_8=0.00197  CHL_NN=0.268
14:17:25 [INFO]   ✓ 71694417  n_px=127  rrs_8=0.00197  CHL_NN=0.268
14:17:26 [INFO]   ✓ 46809272  n_px=124  rrs_8=0.00203  CHL_NN=0.268
14:17:26 [INFO]   ✓ 90190673  n_px=126  rrs_8=0.00201  CHL_NN=0.268
14:17:27 [INFO]   ✓ 72491247  n_px=123  rrs_8=0.00199  CHL_NN=0.268
14:17:28 [INFO]   ✓ 86668681  n_px=124  rrs_8=0.00192  CHL_NN=0.268
14:17:29 [INFO]   ✓ 84387274  n_px=125  rrs_8=0.00197  CHL_NN=0.268
14:17:30 [INFO]   ✓ 22908813  n_px=124  rrs_8=0.00202  CHL_NN=0.268
14:17:31 [INFO]   ✓ 21292340  n_px=126  rrs_8=0.00200  CHL_NN=0.268
14:17:32 [INFO]   ✓ 97773199  n_px=132  rrs_8=0.00199  CHL_NN=0.268
14:17:33 [INFO]   ✓ 64894875  n_px=121  rrs_8=0.00199  CHL_NN=0.268
14:17:34 [INFO]   ✓ 76711117  n_px=124  rrs_8=0.00202  CHL_NN=0.268
14:17:35 [INFO]   ✓ 75626992  n_px=124  rrs_8=0.00200  CHL_NN=0.268
14:17:36 [INFO]   ✓ 76574000  n_px=125  rrs_8=0.00201  CHL_NN=0.268
14:17:37 [INFO]   ✓ 99553068  n_px=125  rrs_8=0.00201  CHL_NN=0.268
14:17:38 [INFO]   ✓ 43467015  n_px=127  rrs_8=0.00199  CHL_NN=0.268
14:17:39 [INFO]   ✓ 28770280  n_px=127  rrs_8=0.00201  CHL_NN=0.268
14:17:40 [INFO]   ✓ 25232298  n_px=129  rrs_8=0.00199  CHL_NN=0.268
14:17:41 [INFO]   ✓ 76174403  n_px=124  rrs_8=0.00202  CHL_NN=0.268
14:17:42 [INFO]   ✓ 63402023  n_px=126  rrs_8=0.00203  CHL_NN=0.268
14:17:43 [INFO]   ✓ 76242008  n_px=124  rrs_8=0.00197  CHL_NN=0.268
14:17:44 [INFO]   ✓ 22103327  n_px=131  rrs_8=0.00199  CHL_NN=0.268
14:17:45 [INFO]   ✓ 34532714  n_px=122  rrs_8=0.00200  CHL_NN=0.268
14:17:46 [INFO]   ✓ 35461595  n_px=123  rrs_8=0.00204  CHL_NN=0.268
14:17:47 [INFO]   ✓ 95208192  n_px=131  rrs_8=0.00199  CHL_NN=0.268
14:17:48 [INFO]   ✓ 78690716  n_px=124  rrs_8=0.00202  CHL_NN=0.268
14:17:49 [INFO]   ✓ 63930453  n_px=127  rrs_8=0.00201  CHL_NN=0.268
14:17:49 [INFO]   ✓ 13721639  n_px=125  rrs_8=0.00201  CHL_NN=0.268
14:17:50 [INFO]   ✓ 37382090  n_px=126  rrs_8=0.00195  CHL_NN=0.268
14:17:50 [INFO] [20250805] 49 location(s)
14:17:52 [INFO]   ✓ 05238235  n_px=54  rrs_8=0.00192  CHL_NN=0.031
14:17:53 [INFO]   ✓ 63402023  n_px=54  rrs_8=0.00189  CHL_NN=0.031
14:17:54 [INFO]   ✓ 94443336  n_px=53  rrs_8=0.00188  CHL_NN=0.031
14:17:55 [INFO]   ✓ 64894875  n_px=56  rrs_8=0.00192  CHL_NN=0.031
14:17:56 [INFO]   ✓ 70375215  n_px=53  rrs_8=0.00190  CHL_NN=0.031
14:17:58 [INFO]   ✓ 11831070  n_px=56  rrs_8=0.00188  CHL_NN=0.031
14:17:59 [INFO]   ✓ 89367229  n_px=54  rrs_8=0.00188  CHL_NN=0.031
14:18:00 [INFO]   ✓ 48086165  n_px=61  rrs_8=0.00186  CHL_NN=0.031
14:18:01 [INFO]   ✓ 49342733  n_px=56  rrs_8=0.00188  CHL_NN=0.031
14:18:02 [INFO]   ✓ 60870479  n_px=56  rrs_8=0.00189  CHL_NN=0.031
14:18:03 [INFO]   ✓ 23511564  n_px=56  rrs_8=0.00194  CHL_NN=0.031
14:18:04 [INFO]   ✓ 38111922  n_px=58  rrs_8=0.00188  CHL_NN=0.031
14:18:05 [INFO]   ✓ 05498028  n_px=50  rrs_8=0.00191  CHL_NN=0.031
14:18:06 [INFO]   ✓ 76174403  n_px=54  rrs_8=0.00189  CHL_NN=0.031
14:18:07 [INFO]   ✓ 46360270  n_px=57  rrs_8=0.00190  CHL_NN=0.031
14:18:08 [INFO]   ✓ 56503616  n_px=60  rrs_8=0.00189  CHL_NN=0.031
14:18:09 [INFO]   ✓ 96058663  n_px=56  rrs_8=0.00189  CHL_NN=0.031
14:18:10 [INFO]   ✓ 03628622  n_px=55  rrs_8=0.00188  CHL_NN=0.031
14:18:11 [INFO]   ✓ 95852424  n_px=53  rrs_8=0.00188  CHL_NN=0.031
14:18:12 [INFO]   ✓ 87071031  n_px=57  rrs_8=0.00188  CHL_NN=0.031
14:18:13 [INFO]   ✓ 69375236  n_px=57  rrs_8=0.00188  CHL_NN=0.031
14:18:14 [INFO]   ✓ 88758554  n_px=55  rrs_8=0.00188  CHL_NN=0.031
14:18:15 [INFO]   ✓ 08565529  n_px=53  rrs_8=0.00188  CHL_NN=0.031
14:18:16 [INFO]   ✓ 89686161  n_px=54  rrs_8=0.00189  CHL_NN=0.031
14:18:17 [INFO]   ✓ 04587280  n_px=60  rrs_8=0.00189  CHL_NN=0.031
14:18:18 [INFO]   ✓ 86402373  n_px=55  rrs_8=0.00190  CHL_NN=0.031
14:18:19 [INFO]   ✓ 61832177  n_px=56  rrs_8=0.00184  CHL_NN=0.031
14:18:20 [INFO]   ✓ 22125685  n_px=61  rrs_8=0.00188  CHL_NN=0.031
14:18:21 [INFO]   ✓ 56559448  n_px=56  rrs_8=0.00192  CHL_NN=0.031
14:18:22 [INFO]   ✓ 07652119  n_px=57  rrs_8=0.00188  CHL_NN=0.031
14:18:23 [INFO]   ✓ 63930453  n_px=58  rrs_8=0.00183  CHL_NN=0.031
14:18:24 [INFO]   ✓ 80332645  n_px=57  rrs_8=0.00193  CHL_NN=0.031
14:18:25 [INFO]   ✓ 72228982  n_px=55  rrs_8=0.00190  CHL_NN=0.031
14:18:26 [INFO]   ✓ 34532714  n_px=54  rrs_8=0.00188  CHL_NN=0.031
14:18:27 [INFO]   ✓ 71694417  n_px=61  rrs_8=0.00188  CHL_NN=0.031
14:18:28 [INFO]   ✓ 07115552  n_px=52  rrs_8=0.00189  CHL_NN=0.031
14:18:29 [INFO]   ✓ 80945067  n_px=57  rrs_8=0.00193  CHL_NN=0.031
14:18:30 [INFO]   ✓ 18772649  n_px=56  rrs_8=0.00194  CHL_NN=0.031
14:18:31 [INFO]   ✓ 03429522  n_px=57  rrs_8=0.00190  CHL_NN=0.031
14:18:32 [INFO]   ✓ 22908813  n_px=55  rrs_8=0.00188  CHL_NN=0.031
14:18:33 [INFO]   ✓ 59415284  n_px=56  rrs_8=0.00188  CHL_NN=0.031
14:18:34 [INFO]   ✓ 22664746  n_px=56  rrs_8=0.00194  CHL_NN=0.031
14:18:35 [INFO]   ✓ 90652014  n_px=58  rrs_8=0.00188  CHL_NN=0.031
14:18:36 [INFO]   ✓ 45901270  n_px=57  rrs_8=0.00188  CHL_NN=0.031
14:18:37 [INFO]   ✓ 59761789  n_px=55  rrs_8=0.00190  CHL_NN=0.031
14:18:38 [INFO]   ✓ 06411737  n_px=56  rrs_8=0.00192  CHL_NN=0.031
14:18:39 [INFO]   ✓ 07125404  n_px=56  rrs_8=0.00188  CHL_NN=0.031
14:18:40 [INFO]   ✓ 74281894  n_px=57  rrs_8=0.00193  CHL_NN=0.031
14:18:41 [INFO]   ✓ 75014264  n_px=60  rrs_8=0.00188  CHL_NN=0.039
14:18:41 [INFO] [20250806] 44 location(s)
14:18:42 [INFO]   ✓ 15774594  n_px=49  rrs_8=0.00193  CHL_NN=0.016
14:18:43 [INFO]   ✓ 60797063  n_px=54  rrs_8=0.00189  CHL_NN=0.016
14:18:44 [INFO]   ✓ 15693258  n_px=52  rrs_8=0.00194  CHL_NN=0.016
14:18:45 [INFO]   ✓ 00540292  n_px=54  rrs_8=0.00194  CHL_NN=0.016
14:18:47 [INFO]   ✓ 43467015  n_px=55  rrs_8=0.00193  CHL_NN=0.016
14:18:48 [INFO]   ✓ 40354673  n_px=54  rrs_8=0.00189  CHL_NN=0.016
14:18:49 [INFO]   ✓ 74873683  n_px=54  rrs_8=0.00194  CHL_NN=nan
14:18:50 [INFO]   ✓ 08565529  n_px=51  rrs_8=0.00190  CHL_NN=nan
14:18:52 [INFO]   ✓ 97816128  n_px=52  rrs_8=0.00194  CHL_NN=0.016
14:18:53 [INFO]   ✓ 59761789  n_px=50  rrs_8=0.00196  CHL_NN=0.016
14:18:53 [INFO]   ✓ 82703978  n_px=54  rrs_8=0.00196  CHL_NN=0.016
14:18:54 [INFO]   ✓ 39577713  n_px=50  rrs_8=0.00196  CHL_NN=0.016
14:18:55 [INFO]   ✓ 22664746  n_px=52  rrs_8=0.00197  CHL_NN=0.016
14:18:56 [INFO]   ✓ 07474467  n_px=54  rrs_8=0.00192  CHL_NN=nan
14:18:57 [INFO]   ✓ 22908813  n_px=51  rrs_8=0.00193  CHL_NN=0.016
14:18:58 [INFO]   ✓ 10513903  n_px=53  rrs_8=0.00193  CHL_NN=0.016
14:18:59 [INFO]   ✓ 19311932  n_px=55  rrs_8=0.00195  CHL_NN=0.016
14:19:00 [INFO]   ✓ 22090094  n_px=55  rrs_8=0.00190  CHL_NN=nan
14:19:01 [INFO]   ✓ 60870479  n_px=53  rrs_8=0.00195  CHL_NN=0.016
14:19:02 [INFO]   ✓ 80332645  n_px=53  rrs_8=0.00197  CHL_NN=0.016
14:19:03 [INFO]   ✓ 58680506  n_px=52  rrs_8=0.00196  CHL_NN=0.016
14:19:04 [INFO]   ✓ 80945067  n_px=53  rrs_8=0.00193  CHL_NN=0.016
14:19:05 [INFO]   ✓ 90422680  n_px=55  rrs_8=0.00190  CHL_NN=0.016
14:19:07 [INFO]   ✓ 05238235  n_px=52  rrs_8=0.00194  CHL_NN=0.016
14:19:08 [INFO]   ✓ 65916536  n_px=53  rrs_8=0.00190  CHL_NN=0.016
14:19:09 [INFO]   ✓ 70375215  n_px=52  rrs_8=0.00194  CHL_NN=0.016
14:19:10 [INFO]   ✓ 72228982  n_px=51  rrs_8=0.00195  CHL_NN=0.016
14:19:11 [INFO]   ✓ 69270087  n_px=53  rrs_8=0.00195  CHL_NN=0.016
14:19:12 [INFO]   ✓ 24925616  n_px=54  rrs_8=0.00192  CHL_NN=0.016
14:19:13 [INFO]   ✓ 27167310  n_px=54  rrs_8=0.00196  CHL_NN=0.016
14:19:14 [INFO]   ✓ 34782782  n_px=55  rrs_8=0.00190  CHL_NN=0.016
14:19:15 [INFO]   ✓ 63946872  n_px=53  rrs_8=0.00197  CHL_NN=0.016
14:19:16 [INFO]   ✓ 34532714  n_px=50  rrs_8=0.00192  CHL_NN=0.016
14:19:17 [INFO]   ✓ 63402023  n_px=51  rrs_8=0.00193  CHL_NN=nan
14:19:18 [INFO]   ✓ 57948834  n_px=55  rrs_8=0.00190  CHL_NN=0.016
14:19:19 [INFO]   ✓ 14863756  n_px=52  rrs_8=0.00192  CHL_NN=0.016
14:19:20 [INFO]   ✓ 76174403  n_px=52  rrs_8=0.00192  CHL_NN=nan
14:19:21 [INFO]   ✓ 46809272  n_px=52  rrs_8=0.00188  CHL_NN=nan
14:19:22 [INFO]   ✓ 37409259  n_px=53  rrs_8=0.00188  CHL_NN=0.016
14:19:23 [INFO]   ✓ 45901270  n_px=54  rrs_8=0.00192  CHL_NN=0.016
14:19:24 [INFO]   ✓ 37382090  n_px=56  rrs_8=0.00190  CHL_NN=0.016
14:19:25 [INFO]   ✓ 17666484  n_px=54  rrs_8=0.00192  CHL_NN=0.016
14:19:26 [INFO]   ✓ 71694417  n_px=56  rrs_8=0.00189  CHL_NN=0.016
14:19:27 [INFO]   ✓ 13721639  n_px=52  rrs_8=0.00194  CHL_NN=0.016
14:19:27 [INFO] [20250807] 51 location(s)
14:19:28 [INFO]   ✓ 63256083  n_px=47  rrs_8=0.00142  CHL_NN=0.047
14:19:30 [INFO]   ✓ 75300682  n_px=51  rrs_8=0.00135  CHL_NN=0.047
14:19:31 [INFO]   ✓ 01438586  n_px=50  rrs_8=0.00140  CHL_NN=0.047
14:19:32 [INFO]   ✓ 20568734  n_px=49  rrs_8=0.00139  CHL_NN=0.047
14:19:33 [INFO]   ✓ 43590726  n_px=51  rrs_8=0.00142  CHL_NN=0.047
14:19:34 [INFO]   ✓ 39335381  n_px=47  rrs_8=0.00142  CHL_NN=0.047
14:19:35 [INFO]   ✓ 12235882  n_px=50  rrs_8=0.00143  CHL_NN=0.047
14:19:36 [INFO]   ✓ 70375215  n_px=53  rrs_8=0.00139  CHL_NN=0.047
14:19:37 [INFO]   ✓ 76174403  n_px=52  rrs_8=0.00137  CHL_NN=0.047
14:19:38 [INFO]   ✓ 83313889  n_px=53  rrs_8=0.00142  CHL_NN=0.047
14:19:39 [INFO]   ✓ 73479733  n_px=50  rrs_8=0.00140  CHL_NN=0.047
14:19:40 [INFO]   ✓ 80437396  n_px=52  rrs_8=0.00137  CHL_NN=0.047
14:19:41 [INFO]   ✓ 99553068  n_px=53  rrs_8=0.00139  CHL_NN=0.047
14:19:42 [INFO]   ✓ 00166539  n_px=51  rrs_8=0.00144  CHL_NN=0.047
14:19:43 [INFO]   ✓ 56482298  n_px=50  rrs_8=0.00140  CHL_NN=0.047
14:19:44 [INFO]   ✓ 80191047  n_px=51  rrs_8=0.00142  CHL_NN=0.047
14:19:46 [INFO]   ✓ 31816025  n_px=53  rrs_8=0.00139  CHL_NN=0.047
14:19:47 [INFO]   ✓ 74717746  n_px=46  rrs_8=0.00137  CHL_NN=0.047
14:19:49 [INFO]   ✓ 76242008  n_px=50  rrs_8=0.00137  CHL_NN=0.047
14:19:50 [INFO]   ✓ 03258505  n_px=50  rrs_8=0.00140  CHL_NN=0.047
14:19:51 [INFO]   ✓ 63402023  n_px=53  rrs_8=0.00139  CHL_NN=0.047
14:19:53 [INFO]   ✓ 75721301  n_px=51  rrs_8=0.00139  CHL_NN=0.047
14:19:54 [INFO]   ✓ 43671176  n_px=52  rrs_8=0.00137  CHL_NN=0.047
14:19:55 [INFO]   ✓ 21292340  n_px=52  rrs_8=0.00143  CHL_NN=0.047
14:19:56 [INFO]   ✓ 65286297  n_px=51  rrs_8=0.00139  CHL_NN=0.047
14:19:57 [INFO]   ✓ 13721639  n_px=54  rrs_8=0.00140  CHL_NN=0.047
14:19:58 [INFO]   ✓ 94192495  n_px=47  rrs_8=0.00144  CHL_NN=0.047
14:19:59 [INFO]   ✓ 05459259  n_px=49  rrs_8=0.00139  CHL_NN=0.047
14:20:00 [INFO]   ✓ 53300292  n_px=52  rrs_8=0.00143  CHL_NN=0.047
14:20:01 [INFO]   ✓ 82779138  n_px=48  rrs_8=0.00140  CHL_NN=0.047
14:20:02 [INFO]   ✓ 39577713  n_px=50  rrs_8=0.00137  CHL_NN=0.047
14:20:03 [INFO]   ✓ 34275362  n_px=50  rrs_8=0.00143  CHL_NN=0.047
14:20:04 [INFO]   ✓ 39724656  n_px=54  rrs_8=0.00137  CHL_NN=0.047
14:20:05 [INFO]   ✓ 39866719  n_px=46  rrs_8=0.00140  CHL_NN=0.047
14:20:06 [INFO]   ✓ 94443336  n_px=53  rrs_8=0.00142  CHL_NN=0.047
14:20:07 [INFO]   ✓ 22908813  n_px=52  rrs_8=0.00135  CHL_NN=0.047
14:20:08 [INFO]   ✓ 43577281  n_px=48  rrs_8=0.00140  CHL_NN=0.047
14:20:09 [INFO]   ✓ 32788192  n_px=55  rrs_8=0.00142  CHL_NN=0.047
14:20:10 [INFO]   ✓ 64570035  n_px=52  rrs_8=0.00143  CHL_NN=0.047
14:20:11 [INFO]   ✓ 08565529  n_px=53  rrs_8=0.00139  CHL_NN=0.055
14:20:12 [INFO]   ✓ 09442971  n_px=48  rrs_8=0.00143  CHL_NN=0.047
14:20:13 [INFO]   ✓ 07474467  n_px=51  rrs_8=0.00139  CHL_NN=0.047
14:20:14 [INFO]   ✓ 10334146  n_px=48  rrs_8=0.00137  CHL_NN=0.047
14:20:15 [INFO]   ✓ 32642154  n_px=48  rrs_8=0.00144  CHL_NN=0.047
14:20:16 [INFO]   ✓ 06411737  n_px=50  rrs_8=0.00140  CHL_NN=0.047
14:20:17 [INFO]   ✓ 43556623  n_px=50  rrs_8=0.00140  CHL_NN=0.047
14:20:17 [INFO]   ✓ 51829672  n_px=47  rrs_8=0.00144  CHL_NN=0.047
14:20:18 [INFO]   ✓ 87071031  n_px=51  rrs_8=0.00135  CHL_NN=0.047
14:20:19 [INFO]   ✓ 90190673  n_px=53  rrs_8=0.00142  CHL_NN=0.047
14:20:20 [INFO]   ✓ 65524251  n_px=51  rrs_8=0.00139  CHL_NN=0.047
14:20:21 [INFO]   ✓ 13692554  n_px=51  rrs_8=0.00139  CHL_NN=0.047
14:20:21 [INFO] [20250808] 45 location(s)
14:20:22 [INFO]   ✓ 32017824  n_px=49  rrs_8=0.00128  CHL_NN=0.047
14:20:23 [INFO]   ✓ 74717746  n_px=45  rrs_8=0.00135  CHL_NN=0.047
14:20:25 [INFO]   ✓ 58047836  n_px=46  rrs_8=0.00140  CHL_NN=0.047
14:20:26 [INFO]   ✓ 07115552  n_px=54  rrs_8=0.00143  CHL_NN=0.047
14:20:27 [INFO]   ✓ 39577713  n_px=50  rrs_8=0.00140  CHL_NN=0.047
14:20:28 [INFO]   ✓ 95208192  n_px=50  rrs_8=0.00143  CHL_NN=0.047
14:20:29 [INFO]   ✓ 53300292  n_px=51  rrs_8=0.00142  CHL_NN=0.047
14:20:30 [INFO]   ✓ 79189641  n_px=51  rrs_8=0.00144  CHL_NN=0.047
14:20:32 [INFO]   ✓ 90190673  n_px=53  rrs_8=0.00142  CHL_NN=0.047
14:20:32 [INFO]   ✓ 32642154  n_px=47  rrs_8=0.00139  CHL_NN=0.047
14:20:33 [INFO]   ✓ 16566210  n_px=47  rrs_8=0.00139  CHL_NN=0.047
14:20:35 [INFO]   ✓ 89735903  n_px=48  rrs_8=0.00144  CHL_NN=0.047
14:20:36 [INFO]   ✓ 10334146  n_px=45  rrs_8=0.00135  CHL_NN=0.047
14:20:36 [INFO]   ✓ 77974371  n_px=48  rrs_8=0.00143  CHL_NN=0.047
14:20:37 [INFO]   ✓ 25232298  n_px=51  rrs_8=0.00144  CHL_NN=0.047
14:20:39 [INFO]   ✓ 34275362  n_px=51  rrs_8=0.00142  CHL_NN=0.047
14:20:40 [INFO]   ✓ 73707563  n_px=49  rrs_8=0.00139  CHL_NN=0.047
14:20:41 [INFO]   ✓ 15774594  n_px=51  rrs_8=0.00139  CHL_NN=0.047
14:20:42 [INFO]   ✓ 78241754  n_px=49  rrs_8=0.00142  CHL_NN=0.047
14:20:43 [INFO]   ✓ 30696438  n_px=50  rrs_8=0.00140  CHL_NN=0.055
14:20:44 [INFO]   ✓ 64274706  n_px=48  rrs_8=0.00140  CHL_NN=0.047
14:20:45 [INFO]   ✓ 69280603  n_px=51  rrs_8=0.00139  CHL_NN=0.047
14:20:46 [INFO]   ✓ 86668681  n_px=48  rrs_8=0.00140  CHL_NN=0.047
14:20:47 [INFO]   ✓ 63402023  n_px=53  rrs_8=0.00139  CHL_NN=0.047
14:20:48 [INFO]   ✓ 86402373  n_px=52  rrs_8=0.00140  CHL_NN=0.047
14:20:49 [INFO]   ✓ 43577281  n_px=50  rrs_8=0.00140  CHL_NN=0.047
14:20:50 [INFO]   ✓ 95852424  n_px=48  rrs_8=0.00143  CHL_NN=0.047
14:20:51 [INFO]   ✓ 15331779  n_px=47  rrs_8=0.00128  CHL_NN=0.047
14:20:52 [INFO]   ✓ 85166308  n_px=54  rrs_8=0.00143  CHL_NN=0.047
14:20:53 [INFO]   ✓ 52962959  n_px=50  rrs_8=0.00144  CHL_NN=0.047
14:20:54 [INFO]   ✓ 70396636  n_px=48  rrs_8=0.00140  CHL_NN=0.047
14:20:55 [INFO]   ✓ 90422680  n_px=49  rrs_8=0.00139  CHL_NN=0.047
14:20:56 [INFO]   ✓ 70375215  n_px=54  rrs_8=0.00137  CHL_NN=0.047
14:20:57 [INFO]   ✓ 75721301  n_px=51  rrs_8=0.00139  CHL_NN=0.047
14:20:58 [INFO]   ✓ 77197361  n_px=47  rrs_8=0.00142  CHL_NN=0.047
14:20:59 [INFO]   ✓ 60870479  n_px=54  rrs_8=0.00137  CHL_NN=0.055
14:21:00 [INFO]   ✓ 46347576  n_px=52  rrs_8=0.00140  CHL_NN=0.047
14:21:01 [INFO]   ✓ 76174403  n_px=53  rrs_8=0.00135  CHL_NN=0.047
14:21:03 [INFO]   ✓ 05238235  n_px=51  rrs_8=0.00139  CHL_NN=0.047
14:21:04 [INFO]   ✓ 61445248  n_px=51  rrs_8=0.00142  CHL_NN=0.047
14:21:05 [INFO]   ✓ 58680506  n_px=52  rrs_8=0.00140  CHL_NN=0.047
14:21:06 [INFO]   ✓ 05459259  n_px=49  rrs_8=0.00139  CHL_NN=0.047
14:21:07 [INFO]   ✓ 30170365  n_px=50  rrs_8=0.00144  CHL_NN=0.047
14:21:08 [INFO]   ✓ 61780526  n_px=48  rrs_8=0.00143  CHL_NN=0.047
14:21:09 [INFO]   ✓ 13721639  n_px=54  rrs_8=0.00140  CHL_NN=0.047
14:21:09 [INFO] [20250809] 46 location(s)
14:21:10 [INFO]   ✓ 80191047  n_px=87  rrs_8=0.00133  CHL_NN=0.157
14:21:11 [INFO]   ✓ 39577713  n_px=87  rrs_8=0.00133  CHL_NN=0.157
14:21:12 [INFO]   ✓ 53431020  n_px=84  rrs_8=0.00136  CHL_NN=0.157
14:21:13 [INFO]   ✓ 03228785  n_px=86  rrs_8=0.00132  CHL_NN=0.157
14:21:15 [INFO]   ✓ 00267502  n_px=88  rrs_8=0.00137  CHL_NN=0.157
14:21:16 [INFO]   ✓ 94443336  n_px=89  rrs_8=0.00140  CHL_NN=0.157
14:21:17 [INFO]   ✓ 40150513  n_px=88  rrs_8=0.00139  CHL_NN=0.157
14:21:18 [INFO]   ✓ 82524135  n_px=84  rrs_8=0.00139  CHL_NN=0.157
14:21:19 [INFO]   ✓ 39866719  n_px=85  rrs_8=0.00140  CHL_NN=0.157
14:21:20 [INFO]   ✓ 64570035  n_px=85  rrs_8=0.00140  CHL_NN=0.157
14:21:21 [INFO]   ✓ 77197361  n_px=83  rrs_8=0.00140  CHL_NN=0.157
14:21:22 [INFO]   ✓ 70375215  n_px=88  rrs_8=0.00134  CHL_NN=0.157
14:21:23 [INFO]   ✓ 13721639  n_px=88  rrs_8=0.00136  CHL_NN=0.157
14:21:24 [INFO]   ✓ 68114190  n_px=89  rrs_8=0.00140  CHL_NN=0.157
14:21:25 [INFO]   ✓ 95852424  n_px=84  rrs_8=0.00137  CHL_NN=0.157
14:21:26 [INFO]   ✓ 20153875  n_px=86  rrs_8=0.00140  CHL_NN=0.157
14:21:27 [INFO]   ✓ 52962959  n_px=85  rrs_8=0.00140  CHL_NN=0.157
14:21:28 [INFO]   ✓ 99553068  n_px=87  rrs_8=0.00135  CHL_NN=0.157
14:21:29 [INFO]   ✓ 96212143  n_px=89  rrs_8=0.00137  CHL_NN=0.157
14:21:30 [INFO]   ✓ 16566210  n_px=86  rrs_8=0.00136  CHL_NN=0.157
14:21:31 [INFO]   ✓ 34269013  n_px=88  rrs_8=0.00139  CHL_NN=0.157
14:21:32 [INFO]   ✓ 34275362  n_px=85  rrs_8=0.00135  CHL_NN=0.157
14:21:32 [INFO]   ✓ 40532356  n_px=81  rrs_8=0.00140  CHL_NN=0.157
14:21:33 [INFO]   ✓ 63402023  n_px=86  rrs_8=0.00136  CHL_NN=0.157
14:21:34 [INFO]   ✓ 24654232  n_px=90  rrs_8=0.00137  CHL_NN=0.157
14:21:35 [INFO]   ✓ 28770280  n_px=86  rrs_8=0.00133  CHL_NN=0.157
14:21:36 [INFO]   ✓ 86668681  n_px=83  rrs_8=0.00137  CHL_NN=0.157
14:21:37 [INFO]   ✓ 28627451  n_px=89  rrs_8=0.00137  CHL_NN=0.157
14:21:38 [INFO]   ✓ 32788192  n_px=86  rrs_8=0.00139  CHL_NN=0.157
14:21:39 [INFO]   ✓ 75626992  n_px=84  rrs_8=0.00140  CHL_NN=0.157
14:21:40 [INFO]   ✓ 72491247  n_px=87  rrs_8=0.00140  CHL_NN=0.157
14:21:41 [INFO]   ✓ 08565529  n_px=86  rrs_8=0.00139  CHL_NN=0.157
14:21:42 [INFO]   ✓ 22604802  n_px=87  rrs_8=0.00133  CHL_NN=0.157
14:21:43 [INFO]   ✓ 88394079  n_px=86  rrs_8=0.00135  CHL_NN=0.157
14:21:44 [INFO]   ✓ 61800679  n_px=88  rrs_8=0.00137  CHL_NN=0.157
14:21:45 [INFO]   ✓ 07115552  n_px=87  rrs_8=0.00140  CHL_NN=0.157
14:21:46 [INFO]   ✓ 22281890  n_px=82  rrs_8=0.00137  CHL_NN=0.157
14:21:47 [INFO]   ✓ 49150012  n_px=88  rrs_8=0.00141  CHL_NN=0.157
14:21:48 [INFO]   ✓ 50308187  n_px=84  rrs_8=0.00139  CHL_NN=0.157
14:21:49 [INFO]   ✓ 89686161  n_px=86  rrs_8=0.00134  CHL_NN=0.157
14:21:50 [INFO]   ✓ 39311059  n_px=85  rrs_8=0.00137  CHL_NN=0.157
14:21:51 [INFO]   ✓ 83154792  n_px=86  rrs_8=0.00136  CHL_NN=0.157
14:21:52 [INFO]   ✓ 82792234  n_px=85  rrs_8=0.00137  CHL_NN=0.157
14:21:53 [INFO]   ✓ 82779138  n_px=85  rrs_8=0.00137  CHL_NN=0.157
14:21:54 [INFO]   ✓ 68228677  n_px=88  rrs_8=0.00139  CHL_NN=0.157
14:21:55 [INFO]   ✓ 92025424  n_px=88  rrs_8=0.00137  CHL_NN=0.157
14:21:55 [INFO] [20250810] 48 location(s)
14:21:56 [INFO]   ✓ 76174403  n_px=84  rrs_8=0.00141  CHL_NN=0.283
14:21:57 [INFO]   ✓ 63402023  n_px=84  rrs_8=0.00139  CHL_NN=0.283
14:21:58 [INFO]   ✓ 76435728  n_px=85  rrs_8=0.00137  CHL_NN=0.283
14:21:59 [INFO]   ✓ 72491247  n_px=85  rrs_8=0.00140  CHL_NN=0.283
14:22:01 [INFO]   ✓ 18772649  n_px=83  rrs_8=0.00140  CHL_NN=0.283
14:22:02 [INFO]   ✓ 80332645  n_px=84  rrs_8=0.00140  CHL_NN=0.283
14:22:03 [INFO]   ✓ 65286297  n_px=85  rrs_8=0.00140  CHL_NN=0.283
14:22:04 [INFO]   ✓ 39577713  n_px=84  rrs_8=0.00139  CHL_NN=0.283
14:22:05 [INFO]   ✓ 79189641  n_px=85  rrs_8=0.00140  CHL_NN=0.283
14:22:06 [INFO]   ✓ 36439616  n_px=84  rrs_8=0.00136  CHL_NN=0.283
14:22:07 [INFO]   ✓ 83154792  n_px=84  rrs_8=0.00139  CHL_NN=0.283
14:22:08 [INFO]   ✓ 44925863  n_px=87  rrs_8=0.00140  CHL_NN=0.283
14:22:09 [INFO]   ✓ 13721639  n_px=85  rrs_8=0.00140  CHL_NN=0.283
14:22:10 [INFO]   ✓ 33739278  n_px=82  rrs_8=0.00141  CHL_NN=0.283
14:22:11 [INFO]   ✓ 08565529  n_px=86  rrs_8=0.00136  CHL_NN=0.283
14:22:12 [INFO]   ✓ 09690086  n_px=84  rrs_8=0.00136  CHL_NN=0.283
14:22:13 [INFO]   ✓ 88758554  n_px=86  rrs_8=0.00139  CHL_NN=0.283
14:22:14 [INFO]   ✓ 55886036  n_px=90  rrs_8=0.00139  CHL_NN=0.283
14:22:15 [INFO]   ✓ 88455795  n_px=84  rrs_8=0.00136  CHL_NN=0.283
14:22:16 [INFO]   ✓ 87742055  n_px=83  rrs_8=0.00137  CHL_NN=0.283
14:22:17 [INFO]   ✓ 64274706  n_px=82  rrs_8=0.00137  CHL_NN=0.283
14:22:18 [INFO]   ✓ 72228982  n_px=86  rrs_8=0.00141  CHL_NN=0.283
14:22:19 [INFO]   ✓ 25232298  n_px=85  rrs_8=0.00140  CHL_NN=0.283
14:22:20 [INFO]   ✓ 22604802  n_px=87  rrs_8=0.00137  CHL_NN=0.283
14:22:21 [INFO]   ✓ 85166308  n_px=87  rrs_8=0.00140  CHL_NN=0.283
14:22:23 [INFO]   ✓ 90440980  n_px=82  rrs_8=0.00139  CHL_NN=0.283
14:22:23 [INFO]   ✓ 53300292  n_px=85  rrs_8=0.00137  CHL_NN=0.283
14:22:24 [INFO]   ✓ 62439272  n_px=82  rrs_8=0.00140  CHL_NN=0.283
14:22:25 [INFO]   ✓ 30170365  n_px=85  rrs_8=0.00140  CHL_NN=0.283
14:22:26 [INFO]   ✓ 03228785  n_px=82  rrs_8=0.00137  CHL_NN=0.283
14:22:27 [INFO]   ✓ 59083273  n_px=87  rrs_8=0.00137  CHL_NN=0.283
14:22:28 [INFO]   ✓ 94443336  n_px=87  rrs_8=0.00140  CHL_NN=0.283
14:22:30 [INFO]   ✓ 03451502  n_px=90  rrs_8=0.00141  CHL_NN=0.283
14:22:31 [INFO]   ✓ 92154704  n_px=87  rrs_8=0.00140  CHL_NN=0.283
14:22:32 [INFO]   ✓ 00045864  n_px=84  rrs_8=0.00141  CHL_NN=0.283
14:22:33 [INFO]   ✓ 64881715  n_px=87  rrs_8=0.00137  CHL_NN=0.283
14:22:34 [INFO]   ✓ 60884969  n_px=86  rrs_8=0.00142  CHL_NN=0.283
14:22:35 [INFO]   ✓ 52708400  n_px=84  rrs_8=0.00141  CHL_NN=0.283
14:22:36 [INFO]   ✓ 58680506  n_px=85  rrs_8=0.00142  CHL_NN=0.283
14:22:37 [INFO]   ✓ 99553068  n_px=85  rrs_8=0.00137  CHL_NN=0.283
14:22:37 [INFO]   ✓ 90190673  n_px=87  rrs_8=0.00137  CHL_NN=0.283
14:22:38 [INFO]   ✓ 14859810  n_px=84  rrs_8=0.00136  CHL_NN=0.283
14:22:39 [INFO]   ✓ 91084089  n_px=84  rrs_8=0.00142  CHL_NN=0.283
14:22:40 [INFO]   ✓ 70375215  n_px=87  rrs_8=0.00135  CHL_NN=0.283
14:22:41 [INFO]   ✓ 61780526  n_px=84  rrs_8=0.00140  CHL_NN=0.283
14:22:43 [INFO]   ✓ 52840084  n_px=80  rrs_8=0.00139  CHL_NN=0.283
14:22:44 [INFO]   ✓ 32017824  n_px=83  rrs_8=0.00140  CHL_NN=0.283
14:22:44 [INFO]   ✓ 95456166  n_px=83  rrs_8=0.00137  CHL_NN=0.283
14:22:44 [INFO] [20250811] 50 location(s)
14:22:46 [INFO]   ✓ 51381388  n_px=84  rrs_8=0.00149  CHL_NN=0.283
14:22:47 [INFO]   ✓ 71642767  n_px=81  rrs_8=0.00150  CHL_NN=0.283
14:22:48 [INFO]   ✓ 98841189  n_px=87  rrs_8=0.00142  CHL_NN=0.299
14:22:49 [INFO]   ✓ 71971190  n_px=87  rrs_8=0.00153  CHL_NN=0.299
14:22:50 [INFO]   ✓ 11831070  n_px=89  rrs_8=0.00153  CHL_NN=0.283
14:22:51 [INFO]   ✓ 03556579  n_px=87  rrs_8=0.00150  CHL_NN=0.299
14:22:52 [INFO]   ✓ 72169788  n_px=87  rrs_8=0.00144  CHL_NN=0.283
14:22:53 [INFO]   ✓ 15774594  n_px=84  rrs_8=0.00148  CHL_NN=0.283
14:22:54 [INFO]   ✓ 99985496  n_px=90  rrs_8=0.00141  CHL_NN=0.299
14:22:55 [INFO]   ✓ 33710550  n_px=88  rrs_8=0.00143  CHL_NN=0.299
14:22:56 [INFO]   ✓ 37409259  n_px=88  rrs_8=0.00146  CHL_NN=0.283
14:22:57 [INFO]   ✓ 51045588  n_px=94  rrs_8=0.00150  CHL_NN=0.283
14:22:58 [INFO]   ✓ 32788192  n_px=86  rrs_8=0.00146  CHL_NN=0.283
14:22:59 [INFO]   ✓ 34269013  n_px=82  rrs_8=0.00149  CHL_NN=0.299
14:23:00 [INFO]   ✓ 63402023  n_px=87  rrs_8=0.00148  CHL_NN=0.299
14:23:01 [INFO]   ✓ 58929722  n_px=89  rrs_8=0.00148  CHL_NN=0.299
14:23:02 [INFO]   ✓ 43467015  n_px=96  rrs_8=0.00151  CHL_NN=0.283
14:23:03 [INFO]   ✓ 61445248  n_px=84  rrs_8=0.00149  CHL_NN=0.283
14:23:04 [INFO]   ✓ 48192243  n_px=86  rrs_8=0.00149  CHL_NN=0.299
14:23:05 [INFO]   ✓ 32642154  n_px=86  rrs_8=0.00148  CHL_NN=0.283
14:23:06 [INFO]   ✓ 32183254  n_px=86  rrs_8=0.00149  CHL_NN=0.283
14:23:07 [INFO]   ✓ 61800679  n_px=84  rrs_8=0.00149  CHL_NN=0.299
14:23:08 [INFO]   ✓ 91926238  n_px=80  rrs_8=0.00151  CHL_NN=0.283
14:23:09 [INFO]   ✓ 60870479  n_px=86  rrs_8=0.00151  CHL_NN=0.299
14:23:10 [INFO]   ✓ 24654232  n_px=87  rrs_8=0.00150  CHL_NN=0.299
14:23:11 [INFO]   ✓ 71064726  n_px=88  rrs_8=0.00148  CHL_NN=0.283
14:23:12 [INFO]   ✓ 03197601  n_px=87  rrs_8=0.00150  CHL_NN=0.299
14:23:13 [INFO]   ✓ 00166539  n_px=84  rrs_8=0.00148  CHL_NN=0.283
14:23:14 [INFO]   ✓ 90190673  n_px=85  rrs_8=0.00150  CHL_NN=0.299
14:23:15 [INFO]   ✓ 99274521  n_px=87  rrs_8=0.00153  CHL_NN=0.283
14:23:16 [INFO]   ✓ 21178962  n_px=84  rrs_8=0.00149  CHL_NN=0.299
14:23:17 [INFO]   ✓ 10334146  n_px=80  rrs_8=0.00149  CHL_NN=0.283
14:23:18 [INFO]   ✓ 96106596  n_px=88  rrs_8=0.00151  CHL_NN=0.299
14:23:19 [INFO]   ✓ 02721899  n_px=91  rrs_8=0.00150  CHL_NN=0.299
14:23:20 [INFO]   ✓ 67952987  n_px=89  rrs_8=0.00144  CHL_NN=0.299
14:23:21 [INFO]   ✓ 75014264  n_px=89  rrs_8=0.00144  CHL_NN=0.283
14:23:22 [INFO]   ✓ 97442860  n_px=85  rrs_8=0.00144  CHL_NN=0.299
14:23:23 [INFO]   ✓ 22664746  n_px=86  rrs_8=0.00151  CHL_NN=0.283
14:23:24 [INFO]   ✓ 76242008  n_px=92  rrs_8=0.00150  CHL_NN=0.283
14:23:25 [INFO]   ✓ 72228982  n_px=88  rrs_8=0.00146  CHL_NN=0.283
14:23:26 [INFO]   ✓ 84764268  n_px=89  rrs_8=0.00148  CHL_NN=0.283
14:23:27 [INFO]   ✓ 76435728  n_px=89  rrs_8=0.00150  CHL_NN=0.283
14:23:29 [INFO]   ✓ 70375215  n_px=86  rrs_8=0.00149  CHL_NN=0.299
14:23:30 [INFO]   ✓ 00774138  n_px=84  rrs_8=0.00149  CHL_NN=0.299
14:23:30 [INFO]   ✓ 85166308  n_px=86  rrs_8=0.00148  CHL_NN=0.299
14:23:31 [INFO]   ✓ 70414889  n_px=89  rrs_8=0.00153  CHL_NN=0.299
14:23:33 [INFO]   ✓ 22908813  n_px=88  rrs_8=0.00153  CHL_NN=0.283
14:23:34 [INFO]   ✓ 13721639  n_px=87  rrs_8=0.00148  CHL_NN=0.299
14:23:35 [INFO]   ✓ 80212201  n_px=90  rrs_8=0.00144  CHL_NN=0.299
14:23:36 [INFO]   ✓ 14863756  n_px=88  rrs_8=0.00149  CHL_NN=0.299
14:23:36 [INFO] [20250812] 43 location(s)
14:23:37 [INFO]   ✓ 75256925  n_px=96  rrs_8=0.00157  CHL_NN=0.331
14:23:38 [INFO]   ✓ 92982787  n_px=113  rrs_8=0.00151  CHL_NN=0.346
14:23:39 [INFO]   ✓ 89686161  n_px=104  rrs_8=0.00151  CHL_NN=0.331
14:23:40 [INFO]   ✓ 89539661  n_px=101  rrs_8=0.00159  CHL_NN=0.346
14:23:42 [INFO]   ✓ 71642767  n_px=98  rrs_8=0.00151  CHL_NN=0.346
14:23:42 [INFO]   ✓ 93795035  n_px=108  rrs_8=0.00157  CHL_NN=0.346
14:23:44 [INFO]   ✓ 18045945  n_px=105  rrs_8=0.00153  CHL_NN=0.346
14:23:45 [INFO]   ✓ 45370920  n_px=108  rrs_8=0.00152  CHL_NN=0.346
14:23:46 [INFO]   ✓ 39335381  n_px=105  rrs_8=0.00153  CHL_NN=0.346
14:23:47 [INFO]   ✓ 60884969  n_px=99  rrs_8=0.00155  CHL_NN=0.331
14:23:48 [INFO]   ✓ 81244222  n_px=105  rrs_8=0.00150  CHL_NN=0.331
14:23:49 [INFO]   ✓ 75155009  n_px=105  rrs_8=0.00151  CHL_NN=0.346
14:23:50 [INFO]   ✓ 30549883  n_px=109  rrs_8=0.00151  CHL_NN=0.346
14:23:50 [INFO]   ✓ 20645796  n_px=105  rrs_8=0.00153  CHL_NN=0.346
14:23:51 [INFO]   ✓ 79119467  n_px=108  rrs_8=0.00152  CHL_NN=0.331
14:23:52 [INFO]   ✓ 75301571  n_px=98  rrs_8=0.00154  CHL_NN=0.331
14:23:53 [INFO]   ✓ 55221681  n_px=110  rrs_8=0.00150  CHL_NN=0.331
14:23:54 [INFO]   ✓ 68114190  n_px=101  rrs_8=0.00157  CHL_NN=0.331
14:23:55 [INFO]   ✓ 39866719  n_px=104  rrs_8=0.00153  CHL_NN=0.346
14:23:56 [INFO]   ✓ 75631243  n_px=103  rrs_8=0.00150  CHL_NN=0.331
14:23:57 [INFO]   ✓ 34269013  n_px=98  rrs_8=0.00156  CHL_NN=0.346
14:23:58 [INFO]   ✓ 84221739  n_px=110  rrs_8=0.00150  CHL_NN=0.346
14:23:59 [INFO]   ✓ 25232298  n_px=98  rrs_8=0.00149  CHL_NN=0.346
14:24:00 [INFO]   ✓ 50382741  n_px=110  rrs_8=0.00152  CHL_NN=0.331
14:24:01 [INFO]   ✓ 94443336  n_px=97  rrs_8=0.00153  CHL_NN=0.331
14:24:02 [INFO]   ✓ 72169788  n_px=102  rrs_8=0.00149  CHL_NN=0.346
14:24:03 [INFO]   ✓ 03556579  n_px=105  rrs_8=0.00157  CHL_NN=0.346
14:24:04 [INFO]   ✓ 95208192  n_px=99  rrs_8=0.00148  CHL_NN=0.346
14:24:05 [INFO]   ✓ 29493808  n_px=104  rrs_8=0.00150  CHL_NN=0.331
14:24:06 [INFO]   ✓ 13721639  n_px=102  rrs_8=0.00150  CHL_NN=0.346
14:24:08 [INFO]   ✓ 83313889  n_px=97  rrs_8=0.00153  CHL_NN=0.331
14:24:09 [INFO]   ✓ 84387274  n_px=104  rrs_8=0.00156  CHL_NN=0.346
14:24:10 [INFO]   ✓ 83125155  n_px=99  rrs_8=0.00155  CHL_NN=0.346
14:24:12 [INFO]   ✓ 96388014  n_px=101  rrs_8=0.00151  CHL_NN=0.331
14:24:13 [INFO]   ✓ 59083273  n_px=102  rrs_8=0.00152  CHL_NN=0.331
14:24:14 [INFO]   ✓ 71971190  n_px=103  rrs_8=0.00157  CHL_NN=0.346
14:24:15 [INFO]   ✓ 91187708  n_px=113  rrs_8=0.00157  CHL_NN=0.346
14:24:16 [INFO]   ✓ 92154704  n_px=104  rrs_8=0.00159  CHL_NN=0.346
14:24:17 [INFO]   ✓ 61445248  n_px=99  rrs_8=0.00155  CHL_NN=0.346
14:24:18 [INFO]   ✓ 69605668  n_px=101  rrs_8=0.00151  CHL_NN=0.346
14:24:19 [INFO]   ✓ 07668175  n_px=107  rrs_8=0.00155  CHL_NN=0.346
14:24:20 [INFO]   ✓ 15128936  n_px=106  rrs_8=0.00151  CHL_NN=0.346
14:24:21 [INFO]   ✓ 08435714  n_px=103  rrs_8=0.00157  CHL_NN=0.346
14:24:21 [INFO] [20250813] 46 location(s)
14:24:22 [INFO]   ✓ 95852424  n_px=110  rrs_8=0.00181  CHL_NN=0.346
14:24:23 [INFO]   ✓ 73338617  n_px=87  rrs_8=0.00166  CHL_NN=0.331
14:24:24 [INFO]   ✓ 39335381  n_px=111  rrs_8=0.00177  CHL_NN=0.346
14:24:26 [INFO]   ✓ 13166873  n_px=114  rrs_8=0.00171  CHL_NN=0.346
14:24:27 [INFO]   ✓ 03197601  n_px=115  rrs_8=0.00173  CHL_NN=0.331
14:24:28 [INFO]   ✓ 34269013  n_px=108  rrs_8=0.00170  CHL_NN=0.346
14:24:29 [INFO]   ✓ 79119467  n_px=112  rrs_8=0.00179  CHL_NN=0.331
14:24:30 [INFO]   ✓ 43577281  n_px=111  rrs_8=0.00186  CHL_NN=0.346
14:24:32 [INFO]   ✓ 97442860  n_px=109  rrs_8=0.00177  CHL_NN=0.346
14:24:33 [INFO]   ✓ 75256925  n_px=113  rrs_8=0.00173  CHL_NN=0.331
14:24:34 [INFO]   ✓ 33041580  n_px=111  rrs_8=0.00177  CHL_NN=0.346
14:24:35 [INFO]   ✓ 66398605  n_px=111  rrs_8=0.00184  CHL_NN=0.346
14:24:37 [INFO]   ✓ 28697285  n_px=117  rrs_8=0.00170  CHL_NN=0.346
14:24:38 [INFO]   ✓ 83154792  n_px=110  rrs_8=0.00172  CHL_NN=0.331
14:24:39 [INFO]   ✓ 13182605  n_px=113  rrs_8=0.00181  CHL_NN=0.346
14:24:40 [INFO]   ✓ 82524135  n_px=112  rrs_8=0.00181  CHL_NN=0.346
14:24:41 [INFO]   ✓ 82777859  n_px=109  rrs_8=0.00186  CHL_NN=0.346
14:24:42 [INFO]   ✓ 18760074  n_px=113  rrs_8=0.00181  CHL_NN=0.331
14:24:44 [INFO]   ✓ 83125155  n_px=112  rrs_8=0.00172  CHL_NN=0.346
14:24:45 [INFO]   ✓ 19578742  n_px=112  rrs_8=0.00172  CHL_NN=0.346
14:24:46 [INFO]   ✓ 86668681  n_px=109  rrs_8=0.00186  CHL_NN=0.346
14:24:47 [INFO]   ✓ 02721899  n_px=106  rrs_8=0.00176  CHL_NN=0.346
14:24:48 [INFO]   ✓ 60884969  n_px=113  rrs_8=0.00172  CHL_NN=0.331
14:24:49 [INFO]   ✓ 06390954  n_px=86  rrs_8=0.00153  CHL_NN=0.315
14:24:50 [INFO]   ✓ 76859776  n_px=111  rrs_8=0.00170  CHL_NN=0.331
14:24:51 [INFO]   ✓ 64281992  n_px=113  rrs_8=0.00170  CHL_NN=0.346
14:24:52 [INFO]   ✓ 75646007  n_px=107  rrs_8=0.00177  CHL_NN=0.346
14:24:53 [INFO]   ✓ 98841189  n_px=114  rrs_8=0.00170  CHL_NN=0.346
14:24:55 [INFO]   ✓ 75631243  n_px=116  rrs_8=0.00168  CHL_NN=0.331
14:24:56 [INFO]   ✓ 19277636  n_px=114  rrs_8=0.00170  CHL_NN=0.331
14:24:57 [INFO]   ✓ 03451502  n_px=115  rrs_8=0.00173  CHL_NN=0.346
14:24:58 [INFO]   ✓ 12235882  n_px=107  rrs_8=0.00173  CHL_NN=0.346
14:24:59 [INFO]   ✓ 24015176  n_px=113  rrs_8=0.00172  CHL_NN=0.346
14:25:00 [INFO]   ✓ 50308187  n_px=109  rrs_8=0.00184  CHL_NN=0.346
14:25:01 [INFO]   ✓ 87075675  n_px=111  rrs_8=0.00170  CHL_NN=0.331
14:25:03 [INFO]   ✓ 87082555  n_px=54  rrs_8=0.00109  CHL_NN=0.283
14:25:04 [INFO]   ✓ 51388349  n_px=72  rrs_8=0.00102  CHL_NN=0.268
14:25:05 [INFO]   ✓ 51158636  n_px=111  rrs_8=0.00177  CHL_NN=0.346
14:25:06 [INFO]   ✓ 70231153  n_px=112  rrs_8=0.00175  CHL_NN=0.346
14:25:07 [INFO]   ✓ 70291404  n_px=112  rrs_8=0.00185  CHL_NN=0.331
14:25:08 [INFO]   ✓ 33811469  n_px=72  rrs_8=0.00100  CHL_NN=0.283
14:25:09 [INFO]   ✓ 21178962  n_px=109  rrs_8=0.00170  CHL_NN=0.346
14:25:10 [INFO]   ✓ 61445248  n_px=113  rrs_8=0.00170  CHL_NN=0.331
14:25:11 [INFO]   ✓ 56685895  n_px=69  rrs_8=0.00100  CHL_NN=0.268
14:25:12 [INFO]   ✓ 52314372  n_px=61  rrs_8=0.00100  CHL_NN=0.268
14:25:13 [INFO]   ✓ 24654232  n_px=115  rrs_8=0.00173  CHL_NN=0.346
14:25:13 [INFO] [20250814] 19 location(s)
14:25:15 [INFO]   ✓ 80046954  n_px=106  rrs_8=0.03963  CHL_NN=0.378
14:25:16 [INFO]   ✓ 47282555  n_px=106  rrs_8=0.03963  CHL_NN=0.378
14:25:17 [INFO]   ✓ 75467585  n_px=107  rrs_8=0.03323  CHL_NN=0.378
14:25:18 [INFO]   ✓ 37787361  n_px=53  rrs_8=0.00109  CHL_NN=0.362
14:25:20 [INFO]   ✓ 80386404  n_px=50  rrs_8=0.00109  CHL_NN=0.362
14:25:21 [INFO]   ✓ 23216774  n_px=55  rrs_8=0.00109  CHL_NN=0.346
14:25:22 [INFO]   ✓ 87167717  n_px=54  rrs_8=0.00111  CHL_NN=0.346
14:25:23 [INFO]   ✓ 87554551  n_px=38  rrs_8=0.00255  CHL_NN=0.142
14:25:24 [INFO]   ✓ 38981711  n_px=50  rrs_8=0.00109  CHL_NN=0.346
14:25:26 [INFO]   ✓ 04848538  n_px=51  rrs_8=0.00113  CHL_NN=0.362
14:25:27 [INFO]   ✓ 79870898  n_px=105  rrs_8=0.01019  CHL_NN=0.236
14:25:27 [INFO]   ✓ 89825549  n_px=45  rrs_8=0.00162  CHL_NN=0.315
14:25:28 [INFO]   ✓ 43404191  n_px=45  rrs_8=0.00153  CHL_NN=0.268
14:25:30 [INFO]   ✓ 90673548  n_px=55  rrs_8=0.00109  CHL_NN=0.346
14:25:31 [INFO]   ✓ 02187257  n_px=52  rrs_8=0.00113  CHL_NN=0.362
14:25:32 [INFO]   ✓ 20011694  n_px=54  rrs_8=0.00113  CHL_NN=0.346
14:25:33 [INFO]   ✓ 07346723  n_px=51  rrs_8=0.00107  CHL_NN=0.346
14:25:35 [INFO]   ✓ 15098261  n_px=52  rrs_8=0.00113  CHL_NN=0.331
14:25:35 [INFO]   ✓ 48199140  n_px=53  rrs_8=0.00113  CHL_NN=0.346
14:25:35 [INFO] [20250907] 1 location(s)
14:25:37 [INFO]   ✓ 19394123  n_px=136  rrs_8=0.00295  CHL_NN=0.583
14:25:37 [INFO] [20250908] 1 location(s)
14:25:39 [INFO]   ✓ 19394123  n_px=137  rrs_8=0.00247  CHL_NN=0.504
14:25:39 [INFO] [20250909] 1 location(s)
14:25:40 [INFO]   ✓ 19394123  n_px=123  rrs_8=0.00259  CHL_NN=0.520
14:25:40 [INFO] [20250910] 1 location(s)
14:25:42 [INFO]   ✓ 19394123  n_px=0  rrs_8=nan  CHL_NN=0.504
14:25:42 [INFO] [20250911] 1 location(s)
14:25:44 [INFO]   ✓ 19394123  n_px=48  rrs_8=0.00127  CHL_NN=0.362
14:25:44 [INFO] [20250912] 1 location(s)
14:25:46 [INFO]   ✓ 19394123  n_px=101  rrs_8=0.00153  CHL_NN=0.551
14:25:46 [INFO] [20250913] 1 location(s)
14:25:47 [INFO]   ✓ 19394123  n_px=98  rrs_8=0.00157  CHL_NN=0.551
14:25:47 [INFO] [20250914] 1 location(s)
14:25:49 [INFO]   ✓ 19394123  n_px=109  rrs_8=0.00166  CHL_NN=0.551
14:25:49 [INFO] [20250915] 1 location(s)
14:25:50 [INFO]   ✓ 19394123  n_px=90  rrs_8=0.00172  CHL_NN=0.551
14:25:50 [INFO] [20250916] 1 location(s)
14:25:52 [INFO]   ✓ 19394123  n_px=54  rrs_8=0.00135  CHL_NN=0.252
14:25:52 [INFO] [20250917] 1 location(s)
14:25:53 [INFO]   ✓ 19394123  n_px=54  rrs_8=0.00132  CHL_NN=0.205
14:25:53 [INFO] [20250918] 1 location(s)
14:25:55 [INFO]   ✓ 19394123  n_px=4  rrs_8=0.00172  CHL_NN=0.157
14:25:55 [INFO] [20250919] 1 location(s)
14:25:56 [INFO]   ✓ 19394123  n_px=4  rrs_8=0.00161  CHL_NN=0.142
14:25:56 [INFO] [20250920] 1 location(s)
14:25:57 [INFO]   ✓ 19394123  n_px=20  rrs_8=0.00095  CHL_NN=0.236
14:25:57 [INFO] [20250921] 1 location(s)
14:25:59 [INFO]   ✓ 19394123  n_px=21  rrs_8=0.00096  CHL_NN=0.362
14:25:59 [INFO] [20250922] 1 location(s)
14:26:00 [INFO]   ✓ 19394123  n_px=25  rrs_8=0.00128  CHL_NN=0.394
14:26:00 [INFO] [20250923] 1 location(s)
14:26:02 [INFO]   ✓ 19394123  n_px=26  rrs_8=0.00134  CHL_NN=0.409
14:26:02 [INFO] [20250924] 1 location(s)
14:26:03 [INFO]   ✓ 19394123  n_px=16  rrs_8=0.00156  CHL_NN=0.417
14:26:03 [INFO] [20250925] 1 location(s)
14:26:04 [INFO]   ✓ 19394123  n_px=13  rrs_8=0.00170  CHL_NN=0.457
14:26:04 [INFO] [20250926] 1 location(s)
14:26:06 [INFO]   ✓ 19394123  n_px=5  rrs_8=0.00280  CHL_NN=0.535
14:26:06 [INFO] [20250927] 1 location(s)
14:26:07 [INFO]   ✓ 19394123  n_px=3  rrs_8=0.00052  CHL_NN=0.362
14:26:07 [INFO] [20250928] 22 location(s)
14:26:09 [INFO]   ✓ 22464360  n_px=45  rrs_8=0.00113  CHL_NN=0.315
14:26:10 [INFO]   ✓ 16932042  n_px=53  rrs_8=0.00052  CHL_NN=1.717
14:26:12 [INFO]   ✓ 31721950  n_px=45  rrs_8=0.00091  CHL_NN=nan
14:26:13 [INFO]   ✓ 73539380  n_px=54  rrs_8=0.00064  CHL_NN=1.315
14:26:14 [INFO]   ✓ 98921440  n_px=41  rrs_8=0.00058  CHL_NN=1.228
14:26:15 [INFO]   ✓ 54684035  n_px=45  rrs_8=0.00073  CHL_NN=1.543
14:26:16 [INFO]   ✓ 05819065  n_px=41  rrs_8=0.00065  CHL_NN=1.402
14:26:18 [INFO]   ✓ 31828251  n_px=46  rrs_8=0.00085  CHL_NN=1.433
14:26:19 [INFO]   ✓ 49201246  n_px=43  rrs_8=0.00071  CHL_NN=0.748
14:26:20 [INFO]   ✓ 48846766  n_px=40  rrs_8=0.00044  CHL_NN=1.701
14:26:21 [INFO]   ✓ 38964583  n_px=56  rrs_8=0.00130  CHL_NN=0.362
14:26:22 [INFO]   ✓ 99845331  n_px=33  rrs_8=0.00082  CHL_NN=0.252
14:26:24 [INFO]   ✓ 18562918  n_px=76  rrs_8=0.00091  CHL_NN=1.087
14:26:25 [INFO]   ✓ 48534819  n_px=49  rrs_8=0.00063  CHL_NN=1.654
14:26:26 [INFO]   ✓ 16529143  n_px=41  rrs_8=0.00065  CHL_NN=0.016
14:26:27 [INFO]   ✓ 40869647  n_px=43  rrs_8=0.00063  CHL_NN=1.606
14:26:28 [INFO]   ✓ 50175104  n_px=41  rrs_8=0.00054  CHL_NN=1.417
14:26:29 [INFO]   ✓ 52329257  n_px=57  rrs_8=0.00117  CHL_NN=0.402
14:26:31 [INFO]   ✓ 19394123  n_px=3  rrs_8=0.00052  CHL_NN=0.362
14:26:32 [INFO]   ✓ 36278166  n_px=47  rrs_8=0.00056  CHL_NN=1.496
14:26:34 [INFO]   ✓ 10179250  n_px=41  rrs_8=0.00060  CHL_NN=1.638
14:26:35 [INFO]   ✓ 28873072  n_px=56  rrs_8=0.00055  CHL_NN=1.307
14:26:35 [INFO] [20250929] 49 location(s)
14:26:36 [INFO]   ✓ 26039868  n_px=32  rrs_8=0.00096  CHL_NN=0.378
14:26:37 [INFO]   ✓ 70826733  n_px=44  rrs_8=0.00189  CHL_NN=1.370
14:26:39 [INFO]   ✓ 25832084  n_px=39  rrs_8=0.00098  CHL_NN=0.535
14:26:41 [INFO]   ✓ 54353685  n_px=45  rrs_8=0.00107  CHL_NN=0.465
14:26:41 [INFO]   ✓ 39157221  n_px=43  rrs_8=0.00117  CHL_NN=0.551
14:26:43 [INFO]   ✓ 75359806  n_px=38  rrs_8=0.00100  CHL_NN=0.504
14:26:44 [INFO]   ✓ 04030341  n_px=45  rrs_8=0.00067  CHL_NN=1.433
14:26:45 [INFO]   ✓ 02864088  n_px=38  rrs_8=0.00080  CHL_NN=0.441
14:26:46 [INFO]   ✓ 98301749  n_px=35  rrs_8=0.00107  CHL_NN=0.409
14:26:47 [INFO]   ✓ 66925581  n_px=22  rrs_8=0.00204  CHL_NN=1.244
14:26:48 [INFO]   ✓ 54094245  n_px=37  rrs_8=0.00106  CHL_NN=0.504
14:26:50 [INFO]   ✓ 40158998  n_px=46  rrs_8=0.00101  CHL_NN=0.378
14:26:51 [INFO]   ✓ 62326068  n_px=35  rrs_8=0.00098  CHL_NN=0.535
14:26:52 [INFO]   ✓ 90815878  n_px=86  rrs_8=0.07527  CHL_NN=1.370
14:26:54 [INFO]   ✓ 24737555  n_px=38  rrs_8=0.00107  CHL_NN=0.425
14:26:55 [INFO]   ✓ 27411927  n_px=47  rrs_8=0.00111  CHL_NN=0.472
14:26:56 [INFO]   ✓ 92917261  n_px=50  rrs_8=0.00068  CHL_NN=0.063
14:26:57 [INFO]   ✓ 70350580  n_px=48  rrs_8=0.00106  CHL_NN=0.520
14:26:58 [INFO]   ✓ 60386273  n_px=35  rrs_8=0.00096  CHL_NN=0.472
14:26:59 [INFO]   ✓ 83729322  n_px=30  rrs_8=0.00107  CHL_NN=0.504
14:27:00 [INFO]   ✓ 80063860  n_px=51  rrs_8=0.00104  CHL_NN=0.488
14:27:01 [INFO]   ✓ 01293702  n_px=110  rrs_8=0.00944  CHL_NN=0.378
14:27:02 [INFO]   ✓ 60750730  n_px=54  rrs_8=0.00107  CHL_NN=0.488
14:27:04 [INFO]   ✓ 19394123  n_px=3  rrs_8=0.00052  CHL_NN=0.378
14:27:05 [INFO]   ✓ 45798630  n_px=104  rrs_8=0.11838  CHL_NN=1.472
14:27:06 [INFO]   ✓ 17929985  n_px=58  rrs_8=0.00326  CHL_NN=1.354
14:27:07 [INFO]   ✓ 88773753  n_px=48  rrs_8=0.00102  CHL_NN=0.441
14:27:09 [INFO]   ✓ 44555616  n_px=82  rrs_8=0.09852  CHL_NN=1.299
14:27:10 [INFO]   ✓ 59431940  n_px=39  rrs_8=0.00104  CHL_NN=0.520
14:27:11 [INFO]   ✓ 95990111  n_px=42  rrs_8=0.00109  CHL_NN=0.535
14:27:12 [INFO]   ✓ 54814042  n_px=31  rrs_8=0.00100  CHL_NN=0.488
14:27:13 [INFO]   ✓ 28544300  n_px=25  rrs_8=0.00096  CHL_NN=0.441
14:27:15 [INFO]   ✓ 73865212  n_px=52  rrs_8=0.00081  CHL_NN=1.465
14:27:16 [INFO]   ✓ 49361154  n_px=74  rrs_8=0.05762  CHL_NN=1.370
14:27:17 [INFO]   ✓ 10456054  n_px=42  rrs_8=0.00113  CHL_NN=0.504
14:27:18 [INFO]   ✓ 84442276  n_px=42  rrs_8=0.00105  CHL_NN=0.504
14:27:19 [INFO]   ✓ 42693133  n_px=55  rrs_8=0.00102  CHL_NN=0.449
14:27:20 [INFO]   ✓ 15798674  n_px=58  rrs_8=0.00096  CHL_NN=0.409
14:27:21 [INFO]   ✓ 63337076  n_px=44  rrs_8=0.00110  CHL_NN=0.504
14:27:23 [INFO]   ✓ 01110379  n_px=48  rrs_8=0.00060  CHL_NN=0.047
14:27:24 [INFO]   ✓ 56252896  n_px=85  rrs_8=0.00148  CHL_NN=1.118
14:27:25 [INFO]   ✓ 48071641  n_px=45  rrs_8=0.00111  CHL_NN=0.551
14:27:26 [INFO]   ✓ 86736062  n_px=39  rrs_8=0.00100  CHL_NN=0.457
14:27:27 [INFO]   ✓ 90040623  n_px=51  rrs_8=0.00104  CHL_NN=0.528
14:27:28 [INFO]   ✓ 85670062  n_px=89  rrs_8=0.11166  CHL_NN=0.567
14:27:30 [INFO]   ✓ 86251634  n_px=32  rrs_8=0.00182  CHL_NN=1.402
14:27:32 [INFO]   ✓ 66238195  n_px=42  rrs_8=0.00092  CHL_NN=0.425
14:27:33 [INFO]   ✓ 49224490  n_px=22  rrs_8=0.00111  CHL_NN=0.535
14:27:34 [INFO]   ✓ 01012294  n_px=36  rrs_8=0.00096  CHL_NN=0.331
14:27:34 [INFO] [20250930] 52 location(s)
14:27:35 [INFO]   ✓ 08641083  n_px=60  rrs_8=0.00170  CHL_NN=0.504
14:27:36 [INFO]   ✓ 15494143  n_px=52  rrs_8=0.00166  CHL_NN=0.827
14:27:37 [INFO]   ✓ 45829798  n_px=49  rrs_8=0.00106  CHL_NN=0.157
14:27:39 [INFO]   ✓ 28347194  n_px=41  rrs_8=0.00106  CHL_NN=0.425
14:27:41 [INFO]   ✓ 89592384  n_px=67  rrs_8=0.00173  CHL_NN=1.354
14:27:42 [INFO]   ✓ 97203874  n_px=43  rrs_8=0.00137  CHL_NN=0.630
14:27:43 [INFO]   ✓ 97037550  n_px=73  rrs_8=0.00137  CHL_NN=1.386
14:27:45 [INFO]   ✓ 84359704  n_px=58  rrs_8=0.00080  CHL_NN=1.528
14:27:46 [INFO]   ✓ 97342609  n_px=44  rrs_8=0.00105  CHL_NN=0.425
14:27:47 [INFO]   ✓ 83974880  n_px=65  rrs_8=0.00183  CHL_NN=0.551
14:27:49 [INFO]   ✓ 11179129  n_px=46  rrs_8=0.00140  CHL_NN=0.488
14:27:50 [INFO]   ✓ 14853233  n_px=67  rrs_8=0.00172  CHL_NN=1.370
14:27:51 [INFO]   ✓ 09804762  n_px=43  rrs_8=0.00150  CHL_NN=0.441
14:27:52 [INFO]   ✓ 81837000  n_px=41  rrs_8=0.00104  CHL_NN=0.425
14:27:53 [INFO]   ✓ 32091955  n_px=52  rrs_8=0.00139  CHL_NN=0.441
14:27:55 [INFO]   ✓ 15279755  n_px=65  rrs_8=0.00161  CHL_NN=0.614
14:27:56 [INFO]   ✓ 15133062  n_px=41  rrs_8=0.00104  CHL_NN=0.425
14:27:57 [INFO]   ✓ 87013475  n_px=35  rrs_8=0.00098  CHL_NN=0.409
14:27:58 [INFO]   ✓ 10275482  n_px=53  rrs_8=0.00131  CHL_NN=0.961
14:27:59 [INFO]   ✓ 73914914  n_px=59  rrs_8=0.00166  CHL_NN=0.543
14:28:00 [INFO]   ✓ 04033960  n_px=49  rrs_8=0.00111  CHL_NN=0.165
14:28:01 [INFO]   ✓ 74742170  n_px=54  rrs_8=0.00137  CHL_NN=0.394
14:28:03 [INFO]   ✓ 15795236  n_px=68  rrs_8=0.00184  CHL_NN=0.551
14:28:04 [INFO]   ✓ 25170254  n_px=60  rrs_8=0.00177  CHL_NN=0.717
14:28:05 [INFO]   ✓ 81883588  n_px=70  rrs_8=0.00186  CHL_NN=0.717
14:28:06 [INFO]   ✓ 43912360  n_px=55  rrs_8=0.00139  CHL_NN=0.425
14:28:08 [INFO]   ✓ 51596172  n_px=43  rrs_8=0.00095  CHL_NN=0.126
14:28:08 [INFO]   ✓ 11997272  n_px=35  rrs_8=0.00107  CHL_NN=0.157
14:28:10 [INFO]   ✓ 45776264  n_px=45  rrs_8=0.00107  CHL_NN=1.402
14:28:11 [INFO]   ✓ 72130699  n_px=54  rrs_8=0.00105  CHL_NN=0.425
14:28:13 [INFO]   ✓ 30607473  n_px=68  rrs_8=0.00186  CHL_NN=0.551
14:28:14 [INFO]   ✓ 65496260  n_px=63  rrs_8=0.00203  CHL_NN=0.520
14:28:15 [INFO]   ✓ 19394123  n_px=3  rrs_8=0.00052  CHL_NN=0.378
14:28:17 [INFO]   ✓ 51792458  n_px=45  rrs_8=0.00113  CHL_NN=1.417
14:28:17 [INFO]   ✓ 76771656  n_px=42  rrs_8=0.00146  CHL_NN=0.457
14:28:19 [INFO]   ✓ 52632791  n_px=56  rrs_8=0.00137  CHL_NN=1.370
14:28:20 [INFO]   ✓ 66268434  n_px=36  rrs_8=0.00102  CHL_NN=1.496
14:28:21 [INFO]   ✓ 76946244  n_px=57  rrs_8=0.00151  CHL_NN=0.425
14:28:22 [INFO]   ✓ 56603191  n_px=43  rrs_8=0.00146  CHL_NN=0.441
14:28:23 [INFO]   ✓ 53208299  n_px=40  rrs_8=0.00105  CHL_NN=0.425
14:28:24 [INFO]   ✓ 63927466  n_px=54  rrs_8=0.00183  CHL_NN=0.528
14:28:26 [INFO]   ✓ 56478715  n_px=62  rrs_8=0.00190  CHL_NN=1.307
14:28:27 [INFO]   ✓ 59131704  n_px=33  rrs_8=0.00104  CHL_NN=0.394
14:28:28 [INFO]   ✓ 69886535  n_px=64  rrs_8=0.00176  CHL_NN=0.504
14:28:29 [INFO]   ✓ 98855544  n_px=40  rrs_8=0.00087  CHL_NN=1.535
14:28:31 [INFO]   ✓ 86103112  n_px=66  rrs_8=0.00081  CHL_NN=1.559
14:28:32 [INFO]   ✓ 85695796  n_px=68  rrs_8=0.00172  CHL_NN=1.354
14:28:33 [INFO]   ✓ 92355382  n_px=65  rrs_8=0.00203  CHL_NN=0.520
14:28:34 [INFO]   ✓ 05385879  n_px=65  rrs_8=0.00201  CHL_NN=0.520
14:28:36 [INFO]   ✓ 49147646  n_px=70  rrs_8=0.00186  CHL_NN=1.370
14:28:36 [INFO]   ✓ 86227694  n_px=35  rrs_8=0.00096  CHL_NN=0.236
14:28:38 [INFO]   ✓ 92275538  n_px=46  rrs_8=0.00107  CHL_NN=0.425
14:28:38 [INFO] [20251001] 52 location(s)
14:28:39 [INFO]   ✓ 25275046  n_px=70  rrs_8=0.00090  CHL_NN=0.835
14:28:40 [INFO]   ✓ 56059782  n_px=45  rrs_8=0.00085  CHL_NN=1.559
14:28:42 [INFO]   ✓ 38421501  n_px=39  rrs_8=0.00071  CHL_NN=1.528
14:28:43 [INFO]   ✓ 56120852  n_px=23  rrs_8=0.00076  CHL_NN=0.331
14:28:44 [INFO]   ✓ 35747464  n_px=25  rrs_8=0.00093  CHL_NN=0.362
14:28:45 [INFO]   ✓ 41188861  n_px=26  rrs_8=0.00091  CHL_NN=0.362
14:28:46 [INFO]   ✓ 54731253  n_px=36  rrs_8=0.00074  CHL_NN=1.559
14:28:47 [INFO]   ✓ 31977246  n_px=33  rrs_8=0.00087  CHL_NN=1.354
14:28:48 [INFO]   ✓ 73762810  n_px=64  rrs_8=0.00092  CHL_NN=0.835
14:28:49 [INFO]   ✓ 06976349  n_px=71  rrs_8=0.00131  CHL_NN=1.244
14:28:50 [INFO]   ✓ 11542851  n_px=54  rrs_8=0.00071  CHL_NN=1.449
14:28:51 [INFO]   ✓ 33271412  n_px=43  rrs_8=0.00085  CHL_NN=1.559
14:28:52 [INFO]   ✓ 97841055  n_px=29  rrs_8=0.00106  CHL_NN=0.425
14:28:53 [INFO]   ✓ 32244681  n_px=49  rrs_8=0.00109  CHL_NN=1.480
14:28:54 [INFO]   ✓ 29255688  n_px=25  rrs_8=0.00100  CHL_NN=0.488
14:28:55 [INFO]   ✗ 19394123  no valid data in -3d window
14:28:56 [INFO]   ✓ 41204033  n_px=66  rrs_8=0.00121  CHL_NN=1.449
14:28:58 [INFO]   ✓ 75598101  n_px=64  rrs_8=0.00106  CHL_NN=0.583
14:28:59 [INFO]   ✓ 05417065  n_px=39  rrs_8=0.00095  CHL_NN=1.528
14:29:00 [INFO]   ✓ 51202331  n_px=41  rrs_8=0.00071  CHL_NN=1.496
14:29:00 [INFO]   ✓ 79030298  n_px=51  rrs_8=0.00073  CHL_NN=1.575
14:29:01 [INFO]   ✓ 23337472  n_px=26  rrs_8=0.00092  CHL_NN=0.362
14:29:02 [INFO]   ✓ 12207502  n_px=30  rrs_8=0.00085  CHL_NN=0.378
14:29:03 [INFO]   ✓ 85480629  n_px=56  rrs_8=0.00102  CHL_NN=1.339
14:29:05 [INFO]   ✓ 75399851  n_px=56  rrs_8=0.00102  CHL_NN=1.433
14:29:06 [INFO]   ✓ 57934185  n_px=46  rrs_8=0.00085  CHL_NN=1.559
14:29:07 [INFO]   ✓ 32724536  n_px=58  rrs_8=0.00107  CHL_NN=0.598
14:29:08 [INFO]   ✓ 34178567  n_px=64  rrs_8=0.00155  CHL_NN=1.244
14:29:09 [INFO]   ✓ 41194632  n_px=63  rrs_8=0.00243  CHL_NN=0.551
14:29:10 [INFO]   ✓ 31018414  n_px=43  rrs_8=0.00208  CHL_NN=1.528
14:29:11 [INFO]   ✓ 96453845  n_px=39  rrs_8=0.00087  CHL_NN=1.528
14:29:12 [INFO]   ✓ 00519213  n_px=65  rrs_8=0.00107  CHL_NN=0.835
14:29:14 [INFO]   ✓ 25897501  n_px=53  rrs_8=0.00096  CHL_NN=1.370
14:29:15 [INFO]   ✓ 86395003  n_px=45  rrs_8=0.00087  CHL_NN=1.480
14:29:16 [INFO]   ✓ 10741820  n_px=68  rrs_8=0.00107  CHL_NN=0.583
14:29:17 [INFO]   ✓ 59834837  n_px=44  rrs_8=0.00166  CHL_NN=1.559
14:29:18 [INFO]   ✓ 37410494  n_px=54  rrs_8=0.00102  CHL_NN=1.465
14:29:19 [INFO]   ✓ 86444777  n_px=20  rrs_8=0.00096  CHL_NN=0.409
14:29:19 [INFO]   ✓ 27507346  n_px=22  rrs_8=0.00101  CHL_NN=0.488
14:29:20 [INFO]   ✓ 93560998  n_px=71  rrs_8=0.00289  CHL_NN=1.480
14:29:21 [INFO]   ✓ 55170711  n_px=69  rrs_8=0.00258  CHL_NN=1.528
14:29:22 [INFO]   ✓ 96230795  n_px=51  rrs_8=0.00098  CHL_NN=0.646
14:29:23 [INFO]   ✓ 35854102  n_px=61  rrs_8=0.00109  CHL_NN=0.567
14:29:24 [INFO]   ✓ 32394296  n_px=74  rrs_8=0.00116  CHL_NN=0.583
14:29:25 [INFO]   ✓ 93085410  n_px=41  rrs_8=0.00073  CHL_NN=1.528
14:29:26 [INFO]   ✓ 04699370  n_px=57  rrs_8=0.00106  CHL_NN=1.417
14:29:27 [INFO]   ✓ 47825576  n_px=54  rrs_8=0.00108  CHL_NN=1.449
14:29:28 [INFO]   ✓ 86668788  n_px=50  rrs_8=0.00081  CHL_NN=1.528
14:29:29 [INFO]   ✓ 43613355  n_px=27  rrs_8=0.00113  CHL_NN=0.535
14:29:30 [INFO]   ✓ 77546342  n_px=27  rrs_8=0.00091  CHL_NN=0.362
14:29:31 [INFO]   ✓ 77267790  n_px=49  rrs_8=0.00067  CHL_NN=1.528
14:29:32 [INFO]   ✓ 12890034  n_px=38  rrs_8=0.00207  CHL_NN=1.528
14:29:32 [INFO] [20251002] 51 location(s)
14:29:33 [INFO]   ✓ 52514608  n_px=68  rrs_8=0.00117  CHL_NN=0.362
14:29:35 [INFO]   ✓ 78525308  n_px=77  rrs_8=0.00172  CHL_NN=1.417
14:29:36 [INFO]   ✓ 31005555  n_px=58  rrs_8=0.00111  CHL_NN=0.378
14:29:37 [INFO]   ✓ 67453052  n_px=56  rrs_8=0.00092  CHL_NN=0.252
14:29:38 [INFO]   ✓ 26603635  n_px=64  rrs_8=0.00110  CHL_NN=0.441
14:29:39 [INFO]   ✓ 93720233  n_px=55  rrs_8=0.00109  CHL_NN=0.394
14:29:40 [INFO]   ✓ 79197529  n_px=91  rrs_8=0.00347  CHL_NN=1.087
14:29:42 [INFO]   ✓ 57140144  n_px=84  rrs_8=0.00205  CHL_NN=0.504
14:29:43 [INFO]   ✓ 92138241  n_px=85  rrs_8=0.00208  CHL_NN=1.480
14:29:45 [INFO]   ✓ 68057840  n_px=69  rrs_8=0.00107  CHL_NN=0.362
14:29:46 [INFO]   ✓ 19736505  n_px=61  rrs_8=0.00091  CHL_NN=0.252
14:29:47 [INFO]   ✓ 97138826  n_px=81  rrs_8=0.00129  CHL_NN=0.504
14:29:48 [INFO]   ✓ 83602466  n_px=76  rrs_8=0.00120  CHL_NN=0.378
14:29:49 [INFO]   ✓ 16372911  n_px=49  rrs_8=0.00140  CHL_NN=0.457
14:29:50 [INFO]   ✓ 63925790  n_px=71  rrs_8=0.00126  CHL_NN=0.457
14:29:52 [INFO]   ✓ 42240099  n_px=83  rrs_8=0.00142  CHL_NN=0.441
14:29:53 [INFO]   ✓ 54898419  n_px=74  rrs_8=0.00143  CHL_NN=0.441
14:29:54 [INFO]   ✓ 44084531  n_px=57  rrs_8=0.00140  CHL_NN=0.457
14:29:55 [INFO]   ✓ 36076009  n_px=69  rrs_8=0.00168  CHL_NN=1.386
14:29:56 [INFO]   ✓ 85464044  n_px=105  rrs_8=0.00439  CHL_NN=1.008
14:29:57 [INFO]   ✓ 44617849  n_px=38  rrs_8=0.00101  CHL_NN=0.346
14:29:58 [INFO]   ✓ 05860761  n_px=63  rrs_8=0.00106  CHL_NN=0.362
14:29:59 [INFO]   ✓ 09646347  n_px=61  rrs_8=0.00109  CHL_NN=0.394
14:30:01 [INFO]   ✓ 52822210  n_px=82  rrs_8=0.00158  CHL_NN=1.441
14:30:02 [INFO]   ✓ 05980830  n_px=84  rrs_8=0.00351  CHL_NN=1.008
14:30:03 [INFO]   ✓ 89645771  n_px=76  rrs_8=0.00141  CHL_NN=0.441
14:30:04 [INFO]   ✓ 33363066  n_px=76  rrs_8=0.00193  CHL_NN=1.465
14:30:05 [INFO]   ✓ 46163284  n_px=92  rrs_8=0.00350  CHL_NN=0.567
14:30:06 [INFO]   ✓ 66022030  n_px=66  rrs_8=0.00109  CHL_NN=0.441
14:30:07 [INFO]   ✓ 11653131  n_px=91  rrs_8=0.00267  CHL_NN=0.488
14:30:08 [INFO]   ✓ 48060201  n_px=107  rrs_8=0.00316  CHL_NN=0.772
14:30:09 [INFO]   ✓ 45523348  n_px=76  rrs_8=0.00401  CHL_NN=1.197
14:30:10 [INFO]   ✓ 27954097  n_px=59  rrs_8=0.00102  CHL_NN=0.331
14:30:11 [INFO]   ✓ 72016554  n_px=76  rrs_8=0.00226  CHL_NN=1.039
14:30:13 [INFO]   ✓ 88161180  n_px=59  rrs_8=0.00100  CHL_NN=0.425
14:30:14 [INFO]   ✓ 02831687  n_px=57  rrs_8=0.00102  CHL_NN=0.299
14:30:15 [INFO]   ✓ 72824102  n_px=82  rrs_8=0.00147  CHL_NN=0.409
14:30:16 [INFO]   ✓ 97982097  n_px=102  rrs_8=0.00302  CHL_NN=0.598
14:30:17 [INFO]   ✓ 45780956  n_px=61  rrs_8=0.00102  CHL_NN=0.346
14:30:18 [INFO]   ✓ 01553326  n_px=65  rrs_8=0.00111  CHL_NN=0.441
14:30:19 [INFO]   ✓ 70420226  n_px=59  rrs_8=0.00098  CHL_NN=0.362
14:30:20 [INFO]   ✓ 26048107  n_px=78  rrs_8=0.00177  CHL_NN=1.480
14:30:21 [INFO]   ✓ 19394123  n_px=67  rrs_8=0.00567  CHL_NN=0.425
14:30:23 [INFO]   ✓ 94257970  n_px=71  rrs_8=0.00206  CHL_NN=0.654
14:30:24 [INFO]   ✓ 98639864  n_px=62  rrs_8=0.00100  CHL_NN=0.425
14:30:25 [INFO]   ✓ 06333555  n_px=63  rrs_8=0.00117  CHL_NN=0.409
14:30:26 [INFO]   ✓ 30534407  n_px=82  rrs_8=0.00124  CHL_NN=0.441
14:30:27 [INFO]   ✓ 18561828  n_px=99  rrs_8=0.00347  CHL_NN=0.882
14:30:28 [INFO]   ✓ 82820786  n_px=55  rrs_8=0.00100  CHL_NN=0.299
14:30:29 [INFO]   ✓ 59760136  n_px=64  rrs_8=0.00110  CHL_NN=0.441
14:30:30 [INFO]   ✓ 00845791  n_px=51  rrs_8=0.00166  CHL_NN=1.008
14:30:30 [INFO] [20251003] 46 location(s)
14:30:32 [INFO]   ✓ 82062280  n_px=82  rrs_8=0.00111  CHL_NN=0.614
14:30:33 [INFO]   ✓ 59883557  n_px=93  rrs_8=0.00104  CHL_NN=1.622
14:30:34 [INFO]   ✓ 55152470  n_px=79  rrs_8=0.00109  CHL_NN=0.394
14:30:35 [INFO]   ✓ 87065042  n_px=56  rrs_8=0.00108  CHL_NN=0.378
14:30:37 [INFO]   ✓ 57871752  n_px=64  rrs_8=0.00107  CHL_NN=0.346
14:30:38 [INFO]   ✓ 62410928  n_px=108  rrs_8=0.00910  CHL_NN=1.764
14:30:39 [INFO]   ✓ 97798120  n_px=79  rrs_8=0.00120  CHL_NN=0.331
14:30:40 [INFO]   ✓ 66666267  n_px=61  rrs_8=0.00109  CHL_NN=0.346
14:30:41 [INFO]   ✓ 50214187  n_px=106  rrs_8=0.00124  CHL_NN=1.717
14:30:42 [INFO]   ✓ 94766043  n_px=80  rrs_8=0.00110  CHL_NN=0.394
14:30:43 [INFO]   ✓ 97510028  n_px=71  rrs_8=0.00115  CHL_NN=0.346
14:30:44 [INFO]   ✓ 32274801  n_px=98  rrs_8=0.00060  CHL_NN=1.654
14:30:45 [INFO]   ✓ 83305337  n_px=78  rrs_8=0.00112  CHL_NN=0.425
14:30:46 [INFO]   ✓ 56020159  n_px=81  rrs_8=0.00109  CHL_NN=0.394
14:30:47 [INFO]   ✓ 19199356  n_px=62  rrs_8=0.00106  CHL_NN=0.394
14:30:49 [INFO]   ✓ 96927464  n_px=76  rrs_8=0.00117  CHL_NN=0.346
14:30:50 [INFO]   ✓ 49531466  n_px=80  rrs_8=0.00095  CHL_NN=0.630
14:30:51 [INFO]   ✓ 70294057  n_px=96  rrs_8=0.00257  CHL_NN=1.646
14:30:52 [INFO]   ✓ 80777817  n_px=74  rrs_8=0.00125  CHL_NN=0.362
14:30:53 [INFO]   ✓ 70185936  n_px=57  rrs_8=0.00106  CHL_NN=0.378
14:30:54 [INFO]   ✓ 30507421  n_px=65  rrs_8=0.00095  CHL_NN=0.315
14:30:55 [INFO]   ✓ 89951731  n_px=93  rrs_8=0.00140  CHL_NN=1.740
14:30:56 [INFO]   ✓ 58839630  n_px=77  rrs_8=0.00120  CHL_NN=0.331
14:30:57 [INFO]   ✓ 28722063  n_px=71  rrs_8=0.00120  CHL_NN=0.346
14:30:59 [INFO]   ✓ 19394123  n_px=69  rrs_8=0.00563  CHL_NN=0.614
14:31:00 [INFO]   ✓ 36367400  n_px=70  rrs_8=0.00112  CHL_NN=0.307
14:31:01 [INFO]   ✓ 24929740  n_px=72  rrs_8=0.00068  CHL_NN=1.772
14:31:02 [INFO]   ✓ 53249520  n_px=61  rrs_8=0.00096  CHL_NN=0.520
14:31:04 [INFO]   ✓ 91433110  n_px=69  rrs_8=0.00111  CHL_NN=0.394
14:31:05 [INFO]   ✓ 95361188  n_px=62  rrs_8=0.00110  CHL_NN=0.394
14:31:06 [INFO]   ✓ 58651428  n_px=91  rrs_8=0.00140  CHL_NN=1.646
14:31:07 [INFO]   ✓ 69559625  n_px=61  rrs_8=0.00098  CHL_NN=0.362
14:31:08 [INFO]   ✓ 26869599  n_px=68  rrs_8=0.00162  CHL_NN=1.701
14:31:09 [INFO]   ✓ 61800736  n_px=94  rrs_8=0.00134  CHL_NN=1.724
14:31:10 [INFO]   ✓ 27004337  n_px=64  rrs_8=0.00104  CHL_NN=0.362
14:31:11 [INFO]   ✓ 44036868  n_px=90  rrs_8=0.00226  CHL_NN=1.063
14:31:12 [INFO]   ✓ 02297380  n_px=61  rrs_8=0.00115  CHL_NN=0.394
14:31:13 [INFO]   ✓ 29229735  n_px=75  rrs_8=0.00098  CHL_NN=0.488
14:31:14 [INFO]   ✓ 69105638  n_px=66  rrs_8=0.00116  CHL_NN=0.362
14:31:15 [INFO]   ✓ 48887442  n_px=78  rrs_8=0.00132  CHL_NN=0.362
14:31:16 [INFO]   ✓ 87924230  n_px=78  rrs_8=0.00095  CHL_NN=0.630
14:31:17 [INFO]   ✓ 12077002  n_px=51  rrs_8=0.00109  CHL_NN=0.362
14:31:18 [INFO]   ✓ 86454931  n_px=55  rrs_8=0.00106  CHL_NN=0.362
14:31:20 [INFO]   ✓ 49001222  n_px=94  rrs_8=0.00137  CHL_NN=1.717
14:31:20 [INFO]   ✓ 54475150  n_px=87  rrs_8=0.00122  CHL_NN=0.551
14:31:22 [INFO]   ✓ 47368314  n_px=96  rrs_8=0.00139  CHL_NN=1.748
14:31:22 [INFO] [20251004] 49 location(s)
14:31:23 [INFO]   ✓ 15780286  n_px=70  rrs_8=0.00123  CHL_NN=0.236
14:31:24 [INFO]   ✓ 99416199  n_px=67  rrs_8=0.00100  CHL_NN=0.220
14:31:25 [INFO]   ✓ 44036868  n_px=103  rrs_8=0.00274  CHL_NN=1.811
14:31:27 [INFO]   ✓ 36357311  n_px=40  rrs_8=0.00129  CHL_NN=0.362
14:31:28 [INFO]   ✓ 23169105  n_px=55  rrs_8=0.00120  CHL_NN=0.346
14:31:29 [INFO]   ✓ 55232516  n_px=63  rrs_8=0.00131  CHL_NN=0.449
14:31:30 [INFO]   ✓ 98910439  n_px=45  rrs_8=0.00089  CHL_NN=0.220
14:31:32 [INFO]   ✓ 16179914  n_px=87  rrs_8=0.00204  CHL_NN=1.465
14:31:33 [INFO]   ✓ 58424335  n_px=66  rrs_8=0.00139  CHL_NN=0.315
14:31:34 [INFO]   ✓ 15831386  n_px=54  rrs_8=0.00121  CHL_NN=0.331
14:31:35 [INFO]   ✓ 84451240  n_px=82  rrs_8=0.00189  CHL_NN=1.181
14:31:37 [INFO]   ✓ 80992122  n_px=102  rrs_8=0.00234  CHL_NN=0.567
14:31:38 [INFO]   ✓ 82003071  n_px=55  rrs_8=0.00122  CHL_NN=0.378
14:31:39 [INFO]   ✓ 98510243  n_px=59  rrs_8=0.00120  CHL_NN=0.299
14:31:40 [INFO]   ✓ 42404195  n_px=59  rrs_8=0.00120  CHL_NN=0.283
14:31:41 [INFO]   ✓ 18995325  n_px=65  rrs_8=0.00122  CHL_NN=0.205
14:31:43 [INFO]   ✓ 46964014  n_px=68  rrs_8=0.00120  CHL_NN=0.315
14:31:44 [INFO]   ✓ 72337818  n_px=101  rrs_8=0.00162  CHL_NN=1.591
14:31:45 [INFO]   ✓ 39137972  n_px=78  rrs_8=0.00207  CHL_NN=0.913
14:31:47 [INFO]   ✓ 19394123  n_px=62  rrs_8=0.00584  CHL_NN=0.614
14:31:48 [INFO]   ✓ 76316076  n_px=65  rrs_8=0.00186  CHL_NN=0.362
14:31:49 [INFO]   ✓ 83472515  n_px=63  rrs_8=0.00117  CHL_NN=0.346
14:31:50 [INFO]   ✓ 66427928  n_px=63  rrs_8=0.00151  CHL_NN=0.315
14:31:51 [INFO]   ✓ 02400140  n_px=66  rrs_8=0.00161  CHL_NN=0.488
14:31:52 [INFO]   ✓ 92238498  n_px=57  rrs_8=0.00113  CHL_NN=0.315
14:31:54 [INFO]   ✓ 23577884  n_px=65  rrs_8=0.00129  CHL_NN=0.315
14:31:55 [INFO]   ✓ 13708438  n_px=48  rrs_8=0.00127  CHL_NN=0.346
14:31:56 [INFO]   ✓ 89576270  n_px=39  rrs_8=0.00085  CHL_NN=0.205
14:31:57 [INFO]   ✓ 26225375  n_px=45  rrs_8=0.00089  CHL_NN=0.220
14:31:58 [INFO]   ✓ 10866248  n_px=54  rrs_8=0.00124  CHL_NN=0.370
14:31:59 [INFO]   ✓ 06709485  n_px=59  rrs_8=0.00122  CHL_NN=0.425
14:32:00 [INFO]   ✓ 60149880  n_px=77  rrs_8=0.00142  CHL_NN=1.094
14:32:02 [INFO]   ✓ 51940490  n_px=55  rrs_8=0.00124  CHL_NN=0.378
14:32:03 [INFO]   ✓ 47783054  n_px=57  rrs_8=0.00142  CHL_NN=0.283
14:32:04 [INFO]   ✓ 03086766  n_px=50  rrs_8=0.00120  CHL_NN=0.331
14:32:05 [INFO]   ✓ 05852913  n_px=61  rrs_8=0.00111  CHL_NN=0.315
14:32:06 [INFO]   ✓ 52036498  n_px=53  rrs_8=0.00153  CHL_NN=0.283
14:32:07 [INFO]   ✓ 95217516  n_px=74  rrs_8=0.00244  CHL_NN=0.362
14:32:08 [INFO]   ✓ 51437896  n_px=72  rrs_8=0.00172  CHL_NN=0.362
14:32:09 [INFO]   ✓ 34782631  n_px=90  rrs_8=0.00199  CHL_NN=0.961
14:32:10 [INFO]   ✓ 60540702  n_px=109  rrs_8=0.00197  CHL_NN=1.165
14:32:12 [INFO]   ✓ 73341308  n_px=49  rrs_8=0.00118  CHL_NN=0.331
14:32:13 [INFO]   ✓ 12868921  n_px=66  rrs_8=0.00164  CHL_NN=0.488
14:32:15 [INFO]   ✓ 82209700  n_px=97  rrs_8=0.00236  CHL_NN=1.457
14:32:16 [INFO]   ✓ 74904554  n_px=54  rrs_8=0.00147  CHL_NN=0.378
14:32:17 [INFO]   ✓ 46044603  n_px=77  rrs_8=0.00225  CHL_NN=0.913
14:32:18 [INFO]   ✓ 01206558  n_px=68  rrs_8=0.00180  CHL_NN=0.283
14:32:19 [INFO]   ✓ 57862168  n_px=93  rrs_8=0.00342  CHL_NN=1.795
14:32:20 [INFO]   ✓ 49342673  n_px=64  rrs_8=0.00157  CHL_NN=0.299
14:32:20 [INFO] [20251005] 53 location(s)
14:32:21 [INFO]   ✓ 91425359  n_px=68  rrs_8=0.00192  CHL_NN=0.315
14:32:22 [INFO]   ✓ 74521026  n_px=78  rrs_8=0.00237  CHL_NN=0.252
14:32:24 [INFO]   ✓ 77779478  n_px=71  rrs_8=0.00164  CHL_NN=0.260
14:32:25 [INFO]   ✓ 61767719  n_px=59  rrs_8=0.00122  CHL_NN=0.346
14:32:26 [INFO]   ✓ 98686791  n_px=67  rrs_8=0.00336  CHL_NN=0.283
14:32:27 [INFO]   ✓ 14507820  n_px=64  rrs_8=0.00154  CHL_NN=0.787
14:32:28 [INFO]   ✓ 70420355  n_px=76  rrs_8=0.00262  CHL_NN=0.236
14:32:30 [INFO]   ✓ 59222916  n_px=62  rrs_8=0.00189  CHL_NN=0.268
14:32:31 [INFO]   ✓ 26497362  n_px=72  rrs_8=0.00206  CHL_NN=0.236
14:32:32 [INFO]   ✓ 65930416  n_px=42  rrs_8=0.00084  CHL_NN=0.252
14:32:33 [INFO]   ✓ 39830633  n_px=78  rrs_8=0.00210  CHL_NN=0.283
14:32:34 [INFO]   ✓ 14117402  n_px=81  rrs_8=0.00195  CHL_NN=0.268
14:32:35 [INFO]   ✓ 74405282  n_px=49  rrs_8=0.00144  CHL_NN=0.252
14:32:37 [INFO]   ✓ 33290263  n_px=54  rrs_8=0.00129  CHL_NN=0.299
14:32:38 [INFO]   ✓ 77866096  n_px=55  rrs_8=0.00126  CHL_NN=0.299
14:32:39 [INFO]   ✓ 68470433  n_px=61  rrs_8=0.00159  CHL_NN=0.378
14:32:40 [INFO]   ✓ 24241414  n_px=59  rrs_8=0.00177  CHL_NN=0.299
14:32:41 [INFO]   ✓ 75514237  n_px=71  rrs_8=0.00172  CHL_NN=0.331
14:32:42 [INFO]   ✓ 22875068  n_px=84  rrs_8=0.00194  CHL_NN=1.512
14:32:43 [INFO]   ✓ 10558002  n_px=59  rrs_8=0.00241  CHL_NN=0.220
14:32:45 [INFO]   ✓ 79052028  n_px=72  rrs_8=0.00126  CHL_NN=0.331
14:32:46 [INFO]   ✓ 19394123  n_px=62  rrs_8=0.00571  CHL_NN=0.614
14:32:47 [INFO]   ✓ 51956602  n_px=67  rrs_8=0.00241  CHL_NN=0.252
14:32:49 [INFO]   ✓ 05578372  n_px=68  rrs_8=0.00183  CHL_NN=0.378
14:32:50 [INFO]   ✓ 60122894  n_px=58  rrs_8=0.00150  CHL_NN=0.378
14:32:51 [INFO]   ✓ 88178858  n_px=65  rrs_8=0.00197  CHL_NN=0.276
14:32:52 [INFO]   ✓ 87476076  n_px=55  rrs_8=0.00126  CHL_NN=0.299
14:32:53 [INFO]   ✓ 61946049  n_px=77  rrs_8=0.00236  CHL_NN=0.283
14:32:54 [INFO]   ✓ 09716077  n_px=71  rrs_8=0.00129  CHL_NN=1.496
14:32:55 [INFO]   ✓ 77036466  n_px=47  rrs_8=0.00117  CHL_NN=0.354
14:32:56 [INFO]   ✓ 10353060  n_px=59  rrs_8=0.00168  CHL_NN=0.252
14:32:57 [INFO]   ✓ 85199013  n_px=71  rrs_8=0.00131  CHL_NN=0.236
14:32:58 [INFO]   ✓ 73766985  n_px=71  rrs_8=0.00199  CHL_NN=0.307
14:32:59 [INFO]   ✓ 50199743  n_px=63  rrs_8=0.00161  CHL_NN=0.346
14:33:00 [INFO]   ✓ 32312699  n_px=57  rrs_8=0.00126  CHL_NN=0.299
14:33:01 [INFO]   ✓ 79382215  n_px=74  rrs_8=0.00175  CHL_NN=0.252
14:33:02 [INFO]   ✓ 94809712  n_px=67  rrs_8=0.00146  CHL_NN=0.331
14:33:03 [INFO]   ✓ 64496358  n_px=76  rrs_8=0.00492  CHL_NN=0.291
14:33:04 [INFO]   ✓ 32647684  n_px=59  rrs_8=0.00124  CHL_NN=0.299
14:33:05 [INFO]   ✓ 46270336  n_px=45  rrs_8=0.00087  CHL_NN=0.268
14:33:06 [INFO]   ✓ 56406029  n_px=56  rrs_8=0.00126  CHL_NN=0.299
14:33:07 [INFO]   ✓ 16829109  n_px=58  rrs_8=0.00123  CHL_NN=0.315
14:33:08 [INFO]   ✓ 23140797  n_px=75  rrs_8=0.00197  CHL_NN=0.252
14:33:09 [INFO]   ✓ 99784989  n_px=75  rrs_8=0.00204  CHL_NN=0.252
14:33:10 [INFO]   ✓ 26177807  n_px=107  rrs_8=0.00208  CHL_NN=0.441
14:33:11 [INFO]   ✓ 71417306  n_px=72  rrs_8=0.00183  CHL_NN=1.433
14:33:12 [INFO]   ✓ 71285119  n_px=58  rrs_8=0.00126  CHL_NN=0.299
14:33:13 [INFO]   ✓ 55174998  n_px=49  rrs_8=0.00113  CHL_NN=0.236
14:33:14 [INFO]   ✓ 05266207  n_px=35  rrs_8=0.00084  CHL_NN=0.220
14:33:16 [INFO]   ✓ 34330634  n_px=70  rrs_8=0.00179  CHL_NN=0.252
14:33:17 [INFO]   ✓ 75688666  n_px=58  rrs_8=0.00126  CHL_NN=0.339
14:33:18 [INFO]   ✓ 24987216  n_px=74  rrs_8=0.00175  CHL_NN=0.268
14:33:19 [INFO]   ✓ 42843183  n_px=48  rrs_8=0.00112  CHL_NN=0.315
14:33:19 [INFO] === 400/449 dates | 4699 records | match=96.7% | 0.07 dates/s | ETA ~11m29s ===
14:33:19 [INFO] Checkpoint → datasets/GULF_OF_MAINE/processed_data/sentinel_3_L2_past3days/bac_features2/sh_s3_features_checkpoint.parquet
14:33:19 [INFO] [20251006] 45 location(s)
14:33:21 [INFO]   ✓ 35688855  n_px=33  rrs_8=0.00084  CHL_NN=0.299
14:33:22 [INFO]   ✓ 28663701  n_px=41  rrs_8=0.00106  CHL_NN=0.630
14:33:23 [INFO]   ✓ 29114059  n_px=35  rrs_8=0.00106  CHL_NN=0.236
14:33:25 [INFO]   ✓ 93560731  n_px=46  rrs_8=0.00105  CHL_NN=0.346
14:33:26 [INFO]   ✓ 54384105  n_px=31  rrs_8=0.00067  CHL_NN=0.394
14:33:28 [INFO]   ✓ 02841529  n_px=45  rrs_8=0.00102  CHL_NN=0.157
14:33:29 [INFO]   ✓ 44457507  n_px=42  rrs_8=0.00118  CHL_NN=0.150
14:33:31 [INFO]   ✓ 21227805  n_px=64  rrs_8=0.00110  CHL_NN=0.276
14:33:32 [INFO]   ✓ 66036344  n_px=39  rrs_8=0.00096  CHL_NN=0.173
14:33:34 [INFO]   ✓ 29435143  n_px=43  rrs_8=0.00087  CHL_NN=0.142
14:33:35 [INFO]   ✓ 36461274  n_px=39  rrs_8=0.00093  CHL_NN=0.071
14:33:36 [INFO]   ✓ 54298015  n_px=30  rrs_8=0.00100  CHL_NN=0.252
14:33:37 [INFO]   ✓ 19715118  n_px=42  rrs_8=0.00074  CHL_NN=0.150
14:33:38 [INFO]   ✓ 12447100  n_px=32  rrs_8=0.00095  CHL_NN=0.252
14:33:40 [INFO]   ✓ 15355667  n_px=33  rrs_8=0.00089  CHL_NN=0.110
14:33:41 [INFO]   ✓ 10085964  n_px=47  rrs_8=0.00085  CHL_NN=0.126
14:33:42 [INFO]   ✓ 66079649  n_px=41  rrs_8=0.00107  CHL_NN=0.189
14:33:43 [INFO]   ✓ 11906320  n_px=41  rrs_8=0.00082  CHL_NN=0.173
14:33:44 [INFO]   ✓ 88717075  n_px=40  rrs_8=0.00099  CHL_NN=0.031
14:33:46 [INFO]   ✓ 96858503  n_px=29  rrs_8=0.00085  CHL_NN=0.252
14:33:47 [INFO]   ✓ 72144308  n_px=61  rrs_8=0.00107  CHL_NN=0.346
14:33:48 [INFO]   ✓ 88867551  n_px=41  rrs_8=0.00098  CHL_NN=0.315
14:33:49 [INFO]   ✓ 98999083  n_px=59  rrs_8=0.00100  CHL_NN=0.189
14:33:51 [INFO]   ✓ 69209460  n_px=30  rrs_8=0.00085  CHL_NN=0.173
14:33:52 [INFO]   ✓ 56017559  n_px=55  rrs_8=0.00109  CHL_NN=0.071
14:33:53 [INFO]   ✓ 31415260  n_px=36  rrs_8=0.00082  CHL_NN=0.173
14:33:54 [INFO]   ✓ 62491223  n_px=39  rrs_8=0.00102  CHL_NN=0.016
14:33:56 [INFO]   ✓ 40001756  n_px=42  rrs_8=0.00103  CHL_NN=0.173
14:33:57 [INFO]   ✓ 24732080  n_px=33  rrs_8=0.00102  CHL_NN=0.362
14:33:58 [INFO]   ✓ 81741560  n_px=43  rrs_8=0.00073  CHL_NN=0.551
14:33:59 [INFO]   ✓ 82215668  n_px=46  rrs_8=0.00106  CHL_NN=0.142
14:34:01 [INFO]   ✓ 19309645  n_px=49  rrs_8=0.00098  CHL_NN=0.315
14:34:02 [INFO]   ✓ 19394123  n_px=30  rrs_8=0.00458  CHL_NN=0.583
14:34:03 [INFO]   ✓ 60148301  n_px=42  rrs_8=0.00096  CHL_NN=0.331
14:34:04 [INFO]   ✓ 70210204  n_px=53  rrs_8=0.00098  CHL_NN=0.480
14:34:05 [INFO]   ✓ 01216321  n_px=41  rrs_8=0.00102  CHL_NN=1.512
14:34:07 [INFO]   ✓ 41250419  n_px=46  rrs_8=0.00103  CHL_NN=0.063
14:34:08 [INFO]   ✓ 79524694  n_px=55  rrs_8=0.00106  CHL_NN=0.150
14:34:09 [INFO]   ✓ 16372634  n_px=52  rrs_8=0.00108  CHL_NN=1.402
14:34:11 [INFO]   ✓ 69723092  n_px=40  rrs_8=0.00102  CHL_NN=0.236
14:34:12 [INFO]   ✓ 80457871  n_px=34  rrs_8=0.00085  CHL_NN=0.252
14:34:13 [INFO]   ✓ 74325072  n_px=26  rrs_8=0.00091  CHL_NN=0.110
14:34:14 [INFO]   ✓ 04265331  n_px=44  rrs_8=0.00095  CHL_NN=0.079
14:34:15 [INFO]   ✓ 25194828  n_px=51  rrs_8=0.00080  CHL_NN=0.079
14:34:17 [INFO]   ✓ 58219010  n_px=41  rrs_8=0.00091  CHL_NN=0.252
14:34:17 [INFO] [20251007] 38 location(s)
14:34:18 [INFO]   ✓ 42466699  n_px=40  rrs_8=0.00093  CHL_NN=0.362
14:34:19 [INFO]   ✓ 21365320  n_px=31  rrs_8=0.00093  CHL_NN=0.559
14:34:21 [INFO]   ✓ 80584007  n_px=31  rrs_8=0.00107  CHL_NN=0.094
14:34:22 [INFO]   ✓ 95183425  n_px=42  rrs_8=0.00101  CHL_NN=0.268
14:34:23 [INFO]   ✓ 43666762  n_px=80  rrs_8=0.11360  CHL_NN=0.646
14:34:25 [INFO]   ✓ 23196211  n_px=56  rrs_8=0.00117  CHL_NN=1.118
14:34:26 [INFO]   ✓ 15355667  n_px=53  rrs_8=0.00122  CHL_NN=0.142
14:34:27 [INFO]   ✓ 03252594  n_px=47  rrs_8=0.00181  CHL_NN=0.693
14:34:29 [INFO]   ✓ 14687812  n_px=29  rrs_8=0.00089  CHL_NN=0.079
14:34:30 [INFO]   ✓ 96971144  n_px=66  rrs_8=0.00172  CHL_NN=0.661
14:34:31 [INFO]   ✓ 41243835  n_px=26  rrs_8=0.00102  CHL_NN=0.079
14:34:33 [INFO]   ✓ 64304328  n_px=36  rrs_8=0.00094  CHL_NN=0.173
14:34:34 [INFO]   ✓ 61697890  n_px=20  rrs_8=0.00098  CHL_NN=0.126
14:34:35 [INFO]   ✓ 74095767  n_px=44  rrs_8=0.00088  CHL_NN=0.646
14:34:36 [INFO]   ✓ 19421374  n_px=87  rrs_8=0.11684  CHL_NN=1.748
14:34:37 [INFO]   ✓ 76073230  n_px=87  rrs_8=0.00215  CHL_NN=1.244
14:34:38 [INFO]   ✓ 43322139  n_px=35  rrs_8=0.00095  CHL_NN=0.331
14:34:40 [INFO]   ✓ 95837516  n_px=56  rrs_8=0.00106  CHL_NN=1.575
14:34:41 [INFO]   ✓ 58418379  n_px=30  rrs_8=0.00113  CHL_NN=0.110
14:34:42 [INFO]   ✓ 31912124  n_px=60  rrs_8=0.00110  CHL_NN=1.402
14:34:44 [INFO]   ✓ 92983306  n_px=36  rrs_8=0.00107  CHL_NN=0.409
14:34:45 [INFO]   ✓ 60896165  n_px=29  rrs_8=0.00095  CHL_NN=0.063
14:34:46 [INFO]   ✓ 39230154  n_px=37  rrs_8=0.00106  CHL_NN=0.268
14:34:48 [INFO]   ✓ 20672688  n_px=28  rrs_8=0.00090  CHL_NN=0.079
14:34:48 [INFO]   ✓ 62096489  n_px=39  rrs_8=0.00102  CHL_NN=0.252
14:34:50 [INFO]   ✓ 91409581  n_px=29  rrs_8=0.00087  CHL_NN=0.047
14:34:51 [INFO]   ✓ 47002895  n_px=130  rrs_8=0.11663  CHL_NN=1.748
14:34:52 [INFO]   ✓ 65469695  n_px=42  rrs_8=0.00101  CHL_NN=0.268
14:34:53 [INFO]   ✓ 75601153  n_px=93  rrs_8=0.10380  CHL_NN=1.701
14:34:54 [INFO]   ✓ 19394123  n_px=40  rrs_8=0.00426  CHL_NN=0.630
14:34:55 [INFO]   ✓ 52539112  n_px=89  rrs_8=0.10960  CHL_NN=1.732
14:34:56 [INFO]   ✓ 65014254  n_px=55  rrs_8=0.09459  CHL_NN=0.157
14:34:57 [INFO]   ✓ 67834223  n_px=38  rrs_8=0.00101  CHL_NN=0.205
14:34:58 [INFO]   ✓ 55826559  n_px=29  rrs_8=0.00113  CHL_NN=0.102
14:35:00 [INFO]   ✓ 80179604  n_px=37  rrs_8=0.00100  CHL_NN=0.362
14:35:01 [INFO]   ✓ 72672117  n_px=60  rrs_8=0.00111  CHL_NN=1.402
14:35:02 [INFO]   ✓ 26010772  n_px=29  rrs_8=0.00104  CHL_NN=0.220
14:35:03 [INFO]   ✓ 52784130  n_px=42  rrs_8=0.00101  CHL_NN=0.268
14:35:03 [INFO] [20251008] 13 location(s)
14:35:05 [INFO]   ✓ 48806095  n_px=83  rrs_8=0.07553  CHL_NN=1.780
14:35:06 [INFO]   ✓ 90239975  n_px=42  rrs_8=0.00119  CHL_NN=1.535
14:35:07 [INFO]   ✓ 79832351  n_px=126  rrs_8=0.11728  CHL_NN=1.843
14:35:09 [INFO]   ✓ 77711488  n_px=87  rrs_8=0.09759  CHL_NN=1.827
14:35:10 [INFO]   ✓ 47840040  n_px=47  rrs_8=0.00100  CHL_NN=0.512
14:35:11 [INFO]   ✓ 55596791  n_px=128  rrs_8=0.11699  CHL_NN=1.843
14:35:13 [INFO]   ✓ 08437252  n_px=128  rrs_8=0.11699  CHL_NN=1.843
14:35:13 [INFO]   ✓ 47146721  n_px=46  rrs_8=0.00113  CHL_NN=0.339
14:35:15 [INFO]   ✓ 19394123  n_px=34  rrs_8=0.00340  CHL_NN=0.630
14:35:16 [INFO]   ✓ 58501631  n_px=44  rrs_8=0.00095  CHL_NN=1.071
14:35:18 [INFO]   ✓ 56156108  n_px=73  rrs_8=0.00139  CHL_NN=0.543
14:35:19 [INFO]   ✓ 98581126  n_px=125  rrs_8=0.11812  CHL_NN=1.827
14:35:20 [INFO]   ✓ 91409581  n_px=45  rrs_8=0.00117  CHL_NN=1.449
14:35:20 [INFO] [20251009] 1 location(s)
14:35:22 [INFO]   ✓ 19394123  n_px=75  rrs_8=0.00454  CHL_NN=0.693
14:35:22 [INFO] [20251010] 1 location(s)
14:35:23 [INFO]   ✓ 19394123  n_px=76  rrs_8=0.00452  CHL_NN=0.693
14:35:23 [INFO] [20251011] 1 location(s)
14:35:25 [INFO]   ✓ 19394123  n_px=74  rrs_8=0.00454  CHL_NN=0.709
14:35:25 [INFO] [20251012] 1 location(s)
14:35:26 [INFO]   ✓ 19394123  n_px=74  rrs_8=0.00454  CHL_NN=0.709
14:35:26 [INFO] [20251013] 1 location(s)
14:35:28 [INFO]   ✓ 19394123  n_px=41  rrs_8=0.00195  CHL_NN=0.646
14:35:28 [INFO] [20251014] 2 location(s)
14:35:29 [INFO]   ✓ 19394123  n_px=43  rrs_8=0.00190  CHL_NN=0.646
14:35:31 [INFO]   ✓ 79304527  n_px=35  rrs_8=0.00067  CHL_NN=0.079
14:35:31 [INFO] [20251015] 1 location(s)
14:35:32 [INFO]   ✗ 19394123  no valid data in -3d window
14:35:32 [INFO] [20251016] 1 location(s)
14:35:34 [INFO]   ✓ 19394123  n_px=38  rrs_8=0.00428  CHL_NN=0.488
14:35:34 [INFO] [20251017] 1 location(s)
14:35:35 [INFO]   ✓ 19394123  n_px=54  rrs_8=0.00681  CHL_NN=0.504
14:35:35 [INFO] [20251018] 1 location(s)
14:35:37 [INFO]   ✓ 19394123  n_px=55  rrs_8=0.00714  CHL_NN=0.520
14:35:37 [INFO] [20251019] 1 location(s)
14:35:38 [INFO]   ✓ 19394123  n_px=55  rrs_8=0.00714  CHL_NN=0.661
14:35:38 [INFO] [20251020] 1 location(s)
14:35:39 [INFO]   ✓ 19394123  n_px=49  rrs_8=0.00452  CHL_NN=0.661
14:35:39 [INFO] [20251021] 1 location(s)
14:35:41 [INFO]   ✓ 19394123  n_px=50  rrs_8=0.00689  CHL_NN=0.677
14:35:41 [INFO] [20251022] 1 location(s)
14:35:43 [INFO]   ✓ 19394123  n_px=151  rrs_8=0.01160  CHL_NN=0.693
14:35:43 [INFO] [20251023] 1 location(s)
14:35:44 [INFO]   ✓ 19394123  n_px=125  rrs_8=0.01320  CHL_NN=0.677
14:35:44 [INFO] [20251024] 1 location(s)
14:35:46 [INFO]   ✓ 19394123  n_px=125  rrs_8=0.01320  CHL_NN=0.677
14:35:46 [INFO] [20251025] 1 location(s)
14:35:47 [INFO]   ✓ 19394123  n_px=126  rrs_8=0.01317  CHL_NN=0.677
14:35:47 [INFO] [20251026] 1 location(s)
14:35:48 [INFO]   ✓ 19394123  n_px=26  rrs_8=0.01146  CHL_NN=0.661
14:35:48 [INFO] [20251027] 1 location(s)
14:35:50 [INFO]   ✓ 19394123  n_px=47  rrs_8=0.00538  CHL_NN=0.661
14:35:50 [INFO] [20251102] 1 location(s)
14:35:51 [INFO]   ✓ 19394123  n_px=101  rrs_8=0.02440  CHL_NN=0.724
14:35:51 [INFO] [20251103] 1 location(s)
14:35:53 [INFO]   ✓ 19394123  n_px=101  rrs_8=0.02440  CHL_NN=0.724
14:35:53 [INFO] [20251104] 1 location(s)
14:35:54 [INFO]   ✓ 19394123  n_px=86  rrs_8=0.02023  CHL_NN=0.709
14:35:55 [INFO] [20251105] 1 location(s)
14:35:56 [INFO]   ✓ 19394123  n_px=97  rrs_8=0.01686  CHL_NN=0.661
14:35:56 [INFO] [20251106] 1 location(s)
14:35:58 [INFO]   ✓ 19394123  n_px=145  rrs_8=0.02341  CHL_NN=0.677
14:35:58 [INFO] [20251107] 1 location(s)
14:35:59 [INFO]   ✓ 19394123  n_px=145  rrs_8=0.02341  CHL_NN=0.709
14:35:59 [INFO] [20251108] 18 location(s)
14:36:01 [INFO]   ✓ 14825675  n_px=49  rrs_8=0.00115  CHL_NN=0.409
14:36:03 [INFO]   ✓ 16069850  n_px=66  rrs_8=0.00353  CHL_NN=1.543
14:36:04 [INFO]   ✓ 27085794  n_px=79  rrs_8=0.00331  CHL_NN=1.370
14:36:05 [INFO]   ✓ 87716029  n_px=89  rrs_8=0.00164  CHL_NN=0.732
14:36:07 [INFO]   ✓ 47199038  n_px=82  rrs_8=0.00165  CHL_NN=0.535
14:36:09 [INFO]   ✓ 87428710  n_px=59  rrs_8=0.00259  CHL_NN=1.559
14:36:10 [INFO]   ✓ 72635478  n_px=72  rrs_8=0.00324  CHL_NN=1.354
14:36:11 [INFO]   ✓ 87137863  n_px=72  rrs_8=0.00134  CHL_NN=0.976
14:36:12 [INFO]   ✓ 49485485  n_px=77  rrs_8=0.00131  CHL_NN=0.945
14:36:13 [INFO]   ✓ 01099385  n_px=83  rrs_8=0.00159  CHL_NN=0.543
14:36:14 [INFO]   ✓ 18718117  n_px=59  rrs_8=0.00281  CHL_NN=1.559
14:36:15 [INFO]   ✓ 38572550  n_px=68  rrs_8=0.00269  CHL_NN=1.181
14:36:16 [INFO]   ✓ 19394123  n_px=143  rrs_8=0.02341  CHL_NN=0.709
14:36:18 [INFO]   ✓ 77235810  n_px=58  rrs_8=0.00294  CHL_NN=1.559
14:36:20 [INFO]   ✓ 77355308  n_px=64  rrs_8=0.00294  CHL_NN=1.543
14:36:21 [INFO]   ✓ 99204455  n_px=60  rrs_8=0.00272  CHL_NN=1.559
14:36:22 [INFO]   ✓ 31890772  n_px=78  rrs_8=0.00165  CHL_NN=0.535
14:36:23 [INFO]   ✓ 75185451  n_px=82  rrs_8=0.00154  CHL_NN=1.150
14:36:23 [INFO] [20251109] 54 location(s)
14:36:24 [INFO]   ✓ 93068750  n_px=40  rrs_8=0.00292  CHL_NN=0.961
14:36:26 [INFO]   ✓ 02526883  n_px=75  rrs_8=0.00214  CHL_NN=1.134
14:36:27 [INFO]   ✓ 17341144  n_px=71  rrs_8=0.00261  CHL_NN=1.638
14:36:28 [INFO]   ✓ 16284760  n_px=26  rrs_8=0.04312  CHL_NN=0.772
14:36:29 [INFO]   ✓ 67586923  n_px=71  rrs_8=0.00219  CHL_NN=1.165
14:36:31 [INFO]   ✓ 32491110  n_px=92  rrs_8=0.00361  CHL_NN=0.331
14:36:32 [INFO]   ✓ 42300936  n_px=91  rrs_8=0.00360  CHL_NN=0.331
14:36:33 [INFO]   ✓ 39292907  n_px=47  rrs_8=0.00190  CHL_NN=0.709
14:36:37 [INFO]   ✓ 74478206  n_px=71  rrs_8=0.00214  CHL_NN=0.504
14:36:38 [INFO]   ✓ 01908324  n_px=76  rrs_8=0.00259  CHL_NN=1.622
14:36:39 [INFO]   ✓ 81518348  n_px=42  rrs_8=0.00137  CHL_NN=0.835
14:36:41 [INFO]   ✓ 87796729  n_px=42  rrs_8=0.00133  CHL_NN=0.772
14:36:44 [INFO]   ✓ 47926267  n_px=98  rrs_8=0.01309  CHL_NN=0.724
14:36:45 [INFO]   ✓ 30281704  n_px=40  rrs_8=0.00292  CHL_NN=0.961
14:36:46 [INFO]   ✓ 44991040  n_px=85  rrs_8=0.00237  CHL_NN=1.606
14:36:47 [INFO]   ✓ 12591978  n_px=38  rrs_8=0.00220  CHL_NN=0.945
14:36:49 [INFO]   ✓ 87391703  n_px=49  rrs_8=0.00488  CHL_NN=0.724
14:36:50 [INFO]   ✓ 87708910  n_px=27  rrs_8=0.11534  CHL_NN=0.677
14:36:51 [INFO]   ✓ 03266836  n_px=52  rrs_8=0.00395  CHL_NN=0.488
14:36:52 [INFO]   ✓ 22170263  n_px=53  rrs_8=0.00228  CHL_NN=1.591
14:36:54 [INFO]   ✓ 28652910  n_px=27  rrs_8=0.09261  CHL_NN=0.764
14:36:55 [INFO]   ✓ 19137192  n_px=57  rrs_8=0.00873  CHL_NN=0.630
14:36:56 [INFO]   ✓ 30556429  n_px=55  rrs_8=0.00378  CHL_NN=0.465
14:36:57 [INFO]   ✓ 03241474  n_px=103  rrs_8=0.00397  CHL_NN=0.346
14:36:58 [INFO]   ✓ 81474889  n_px=60  rrs_8=0.00189  CHL_NN=0.772
14:36:59 [INFO]   ✓ 57828577  n_px=78  rrs_8=0.00201  CHL_NN=1.496
14:37:01 [INFO]   ✓ 01485777  n_px=71  rrs_8=0.00256  CHL_NN=0.535
14:37:01 [INFO]   ✓ 96746023  n_px=63  rrs_8=0.00225  CHL_NN=1.465
14:37:03 [INFO]   ✓ 04576565  n_px=31  rrs_8=0.13606  CHL_NN=0.913
14:37:04 [INFO]   ✓ 67474846  n_px=51  rrs_8=0.00389  CHL_NN=0.441
14:37:05 [INFO]   ✓ 76632921  n_px=42  rrs_8=0.00157  CHL_NN=0.945
14:37:06 [INFO]   ✓ 44013454  n_px=48  rrs_8=0.00399  CHL_NN=0.504
14:37:08 [INFO]   ✓ 94221475  n_px=75  rrs_8=0.00272  CHL_NN=1.630
14:37:09 [INFO]   ✓ 67565967  n_px=70  rrs_8=0.00403  CHL_NN=0.630
14:37:10 [INFO]   ✓ 60943006  n_px=42  rrs_8=0.00886  CHL_NN=1.606
14:37:11 [INFO]   ✓ 08835490  n_px=55  rrs_8=0.00373  CHL_NN=0.465
14:37:12 [INFO]   ✓ 77790972  n_px=27  rrs_8=0.07998  CHL_NN=0.772
14:37:13 [INFO]   ✓ 76989578  n_px=62  rrs_8=0.00563  CHL_NN=0.693
14:37:14 [INFO]   ✓ 64554177  n_px=48  rrs_8=0.00463  CHL_NN=0.772
14:37:15 [INFO]   ✓ 26250606  n_px=74  rrs_8=0.00269  CHL_NN=0.488
14:37:16 [INFO]   ✓ 09101992  n_px=69  rrs_8=0.00410  CHL_NN=1.276
14:37:17 [INFO]   ✓ 26504579  n_px=80  rrs_8=0.00918  CHL_NN=0.709
14:37:18 [INFO]   ✓ 08258965  n_px=55  rrs_8=0.00373  CHL_NN=0.465
14:37:19 [INFO]   ✓ 99604549  n_px=48  rrs_8=0.00210  CHL_NN=1.559
14:37:20 [INFO]   ✓ 51914676  n_px=96  rrs_8=0.00364  CHL_NN=0.331
14:37:21 [INFO]   ✓ 19394123  n_px=143  rrs_8=0.02341  CHL_NN=0.709
14:37:22 [INFO]   ✓ 75730924  n_px=57  rrs_8=0.00371  CHL_NN=0.394
14:37:23 [INFO]   ✓ 07805188  n_px=91  rrs_8=0.01047  CHL_NN=0.709
14:37:25 [INFO]   ✓ 01679092  n_px=49  rrs_8=0.00481  CHL_NN=0.772
14:37:26 [INFO]   ✓ 75445581  n_px=38  rrs_8=0.00243  CHL_NN=0.961
14:37:27 [INFO]   ✓ 40551302  n_px=38  rrs_8=0.00129  CHL_NN=0.780
14:37:28 [INFO]   ✓ 40703410  n_px=63  rrs_8=0.00406  CHL_NN=0.850
14:37:29 [INFO]   ✓ 89151767  n_px=36  rrs_8=0.01164  CHL_NN=1.575
14:37:30 [INFO]   ✓ 61462180  n_px=71  rrs_8=0.00261  CHL_NN=1.606
14:37:30 [INFO] [20251110] 1 location(s)
14:37:32 [INFO]   ✓ 19394123  n_px=120  rrs_8=0.01412  CHL_NN=0.709
14:37:32 [INFO] [20251111] 1 location(s)
14:37:33 [INFO]   ✓ 19394123  n_px=41  rrs_8=0.00635  CHL_NN=0.583
14:37:33 [INFO] [20251112] 1 location(s)
14:37:34 [INFO]   ✓ 19394123  n_px=41  rrs_8=0.00635  CHL_NN=0.583
14:37:34 [INFO] [20251113] 1 location(s)
14:37:36 [INFO]   ✓ 19394123  n_px=4  rrs_8=0.16405  CHL_NN=1.323
14:37:36 [INFO] [20251114] 1 location(s)
14:37:37 [INFO]   ✓ 19394123  n_px=88  rrs_8=0.01585  CHL_NN=0.638
14:37:37 [INFO] [20251115] 1 location(s)
14:37:39 [INFO]   ✓ 19394123  n_px=92  rrs_8=0.01473  CHL_NN=0.614
14:37:39 [INFO] [20251116] 1 location(s)
14:37:40 [INFO]   ✓ 19394123  n_px=92  rrs_8=0.01473  CHL_NN=0.614
14:37:40 [INFO] [20251117] 1 location(s)
14:37:41 [INFO]   ✓ 19394123  n_px=97  rrs_8=0.01816  CHL_NN=0.661
14:37:41 [INFO] [20251118] 1 location(s)
14:37:43 [INFO]   ✓ 19394123  n_px=55  rrs_8=0.01347  CHL_NN=0.661
14:37:43 [INFO] [20251119] 1 location(s)
14:37:44 [INFO]   ✓ 19394123  n_px=49  rrs_8=0.01369  CHL_NN=0.661
14:37:44 [INFO] [20251120] 1 location(s)
14:37:45 [INFO]   ✓ 19394123  n_px=49  rrs_8=0.01369  CHL_NN=0.661
14:37:46 [INFO] [20251121] 1 location(s)
14:37:47 [INFO]   ✓ 19394123  n_px=32  rrs_8=0.00986  CHL_NN=0.661
14:37:47 [INFO] [20251122] 1 location(s)
14:37:48 [INFO]   ✓ 19394123  n_px=29  rrs_8=0.00400  CHL_NN=0.646
14:37:48 [INFO] [20251123] 1 location(s)
14:37:50 [INFO]   ✓ 19394123  n_px=31  rrs_8=0.00358  CHL_NN=0.646
14:37:50 [INFO] [20251124] 1 location(s)
14:37:52 [INFO]   ✓ 19394123  n_px=23  rrs_8=0.00373  CHL_NN=0.614
14:37:52 [INFO] [20251125] 1 location(s)
14:37:53 [INFO]   ✓ 19394123  n_px=23  rrs_8=0.00373  CHL_NN=0.614
14:37:53 [INFO] [20251126] 1 location(s)
14:37:54 [INFO]   ✓ 19394123  n_px=23  rrs_8=0.00373  CHL_NN=0.614
14:37:54 [INFO] [20251127] 1 location(s)
14:37:56 [INFO]   ✓ 19394123  n_px=49  rrs_8=0.00693  CHL_NN=0.646
14:37:56 [INFO] [20251128] 1 location(s)
14:37:58 [INFO]   ✓ 19394123  n_px=59  rrs_8=0.00756  CHL_NN=0.661
14:37:58 [INFO] === 449/449 dates | 4911 records | match=96.8% | 0.08 dates/s | ETA ~0m00s ===
14:37:58 [INFO] Checkpoint → datasets/GULF_OF_MAINE/processed_data/sentinel_3_L2_past3days/bac_features2/sh_s3_features_checkpoint.parquet
14:37:58 [INFO] Extraction done: 4911 records | 4911 satisfied | 160 unsatisfied
14:37:58 [INFO] Matchup: 4867 / 5071 rows have satellite data (96.0%)
14:37:58 [INFO] Per-station summary:
                       total  matched    pct
dashboardIdName                             
azmp                    1755     1631   92.9
gom                     1661     1607   96.7
radbot_jeffreys_basin   1195     1191   99.7
mvco                     390      368   94.4
NESLTER_broadscale        70       70  100.0
14:37:58 [INFO] Saved → datasets/GULF_OF_MAINE/processed_data/sentinel_3_L2_past3days/bac_features2/sh_s3_features.parquet  (5906.6s total)
no uniq location id  fiddlers []
no uniq location id  gsodock []
