ac,track,tier,species,fold,f1,prauc,recall,precision
ACOLITE,ACOLITE_only,closure,Alexandrium_catenella,0,0.71777,0.82381,0.68212,0.75735
ACOLITE,ACOLITE_only,closure,Alexandrium_catenella,1,0.71034,0.75263,0.73571,0.68667
ACOLITE,ACOLITE_only,closure,Alexandrium_catenella,2,0.77076,0.87427,0.70732,0.84672
ACOLITE,ACOLITE_only,closure,Alexandrium_catenella,3,0.75261,0.84675,0.73469,0.77143
ACOLITE,ACOLITE_only,closure,Alexandrium_catenella,4,0.75908,0.86704,0.70552,0.82143
ACOLITE,ACOLITE_only,closure,Alexandrium_catenella,5,0.7594,0.8399,0.71631,0.808
ACOLITE,ACOLITE_only,closure,Alexandrium_catenella,6,0.78967,0.84469,0.76429,0.81679
ACOLITE,ACOLITE_only,closure,Alexandrium_catenella,7,0.7697,0.88175,0.7341,0.80892
ACOLITE,ACOLITE_only,closure,Alexandrium_catenella,8,0.81081,0.88404,0.74074,0.89552
ACOLITE,ACOLITE_only,closure,Alexandrium_catenella,9,0.72414,0.8042,0.66038,0.80153
ACOLITE,ACOLITE_only,closure,Alexandrium_catenella,10,0.75862,0.83585,0.74324,0.77465
ACOLITE,ACOLITE_only,closure,Alexandrium_catenella,11,0.76817,0.82475,0.74497,0.79286
ACOLITE,ACOLITE_only,closure,Alexandrium_catenella,12,0.7451,0.82518,0.68675,0.81429
ACOLITE,ACOLITE_only,closure,Alexandrium_catenella,13,0.78395,0.85137,0.72159,0.85811
ACOLITE,ACOLITE_only,closure,Alexandrium_catenella,14,0.74121,0.8108,0.6988,0.78912
ACOLITE,ACOLITE_only,closure,Alexandrium_catenella,15,0.74525,0.81623,0.74242,0.74809
ACOLITE,ACOLITE_only,closure,Alexandrium_catenella,16,0.77491,0.84708,0.76087,0.78947
ACOLITE,ACOLITE_only,closure,Alexandrium_catenella,17,0.78082,0.848,0.7451,0.82014
ACOLITE,ACOLITE_only,closure,Alexandrium_catenella,18,0.7474,0.83256,0.71523,0.78261
ACOLITE,ACOLITE_only,closure,Alexandrium_catenella,19,0.75887,0.8645,0.76429,0.75352
ACOLITE,ACOLITE_only,closure,Alexandrium_catenella,20,0.74921,0.84057,0.69822,0.80822
ACOLITE,ACOLITE_only,closure,Alexandrium_catenella,21,0.76094,0.85132,0.71519,0.81295
ACOLITE,ACOLITE_only,closure,Alexandrium_catenella,22,0.79167,0.88435,0.74026,0.85075
ACOLITE,ACOLITE_only,closure,Alexandrium_catenella,23,0.71777,0.84047,0.66883,0.77444
ACOLITE,ACOLITE_only,closure,Alexandrium_catenella,24,0.69597,0.83212,0.62914,0.77869
ACOLITE,ACOLITE_only,closure,Alexandrium_catenella,25,0.73077,0.82511,0.69512,0.77027
ACOLITE,ACOLITE_only,closure,Alexandrium_catenella,26,0.75949,0.83901,0.70588,0.82192
ACOLITE,ACOLITE_only,closure,Alexandrium_catenella,27,0.70946,0.75597,0.65217,0.77778
ACOLITE,ACOLITE_only,closure,Alexandrium_catenella,28,0.75884,0.84886,0.71515,0.80822
ACOLITE,ACOLITE_only,closure,Alexandrium_catenella,29,0.77931,0.86002,0.73377,0.83088
ACOLITE,ACOLITE_only,closure,Alexandrium_catenella,30,0.80128,0.8817,0.7764,0.82781
ACOLITE,ACOLITE_only,closure,Alexandrium_catenella,31,0.7474,0.81257,0.71523,0.78261
ACOLITE,ACOLITE_only,closure,Alexandrium_catenella,32,0.71756,0.80286,0.68116,0.75806
ACOLITE,ACOLITE_only,closure,Alexandrium_catenella,33,0.74021,0.81241,0.69799,0.78788
ACOLITE,ACOLITE_only,closure,Alexandrium_catenella,34,0.75079,0.84899,0.70414,0.80405
ACOLITE,ACOLITE_only,closure,Alexandrium_catenella,35,0.73288,0.85633,0.6859,0.78676
ACOLITE,ACOLITE_only,closure,Alexandrium_catenella,36,0.77352,0.85119,0.72549,0.82836
ACOLITE,ACOLITE_only,closure,Alexandrium_catenella,37,0.8,0.88544,0.74172,0.86822
ACOLITE,ACOLITE_only,closure,Alexandrium_catenella,38,0.77256,0.82366,0.73288,0.81679
ACOLITE,ACOLITE_only,closure,Alexandrium_catenella,39,0.77632,0.80378,0.76623,0.78667
ACOLITE,ACOLITE_only,closure,Alexandrium_catenella,40,0.70968,0.77108,0.69231,0.72794
ACOLITE,ACOLITE_only,closure,Alexandrium_catenella,41,0.77441,0.86427,0.73248,0.82143
ACOLITE,ACOLITE_only,closure,Alexandrium_catenella,42,0.70968,0.81554,0.67176,0.75214
ACOLITE,ACOLITE_only,closure,Alexandrium_catenella,43,0.76074,0.83238,0.73373,0.78981
ACOLITE,ACOLITE_only,closure,Alexandrium_catenella,44,0.78519,0.84868,0.76259,0.80916
ACOLITE,ACOLITE_only,closure,Alexandrium_catenella,45,0.74205,0.82444,0.68182,0.81395
ACOLITE,ACOLITE_only,closure,Alexandrium_catenella,46,0.73154,0.81836,0.69427,0.77305
ACOLITE,ACOLITE_only,closure,Alexandrium_catenella,47,0.77622,0.83888,0.7551,0.79856
ACOLITE,ACOLITE_only,closure,Alexandrium_catenella,48,0.79863,0.82851,0.77483,0.82394
ACOLITE,ACOLITE_only,closure,Alexandrium_catenella,49,0.7651,0.85313,0.72152,0.81429
ACOLITE,ACOLITE_roms,closure,Alexandrium_catenella,0,0.73381,0.80813,0.6755,0.80315
ACOLITE,ACOLITE_roms,closure,Alexandrium_catenella,1,0.69718,0.73775,0.70714,0.6875
ACOLITE,ACOLITE_roms,closure,Alexandrium_catenella,2,0.78289,0.87511,0.72561,0.85
ACOLITE,ACOLITE_roms,closure,Alexandrium_catenella,3,0.75458,0.87697,0.70068,0.81746
ACOLITE,ACOLITE_roms,closure,Alexandrium_catenella,4,0.80268,0.90544,0.7362,0.88235
ACOLITE,ACOLITE_roms,closure,Alexandrium_catenella,5,0.78327,0.8636,0.7305,0.84426
ACOLITE,ACOLITE_roms,closure,Alexandrium_catenella,6,0.80147,0.88664,0.77857,0.82576
ACOLITE,ACOLITE_roms,closure,Alexandrium_catenella,7,0.8048,0.88707,0.77457,0.8375
ACOLITE,ACOLITE_roms,closure,Alexandrium_catenella,8,0.7619,0.89128,0.69136,0.84848
ACOLITE,ACOLITE_roms,closure,Alexandrium_catenella,9,0.71672,0.82903,0.66038,0.78358
ACOLITE,ACOLITE_roms,closure,Alexandrium_catenella,10,0.73118,0.82955,0.68919,0.77863
ACOLITE,ACOLITE_roms,closure,Alexandrium_catenella,11,0.78596,0.84606,0.75168,0.82353
ACOLITE,ACOLITE_roms,closure,Alexandrium_catenella,12,0.70627,0.81106,0.64458,0.78102
ACOLITE,ACOLITE_roms,closure,Alexandrium_catenella,13,0.75776,0.86735,0.69318,0.83562
ACOLITE,ACOLITE_roms,closure,Alexandrium_catenella,14,0.76527,0.82907,0.71687,0.82069
ACOLITE,ACOLITE_roms,closure,Alexandrium_catenella,15,0.76154,0.82621,0.75,0.77344
ACOLITE,ACOLITE_roms,closure,Alexandrium_catenella,16,0.78195,0.83142,0.75362,0.8125
ACOLITE,ACOLITE_roms,closure,Alexandrium_catenella,17,0.81119,0.89401,0.75817,0.87218
ACOLITE,ACOLITE_roms,closure,Alexandrium_catenella,18,0.74564,0.80992,0.70861,0.78676
ACOLITE,ACOLITE_roms,closure,Alexandrium_catenella,19,0.79562,0.85847,0.77857,0.81343
ACOLITE,ACOLITE_roms,closure,Alexandrium_catenella,20,0.77603,0.88188,0.72781,0.83108
ACOLITE,ACOLITE_roms,closure,Alexandrium_catenella,21,0.74,0.85295,0.70253,0.78169
ACOLITE,ACOLITE_roms,closure,Alexandrium_catenella,22,0.80142,0.89016,0.73377,0.88281
ACOLITE,ACOLITE_roms,closure,Alexandrium_catenella,23,0.75676,0.8485,0.72727,0.78873
ACOLITE,ACOLITE_roms,closure,Alexandrium_catenella,24,0.76259,0.86077,0.70199,0.83465
ACOLITE,ACOLITE_roms,closure,Alexandrium_catenella,25,0.73377,0.83353,0.68902,0.78472
ACOLITE,ACOLITE_roms,closure,Alexandrium_catenella,26,0.74839,0.84751,0.68235,0.82857
ACOLITE,ACOLITE_roms,closure,Alexandrium_catenella,27,0.65744,0.77479,0.59006,0.74219
ACOLITE,ACOLITE_roms,closure,Alexandrium_catenella,28,0.76375,0.85445,0.71515,0.81944
ACOLITE,ACOLITE_roms,closure,Alexandrium_catenella,29,0.79004,0.88108,0.72078,0.87402
ACOLITE,ACOLITE_roms,closure,Alexandrium_catenella,30,0.7291,0.83787,0.67702,0.78986
ACOLITE,ACOLITE_roms,closure,Alexandrium_catenella,31,0.74648,0.82841,0.70199,0.79699
ACOLITE,ACOLITE_roms,closure,Alexandrium_catenella,32,0.77323,0.82935,0.75362,0.79389
ACOLITE,ACOLITE_roms,closure,Alexandrium_catenella,33,0.72401,0.80434,0.67785,0.77692
ACOLITE,ACOLITE_roms,closure,Alexandrium_catenella,34,0.7837,0.87358,0.73964,0.83333
ACOLITE,ACOLITE_roms,closure,Alexandrium_catenella,35,0.75083,0.83638,0.72436,0.77931
ACOLITE,ACOLITE_roms,closure,Alexandrium_catenella,36,0.73835,0.82616,0.6732,0.81746
ACOLITE,ACOLITE_roms,closure,Alexandrium_catenella,37,0.78417,0.87275,0.72185,0.85827
ACOLITE,ACOLITE_roms,closure,Alexandrium_catenella,38,0.79004,0.8694,0.76027,0.82222
ACOLITE,ACOLITE_roms,closure,Alexandrium_catenella,39,0.78947,0.85574,0.77922,0.8
ACOLITE,ACOLITE_roms,closure,Alexandrium_catenella,40,0.76056,0.78472,0.75524,0.76596
ACOLITE,ACOLITE_roms,closure,Alexandrium_catenella,41,0.7372,0.84988,0.6879,0.79412
ACOLITE,ACOLITE_roms,closure,Alexandrium_catenella,42,0.76378,0.85072,0.74046,0.78862
ACOLITE,ACOLITE_roms,closure,Alexandrium_catenella,43,0.75,0.83595,0.69231,0.81818
ACOLITE,ACOLITE_roms,closure,Alexandrium_catenella,44,0.8015,0.86597,0.76978,0.83594
ACOLITE,ACOLITE_roms,closure,Alexandrium_catenella,45,0.74101,0.83904,0.66883,0.83065
ACOLITE,ACOLITE_roms,closure,Alexandrium_catenella,46,0.7651,0.85268,0.72611,0.80851
ACOLITE,ACOLITE_roms,closure,Alexandrium_catenella,47,0.8,0.85015,0.7619,0.84211
ACOLITE,ACOLITE_roms,closure,Alexandrium_catenella,48,0.81379,0.83906,0.78146,0.84892
ACOLITE,ACOLITE_roms,closure,Alexandrium_catenella,49,0.78261,0.86823,0.74051,0.82979
ACOLITE,ACOLITE_only,closure,Dinophysis_acuminata,0,0.84181,0.91289,0.89489,0.79467
ACOLITE,ACOLITE_only,closure,Dinophysis_acuminata,1,0.86559,0.91975,0.9096,0.82564
ACOLITE,ACOLITE_only,closure,Dinophysis_acuminata,2,0.85596,0.8902,0.92239,0.79845
ACOLITE,ACOLITE_only,closure,Dinophysis_acuminata,3,0.85356,0.91407,0.90265,0.80952
ACOLITE,ACOLITE_only,closure,Dinophysis_acuminata,4,0.87245,0.91376,0.90716,0.84029
ACOLITE,ACOLITE_only,closure,Dinophysis_acuminata,5,0.85112,0.90332,0.90179,0.80585
ACOLITE,ACOLITE_only,closure,Dinophysis_acuminata,6,0.84732,0.90178,0.89796,0.80208
ACOLITE,ACOLITE_only,closure,Dinophysis_acuminata,7,0.85242,0.90596,0.88158,0.82512
ACOLITE,ACOLITE_only,closure,Dinophysis_acuminata,8,0.85676,0.90345,0.91429,0.80605
ACOLITE,ACOLITE_only,closure,Dinophysis_acuminata,9,0.86005,0.90834,0.89655,0.82641
ACOLITE,ACOLITE_only,closure,Dinophysis_acuminata,10,0.87929,0.91624,0.90814,0.85222
ACOLITE,ACOLITE_only,closure,Dinophysis_acuminata,11,0.85229,0.9101,0.90055,0.80893
ACOLITE,ACOLITE_only,closure,Dinophysis_acuminata,12,0.86129,0.91675,0.90556,0.82116
ACOLITE,ACOLITE_only,closure,Dinophysis_acuminata,13,0.85897,0.92817,0.85025,0.86788
ACOLITE,ACOLITE_only,closure,Dinophysis_acuminata,14,0.85101,0.91318,0.89045,0.81491
ACOLITE,ACOLITE_only,closure,Dinophysis_acuminata,15,0.85515,0.9391,0.88473,0.82749
ACOLITE,ACOLITE_only,closure,Dinophysis_acuminata,16,0.87671,0.92239,0.90141,0.85333
ACOLITE,ACOLITE_only,closure,Dinophysis_acuminata,17,0.85095,0.9201,0.8674,0.83511
ACOLITE,ACOLITE_only,closure,Dinophysis_acuminata,18,0.86239,0.927,0.89891,0.82872
ACOLITE,ACOLITE_only,closure,Dinophysis_acuminata,19,0.8484,0.9039,0.88663,0.81333
ACOLITE,ACOLITE_only,closure,Dinophysis_acuminata,20,0.87858,0.91701,0.89944,0.85867
ACOLITE,ACOLITE_only,closure,Dinophysis_acuminata,21,0.86702,0.92645,0.90808,0.82952
ACOLITE,ACOLITE_only,closure,Dinophysis_acuminata,22,0.85829,0.89444,0.91193,0.81061
ACOLITE,ACOLITE_only,closure,Dinophysis_acuminata,23,0.85528,0.91983,0.89617,0.81796
ACOLITE,ACOLITE_only,closure,Dinophysis_acuminata,24,0.83888,0.8746,0.86538,0.81395
ACOLITE,ACOLITE_only,closure,Dinophysis_acuminata,25,0.87152,0.92285,0.90385,0.84143
ACOLITE,ACOLITE_only,closure,Dinophysis_acuminata,26,0.86243,0.88917,0.91317,0.81704
ACOLITE,ACOLITE_only,closure,Dinophysis_acuminata,27,0.86772,0.91572,0.88889,0.84755
ACOLITE,ACOLITE_only,closure,Dinophysis_acuminata,28,0.86856,0.92825,0.90591,0.83416
ACOLITE,ACOLITE_only,closure,Dinophysis_acuminata,29,0.86592,0.89534,0.91445,0.82228
ACOLITE,ACOLITE_only,closure,Dinophysis_acuminata,30,0.85014,0.90111,0.90491,0.80163
ACOLITE,ACOLITE_only,closure,Dinophysis_acuminata,31,0.87245,0.92921,0.90957,0.83824
ACOLITE,ACOLITE_only,closure,Dinophysis_acuminata,32,0.86339,0.91153,0.9186,0.81443
ACOLITE,ACOLITE_only,closure,Dinophysis_acuminata,33,0.85118,0.90869,0.85475,0.84765
ACOLITE,ACOLITE_only,closure,Dinophysis_acuminata,34,0.8414,0.89261,0.88169,0.80463
ACOLITE,ACOLITE_only,closure,Dinophysis_acuminata,35,0.86744,0.93229,0.91328,0.82598
ACOLITE,ACOLITE_only,closure,Dinophysis_acuminata,36,0.875,0.93145,0.90385,0.84794
ACOLITE,ACOLITE_only,closure,Dinophysis_acuminata,37,0.85832,0.90542,0.89143,0.82759
ACOLITE,ACOLITE_only,closure,Dinophysis_acuminata,38,0.85511,0.92245,0.89318,0.82016
ACOLITE,ACOLITE_only,closure,Dinophysis_acuminata,39,0.88446,0.94904,0.91736,0.85385
ACOLITE,ACOLITE_only,closure,Dinophysis_acuminata,40,0.87376,0.91916,0.92167,0.83059
ACOLITE,ACOLITE_only,closure,Dinophysis_acuminata,41,0.85372,0.90877,0.89665,0.81472
ACOLITE,ACOLITE_only,closure,Dinophysis_acuminata,42,0.88359,0.93941,0.91837,0.85135
ACOLITE,ACOLITE_only,closure,Dinophysis_acuminata,43,0.85786,0.91527,0.90526,0.81517
ACOLITE,ACOLITE_only,closure,Dinophysis_acuminata,44,0.8481,0.88587,0.89333,0.80723
ACOLITE,ACOLITE_only,closure,Dinophysis_acuminata,45,0.85359,0.91086,0.87288,0.83514
ACOLITE,ACOLITE_only,closure,Dinophysis_acuminata,46,0.85974,0.89847,0.90934,0.81527
ACOLITE,ACOLITE_only,closure,Dinophysis_acuminata,47,0.87259,0.92725,0.91129,0.83704
ACOLITE,ACOLITE_only,closure,Dinophysis_acuminata,48,0.9,0.93283,0.93188,0.87023
ACOLITE,ACOLITE_only,closure,Dinophysis_acuminata,49,0.86853,0.9365,0.91854,0.82368
ACOLITE,ACOLITE_roms,closure,Dinophysis_acuminata,0,0.82982,0.89444,0.88589,0.78042
ACOLITE,ACOLITE_roms,closure,Dinophysis_acuminata,1,0.85714,0.91828,0.90678,0.81266
ACOLITE,ACOLITE_roms,closure,Dinophysis_acuminata,2,0.84584,0.90218,0.92537,0.77889
ACOLITE,ACOLITE_roms,closure,Dinophysis_acuminata,3,0.85794,0.90253,0.90855,0.81266
ACOLITE,ACOLITE_roms,closure,Dinophysis_acuminata,4,0.87469,0.91457,0.92573,0.82898
ACOLITE,ACOLITE_roms,closure,Dinophysis_acuminata,5,0.84414,0.89104,0.91071,0.78663
ACOLITE,ACOLITE_roms,closure,Dinophysis_acuminata,6,0.8448,0.9018,0.91254,0.78643
ACOLITE,ACOLITE_roms,closure,Dinophysis_acuminata,7,0.85075,0.91142,0.9,0.8066
ACOLITE,ACOLITE_roms,closure,Dinophysis_acuminata,8,0.84777,0.89501,0.92286,0.78398
ACOLITE,ACOLITE_roms,closure,Dinophysis_acuminata,9,0.87121,0.9221,0.91512,0.83133
ACOLITE,ACOLITE_roms,closure,Dinophysis_acuminata,10,0.87848,0.91023,0.91076,0.84841
ACOLITE,ACOLITE_roms,closure,Dinophysis_acuminata,11,0.84935,0.90019,0.90331,0.80147
ACOLITE,ACOLITE_roms,closure,Dinophysis_acuminata,12,0.85233,0.91381,0.91389,0.79854
ACOLITE,ACOLITE_roms,closure,Dinophysis_acuminata,13,0.85859,0.92658,0.86294,0.85427
ACOLITE,ACOLITE_roms,closure,Dinophysis_acuminata,14,0.83974,0.90402,0.89045,0.79449
ACOLITE,ACOLITE_roms,closure,Dinophysis_acuminata,15,0.84924,0.92982,0.88473,0.81649
ACOLITE,ACOLITE_roms,closure,Dinophysis_acuminata,16,0.87568,0.92001,0.91268,0.84156
ACOLITE,ACOLITE_roms,closure,Dinophysis_acuminata,17,0.8533,0.90725,0.87569,0.83202
ACOLITE,ACOLITE_roms,closure,Dinophysis_acuminata,18,0.8648,0.91841,0.92623,0.811
ACOLITE,ACOLITE_roms,closure,Dinophysis_acuminata,19,0.85675,0.9061,0.91279,0.8072
ACOLITE,ACOLITE_roms,closure,Dinophysis_acuminata,20,0.87214,0.91228,0.90503,0.84156
ACOLITE,ACOLITE_roms,closure,Dinophysis_acuminata,21,0.8594,0.92104,0.91086,0.81343
ACOLITE,ACOLITE_roms,closure,Dinophysis_acuminata,22,0.86832,0.90593,0.94602,0.80241
ACOLITE,ACOLITE_roms,closure,Dinophysis_acuminata,23,0.87339,0.91487,0.9235,0.82843
ACOLITE,ACOLITE_roms,closure,Dinophysis_acuminata,24,0.84224,0.88635,0.88736,0.80149
ACOLITE,ACOLITE_roms,closure,Dinophysis_acuminata,25,0.86494,0.90964,0.91484,0.8202
ACOLITE,ACOLITE_roms,closure,Dinophysis_acuminata,26,0.84896,0.89044,0.91317,0.79319
ACOLITE,ACOLITE_roms,closure,Dinophysis_acuminata,27,0.85375,0.9083,0.87805,0.83077
ACOLITE,ACOLITE_roms,closure,Dinophysis_acuminata,28,0.86079,0.91657,0.90591,0.81995
ACOLITE,ACOLITE_roms,closure,Dinophysis_acuminata,29,0.84732,0.89402,0.90855,0.79381
ACOLITE,ACOLITE_roms,closure,Dinophysis_acuminata,30,0.84091,0.88298,0.90798,0.78307
ACOLITE,ACOLITE_roms,closure,Dinophysis_acuminata,31,0.87799,0.92803,0.92819,0.83294
ACOLITE,ACOLITE_roms,closure,Dinophysis_acuminata,32,0.86957,0.89736,0.93023,0.81633
ACOLITE,ACOLITE_roms,closure,Dinophysis_acuminata,33,0.85871,0.91331,0.8743,0.84367
ACOLITE,ACOLITE_roms,closure,Dinophysis_acuminata,34,0.84768,0.89454,0.90141,0.8
ACOLITE,ACOLITE_roms,closure,Dinophysis_acuminata,35,0.8634,0.92129,0.90786,0.8231
ACOLITE,ACOLITE_roms,closure,Dinophysis_acuminata,36,0.86968,0.92061,0.89835,0.84278
ACOLITE,ACOLITE_roms,closure,Dinophysis_acuminata,37,0.86179,0.91179,0.90857,0.81959
ACOLITE,ACOLITE_roms,closure,Dinophysis_acuminata,38,0.84958,0.90904,0.90504,0.80052
ACOLITE,ACOLITE_roms,closure,Dinophysis_acuminata,39,0.88064,0.94613,0.9146,0.8491
ACOLITE,ACOLITE_roms,closure,Dinophysis_acuminata,40,0.87393,0.91835,0.93211,0.82258
ACOLITE,ACOLITE_roms,closure,Dinophysis_acuminata,41,0.85564,0.90458,0.91061,0.80693
ACOLITE,ACOLITE_roms,closure,Dinophysis_acuminata,42,0.87379,0.93215,0.91837,0.83333
ACOLITE,ACOLITE_roms,closure,Dinophysis_acuminata,43,0.85468,0.88937,0.91316,0.80324
ACOLITE,ACOLITE_roms,closure,Dinophysis_acuminata,44,0.84389,0.87992,0.91,0.78674
ACOLITE,ACOLITE_roms,closure,Dinophysis_acuminata,45,0.87027,0.91636,0.9096,0.8342
ACOLITE,ACOLITE_roms,closure,Dinophysis_acuminata,46,0.85079,0.9003,0.89286,0.8125
ACOLITE,ACOLITE_roms,closure,Dinophysis_acuminata,47,0.87692,0.91863,0.91935,0.83824
ACOLITE,ACOLITE_roms,closure,Dinophysis_acuminata,48,0.89065,0.93374,0.92098,0.86224
ACOLITE,ACOLITE_roms,closure,Dinophysis_acuminata,49,0.86877,0.9315,0.92978,0.81527
ACOLITE,ACOLITE_only,closure,Dinophysis_norvegica,0,0.5,0.51825,0.41026,0.64
ACOLITE,ACOLITE_only,closure,Dinophysis_norvegica,1,0.54795,0.59428,0.47619,0.64516
ACOLITE,ACOLITE_only,closure,Dinophysis_norvegica,2,0.47619,0.56849,0.40816,0.57143
ACOLITE,ACOLITE_only,closure,Dinophysis_norvegica,3,0.54054,0.58058,0.46512,0.64516
ACOLITE,ACOLITE_only,closure,Dinophysis_norvegica,4,0.50704,0.46186,0.43902,0.6
ACOLITE,ACOLITE_only,closure,Dinophysis_norvegica,5,0.52632,0.54852,0.44444,0.64516
ACOLITE,ACOLITE_only,closure,Dinophysis_norvegica,6,0.47761,0.5027,0.43243,0.53333
ACOLITE,ACOLITE_only,closure,Dinophysis_norvegica,7,0.58947,0.64683,0.5283,0.66667
ACOLITE,ACOLITE_only,closure,Dinophysis_norvegica,8,0.50667,0.49935,0.475,0.54286
ACOLITE,ACOLITE_only,closure,Dinophysis_norvegica,9,0.58947,0.61439,0.57143,0.6087
ACOLITE,ACOLITE_only,closure,Dinophysis_norvegica,10,0.52941,0.57508,0.47368,0.6
ACOLITE,ACOLITE_only,closure,Dinophysis_norvegica,11,0.50633,0.48909,0.54054,0.47619
ACOLITE,ACOLITE_only,closure,Dinophysis_norvegica,12,0.5679,0.57943,0.47917,0.69697
ACOLITE,ACOLITE_only,closure,Dinophysis_norvegica,13,0.51948,0.54489,0.5,0.54054
ACOLITE,ACOLITE_only,closure,Dinophysis_norvegica,14,0.54545,0.63605,0.5122,0.58333
ACOLITE,ACOLITE_only,closure,Dinophysis_norvegica,15,0.49231,0.46987,0.4,0.64
ACOLITE,ACOLITE_only,closure,Dinophysis_norvegica,16,0.39437,0.45235,0.38889,0.4
ACOLITE,ACOLITE_only,closure,Dinophysis_norvegica,17,0.5679,0.59824,0.47917,0.69697
ACOLITE,ACOLITE_only,closure,Dinophysis_norvegica,18,0.35616,0.33677,0.325,0.39394
ACOLITE,ACOLITE_only,closure,Dinophysis_norvegica,19,0.5,0.54761,0.40909,0.64286
ACOLITE,ACOLITE_only,closure,Dinophysis_norvegica,20,0.49383,0.43199,0.47619,0.51282
ACOLITE,ACOLITE_only,closure,Dinophysis_norvegica,21,0.44444,0.50506,0.36735,0.5625
ACOLITE,ACOLITE_only,closure,Dinophysis_norvegica,22,0.5641,0.64405,0.47826,0.6875
ACOLITE,ACOLITE_only,closure,Dinophysis_norvegica,23,0.47222,0.52012,0.38636,0.60714
ACOLITE,ACOLITE_only,closure,Dinophysis_norvegica,24,0.45783,0.48218,0.41304,0.51351
ACOLITE,ACOLITE_only,closure,Dinophysis_norvegica,25,0.44776,0.49642,0.38462,0.53571
ACOLITE,ACOLITE_only,closure,Dinophysis_norvegica,26,0.52055,0.47713,0.51351,0.52778
ACOLITE,ACOLITE_only,closure,Dinophysis_norvegica,27,0.49351,0.47336,0.46341,0.52778
ACOLITE,ACOLITE_only,closure,Dinophysis_norvegica,28,0.55263,0.53833,0.5,0.61765
ACOLITE,ACOLITE_only,closure,Dinophysis_norvegica,29,0.56,0.57781,0.525,0.6
ACOLITE,ACOLITE_only,closure,Dinophysis_norvegica,30,0.49383,0.54192,0.43478,0.57143
ACOLITE,ACOLITE_only,closure,Dinophysis_norvegica,31,0.49351,0.51793,0.5,0.48718
ACOLITE,ACOLITE_only,closure,Dinophysis_norvegica,32,0.57576,0.58174,0.57576,0.57576
ACOLITE,ACOLITE_only,closure,Dinophysis_norvegica,33,0.50746,0.64234,0.4359,0.60714
ACOLITE,ACOLITE_only,closure,Dinophysis_norvegica,34,0.6,0.6168,0.62791,0.57447
ACOLITE,ACOLITE_only,closure,Dinophysis_norvegica,35,0.52941,0.62846,0.45,0.64286
ACOLITE,ACOLITE_only,closure,Dinophysis_norvegica,36,0.39506,0.47846,0.33333,0.48485
ACOLITE,ACOLITE_only,closure,Dinophysis_norvegica,37,0.60759,0.61854,0.55814,0.66667
ACOLITE,ACOLITE_only,closure,Dinophysis_norvegica,38,0.42254,0.48667,0.36585,0.5
ACOLITE,ACOLITE_only,closure,Dinophysis_norvegica,39,0.48718,0.50289,0.41304,0.59375
ACOLITE,ACOLITE_only,closure,Dinophysis_norvegica,40,0.45714,0.53865,0.39024,0.55172
ACOLITE,ACOLITE_only,closure,Dinophysis_norvegica,41,0.46341,0.59697,0.39583,0.55882
ACOLITE,ACOLITE_only,closure,Dinophysis_norvegica,42,0.41667,0.49982,0.39474,0.44118
ACOLITE,ACOLITE_only,closure,Dinophysis_norvegica,43,0.37975,0.51648,0.32609,0.45455
ACOLITE,ACOLITE_only,closure,Dinophysis_norvegica,44,0.44156,0.51569,0.40476,0.48571
ACOLITE,ACOLITE_only,closure,Dinophysis_norvegica,45,0.58824,0.64939,0.51282,0.68966
ACOLITE,ACOLITE_only,closure,Dinophysis_norvegica,46,0.52055,0.59642,0.475,0.57576
ACOLITE,ACOLITE_only,closure,Dinophysis_norvegica,47,0.51765,0.55032,0.46809,0.57895
ACOLITE,ACOLITE_only,closure,Dinophysis_norvegica,48,0.58667,0.68284,0.53659,0.64706
ACOLITE,ACOLITE_only,closure,Dinophysis_norvegica,49,0.5,0.44633,0.43902,0.58065
ACOLITE,ACOLITE_roms,closure,Dinophysis_norvegica,0,0.25,0.4123,0.17949,0.41176
ACOLITE,ACOLITE_roms,closure,Dinophysis_norvegica,1,0.48276,0.60696,0.33333,0.875
ACOLITE,ACOLITE_roms,closure,Dinophysis_norvegica,2,0.39437,0.56789,0.28571,0.63636
ACOLITE,ACOLITE_roms,closure,Dinophysis_norvegica,3,0.51613,0.64962,0.37209,0.84211
ACOLITE,ACOLITE_roms,closure,Dinophysis_norvegica,4,0.35714,0.50517,0.2439,0.66667
ACOLITE,ACOLITE_roms,closure,Dinophysis_norvegica,5,0.43478,0.6052,0.33333,0.625
ACOLITE,ACOLITE_roms,closure,Dinophysis_norvegica,6,0.5,0.56558,0.40541,0.65217
ACOLITE,ACOLITE_roms,closure,Dinophysis_norvegica,7,0.5,0.66714,0.35849,0.82609
ACOLITE,ACOLITE_roms,closure,Dinophysis_norvegica,8,0.4,0.46394,0.3,0.6
ACOLITE,ACOLITE_roms,closure,Dinophysis_norvegica,9,0.4507,0.60376,0.32653,0.72727
ACOLITE,ACOLITE_roms,closure,Dinophysis_norvegica,10,0.54237,0.59525,0.42105,0.7619
ACOLITE,ACOLITE_roms,closure,Dinophysis_norvegica,11,0.36667,0.5316,0.2973,0.47826
ACOLITE,ACOLITE_roms,closure,Dinophysis_norvegica,12,0.35484,0.59134,0.22917,0.78571
ACOLITE,ACOLITE_roms,closure,Dinophysis_norvegica,13,0.36667,0.51713,0.275,0.55
ACOLITE,ACOLITE_roms,closure,Dinophysis_norvegica,14,0.45161,0.55302,0.34146,0.66667
ACOLITE,ACOLITE_roms,closure,Dinophysis_norvegica,15,0.33962,0.51761,0.225,0.69231
ACOLITE,ACOLITE_roms,closure,Dinophysis_norvegica,16,0.45902,0.44593,0.38889,0.56
ACOLITE,ACOLITE_roms,closure,Dinophysis_norvegica,17,0.42424,0.55007,0.29167,0.77778
ACOLITE,ACOLITE_roms,closure,Dinophysis_norvegica,18,0.27586,0.37252,0.2,0.44444
ACOLITE,ACOLITE_roms,closure,Dinophysis_norvegica,19,0.36066,0.48123,0.25,0.64706
ACOLITE,ACOLITE_roms,closure,Dinophysis_norvegica,20,0.29091,0.39549,0.19048,0.61538
ACOLITE,ACOLITE_roms,closure,Dinophysis_norvegica,21,0.4058,0.53813,0.28571,0.7
ACOLITE,ACOLITE_roms,closure,Dinophysis_norvegica,22,0.36066,0.5985,0.23913,0.73333
ACOLITE,ACOLITE_roms,closure,Dinophysis_norvegica,23,0.32258,0.43331,0.22727,0.55556
ACOLITE,ACOLITE_roms,closure,Dinophysis_norvegica,24,0.41176,0.51075,0.30435,0.63636
ACOLITE,ACOLITE_roms,closure,Dinophysis_norvegica,25,0.25455,0.3744,0.17949,0.4375
ACOLITE,ACOLITE_roms,closure,Dinophysis_norvegica,26,0.33962,0.44445,0.24324,0.5625
ACOLITE,ACOLITE_roms,closure,Dinophysis_norvegica,27,0.47458,0.5454,0.34146,0.77778
ACOLITE,ACOLITE_roms,closure,Dinophysis_norvegica,28,0.45161,0.57651,0.33333,0.7
ACOLITE,ACOLITE_roms,closure,Dinophysis_norvegica,29,0.5,0.55083,0.375,0.75
ACOLITE,ACOLITE_roms,closure,Dinophysis_norvegica,30,0.43836,0.52675,0.34783,0.59259
ACOLITE,ACOLITE_roms,closure,Dinophysis_norvegica,31,0.37288,0.50627,0.28947,0.52381
ACOLITE,ACOLITE_roms,closure,Dinophysis_norvegica,32,0.51852,0.54629,0.42424,0.66667
ACOLITE,ACOLITE_roms,closure,Dinophysis_norvegica,33,0.42857,0.59595,0.30769,0.70588
ACOLITE,ACOLITE_roms,closure,Dinophysis_norvegica,34,0.46377,0.57012,0.37209,0.61538
ACOLITE,ACOLITE_roms,closure,Dinophysis_norvegica,35,0.39286,0.58245,0.275,0.6875
ACOLITE,ACOLITE_roms,closure,Dinophysis_norvegica,36,0.36923,0.47959,0.25,0.70588
ACOLITE,ACOLITE_roms,closure,Dinophysis_norvegica,37,0.47761,0.5804,0.37209,0.66667
ACOLITE,ACOLITE_roms,closure,Dinophysis_norvegica,38,0.35088,0.49188,0.2439,0.625
ACOLITE,ACOLITE_roms,closure,Dinophysis_norvegica,39,0.5,0.5808,0.36957,0.77273
ACOLITE,ACOLITE_roms,closure,Dinophysis_norvegica,40,0.33333,0.47599,0.2439,0.52632
ACOLITE,ACOLITE_roms,closure,Dinophysis_norvegica,41,0.41667,0.54372,0.3125,0.625
ACOLITE,ACOLITE_roms,closure,Dinophysis_norvegica,42,0.41379,0.50121,0.31579,0.6
ACOLITE,ACOLITE_roms,closure,Dinophysis_norvegica,43,0.31746,0.4606,0.21739,0.58824
ACOLITE,ACOLITE_roms,closure,Dinophysis_norvegica,44,0.46667,0.62984,0.33333,0.77778
ACOLITE,ACOLITE_roms,closure,Dinophysis_norvegica,45,0.44068,0.5059,0.33333,0.65
ACOLITE,ACOLITE_roms,closure,Dinophysis_norvegica,46,0.40678,0.57604,0.3,0.63158
ACOLITE,ACOLITE_roms,closure,Dinophysis_norvegica,47,0.4058,0.51463,0.29787,0.63636
ACOLITE,ACOLITE_roms,closure,Dinophysis_norvegica,48,0.46667,0.66283,0.34146,0.73684
ACOLITE,ACOLITE_roms,closure,Dinophysis_norvegica,49,0.37931,0.44969,0.26829,0.64706
ACOLITE,ACOLITE_only,closure,Karenia,0,0.0,0.24854,0.0,0.0
ACOLITE,ACOLITE_only,closure,Karenia,1,0.0,0.49586,0.0,0.0
ACOLITE,ACOLITE_only,closure,Karenia,2,0.4,0.1928,0.33333,0.5
ACOLITE,ACOLITE_only,closure,Karenia,3,0.28571,0.17692,0.2,0.5
ACOLITE,ACOLITE_only,closure,Karenia,4,0.0,0.18769,0.0,0.0
ACOLITE,ACOLITE_only,closure,Karenia,5,0.0,0.00352,0.0,0.0
ACOLITE,ACOLITE_only,closure,Karenia,6,0.0,0.01141,0.0,0.0
ACOLITE,ACOLITE_only,closure,Karenia,7,0.0,0.27273,0.0,0.0
ACOLITE,ACOLITE_only,closure,Karenia,8,0.0,0.00306,0.0,0.0
ACOLITE,ACOLITE_only,closure,Karenia,9,0.0,0.07979,0.0,0.0
ACOLITE,ACOLITE_only,closure,Karenia,10,0.0,0.00958,0.0,0.0
ACOLITE,ACOLITE_only,closure,Karenia,11,0.0,0.03571,0.0,0.0
ACOLITE,ACOLITE_only,closure,Karenia,12,0.0,0.07252,0.0,0.0
ACOLITE,ACOLITE_only,closure,Karenia,13,0.0,0.0095,0.0,0.0
ACOLITE,ACOLITE_only,closure,Karenia,14,0.0,0.34763,0.0,0.0
ACOLITE,ACOLITE_only,closure,Karenia,15,0.0,0.05392,0.0,0.0
ACOLITE,ACOLITE_only,closure,Karenia,16,0.66667,0.52941,0.5,1.0
ACOLITE,ACOLITE_only,closure,Karenia,17,0.0,0.50325,0.0,0.0
ACOLITE,ACOLITE_only,closure,Karenia,18,0.0,0.08107,0.0,0.0
ACOLITE,ACOLITE_only,closure,Karenia,19,0.0,0.34203,0.0,0.0
ACOLITE,ACOLITE_only,closure,Karenia,20,0.0,0.33526,0.0,0.0
ACOLITE,ACOLITE_only,closure,Karenia,21,0.5,0.25346,0.5,0.5
ACOLITE,ACOLITE_only,closure,Karenia,22,0.0,0.02295,0.0,0.0
ACOLITE,ACOLITE_only,closure,Karenia,23,0.0,0.33756,0.0,0.0
ACOLITE,ACOLITE_only,closure,Karenia,24,0.0,0.04319,0.0,0.0
ACOLITE,ACOLITE_only,closure,Karenia,25,0.0,0.00539,0.0,0.0
ACOLITE,ACOLITE_only,closure,Karenia,26,0.0,0.01828,0.0,0.0
ACOLITE,ACOLITE_only,closure,Karenia,27,0.0,0.25427,0.0,0.0
ACOLITE,ACOLITE_only,closure,Karenia,28,0.0,0.28694,0.0,0.0
ACOLITE,ACOLITE_only,closure,Karenia,29,0.0,0.10346,0.0,0.0
ACOLITE,ACOLITE_only,closure,Karenia,30,0.0,0.19047,0.0,0.0
ACOLITE,ACOLITE_only,closure,Karenia,31,0.0,0.11741,0.0,0.0
ACOLITE,ACOLITE_only,closure,Karenia,32,0.22222,0.15561,0.16667,0.33333
ACOLITE,ACOLITE_only,closure,Karenia,33,0.0,0.14286,0.0,0.0
ACOLITE,ACOLITE_only,closure,Karenia,34,0.0,1.0,0.0,0.0
ACOLITE,ACOLITE_only,closure,Karenia,35,0.66667,0.51042,0.5,1.0
ACOLITE,ACOLITE_only,closure,Karenia,36,0.0,0.01404,0.0,0.0
ACOLITE,ACOLITE_only,closure,Karenia,37,0.0,0.03936,0.0,0.0
ACOLITE,ACOLITE_only,closure,Karenia,38,0.0,0.7,0.0,0.0
ACOLITE,ACOLITE_only,closure,Karenia,39,0.0,0.5,0.0,0.0
ACOLITE,ACOLITE_only,closure,Karenia,40,0.0,0.3105,0.0,0.0
ACOLITE,ACOLITE_only,closure,Karenia,41,0.0,0.16754,0.0,0.0
ACOLITE,ACOLITE_only,closure,Karenia,42,0.0,0.00746,0.0,0.0
ACOLITE,ACOLITE_only,closure,Karenia,43,0.0,0.05882,0.0,0.0
ACOLITE,ACOLITE_only,closure,Karenia,44,0.0,,0.0,0.0
ACOLITE,ACOLITE_only,closure,Karenia,45,0.0,0.14286,0.0,0.0
ACOLITE,ACOLITE_only,closure,Karenia,46,0.66667,1.0,0.5,1.0
ACOLITE,ACOLITE_only,closure,Karenia,47,0.0,,0.0,0.0
ACOLITE,ACOLITE_only,closure,Karenia,48,0.28571,0.31235,0.25,0.33333
ACOLITE,ACOLITE_only,closure,Karenia,49,0.0,0.26887,0.0,0.0
ACOLITE,ACOLITE_roms,closure,Karenia,0,0.0,0.21048,0.0,0.0
ACOLITE,ACOLITE_roms,closure,Karenia,1,0.0,0.51836,0.0,0.0
ACOLITE,ACOLITE_roms,closure,Karenia,2,0.0,0.20363,0.0,0.0
ACOLITE,ACOLITE_roms,closure,Karenia,3,0.0,0.20795,0.0,0.0
ACOLITE,ACOLITE_roms,closure,Karenia,4,0.0,0.15612,0.0,0.0
ACOLITE,ACOLITE_roms,closure,Karenia,5,0.0,0.05882,0.0,0.0
ACOLITE,ACOLITE_roms,closure,Karenia,6,0.0,0.01449,0.0,0.0
ACOLITE,ACOLITE_roms,closure,Karenia,7,0.0,0.25893,0.0,0.0
ACOLITE,ACOLITE_roms,closure,Karenia,8,0.0,0.00109,0.0,0.0
ACOLITE,ACOLITE_roms,closure,Karenia,9,0.0,0.16557,0.0,0.0
ACOLITE,ACOLITE_roms,closure,Karenia,10,0.0,0.02194,0.0,0.0
ACOLITE,ACOLITE_roms,closure,Karenia,11,0.0,0.01562,0.0,0.0
ACOLITE,ACOLITE_roms,closure,Karenia,12,0.0,0.0305,0.0,0.0
ACOLITE,ACOLITE_roms,closure,Karenia,13,0.0,0.01151,0.0,0.0
ACOLITE,ACOLITE_roms,closure,Karenia,14,0.0,0.34888,0.0,0.0
ACOLITE,ACOLITE_roms,closure,Karenia,15,0.0,0.0878,0.0,0.0
ACOLITE,ACOLITE_roms,closure,Karenia,16,0.0,0.51587,0.0,0.0
ACOLITE,ACOLITE_roms,closure,Karenia,17,0.0,0.50107,0.0,0.0
ACOLITE,ACOLITE_roms,closure,Karenia,18,0.0,0.07494,0.0,0.0
ACOLITE,ACOLITE_roms,closure,Karenia,19,0.0,0.34522,0.0,0.0
ACOLITE,ACOLITE_roms,closure,Karenia,20,0.0,0.30558,0.0,0.0
ACOLITE,ACOLITE_roms,closure,Karenia,21,0.0,0.50412,0.0,0.0
ACOLITE,ACOLITE_roms,closure,Karenia,22,0.0,0.02699,0.0,0.0
ACOLITE,ACOLITE_roms,closure,Karenia,23,0.0,0.22896,0.0,0.0
ACOLITE,ACOLITE_roms,closure,Karenia,24,0.0,0.10914,0.0,0.0
ACOLITE,ACOLITE_roms,closure,Karenia,25,0.0,0.02108,0.0,0.0
ACOLITE,ACOLITE_roms,closure,Karenia,26,0.0,0.02647,0.0,0.0
ACOLITE,ACOLITE_roms,closure,Karenia,27,0.0,0.25224,0.0,0.0
ACOLITE,ACOLITE_roms,closure,Karenia,28,0.0,0.13802,0.0,0.0
ACOLITE,ACOLITE_roms,closure,Karenia,29,0.0,0.13106,0.0,0.0
ACOLITE,ACOLITE_roms,closure,Karenia,30,0.0,0.09974,0.0,0.0
ACOLITE,ACOLITE_roms,closure,Karenia,31,0.0,0.2541,0.0,0.0
ACOLITE,ACOLITE_roms,closure,Karenia,32,0.0,0.21451,0.0,0.0
ACOLITE,ACOLITE_roms,closure,Karenia,33,0.0,0.25,0.0,0.0
ACOLITE,ACOLITE_roms,closure,Karenia,34,0.0,0.5,0.0,0.0
ACOLITE,ACOLITE_roms,closure,Karenia,35,0.0,0.51163,0.0,0.0
ACOLITE,ACOLITE_roms,closure,Karenia,36,0.0,0.01834,0.0,0.0
ACOLITE,ACOLITE_roms,closure,Karenia,37,0.0,0.04588,0.0,0.0
ACOLITE,ACOLITE_roms,closure,Karenia,38,0.0,0.7,0.0,0.0
ACOLITE,ACOLITE_roms,closure,Karenia,39,0.0,0.5,0.0,0.0
ACOLITE,ACOLITE_roms,closure,Karenia,40,0.0,0.24381,0.0,0.0
ACOLITE,ACOLITE_roms,closure,Karenia,41,0.0,0.14791,0.0,0.0
ACOLITE,ACOLITE_roms,closure,Karenia,42,0.0,0.00467,0.0,0.0
ACOLITE,ACOLITE_roms,closure,Karenia,43,0.0,0.11111,0.0,0.0
ACOLITE,ACOLITE_roms,closure,Karenia,44,0.0,,0.0,0.0
ACOLITE,ACOLITE_roms,closure,Karenia,45,0.0,0.1,0.0,0.0
ACOLITE,ACOLITE_roms,closure,Karenia,46,0.0,0.75,0.0,0.0
ACOLITE,ACOLITE_roms,closure,Karenia,47,0.0,,0.0,0.0
ACOLITE,ACOLITE_roms,closure,Karenia,48,0.0,0.39822,0.0,0.0
ACOLITE,ACOLITE_roms,closure,Karenia,49,0.0,0.50694,0.0,0.0
ACOLITE,ACOLITE_only,closure,Pseudo-nitzschia,0,0.47458,0.52485,0.35897,0.7
ACOLITE,ACOLITE_only,closure,Pseudo-nitzschia,1,0.64407,0.67889,0.55882,0.76
ACOLITE,ACOLITE_only,closure,Pseudo-nitzschia,2,0.53521,0.57771,0.475,0.6129
ACOLITE,ACOLITE_only,closure,Pseudo-nitzschia,3,0.44068,0.55115,0.38235,0.52
ACOLITE,ACOLITE_only,closure,Pseudo-nitzschia,4,0.6129,0.58391,0.57576,0.65517
ACOLITE,ACOLITE_only,closure,Pseudo-nitzschia,5,0.57143,0.55419,0.43243,0.84211
ACOLITE,ACOLITE_only,closure,Pseudo-nitzschia,6,0.61017,0.60652,0.5625,0.66667
ACOLITE,ACOLITE_only,closure,Pseudo-nitzschia,7,0.55556,0.62094,0.42553,0.8
ACOLITE,ACOLITE_only,closure,Pseudo-nitzschia,8,0.63158,0.6055,0.54545,0.75
ACOLITE,ACOLITE_only,closure,Pseudo-nitzschia,9,0.54545,0.61002,0.46154,0.66667
ACOLITE,ACOLITE_only,closure,Pseudo-nitzschia,10,0.63333,0.66415,0.54286,0.76
ACOLITE,ACOLITE_only,closure,Pseudo-nitzschia,11,0.58824,0.70328,0.4878,0.74074
ACOLITE,ACOLITE_only,closure,Pseudo-nitzschia,12,0.52941,0.58307,0.40909,0.75
ACOLITE,ACOLITE_only,closure,Pseudo-nitzschia,13,0.64286,0.69757,0.51429,0.85714
ACOLITE,ACOLITE_only,closure,Pseudo-nitzschia,14,0.53333,0.58561,0.44444,0.66667
ACOLITE,ACOLITE_only,closure,Pseudo-nitzschia,15,0.5,0.59369,0.41026,0.64
ACOLITE,ACOLITE_only,closure,Pseudo-nitzschia,16,0.64407,0.69534,0.55882,0.76
ACOLITE,ACOLITE_only,closure,Pseudo-nitzschia,17,0.74576,0.79248,0.70968,0.78571
ACOLITE,ACOLITE_only,closure,Pseudo-nitzschia,18,0.42857,0.45241,0.35294,0.54545
ACOLITE,ACOLITE_only,closure,Pseudo-nitzschia,19,0.48276,0.59907,0.38889,0.63636
ACOLITE,ACOLITE_only,closure,Pseudo-nitzschia,20,0.36,0.44984,0.25,0.64286
ACOLITE,ACOLITE_only,closure,Pseudo-nitzschia,21,0.60714,0.67763,0.48571,0.80952
ACOLITE,ACOLITE_only,closure,Pseudo-nitzschia,22,0.55072,0.55761,0.475,0.65517
ACOLITE,ACOLITE_only,closure,Pseudo-nitzschia,23,0.61765,0.60785,0.525,0.75
ACOLITE,ACOLITE_only,closure,Pseudo-nitzschia,24,0.37037,0.57596,0.26316,0.625
ACOLITE,ACOLITE_only,closure,Pseudo-nitzschia,25,0.64865,0.63149,0.61538,0.68571
ACOLITE,ACOLITE_only,closure,Pseudo-nitzschia,26,0.58333,0.55691,0.56,0.6087
ACOLITE,ACOLITE_only,closure,Pseudo-nitzschia,27,0.52459,0.49461,0.48485,0.57143
ACOLITE,ACOLITE_only,closure,Pseudo-nitzschia,28,0.60714,0.62292,0.48571,0.80952
ACOLITE,ACOLITE_only,closure,Pseudo-nitzschia,29,0.60606,0.66944,0.5,0.76923
ACOLITE,ACOLITE_only,closure,Pseudo-nitzschia,30,0.50794,0.564,0.39024,0.72727
ACOLITE,ACOLITE_only,closure,Pseudo-nitzschia,31,0.48148,0.53284,0.37143,0.68421
ACOLITE,ACOLITE_only,closure,Pseudo-nitzschia,32,0.5,0.65377,0.4,0.66667
ACOLITE,ACOLITE_only,closure,Pseudo-nitzschia,33,0.50847,0.57714,0.39474,0.71429
ACOLITE,ACOLITE_only,closure,Pseudo-nitzschia,34,0.47619,0.54969,0.45455,0.5
ACOLITE,ACOLITE_only,closure,Pseudo-nitzschia,35,0.56,0.60801,0.51852,0.6087
ACOLITE,ACOLITE_only,closure,Pseudo-nitzschia,36,0.57143,0.64928,0.4878,0.68966
ACOLITE,ACOLITE_only,closure,Pseudo-nitzschia,37,0.69565,0.73612,0.6,0.82759
ACOLITE,ACOLITE_only,closure,Pseudo-nitzschia,38,0.5,0.57323,0.39474,0.68182
ACOLITE,ACOLITE_only,closure,Pseudo-nitzschia,39,0.46875,0.62328,0.38462,0.6
ACOLITE,ACOLITE_only,closure,Pseudo-nitzschia,40,0.5,0.53091,0.41026,0.64
ACOLITE,ACOLITE_only,closure,Pseudo-nitzschia,41,0.6,0.63133,0.47368,0.81818
ACOLITE,ACOLITE_only,closure,Pseudo-nitzschia,42,0.5,0.65551,0.375,0.75
ACOLITE,ACOLITE_only,closure,Pseudo-nitzschia,43,0.42623,0.49585,0.36111,0.52
ACOLITE,ACOLITE_only,closure,Pseudo-nitzschia,44,0.65455,0.63512,0.62069,0.69231
ACOLITE,ACOLITE_only,closure,Pseudo-nitzschia,45,0.50847,0.64959,0.40541,0.68182
ACOLITE,ACOLITE_only,closure,Pseudo-nitzschia,46,0.50847,0.55467,0.42857,0.625
ACOLITE,ACOLITE_only,closure,Pseudo-nitzschia,47,0.48571,0.5669,0.38636,0.65385
ACOLITE,ACOLITE_only,closure,Pseudo-nitzschia,48,0.54902,0.61453,0.45161,0.7
ACOLITE,ACOLITE_only,closure,Pseudo-nitzschia,49,0.54286,0.60481,0.48718,0.6129
ACOLITE,ACOLITE_roms,closure,Pseudo-nitzschia,0,0.39216,0.60132,0.25641,0.83333
ACOLITE,ACOLITE_roms,closure,Pseudo-nitzschia,1,0.54167,0.70358,0.38235,0.92857
ACOLITE,ACOLITE_roms,closure,Pseudo-nitzschia,2,0.42105,0.70615,0.3,0.70588
ACOLITE,ACOLITE_roms,closure,Pseudo-nitzschia,3,0.44,0.63187,0.32353,0.6875
ACOLITE,ACOLITE_roms,closure,Pseudo-nitzschia,4,0.42553,0.54457,0.30303,0.71429
ACOLITE,ACOLITE_roms,closure,Pseudo-nitzschia,5,0.33333,0.64712,0.21622,0.72727
ACOLITE,ACOLITE_roms,closure,Pseudo-nitzschia,6,0.4186,0.66877,0.28125,0.81818
ACOLITE,ACOLITE_roms,closure,Pseudo-nitzschia,7,0.4,0.7242,0.25532,0.92308
ACOLITE,ACOLITE_roms,closure,Pseudo-nitzschia,8,0.38095,0.64186,0.24242,0.88889
ACOLITE,ACOLITE_roms,closure,Pseudo-nitzschia,9,0.35294,0.67576,0.23077,0.75
ACOLITE,ACOLITE_roms,closure,Pseudo-nitzschia,10,0.47826,0.77739,0.31429,1.0
ACOLITE,ACOLITE_roms,closure,Pseudo-nitzschia,11,0.47273,0.74565,0.31707,0.92857
ACOLITE,ACOLITE_roms,closure,Pseudo-nitzschia,12,0.32727,0.65426,0.20455,0.81818
ACOLITE,ACOLITE_roms,closure,Pseudo-nitzschia,13,0.46809,0.68939,0.31429,0.91667
ACOLITE,ACOLITE_roms,closure,Pseudo-nitzschia,14,0.38298,0.60272,0.25,0.81818
ACOLITE,ACOLITE_roms,closure,Pseudo-nitzschia,15,0.46154,0.62411,0.30769,0.92308
ACOLITE,ACOLITE_roms,closure,Pseudo-nitzschia,16,0.4898,0.77894,0.35294,0.8
ACOLITE,ACOLITE_roms,closure,Pseudo-nitzschia,17,0.61224,0.71445,0.48387,0.83333
ACOLITE,ACOLITE_roms,closure,Pseudo-nitzschia,18,0.375,0.44397,0.26471,0.64286
ACOLITE,ACOLITE_roms,closure,Pseudo-nitzschia,19,0.3913,0.65494,0.25,0.9
ACOLITE,ACOLITE_roms,closure,Pseudo-nitzschia,20,0.18605,0.52944,0.11111,0.57143
ACOLITE,ACOLITE_roms,closure,Pseudo-nitzschia,21,0.43478,0.71679,0.28571,0.90909
ACOLITE,ACOLITE_roms,closure,Pseudo-nitzschia,22,0.43636,0.63512,0.3,0.8
ACOLITE,ACOLITE_roms,closure,Pseudo-nitzschia,23,0.44444,0.63817,0.3,0.85714
ACOLITE,ACOLITE_roms,closure,Pseudo-nitzschia,24,0.43137,0.62458,0.28947,0.84615
ACOLITE,ACOLITE_roms,closure,Pseudo-nitzschia,25,0.54545,0.71987,0.38462,0.9375
ACOLITE,ACOLITE_roms,closure,Pseudo-nitzschia,26,0.37838,0.55478,0.28,0.58333
ACOLITE,ACOLITE_roms,closure,Pseudo-nitzschia,27,0.47059,0.51392,0.36364,0.66667
ACOLITE,ACOLITE_roms,closure,Pseudo-nitzschia,28,0.5,0.57339,0.34286,0.92308
ACOLITE,ACOLITE_roms,closure,Pseudo-nitzschia,29,0.42308,0.69804,0.275,0.91667
ACOLITE,ACOLITE_roms,closure,Pseudo-nitzschia,30,0.42105,0.61759,0.29268,0.75
ACOLITE,ACOLITE_roms,closure,Pseudo-nitzschia,31,0.34043,0.53179,0.22857,0.66667
ACOLITE,ACOLITE_roms,closure,Pseudo-nitzschia,32,0.44898,0.56972,0.31429,0.78571
ACOLITE,ACOLITE_roms,closure,Pseudo-nitzschia,33,0.49057,0.66152,0.34211,0.86667
ACOLITE,ACOLITE_roms,closure,Pseudo-nitzschia,34,0.5,0.57451,0.39394,0.68421
ACOLITE,ACOLITE_roms,closure,Pseudo-nitzschia,35,0.53659,0.66027,0.40741,0.78571
ACOLITE,ACOLITE_roms,closure,Pseudo-nitzschia,36,0.44828,0.66666,0.31707,0.76471
ACOLITE,ACOLITE_roms,closure,Pseudo-nitzschia,37,0.21277,0.71412,0.125,0.71429
ACOLITE,ACOLITE_roms,closure,Pseudo-nitzschia,38,0.29167,0.56531,0.18421,0.7
ACOLITE,ACOLITE_roms,closure,Pseudo-nitzschia,39,0.35088,0.58044,0.25641,0.55556
ACOLITE,ACOLITE_roms,closure,Pseudo-nitzschia,40,0.49123,0.57334,0.35897,0.77778
ACOLITE,ACOLITE_roms,closure,Pseudo-nitzschia,41,0.5283,0.6817,0.36842,0.93333
ACOLITE,ACOLITE_roms,closure,Pseudo-nitzschia,42,0.39286,0.65325,0.275,0.6875
ACOLITE,ACOLITE_roms,closure,Pseudo-nitzschia,43,0.29787,0.42032,0.19444,0.63636
ACOLITE,ACOLITE_roms,closure,Pseudo-nitzschia,44,0.51163,0.6407,0.37931,0.78571
ACOLITE,ACOLITE_roms,closure,Pseudo-nitzschia,45,0.47273,0.66197,0.35135,0.72222
ACOLITE,ACOLITE_roms,closure,Pseudo-nitzschia,46,0.39216,0.55616,0.28571,0.625
ACOLITE,ACOLITE_roms,closure,Pseudo-nitzschia,47,0.44828,0.67826,0.29545,0.92857
ACOLITE,ACOLITE_roms,closure,Pseudo-nitzschia,48,0.38095,0.6457,0.25806,0.72727
ACOLITE,ACOLITE_roms,closure,Pseudo-nitzschia,49,0.45283,0.74235,0.30769,0.85714
Baseline,Baseline_only,closure,Alexandrium_catenella,0,0.70463,0.79808,0.65563,0.76154
Baseline,Baseline_only,closure,Alexandrium_catenella,1,0.6993,0.77969,0.71429,0.68493
Baseline,Baseline_only,closure,Alexandrium_catenella,2,0.76821,0.85458,0.70732,0.84058
Baseline,Baseline_only,closure,Alexandrium_catenella,3,0.74733,0.85125,0.71429,0.78358
Baseline,Baseline_only,closure,Alexandrium_catenella,4,0.78808,0.86884,0.73006,0.85612
Baseline,Baseline_only,closure,Alexandrium_catenella,5,0.76868,0.80588,0.76596,0.77143
Baseline,Baseline_only,closure,Alexandrium_catenella,6,0.76692,0.85692,0.72857,0.80952
Baseline,Baseline_only,closure,Alexandrium_catenella,7,0.76246,0.87285,0.75145,0.77381
Baseline,Baseline_only,closure,Alexandrium_catenella,8,0.77228,0.84826,0.72222,0.82979
Baseline,Baseline_only,closure,Alexandrium_catenella,9,0.72474,0.81185,0.65409,0.8125
Baseline,Baseline_only,closure,Alexandrium_catenella,10,0.7554,0.84457,0.70946,0.80769
Baseline,Baseline_only,closure,Alexandrium_catenella,11,0.74048,0.84356,0.71812,0.76429
Baseline,Baseline_only,closure,Alexandrium_catenella,12,0.7138,0.82922,0.63855,0.80916
Baseline,Baseline_only,closure,Alexandrium_catenella,13,0.71947,0.835,0.61932,0.85827
Baseline,Baseline_only,closure,Alexandrium_catenella,14,0.73312,0.81098,0.68675,0.78621
Baseline,Baseline_only,closure,Alexandrium_catenella,15,0.74016,0.79939,0.71212,0.77049
Baseline,Baseline_only,closure,Alexandrium_catenella,16,0.73846,0.84015,0.69565,0.78689
Baseline,Baseline_only,closure,Alexandrium_catenella,17,0.7931,0.86549,0.75163,0.83942
Baseline,Baseline_only,closure,Alexandrium_catenella,18,0.68085,0.77729,0.63576,0.73282
Baseline,Baseline_only,closure,Alexandrium_catenella,19,0.77656,0.85014,0.75714,0.79699
Baseline,Baseline_only,closure,Alexandrium_catenella,20,0.74921,0.8521,0.69822,0.80822
Baseline,Baseline_only,closure,Alexandrium_catenella,21,0.75421,0.85881,0.70886,0.80576
Baseline,Baseline_only,closure,Alexandrium_catenella,22,0.75887,0.86715,0.69481,0.83594
Baseline,Baseline_only,closure,Alexandrium_catenella,23,0.76552,0.84285,0.72078,0.81618
Baseline,Baseline_only,closure,Alexandrium_catenella,24,0.72917,0.8198,0.69536,0.76642
Baseline,Baseline_only,closure,Alexandrium_catenella,25,0.75908,0.84817,0.70122,0.82734
Baseline,Baseline_only,closure,Alexandrium_catenella,26,0.7707,0.86725,0.71176,0.84028
Baseline,Baseline_only,closure,Alexandrium_catenella,27,0.69504,0.78512,0.6087,0.80992
Baseline,Baseline_only,closure,Alexandrium_catenella,28,0.76774,0.87034,0.72121,0.82069
Baseline,Baseline_only,closure,Alexandrium_catenella,29,0.76389,0.86275,0.71429,0.8209
Baseline,Baseline_only,closure,Alexandrium_catenella,30,0.71242,0.83587,0.67702,0.75172
Baseline,Baseline_only,closure,Alexandrium_catenella,31,0.78405,0.85895,0.78146,0.78667
Baseline,Baseline_only,closure,Alexandrium_catenella,32,0.7027,0.81663,0.65942,0.75207
Baseline,Baseline_only,closure,Alexandrium_catenella,33,0.72993,0.82803,0.67114,0.8
Baseline,Baseline_only,closure,Alexandrium_catenella,34,0.74172,0.8435,0.66272,0.84211
Baseline,Baseline_only,closure,Alexandrium_catenella,35,0.76351,0.8442,0.72436,0.80714
Baseline,Baseline_only,closure,Alexandrium_catenella,36,0.74265,0.83721,0.66013,0.84874
Baseline,Baseline_only,closure,Alexandrium_catenella,37,0.78571,0.86075,0.72848,0.85271
Baseline,Baseline_only,closure,Alexandrium_catenella,38,0.74468,0.79164,0.71918,0.77206
Baseline,Baseline_only,closure,Alexandrium_catenella,39,0.74434,0.8026,0.74675,0.74194
Baseline,Baseline_only,closure,Alexandrium_catenella,40,0.68889,0.78428,0.65035,0.73228
Baseline,Baseline_only,closure,Alexandrium_catenella,41,0.7619,0.87331,0.71338,0.81752
Baseline,Baseline_only,closure,Alexandrium_catenella,42,0.74906,0.83055,0.76336,0.73529
Baseline,Baseline_only,closure,Alexandrium_catenella,43,0.76875,0.84475,0.72781,0.81457
Baseline,Baseline_only,closure,Alexandrium_catenella,44,0.6746,0.79936,0.61151,0.75221
Baseline,Baseline_only,closure,Alexandrium_catenella,45,0.74101,0.80757,0.66883,0.83065
Baseline,Baseline_only,closure,Alexandrium_catenella,46,0.73611,0.83336,0.67516,0.80916
Baseline,Baseline_only,closure,Alexandrium_catenella,47,0.78417,0.85852,0.7415,0.83206
Baseline,Baseline_only,closure,Alexandrium_catenella,48,0.75524,0.81828,0.71523,0.8
Baseline,Baseline_only,closure,Alexandrium_catenella,49,0.77778,0.86313,0.70886,0.86154
Baseline,Baseline_roms,closure,Alexandrium_catenella,0,0.72527,0.82822,0.65563,0.81148
Baseline,Baseline_roms,closure,Alexandrium_catenella,1,0.7033,0.76905,0.68571,0.7218
Baseline,Baseline_roms,closure,Alexandrium_catenella,2,0.75168,0.86497,0.68293,0.83582
Baseline,Baseline_roms,closure,Alexandrium_catenella,3,0.75735,0.8896,0.70068,0.824
Baseline,Baseline_roms,closure,Alexandrium_catenella,4,0.7947,0.88667,0.7362,0.86331
Baseline,Baseline_roms,closure,Alexandrium_catenella,5,0.76154,0.8387,0.70213,0.83193
Baseline,Baseline_roms,closure,Alexandrium_catenella,6,0.76404,0.87822,0.72857,0.80315
Baseline,Baseline_roms,closure,Alexandrium_catenella,7,0.77551,0.87198,0.76879,0.78235
Baseline,Baseline_roms,closure,Alexandrium_catenella,8,0.72603,0.85949,0.65432,0.81538
Baseline,Baseline_roms,closure,Alexandrium_catenella,9,0.73038,0.82167,0.67296,0.79851
Baseline,Baseline_roms,closure,Alexandrium_catenella,10,0.75714,0.83685,0.71622,0.80303
Baseline,Baseline_roms,closure,Alexandrium_catenella,11,0.8042,0.88243,0.77181,0.83942
Baseline,Baseline_roms,closure,Alexandrium_catenella,12,0.73754,0.83965,0.66867,0.82222
Baseline,Baseline_roms,closure,Alexandrium_catenella,13,0.72131,0.85251,0.625,0.85271
Baseline,Baseline_roms,closure,Alexandrium_catenella,14,0.76129,0.83756,0.71084,0.81944
Baseline,Baseline_roms,closure,Alexandrium_catenella,15,0.7722,0.81882,0.75758,0.7874
Baseline,Baseline_roms,closure,Alexandrium_catenella,16,0.75889,0.84747,0.69565,0.83478
Baseline,Baseline_roms,closure,Alexandrium_catenella,17,0.78169,0.89258,0.72549,0.84733
Baseline,Baseline_roms,closure,Alexandrium_catenella,18,0.7234,0.80059,0.6755,0.77863
Baseline,Baseline_roms,closure,Alexandrium_catenella,19,0.78519,0.85239,0.75714,0.81538
Baseline,Baseline_roms,closure,Alexandrium_catenella,20,0.77707,0.88887,0.72189,0.84138
Baseline,Baseline_roms,closure,Alexandrium_catenella,21,0.76923,0.87068,0.72785,0.8156
Baseline,Baseline_roms,closure,Alexandrium_catenella,22,0.79167,0.88613,0.74026,0.85075
Baseline,Baseline_roms,closure,Alexandrium_catenella,23,0.74825,0.85826,0.69481,0.81061
Baseline,Baseline_roms,closure,Alexandrium_catenella,24,0.74733,0.85822,0.69536,0.80769
Baseline,Baseline_roms,closure,Alexandrium_catenella,25,0.78176,0.84612,0.73171,0.83916
Baseline,Baseline_roms,closure,Alexandrium_catenella,26,0.7557,0.8728,0.68235,0.84672
Baseline,Baseline_roms,closure,Alexandrium_catenella,27,0.68707,0.78006,0.62733,0.7594
Baseline,Baseline_roms,closure,Alexandrium_catenella,28,0.77852,0.89466,0.70303,0.87218
Baseline,Baseline_roms,closure,Alexandrium_catenella,29,0.79433,0.88502,0.72727,0.875
Baseline,Baseline_roms,closure,Alexandrium_catenella,30,0.70234,0.83826,0.65217,0.76087
Baseline,Baseline_roms,closure,Alexandrium_catenella,31,0.77441,0.87908,0.76159,0.78767
Baseline,Baseline_roms,closure,Alexandrium_catenella,32,0.76692,0.82086,0.73913,0.79688
Baseline,Baseline_roms,closure,Alexandrium_catenella,33,0.74627,0.83605,0.67114,0.84034
Baseline,Baseline_roms,closure,Alexandrium_catenella,34,0.77124,0.85581,0.69822,0.86131
Baseline,Baseline_roms,closure,Alexandrium_catenella,35,0.77027,0.8679,0.73077,0.81429
Baseline,Baseline_roms,closure,Alexandrium_catenella,36,0.72119,0.8311,0.63399,0.83621
Baseline,Baseline_roms,closure,Alexandrium_catenella,37,0.73239,0.83688,0.68874,0.78195
Baseline,Baseline_roms,closure,Alexandrium_catenella,38,0.75636,0.82097,0.71233,0.8062
Baseline,Baseline_roms,closure,Alexandrium_catenella,39,0.76667,0.83479,0.74675,0.78767
Baseline,Baseline_roms,closure,Alexandrium_catenella,40,0.71795,0.80085,0.68531,0.75385
Baseline,Baseline_roms,closure,Alexandrium_catenella,41,0.76159,0.87762,0.73248,0.7931
Baseline,Baseline_roms,closure,Alexandrium_catenella,42,0.7874,0.85713,0.76336,0.81301
Baseline,Baseline_roms,closure,Alexandrium_catenella,43,0.78616,0.84791,0.73964,0.83893
Baseline,Baseline_roms,closure,Alexandrium_catenella,44,0.71545,0.82185,0.63309,0.82243
Baseline,Baseline_roms,closure,Alexandrium_catenella,45,0.73455,0.83223,0.65584,0.83471
Baseline,Baseline_roms,closure,Alexandrium_catenella,46,0.75585,0.83636,0.71975,0.79577
Baseline,Baseline_roms,closure,Alexandrium_catenella,47,0.77622,0.8685,0.7551,0.79856
Baseline,Baseline_roms,closure,Alexandrium_catenella,48,0.8042,0.87526,0.76159,0.85185
Baseline,Baseline_roms,closure,Alexandrium_catenella,49,0.78767,0.86768,0.72785,0.85821
Baseline,Baseline_only,closure,Dinophysis_acuminata,0,0.851,0.92788,0.89189,0.8137
Baseline,Baseline_only,closure,Dinophysis_acuminata,1,0.86296,0.91558,0.89831,0.83029
Baseline,Baseline_only,closure,Dinophysis_acuminata,2,0.8478,0.90578,0.88955,0.80978
Baseline,Baseline_only,closure,Dinophysis_acuminata,3,0.86686,0.90305,0.90265,0.83379
Baseline,Baseline_only,closure,Dinophysis_acuminata,4,0.85199,0.92273,0.87798,0.8275
Baseline,Baseline_only,closure,Dinophysis_acuminata,5,0.86119,0.89636,0.90476,0.82162
Baseline,Baseline_only,closure,Dinophysis_acuminata,6,0.85754,0.90929,0.90379,0.81579
Baseline,Baseline_only,closure,Dinophysis_acuminata,7,0.85787,0.90017,0.88158,0.83541
Baseline,Baseline_only,closure,Dinophysis_acuminata,8,0.85048,0.9127,0.88571,0.81794
Baseline,Baseline_only,closure,Dinophysis_acuminata,9,0.86563,0.90221,0.88859,0.84383
Baseline,Baseline_only,closure,Dinophysis_acuminata,10,0.86968,0.92626,0.88451,0.85533
Baseline,Baseline_only,closure,Dinophysis_acuminata,11,0.84433,0.91516,0.88398,0.80808
Baseline,Baseline_only,closure,Dinophysis_acuminata,12,0.8522,0.90639,0.88889,0.81841
Baseline,Baseline_only,closure,Dinophysis_acuminata,13,0.85969,0.93011,0.85533,0.8641
Baseline,Baseline_only,closure,Dinophysis_acuminata,14,0.85215,0.92049,0.89045,0.81701
Baseline,Baseline_only,closure,Dinophysis_acuminata,15,0.84062,0.92692,0.85879,0.8232
Baseline,Baseline_only,closure,Dinophysis_acuminata,16,0.86849,0.92715,0.89296,0.84533
Baseline,Baseline_only,closure,Dinophysis_acuminata,17,0.85984,0.90859,0.88122,0.83947
Baseline,Baseline_only,closure,Dinophysis_acuminata,18,0.84058,0.90836,0.87158,0.8117
Baseline,Baseline_only,closure,Dinophysis_acuminata,19,0.8359,0.89714,0.86628,0.80759
Baseline,Baseline_only,closure,Dinophysis_acuminata,20,0.88415,0.9196,0.92737,0.84478
Baseline,Baseline_only,closure,Dinophysis_acuminata,21,0.88204,0.92184,0.91643,0.85013
Baseline,Baseline_only,closure,Dinophysis_acuminata,22,0.86207,0.90897,0.9233,0.80846
Baseline,Baseline_only,closure,Dinophysis_acuminata,23,0.85526,0.91078,0.88798,0.82487
Baseline,Baseline_only,closure,Dinophysis_acuminata,24,0.84197,0.89281,0.87088,0.81491
Baseline,Baseline_only,closure,Dinophysis_acuminata,25,0.86945,0.92981,0.88736,0.85224
Baseline,Baseline_only,closure,Dinophysis_acuminata,26,0.84341,0.89987,0.85994,0.82749
Baseline,Baseline_only,closure,Dinophysis_acuminata,27,0.85372,0.91558,0.86992,0.83812
Baseline,Baseline_only,closure,Dinophysis_acuminata,28,0.86763,0.89978,0.88978,0.84655
Baseline,Baseline_only,closure,Dinophysis_acuminata,29,0.85714,0.90346,0.89381,0.82337
Baseline,Baseline_only,closure,Dinophysis_acuminata,30,0.81858,0.88034,0.86503,0.77686
Baseline,Baseline_only,closure,Dinophysis_acuminata,31,0.87969,0.92701,0.90426,0.85642
Baseline,Baseline_only,closure,Dinophysis_acuminata,32,0.86301,0.91231,0.9157,0.81606
Baseline,Baseline_only,closure,Dinophysis_acuminata,33,0.85434,0.91962,0.85196,0.85674
Baseline,Baseline_only,closure,Dinophysis_acuminata,34,0.84097,0.89244,0.87887,0.8062
Baseline,Baseline_only,closure,Dinophysis_acuminata,35,0.87287,0.92125,0.90244,0.84518
Baseline,Baseline_only,closure,Dinophysis_acuminata,36,0.86702,0.92754,0.8956,0.84021
Baseline,Baseline_only,closure,Dinophysis_acuminata,37,0.86803,0.92193,0.91143,0.82857
Baseline,Baseline_only,closure,Dinophysis_acuminata,38,0.85265,0.89078,0.88427,0.8232
Baseline,Baseline_only,closure,Dinophysis_acuminata,39,0.89431,0.94588,0.90909,0.88
Baseline,Baseline_only,closure,Dinophysis_acuminata,40,0.86111,0.92354,0.89034,0.83374
Baseline,Baseline_only,closure,Dinophysis_acuminata,41,0.86595,0.91816,0.90223,0.83247
Baseline,Baseline_only,closure,Dinophysis_acuminata,42,0.86819,0.92429,0.88338,0.85352
Baseline,Baseline_only,closure,Dinophysis_acuminata,43,0.85642,0.89912,0.88684,0.82801
Baseline,Baseline_only,closure,Dinophysis_acuminata,44,0.83387,0.91838,0.87,0.80061
Baseline,Baseline_only,closure,Dinophysis_acuminata,45,0.85437,0.91005,0.87006,0.83924
Baseline,Baseline_only,closure,Dinophysis_acuminata,46,0.85603,0.89846,0.90659,0.81081
Baseline,Baseline_only,closure,Dinophysis_acuminata,47,0.85039,0.91974,0.87097,0.83077
Baseline,Baseline_only,closure,Dinophysis_acuminata,48,0.89096,0.9212,0.91281,0.87013
Baseline,Baseline_only,closure,Dinophysis_acuminata,49,0.84987,0.92472,0.89045,0.81282
Baseline,Baseline_roms,closure,Dinophysis_acuminata,0,0.83834,0.92002,0.87988,0.80055
Baseline,Baseline_roms,closure,Dinophysis_acuminata,1,0.86062,0.92337,0.89831,0.82597
Baseline,Baseline_roms,closure,Dinophysis_acuminata,2,0.85556,0.91004,0.9194,0.8
Baseline,Baseline_roms,closure,Dinophysis_acuminata,3,0.86761,0.91105,0.90855,0.83019
Baseline,Baseline_roms,closure,Dinophysis_acuminata,4,0.86473,0.92344,0.90716,0.82609
Baseline,Baseline_roms,closure,Dinophysis_acuminata,5,0.85755,0.90008,0.90476,0.81501
Baseline,Baseline_roms,closure,Dinophysis_acuminata,6,0.84153,0.91093,0.89796,0.79177
Baseline,Baseline_roms,closure,Dinophysis_acuminata,7,0.8575,0.91081,0.89474,0.82324
Baseline,Baseline_roms,closure,Dinophysis_acuminata,8,0.84354,0.90576,0.88571,0.80519
Baseline,Baseline_roms,closure,Dinophysis_acuminata,9,0.85347,0.90926,0.88064,0.82793
Baseline,Baseline_roms,closure,Dinophysis_acuminata,10,0.8855,0.93124,0.91339,0.85926
Baseline,Baseline_roms,closure,Dinophysis_acuminata,11,0.83905,0.92182,0.87845,0.80303
Baseline,Baseline_roms,closure,Dinophysis_acuminata,12,0.83777,0.90141,0.875,0.80357
Baseline,Baseline_roms,closure,Dinophysis_acuminata,13,0.85316,0.92157,0.85533,0.85101
Baseline,Baseline_roms,closure,Dinophysis_acuminata,14,0.83984,0.91613,0.8764,0.8062
Baseline,Baseline_roms,closure,Dinophysis_acuminata,15,0.83754,0.91717,0.86167,0.81471
Baseline,Baseline_roms,closure,Dinophysis_acuminata,16,0.87671,0.92545,0.90141,0.85333
Baseline,Baseline_roms,closure,Dinophysis_acuminata,17,0.85486,0.91226,0.88674,0.82519
Baseline,Baseline_roms,closure,Dinophysis_acuminata,18,0.84514,0.89966,0.87978,0.81313
Baseline,Baseline_roms,closure,Dinophysis_acuminata,19,0.84388,0.90142,0.87209,0.81744
Baseline,Baseline_roms,closure,Dinophysis_acuminata,20,0.86782,0.92448,0.90782,0.8312
Baseline,Baseline_roms,closure,Dinophysis_acuminata,21,0.86243,0.92534,0.90808,0.82116
Baseline,Baseline_roms,closure,Dinophysis_acuminata,22,0.86772,0.9016,0.93182,0.81188
Baseline,Baseline_roms,closure,Dinophysis_acuminata,23,0.86866,0.91613,0.91257,0.82878
Baseline,Baseline_roms,closure,Dinophysis_acuminata,24,0.84433,0.8891,0.87912,0.81218
Baseline,Baseline_roms,closure,Dinophysis_acuminata,25,0.87003,0.92257,0.9011,0.84103
Baseline,Baseline_roms,closure,Dinophysis_acuminata,26,0.84636,0.90039,0.87955,0.81558
Baseline,Baseline_roms,closure,Dinophysis_acuminata,27,0.85714,0.9183,0.87805,0.83721
Baseline,Baseline_roms,closure,Dinophysis_acuminata,28,0.86753,0.91304,0.89785,0.8392
Baseline,Baseline_roms,closure,Dinophysis_acuminata,29,0.85434,0.89308,0.89971,0.81333
Baseline,Baseline_roms,closure,Dinophysis_acuminata,30,0.81948,0.89183,0.8773,0.76882
Baseline,Baseline_roms,closure,Dinophysis_acuminata,31,0.87887,0.93379,0.90691,0.8525
Baseline,Baseline_roms,closure,Dinophysis_acuminata,32,0.87004,0.921,0.92442,0.82171
Baseline,Baseline_roms,closure,Dinophysis_acuminata,33,0.86192,0.92049,0.86313,0.86072
Baseline,Baseline_roms,closure,Dinophysis_acuminata,34,0.84367,0.89646,0.88169,0.80879
Baseline,Baseline_roms,closure,Dinophysis_acuminata,35,0.87565,0.91673,0.91599,0.83871
Baseline,Baseline_roms,closure,Dinophysis_acuminata,36,0.85676,0.92198,0.87912,0.83551
Baseline,Baseline_roms,closure,Dinophysis_acuminata,37,0.86604,0.92429,0.91429,0.82262
Baseline,Baseline_roms,closure,Dinophysis_acuminata,38,0.85349,0.89366,0.89021,0.81967
Baseline,Baseline_roms,closure,Dinophysis_acuminata,39,0.89488,0.94916,0.9146,0.87599
Baseline,Baseline_roms,closure,Dinophysis_acuminata,40,0.8646,0.92223,0.90862,0.82464
Baseline,Baseline_roms,closure,Dinophysis_acuminata,41,0.87316,0.91831,0.91341,0.83632
Baseline,Baseline_roms,closure,Dinophysis_acuminata,42,0.84857,0.90952,0.86589,0.83193
Baseline,Baseline_roms,closure,Dinophysis_acuminata,43,0.85,0.89043,0.89474,0.80952
Baseline,Baseline_roms,closure,Dinophysis_acuminata,44,0.84543,0.9086,0.89333,0.8024
Baseline,Baseline_roms,closure,Dinophysis_acuminata,45,0.87278,0.91649,0.90113,0.84615
Baseline,Baseline_roms,closure,Dinophysis_acuminata,46,0.85344,0.8974,0.90385,0.80835
Baseline,Baseline_roms,closure,Dinophysis_acuminata,47,0.85789,0.92294,0.88441,0.83291
Baseline,Baseline_roms,closure,Dinophysis_acuminata,48,0.88624,0.92842,0.91281,0.86118
Baseline,Baseline_roms,closure,Dinophysis_acuminata,49,0.8521,0.92888,0.88202,0.82415
Baseline,Baseline_only,closure,Dinophysis_norvegica,0,0.45161,0.50363,0.35897,0.6087
Baseline,Baseline_only,closure,Dinophysis_norvegica,1,0.54545,0.63203,0.42857,0.75
Baseline,Baseline_only,closure,Dinophysis_norvegica,2,0.49383,0.53078,0.40816,0.625
Baseline,Baseline_only,closure,Dinophysis_norvegica,3,0.57895,0.58634,0.51163,0.66667
Baseline,Baseline_only,closure,Dinophysis_norvegica,4,0.43478,0.39216,0.36585,0.53571
Baseline,Baseline_only,closure,Dinophysis_norvegica,5,0.52632,0.5206,0.44444,0.64516
Baseline,Baseline_only,closure,Dinophysis_norvegica,6,0.38806,0.42045,0.35135,0.43333
Baseline,Baseline_only,closure,Dinophysis_norvegica,7,0.63918,0.71957,0.58491,0.70455
Baseline,Baseline_only,closure,Dinophysis_norvegica,8,0.59155,0.51678,0.525,0.67742
Baseline,Baseline_only,closure,Dinophysis_norvegica,9,0.6,0.6676,0.55102,0.65854
Baseline,Baseline_only,closure,Dinophysis_norvegica,10,0.46875,0.56479,0.39474,0.57692
Baseline,Baseline_only,closure,Dinophysis_norvegica,11,0.53165,0.5354,0.56757,0.5
Baseline,Baseline_only,closure,Dinophysis_norvegica,12,0.51852,0.53537,0.4375,0.63636
Baseline,Baseline_only,closure,Dinophysis_norvegica,13,0.45946,0.49124,0.425,0.5
Baseline,Baseline_only,closure,Dinophysis_norvegica,14,0.47761,0.57954,0.39024,0.61538
Baseline,Baseline_only,closure,Dinophysis_norvegica,15,0.48571,0.52123,0.425,0.56667
Baseline,Baseline_only,closure,Dinophysis_norvegica,16,0.56,0.48428,0.58333,0.53846
Baseline,Baseline_only,closure,Dinophysis_norvegica,17,0.54545,0.58254,0.4375,0.72414
Baseline,Baseline_only,closure,Dinophysis_norvegica,18,0.39437,0.37616,0.35,0.45161
Baseline,Baseline_only,closure,Dinophysis_norvegica,19,0.39437,0.4473,0.31818,0.51852
Baseline,Baseline_only,closure,Dinophysis_norvegica,20,0.48,0.46874,0.42857,0.54545
Baseline,Baseline_only,closure,Dinophysis_norvegica,21,0.45,0.50943,0.36735,0.58065
Baseline,Baseline_only,closure,Dinophysis_norvegica,22,0.58974,0.65085,0.5,0.71875
Baseline,Baseline_only,closure,Dinophysis_norvegica,23,0.39437,0.46005,0.31818,0.51852
Baseline,Baseline_only,closure,Dinophysis_norvegica,24,0.46914,0.44715,0.41304,0.54286
Baseline,Baseline_only,closure,Dinophysis_norvegica,25,0.41791,0.48058,0.35897,0.5
Baseline,Baseline_only,closure,Dinophysis_norvegica,26,0.52941,0.51029,0.48649,0.58065
Baseline,Baseline_only,closure,Dinophysis_norvegica,27,0.52778,0.52979,0.46341,0.6129
Baseline,Baseline_only,closure,Dinophysis_norvegica,28,0.58974,0.62068,0.54762,0.63889
Baseline,Baseline_only,closure,Dinophysis_norvegica,29,0.5,0.56776,0.45,0.5625
Baseline,Baseline_only,closure,Dinophysis_norvegica,30,0.53846,0.52201,0.45652,0.65625
Baseline,Baseline_only,closure,Dinophysis_norvegica,31,0.54286,0.59134,0.5,0.59375
Baseline,Baseline_only,closure,Dinophysis_norvegica,32,0.5,0.4896,0.45455,0.55556
Baseline,Baseline_only,closure,Dinophysis_norvegica,33,0.53968,0.56567,0.4359,0.70833
Baseline,Baseline_only,closure,Dinophysis_norvegica,34,0.55422,0.58924,0.53488,0.575
Baseline,Baseline_only,closure,Dinophysis_norvegica,35,0.53731,0.61195,0.45,0.66667
Baseline,Baseline_only,closure,Dinophysis_norvegica,36,0.49412,0.49176,0.4375,0.56757
Baseline,Baseline_only,closure,Dinophysis_norvegica,37,0.5641,0.55818,0.51163,0.62857
Baseline,Baseline_only,closure,Dinophysis_norvegica,38,0.49315,0.4918,0.43902,0.5625
Baseline,Baseline_only,closure,Dinophysis_norvegica,39,0.48649,0.58251,0.3913,0.64286
Baseline,Baseline_only,closure,Dinophysis_norvegica,40,0.53731,0.59384,0.43902,0.69231
Baseline,Baseline_only,closure,Dinophysis_norvegica,41,0.45238,0.54406,0.39583,0.52778
Baseline,Baseline_only,closure,Dinophysis_norvegica,42,0.6,0.61054,0.55263,0.65625
Baseline,Baseline_only,closure,Dinophysis_norvegica,43,0.46154,0.53442,0.3913,0.5625
Baseline,Baseline_only,closure,Dinophysis_norvegica,44,0.38356,0.43453,0.33333,0.45161
Baseline,Baseline_only,closure,Dinophysis_norvegica,45,0.51515,0.55787,0.4359,0.62963
Baseline,Baseline_only,closure,Dinophysis_norvegica,46,0.63158,0.62663,0.6,0.66667
Baseline,Baseline_only,closure,Dinophysis_norvegica,47,0.60465,0.58957,0.55319,0.66667
Baseline,Baseline_only,closure,Dinophysis_norvegica,48,0.46154,0.5605,0.43902,0.48649
Baseline,Baseline_only,closure,Dinophysis_norvegica,49,0.45946,0.4624,0.41463,0.51515
Baseline,Baseline_roms,closure,Dinophysis_norvegica,0,0.30769,0.43959,0.20513,0.61538
Baseline,Baseline_roms,closure,Dinophysis_norvegica,1,0.45902,0.61651,0.33333,0.73684
Baseline,Baseline_roms,closure,Dinophysis_norvegica,2,0.33803,0.51994,0.2449,0.54545
Baseline,Baseline_roms,closure,Dinophysis_norvegica,3,0.51613,0.66704,0.37209,0.84211
Baseline,Baseline_roms,closure,Dinophysis_norvegica,4,0.27586,0.43232,0.19512,0.47059
Baseline,Baseline_roms,closure,Dinophysis_norvegica,5,0.4,0.56167,0.28889,0.65
Baseline,Baseline_roms,closure,Dinophysis_norvegica,6,0.4,0.54116,0.2973,0.61111
Baseline,Baseline_roms,closure,Dinophysis_norvegica,7,0.51948,0.69673,0.37736,0.83333
Baseline,Baseline_roms,closure,Dinophysis_norvegica,8,0.44828,0.52315,0.325,0.72222
Baseline,Baseline_roms,closure,Dinophysis_norvegica,9,0.48101,0.62585,0.38776,0.63333
Baseline,Baseline_roms,closure,Dinophysis_norvegica,10,0.39216,0.56575,0.26316,0.76923
Baseline,Baseline_roms,closure,Dinophysis_norvegica,11,0.3871,0.55182,0.32432,0.48
Baseline,Baseline_roms,closure,Dinophysis_norvegica,12,0.41791,0.5862,0.29167,0.73684
Baseline,Baseline_roms,closure,Dinophysis_norvegica,13,0.41935,0.50983,0.325,0.59091
Baseline,Baseline_roms,closure,Dinophysis_norvegica,14,0.45902,0.57823,0.34146,0.7
Baseline,Baseline_roms,closure,Dinophysis_norvegica,15,0.38462,0.55053,0.25,0.83333
Baseline,Baseline_roms,closure,Dinophysis_norvegica,16,0.50746,0.5244,0.47222,0.54839
Baseline,Baseline_roms,closure,Dinophysis_norvegica,17,0.40625,0.56711,0.27083,0.8125
Baseline,Baseline_roms,closure,Dinophysis_norvegica,18,0.21818,0.39276,0.15,0.4
Baseline,Baseline_roms,closure,Dinophysis_norvegica,19,0.32787,0.43886,0.22727,0.58824
Baseline,Baseline_roms,closure,Dinophysis_norvegica,20,0.39286,0.41472,0.2619,0.78571
Baseline,Baseline_roms,closure,Dinophysis_norvegica,21,0.42254,0.5227,0.30612,0.68182
Baseline,Baseline_roms,closure,Dinophysis_norvegica,22,0.48571,0.6318,0.36957,0.70833
Baseline,Baseline_roms,closure,Dinophysis_norvegica,23,0.32258,0.48693,0.22727,0.55556
Baseline,Baseline_roms,closure,Dinophysis_norvegica,24,0.46377,0.54495,0.34783,0.69565
Baseline,Baseline_roms,closure,Dinophysis_norvegica,25,0.28571,0.42898,0.20513,0.47059
Baseline,Baseline_roms,closure,Dinophysis_norvegica,26,0.34615,0.52309,0.24324,0.6
Baseline,Baseline_roms,closure,Dinophysis_norvegica,27,0.39286,0.5547,0.26829,0.73333
Baseline,Baseline_roms,closure,Dinophysis_norvegica,28,0.32143,0.61381,0.21429,0.64286
Baseline,Baseline_roms,closure,Dinophysis_norvegica,29,0.54839,0.53426,0.425,0.77273
Baseline,Baseline_roms,closure,Dinophysis_norvegica,30,0.35484,0.5654,0.23913,0.6875
Baseline,Baseline_roms,closure,Dinophysis_norvegica,31,0.42105,0.52184,0.31579,0.63158
Baseline,Baseline_roms,closure,Dinophysis_norvegica,32,0.37931,0.50697,0.33333,0.44
Baseline,Baseline_roms,closure,Dinophysis_norvegica,33,0.51724,0.57976,0.38462,0.78947
Baseline,Baseline_roms,closure,Dinophysis_norvegica,34,0.5,0.63646,0.39535,0.68
Baseline,Baseline_roms,closure,Dinophysis_norvegica,35,0.37736,0.63823,0.25,0.76923
Baseline,Baseline_roms,closure,Dinophysis_norvegica,36,0.36111,0.48385,0.27083,0.54167
Baseline,Baseline_roms,closure,Dinophysis_norvegica,37,0.4375,0.53194,0.32558,0.66667
Baseline,Baseline_roms,closure,Dinophysis_norvegica,38,0.4375,0.44309,0.34146,0.6087
Baseline,Baseline_roms,closure,Dinophysis_norvegica,39,0.54286,0.67663,0.41304,0.79167
Baseline,Baseline_roms,closure,Dinophysis_norvegica,40,0.44068,0.50995,0.31707,0.72222
Baseline,Baseline_roms,closure,Dinophysis_norvegica,41,0.39437,0.4987,0.29167,0.6087
Baseline,Baseline_roms,closure,Dinophysis_norvegica,42,0.45614,0.60594,0.34211,0.68421
Baseline,Baseline_roms,closure,Dinophysis_norvegica,43,0.34375,0.4961,0.23913,0.61111
Baseline,Baseline_roms,closure,Dinophysis_norvegica,44,0.41379,0.53202,0.28571,0.75
Baseline,Baseline_roms,closure,Dinophysis_norvegica,45,0.37736,0.42839,0.25641,0.71429
Baseline,Baseline_roms,closure,Dinophysis_norvegica,46,0.5,0.56108,0.375,0.75
Baseline,Baseline_roms,closure,Dinophysis_norvegica,47,0.50704,0.58419,0.38298,0.75
Baseline,Baseline_roms,closure,Dinophysis_norvegica,48,0.46875,0.54384,0.36585,0.65217
Baseline,Baseline_roms,closure,Dinophysis_norvegica,49,0.46154,0.47325,0.36585,0.625
Baseline,Baseline_only,closure,Karenia,0,0.0,0.46667,0.0,0.0
Baseline,Baseline_only,closure,Karenia,1,0.4,0.28086,0.25,1.0
Baseline,Baseline_only,closure,Karenia,2,0.0,0.08962,0.0,0.0
Baseline,Baseline_only,closure,Karenia,3,0.25,0.16366,0.2,0.33333
Baseline,Baseline_only,closure,Karenia,4,0.0,0.28032,0.0,0.0
Baseline,Baseline_only,closure,Karenia,5,0.0,0.14286,0.0,0.0
Baseline,Baseline_only,closure,Karenia,6,0.0,0.36292,0.0,0.0
Baseline,Baseline_only,closure,Karenia,7,0.0,0.58333,0.0,0.0
Baseline,Baseline_only,closure,Karenia,8,0.0,0.00704,0.0,0.0
Baseline,Baseline_only,closure,Karenia,9,0.0,0.10843,0.0,0.0
Baseline,Baseline_only,closure,Karenia,10,0.0,0.2511,0.0,0.0
Baseline,Baseline_only,closure,Karenia,11,0.0,0.16667,0.0,0.0
Baseline,Baseline_only,closure,Karenia,12,0.33333,0.16775,0.5,0.25
Baseline,Baseline_only,closure,Karenia,13,0.0,0.01977,0.0,0.0
Baseline,Baseline_only,closure,Karenia,14,0.0,0.30763,0.0,0.0
Baseline,Baseline_only,closure,Karenia,15,0.5,0.26449,0.5,0.5
Baseline,Baseline_only,closure,Karenia,16,0.66667,0.625,0.5,1.0
Baseline,Baseline_only,closure,Karenia,17,0.66667,0.50107,0.5,1.0
Baseline,Baseline_only,closure,Karenia,18,0.33333,0.29778,0.33333,0.33333
Baseline,Baseline_only,closure,Karenia,19,0.33333,0.14146,0.33333,0.33333
Baseline,Baseline_only,closure,Karenia,20,0.25,0.47213,0.16667,0.5
Baseline,Baseline_only,closure,Karenia,21,0.0,0.51064,0.0,0.0
Baseline,Baseline_only,closure,Karenia,22,0.0,0.17715,0.0,0.0
Baseline,Baseline_only,closure,Karenia,23,0.4,0.38163,0.25,1.0
Baseline,Baseline_only,closure,Karenia,24,0.4,0.27506,0.33333,0.5
Baseline,Baseline_only,closure,Karenia,25,0.0,0.16775,0.0,0.0
Baseline,Baseline_only,closure,Karenia,26,0.0,0.01543,0.0,0.0
Baseline,Baseline_only,closure,Karenia,27,0.0,0.25971,0.0,0.0
Baseline,Baseline_only,closure,Karenia,28,0.0,0.3911,0.0,0.0
Baseline,Baseline_only,closure,Karenia,29,0.66667,0.51887,0.5,1.0
Baseline,Baseline_only,closure,Karenia,30,0.0,0.29094,0.0,0.0
Baseline,Baseline_only,closure,Karenia,31,0.0,0.12877,0.0,0.0
Baseline,Baseline_only,closure,Karenia,32,0.22222,0.13656,0.16667,0.33333
Baseline,Baseline_only,closure,Karenia,33,0.0,0.2,0.0,0.0
Baseline,Baseline_only,closure,Karenia,34,1.0,1.0,1.0,1.0
Baseline,Baseline_only,closure,Karenia,35,0.0,0.53226,0.0,0.0
Baseline,Baseline_only,closure,Karenia,36,0.0,0.178,0.0,0.0
Baseline,Baseline_only,closure,Karenia,37,0.0,0.12381,0.0,0.0
Baseline,Baseline_only,closure,Karenia,38,0.22222,0.225,0.5,0.14286
Baseline,Baseline_only,closure,Karenia,39,0.5,0.33333,1.0,0.33333
Baseline,Baseline_only,closure,Karenia,40,0.28571,0.16966,0.2,0.5
Baseline,Baseline_only,closure,Karenia,41,0.0,0.39935,0.0,0.0
Baseline,Baseline_only,closure,Karenia,42,0.0,0.02703,0.0,0.0
Baseline,Baseline_only,closure,Karenia,43,0.5,0.33333,1.0,0.33333
Baseline,Baseline_only,closure,Karenia,44,0.0,,0.0,0.0
Baseline,Baseline_only,closure,Karenia,45,1.0,1.0,1.0,1.0
Baseline,Baseline_only,closure,Karenia,46,0.5,0.75,0.5,0.5
Baseline,Baseline_only,closure,Karenia,47,0.0,,0.0,0.0
Baseline,Baseline_only,closure,Karenia,48,0.25,0.27694,0.25,0.25
Baseline,Baseline_only,closure,Karenia,49,0.0,0.75,0.0,0.0
Baseline,Baseline_roms,closure,Karenia,0,0.0,0.63889,0.0,0.0
Baseline,Baseline_roms,closure,Karenia,1,0.0,0.05116,0.0,0.0
Baseline,Baseline_roms,closure,Karenia,2,0.0,0.07451,0.0,0.0
Baseline,Baseline_roms,closure,Karenia,3,0.0,0.13832,0.0,0.0
Baseline,Baseline_roms,closure,Karenia,4,0.0,0.28111,0.0,0.0
Baseline,Baseline_roms,closure,Karenia,5,0.0,0.5,0.0,0.0
Baseline,Baseline_roms,closure,Karenia,6,0.0,0.33719,0.0,0.0
Baseline,Baseline_roms,closure,Karenia,7,0.0,0.29167,0.0,0.0
Baseline,Baseline_roms,closure,Karenia,8,0.0,0.005,0.0,0.0
Baseline,Baseline_roms,closure,Karenia,9,0.0,0.26313,0.0,0.0
Baseline,Baseline_roms,closure,Karenia,10,0.0,0.25274,0.0,0.0
Baseline,Baseline_roms,closure,Karenia,11,0.0,0.01266,0.0,0.0
Baseline,Baseline_roms,closure,Karenia,12,0.0,0.16775,0.0,0.0
Baseline,Baseline_roms,closure,Karenia,13,0.0,0.01709,0.0,0.0
Baseline,Baseline_roms,closure,Karenia,14,0.0,0.44868,0.0,0.0
Baseline,Baseline_roms,closure,Karenia,15,0.0,0.25671,0.0,0.0
Baseline,Baseline_roms,closure,Karenia,16,0.0,0.18519,0.0,0.0
Baseline,Baseline_roms,closure,Karenia,17,0.0,0.50107,0.0,0.0
Baseline,Baseline_roms,closure,Karenia,18,0.0,0.39758,0.0,0.0
Baseline,Baseline_roms,closure,Karenia,19,0.0,0.36114,0.0,0.0
Baseline,Baseline_roms,closure,Karenia,20,0.0,0.31022,0.0,0.0
Baseline,Baseline_roms,closure,Karenia,21,0.0,0.51449,0.0,0.0
Baseline,Baseline_roms,closure,Karenia,22,0.0,0.18107,0.0,0.0
Baseline,Baseline_roms,closure,Karenia,23,0.0,0.17037,0.0,0.0
Baseline,Baseline_roms,closure,Karenia,24,0.0,0.33565,0.0,0.0
Baseline,Baseline_roms,closure,Karenia,25,0.0,0.08442,0.0,0.0
Baseline,Baseline_roms,closure,Karenia,26,0.0,0.01261,0.0,0.0
Baseline,Baseline_roms,closure,Karenia,27,0.0,0.18841,0.0,0.0
Baseline,Baseline_roms,closure,Karenia,28,0.0,0.20212,0.0,0.0
Baseline,Baseline_roms,closure,Karenia,29,0.0,0.50515,0.0,0.0
Baseline,Baseline_roms,closure,Karenia,30,0.0,0.1447,0.0,0.0
Baseline,Baseline_roms,closure,Karenia,31,0.0,0.21729,0.0,0.0
Baseline,Baseline_roms,closure,Karenia,32,0.0,0.11793,0.0,0.0
Baseline,Baseline_roms,closure,Karenia,33,0.0,0.25,0.0,0.0
Baseline,Baseline_roms,closure,Karenia,34,0.0,0.33333,0.0,0.0
Baseline,Baseline_roms,closure,Karenia,35,0.0,0.51695,0.0,0.0
Baseline,Baseline_roms,closure,Karenia,36,0.0,0.09168,0.0,0.0
Baseline,Baseline_roms,closure,Karenia,37,0.0,0.22318,0.0,0.0
Baseline,Baseline_roms,closure,Karenia,38,0.0,0.325,0.0,0.0
Baseline,Baseline_roms,closure,Karenia,39,0.0,0.33333,0.0,0.0
Baseline,Baseline_roms,closure,Karenia,40,0.0,0.29435,0.0,0.0
Baseline,Baseline_roms,closure,Karenia,41,0.0,0.28571,0.0,0.0
Baseline,Baseline_roms,closure,Karenia,42,0.0,0.00476,0.0,0.0
Baseline,Baseline_roms,closure,Karenia,43,0.0,0.33333,0.0,0.0
Baseline,Baseline_roms,closure,Karenia,44,0.0,,0.0,0.0
Baseline,Baseline_roms,closure,Karenia,45,0.0,1.0,0.0,0.0
Baseline,Baseline_roms,closure,Karenia,46,0.0,0.325,0.0,0.0
Baseline,Baseline_roms,closure,Karenia,47,0.0,,0.0,0.0
Baseline,Baseline_roms,closure,Karenia,48,0.0,0.35714,0.0,0.0
Baseline,Baseline_roms,closure,Karenia,49,0.0,0.10847,0.0,0.0
Baseline,Baseline_only,closure,Pseudo-nitzschia,0,0.47458,0.52843,0.35897,0.7
Baseline,Baseline_only,closure,Pseudo-nitzschia,1,0.6,0.58847,0.52941,0.69231
Baseline,Baseline_only,closure,Pseudo-nitzschia,2,0.63014,0.69992,0.575,0.69697
Baseline,Baseline_only,closure,Pseudo-nitzschia,3,0.62295,0.61372,0.55882,0.7037
Baseline,Baseline_only,closure,Pseudo-nitzschia,4,0.42857,0.45766,0.36364,0.52174
Baseline,Baseline_only,closure,Pseudo-nitzschia,5,0.59649,0.60853,0.45946,0.85
Baseline,Baseline_only,closure,Pseudo-nitzschia,6,0.63158,0.72208,0.5625,0.72
Baseline,Baseline_only,closure,Pseudo-nitzschia,7,0.61538,0.61468,0.51064,0.77419
Baseline,Baseline_only,closure,Pseudo-nitzschia,8,0.63333,0.67192,0.57576,0.7037
Baseline,Baseline_only,closure,Pseudo-nitzschia,9,0.58462,0.6252,0.48718,0.73077
Baseline,Baseline_only,closure,Pseudo-nitzschia,10,0.6129,0.66703,0.54286,0.7037
Baseline,Baseline_only,closure,Pseudo-nitzschia,11,0.53968,0.64553,0.41463,0.77273
Baseline,Baseline_only,closure,Pseudo-nitzschia,12,0.53968,0.64341,0.38636,0.89474
Baseline,Baseline_only,closure,Pseudo-nitzschia,13,0.62963,0.67164,0.48571,0.89474
Baseline,Baseline_only,closure,Pseudo-nitzschia,14,0.55385,0.56763,0.5,0.62069
Baseline,Baseline_only,closure,Pseudo-nitzschia,15,0.46154,0.54873,0.38462,0.57692
Baseline,Baseline_only,closure,Pseudo-nitzschia,16,0.56604,0.66985,0.44118,0.78947
Baseline,Baseline_only,closure,Pseudo-nitzschia,17,0.70175,0.7925,0.64516,0.76923
Baseline,Baseline_only,closure,Pseudo-nitzschia,18,0.34615,0.48926,0.26471,0.5
Baseline,Baseline_only,closure,Pseudo-nitzschia,19,0.63158,0.7697,0.5,0.85714
Baseline,Baseline_only,closure,Pseudo-nitzschia,20,0.50847,0.57413,0.41667,0.65217
Baseline,Baseline_only,closure,Pseudo-nitzschia,21,0.56667,0.6341,0.48571,0.68
Baseline,Baseline_only,closure,Pseudo-nitzschia,22,0.58462,0.69841,0.475,0.76
Baseline,Baseline_only,closure,Pseudo-nitzschia,23,0.5,0.57648,0.4,0.66667
Baseline,Baseline_only,closure,Pseudo-nitzschia,24,0.47458,0.61212,0.36842,0.66667
Baseline,Baseline_only,closure,Pseudo-nitzschia,25,0.60274,0.60279,0.5641,0.64706
Baseline,Baseline_only,closure,Pseudo-nitzschia,26,0.53333,0.48276,0.48,0.6
Baseline,Baseline_only,closure,Pseudo-nitzschia,27,0.54839,0.5294,0.51515,0.58621
Baseline,Baseline_only,closure,Pseudo-nitzschia,28,0.55556,0.65676,0.42857,0.78947
Baseline,Baseline_only,closure,Pseudo-nitzschia,29,0.61538,0.75882,0.5,0.8
Baseline,Baseline_only,closure,Pseudo-nitzschia,30,0.51613,0.63987,0.39024,0.7619
Baseline,Baseline_only,closure,Pseudo-nitzschia,31,0.60714,0.65069,0.48571,0.80952
Baseline,Baseline_only,closure,Pseudo-nitzschia,32,0.55172,0.62109,0.45714,0.69565
Baseline,Baseline_only,closure,Pseudo-nitzschia,33,0.45614,0.57524,0.34211,0.68421
Baseline,Baseline_only,closure,Pseudo-nitzschia,34,0.48387,0.53056,0.45455,0.51724
Baseline,Baseline_only,closure,Pseudo-nitzschia,35,0.64151,0.69652,0.62963,0.65385
Baseline,Baseline_only,closure,Pseudo-nitzschia,36,0.63768,0.71015,0.53659,0.78571
Baseline,Baseline_only,closure,Pseudo-nitzschia,37,0.65789,0.6766,0.625,0.69444
Baseline,Baseline_only,closure,Pseudo-nitzschia,38,0.51613,0.58669,0.42105,0.66667
Baseline,Baseline_only,closure,Pseudo-nitzschia,39,0.5,0.57133,0.4359,0.58621
Baseline,Baseline_only,closure,Pseudo-nitzschia,40,0.53125,0.6164,0.4359,0.68
Baseline,Baseline_only,closure,Pseudo-nitzschia,41,0.63492,0.71747,0.52632,0.8
Baseline,Baseline_only,closure,Pseudo-nitzschia,42,0.54237,0.71495,0.4,0.84211
Baseline,Baseline_only,closure,Pseudo-nitzschia,43,0.60317,0.5736,0.52778,0.7037
Baseline,Baseline_only,closure,Pseudo-nitzschia,44,0.64286,0.66228,0.62069,0.66667
Baseline,Baseline_only,closure,Pseudo-nitzschia,45,0.57143,0.61531,0.43243,0.84211
Baseline,Baseline_only,closure,Pseudo-nitzschia,46,0.51613,0.6099,0.45714,0.59259
Baseline,Baseline_only,closure,Pseudo-nitzschia,47,0.55072,0.57749,0.43182,0.76
Baseline,Baseline_only,closure,Pseudo-nitzschia,48,0.58621,0.60267,0.54839,0.62963
Baseline,Baseline_only,closure,Pseudo-nitzschia,49,0.51515,0.58398,0.4359,0.62963
Baseline,Baseline_roms,closure,Pseudo-nitzschia,0,0.33962,0.53364,0.23077,0.64286
Baseline,Baseline_roms,closure,Pseudo-nitzschia,1,0.48,0.62,0.35294,0.75
Baseline,Baseline_roms,closure,Pseudo-nitzschia,2,0.4918,0.68303,0.375,0.71429
Baseline,Baseline_roms,closure,Pseudo-nitzschia,3,0.44,0.6387,0.32353,0.6875
Baseline,Baseline_roms,closure,Pseudo-nitzschia,4,0.38298,0.52508,0.27273,0.64286
Baseline,Baseline_roms,closure,Pseudo-nitzschia,5,0.5,0.65092,0.35135,0.86667
Baseline,Baseline_roms,closure,Pseudo-nitzschia,6,0.59574,0.75603,0.4375,0.93333
Baseline,Baseline_roms,closure,Pseudo-nitzschia,7,0.5,0.71316,0.34043,0.94118
Baseline,Baseline_roms,closure,Pseudo-nitzschia,8,0.41667,0.61642,0.30303,0.66667
Baseline,Baseline_roms,closure,Pseudo-nitzschia,9,0.43636,0.66504,0.30769,0.75
Baseline,Baseline_roms,closure,Pseudo-nitzschia,10,0.53061,0.7107,0.37143,0.92857
Baseline,Baseline_roms,closure,Pseudo-nitzschia,11,0.5,0.71562,0.34146,0.93333
Baseline,Baseline_roms,closure,Pseudo-nitzschia,12,0.44828,0.70494,0.29545,0.92857
Baseline,Baseline_roms,closure,Pseudo-nitzschia,13,0.52,0.66415,0.37143,0.86667
Baseline,Baseline_roms,closure,Pseudo-nitzschia,14,0.45283,0.54643,0.33333,0.70588
Baseline,Baseline_roms,closure,Pseudo-nitzschia,15,0.36364,0.50662,0.25641,0.625
Baseline,Baseline_roms,closure,Pseudo-nitzschia,16,0.53061,0.65292,0.38235,0.86667
Baseline,Baseline_roms,closure,Pseudo-nitzschia,17,0.53333,0.77437,0.3871,0.85714
Baseline,Baseline_roms,closure,Pseudo-nitzschia,18,0.27273,0.44901,0.17647,0.6
Baseline,Baseline_roms,closure,Pseudo-nitzschia,19,0.35556,0.74977,0.22222,0.88889
Baseline,Baseline_roms,closure,Pseudo-nitzschia,20,0.36735,0.63024,0.25,0.69231
Baseline,Baseline_roms,closure,Pseudo-nitzschia,21,0.49057,0.63191,0.37143,0.72222
Baseline,Baseline_roms,closure,Pseudo-nitzschia,22,0.52632,0.73005,0.375,0.88235
Baseline,Baseline_roms,closure,Pseudo-nitzschia,23,0.40741,0.63829,0.275,0.78571
Baseline,Baseline_roms,closure,Pseudo-nitzschia,24,0.44,0.74022,0.28947,0.91667
Baseline,Baseline_roms,closure,Pseudo-nitzschia,25,0.39286,0.61239,0.28205,0.64706
Baseline,Baseline_roms,closure,Pseudo-nitzschia,26,0.46154,0.44111,0.36,0.64286
Baseline,Baseline_roms,closure,Pseudo-nitzschia,27,0.53846,0.53153,0.42424,0.73684
Baseline,Baseline_roms,closure,Pseudo-nitzschia,28,0.56,0.67136,0.4,0.93333
Baseline,Baseline_roms,closure,Pseudo-nitzschia,29,0.38462,0.74199,0.25,0.83333
Baseline,Baseline_roms,closure,Pseudo-nitzschia,30,0.57627,0.72642,0.41463,0.94444
Baseline,Baseline_roms,closure,Pseudo-nitzschia,31,0.36364,0.60165,0.22857,0.88889
Baseline,Baseline_roms,closure,Pseudo-nitzschia,32,0.42553,0.62922,0.28571,0.83333
Baseline,Baseline_roms,closure,Pseudo-nitzschia,33,0.38298,0.68697,0.23684,1.0
Baseline,Baseline_roms,closure,Pseudo-nitzschia,34,0.49057,0.54164,0.39394,0.65
Baseline,Baseline_roms,closure,Pseudo-nitzschia,35,0.65116,0.74137,0.51852,0.875
Baseline,Baseline_roms,closure,Pseudo-nitzschia,36,0.4918,0.69756,0.36585,0.75
Baseline,Baseline_roms,closure,Pseudo-nitzschia,37,0.48148,0.76407,0.325,0.92857
Baseline,Baseline_roms,closure,Pseudo-nitzschia,38,0.37736,0.55599,0.26316,0.66667
Baseline,Baseline_roms,closure,Pseudo-nitzschia,39,0.47458,0.52641,0.35897,0.7
Baseline,Baseline_roms,closure,Pseudo-nitzschia,40,0.50909,0.68224,0.35897,0.875
Baseline,Baseline_roms,closure,Pseudo-nitzschia,41,0.57143,0.76766,0.42105,0.88889
Baseline,Baseline_roms,closure,Pseudo-nitzschia,42,0.5,0.68656,0.35,0.875
Baseline,Baseline_roms,closure,Pseudo-nitzschia,43,0.375,0.57441,0.25,0.75
Baseline,Baseline_roms,closure,Pseudo-nitzschia,44,0.51163,0.6532,0.37931,0.78571
Baseline,Baseline_roms,closure,Pseudo-nitzschia,45,0.44,0.62237,0.2973,0.84615
Baseline,Baseline_roms,closure,Pseudo-nitzschia,46,0.51852,0.5974,0.4,0.73684
Baseline,Baseline_roms,closure,Pseudo-nitzschia,47,0.57143,0.70322,0.40909,0.94737
Baseline,Baseline_roms,closure,Pseudo-nitzschia,48,0.47826,0.63309,0.35484,0.73333
Baseline,Baseline_roms,closure,Pseudo-nitzschia,49,0.6,0.68725,0.46154,0.85714
C2RCC,C2RCC_only,closure,Alexandrium_catenella,0,0.60465,0.7115,0.51656,0.72897
C2RCC,C2RCC_only,closure,Alexandrium_catenella,1,0.61303,0.64572,0.57143,0.66116
C2RCC,C2RCC_only,closure,Alexandrium_catenella,2,0.59559,0.75254,0.4939,0.75
C2RCC,C2RCC_only,closure,Alexandrium_catenella,3,0.61417,0.77564,0.53061,0.72897
C2RCC,C2RCC_only,closure,Alexandrium_catenella,4,0.62319,0.78646,0.52761,0.76106
C2RCC,C2RCC_only,closure,Alexandrium_catenella,5,0.63968,0.74268,0.56028,0.74528
C2RCC,C2RCC_only,closure,Alexandrium_catenella,6,0.66403,0.75843,0.6,0.74336
C2RCC,C2RCC_only,closure,Alexandrium_catenella,7,0.6532,0.77611,0.56069,0.78226
C2RCC,C2RCC_only,closure,Alexandrium_catenella,8,0.64029,0.75361,0.54938,0.76724
C2RCC,C2RCC_only,closure,Alexandrium_catenella,9,0.60232,0.73945,0.49057,0.78
C2RCC,C2RCC_only,closure,Alexandrium_catenella,10,0.64314,0.74221,0.55405,0.76636
C2RCC,C2RCC_only,closure,Alexandrium_catenella,11,0.69853,0.80255,0.63758,0.77236
C2RCC,C2RCC_only,closure,Alexandrium_catenella,12,0.57651,0.7412,0.48795,0.70435
C2RCC,C2RCC_only,closure,Alexandrium_catenella,13,0.63481,0.76649,0.52841,0.79487
C2RCC,C2RCC_only,closure,Alexandrium_catenella,14,0.60741,0.75867,0.49398,0.78846
C2RCC,C2RCC_only,closure,Alexandrium_catenella,15,0.64286,0.7613,0.54545,0.78261
C2RCC,C2RCC_only,closure,Alexandrium_catenella,16,0.67227,0.77362,0.57971,0.8
C2RCC,C2RCC_only,closure,Alexandrium_catenella,17,0.64865,0.77977,0.54902,0.79245
C2RCC,C2RCC_only,closure,Alexandrium_catenella,18,0.59751,0.71461,0.47682,0.8
C2RCC,C2RCC_only,closure,Alexandrium_catenella,19,0.61905,0.76395,0.55714,0.69643
C2RCC,C2RCC_only,closure,Alexandrium_catenella,20,0.62976,0.76941,0.53846,0.75833
C2RCC,C2RCC_only,closure,Alexandrium_catenella,21,0.6,0.73481,0.51266,0.72321
C2RCC,C2RCC_only,closure,Alexandrium_catenella,22,0.66929,0.80846,0.55195,0.85
C2RCC,C2RCC_only,closure,Alexandrium_catenella,23,0.63359,0.74307,0.53896,0.76852
C2RCC,C2RCC_only,closure,Alexandrium_catenella,24,0.61887,0.7025,0.54305,0.7193
C2RCC,C2RCC_only,closure,Alexandrium_catenella,25,0.60294,0.73867,0.5,0.75926
C2RCC,C2RCC_only,closure,Alexandrium_catenella,26,0.65957,0.76746,0.54706,0.83036
C2RCC,C2RCC_only,closure,Alexandrium_catenella,27,0.59779,0.70597,0.50311,0.73636
C2RCC,C2RCC_only,closure,Alexandrium_catenella,28,0.68327,0.81254,0.58182,0.82759
C2RCC,C2RCC_only,closure,Alexandrium_catenella,29,0.70722,0.7973,0.6039,0.85321
C2RCC,C2RCC_only,closure,Alexandrium_catenella,30,0.64748,0.75925,0.55901,0.76923
C2RCC,C2RCC_only,closure,Alexandrium_catenella,31,0.65169,0.70201,0.57616,0.75
C2RCC,C2RCC_only,closure,Alexandrium_catenella,32,0.63248,0.78537,0.53623,0.77083
C2RCC,C2RCC_only,closure,Alexandrium_catenella,33,0.62948,0.71577,0.5302,0.77451
C2RCC,C2RCC_only,closure,Alexandrium_catenella,34,0.66901,0.78446,0.56213,0.82609
C2RCC,C2RCC_only,closure,Alexandrium_catenella,35,0.62257,0.76612,0.51282,0.79208
C2RCC,C2RCC_only,closure,Alexandrium_catenella,36,0.59109,0.75997,0.47712,0.7766
C2RCC,C2RCC_only,closure,Alexandrium_catenella,37,0.64286,0.77342,0.53642,0.80198
C2RCC,C2RCC_only,closure,Alexandrium_catenella,38,0.63529,0.75497,0.55479,0.74312
C2RCC,C2RCC_only,closure,Alexandrium_catenella,39,0.70383,0.7741,0.65584,0.7594
C2RCC,C2RCC_only,closure,Alexandrium_catenella,40,0.58678,0.69468,0.4965,0.71717
C2RCC,C2RCC_only,closure,Alexandrium_catenella,41,0.6367,0.77456,0.5414,0.77273
C2RCC,C2RCC_only,closure,Alexandrium_catenella,42,0.65217,0.76302,0.57252,0.75758
C2RCC,C2RCC_only,closure,Alexandrium_catenella,43,0.6259,0.76099,0.51479,0.79817
C2RCC,C2RCC_only,closure,Alexandrium_catenella,44,0.71311,0.82412,0.6259,0.82857
C2RCC,C2RCC_only,closure,Alexandrium_catenella,45,0.57364,0.7135,0.48052,0.71154
C2RCC,C2RCC_only,closure,Alexandrium_catenella,46,0.63602,0.73054,0.52866,0.79808
C2RCC,C2RCC_only,closure,Alexandrium_catenella,47,0.6902,0.80468,0.59864,0.81481
C2RCC,C2RCC_only,closure,Alexandrium_catenella,48,0.63118,0.74406,0.54967,0.74107
C2RCC,C2RCC_only,closure,Alexandrium_catenella,49,0.61132,0.71782,0.51266,0.75701
C2RCC,C2RCC_roms,closure,Alexandrium_catenella,0,0.64865,0.76482,0.55629,0.77778
C2RCC,C2RCC_roms,closure,Alexandrium_catenella,1,0.60536,0.68192,0.56429,0.65289
C2RCC,C2RCC_roms,closure,Alexandrium_catenella,2,0.6426,0.81246,0.54268,0.78761
C2RCC,C2RCC_roms,closure,Alexandrium_catenella,3,0.68273,0.83304,0.57823,0.83333
C2RCC,C2RCC_roms,closure,Alexandrium_catenella,4,0.73103,0.87058,0.65031,0.83465
C2RCC,C2RCC_roms,closure,Alexandrium_catenella,5,0.74699,0.83152,0.65957,0.86111
C2RCC,C2RCC_roms,closure,Alexandrium_catenella,6,0.78764,0.87145,0.72857,0.85714
C2RCC,C2RCC_roms,closure,Alexandrium_catenella,7,0.71613,0.81634,0.64162,0.81022
C2RCC,C2RCC_roms,closure,Alexandrium_catenella,8,0.65248,0.82897,0.5679,0.76667
C2RCC,C2RCC_roms,closure,Alexandrium_catenella,9,0.64662,0.80487,0.54088,0.80374
C2RCC,C2RCC_roms,closure,Alexandrium_catenella,10,0.66917,0.7504,0.60135,0.75424
C2RCC,C2RCC_roms,closure,Alexandrium_catenella,11,0.7326,0.84028,0.67114,0.80645
C2RCC,C2RCC_roms,closure,Alexandrium_catenella,12,0.62731,0.81447,0.51205,0.80952
C2RCC,C2RCC_roms,closure,Alexandrium_catenella,13,0.68942,0.81968,0.57386,0.86325
C2RCC,C2RCC_roms,closure,Alexandrium_catenella,14,0.67361,0.81161,0.58434,0.79508
C2RCC,C2RCC_roms,closure,Alexandrium_catenella,15,0.69231,0.81581,0.61364,0.79412
C2RCC,C2RCC_roms,closure,Alexandrium_catenella,16,0.71774,0.80782,0.64493,0.80909
C2RCC,C2RCC_roms,closure,Alexandrium_catenella,17,0.7,0.84497,0.59477,0.85047
C2RCC,C2RCC_roms,closure,Alexandrium_catenella,18,0.66912,0.75002,0.60265,0.75207
C2RCC,C2RCC_roms,closure,Alexandrium_catenella,19,0.6902,0.81454,0.62857,0.76522
C2RCC,C2RCC_roms,closure,Alexandrium_catenella,20,0.71672,0.84126,0.6213,0.84677
C2RCC,C2RCC_roms,closure,Alexandrium_catenella,21,0.6787,0.80155,0.59494,0.78992
C2RCC,C2RCC_roms,closure,Alexandrium_catenella,22,0.74242,0.86109,0.63636,0.89091
C2RCC,C2RCC_roms,closure,Alexandrium_catenella,23,0.67883,0.79254,0.6039,0.775
C2RCC,C2RCC_roms,closure,Alexandrium_catenella,24,0.69818,0.78793,0.63576,0.77419
C2RCC,C2RCC_roms,closure,Alexandrium_catenella,25,0.69686,0.81052,0.60976,0.81301
C2RCC,C2RCC_roms,closure,Alexandrium_catenella,26,0.69416,0.83191,0.59412,0.83471
C2RCC,C2RCC_roms,closure,Alexandrium_catenella,27,0.64234,0.77673,0.54658,0.77876
C2RCC,C2RCC_roms,closure,Alexandrium_catenella,28,0.70968,0.83639,0.6,0.86842
C2RCC,C2RCC_roms,closure,Alexandrium_catenella,29,0.73152,0.86826,0.61039,0.91262
C2RCC,C2RCC_roms,closure,Alexandrium_catenella,30,0.6259,0.74054,0.54037,0.74359
C2RCC,C2RCC_roms,closure,Alexandrium_catenella,31,0.70714,0.79956,0.65563,0.76744
C2RCC,C2RCC_roms,closure,Alexandrium_catenella,32,0.69565,0.81112,0.63768,0.76522
C2RCC,C2RCC_roms,closure,Alexandrium_catenella,33,0.648,0.76631,0.54362,0.80198
C2RCC,C2RCC_roms,closure,Alexandrium_catenella,34,0.71127,0.8478,0.59763,0.87826
C2RCC,C2RCC_roms,closure,Alexandrium_catenella,35,0.70803,0.83842,0.62179,0.82203
C2RCC,C2RCC_roms,closure,Alexandrium_catenella,36,0.66667,0.77856,0.5817,0.7807
C2RCC,C2RCC_roms,closure,Alexandrium_catenella,37,0.67692,0.78383,0.58278,0.80734
C2RCC,C2RCC_roms,closure,Alexandrium_catenella,38,0.72441,0.82367,0.63014,0.85185
C2RCC,C2RCC_roms,closure,Alexandrium_catenella,39,0.72414,0.80617,0.68182,0.77206
C2RCC,C2RCC_roms,closure,Alexandrium_catenella,40,0.66917,0.75214,0.62238,0.72358
C2RCC,C2RCC_roms,closure,Alexandrium_catenella,41,0.681,0.79444,0.6051,0.77869
C2RCC,C2RCC_roms,closure,Alexandrium_catenella,42,0.7265,0.82779,0.64885,0.82524
C2RCC,C2RCC_roms,closure,Alexandrium_catenella,43,0.65979,0.79578,0.56805,0.78689
C2RCC,C2RCC_roms,closure,Alexandrium_catenella,44,0.74699,0.86554,0.66906,0.84545
C2RCC,C2RCC_roms,closure,Alexandrium_catenella,45,0.67399,0.78025,0.5974,0.77311
C2RCC,C2RCC_roms,closure,Alexandrium_catenella,46,0.67153,0.77725,0.58599,0.78632
C2RCC,C2RCC_roms,closure,Alexandrium_catenella,47,0.73134,0.82987,0.66667,0.80992
C2RCC,C2RCC_roms,closure,Alexandrium_catenella,48,0.74182,0.81396,0.6755,0.82258
C2RCC,C2RCC_roms,closure,Alexandrium_catenella,49,0.71062,0.80507,0.61392,0.84348
C2RCC,C2RCC_only,closure,Dinophysis_acuminata,0,0.78248,0.86197,0.77778,0.78723
C2RCC,C2RCC_only,closure,Dinophysis_acuminata,1,0.83073,0.89757,0.82486,0.83668
C2RCC,C2RCC_only,closure,Dinophysis_acuminata,2,0.80301,0.86101,0.79701,0.80909
C2RCC,C2RCC_only,closure,Dinophysis_acuminata,3,0.80952,0.88511,0.80236,0.81682
C2RCC,C2RCC_only,closure,Dinophysis_acuminata,4,0.7984,0.8846,0.7931,0.80376
C2RCC,C2RCC_only,closure,Dinophysis_acuminata,5,0.7994,0.86906,0.78869,0.8104
C2RCC,C2RCC_only,closure,Dinophysis_acuminata,6,0.81831,0.88133,0.83382,0.80337
C2RCC,C2RCC_only,closure,Dinophysis_acuminata,7,0.80702,0.87899,0.78684,0.82825
C2RCC,C2RCC_only,closure,Dinophysis_acuminata,8,0.7937,0.84932,0.79143,0.79598
C2RCC,C2RCC_only,closure,Dinophysis_acuminata,9,0.81351,0.87463,0.79841,0.8292
C2RCC,C2RCC_only,closure,Dinophysis_acuminata,10,0.81572,0.89442,0.79003,0.84314
C2RCC,C2RCC_only,closure,Dinophysis_acuminata,11,0.80822,0.87019,0.81492,0.80163
C2RCC,C2RCC_only,closure,Dinophysis_acuminata,12,0.78174,0.87746,0.76111,0.80352
C2RCC,C2RCC_only,closure,Dinophysis_acuminata,13,0.792,0.87003,0.75381,0.83427
C2RCC,C2RCC_only,closure,Dinophysis_acuminata,14,0.81135,0.88225,0.80337,0.81948
C2RCC,C2RCC_only,closure,Dinophysis_acuminata,15,0.81138,0.89173,0.78098,0.84424
C2RCC,C2RCC_only,closure,Dinophysis_acuminata,16,0.81361,0.89034,0.77465,0.8567
C2RCC,C2RCC_only,closure,Dinophysis_acuminata,17,0.79663,0.8684,0.78453,0.80912
C2RCC,C2RCC_only,closure,Dinophysis_acuminata,18,0.78889,0.87769,0.77596,0.80226
C2RCC,C2RCC_only,closure,Dinophysis_acuminata,19,0.78012,0.87195,0.75291,0.80938
C2RCC,C2RCC_only,closure,Dinophysis_acuminata,20,0.81754,0.88009,0.80726,0.82808
C2RCC,C2RCC_only,closure,Dinophysis_acuminata,21,0.80563,0.88219,0.79666,0.81481
C2RCC,C2RCC_only,closure,Dinophysis_acuminata,22,0.81268,0.89029,0.80114,0.82456
C2RCC,C2RCC_only,closure,Dinophysis_acuminata,23,0.8232,0.89196,0.79508,0.85337
C2RCC,C2RCC_only,closure,Dinophysis_acuminata,24,0.78846,0.83871,0.78846,0.78846
C2RCC,C2RCC_only,closure,Dinophysis_acuminata,25,0.81981,0.90251,0.81868,0.82094
C2RCC,C2RCC_only,closure,Dinophysis_acuminata,26,0.79429,0.87243,0.77871,0.8105
C2RCC,C2RCC_only,closure,Dinophysis_acuminata,27,0.80438,0.86112,0.79675,0.81215
C2RCC,C2RCC_only,closure,Dinophysis_acuminata,28,0.79167,0.87886,0.76613,0.81897
C2RCC,C2RCC_only,closure,Dinophysis_acuminata,29,0.80876,0.86224,0.81711,0.80058
C2RCC,C2RCC_only,closure,Dinophysis_acuminata,30,0.77225,0.84277,0.78528,0.75964
C2RCC,C2RCC_only,closure,Dinophysis_acuminata,31,0.81224,0.90321,0.7766,0.85131
C2RCC,C2RCC_only,closure,Dinophysis_acuminata,32,0.81416,0.88704,0.80233,0.82635
C2RCC,C2RCC_only,closure,Dinophysis_acuminata,33,0.79708,0.87472,0.76257,0.83486
C2RCC,C2RCC_only,closure,Dinophysis_acuminata,34,0.80966,0.88583,0.80282,0.81662
C2RCC,C2RCC_only,closure,Dinophysis_acuminata,35,0.79835,0.873,0.78862,0.80833
C2RCC,C2RCC_only,closure,Dinophysis_acuminata,36,0.82806,0.8918,0.82692,0.8292
C2RCC,C2RCC_only,closure,Dinophysis_acuminata,37,0.80057,0.87449,0.80857,0.79272
C2RCC,C2RCC_only,closure,Dinophysis_acuminata,38,0.78665,0.85568,0.80415,0.76989
C2RCC,C2RCC_only,closure,Dinophysis_acuminata,39,0.84507,0.89728,0.82645,0.86455
C2RCC,C2RCC_only,closure,Dinophysis_acuminata,40,0.79632,0.87177,0.79112,0.80159
C2RCC,C2RCC_only,closure,Dinophysis_acuminata,41,0.79651,0.88334,0.76536,0.8303
C2RCC,C2RCC_only,closure,Dinophysis_acuminata,42,0.80932,0.87093,0.8105,0.80814
C2RCC,C2RCC_only,closure,Dinophysis_acuminata,43,0.77881,0.84002,0.77368,0.784
C2RCC,C2RCC_only,closure,Dinophysis_acuminata,44,0.79741,0.864,0.82,0.77603
C2RCC,C2RCC_only,closure,Dinophysis_acuminata,45,0.78592,0.87841,0.75706,0.81707
C2RCC,C2RCC_only,closure,Dinophysis_acuminata,46,0.80785,0.87776,0.79121,0.82521
C2RCC,C2RCC_only,closure,Dinophysis_acuminata,47,0.81553,0.88521,0.79032,0.84241
C2RCC,C2RCC_only,closure,Dinophysis_acuminata,48,0.82386,0.90288,0.79019,0.86053
C2RCC,C2RCC_only,closure,Dinophysis_acuminata,49,0.78788,0.88473,0.76685,0.81009
C2RCC,C2RCC_roms,closure,Dinophysis_acuminata,0,0.81921,0.88467,0.87087,0.77333
C2RCC,C2RCC_roms,closure,Dinophysis_acuminata,1,0.83696,0.90338,0.87006,0.80628
C2RCC,C2RCC_roms,closure,Dinophysis_acuminata,2,0.8237,0.86755,0.87164,0.78075
C2RCC,C2RCC_roms,closure,Dinophysis_acuminata,3,0.83403,0.90829,0.88201,0.79101
C2RCC,C2RCC_roms,closure,Dinophysis_acuminata,4,0.84371,0.90594,0.88064,0.80976
C2RCC,C2RCC_roms,closure,Dinophysis_acuminata,5,0.84928,0.89264,0.87202,0.82768
C2RCC,C2RCC_roms,closure,Dinophysis_acuminata,6,0.84499,0.88448,0.89796,0.79793
C2RCC,C2RCC_roms,closure,Dinophysis_acuminata,7,0.855,0.90311,0.9,0.81429
C2RCC,C2RCC_roms,closure,Dinophysis_acuminata,8,0.83558,0.87555,0.88571,0.79082
C2RCC,C2RCC_roms,closure,Dinophysis_acuminata,9,0.84371,0.90731,0.88064,0.80976
C2RCC,C2RCC_roms,closure,Dinophysis_acuminata,10,0.84319,0.90987,0.86089,0.8262
C2RCC,C2RCC_roms,closure,Dinophysis_acuminata,11,0.83073,0.89601,0.88122,0.78571
C2RCC,C2RCC_roms,closure,Dinophysis_acuminata,12,0.821,0.87077,0.84722,0.79634
C2RCC,C2RCC_roms,closure,Dinophysis_acuminata,13,0.8262,0.9027,0.83249,0.82
C2RCC,C2RCC_roms,closure,Dinophysis_acuminata,14,0.83155,0.88335,0.8736,0.79337
C2RCC,C2RCC_roms,closure,Dinophysis_acuminata,15,0.84648,0.90024,0.85014,0.84286
C2RCC,C2RCC_roms,closure,Dinophysis_acuminata,16,0.85363,0.89279,0.87887,0.82979
C2RCC,C2RCC_roms,closure,Dinophysis_acuminata,17,0.84625,0.888,0.8895,0.80702
C2RCC,C2RCC_roms,closure,Dinophysis_acuminata,18,0.84058,0.8912,0.87158,0.8117
C2RCC,C2RCC_roms,closure,Dinophysis_acuminata,19,0.81066,0.89694,0.84012,0.7832
C2RCC,C2RCC_roms,closure,Dinophysis_acuminata,20,0.86364,0.90318,0.90223,0.82821
C2RCC,C2RCC_roms,closure,Dinophysis_acuminata,21,0.82979,0.88217,0.86908,0.79389
C2RCC,C2RCC_roms,closure,Dinophysis_acuminata,22,0.86531,0.90813,0.90341,0.83029
C2RCC,C2RCC_roms,closure,Dinophysis_acuminata,23,0.85979,0.91509,0.88798,0.83333
C2RCC,C2RCC_roms,closure,Dinophysis_acuminata,24,0.82839,0.86084,0.88187,0.78102
C2RCC,C2RCC_roms,closure,Dinophysis_acuminata,25,0.84974,0.90506,0.9011,0.80392
C2RCC,C2RCC_roms,closure,Dinophysis_acuminata,26,0.84646,0.89707,0.88796,0.80867
C2RCC,C2RCC_roms,closure,Dinophysis_acuminata,27,0.84433,0.89186,0.86721,0.82262
C2RCC,C2RCC_roms,closure,Dinophysis_acuminata,28,0.85237,0.90049,0.89247,0.81572
C2RCC,C2RCC_roms,closure,Dinophysis_acuminata,29,0.82825,0.86744,0.88201,0.78068
C2RCC,C2RCC_roms,closure,Dinophysis_acuminata,30,0.81375,0.87441,0.87117,0.76344
C2RCC,C2RCC_roms,closure,Dinophysis_acuminata,31,0.87324,0.92759,0.90691,0.84198
C2RCC,C2RCC_roms,closure,Dinophysis_acuminata,32,0.84327,0.90776,0.88372,0.80637
C2RCC,C2RCC_roms,closure,Dinophysis_acuminata,33,0.83773,0.89278,0.84358,0.83196
C2RCC,C2RCC_roms,closure,Dinophysis_acuminata,34,0.82051,0.87795,0.85634,0.78756
C2RCC,C2RCC_roms,closure,Dinophysis_acuminata,35,0.84675,0.88839,0.88347,0.81297
C2RCC,C2RCC_roms,closure,Dinophysis_acuminata,36,0.86056,0.89446,0.89011,0.8329
C2RCC,C2RCC_roms,closure,Dinophysis_acuminata,37,0.83044,0.88575,0.88857,0.77945
C2RCC,C2RCC_roms,closure,Dinophysis_acuminata,38,0.827,0.8748,0.8724,0.7861
C2RCC,C2RCC_roms,closure,Dinophysis_acuminata,39,0.87805,0.92913,0.89256,0.864
C2RCC,C2RCC_roms,closure,Dinophysis_acuminata,40,0.82915,0.87751,0.86162,0.79903
C2RCC,C2RCC_roms,closure,Dinophysis_acuminata,41,0.83602,0.88697,0.86872,0.8057
C2RCC,C2RCC_roms,closure,Dinophysis_acuminata,42,0.82123,0.87866,0.85714,0.7882
C2RCC,C2RCC_roms,closure,Dinophysis_acuminata,43,0.83375,0.86238,0.87105,0.79952
C2RCC,C2RCC_roms,closure,Dinophysis_acuminata,44,0.83513,0.88824,0.90333,0.7765
C2RCC,C2RCC_roms,closure,Dinophysis_acuminata,45,0.83836,0.8849,0.86441,0.81383
C2RCC,C2RCC_roms,closure,Dinophysis_acuminata,46,0.8382,0.8991,0.86813,0.81026
C2RCC,C2RCC_roms,closure,Dinophysis_acuminata,47,0.85379,0.90274,0.87903,0.82995
C2RCC,C2RCC_roms,closure,Dinophysis_acuminata,48,0.86991,0.922,0.90191,0.8401
C2RCC,C2RCC_roms,closure,Dinophysis_acuminata,49,0.83333,0.89848,0.85674,0.81117
C2RCC,C2RCC_only,closure,Dinophysis_norvegica,0,0.35484,0.41893,0.28205,0.47826
C2RCC,C2RCC_only,closure,Dinophysis_norvegica,1,0.32258,0.41601,0.2381,0.5
C2RCC,C2RCC_only,closure,Dinophysis_norvegica,2,0.36111,0.4926,0.26531,0.56522
C2RCC,C2RCC_only,closure,Dinophysis_norvegica,3,0.38095,0.51617,0.27907,0.6
C2RCC,C2RCC_only,closure,Dinophysis_norvegica,4,0.36364,0.38609,0.29268,0.48
C2RCC,C2RCC_only,closure,Dinophysis_norvegica,5,0.41935,0.44213,0.28889,0.76471
C2RCC,C2RCC_only,closure,Dinophysis_norvegica,6,0.41935,0.49153,0.35135,0.52
C2RCC,C2RCC_only,closure,Dinophysis_norvegica,7,0.5,0.58027,0.37736,0.74074
C2RCC,C2RCC_only,closure,Dinophysis_norvegica,8,0.4375,0.40978,0.35,0.58333
C2RCC,C2RCC_only,closure,Dinophysis_norvegica,9,0.37037,0.4646,0.30612,0.46875
C2RCC,C2RCC_only,closure,Dinophysis_norvegica,10,0.42105,0.4963,0.31579,0.63158
C2RCC,C2RCC_only,closure,Dinophysis_norvegica,11,0.44828,0.5171,0.35135,0.61905
C2RCC,C2RCC_only,closure,Dinophysis_norvegica,12,0.41791,0.52869,0.29167,0.73684
C2RCC,C2RCC_only,closure,Dinophysis_norvegica,13,0.3,0.33764,0.225,0.45
C2RCC,C2RCC_only,closure,Dinophysis_norvegica,14,0.54545,0.55685,0.43902,0.72
C2RCC,C2RCC_only,closure,Dinophysis_norvegica,15,0.37736,0.50135,0.25,0.76923
C2RCC,C2RCC_only,closure,Dinophysis_norvegica,16,0.27119,0.35014,0.22222,0.34783
C2RCC,C2RCC_only,closure,Dinophysis_norvegica,17,0.375,0.40769,0.25,0.75
C2RCC,C2RCC_only,closure,Dinophysis_norvegica,18,0.27586,0.33834,0.2,0.44444
C2RCC,C2RCC_only,closure,Dinophysis_norvegica,19,0.33898,0.38094,0.22727,0.66667
C2RCC,C2RCC_only,closure,Dinophysis_norvegica,20,0.43077,0.41663,0.33333,0.6087
C2RCC,C2RCC_only,closure,Dinophysis_norvegica,21,0.32836,0.42293,0.22449,0.61111
C2RCC,C2RCC_only,closure,Dinophysis_norvegica,22,0.38806,0.48862,0.28261,0.61905
C2RCC,C2RCC_only,closure,Dinophysis_norvegica,23,0.35294,0.40131,0.27273,0.5
C2RCC,C2RCC_only,closure,Dinophysis_norvegica,24,0.28571,0.35782,0.21739,0.41667
C2RCC,C2RCC_only,closure,Dinophysis_norvegica,25,0.42424,0.39082,0.35897,0.51852
C2RCC,C2RCC_only,closure,Dinophysis_norvegica,26,0.27586,0.3585,0.21622,0.38095
C2RCC,C2RCC_only,closure,Dinophysis_norvegica,27,0.34375,0.43398,0.26829,0.47826
C2RCC,C2RCC_only,closure,Dinophysis_norvegica,28,0.47619,0.50333,0.35714,0.71429
C2RCC,C2RCC_only,closure,Dinophysis_norvegica,29,0.46875,0.56854,0.375,0.625
C2RCC,C2RCC_only,closure,Dinophysis_norvegica,30,0.41176,0.41952,0.30435,0.63636
C2RCC,C2RCC_only,closure,Dinophysis_norvegica,31,0.30769,0.30811,0.26316,0.37037
C2RCC,C2RCC_only,closure,Dinophysis_norvegica,32,0.45283,0.4944,0.36364,0.6
C2RCC,C2RCC_only,closure,Dinophysis_norvegica,33,0.39286,0.44705,0.28205,0.64706
C2RCC,C2RCC_only,closure,Dinophysis_norvegica,34,0.375,0.47157,0.27907,0.57143
C2RCC,C2RCC_only,closure,Dinophysis_norvegica,35,0.38596,0.52197,0.275,0.64706
C2RCC,C2RCC_only,closure,Dinophysis_norvegica,36,0.30769,0.33804,0.25,0.4
C2RCC,C2RCC_only,closure,Dinophysis_norvegica,37,0.46875,0.53595,0.34884,0.71429
C2RCC,C2RCC_only,closure,Dinophysis_norvegica,38,0.4127,0.44208,0.31707,0.59091
C2RCC,C2RCC_only,closure,Dinophysis_norvegica,39,0.42424,0.48331,0.30435,0.7
C2RCC,C2RCC_only,closure,Dinophysis_norvegica,40,0.44068,0.4386,0.31707,0.72222
C2RCC,C2RCC_only,closure,Dinophysis_norvegica,41,0.44444,0.41137,0.33333,0.66667
C2RCC,C2RCC_only,closure,Dinophysis_norvegica,42,0.47619,0.4535,0.39474,0.6
C2RCC,C2RCC_only,closure,Dinophysis_norvegica,43,0.38462,0.41598,0.32609,0.46875
C2RCC,C2RCC_only,closure,Dinophysis_norvegica,44,0.32258,0.42384,0.2381,0.5
C2RCC,C2RCC_only,closure,Dinophysis_norvegica,45,0.50794,0.47462,0.41026,0.66667
C2RCC,C2RCC_only,closure,Dinophysis_norvegica,46,0.53968,0.53875,0.425,0.73913
C2RCC,C2RCC_only,closure,Dinophysis_norvegica,47,0.38356,0.44085,0.29787,0.53846
C2RCC,C2RCC_only,closure,Dinophysis_norvegica,48,0.31579,0.51931,0.21951,0.5625
C2RCC,C2RCC_only,closure,Dinophysis_norvegica,49,0.32787,0.38051,0.2439,0.5
C2RCC,C2RCC_roms,closure,Dinophysis_norvegica,0,0.37931,0.41866,0.28205,0.57895
C2RCC,C2RCC_roms,closure,Dinophysis_norvegica,1,0.28571,0.47066,0.19048,0.57143
C2RCC,C2RCC_roms,closure,Dinophysis_norvegica,2,0.35484,0.56505,0.22449,0.84615
C2RCC,C2RCC_roms,closure,Dinophysis_norvegica,3,0.4918,0.62847,0.34884,0.83333
C2RCC,C2RCC_roms,closure,Dinophysis_norvegica,4,0.35088,0.40843,0.2439,0.625
C2RCC,C2RCC_roms,closure,Dinophysis_norvegica,5,0.4,0.56699,0.26667,0.8
C2RCC,C2RCC_roms,closure,Dinophysis_norvegica,6,0.36,0.54794,0.24324,0.69231
C2RCC,C2RCC_roms,closure,Dinophysis_norvegica,7,0.39394,0.65423,0.24528,1.0
C2RCC,C2RCC_roms,closure,Dinophysis_norvegica,8,0.28571,0.38901,0.2,0.5
C2RCC,C2RCC_roms,closure,Dinophysis_norvegica,9,0.36111,0.48512,0.26531,0.56522
C2RCC,C2RCC_roms,closure,Dinophysis_norvegica,10,0.44444,0.58117,0.31579,0.75
C2RCC,C2RCC_roms,closure,Dinophysis_norvegica,11,0.4,0.54471,0.27027,0.76923
C2RCC,C2RCC_roms,closure,Dinophysis_norvegica,12,0.39344,0.60589,0.25,0.92308
C2RCC,C2RCC_roms,closure,Dinophysis_norvegica,13,0.28571,0.41116,0.2,0.5
C2RCC,C2RCC_roms,closure,Dinophysis_norvegica,14,0.43333,0.5497,0.31707,0.68421
C2RCC,C2RCC_roms,closure,Dinophysis_norvegica,15,0.28,0.50153,0.175,0.7
C2RCC,C2RCC_roms,closure,Dinophysis_norvegica,16,0.44444,0.51016,0.33333,0.66667
C2RCC,C2RCC_roms,closure,Dinophysis_norvegica,17,0.22951,0.4009,0.14583,0.53846
C2RCC,C2RCC_roms,closure,Dinophysis_norvegica,18,0.24,0.40359,0.15,0.6
C2RCC,C2RCC_roms,closure,Dinophysis_norvegica,19,0.35714,0.40418,0.22727,0.83333
C2RCC,C2RCC_roms,closure,Dinophysis_norvegica,20,0.34483,0.36089,0.2381,0.625
C2RCC,C2RCC_roms,closure,Dinophysis_norvegica,21,0.34921,0.47029,0.22449,0.78571
C2RCC,C2RCC_roms,closure,Dinophysis_norvegica,22,0.25,0.5174,0.15217,0.7
C2RCC,C2RCC_roms,closure,Dinophysis_norvegica,23,0.25455,0.4159,0.15909,0.63636
C2RCC,C2RCC_roms,closure,Dinophysis_norvegica,24,0.23729,0.4206,0.15217,0.53846
C2RCC,C2RCC_roms,closure,Dinophysis_norvegica,25,0.33962,0.39609,0.23077,0.64286
C2RCC,C2RCC_roms,closure,Dinophysis_norvegica,26,0.29787,0.43561,0.18919,0.7
C2RCC,C2RCC_roms,closure,Dinophysis_norvegica,27,0.38596,0.43801,0.26829,0.6875
C2RCC,C2RCC_roms,closure,Dinophysis_norvegica,28,0.46429,0.59009,0.30952,0.92857
C2RCC,C2RCC_roms,closure,Dinophysis_norvegica,29,0.39286,0.52707,0.275,0.6875
C2RCC,C2RCC_roms,closure,Dinophysis_norvegica,30,0.35484,0.50705,0.23913,0.6875
C2RCC,C2RCC_roms,closure,Dinophysis_norvegica,31,0.2963,0.40066,0.21053,0.5
C2RCC,C2RCC_roms,closure,Dinophysis_norvegica,32,0.44898,0.54474,0.33333,0.6875
C2RCC,C2RCC_roms,closure,Dinophysis_norvegica,33,0.36,0.56515,0.23077,0.81818
C2RCC,C2RCC_roms,closure,Dinophysis_norvegica,34,0.24561,0.48726,0.16279,0.5
C2RCC,C2RCC_roms,closure,Dinophysis_norvegica,35,0.30769,0.49841,0.2,0.66667
C2RCC,C2RCC_roms,closure,Dinophysis_norvegica,36,0.21212,0.38538,0.14583,0.38889
C2RCC,C2RCC_roms,closure,Dinophysis_norvegica,37,0.38596,0.51026,0.25581,0.78571
C2RCC,C2RCC_roms,closure,Dinophysis_norvegica,38,0.32143,0.43948,0.21951,0.6
C2RCC,C2RCC_roms,closure,Dinophysis_norvegica,39,0.2807,0.53727,0.17391,0.72727
C2RCC,C2RCC_roms,closure,Dinophysis_norvegica,40,0.2963,0.41706,0.19512,0.61538
C2RCC,C2RCC_roms,closure,Dinophysis_norvegica,41,0.375,0.50053,0.25,0.75
C2RCC,C2RCC_roms,closure,Dinophysis_norvegica,42,0.38462,0.50374,0.26316,0.71429
C2RCC,C2RCC_roms,closure,Dinophysis_norvegica,43,0.35294,0.37591,0.26087,0.54545
C2RCC,C2RCC_roms,closure,Dinophysis_norvegica,44,0.31579,0.47509,0.21429,0.6
C2RCC,C2RCC_roms,closure,Dinophysis_norvegica,45,0.30189,0.39089,0.20513,0.57143
C2RCC,C2RCC_roms,closure,Dinophysis_norvegica,46,0.30189,0.52941,0.2,0.61538
C2RCC,C2RCC_roms,closure,Dinophysis_norvegica,47,0.32787,0.50327,0.21277,0.71429
C2RCC,C2RCC_roms,closure,Dinophysis_norvegica,48,0.39216,0.62486,0.2439,1.0
C2RCC,C2RCC_roms,closure,Dinophysis_norvegica,49,0.35088,0.38516,0.2439,0.625
C2RCC,C2RCC_only,closure,Karenia,0,0.0,0.224,0.0,0.0
C2RCC,C2RCC_only,closure,Karenia,1,0.0,0.01924,0.0,0.0
C2RCC,C2RCC_only,closure,Karenia,2,0.0,0.02991,0.0,0.0
C2RCC,C2RCC_only,closure,Karenia,3,0.0,0.02817,0.0,0.0
C2RCC,C2RCC_only,closure,Karenia,4,0.0,0.02304,0.0,0.0
C2RCC,C2RCC_only,closure,Karenia,5,0.0,0.02632,0.0,0.0
C2RCC,C2RCC_only,closure,Karenia,6,0.0,0.00786,0.0,0.0
C2RCC,C2RCC_only,closure,Karenia,7,0.0,0.02601,0.0,0.0
C2RCC,C2RCC_only,closure,Karenia,8,0.0,0.00109,0.0,0.0
C2RCC,C2RCC_only,closure,Karenia,9,0.0,0.02017,0.0,0.0
C2RCC,C2RCC_only,closure,Karenia,10,0.0,0.01243,0.0,0.0
C2RCC,C2RCC_only,closure,Karenia,11,0.0,0.02273,0.0,0.0
C2RCC,C2RCC_only,closure,Karenia,12,0.4,0.50345,0.5,0.33333
C2RCC,C2RCC_only,closure,Karenia,13,0.0,0.01169,0.0,0.0
C2RCC,C2RCC_only,closure,Karenia,14,0.0,0.1915,0.0,0.0
C2RCC,C2RCC_only,closure,Karenia,15,0.4,0.25602,0.5,0.33333
C2RCC,C2RCC_only,closure,Karenia,16,0.0,0.06031,0.0,0.0
C2RCC,C2RCC_only,closure,Karenia,17,0.0,0.01292,0.0,0.0
C2RCC,C2RCC_only,closure,Karenia,18,0.0,0.02035,0.0,0.0
C2RCC,C2RCC_only,closure,Karenia,19,0.22222,0.09649,0.33333,0.16667
C2RCC,C2RCC_only,closure,Karenia,20,0.0,0.23394,0.0,0.0
C2RCC,C2RCC_only,closure,Karenia,21,0.0,0.27273,0.0,0.0
C2RCC,C2RCC_only,closure,Karenia,22,0.0,0.02895,0.0,0.0
C2RCC,C2RCC_only,closure,Karenia,23,0.0,0.03493,0.0,0.0
C2RCC,C2RCC_only,closure,Karenia,24,0.0,0.0239,0.0,0.0
C2RCC,C2RCC_only,closure,Karenia,25,0.0,0.02003,0.0,0.0
C2RCC,C2RCC_only,closure,Karenia,26,0.0,0.02333,0.0,0.0
C2RCC,C2RCC_only,closure,Karenia,27,0.0,0.01658,0.0,0.0
C2RCC,C2RCC_only,closure,Karenia,28,0.0,0.01668,0.0,0.0
C2RCC,C2RCC_only,closure,Karenia,29,0.4,0.17235,0.5,0.33333
C2RCC,C2RCC_only,closure,Karenia,30,0.0,0.05039,0.0,0.0
C2RCC,C2RCC_only,closure,Karenia,31,0.0,0.04629,0.0,0.0
C2RCC,C2RCC_only,closure,Karenia,32,0.2,0.19305,0.16667,0.25
C2RCC,C2RCC_only,closure,Karenia,33,0.0,0.04,0.0,0.0
C2RCC,C2RCC_only,closure,Karenia,34,0.0,0.00893,0.0,0.0
C2RCC,C2RCC_only,closure,Karenia,35,0.0,0.52,0.0,0.0
C2RCC,C2RCC_only,closure,Karenia,36,0.0,0.02148,0.0,0.0
C2RCC,C2RCC_only,closure,Karenia,37,0.0,0.22468,0.0,0.0
C2RCC,C2RCC_only,closure,Karenia,38,0.0,0.18056,0.0,0.0
C2RCC,C2RCC_only,closure,Karenia,39,0.66667,0.5,1.0,0.5
C2RCC,C2RCC_only,closure,Karenia,40,0.0,0.07934,0.0,0.0
C2RCC,C2RCC_only,closure,Karenia,41,0.0,0.14339,0.0,0.0
C2RCC,C2RCC_only,closure,Karenia,42,0.0,0.00407,0.0,0.0
C2RCC,C2RCC_only,closure,Karenia,43,0.5,0.33333,1.0,0.33333
C2RCC,C2RCC_only,closure,Karenia,44,0.0,,0.0,0.0
C2RCC,C2RCC_only,closure,Karenia,45,1.0,1.0,1.0,1.0
C2RCC,C2RCC_only,closure,Karenia,46,0.0,0.06597,0.0,0.0
C2RCC,C2RCC_only,closure,Karenia,47,0.0,,0.0,0.0
C2RCC,C2RCC_only,closure,Karenia,48,0.28571,0.14785,0.25,0.33333
C2RCC,C2RCC_only,closure,Karenia,49,0.0,0.01431,0.0,0.0
C2RCC,C2RCC_roms,closure,Karenia,0,0.0,0.38985,0.0,0.0
C2RCC,C2RCC_roms,closure,Karenia,1,0.0,0.04854,0.0,0.0
C2RCC,C2RCC_roms,closure,Karenia,2,0.0,0.06716,0.0,0.0
C2RCC,C2RCC_roms,closure,Karenia,3,0.0,0.16465,0.0,0.0
C2RCC,C2RCC_roms,closure,Karenia,4,0.0,0.03657,0.0,0.0
C2RCC,C2RCC_roms,closure,Karenia,5,0.0,0.02703,0.0,0.0
C2RCC,C2RCC_roms,closure,Karenia,6,0.0,0.00603,0.0,0.0
C2RCC,C2RCC_roms,closure,Karenia,7,0.0,0.04509,0.0,0.0
C2RCC,C2RCC_roms,closure,Karenia,8,0.0,0.00508,0.0,0.0
C2RCC,C2RCC_roms,closure,Karenia,9,0.0,0.02598,0.0,0.0
C2RCC,C2RCC_roms,closure,Karenia,10,0.0,0.02742,0.0,0.0
C2RCC,C2RCC_roms,closure,Karenia,11,0.0,0.01538,0.0,0.0
C2RCC,C2RCC_roms,closure,Karenia,12,0.0,0.50109,0.0,0.0
C2RCC,C2RCC_roms,closure,Karenia,13,0.0,0.022,0.0,0.0
C2RCC,C2RCC_roms,closure,Karenia,14,0.0,0.36663,0.0,0.0
C2RCC,C2RCC_roms,closure,Karenia,15,0.0,0.52381,0.0,0.0
C2RCC,C2RCC_roms,closure,Karenia,16,0.0,0.13025,0.0,0.0
C2RCC,C2RCC_roms,closure,Karenia,17,0.0,0.01536,0.0,0.0
C2RCC,C2RCC_roms,closure,Karenia,18,0.0,0.09095,0.0,0.0
C2RCC,C2RCC_roms,closure,Karenia,19,0.5,0.36984,0.33333,1.0
C2RCC,C2RCC_roms,closure,Karenia,20,0.0,0.26926,0.0,0.0
C2RCC,C2RCC_roms,closure,Karenia,21,0.0,0.50725,0.0,0.0
C2RCC,C2RCC_roms,closure,Karenia,22,0.0,0.0944,0.0,0.0
C2RCC,C2RCC_roms,closure,Karenia,23,0.0,0.02602,0.0,0.0
C2RCC,C2RCC_roms,closure,Karenia,24,0.0,0.02789,0.0,0.0
C2RCC,C2RCC_roms,closure,Karenia,25,0.0,0.0069,0.0,0.0
C2RCC,C2RCC_roms,closure,Karenia,26,0.0,0.01134,0.0,0.0
C2RCC,C2RCC_roms,closure,Karenia,27,0.0,0.03504,0.0,0.0
C2RCC,C2RCC_roms,closure,Karenia,28,0.0,0.00981,0.0,0.0
C2RCC,C2RCC_roms,closure,Karenia,29,0.0,0.51786,0.0,0.0
C2RCC,C2RCC_roms,closure,Karenia,30,0.0,0.02678,0.0,0.0
C2RCC,C2RCC_roms,closure,Karenia,31,0.0,0.18544,0.0,0.0
C2RCC,C2RCC_roms,closure,Karenia,32,0.0,0.18727,0.0,0.0
C2RCC,C2RCC_roms,closure,Karenia,33,0.0,0.125,0.0,0.0
C2RCC,C2RCC_roms,closure,Karenia,34,0.0,0.02439,0.0,0.0
C2RCC,C2RCC_roms,closure,Karenia,35,0.0,0.51613,0.0,0.0
C2RCC,C2RCC_roms,closure,Karenia,36,0.0,0.0151,0.0,0.0
C2RCC,C2RCC_roms,closure,Karenia,37,0.0,0.2277,0.0,0.0
C2RCC,C2RCC_roms,closure,Karenia,38,0.0,0.21212,0.0,0.0
C2RCC,C2RCC_roms,closure,Karenia,39,0.0,0.5,0.0,0.0
C2RCC,C2RCC_roms,closure,Karenia,40,0.0,0.14068,0.0,0.0
C2RCC,C2RCC_roms,closure,Karenia,41,0.0,0.28169,0.0,0.0
C2RCC,C2RCC_roms,closure,Karenia,42,0.0,0.0069,0.0,0.0
C2RCC,C2RCC_roms,closure,Karenia,43,0.0,0.5,0.0,0.0
C2RCC,C2RCC_roms,closure,Karenia,44,0.0,,0.0,0.0
C2RCC,C2RCC_roms,closure,Karenia,45,0.0,1.0,0.0,0.0
C2RCC,C2RCC_roms,closure,Karenia,46,0.0,0.5,0.0,0.0
C2RCC,C2RCC_roms,closure,Karenia,47,0.0,,0.0,0.0
C2RCC,C2RCC_roms,closure,Karenia,48,0.0,0.28161,0.0,0.0
C2RCC,C2RCC_roms,closure,Karenia,49,0.0,0.04074,0.0,0.0
C2RCC,C2RCC_only,closure,Pseudo-nitzschia,0,0.39216,0.44774,0.25641,0.83333
C2RCC,C2RCC_only,closure,Pseudo-nitzschia,1,0.44444,0.52162,0.29412,0.90909
C2RCC,C2RCC_only,closure,Pseudo-nitzschia,2,0.48387,0.54004,0.375,0.68182
C2RCC,C2RCC_only,closure,Pseudo-nitzschia,3,0.42308,0.46378,0.32353,0.61111
C2RCC,C2RCC_only,closure,Pseudo-nitzschia,4,0.45833,0.51802,0.33333,0.73333
C2RCC,C2RCC_only,closure,Pseudo-nitzschia,5,0.50909,0.53249,0.37838,0.77778
C2RCC,C2RCC_only,closure,Pseudo-nitzschia,6,0.61538,0.53551,0.5,0.8
C2RCC,C2RCC_only,closure,Pseudo-nitzschia,7,0.50667,0.51491,0.40426,0.67857
C2RCC,C2RCC_only,closure,Pseudo-nitzschia,8,0.46154,0.45029,0.36364,0.63158
C2RCC,C2RCC_only,closure,Pseudo-nitzschia,9,0.51724,0.5738,0.38462,0.78947
C2RCC,C2RCC_only,closure,Pseudo-nitzschia,10,0.58182,0.59171,0.45714,0.8
C2RCC,C2RCC_only,closure,Pseudo-nitzschia,11,0.45614,0.6096,0.31707,0.8125
C2RCC,C2RCC_only,closure,Pseudo-nitzschia,12,0.44068,0.51459,0.29545,0.86667
C2RCC,C2RCC_only,closure,Pseudo-nitzschia,13,0.45833,0.5059,0.31429,0.84615
C2RCC,C2RCC_only,closure,Pseudo-nitzschia,14,0.42857,0.41387,0.33333,0.6
C2RCC,C2RCC_only,closure,Pseudo-nitzschia,15,0.35714,0.40948,0.25641,0.58824
C2RCC,C2RCC_only,closure,Pseudo-nitzschia,16,0.22222,0.42735,0.14706,0.45455
C2RCC,C2RCC_only,closure,Pseudo-nitzschia,17,0.53061,0.5119,0.41935,0.72222
C2RCC,C2RCC_only,closure,Pseudo-nitzschia,18,0.33333,0.39392,0.23529,0.57143
C2RCC,C2RCC_only,closure,Pseudo-nitzschia,19,0.5283,0.60994,0.38889,0.82353
C2RCC,C2RCC_only,closure,Pseudo-nitzschia,20,0.36735,0.53812,0.25,0.69231
C2RCC,C2RCC_only,closure,Pseudo-nitzschia,21,0.54545,0.53477,0.42857,0.75
C2RCC,C2RCC_only,closure,Pseudo-nitzschia,22,0.51613,0.5478,0.4,0.72727
C2RCC,C2RCC_only,closure,Pseudo-nitzschia,23,0.47458,0.56103,0.35,0.73684
C2RCC,C2RCC_only,closure,Pseudo-nitzschia,24,0.50909,0.56466,0.36842,0.82353
C2RCC,C2RCC_only,closure,Pseudo-nitzschia,25,0.50847,0.5243,0.38462,0.75
C2RCC,C2RCC_only,closure,Pseudo-nitzschia,26,0.31579,0.39432,0.24,0.46154
C2RCC,C2RCC_only,closure,Pseudo-nitzschia,27,0.54545,0.41614,0.45455,0.68182
C2RCC,C2RCC_only,closure,Pseudo-nitzschia,28,0.34043,0.48055,0.22857,0.66667
C2RCC,C2RCC_only,closure,Pseudo-nitzschia,29,0.60317,0.62524,0.475,0.82609
C2RCC,C2RCC_only,closure,Pseudo-nitzschia,30,0.58065,0.65749,0.43902,0.85714
C2RCC,C2RCC_only,closure,Pseudo-nitzschia,31,0.43137,0.45874,0.31429,0.6875
C2RCC,C2RCC_only,closure,Pseudo-nitzschia,32,0.48148,0.47477,0.37143,0.68421
C2RCC,C2RCC_only,closure,Pseudo-nitzschia,33,0.52632,0.62161,0.39474,0.78947
C2RCC,C2RCC_only,closure,Pseudo-nitzschia,34,0.32,0.34303,0.24242,0.47059
C2RCC,C2RCC_only,closure,Pseudo-nitzschia,35,0.47368,0.54502,0.33333,0.81818
C2RCC,C2RCC_only,closure,Pseudo-nitzschia,36,0.47458,0.72286,0.34146,0.77778
C2RCC,C2RCC_only,closure,Pseudo-nitzschia,37,0.51724,0.6356,0.375,0.83333
C2RCC,C2RCC_only,closure,Pseudo-nitzschia,38,0.4,0.42426,0.28947,0.64706
C2RCC,C2RCC_only,closure,Pseudo-nitzschia,39,0.55385,0.47197,0.46154,0.69231
C2RCC,C2RCC_only,closure,Pseudo-nitzschia,40,0.45614,0.56519,0.33333,0.72222
C2RCC,C2RCC_only,closure,Pseudo-nitzschia,41,0.5,0.52614,0.36842,0.77778
C2RCC,C2RCC_only,closure,Pseudo-nitzschia,42,0.5,0.5823,0.375,0.75
C2RCC,C2RCC_only,closure,Pseudo-nitzschia,43,0.45283,0.46508,0.33333,0.70588
C2RCC,C2RCC_only,closure,Pseudo-nitzschia,44,0.56522,0.51547,0.44828,0.76471
C2RCC,C2RCC_only,closure,Pseudo-nitzschia,45,0.49057,0.47931,0.35135,0.8125
C2RCC,C2RCC_only,closure,Pseudo-nitzschia,46,0.33333,0.4159,0.22857,0.61538
C2RCC,C2RCC_only,closure,Pseudo-nitzschia,47,0.40625,0.50869,0.29545,0.65
C2RCC,C2RCC_only,closure,Pseudo-nitzschia,48,0.59259,0.53275,0.51613,0.69565
C2RCC,C2RCC_only,closure,Pseudo-nitzschia,49,0.44828,0.53968,0.33333,0.68421
C2RCC,C2RCC_roms,closure,Pseudo-nitzschia,0,0.23529,0.42179,0.15385,0.5
C2RCC,C2RCC_roms,closure,Pseudo-nitzschia,1,0.37209,0.5579,0.23529,0.88889
C2RCC,C2RCC_roms,closure,Pseudo-nitzschia,2,0.31034,0.54222,0.225,0.5
C2RCC,C2RCC_roms,closure,Pseudo-nitzschia,3,0.35556,0.57937,0.23529,0.72727
C2RCC,C2RCC_roms,closure,Pseudo-nitzschia,4,0.4,0.54198,0.27273,0.75
C2RCC,C2RCC_roms,closure,Pseudo-nitzschia,5,0.36735,0.59435,0.24324,0.75
C2RCC,C2RCC_roms,closure,Pseudo-nitzschia,6,0.3,0.59369,0.1875,0.75
C2RCC,C2RCC_roms,closure,Pseudo-nitzschia,7,0.2807,0.65011,0.17021,0.8
C2RCC,C2RCC_roms,closure,Pseudo-nitzschia,8,0.27907,0.48036,0.18182,0.6
C2RCC,C2RCC_roms,closure,Pseudo-nitzschia,9,0.4,0.51949,0.28205,0.6875
C2RCC,C2RCC_roms,closure,Pseudo-nitzschia,10,0.53061,0.69661,0.37143,0.92857
C2RCC,C2RCC_roms,closure,Pseudo-nitzschia,11,0.44444,0.71753,0.29268,0.92308
C2RCC,C2RCC_roms,closure,Pseudo-nitzschia,12,0.32727,0.62207,0.20455,0.81818
C2RCC,C2RCC_roms,closure,Pseudo-nitzschia,13,0.41667,0.53674,0.28571,0.76923
C2RCC,C2RCC_roms,closure,Pseudo-nitzschia,14,0.38462,0.45348,0.27778,0.625
C2RCC,C2RCC_roms,closure,Pseudo-nitzschia,15,0.23077,0.44985,0.15385,0.46154
C2RCC,C2RCC_roms,closure,Pseudo-nitzschia,16,0.36364,0.54638,0.23529,0.8
C2RCC,C2RCC_roms,closure,Pseudo-nitzschia,17,0.4,0.52712,0.29032,0.64286
C2RCC,C2RCC_roms,closure,Pseudo-nitzschia,18,0.34043,0.43127,0.23529,0.61538
C2RCC,C2RCC_roms,closure,Pseudo-nitzschia,19,0.2449,0.50347,0.16667,0.46154
C2RCC,C2RCC_roms,closure,Pseudo-nitzschia,20,0.23256,0.54962,0.13889,0.71429
C2RCC,C2RCC_roms,closure,Pseudo-nitzschia,21,0.34783,0.58994,0.22857,0.72727
C2RCC,C2RCC_roms,closure,Pseudo-nitzschia,22,0.40741,0.63037,0.275,0.78571
C2RCC,C2RCC_roms,closure,Pseudo-nitzschia,23,0.36364,0.6218,0.25,0.66667
C2RCC,C2RCC_roms,closure,Pseudo-nitzschia,24,0.4,0.70825,0.26316,0.83333
C2RCC,C2RCC_roms,closure,Pseudo-nitzschia,25,0.28,0.55084,0.17949,0.63636
C2RCC,C2RCC_roms,closure,Pseudo-nitzschia,26,0.38889,0.49614,0.28,0.63636
C2RCC,C2RCC_roms,closure,Pseudo-nitzschia,27,0.34783,0.44278,0.24242,0.61538
C2RCC,C2RCC_roms,closure,Pseudo-nitzschia,28,0.31818,0.51783,0.2,0.77778
C2RCC,C2RCC_roms,closure,Pseudo-nitzschia,29,0.31373,0.64359,0.2,0.72727
C2RCC,C2RCC_roms,closure,Pseudo-nitzschia,30,0.37736,0.66994,0.2439,0.83333
C2RCC,C2RCC_roms,closure,Pseudo-nitzschia,31,0.34783,0.52558,0.22857,0.72727
C2RCC,C2RCC_roms,closure,Pseudo-nitzschia,32,0.32653,0.46359,0.22857,0.57143
C2RCC,C2RCC_roms,closure,Pseudo-nitzschia,33,0.44,0.66387,0.28947,0.91667
C2RCC,C2RCC_roms,closure,Pseudo-nitzschia,34,0.36,0.41975,0.27273,0.52941
C2RCC,C2RCC_roms,closure,Pseudo-nitzschia,35,0.52632,0.63776,0.37037,0.90909
C2RCC,C2RCC_roms,closure,Pseudo-nitzschia,36,0.37037,0.68281,0.2439,0.76923
C2RCC,C2RCC_roms,closure,Pseudo-nitzschia,37,0.29167,0.67269,0.175,0.875
C2RCC,C2RCC_roms,closure,Pseudo-nitzschia,38,0.17391,0.47537,0.10526,0.5
C2RCC,C2RCC_roms,closure,Pseudo-nitzschia,39,0.33333,0.50105,0.23077,0.6
C2RCC,C2RCC_roms,closure,Pseudo-nitzschia,40,0.41509,0.61783,0.28205,0.78571
C2RCC,C2RCC_roms,closure,Pseudo-nitzschia,41,0.40816,0.60352,0.26316,0.90909
C2RCC,C2RCC_roms,closure,Pseudo-nitzschia,42,0.28,0.58321,0.175,0.7
C2RCC,C2RCC_roms,closure,Pseudo-nitzschia,43,0.25532,0.49201,0.16667,0.54545
C2RCC,C2RCC_roms,closure,Pseudo-nitzschia,44,0.5,0.53203,0.37931,0.73333
C2RCC,C2RCC_roms,closure,Pseudo-nitzschia,45,0.375,0.55114,0.24324,0.81818
C2RCC,C2RCC_roms,closure,Pseudo-nitzschia,46,0.27907,0.53439,0.17143,0.75
C2RCC,C2RCC_roms,closure,Pseudo-nitzschia,47,0.33333,0.63578,0.20455,0.9
C2RCC,C2RCC_roms,closure,Pseudo-nitzschia,48,0.37209,0.52501,0.25806,0.66667
C2RCC,C2RCC_roms,closure,Pseudo-nitzschia,49,0.42308,0.58757,0.28205,0.84615
ACOLITE,ACOLITE_only,warning,Alexandrium_catenella,0,0.74595,0.83318,0.73404,0.75824
ACOLITE,ACOLITE_only,warning,Alexandrium_catenella,1,0.71579,0.79956,0.7234,0.70833
ACOLITE,ACOLITE_only,warning,Alexandrium_catenella,2,0.78481,0.86363,0.74519,0.82888
ACOLITE,ACOLITE_only,warning,Alexandrium_catenella,3,0.75401,0.83295,0.77049,0.73822
ACOLITE,ACOLITE_only,warning,Alexandrium_catenella,4,0.7443,0.8348,0.71359,0.77778
ACOLITE,ACOLITE_only,warning,Alexandrium_catenella,5,0.74238,0.81879,0.70526,0.78363
ACOLITE,ACOLITE_only,warning,Alexandrium_catenella,6,0.79235,0.86981,0.79235,0.79235
ACOLITE,ACOLITE_only,warning,Alexandrium_catenella,7,0.7973,0.86911,0.80455,0.79018
ACOLITE,ACOLITE_only,warning,Alexandrium_catenella,8,0.75773,0.82417,0.75,0.76562
ACOLITE,ACOLITE_only,warning,Alexandrium_catenella,9,0.72544,0.83544,0.68571,0.77005
ACOLITE,ACOLITE_only,warning,Alexandrium_catenella,10,0.74054,0.83257,0.685,0.80588
ACOLITE,ACOLITE_only,warning,Alexandrium_catenella,11,0.74151,0.80357,0.72449,0.75936
ACOLITE,ACOLITE_only,warning,Alexandrium_catenella,12,0.74869,0.8248,0.68421,0.82659
ACOLITE,ACOLITE_only,warning,Alexandrium_catenella,13,0.77778,0.87012,0.73182,0.8299
ACOLITE,ACOLITE_only,warning,Alexandrium_catenella,14,0.73737,0.82667,0.7122,0.7644
ACOLITE,ACOLITE_only,warning,Alexandrium_catenella,15,0.74576,0.83259,0.72928,0.76301
ACOLITE,ACOLITE_only,warning,Alexandrium_catenella,16,0.75956,0.82521,0.77654,0.74332
ACOLITE,ACOLITE_only,warning,Alexandrium_catenella,17,0.79692,0.87504,0.7598,0.83784
ACOLITE,ACOLITE_only,warning,Alexandrium_catenella,18,0.76115,0.83266,0.74359,0.77957
ACOLITE,ACOLITE_only,warning,Alexandrium_catenella,19,0.76423,0.84767,0.79213,0.73822
ACOLITE,ACOLITE_only,warning,Alexandrium_catenella,20,0.75689,0.82964,0.74752,0.7665
ACOLITE,ACOLITE_only,warning,Alexandrium_catenella,21,0.75844,0.85939,0.7122,0.81111
ACOLITE,ACOLITE_only,warning,Alexandrium_catenella,22,0.74935,0.84481,0.725,0.7754
ACOLITE,ACOLITE_only,warning,Alexandrium_catenella,23,0.72774,0.82034,0.70443,0.75263
ACOLITE,ACOLITE_only,warning,Alexandrium_catenella,24,0.72632,0.8384,0.68317,0.77528
ACOLITE,ACOLITE_only,warning,Alexandrium_catenella,25,0.74757,0.82968,0.74038,0.7549
ACOLITE,ACOLITE_only,warning,Alexandrium_catenella,26,0.76733,0.8531,0.7277,0.81152
ACOLITE,ACOLITE_only,warning,Alexandrium_catenella,27,0.74055,0.81805,0.7,0.7861
ACOLITE,ACOLITE_only,warning,Alexandrium_catenella,28,0.76998,0.84566,0.73611,0.80711
ACOLITE,ACOLITE_only,warning,Alexandrium_catenella,29,0.75956,0.78854,0.73936,0.7809
ACOLITE,ACOLITE_only,warning,Alexandrium_catenella,30,0.79,0.86252,0.78218,0.79798
ACOLITE,ACOLITE_only,warning,Alexandrium_catenella,31,0.72727,0.81554,0.69903,0.75789
ACOLITE,ACOLITE_only,warning,Alexandrium_catenella,32,0.75691,0.83272,0.76966,0.74457
ACOLITE,ACOLITE_only,warning,Alexandrium_catenella,33,0.71781,0.82027,0.68586,0.75287
ACOLITE,ACOLITE_only,warning,Alexandrium_catenella,34,0.75758,0.83607,0.72816,0.78947
ACOLITE,ACOLITE_only,warning,Alexandrium_catenella,35,0.77604,0.86276,0.73762,0.81868
ACOLITE,ACOLITE_only,warning,Alexandrium_catenella,36,0.76393,0.82037,0.74227,0.78689
ACOLITE,ACOLITE_only,warning,Alexandrium_catenella,37,0.76757,0.85006,0.71,0.83529
ACOLITE,ACOLITE_only,warning,Alexandrium_catenella,38,0.7907,0.85313,0.79275,0.78866
ACOLITE,ACOLITE_only,warning,Alexandrium_catenella,39,0.77121,0.86471,0.72115,0.82873
ACOLITE,ACOLITE_only,warning,Alexandrium_catenella,40,0.71159,0.75129,0.68394,0.74157
ACOLITE,ACOLITE_only,warning,Alexandrium_catenella,41,0.75318,0.86542,0.70476,0.80874
ACOLITE,ACOLITE_only,warning,Alexandrium_catenella,42,0.7341,0.80131,0.7095,0.76048
ACOLITE,ACOLITE_only,warning,Alexandrium_catenella,43,0.74545,0.8389,0.71616,0.77725
ACOLITE,ACOLITE_only,warning,Alexandrium_catenella,44,0.75581,0.85401,0.71823,0.79755
ACOLITE,ACOLITE_only,warning,Alexandrium_catenella,45,0.74332,0.82722,0.71649,0.77222
ACOLITE,ACOLITE_only,warning,Alexandrium_catenella,46,0.75949,0.83862,0.74627,0.7732
ACOLITE,ACOLITE_only,warning,Alexandrium_catenella,47,0.73913,0.82531,0.71958,0.75978
ACOLITE,ACOLITE_only,warning,Alexandrium_catenella,48,0.77867,0.82774,0.79781,0.76042
ACOLITE,ACOLITE_only,warning,Alexandrium_catenella,49,0.74938,0.82251,0.74752,0.75124
ACOLITE,ACOLITE_roms,warning,Alexandrium_catenella,0,0.752,0.82375,0.75,0.75401
ACOLITE,ACOLITE_roms,warning,Alexandrium_catenella,1,0.74521,0.82684,0.7234,0.76836
ACOLITE,ACOLITE_roms,warning,Alexandrium_catenella,2,0.80102,0.84447,0.75481,0.85326
ACOLITE,ACOLITE_roms,warning,Alexandrium_catenella,3,0.79679,0.84435,0.81421,0.7801
ACOLITE,ACOLITE_roms,warning,Alexandrium_catenella,4,0.76692,0.86072,0.74272,0.79275
ACOLITE,ACOLITE_roms,warning,Alexandrium_catenella,5,0.7663,0.82818,0.74211,0.79213
ACOLITE,ACOLITE_roms,warning,Alexandrium_catenella,6,0.79452,0.85007,0.79235,0.7967
ACOLITE,ACOLITE_roms,warning,Alexandrium_catenella,7,0.8046,0.85554,0.79545,0.81395
ACOLITE,ACOLITE_roms,warning,Alexandrium_catenella,8,0.7769,0.82715,0.7551,0.8
ACOLITE,ACOLITE_roms,warning,Alexandrium_catenella,9,0.73815,0.83486,0.70476,0.77487
ACOLITE,ACOLITE_roms,warning,Alexandrium_catenella,10,0.75789,0.82715,0.72,0.8
ACOLITE,ACOLITE_roms,warning,Alexandrium_catenella,11,0.7644,0.79895,0.7449,0.78495
ACOLITE,ACOLITE_roms,warning,Alexandrium_catenella,12,0.77121,0.8453,0.7177,0.83333
ACOLITE,ACOLITE_roms,warning,Alexandrium_catenella,13,0.78537,0.87051,0.73182,0.84737
ACOLITE,ACOLITE_roms,warning,Alexandrium_catenella,14,0.7598,0.83571,0.7561,0.76355
ACOLITE,ACOLITE_roms,warning,Alexandrium_catenella,15,0.77273,0.83068,0.75138,0.79532
ACOLITE,ACOLITE_roms,warning,Alexandrium_catenella,16,0.7809,0.82995,0.77654,0.78531
ACOLITE,ACOLITE_roms,warning,Alexandrium_catenella,17,0.80905,0.87651,0.78922,0.8299
ACOLITE,ACOLITE_roms,warning,Alexandrium_catenella,18,0.77468,0.84254,0.78462,0.765
ACOLITE,ACOLITE_roms,warning,Alexandrium_catenella,19,0.77135,0.85077,0.78652,0.75676
ACOLITE,ACOLITE_roms,warning,Alexandrium_catenella,20,0.76884,0.84864,0.75743,0.78061
ACOLITE,ACOLITE_roms,warning,Alexandrium_catenella,21,0.79587,0.87387,0.75122,0.84615
ACOLITE,ACOLITE_roms,warning,Alexandrium_catenella,22,0.75718,0.8652,0.725,0.79235
ACOLITE,ACOLITE_roms,warning,Alexandrium_catenella,23,0.7449,0.80144,0.71921,0.77249
ACOLITE,ACOLITE_roms,warning,Alexandrium_catenella,24,0.77694,0.85445,0.76733,0.7868
ACOLITE,ACOLITE_roms,warning,Alexandrium_catenella,25,0.76329,0.83696,0.75962,0.76699
ACOLITE,ACOLITE_roms,warning,Alexandrium_catenella,26,0.77262,0.85859,0.74178,0.80612
ACOLITE,ACOLITE_roms,warning,Alexandrium_catenella,27,0.74687,0.82078,0.70952,0.78836
ACOLITE,ACOLITE_roms,warning,Alexandrium_catenella,28,0.77262,0.85757,0.73148,0.81865
ACOLITE,ACOLITE_roms,warning,Alexandrium_catenella,29,0.78378,0.80412,0.77128,0.7967
ACOLITE,ACOLITE_roms,warning,Alexandrium_catenella,30,0.7551,0.8441,0.73267,0.77895
ACOLITE,ACOLITE_roms,warning,Alexandrium_catenella,31,0.7468,0.81627,0.70874,0.78919
ACOLITE,ACOLITE_roms,warning,Alexandrium_catenella,32,0.77311,0.83034,0.77528,0.77095
ACOLITE,ACOLITE_roms,warning,Alexandrium_catenella,33,0.75135,0.80441,0.72775,0.77654
ACOLITE,ACOLITE_roms,warning,Alexandrium_catenella,34,0.77805,0.86106,0.75728,0.8
ACOLITE,ACOLITE_roms,warning,Alexandrium_catenella,35,0.79487,0.85987,0.76733,0.82447
ACOLITE,ACOLITE_roms,warning,Alexandrium_catenella,36,0.75956,0.82731,0.71649,0.80814
ACOLITE,ACOLITE_roms,warning,Alexandrium_catenella,37,0.74255,0.83809,0.685,0.81065
ACOLITE,ACOLITE_roms,warning,Alexandrium_catenella,38,0.81234,0.84892,0.81865,0.80612
ACOLITE,ACOLITE_roms,warning,Alexandrium_catenella,39,0.805,0.84635,0.77404,0.83854
ACOLITE,ACOLITE_roms,warning,Alexandrium_catenella,40,0.7321,0.76552,0.71503,0.75
ACOLITE,ACOLITE_roms,warning,Alexandrium_catenella,41,0.7581,0.85582,0.72381,0.79581
ACOLITE,ACOLITE_roms,warning,Alexandrium_catenella,42,0.77457,0.81719,0.7486,0.8024
ACOLITE,ACOLITE_roms,warning,Alexandrium_catenella,43,0.75289,0.84052,0.71179,0.79902
ACOLITE,ACOLITE_roms,warning,Alexandrium_catenella,44,0.76276,0.87256,0.70166,0.83553
ACOLITE,ACOLITE_roms,warning,Alexandrium_catenella,45,0.75263,0.83396,0.73711,0.76882
ACOLITE,ACOLITE_roms,warning,Alexandrium_catenella,46,0.77078,0.83238,0.76119,0.78061
ACOLITE,ACOLITE_roms,warning,Alexandrium_catenella,47,0.76267,0.82916,0.75661,0.76882
ACOLITE,ACOLITE_roms,warning,Alexandrium_catenella,48,0.78075,0.8257,0.79781,0.7644
ACOLITE,ACOLITE_roms,warning,Alexandrium_catenella,49,0.7619,0.83619,0.75248,0.77157
ACOLITE,ACOLITE_only,warning,Dinophysis_acuminata,0,0.86466,0.94115,0.86792,0.86142
ACOLITE,ACOLITE_only,warning,Dinophysis_acuminata,1,0.87127,0.9566,0.85375,0.88952
ACOLITE,ACOLITE_only,warning,Dinophysis_acuminata,2,0.87572,0.94871,0.87072,0.88077
ACOLITE,ACOLITE_only,warning,Dinophysis_acuminata,3,0.87175,0.94236,0.87427,0.86923
ACOLITE,ACOLITE_only,warning,Dinophysis_acuminata,4,0.87686,0.94977,0.87304,0.8807
ACOLITE,ACOLITE_only,warning,Dinophysis_acuminata,5,0.85796,0.94559,0.84112,0.87549
ACOLITE,ACOLITE_only,warning,Dinophysis_acuminata,6,0.86275,0.94439,0.86679,0.85874
ACOLITE,ACOLITE_only,warning,Dinophysis_acuminata,7,0.88947,0.961,0.88328,0.89576
ACOLITE,ACOLITE_only,warning,Dinophysis_acuminata,8,0.8631,0.93156,0.8702,0.85612
ACOLITE,ACOLITE_only,warning,Dinophysis_acuminata,9,0.8823,0.96181,0.88462,0.88
ACOLITE,ACOLITE_only,warning,Dinophysis_acuminata,10,0.88372,0.95682,0.88057,0.88689
ACOLITE,ACOLITE_only,warning,Dinophysis_acuminata,11,0.8626,0.93878,0.84946,0.87616
ACOLITE,ACOLITE_only,warning,Dinophysis_acuminata,12,0.866,0.94004,0.86837,0.86364
ACOLITE,ACOLITE_only,warning,Dinophysis_acuminata,13,0.89236,0.96178,0.88774,0.89703
ACOLITE,ACOLITE_only,warning,Dinophysis_acuminata,14,0.85612,0.93952,0.84331,0.86933
ACOLITE,ACOLITE_only,warning,Dinophysis_acuminata,15,0.86007,0.93938,0.85688,0.8633
ACOLITE,ACOLITE_only,warning,Dinophysis_acuminata,16,0.86825,0.9451,0.85929,0.87739
ACOLITE,ACOLITE_only,warning,Dinophysis_acuminata,17,0.86989,0.95071,0.86188,0.87805
ACOLITE,ACOLITE_only,warning,Dinophysis_acuminata,18,0.87876,0.95132,0.89259,0.86535
ACOLITE,ACOLITE_only,warning,Dinophysis_acuminata,19,0.87013,0.95393,0.86691,0.87337
ACOLITE,ACOLITE_only,warning,Dinophysis_acuminata,20,0.88742,0.94386,0.88491,0.88994
ACOLITE,ACOLITE_only,warning,Dinophysis_acuminata,21,0.87477,0.95351,0.878,0.87156
ACOLITE,ACOLITE_only,warning,Dinophysis_acuminata,22,0.8724,0.94942,0.86225,0.88278
ACOLITE,ACOLITE_only,warning,Dinophysis_acuminata,23,0.88,0.95179,0.88321,0.87681
ACOLITE,ACOLITE_only,warning,Dinophysis_acuminata,24,0.85022,0.9426,0.83451,0.86654
ACOLITE,ACOLITE_only,warning,Dinophysis_acuminata,25,0.88465,0.9561,0.89194,0.87748
ACOLITE,ACOLITE_only,warning,Dinophysis_acuminata,26,0.86472,0.93387,0.8594,0.87011
ACOLITE,ACOLITE_only,warning,Dinophysis_acuminata,27,0.86188,0.93169,0.85558,0.86827
ACOLITE,ACOLITE_only,warning,Dinophysis_acuminata,28,0.88731,0.95452,0.88339,0.89127
ACOLITE,ACOLITE_only,warning,Dinophysis_acuminata,29,0.88246,0.95662,0.86,0.90613
ACOLITE,ACOLITE_only,warning,Dinophysis_acuminata,30,0.85794,0.9324,0.87335,0.84307
ACOLITE,ACOLITE_only,warning,Dinophysis_acuminata,31,0.87433,0.95276,0.86655,0.88225
ACOLITE,ACOLITE_only,warning,Dinophysis_acuminata,32,0.85391,0.93425,0.85795,0.84991
ACOLITE,ACOLITE_only,warning,Dinophysis_acuminata,33,0.86441,0.94857,0.86278,0.86604
ACOLITE,ACOLITE_only,warning,Dinophysis_acuminata,34,0.88043,0.94936,0.8875,0.87346
ACOLITE,ACOLITE_only,warning,Dinophysis_acuminata,35,0.87179,0.96175,0.87411,0.86949
ACOLITE,ACOLITE_only,warning,Dinophysis_acuminata,36,0.87477,0.95866,0.85586,0.89454
ACOLITE,ACOLITE_only,warning,Dinophysis_acuminata,37,0.85243,0.94506,0.83483,0.87079
ACOLITE,ACOLITE_only,warning,Dinophysis_acuminata,38,0.87947,0.95262,0.8828,0.87617
ACOLITE,ACOLITE_only,warning,Dinophysis_acuminata,39,0.87956,0.96047,0.87319,0.88603
ACOLITE,ACOLITE_only,warning,Dinophysis_acuminata,40,0.88831,0.95307,0.88296,0.89373
ACOLITE,ACOLITE_only,warning,Dinophysis_acuminata,41,0.87004,0.94857,0.87796,0.86225
ACOLITE,ACOLITE_only,warning,Dinophysis_acuminata,42,0.87287,0.95479,0.87452,0.87121
ACOLITE,ACOLITE_only,warning,Dinophysis_acuminata,43,0.87077,0.95807,0.85959,0.88225
ACOLITE,ACOLITE_only,warning,Dinophysis_acuminata,44,0.84385,0.93595,0.84647,0.84124
ACOLITE,ACOLITE_only,warning,Dinophysis_acuminata,45,0.86264,0.94381,0.869,0.85636
ACOLITE,ACOLITE_only,warning,Dinophysis_acuminata,46,0.87691,0.95435,0.88406,0.86988
ACOLITE,ACOLITE_only,warning,Dinophysis_acuminata,47,0.86721,0.94685,0.86643,0.86799
ACOLITE,ACOLITE_only,warning,Dinophysis_acuminata,48,0.88411,0.96313,0.87755,0.89077
ACOLITE,ACOLITE_only,warning,Dinophysis_acuminata,49,0.87681,0.95554,0.88483,0.86894
ACOLITE,ACOLITE_roms,warning,Dinophysis_acuminata,0,0.85952,0.93562,0.87736,0.84239
ACOLITE,ACOLITE_roms,warning,Dinophysis_acuminata,1,0.869,0.95458,0.86106,0.87709
ACOLITE,ACOLITE_roms,warning,Dinophysis_acuminata,2,0.87805,0.94575,0.88973,0.86667
ACOLITE,ACOLITE_roms,warning,Dinophysis_acuminata,3,0.87488,0.94855,0.88588,0.86415
ACOLITE,ACOLITE_roms,warning,Dinophysis_acuminata,4,0.87931,0.94516,0.88696,0.87179
ACOLITE,ACOLITE_roms,warning,Dinophysis_acuminata,5,0.86355,0.9439,0.86355,0.86355
ACOLITE,ACOLITE_roms,warning,Dinophysis_acuminata,6,0.86427,0.93977,0.87805,0.85091
ACOLITE,ACOLITE_roms,warning,Dinophysis_acuminata,7,0.8887,0.9526,0.89024,0.88715
ACOLITE,ACOLITE_roms,warning,Dinophysis_acuminata,8,0.86275,0.92913,0.88483,0.84174
ACOLITE,ACOLITE_roms,warning,Dinophysis_acuminata,9,0.88007,0.96261,0.89161,0.86882
ACOLITE,ACOLITE_roms,warning,Dinophysis_acuminata,10,0.8836,0.95523,0.89305,0.87435
ACOLITE,ACOLITE_roms,warning,Dinophysis_acuminata,11,0.86933,0.93437,0.87634,0.86243
ACOLITE,ACOLITE_roms,warning,Dinophysis_acuminata,12,0.86894,0.93878,0.88483,0.85362
ACOLITE,ACOLITE_roms,warning,Dinophysis_acuminata,13,0.89402,0.95878,0.90328,0.88494
ACOLITE,ACOLITE_roms,warning,Dinophysis_acuminata,14,0.85639,0.93252,0.85563,0.85714
ACOLITE,ACOLITE_roms,warning,Dinophysis_acuminata,15,0.85714,0.94028,0.86989,0.84477
ACOLITE,ACOLITE_roms,warning,Dinophysis_acuminata,16,0.86754,0.94284,0.87242,0.86271
ACOLITE,ACOLITE_roms,warning,Dinophysis_acuminata,17,0.87832,0.94655,0.88398,0.87273
ACOLITE,ACOLITE_roms,warning,Dinophysis_acuminata,18,0.86964,0.94173,0.90185,0.83966
ACOLITE,ACOLITE_roms,warning,Dinophysis_acuminata,19,0.86933,0.94338,0.8854,0.85383
ACOLITE,ACOLITE_roms,warning,Dinophysis_acuminata,20,0.88497,0.9478,0.9,0.87044
ACOLITE,ACOLITE_roms,warning,Dinophysis_acuminata,21,0.86551,0.94183,0.87431,0.85688
ACOLITE,ACOLITE_roms,warning,Dinophysis_acuminata,22,0.87387,0.94382,0.86762,0.88022
ACOLITE,ACOLITE_roms,warning,Dinophysis_acuminata,23,0.88414,0.95605,0.90511,0.86411
ACOLITE,ACOLITE_roms,warning,Dinophysis_acuminata,24,0.86643,0.93904,0.86796,0.86491
ACOLITE,ACOLITE_roms,warning,Dinophysis_acuminata,25,0.88889,0.95019,0.90842,0.87018
ACOLITE,ACOLITE_roms,warning,Dinophysis_acuminata,26,0.86972,0.93868,0.88576,0.85424
ACOLITE,ACOLITE_roms,warning,Dinophysis_acuminata,27,0.86154,0.93744,0.8702,0.85305
ACOLITE,ACOLITE_roms,warning,Dinophysis_acuminata,28,0.8922,0.95254,0.89929,0.88522
ACOLITE,ACOLITE_roms,warning,Dinophysis_acuminata,29,0.87751,0.95512,0.87273,0.88235
ACOLITE,ACOLITE_roms,warning,Dinophysis_acuminata,30,0.85087,0.92368,0.87902,0.82447
ACOLITE,ACOLITE_roms,warning,Dinophysis_acuminata,31,0.88376,0.95657,0.88612,0.88142
ACOLITE,ACOLITE_roms,warning,Dinophysis_acuminata,32,0.8598,0.93202,0.87689,0.84335
ACOLITE,ACOLITE_roms,warning,Dinophysis_acuminata,33,0.87118,0.94951,0.88346,0.85923
ACOLITE,ACOLITE_roms,warning,Dinophysis_acuminata,34,0.87679,0.94906,0.87679,0.87679
ACOLITE,ACOLITE_roms,warning,Dinophysis_acuminata,35,0.87873,0.95858,0.88652,0.87108
ACOLITE,ACOLITE_roms,warning,Dinophysis_acuminata,36,0.87964,0.95508,0.87568,0.88364
ACOLITE,ACOLITE_roms,warning,Dinophysis_acuminata,37,0.86769,0.95079,0.86535,0.87004
ACOLITE,ACOLITE_roms,warning,Dinophysis_acuminata,38,0.88394,0.95329,0.89981,0.86861
ACOLITE,ACOLITE_roms,warning,Dinophysis_acuminata,39,0.87659,0.95144,0.875,0.87818
ACOLITE,ACOLITE_roms,warning,Dinophysis_acuminata,40,0.88352,0.95423,0.88124,0.88581
ACOLITE,ACOLITE_roms,warning,Dinophysis_acuminata,41,0.86685,0.94194,0.88342,0.85088
ACOLITE,ACOLITE_roms,warning,Dinophysis_acuminata,42,0.87136,0.95323,0.88213,0.86085
ACOLITE,ACOLITE_roms,warning,Dinophysis_acuminata,43,0.87179,0.95401,0.87329,0.87031
ACOLITE,ACOLITE_roms,warning,Dinophysis_acuminata,44,0.85196,0.93484,0.87759,0.82779
ACOLITE,ACOLITE_roms,warning,Dinophysis_acuminata,45,0.85381,0.93765,0.87823,0.83072
ACOLITE,ACOLITE_roms,warning,Dinophysis_acuminata,46,0.87965,0.94917,0.90036,0.85986
ACOLITE,ACOLITE_roms,warning,Dinophysis_acuminata,47,0.86247,0.93845,0.87726,0.84817
ACOLITE,ACOLITE_roms,warning,Dinophysis_acuminata,48,0.87626,0.95677,0.88683,0.86594
ACOLITE,ACOLITE_roms,warning,Dinophysis_acuminata,49,0.87065,0.95493,0.89214,0.85017
ACOLITE,ACOLITE_only,warning,Dinophysis_norvegica,0,0.68986,0.7141,0.65027,0.73457
ACOLITE,ACOLITE_only,warning,Dinophysis_norvegica,1,0.67055,0.72522,0.63889,0.70552
ACOLITE,ACOLITE_only,warning,Dinophysis_norvegica,2,0.72533,0.78888,0.68342,0.77273
ACOLITE,ACOLITE_only,warning,Dinophysis_norvegica,3,0.7147,0.79605,0.70455,0.72515
ACOLITE,ACOLITE_only,warning,Dinophysis_norvegica,4,0.6581,0.74575,0.63054,0.68817
ACOLITE,ACOLITE_only,warning,Dinophysis_norvegica,5,0.68263,0.72346,0.62983,0.7451
ACOLITE,ACOLITE_only,warning,Dinophysis_norvegica,6,0.67391,0.71883,0.64921,0.70056
ACOLITE,ACOLITE_only,warning,Dinophysis_norvegica,7,0.71979,0.74852,0.67961,0.76503
ACOLITE,ACOLITE_only,warning,Dinophysis_norvegica,8,0.68,0.75981,0.61658,0.75796
ACOLITE,ACOLITE_only,warning,Dinophysis_norvegica,9,0.67725,0.75244,0.62745,0.73563
ACOLITE,ACOLITE_only,warning,Dinophysis_norvegica,10,0.66472,0.76078,0.60638,0.73548
ACOLITE,ACOLITE_only,warning,Dinophysis_norvegica,11,0.66474,0.72938,0.63187,0.70122
ACOLITE,ACOLITE_only,warning,Dinophysis_norvegica,12,0.68437,0.72747,0.64088,0.73418
ACOLITE,ACOLITE_only,warning,Dinophysis_norvegica,13,0.7038,0.7033,0.68473,0.72396
ACOLITE,ACOLITE_only,warning,Dinophysis_norvegica,14,0.65517,0.72464,0.59375,0.73077
ACOLITE,ACOLITE_only,warning,Dinophysis_norvegica,15,0.6506,0.70024,0.63529,0.66667
ACOLITE,ACOLITE_only,warning,Dinophysis_norvegica,16,0.67879,0.71223,0.66667,0.69136
ACOLITE,ACOLITE_only,warning,Dinophysis_norvegica,17,0.74074,0.79256,0.7027,0.78313
ACOLITE,ACOLITE_only,warning,Dinophysis_norvegica,18,0.65217,0.71852,0.60606,0.70588
ACOLITE,ACOLITE_only,warning,Dinophysis_norvegica,19,0.70255,0.72125,0.68132,0.72515
ACOLITE,ACOLITE_only,warning,Dinophysis_norvegica,20,0.67241,0.71503,0.63934,0.70909
ACOLITE,ACOLITE_only,warning,Dinophysis_norvegica,21,0.68698,0.73479,0.63918,0.74251
ACOLITE,ACOLITE_only,warning,Dinophysis_norvegica,22,0.67241,0.75197,0.62567,0.72671
ACOLITE,ACOLITE_only,warning,Dinophysis_norvegica,23,0.66667,0.77651,0.59596,0.75641
ACOLITE,ACOLITE_only,warning,Dinophysis_norvegica,24,0.67045,0.72406,0.62434,0.72393
ACOLITE,ACOLITE_only,warning,Dinophysis_norvegica,25,0.64957,0.70295,0.60317,0.7037
ACOLITE,ACOLITE_only,warning,Dinophysis_norvegica,26,0.65714,0.65372,0.65341,0.66092
ACOLITE,ACOLITE_only,warning,Dinophysis_norvegica,27,0.63736,0.69529,0.62032,0.65537
ACOLITE,ACOLITE_only,warning,Dinophysis_norvegica,28,0.703,0.76447,0.66154,0.75
ACOLITE,ACOLITE_only,warning,Dinophysis_norvegica,29,0.68293,0.68709,0.65497,0.71338
ACOLITE,ACOLITE_only,warning,Dinophysis_norvegica,30,0.7154,0.77673,0.69192,0.74054
ACOLITE,ACOLITE_only,warning,Dinophysis_norvegica,31,0.70085,0.72307,0.68333,0.7193
ACOLITE,ACOLITE_only,warning,Dinophysis_norvegica,32,0.66862,0.7064,0.68675,0.65143
ACOLITE,ACOLITE_only,warning,Dinophysis_norvegica,33,0.65889,0.72429,0.62088,0.70186
ACOLITE,ACOLITE_only,warning,Dinophysis_norvegica,34,0.72386,0.78007,0.68528,0.76705
ACOLITE,ACOLITE_only,warning,Dinophysis_norvegica,35,0.63102,0.72129,0.58706,0.68208
ACOLITE,ACOLITE_only,warning,Dinophysis_norvegica,36,0.67241,0.69983,0.63587,0.71341
ACOLITE,ACOLITE_only,warning,Dinophysis_norvegica,37,0.68222,0.7497,0.64641,0.72222
ACOLITE,ACOLITE_only,warning,Dinophysis_norvegica,38,0.68208,0.72841,0.67429,0.69006
ACOLITE,ACOLITE_only,warning,Dinophysis_norvegica,39,0.67956,0.72677,0.65426,0.7069
ACOLITE,ACOLITE_only,warning,Dinophysis_norvegica,40,0.66282,0.72539,0.63889,0.68862
ACOLITE,ACOLITE_only,warning,Dinophysis_norvegica,41,0.65341,0.71492,0.62162,0.68862
ACOLITE,ACOLITE_only,warning,Dinophysis_norvegica,42,0.65653,0.68231,0.6506,0.66258
ACOLITE,ACOLITE_only,warning,Dinophysis_norvegica,43,0.67866,0.71877,0.65025,0.70968
ACOLITE,ACOLITE_only,warning,Dinophysis_norvegica,44,0.70588,0.76706,0.67797,0.7362
ACOLITE,ACOLITE_only,warning,Dinophysis_norvegica,45,0.64198,0.68269,0.62651,0.65823
ACOLITE,ACOLITE_only,warning,Dinophysis_norvegica,46,0.68493,0.74169,0.64103,0.73529
ACOLITE,ACOLITE_only,warning,Dinophysis_norvegica,47,0.69945,0.74108,0.65979,0.74419
ACOLITE,ACOLITE_only,warning,Dinophysis_norvegica,48,0.68208,0.73168,0.62105,0.75641
ACOLITE,ACOLITE_only,warning,Dinophysis_norvegica,49,0.71781,0.76146,0.7043,0.73184
ACOLITE,ACOLITE_roms,warning,Dinophysis_norvegica,0,0.69006,0.70149,0.64481,0.74214
ACOLITE,ACOLITE_roms,warning,Dinophysis_norvegica,1,0.66077,0.71309,0.62222,0.7044
ACOLITE,ACOLITE_roms,warning,Dinophysis_norvegica,2,0.71545,0.77166,0.66332,0.77647
ACOLITE,ACOLITE_roms,warning,Dinophysis_norvegica,3,0.74118,0.80019,0.71591,0.76829
ACOLITE,ACOLITE_roms,warning,Dinophysis_norvegica,4,0.65054,0.71405,0.59606,0.71598
ACOLITE,ACOLITE_roms,warning,Dinophysis_norvegica,5,0.69048,0.74638,0.64088,0.74839
ACOLITE,ACOLITE_roms,warning,Dinophysis_norvegica,6,0.69638,0.72999,0.65445,0.74405
ACOLITE,ACOLITE_roms,warning,Dinophysis_norvegica,7,0.73737,0.76802,0.70874,0.76842
ACOLITE,ACOLITE_roms,warning,Dinophysis_norvegica,8,0.68406,0.74588,0.6114,0.77632
ACOLITE,ACOLITE_roms,warning,Dinophysis_norvegica,9,0.70801,0.7526,0.67157,0.74863
ACOLITE,ACOLITE_roms,warning,Dinophysis_norvegica,10,0.65903,0.74179,0.6117,0.71429
ACOLITE,ACOLITE_roms,warning,Dinophysis_norvegica,11,0.65089,0.74079,0.6044,0.70513
ACOLITE,ACOLITE_roms,warning,Dinophysis_norvegica,12,0.70659,0.75824,0.65193,0.77124
ACOLITE,ACOLITE_roms,warning,Dinophysis_norvegica,13,0.69409,0.7201,0.66502,0.72581
ACOLITE,ACOLITE_roms,warning,Dinophysis_norvegica,14,0.6573,0.7156,0.60938,0.71341
ACOLITE,ACOLITE_roms,warning,Dinophysis_norvegica,15,0.66246,0.71026,0.61765,0.71429
ACOLITE,ACOLITE_roms,warning,Dinophysis_norvegica,16,0.64024,0.69158,0.625,0.65625
ACOLITE,ACOLITE_roms,warning,Dinophysis_norvegica,17,0.69254,0.80174,0.62703,0.77333
ACOLITE,ACOLITE_roms,warning,Dinophysis_norvegica,18,0.6703,0.7015,0.62121,0.72781
ACOLITE,ACOLITE_roms,warning,Dinophysis_norvegica,19,0.70175,0.72924,0.65934,0.75
ACOLITE,ACOLITE_roms,warning,Dinophysis_norvegica,20,0.65689,0.71082,0.61202,0.70886
ACOLITE,ACOLITE_roms,warning,Dinophysis_norvegica,21,0.68406,0.75056,0.60825,0.78146
ACOLITE,ACOLITE_roms,warning,Dinophysis_norvegica,22,0.66474,0.72327,0.61497,0.72327
ACOLITE,ACOLITE_roms,warning,Dinophysis_norvegica,23,0.68966,0.78276,0.60606,0.8
ACOLITE,ACOLITE_roms,warning,Dinophysis_norvegica,24,0.71955,0.73932,0.67196,0.77439
ACOLITE,ACOLITE_roms,warning,Dinophysis_norvegica,25,0.63818,0.67441,0.59259,0.69136
ACOLITE,ACOLITE_roms,warning,Dinophysis_norvegica,26,0.64478,0.67503,0.61364,0.67925
ACOLITE,ACOLITE_roms,warning,Dinophysis_norvegica,27,0.64045,0.69492,0.60963,0.67456
ACOLITE,ACOLITE_roms,warning,Dinophysis_norvegica,28,0.68908,0.75504,0.63077,0.75926
ACOLITE,ACOLITE_roms,warning,Dinophysis_norvegica,29,0.67857,0.67264,0.66667,0.69091
ACOLITE,ACOLITE_roms,warning,Dinophysis_norvegica,30,0.70845,0.73361,0.65657,0.76923
ACOLITE,ACOLITE_roms,warning,Dinophysis_norvegica,31,0.6875,0.70422,0.67222,0.70349
ACOLITE,ACOLITE_roms,warning,Dinophysis_norvegica,32,0.67062,0.69079,0.68072,0.66082
ACOLITE,ACOLITE_roms,warning,Dinophysis_norvegica,33,0.65882,0.72251,0.61538,0.70886
ACOLITE,ACOLITE_roms,warning,Dinophysis_norvegica,34,0.69613,0.75711,0.63959,0.76364
ACOLITE,ACOLITE_roms,warning,Dinophysis_norvegica,35,0.67742,0.73581,0.62687,0.73684
ACOLITE,ACOLITE_roms,warning,Dinophysis_norvegica,36,0.67049,0.70265,0.63587,0.70909
ACOLITE,ACOLITE_roms,warning,Dinophysis_norvegica,37,0.69714,0.74338,0.67403,0.72189
ACOLITE,ACOLITE_roms,warning,Dinophysis_norvegica,38,0.71429,0.68917,0.68571,0.74534
ACOLITE,ACOLITE_roms,warning,Dinophysis_norvegica,39,0.70787,0.71819,0.67021,0.75
ACOLITE,ACOLITE_roms,warning,Dinophysis_norvegica,40,0.67622,0.69451,0.65556,0.69822
ACOLITE,ACOLITE_roms,warning,Dinophysis_norvegica,41,0.62857,0.66958,0.59459,0.66667
ACOLITE,ACOLITE_roms,warning,Dinophysis_norvegica,42,0.66864,0.72463,0.68072,0.65698
ACOLITE,ACOLITE_roms,warning,Dinophysis_norvegica,43,0.67513,0.70171,0.65517,0.69634
ACOLITE,ACOLITE_roms,warning,Dinophysis_norvegica,44,0.67665,0.7368,0.63842,0.71975
ACOLITE,ACOLITE_roms,warning,Dinophysis_norvegica,45,0.61538,0.63336,0.60241,0.62893
ACOLITE,ACOLITE_roms,warning,Dinophysis_norvegica,46,0.6756,0.70693,0.64615,0.70787
ACOLITE,ACOLITE_roms,warning,Dinophysis_norvegica,47,0.68508,0.71603,0.63918,0.7381
ACOLITE,ACOLITE_roms,warning,Dinophysis_norvegica,48,0.68824,0.73814,0.61579,0.78
ACOLITE,ACOLITE_roms,warning,Dinophysis_norvegica,49,0.71111,0.76073,0.68817,0.73563
ACOLITE,ACOLITE_only,warning,Karenia,0,0.57143,0.66242,0.48148,0.7027
ACOLITE,ACOLITE_only,warning,Karenia,1,0.57732,0.60353,0.50909,0.66667
ACOLITE,ACOLITE_only,warning,Karenia,2,0.69565,0.69195,0.57143,0.88889
ACOLITE,ACOLITE_only,warning,Karenia,3,0.63415,0.646,0.60465,0.66667
ACOLITE,ACOLITE_only,warning,Karenia,4,0.5814,0.63598,0.53191,0.64103
ACOLITE,ACOLITE_only,warning,Karenia,5,0.60674,0.675,0.52941,0.71053
ACOLITE,ACOLITE_only,warning,Karenia,6,0.65714,0.67404,0.58974,0.74194
ACOLITE,ACOLITE_only,warning,Karenia,7,0.62069,0.6451,0.54,0.72973
ACOLITE,ACOLITE_only,warning,Karenia,8,0.58427,0.59453,0.54167,0.63415
ACOLITE,ACOLITE_only,warning,Karenia,9,0.61364,0.67715,0.51923,0.75
ACOLITE,ACOLITE_only,warning,Karenia,10,0.61176,0.57839,0.55319,0.68421
ACOLITE,ACOLITE_only,warning,Karenia,11,0.60241,0.68159,0.5,0.75758
ACOLITE,ACOLITE_only,warning,Karenia,12,0.57143,0.55943,0.52381,0.62857
ACOLITE,ACOLITE_only,warning,Karenia,13,0.64583,0.71836,0.54386,0.79487
ACOLITE,ACOLITE_only,warning,Karenia,14,0.63736,0.70686,0.55769,0.74359
ACOLITE,ACOLITE_only,warning,Karenia,15,0.58974,0.71475,0.60526,0.575
ACOLITE,ACOLITE_only,warning,Karenia,16,0.68085,0.71054,0.60377,0.78049
ACOLITE,ACOLITE_only,warning,Karenia,17,0.6988,0.71582,0.63043,0.78378
ACOLITE,ACOLITE_only,warning,Karenia,18,0.56818,0.68404,0.44643,0.78125
ACOLITE,ACOLITE_only,warning,Karenia,19,0.64,0.58813,0.55814,0.75
ACOLITE,ACOLITE_only,warning,Karenia,20,0.58586,0.70674,0.48333,0.74359
ACOLITE,ACOLITE_only,warning,Karenia,21,0.59794,0.68287,0.56863,0.63043
ACOLITE,ACOLITE_only,warning,Karenia,22,0.56471,0.67167,0.45283,0.75
ACOLITE,ACOLITE_only,warning,Karenia,23,0.66667,0.75159,0.57692,0.78947
ACOLITE,ACOLITE_only,warning,Karenia,24,0.54118,0.59556,0.45098,0.67647
ACOLITE,ACOLITE_only,warning,Karenia,25,0.61905,0.56912,0.59091,0.65
ACOLITE,ACOLITE_only,warning,Karenia,26,0.65934,0.66582,0.61224,0.71429
ACOLITE,ACOLITE_only,warning,Karenia,27,0.63265,0.69384,0.59615,0.67391
ACOLITE,ACOLITE_only,warning,Karenia,28,0.66667,0.61844,0.64444,0.69048
ACOLITE,ACOLITE_only,warning,Karenia,29,0.67327,0.73431,0.64151,0.70833
ACOLITE,ACOLITE_only,warning,Karenia,30,0.66667,0.75981,0.54839,0.85
ACOLITE,ACOLITE_only,warning,Karenia,31,0.58228,0.67202,0.46939,0.76667
ACOLITE,ACOLITE_only,warning,Karenia,32,0.62136,0.69545,0.5,0.82051
ACOLITE,ACOLITE_only,warning,Karenia,33,0.58333,0.66473,0.47458,0.75676
ACOLITE,ACOLITE_only,warning,Karenia,34,0.54321,0.61031,0.43137,0.73333
ACOLITE,ACOLITE_only,warning,Karenia,35,0.64516,0.61957,0.57692,0.73171
ACOLITE,ACOLITE_only,warning,Karenia,36,0.66667,0.72741,0.61017,0.73469
ACOLITE,ACOLITE_only,warning,Karenia,37,0.64,0.71069,0.5614,0.74419
ACOLITE,ACOLITE_only,warning,Karenia,38,0.57143,0.61173,0.47273,0.72222
ACOLITE,ACOLITE_only,warning,Karenia,39,0.72289,0.70549,0.65217,0.81081
ACOLITE,ACOLITE_only,warning,Karenia,40,0.60976,0.68981,0.5102,0.75758
ACOLITE,ACOLITE_only,warning,Karenia,41,0.57143,0.55083,0.51064,0.64865
ACOLITE,ACOLITE_only,warning,Karenia,42,0.53333,0.58868,0.46512,0.625
ACOLITE,ACOLITE_only,warning,Karenia,43,0.69811,0.83479,0.61667,0.80435
ACOLITE,ACOLITE_only,warning,Karenia,44,0.61017,0.69178,0.54545,0.69231
ACOLITE,ACOLITE_only,warning,Karenia,45,0.59574,0.60582,0.49123,0.75676
ACOLITE,ACOLITE_only,warning,Karenia,46,0.55814,0.61991,0.4898,0.64865
ACOLITE,ACOLITE_only,warning,Karenia,47,0.5977,0.64041,0.54167,0.66667
ACOLITE,ACOLITE_only,warning,Karenia,48,0.60674,0.6982,0.5,0.77143
ACOLITE,ACOLITE_only,warning,Karenia,49,0.67391,0.6609,0.62,0.7381
ACOLITE,ACOLITE_roms,warning,Karenia,0,0.41558,0.64882,0.2963,0.69565
ACOLITE,ACOLITE_roms,warning,Karenia,1,0.53488,0.6618,0.41818,0.74194
ACOLITE,ACOLITE_roms,warning,Karenia,2,0.53165,0.76091,0.375,0.91304
ACOLITE,ACOLITE_roms,warning,Karenia,3,0.59155,0.66392,0.48837,0.75
ACOLITE,ACOLITE_roms,warning,Karenia,4,0.50704,0.65982,0.38298,0.75
ACOLITE,ACOLITE_roms,warning,Karenia,5,0.5,0.72395,0.35294,0.85714
ACOLITE,ACOLITE_roms,warning,Karenia,6,0.42105,0.63515,0.30769,0.66667
ACOLITE,ACOLITE_roms,warning,Karenia,7,0.60759,0.62532,0.48,0.82759
ACOLITE,ACOLITE_roms,warning,Karenia,8,0.54545,0.61134,0.4375,0.72414
ACOLITE,ACOLITE_roms,warning,Karenia,9,0.51351,0.74535,0.36538,0.86364
ACOLITE,ACOLITE_roms,warning,Karenia,10,0.47059,0.60162,0.34043,0.7619
ACOLITE,ACOLITE_roms,warning,Karenia,11,0.57534,0.75031,0.42,0.91304
ACOLITE,ACOLITE_roms,warning,Karenia,12,0.6087,0.62776,0.5,0.77778
ACOLITE,ACOLITE_roms,warning,Karenia,13,0.60465,0.76026,0.45614,0.89655
ACOLITE,ACOLITE_roms,warning,Karenia,14,0.58537,0.74414,0.46154,0.8
ACOLITE,ACOLITE_roms,warning,Karenia,15,0.60317,0.73345,0.5,0.76
ACOLITE,ACOLITE_roms,warning,Karenia,16,0.58537,0.73683,0.45283,0.82759
ACOLITE,ACOLITE_roms,warning,Karenia,17,0.63014,0.77023,0.5,0.85185
ACOLITE,ACOLITE_roms,warning,Karenia,18,0.51852,0.68163,0.375,0.84
ACOLITE,ACOLITE_roms,warning,Karenia,19,0.54545,0.61356,0.4186,0.78261
ACOLITE,ACOLITE_roms,warning,Karenia,20,0.40964,0.68202,0.28333,0.73913
ACOLITE,ACOLITE_roms,warning,Karenia,21,0.54762,0.68025,0.45098,0.69697
ACOLITE,ACOLITE_roms,warning,Karenia,22,0.5641,0.73328,0.41509,0.88
ACOLITE,ACOLITE_roms,warning,Karenia,23,0.53333,0.76139,0.38462,0.86957
ACOLITE,ACOLITE_roms,warning,Karenia,24,0.51429,0.6919,0.35294,0.94737
ACOLITE,ACOLITE_roms,warning,Karenia,25,0.52778,0.54264,0.43182,0.67857
ACOLITE,ACOLITE_roms,warning,Karenia,26,0.58974,0.67179,0.46939,0.7931
ACOLITE,ACOLITE_roms,warning,Karenia,27,0.57143,0.76026,0.42308,0.88
ACOLITE,ACOLITE_roms,warning,Karenia,28,0.64789,0.6621,0.51111,0.88462
ACOLITE,ACOLITE_roms,warning,Karenia,29,0.55696,0.75852,0.41509,0.84615
ACOLITE,ACOLITE_roms,warning,Karenia,30,0.56818,0.8172,0.40323,0.96154
ACOLITE,ACOLITE_roms,warning,Karenia,31,0.46377,0.61717,0.32653,0.8
ACOLITE,ACOLITE_roms,warning,Karenia,32,0.48352,0.71014,0.34375,0.81481
ACOLITE,ACOLITE_roms,warning,Karenia,33,0.50602,0.70831,0.35593,0.875
ACOLITE,ACOLITE_roms,warning,Karenia,34,0.4,0.63241,0.27451,0.73684
ACOLITE,ACOLITE_roms,warning,Karenia,35,0.5977,0.67805,0.5,0.74286
ACOLITE,ACOLITE_roms,warning,Karenia,36,0.62366,0.74351,0.49153,0.85294
ACOLITE,ACOLITE_roms,warning,Karenia,37,0.59341,0.70932,0.47368,0.79412
ACOLITE,ACOLITE_roms,warning,Karenia,38,0.45333,0.65956,0.30909,0.85
ACOLITE,ACOLITE_roms,warning,Karenia,39,0.69333,0.79872,0.56522,0.89655
ACOLITE,ACOLITE_roms,warning,Karenia,40,0.55263,0.6889,0.42857,0.77778
ACOLITE,ACOLITE_roms,warning,Karenia,41,0.49315,0.57943,0.38298,0.69231
ACOLITE,ACOLITE_roms,warning,Karenia,42,0.57576,0.71715,0.44186,0.82609
ACOLITE,ACOLITE_roms,warning,Karenia,43,0.59091,0.83955,0.43333,0.92857
ACOLITE,ACOLITE_roms,warning,Karenia,44,0.65306,0.74077,0.48485,1.0
ACOLITE,ACOLITE_roms,warning,Karenia,45,0.4878,0.62435,0.35088,0.8
ACOLITE,ACOLITE_roms,warning,Karenia,46,0.38889,0.62969,0.28571,0.6087
ACOLITE,ACOLITE_roms,warning,Karenia,47,0.56,0.70142,0.4375,0.77778
ACOLITE,ACOLITE_roms,warning,Karenia,48,0.525,0.69132,0.38889,0.80769
ACOLITE,ACOLITE_roms,warning,Karenia,49,0.58667,0.66484,0.44,0.88
ACOLITE,ACOLITE_only,warning,Pseudo-nitzschia,0,0.76989,0.86312,0.79204,0.74895
ACOLITE,ACOLITE_only,warning,Pseudo-nitzschia,1,0.79693,0.88315,0.83534,0.7619
ACOLITE,ACOLITE_only,warning,Pseudo-nitzschia,2,0.80078,0.86582,0.81349,0.78846
ACOLITE,ACOLITE_only,warning,Pseudo-nitzschia,3,0.80842,0.86781,0.82759,0.79012
ACOLITE,ACOLITE_only,warning,Pseudo-nitzschia,4,0.78039,0.85842,0.76245,0.7992
ACOLITE,ACOLITE_only,warning,Pseudo-nitzschia,5,0.7735,0.85463,0.7605,0.78696
ACOLITE,ACOLITE_only,warning,Pseudo-nitzschia,6,0.796,0.87249,0.79283,0.7992
ACOLITE,ACOLITE_only,warning,Pseudo-nitzschia,7,0.7933,0.87964,0.76895,0.81923
ACOLITE,ACOLITE_only,warning,Pseudo-nitzschia,8,0.76735,0.86824,0.78992,0.74603
ACOLITE,ACOLITE_only,warning,Pseudo-nitzschia,9,0.78039,0.8503,0.78039,0.78039
ACOLITE,ACOLITE_only,warning,Pseudo-nitzschia,10,0.80321,0.86208,0.82645,0.78125
ACOLITE,ACOLITE_only,warning,Pseudo-nitzschia,11,0.79848,0.86379,0.81081,0.78652
ACOLITE,ACOLITE_only,warning,Pseudo-nitzschia,12,0.76987,0.83281,0.77966,0.76033
ACOLITE,ACOLITE_only,warning,Pseudo-nitzschia,13,0.8097,0.87171,0.78909,0.83142
ACOLITE,ACOLITE_only,warning,Pseudo-nitzschia,14,0.78447,0.84769,0.77395,0.79528
ACOLITE,ACOLITE_only,warning,Pseudo-nitzschia,15,0.79675,0.87884,0.77165,0.82353
ACOLITE,ACOLITE_only,warning,Pseudo-nitzschia,16,0.8,0.85097,0.82008,0.78088
ACOLITE,ACOLITE_only,warning,Pseudo-nitzschia,17,0.81498,0.88818,0.81498,0.81498
ACOLITE,ACOLITE_only,warning,Pseudo-nitzschia,18,0.7604,0.84997,0.77108,0.75
ACOLITE,ACOLITE_only,warning,Pseudo-nitzschia,19,0.78814,0.87114,0.78481,0.79149
ACOLITE,ACOLITE_only,warning,Pseudo-nitzschia,20,0.7907,0.85847,0.79377,0.78764
ACOLITE,ACOLITE_only,warning,Pseudo-nitzschia,21,0.78528,0.86844,0.80335,0.768
ACOLITE,ACOLITE_only,warning,Pseudo-nitzschia,22,0.79377,0.86936,0.816,0.77273
ACOLITE,ACOLITE_only,warning,Pseudo-nitzschia,23,0.78403,0.87564,0.77698,0.79121
ACOLITE,ACOLITE_only,warning,Pseudo-nitzschia,24,0.75299,0.82686,0.73828,0.76829
ACOLITE,ACOLITE_only,warning,Pseudo-nitzschia,25,0.81648,0.86469,0.83525,0.79853
ACOLITE,ACOLITE_only,warning,Pseudo-nitzschia,26,0.76285,0.83634,0.78776,0.73946
ACOLITE,ACOLITE_only,warning,Pseudo-nitzschia,27,0.79252,0.85515,0.83794,0.75177
ACOLITE,ACOLITE_only,warning,Pseudo-nitzschia,28,0.77132,0.83971,0.78039,0.76245
ACOLITE,ACOLITE_only,warning,Pseudo-nitzschia,29,0.81013,0.86782,0.82403,0.79668
ACOLITE,ACOLITE_only,warning,Pseudo-nitzschia,30,0.79752,0.86125,0.81092,0.78455
ACOLITE,ACOLITE_only,warning,Pseudo-nitzschia,31,0.78296,0.83601,0.79098,0.7751
ACOLITE,ACOLITE_only,warning,Pseudo-nitzschia,32,0.81874,0.86828,0.85532,0.78516
ACOLITE,ACOLITE_only,warning,Pseudo-nitzschia,33,0.76754,0.87166,0.75758,0.77778
ACOLITE,ACOLITE_only,warning,Pseudo-nitzschia,34,0.8,0.88743,0.81818,0.78261
ACOLITE,ACOLITE_only,warning,Pseudo-nitzschia,35,0.79297,0.87197,0.80556,0.78077
ACOLITE,ACOLITE_only,warning,Pseudo-nitzschia,36,0.8024,0.85424,0.83402,0.77308
ACOLITE,ACOLITE_only,warning,Pseudo-nitzschia,37,0.80335,0.86511,0.80335,0.80335
ACOLITE,ACOLITE_only,warning,Pseudo-nitzschia,38,0.80816,0.87312,0.81481,0.80162
ACOLITE,ACOLITE_only,warning,Pseudo-nitzschia,39,0.80545,0.86514,0.828,0.78409
ACOLITE,ACOLITE_only,warning,Pseudo-nitzschia,40,0.78431,0.86473,0.80321,0.76628
ACOLITE,ACOLITE_only,warning,Pseudo-nitzschia,41,0.77823,0.86634,0.80417,0.75391
ACOLITE,ACOLITE_only,warning,Pseudo-nitzschia,42,0.79212,0.8712,0.77682,0.80804
ACOLITE,ACOLITE_only,warning,Pseudo-nitzschia,43,0.79574,0.85967,0.80866,0.78322
ACOLITE,ACOLITE_only,warning,Pseudo-nitzschia,44,0.79358,0.87909,0.83981,0.75217
ACOLITE,ACOLITE_only,warning,Pseudo-nitzschia,45,0.78715,0.85666,0.8,0.7747
ACOLITE,ACOLITE_only,warning,Pseudo-nitzschia,46,0.79231,0.84731,0.81423,0.77154
ACOLITE,ACOLITE_only,warning,Pseudo-nitzschia,47,0.79231,0.84824,0.80469,0.7803
ACOLITE,ACOLITE_only,warning,Pseudo-nitzschia,48,0.80079,0.89401,0.79297,0.80876
ACOLITE,ACOLITE_only,warning,Pseudo-nitzschia,49,0.80827,0.88509,0.82061,0.7963
ACOLITE,ACOLITE_roms,warning,Pseudo-nitzschia,0,0.75949,0.83452,0.79646,0.72581
ACOLITE,ACOLITE_roms,warning,Pseudo-nitzschia,1,0.80597,0.85144,0.86747,0.75261
ACOLITE,ACOLITE_roms,warning,Pseudo-nitzschia,2,0.79541,0.85761,0.8254,0.76753
ACOLITE,ACOLITE_roms,warning,Pseudo-nitzschia,3,0.80408,0.86939,0.84914,0.76357
ACOLITE,ACOLITE_roms,warning,Pseudo-nitzschia,4,0.77009,0.85963,0.78927,0.75182
ACOLITE,ACOLITE_roms,warning,Pseudo-nitzschia,5,0.79253,0.86535,0.80252,0.78279
ACOLITE,ACOLITE_roms,warning,Pseudo-nitzschia,6,0.81008,0.86861,0.83267,0.78868
ACOLITE,ACOLITE_roms,warning,Pseudo-nitzschia,7,0.80927,0.88634,0.81949,0.7993
ACOLITE,ACOLITE_roms,warning,Pseudo-nitzschia,8,0.78557,0.85006,0.82353,0.75096
ACOLITE,ACOLITE_roms,warning,Pseudo-nitzschia,9,0.80224,0.83867,0.84314,0.76512
ACOLITE,ACOLITE_roms,warning,Pseudo-nitzschia,10,0.78125,0.83573,0.82645,0.74074
ACOLITE,ACOLITE_roms,warning,Pseudo-nitzschia,11,0.82463,0.85075,0.85328,0.79783
ACOLITE,ACOLITE_roms,warning,Pseudo-nitzschia,12,0.752,0.83875,0.79661,0.71212
ACOLITE,ACOLITE_roms,warning,Pseudo-nitzschia,13,0.82821,0.87432,0.83273,0.82374
ACOLITE,ACOLITE_roms,warning,Pseudo-nitzschia,14,0.78947,0.83534,0.8046,0.77491
ACOLITE,ACOLITE_roms,warning,Pseudo-nitzschia,15,0.78728,0.85329,0.77953,0.79518
ACOLITE,ACOLITE_roms,warning,Pseudo-nitzschia,16,0.78486,0.83892,0.82427,0.74905
ACOLITE,ACOLITE_roms,warning,Pseudo-nitzschia,17,0.82427,0.87931,0.86784,0.78486
ACOLITE,ACOLITE_roms,warning,Pseudo-nitzschia,18,0.76636,0.82588,0.82329,0.71678
ACOLITE,ACOLITE_roms,warning,Pseudo-nitzschia,19,0.79503,0.8773,0.81013,0.78049
ACOLITE,ACOLITE_roms,warning,Pseudo-nitzschia,20,0.77358,0.83553,0.79767,0.75092
ACOLITE,ACOLITE_roms,warning,Pseudo-nitzschia,21,0.7907,0.84752,0.85356,0.73646
ACOLITE,ACOLITE_roms,warning,Pseudo-nitzschia,22,0.78652,0.86343,0.84,0.73944
ACOLITE,ACOLITE_roms,warning,Pseudo-nitzschia,23,0.79496,0.87907,0.79496,0.79496
ACOLITE,ACOLITE_roms,warning,Pseudo-nitzschia,24,0.7581,0.811,0.77734,0.73978
ACOLITE,ACOLITE_roms,warning,Pseudo-nitzschia,25,0.78417,0.8541,0.83525,0.73898
ACOLITE,ACOLITE_roms,warning,Pseudo-nitzschia,26,0.7619,0.80847,0.81633,0.71429
ACOLITE,ACOLITE_roms,warning,Pseudo-nitzschia,27,0.79044,0.83246,0.8498,0.73883
ACOLITE,ACOLITE_roms,warning,Pseudo-nitzschia,28,0.76099,0.84089,0.78039,0.74254
ACOLITE,ACOLITE_roms,warning,Pseudo-nitzschia,29,0.80833,0.85176,0.83262,0.78543
ACOLITE,ACOLITE_roms,warning,Pseudo-nitzschia,30,0.78629,0.84771,0.81933,0.75581
ACOLITE,ACOLITE_roms,warning,Pseudo-nitzschia,31,0.78682,0.83969,0.83197,0.74632
ACOLITE,ACOLITE_roms,warning,Pseudo-nitzschia,32,0.8024,0.83739,0.85532,0.75564
ACOLITE,ACOLITE_roms,warning,Pseudo-nitzschia,33,0.79744,0.87326,0.80952,0.78571
ACOLITE,ACOLITE_roms,warning,Pseudo-nitzschia,34,0.80657,0.89256,0.83712,0.77817
ACOLITE,ACOLITE_roms,warning,Pseudo-nitzschia,35,0.82129,0.87161,0.85714,0.78832
ACOLITE,ACOLITE_roms,warning,Pseudo-nitzschia,36,0.79457,0.86663,0.85062,0.74545
ACOLITE,ACOLITE_roms,warning,Pseudo-nitzschia,37,0.81557,0.87262,0.83264,0.7992
ACOLITE,ACOLITE_roms,warning,Pseudo-nitzschia,38,0.8016,0.85057,0.82305,0.78125
ACOLITE,ACOLITE_roms,warning,Pseudo-nitzschia,39,0.81905,0.86327,0.86,0.78182
ACOLITE,ACOLITE_roms,warning,Pseudo-nitzschia,40,0.79159,0.86998,0.83133,0.75547
ACOLITE,ACOLITE_roms,warning,Pseudo-nitzschia,41,0.80235,0.84211,0.85417,0.75646
ACOLITE,ACOLITE_roms,warning,Pseudo-nitzschia,42,0.8,0.86657,0.82403,0.77733
ACOLITE,ACOLITE_roms,warning,Pseudo-nitzschia,43,0.7986,0.84658,0.8231,0.77551
ACOLITE,ACOLITE_roms,warning,Pseudo-nitzschia,44,0.79817,0.86563,0.84466,0.75652
ACOLITE,ACOLITE_roms,warning,Pseudo-nitzschia,45,0.79304,0.8611,0.83673,0.75368
ACOLITE,ACOLITE_roms,warning,Pseudo-nitzschia,46,0.78358,0.83505,0.83004,0.74205
ACOLITE,ACOLITE_roms,warning,Pseudo-nitzschia,47,0.78664,0.84056,0.82812,0.74912
ACOLITE,ACOLITE_roms,warning,Pseudo-nitzschia,48,0.81395,0.88423,0.82031,0.80769
ACOLITE,ACOLITE_roms,warning,Pseudo-nitzschia,49,0.80874,0.88442,0.84733,0.77352
Baseline,Baseline_only,warning,Alexandrium_catenella,0,0.68347,0.7689,0.64894,0.72189
Baseline,Baseline_only,warning,Alexandrium_catenella,1,0.75135,0.83415,0.73936,0.76374
Baseline,Baseline_only,warning,Alexandrium_catenella,2,0.74742,0.85986,0.69712,0.80556
Baseline,Baseline_only,warning,Alexandrium_catenella,3,0.73538,0.82363,0.72131,0.75
Baseline,Baseline_only,warning,Alexandrium_catenella,4,0.765,0.83347,0.74272,0.78866
Baseline,Baseline_only,warning,Alexandrium_catenella,5,0.71625,0.80539,0.68421,0.75145
Baseline,Baseline_only,warning,Alexandrium_catenella,6,0.78116,0.85964,0.77049,0.79213
Baseline,Baseline_only,warning,Alexandrium_catenella,7,0.76322,0.8618,0.75455,0.77209
Baseline,Baseline_only,warning,Alexandrium_catenella,8,0.75196,0.85215,0.73469,0.77005
Baseline,Baseline_only,warning,Alexandrium_catenella,9,0.69211,0.81069,0.64762,0.74317
Baseline,Baseline_only,warning,Alexandrium_catenella,10,0.7377,0.83676,0.675,0.81325
Baseline,Baseline_only,warning,Alexandrium_catenella,11,0.72105,0.81643,0.69898,0.74457
Baseline,Baseline_only,warning,Alexandrium_catenella,12,0.71728,0.80608,0.6555,0.79191
Baseline,Baseline_only,warning,Alexandrium_catenella,13,0.74442,0.84816,0.68182,0.81967
Baseline,Baseline_only,warning,Alexandrium_catenella,14,0.71282,0.82174,0.67805,0.75135
Baseline,Baseline_only,warning,Alexandrium_catenella,15,0.72515,0.82949,0.68508,0.77019
Baseline,Baseline_only,warning,Alexandrium_catenella,16,0.70056,0.80802,0.69274,0.70857
Baseline,Baseline_only,warning,Alexandrium_catenella,17,0.77487,0.88,0.72549,0.83146
Baseline,Baseline_only,warning,Alexandrium_catenella,18,0.68649,0.79608,0.65128,0.72571
Baseline,Baseline_only,warning,Alexandrium_catenella,19,0.73314,0.82694,0.70225,0.76687
Baseline,Baseline_only,warning,Alexandrium_catenella,20,0.75312,0.83632,0.74752,0.75879
Baseline,Baseline_only,warning,Alexandrium_catenella,21,0.73629,0.85767,0.6878,0.79213
Baseline,Baseline_only,warning,Alexandrium_catenella,22,0.72629,0.83861,0.67,0.7929
Baseline,Baseline_only,warning,Alexandrium_catenella,23,0.75578,0.82448,0.72414,0.79032
Baseline,Baseline_only,warning,Alexandrium_catenella,24,0.74242,0.80697,0.72772,0.75773
Baseline,Baseline_only,warning,Alexandrium_catenella,25,0.73846,0.85096,0.69231,0.79121
Baseline,Baseline_only,warning,Alexandrium_catenella,26,0.70103,0.83501,0.6385,0.77714
Baseline,Baseline_only,warning,Alexandrium_catenella,27,0.75258,0.82727,0.69524,0.82022
Baseline,Baseline_only,warning,Alexandrium_catenella,28,0.77561,0.87238,0.73611,0.81959
Baseline,Baseline_only,warning,Alexandrium_catenella,29,0.75419,0.84764,0.71809,0.79412
Baseline,Baseline_only,warning,Alexandrium_catenella,30,0.7398,0.83241,0.71782,0.76316
Baseline,Baseline_only,warning,Alexandrium_catenella,31,0.74257,0.81877,0.72816,0.75758
Baseline,Baseline_only,warning,Alexandrium_catenella,32,0.73256,0.82115,0.70787,0.75904
Baseline,Baseline_only,warning,Alexandrium_catenella,33,0.74157,0.82295,0.6911,0.8
Baseline,Baseline_only,warning,Alexandrium_catenella,34,0.74479,0.84319,0.69417,0.80337
Baseline,Baseline_only,warning,Alexandrium_catenella,35,0.76486,0.85382,0.73267,0.8
Baseline,Baseline_only,warning,Alexandrium_catenella,36,0.71884,0.82755,0.63918,0.82119
Baseline,Baseline_only,warning,Alexandrium_catenella,37,0.71781,0.81815,0.655,0.79394
Baseline,Baseline_only,warning,Alexandrium_catenella,38,0.73425,0.85698,0.6943,0.77907
Baseline,Baseline_only,warning,Alexandrium_catenella,39,0.75124,0.83358,0.72596,0.77835
Baseline,Baseline_only,warning,Alexandrium_catenella,40,0.66852,0.78378,0.62176,0.72289
Baseline,Baseline_only,warning,Alexandrium_catenella,41,0.73791,0.85318,0.69048,0.79235
Baseline,Baseline_only,warning,Alexandrium_catenella,42,0.70286,0.80399,0.68715,0.7193
Baseline,Baseline_only,warning,Alexandrium_catenella,43,0.72471,0.83171,0.67249,0.78571
Baseline,Baseline_only,warning,Alexandrium_catenella,44,0.70238,0.81128,0.65193,0.76129
Baseline,Baseline_only,warning,Alexandrium_catenella,45,0.71196,0.83001,0.67526,0.75287
Baseline,Baseline_only,warning,Alexandrium_catenella,46,0.75196,0.83423,0.71642,0.79121
Baseline,Baseline_only,warning,Alexandrium_catenella,47,0.736,0.81512,0.73016,0.74194
Baseline,Baseline_only,warning,Alexandrium_catenella,48,0.71549,0.79973,0.69399,0.73837
Baseline,Baseline_only,warning,Alexandrium_catenella,49,0.75385,0.83733,0.72772,0.78191
Baseline,Baseline_roms,warning,Alexandrium_catenella,0,0.73446,0.79996,0.69149,0.78313
Baseline,Baseline_roms,warning,Alexandrium_catenella,1,0.75275,0.82998,0.72872,0.77841
Baseline,Baseline_roms,warning,Alexandrium_catenella,2,0.7732,0.85762,0.72115,0.83333
Baseline,Baseline_roms,warning,Alexandrium_catenella,3,0.75,0.81748,0.7377,0.76271
Baseline,Baseline_roms,warning,Alexandrium_catenella,4,0.76884,0.84866,0.74272,0.79688
Baseline,Baseline_roms,warning,Alexandrium_catenella,5,0.73596,0.82415,0.68947,0.78916
Baseline,Baseline_roms,warning,Alexandrium_catenella,6,0.76667,0.85198,0.7541,0.77966
Baseline,Baseline_roms,warning,Alexandrium_catenella,7,0.78261,0.85915,0.77727,0.78802
Baseline,Baseline_roms,warning,Alexandrium_catenella,8,0.76517,0.83342,0.7398,0.79235
Baseline,Baseline_roms,warning,Alexandrium_catenella,9,0.71287,0.80929,0.68571,0.74227
Baseline,Baseline_roms,warning,Alexandrium_catenella,10,0.74731,0.82153,0.695,0.80814
Baseline,Baseline_roms,warning,Alexandrium_catenella,11,0.73298,0.84206,0.71429,0.75269
Baseline,Baseline_roms,warning,Alexandrium_catenella,12,0.71875,0.83425,0.66029,0.78857
Baseline,Baseline_roms,warning,Alexandrium_catenella,13,0.74937,0.85587,0.67273,0.84571
Baseline,Baseline_roms,warning,Alexandrium_catenella,14,0.76382,0.83386,0.74146,0.78756
Baseline,Baseline_roms,warning,Alexandrium_catenella,15,0.76791,0.8436,0.74033,0.79762
Baseline,Baseline_roms,warning,Alexandrium_catenella,16,0.73563,0.80785,0.71508,0.7574
Baseline,Baseline_roms,warning,Alexandrium_catenella,17,0.80928,0.88104,0.76961,0.85326
Baseline,Baseline_roms,warning,Alexandrium_catenella,18,0.71123,0.80389,0.68205,0.74302
Baseline,Baseline_roms,warning,Alexandrium_catenella,19,0.7662,0.84157,0.76404,0.76836
Baseline,Baseline_roms,warning,Alexandrium_catenella,20,0.80583,0.87188,0.82178,0.79048
Baseline,Baseline_roms,warning,Alexandrium_catenella,21,0.77949,0.86316,0.74146,0.82162
Baseline,Baseline_roms,warning,Alexandrium_catenella,22,0.76316,0.84435,0.725,0.80556
Baseline,Baseline_roms,warning,Alexandrium_catenella,23,0.74151,0.84092,0.69951,0.78889
Baseline,Baseline_roms,warning,Alexandrium_catenella,24,0.7398,0.8362,0.71782,0.76316
Baseline,Baseline_roms,warning,Alexandrium_catenella,25,0.77863,0.84942,0.73558,0.82703
Baseline,Baseline_roms,warning,Alexandrium_catenella,26,0.76382,0.8555,0.71362,0.82162
Baseline,Baseline_roms,warning,Alexandrium_catenella,27,0.74286,0.82003,0.68095,0.81714
Baseline,Baseline_roms,warning,Alexandrium_catenella,28,0.77307,0.87694,0.71759,0.83784
Baseline,Baseline_roms,warning,Alexandrium_catenella,29,0.74857,0.84537,0.69681,0.80864
Baseline,Baseline_roms,warning,Alexandrium_catenella,30,0.75377,0.84406,0.74257,0.76531
Baseline,Baseline_roms,warning,Alexandrium_catenella,31,0.7619,0.84362,0.73786,0.78756
Baseline,Baseline_roms,warning,Alexandrium_catenella,32,0.73837,0.81925,0.71348,0.76506
Baseline,Baseline_roms,warning,Alexandrium_catenella,33,0.74074,0.81983,0.68063,0.8125
Baseline,Baseline_roms,warning,Alexandrium_catenella,34,0.77975,0.84515,0.74757,0.81481
Baseline,Baseline_roms,warning,Alexandrium_catenella,35,0.77121,0.87115,0.74257,0.80214
Baseline,Baseline_roms,warning,Alexandrium_catenella,36,0.72222,0.81916,0.6701,0.78313
Baseline,Baseline_roms,warning,Alexandrium_catenella,37,0.74457,0.81148,0.685,0.81548
Baseline,Baseline_roms,warning,Alexandrium_catenella,38,0.77957,0.85519,0.7513,0.81006
Baseline,Baseline_roms,warning,Alexandrium_catenella,39,0.77273,0.84368,0.73558,0.81383
Baseline,Baseline_roms,warning,Alexandrium_catenella,40,0.70685,0.79068,0.66839,0.75
Baseline,Baseline_roms,warning,Alexandrium_catenella,41,0.76119,0.85075,0.72857,0.79688
Baseline,Baseline_roms,warning,Alexandrium_catenella,42,0.74788,0.80352,0.73743,0.75862
Baseline,Baseline_roms,warning,Alexandrium_catenella,43,0.76077,0.83511,0.69432,0.84127
Baseline,Baseline_roms,warning,Alexandrium_catenella,44,0.75595,0.828,0.70166,0.81935
Baseline,Baseline_roms,warning,Alexandrium_catenella,45,0.71585,0.83292,0.67526,0.76163
Baseline,Baseline_roms,warning,Alexandrium_catenella,46,0.77863,0.83573,0.76119,0.79688
Baseline,Baseline_roms,warning,Alexandrium_catenella,47,0.74805,0.81902,0.7619,0.73469
Baseline,Baseline_roms,warning,Alexandrium_catenella,48,0.75482,0.82601,0.74863,0.76111
Baseline,Baseline_roms,warning,Alexandrium_catenella,49,0.77807,0.86057,0.73762,0.8232
Baseline,Baseline_only,warning,Dinophysis_acuminata,0,0.862,0.93577,0.86038,0.86364
Baseline,Baseline_only,warning,Dinophysis_acuminata,1,0.86736,0.95475,0.84278,0.89341
Baseline,Baseline_only,warning,Dinophysis_acuminata,2,0.87356,0.94085,0.86692,0.88031
Baseline,Baseline_only,warning,Dinophysis_acuminata,3,0.86584,0.94932,0.88008,0.85206
Baseline,Baseline_only,warning,Dinophysis_acuminata,4,0.87609,0.94105,0.87304,0.87916
Baseline,Baseline_only,warning,Dinophysis_acuminata,5,0.86013,0.94701,0.84486,0.87597
Baseline,Baseline_only,warning,Dinophysis_acuminata,6,0.86245,0.93725,0.87054,0.85451
Baseline,Baseline_only,warning,Dinophysis_acuminata,7,0.88734,0.95474,0.88502,0.88967
Baseline,Baseline_only,warning,Dinophysis_acuminata,8,0.86076,0.9258,0.8702,0.85152
Baseline,Baseline_only,warning,Dinophysis_acuminata,9,0.88458,0.94601,0.87762,0.89165
Baseline,Baseline_only,warning,Dinophysis_acuminata,10,0.88188,0.95414,0.87166,0.89234
Baseline,Baseline_only,warning,Dinophysis_acuminata,11,0.86101,0.93402,0.85484,0.86727
Baseline,Baseline_only,warning,Dinophysis_acuminata,12,0.87386,0.93544,0.87386,0.87386
Baseline,Baseline_only,warning,Dinophysis_acuminata,13,0.89336,0.95236,0.88256,0.90442
Baseline,Baseline_only,warning,Dinophysis_acuminata,14,0.84608,0.93444,0.82746,0.86556
Baseline,Baseline_only,warning,Dinophysis_acuminata,15,0.85529,0.94067,0.85688,0.8537
Baseline,Baseline_only,warning,Dinophysis_acuminata,16,0.85066,0.93687,0.84428,0.85714
Baseline,Baseline_only,warning,Dinophysis_acuminata,17,0.87732,0.94879,0.86924,0.88555
Baseline,Baseline_only,warning,Dinophysis_acuminata,18,0.86526,0.92603,0.87407,0.85662
Baseline,Baseline_only,warning,Dinophysis_acuminata,19,0.86778,0.94725,0.86137,0.8743
Baseline,Baseline_only,warning,Dinophysis_acuminata,20,0.87488,0.94282,0.87736,0.87242
Baseline,Baseline_only,warning,Dinophysis_acuminata,21,0.88164,0.94835,0.87431,0.8891
Baseline,Baseline_only,warning,Dinophysis_acuminata,22,0.87409,0.94767,0.85689,0.89199
Baseline,Baseline_only,warning,Dinophysis_acuminata,23,0.85971,0.94519,0.87226,0.84752
Baseline,Baseline_only,warning,Dinophysis_acuminata,24,0.85944,0.92958,0.84507,0.87432
Baseline,Baseline_only,warning,Dinophysis_acuminata,25,0.88132,0.94734,0.87729,0.8854
Baseline,Baseline_only,warning,Dinophysis_acuminata,26,0.86879,0.94322,0.86116,0.87657
Baseline,Baseline_only,warning,Dinophysis_acuminata,27,0.85557,0.94456,0.85009,0.86111
Baseline,Baseline_only,warning,Dinophysis_acuminata,28,0.89346,0.94513,0.88163,0.90563
Baseline,Baseline_only,warning,Dinophysis_acuminata,29,0.8716,0.95708,0.84545,0.89942
Baseline,Baseline_only,warning,Dinophysis_acuminata,30,0.85014,0.91037,0.85255,0.84774
Baseline,Baseline_only,warning,Dinophysis_acuminata,31,0.86404,0.9542,0.85943,0.86871
Baseline,Baseline_only,warning,Dinophysis_acuminata,32,0.85633,0.94374,0.85227,0.86042
Baseline,Baseline_only,warning,Dinophysis_acuminata,33,0.87252,0.94016,0.86842,0.87666
Baseline,Baseline_only,warning,Dinophysis_acuminata,34,0.87106,0.94553,0.8625,0.87978
Baseline,Baseline_only,warning,Dinophysis_acuminata,35,0.87589,0.94751,0.87589,0.87589
Baseline,Baseline_only,warning,Dinophysis_acuminata,36,0.87488,0.9522,0.85045,0.90076
Baseline,Baseline_only,warning,Dinophysis_acuminata,37,0.86506,0.93755,0.84022,0.89143
Baseline,Baseline_only,warning,Dinophysis_acuminata,38,0.87782,0.93256,0.8828,0.8729
Baseline,Baseline_only,warning,Dinophysis_acuminata,39,0.86422,0.95441,0.85326,0.87546
Baseline,Baseline_only,warning,Dinophysis_acuminata,40,0.87631,0.95596,0.86575,0.88713
Baseline,Baseline_only,warning,Dinophysis_acuminata,41,0.87106,0.94551,0.87978,0.8625
Baseline,Baseline_only,warning,Dinophysis_acuminata,42,0.87777,0.95183,0.86692,0.88889
Baseline,Baseline_only,warning,Dinophysis_acuminata,43,0.86603,0.94779,0.85788,0.87435
Baseline,Baseline_only,warning,Dinophysis_acuminata,44,0.85181,0.93051,0.8527,0.85093
Baseline,Baseline_only,warning,Dinophysis_acuminata,45,0.85424,0.92407,0.85424,0.85424
Baseline,Baseline_only,warning,Dinophysis_acuminata,46,0.87818,0.94772,0.875,0.88139
Baseline,Baseline_only,warning,Dinophysis_acuminata,47,0.8636,0.93491,0.86282,0.86438
Baseline,Baseline_only,warning,Dinophysis_acuminata,48,0.87736,0.95179,0.86271,0.89251
Baseline,Baseline_only,warning,Dinophysis_acuminata,49,0.86837,0.95377,0.86837,0.86837
Baseline,Baseline_roms,warning,Dinophysis_acuminata,0,0.85688,0.93182,0.87547,0.83906
Baseline,Baseline_roms,warning,Dinophysis_acuminata,1,0.87118,0.95547,0.85923,0.88346
Baseline,Baseline_roms,warning,Dinophysis_acuminata,2,0.88553,0.94573,0.88973,0.88136
Baseline,Baseline_roms,warning,Dinophysis_acuminata,3,0.87039,0.94406,0.88975,0.85185
Baseline,Baseline_roms,warning,Dinophysis_acuminata,4,0.87424,0.94278,0.87652,0.87197
Baseline,Baseline_roms,warning,Dinophysis_acuminata,5,0.8666,0.94131,0.85607,0.87739
Baseline,Baseline_roms,warning,Dinophysis_acuminata,6,0.86057,0.94261,0.8743,0.84727
Baseline,Baseline_roms,warning,Dinophysis_acuminata,7,0.88946,0.95156,0.89721,0.88185
Baseline,Baseline_roms,warning,Dinophysis_acuminata,8,0.86323,0.91716,0.88848,0.83938
Baseline,Baseline_roms,warning,Dinophysis_acuminata,9,0.88405,0.95184,0.88636,0.88174
Baseline,Baseline_roms,warning,Dinophysis_acuminata,10,0.87943,0.9497,0.88414,0.87478
Baseline,Baseline_roms,warning,Dinophysis_acuminata,11,0.86225,0.93477,0.8638,0.86071
Baseline,Baseline_roms,warning,Dinophysis_acuminata,12,0.87342,0.93959,0.883,0.86404
Baseline,Baseline_roms,warning,Dinophysis_acuminata,13,0.89679,0.95688,0.89292,0.9007
Baseline,Baseline_roms,warning,Dinophysis_acuminata,14,0.84164,0.93283,0.83275,0.85072
Baseline,Baseline_roms,warning,Dinophysis_acuminata,15,0.85428,0.93637,0.87175,0.8375
Baseline,Baseline_roms,warning,Dinophysis_acuminata,16,0.86038,0.94141,0.85553,0.86528
Baseline,Baseline_roms,warning,Dinophysis_acuminata,17,0.88132,0.94787,0.88214,0.88051
Baseline,Baseline_roms,warning,Dinophysis_acuminata,18,0.86649,0.92652,0.88333,0.85027
Baseline,Baseline_roms,warning,Dinophysis_acuminata,19,0.87067,0.94633,0.88355,0.85817
Baseline,Baseline_roms,warning,Dinophysis_acuminata,20,0.87037,0.9453,0.88679,0.85455
Baseline,Baseline_roms,warning,Dinophysis_acuminata,21,0.87375,0.94326,0.88909,0.85893
Baseline,Baseline_roms,warning,Dinophysis_acuminata,22,0.87568,0.94342,0.86941,0.88203
Baseline,Baseline_roms,warning,Dinophysis_acuminata,23,0.86554,0.94316,0.88686,0.84522
Baseline,Baseline_roms,warning,Dinophysis_acuminata,24,0.86368,0.93536,0.86444,0.86292
Baseline,Baseline_roms,warning,Dinophysis_acuminata,25,0.88368,0.94134,0.89744,0.87034
Baseline,Baseline_roms,warning,Dinophysis_acuminata,26,0.86995,0.94479,0.86995,0.86995
Baseline,Baseline_roms,warning,Dinophysis_acuminata,27,0.85714,0.9439,0.86654,0.84794
Baseline,Baseline_roms,warning,Dinophysis_acuminata,28,0.89184,0.94755,0.88869,0.89502
Baseline,Baseline_roms,warning,Dinophysis_acuminata,29,0.87706,0.95361,0.86909,0.88519
Baseline,Baseline_roms,warning,Dinophysis_acuminata,30,0.8463,0.90607,0.86389,0.8294
Baseline,Baseline_roms,warning,Dinophysis_acuminata,31,0.86856,0.95483,0.87011,0.86702
Baseline,Baseline_roms,warning,Dinophysis_acuminata,32,0.85261,0.94285,0.86553,0.84007
Baseline,Baseline_roms,warning,Dinophysis_acuminata,33,0.87348,0.94312,0.87594,0.87103
Baseline,Baseline_roms,warning,Dinophysis_acuminata,34,0.87735,0.95073,0.875,0.87971
Baseline,Baseline_roms,warning,Dinophysis_acuminata,35,0.88127,0.94275,0.8883,0.87435
Baseline,Baseline_roms,warning,Dinophysis_acuminata,36,0.86988,0.95332,0.86126,0.87868
Baseline,Baseline_roms,warning,Dinophysis_acuminata,37,0.86673,0.93939,0.85817,0.87546
Baseline,Baseline_roms,warning,Dinophysis_acuminata,38,0.87605,0.94087,0.88847,0.86397
Baseline,Baseline_roms,warning,Dinophysis_acuminata,39,0.86521,0.95454,0.86051,0.86996
Baseline,Baseline_roms,warning,Dinophysis_acuminata,40,0.88831,0.95513,0.88296,0.89373
Baseline,Baseline_roms,warning,Dinophysis_acuminata,41,0.86708,0.9459,0.88525,0.84965
Baseline,Baseline_roms,warning,Dinophysis_acuminata,42,0.87916,0.9548,0.87833,0.88
Baseline,Baseline_roms,warning,Dinophysis_acuminata,43,0.86986,0.94063,0.86986,0.86986
Baseline,Baseline_roms,warning,Dinophysis_acuminata,44,0.84934,0.92382,0.87137,0.8284
Baseline,Baseline_roms,warning,Dinophysis_acuminata,45,0.84832,0.9258,0.86162,0.83542
Baseline,Baseline_roms,warning,Dinophysis_acuminata,46,0.8853,0.94479,0.89493,0.87589
Baseline,Baseline_roms,warning,Dinophysis_acuminata,47,0.85765,0.93073,0.87004,0.84561
Baseline,Baseline_roms,warning,Dinophysis_acuminata,48,0.88142,0.95043,0.8757,0.88722
Baseline,Baseline_roms,warning,Dinophysis_acuminata,49,0.86996,0.95212,0.88665,0.85387
Baseline,Baseline_only,warning,Dinophysis_norvegica,0,0.65663,0.71289,0.59563,0.73154
Baseline,Baseline_only,warning,Dinophysis_norvegica,1,0.67456,0.72024,0.63333,0.72152
Baseline,Baseline_only,warning,Dinophysis_norvegica,2,0.69041,0.77406,0.63317,0.75904
Baseline,Baseline_only,warning,Dinophysis_norvegica,3,0.67674,0.7667,0.63636,0.72258
Baseline,Baseline_only,warning,Dinophysis_norvegica,4,0.66125,0.7563,0.60099,0.73494
Baseline,Baseline_only,warning,Dinophysis_norvegica,5,0.65269,0.72656,0.60221,0.71242
Baseline,Baseline_only,warning,Dinophysis_norvegica,6,0.65385,0.71646,0.62304,0.68786
Baseline,Baseline_only,warning,Dinophysis_norvegica,7,0.68367,0.76276,0.65049,0.72043
Baseline,Baseline_only,warning,Dinophysis_norvegica,8,0.67989,0.76422,0.62176,0.75
Baseline,Baseline_only,warning,Dinophysis_norvegica,9,0.69149,0.75438,0.63725,0.75581
Baseline,Baseline_only,warning,Dinophysis_norvegica,10,0.66282,0.73118,0.6117,0.72327
Baseline,Baseline_only,warning,Dinophysis_norvegica,11,0.64045,0.69909,0.62637,0.65517
Baseline,Baseline_only,warning,Dinophysis_norvegica,12,0.65854,0.73829,0.59669,0.73469
Baseline,Baseline_only,warning,Dinophysis_norvegica,13,0.65041,0.69201,0.59113,0.72289
Baseline,Baseline_only,warning,Dinophysis_norvegica,14,0.65341,0.76224,0.59896,0.71875
Baseline,Baseline_only,warning,Dinophysis_norvegica,15,0.59683,0.6682,0.55294,0.64828
Baseline,Baseline_only,warning,Dinophysis_norvegica,16,0.64815,0.71315,0.625,0.67308
Baseline,Baseline_only,warning,Dinophysis_norvegica,17,0.68085,0.77242,0.60541,0.77778
Baseline,Baseline_only,warning,Dinophysis_norvegica,18,0.64151,0.72393,0.60101,0.68786
Baseline,Baseline_only,warning,Dinophysis_norvegica,19,0.67241,0.7182,0.64286,0.70482
Baseline,Baseline_only,warning,Dinophysis_norvegica,20,0.66477,0.70902,0.63934,0.69231
Baseline,Baseline_only,warning,Dinophysis_norvegica,21,0.65352,0.74101,0.59794,0.7205
Baseline,Baseline_only,warning,Dinophysis_norvegica,22,0.63529,0.72637,0.57754,0.70588
Baseline,Baseline_only,warning,Dinophysis_norvegica,23,0.67052,0.75577,0.58586,0.78378
Baseline,Baseline_only,warning,Dinophysis_norvegica,24,0.61808,0.68726,0.56085,0.68831
Baseline,Baseline_only,warning,Dinophysis_norvegica,25,0.60588,0.69478,0.54497,0.68212
Baseline,Baseline_only,warning,Dinophysis_norvegica,26,0.61818,0.66798,0.57955,0.66234
Baseline,Baseline_only,warning,Dinophysis_norvegica,27,0.65143,0.71721,0.60963,0.69939
Baseline,Baseline_only,warning,Dinophysis_norvegica,28,0.68698,0.75785,0.6359,0.74699
Baseline,Baseline_only,warning,Dinophysis_norvegica,29,0.63158,0.68478,0.59649,0.67105
Baseline,Baseline_only,warning,Dinophysis_norvegica,30,0.67978,0.75801,0.61111,0.76582
Baseline,Baseline_only,warning,Dinophysis_norvegica,31,0.67246,0.74142,0.64444,0.70303
Baseline,Baseline_only,warning,Dinophysis_norvegica,32,0.62614,0.65497,0.62048,0.6319
Baseline,Baseline_only,warning,Dinophysis_norvegica,33,0.65903,0.75074,0.63187,0.68862
Baseline,Baseline_only,warning,Dinophysis_norvegica,34,0.70423,0.7838,0.63452,0.79114
Baseline,Baseline_only,warning,Dinophysis_norvegica,35,0.65041,0.70954,0.59701,0.71429
Baseline,Baseline_only,warning,Dinophysis_norvegica,36,0.67836,0.70595,0.63043,0.73418
Baseline,Baseline_only,warning,Dinophysis_norvegica,37,0.69741,0.73977,0.66851,0.72892
Baseline,Baseline_only,warning,Dinophysis_norvegica,38,0.65497,0.71142,0.64,0.67066
Baseline,Baseline_only,warning,Dinophysis_norvegica,39,0.67036,0.72096,0.64362,0.69942
Baseline,Baseline_only,warning,Dinophysis_norvegica,40,0.65882,0.70708,0.62222,0.7
Baseline,Baseline_only,warning,Dinophysis_norvegica,41,0.58065,0.70175,0.53514,0.63462
Baseline,Baseline_only,warning,Dinophysis_norvegica,42,0.65089,0.69522,0.66265,0.63953
Baseline,Baseline_only,warning,Dinophysis_norvegica,43,0.6481,0.71432,0.63054,0.66667
Baseline,Baseline_only,warning,Dinophysis_norvegica,44,0.6422,0.73192,0.59322,0.7
Baseline,Baseline_only,warning,Dinophysis_norvegica,45,0.59006,0.67813,0.57229,0.60897
Baseline,Baseline_only,warning,Dinophysis_norvegica,46,0.63277,0.70699,0.57436,0.7044
Baseline,Baseline_only,warning,Dinophysis_norvegica,47,0.69377,0.74697,0.65979,0.73143
Baseline,Baseline_only,warning,Dinophysis_norvegica,48,0.67062,0.75702,0.59474,0.76871
Baseline,Baseline_only,warning,Dinophysis_norvegica,49,0.68376,0.74009,0.64516,0.72727
Baseline,Baseline_roms,warning,Dinophysis_norvegica,0,0.67262,0.70567,0.61749,0.73856
Baseline,Baseline_roms,warning,Dinophysis_norvegica,1,0.67257,0.71833,0.63333,0.71698
Baseline,Baseline_roms,warning,Dinophysis_norvegica,2,0.70845,0.74094,0.65327,0.77381
Baseline,Baseline_roms,warning,Dinophysis_norvegica,3,0.7003,0.77822,0.67045,0.73292
Baseline,Baseline_roms,warning,Dinophysis_norvegica,4,0.6631,0.74382,0.61084,0.72515
Baseline,Baseline_roms,warning,Dinophysis_norvegica,5,0.6506,0.71365,0.59669,0.71523
Baseline,Baseline_roms,warning,Dinophysis_norvegica,6,0.65903,0.71619,0.60209,0.72785
Baseline,Baseline_roms,warning,Dinophysis_norvegica,7,0.68542,0.75993,0.65049,0.72432
Baseline,Baseline_roms,warning,Dinophysis_norvegica,8,0.6573,0.74207,0.60622,0.71779
Baseline,Baseline_roms,warning,Dinophysis_norvegica,9,0.67539,0.75344,0.63235,0.72472
Baseline,Baseline_roms,warning,Dinophysis_norvegica,10,0.67232,0.70803,0.63298,0.71687
Baseline,Baseline_roms,warning,Dinophysis_norvegica,11,0.65306,0.69755,0.61538,0.69565
Baseline,Baseline_roms,warning,Dinophysis_norvegica,12,0.67879,0.72518,0.61878,0.75168
Baseline,Baseline_roms,warning,Dinophysis_norvegica,13,0.70241,0.69363,0.64532,0.77059
Baseline,Baseline_roms,warning,Dinophysis_norvegica,14,0.65537,0.75656,0.60417,0.71605
Baseline,Baseline_roms,warning,Dinophysis_norvegica,15,0.67516,0.70899,0.62353,0.73611
Baseline,Baseline_roms,warning,Dinophysis_norvegica,16,0.65015,0.70982,0.625,0.67742
Baseline,Baseline_roms,warning,Dinophysis_norvegica,17,0.70588,0.79661,0.61622,0.82609
Baseline,Baseline_roms,warning,Dinophysis_norvegica,18,0.66667,0.72488,0.61616,0.72619
Baseline,Baseline_roms,warning,Dinophysis_norvegica,19,0.66061,0.71493,0.5989,0.73649
Baseline,Baseline_roms,warning,Dinophysis_norvegica,20,0.65714,0.71469,0.62842,0.68862
Baseline,Baseline_roms,warning,Dinophysis_norvegica,21,0.67042,0.73669,0.6134,0.73913
Baseline,Baseline_roms,warning,Dinophysis_norvegica,22,0.63501,0.70078,0.57219,0.71333
Baseline,Baseline_roms,warning,Dinophysis_norvegica,23,0.66279,0.74631,0.57576,0.78082
Baseline,Baseline_roms,warning,Dinophysis_norvegica,24,0.63068,0.6706,0.5873,0.68098
Baseline,Baseline_roms,warning,Dinophysis_norvegica,25,0.63557,0.68198,0.57672,0.70779
Baseline,Baseline_roms,warning,Dinophysis_norvegica,26,0.60606,0.6587,0.56818,0.64935
Baseline,Baseline_roms,warning,Dinophysis_norvegica,27,0.64407,0.70305,0.60963,0.68263
Baseline,Baseline_roms,warning,Dinophysis_norvegica,28,0.6875,0.75281,0.62051,0.7707
Baseline,Baseline_roms,warning,Dinophysis_norvegica,29,0.62539,0.66559,0.59064,0.66447
Baseline,Baseline_roms,warning,Dinophysis_norvegica,30,0.69169,0.72902,0.65152,0.73714
Baseline,Baseline_roms,warning,Dinophysis_norvegica,31,0.65116,0.69814,0.62222,0.68293
Baseline,Baseline_roms,warning,Dinophysis_norvegica,32,0.60947,0.65819,0.62048,0.59884
Baseline,Baseline_roms,warning,Dinophysis_norvegica,33,0.66472,0.74513,0.62637,0.70807
Baseline,Baseline_roms,warning,Dinophysis_norvegica,34,0.7036,0.78064,0.64467,0.77439
Baseline,Baseline_roms,warning,Dinophysis_norvegica,35,0.66849,0.73501,0.60697,0.7439
Baseline,Baseline_roms,warning,Dinophysis_norvegica,36,0.63501,0.69509,0.58152,0.69935
Baseline,Baseline_roms,warning,Dinophysis_norvegica,37,0.71751,0.7328,0.70166,0.7341
Baseline,Baseline_roms,warning,Dinophysis_norvegica,38,0.66867,0.68179,0.63429,0.70701
Baseline,Baseline_roms,warning,Dinophysis_norvegica,39,0.69832,0.71496,0.66489,0.73529
Baseline,Baseline_roms,warning,Dinophysis_norvegica,40,0.64458,0.71047,0.59444,0.70395
Baseline,Baseline_roms,warning,Dinophysis_norvegica,41,0.63456,0.69378,0.60541,0.66667
Baseline,Baseline_roms,warning,Dinophysis_norvegica,42,0.65015,0.70196,0.63253,0.66879
Baseline,Baseline_roms,warning,Dinophysis_norvegica,43,0.67513,0.7266,0.65517,0.69634
Baseline,Baseline_roms,warning,Dinophysis_norvegica,44,0.66038,0.72156,0.59322,0.74468
Baseline,Baseline_roms,warning,Dinophysis_norvegica,45,0.5919,0.63594,0.57229,0.6129
Baseline,Baseline_roms,warning,Dinophysis_norvegica,46,0.65775,0.69207,0.63077,0.68715
Baseline,Baseline_roms,warning,Dinophysis_norvegica,47,0.68347,0.7363,0.62887,0.74847
Baseline,Baseline_roms,warning,Dinophysis_norvegica,48,0.68249,0.7394,0.60526,0.78231
Baseline,Baseline_roms,warning,Dinophysis_norvegica,49,0.67416,0.74224,0.64516,0.70588
Baseline,Baseline_only,warning,Karenia,0,0.63043,0.71175,0.53704,0.76316
Baseline,Baseline_only,warning,Karenia,1,0.51064,0.62921,0.43636,0.61538
Baseline,Baseline_only,warning,Karenia,2,0.63736,0.71988,0.51786,0.82857
Baseline,Baseline_only,warning,Karenia,3,0.62651,0.70167,0.60465,0.65
Baseline,Baseline_only,warning,Karenia,4,0.60241,0.61095,0.53191,0.69444
Baseline,Baseline_only,warning,Karenia,5,0.60465,0.69847,0.5098,0.74286
Baseline,Baseline_only,warning,Karenia,6,0.62857,0.67556,0.5641,0.70968
Baseline,Baseline_only,warning,Karenia,7,0.58427,0.63068,0.52,0.66667
Baseline,Baseline_only,warning,Karenia,8,0.58537,0.57978,0.5,0.70588
Baseline,Baseline_only,warning,Karenia,9,0.71579,0.73322,0.65385,0.7907
Baseline,Baseline_only,warning,Karenia,10,0.56471,0.60741,0.51064,0.63158
Baseline,Baseline_only,warning,Karenia,11,0.58537,0.649,0.48,0.75
Baseline,Baseline_only,warning,Karenia,12,0.58824,0.60474,0.59524,0.5814
Baseline,Baseline_only,warning,Karenia,13,0.66667,0.76426,0.57895,0.78571
Baseline,Baseline_only,warning,Karenia,14,0.52874,0.67787,0.44231,0.65714
Baseline,Baseline_only,warning,Karenia,15,0.65714,0.75038,0.60526,0.71875
Baseline,Baseline_only,warning,Karenia,16,0.68817,0.7208,0.60377,0.8
Baseline,Baseline_only,warning,Karenia,17,0.70886,0.7251,0.6087,0.84848
Baseline,Baseline_only,warning,Karenia,18,0.66667,0.67505,0.60714,0.73913
Baseline,Baseline_only,warning,Karenia,19,0.63291,0.64974,0.5814,0.69444
Baseline,Baseline_only,warning,Karenia,20,0.54167,0.65841,0.43333,0.72222
Baseline,Baseline_only,warning,Karenia,21,0.56522,0.64724,0.5098,0.63415
Baseline,Baseline_only,warning,Karenia,22,0.66667,0.71385,0.56604,0.81081
Baseline,Baseline_only,warning,Karenia,23,0.65169,0.7168,0.55769,0.78378
Baseline,Baseline_only,warning,Karenia,24,0.62366,0.62612,0.56863,0.69048
Baseline,Baseline_only,warning,Karenia,25,0.52632,0.60098,0.45455,0.625
Baseline,Baseline_only,warning,Karenia,26,0.62069,0.6777,0.55102,0.71053
Baseline,Baseline_only,warning,Karenia,27,0.63636,0.68708,0.53846,0.77778
Baseline,Baseline_only,warning,Karenia,28,0.77273,0.83618,0.75556,0.7907
Baseline,Baseline_only,warning,Karenia,29,0.62626,0.68002,0.58491,0.67391
Baseline,Baseline_only,warning,Karenia,30,0.62136,0.75733,0.51613,0.78049
Baseline,Baseline_only,warning,Karenia,31,0.59459,0.67718,0.44898,0.88
Baseline,Baseline_only,warning,Karenia,32,0.55769,0.65726,0.45312,0.725
Baseline,Baseline_only,warning,Karenia,33,0.55914,0.65897,0.44068,0.76471
Baseline,Baseline_only,warning,Karenia,34,0.54545,0.5824,0.47059,0.64865
Baseline,Baseline_only,warning,Karenia,35,0.60674,0.70091,0.51923,0.72973
Baseline,Baseline_only,warning,Karenia,36,0.62626,0.70382,0.52542,0.775
Baseline,Baseline_only,warning,Karenia,37,0.73394,0.7669,0.70175,0.76923
Baseline,Baseline_only,warning,Karenia,38,0.55102,0.6424,0.49091,0.62791
Baseline,Baseline_only,warning,Karenia,39,0.63291,0.78962,0.54348,0.75758
Baseline,Baseline_only,warning,Karenia,40,0.6506,0.7407,0.55102,0.79412
Baseline,Baseline_only,warning,Karenia,41,0.59524,0.63534,0.53191,0.67568
Baseline,Baseline_only,warning,Karenia,42,0.60759,0.64513,0.55814,0.66667
Baseline,Baseline_only,warning,Karenia,43,0.73077,0.80323,0.63333,0.86364
Baseline,Baseline_only,warning,Karenia,44,0.47059,0.60875,0.36364,0.66667
Baseline,Baseline_only,warning,Karenia,45,0.57447,0.63016,0.47368,0.72973
Baseline,Baseline_only,warning,Karenia,46,0.51852,0.57436,0.42857,0.65625
Baseline,Baseline_only,warning,Karenia,47,0.63636,0.71092,0.58333,0.7
Baseline,Baseline_only,warning,Karenia,48,0.65116,0.70707,0.51852,0.875
Baseline,Baseline_only,warning,Karenia,49,0.60674,0.65709,0.54,0.69231
Baseline,Baseline_roms,warning,Karenia,0,0.34783,0.67348,0.22222,0.8
Baseline,Baseline_roms,warning,Karenia,1,0.41558,0.59801,0.29091,0.72727
Baseline,Baseline_roms,warning,Karenia,2,0.51948,0.70315,0.35714,0.95238
Baseline,Baseline_roms,warning,Karenia,3,0.57534,0.67158,0.48837,0.7
Baseline,Baseline_roms,warning,Karenia,4,0.46154,0.67071,0.31915,0.83333
Baseline,Baseline_roms,warning,Karenia,5,0.4,0.68414,0.2549,0.92857
Baseline,Baseline_roms,warning,Karenia,6,0.41509,0.64705,0.28205,0.78571
Baseline,Baseline_roms,warning,Karenia,7,0.45946,0.63901,0.34,0.70833
Baseline,Baseline_roms,warning,Karenia,8,0.5,0.5887,0.35417,0.85
Baseline,Baseline_roms,warning,Karenia,9,0.44444,0.71326,0.30769,0.8
Baseline,Baseline_roms,warning,Karenia,10,0.40625,0.63081,0.2766,0.76471
Baseline,Baseline_roms,warning,Karenia,11,0.50704,0.64881,0.36,0.85714
Baseline,Baseline_roms,warning,Karenia,12,0.52308,0.58375,0.40476,0.73913
Baseline,Baseline_roms,warning,Karenia,13,0.54321,0.76243,0.38596,0.91667
Baseline,Baseline_roms,warning,Karenia,14,0.48718,0.6327,0.36538,0.73077
Baseline,Baseline_roms,warning,Karenia,15,0.63492,0.701,0.52632,0.8
Baseline,Baseline_roms,warning,Karenia,16,0.5679,0.6809,0.43396,0.82143
Baseline,Baseline_roms,warning,Karenia,17,0.55882,0.69166,0.41304,0.86364
Baseline,Baseline_roms,warning,Karenia,18,0.46753,0.70769,0.32143,0.85714
Baseline,Baseline_roms,warning,Karenia,19,0.4,0.66586,0.27907,0.70588
Baseline,Baseline_roms,warning,Karenia,20,0.34667,0.67037,0.21667,0.86667
Baseline,Baseline_roms,warning,Karenia,21,0.525,0.63556,0.41176,0.72414
Baseline,Baseline_roms,warning,Karenia,22,0.5,0.72804,0.33962,0.94737
Baseline,Baseline_roms,warning,Karenia,23,0.5,0.69421,0.34615,0.9
Baseline,Baseline_roms,warning,Karenia,24,0.54795,0.7024,0.39216,0.90909
Baseline,Baseline_roms,warning,Karenia,25,0.52174,0.52451,0.40909,0.72
Baseline,Baseline_roms,warning,Karenia,26,0.38806,0.61344,0.26531,0.72222
Baseline,Baseline_roms,warning,Karenia,27,0.4,0.68721,0.26923,0.77778
Baseline,Baseline_roms,warning,Karenia,28,0.72727,0.79432,0.62222,0.875
Baseline,Baseline_roms,warning,Karenia,29,0.48101,0.66959,0.35849,0.73077
Baseline,Baseline_roms,warning,Karenia,30,0.48276,0.78774,0.33871,0.84
Baseline,Baseline_roms,warning,Karenia,31,0.35484,0.64961,0.22449,0.84615
Baseline,Baseline_roms,warning,Karenia,32,0.44444,0.63154,0.3125,0.76923
Baseline,Baseline_roms,warning,Karenia,33,0.49383,0.66052,0.33898,0.90909
Baseline,Baseline_roms,warning,Karenia,34,0.4058,0.57892,0.27451,0.77778
Baseline,Baseline_roms,warning,Karenia,35,0.46575,0.7024,0.32692,0.80952
Baseline,Baseline_roms,warning,Karenia,36,0.5122,0.70074,0.35593,0.91304
Baseline,Baseline_roms,warning,Karenia,37,0.55814,0.72847,0.42105,0.82759
Baseline,Baseline_roms,warning,Karenia,38,0.5,0.68614,0.38182,0.72414
Baseline,Baseline_roms,warning,Karenia,39,0.55072,0.75643,0.41304,0.82609
Baseline,Baseline_roms,warning,Karenia,40,0.55556,0.71027,0.40816,0.86957
Baseline,Baseline_roms,warning,Karenia,41,0.50704,0.66176,0.38298,0.75
Baseline,Baseline_roms,warning,Karenia,42,0.44068,0.63567,0.30233,0.8125
Baseline,Baseline_roms,warning,Karenia,43,0.54762,0.79163,0.38333,0.95833
Baseline,Baseline_roms,warning,Karenia,44,0.5,0.66458,0.33333,1.0
Baseline,Baseline_roms,warning,Karenia,45,0.42667,0.64924,0.2807,0.88889
Baseline,Baseline_roms,warning,Karenia,46,0.43478,0.60451,0.30612,0.75
Baseline,Baseline_roms,warning,Karenia,47,0.54795,0.69108,0.41667,0.8
Baseline,Baseline_roms,warning,Karenia,48,0.53846,0.66457,0.38889,0.875
Baseline,Baseline_roms,warning,Karenia,49,0.57895,0.60307,0.44,0.84615
Baseline,Baseline_only,warning,Pseudo-nitzschia,0,0.75527,0.84885,0.79204,0.72177
Baseline,Baseline_only,warning,Pseudo-nitzschia,1,0.8,0.85703,0.78715,0.81328
Baseline,Baseline_only,warning,Pseudo-nitzschia,2,0.79051,0.85974,0.79365,0.7874
Baseline,Baseline_only,warning,Pseudo-nitzschia,3,0.78618,0.84657,0.78448,0.78788
Baseline,Baseline_only,warning,Pseudo-nitzschia,4,0.77589,0.83559,0.78927,0.76296
Baseline,Baseline_only,warning,Pseudo-nitzschia,5,0.7906,0.85718,0.77731,0.80435
Baseline,Baseline_only,warning,Pseudo-nitzschia,6,0.78346,0.86658,0.79283,0.77432
Baseline,Baseline_only,warning,Pseudo-nitzschia,7,0.78755,0.87541,0.77617,0.79926
Baseline,Baseline_only,warning,Pseudo-nitzschia,8,0.77143,0.86606,0.79412,0.75
Baseline,Baseline_only,warning,Pseudo-nitzschia,9,0.76983,0.838,0.78039,0.75954
Baseline,Baseline_only,warning,Pseudo-nitzschia,10,0.80328,0.84965,0.80992,0.79675
Baseline,Baseline_only,warning,Pseudo-nitzschia,11,0.77973,0.85179,0.7722,0.7874
Baseline,Baseline_only,warning,Pseudo-nitzschia,12,0.72727,0.80683,0.74576,0.70968
Baseline,Baseline_only,warning,Pseudo-nitzschia,13,0.7782,0.87408,0.75273,0.80545
Baseline,Baseline_only,warning,Pseudo-nitzschia,14,0.76471,0.85666,0.74713,0.78313
Baseline,Baseline_only,warning,Pseudo-nitzschia,15,0.78615,0.86678,0.75984,0.81435
Baseline,Baseline_only,warning,Pseudo-nitzschia,16,0.77301,0.81829,0.79079,0.756
Baseline,Baseline_only,warning,Pseudo-nitzschia,17,0.79642,0.88301,0.78414,0.80909
Baseline,Baseline_only,warning,Pseudo-nitzschia,18,0.74525,0.82866,0.78715,0.70758
Baseline,Baseline_only,warning,Pseudo-nitzschia,19,0.78091,0.86877,0.75949,0.80357
Baseline,Baseline_only,warning,Pseudo-nitzschia,20,0.77193,0.84347,0.77043,0.77344
Baseline,Baseline_only,warning,Pseudo-nitzschia,21,0.77355,0.83857,0.80753,0.74231
Baseline,Baseline_only,warning,Pseudo-nitzschia,22,0.7874,0.86717,0.8,0.77519
Baseline,Baseline_only,warning,Pseudo-nitzschia,23,0.77064,0.87358,0.7554,0.78652
Baseline,Baseline_only,warning,Pseudo-nitzschia,24,0.71654,0.80249,0.71094,0.72222
Baseline,Baseline_only,warning,Pseudo-nitzschia,25,0.80916,0.85992,0.81226,0.80608
Baseline,Baseline_only,warning,Pseudo-nitzschia,26,0.71518,0.79513,0.70204,0.72881
Baseline,Baseline_only,warning,Pseudo-nitzschia,27,0.77606,0.82296,0.79447,0.75849
Baseline,Baseline_only,warning,Pseudo-nitzschia,28,0.75581,0.84276,0.76471,0.74713
Baseline,Baseline_only,warning,Pseudo-nitzschia,29,0.79158,0.85856,0.80687,0.77686
Baseline,Baseline_only,warning,Pseudo-nitzschia,30,0.76327,0.80214,0.78571,0.74206
Baseline,Baseline_only,warning,Pseudo-nitzschia,31,0.77236,0.85809,0.77869,0.76613
Baseline,Baseline_only,warning,Pseudo-nitzschia,32,0.77328,0.82437,0.81277,0.73745
Baseline,Baseline_only,warning,Pseudo-nitzschia,33,0.78091,0.86476,0.77922,0.78261
Baseline,Baseline_only,warning,Pseudo-nitzschia,34,0.80153,0.87875,0.79545,0.80769
Baseline,Baseline_only,warning,Pseudo-nitzschia,35,0.80321,0.8643,0.79365,0.81301
Baseline,Baseline_only,warning,Pseudo-nitzschia,36,0.77824,0.85362,0.77178,0.78481
Baseline,Baseline_only,warning,Pseudo-nitzschia,37,0.75368,0.83329,0.74895,0.75847
Baseline,Baseline_only,warning,Pseudo-nitzschia,38,0.79424,0.85187,0.79424,0.79424
Baseline,Baseline_only,warning,Pseudo-nitzschia,39,0.78099,0.85849,0.756,0.80769
Baseline,Baseline_only,warning,Pseudo-nitzschia,40,0.80159,0.86175,0.81124,0.79216
Baseline,Baseline_only,warning,Pseudo-nitzschia,41,0.80242,0.86087,0.82917,0.77734
Baseline,Baseline_only,warning,Pseudo-nitzschia,42,0.77922,0.87063,0.77253,0.78603
Baseline,Baseline_only,warning,Pseudo-nitzschia,43,0.81227,0.85592,0.81227,0.81227
Baseline,Baseline_only,warning,Pseudo-nitzschia,44,0.7757,0.85946,0.80583,0.74775
Baseline,Baseline_only,warning,Pseudo-nitzschia,45,0.77079,0.84396,0.77551,0.76613
Baseline,Baseline_only,warning,Pseudo-nitzschia,46,0.76023,0.8137,0.77075,0.75
Baseline,Baseline_only,warning,Pseudo-nitzschia,47,0.75875,0.82918,0.76172,0.75581
Baseline,Baseline_only,warning,Pseudo-nitzschia,48,0.79365,0.86606,0.78125,0.80645
Baseline,Baseline_only,warning,Pseudo-nitzschia,49,0.80224,0.8588,0.82061,0.78467
Baseline,Baseline_roms,warning,Pseudo-nitzschia,0,0.77433,0.83606,0.82743,0.72763
Baseline,Baseline_roms,warning,Pseudo-nitzschia,1,0.77734,0.81839,0.7992,0.75665
Baseline,Baseline_roms,warning,Pseudo-nitzschia,2,0.8,0.8527,0.81746,0.78327
Baseline,Baseline_roms,warning,Pseudo-nitzschia,3,0.78008,0.83543,0.81034,0.752
Baseline,Baseline_roms,warning,Pseudo-nitzschia,4,0.7666,0.8237,0.77395,0.7594
Baseline,Baseline_roms,warning,Pseudo-nitzschia,5,0.8,0.85188,0.80672,0.79339
Baseline,Baseline_roms,warning,Pseudo-nitzschia,6,0.79612,0.85704,0.81673,0.77652
Baseline,Baseline_roms,warning,Pseudo-nitzschia,7,0.80645,0.8612,0.81227,0.80071
Baseline,Baseline_roms,warning,Pseudo-nitzschia,8,0.78702,0.84135,0.81513,0.76078
Baseline,Baseline_roms,warning,Pseudo-nitzschia,9,0.77692,0.82158,0.79216,0.76226
Baseline,Baseline_roms,warning,Pseudo-nitzschia,10,0.77014,0.81116,0.80992,0.73408
Baseline,Baseline_roms,warning,Pseudo-nitzschia,11,0.7955,0.83593,0.81853,0.77372
Baseline,Baseline_roms,warning,Pseudo-nitzschia,12,0.74645,0.80098,0.77966,0.71595
Baseline,Baseline_roms,warning,Pseudo-nitzschia,13,0.81273,0.86684,0.78909,0.83784
Baseline,Baseline_roms,warning,Pseudo-nitzschia,14,0.79537,0.83841,0.78927,0.80156
Baseline,Baseline_roms,warning,Pseudo-nitzschia,15,0.80561,0.85739,0.79134,0.82041
Baseline,Baseline_roms,warning,Pseudo-nitzschia,16,0.76923,0.80504,0.79498,0.7451
Baseline,Baseline_roms,warning,Pseudo-nitzschia,17,0.82051,0.87298,0.84581,0.79668
Baseline,Baseline_roms,warning,Pseudo-nitzschia,18,0.75769,0.81612,0.79116,0.72694
Baseline,Baseline_roms,warning,Pseudo-nitzschia,19,0.78186,0.86372,0.76371,0.80088
Baseline,Baseline_roms,warning,Pseudo-nitzschia,20,0.77866,0.83541,0.76654,0.79116
Baseline,Baseline_roms,warning,Pseudo-nitzschia,21,0.77407,0.82115,0.82427,0.72963
Baseline,Baseline_roms,warning,Pseudo-nitzschia,22,0.79608,0.82548,0.812,0.78077
Baseline,Baseline_roms,warning,Pseudo-nitzschia,23,0.78766,0.86821,0.78058,0.79487
Baseline,Baseline_roms,warning,Pseudo-nitzschia,24,0.76864,0.80609,0.78516,0.75281
Baseline,Baseline_roms,warning,Pseudo-nitzschia,25,0.79623,0.85108,0.80843,0.78439
Baseline,Baseline_roms,warning,Pseudo-nitzschia,26,0.72764,0.77196,0.73061,0.7247
Baseline,Baseline_roms,warning,Pseudo-nitzschia,27,0.8,0.83172,0.83004,0.77206
Baseline,Baseline_roms,warning,Pseudo-nitzschia,28,0.76923,0.83408,0.78431,0.75472
Baseline,Baseline_roms,warning,Pseudo-nitzschia,29,0.79832,0.8562,0.81545,0.78189
Baseline,Baseline_roms,warning,Pseudo-nitzschia,30,0.77393,0.7873,0.79832,0.75099
Baseline,Baseline_roms,warning,Pseudo-nitzschia,31,0.79134,0.83012,0.82377,0.76136
Baseline,Baseline_roms,warning,Pseudo-nitzschia,32,0.80943,0.81335,0.8766,0.75182
Baseline,Baseline_roms,warning,Pseudo-nitzschia,33,0.80349,0.85597,0.79654,0.81057
Baseline,Baseline_roms,warning,Pseudo-nitzschia,34,0.81041,0.87704,0.82576,0.79562
Baseline,Baseline_roms,warning,Pseudo-nitzschia,35,0.79304,0.84675,0.81349,0.77358
Baseline,Baseline_roms,warning,Pseudo-nitzschia,36,0.78862,0.83515,0.80498,0.77291
Baseline,Baseline_roms,warning,Pseudo-nitzschia,37,0.77301,0.83131,0.79079,0.756
Baseline,Baseline_roms,warning,Pseudo-nitzschia,38,0.8016,0.83409,0.82305,0.78125
Baseline,Baseline_roms,warning,Pseudo-nitzschia,39,0.81349,0.87241,0.82,0.80709
Baseline,Baseline_roms,warning,Pseudo-nitzschia,40,0.80851,0.86731,0.83936,0.77985
Baseline,Baseline_roms,warning,Pseudo-nitzschia,41,0.7984,0.84981,0.83333,0.76628
Baseline,Baseline_roms,warning,Pseudo-nitzschia,42,0.80342,0.86927,0.80687,0.8
Baseline,Baseline_roms,warning,Pseudo-nitzschia,43,0.8135,0.83457,0.82671,0.8007
Baseline,Baseline_roms,warning,Pseudo-nitzschia,44,0.80278,0.85531,0.83981,0.76889
Baseline,Baseline_roms,warning,Pseudo-nitzschia,45,0.78968,0.83013,0.81224,0.76834
Baseline,Baseline_roms,warning,Pseudo-nitzschia,46,0.78311,0.80135,0.80632,0.76119
Baseline,Baseline_roms,warning,Pseudo-nitzschia,47,0.78505,0.82387,0.82031,0.75269
Baseline,Baseline_roms,warning,Pseudo-nitzschia,48,0.7984,0.86455,0.78125,0.81633
Baseline,Baseline_roms,warning,Pseudo-nitzschia,49,0.80741,0.84046,0.83206,0.78417
C2RCC,C2RCC_only,warning,Alexandrium_catenella,0,0.62462,0.70488,0.55319,0.71724
C2RCC,C2RCC_only,warning,Alexandrium_catenella,1,0.60641,0.6952,0.55319,0.67097
C2RCC,C2RCC_only,warning,Alexandrium_catenella,2,0.63562,0.73336,0.55769,0.73885
C2RCC,C2RCC_only,warning,Alexandrium_catenella,3,0.64024,0.75143,0.57377,0.72414
C2RCC,C2RCC_only,warning,Alexandrium_catenella,4,0.65768,0.7615,0.59223,0.73939
C2RCC,C2RCC_only,warning,Alexandrium_catenella,5,0.6393,0.72213,0.57368,0.72185
C2RCC,C2RCC_only,warning,Alexandrium_catenella,6,0.66071,0.74255,0.60656,0.72549
C2RCC,C2RCC_only,warning,Alexandrium_catenella,7,0.64339,0.74741,0.58636,0.71271
C2RCC,C2RCC_only,warning,Alexandrium_catenella,8,0.66304,0.76168,0.62245,0.7093
C2RCC,C2RCC_only,warning,Alexandrium_catenella,9,0.65556,0.76237,0.5619,0.78667
C2RCC,C2RCC_only,warning,Alexandrium_catenella,10,0.64023,0.75246,0.565,0.73856
C2RCC,C2RCC_only,warning,Alexandrium_catenella,11,0.67606,0.76836,0.61224,0.75472
C2RCC,C2RCC_only,warning,Alexandrium_catenella,12,0.60556,0.72015,0.52153,0.72185
C2RCC,C2RCC_only,warning,Alexandrium_catenella,13,0.68421,0.80718,0.59091,0.8125
C2RCC,C2RCC_only,warning,Alexandrium_catenella,14,0.65193,0.76769,0.57561,0.75159
C2RCC,C2RCC_only,warning,Alexandrium_catenella,15,0.65815,0.77509,0.56906,0.7803
C2RCC,C2RCC_only,warning,Alexandrium_catenella,16,0.68902,0.77205,0.63128,0.75839
C2RCC,C2RCC_only,warning,Alexandrium_catenella,17,0.68732,0.7974,0.59804,0.80795
C2RCC,C2RCC_only,warning,Alexandrium_catenella,18,0.61585,0.71422,0.51795,0.7594
C2RCC,C2RCC_only,warning,Alexandrium_catenella,19,0.63804,0.75285,0.58427,0.7027
C2RCC,C2RCC_only,warning,Alexandrium_catenella,20,0.64426,0.77076,0.56931,0.74194
C2RCC,C2RCC_only,warning,Alexandrium_catenella,21,0.64624,0.7832,0.56585,0.75325
C2RCC,C2RCC_only,warning,Alexandrium_catenella,22,0.66864,0.78923,0.565,0.81884
C2RCC,C2RCC_only,warning,Alexandrium_catenella,23,0.66667,0.76934,0.58621,0.77273
C2RCC,C2RCC_only,warning,Alexandrium_catenella,24,0.65922,0.75358,0.58416,0.75641
C2RCC,C2RCC_only,warning,Alexandrium_catenella,25,0.68539,0.76284,0.58654,0.82432
C2RCC,C2RCC_only,warning,Alexandrium_catenella,26,0.6978,0.79953,0.59624,0.84106
C2RCC,C2RCC_only,warning,Alexandrium_catenella,27,0.65574,0.76815,0.57143,0.76923
C2RCC,C2RCC_only,warning,Alexandrium_catenella,28,0.67358,0.80229,0.60185,0.76471
C2RCC,C2RCC_only,warning,Alexandrium_catenella,29,0.65889,0.76991,0.60106,0.72903
C2RCC,C2RCC_only,warning,Alexandrium_catenella,30,0.63277,0.75896,0.55446,0.73684
C2RCC,C2RCC_only,warning,Alexandrium_catenella,31,0.64463,0.75589,0.56796,0.74522
C2RCC,C2RCC_only,warning,Alexandrium_catenella,32,0.66465,0.79978,0.61798,0.71895
C2RCC,C2RCC_only,warning,Alexandrium_catenella,33,0.59756,0.72265,0.51309,0.71533
C2RCC,C2RCC_only,warning,Alexandrium_catenella,34,0.67391,0.79154,0.60194,0.76543
C2RCC,C2RCC_only,warning,Alexandrium_catenella,35,0.64943,0.7665,0.55941,0.77397
C2RCC,C2RCC_only,warning,Alexandrium_catenella,36,0.65294,0.77634,0.57216,0.76027
C2RCC,C2RCC_only,warning,Alexandrium_catenella,37,0.63248,0.75711,0.555,0.7351
C2RCC,C2RCC_only,warning,Alexandrium_catenella,38,0.67251,0.7861,0.59585,0.77181
C2RCC,C2RCC_only,warning,Alexandrium_catenella,39,0.69892,0.81149,0.625,0.79268
C2RCC,C2RCC_only,warning,Alexandrium_catenella,40,0.60714,0.70073,0.5285,0.71329
C2RCC,C2RCC_only,warning,Alexandrium_catenella,41,0.66298,0.78703,0.57143,0.78947
C2RCC,C2RCC_only,warning,Alexandrium_catenella,42,0.64798,0.71842,0.58101,0.73239
C2RCC,C2RCC_only,warning,Alexandrium_catenella,43,0.63265,0.75807,0.54148,0.76074
C2RCC,C2RCC_only,warning,Alexandrium_catenella,44,0.71698,0.82775,0.62983,0.83212
C2RCC,C2RCC_only,warning,Alexandrium_catenella,45,0.65706,0.7574,0.58763,0.7451
C2RCC,C2RCC_only,warning,Alexandrium_catenella,46,0.64426,0.75497,0.57214,0.73718
C2RCC,C2RCC_only,warning,Alexandrium_catenella,47,0.67826,0.7611,0.61905,0.75
C2RCC,C2RCC_only,warning,Alexandrium_catenella,48,0.6747,0.74397,0.61202,0.75168
C2RCC,C2RCC_only,warning,Alexandrium_catenella,49,0.61932,0.72466,0.5396,0.72667
C2RCC,C2RCC_roms,warning,Alexandrium_catenella,0,0.69942,0.7696,0.64362,0.76582
C2RCC,C2RCC_roms,warning,Alexandrium_catenella,1,0.66289,0.75723,0.62234,0.70909
C2RCC,C2RCC_roms,warning,Alexandrium_catenella,2,0.72296,0.79925,0.65865,0.80117
C2RCC,C2RCC_roms,warning,Alexandrium_catenella,3,0.69341,0.77953,0.6612,0.72892
C2RCC,C2RCC_roms,warning,Alexandrium_catenella,4,0.72063,0.80866,0.6699,0.77966
C2RCC,C2RCC_roms,warning,Alexandrium_catenella,5,0.71386,0.79553,0.63684,0.81208
C2RCC,C2RCC_roms,warning,Alexandrium_catenella,6,0.71045,0.804,0.65027,0.78289
C2RCC,C2RCC_roms,warning,Alexandrium_catenella,7,0.73861,0.81624,0.7,0.78173
C2RCC,C2RCC_roms,warning,Alexandrium_catenella,8,0.71003,0.79485,0.66837,0.75723
C2RCC,C2RCC_roms,warning,Alexandrium_catenella,9,0.69022,0.81686,0.60476,0.8038
C2RCC,C2RCC_roms,warning,Alexandrium_catenella,10,0.72981,0.79366,0.655,0.8239
C2RCC,C2RCC_roms,warning,Alexandrium_catenella,11,0.72131,0.81954,0.67347,0.77647
C2RCC,C2RCC_roms,warning,Alexandrium_catenella,12,0.65363,0.77769,0.55981,0.78523
C2RCC,C2RCC_roms,warning,Alexandrium_catenella,13,0.72265,0.83003,0.64545,0.82081
C2RCC,C2RCC_roms,warning,Alexandrium_catenella,14,0.73438,0.81303,0.6878,0.78771
C2RCC,C2RCC_roms,warning,Alexandrium_catenella,15,0.72615,0.82374,0.65193,0.81944
C2RCC,C2RCC_roms,warning,Alexandrium_catenella,16,0.71976,0.79433,0.68156,0.7625
C2RCC,C2RCC_roms,warning,Alexandrium_catenella,17,0.74792,0.84908,0.66176,0.85987
C2RCC,C2RCC_roms,warning,Alexandrium_catenella,18,0.68347,0.79045,0.62564,0.75309
C2RCC,C2RCC_roms,warning,Alexandrium_catenella,19,0.73623,0.83191,0.71348,0.76048
C2RCC,C2RCC_roms,warning,Alexandrium_catenella,20,0.7374,0.81855,0.68812,0.79429
C2RCC,C2RCC_roms,warning,Alexandrium_catenella,21,0.71003,0.84481,0.63902,0.79878
C2RCC,C2RCC_roms,warning,Alexandrium_catenella,22,0.73389,0.8189,0.655,0.83439
C2RCC,C2RCC_roms,warning,Alexandrium_catenella,23,0.68478,0.77229,0.62069,0.76364
C2RCC,C2RCC_roms,warning,Alexandrium_catenella,24,0.6875,0.78323,0.65347,0.72527
C2RCC,C2RCC_roms,warning,Alexandrium_catenella,25,0.72208,0.81821,0.66827,0.78531
C2RCC,C2RCC_roms,warning,Alexandrium_catenella,26,0.75452,0.84628,0.68545,0.83908
C2RCC,C2RCC_roms,warning,Alexandrium_catenella,27,0.66845,0.79216,0.59524,0.7622
C2RCC,C2RCC_roms,warning,Alexandrium_catenella,28,0.7449,0.84804,0.67593,0.82955
C2RCC,C2RCC_roms,warning,Alexandrium_catenella,29,0.70893,0.81224,0.65426,0.77358
C2RCC,C2RCC_roms,warning,Alexandrium_catenella,30,0.68649,0.77315,0.62871,0.75595
C2RCC,C2RCC_roms,warning,Alexandrium_catenella,31,0.69681,0.80479,0.63592,0.77059
C2RCC,C2RCC_roms,warning,Alexandrium_catenella,32,0.74857,0.83398,0.73596,0.76163
C2RCC,C2RCC_roms,warning,Alexandrium_catenella,33,0.67847,0.79169,0.60209,0.77703
C2RCC,C2RCC_roms,warning,Alexandrium_catenella,34,0.73016,0.84377,0.6699,0.80233
C2RCC,C2RCC_roms,warning,Alexandrium_catenella,35,0.71003,0.81099,0.64851,0.78443
C2RCC,C2RCC_roms,warning,Alexandrium_catenella,36,0.68,0.80862,0.6134,0.76282
C2RCC,C2RCC_roms,warning,Alexandrium_catenella,37,0.70391,0.75861,0.63,0.79747
C2RCC,C2RCC_roms,warning,Alexandrium_catenella,38,0.73654,0.81765,0.67358,0.8125
C2RCC,C2RCC_roms,warning,Alexandrium_catenella,39,0.77238,0.82725,0.72596,0.82514
C2RCC,C2RCC_roms,warning,Alexandrium_catenella,40,0.65738,0.71177,0.6114,0.71084
C2RCC,C2RCC_roms,warning,Alexandrium_catenella,41,0.73766,0.82853,0.67619,0.81143
C2RCC,C2RCC_roms,warning,Alexandrium_catenella,42,0.69939,0.78049,0.63687,0.77551
C2RCC,C2RCC_roms,warning,Alexandrium_catenella,43,0.66184,0.78443,0.59825,0.74054
C2RCC,C2RCC_roms,warning,Alexandrium_catenella,44,0.73846,0.86503,0.66298,0.83333
C2RCC,C2RCC_roms,warning,Alexandrium_catenella,45,0.71978,0.79114,0.67526,0.77059
C2RCC,C2RCC_roms,warning,Alexandrium_catenella,46,0.72585,0.79246,0.69154,0.76374
C2RCC,C2RCC_roms,warning,Alexandrium_catenella,47,0.74033,0.80863,0.70899,0.77457
C2RCC,C2RCC_roms,warning,Alexandrium_catenella,48,0.74302,0.79872,0.72678,0.76
C2RCC,C2RCC_roms,warning,Alexandrium_catenella,49,0.70984,0.80509,0.67822,0.74457
C2RCC,C2RCC_only,warning,Dinophysis_acuminata,0,0.83974,0.91892,0.84528,0.83426
C2RCC,C2RCC_only,warning,Dinophysis_acuminata,1,0.85005,0.93702,0.84461,0.85556
C2RCC,C2RCC_only,warning,Dinophysis_acuminata,2,0.85143,0.93379,0.84981,0.85305
C2RCC,C2RCC_only,warning,Dinophysis_acuminata,3,0.84785,0.93423,0.85687,0.83902
C2RCC,C2RCC_only,warning,Dinophysis_acuminata,4,0.84991,0.92391,0.84696,0.85289
C2RCC,C2RCC_only,warning,Dinophysis_acuminata,5,0.83992,0.91681,0.83364,0.8463
C2RCC,C2RCC_only,warning,Dinophysis_acuminata,6,0.84746,0.92437,0.84428,0.85066
C2RCC,C2RCC_only,warning,Dinophysis_acuminata,7,0.85136,0.94023,0.84321,0.85968
C2RCC,C2RCC_only,warning,Dinophysis_acuminata,8,0.84372,0.91655,0.85375,0.83393
C2RCC,C2RCC_only,warning,Dinophysis_acuminata,9,0.85889,0.93146,0.86189,0.8559
C2RCC,C2RCC_only,warning,Dinophysis_acuminata,10,0.86047,0.93442,0.8574,0.86355
C2RCC,C2RCC_only,warning,Dinophysis_acuminata,11,0.8422,0.92498,0.83692,0.84755
C2RCC,C2RCC_only,warning,Dinophysis_acuminata,12,0.83806,0.91568,0.83729,0.83883
C2RCC,C2RCC_only,warning,Dinophysis_acuminata,13,0.87228,0.93547,0.86701,0.87762
C2RCC,C2RCC_only,warning,Dinophysis_acuminata,14,0.82415,0.91775,0.82923,0.81913
C2RCC,C2RCC_only,warning,Dinophysis_acuminata,15,0.82703,0.92084,0.85316,0.80245
C2RCC,C2RCC_only,warning,Dinophysis_acuminata,16,0.82674,0.92234,0.82364,0.82987
C2RCC,C2RCC_only,warning,Dinophysis_acuminata,17,0.85714,0.93161,0.8453,0.86932
C2RCC,C2RCC_only,warning,Dinophysis_acuminata,18,0.8511,0.92359,0.85741,0.84489
C2RCC,C2RCC_only,warning,Dinophysis_acuminata,19,0.83829,0.918,0.83364,0.84299
C2RCC,C2RCC_only,warning,Dinophysis_acuminata,20,0.8593,0.93044,0.85849,0.86011
C2RCC,C2RCC_only,warning,Dinophysis_acuminata,21,0.8463,0.92802,0.84473,0.84787
C2RCC,C2RCC_only,warning,Dinophysis_acuminata,22,0.84392,0.9343,0.83184,0.85635
C2RCC,C2RCC_only,warning,Dinophysis_acuminata,23,0.87138,0.93386,0.87774,0.86511
C2RCC,C2RCC_only,warning,Dinophysis_acuminata,24,0.84032,0.908,0.82923,0.85172
C2RCC,C2RCC_only,warning,Dinophysis_acuminata,25,0.85819,0.92943,0.85897,0.8574
C2RCC,C2RCC_only,warning,Dinophysis_acuminata,26,0.84436,0.91552,0.82953,0.85974
C2RCC,C2RCC_only,warning,Dinophysis_acuminata,27,0.84448,0.91715,0.85375,0.83542
C2RCC,C2RCC_only,warning,Dinophysis_acuminata,28,0.86964,0.94659,0.86042,0.87906
C2RCC,C2RCC_only,warning,Dinophysis_acuminata,29,0.85479,0.93324,0.85091,0.85872
C2RCC,C2RCC_only,warning,Dinophysis_acuminata,30,0.83985,0.90748,0.85255,0.82752
C2RCC,C2RCC_only,warning,Dinophysis_acuminata,31,0.84725,0.92947,0.84875,0.84574
C2RCC,C2RCC_only,warning,Dinophysis_acuminata,32,0.84528,0.93604,0.84848,0.84211
C2RCC,C2RCC_only,warning,Dinophysis_acuminata,33,0.84717,0.92073,0.84398,0.85038
C2RCC,C2RCC_only,warning,Dinophysis_acuminata,34,0.85663,0.93616,0.85357,0.85971
C2RCC,C2RCC_only,warning,Dinophysis_acuminata,35,0.85263,0.93084,0.8617,0.84375
C2RCC,C2RCC_only,warning,Dinophysis_acuminata,36,0.85766,0.94071,0.84685,0.86876
C2RCC,C2RCC_only,warning,Dinophysis_acuminata,37,0.85009,0.92407,0.83483,0.86592
C2RCC,C2RCC_only,warning,Dinophysis_acuminata,38,0.85874,0.92432,0.87335,0.84461
C2RCC,C2RCC_only,warning,Dinophysis_acuminata,39,0.84211,0.93202,0.84058,0.84364
C2RCC,C2RCC_only,warning,Dinophysis_acuminata,40,0.86547,0.92956,0.86919,0.86177
C2RCC,C2RCC_only,warning,Dinophysis_acuminata,41,0.84409,0.93269,0.85792,0.83069
C2RCC,C2RCC_only,warning,Dinophysis_acuminata,42,0.84952,0.91768,0.84791,0.85115
C2RCC,C2RCC_only,warning,Dinophysis_acuminata,43,0.84065,0.92936,0.83562,0.84575
C2RCC,C2RCC_only,warning,Dinophysis_acuminata,44,0.8391,0.92772,0.85477,0.824
C2RCC,C2RCC_only,warning,Dinophysis_acuminata,45,0.84307,0.91882,0.8524,0.83394
C2RCC,C2RCC_only,warning,Dinophysis_acuminata,46,0.8579,0.91783,0.88043,0.83649
C2RCC,C2RCC_only,warning,Dinophysis_acuminata,47,0.85099,0.92382,0.8556,0.84643
C2RCC,C2RCC_only,warning,Dinophysis_acuminata,48,0.85261,0.93929,0.84787,0.85741
C2RCC,C2RCC_only,warning,Dinophysis_acuminata,49,0.8467,0.93394,0.86837,0.82609
C2RCC,C2RCC_roms,warning,Dinophysis_acuminata,0,0.85766,0.93195,0.89245,0.82548
C2RCC,C2RCC_roms,warning,Dinophysis_acuminata,1,0.87354,0.9464,0.89031,0.85739
C2RCC,C2RCC_roms,warning,Dinophysis_acuminata,2,0.87118,0.93907,0.89354,0.84991
C2RCC,C2RCC_roms,warning,Dinophysis_acuminata,3,0.86736,0.95283,0.89168,0.84432
C2RCC,C2RCC_roms,warning,Dinophysis_acuminata,4,0.86986,0.94135,0.88348,0.85666
C2RCC,C2RCC_roms,warning,Dinophysis_acuminata,5,0.8622,0.9345,0.86542,0.859
C2RCC,C2RCC_roms,warning,Dinophysis_acuminata,6,0.86339,0.93857,0.88931,0.83894
C2RCC,C2RCC_roms,warning,Dinophysis_acuminata,7,0.87897,0.94658,0.89199,0.86633
C2RCC,C2RCC_roms,warning,Dinophysis_acuminata,8,0.86856,0.90833,0.89397,0.84456
C2RCC,C2RCC_roms,warning,Dinophysis_acuminata,9,0.8819,0.95183,0.90734,0.85785
C2RCC,C2RCC_roms,warning,Dinophysis_acuminata,10,0.87609,0.93918,0.89483,0.85812
C2RCC,C2RCC_roms,warning,Dinophysis_acuminata,11,0.86719,0.9279,0.88351,0.85147
C2RCC,C2RCC_roms,warning,Dinophysis_acuminata,12,0.86044,0.92945,0.88483,0.83737
C2RCC,C2RCC_roms,warning,Dinophysis_acuminata,13,0.88832,0.95596,0.90674,0.87065
C2RCC,C2RCC_roms,warning,Dinophysis_acuminata,14,0.84563,0.92633,0.86796,0.82441
C2RCC,C2RCC_roms,warning,Dinophysis_acuminata,15,0.85613,0.93037,0.90149,0.81513
C2RCC,C2RCC_roms,warning,Dinophysis_acuminata,16,0.85714,0.93844,0.87242,0.84239
C2RCC,C2RCC_roms,warning,Dinophysis_acuminata,17,0.87444,0.94506,0.89134,0.85816
C2RCC,C2RCC_roms,warning,Dinophysis_acuminata,18,0.86424,0.92974,0.90185,0.82964
C2RCC,C2RCC_roms,warning,Dinophysis_acuminata,19,0.85816,0.93281,0.88909,0.82931
C2RCC,C2RCC_roms,warning,Dinophysis_acuminata,20,0.87558,0.94886,0.88302,0.86827
C2RCC,C2RCC_roms,warning,Dinophysis_acuminata,21,0.86871,0.94011,0.89279,0.84588
C2RCC,C2RCC_roms,warning,Dinophysis_acuminata,22,0.85991,0.9457,0.87299,0.84722
C2RCC,C2RCC_roms,warning,Dinophysis_acuminata,23,0.87887,0.95078,0.90693,0.85249
C2RCC,C2RCC_roms,warning,Dinophysis_acuminata,24,0.86234,0.93982,0.87676,0.84838
C2RCC,C2RCC_roms,warning,Dinophysis_acuminata,25,0.87879,0.94181,0.90293,0.8559
C2RCC,C2RCC_roms,warning,Dinophysis_acuminata,26,0.86713,0.93654,0.8717,0.86261
C2RCC,C2RCC_roms,warning,Dinophysis_acuminata,27,0.86094,0.93119,0.88848,0.83505
C2RCC,C2RCC_roms,warning,Dinophysis_acuminata,28,0.88194,0.94889,0.89753,0.86689
C2RCC,C2RCC_roms,warning,Dinophysis_acuminata,29,0.87489,0.95543,0.88364,0.86631
C2RCC,C2RCC_roms,warning,Dinophysis_acuminata,30,0.85141,0.91416,0.8828,0.82218
C2RCC,C2RCC_roms,warning,Dinophysis_acuminata,31,0.86815,0.9478,0.90214,0.83663
C2RCC,C2RCC_roms,warning,Dinophysis_acuminata,32,0.85299,0.94172,0.89015,0.81882
C2RCC,C2RCC_roms,warning,Dinophysis_acuminata,33,0.85899,0.93965,0.87594,0.84268
C2RCC,C2RCC_roms,warning,Dinophysis_acuminata,34,0.87282,0.94398,0.89464,0.85204
C2RCC,C2RCC_roms,warning,Dinophysis_acuminata,35,0.87061,0.94507,0.90071,0.84245
C2RCC,C2RCC_roms,warning,Dinophysis_acuminata,36,0.8777,0.95228,0.87928,0.87612
C2RCC,C2RCC_roms,warning,Dinophysis_acuminata,37,0.86879,0.93281,0.87971,0.85814
C2RCC,C2RCC_roms,warning,Dinophysis_acuminata,38,0.87659,0.94352,0.91304,0.84293
C2RCC,C2RCC_roms,warning,Dinophysis_acuminata,39,0.87074,0.94791,0.87862,0.86299
C2RCC,C2RCC_roms,warning,Dinophysis_acuminata,40,0.87907,0.9479,0.90706,0.85275
C2RCC,C2RCC_roms,warning,Dinophysis_acuminata,41,0.86736,0.94357,0.90528,0.8325
C2RCC,C2RCC_roms,warning,Dinophysis_acuminata,42,0.87477,0.93564,0.88973,0.86029
C2RCC,C2RCC_roms,warning,Dinophysis_acuminata,43,0.86099,0.93771,0.875,0.84743
C2RCC,C2RCC_roms,warning,Dinophysis_acuminata,44,0.85204,0.93712,0.89004,0.81714
C2RCC,C2RCC_roms,warning,Dinophysis_acuminata,45,0.85387,0.923,0.89483,0.8165
C2RCC,C2RCC_roms,warning,Dinophysis_acuminata,46,0.87108,0.93271,0.9058,0.83893
C2RCC,C2RCC_roms,warning,Dinophysis_acuminata,47,0.8621,0.93185,0.89711,0.82972
C2RCC,C2RCC_roms,warning,Dinophysis_acuminata,48,0.86654,0.95381,0.87941,0.85405
C2RCC,C2RCC_roms,warning,Dinophysis_acuminata,49,0.85938,0.94934,0.90494,0.81818
C2RCC,C2RCC_only,warning,Dinophysis_norvegica,0,0.56615,0.59457,0.50273,0.64789
C2RCC,C2RCC_only,warning,Dinophysis_norvegica,1,0.50323,0.55017,0.43333,0.6
C2RCC,C2RCC_only,warning,Dinophysis_norvegica,2,0.58258,0.69359,0.48744,0.72388
C2RCC,C2RCC_only,warning,Dinophysis_norvegica,3,0.57516,0.65917,0.5,0.67692
C2RCC,C2RCC_only,warning,Dinophysis_norvegica,4,0.54227,0.617,0.45813,0.66429
C2RCC,C2RCC_only,warning,Dinophysis_norvegica,5,0.49827,0.57441,0.39779,0.66667
C2RCC,C2RCC_only,warning,Dinophysis_norvegica,6,0.53495,0.57295,0.46073,0.63768
C2RCC,C2RCC_only,warning,Dinophysis_norvegica,7,0.5481,0.65896,0.45631,0.68613
C2RCC,C2RCC_only,warning,Dinophysis_norvegica,8,0.53659,0.63311,0.45596,0.65185
C2RCC,C2RCC_only,warning,Dinophysis_norvegica,9,0.58263,0.63624,0.5098,0.67974
C2RCC,C2RCC_only,warning,Dinophysis_norvegica,10,0.613,0.68385,0.5266,0.73333
C2RCC,C2RCC_only,warning,Dinophysis_norvegica,11,0.53503,0.6075,0.46154,0.63636
C2RCC,C2RCC_only,warning,Dinophysis_norvegica,12,0.53628,0.61894,0.46961,0.625
C2RCC,C2RCC_only,warning,Dinophysis_norvegica,13,0.53453,0.60886,0.43842,0.68462
C2RCC,C2RCC_only,warning,Dinophysis_norvegica,14,0.52997,0.62226,0.4375,0.672
C2RCC,C2RCC_only,warning,Dinophysis_norvegica,15,0.53763,0.59365,0.44118,0.68807
C2RCC,C2RCC_only,warning,Dinophysis_norvegica,16,0.56338,0.61546,0.47619,0.68966
C2RCC,C2RCC_only,warning,Dinophysis_norvegica,17,0.59547,0.68785,0.4973,0.74194
C2RCC,C2RCC_only,warning,Dinophysis_norvegica,18,0.48101,0.59332,0.38384,0.64407
C2RCC,C2RCC_only,warning,Dinophysis_norvegica,19,0.53289,0.6159,0.44505,0.66393
C2RCC,C2RCC_only,warning,Dinophysis_norvegica,20,0.5342,0.61741,0.44809,0.66129
C2RCC,C2RCC_only,warning,Dinophysis_norvegica,21,0.57944,0.64319,0.47938,0.73228
C2RCC,C2RCC_only,warning,Dinophysis_norvegica,22,0.51735,0.60217,0.4385,0.63077
C2RCC,C2RCC_only,warning,Dinophysis_norvegica,23,0.50625,0.63878,0.40909,0.66393
C2RCC,C2RCC_only,warning,Dinophysis_norvegica,24,0.53459,0.59871,0.44974,0.65891
C2RCC,C2RCC_only,warning,Dinophysis_norvegica,25,0.50794,0.55688,0.42328,0.63492
C2RCC,C2RCC_only,warning,Dinophysis_norvegica,26,0.58333,0.59552,0.51705,0.66912
C2RCC,C2RCC_only,warning,Dinophysis_norvegica,27,0.52888,0.59491,0.46524,0.61268
C2RCC,C2RCC_only,warning,Dinophysis_norvegica,28,0.56347,0.66406,0.46667,0.71094
C2RCC,C2RCC_only,warning,Dinophysis_norvegica,29,0.53472,0.60044,0.45029,0.65812
C2RCC,C2RCC_only,warning,Dinophysis_norvegica,30,0.56734,0.6489,0.5,0.65563
C2RCC,C2RCC_only,warning,Dinophysis_norvegica,31,0.53205,0.61905,0.46111,0.62879
C2RCC,C2RCC_only,warning,Dinophysis_norvegica,32,0.56566,0.59126,0.50602,0.64122
C2RCC,C2RCC_only,warning,Dinophysis_norvegica,33,0.55172,0.63068,0.43956,0.74074
C2RCC,C2RCC_only,warning,Dinophysis_norvegica,34,0.60058,0.66211,0.52284,0.70548
C2RCC,C2RCC_only,warning,Dinophysis_norvegica,35,0.52174,0.62246,0.41791,0.69421
C2RCC,C2RCC_only,warning,Dinophysis_norvegica,36,0.54839,0.61202,0.46196,0.6746
C2RCC,C2RCC_only,warning,Dinophysis_norvegica,37,0.59748,0.66067,0.52486,0.69343
C2RCC,C2RCC_only,warning,Dinophysis_norvegica,38,0.58278,0.6363,0.50286,0.69291
C2RCC,C2RCC_only,warning,Dinophysis_norvegica,39,0.58651,0.64834,0.53191,0.65359
C2RCC,C2RCC_only,warning,Dinophysis_norvegica,40,0.51466,0.61648,0.43889,0.62205
C2RCC,C2RCC_only,warning,Dinophysis_norvegica,41,0.54088,0.62028,0.46486,0.64662
C2RCC,C2RCC_only,warning,Dinophysis_norvegica,42,0.52027,0.57867,0.46386,0.59231
C2RCC,C2RCC_only,warning,Dinophysis_norvegica,43,0.55041,0.60774,0.49754,0.61585
C2RCC,C2RCC_only,warning,Dinophysis_norvegica,44,0.57912,0.65431,0.48588,0.71667
C2RCC,C2RCC_only,warning,Dinophysis_norvegica,45,0.53846,0.59711,0.46386,0.64167
C2RCC,C2RCC_only,warning,Dinophysis_norvegica,46,0.57059,0.60292,0.49744,0.66897
C2RCC,C2RCC_only,warning,Dinophysis_norvegica,47,0.58084,0.65709,0.5,0.69286
C2RCC,C2RCC_only,warning,Dinophysis_norvegica,48,0.52564,0.60253,0.43158,0.67213
C2RCC,C2RCC_only,warning,Dinophysis_norvegica,49,0.58929,0.66778,0.53226,0.66
C2RCC,C2RCC_roms,warning,Dinophysis_norvegica,0,0.58084,0.60996,0.53005,0.64238
C2RCC,C2RCC_roms,warning,Dinophysis_norvegica,1,0.56522,0.59269,0.50556,0.64085
C2RCC,C2RCC_roms,warning,Dinophysis_norvegica,2,0.61765,0.71627,0.52764,0.74468
C2RCC,C2RCC_roms,warning,Dinophysis_norvegica,3,0.65269,0.70469,0.61932,0.68987
C2RCC,C2RCC_roms,warning,Dinophysis_norvegica,4,0.59429,0.67318,0.51232,0.70748
C2RCC,C2RCC_roms,warning,Dinophysis_norvegica,5,0.58252,0.65818,0.49724,0.70312
C2RCC,C2RCC_roms,warning,Dinophysis_norvegica,6,0.61212,0.67904,0.5288,0.72662
C2RCC,C2RCC_roms,warning,Dinophysis_norvegica,7,0.6612,0.72652,0.58738,0.75625
C2RCC,C2RCC_roms,warning,Dinophysis_norvegica,8,0.56269,0.67832,0.47668,0.68657
C2RCC,C2RCC_roms,warning,Dinophysis_norvegica,9,0.64171,0.69252,0.58824,0.70588
C2RCC,C2RCC_roms,warning,Dinophysis_norvegica,10,0.63284,0.70703,0.56383,0.72109
C2RCC,C2RCC_roms,warning,Dinophysis_norvegica,11,0.58716,0.68146,0.52747,0.66207
C2RCC,C2RCC_roms,warning,Dinophysis_norvegica,12,0.56875,0.6533,0.50276,0.65468
C2RCC,C2RCC_roms,warning,Dinophysis_norvegica,13,0.57391,0.65873,0.48768,0.69718
C2RCC,C2RCC_roms,warning,Dinophysis_norvegica,14,0.64183,0.69657,0.58333,0.71338
C2RCC,C2RCC_roms,warning,Dinophysis_norvegica,15,0.63051,0.69344,0.54706,0.744
C2RCC,C2RCC_roms,warning,Dinophysis_norvegica,16,0.59016,0.65,0.53571,0.65693
C2RCC,C2RCC_roms,warning,Dinophysis_norvegica,17,0.65204,0.73678,0.56216,0.77612
C2RCC,C2RCC_roms,warning,Dinophysis_norvegica,18,0.59026,0.67586,0.5202,0.68212
C2RCC,C2RCC_roms,warning,Dinophysis_norvegica,19,0.58974,0.64594,0.50549,0.70769
C2RCC,C2RCC_roms,warning,Dinophysis_norvegica,20,0.59574,0.67022,0.53552,0.67123
C2RCC,C2RCC_roms,warning,Dinophysis_norvegica,21,0.55728,0.66624,0.46392,0.69767
C2RCC,C2RCC_roms,warning,Dinophysis_norvegica,22,0.57669,0.64924,0.50267,0.67626
C2RCC,C2RCC_roms,warning,Dinophysis_norvegica,23,0.59819,0.71823,0.5,0.74436
C2RCC,C2RCC_roms,warning,Dinophysis_norvegica,24,0.60241,0.68479,0.5291,0.6993
C2RCC,C2RCC_roms,warning,Dinophysis_norvegica,25,0.58258,0.61566,0.51323,0.67361
C2RCC,C2RCC_roms,warning,Dinophysis_norvegica,26,0.62733,0.64209,0.57386,0.69178
C2RCC,C2RCC_roms,warning,Dinophysis_norvegica,27,0.5971,0.64245,0.5508,0.6519
C2RCC,C2RCC_roms,warning,Dinophysis_norvegica,28,0.65294,0.72765,0.56923,0.76552
C2RCC,C2RCC_roms,warning,Dinophysis_norvegica,29,0.60265,0.63445,0.53216,0.69466
C2RCC,C2RCC_roms,warning,Dinophysis_norvegica,30,0.57062,0.64889,0.5101,0.64744
C2RCC,C2RCC_roms,warning,Dinophysis_norvegica,31,0.59259,0.64167,0.53333,0.66667
C2RCC,C2RCC_roms,warning,Dinophysis_norvegica,32,0.60064,0.61064,0.56627,0.63946
C2RCC,C2RCC_roms,warning,Dinophysis_norvegica,33,0.5798,0.66276,0.48901,0.712
C2RCC,C2RCC_roms,warning,Dinophysis_norvegica,34,0.66097,0.70918,0.58883,0.75325
C2RCC,C2RCC_roms,warning,Dinophysis_norvegica,35,0.60896,0.69951,0.50746,0.76119
C2RCC,C2RCC_roms,warning,Dinophysis_norvegica,36,0.60308,0.6839,0.53261,0.69504
C2RCC,C2RCC_roms,warning,Dinophysis_norvegica,37,0.67816,0.73458,0.65193,0.70659
C2RCC,C2RCC_roms,warning,Dinophysis_norvegica,38,0.61442,0.65224,0.56,0.68056
C2RCC,C2RCC_roms,warning,Dinophysis_norvegica,39,0.65903,0.71554,0.6117,0.71429
C2RCC,C2RCC_roms,warning,Dinophysis_norvegica,40,0.55016,0.65035,0.47222,0.65891
C2RCC,C2RCC_roms,warning,Dinophysis_norvegica,41,0.6,0.64148,0.53514,0.68276
C2RCC,C2RCC_roms,warning,Dinophysis_norvegica,42,0.57962,0.6237,0.54819,0.61486
C2RCC,C2RCC_roms,warning,Dinophysis_norvegica,43,0.55647,0.66479,0.49754,0.63125
C2RCC,C2RCC_roms,warning,Dinophysis_norvegica,44,0.62857,0.68519,0.55932,0.71739
C2RCC,C2RCC_roms,warning,Dinophysis_norvegica,45,0.59532,0.59646,0.53614,0.66917
C2RCC,C2RCC_roms,warning,Dinophysis_norvegica,46,0.62286,0.63503,0.55897,0.70323
C2RCC,C2RCC_roms,warning,Dinophysis_norvegica,47,0.67049,0.71274,0.60309,0.75484
C2RCC,C2RCC_roms,warning,Dinophysis_norvegica,48,0.55927,0.64148,0.48421,0.66187
C2RCC,C2RCC_roms,warning,Dinophysis_norvegica,49,0.63063,0.71258,0.56452,0.71429
C2RCC,C2RCC_only,warning,Karenia,0,0.46154,0.59221,0.33333,0.75
C2RCC,C2RCC_only,warning,Karenia,1,0.43902,0.50212,0.32727,0.66667
C2RCC,C2RCC_only,warning,Karenia,2,0.50633,0.63554,0.35714,0.86957
C2RCC,C2RCC_only,warning,Karenia,3,0.63014,0.57729,0.53488,0.76667
C2RCC,C2RCC_only,warning,Karenia,4,0.41096,0.54755,0.31915,0.57692
C2RCC,C2RCC_only,warning,Karenia,5,0.50667,0.59533,0.37255,0.79167
C2RCC,C2RCC_only,warning,Karenia,6,0.56716,0.5575,0.48718,0.67857
C2RCC,C2RCC_only,warning,Karenia,7,0.47222,0.51493,0.34,0.77273
C2RCC,C2RCC_only,warning,Karenia,8,0.36364,0.45059,0.29167,0.48276
C2RCC,C2RCC_only,warning,Karenia,9,0.53012,0.60383,0.42308,0.70968
C2RCC,C2RCC_only,warning,Karenia,10,0.41096,0.48911,0.31915,0.57692
C2RCC,C2RCC_only,warning,Karenia,11,0.48,0.5608,0.36,0.72
C2RCC,C2RCC_only,warning,Karenia,12,0.50667,0.52053,0.45238,0.57576
C2RCC,C2RCC_only,warning,Karenia,13,0.4557,0.68847,0.31579,0.81818
C2RCC,C2RCC_only,warning,Karenia,14,0.58974,0.70085,0.44231,0.88462
C2RCC,C2RCC_only,warning,Karenia,15,0.50746,0.59388,0.44737,0.58621
C2RCC,C2RCC_only,warning,Karenia,16,0.48718,0.58218,0.35849,0.76
C2RCC,C2RCC_only,warning,Karenia,17,0.52778,0.60613,0.41304,0.73077
C2RCC,C2RCC_only,warning,Karenia,18,0.55556,0.64662,0.44643,0.73529
C2RCC,C2RCC_only,warning,Karenia,19,0.3662,0.43059,0.30233,0.46429
C2RCC,C2RCC_only,warning,Karenia,20,0.52747,0.59139,0.4,0.77419
C2RCC,C2RCC_only,warning,Karenia,21,0.60759,0.66259,0.47059,0.85714
C2RCC,C2RCC_only,warning,Karenia,22,0.48,0.57398,0.33962,0.81818
C2RCC,C2RCC_only,warning,Karenia,23,0.53846,0.61231,0.40385,0.80769
C2RCC,C2RCC_only,warning,Karenia,24,0.33803,0.38356,0.23529,0.6
C2RCC,C2RCC_only,warning,Karenia,25,0.40625,0.41313,0.29545,0.65
C2RCC,C2RCC_only,warning,Karenia,26,0.55,0.61258,0.44898,0.70968
C2RCC,C2RCC_only,warning,Karenia,27,0.5,0.64415,0.36538,0.79167
C2RCC,C2RCC_only,warning,Karenia,28,0.46377,0.54611,0.35556,0.66667
C2RCC,C2RCC_only,warning,Karenia,29,0.69474,0.73012,0.62264,0.78571
C2RCC,C2RCC_only,warning,Karenia,30,0.6,0.72706,0.43548,0.96429
C2RCC,C2RCC_only,warning,Karenia,31,0.53521,0.63177,0.38776,0.86364
C2RCC,C2RCC_only,warning,Karenia,32,0.44898,0.51085,0.34375,0.64706
C2RCC,C2RCC_only,warning,Karenia,33,0.55319,0.61128,0.44068,0.74286
C2RCC,C2RCC_only,warning,Karenia,34,0.50633,0.51705,0.39216,0.71429
C2RCC,C2RCC_only,warning,Karenia,35,0.48649,0.63706,0.34615,0.81818
C2RCC,C2RCC_only,warning,Karenia,36,0.59406,0.62354,0.50847,0.71429
C2RCC,C2RCC_only,warning,Karenia,37,0.53763,0.61084,0.4386,0.69444
C2RCC,C2RCC_only,warning,Karenia,38,0.55172,0.66286,0.43636,0.75
C2RCC,C2RCC_only,warning,Karenia,39,0.59459,0.72214,0.47826,0.78571
C2RCC,C2RCC_only,warning,Karenia,40,0.45714,0.49152,0.32653,0.7619
C2RCC,C2RCC_only,warning,Karenia,41,0.53333,0.57928,0.42553,0.71429
C2RCC,C2RCC_only,warning,Karenia,42,0.45161,0.55802,0.32558,0.73684
C2RCC,C2RCC_only,warning,Karenia,43,0.56522,0.62291,0.43333,0.8125
C2RCC,C2RCC_only,warning,Karenia,44,0.44898,0.5563,0.33333,0.6875
C2RCC,C2RCC_only,warning,Karenia,45,0.41975,0.52509,0.29825,0.70833
C2RCC,C2RCC_only,warning,Karenia,46,0.48649,0.60321,0.36735,0.72
C2RCC,C2RCC_only,warning,Karenia,47,0.62651,0.69114,0.54167,0.74286
C2RCC,C2RCC_only,warning,Karenia,48,0.55696,0.64581,0.40741,0.88
C2RCC,C2RCC_only,warning,Karenia,49,0.42667,0.5501,0.32,0.64
C2RCC,C2RCC_roms,warning,Karenia,0,0.24615,0.57841,0.14815,0.72727
C2RCC,C2RCC_roms,warning,Karenia,1,0.24615,0.54396,0.14545,0.8
C2RCC,C2RCC_roms,warning,Karenia,2,0.34783,0.64503,0.21429,0.92308
C2RCC,C2RCC_roms,warning,Karenia,3,0.45902,0.56082,0.32558,0.77778
C2RCC,C2RCC_roms,warning,Karenia,4,0.31579,0.67434,0.19149,0.9
C2RCC,C2RCC_roms,warning,Karenia,5,0.31746,0.55957,0.19608,0.83333
C2RCC,C2RCC_roms,warning,Karenia,6,0.46429,0.63012,0.33333,0.76471
C2RCC,C2RCC_roms,warning,Karenia,7,0.4,0.57119,0.26,0.86667
C2RCC,C2RCC_roms,warning,Karenia,8,0.32787,0.50624,0.20833,0.76923
C2RCC,C2RCC_roms,warning,Karenia,9,0.36923,0.68834,0.23077,0.92308
C2RCC,C2RCC_roms,warning,Karenia,10,0.375,0.58409,0.25532,0.70588
C2RCC,C2RCC_roms,warning,Karenia,11,0.48485,0.67393,0.32,1.0
C2RCC,C2RCC_roms,warning,Karenia,12,0.43333,0.57488,0.30952,0.72222
C2RCC,C2RCC_roms,warning,Karenia,13,0.34783,0.74767,0.21053,1.0
C2RCC,C2RCC_roms,warning,Karenia,14,0.34375,0.71014,0.21154,0.91667
C2RCC,C2RCC_roms,warning,Karenia,15,0.43137,0.57976,0.28947,0.84615
C2RCC,C2RCC_roms,warning,Karenia,16,0.4058,0.68187,0.26415,0.875
C2RCC,C2RCC_roms,warning,Karenia,17,0.37931,0.71265,0.23913,0.91667
C2RCC,C2RCC_roms,warning,Karenia,18,0.41096,0.7067,0.26786,0.88235
C2RCC,C2RCC_roms,warning,Karenia,19,0.35714,0.55488,0.23256,0.76923
C2RCC,C2RCC_roms,warning,Karenia,20,0.40506,0.65543,0.26667,0.84211
C2RCC,C2RCC_roms,warning,Karenia,21,0.45714,0.68015,0.31373,0.84211
C2RCC,C2RCC_roms,warning,Karenia,22,0.38806,0.6274,0.24528,0.92857
C2RCC,C2RCC_roms,warning,Karenia,23,0.28571,0.63945,0.17308,0.81818
C2RCC,C2RCC_roms,warning,Karenia,24,0.2623,0.52532,0.15686,0.8
C2RCC,C2RCC_roms,warning,Karenia,25,0.2807,0.48792,0.18182,0.61538
C2RCC,C2RCC_roms,warning,Karenia,26,0.34375,0.62092,0.22449,0.73333
C2RCC,C2RCC_roms,warning,Karenia,27,0.41791,0.69641,0.26923,0.93333
C2RCC,C2RCC_roms,warning,Karenia,28,0.41935,0.65455,0.28889,0.76471
C2RCC,C2RCC_roms,warning,Karenia,29,0.49315,0.77392,0.33962,0.9
C2RCC,C2RCC_roms,warning,Karenia,30,0.43038,0.81594,0.27419,1.0
C2RCC,C2RCC_roms,warning,Karenia,31,0.36667,0.64685,0.22449,1.0
C2RCC,C2RCC_roms,warning,Karenia,32,0.32941,0.51558,0.21875,0.66667
C2RCC,C2RCC_roms,warning,Karenia,33,0.4557,0.64042,0.30508,0.9
C2RCC,C2RCC_roms,warning,Karenia,34,0.34375,0.57446,0.21569,0.84615
C2RCC,C2RCC_roms,warning,Karenia,35,0.50704,0.68051,0.34615,0.94737
C2RCC,C2RCC_roms,warning,Karenia,36,0.39474,0.70694,0.25424,0.88235
C2RCC,C2RCC_roms,warning,Karenia,37,0.44156,0.65865,0.29825,0.85
C2RCC,C2RCC_roms,warning,Karenia,38,0.54545,0.69089,0.38182,0.95455
C2RCC,C2RCC_roms,warning,Karenia,39,0.45161,0.71727,0.30435,0.875
C2RCC,C2RCC_roms,warning,Karenia,40,0.3,0.58611,0.18367,0.81818
C2RCC,C2RCC_roms,warning,Karenia,41,0.46377,0.59427,0.34043,0.72727
C2RCC,C2RCC_roms,warning,Karenia,42,0.31373,0.63542,0.18605,1.0
C2RCC,C2RCC_roms,warning,Karenia,43,0.35135,0.73074,0.21667,0.92857
C2RCC,C2RCC_roms,warning,Karenia,44,0.45455,0.69117,0.30303,0.90909
C2RCC,C2RCC_roms,warning,Karenia,45,0.37333,0.54549,0.24561,0.77778
C2RCC,C2RCC_roms,warning,Karenia,46,0.34375,0.59997,0.22449,0.73333
C2RCC,C2RCC_roms,warning,Karenia,47,0.46154,0.71304,0.3125,0.88235
C2RCC,C2RCC_roms,warning,Karenia,48,0.4058,0.65283,0.25926,0.93333
C2RCC,C2RCC_roms,warning,Karenia,49,0.33333,0.56383,0.22,0.6875
C2RCC,C2RCC_only,warning,Pseudo-nitzschia,0,0.72072,0.79884,0.70796,0.73394
C2RCC,C2RCC_only,warning,Pseudo-nitzschia,1,0.704,0.78639,0.70683,0.7012
C2RCC,C2RCC_only,warning,Pseudo-nitzschia,2,0.72034,0.82814,0.6746,0.77273
C2RCC,C2RCC_only,warning,Pseudo-nitzschia,3,0.72609,0.81614,0.71983,0.73246
C2RCC,C2RCC_only,warning,Pseudo-nitzschia,4,0.7098,0.80383,0.69349,0.72691
C2RCC,C2RCC_only,warning,Pseudo-nitzschia,5,0.72527,0.80127,0.69328,0.76037
C2RCC,C2RCC_only,warning,Pseudo-nitzschia,6,0.73101,0.81634,0.70916,0.75424
C2RCC,C2RCC_only,warning,Pseudo-nitzschia,7,0.74856,0.8597,0.70397,0.79918
C2RCC,C2RCC_only,warning,Pseudo-nitzschia,8,0.74105,0.80704,0.7395,0.74262
C2RCC,C2RCC_only,warning,Pseudo-nitzschia,9,0.75644,0.84271,0.74902,0.764
C2RCC,C2RCC_only,warning,Pseudo-nitzschia,10,0.76955,0.82696,0.77273,0.76639
C2RCC,C2RCC_only,warning,Pseudo-nitzschia,11,0.70707,0.78048,0.67568,0.74153
C2RCC,C2RCC_only,warning,Pseudo-nitzschia,12,0.70513,0.80365,0.69915,0.71121
C2RCC,C2RCC_only,warning,Pseudo-nitzschia,13,0.75435,0.84397,0.70909,0.80579
C2RCC,C2RCC_only,warning,Pseudo-nitzschia,14,0.71084,0.79181,0.67816,0.74684
C2RCC,C2RCC_only,warning,Pseudo-nitzschia,15,0.71489,0.85712,0.66142,0.77778
C2RCC,C2RCC_only,warning,Pseudo-nitzschia,16,0.7409,0.80158,0.72385,0.75877
C2RCC,C2RCC_only,warning,Pseudo-nitzschia,17,0.75626,0.84209,0.73128,0.78302
C2RCC,C2RCC_only,warning,Pseudo-nitzschia,18,0.70732,0.78345,0.6988,0.71605
C2RCC,C2RCC_only,warning,Pseudo-nitzschia,19,0.69869,0.82503,0.67511,0.72398
C2RCC,C2RCC_only,warning,Pseudo-nitzschia,20,0.71919,0.81902,0.69261,0.7479
C2RCC,C2RCC_only,warning,Pseudo-nitzschia,21,0.71102,0.80079,0.71548,0.70661
C2RCC,C2RCC_only,warning,Pseudo-nitzschia,22,0.72951,0.82139,0.712,0.7479
C2RCC,C2RCC_only,warning,Pseudo-nitzschia,23,0.74427,0.83816,0.70144,0.79268
C2RCC,C2RCC_only,warning,Pseudo-nitzschia,24,0.69121,0.77496,0.66016,0.72532
C2RCC,C2RCC_only,warning,Pseudo-nitzschia,25,0.72584,0.82181,0.70498,0.74797
C2RCC,C2RCC_only,warning,Pseudo-nitzschia,26,0.72117,0.77107,0.70204,0.74138
C2RCC,C2RCC_only,warning,Pseudo-nitzschia,27,0.71513,0.78174,0.71937,0.71094
C2RCC,C2RCC_only,warning,Pseudo-nitzschia,28,0.70775,0.78955,0.69804,0.71774
C2RCC,C2RCC_only,warning,Pseudo-nitzschia,29,0.75831,0.83275,0.73391,0.7844
C2RCC,C2RCC_only,warning,Pseudo-nitzschia,30,0.72385,0.79553,0.72689,0.72083
C2RCC,C2RCC_only,warning,Pseudo-nitzschia,31,0.72803,0.81185,0.71311,0.74359
C2RCC,C2RCC_only,warning,Pseudo-nitzschia,32,0.75699,0.81881,0.74894,0.76522
C2RCC,C2RCC_only,warning,Pseudo-nitzschia,33,0.72606,0.827,0.70563,0.74771
C2RCC,C2RCC_only,warning,Pseudo-nitzschia,34,0.73518,0.84489,0.70455,0.7686
C2RCC,C2RCC_only,warning,Pseudo-nitzschia,35,0.71849,0.81333,0.67857,0.76339
C2RCC,C2RCC_only,warning,Pseudo-nitzschia,36,0.74227,0.846,0.74689,0.7377
C2RCC,C2RCC_only,warning,Pseudo-nitzschia,37,0.71828,0.81223,0.69874,0.73894
C2RCC,C2RCC_only,warning,Pseudo-nitzschia,38,0.74274,0.80102,0.73663,0.74895
C2RCC,C2RCC_only,warning,Pseudo-nitzschia,39,0.78208,0.85795,0.768,0.79668
C2RCC,C2RCC_only,warning,Pseudo-nitzschia,40,0.73022,0.8291,0.72289,0.7377
C2RCC,C2RCC_only,warning,Pseudo-nitzschia,41,0.71816,0.82,0.71667,0.71967
C2RCC,C2RCC_only,warning,Pseudo-nitzschia,42,0.72527,0.82435,0.70815,0.74324
C2RCC,C2RCC_only,warning,Pseudo-nitzschia,43,0.75,0.8185,0.75812,0.74205
C2RCC,C2RCC_only,warning,Pseudo-nitzschia,44,0.75177,0.8353,0.77184,0.73272
C2RCC,C2RCC_only,warning,Pseudo-nitzschia,45,0.74844,0.80674,0.73469,0.76271
C2RCC,C2RCC_only,warning,Pseudo-nitzschia,46,0.73684,0.80364,0.71937,0.75519
C2RCC,C2RCC_only,warning,Pseudo-nitzschia,47,0.73896,0.81018,0.71875,0.76033
C2RCC,C2RCC_only,warning,Pseudo-nitzschia,48,0.7412,0.81534,0.69922,0.78855
C2RCC,C2RCC_only,warning,Pseudo-nitzschia,49,0.714,0.8068,0.69084,0.73878
C2RCC,C2RCC_roms,warning,Pseudo-nitzschia,0,0.73203,0.79835,0.74336,0.72103
C2RCC,C2RCC_roms,warning,Pseudo-nitzschia,1,0.72125,0.77173,0.74297,0.70076
C2RCC,C2RCC_roms,warning,Pseudo-nitzschia,2,0.74148,0.83029,0.73413,0.74899
C2RCC,C2RCC_roms,warning,Pseudo-nitzschia,3,0.74526,0.81711,0.76293,0.7284
C2RCC,C2RCC_roms,warning,Pseudo-nitzschia,4,0.71698,0.80367,0.72797,0.70632
C2RCC,C2RCC_roms,warning,Pseudo-nitzschia,5,0.76129,0.82021,0.7437,0.77974
C2RCC,C2RCC_roms,warning,Pseudo-nitzschia,6,0.73485,0.8301,0.77291,0.70036
C2RCC,C2RCC_roms,warning,Pseudo-nitzschia,7,0.79853,0.8602,0.787,0.81041
C2RCC,C2RCC_roms,warning,Pseudo-nitzschia,8,0.73597,0.7922,0.7437,0.7284
C2RCC,C2RCC_roms,warning,Pseudo-nitzschia,9,0.7553,0.82647,0.76863,0.74242
C2RCC,C2RCC_roms,warning,Pseudo-nitzschia,10,0.75397,0.80251,0.78512,0.72519
C2RCC,C2RCC_roms,warning,Pseudo-nitzschia,11,0.72447,0.78742,0.72587,0.72308
C2RCC,C2RCC_roms,warning,Pseudo-nitzschia,12,0.73859,0.80738,0.75424,0.72358
C2RCC,C2RCC_roms,warning,Pseudo-nitzschia,13,0.79558,0.85514,0.78545,0.80597
C2RCC,C2RCC_roms,warning,Pseudo-nitzschia,14,0.72621,0.79699,0.71648,0.73622
C2RCC,C2RCC_roms,warning,Pseudo-nitzschia,15,0.78407,0.86711,0.73622,0.83857
C2RCC,C2RCC_roms,warning,Pseudo-nitzschia,16,0.73795,0.81715,0.7364,0.7395
C2RCC,C2RCC_roms,warning,Pseudo-nitzschia,17,0.7638,0.86115,0.76211,0.76549
C2RCC,C2RCC_roms,warning,Pseudo-nitzschia,18,0.72266,0.7934,0.74297,0.70342
C2RCC,C2RCC_roms,warning,Pseudo-nitzschia,19,0.72489,0.83972,0.70042,0.75113
C2RCC,C2RCC_roms,warning,Pseudo-nitzschia,20,0.72266,0.78348,0.71984,0.72549
C2RCC,C2RCC_roms,warning,Pseudo-nitzschia,21,0.73834,0.78157,0.76151,0.71654
C2RCC,C2RCC_roms,warning,Pseudo-nitzschia,22,0.70876,0.80915,0.696,0.72199
C2RCC,C2RCC_roms,warning,Pseudo-nitzschia,23,0.76119,0.85095,0.73381,0.7907
C2RCC,C2RCC_roms,warning,Pseudo-nitzschia,24,0.69151,0.78664,0.65234,0.73568
C2RCC,C2RCC_roms,warning,Pseudo-nitzschia,25,0.72374,0.81022,0.71264,0.73518
C2RCC,C2RCC_roms,warning,Pseudo-nitzschia,26,0.7269,0.78372,0.72245,0.7314
C2RCC,C2RCC_roms,warning,Pseudo-nitzschia,27,0.74364,0.79002,0.75099,0.73643
C2RCC,C2RCC_roms,warning,Pseudo-nitzschia,28,0.70312,0.78853,0.70588,0.70039
C2RCC,C2RCC_roms,warning,Pseudo-nitzschia,29,0.77253,0.83261,0.77253,0.77253
C2RCC,C2RCC_roms,warning,Pseudo-nitzschia,30,0.75362,0.7916,0.76471,0.74286
C2RCC,C2RCC_roms,warning,Pseudo-nitzschia,31,0.73279,0.80433,0.7418,0.724
C2RCC,C2RCC_roms,warning,Pseudo-nitzschia,32,0.74428,0.82357,0.7617,0.72764
C2RCC,C2RCC_roms,warning,Pseudo-nitzschia,33,0.75165,0.83959,0.74026,0.76339
C2RCC,C2RCC_roms,warning,Pseudo-nitzschia,34,0.77457,0.85699,0.76136,0.78824
C2RCC,C2RCC_roms,warning,Pseudo-nitzschia,35,0.76863,0.81595,0.77778,0.75969
C2RCC,C2RCC_roms,warning,Pseudo-nitzschia,36,0.79681,0.85095,0.82988,0.76628
C2RCC,C2RCC_roms,warning,Pseudo-nitzschia,37,0.75876,0.80866,0.76987,0.74797
C2RCC,C2RCC_roms,warning,Pseudo-nitzschia,38,0.77912,0.804,0.79835,0.76078
C2RCC,C2RCC_roms,warning,Pseudo-nitzschia,39,0.78752,0.86712,0.808,0.76806
C2RCC,C2RCC_roms,warning,Pseudo-nitzschia,40,0.7574,0.84972,0.77108,0.74419
C2RCC,C2RCC_roms,warning,Pseudo-nitzschia,41,0.76113,0.8046,0.78333,0.74016
C2RCC,C2RCC_roms,warning,Pseudo-nitzschia,42,0.75052,0.82673,0.76824,0.73361
C2RCC,C2RCC_roms,warning,Pseudo-nitzschia,43,0.75899,0.81474,0.76173,0.75627
C2RCC,C2RCC_roms,warning,Pseudo-nitzschia,44,0.7471,0.82423,0.78155,0.71556
C2RCC,C2RCC_roms,warning,Pseudo-nitzschia,45,0.7604,0.8126,0.78367,0.73846
C2RCC,C2RCC_roms,warning,Pseudo-nitzschia,46,0.72189,0.8008,0.72332,0.72047
C2RCC,C2RCC_roms,warning,Pseudo-nitzschia,47,0.74656,0.81658,0.74219,0.75099
C2RCC,C2RCC_roms,warning,Pseudo-nitzschia,48,0.74148,0.8248,0.72266,0.76132
C2RCC,C2RCC_roms,warning,Pseudo-nitzschia,49,0.75581,0.81954,0.74427,0.76772
