ac,track,tier,species,fold,f1,prauc,recall,precision
ACOLITE,ACOLITE_only,closure,Alexandrium_catenella,0,0.60963,0.6939,0.53774,0.7037
ACOLITE,ACOLITE_only,closure,Alexandrium_catenella,1,0.58378,0.67651,0.48649,0.72973
ACOLITE,ACOLITE_only,closure,Alexandrium_catenella,2,0.60638,0.72539,0.49138,0.79167
ACOLITE,ACOLITE_only,closure,Alexandrium_catenella,3,0.65502,0.74355,0.5814,0.75
ACOLITE,ACOLITE_only,closure,Alexandrium_catenella,4,0.67005,0.74282,0.57895,0.79518
ACOLITE,ACOLITE_only,closure,Alexandrium_catenella,5,0.62069,0.70693,0.52427,0.76056
ACOLITE,ACOLITE_only,closure,Alexandrium_catenella,6,0.62791,0.68887,0.55102,0.72973
ACOLITE,ACOLITE_only,closure,Alexandrium_catenella,7,0.59783,0.70848,0.53398,0.67901
ACOLITE,ACOLITE_only,closure,Alexandrium_catenella,8,0.60104,0.72638,0.49153,0.77333
ACOLITE,ACOLITE_only,closure,Alexandrium_catenella,9,0.6257,0.71459,0.54369,0.73684
ACOLITE,ACOLITE_only,closure,Alexandrium_catenella,10,0.65641,0.70867,0.60377,0.7191
ACOLITE,ACOLITE_only,closure,Alexandrium_catenella,11,0.57647,0.67198,0.50515,0.67123
ACOLITE,ACOLITE_only,closure,Alexandrium_catenella,12,0.63473,0.74971,0.51961,0.81538
ACOLITE,ACOLITE_only,closure,Alexandrium_catenella,13,0.5283,0.63813,0.47191,0.6
ACOLITE,ACOLITE_only,closure,Alexandrium_catenella,14,0.65263,0.78943,0.55357,0.79487
ACOLITE,ACOLITE_only,closure,Alexandrium_catenella,15,0.57895,0.65428,0.5,0.6875
ACOLITE,ACOLITE_only,closure,Alexandrium_catenella,16,0.65641,0.70297,0.61538,0.7033
ACOLITE,ACOLITE_only,closure,Alexandrium_catenella,17,0.58511,0.69772,0.48246,0.74324
ACOLITE,ACOLITE_only,closure,Alexandrium_catenella,18,0.61905,0.7345,0.53719,0.73034
ACOLITE,ACOLITE_only,closure,Alexandrium_catenella,19,0.62376,0.73606,0.56757,0.69231
ACOLITE,ACOLITE_only,closure,Alexandrium_catenella,20,0.61905,0.72763,0.53608,0.73239
ACOLITE,ACOLITE_only,closure,Alexandrium_catenella,21,0.68041,0.73881,0.57391,0.83544
ACOLITE,ACOLITE_only,closure,Alexandrium_catenella,22,0.6,0.71016,0.5,0.75
ACOLITE,ACOLITE_only,closure,Alexandrium_catenella,23,0.60287,0.69941,0.56757,0.64286
ACOLITE,ACOLITE_only,closure,Alexandrium_catenella,24,0.59113,0.70664,0.51724,0.68966
ACOLITE,ACOLITE_only,closure,Alexandrium_catenella,25,0.61988,0.70998,0.53535,0.73611
ACOLITE,ACOLITE_only,closure,Alexandrium_catenella,26,0.53571,0.64279,0.43689,0.69231
ACOLITE,ACOLITE_only,closure,Alexandrium_catenella,27,0.57754,0.70574,0.50943,0.66667
ACOLITE,ACOLITE_only,closure,Alexandrium_catenella,28,0.56354,0.66566,0.47222,0.69863
ACOLITE,ACOLITE_only,closure,Alexandrium_catenella,29,0.58065,0.69686,0.51429,0.66667
ACOLITE,ACOLITE_only,closure,Alexandrium_catenella,30,0.54645,0.63919,0.4717,0.64935
ACOLITE,ACOLITE_only,closure,Alexandrium_catenella,31,0.54762,0.6899,0.42593,0.76667
ACOLITE,ACOLITE_only,closure,Alexandrium_catenella,32,0.57732,0.69148,0.47458,0.73684
ACOLITE,ACOLITE_only,closure,Alexandrium_catenella,33,0.6129,0.72252,0.53271,0.72152
ACOLITE,ACOLITE_only,closure,Alexandrium_catenella,34,0.54545,0.69672,0.44037,0.71642
ACOLITE,ACOLITE_only,closure,Alexandrium_catenella,35,0.64975,0.76827,0.55172,0.79012
ACOLITE,ACOLITE_only,closure,Alexandrium_catenella,36,0.60104,0.67764,0.48739,0.78378
ACOLITE,ACOLITE_only,closure,Alexandrium_catenella,37,0.68208,0.76191,0.57843,0.83099
ACOLITE,ACOLITE_only,closure,Alexandrium_catenella,38,0.58763,0.67354,0.51351,0.68675
ACOLITE,ACOLITE_only,closure,Alexandrium_catenella,39,0.58333,0.67594,0.53846,0.63636
ACOLITE,ACOLITE_only,closure,Alexandrium_catenella,40,0.6125,0.68975,0.56977,0.66216
ACOLITE,ACOLITE_only,closure,Alexandrium_catenella,41,0.5625,0.64049,0.5,0.64286
ACOLITE,ACOLITE_only,closure,Alexandrium_catenella,42,0.57447,0.69335,0.47788,0.72
ACOLITE,ACOLITE_only,closure,Alexandrium_catenella,43,0.56497,0.7306,0.44643,0.76923
ACOLITE,ACOLITE_only,closure,Alexandrium_catenella,44,0.63918,0.7429,0.55856,0.74699
ACOLITE,ACOLITE_only,closure,Alexandrium_catenella,45,0.68108,0.75563,0.59434,0.79747
ACOLITE,ACOLITE_only,closure,Alexandrium_catenella,46,0.6,0.6884,0.52174,0.70588
ACOLITE,ACOLITE_only,closure,Alexandrium_catenella,47,0.51701,0.62091,0.42222,0.66667
ACOLITE,ACOLITE_only,closure,Alexandrium_catenella,48,0.6701,0.7446,0.61321,0.73864
ACOLITE,ACOLITE_only,closure,Alexandrium_catenella,49,0.6087,0.69828,0.54902,0.68293
ACOLITE,ACOLITE_roms,closure,Alexandrium_catenella,0,0.70936,0.75891,0.67925,0.74227
ACOLITE,ACOLITE_roms,closure,Alexandrium_catenella,1,0.60825,0.71995,0.53153,0.71084
ACOLITE,ACOLITE_roms,closure,Alexandrium_catenella,2,0.71642,0.76465,0.62069,0.84706
ACOLITE,ACOLITE_roms,closure,Alexandrium_catenella,3,0.67873,0.78243,0.5814,0.81522
ACOLITE,ACOLITE_roms,closure,Alexandrium_catenella,4,0.71921,0.77187,0.64035,0.82022
ACOLITE,ACOLITE_roms,closure,Alexandrium_catenella,5,0.64835,0.74597,0.57282,0.74684
ACOLITE,ACOLITE_roms,closure,Alexandrium_catenella,6,0.66667,0.74441,0.61224,0.73171
ACOLITE,ACOLITE_roms,closure,Alexandrium_catenella,7,0.67708,0.73665,0.63107,0.73034
ACOLITE,ACOLITE_roms,closure,Alexandrium_catenella,8,0.689,0.78129,0.61017,0.79121
ACOLITE,ACOLITE_roms,closure,Alexandrium_catenella,9,0.67,0.73778,0.65049,0.69072
ACOLITE,ACOLITE_roms,closure,Alexandrium_catenella,10,0.68246,0.74418,0.67925,0.68571
ACOLITE,ACOLITE_roms,closure,Alexandrium_catenella,11,0.65896,0.75035,0.58763,0.75
ACOLITE,ACOLITE_roms,closure,Alexandrium_catenella,12,0.65169,0.74446,0.56863,0.76316
ACOLITE,ACOLITE_roms,closure,Alexandrium_catenella,13,0.625,0.71276,0.5618,0.70423
ACOLITE,ACOLITE_roms,closure,Alexandrium_catenella,14,0.71717,0.8187,0.63393,0.82558
ACOLITE,ACOLITE_roms,closure,Alexandrium_catenella,15,0.66667,0.70587,0.6,0.75
ACOLITE,ACOLITE_roms,closure,Alexandrium_catenella,16,0.69524,0.74743,0.70192,0.68868
ACOLITE,ACOLITE_roms,closure,Alexandrium_catenella,17,0.62245,0.74088,0.53509,0.7439
ACOLITE,ACOLITE_roms,closure,Alexandrium_catenella,18,0.65741,0.75855,0.58678,0.74737
ACOLITE,ACOLITE_roms,closure,Alexandrium_catenella,19,0.69524,0.76524,0.65766,0.73737
ACOLITE,ACOLITE_roms,closure,Alexandrium_catenella,20,0.6631,0.78067,0.63918,0.68889
ACOLITE,ACOLITE_roms,closure,Alexandrium_catenella,21,0.71429,0.759,0.65217,0.78947
ACOLITE,ACOLITE_roms,closure,Alexandrium_catenella,22,0.66667,0.73328,0.62037,0.72043
ACOLITE,ACOLITE_roms,closure,Alexandrium_catenella,23,0.67606,0.72259,0.64865,0.70588
ACOLITE,ACOLITE_roms,closure,Alexandrium_catenella,24,0.65421,0.76643,0.60345,0.71429
ACOLITE,ACOLITE_roms,closure,Alexandrium_catenella,25,0.66667,0.75585,0.58586,0.77333
ACOLITE,ACOLITE_roms,closure,Alexandrium_catenella,26,0.57303,0.67353,0.49515,0.68
ACOLITE,ACOLITE_roms,closure,Alexandrium_catenella,27,0.67016,0.75644,0.60377,0.75294
ACOLITE,ACOLITE_roms,closure,Alexandrium_catenella,28,0.67005,0.70215,0.61111,0.74157
ACOLITE,ACOLITE_roms,closure,Alexandrium_catenella,29,0.65979,0.73938,0.60952,0.7191
ACOLITE,ACOLITE_roms,closure,Alexandrium_catenella,30,0.66667,0.72278,0.58491,0.775
ACOLITE,ACOLITE_roms,closure,Alexandrium_catenella,31,0.65193,0.74751,0.5463,0.80822
ACOLITE,ACOLITE_roms,closure,Alexandrium_catenella,32,0.63054,0.73485,0.54237,0.75294
ACOLITE,ACOLITE_roms,closure,Alexandrium_catenella,33,0.69036,0.78329,0.63551,0.75556
ACOLITE,ACOLITE_roms,closure,Alexandrium_catenella,34,0.67021,0.75973,0.57798,0.79747
ACOLITE,ACOLITE_roms,closure,Alexandrium_catenella,35,0.71921,0.79903,0.62931,0.83908
ACOLITE,ACOLITE_roms,closure,Alexandrium_catenella,36,0.59701,0.67994,0.5042,0.73171
ACOLITE,ACOLITE_roms,closure,Alexandrium_catenella,37,0.66667,0.79322,0.57843,0.78667
ACOLITE,ACOLITE_roms,closure,Alexandrium_catenella,38,0.63682,0.70072,0.57658,0.71111
ACOLITE,ACOLITE_roms,closure,Alexandrium_catenella,39,0.65306,0.72916,0.61538,0.69565
ACOLITE,ACOLITE_roms,closure,Alexandrium_catenella,40,0.63905,0.72009,0.62791,0.6506
ACOLITE,ACOLITE_roms,closure,Alexandrium_catenella,41,0.61307,0.6995,0.56481,0.67033
ACOLITE,ACOLITE_roms,closure,Alexandrium_catenella,42,0.64615,0.74634,0.55752,0.76829
ACOLITE,ACOLITE_roms,closure,Alexandrium_catenella,43,0.67725,0.76814,0.57143,0.83117
ACOLITE,ACOLITE_roms,closure,Alexandrium_catenella,44,0.68932,0.77852,0.63964,0.74737
ACOLITE,ACOLITE_roms,closure,Alexandrium_catenella,45,0.72727,0.81407,0.64151,0.83951
ACOLITE,ACOLITE_roms,closure,Alexandrium_catenella,46,0.63918,0.74211,0.53913,0.78481
ACOLITE,ACOLITE_roms,closure,Alexandrium_catenella,47,0.54545,0.66021,0.46667,0.65625
ACOLITE,ACOLITE_roms,closure,Alexandrium_catenella,48,0.71569,0.76969,0.68868,0.7449
ACOLITE,ACOLITE_roms,closure,Alexandrium_catenella,49,0.66667,0.72387,0.64706,0.6875
ACOLITE,ACOLITE_only,closure,Dinophysis_acuminata,0,0.26804,0.3087,0.22807,0.325
ACOLITE,ACOLITE_only,closure,Dinophysis_acuminata,1,0.25581,0.32834,0.1746,0.47826
ACOLITE,ACOLITE_only,closure,Dinophysis_acuminata,2,0.17647,0.22276,0.14754,0.21951
ACOLITE,ACOLITE_only,closure,Dinophysis_acuminata,3,0.28571,0.2935,0.23333,0.36842
ACOLITE,ACOLITE_only,closure,Dinophysis_acuminata,4,0.24444,0.26345,0.18966,0.34375
ACOLITE,ACOLITE_only,closure,Dinophysis_acuminata,5,0.29213,0.32041,0.22807,0.40625
ACOLITE,ACOLITE_only,closure,Dinophysis_acuminata,6,0.29474,0.36572,0.24561,0.36842
ACOLITE,ACOLITE_only,closure,Dinophysis_acuminata,7,0.26506,0.28376,0.19298,0.42308
ACOLITE,ACOLITE_only,closure,Dinophysis_acuminata,8,0.1791,0.37577,0.12,0.35294
ACOLITE,ACOLITE_only,closure,Dinophysis_acuminata,9,0.25,0.29358,0.2,0.33333
ACOLITE,ACOLITE_only,closure,Dinophysis_acuminata,10,0.25926,0.31226,0.19444,0.38889
ACOLITE,ACOLITE_only,closure,Dinophysis_acuminata,11,0.22222,0.29328,0.16393,0.34483
ACOLITE,ACOLITE_only,closure,Dinophysis_acuminata,12,0.33333,0.30164,0.28571,0.4
ACOLITE,ACOLITE_only,closure,Dinophysis_acuminata,13,0.39583,0.35381,0.35849,0.44186
ACOLITE,ACOLITE_only,closure,Dinophysis_acuminata,14,0.38554,0.30599,0.35556,0.42105
ACOLITE,ACOLITE_only,closure,Dinophysis_acuminata,15,0.31304,0.3364,0.26471,0.38298
ACOLITE,ACOLITE_only,closure,Dinophysis_acuminata,16,0.31707,0.30763,0.2549,0.41935
ACOLITE,ACOLITE_only,closure,Dinophysis_acuminata,17,0.30612,0.27865,0.28302,0.33333
ACOLITE,ACOLITE_only,closure,Dinophysis_acuminata,18,0.30612,0.29564,0.27273,0.34884
ACOLITE,ACOLITE_only,closure,Dinophysis_acuminata,19,0.30189,0.31207,0.24615,0.39024
ACOLITE,ACOLITE_only,closure,Dinophysis_acuminata,20,0.34783,0.37872,0.2963,0.42105
ACOLITE,ACOLITE_only,closure,Dinophysis_acuminata,21,0.21978,0.25163,0.19231,0.25641
ACOLITE,ACOLITE_only,closure,Dinophysis_acuminata,22,0.32941,0.32811,0.30435,0.35897
ACOLITE,ACOLITE_only,closure,Dinophysis_acuminata,23,0.30588,0.25521,0.26,0.37143
ACOLITE,ACOLITE_only,closure,Dinophysis_acuminata,24,0.35,0.32255,0.31818,0.38889
ACOLITE,ACOLITE_only,closure,Dinophysis_acuminata,25,0.27368,0.29105,0.23214,0.33333
ACOLITE,ACOLITE_only,closure,Dinophysis_acuminata,26,0.26263,0.36556,0.19403,0.40625
ACOLITE,ACOLITE_only,closure,Dinophysis_acuminata,27,0.35052,0.33367,0.27419,0.48571
ACOLITE,ACOLITE_only,closure,Dinophysis_acuminata,28,0.3125,0.35016,0.2459,0.42857
ACOLITE,ACOLITE_only,closure,Dinophysis_acuminata,29,0.35294,0.34766,0.29032,0.45
ACOLITE,ACOLITE_only,closure,Dinophysis_acuminata,30,0.28283,0.45048,0.2,0.48276
ACOLITE,ACOLITE_only,closure,Dinophysis_acuminata,31,0.25287,0.27761,0.21154,0.31429
ACOLITE,ACOLITE_only,closure,Dinophysis_acuminata,32,0.29474,0.34421,0.22581,0.42424
ACOLITE,ACOLITE_only,closure,Dinophysis_acuminata,33,0.27907,0.26039,0.23529,0.34286
ACOLITE,ACOLITE_only,closure,Dinophysis_acuminata,34,0.30108,0.26685,0.28,0.32558
ACOLITE,ACOLITE_only,closure,Dinophysis_acuminata,35,0.30108,0.29484,0.25,0.37838
ACOLITE,ACOLITE_only,closure,Dinophysis_acuminata,36,0.25,0.35322,0.1831,0.39394
ACOLITE,ACOLITE_only,closure,Dinophysis_acuminata,37,0.36,0.32001,0.31034,0.42857
ACOLITE,ACOLITE_only,closure,Dinophysis_acuminata,38,0.30928,0.33019,0.25,0.40541
ACOLITE,ACOLITE_only,closure,Dinophysis_acuminata,39,0.2,0.20403,0.17021,0.24242
ACOLITE,ACOLITE_only,closure,Dinophysis_acuminata,40,0.29268,0.31898,0.22642,0.41379
ACOLITE,ACOLITE_only,closure,Dinophysis_acuminata,41,0.26263,0.2836,0.23636,0.29545
ACOLITE,ACOLITE_only,closure,Dinophysis_acuminata,42,0.2381,0.31402,0.17241,0.38462
ACOLITE,ACOLITE_only,closure,Dinophysis_acuminata,43,0.33333,0.29474,0.30612,0.36585
ACOLITE,ACOLITE_only,closure,Dinophysis_acuminata,44,0.26415,0.36798,0.17949,0.5
ACOLITE,ACOLITE_only,closure,Dinophysis_acuminata,45,0.45045,0.4989,0.35714,0.60976
ACOLITE,ACOLITE_only,closure,Dinophysis_acuminata,46,0.30189,0.29555,0.2623,0.35556
ACOLITE,ACOLITE_only,closure,Dinophysis_acuminata,47,0.22222,0.2861,0.16949,0.32258
ACOLITE,ACOLITE_only,closure,Dinophysis_acuminata,48,0.31707,0.32723,0.23214,0.5
ACOLITE,ACOLITE_only,closure,Dinophysis_acuminata,49,0.26667,0.27337,0.2069,0.375
ACOLITE,ACOLITE_roms,closure,Dinophysis_acuminata,0,0.46939,0.48141,0.40351,0.56098
ACOLITE,ACOLITE_roms,closure,Dinophysis_acuminata,1,0.42105,0.49592,0.31746,0.625
ACOLITE,ACOLITE_roms,closure,Dinophysis_acuminata,2,0.21739,0.28265,0.16393,0.32258
ACOLITE,ACOLITE_roms,closure,Dinophysis_acuminata,3,0.42857,0.44925,0.35,0.55263
ACOLITE,ACOLITE_roms,closure,Dinophysis_acuminata,4,0.40964,0.40887,0.2931,0.68
ACOLITE,ACOLITE_roms,closure,Dinophysis_acuminata,5,0.36782,0.4433,0.2807,0.53333
ACOLITE,ACOLITE_roms,closure,Dinophysis_acuminata,6,0.40741,0.43157,0.38596,0.43137
ACOLITE,ACOLITE_roms,closure,Dinophysis_acuminata,7,0.33333,0.39378,0.26316,0.45455
ACOLITE,ACOLITE_roms,closure,Dinophysis_acuminata,8,0.38356,0.51074,0.28,0.6087
ACOLITE,ACOLITE_roms,closure,Dinophysis_acuminata,9,0.37778,0.45783,0.30909,0.48571
ACOLITE,ACOLITE_roms,closure,Dinophysis_acuminata,10,0.39252,0.47332,0.29167,0.6
ACOLITE,ACOLITE_roms,closure,Dinophysis_acuminata,11,0.30769,0.41492,0.22951,0.46667
ACOLITE,ACOLITE_roms,closure,Dinophysis_acuminata,12,0.37333,0.48233,0.28571,0.53846
ACOLITE,ACOLITE_roms,closure,Dinophysis_acuminata,13,0.41758,0.44988,0.35849,0.5
ACOLITE,ACOLITE_roms,closure,Dinophysis_acuminata,14,0.50633,0.51116,0.44444,0.58824
ACOLITE,ACOLITE_roms,closure,Dinophysis_acuminata,15,0.31373,0.44097,0.23529,0.47059
ACOLITE,ACOLITE_roms,closure,Dinophysis_acuminata,16,0.37037,0.44338,0.29412,0.5
ACOLITE,ACOLITE_roms,closure,Dinophysis_acuminata,17,0.43182,0.47546,0.35849,0.54286
ACOLITE,ACOLITE_roms,closure,Dinophysis_acuminata,18,0.4,0.44219,0.32727,0.51429
ACOLITE,ACOLITE_roms,closure,Dinophysis_acuminata,19,0.36735,0.42699,0.27692,0.54545
ACOLITE,ACOLITE_roms,closure,Dinophysis_acuminata,20,0.48352,0.51694,0.40741,0.59459
ACOLITE,ACOLITE_roms,closure,Dinophysis_acuminata,21,0.29885,0.36812,0.25,0.37143
ACOLITE,ACOLITE_roms,closure,Dinophysis_acuminata,22,0.4,0.46316,0.36957,0.4359
ACOLITE,ACOLITE_roms,closure,Dinophysis_acuminata,23,0.41975,0.38462,0.34,0.54839
ACOLITE,ACOLITE_roms,closure,Dinophysis_acuminata,24,0.48649,0.46568,0.40909,0.6
ACOLITE,ACOLITE_roms,closure,Dinophysis_acuminata,25,0.3956,0.42651,0.32143,0.51429
ACOLITE,ACOLITE_roms,closure,Dinophysis_acuminata,26,0.3617,0.49208,0.25373,0.62963
ACOLITE,ACOLITE_roms,closure,Dinophysis_acuminata,27,0.31683,0.37602,0.25806,0.41026
ACOLITE,ACOLITE_roms,closure,Dinophysis_acuminata,28,0.4,0.44495,0.31148,0.55882
ACOLITE,ACOLITE_roms,closure,Dinophysis_acuminata,29,0.40777,0.42146,0.33871,0.5122
ACOLITE,ACOLITE_roms,closure,Dinophysis_acuminata,30,0.5,0.59429,0.37143,0.76471
ACOLITE,ACOLITE_roms,closure,Dinophysis_acuminata,31,0.38462,0.45254,0.28846,0.57692
ACOLITE,ACOLITE_roms,closure,Dinophysis_acuminata,32,0.42857,0.45173,0.33871,0.58333
ACOLITE,ACOLITE_roms,closure,Dinophysis_acuminata,33,0.46512,0.5093,0.39216,0.57143
ACOLITE,ACOLITE_roms,closure,Dinophysis_acuminata,34,0.33333,0.38881,0.28,0.41176
ACOLITE,ACOLITE_roms,closure,Dinophysis_acuminata,35,0.40426,0.34798,0.33929,0.5
ACOLITE,ACOLITE_roms,closure,Dinophysis_acuminata,36,0.38889,0.47833,0.29577,0.56757
ACOLITE,ACOLITE_roms,closure,Dinophysis_acuminata,37,0.43137,0.42928,0.37931,0.5
ACOLITE,ACOLITE_roms,closure,Dinophysis_acuminata,38,0.40426,0.50093,0.31667,0.55882
ACOLITE,ACOLITE_roms,closure,Dinophysis_acuminata,39,0.36364,0.36351,0.34043,0.39024
ACOLITE,ACOLITE_roms,closure,Dinophysis_acuminata,40,0.44444,0.52279,0.33962,0.64286
ACOLITE,ACOLITE_roms,closure,Dinophysis_acuminata,41,0.41304,0.47775,0.34545,0.51351
ACOLITE,ACOLITE_roms,closure,Dinophysis_acuminata,42,0.43182,0.4907,0.32759,0.63333
ACOLITE,ACOLITE_roms,closure,Dinophysis_acuminata,43,0.41758,0.46491,0.38776,0.45238
ACOLITE,ACOLITE_roms,closure,Dinophysis_acuminata,44,0.45,0.48641,0.34615,0.64286
ACOLITE,ACOLITE_roms,closure,Dinophysis_acuminata,45,0.50909,0.56142,0.4,0.7
ACOLITE,ACOLITE_roms,closure,Dinophysis_acuminata,46,0.38384,0.42283,0.31148,0.5
ACOLITE,ACOLITE_roms,closure,Dinophysis_acuminata,47,0.3871,0.42982,0.30508,0.52941
ACOLITE,ACOLITE_roms,closure,Dinophysis_acuminata,48,0.41379,0.42221,0.32143,0.58065
ACOLITE,ACOLITE_roms,closure,Dinophysis_acuminata,49,0.43299,0.34367,0.36207,0.53846
ACOLITE,ACOLITE_only,closure,Dinophysis_norvegica,0,0.0,0.07964,0.0,0.0
ACOLITE,ACOLITE_only,closure,Dinophysis_norvegica,1,0.0,0.04724,0.0,0.0
ACOLITE,ACOLITE_only,closure,Dinophysis_norvegica,2,0.25,0.21397,0.2,0.33333
ACOLITE,ACOLITE_only,closure,Dinophysis_norvegica,3,0.0,0.04299,0.0,0.0
ACOLITE,ACOLITE_only,closure,Dinophysis_norvegica,4,0.0,0.07392,0.0,0.0
ACOLITE,ACOLITE_only,closure,Dinophysis_norvegica,5,0.0,0.08664,0.0,0.0
ACOLITE,ACOLITE_only,closure,Dinophysis_norvegica,6,0.15385,0.13335,0.09091,0.5
ACOLITE,ACOLITE_only,closure,Dinophysis_norvegica,7,0.2,0.18842,0.14286,0.33333
ACOLITE,ACOLITE_only,closure,Dinophysis_norvegica,8,0.16667,0.2292,0.09091,1.0
ACOLITE,ACOLITE_only,closure,Dinophysis_norvegica,9,0.0,0.0866,0.0,0.0
ACOLITE,ACOLITE_only,closure,Dinophysis_norvegica,10,0.2,0.22197,0.11111,1.0
ACOLITE,ACOLITE_only,closure,Dinophysis_norvegica,11,0.0,0.07995,0.0,0.0
ACOLITE,ACOLITE_only,closure,Dinophysis_norvegica,12,0.0,0.04923,0.0,0.0
ACOLITE,ACOLITE_only,closure,Dinophysis_norvegica,13,0.0,0.04152,0.0,0.0
ACOLITE,ACOLITE_only,closure,Dinophysis_norvegica,14,0.0,0.05982,0.0,0.0
ACOLITE,ACOLITE_only,closure,Dinophysis_norvegica,15,0.125,0.13542,0.07692,0.33333
ACOLITE,ACOLITE_only,closure,Dinophysis_norvegica,16,0.0,0.06378,0.0,0.0
ACOLITE,ACOLITE_only,closure,Dinophysis_norvegica,17,0.0,0.00634,0.0,0.0
ACOLITE,ACOLITE_only,closure,Dinophysis_norvegica,18,0.25,0.19103,0.14286,1.0
ACOLITE,ACOLITE_only,closure,Dinophysis_norvegica,19,0.0,0.0592,0.0,0.0
ACOLITE,ACOLITE_only,closure,Dinophysis_norvegica,20,0.0,0.05083,0.0,0.0
ACOLITE,ACOLITE_only,closure,Dinophysis_norvegica,21,0.0,0.13095,0.0,0.0
ACOLITE,ACOLITE_only,closure,Dinophysis_norvegica,22,0.28571,0.17696,0.2,0.5
ACOLITE,ACOLITE_only,closure,Dinophysis_norvegica,23,0.18182,0.18708,0.1,1.0
ACOLITE,ACOLITE_only,closure,Dinophysis_norvegica,24,0.0,0.01777,0.0,0.0
ACOLITE,ACOLITE_only,closure,Dinophysis_norvegica,25,0.0,0.0144,0.0,0.0
ACOLITE,ACOLITE_only,closure,Dinophysis_norvegica,26,0.14286,0.22093,0.08333,0.5
ACOLITE,ACOLITE_only,closure,Dinophysis_norvegica,27,0.13333,0.15712,0.07143,1.0
ACOLITE,ACOLITE_only,closure,Dinophysis_norvegica,28,0.0,0.03796,0.0,0.0
ACOLITE,ACOLITE_only,closure,Dinophysis_norvegica,29,0.0,0.03734,0.0,0.0
ACOLITE,ACOLITE_only,closure,Dinophysis_norvegica,30,0.15385,0.13607,0.08333,1.0
ACOLITE,ACOLITE_only,closure,Dinophysis_norvegica,31,0.0,0.01411,0.0,0.0
ACOLITE,ACOLITE_only,closure,Dinophysis_norvegica,32,0.0,0.0541,0.0,0.0
ACOLITE,ACOLITE_only,closure,Dinophysis_norvegica,33,0.0,0.02157,0.0,0.0
ACOLITE,ACOLITE_only,closure,Dinophysis_norvegica,34,0.0,0.02904,0.0,0.0
ACOLITE,ACOLITE_only,closure,Dinophysis_norvegica,35,0.0,0.029,0.0,0.0
ACOLITE,ACOLITE_only,closure,Dinophysis_norvegica,36,0.0,0.02747,0.0,0.0
ACOLITE,ACOLITE_only,closure,Dinophysis_norvegica,37,0.15385,0.18317,0.08333,1.0
ACOLITE,ACOLITE_only,closure,Dinophysis_norvegica,38,0.0,0.019,0.0,0.0
ACOLITE,ACOLITE_only,closure,Dinophysis_norvegica,39,0.15385,0.14542,0.08333,1.0
ACOLITE,ACOLITE_only,closure,Dinophysis_norvegica,40,0.2,0.22579,0.125,0.5
ACOLITE,ACOLITE_only,closure,Dinophysis_norvegica,41,0.2,0.14813,0.11111,1.0
ACOLITE,ACOLITE_only,closure,Dinophysis_norvegica,42,0.0,0.03312,0.0,0.0
ACOLITE,ACOLITE_only,closure,Dinophysis_norvegica,43,0.0,0.03172,0.0,0.0
ACOLITE,ACOLITE_only,closure,Dinophysis_norvegica,44,0.14286,0.1421,0.08333,0.5
ACOLITE,ACOLITE_only,closure,Dinophysis_norvegica,45,0.0,0.04467,0.0,0.0
ACOLITE,ACOLITE_only,closure,Dinophysis_norvegica,46,0.28571,0.19276,0.16667,1.0
ACOLITE,ACOLITE_only,closure,Dinophysis_norvegica,47,0.33333,0.20643,0.2,1.0
ACOLITE,ACOLITE_only,closure,Dinophysis_norvegica,48,0.0,0.08174,0.0,0.0
ACOLITE,ACOLITE_only,closure,Dinophysis_norvegica,49,0.15385,0.2207,0.08333,1.0
ACOLITE,ACOLITE_roms,closure,Dinophysis_norvegica,0,0.0,0.13476,0.0,0.0
ACOLITE,ACOLITE_roms,closure,Dinophysis_norvegica,1,0.0,0.06085,0.0,0.0
ACOLITE,ACOLITE_roms,closure,Dinophysis_norvegica,2,0.33333,0.20903,0.2,1.0
ACOLITE,ACOLITE_roms,closure,Dinophysis_norvegica,3,0.0,0.0841,0.0,0.0
ACOLITE,ACOLITE_roms,closure,Dinophysis_norvegica,4,0.0,0.07141,0.0,0.0
ACOLITE,ACOLITE_roms,closure,Dinophysis_norvegica,5,0.0,0.12112,0.0,0.0
ACOLITE,ACOLITE_roms,closure,Dinophysis_norvegica,6,0.16667,0.12496,0.09091,1.0
ACOLITE,ACOLITE_roms,closure,Dinophysis_norvegica,7,0.2,0.22845,0.14286,0.33333
ACOLITE,ACOLITE_roms,closure,Dinophysis_norvegica,8,0.15385,0.1415,0.09091,0.5
ACOLITE,ACOLITE_roms,closure,Dinophysis_norvegica,9,0.0,0.09255,0.0,0.0
ACOLITE,ACOLITE_roms,closure,Dinophysis_norvegica,10,0.2,0.24669,0.11111,1.0
ACOLITE,ACOLITE_roms,closure,Dinophysis_norvegica,11,0.0,0.05832,0.0,0.0
ACOLITE,ACOLITE_roms,closure,Dinophysis_norvegica,12,0.0,0.04605,0.0,0.0
ACOLITE,ACOLITE_roms,closure,Dinophysis_norvegica,13,0.0,0.04809,0.0,0.0
ACOLITE,ACOLITE_roms,closure,Dinophysis_norvegica,14,0.0,0.05549,0.0,0.0
ACOLITE,ACOLITE_roms,closure,Dinophysis_norvegica,15,0.13333,0.20769,0.07692,0.5
ACOLITE,ACOLITE_roms,closure,Dinophysis_norvegica,16,0.0,0.05067,0.0,0.0
ACOLITE,ACOLITE_roms,closure,Dinophysis_norvegica,17,0.0,0.0104,0.0,0.0
ACOLITE,ACOLITE_roms,closure,Dinophysis_norvegica,18,0.25,0.22205,0.14286,1.0
ACOLITE,ACOLITE_roms,closure,Dinophysis_norvegica,19,0.0,0.10961,0.0,0.0
ACOLITE,ACOLITE_roms,closure,Dinophysis_norvegica,20,0.0,0.09866,0.0,0.0
ACOLITE,ACOLITE_roms,closure,Dinophysis_norvegica,21,0.0,0.14977,0.0,0.0
ACOLITE,ACOLITE_roms,closure,Dinophysis_norvegica,22,0.28571,0.27554,0.2,0.5
ACOLITE,ACOLITE_roms,closure,Dinophysis_norvegica,23,0.18182,0.19959,0.1,1.0
ACOLITE,ACOLITE_roms,closure,Dinophysis_norvegica,24,0.0,0.02675,0.0,0.0
ACOLITE,ACOLITE_roms,closure,Dinophysis_norvegica,25,0.0,0.02748,0.0,0.0
ACOLITE,ACOLITE_roms,closure,Dinophysis_norvegica,26,0.28571,0.28148,0.16667,1.0
ACOLITE,ACOLITE_roms,closure,Dinophysis_norvegica,27,0.13333,0.16631,0.07143,1.0
ACOLITE,ACOLITE_roms,closure,Dinophysis_norvegica,28,0.0,0.05873,0.0,0.0
ACOLITE,ACOLITE_roms,closure,Dinophysis_norvegica,29,0.0,0.04833,0.0,0.0
ACOLITE,ACOLITE_roms,closure,Dinophysis_norvegica,30,0.15385,0.13277,0.08333,1.0
ACOLITE,ACOLITE_roms,closure,Dinophysis_norvegica,31,0.0,0.03756,0.0,0.0
ACOLITE,ACOLITE_roms,closure,Dinophysis_norvegica,32,0.0,0.06736,0.0,0.0
ACOLITE,ACOLITE_roms,closure,Dinophysis_norvegica,33,0.0,0.03265,0.0,0.0
ACOLITE,ACOLITE_roms,closure,Dinophysis_norvegica,34,0.0,0.03022,0.0,0.0
ACOLITE,ACOLITE_roms,closure,Dinophysis_norvegica,35,0.0,0.01994,0.0,0.0
ACOLITE,ACOLITE_roms,closure,Dinophysis_norvegica,36,0.0,0.06503,0.0,0.0
ACOLITE,ACOLITE_roms,closure,Dinophysis_norvegica,37,0.15385,0.20299,0.08333,1.0
ACOLITE,ACOLITE_roms,closure,Dinophysis_norvegica,38,0.0,0.02486,0.0,0.0
ACOLITE,ACOLITE_roms,closure,Dinophysis_norvegica,39,0.15385,0.15992,0.08333,1.0
ACOLITE,ACOLITE_roms,closure,Dinophysis_norvegica,40,0.22222,0.29191,0.125,1.0
ACOLITE,ACOLITE_roms,closure,Dinophysis_norvegica,41,0.2,0.14521,0.11111,1.0
ACOLITE,ACOLITE_roms,closure,Dinophysis_norvegica,42,0.0,0.02967,0.0,0.0
ACOLITE,ACOLITE_roms,closure,Dinophysis_norvegica,43,0.0,0.04074,0.0,0.0
ACOLITE,ACOLITE_roms,closure,Dinophysis_norvegica,44,0.15385,0.14363,0.08333,1.0
ACOLITE,ACOLITE_roms,closure,Dinophysis_norvegica,45,0.0,0.04185,0.0,0.0
ACOLITE,ACOLITE_roms,closure,Dinophysis_norvegica,46,0.28571,0.20463,0.16667,1.0
ACOLITE,ACOLITE_roms,closure,Dinophysis_norvegica,47,0.33333,0.21414,0.2,1.0
ACOLITE,ACOLITE_roms,closure,Dinophysis_norvegica,48,0.0,0.09585,0.0,0.0
ACOLITE,ACOLITE_roms,closure,Dinophysis_norvegica,49,0.15385,0.25936,0.08333,1.0
ACOLITE,ACOLITE_only,closure,Karenia,0,0.79237,0.85779,0.85,0.74206
ACOLITE,ACOLITE_only,closure,Karenia,1,0.83529,0.88957,0.8419,0.82879
ACOLITE,ACOLITE_only,closure,Karenia,2,0.81609,0.87271,0.83203,0.80075
ACOLITE,ACOLITE_only,closure,Karenia,3,0.82136,0.86033,0.84034,0.80321
ACOLITE,ACOLITE_only,closure,Karenia,4,0.83186,0.88332,0.86636,0.8
ACOLITE,ACOLITE_only,closure,Karenia,5,0.81749,0.87158,0.85657,0.78182
ACOLITE,ACOLITE_only,closure,Karenia,6,0.82618,0.88831,0.87069,0.78599
ACOLITE,ACOLITE_only,closure,Karenia,7,0.82488,0.85753,0.87317,0.78166
ACOLITE,ACOLITE_only,closure,Karenia,8,0.83673,0.88399,0.87234,0.80392
ACOLITE,ACOLITE_only,closure,Karenia,9,0.80396,0.88645,0.83884,0.77186
ACOLITE,ACOLITE_only,closure,Karenia,10,0.81301,0.87903,0.82988,0.79681
ACOLITE,ACOLITE_only,closure,Karenia,11,0.80879,0.85178,0.82143,0.79654
ACOLITE,ACOLITE_only,closure,Karenia,12,0.84272,0.88779,0.893,0.79779
ACOLITE,ACOLITE_only,closure,Karenia,13,0.83333,0.87785,0.89912,0.77652
ACOLITE,ACOLITE_only,closure,Karenia,14,0.83232,0.89496,0.84426,0.82072
ACOLITE,ACOLITE_only,closure,Karenia,15,0.83367,0.8898,0.84898,0.8189
ACOLITE,ACOLITE_only,closure,Karenia,16,0.83133,0.89925,0.85185,0.81176
ACOLITE,ACOLITE_only,closure,Karenia,17,0.79668,0.86203,0.84581,0.75294
ACOLITE,ACOLITE_only,closure,Karenia,18,0.82122,0.88594,0.84274,0.80077
ACOLITE,ACOLITE_only,closure,Karenia,19,0.83004,0.85852,0.86066,0.80153
ACOLITE,ACOLITE_only,closure,Karenia,20,0.84328,0.90207,0.84644,0.84015
ACOLITE,ACOLITE_only,closure,Karenia,21,0.81729,0.87971,0.83871,0.79693
ACOLITE,ACOLITE_only,closure,Karenia,22,0.79002,0.87502,0.81197,0.76923
ACOLITE,ACOLITE_only,closure,Karenia,23,0.83146,0.90421,0.85253,0.8114
ACOLITE,ACOLITE_only,closure,Karenia,24,0.81496,0.872,0.84146,0.79008
ACOLITE,ACOLITE_only,closure,Karenia,25,0.81526,0.853,0.86017,0.77481
ACOLITE,ACOLITE_only,closure,Karenia,26,0.8,0.84514,0.81275,0.78764
ACOLITE,ACOLITE_only,closure,Karenia,27,0.8189,0.83526,0.87029,0.77323
ACOLITE,ACOLITE_only,closure,Karenia,28,0.83065,0.85624,0.89177,0.77736
ACOLITE,ACOLITE_only,closure,Karenia,29,0.85081,0.91597,0.85425,0.84739
ACOLITE,ACOLITE_only,closure,Karenia,30,0.84058,0.9113,0.84583,0.83539
ACOLITE,ACOLITE_only,closure,Karenia,31,0.83465,0.87639,0.85484,0.81538
ACOLITE,ACOLITE_only,closure,Karenia,32,0.82093,0.88355,0.86076,0.78462
ACOLITE,ACOLITE_only,closure,Karenia,33,0.85214,0.9116,0.86905,0.83588
ACOLITE,ACOLITE_only,closure,Karenia,34,0.84375,0.90355,0.85714,0.83077
ACOLITE,ACOLITE_only,closure,Karenia,35,0.85714,0.89215,0.87097,0.84375
ACOLITE,ACOLITE_only,closure,Karenia,36,0.79574,0.87633,0.82018,0.77273
ACOLITE,ACOLITE_only,closure,Karenia,37,0.81224,0.89157,0.79283,0.83264
ACOLITE,ACOLITE_only,closure,Karenia,38,0.80816,0.83929,0.825,0.792
ACOLITE,ACOLITE_only,closure,Karenia,39,0.83333,0.90019,0.83673,0.82996
ACOLITE,ACOLITE_only,closure,Karenia,40,0.8178,0.85971,0.8733,0.76892
ACOLITE,ACOLITE_only,closure,Karenia,41,0.83761,0.89708,0.8559,0.82008
ACOLITE,ACOLITE_only,closure,Karenia,42,0.84952,0.88466,0.892,0.81091
ACOLITE,ACOLITE_only,closure,Karenia,43,0.83983,0.8933,0.87783,0.80498
ACOLITE,ACOLITE_only,closure,Karenia,44,0.83142,0.86991,0.868,0.79779
ACOLITE,ACOLITE_only,closure,Karenia,45,0.82569,0.8772,0.84112,0.81081
ACOLITE,ACOLITE_only,closure,Karenia,46,0.80777,0.87322,0.85246,0.76753
ACOLITE,ACOLITE_only,closure,Karenia,47,0.80792,0.88417,0.82258,0.79377
ACOLITE,ACOLITE_only,closure,Karenia,48,0.81154,0.8686,0.86122,0.76727
ACOLITE,ACOLITE_only,closure,Karenia,49,0.78723,0.88306,0.78059,0.79399
ACOLITE,ACOLITE_roms,closure,Karenia,0,0.82083,0.8493,0.89545,0.75769
ACOLITE,ACOLITE_roms,closure,Karenia,1,0.86148,0.89895,0.89723,0.82847
ACOLITE,ACOLITE_roms,closure,Karenia,2,0.83521,0.88832,0.87109,0.80216
ACOLITE,ACOLITE_roms,closure,Karenia,3,0.84168,0.86763,0.88235,0.8046
ACOLITE,ACOLITE_roms,closure,Karenia,4,0.84052,0.88264,0.89862,0.78947
ACOLITE,ACOLITE_roms,closure,Karenia,5,0.83549,0.88698,0.9004,0.77931
ACOLITE,ACOLITE_roms,closure,Karenia,6,0.82857,0.89788,0.875,0.78682
ACOLITE,ACOLITE_roms,closure,Karenia,7,0.83636,0.8614,0.89756,0.78298
ACOLITE,ACOLITE_roms,closure,Karenia,8,0.84677,0.88867,0.89362,0.8046
ACOLITE,ACOLITE_roms,closure,Karenia,9,0.81092,0.87945,0.8595,0.76753
ACOLITE,ACOLITE_roms,closure,Karenia,10,0.85259,0.89159,0.88797,0.81992
ACOLITE,ACOLITE_roms,closure,Karenia,11,0.83262,0.86192,0.86607,0.80165
ACOLITE,ACOLITE_roms,closure,Karenia,12,0.85934,0.89449,0.9177,0.80797
ACOLITE,ACOLITE_roms,closure,Karenia,13,0.864,0.89468,0.94737,0.79412
ACOLITE,ACOLITE_roms,closure,Karenia,14,0.85429,0.89557,0.87705,0.83268
ACOLITE,ACOLITE_roms,closure,Karenia,15,0.83629,0.89277,0.86531,0.80916
ACOLITE,ACOLITE_roms,closure,Karenia,16,0.84462,0.9019,0.87243,0.81853
ACOLITE,ACOLITE_roms,closure,Karenia,17,0.81781,0.85914,0.88987,0.75655
ACOLITE,ACOLITE_roms,closure,Karenia,18,0.85441,0.88922,0.89919,0.81387
ACOLITE,ACOLITE_roms,closure,Karenia,19,0.85493,0.87547,0.90574,0.80952
ACOLITE,ACOLITE_roms,closure,Karenia,20,0.87912,0.90188,0.89888,0.86022
ACOLITE,ACOLITE_roms,closure,Karenia,21,0.83012,0.89657,0.86694,0.7963
ACOLITE,ACOLITE_roms,closure,Karenia,22,0.8252,0.88173,0.86752,0.78682
ACOLITE,ACOLITE_roms,closure,Karenia,23,0.85651,0.91862,0.89401,0.82203
ACOLITE,ACOLITE_roms,closure,Karenia,24,0.83721,0.87614,0.87805,0.8
ACOLITE,ACOLITE_roms,closure,Karenia,25,0.8373,0.86374,0.89407,0.78731
ACOLITE,ACOLITE_roms,closure,Karenia,26,0.82534,0.86635,0.85657,0.7963
ACOLITE,ACOLITE_roms,closure,Karenia,27,0.818,0.85791,0.87448,0.76838
ACOLITE,ACOLITE_roms,closure,Karenia,28,0.84813,0.84424,0.93074,0.77899
ACOLITE,ACOLITE_roms,closure,Karenia,29,0.86337,0.91862,0.88259,0.84496
ACOLITE,ACOLITE_roms,closure,Karenia,30,0.85885,0.9165,0.9,0.82129
ACOLITE,ACOLITE_roms,closure,Karenia,31,0.84825,0.88665,0.87903,0.81955
ACOLITE,ACOLITE_roms,closure,Karenia,32,0.84024,0.89234,0.89873,0.78889
ACOLITE,ACOLITE_roms,closure,Karenia,33,0.87786,0.91059,0.9127,0.84559
ACOLITE,ACOLITE_roms,closure,Karenia,34,0.86312,0.90754,0.90079,0.82847
ACOLITE,ACOLITE_roms,closure,Karenia,35,0.87938,0.89529,0.91129,0.84962
ACOLITE,ACOLITE_roms,closure,Karenia,36,0.83197,0.88639,0.89035,0.78077
ACOLITE,ACOLITE_roms,closure,Karenia,37,0.84752,0.89883,0.85259,0.84252
ACOLITE,ACOLITE_roms,closure,Karenia,38,0.84105,0.84432,0.87083,0.81323
ACOLITE,ACOLITE_roms,closure,Karenia,39,0.852,0.9157,0.86939,0.83529
ACOLITE,ACOLITE_roms,closure,Karenia,40,0.83845,0.87026,0.9276,0.76493
ACOLITE,ACOLITE_roms,closure,Karenia,41,0.84232,0.89172,0.88646,0.80237
ACOLITE,ACOLITE_roms,closure,Karenia,42,0.85769,0.89657,0.904,0.81588
ACOLITE,ACOLITE_roms,closure,Karenia,43,0.85169,0.90024,0.9095,0.8008
ACOLITE,ACOLITE_roms,closure,Karenia,44,0.85661,0.87267,0.92,0.80139
ACOLITE,ACOLITE_roms,closure,Karenia,45,0.84,0.87782,0.88318,0.80085
ACOLITE,ACOLITE_roms,closure,Karenia,46,0.83429,0.8721,0.89754,0.77936
ACOLITE,ACOLITE_roms,closure,Karenia,47,0.83821,0.89376,0.86694,0.81132
ACOLITE,ACOLITE_roms,closure,Karenia,48,0.84411,0.88282,0.90612,0.79004
ACOLITE,ACOLITE_roms,closure,Karenia,49,0.83436,0.88732,0.86076,0.80952
ACOLITE,ACOLITE_only,closure,Pseudo-nitzschia,0,0.60317,0.78801,0.48718,0.79167
ACOLITE,ACOLITE_only,closure,Pseudo-nitzschia,1,0.58621,0.77323,0.48571,0.73913
ACOLITE,ACOLITE_only,closure,Pseudo-nitzschia,2,0.56604,0.60303,0.5,0.65217
ACOLITE,ACOLITE_only,closure,Pseudo-nitzschia,3,0.64865,0.77704,0.51064,0.88889
ACOLITE,ACOLITE_only,closure,Pseudo-nitzschia,4,0.72,0.77642,0.66667,0.78261
ACOLITE,ACOLITE_only,closure,Pseudo-nitzschia,5,0.62069,0.65066,0.58065,0.66667
ACOLITE,ACOLITE_only,closure,Pseudo-nitzschia,6,0.5,0.60792,0.44,0.57895
ACOLITE,ACOLITE_only,closure,Pseudo-nitzschia,7,0.65625,0.7051,0.56757,0.77778
ACOLITE,ACOLITE_only,closure,Pseudo-nitzschia,8,0.67647,0.79424,0.53488,0.92
ACOLITE,ACOLITE_only,closure,Pseudo-nitzschia,9,0.52632,0.64648,0.45455,0.625
ACOLITE,ACOLITE_only,closure,Pseudo-nitzschia,10,0.6,0.76165,0.45455,0.88235
ACOLITE,ACOLITE_only,closure,Pseudo-nitzschia,11,0.65455,0.67023,0.5625,0.78261
ACOLITE,ACOLITE_only,closure,Pseudo-nitzschia,12,0.48889,0.80158,0.33333,0.91667
ACOLITE,ACOLITE_only,closure,Pseudo-nitzschia,13,0.65574,0.75003,0.625,0.68966
ACOLITE,ACOLITE_only,closure,Pseudo-nitzschia,14,0.57627,0.67536,0.44737,0.80952
ACOLITE,ACOLITE_only,closure,Pseudo-nitzschia,15,0.58182,0.73154,0.45714,0.8
ACOLITE,ACOLITE_only,closure,Pseudo-nitzschia,16,0.57143,0.64648,0.5,0.66667
ACOLITE,ACOLITE_only,closure,Pseudo-nitzschia,17,0.55738,0.69569,0.44737,0.73913
ACOLITE,ACOLITE_only,closure,Pseudo-nitzschia,18,0.52632,0.72371,0.39474,0.78947
ACOLITE,ACOLITE_only,closure,Pseudo-nitzschia,19,0.67742,0.75486,0.6,0.77778
ACOLITE,ACOLITE_only,closure,Pseudo-nitzschia,20,0.52941,0.75173,0.4,0.78261
ACOLITE,ACOLITE_only,closure,Pseudo-nitzschia,21,0.58621,0.73108,0.48571,0.73913
ACOLITE,ACOLITE_only,closure,Pseudo-nitzschia,22,0.65753,0.74629,0.55814,0.8
ACOLITE,ACOLITE_only,closure,Pseudo-nitzschia,23,0.61972,0.77335,0.47826,0.88
ACOLITE,ACOLITE_only,closure,Pseudo-nitzschia,24,0.58333,0.7584,0.45161,0.82353
ACOLITE,ACOLITE_only,closure,Pseudo-nitzschia,25,0.52459,0.69578,0.4,0.7619
ACOLITE,ACOLITE_only,closure,Pseudo-nitzschia,26,0.60606,0.72936,0.4878,0.8
ACOLITE,ACOLITE_only,closure,Pseudo-nitzschia,27,0.63014,0.77422,0.51111,0.82143
ACOLITE,ACOLITE_only,closure,Pseudo-nitzschia,28,0.62222,0.73877,0.46667,0.93333
ACOLITE,ACOLITE_only,closure,Pseudo-nitzschia,29,0.60317,0.82351,0.45238,0.90476
ACOLITE,ACOLITE_only,closure,Pseudo-nitzschia,30,0.5,0.75491,0.35294,0.85714
ACOLITE,ACOLITE_only,closure,Pseudo-nitzschia,31,0.45161,0.70411,0.33333,0.7
ACOLITE,ACOLITE_only,closure,Pseudo-nitzschia,32,0.63333,0.77047,0.51351,0.82609
ACOLITE,ACOLITE_only,closure,Pseudo-nitzschia,33,0.65385,0.74221,0.53125,0.85
ACOLITE,ACOLITE_only,closure,Pseudo-nitzschia,34,0.64615,0.64521,0.53846,0.80769
ACOLITE,ACOLITE_only,closure,Pseudo-nitzschia,35,0.63636,0.68357,0.53846,0.77778
ACOLITE,ACOLITE_only,closure,Pseudo-nitzschia,36,0.72727,0.79743,0.63158,0.85714
ACOLITE,ACOLITE_only,closure,Pseudo-nitzschia,37,0.54545,0.67068,0.43902,0.72
ACOLITE,ACOLITE_only,closure,Pseudo-nitzschia,38,0.61765,0.70739,0.5122,0.77778
ACOLITE,ACOLITE_only,closure,Pseudo-nitzschia,39,0.70423,0.80729,0.55556,0.96154
ACOLITE,ACOLITE_only,closure,Pseudo-nitzschia,40,0.68571,0.75894,0.63158,0.75
ACOLITE,ACOLITE_only,closure,Pseudo-nitzschia,41,0.58182,0.66656,0.45714,0.8
ACOLITE,ACOLITE_only,closure,Pseudo-nitzschia,42,0.54237,0.6905,0.42105,0.7619
ACOLITE,ACOLITE_only,closure,Pseudo-nitzschia,43,0.64151,0.76012,0.5,0.89474
ACOLITE,ACOLITE_only,closure,Pseudo-nitzschia,44,0.57971,0.69986,0.45455,0.8
ACOLITE,ACOLITE_only,closure,Pseudo-nitzschia,45,0.61538,0.71362,0.54054,0.71429
ACOLITE,ACOLITE_only,closure,Pseudo-nitzschia,46,0.51613,0.63595,0.41026,0.69565
ACOLITE,ACOLITE_only,closure,Pseudo-nitzschia,47,0.58537,0.75459,0.43636,0.88889
ACOLITE,ACOLITE_only,closure,Pseudo-nitzschia,48,0.62791,0.6962,0.52941,0.77143
ACOLITE,ACOLITE_only,closure,Pseudo-nitzschia,49,0.65714,0.82016,0.53488,0.85185
ACOLITE,ACOLITE_roms,closure,Pseudo-nitzschia,0,0.73973,0.858,0.69231,0.79412
ACOLITE,ACOLITE_roms,closure,Pseudo-nitzschia,1,0.71875,0.8484,0.65714,0.7931
ACOLITE,ACOLITE_roms,closure,Pseudo-nitzschia,2,0.65517,0.71161,0.63333,0.67857
ACOLITE,ACOLITE_roms,closure,Pseudo-nitzschia,3,0.68354,0.83565,0.57447,0.84375
ACOLITE,ACOLITE_roms,closure,Pseudo-nitzschia,4,0.76364,0.7926,0.77778,0.75
ACOLITE,ACOLITE_roms,closure,Pseudo-nitzschia,5,0.68852,0.70577,0.67742,0.7
ACOLITE,ACOLITE_roms,closure,Pseudo-nitzschia,6,0.6383,0.70441,0.6,0.68182
ACOLITE,ACOLITE_roms,closure,Pseudo-nitzschia,7,0.76056,0.75554,0.72973,0.79412
ACOLITE,ACOLITE_roms,closure,Pseudo-nitzschia,8,0.71795,0.81468,0.65116,0.8
ACOLITE,ACOLITE_roms,closure,Pseudo-nitzschia,9,0.66667,0.69185,0.68182,0.65217
ACOLITE,ACOLITE_roms,closure,Pseudo-nitzschia,10,0.7037,0.85709,0.57576,0.90476
ACOLITE,ACOLITE_roms,closure,Pseudo-nitzschia,11,0.70175,0.71726,0.625,0.8
ACOLITE,ACOLITE_roms,closure,Pseudo-nitzschia,12,0.69231,0.90149,0.54545,0.94737
ACOLITE,ACOLITE_roms,closure,Pseudo-nitzschia,13,0.72414,0.83884,0.65625,0.80769
ACOLITE,ACOLITE_roms,closure,Pseudo-nitzschia,14,0.625,0.7597,0.52632,0.76923
ACOLITE,ACOLITE_roms,closure,Pseudo-nitzschia,15,0.67797,0.80507,0.57143,0.83333
ACOLITE,ACOLITE_roms,closure,Pseudo-nitzschia,16,0.67797,0.75415,0.625,0.74074
ACOLITE,ACOLITE_roms,closure,Pseudo-nitzschia,17,0.68657,0.77587,0.60526,0.7931
ACOLITE,ACOLITE_roms,closure,Pseudo-nitzschia,18,0.72727,0.79225,0.63158,0.85714
ACOLITE,ACOLITE_roms,closure,Pseudo-nitzschia,19,0.75,0.81662,0.68571,0.82759
ACOLITE,ACOLITE_roms,closure,Pseudo-nitzschia,20,0.70886,0.79867,0.62222,0.82353
ACOLITE,ACOLITE_roms,closure,Pseudo-nitzschia,21,0.68852,0.77523,0.6,0.80769
ACOLITE,ACOLITE_roms,closure,Pseudo-nitzschia,22,0.72,0.84436,0.62791,0.84375
ACOLITE,ACOLITE_roms,closure,Pseudo-nitzschia,23,0.69231,0.83557,0.58696,0.84375
ACOLITE,ACOLITE_roms,closure,Pseudo-nitzschia,24,0.64151,0.82142,0.54839,0.77273
ACOLITE,ACOLITE_roms,closure,Pseudo-nitzschia,25,0.63636,0.7696,0.525,0.80769
ACOLITE,ACOLITE_roms,closure,Pseudo-nitzschia,26,0.74667,0.78781,0.68293,0.82353
ACOLITE,ACOLITE_roms,closure,Pseudo-nitzschia,27,0.71795,0.84776,0.62222,0.84848
ACOLITE,ACOLITE_roms,closure,Pseudo-nitzschia,28,0.70833,0.82761,0.56667,0.94444
ACOLITE,ACOLITE_roms,closure,Pseudo-nitzschia,29,0.8,0.88429,0.71429,0.90909
ACOLITE,ACOLITE_roms,closure,Pseudo-nitzschia,30,0.57143,0.79955,0.43137,0.84615
ACOLITE,ACOLITE_roms,closure,Pseudo-nitzschia,31,0.6,0.75926,0.5,0.75
ACOLITE,ACOLITE_roms,closure,Pseudo-nitzschia,32,0.72727,0.83851,0.64865,0.82759
ACOLITE,ACOLITE_roms,closure,Pseudo-nitzschia,33,0.67857,0.81285,0.59375,0.79167
ACOLITE,ACOLITE_roms,closure,Pseudo-nitzschia,34,0.66667,0.70758,0.58974,0.76667
ACOLITE,ACOLITE_roms,closure,Pseudo-nitzschia,35,0.74286,0.76117,0.66667,0.83871
ACOLITE,ACOLITE_roms,closure,Pseudo-nitzschia,36,0.75,0.82238,0.71053,0.79412
ACOLITE,ACOLITE_roms,closure,Pseudo-nitzschia,37,0.67606,0.76948,0.58537,0.8
ACOLITE,ACOLITE_roms,closure,Pseudo-nitzschia,38,0.68421,0.78722,0.63415,0.74286
ACOLITE,ACOLITE_roms,closure,Pseudo-nitzschia,39,0.76923,0.8378,0.66667,0.90909
ACOLITE,ACOLITE_roms,closure,Pseudo-nitzschia,40,0.76316,0.83073,0.76316,0.76316
ACOLITE,ACOLITE_roms,closure,Pseudo-nitzschia,41,0.69841,0.75608,0.62857,0.78571
ACOLITE,ACOLITE_roms,closure,Pseudo-nitzschia,42,0.73529,0.78091,0.65789,0.83333
ACOLITE,ACOLITE_roms,closure,Pseudo-nitzschia,43,0.73684,0.83046,0.61765,0.91304
ACOLITE,ACOLITE_roms,closure,Pseudo-nitzschia,44,0.64865,0.71686,0.54545,0.8
ACOLITE,ACOLITE_roms,closure,Pseudo-nitzschia,45,0.6875,0.80087,0.59459,0.81481
ACOLITE,ACOLITE_roms,closure,Pseudo-nitzschia,46,0.71429,0.7402,0.64103,0.80645
ACOLITE,ACOLITE_roms,closure,Pseudo-nitzschia,47,0.63636,0.81638,0.50909,0.84848
ACOLITE,ACOLITE_roms,closure,Pseudo-nitzschia,48,0.63736,0.776,0.56863,0.725
ACOLITE,ACOLITE_roms,closure,Pseudo-nitzschia,49,0.72,0.86261,0.62791,0.84375
Baseline,Baseline_only,closure,Alexandrium_catenella,0,0.59887,0.69902,0.5,0.74648
Baseline,Baseline_only,closure,Alexandrium_catenella,1,0.49689,0.67769,0.36036,0.8
Baseline,Baseline_only,closure,Alexandrium_catenella,2,0.53714,0.66627,0.40517,0.79661
Baseline,Baseline_only,closure,Alexandrium_catenella,3,0.58252,0.69572,0.46512,0.77922
Baseline,Baseline_only,closure,Alexandrium_catenella,4,0.58378,0.68522,0.47368,0.76056
Baseline,Baseline_only,closure,Alexandrium_catenella,5,0.62577,0.72243,0.49515,0.85
Baseline,Baseline_only,closure,Alexandrium_catenella,6,0.58065,0.62782,0.45918,0.78947
Baseline,Baseline_only,closure,Alexandrium_catenella,7,0.61878,0.70357,0.54369,0.71795
Baseline,Baseline_only,closure,Alexandrium_catenella,8,0.56667,0.70058,0.4322,0.82258
Baseline,Baseline_only,closure,Alexandrium_catenella,9,0.61078,0.69231,0.49515,0.79688
Baseline,Baseline_only,closure,Alexandrium_catenella,10,0.63492,0.70985,0.56604,0.72289
Baseline,Baseline_only,closure,Alexandrium_catenella,11,0.56604,0.67338,0.46392,0.72581
Baseline,Baseline_only,closure,Alexandrium_catenella,12,0.58182,0.71786,0.47059,0.7619
Baseline,Baseline_only,closure,Alexandrium_catenella,13,0.51429,0.59836,0.40449,0.70588
Baseline,Baseline_only,closure,Alexandrium_catenella,14,0.63218,0.75219,0.49107,0.8871
Baseline,Baseline_only,closure,Alexandrium_catenella,15,0.55172,0.6413,0.43636,0.75
Baseline,Baseline_only,closure,Alexandrium_catenella,16,0.56701,0.64746,0.52885,0.61111
Baseline,Baseline_only,closure,Alexandrium_catenella,17,0.53714,0.70035,0.41228,0.77049
Baseline,Baseline_only,closure,Alexandrium_catenella,18,0.6114,0.74706,0.4876,0.81944
Baseline,Baseline_only,closure,Alexandrium_catenella,19,0.62222,0.74331,0.5045,0.81159
Baseline,Baseline_only,closure,Alexandrium_catenella,20,0.58025,0.68268,0.48454,0.72308
Baseline,Baseline_only,closure,Alexandrium_catenella,21,0.54444,0.6765,0.42609,0.75385
Baseline,Baseline_only,closure,Alexandrium_catenella,22,0.5731,0.72963,0.4537,0.77778
Baseline,Baseline_only,closure,Alexandrium_catenella,23,0.59574,0.67942,0.5045,0.72727
Baseline,Baseline_only,closure,Alexandrium_catenella,24,0.57592,0.6825,0.47414,0.73333
Baseline,Baseline_only,closure,Alexandrium_catenella,25,0.51613,0.64656,0.40404,0.71429
Baseline,Baseline_only,closure,Alexandrium_catenella,26,0.4878,0.61366,0.38835,0.65574
Baseline,Baseline_only,closure,Alexandrium_catenella,27,0.53333,0.67618,0.41509,0.74576
Baseline,Baseline_only,closure,Alexandrium_catenella,28,0.51765,0.64496,0.40741,0.70968
Baseline,Baseline_only,closure,Alexandrium_catenella,29,0.60465,0.68703,0.49524,0.77612
Baseline,Baseline_only,closure,Alexandrium_catenella,30,0.54118,0.64101,0.43396,0.71875
Baseline,Baseline_only,closure,Alexandrium_catenella,31,0.49697,0.59914,0.37963,0.7193
Baseline,Baseline_only,closure,Alexandrium_catenella,32,0.57609,0.68035,0.44915,0.80303
Baseline,Baseline_only,closure,Alexandrium_catenella,33,0.55172,0.71022,0.4486,0.71642
Baseline,Baseline_only,closure,Alexandrium_catenella,34,0.57988,0.66899,0.44954,0.81667
Baseline,Baseline_only,closure,Alexandrium_catenella,35,0.57609,0.71563,0.4569,0.77941
Baseline,Baseline_only,closure,Alexandrium_catenella,36,0.48352,0.63644,0.36975,0.69841
Baseline,Baseline_only,closure,Alexandrium_catenella,37,0.60494,0.73496,0.48039,0.81667
Baseline,Baseline_only,closure,Alexandrium_catenella,38,0.6,0.68468,0.51351,0.72152
Baseline,Baseline_only,closure,Alexandrium_catenella,39,0.63784,0.67244,0.56731,0.7284
Baseline,Baseline_only,closure,Alexandrium_catenella,40,0.5931,0.68732,0.5,0.72881
Baseline,Baseline_only,closure,Alexandrium_catenella,41,0.52174,0.59914,0.44444,0.63158
Baseline,Baseline_only,closure,Alexandrium_catenella,42,0.56983,0.67733,0.45133,0.77273
Baseline,Baseline_only,closure,Alexandrium_catenella,43,0.58757,0.70127,0.46429,0.8
Baseline,Baseline_only,closure,Alexandrium_catenella,44,0.53107,0.68785,0.42342,0.71212
Baseline,Baseline_only,closure,Alexandrium_catenella,45,0.61628,0.7327,0.5,0.80303
Baseline,Baseline_only,closure,Alexandrium_catenella,46,0.55367,0.68267,0.42609,0.79032
Baseline,Baseline_only,closure,Alexandrium_catenella,47,0.54167,0.60476,0.43333,0.72222
Baseline,Baseline_only,closure,Alexandrium_catenella,48,0.59218,0.68033,0.5,0.72603
Baseline,Baseline_only,closure,Alexandrium_catenella,49,0.63158,0.72104,0.52941,0.78261
Baseline,Baseline_roms,closure,Alexandrium_catenella,0,0.65193,0.75193,0.5566,0.78667
Baseline,Baseline_roms,closure,Alexandrium_catenella,1,0.60674,0.74012,0.48649,0.80597
Baseline,Baseline_roms,closure,Alexandrium_catenella,2,0.6631,0.75498,0.53448,0.87324
Baseline,Baseline_roms,closure,Alexandrium_catenella,3,0.66355,0.78412,0.55039,0.83529
Baseline,Baseline_roms,closure,Alexandrium_catenella,4,0.68041,0.7442,0.57895,0.825
Baseline,Baseline_roms,closure,Alexandrium_catenella,5,0.63529,0.75692,0.52427,0.80597
Baseline,Baseline_roms,closure,Alexandrium_catenella,6,0.67081,0.71998,0.55102,0.85714
Baseline,Baseline_roms,closure,Alexandrium_catenella,7,0.65263,0.75874,0.60194,0.71264
Baseline,Baseline_roms,closure,Alexandrium_catenella,8,0.65285,0.78431,0.5339,0.84
Baseline,Baseline_roms,closure,Alexandrium_catenella,9,0.66667,0.73171,0.59223,0.7625
Baseline,Baseline_roms,closure,Alexandrium_catenella,10,0.65641,0.76791,0.60377,0.7191
Baseline,Baseline_roms,closure,Alexandrium_catenella,11,0.67066,0.76378,0.57732,0.8
Baseline,Baseline_roms,closure,Alexandrium_catenella,12,0.69364,0.75474,0.58824,0.84507
Baseline,Baseline_roms,closure,Alexandrium_catenella,13,0.56,0.68516,0.47191,0.68852
Baseline,Baseline_roms,closure,Alexandrium_catenella,14,0.68085,0.7826,0.57143,0.84211
Baseline,Baseline_roms,closure,Alexandrium_catenella,15,0.6129,0.70722,0.51818,0.75
Baseline,Baseline_roms,closure,Alexandrium_catenella,16,0.6798,0.73502,0.66346,0.69697
Baseline,Baseline_roms,closure,Alexandrium_catenella,17,0.62766,0.73348,0.51754,0.7973
Baseline,Baseline_roms,closure,Alexandrium_catenella,18,0.65049,0.77514,0.55372,0.78824
Baseline,Baseline_roms,closure,Alexandrium_catenella,19,0.6943,0.76191,0.6036,0.81707
Baseline,Baseline_roms,closure,Alexandrium_catenella,20,0.63736,0.77175,0.59794,0.68235
Baseline,Baseline_roms,closure,Alexandrium_catenella,21,0.60317,0.71758,0.49565,0.77027
Baseline,Baseline_roms,closure,Alexandrium_catenella,22,0.63736,0.75429,0.53704,0.78378
Baseline,Baseline_roms,closure,Alexandrium_catenella,23,0.63768,0.72514,0.59459,0.6875
Baseline,Baseline_roms,closure,Alexandrium_catenella,24,0.64706,0.74377,0.56897,0.75
Baseline,Baseline_roms,closure,Alexandrium_catenella,25,0.59259,0.72576,0.48485,0.7619
Baseline,Baseline_roms,closure,Alexandrium_catenella,26,0.51852,0.64684,0.40777,0.71186
Baseline,Baseline_roms,closure,Alexandrium_catenella,27,0.63333,0.74995,0.53774,0.77027
Baseline,Baseline_roms,closure,Alexandrium_catenella,28,0.65241,0.73501,0.56481,0.77215
Baseline,Baseline_roms,closure,Alexandrium_catenella,29,0.65193,0.73397,0.5619,0.77632
Baseline,Baseline_roms,closure,Alexandrium_catenella,30,0.62222,0.70814,0.5283,0.75676
Baseline,Baseline_roms,closure,Alexandrium_catenella,31,0.54651,0.70112,0.43519,0.73438
Baseline,Baseline_roms,closure,Alexandrium_catenella,32,0.62434,0.74741,0.5,0.83099
Baseline,Baseline_roms,closure,Alexandrium_catenella,33,0.63736,0.7705,0.54206,0.77333
Baseline,Baseline_roms,closure,Alexandrium_catenella,34,0.62295,0.74886,0.52294,0.77027
Baseline,Baseline_roms,closure,Alexandrium_catenella,35,0.6802,0.79057,0.57759,0.82716
Baseline,Baseline_roms,closure,Alexandrium_catenella,36,0.52973,0.67126,0.41176,0.74242
Baseline,Baseline_roms,closure,Alexandrium_catenella,37,0.68675,0.77895,0.55882,0.89062
Baseline,Baseline_roms,closure,Alexandrium_catenella,38,0.59375,0.70236,0.51351,0.7037
Baseline,Baseline_roms,closure,Alexandrium_catenella,39,0.65657,0.72007,0.625,0.69149
Baseline,Baseline_roms,closure,Alexandrium_catenella,40,0.62025,0.72677,0.56977,0.68056
Baseline,Baseline_roms,closure,Alexandrium_catenella,41,0.59259,0.66935,0.51852,0.69136
Baseline,Baseline_roms,closure,Alexandrium_catenella,42,0.59893,0.71617,0.49558,0.75676
Baseline,Baseline_roms,closure,Alexandrium_catenella,43,0.65217,0.7536,0.53571,0.83333
Baseline,Baseline_roms,closure,Alexandrium_catenella,44,0.67016,0.74179,0.57658,0.8
Baseline,Baseline_roms,closure,Alexandrium_catenella,45,0.72626,0.80316,0.61321,0.89041
Baseline,Baseline_roms,closure,Alexandrium_catenella,46,0.58889,0.73087,0.46087,0.81538
Baseline,Baseline_roms,closure,Alexandrium_catenella,47,0.58333,0.6729,0.46667,0.77778
Baseline,Baseline_roms,closure,Alexandrium_catenella,48,0.65306,0.75083,0.60377,0.71111
Baseline,Baseline_roms,closure,Alexandrium_catenella,49,0.66667,0.74669,0.62745,0.71111
Baseline,Baseline_only,closure,Dinophysis_acuminata,0,0.27957,0.26175,0.22807,0.36111
Baseline,Baseline_only,closure,Dinophysis_acuminata,1,0.21951,0.29994,0.14286,0.47368
Baseline,Baseline_only,closure,Dinophysis_acuminata,2,0.18391,0.23894,0.13115,0.30769
Baseline,Baseline_only,closure,Dinophysis_acuminata,3,0.32609,0.30193,0.25,0.46875
Baseline,Baseline_only,closure,Dinophysis_acuminata,4,0.20513,0.2775,0.13793,0.4
Baseline,Baseline_only,closure,Dinophysis_acuminata,5,0.27907,0.27901,0.21053,0.41379
Baseline,Baseline_only,closure,Dinophysis_acuminata,6,0.29545,0.28134,0.22807,0.41935
Baseline,Baseline_only,closure,Dinophysis_acuminata,7,0.25,0.28014,0.17544,0.43478
Baseline,Baseline_only,closure,Dinophysis_acuminata,8,0.27778,0.27798,0.2,0.45455
Baseline,Baseline_only,closure,Dinophysis_acuminata,9,0.26829,0.32904,0.2,0.40741
Baseline,Baseline_only,closure,Dinophysis_acuminata,10,0.26923,0.31339,0.19444,0.4375
Baseline,Baseline_only,closure,Dinophysis_acuminata,11,0.26667,0.31667,0.19672,0.41379
Baseline,Baseline_only,closure,Dinophysis_acuminata,12,0.25974,0.27752,0.20408,0.35714
Baseline,Baseline_only,closure,Dinophysis_acuminata,13,0.25,0.28844,0.16981,0.47368
Baseline,Baseline_only,closure,Dinophysis_acuminata,14,0.24242,0.27093,0.17778,0.38095
Baseline,Baseline_only,closure,Dinophysis_acuminata,15,0.26263,0.32075,0.19118,0.41935
Baseline,Baseline_only,closure,Dinophysis_acuminata,16,0.21333,0.24612,0.15686,0.33333
Baseline,Baseline_only,closure,Dinophysis_acuminata,17,0.33333,0.28097,0.26415,0.45161
Baseline,Baseline_only,closure,Dinophysis_acuminata,18,0.21687,0.27115,0.16364,0.32143
Baseline,Baseline_only,closure,Dinophysis_acuminata,19,0.32653,0.30836,0.24615,0.48485
Baseline,Baseline_only,closure,Dinophysis_acuminata,20,0.27907,0.31009,0.22222,0.375
Baseline,Baseline_only,closure,Dinophysis_acuminata,21,0.29885,0.29395,0.25,0.37143
Baseline,Baseline_only,closure,Dinophysis_acuminata,22,0.29333,0.24268,0.23913,0.37931
Baseline,Baseline_only,closure,Dinophysis_acuminata,23,0.36145,0.30938,0.3,0.45455
Baseline,Baseline_only,closure,Dinophysis_acuminata,24,0.22222,0.26939,0.18182,0.28571
Baseline,Baseline_only,closure,Dinophysis_acuminata,25,0.2619,0.28256,0.19643,0.39286
Baseline,Baseline_only,closure,Dinophysis_acuminata,26,0.2093,0.37775,0.13433,0.47368
Baseline,Baseline_only,closure,Dinophysis_acuminata,27,0.2449,0.27438,0.19355,0.33333
Baseline,Baseline_only,closure,Dinophysis_acuminata,28,0.21176,0.31159,0.14754,0.375
Baseline,Baseline_only,closure,Dinophysis_acuminata,29,0.28235,0.32629,0.19355,0.52174
Baseline,Baseline_only,closure,Dinophysis_acuminata,30,0.33684,0.44463,0.22857,0.64
Baseline,Baseline_only,closure,Dinophysis_acuminata,31,0.21687,0.30676,0.17308,0.29032
Baseline,Baseline_only,closure,Dinophysis_acuminata,32,0.27957,0.31025,0.20968,0.41935
Baseline,Baseline_only,closure,Dinophysis_acuminata,33,0.25316,0.25686,0.19608,0.35714
Baseline,Baseline_only,closure,Dinophysis_acuminata,34,0.15789,0.23894,0.12,0.23077
Baseline,Baseline_only,closure,Dinophysis_acuminata,35,0.28235,0.31192,0.21429,0.41379
Baseline,Baseline_only,closure,Dinophysis_acuminata,36,0.36893,0.34464,0.26761,0.59375
Baseline,Baseline_only,closure,Dinophysis_acuminata,37,0.28889,0.2438,0.22414,0.40625
Baseline,Baseline_only,closure,Dinophysis_acuminata,38,0.34043,0.33081,0.26667,0.47059
Baseline,Baseline_only,closure,Dinophysis_acuminata,39,0.16438,0.2192,0.12766,0.23077
Baseline,Baseline_only,closure,Dinophysis_acuminata,40,0.225,0.30121,0.16981,0.33333
Baseline,Baseline_only,closure,Dinophysis_acuminata,41,0.21505,0.23417,0.18182,0.26316
Baseline,Baseline_only,closure,Dinophysis_acuminata,42,0.28235,0.27866,0.2069,0.44444
Baseline,Baseline_only,closure,Dinophysis_acuminata,43,0.28571,0.30805,0.22449,0.39286
Baseline,Baseline_only,closure,Dinophysis_acuminata,44,0.27451,0.40307,0.17949,0.58333
Baseline,Baseline_only,closure,Dinophysis_acuminata,45,0.24176,0.3861,0.15714,0.52381
Baseline,Baseline_only,closure,Dinophysis_acuminata,46,0.28889,0.31974,0.21311,0.44828
Baseline,Baseline_only,closure,Dinophysis_acuminata,47,0.26966,0.31858,0.20339,0.4
Baseline,Baseline_only,closure,Dinophysis_acuminata,48,0.2439,0.31012,0.17857,0.38462
Baseline,Baseline_only,closure,Dinophysis_acuminata,49,0.22222,0.24194,0.17241,0.3125
Baseline,Baseline_roms,closure,Dinophysis_acuminata,0,0.46602,0.4257,0.42105,0.52174
Baseline,Baseline_roms,closure,Dinophysis_acuminata,1,0.3913,0.44013,0.28571,0.62069
Baseline,Baseline_roms,closure,Dinophysis_acuminata,2,0.33684,0.28649,0.2623,0.47059
Baseline,Baseline_roms,closure,Dinophysis_acuminata,3,0.42105,0.40511,0.33333,0.57143
Baseline,Baseline_roms,closure,Dinophysis_acuminata,4,0.35714,0.41524,0.25862,0.57692
Baseline,Baseline_roms,closure,Dinophysis_acuminata,5,0.4,0.41351,0.31579,0.54545
Baseline,Baseline_roms,closure,Dinophysis_acuminata,6,0.44,0.43806,0.38596,0.51163
Baseline,Baseline_roms,closure,Dinophysis_acuminata,7,0.34483,0.38354,0.26316,0.5
Baseline,Baseline_roms,closure,Dinophysis_acuminata,8,0.34211,0.41707,0.26,0.5
Baseline,Baseline_roms,closure,Dinophysis_acuminata,9,0.34568,0.46137,0.25455,0.53846
Baseline,Baseline_roms,closure,Dinophysis_acuminata,10,0.43636,0.42878,0.33333,0.63158
Baseline,Baseline_roms,closure,Dinophysis_acuminata,11,0.40404,0.43523,0.32787,0.52632
Baseline,Baseline_roms,closure,Dinophysis_acuminata,12,0.48101,0.49173,0.38776,0.63333
Baseline,Baseline_roms,closure,Dinophysis_acuminata,13,0.4,0.42086,0.30189,0.59259
Baseline,Baseline_roms,closure,Dinophysis_acuminata,14,0.48571,0.55866,0.37778,0.68
Baseline,Baseline_roms,closure,Dinophysis_acuminata,15,0.34,0.42273,0.25,0.53125
Baseline,Baseline_roms,closure,Dinophysis_acuminata,16,0.33333,0.40818,0.2549,0.48148
Baseline,Baseline_roms,closure,Dinophysis_acuminata,17,0.43678,0.46178,0.35849,0.55882
Baseline,Baseline_roms,closure,Dinophysis_acuminata,18,0.39535,0.41591,0.30909,0.54839
Baseline,Baseline_roms,closure,Dinophysis_acuminata,19,0.42,0.456,0.32308,0.6
Baseline,Baseline_roms,closure,Dinophysis_acuminata,20,0.47059,0.39567,0.37037,0.64516
Baseline,Baseline_roms,closure,Dinophysis_acuminata,21,0.37209,0.39283,0.30769,0.47059
Baseline,Baseline_roms,closure,Dinophysis_acuminata,22,0.43182,0.40322,0.41304,0.45238
Baseline,Baseline_roms,closure,Dinophysis_acuminata,23,0.44706,0.38512,0.38,0.54286
Baseline,Baseline_roms,closure,Dinophysis_acuminata,24,0.33333,0.38417,0.27273,0.42857
Baseline,Baseline_roms,closure,Dinophysis_acuminata,25,0.4186,0.42302,0.32143,0.6
Baseline,Baseline_roms,closure,Dinophysis_acuminata,26,0.37895,0.49025,0.26866,0.64286
Baseline,Baseline_roms,closure,Dinophysis_acuminata,27,0.38095,0.35457,0.32258,0.46512
Baseline,Baseline_roms,closure,Dinophysis_acuminata,28,0.4086,0.48227,0.31148,0.59375
Baseline,Baseline_roms,closure,Dinophysis_acuminata,29,0.34694,0.39822,0.27419,0.47222
Baseline,Baseline_roms,closure,Dinophysis_acuminata,30,0.4717,0.55217,0.35714,0.69444
Baseline,Baseline_roms,closure,Dinophysis_acuminata,31,0.4,0.48956,0.30769,0.57143
Baseline,Baseline_roms,closure,Dinophysis_acuminata,32,0.47423,0.47365,0.37097,0.65714
Baseline,Baseline_roms,closure,Dinophysis_acuminata,33,0.44186,0.42925,0.37255,0.54286
Baseline,Baseline_roms,closure,Dinophysis_acuminata,34,0.3,0.34536,0.24,0.4
Baseline,Baseline_roms,closure,Dinophysis_acuminata,35,0.30952,0.35204,0.23214,0.46429
Baseline,Baseline_roms,closure,Dinophysis_acuminata,36,0.35644,0.44525,0.25352,0.6
Baseline,Baseline_roms,closure,Dinophysis_acuminata,37,0.35165,0.37292,0.27586,0.48485
Baseline,Baseline_roms,closure,Dinophysis_acuminata,38,0.5,0.45608,0.4,0.66667
Baseline,Baseline_roms,closure,Dinophysis_acuminata,39,0.41558,0.39145,0.34043,0.53333
Baseline,Baseline_roms,closure,Dinophysis_acuminata,40,0.46341,0.46417,0.35849,0.65517
Baseline,Baseline_roms,closure,Dinophysis_acuminata,41,0.47525,0.43047,0.43636,0.52174
Baseline,Baseline_roms,closure,Dinophysis_acuminata,42,0.38202,0.48698,0.2931,0.54839
Baseline,Baseline_roms,closure,Dinophysis_acuminata,43,0.43956,0.47303,0.40816,0.47619
Baseline,Baseline_roms,closure,Dinophysis_acuminata,44,0.5,0.52976,0.37179,0.76316
Baseline,Baseline_roms,closure,Dinophysis_acuminata,45,0.41584,0.4938,0.3,0.67742
Baseline,Baseline_roms,closure,Dinophysis_acuminata,46,0.42424,0.45125,0.34426,0.55263
Baseline,Baseline_roms,closure,Dinophysis_acuminata,47,0.4086,0.43839,0.32203,0.55882
Baseline,Baseline_roms,closure,Dinophysis_acuminata,48,0.43678,0.42022,0.33929,0.6129
Baseline,Baseline_roms,closure,Dinophysis_acuminata,49,0.31915,0.31406,0.25862,0.41667
Baseline,Baseline_only,closure,Dinophysis_norvegica,0,0.0,0.03474,0.0,0.0
Baseline,Baseline_only,closure,Dinophysis_norvegica,1,0.0,0.03062,0.0,0.0
Baseline,Baseline_only,closure,Dinophysis_norvegica,2,0.33333,0.21001,0.2,1.0
Baseline,Baseline_only,closure,Dinophysis_norvegica,3,0.0,0.11952,0.0,0.0
Baseline,Baseline_only,closure,Dinophysis_norvegica,4,0.0,0.06579,0.0,0.0
Baseline,Baseline_only,closure,Dinophysis_norvegica,5,0.0,0.09779,0.0,0.0
Baseline,Baseline_only,closure,Dinophysis_norvegica,6,0.16667,0.15054,0.09091,1.0
Baseline,Baseline_only,closure,Dinophysis_norvegica,7,0.22222,0.194,0.14286,0.5
Baseline,Baseline_only,closure,Dinophysis_norvegica,8,0.15385,0.16393,0.09091,0.5
Baseline,Baseline_only,closure,Dinophysis_norvegica,9,0.0,0.16096,0.0,0.0
Baseline,Baseline_only,closure,Dinophysis_norvegica,10,0.2,0.19053,0.11111,1.0
Baseline,Baseline_only,closure,Dinophysis_norvegica,11,0.0,0.03308,0.0,0.0
Baseline,Baseline_only,closure,Dinophysis_norvegica,12,0.0,0.13511,0.0,0.0
Baseline,Baseline_only,closure,Dinophysis_norvegica,13,0.0,0.04505,0.0,0.0
Baseline,Baseline_only,closure,Dinophysis_norvegica,14,0.0,0.07363,0.0,0.0
Baseline,Baseline_only,closure,Dinophysis_norvegica,15,0.0,0.18293,0.0,0.0
Baseline,Baseline_only,closure,Dinophysis_norvegica,16,0.0,0.03454,0.0,0.0
Baseline,Baseline_only,closure,Dinophysis_norvegica,17,0.0,0.00623,0.0,0.0
Baseline,Baseline_only,closure,Dinophysis_norvegica,18,0.25,0.17792,0.14286,1.0
Baseline,Baseline_only,closure,Dinophysis_norvegica,19,0.0,0.02245,0.0,0.0
Baseline,Baseline_only,closure,Dinophysis_norvegica,20,0.0,0.01047,0.0,0.0
Baseline,Baseline_only,closure,Dinophysis_norvegica,21,0.0,0.06833,0.0,0.0
Baseline,Baseline_only,closure,Dinophysis_norvegica,22,0.0,0.33512,0.0,0.0
Baseline,Baseline_only,closure,Dinophysis_norvegica,23,0.18182,0.27579,0.1,1.0
Baseline,Baseline_only,closure,Dinophysis_norvegica,24,0.0,0.02809,0.0,0.0
Baseline,Baseline_only,closure,Dinophysis_norvegica,25,0.0,0.06016,0.0,0.0
Baseline,Baseline_only,closure,Dinophysis_norvegica,26,0.0,0.23279,0.0,0.0
Baseline,Baseline_only,closure,Dinophysis_norvegica,27,0.13333,0.15761,0.07143,1.0
Baseline,Baseline_only,closure,Dinophysis_norvegica,28,0.0,0.03122,0.0,0.0
Baseline,Baseline_only,closure,Dinophysis_norvegica,29,0.0,0.10005,0.0,0.0
Baseline,Baseline_only,closure,Dinophysis_norvegica,30,0.0,0.13983,0.0,0.0
Baseline,Baseline_only,closure,Dinophysis_norvegica,31,0.0,0.01721,0.0,0.0
Baseline,Baseline_only,closure,Dinophysis_norvegica,32,0.0,0.03137,0.0,0.0
Baseline,Baseline_only,closure,Dinophysis_norvegica,33,0.0,0.13194,0.0,0.0
Baseline,Baseline_only,closure,Dinophysis_norvegica,34,0.0,0.02574,0.0,0.0
Baseline,Baseline_only,closure,Dinophysis_norvegica,35,0.0,0.02449,0.0,0.0
Baseline,Baseline_only,closure,Dinophysis_norvegica,36,0.0,0.10103,0.0,0.0
Baseline,Baseline_only,closure,Dinophysis_norvegica,37,0.15385,0.16695,0.08333,1.0
Baseline,Baseline_only,closure,Dinophysis_norvegica,38,0.0,0.05945,0.0,0.0
Baseline,Baseline_only,closure,Dinophysis_norvegica,39,0.14286,0.11264,0.08333,0.5
Baseline,Baseline_only,closure,Dinophysis_norvegica,40,0.0,0.11927,0.0,0.0
Baseline,Baseline_only,closure,Dinophysis_norvegica,41,0.0,0.14823,0.0,0.0
Baseline,Baseline_only,closure,Dinophysis_norvegica,42,0.0,0.02467,0.0,0.0
Baseline,Baseline_only,closure,Dinophysis_norvegica,43,0.0,0.02181,0.0,0.0
Baseline,Baseline_only,closure,Dinophysis_norvegica,44,0.0,0.07383,0.0,0.0
Baseline,Baseline_only,closure,Dinophysis_norvegica,45,0.0,0.02755,0.0,0.0
Baseline,Baseline_only,closure,Dinophysis_norvegica,46,0.28571,0.2065,0.16667,1.0
Baseline,Baseline_only,closure,Dinophysis_norvegica,47,0.33333,0.20946,0.2,1.0
Baseline,Baseline_only,closure,Dinophysis_norvegica,48,0.0,0.17444,0.0,0.0
Baseline,Baseline_only,closure,Dinophysis_norvegica,49,0.0,0.25161,0.0,0.0
Baseline,Baseline_roms,closure,Dinophysis_norvegica,0,0.0,0.07927,0.0,0.0
Baseline,Baseline_roms,closure,Dinophysis_norvegica,1,0.0,0.03587,0.0,0.0
Baseline,Baseline_roms,closure,Dinophysis_norvegica,2,0.33333,0.20794,0.2,1.0
Baseline,Baseline_roms,closure,Dinophysis_norvegica,3,0.0,0.09111,0.0,0.0
Baseline,Baseline_roms,closure,Dinophysis_norvegica,4,0.0,0.0488,0.0,0.0
Baseline,Baseline_roms,closure,Dinophysis_norvegica,5,0.0,0.09309,0.0,0.0
Baseline,Baseline_roms,closure,Dinophysis_norvegica,6,0.16667,0.1283,0.09091,1.0
Baseline,Baseline_roms,closure,Dinophysis_norvegica,7,0.22222,0.22424,0.14286,0.5
Baseline,Baseline_roms,closure,Dinophysis_norvegica,8,0.16667,0.12133,0.09091,1.0
Baseline,Baseline_roms,closure,Dinophysis_norvegica,9,0.0,0.08566,0.0,0.0
Baseline,Baseline_roms,closure,Dinophysis_norvegica,10,0.2,0.17706,0.11111,1.0
Baseline,Baseline_roms,closure,Dinophysis_norvegica,11,0.0,0.07382,0.0,0.0
Baseline,Baseline_roms,closure,Dinophysis_norvegica,12,0.0,0.06023,0.0,0.0
Baseline,Baseline_roms,closure,Dinophysis_norvegica,13,0.0,0.01506,0.0,0.0
Baseline,Baseline_roms,closure,Dinophysis_norvegica,14,0.0,0.0375,0.0,0.0
Baseline,Baseline_roms,closure,Dinophysis_norvegica,15,0.0,0.15546,0.0,0.0
Baseline,Baseline_roms,closure,Dinophysis_norvegica,16,0.0,0.04955,0.0,0.0
Baseline,Baseline_roms,closure,Dinophysis_norvegica,17,0.0,0.00812,0.0,0.0
Baseline,Baseline_roms,closure,Dinophysis_norvegica,18,0.22222,0.1987,0.14286,0.5
Baseline,Baseline_roms,closure,Dinophysis_norvegica,19,0.0,0.03721,0.0,0.0
Baseline,Baseline_roms,closure,Dinophysis_norvegica,20,0.0,0.06077,0.0,0.0
Baseline,Baseline_roms,closure,Dinophysis_norvegica,21,0.0,0.09819,0.0,0.0
Baseline,Baseline_roms,closure,Dinophysis_norvegica,22,0.33333,0.3123,0.2,1.0
Baseline,Baseline_roms,closure,Dinophysis_norvegica,23,0.18182,0.18774,0.1,1.0
Baseline,Baseline_roms,closure,Dinophysis_norvegica,24,0.0,0.02181,0.0,0.0
Baseline,Baseline_roms,closure,Dinophysis_norvegica,25,0.0,0.03218,0.0,0.0
Baseline,Baseline_roms,closure,Dinophysis_norvegica,26,0.0,0.29274,0.0,0.0
Baseline,Baseline_roms,closure,Dinophysis_norvegica,27,0.13333,0.11457,0.07143,1.0
Baseline,Baseline_roms,closure,Dinophysis_norvegica,28,0.0,0.03407,0.0,0.0
Baseline,Baseline_roms,closure,Dinophysis_norvegica,29,0.0,0.03537,0.0,0.0
Baseline,Baseline_roms,closure,Dinophysis_norvegica,30,0.14286,0.14148,0.08333,0.5
Baseline,Baseline_roms,closure,Dinophysis_norvegica,31,0.0,0.02173,0.0,0.0
Baseline,Baseline_roms,closure,Dinophysis_norvegica,32,0.0,0.05094,0.0,0.0
Baseline,Baseline_roms,closure,Dinophysis_norvegica,33,0.0,0.03447,0.0,0.0
Baseline,Baseline_roms,closure,Dinophysis_norvegica,34,0.0,0.02114,0.0,0.0
Baseline,Baseline_roms,closure,Dinophysis_norvegica,35,0.0,0.03944,0.0,0.0
Baseline,Baseline_roms,closure,Dinophysis_norvegica,36,0.0,0.05503,0.0,0.0
Baseline,Baseline_roms,closure,Dinophysis_norvegica,37,0.15385,0.21336,0.08333,1.0
Baseline,Baseline_roms,closure,Dinophysis_norvegica,38,0.0,0.06857,0.0,0.0
Baseline,Baseline_roms,closure,Dinophysis_norvegica,39,0.15385,0.10973,0.08333,1.0
Baseline,Baseline_roms,closure,Dinophysis_norvegica,40,0.0,0.23226,0.0,0.0
Baseline,Baseline_roms,closure,Dinophysis_norvegica,41,0.0,0.1443,0.0,0.0
Baseline,Baseline_roms,closure,Dinophysis_norvegica,42,0.0,0.01739,0.0,0.0
Baseline,Baseline_roms,closure,Dinophysis_norvegica,43,0.0,0.0273,0.0,0.0
Baseline,Baseline_roms,closure,Dinophysis_norvegica,44,0.0,0.10055,0.0,0.0
Baseline,Baseline_roms,closure,Dinophysis_norvegica,45,0.0,0.03711,0.0,0.0
Baseline,Baseline_roms,closure,Dinophysis_norvegica,46,0.28571,0.19164,0.16667,1.0
Baseline,Baseline_roms,closure,Dinophysis_norvegica,47,0.33333,0.21193,0.2,1.0
Baseline,Baseline_roms,closure,Dinophysis_norvegica,48,0.0,0.10365,0.0,0.0
Baseline,Baseline_roms,closure,Dinophysis_norvegica,49,0.15385,0.22321,0.08333,1.0
Baseline,Baseline_only,closure,Karenia,0,0.7871,0.84452,0.83182,0.74694
Baseline,Baseline_only,closure,Karenia,1,0.82101,0.89119,0.83399,0.80843
Baseline,Baseline_only,closure,Karenia,2,0.79846,0.88294,0.8125,0.78491
Baseline,Baseline_only,closure,Karenia,3,0.81837,0.87271,0.82353,0.81328
Baseline,Baseline_only,closure,Karenia,4,0.80899,0.87675,0.82949,0.78947
Baseline,Baseline_only,closure,Karenia,5,0.81453,0.86245,0.84861,0.78309
Baseline,Baseline_only,closure,Karenia,6,0.81913,0.87759,0.84914,0.79116
Baseline,Baseline_only,closure,Karenia,7,0.78846,0.84447,0.8,0.77725
Baseline,Baseline_only,closure,Karenia,8,0.8178,0.87623,0.82128,0.81435
Baseline,Baseline_only,closure,Karenia,9,0.7976,0.86961,0.82231,0.77432
Baseline,Baseline_only,closure,Karenia,10,0.818,0.86821,0.82988,0.80645
Baseline,Baseline_only,closure,Karenia,11,0.80617,0.85563,0.81696,0.79565
Baseline,Baseline_only,closure,Karenia,12,0.81947,0.87738,0.83128,0.808
Baseline,Baseline_only,closure,Karenia,13,0.81707,0.88414,0.88158,0.76136
Baseline,Baseline_only,closure,Karenia,14,0.8,0.88781,0.78689,0.81356
Baseline,Baseline_only,closure,Karenia,15,0.81874,0.88003,0.82041,0.81707
Baseline,Baseline_only,closure,Karenia,16,0.80894,0.87678,0.81893,0.7992
Baseline,Baseline_only,closure,Karenia,17,0.80085,0.85717,0.8326,0.77143
Baseline,Baseline_only,closure,Karenia,18,0.81349,0.88539,0.82661,0.80078
Baseline,Baseline_only,closure,Karenia,19,0.82966,0.87952,0.84836,0.81176
Baseline,Baseline_only,closure,Karenia,20,0.81836,0.90218,0.8015,0.83594
Baseline,Baseline_only,closure,Karenia,21,0.79678,0.88594,0.79839,0.79518
Baseline,Baseline_only,closure,Karenia,22,0.76253,0.86438,0.74786,0.77778
Baseline,Baseline_only,closure,Karenia,23,0.81093,0.89882,0.82028,0.8018
Baseline,Baseline_only,closure,Karenia,24,0.79032,0.87843,0.79675,0.784
Baseline,Baseline_only,closure,Karenia,25,0.77113,0.85214,0.79237,0.751
Baseline,Baseline_only,closure,Karenia,26,0.78486,0.84064,0.78486,0.78486
Baseline,Baseline_only,closure,Karenia,27,0.77366,0.83525,0.78661,0.76113
Baseline,Baseline_only,closure,Karenia,28,0.80493,0.81894,0.84848,0.76562
Baseline,Baseline_only,closure,Karenia,29,0.81481,0.90145,0.80162,0.82845
Baseline,Baseline_only,closure,Karenia,30,0.82917,0.911,0.82917,0.82917
Baseline,Baseline_only,closure,Karenia,31,0.81301,0.88792,0.80645,0.81967
Baseline,Baseline_only,closure,Karenia,32,0.79022,0.8773,0.81857,0.76378
Baseline,Baseline_only,closure,Karenia,33,0.82236,0.89396,0.81746,0.82731
Baseline,Baseline_only,closure,Karenia,34,0.81584,0.89918,0.81746,0.81423
Baseline,Baseline_only,closure,Karenia,35,0.78059,0.85938,0.74597,0.81858
Baseline,Baseline_only,closure,Karenia,36,0.77682,0.87711,0.79386,0.7605
Baseline,Baseline_only,closure,Karenia,37,0.78423,0.86877,0.75299,0.81818
Baseline,Baseline_only,closure,Karenia,38,0.78661,0.84194,0.78333,0.78992
Baseline,Baseline_only,closure,Karenia,39,0.82672,0.89581,0.80816,0.84615
Baseline,Baseline_only,closure,Karenia,40,0.78132,0.83843,0.83258,0.736
Baseline,Baseline_only,closure,Karenia,41,0.82378,0.85842,0.84716,0.80165
Baseline,Baseline_only,closure,Karenia,42,0.80388,0.87524,0.828,0.78113
Baseline,Baseline_only,closure,Karenia,43,0.81416,0.8944,0.83258,0.79654
Baseline,Baseline_only,closure,Karenia,44,0.81481,0.86433,0.836,0.79468
Baseline,Baseline_only,closure,Karenia,45,0.79638,0.84599,0.82243,0.77193
Baseline,Baseline_only,closure,Karenia,46,0.79839,0.83783,0.81148,0.78571
Baseline,Baseline_only,closure,Karenia,47,0.79276,0.87809,0.79435,0.79116
Baseline,Baseline_only,closure,Karenia,48,0.80784,0.86375,0.84082,0.77736
Baseline,Baseline_only,closure,Karenia,49,0.77974,0.86669,0.74684,0.81567
Baseline,Baseline_roms,closure,Karenia,0,0.80591,0.84557,0.86818,0.75197
Baseline,Baseline_roms,closure,Karenia,1,0.85606,0.9034,0.89328,0.82182
Baseline,Baseline_roms,closure,Karenia,2,0.82927,0.89126,0.86328,0.79783
Baseline,Baseline_roms,closure,Karenia,3,0.84569,0.88166,0.88655,0.80843
Baseline,Baseline_roms,closure,Karenia,4,0.82276,0.88738,0.86636,0.78333
Baseline,Baseline_roms,closure,Karenia,5,0.83859,0.87989,0.9004,0.78472
Baseline,Baseline_roms,closure,Karenia,6,0.83096,0.88807,0.87931,0.78764
Baseline,Baseline_roms,closure,Karenia,7,0.82838,0.86079,0.88293,0.78017
Baseline,Baseline_roms,closure,Karenia,8,0.82857,0.88057,0.86383,0.79608
Baseline,Baseline_roms,closure,Karenia,9,0.81481,0.88049,0.86364,0.77122
Baseline,Baseline_roms,closure,Karenia,10,0.84232,0.87882,0.87552,0.81154
Baseline,Baseline_roms,closure,Karenia,11,0.8172,0.86377,0.84821,0.78838
Baseline,Baseline_roms,closure,Karenia,12,0.8454,0.88384,0.88889,0.80597
Baseline,Baseline_roms,closure,Karenia,13,0.83367,0.8989,0.91228,0.76753
Baseline,Baseline_roms,closure,Karenia,14,0.82828,0.893,0.84016,0.81673
Baseline,Baseline_roms,closure,Karenia,15,0.8284,0.88533,0.85714,0.80153
Baseline,Baseline_roms,closure,Karenia,16,0.82495,0.88326,0.84362,0.80709
Baseline,Baseline_roms,closure,Karenia,17,0.80982,0.86058,0.87225,0.75573
Baseline,Baseline_roms,closure,Karenia,18,0.84069,0.89687,0.88306,0.8022
Baseline,Baseline_roms,closure,Karenia,19,0.84646,0.89457,0.88115,0.81439
Baseline,Baseline_roms,closure,Karenia,20,0.84444,0.90895,0.85393,0.83516
Baseline,Baseline_roms,closure,Karenia,21,0.82515,0.89255,0.84677,0.8046
Baseline,Baseline_roms,closure,Karenia,22,0.79588,0.87313,0.82479,0.76892
Baseline,Baseline_roms,closure,Karenia,23,0.8254,0.90924,0.83871,0.8125
Baseline,Baseline_roms,closure,Karenia,24,0.83107,0.88634,0.86992,0.79554
Baseline,Baseline_roms,closure,Karenia,25,0.82031,0.85918,0.88983,0.76087
Baseline,Baseline_roms,closure,Karenia,26,0.81749,0.85996,0.85657,0.78182
Baseline,Baseline_roms,closure,Karenia,27,0.80396,0.83663,0.84937,0.76316
Baseline,Baseline_roms,closure,Karenia,28,0.82565,0.8444,0.89177,0.76866
Baseline,Baseline_roms,closure,Karenia,29,0.85433,0.91378,0.87854,0.83142
Baseline,Baseline_roms,closure,Karenia,30,0.84909,0.91382,0.87917,0.82101
Baseline,Baseline_roms,closure,Karenia,31,0.83757,0.88688,0.8629,0.81369
Baseline,Baseline_roms,closure,Karenia,32,0.82704,0.88225,0.87764,0.78195
Baseline,Baseline_roms,closure,Karenia,33,0.84825,0.90357,0.86508,0.83206
Baseline,Baseline_roms,closure,Karenia,34,0.85385,0.90604,0.88095,0.82836
Baseline,Baseline_roms,closure,Karenia,35,0.83101,0.87657,0.84274,0.81961
Baseline,Baseline_roms,closure,Karenia,36,0.80992,0.88954,0.85965,0.76562
Baseline,Baseline_roms,closure,Karenia,37,0.82093,0.8803,0.81275,0.82927
Baseline,Baseline_roms,closure,Karenia,38,0.82688,0.84899,0.84583,0.80876
Baseline,Baseline_roms,closure,Karenia,39,0.83951,0.90962,0.83265,0.84647
Baseline,Baseline_roms,closure,Karenia,40,0.80249,0.85479,0.8733,0.74231
Baseline,Baseline_roms,closure,Karenia,41,0.82927,0.87699,0.89083,0.77567
Baseline,Baseline_roms,closure,Karenia,42,0.82692,0.88432,0.86,0.7963
Baseline,Baseline_roms,closure,Karenia,43,0.84076,0.90057,0.89593,0.792
Baseline,Baseline_roms,closure,Karenia,44,0.85393,0.87787,0.912,0.80282
Baseline,Baseline_roms,closure,Karenia,45,0.82276,0.85698,0.8785,0.77366
Baseline,Baseline_roms,closure,Karenia,46,0.80934,0.85624,0.85246,0.77037
Baseline,Baseline_roms,closure,Karenia,47,0.82422,0.89477,0.85081,0.79924
Baseline,Baseline_roms,closure,Karenia,48,0.8365,0.87884,0.89796,0.78292
Baseline,Baseline_roms,closure,Karenia,49,0.82328,0.8827,0.83544,0.81148
Baseline,Baseline_only,closure,Pseudo-nitzschia,0,0.61538,0.66809,0.51282,0.76923
Baseline,Baseline_only,closure,Pseudo-nitzschia,1,0.66667,0.70991,0.6,0.75
Baseline,Baseline_only,closure,Pseudo-nitzschia,2,0.59574,0.69525,0.46667,0.82353
Baseline,Baseline_only,closure,Pseudo-nitzschia,3,0.54795,0.77917,0.42553,0.76923
Baseline,Baseline_only,closure,Pseudo-nitzschia,4,0.7234,0.72083,0.62963,0.85
Baseline,Baseline_only,closure,Pseudo-nitzschia,5,0.51852,0.58155,0.45161,0.6087
Baseline,Baseline_only,closure,Pseudo-nitzschia,6,0.46512,0.57876,0.4,0.55556
Baseline,Baseline_only,closure,Pseudo-nitzschia,7,0.43636,0.70551,0.32432,0.66667
Baseline,Baseline_only,closure,Pseudo-nitzschia,8,0.55072,0.72871,0.44186,0.73077
Baseline,Baseline_only,closure,Pseudo-nitzschia,9,0.52632,0.51308,0.45455,0.625
Baseline,Baseline_only,closure,Pseudo-nitzschia,10,0.65455,0.72732,0.54545,0.81818
Baseline,Baseline_only,closure,Pseudo-nitzschia,11,0.51064,0.67735,0.375,0.8
Baseline,Baseline_only,closure,Pseudo-nitzschia,12,0.54902,0.73066,0.42424,0.77778
Baseline,Baseline_only,closure,Pseudo-nitzschia,13,0.62963,0.75828,0.53125,0.77273
Baseline,Baseline_only,closure,Pseudo-nitzschia,14,0.48276,0.66934,0.36842,0.7
Baseline,Baseline_only,closure,Pseudo-nitzschia,15,0.5,0.55233,0.4,0.66667
Baseline,Baseline_only,closure,Pseudo-nitzschia,16,0.69091,0.71918,0.59375,0.82609
Baseline,Baseline_only,closure,Pseudo-nitzschia,17,0.5614,0.71019,0.42105,0.84211
Baseline,Baseline_only,closure,Pseudo-nitzschia,18,0.49057,0.75104,0.34211,0.86667
Baseline,Baseline_only,closure,Pseudo-nitzschia,19,0.5098,0.71423,0.37143,0.8125
Baseline,Baseline_only,closure,Pseudo-nitzschia,20,0.55072,0.61548,0.42222,0.79167
Baseline,Baseline_only,closure,Pseudo-nitzschia,21,0.42308,0.62195,0.31429,0.64706
Baseline,Baseline_only,closure,Pseudo-nitzschia,22,0.65672,0.77927,0.51163,0.91667
Baseline,Baseline_only,closure,Pseudo-nitzschia,23,0.375,0.63029,0.26087,0.66667
Baseline,Baseline_only,closure,Pseudo-nitzschia,24,0.625,0.74679,0.48387,0.88235
Baseline,Baseline_only,closure,Pseudo-nitzschia,25,0.47458,0.63239,0.35,0.73684
Baseline,Baseline_only,closure,Pseudo-nitzschia,26,0.53125,0.69341,0.41463,0.73913
Baseline,Baseline_only,closure,Pseudo-nitzschia,27,0.47761,0.70546,0.35556,0.72727
Baseline,Baseline_only,closure,Pseudo-nitzschia,28,0.40909,0.54864,0.3,0.64286
Baseline,Baseline_only,closure,Pseudo-nitzschia,29,0.55882,0.68448,0.45238,0.73077
Baseline,Baseline_only,closure,Pseudo-nitzschia,30,0.56757,0.78705,0.41176,0.91304
Baseline,Baseline_only,closure,Pseudo-nitzschia,31,0.53731,0.66804,0.42857,0.72
Baseline,Baseline_only,closure,Pseudo-nitzschia,32,0.49123,0.65004,0.37838,0.7
Baseline,Baseline_only,closure,Pseudo-nitzschia,33,0.57692,0.69758,0.46875,0.75
Baseline,Baseline_only,closure,Pseudo-nitzschia,34,0.60317,0.67205,0.48718,0.79167
Baseline,Baseline_only,closure,Pseudo-nitzschia,35,0.57143,0.65907,0.46154,0.75
Baseline,Baseline_only,closure,Pseudo-nitzschia,36,0.56667,0.63151,0.44737,0.77273
Baseline,Baseline_only,closure,Pseudo-nitzschia,37,0.51613,0.68695,0.39024,0.7619
Baseline,Baseline_only,closure,Pseudo-nitzschia,38,0.65714,0.69992,0.56098,0.7931
Baseline,Baseline_only,closure,Pseudo-nitzschia,39,0.51515,0.69559,0.37778,0.80952
Baseline,Baseline_only,closure,Pseudo-nitzschia,40,0.61538,0.70919,0.52632,0.74074
Baseline,Baseline_only,closure,Pseudo-nitzschia,41,0.41509,0.56072,0.31429,0.61111
Baseline,Baseline_only,closure,Pseudo-nitzschia,42,0.48276,0.61726,0.36842,0.7
Baseline,Baseline_only,closure,Pseudo-nitzschia,43,0.49057,0.71406,0.38235,0.68421
Baseline,Baseline_only,closure,Pseudo-nitzschia,44,0.58333,0.6138,0.47727,0.75
Baseline,Baseline_only,closure,Pseudo-nitzschia,45,0.56667,0.67201,0.45946,0.73913
Baseline,Baseline_only,closure,Pseudo-nitzschia,46,0.43333,0.60837,0.33333,0.61905
Baseline,Baseline_only,closure,Pseudo-nitzschia,47,0.46753,0.72703,0.32727,0.81818
Baseline,Baseline_only,closure,Pseudo-nitzschia,48,0.55,0.69377,0.43137,0.75862
Baseline,Baseline_only,closure,Pseudo-nitzschia,49,0.61333,0.69547,0.53488,0.71875
Baseline,Baseline_roms,closure,Pseudo-nitzschia,0,0.69565,0.77203,0.61538,0.8
Baseline,Baseline_roms,closure,Pseudo-nitzschia,1,0.78261,0.84426,0.77143,0.79412
Baseline,Baseline_roms,closure,Pseudo-nitzschia,2,0.69231,0.72557,0.6,0.81818
Baseline,Baseline_roms,closure,Pseudo-nitzschia,3,0.71795,0.84459,0.59574,0.90323
Baseline,Baseline_roms,closure,Pseudo-nitzschia,4,0.68,0.75372,0.62963,0.73913
Baseline,Baseline_roms,closure,Pseudo-nitzschia,5,0.71186,0.70669,0.67742,0.75
Baseline,Baseline_roms,closure,Pseudo-nitzschia,6,0.62222,0.70291,0.56,0.7
Baseline,Baseline_roms,closure,Pseudo-nitzschia,7,0.62687,0.71986,0.56757,0.7
Baseline,Baseline_roms,closure,Pseudo-nitzschia,8,0.61111,0.80776,0.51163,0.75862
Baseline,Baseline_roms,closure,Pseudo-nitzschia,9,0.66667,0.63857,0.59091,0.76471
Baseline,Baseline_roms,closure,Pseudo-nitzschia,10,0.75862,0.80795,0.66667,0.88
Baseline,Baseline_roms,closure,Pseudo-nitzschia,11,0.64151,0.73285,0.53125,0.80952
Baseline,Baseline_roms,closure,Pseudo-nitzschia,12,0.70175,0.84913,0.60606,0.83333
Baseline,Baseline_roms,closure,Pseudo-nitzschia,13,0.8,0.86396,0.75,0.85714
Baseline,Baseline_roms,closure,Pseudo-nitzschia,14,0.64706,0.77256,0.57895,0.73333
Baseline,Baseline_roms,closure,Pseudo-nitzschia,15,0.59016,0.65151,0.51429,0.69231
Baseline,Baseline_roms,closure,Pseudo-nitzschia,16,0.77966,0.79508,0.71875,0.85185
Baseline,Baseline_roms,closure,Pseudo-nitzschia,17,0.69697,0.80548,0.60526,0.82143
Baseline,Baseline_roms,closure,Pseudo-nitzschia,18,0.63333,0.8102,0.5,0.86364
Baseline,Baseline_roms,closure,Pseudo-nitzschia,19,0.69841,0.81162,0.62857,0.78571
Baseline,Baseline_roms,closure,Pseudo-nitzschia,20,0.66667,0.68297,0.57778,0.78788
Baseline,Baseline_roms,closure,Pseudo-nitzschia,21,0.69841,0.77062,0.62857,0.78571
Baseline,Baseline_roms,closure,Pseudo-nitzschia,22,0.72222,0.84512,0.60465,0.89655
Baseline,Baseline_roms,closure,Pseudo-nitzschia,23,0.66667,0.78636,0.54348,0.86207
Baseline,Baseline_roms,closure,Pseudo-nitzschia,24,0.67925,0.81936,0.58065,0.81818
Baseline,Baseline_roms,closure,Pseudo-nitzschia,25,0.55385,0.72167,0.45,0.72
Baseline,Baseline_roms,closure,Pseudo-nitzschia,26,0.72222,0.7984,0.63415,0.83871
Baseline,Baseline_roms,closure,Pseudo-nitzschia,27,0.77647,0.83331,0.73333,0.825
Baseline,Baseline_roms,closure,Pseudo-nitzschia,28,0.65306,0.69763,0.53333,0.84211
Baseline,Baseline_roms,closure,Pseudo-nitzschia,29,0.72222,0.83789,0.61905,0.86667
Baseline,Baseline_roms,closure,Pseudo-nitzschia,30,0.75294,0.85678,0.62745,0.94118
Baseline,Baseline_roms,closure,Pseudo-nitzschia,31,0.66667,0.7504,0.57143,0.8
Baseline,Baseline_roms,closure,Pseudo-nitzschia,32,0.65625,0.80114,0.56757,0.77778
Baseline,Baseline_roms,closure,Pseudo-nitzschia,33,0.65517,0.76719,0.59375,0.73077
Baseline,Baseline_roms,closure,Pseudo-nitzschia,34,0.63768,0.72329,0.5641,0.73333
Baseline,Baseline_roms,closure,Pseudo-nitzschia,35,0.67606,0.71324,0.61538,0.75
Baseline,Baseline_roms,closure,Pseudo-nitzschia,36,0.64615,0.79391,0.55263,0.77778
Baseline,Baseline_roms,closure,Pseudo-nitzschia,37,0.65753,0.75573,0.58537,0.75
Baseline,Baseline_roms,closure,Pseudo-nitzschia,38,0.69333,0.79223,0.63415,0.76471
Baseline,Baseline_roms,closure,Pseudo-nitzschia,39,0.775,0.81687,0.68889,0.88571
Baseline,Baseline_roms,closure,Pseudo-nitzschia,40,0.71429,0.83183,0.65789,0.78125
Baseline,Baseline_roms,closure,Pseudo-nitzschia,41,0.61017,0.68892,0.51429,0.75
Baseline,Baseline_roms,closure,Pseudo-nitzschia,42,0.62295,0.73975,0.5,0.82609
Baseline,Baseline_roms,closure,Pseudo-nitzschia,43,0.7,0.79988,0.61765,0.80769
Baseline,Baseline_roms,closure,Pseudo-nitzschia,44,0.63014,0.70173,0.52273,0.7931
Baseline,Baseline_roms,closure,Pseudo-nitzschia,45,0.64615,0.70184,0.56757,0.75
Baseline,Baseline_roms,closure,Pseudo-nitzschia,46,0.60606,0.68178,0.51282,0.74074
Baseline,Baseline_roms,closure,Pseudo-nitzschia,47,0.65909,0.82319,0.52727,0.87879
Baseline,Baseline_roms,closure,Pseudo-nitzschia,48,0.68889,0.75709,0.60784,0.79487
Baseline,Baseline_roms,closure,Pseudo-nitzschia,49,0.72,0.82759,0.62791,0.84375
C2RCC,C2RCC_only,closure,Alexandrium_catenella,0,0.6,0.65243,0.56604,0.6383
C2RCC,C2RCC_only,closure,Alexandrium_catenella,1,0.55491,0.67041,0.43243,0.77419
C2RCC,C2RCC_only,closure,Alexandrium_catenella,2,0.54054,0.65718,0.43103,0.72464
C2RCC,C2RCC_only,closure,Alexandrium_catenella,3,0.64186,0.74574,0.53488,0.80233
C2RCC,C2RCC_only,closure,Alexandrium_catenella,4,0.58883,0.66963,0.50877,0.6988
C2RCC,C2RCC_only,closure,Alexandrium_catenella,5,0.6,0.67281,0.52427,0.7013
C2RCC,C2RCC_only,closure,Alexandrium_catenella,6,0.50617,0.65294,0.41837,0.64062
C2RCC,C2RCC_only,closure,Alexandrium_catenella,7,0.59649,0.71057,0.49515,0.75
C2RCC,C2RCC_only,closure,Alexandrium_catenella,8,0.61765,0.69148,0.5339,0.73256
C2RCC,C2RCC_only,closure,Alexandrium_catenella,9,0.58621,0.68113,0.49515,0.71831
C2RCC,C2RCC_only,closure,Alexandrium_catenella,10,0.61702,0.70487,0.54717,0.70732
C2RCC,C2RCC_only,closure,Alexandrium_catenella,11,0.55952,0.62867,0.48454,0.66197
C2RCC,C2RCC_only,closure,Alexandrium_catenella,12,0.61364,0.67175,0.52941,0.72973
C2RCC,C2RCC_only,closure,Alexandrium_catenella,13,0.5283,0.61947,0.47191,0.6
C2RCC,C2RCC_only,closure,Alexandrium_catenella,14,0.64894,0.75767,0.54464,0.80263
C2RCC,C2RCC_only,closure,Alexandrium_catenella,15,0.54822,0.62579,0.49091,0.62069
C2RCC,C2RCC_only,closure,Alexandrium_catenella,16,0.60606,0.6682,0.57692,0.6383
C2RCC,C2RCC_only,closure,Alexandrium_catenella,17,0.57292,0.65758,0.48246,0.70513
C2RCC,C2RCC_only,closure,Alexandrium_catenella,18,0.62069,0.70582,0.52066,0.76829
C2RCC,C2RCC_only,closure,Alexandrium_catenella,19,0.5625,0.67135,0.48649,0.66667
C2RCC,C2RCC_only,closure,Alexandrium_catenella,20,0.59551,0.68156,0.54639,0.65432
C2RCC,C2RCC_only,closure,Alexandrium_catenella,21,0.55,0.64771,0.47826,0.64706
C2RCC,C2RCC_only,closure,Alexandrium_catenella,22,0.54645,0.65728,0.46296,0.66667
C2RCC,C2RCC_only,closure,Alexandrium_catenella,23,0.60488,0.68583,0.55856,0.65957
C2RCC,C2RCC_only,closure,Alexandrium_catenella,24,0.53465,0.61519,0.46552,0.62791
C2RCC,C2RCC_only,closure,Alexandrium_catenella,25,0.55758,0.64542,0.46465,0.69697
C2RCC,C2RCC_only,closure,Alexandrium_catenella,26,0.4881,0.57137,0.39806,0.63077
C2RCC,C2RCC_only,closure,Alexandrium_catenella,27,0.57754,0.68327,0.50943,0.66667
C2RCC,C2RCC_only,closure,Alexandrium_catenella,28,0.5625,0.60575,0.5,0.64286
C2RCC,C2RCC_only,closure,Alexandrium_catenella,29,0.60335,0.67364,0.51429,0.72973
C2RCC,C2RCC_only,closure,Alexandrium_catenella,30,0.52459,0.62394,0.45283,0.62338
C2RCC,C2RCC_only,closure,Alexandrium_catenella,31,0.49438,0.65227,0.40741,0.62857
C2RCC,C2RCC_only,closure,Alexandrium_catenella,32,0.52688,0.65799,0.41525,0.72059
C2RCC,C2RCC_only,closure,Alexandrium_catenella,33,0.60541,0.72385,0.52336,0.71795
C2RCC,C2RCC_only,closure,Alexandrium_catenella,34,0.55814,0.67724,0.44037,0.7619
C2RCC,C2RCC_only,closure,Alexandrium_catenella,35,0.61307,0.71286,0.52586,0.73494
C2RCC,C2RCC_only,closure,Alexandrium_catenella,36,0.51064,0.58992,0.40336,0.69565
C2RCC,C2RCC_only,closure,Alexandrium_catenella,37,0.56322,0.68849,0.48039,0.68056
C2RCC,C2RCC_only,closure,Alexandrium_catenella,38,0.60099,0.64807,0.54955,0.66304
C2RCC,C2RCC_only,closure,Alexandrium_catenella,39,0.54359,0.60708,0.50962,0.58242
C2RCC,C2RCC_only,closure,Alexandrium_catenella,40,0.57325,0.61139,0.52326,0.6338
C2RCC,C2RCC_only,closure,Alexandrium_catenella,41,0.51282,0.57173,0.46296,0.57471
C2RCC,C2RCC_only,closure,Alexandrium_catenella,42,0.52406,0.62382,0.43363,0.66216
C2RCC,C2RCC_only,closure,Alexandrium_catenella,43,0.52514,0.63031,0.41964,0.70149
C2RCC,C2RCC_only,closure,Alexandrium_catenella,44,0.57868,0.6386,0.51351,0.66279
C2RCC,C2RCC_only,closure,Alexandrium_catenella,45,0.59341,0.67844,0.50943,0.71053
C2RCC,C2RCC_only,closure,Alexandrium_catenella,46,0.56085,0.64031,0.46087,0.71622
C2RCC,C2RCC_only,closure,Alexandrium_catenella,47,0.5125,0.57184,0.45556,0.58571
C2RCC,C2RCC_only,closure,Alexandrium_catenella,48,0.59459,0.67072,0.51887,0.6962
C2RCC,C2RCC_only,closure,Alexandrium_catenella,49,0.57895,0.6481,0.53922,0.625
C2RCC,C2RCC_roms,closure,Alexandrium_catenella,0,0.65347,0.74337,0.62264,0.6875
C2RCC,C2RCC_roms,closure,Alexandrium_catenella,1,0.60541,0.73641,0.5045,0.75676
C2RCC,C2RCC_roms,closure,Alexandrium_catenella,2,0.64677,0.73676,0.56034,0.76471
C2RCC,C2RCC_roms,closure,Alexandrium_catenella,3,0.69725,0.80373,0.58915,0.85393
C2RCC,C2RCC_roms,closure,Alexandrium_catenella,4,0.69565,0.7481,0.63158,0.77419
C2RCC,C2RCC_roms,closure,Alexandrium_catenella,5,0.64088,0.74213,0.56311,0.74359
C2RCC,C2RCC_roms,closure,Alexandrium_catenella,6,0.65909,0.74847,0.59184,0.74359
C2RCC,C2RCC_roms,closure,Alexandrium_catenella,7,0.67016,0.73438,0.62136,0.72727
C2RCC,C2RCC_roms,closure,Alexandrium_catenella,8,0.67299,0.75848,0.60169,0.76344
C2RCC,C2RCC_roms,closure,Alexandrium_catenella,9,0.67368,0.74594,0.62136,0.73563
C2RCC,C2RCC_roms,closure,Alexandrium_catenella,10,0.70874,0.76807,0.68868,0.73
C2RCC,C2RCC_roms,closure,Alexandrium_catenella,11,0.65909,0.73855,0.59794,0.73418
C2RCC,C2RCC_roms,closure,Alexandrium_catenella,12,0.67033,0.71425,0.59804,0.7625
C2RCC,C2RCC_roms,closure,Alexandrium_catenella,13,0.66667,0.71167,0.61798,0.72368
C2RCC,C2RCC_roms,closure,Alexandrium_catenella,14,0.71066,0.80677,0.625,0.82353
C2RCC,C2RCC_roms,closure,Alexandrium_catenella,15,0.64,0.71282,0.58182,0.71111
C2RCC,C2RCC_roms,closure,Alexandrium_catenella,16,0.67907,0.75943,0.70192,0.65766
C2RCC,C2RCC_roms,closure,Alexandrium_catenella,17,0.6359,0.73705,0.54386,0.76543
C2RCC,C2RCC_roms,closure,Alexandrium_catenella,18,0.70093,0.76604,0.61983,0.80645
C2RCC,C2RCC_roms,closure,Alexandrium_catenella,19,0.67925,0.73354,0.64865,0.71287
C2RCC,C2RCC_roms,closure,Alexandrium_catenella,20,0.66667,0.75577,0.62887,0.7093
C2RCC,C2RCC_roms,closure,Alexandrium_catenella,21,0.67925,0.75766,0.62609,0.74227
C2RCC,C2RCC_roms,closure,Alexandrium_catenella,22,0.64975,0.72477,0.59259,0.7191
C2RCC,C2RCC_roms,closure,Alexandrium_catenella,23,0.67281,0.73614,0.65766,0.68868
C2RCC,C2RCC_roms,closure,Alexandrium_catenella,24,0.63208,0.72334,0.57759,0.69792
C2RCC,C2RCC_roms,closure,Alexandrium_catenella,25,0.63218,0.73701,0.55556,0.73333
C2RCC,C2RCC_roms,closure,Alexandrium_catenella,26,0.52632,0.62166,0.43689,0.66176
C2RCC,C2RCC_roms,closure,Alexandrium_catenella,27,0.65957,0.77936,0.58491,0.7561
C2RCC,C2RCC_roms,closure,Alexandrium_catenella,28,0.65672,0.68637,0.61111,0.70968
C2RCC,C2RCC_roms,closure,Alexandrium_catenella,29,0.68657,0.74448,0.65714,0.71875
C2RCC,C2RCC_roms,closure,Alexandrium_catenella,30,0.61702,0.71523,0.54717,0.70732
C2RCC,C2RCC_roms,closure,Alexandrium_catenella,31,0.61622,0.73175,0.52778,0.74026
C2RCC,C2RCC_roms,closure,Alexandrium_catenella,32,0.6178,0.74254,0.5,0.80822
C2RCC,C2RCC_roms,closure,Alexandrium_catenella,33,0.75,0.81297,0.6729,0.84706
C2RCC,C2RCC_roms,closure,Alexandrium_catenella,34,0.64516,0.7438,0.55046,0.77922
C2RCC,C2RCC_roms,closure,Alexandrium_catenella,35,0.68627,0.78652,0.60345,0.79545
C2RCC,C2RCC_roms,closure,Alexandrium_catenella,36,0.55838,0.65059,0.46218,0.70513
C2RCC,C2RCC_roms,closure,Alexandrium_catenella,37,0.69519,0.78474,0.63725,0.76471
C2RCC,C2RCC_roms,closure,Alexandrium_catenella,38,0.59813,0.70653,0.57658,0.62136
C2RCC,C2RCC_roms,closure,Alexandrium_catenella,39,0.64677,0.67733,0.625,0.6701
C2RCC,C2RCC_roms,closure,Alexandrium_catenella,40,0.61905,0.69127,0.60465,0.63415
C2RCC,C2RCC_roms,closure,Alexandrium_catenella,41,0.63054,0.66967,0.59259,0.67368
C2RCC,C2RCC_roms,closure,Alexandrium_catenella,42,0.58462,0.70422,0.50442,0.69512
C2RCC,C2RCC_roms,closure,Alexandrium_catenella,43,0.67368,0.71698,0.57143,0.82051
C2RCC,C2RCC_roms,closure,Alexandrium_catenella,44,0.64677,0.72483,0.58559,0.72222
C2RCC,C2RCC_roms,closure,Alexandrium_catenella,45,0.70157,0.78616,0.63208,0.78824
C2RCC,C2RCC_roms,closure,Alexandrium_catenella,46,0.61856,0.73473,0.52174,0.75949
C2RCC,C2RCC_roms,closure,Alexandrium_catenella,47,0.575,0.66106,0.51111,0.65714
C2RCC,C2RCC_roms,closure,Alexandrium_catenella,48,0.68342,0.75028,0.64151,0.73118
C2RCC,C2RCC_roms,closure,Alexandrium_catenella,49,0.67,0.71514,0.65686,0.68367
C2RCC,C2RCC_only,closure,Dinophysis_acuminata,0,0.33333,0.30397,0.33333,0.33333
C2RCC,C2RCC_only,closure,Dinophysis_acuminata,1,0.28866,0.34153,0.22222,0.41176
C2RCC,C2RCC_only,closure,Dinophysis_acuminata,2,0.23529,0.1825,0.19672,0.29268
C2RCC,C2RCC_only,closure,Dinophysis_acuminata,3,0.35714,0.34333,0.33333,0.38462
C2RCC,C2RCC_only,closure,Dinophysis_acuminata,4,0.33333,0.33321,0.27586,0.42105
C2RCC,C2RCC_only,closure,Dinophysis_acuminata,5,0.33333,0.27506,0.29825,0.37778
C2RCC,C2RCC_only,closure,Dinophysis_acuminata,6,0.40741,0.35126,0.38596,0.43137
C2RCC,C2RCC_only,closure,Dinophysis_acuminata,7,0.29703,0.26464,0.26316,0.34091
C2RCC,C2RCC_only,closure,Dinophysis_acuminata,8,0.23913,0.23464,0.22,0.2619
C2RCC,C2RCC_only,closure,Dinophysis_acuminata,9,0.26263,0.2799,0.23636,0.29545
C2RCC,C2RCC_only,closure,Dinophysis_acuminata,10,0.31746,0.34119,0.27778,0.37037
C2RCC,C2RCC_only,closure,Dinophysis_acuminata,11,0.32323,0.3967,0.2623,0.42105
C2RCC,C2RCC_only,closure,Dinophysis_acuminata,12,0.34783,0.34629,0.32653,0.37209
C2RCC,C2RCC_only,closure,Dinophysis_acuminata,13,0.3956,0.39379,0.33962,0.47368
C2RCC,C2RCC_only,closure,Dinophysis_acuminata,14,0.3,0.26808,0.26667,0.34286
C2RCC,C2RCC_only,closure,Dinophysis_acuminata,15,0.39669,0.37937,0.35294,0.45283
C2RCC,C2RCC_only,closure,Dinophysis_acuminata,16,0.29545,0.30091,0.2549,0.35135
C2RCC,C2RCC_only,closure,Dinophysis_acuminata,17,0.35294,0.29046,0.33962,0.36735
C2RCC,C2RCC_only,closure,Dinophysis_acuminata,18,0.33645,0.25984,0.32727,0.34615
C2RCC,C2RCC_only,closure,Dinophysis_acuminata,19,0.26415,0.29006,0.21538,0.34146
C2RCC,C2RCC_only,closure,Dinophysis_acuminata,20,0.34343,0.31097,0.31481,0.37778
C2RCC,C2RCC_only,closure,Dinophysis_acuminata,21,0.38462,0.32738,0.38462,0.38462
C2RCC,C2RCC_only,closure,Dinophysis_acuminata,22,0.36559,0.28032,0.36957,0.3617
C2RCC,C2RCC_only,closure,Dinophysis_acuminata,23,0.37113,0.34757,0.36,0.38298
C2RCC,C2RCC_only,closure,Dinophysis_acuminata,24,0.34146,0.32983,0.31818,0.36842
C2RCC,C2RCC_only,closure,Dinophysis_acuminata,25,0.32653,0.35685,0.28571,0.38095
C2RCC,C2RCC_only,closure,Dinophysis_acuminata,26,0.32075,0.35681,0.25373,0.4359
C2RCC,C2RCC_only,closure,Dinophysis_acuminata,27,0.32143,0.294,0.29032,0.36
C2RCC,C2RCC_only,closure,Dinophysis_acuminata,28,0.3619,0.33943,0.31148,0.43182
C2RCC,C2RCC_only,closure,Dinophysis_acuminata,29,0.34234,0.3283,0.30645,0.38776
C2RCC,C2RCC_only,closure,Dinophysis_acuminata,30,0.40708,0.44037,0.32857,0.53488
C2RCC,C2RCC_only,closure,Dinophysis_acuminata,31,0.26966,0.27519,0.23077,0.32432
C2RCC,C2RCC_only,closure,Dinophysis_acuminata,32,0.39286,0.4085,0.35484,0.44
C2RCC,C2RCC_only,closure,Dinophysis_acuminata,33,0.34694,0.33271,0.33333,0.3617
C2RCC,C2RCC_only,closure,Dinophysis_acuminata,34,0.29213,0.25219,0.26,0.33333
C2RCC,C2RCC_only,closure,Dinophysis_acuminata,35,0.32381,0.26832,0.30357,0.34694
C2RCC,C2RCC_only,closure,Dinophysis_acuminata,36,0.31304,0.34597,0.25352,0.40909
C2RCC,C2RCC_only,closure,Dinophysis_acuminata,37,0.28283,0.2519,0.24138,0.34146
C2RCC,C2RCC_only,closure,Dinophysis_acuminata,38,0.41509,0.44999,0.36667,0.47826
C2RCC,C2RCC_only,closure,Dinophysis_acuminata,39,0.33333,0.27933,0.34043,0.32653
C2RCC,C2RCC_only,closure,Dinophysis_acuminata,40,0.31111,0.28228,0.26415,0.37838
C2RCC,C2RCC_only,closure,Dinophysis_acuminata,41,0.31776,0.27237,0.30909,0.32692
C2RCC,C2RCC_only,closure,Dinophysis_acuminata,42,0.30631,0.29572,0.2931,0.32075
C2RCC,C2RCC_only,closure,Dinophysis_acuminata,43,0.32184,0.27826,0.28571,0.36842
C2RCC,C2RCC_only,closure,Dinophysis_acuminata,44,0.38095,0.34277,0.30769,0.5
C2RCC,C2RCC_only,closure,Dinophysis_acuminata,45,0.42478,0.42677,0.34286,0.55814
C2RCC,C2RCC_only,closure,Dinophysis_acuminata,46,0.36,0.36849,0.29508,0.46154
C2RCC,C2RCC_only,closure,Dinophysis_acuminata,47,0.32692,0.31518,0.28814,0.37778
C2RCC,C2RCC_only,closure,Dinophysis_acuminata,48,0.30612,0.25496,0.26786,0.35714
C2RCC,C2RCC_only,closure,Dinophysis_acuminata,49,0.32692,0.31195,0.2931,0.36957
C2RCC,C2RCC_roms,closure,Dinophysis_acuminata,0,0.46729,0.41185,0.4386,0.5
C2RCC,C2RCC_roms,closure,Dinophysis_acuminata,1,0.37895,0.45989,0.28571,0.5625
C2RCC,C2RCC_roms,closure,Dinophysis_acuminata,2,0.28283,0.22984,0.22951,0.36842
C2RCC,C2RCC_roms,closure,Dinophysis_acuminata,3,0.39252,0.43443,0.35,0.44681
C2RCC,C2RCC_roms,closure,Dinophysis_acuminata,4,0.3871,0.45865,0.31034,0.51429
C2RCC,C2RCC_roms,closure,Dinophysis_acuminata,5,0.42105,0.4043,0.35088,0.52632
C2RCC,C2RCC_roms,closure,Dinophysis_acuminata,6,0.46018,0.41139,0.45614,0.46429
C2RCC,C2RCC_roms,closure,Dinophysis_acuminata,7,0.39175,0.36496,0.33333,0.475
C2RCC,C2RCC_roms,closure,Dinophysis_acuminata,8,0.37209,0.43691,0.32,0.44444
C2RCC,C2RCC_roms,closure,Dinophysis_acuminata,9,0.41304,0.41996,0.34545,0.51351
C2RCC,C2RCC_roms,closure,Dinophysis_acuminata,10,0.42105,0.46264,0.33333,0.57143
C2RCC,C2RCC_roms,closure,Dinophysis_acuminata,11,0.44231,0.48334,0.37705,0.53488
C2RCC,C2RCC_roms,closure,Dinophysis_acuminata,12,0.47059,0.46349,0.40816,0.55556
C2RCC,C2RCC_roms,closure,Dinophysis_acuminata,13,0.47826,0.48082,0.41509,0.5641
C2RCC,C2RCC_roms,closure,Dinophysis_acuminata,14,0.50633,0.46359,0.44444,0.58824
C2RCC,C2RCC_roms,closure,Dinophysis_acuminata,15,0.42478,0.44969,0.35294,0.53333
C2RCC,C2RCC_roms,closure,Dinophysis_acuminata,16,0.35443,0.42531,0.27451,0.5
C2RCC,C2RCC_roms,closure,Dinophysis_acuminata,17,0.44444,0.48892,0.37736,0.54054
C2RCC,C2RCC_roms,closure,Dinophysis_acuminata,18,0.375,0.37495,0.32727,0.43902
C2RCC,C2RCC_roms,closure,Dinophysis_acuminata,19,0.42857,0.41443,0.32308,0.63636
C2RCC,C2RCC_roms,closure,Dinophysis_acuminata,20,0.46154,0.46012,0.38889,0.56757
C2RCC,C2RCC_roms,closure,Dinophysis_acuminata,21,0.34409,0.38348,0.30769,0.39024
C2RCC,C2RCC_roms,closure,Dinophysis_acuminata,22,0.4,0.39039,0.3913,0.40909
C2RCC,C2RCC_roms,closure,Dinophysis_acuminata,23,0.35165,0.40535,0.32,0.39024
C2RCC,C2RCC_roms,closure,Dinophysis_acuminata,24,0.42105,0.44247,0.36364,0.5
C2RCC,C2RCC_roms,closure,Dinophysis_acuminata,25,0.44681,0.40697,0.375,0.55263
C2RCC,C2RCC_roms,closure,Dinophysis_acuminata,26,0.43396,0.44634,0.34328,0.58974
C2RCC,C2RCC_roms,closure,Dinophysis_acuminata,27,0.40741,0.38316,0.35484,0.47826
C2RCC,C2RCC_roms,closure,Dinophysis_acuminata,28,0.36538,0.3822,0.31148,0.44186
C2RCC,C2RCC_roms,closure,Dinophysis_acuminata,29,0.45045,0.43562,0.40323,0.5102
C2RCC,C2RCC_roms,closure,Dinophysis_acuminata,30,0.47273,0.54161,0.37143,0.65
C2RCC,C2RCC_roms,closure,Dinophysis_acuminata,31,0.42353,0.41081,0.34615,0.54545
C2RCC,C2RCC_roms,closure,Dinophysis_acuminata,32,0.41905,0.47252,0.35484,0.51163
C2RCC,C2RCC_roms,closure,Dinophysis_acuminata,33,0.52874,0.49072,0.45098,0.63889
C2RCC,C2RCC_roms,closure,Dinophysis_acuminata,34,0.33333,0.34159,0.3,0.375
C2RCC,C2RCC_roms,closure,Dinophysis_acuminata,35,0.39175,0.32802,0.33929,0.46341
C2RCC,C2RCC_roms,closure,Dinophysis_acuminata,36,0.36697,0.44759,0.28169,0.52632
C2RCC,C2RCC_roms,closure,Dinophysis_acuminata,37,0.38384,0.33981,0.32759,0.46341
C2RCC,C2RCC_roms,closure,Dinophysis_acuminata,38,0.55046,0.53304,0.5,0.61224
C2RCC,C2RCC_roms,closure,Dinophysis_acuminata,39,0.44444,0.39955,0.38298,0.52941
C2RCC,C2RCC_roms,closure,Dinophysis_acuminata,40,0.45455,0.47562,0.37736,0.57143
C2RCC,C2RCC_roms,closure,Dinophysis_acuminata,41,0.41905,0.38885,0.4,0.44
C2RCC,C2RCC_roms,closure,Dinophysis_acuminata,42,0.51546,0.44426,0.43103,0.64103
C2RCC,C2RCC_roms,closure,Dinophysis_acuminata,43,0.44681,0.41415,0.42857,0.46667
C2RCC,C2RCC_roms,closure,Dinophysis_acuminata,44,0.42017,0.44145,0.32051,0.60976
C2RCC,C2RCC_roms,closure,Dinophysis_acuminata,45,0.54386,0.50911,0.44286,0.70455
C2RCC,C2RCC_roms,closure,Dinophysis_acuminata,46,0.42424,0.43518,0.34426,0.55263
C2RCC,C2RCC_roms,closure,Dinophysis_acuminata,47,0.4,0.38116,0.33898,0.4878
C2RCC,C2RCC_roms,closure,Dinophysis_acuminata,48,0.32258,0.33714,0.26786,0.40541
C2RCC,C2RCC_roms,closure,Dinophysis_acuminata,49,0.3299,0.33222,0.27586,0.41026
C2RCC,C2RCC_only,closure,Dinophysis_norvegica,0,0.0,0.06772,0.0,0.0
C2RCC,C2RCC_only,closure,Dinophysis_norvegica,1,0.0,0.04253,0.0,0.0
C2RCC,C2RCC_only,closure,Dinophysis_norvegica,2,0.28571,0.21318,0.2,0.5
C2RCC,C2RCC_only,closure,Dinophysis_norvegica,3,0.0,0.05789,0.0,0.0
C2RCC,C2RCC_only,closure,Dinophysis_norvegica,4,0.0,0.02118,0.0,0.0
C2RCC,C2RCC_only,closure,Dinophysis_norvegica,5,0.0,0.08716,0.0,0.0
C2RCC,C2RCC_only,closure,Dinophysis_norvegica,6,0.16667,0.10663,0.09091,1.0
C2RCC,C2RCC_only,closure,Dinophysis_norvegica,7,0.25,0.2906,0.14286,1.0
C2RCC,C2RCC_only,closure,Dinophysis_norvegica,8,0.16667,0.13744,0.09091,1.0
C2RCC,C2RCC_only,closure,Dinophysis_norvegica,9,0.0,0.03333,0.0,0.0
C2RCC,C2RCC_only,closure,Dinophysis_norvegica,10,0.2,0.19836,0.11111,1.0
C2RCC,C2RCC_only,closure,Dinophysis_norvegica,11,0.0,0.04341,0.0,0.0
C2RCC,C2RCC_only,closure,Dinophysis_norvegica,12,0.0,0.03077,0.0,0.0
C2RCC,C2RCC_only,closure,Dinophysis_norvegica,13,0.0,0.05287,0.0,0.0
C2RCC,C2RCC_only,closure,Dinophysis_norvegica,14,0.0,0.02497,0.0,0.0
C2RCC,C2RCC_only,closure,Dinophysis_norvegica,15,0.13333,0.13842,0.07692,0.5
C2RCC,C2RCC_only,closure,Dinophysis_norvegica,16,0.0,0.0477,0.0,0.0
C2RCC,C2RCC_only,closure,Dinophysis_norvegica,17,0.0,0.00262,0.0,0.0
C2RCC,C2RCC_only,closure,Dinophysis_norvegica,18,0.25,0.19135,0.14286,1.0
C2RCC,C2RCC_only,closure,Dinophysis_norvegica,19,0.0,0.06883,0.0,0.0
C2RCC,C2RCC_only,closure,Dinophysis_norvegica,20,0.0,0.00939,0.0,0.0
C2RCC,C2RCC_only,closure,Dinophysis_norvegica,21,0.0,0.06699,0.0,0.0
C2RCC,C2RCC_only,closure,Dinophysis_norvegica,22,0.18182,0.22871,0.1,1.0
C2RCC,C2RCC_only,closure,Dinophysis_norvegica,23,0.16667,0.14606,0.1,0.5
C2RCC,C2RCC_only,closure,Dinophysis_norvegica,24,0.0,0.03964,0.0,0.0
C2RCC,C2RCC_only,closure,Dinophysis_norvegica,25,0.0,0.02267,0.0,0.0
C2RCC,C2RCC_only,closure,Dinophysis_norvegica,26,0.0,0.21496,0.0,0.0
C2RCC,C2RCC_only,closure,Dinophysis_norvegica,27,0.13333,0.09203,0.07143,1.0
C2RCC,C2RCC_only,closure,Dinophysis_norvegica,28,0.0,0.05477,0.0,0.0
C2RCC,C2RCC_only,closure,Dinophysis_norvegica,29,0.0,0.03322,0.0,0.0
C2RCC,C2RCC_only,closure,Dinophysis_norvegica,30,0.14286,0.1195,0.08333,0.5
C2RCC,C2RCC_only,closure,Dinophysis_norvegica,31,0.0,0.04102,0.0,0.0
C2RCC,C2RCC_only,closure,Dinophysis_norvegica,32,0.0,0.03393,0.0,0.0
C2RCC,C2RCC_only,closure,Dinophysis_norvegica,33,0.0,0.01301,0.0,0.0
C2RCC,C2RCC_only,closure,Dinophysis_norvegica,34,0.0,0.02095,0.0,0.0
C2RCC,C2RCC_only,closure,Dinophysis_norvegica,35,0.0,0.0163,0.0,0.0
C2RCC,C2RCC_only,closure,Dinophysis_norvegica,36,0.0,0.02317,0.0,0.0
C2RCC,C2RCC_only,closure,Dinophysis_norvegica,37,0.15385,0.17357,0.08333,1.0
C2RCC,C2RCC_only,closure,Dinophysis_norvegica,38,0.0,0.01229,0.0,0.0
C2RCC,C2RCC_only,closure,Dinophysis_norvegica,39,0.15385,0.12423,0.08333,1.0
C2RCC,C2RCC_only,closure,Dinophysis_norvegica,40,0.0,0.07817,0.0,0.0
C2RCC,C2RCC_only,closure,Dinophysis_norvegica,41,0.0,0.04767,0.0,0.0
C2RCC,C2RCC_only,closure,Dinophysis_norvegica,42,0.0,0.01587,0.0,0.0
C2RCC,C2RCC_only,closure,Dinophysis_norvegica,43,0.0,0.04133,0.0,0.0
C2RCC,C2RCC_only,closure,Dinophysis_norvegica,44,0.0,0.10407,0.0,0.0
C2RCC,C2RCC_only,closure,Dinophysis_norvegica,45,0.0,0.02965,0.0,0.0
C2RCC,C2RCC_only,closure,Dinophysis_norvegica,46,0.28571,0.17385,0.16667,1.0
C2RCC,C2RCC_only,closure,Dinophysis_norvegica,47,0.33333,0.218,0.2,1.0
C2RCC,C2RCC_only,closure,Dinophysis_norvegica,48,0.0,0.12565,0.0,0.0
C2RCC,C2RCC_only,closure,Dinophysis_norvegica,49,0.15385,0.18967,0.08333,1.0
C2RCC,C2RCC_roms,closure,Dinophysis_norvegica,0,0.0,0.14044,0.0,0.0
C2RCC,C2RCC_roms,closure,Dinophysis_norvegica,1,0.0,0.06612,0.0,0.0
C2RCC,C2RCC_roms,closure,Dinophysis_norvegica,2,0.28571,0.21142,0.2,0.5
C2RCC,C2RCC_roms,closure,Dinophysis_norvegica,3,0.0,0.06801,0.0,0.0
C2RCC,C2RCC_roms,closure,Dinophysis_norvegica,4,0.0,0.03181,0.0,0.0
C2RCC,C2RCC_roms,closure,Dinophysis_norvegica,5,0.0,0.08501,0.0,0.0
C2RCC,C2RCC_roms,closure,Dinophysis_norvegica,6,0.16667,0.14919,0.09091,1.0
C2RCC,C2RCC_roms,closure,Dinophysis_norvegica,7,0.22222,0.27554,0.14286,0.5
C2RCC,C2RCC_roms,closure,Dinophysis_norvegica,8,0.16667,0.12386,0.09091,1.0
C2RCC,C2RCC_roms,closure,Dinophysis_norvegica,9,0.0,0.05636,0.0,0.0
C2RCC,C2RCC_roms,closure,Dinophysis_norvegica,10,0.2,0.20277,0.11111,1.0
C2RCC,C2RCC_roms,closure,Dinophysis_norvegica,11,0.0,0.04713,0.0,0.0
C2RCC,C2RCC_roms,closure,Dinophysis_norvegica,12,0.0,0.03188,0.0,0.0
C2RCC,C2RCC_roms,closure,Dinophysis_norvegica,13,0.0,0.02462,0.0,0.0
C2RCC,C2RCC_roms,closure,Dinophysis_norvegica,14,0.0,0.04139,0.0,0.0
C2RCC,C2RCC_roms,closure,Dinophysis_norvegica,15,0.13333,0.18733,0.07692,0.5
C2RCC,C2RCC_roms,closure,Dinophysis_norvegica,16,0.0,0.03833,0.0,0.0
C2RCC,C2RCC_roms,closure,Dinophysis_norvegica,17,0.0,0.00216,0.0,0.0
C2RCC,C2RCC_roms,closure,Dinophysis_norvegica,18,0.25,0.23603,0.14286,1.0
C2RCC,C2RCC_roms,closure,Dinophysis_norvegica,19,0.0,0.07635,0.0,0.0
C2RCC,C2RCC_roms,closure,Dinophysis_norvegica,20,0.0,0.05487,0.0,0.0
C2RCC,C2RCC_roms,closure,Dinophysis_norvegica,21,0.0,0.06432,0.0,0.0
C2RCC,C2RCC_roms,closure,Dinophysis_norvegica,22,0.18182,0.24925,0.1,1.0
C2RCC,C2RCC_roms,closure,Dinophysis_norvegica,23,0.16667,0.14507,0.1,0.5
C2RCC,C2RCC_roms,closure,Dinophysis_norvegica,24,0.0,0.04299,0.0,0.0
C2RCC,C2RCC_roms,closure,Dinophysis_norvegica,25,0.0,0.02186,0.0,0.0
C2RCC,C2RCC_roms,closure,Dinophysis_norvegica,26,0.28571,0.21445,0.16667,1.0
C2RCC,C2RCC_roms,closure,Dinophysis_norvegica,27,0.13333,0.11232,0.07143,1.0
C2RCC,C2RCC_roms,closure,Dinophysis_norvegica,28,0.0,0.05242,0.0,0.0
C2RCC,C2RCC_roms,closure,Dinophysis_norvegica,29,0.0,0.04636,0.0,0.0
C2RCC,C2RCC_roms,closure,Dinophysis_norvegica,30,0.14286,0.12501,0.08333,0.5
C2RCC,C2RCC_roms,closure,Dinophysis_norvegica,31,0.0,0.02792,0.0,0.0
C2RCC,C2RCC_roms,closure,Dinophysis_norvegica,32,0.0,0.05158,0.0,0.0
C2RCC,C2RCC_roms,closure,Dinophysis_norvegica,33,0.0,0.02005,0.0,0.0
C2RCC,C2RCC_roms,closure,Dinophysis_norvegica,34,0.0,0.02341,0.0,0.0
C2RCC,C2RCC_roms,closure,Dinophysis_norvegica,35,0.0,0.01689,0.0,0.0
C2RCC,C2RCC_roms,closure,Dinophysis_norvegica,36,0.0,0.04525,0.0,0.0
C2RCC,C2RCC_roms,closure,Dinophysis_norvegica,37,0.15385,0.20196,0.08333,1.0
C2RCC,C2RCC_roms,closure,Dinophysis_norvegica,38,0.0,0.01857,0.0,0.0
C2RCC,C2RCC_roms,closure,Dinophysis_norvegica,39,0.15385,0.14501,0.08333,1.0
C2RCC,C2RCC_roms,closure,Dinophysis_norvegica,40,0.0,0.17937,0.0,0.0
C2RCC,C2RCC_roms,closure,Dinophysis_norvegica,41,0.0,0.06624,0.0,0.0
C2RCC,C2RCC_roms,closure,Dinophysis_norvegica,42,0.0,0.0173,0.0,0.0
C2RCC,C2RCC_roms,closure,Dinophysis_norvegica,43,0.0,0.10616,0.0,0.0
C2RCC,C2RCC_roms,closure,Dinophysis_norvegica,44,0.0,0.13393,0.0,0.0
C2RCC,C2RCC_roms,closure,Dinophysis_norvegica,45,0.0,0.04524,0.0,0.0
C2RCC,C2RCC_roms,closure,Dinophysis_norvegica,46,0.28571,0.17575,0.16667,1.0
C2RCC,C2RCC_roms,closure,Dinophysis_norvegica,47,0.33333,0.21076,0.2,1.0
C2RCC,C2RCC_roms,closure,Dinophysis_norvegica,48,0.0,0.11439,0.0,0.0
C2RCC,C2RCC_roms,closure,Dinophysis_norvegica,49,0.15385,0.23538,0.08333,1.0
C2RCC,C2RCC_only,closure,Karenia,0,0.77366,0.82757,0.85455,0.70677
C2RCC,C2RCC_only,closure,Karenia,1,0.81733,0.883,0.85771,0.78058
C2RCC,C2RCC_only,closure,Karenia,2,0.78598,0.85422,0.83203,0.74476
C2RCC,C2RCC_only,closure,Karenia,3,0.79523,0.84857,0.84034,0.75472
C2RCC,C2RCC_only,closure,Karenia,4,0.79828,0.86542,0.85714,0.74699
C2RCC,C2RCC_only,closure,Karenia,5,0.81031,0.87676,0.87649,0.75342
C2RCC,C2RCC_only,closure,Karenia,6,0.81584,0.87855,0.88793,0.75458
C2RCC,C2RCC_only,closure,Karenia,7,0.78182,0.84668,0.83902,0.73191
C2RCC,C2RCC_only,closure,Karenia,8,0.82583,0.87179,0.89787,0.76449
C2RCC,C2RCC_only,closure,Karenia,9,0.8037,0.88082,0.89669,0.72819
C2RCC,C2RCC_only,closure,Karenia,10,0.79042,0.86435,0.82158,0.76154
C2RCC,C2RCC_only,closure,Karenia,11,0.79588,0.87835,0.86161,0.73946
C2RCC,C2RCC_only,closure,Karenia,12,0.81609,0.87479,0.87654,0.76344
C2RCC,C2RCC_only,closure,Karenia,13,0.79208,0.86905,0.87719,0.72202
C2RCC,C2RCC_only,closure,Karenia,14,0.79921,0.88293,0.83197,0.76894
C2RCC,C2RCC_only,closure,Karenia,15,0.79142,0.877,0.82857,0.75746
C2RCC,C2RCC_only,closure,Karenia,16,0.81453,0.8668,0.87654,0.76071
C2RCC,C2RCC_only,closure,Karenia,17,0.77666,0.84826,0.85022,0.71481
C2RCC,C2RCC_only,closure,Karenia,18,0.80989,0.87592,0.85887,0.76619
C2RCC,C2RCC_only,closure,Karenia,19,0.81524,0.886,0.87705,0.76157
C2RCC,C2RCC_only,closure,Karenia,20,0.81588,0.88119,0.84644,0.78746
C2RCC,C2RCC_only,closure,Karenia,21,0.8,0.85963,0.85484,0.75177
C2RCC,C2RCC_only,closure,Karenia,22,0.7802,0.85652,0.84188,0.72694
C2RCC,C2RCC_only,closure,Karenia,23,0.82684,0.89062,0.88018,0.77959
C2RCC,C2RCC_only,closure,Karenia,24,0.80682,0.86787,0.86585,0.75532
C2RCC,C2RCC_only,closure,Karenia,25,0.79468,0.84582,0.88559,0.72069
C2RCC,C2RCC_only,closure,Karenia,26,0.79773,0.854,0.84064,0.75899
C2RCC,C2RCC_only,closure,Karenia,27,0.77132,0.8301,0.83264,0.71841
C2RCC,C2RCC_only,closure,Karenia,28,0.79151,0.83319,0.88745,0.71429
C2RCC,C2RCC_only,closure,Karenia,29,0.83366,0.89848,0.86235,0.80682
C2RCC,C2RCC_only,closure,Karenia,30,0.82122,0.90346,0.87083,0.77695
C2RCC,C2RCC_only,closure,Karenia,31,0.82824,0.88738,0.875,0.78623
C2RCC,C2RCC_only,closure,Karenia,32,0.79769,0.87247,0.87342,0.73404
C2RCC,C2RCC_only,closure,Karenia,33,0.80899,0.87756,0.85714,0.76596
C2RCC,C2RCC_only,closure,Karenia,34,0.81343,0.87682,0.86508,0.76761
C2RCC,C2RCC_only,closure,Karenia,35,0.8062,0.86792,0.83871,0.77612
C2RCC,C2RCC_only,closure,Karenia,36,0.79032,0.87782,0.85965,0.73134
C2RCC,C2RCC_only,closure,Karenia,37,0.79769,0.87066,0.8247,0.77239
C2RCC,C2RCC_only,closure,Karenia,38,0.79528,0.85304,0.84167,0.75373
C2RCC,C2RCC_only,closure,Karenia,39,0.83333,0.89176,0.85714,0.81081
C2RCC,C2RCC_only,closure,Karenia,40,0.8,0.83836,0.89593,0.72263
C2RCC,C2RCC_only,closure,Karenia,41,0.81746,0.87449,0.89956,0.74909
C2RCC,C2RCC_only,closure,Karenia,42,0.80455,0.86493,0.848,0.76534
C2RCC,C2RCC_only,closure,Karenia,43,0.82988,0.89456,0.90498,0.76628
C2RCC,C2RCC_only,closure,Karenia,44,0.80586,0.85778,0.88,0.74324
C2RCC,C2RCC_only,closure,Karenia,45,0.77056,0.83812,0.83178,0.71774
C2RCC,C2RCC_only,closure,Karenia,46,0.81343,0.84786,0.89344,0.74658
C2RCC,C2RCC_only,closure,Karenia,47,0.8209,0.88639,0.8871,0.76389
C2RCC,C2RCC_only,closure,Karenia,48,0.80755,0.86769,0.87347,0.75088
C2RCC,C2RCC_only,closure,Karenia,49,0.78763,0.86748,0.80591,0.77016
C2RCC,C2RCC_roms,closure,Karenia,0,0.79359,0.83853,0.9,0.70968
C2RCC,C2RCC_roms,closure,Karenia,1,0.83848,0.89041,0.91304,0.77517
C2RCC,C2RCC_roms,closure,Karenia,2,0.8206,0.8593,0.90234,0.75244
C2RCC,C2RCC_roms,closure,Karenia,3,0.83969,0.8597,0.92437,0.76923
C2RCC,C2RCC_roms,closure,Karenia,4,0.81405,0.87051,0.90783,0.73783
C2RCC,C2RCC_roms,closure,Karenia,5,0.83186,0.8844,0.93625,0.74841
C2RCC,C2RCC_roms,closure,Karenia,6,0.83559,0.88556,0.93103,0.75789
C2RCC,C2RCC_roms,closure,Karenia,7,0.80702,0.86189,0.89756,0.73307
C2RCC,C2RCC_roms,closure,Karenia,8,0.82917,0.88402,0.91915,0.75524
C2RCC,C2RCC_roms,closure,Karenia,9,0.81752,0.88291,0.92562,0.73203
C2RCC,C2RCC_roms,closure,Karenia,10,0.8327,0.87333,0.90871,0.76842
C2RCC,C2RCC_roms,closure,Karenia,11,0.81542,0.88466,0.89732,0.74721
C2RCC,C2RCC_roms,closure,Karenia,12,0.83799,0.88387,0.92593,0.76531
C2RCC,C2RCC_roms,closure,Karenia,13,0.81766,0.87564,0.93421,0.72696
C2RCC,C2RCC_roms,closure,Karenia,14,0.8327,0.88992,0.89754,0.7766
C2RCC,C2RCC_roms,closure,Karenia,15,0.80455,0.88395,0.86531,0.75177
C2RCC,C2RCC_roms,closure,Karenia,16,0.82963,0.88203,0.92181,0.75421
C2RCC,C2RCC_roms,closure,Karenia,17,0.80156,0.85555,0.90749,0.71777
C2RCC,C2RCC_roms,closure,Karenia,18,0.84095,0.88718,0.92742,0.76923
C2RCC,C2RCC_roms,closure,Karenia,19,0.83643,0.88939,0.92213,0.76531
C2RCC,C2RCC_roms,closure,Karenia,20,0.85217,0.88623,0.9176,0.79545
C2RCC,C2RCC_roms,closure,Karenia,21,0.81262,0.87213,0.88306,0.75258
C2RCC,C2RCC_roms,closure,Karenia,22,0.80154,0.87027,0.88889,0.72982
C2RCC,C2RCC_roms,closure,Karenia,23,0.83761,0.90185,0.90323,0.78088
C2RCC,C2RCC_roms,closure,Karenia,24,0.82222,0.87463,0.90244,0.7551
C2RCC,C2RCC_roms,closure,Karenia,25,0.81919,0.8546,0.94068,0.72549
C2RCC,C2RCC_roms,closure,Karenia,26,0.82375,0.85481,0.88446,0.77083
C2RCC,C2RCC_roms,closure,Karenia,27,0.8,0.8452,0.8954,0.72297
C2RCC,C2RCC_roms,closure,Karenia,28,0.81132,0.84017,0.93074,0.71906
C2RCC,C2RCC_roms,closure,Karenia,29,0.85551,0.9056,0.91093,0.80645
C2RCC,C2RCC_roms,closure,Karenia,30,0.84231,0.91253,0.9125,0.78214
C2RCC,C2RCC_roms,closure,Karenia,31,0.84151,0.89794,0.89919,0.79078
C2RCC,C2RCC_roms,closure,Karenia,32,0.81594,0.87695,0.90717,0.74138
C2RCC,C2RCC_roms,closure,Karenia,33,0.83122,0.88988,0.90873,0.76589
C2RCC,C2RCC_roms,closure,Karenia,34,0.84364,0.88146,0.92063,0.77852
C2RCC,C2RCC_roms,closure,Karenia,35,0.84328,0.87495,0.91129,0.78472
C2RCC,C2RCC_roms,closure,Karenia,36,0.81008,0.88971,0.91667,0.72569
C2RCC,C2RCC_roms,closure,Karenia,37,0.83271,0.87207,0.89243,0.78049
C2RCC,C2RCC_roms,closure,Karenia,38,0.82375,0.86153,0.89583,0.76241
C2RCC,C2RCC_roms,closure,Karenia,39,0.85441,0.90056,0.9102,0.80505
C2RCC,C2RCC_roms,closure,Karenia,40,0.80868,0.83429,0.9276,0.71678
C2RCC,C2RCC_roms,closure,Karenia,41,0.82558,0.8819,0.93013,0.74216
C2RCC,C2RCC_roms,closure,Karenia,42,0.83088,0.87243,0.904,0.76871
C2RCC,C2RCC_roms,closure,Karenia,43,0.8404,0.90005,0.94118,0.75912
C2RCC,C2RCC_roms,closure,Karenia,44,0.82771,0.85004,0.932,0.74441
C2RCC,C2RCC_roms,closure,Karenia,45,0.79498,0.84563,0.88785,0.7197
C2RCC,C2RCC_roms,closure,Karenia,46,0.82998,0.86461,0.93033,0.74917
C2RCC,C2RCC_roms,closure,Karenia,47,0.83303,0.89059,0.91532,0.76431
C2RCC,C2RCC_roms,closure,Karenia,48,0.83485,0.87516,0.93878,0.75163
C2RCC,C2RCC_roms,closure,Karenia,49,0.81673,0.86856,0.86498,0.77358
C2RCC,C2RCC_only,closure,Pseudo-nitzschia,0,0.59016,0.78023,0.46154,0.81818
C2RCC,C2RCC_only,closure,Pseudo-nitzschia,1,0.65574,0.70425,0.57143,0.76923
C2RCC,C2RCC_only,closure,Pseudo-nitzschia,2,0.51064,0.62894,0.4,0.70588
C2RCC,C2RCC_only,closure,Pseudo-nitzschia,3,0.57143,0.76157,0.42553,0.86957
C2RCC,C2RCC_only,closure,Pseudo-nitzschia,4,0.54545,0.61806,0.44444,0.70588
C2RCC,C2RCC_only,closure,Pseudo-nitzschia,5,0.60714,0.63261,0.54839,0.68
C2RCC,C2RCC_only,closure,Pseudo-nitzschia,6,0.59091,0.57148,0.52,0.68421
C2RCC,C2RCC_only,closure,Pseudo-nitzschia,7,0.67742,0.66732,0.56757,0.84
C2RCC,C2RCC_only,closure,Pseudo-nitzschia,8,0.61765,0.74497,0.48837,0.84
C2RCC,C2RCC_only,closure,Pseudo-nitzschia,9,0.5,0.54531,0.45455,0.55556
C2RCC,C2RCC_only,closure,Pseudo-nitzschia,10,0.54167,0.69974,0.39394,0.86667
C2RCC,C2RCC_only,closure,Pseudo-nitzschia,11,0.69091,0.66826,0.59375,0.82609
C2RCC,C2RCC_only,closure,Pseudo-nitzschia,12,0.44444,0.69158,0.30303,0.83333
C2RCC,C2RCC_only,closure,Pseudo-nitzschia,13,0.54902,0.73522,0.4375,0.73684
C2RCC,C2RCC_only,closure,Pseudo-nitzschia,14,0.54237,0.65911,0.42105,0.7619
C2RCC,C2RCC_only,closure,Pseudo-nitzschia,15,0.60714,0.72757,0.48571,0.80952
C2RCC,C2RCC_only,closure,Pseudo-nitzschia,16,0.60377,0.69982,0.5,0.7619
C2RCC,C2RCC_only,closure,Pseudo-nitzschia,17,0.55172,0.73659,0.42105,0.8
C2RCC,C2RCC_only,closure,Pseudo-nitzschia,18,0.44828,0.55224,0.34211,0.65
C2RCC,C2RCC_only,closure,Pseudo-nitzschia,19,0.44828,0.59273,0.37143,0.56522
C2RCC,C2RCC_only,closure,Pseudo-nitzschia,20,0.46377,0.62567,0.35556,0.66667
C2RCC,C2RCC_only,closure,Pseudo-nitzschia,21,0.59259,0.66525,0.45714,0.84211
C2RCC,C2RCC_only,closure,Pseudo-nitzschia,22,0.65753,0.73562,0.55814,0.8
C2RCC,C2RCC_only,closure,Pseudo-nitzschia,23,0.47619,0.67246,0.32609,0.88235
C2RCC,C2RCC_only,closure,Pseudo-nitzschia,24,0.51064,0.71177,0.3871,0.75
C2RCC,C2RCC_only,closure,Pseudo-nitzschia,25,0.48387,0.64933,0.375,0.68182
C2RCC,C2RCC_only,closure,Pseudo-nitzschia,26,0.51515,0.6401,0.41463,0.68
C2RCC,C2RCC_only,closure,Pseudo-nitzschia,27,0.63889,0.74558,0.51111,0.85185
C2RCC,C2RCC_only,closure,Pseudo-nitzschia,28,0.53061,0.57348,0.43333,0.68421
C2RCC,C2RCC_only,closure,Pseudo-nitzschia,29,0.64706,0.74885,0.52381,0.84615
C2RCC,C2RCC_only,closure,Pseudo-nitzschia,30,0.55556,0.8014,0.39216,0.95238
C2RCC,C2RCC_only,closure,Pseudo-nitzschia,31,0.41935,0.55053,0.30952,0.65
C2RCC,C2RCC_only,closure,Pseudo-nitzschia,32,0.62295,0.68887,0.51351,0.79167
C2RCC,C2RCC_only,closure,Pseudo-nitzschia,33,0.61818,0.71169,0.53125,0.73913
C2RCC,C2RCC_only,closure,Pseudo-nitzschia,34,0.54237,0.6124,0.41026,0.8
C2RCC,C2RCC_only,closure,Pseudo-nitzschia,35,0.54545,0.63585,0.46154,0.66667
C2RCC,C2RCC_only,closure,Pseudo-nitzschia,36,0.55738,0.69312,0.44737,0.73913
C2RCC,C2RCC_only,closure,Pseudo-nitzschia,37,0.46875,0.66729,0.36585,0.65217
C2RCC,C2RCC_only,closure,Pseudo-nitzschia,38,0.59375,0.73295,0.46341,0.82609
C2RCC,C2RCC_only,closure,Pseudo-nitzschia,39,0.63291,0.66368,0.55556,0.73529
C2RCC,C2RCC_only,closure,Pseudo-nitzschia,40,0.65625,0.68717,0.55263,0.80769
C2RCC,C2RCC_only,closure,Pseudo-nitzschia,41,0.48148,0.63437,0.37143,0.68421
C2RCC,C2RCC_only,closure,Pseudo-nitzschia,42,0.50847,0.66527,0.39474,0.71429
C2RCC,C2RCC_only,closure,Pseudo-nitzschia,43,0.5283,0.68965,0.41176,0.73684
C2RCC,C2RCC_only,closure,Pseudo-nitzschia,44,0.50746,0.56223,0.38636,0.73913
C2RCC,C2RCC_only,closure,Pseudo-nitzschia,45,0.56667,0.67954,0.45946,0.73913
C2RCC,C2RCC_only,closure,Pseudo-nitzschia,46,0.50794,0.62902,0.41026,0.66667
C2RCC,C2RCC_only,closure,Pseudo-nitzschia,47,0.525,0.71372,0.38182,0.84
C2RCC,C2RCC_only,closure,Pseudo-nitzschia,48,0.51351,0.63405,0.37255,0.82609
C2RCC,C2RCC_only,closure,Pseudo-nitzschia,49,0.51515,0.71612,0.39535,0.73913
C2RCC,C2RCC_roms,closure,Pseudo-nitzschia,0,0.78378,0.87906,0.74359,0.82857
C2RCC,C2RCC_roms,closure,Pseudo-nitzschia,1,0.75362,0.81585,0.74286,0.76471
C2RCC,C2RCC_roms,closure,Pseudo-nitzschia,2,0.67925,0.71695,0.6,0.78261
C2RCC,C2RCC_roms,closure,Pseudo-nitzschia,3,0.74074,0.82442,0.6383,0.88235
C2RCC,C2RCC_roms,closure,Pseudo-nitzschia,4,0.74074,0.72313,0.74074,0.74074
C2RCC,C2RCC_roms,closure,Pseudo-nitzschia,5,0.7,0.71516,0.67742,0.72414
C2RCC,C2RCC_roms,closure,Pseudo-nitzschia,6,0.625,0.67077,0.6,0.65217
C2RCC,C2RCC_roms,closure,Pseudo-nitzschia,7,0.76056,0.73989,0.72973,0.79412
C2RCC,C2RCC_roms,closure,Pseudo-nitzschia,8,0.75,0.81149,0.69767,0.81081
C2RCC,C2RCC_roms,closure,Pseudo-nitzschia,9,0.60465,0.67499,0.59091,0.61905
C2RCC,C2RCC_roms,closure,Pseudo-nitzschia,10,0.71429,0.81445,0.60606,0.86957
C2RCC,C2RCC_roms,closure,Pseudo-nitzschia,11,0.72727,0.7629,0.625,0.86957
C2RCC,C2RCC_roms,closure,Pseudo-nitzschia,12,0.72727,0.86126,0.60606,0.90909
C2RCC,C2RCC_roms,closure,Pseudo-nitzschia,13,0.70175,0.84717,0.625,0.8
C2RCC,C2RCC_roms,closure,Pseudo-nitzschia,14,0.62295,0.75495,0.5,0.82609
C2RCC,C2RCC_roms,closure,Pseudo-nitzschia,15,0.74194,0.8228,0.65714,0.85185
C2RCC,C2RCC_roms,closure,Pseudo-nitzschia,16,0.72414,0.79047,0.65625,0.80769
C2RCC,C2RCC_roms,closure,Pseudo-nitzschia,17,0.71875,0.82991,0.60526,0.88462
C2RCC,C2RCC_roms,closure,Pseudo-nitzschia,18,0.60317,0.67775,0.5,0.76
C2RCC,C2RCC_roms,closure,Pseudo-nitzschia,19,0.68966,0.79777,0.57143,0.86957
C2RCC,C2RCC_roms,closure,Pseudo-nitzschia,20,0.62338,0.72818,0.53333,0.75
C2RCC,C2RCC_roms,closure,Pseudo-nitzschia,21,0.7,0.71471,0.6,0.84
C2RCC,C2RCC_roms,closure,Pseudo-nitzschia,22,0.75949,0.85291,0.69767,0.83333
C2RCC,C2RCC_roms,closure,Pseudo-nitzschia,23,0.69231,0.81585,0.58696,0.84375
C2RCC,C2RCC_roms,closure,Pseudo-nitzschia,24,0.69091,0.78604,0.6129,0.79167
C2RCC,C2RCC_roms,closure,Pseudo-nitzschia,25,0.67647,0.78898,0.575,0.82143
C2RCC,C2RCC_roms,closure,Pseudo-nitzschia,26,0.75,0.80154,0.65854,0.87097
C2RCC,C2RCC_roms,closure,Pseudo-nitzschia,27,0.75949,0.83159,0.66667,0.88235
C2RCC,C2RCC_roms,closure,Pseudo-nitzschia,28,0.62963,0.70722,0.56667,0.70833
C2RCC,C2RCC_roms,closure,Pseudo-nitzschia,29,0.77922,0.85437,0.71429,0.85714
C2RCC,C2RCC_roms,closure,Pseudo-nitzschia,30,0.66667,0.85866,0.52941,0.9
C2RCC,C2RCC_roms,closure,Pseudo-nitzschia,31,0.62857,0.75356,0.52381,0.78571
C2RCC,C2RCC_roms,closure,Pseudo-nitzschia,32,0.72464,0.80333,0.67568,0.78125
C2RCC,C2RCC_roms,closure,Pseudo-nitzschia,33,0.74194,0.78712,0.71875,0.76667
C2RCC,C2RCC_roms,closure,Pseudo-nitzschia,34,0.67692,0.7207,0.5641,0.84615
C2RCC,C2RCC_roms,closure,Pseudo-nitzschia,35,0.69565,0.74906,0.61538,0.8
C2RCC,C2RCC_roms,closure,Pseudo-nitzschia,36,0.64706,0.79367,0.57895,0.73333
C2RCC,C2RCC_roms,closure,Pseudo-nitzschia,37,0.69444,0.77064,0.60976,0.80645
C2RCC,C2RCC_roms,closure,Pseudo-nitzschia,38,0.77333,0.80518,0.70732,0.85294
C2RCC,C2RCC_roms,closure,Pseudo-nitzschia,39,0.74359,0.82481,0.64444,0.87879
C2RCC,C2RCC_roms,closure,Pseudo-nitzschia,40,0.78378,0.77569,0.76316,0.80556
C2RCC,C2RCC_roms,closure,Pseudo-nitzschia,41,0.72131,0.7878,0.62857,0.84615
C2RCC,C2RCC_roms,closure,Pseudo-nitzschia,42,0.76471,0.81712,0.68421,0.86667
C2RCC,C2RCC_roms,closure,Pseudo-nitzschia,43,0.83871,0.82229,0.76471,0.92857
C2RCC,C2RCC_roms,closure,Pseudo-nitzschia,44,0.61111,0.68126,0.5,0.78571
C2RCC,C2RCC_roms,closure,Pseudo-nitzschia,45,0.70769,0.79409,0.62162,0.82143
C2RCC,C2RCC_roms,closure,Pseudo-nitzschia,46,0.64706,0.75536,0.5641,0.75862
C2RCC,C2RCC_roms,closure,Pseudo-nitzschia,47,0.65934,0.80485,0.54545,0.83333
C2RCC,C2RCC_roms,closure,Pseudo-nitzschia,48,0.66667,0.72256,0.58824,0.76923
C2RCC,C2RCC_roms,closure,Pseudo-nitzschia,49,0.73684,0.83804,0.65116,0.84848
ACOLITE,ACOLITE_only,warning,Alexandrium_catenella,0,0.58776,0.65832,0.51064,0.69231
ACOLITE,ACOLITE_only,warning,Alexandrium_catenella,1,0.54852,0.6728,0.45455,0.69149
ACOLITE,ACOLITE_only,warning,Alexandrium_catenella,2,0.58871,0.67866,0.4966,0.72277
ACOLITE,ACOLITE_only,warning,Alexandrium_catenella,3,0.609,0.72,0.51163,0.75214
ACOLITE,ACOLITE_only,warning,Alexandrium_catenella,4,0.6087,0.70494,0.51333,0.74757
ACOLITE,ACOLITE_only,warning,Alexandrium_catenella,5,0.56652,0.66613,0.47482,0.70213
ACOLITE,ACOLITE_only,warning,Alexandrium_catenella,6,0.59483,0.67788,0.5188,0.69697
ACOLITE,ACOLITE_only,warning,Alexandrium_catenella,7,0.58333,0.68611,0.51852,0.66667
ACOLITE,ACOLITE_only,warning,Alexandrium_catenella,8,0.61069,0.7043,0.52288,0.73394
ACOLITE,ACOLITE_only,warning,Alexandrium_catenella,9,0.54918,0.63014,0.47518,0.65049
ACOLITE,ACOLITE_only,warning,Alexandrium_catenella,10,0.61832,0.68991,0.56643,0.68067
ACOLITE,ACOLITE_only,warning,Alexandrium_catenella,11,0.55319,0.63367,0.47101,0.6701
ACOLITE,ACOLITE_only,warning,Alexandrium_catenella,12,0.59361,0.69035,0.50388,0.72222
ACOLITE,ACOLITE_only,warning,Alexandrium_catenella,13,0.53023,0.61805,0.48305,0.58763
ACOLITE,ACOLITE_only,warning,Alexandrium_catenella,14,0.57642,0.71949,0.47143,0.74157
ACOLITE,ACOLITE_only,warning,Alexandrium_catenella,15,0.57959,0.67128,0.49306,0.70297
ACOLITE,ACOLITE_only,warning,Alexandrium_catenella,16,0.64516,0.706,0.57971,0.72727
ACOLITE,ACOLITE_only,warning,Alexandrium_catenella,17,0.56904,0.66481,0.47222,0.71579
ACOLITE,ACOLITE_only,warning,Alexandrium_catenella,18,0.57576,0.69327,0.5,0.67857
ACOLITE,ACOLITE_only,warning,Alexandrium_catenella,19,0.63636,0.72955,0.59155,0.68852
ACOLITE,ACOLITE_only,warning,Alexandrium_catenella,20,0.57959,0.69562,0.4965,0.69608
ACOLITE,ACOLITE_only,warning,Alexandrium_catenella,21,0.6087,0.68005,0.50602,0.76364
ACOLITE,ACOLITE_only,warning,Alexandrium_catenella,22,0.60656,0.69417,0.5,0.77083
ACOLITE,ACOLITE_only,warning,Alexandrium_catenella,23,0.58238,0.68882,0.54676,0.62295
ACOLITE,ACOLITE_only,warning,Alexandrium_catenella,24,0.54688,0.67963,0.47297,0.64815
ACOLITE,ACOLITE_only,warning,Alexandrium_catenella,25,0.58515,0.65597,0.51938,0.67
ACOLITE,ACOLITE_only,warning,Alexandrium_catenella,26,0.53744,0.64353,0.43571,0.70115
ACOLITE,ACOLITE_only,warning,Alexandrium_catenella,27,0.5679,0.65156,0.5,0.65714
ACOLITE,ACOLITE_only,warning,Alexandrium_catenella,28,0.54167,0.63553,0.45775,0.66327
ACOLITE,ACOLITE_only,warning,Alexandrium_catenella,29,0.58039,0.69455,0.5034,0.68519
ACOLITE,ACOLITE_only,warning,Alexandrium_catenella,30,0.55172,0.64816,0.46043,0.68817
ACOLITE,ACOLITE_only,warning,Alexandrium_catenella,31,0.5625,0.62248,0.48462,0.67021
ACOLITE,ACOLITE_only,warning,Alexandrium_catenella,32,0.56574,0.67912,0.47973,0.68932
ACOLITE,ACOLITE_only,warning,Alexandrium_catenella,33,0.57851,0.67699,0.5036,0.67961
ACOLITE,ACOLITE_only,warning,Alexandrium_catenella,34,0.53275,0.6703,0.45865,0.63542
ACOLITE,ACOLITE_only,warning,Alexandrium_catenella,35,0.65385,0.73593,0.56667,0.77273
ACOLITE,ACOLITE_only,warning,Alexandrium_catenella,36,0.58964,0.67409,0.47742,0.77083
ACOLITE,ACOLITE_only,warning,Alexandrium_catenella,37,0.66359,0.73572,0.55385,0.82759
ACOLITE,ACOLITE_only,warning,Alexandrium_catenella,38,0.57875,0.675,0.54861,0.6124
ACOLITE,ACOLITE_only,warning,Alexandrium_catenella,39,0.58635,0.69591,0.51773,0.67593
ACOLITE,ACOLITE_only,warning,Alexandrium_catenella,40,0.56311,0.64827,0.52252,0.61053
ACOLITE,ACOLITE_only,warning,Alexandrium_catenella,41,0.568,0.65872,0.50714,0.64545
ACOLITE,ACOLITE_only,warning,Alexandrium_catenella,42,0.53383,0.63319,0.45513,0.64545
ACOLITE,ACOLITE_only,warning,Alexandrium_catenella,43,0.58921,0.70395,0.4965,0.72449
ACOLITE,ACOLITE_only,warning,Alexandrium_catenella,44,0.58871,0.70086,0.52518,0.66972
ACOLITE,ACOLITE_only,warning,Alexandrium_catenella,45,0.66667,0.72627,0.58156,0.78095
ACOLITE,ACOLITE_only,warning,Alexandrium_catenella,46,0.56031,0.65147,0.47682,0.67925
ACOLITE,ACOLITE_only,warning,Alexandrium_catenella,47,0.47619,0.61847,0.3937,0.60241
ACOLITE,ACOLITE_only,warning,Alexandrium_catenella,48,0.6063,0.6777,0.55,0.67544
ACOLITE,ACOLITE_only,warning,Alexandrium_catenella,49,0.61069,0.67314,0.55556,0.67797
ACOLITE,ACOLITE_roms,warning,Alexandrium_catenella,0,0.66667,0.72083,0.62411,0.71545
ACOLITE,ACOLITE_roms,warning,Alexandrium_catenella,1,0.61044,0.70337,0.53147,0.71698
ACOLITE,ACOLITE_roms,warning,Alexandrium_catenella,2,0.63566,0.69963,0.55782,0.73874
ACOLITE,ACOLITE_roms,warning,Alexandrium_catenella,3,0.62162,0.74548,0.53488,0.74194
ACOLITE,ACOLITE_roms,warning,Alexandrium_catenella,4,0.64062,0.72698,0.54667,0.77358
ACOLITE,ACOLITE_roms,warning,Alexandrium_catenella,5,0.59504,0.71348,0.51799,0.69903
ACOLITE,ACOLITE_roms,warning,Alexandrium_catenella,6,0.60905,0.7159,0.55639,0.67273
ACOLITE,ACOLITE_roms,warning,Alexandrium_catenella,7,0.62698,0.71071,0.58519,0.67521
ACOLITE,ACOLITE_roms,warning,Alexandrium_catenella,8,0.64207,0.74753,0.56863,0.73729
ACOLITE,ACOLITE_roms,warning,Alexandrium_catenella,9,0.60465,0.67392,0.55319,0.66667
ACOLITE,ACOLITE_roms,warning,Alexandrium_catenella,10,0.64444,0.73706,0.60839,0.68504
ACOLITE,ACOLITE_roms,warning,Alexandrium_catenella,11,0.59016,0.69093,0.52174,0.67925
ACOLITE,ACOLITE_roms,warning,Alexandrium_catenella,12,0.62609,0.69396,0.55814,0.71287
ACOLITE,ACOLITE_roms,warning,Alexandrium_catenella,13,0.58768,0.66581,0.52542,0.66667
ACOLITE,ACOLITE_roms,warning,Alexandrium_catenella,14,0.65041,0.76222,0.57143,0.75472
ACOLITE,ACOLITE_roms,warning,Alexandrium_catenella,15,0.66142,0.7172,0.58333,0.76364
ACOLITE,ACOLITE_roms,warning,Alexandrium_catenella,16,0.67399,0.75266,0.66667,0.68148
ACOLITE,ACOLITE_roms,warning,Alexandrium_catenella,17,0.64822,0.72304,0.56944,0.75229
ACOLITE,ACOLITE_roms,warning,Alexandrium_catenella,18,0.64234,0.7392,0.57895,0.72131
ACOLITE,ACOLITE_roms,warning,Alexandrium_catenella,19,0.66423,0.7577,0.64085,0.68939
ACOLITE,ACOLITE_roms,warning,Alexandrium_catenella,20,0.63454,0.74828,0.55245,0.74528
ACOLITE,ACOLITE_roms,warning,Alexandrium_catenella,21,0.62411,0.71764,0.53012,0.75862
ACOLITE,ACOLITE_roms,warning,Alexandrium_catenella,22,0.6332,0.70341,0.55405,0.73874
ACOLITE,ACOLITE_roms,warning,Alexandrium_catenella,23,0.65693,0.72853,0.64748,0.66667
ACOLITE,ACOLITE_roms,warning,Alexandrium_catenella,24,0.62731,0.7419,0.57432,0.69106
ACOLITE,ACOLITE_roms,warning,Alexandrium_catenella,25,0.64378,0.71001,0.5814,0.72115
ACOLITE,ACOLITE_roms,warning,Alexandrium_catenella,26,0.56652,0.67554,0.47143,0.70968
ACOLITE,ACOLITE_roms,warning,Alexandrium_catenella,27,0.59592,0.69748,0.52899,0.68224
ACOLITE,ACOLITE_roms,warning,Alexandrium_catenella,28,0.624,0.68847,0.5493,0.72222
ACOLITE,ACOLITE_roms,warning,Alexandrium_catenella,29,0.63396,0.72868,0.57143,0.71186
ACOLITE,ACOLITE_roms,warning,Alexandrium_catenella,30,0.62241,0.70244,0.53957,0.73529
ACOLITE,ACOLITE_roms,warning,Alexandrium_catenella,31,0.63248,0.68079,0.56923,0.71154
ACOLITE,ACOLITE_roms,warning,Alexandrium_catenella,32,0.6087,0.73107,0.52027,0.73333
ACOLITE,ACOLITE_roms,warning,Alexandrium_catenella,33,0.64062,0.7223,0.58993,0.70085
ACOLITE,ACOLITE_roms,warning,Alexandrium_catenella,34,0.65306,0.72418,0.6015,0.71429
ACOLITE,ACOLITE_roms,warning,Alexandrium_catenella,35,0.67176,0.7659,0.58667,0.78571
ACOLITE,ACOLITE_roms,warning,Alexandrium_catenella,36,0.57795,0.69767,0.49032,0.7037
ACOLITE,ACOLITE_roms,warning,Alexandrium_catenella,37,0.67249,0.76254,0.59231,0.77778
ACOLITE,ACOLITE_roms,warning,Alexandrium_catenella,38,0.62094,0.70782,0.59722,0.64662
ACOLITE,ACOLITE_roms,warning,Alexandrium_catenella,39,0.65637,0.73079,0.60284,0.72034
ACOLITE,ACOLITE_roms,warning,Alexandrium_catenella,40,0.60274,0.67547,0.59459,0.61111
ACOLITE,ACOLITE_roms,warning,Alexandrium_catenella,41,0.65098,0.72259,0.59286,0.72174
ACOLITE,ACOLITE_roms,warning,Alexandrium_catenella,42,0.57358,0.6903,0.48718,0.69725
ACOLITE,ACOLITE_roms,warning,Alexandrium_catenella,43,0.624,0.72143,0.54545,0.72897
ACOLITE,ACOLITE_roms,warning,Alexandrium_catenella,44,0.6616,0.73676,0.6259,0.70161
ACOLITE,ACOLITE_roms,warning,Alexandrium_catenella,45,0.69841,0.77602,0.62411,0.79279
ACOLITE,ACOLITE_roms,warning,Alexandrium_catenella,46,0.58779,0.70855,0.50993,0.69369
ACOLITE,ACOLITE_roms,warning,Alexandrium_catenella,47,0.55708,0.664,0.48031,0.66304
ACOLITE,ACOLITE_roms,warning,Alexandrium_catenella,48,0.63768,0.70152,0.62857,0.64706
ACOLITE,ACOLITE_roms,warning,Alexandrium_catenella,49,0.65152,0.7285,0.59722,0.71667
ACOLITE,ACOLITE_only,warning,Dinophysis_acuminata,0,0.45226,0.49931,0.38462,0.54878
ACOLITE,ACOLITE_only,warning,Dinophysis_acuminata,1,0.4798,0.51668,0.40084,0.59748
ACOLITE,ACOLITE_only,warning,Dinophysis_acuminata,2,0.47534,0.44344,0.43443,0.52475
ACOLITE,ACOLITE_only,warning,Dinophysis_acuminata,3,0.49377,0.48749,0.46047,0.53226
ACOLITE,ACOLITE_only,warning,Dinophysis_acuminata,4,0.46229,0.47179,0.40598,0.53672
ACOLITE,ACOLITE_only,warning,Dinophysis_acuminata,5,0.49383,0.51821,0.43478,0.57143
ACOLITE,ACOLITE_only,warning,Dinophysis_acuminata,6,0.49524,0.52858,0.42798,0.58757
ACOLITE,ACOLITE_only,warning,Dinophysis_acuminata,7,0.47619,0.49149,0.42411,0.54286
ACOLITE,ACOLITE_only,warning,Dinophysis_acuminata,8,0.50847,0.49232,0.43902,0.60403
ACOLITE,ACOLITE_only,warning,Dinophysis_acuminata,9,0.45113,0.44942,0.40909,0.50279
ACOLITE,ACOLITE_only,warning,Dinophysis_acuminata,10,0.47297,0.48465,0.45064,0.49763
ACOLITE,ACOLITE_only,warning,Dinophysis_acuminata,11,0.50739,0.50417,0.42562,0.62805
ACOLITE,ACOLITE_only,warning,Dinophysis_acuminata,12,0.46703,0.48982,0.41872,0.52795
ACOLITE,ACOLITE_only,warning,Dinophysis_acuminata,13,0.46612,0.49455,0.3945,0.56954
ACOLITE,ACOLITE_only,warning,Dinophysis_acuminata,14,0.50265,0.55783,0.42035,0.625
ACOLITE,ACOLITE_only,warning,Dinophysis_acuminata,15,0.48611,0.51207,0.4321,0.55556
ACOLITE,ACOLITE_only,warning,Dinophysis_acuminata,16,0.44032,0.47693,0.37727,0.52866
ACOLITE,ACOLITE_only,warning,Dinophysis_acuminata,17,0.47407,0.51086,0.40506,0.57143
ACOLITE,ACOLITE_only,warning,Dinophysis_acuminata,18,0.46512,0.47178,0.4186,0.52326
ACOLITE,ACOLITE_only,warning,Dinophysis_acuminata,19,0.50237,0.52516,0.44167,0.58242
ACOLITE,ACOLITE_only,warning,Dinophysis_acuminata,20,0.4467,0.48988,0.39286,0.51765
ACOLITE,ACOLITE_only,warning,Dinophysis_acuminata,21,0.45093,0.4691,0.40284,0.51205
ACOLITE,ACOLITE_only,warning,Dinophysis_acuminata,22,0.47091,0.48606,0.42079,0.53459
ACOLITE,ACOLITE_only,warning,Dinophysis_acuminata,23,0.45405,0.44886,0.3981,0.5283
ACOLITE,ACOLITE_only,warning,Dinophysis_acuminata,24,0.51332,0.51913,0.46903,0.56684
ACOLITE,ACOLITE_only,warning,Dinophysis_acuminata,25,0.45232,0.45233,0.40887,0.5061
ACOLITE,ACOLITE_only,warning,Dinophysis_acuminata,26,0.4631,0.47474,0.40625,0.53846
ACOLITE,ACOLITE_only,warning,Dinophysis_acuminata,27,0.44898,0.48093,0.38261,0.54321
ACOLITE,ACOLITE_only,warning,Dinophysis_acuminata,28,0.52758,0.54366,0.48035,0.58511
ACOLITE,ACOLITE_only,warning,Dinophysis_acuminata,29,0.49628,0.52163,0.42017,0.60606
ACOLITE,ACOLITE_only,warning,Dinophysis_acuminata,30,0.48866,0.5261,0.42544,0.57396
ACOLITE,ACOLITE_only,warning,Dinophysis_acuminata,31,0.46547,0.47965,0.41364,0.53216
ACOLITE,ACOLITE_only,warning,Dinophysis_acuminata,32,0.46234,0.54128,0.38865,0.57051
ACOLITE,ACOLITE_only,warning,Dinophysis_acuminata,33,0.4665,0.49328,0.39167,0.57669
ACOLITE,ACOLITE_only,warning,Dinophysis_acuminata,34,0.45026,0.45143,0.40187,0.5119
ACOLITE,ACOLITE_only,warning,Dinophysis_acuminata,35,0.43127,0.47381,0.35398,0.55172
ACOLITE,ACOLITE_only,warning,Dinophysis_acuminata,36,0.51128,0.55139,0.4359,0.61818
ACOLITE,ACOLITE_only,warning,Dinophysis_acuminata,37,0.44444,0.48866,0.37131,0.55346
ACOLITE,ACOLITE_only,warning,Dinophysis_acuminata,38,0.5012,0.54022,0.42276,0.61538
ACOLITE,ACOLITE_only,warning,Dinophysis_acuminata,39,0.43005,0.43365,0.37387,0.5061
ACOLITE,ACOLITE_only,warning,Dinophysis_acuminata,40,0.48352,0.49945,0.43137,0.55
ACOLITE,ACOLITE_only,warning,Dinophysis_acuminata,41,0.47506,0.46644,0.4386,0.51813
ACOLITE,ACOLITE_only,warning,Dinophysis_acuminata,42,0.47174,0.54197,0.39024,0.59627
ACOLITE,ACOLITE_only,warning,Dinophysis_acuminata,43,0.47901,0.49785,0.43111,0.53889
ACOLITE,ACOLITE_only,warning,Dinophysis_acuminata,44,0.44776,0.52538,0.35019,0.62069
ACOLITE,ACOLITE_only,warning,Dinophysis_acuminata,45,0.50118,0.51458,0.45106,0.56383
ACOLITE,ACOLITE_only,warning,Dinophysis_acuminata,46,0.49667,0.51122,0.45161,0.55172
ACOLITE,ACOLITE_only,warning,Dinophysis_acuminata,47,0.4466,0.48496,0.38819,0.52571
ACOLITE,ACOLITE_only,warning,Dinophysis_acuminata,48,0.49086,0.49529,0.43519,0.56287
ACOLITE,ACOLITE_only,warning,Dinophysis_acuminata,49,0.4734,0.44373,0.43204,0.52353
ACOLITE,ACOLITE_roms,warning,Dinophysis_acuminata,0,0.48082,0.54612,0.40171,0.59873
ACOLITE,ACOLITE_roms,warning,Dinophysis_acuminata,1,0.5,0.54406,0.42616,0.60479
ACOLITE,ACOLITE_roms,warning,Dinophysis_acuminata,2,0.45351,0.49126,0.40984,0.50761
ACOLITE,ACOLITE_roms,warning,Dinophysis_acuminata,3,0.5101,0.52703,0.46977,0.55801
ACOLITE,ACOLITE_roms,warning,Dinophysis_acuminata,4,0.45876,0.51501,0.38034,0.57792
ACOLITE,ACOLITE_roms,warning,Dinophysis_acuminata,5,0.52088,0.55714,0.46087,0.59887
ACOLITE,ACOLITE_roms,warning,Dinophysis_acuminata,6,0.51748,0.54396,0.45679,0.59677
ACOLITE,ACOLITE_roms,warning,Dinophysis_acuminata,7,0.52088,0.53308,0.47321,0.57923
ACOLITE,ACOLITE_roms,warning,Dinophysis_acuminata,8,0.50273,0.51974,0.44878,0.57143
ACOLITE,ACOLITE_roms,warning,Dinophysis_acuminata,9,0.48608,0.49454,0.43636,0.54857
ACOLITE,ACOLITE_roms,warning,Dinophysis_acuminata,10,0.49533,0.52417,0.45494,0.54359
ACOLITE,ACOLITE_roms,warning,Dinophysis_acuminata,11,0.49875,0.52081,0.41322,0.62893
ACOLITE,ACOLITE_roms,warning,Dinophysis_acuminata,12,0.49153,0.53383,0.42857,0.57616
ACOLITE,ACOLITE_roms,warning,Dinophysis_acuminata,13,0.49727,0.51828,0.41743,0.61486
ACOLITE,ACOLITE_roms,warning,Dinophysis_acuminata,14,0.49198,0.57119,0.40708,0.62162
ACOLITE,ACOLITE_roms,warning,Dinophysis_acuminata,15,0.49417,0.55586,0.43621,0.56989
ACOLITE,ACOLITE_roms,warning,Dinophysis_acuminata,16,0.46196,0.49376,0.38636,0.57432
ACOLITE,ACOLITE_roms,warning,Dinophysis_acuminata,17,0.48168,0.54531,0.38819,0.63448
ACOLITE,ACOLITE_roms,warning,Dinophysis_acuminata,18,0.48806,0.54083,0.42791,0.5679
ACOLITE,ACOLITE_roms,warning,Dinophysis_acuminata,19,0.51942,0.55774,0.44583,0.62209
ACOLITE,ACOLITE_roms,warning,Dinophysis_acuminata,20,0.46575,0.52097,0.37946,0.60284
ACOLITE,ACOLITE_roms,warning,Dinophysis_acuminata,21,0.45161,0.50515,0.3981,0.52174
ACOLITE,ACOLITE_roms,warning,Dinophysis_acuminata,22,0.50847,0.52559,0.44554,0.59211
ACOLITE,ACOLITE_roms,warning,Dinophysis_acuminata,23,0.44267,0.47976,0.39336,0.5061
ACOLITE,ACOLITE_roms,warning,Dinophysis_acuminata,24,0.47917,0.54763,0.40708,0.58228
ACOLITE,ACOLITE_roms,warning,Dinophysis_acuminata,25,0.46409,0.4753,0.41379,0.5283
ACOLITE,ACOLITE_roms,warning,Dinophysis_acuminata,26,0.48969,0.48911,0.42411,0.57927
ACOLITE,ACOLITE_roms,warning,Dinophysis_acuminata,27,0.45953,0.50548,0.38261,0.57516
ACOLITE,ACOLITE_roms,warning,Dinophysis_acuminata,28,0.52475,0.58695,0.46288,0.60571
ACOLITE,ACOLITE_roms,warning,Dinophysis_acuminata,29,0.49261,0.53086,0.42017,0.59524
ACOLITE,ACOLITE_roms,warning,Dinophysis_acuminata,30,0.51889,0.55499,0.45175,0.60947
ACOLITE,ACOLITE_roms,warning,Dinophysis_acuminata,31,0.47959,0.51011,0.42727,0.54651
ACOLITE,ACOLITE_roms,warning,Dinophysis_acuminata,32,0.51075,0.5628,0.41485,0.66434
ACOLITE,ACOLITE_roms,warning,Dinophysis_acuminata,33,0.47382,0.54441,0.39583,0.59006
ACOLITE,ACOLITE_roms,warning,Dinophysis_acuminata,34,0.44562,0.48244,0.39252,0.51534
ACOLITE,ACOLITE_roms,warning,Dinophysis_acuminata,35,0.44086,0.4901,0.36283,0.56164
ACOLITE,ACOLITE_roms,warning,Dinophysis_acuminata,36,0.51269,0.58618,0.43162,0.63125
ACOLITE,ACOLITE_roms,warning,Dinophysis_acuminata,37,0.46851,0.51235,0.39241,0.58125
ACOLITE,ACOLITE_roms,warning,Dinophysis_acuminata,38,0.52174,0.56499,0.43902,0.64286
ACOLITE,ACOLITE_roms,warning,Dinophysis_acuminata,39,0.44961,0.47138,0.39189,0.52727
ACOLITE,ACOLITE_roms,warning,Dinophysis_acuminata,40,0.50674,0.56036,0.46078,0.56287
ACOLITE,ACOLITE_roms,warning,Dinophysis_acuminata,41,0.48426,0.51218,0.4386,0.54054
ACOLITE,ACOLITE_roms,warning,Dinophysis_acuminata,42,0.52235,0.60071,0.45122,0.62011
ACOLITE,ACOLITE_roms,warning,Dinophysis_acuminata,43,0.49485,0.53353,0.42667,0.58896
ACOLITE,ACOLITE_roms,warning,Dinophysis_acuminata,44,0.47407,0.55455,0.37354,0.64865
ACOLITE,ACOLITE_roms,warning,Dinophysis_acuminata,45,0.5058,0.5541,0.46383,0.55612
ACOLITE,ACOLITE_roms,warning,Dinophysis_acuminata,46,0.52656,0.54903,0.45968,0.61622
ACOLITE,ACOLITE_roms,warning,Dinophysis_acuminata,47,0.49631,0.53304,0.42616,0.59412
ACOLITE,ACOLITE_roms,warning,Dinophysis_acuminata,48,0.50259,0.52239,0.44907,0.57059
ACOLITE,ACOLITE_roms,warning,Dinophysis_acuminata,49,0.49451,0.49045,0.43689,0.56962
ACOLITE,ACOLITE_only,warning,Dinophysis_norvegica,0,0.08889,0.18513,0.05195,0.30769
ACOLITE,ACOLITE_only,warning,Dinophysis_norvegica,1,0.13187,0.17944,0.08696,0.27273
ACOLITE,ACOLITE_only,warning,Dinophysis_norvegica,2,0.06061,0.1665,0.04,0.125
ACOLITE,ACOLITE_only,warning,Dinophysis_norvegica,3,0.17021,0.18228,0.11765,0.30769
ACOLITE,ACOLITE_only,warning,Dinophysis_norvegica,4,0.06818,0.14366,0.04688,0.125
ACOLITE,ACOLITE_only,warning,Dinophysis_norvegica,5,0.15556,0.20322,0.10145,0.33333
ACOLITE,ACOLITE_only,warning,Dinophysis_norvegica,6,0.13333,0.17132,0.08955,0.26087
ACOLITE,ACOLITE_only,warning,Dinophysis_norvegica,7,0.14953,0.21196,0.10127,0.28571
ACOLITE,ACOLITE_only,warning,Dinophysis_norvegica,8,0.14634,0.24951,0.08955,0.4
ACOLITE,ACOLITE_only,warning,Dinophysis_norvegica,9,0.10526,0.13228,0.06667,0.25
ACOLITE,ACOLITE_only,warning,Dinophysis_norvegica,10,0.19355,0.19939,0.12857,0.3913
ACOLITE,ACOLITE_only,warning,Dinophysis_norvegica,11,0.10638,0.20474,0.06579,0.27778
ACOLITE,ACOLITE_only,warning,Dinophysis_norvegica,12,0.08108,0.19894,0.05,0.21429
ACOLITE,ACOLITE_only,warning,Dinophysis_norvegica,13,0.08696,0.18289,0.05797,0.17391
ACOLITE,ACOLITE_only,warning,Dinophysis_norvegica,14,0.09302,0.14475,0.06452,0.16667
ACOLITE,ACOLITE_only,warning,Dinophysis_norvegica,15,0.14286,0.17772,0.09091,0.33333
ACOLITE,ACOLITE_only,warning,Dinophysis_norvegica,16,0.09091,0.1839,0.05333,0.30769
ACOLITE,ACOLITE_only,warning,Dinophysis_norvegica,17,0.13158,0.18161,0.08065,0.35714
ACOLITE,ACOLITE_only,warning,Dinophysis_norvegica,18,0.12195,0.144,0.07812,0.27778
ACOLITE,ACOLITE_only,warning,Dinophysis_norvegica,19,0.1573,0.17388,0.10448,0.31818
ACOLITE,ACOLITE_only,warning,Dinophysis_norvegica,20,0.07692,0.21057,0.04478,0.27273
ACOLITE,ACOLITE_only,warning,Dinophysis_norvegica,21,0.12,0.20154,0.075,0.3
ACOLITE,ACOLITE_only,warning,Dinophysis_norvegica,22,0.15789,0.19988,0.10526,0.31579
ACOLITE,ACOLITE_only,warning,Dinophysis_norvegica,23,0.09524,0.17022,0.0597,0.23529
ACOLITE,ACOLITE_only,warning,Dinophysis_norvegica,24,0.10959,0.14706,0.07018,0.25
ACOLITE,ACOLITE_only,warning,Dinophysis_norvegica,25,0.10989,0.21553,0.06329,0.41667
ACOLITE,ACOLITE_only,warning,Dinophysis_norvegica,26,0.14433,0.18899,0.1,0.25926
ACOLITE,ACOLITE_only,warning,Dinophysis_norvegica,27,0.06122,0.16779,0.03947,0.13636
ACOLITE,ACOLITE_only,warning,Dinophysis_norvegica,28,0.16327,0.23016,0.10256,0.4
ACOLITE,ACOLITE_only,warning,Dinophysis_norvegica,29,0.10638,0.20043,0.0625,0.35714
ACOLITE,ACOLITE_only,warning,Dinophysis_norvegica,30,0.12903,0.16759,0.08571,0.26087
ACOLITE,ACOLITE_only,warning,Dinophysis_norvegica,31,0.20253,0.19064,0.14815,0.32
ACOLITE,ACOLITE_only,warning,Dinophysis_norvegica,32,0.04762,0.16035,0.02941,0.125
ACOLITE,ACOLITE_only,warning,Dinophysis_norvegica,33,0.08989,0.18865,0.05556,0.23529
ACOLITE,ACOLITE_only,warning,Dinophysis_norvegica,34,0.11628,0.18861,0.08065,0.20833
ACOLITE,ACOLITE_only,warning,Dinophysis_norvegica,35,0.14458,0.1847,0.10526,0.23077
ACOLITE,ACOLITE_only,warning,Dinophysis_norvegica,36,0.1,0.20121,0.0625,0.25
ACOLITE,ACOLITE_only,warning,Dinophysis_norvegica,37,0.09412,0.1655,0.05882,0.23529
ACOLITE,ACOLITE_only,warning,Dinophysis_norvegica,38,0.11765,0.18296,0.07576,0.26316
ACOLITE,ACOLITE_only,warning,Dinophysis_norvegica,39,0.13333,0.21043,0.08219,0.35294
ACOLITE,ACOLITE_only,warning,Dinophysis_norvegica,40,0.09412,0.15739,0.06349,0.18182
ACOLITE,ACOLITE_only,warning,Dinophysis_norvegica,41,0.09756,0.16395,0.05797,0.30769
ACOLITE,ACOLITE_only,warning,Dinophysis_norvegica,42,0.08421,0.18937,0.05333,0.2
ACOLITE,ACOLITE_only,warning,Dinophysis_norvegica,43,0.13187,0.21123,0.08108,0.35294
ACOLITE,ACOLITE_only,warning,Dinophysis_norvegica,44,0.12245,0.17905,0.08451,0.22222
ACOLITE,ACOLITE_only,warning,Dinophysis_norvegica,45,0.09434,0.18328,0.05882,0.2381
ACOLITE,ACOLITE_only,warning,Dinophysis_norvegica,46,0.11236,0.12908,0.07463,0.22727
ACOLITE,ACOLITE_only,warning,Dinophysis_norvegica,47,0.09639,0.17103,0.06349,0.2
ACOLITE,ACOLITE_only,warning,Dinophysis_norvegica,48,0.07229,0.20192,0.04348,0.21429
ACOLITE,ACOLITE_only,warning,Dinophysis_norvegica,49,0.17647,0.23024,0.11538,0.375
ACOLITE,ACOLITE_roms,warning,Dinophysis_norvegica,0,0.10638,0.1973,0.06494,0.29412
ACOLITE,ACOLITE_roms,warning,Dinophysis_norvegica,1,0.1573,0.20999,0.10145,0.35
ACOLITE,ACOLITE_roms,warning,Dinophysis_norvegica,2,0.08602,0.18464,0.05333,0.22222
ACOLITE,ACOLITE_roms,warning,Dinophysis_norvegica,3,0.16495,0.18864,0.11765,0.27586
ACOLITE,ACOLITE_roms,warning,Dinophysis_norvegica,4,0.13483,0.18924,0.09375,0.24
ACOLITE,ACOLITE_roms,warning,Dinophysis_norvegica,5,0.23656,0.22284,0.15942,0.45833
ACOLITE,ACOLITE_roms,warning,Dinophysis_norvegica,6,0.20619,0.18853,0.14925,0.33333
ACOLITE,ACOLITE_roms,warning,Dinophysis_norvegica,7,0.14815,0.21787,0.10127,0.27586
ACOLITE,ACOLITE_roms,warning,Dinophysis_norvegica,8,0.18391,0.27699,0.1194,0.4
ACOLITE,ACOLITE_roms,warning,Dinophysis_norvegica,9,0.1039,0.1546,0.06667,0.23529
ACOLITE,ACOLITE_roms,warning,Dinophysis_norvegica,10,0.19149,0.22491,0.12857,0.375
ACOLITE,ACOLITE_roms,warning,Dinophysis_norvegica,11,0.14141,0.21252,0.09211,0.30435
ACOLITE,ACOLITE_roms,warning,Dinophysis_norvegica,12,0.15385,0.23442,0.1,0.33333
ACOLITE,ACOLITE_roms,warning,Dinophysis_norvegica,13,0.09195,0.17821,0.05797,0.22222
ACOLITE,ACOLITE_roms,warning,Dinophysis_norvegica,14,0.09412,0.16371,0.06452,0.17391
ACOLITE,ACOLITE_roms,warning,Dinophysis_norvegica,15,0.16495,0.21593,0.1039,0.4
ACOLITE,ACOLITE_roms,warning,Dinophysis_norvegica,16,0.1087,0.21186,0.06667,0.29412
ACOLITE,ACOLITE_roms,warning,Dinophysis_norvegica,17,0.19512,0.20791,0.12903,0.4
ACOLITE,ACOLITE_roms,warning,Dinophysis_norvegica,18,0.16867,0.18084,0.10938,0.36842
ACOLITE,ACOLITE_roms,warning,Dinophysis_norvegica,19,0.15385,0.18886,0.10448,0.29167
ACOLITE,ACOLITE_roms,warning,Dinophysis_norvegica,20,0.11765,0.21677,0.07463,0.27778
ACOLITE,ACOLITE_roms,warning,Dinophysis_norvegica,21,0.19802,0.23139,0.125,0.47619
ACOLITE,ACOLITE_roms,warning,Dinophysis_norvegica,22,0.17284,0.19874,0.12281,0.29167
ACOLITE,ACOLITE_roms,warning,Dinophysis_norvegica,23,0.09412,0.17603,0.0597,0.22222
ACOLITE,ACOLITE_roms,warning,Dinophysis_norvegica,24,0.13158,0.18369,0.08772,0.26316
ACOLITE,ACOLITE_roms,warning,Dinophysis_norvegica,25,0.08163,0.22777,0.05063,0.21053
ACOLITE,ACOLITE_roms,warning,Dinophysis_norvegica,26,0.18182,0.20112,0.12857,0.31034
ACOLITE,ACOLITE_roms,warning,Dinophysis_norvegica,27,0.09804,0.18647,0.06579,0.19231
ACOLITE,ACOLITE_roms,warning,Dinophysis_norvegica,28,0.16495,0.25796,0.10256,0.42105
ACOLITE,ACOLITE_roms,warning,Dinophysis_norvegica,29,0.10417,0.232,0.0625,0.3125
ACOLITE,ACOLITE_roms,warning,Dinophysis_norvegica,30,0.12903,0.19365,0.08571,0.26087
ACOLITE,ACOLITE_roms,warning,Dinophysis_norvegica,31,0.20513,0.22908,0.14815,0.33333
ACOLITE,ACOLITE_roms,warning,Dinophysis_norvegica,32,0.11364,0.18857,0.07353,0.25
ACOLITE,ACOLITE_roms,warning,Dinophysis_norvegica,33,0.17021,0.23063,0.11111,0.36364
ACOLITE,ACOLITE_roms,warning,Dinophysis_norvegica,34,0.17391,0.23981,0.12903,0.26667
ACOLITE,ACOLITE_roms,warning,Dinophysis_norvegica,35,0.22222,0.20188,0.15789,0.375
ACOLITE,ACOLITE_roms,warning,Dinophysis_norvegica,36,0.11628,0.21635,0.07812,0.22727
ACOLITE,ACOLITE_roms,warning,Dinophysis_norvegica,37,0.13953,0.18668,0.08824,0.33333
ACOLITE,ACOLITE_roms,warning,Dinophysis_norvegica,38,0.11628,0.17178,0.07576,0.25
ACOLITE,ACOLITE_roms,warning,Dinophysis_norvegica,39,0.14286,0.23051,0.09589,0.28
ACOLITE,ACOLITE_roms,warning,Dinophysis_norvegica,40,0.15909,0.18552,0.11111,0.28
ACOLITE,ACOLITE_roms,warning,Dinophysis_norvegica,41,0.13793,0.21482,0.08696,0.33333
ACOLITE,ACOLITE_roms,warning,Dinophysis_norvegica,42,0.06522,0.1938,0.04,0.17647
ACOLITE,ACOLITE_roms,warning,Dinophysis_norvegica,43,0.13333,0.24015,0.08108,0.375
ACOLITE,ACOLITE_roms,warning,Dinophysis_norvegica,44,0.15534,0.18255,0.11268,0.25
ACOLITE,ACOLITE_roms,warning,Dinophysis_norvegica,45,0.09434,0.17908,0.05882,0.2381
ACOLITE,ACOLITE_roms,warning,Dinophysis_norvegica,46,0.11111,0.14001,0.07463,0.21739
ACOLITE,ACOLITE_roms,warning,Dinophysis_norvegica,47,0.12195,0.17548,0.07937,0.26316
ACOLITE,ACOLITE_roms,warning,Dinophysis_norvegica,48,0.13333,0.19217,0.08696,0.28571
ACOLITE,ACOLITE_roms,warning,Dinophysis_norvegica,49,0.20561,0.27765,0.14103,0.37931
ACOLITE,ACOLITE_only,warning,Karenia,0,0.90782,0.9738,0.86637,0.95343
ACOLITE,ACOLITE_only,warning,Karenia,1,0.90398,0.97427,0.85969,0.95309
ACOLITE,ACOLITE_only,warning,Karenia,2,0.89946,0.97439,0.86848,0.93274
ACOLITE,ACOLITE_only,warning,Karenia,3,0.88235,0.96098,0.84783,0.91981
ACOLITE,ACOLITE_only,warning,Karenia,4,0.88971,0.96968,0.86223,0.91899
ACOLITE,ACOLITE_only,warning,Karenia,5,0.90522,0.97676,0.87449,0.93819
ACOLITE,ACOLITE_only,warning,Karenia,6,0.88613,0.96502,0.86374,0.90972
ACOLITE,ACOLITE_only,warning,Karenia,7,0.89664,0.96942,0.85919,0.9375
ACOLITE,ACOLITE_only,warning,Karenia,8,0.90247,0.97333,0.86682,0.94118
ACOLITE,ACOLITE_only,warning,Karenia,9,0.91094,0.97533,0.88403,0.93953
ACOLITE,ACOLITE_only,warning,Karenia,10,0.88966,0.96914,0.84922,0.93415
ACOLITE,ACOLITE_only,warning,Karenia,11,0.89224,0.97132,0.85746,0.92995
ACOLITE,ACOLITE_only,warning,Karenia,12,0.92667,0.97938,0.91648,0.93708
ACOLITE,ACOLITE_only,warning,Karenia,13,0.89744,0.97434,0.8613,0.93674
ACOLITE,ACOLITE_only,warning,Karenia,14,0.91564,0.97547,0.90244,0.92922
ACOLITE,ACOLITE_only,warning,Karenia,15,0.91619,0.97357,0.8847,0.95
ACOLITE,ACOLITE_only,warning,Karenia,16,0.91506,0.97791,0.88596,0.94614
ACOLITE,ACOLITE_only,warning,Karenia,17,0.89885,0.97094,0.85934,0.94217
ACOLITE,ACOLITE_only,warning,Karenia,18,0.9,0.97371,0.86842,0.93396
ACOLITE,ACOLITE_only,warning,Karenia,19,0.90676,0.97286,0.88209,0.93285
ACOLITE,ACOLITE_only,warning,Karenia,20,0.91167,0.97866,0.89316,0.93096
ACOLITE,ACOLITE_only,warning,Karenia,21,0.89922,0.97096,0.85115,0.95305
ACOLITE,ACOLITE_only,warning,Karenia,22,0.90201,0.97077,0.88222,0.92271
ACOLITE,ACOLITE_only,warning,Karenia,23,0.88604,0.96262,0.85012,0.92513
ACOLITE,ACOLITE_only,warning,Karenia,24,0.90579,0.97668,0.85622,0.96145
ACOLITE,ACOLITE_only,warning,Karenia,25,0.91762,0.97305,0.89509,0.94131
ACOLITE,ACOLITE_only,warning,Karenia,26,0.9046,0.97595,0.85745,0.95724
ACOLITE,ACOLITE_only,warning,Karenia,27,0.90389,0.97276,0.87196,0.93824
ACOLITE,ACOLITE_only,warning,Karenia,28,0.92255,0.97911,0.89011,0.95745
ACOLITE,ACOLITE_only,warning,Karenia,29,0.89872,0.96895,0.86937,0.93012
ACOLITE,ACOLITE_only,warning,Karenia,30,0.91309,0.97575,0.8914,0.93587
ACOLITE,ACOLITE_only,warning,Karenia,31,0.90307,0.97516,0.85459,0.95739
ACOLITE,ACOLITE_only,warning,Karenia,32,0.89491,0.9716,0.84458,0.95161
ACOLITE,ACOLITE_only,warning,Karenia,33,0.90536,0.97519,0.87253,0.94076
ACOLITE,ACOLITE_only,warning,Karenia,34,0.92135,0.97713,0.8952,0.94907
ACOLITE,ACOLITE_only,warning,Karenia,35,0.91034,0.9742,0.87225,0.95192
ACOLITE,ACOLITE_only,warning,Karenia,36,0.90909,0.97362,0.87838,0.94203
ACOLITE,ACOLITE_only,warning,Karenia,37,0.91289,0.97823,0.88713,0.94019
ACOLITE,ACOLITE_only,warning,Karenia,38,0.91502,0.97545,0.8714,0.96324
ACOLITE,ACOLITE_only,warning,Karenia,39,0.90973,0.97628,0.86414,0.9604
ACOLITE,ACOLITE_only,warning,Karenia,40,0.91215,0.97549,0.87327,0.95466
ACOLITE,ACOLITE_only,warning,Karenia,41,0.90369,0.97262,0.8776,0.93137
ACOLITE,ACOLITE_only,warning,Karenia,42,0.90169,0.97145,0.86177,0.9455
ACOLITE,ACOLITE_only,warning,Karenia,43,0.90127,0.9726,0.87469,0.9295
ACOLITE,ACOLITE_only,warning,Karenia,44,0.89709,0.97574,0.84599,0.95476
ACOLITE,ACOLITE_only,warning,Karenia,45,0.8799,0.9661,0.8545,0.90686
ACOLITE,ACOLITE_only,warning,Karenia,46,0.90749,0.9741,0.87288,0.94495
ACOLITE,ACOLITE_only,warning,Karenia,47,0.90057,0.97565,0.86404,0.94033
ACOLITE,ACOLITE_only,warning,Karenia,48,0.90615,0.97383,0.87137,0.94382
ACOLITE,ACOLITE_only,warning,Karenia,49,0.90657,0.97468,0.87333,0.94245
ACOLITE,ACOLITE_roms,warning,Karenia,0,0.92148,0.97888,0.88864,0.95683
ACOLITE,ACOLITE_roms,warning,Karenia,1,0.9229,0.98076,0.8931,0.95476
ACOLITE,ACOLITE_roms,warning,Karenia,2,0.92142,0.98178,0.89353,0.95111
ACOLITE,ACOLITE_roms,warning,Karenia,3,0.90301,0.97025,0.88043,0.92677
ACOLITE,ACOLITE_roms,warning,Karenia,4,0.90712,0.97683,0.89311,0.92157
ACOLITE,ACOLITE_roms,warning,Karenia,5,0.9242,0.98287,0.91564,0.93291
ACOLITE,ACOLITE_roms,warning,Karenia,6,0.90768,0.97117,0.8967,0.91892
ACOLITE,ACOLITE_roms,warning,Karenia,7,0.9118,0.97765,0.87589,0.95078
ACOLITE,ACOLITE_roms,warning,Karenia,8,0.90654,0.97885,0.87585,0.93947
ACOLITE,ACOLITE_roms,warning,Karenia,9,0.91556,0.97954,0.90153,0.93002
ACOLITE,ACOLITE_roms,warning,Karenia,10,0.91676,0.97711,0.89135,0.94366
ACOLITE,ACOLITE_roms,warning,Karenia,11,0.9128,0.97985,0.89755,0.92857
ACOLITE,ACOLITE_roms,warning,Karenia,12,0.93466,0.98464,0.92747,0.94196
ACOLITE,ACOLITE_roms,warning,Karenia,13,0.91389,0.97978,0.89038,0.93868
ACOLITE,ACOLITE_roms,warning,Karenia,14,0.93002,0.98192,0.91353,0.94713
ACOLITE,ACOLITE_roms,warning,Karenia,15,0.92378,0.97911,0.90022,0.9486
ACOLITE,ACOLITE_roms,warning,Karenia,16,0.92857,0.9825,0.91228,0.94545
ACOLITE,ACOLITE_roms,warning,Karenia,17,0.91033,0.97689,0.88132,0.94131
ACOLITE,ACOLITE_roms,warning,Karenia,18,0.9265,0.98009,0.91228,0.94118
ACOLITE,ACOLITE_roms,warning,Karenia,19,0.9275,0.97966,0.91383,0.94159
ACOLITE,ACOLITE_roms,warning,Karenia,20,0.92625,0.98386,0.91239,0.94053
ACOLITE,ACOLITE_roms,warning,Karenia,21,0.92022,0.97782,0.8826,0.96119
ACOLITE,ACOLITE_roms,warning,Karenia,22,0.91183,0.97588,0.90762,0.91608
ACOLITE,ACOLITE_roms,warning,Karenia,23,0.89837,0.97104,0.87961,0.91795
ACOLITE,ACOLITE_roms,warning,Karenia,24,0.91499,0.98207,0.87768,0.95561
ACOLITE,ACOLITE_roms,warning,Karenia,25,0.92378,0.97991,0.90625,0.942
ACOLITE,ACOLITE_roms,warning,Karenia,26,0.92291,0.98134,0.89149,0.95662
ACOLITE,ACOLITE_roms,warning,Karenia,27,0.92099,0.97713,0.90066,0.94226
ACOLITE,ACOLITE_roms,warning,Karenia,28,0.92639,0.98316,0.8989,0.95561
ACOLITE,ACOLITE_roms,warning,Karenia,29,0.91119,0.97814,0.88964,0.93381
ACOLITE,ACOLITE_roms,warning,Karenia,30,0.93076,0.98298,0.9276,0.93394
ACOLITE,ACOLITE_roms,warning,Karenia,31,0.91284,0.97786,0.89038,0.93647
ACOLITE,ACOLITE_roms,warning,Karenia,32,0.91863,0.98042,0.8773,0.96404
ACOLITE,ACOLITE_roms,warning,Karenia,33,0.91995,0.98062,0.8967,0.94444
ACOLITE,ACOLITE_roms,warning,Karenia,34,0.92629,0.98201,0.91921,0.93348
ACOLITE,ACOLITE_roms,warning,Karenia,35,0.91657,0.98099,0.88326,0.95249
ACOLITE,ACOLITE_roms,warning,Karenia,36,0.93166,0.98152,0.92117,0.9424
ACOLITE,ACOLITE_roms,warning,Karenia,37,0.92237,0.98414,0.91196,0.93303
ACOLITE,ACOLITE_roms,warning,Karenia,38,0.93135,0.98154,0.90244,0.96217
ACOLITE,ACOLITE_roms,warning,Karenia,39,0.92166,0.98313,0.89087,0.95465
ACOLITE,ACOLITE_roms,warning,Karenia,40,0.93412,0.98283,0.91475,0.95433
ACOLITE,ACOLITE_roms,warning,Karenia,41,0.92127,0.97919,0.90531,0.9378
ACOLITE,ACOLITE_roms,warning,Karenia,42,0.91333,0.97793,0.88769,0.9405
ACOLITE,ACOLITE_roms,warning,Karenia,43,0.91114,0.97884,0.89435,0.92857
ACOLITE,ACOLITE_roms,warning,Karenia,44,0.92478,0.98462,0.88186,0.97209
ACOLITE,ACOLITE_roms,warning,Karenia,45,0.90824,0.97401,0.89145,0.92566
ACOLITE,ACOLITE_roms,warning,Karenia,46,0.92223,0.98112,0.89195,0.95465
ACOLITE,ACOLITE_roms,warning,Karenia,47,0.92273,0.98211,0.90351,0.94279
ACOLITE,ACOLITE_roms,warning,Karenia,48,0.92357,0.97941,0.90249,0.94565
ACOLITE,ACOLITE_roms,warning,Karenia,49,0.91494,0.97947,0.88444,0.94762
ACOLITE,ACOLITE_only,warning,Pseudo-nitzschia,0,0.70588,0.78705,0.65025,0.77193
ACOLITE,ACOLITE_only,warning,Pseudo-nitzschia,1,0.68902,0.77177,0.62088,0.77397
ACOLITE,ACOLITE_only,warning,Pseudo-nitzschia,2,0.65231,0.74119,0.62722,0.67949
ACOLITE,ACOLITE_only,warning,Pseudo-nitzschia,3,0.70056,0.77434,0.68508,0.71676
ACOLITE,ACOLITE_only,warning,Pseudo-nitzschia,4,0.65529,0.72794,0.61935,0.69565
ACOLITE,ACOLITE_only,warning,Pseudo-nitzschia,5,0.7099,0.79345,0.67974,0.74286
ACOLITE,ACOLITE_only,warning,Pseudo-nitzschia,6,0.68182,0.779,0.61404,0.76642
ACOLITE,ACOLITE_only,warning,Pseudo-nitzschia,7,0.72222,0.78243,0.66102,0.79592
ACOLITE,ACOLITE_only,warning,Pseudo-nitzschia,8,0.68944,0.8163,0.62712,0.76552
ACOLITE,ACOLITE_only,warning,Pseudo-nitzschia,9,0.70627,0.79706,0.6646,0.75352
ACOLITE,ACOLITE_only,warning,Pseudo-nitzschia,10,0.64286,0.70853,0.59639,0.69718
ACOLITE,ACOLITE_only,warning,Pseudo-nitzschia,11,0.68125,0.77355,0.63006,0.7415
ACOLITE,ACOLITE_only,warning,Pseudo-nitzschia,12,0.66197,0.74899,0.58385,0.76423
ACOLITE,ACOLITE_only,warning,Pseudo-nitzschia,13,0.67785,0.78699,0.61585,0.75373
ACOLITE,ACOLITE_only,warning,Pseudo-nitzschia,14,0.68125,0.79489,0.61932,0.75694
ACOLITE,ACOLITE_only,warning,Pseudo-nitzschia,15,0.69617,0.80109,0.62434,0.78667
ACOLITE,ACOLITE_only,warning,Pseudo-nitzschia,16,0.66465,0.78056,0.6044,0.73826
ACOLITE,ACOLITE_only,warning,Pseudo-nitzschia,17,0.67073,0.7754,0.58201,0.79137
ACOLITE,ACOLITE_only,warning,Pseudo-nitzschia,18,0.70154,0.80062,0.64045,0.77551
ACOLITE,ACOLITE_only,warning,Pseudo-nitzschia,19,0.73885,0.82118,0.68639,0.8
ACOLITE,ACOLITE_only,warning,Pseudo-nitzschia,20,0.70948,0.80215,0.63043,0.81119
ACOLITE,ACOLITE_only,warning,Pseudo-nitzschia,21,0.69307,0.76997,0.60694,0.80769
ACOLITE,ACOLITE_only,warning,Pseudo-nitzschia,22,0.73199,0.82207,0.67553,0.79874
ACOLITE,ACOLITE_only,warning,Pseudo-nitzschia,23,0.67251,0.77751,0.63187,0.71875
ACOLITE,ACOLITE_only,warning,Pseudo-nitzschia,24,0.66667,0.71417,0.63158,0.70588
ACOLITE,ACOLITE_only,warning,Pseudo-nitzschia,25,0.70787,0.80689,0.64948,0.77778
ACOLITE,ACOLITE_only,warning,Pseudo-nitzschia,26,0.69206,0.79907,0.64497,0.74658
ACOLITE,ACOLITE_only,warning,Pseudo-nitzschia,27,0.69027,0.78066,0.59694,0.81818
ACOLITE,ACOLITE_only,warning,Pseudo-nitzschia,28,0.68098,0.74518,0.64162,0.72549
ACOLITE,ACOLITE_only,warning,Pseudo-nitzschia,29,0.69909,0.82218,0.59278,0.85185
ACOLITE,ACOLITE_only,warning,Pseudo-nitzschia,30,0.71429,0.78382,0.67039,0.76433
ACOLITE,ACOLITE_only,warning,Pseudo-nitzschia,31,0.66667,0.77298,0.58791,0.76978
ACOLITE,ACOLITE_only,warning,Pseudo-nitzschia,32,0.7037,0.78895,0.63687,0.78621
ACOLITE,ACOLITE_only,warning,Pseudo-nitzschia,33,0.66667,0.76023,0.58989,0.76642
ACOLITE,ACOLITE_only,warning,Pseudo-nitzschia,34,0.70625,0.77977,0.65318,0.76871
ACOLITE,ACOLITE_only,warning,Pseudo-nitzschia,35,0.69851,0.78918,0.64641,0.75974
ACOLITE,ACOLITE_only,warning,Pseudo-nitzschia,36,0.69444,0.79011,0.64103,0.75758
ACOLITE,ACOLITE_only,warning,Pseudo-nitzschia,37,0.68966,0.77595,0.65089,0.73333
ACOLITE,ACOLITE_only,warning,Pseudo-nitzschia,38,0.69375,0.79209,0.64162,0.7551
ACOLITE,ACOLITE_only,warning,Pseudo-nitzschia,39,0.67485,0.74551,0.61453,0.7483
ACOLITE,ACOLITE_only,warning,Pseudo-nitzschia,40,0.68622,0.76917,0.65,0.72671
ACOLITE,ACOLITE_only,warning,Pseudo-nitzschia,41,0.63158,0.73927,0.56983,0.70833
ACOLITE,ACOLITE_only,warning,Pseudo-nitzschia,42,0.69113,0.79196,0.61413,0.79021
ACOLITE,ACOLITE_only,warning,Pseudo-nitzschia,43,0.68212,0.78793,0.6358,0.73571
ACOLITE,ACOLITE_only,warning,Pseudo-nitzschia,44,0.68323,0.78842,0.61111,0.77465
ACOLITE,ACOLITE_only,warning,Pseudo-nitzschia,45,0.68862,0.78984,0.64972,0.73248
ACOLITE,ACOLITE_only,warning,Pseudo-nitzschia,46,0.67638,0.78272,0.60104,0.77333
ACOLITE,ACOLITE_only,warning,Pseudo-nitzschia,47,0.71598,0.78271,0.66851,0.7707
ACOLITE,ACOLITE_only,warning,Pseudo-nitzschia,48,0.72508,0.814,0.66298,0.8
ACOLITE,ACOLITE_only,warning,Pseudo-nitzschia,49,0.72381,0.81176,0.64773,0.82014
ACOLITE,ACOLITE_roms,warning,Pseudo-nitzschia,0,0.75393,0.84336,0.70936,0.80447
ACOLITE,ACOLITE_roms,warning,Pseudo-nitzschia,1,0.74184,0.82878,0.68681,0.80645
ACOLITE,ACOLITE_roms,warning,Pseudo-nitzschia,2,0.71642,0.79938,0.71006,0.72289
ACOLITE,ACOLITE_roms,warning,Pseudo-nitzschia,3,0.73538,0.83089,0.72928,0.74157
ACOLITE,ACOLITE_roms,warning,Pseudo-nitzschia,4,0.74098,0.80445,0.72903,0.75333
ACOLITE,ACOLITE_roms,warning,Pseudo-nitzschia,5,0.74916,0.82582,0.73203,0.76712
ACOLITE,ACOLITE_roms,warning,Pseudo-nitzschia,6,0.73981,0.83486,0.69006,0.7973
ACOLITE,ACOLITE_roms,warning,Pseudo-nitzschia,7,0.75224,0.8416,0.71186,0.79747
ACOLITE,ACOLITE_roms,warning,Pseudo-nitzschia,8,0.75821,0.86775,0.71751,0.8038
ACOLITE,ACOLITE_roms,warning,Pseudo-nitzschia,9,0.7309,0.83449,0.68323,0.78571
ACOLITE,ACOLITE_roms,warning,Pseudo-nitzschia,10,0.70552,0.78697,0.69277,0.71875
ACOLITE,ACOLITE_roms,warning,Pseudo-nitzschia,11,0.75692,0.83824,0.71098,0.80921
ACOLITE,ACOLITE_roms,warning,Pseudo-nitzschia,12,0.74834,0.81289,0.70186,0.80142
ACOLITE,ACOLITE_roms,warning,Pseudo-nitzschia,13,0.76873,0.85643,0.71951,0.82517
ACOLITE,ACOLITE_roms,warning,Pseudo-nitzschia,14,0.75,0.84447,0.69886,0.80921
ACOLITE,ACOLITE_roms,warning,Pseudo-nitzschia,15,0.75281,0.84606,0.70899,0.8024
ACOLITE,ACOLITE_roms,warning,Pseudo-nitzschia,16,0.75362,0.8346,0.71429,0.79755
ACOLITE,ACOLITE_roms,warning,Pseudo-nitzschia,17,0.69069,0.83403,0.60847,0.79861
ACOLITE,ACOLITE_roms,warning,Pseudo-nitzschia,18,0.79403,0.85481,0.74719,0.84713
ACOLITE,ACOLITE_roms,warning,Pseudo-nitzschia,19,0.78125,0.8809,0.73964,0.82781
ACOLITE,ACOLITE_roms,warning,Pseudo-nitzschia,20,0.75,0.85685,0.70109,0.80625
ACOLITE,ACOLITE_roms,warning,Pseudo-nitzschia,21,0.76433,0.83285,0.69364,0.85106
ACOLITE,ACOLITE_roms,warning,Pseudo-nitzschia,22,0.78788,0.86611,0.76064,0.81714
ACOLITE,ACOLITE_roms,warning,Pseudo-nitzschia,23,0.76353,0.83605,0.73626,0.7929
ACOLITE,ACOLITE_roms,warning,Pseudo-nitzschia,24,0.71918,0.77903,0.69079,0.75
ACOLITE,ACOLITE_roms,warning,Pseudo-nitzschia,25,0.77838,0.86147,0.74227,0.81818
ACOLITE,ACOLITE_roms,warning,Pseudo-nitzschia,26,0.78505,0.86238,0.74556,0.82895
ACOLITE,ACOLITE_roms,warning,Pseudo-nitzschia,27,0.7493,0.83519,0.67857,0.83648
ACOLITE,ACOLITE_roms,warning,Pseudo-nitzschia,28,0.76833,0.82671,0.75723,0.77976
ACOLITE,ACOLITE_roms,warning,Pseudo-nitzschia,29,0.74184,0.87278,0.64433,0.87413
ACOLITE,ACOLITE_roms,warning,Pseudo-nitzschia,30,0.76,0.83724,0.74302,0.77778
ACOLITE,ACOLITE_roms,warning,Pseudo-nitzschia,31,0.76081,0.83475,0.72527,0.8
ACOLITE,ACOLITE_roms,warning,Pseudo-nitzschia,32,0.74854,0.83522,0.71508,0.78528
ACOLITE,ACOLITE_roms,warning,Pseudo-nitzschia,33,0.74766,0.82923,0.67416,0.83916
ACOLITE,ACOLITE_roms,warning,Pseudo-nitzschia,34,0.75758,0.83916,0.72254,0.79618
ACOLITE,ACOLITE_roms,warning,Pseudo-nitzschia,35,0.74487,0.84652,0.70166,0.79375
ACOLITE,ACOLITE_roms,warning,Pseudo-nitzschia,36,0.76423,0.85848,0.72308,0.81034
ACOLITE,ACOLITE_roms,warning,Pseudo-nitzschia,37,0.74534,0.83008,0.71006,0.78431
ACOLITE,ACOLITE_roms,warning,Pseudo-nitzschia,38,0.7875,0.87223,0.72832,0.85714
ACOLITE,ACOLITE_roms,warning,Pseudo-nitzschia,39,0.71429,0.80659,0.67039,0.76433
ACOLITE,ACOLITE_roms,warning,Pseudo-nitzschia,40,0.74713,0.84094,0.72222,0.77381
ACOLITE,ACOLITE_roms,warning,Pseudo-nitzschia,41,0.71733,0.83216,0.65922,0.78667
ACOLITE,ACOLITE_roms,warning,Pseudo-nitzschia,42,0.75,0.85788,0.68478,0.82895
ACOLITE,ACOLITE_roms,warning,Pseudo-nitzschia,43,0.71918,0.84022,0.64815,0.80769
ACOLITE,ACOLITE_roms,warning,Pseudo-nitzschia,44,0.77193,0.84119,0.73333,0.81481
ACOLITE,ACOLITE_roms,warning,Pseudo-nitzschia,45,0.77059,0.86368,0.74011,0.80368
ACOLITE,ACOLITE_roms,warning,Pseudo-nitzschia,46,0.75138,0.84547,0.70466,0.80473
ACOLITE,ACOLITE_roms,warning,Pseudo-nitzschia,47,0.77011,0.83681,0.74033,0.8024
ACOLITE,ACOLITE_roms,warning,Pseudo-nitzschia,48,0.76744,0.87076,0.72928,0.80982
ACOLITE,ACOLITE_roms,warning,Pseudo-nitzschia,49,0.78125,0.85524,0.71023,0.86806
Baseline,Baseline_only,warning,Alexandrium_catenella,0,0.53636,0.6875,0.41844,0.74684
Baseline,Baseline_only,warning,Alexandrium_catenella,1,0.49302,0.65052,0.37063,0.73611
Baseline,Baseline_only,warning,Alexandrium_catenella,2,0.49362,0.62464,0.39456,0.65909
Baseline,Baseline_only,warning,Alexandrium_catenella,3,0.52239,0.67419,0.40698,0.72917
Baseline,Baseline_only,warning,Alexandrium_catenella,4,0.54008,0.66629,0.42667,0.73563
Baseline,Baseline_only,warning,Alexandrium_catenella,5,0.50909,0.65083,0.40288,0.69136
Baseline,Baseline_only,warning,Alexandrium_catenella,6,0.50746,0.63493,0.38346,0.75
Baseline,Baseline_only,warning,Alexandrium_catenella,7,0.5625,0.67724,0.46667,0.70787
Baseline,Baseline_only,warning,Alexandrium_catenella,8,0.50442,0.68845,0.37255,0.78082
Baseline,Baseline_only,warning,Alexandrium_catenella,9,0.52727,0.64827,0.41135,0.73418
Baseline,Baseline_only,warning,Alexandrium_catenella,10,0.57851,0.68974,0.48951,0.70707
Baseline,Baseline_only,warning,Alexandrium_catenella,11,0.54717,0.63614,0.42029,0.78378
Baseline,Baseline_only,warning,Alexandrium_catenella,12,0.54545,0.65764,0.44186,0.7125
Baseline,Baseline_only,warning,Alexandrium_catenella,13,0.49198,0.61389,0.38983,0.66667
Baseline,Baseline_only,warning,Alexandrium_catenella,14,0.55963,0.67073,0.43571,0.78205
Baseline,Baseline_only,warning,Alexandrium_catenella,15,0.55895,0.66435,0.44444,0.75294
Baseline,Baseline_only,warning,Alexandrium_catenella,16,0.5679,0.67427,0.5,0.65714
Baseline,Baseline_only,warning,Alexandrium_catenella,17,0.50691,0.69037,0.38194,0.75342
Baseline,Baseline_only,warning,Alexandrium_catenella,18,0.57851,0.69674,0.46053,0.77778
Baseline,Baseline_only,warning,Alexandrium_catenella,19,0.5614,0.71105,0.4507,0.74419
Baseline,Baseline_only,warning,Alexandrium_catenella,20,0.51304,0.62907,0.41259,0.67816
Baseline,Baseline_only,warning,Alexandrium_catenella,21,0.52632,0.65405,0.39157,0.80247
Baseline,Baseline_only,warning,Alexandrium_catenella,22,0.55556,0.69274,0.43919,0.75581
Baseline,Baseline_only,warning,Alexandrium_catenella,23,0.575,0.69212,0.4964,0.68317
Baseline,Baseline_only,warning,Alexandrium_catenella,24,0.5272,0.66847,0.42568,0.69231
Baseline,Baseline_only,warning,Alexandrium_catenella,25,0.49,0.61922,0.37984,0.69014
Baseline,Baseline_only,warning,Alexandrium_catenella,26,0.4843,0.6038,0.38571,0.6506
Baseline,Baseline_only,warning,Alexandrium_catenella,27,0.49533,0.62766,0.38406,0.69737
Baseline,Baseline_only,warning,Alexandrium_catenella,28,0.5,0.62897,0.39437,0.68293
Baseline,Baseline_only,warning,Alexandrium_catenella,29,0.53043,0.66467,0.41497,0.73494
Baseline,Baseline_only,warning,Alexandrium_catenella,30,0.54128,0.65189,0.42446,0.74684
Baseline,Baseline_only,warning,Alexandrium_catenella,31,0.51232,0.61742,0.4,0.71233
Baseline,Baseline_only,warning,Alexandrium_catenella,32,0.55895,0.67297,0.43243,0.79012
Baseline,Baseline_only,warning,Alexandrium_catenella,33,0.56769,0.68386,0.46763,0.72222
Baseline,Baseline_only,warning,Alexandrium_catenella,34,0.56338,0.68134,0.45113,0.75
Baseline,Baseline_only,warning,Alexandrium_catenella,35,0.59592,0.72011,0.48667,0.76842
Baseline,Baseline_only,warning,Alexandrium_catenella,36,0.50633,0.62312,0.3871,0.73171
Baseline,Baseline_only,warning,Alexandrium_catenella,37,0.58447,0.69067,0.49231,0.7191
Baseline,Baseline_only,warning,Alexandrium_catenella,38,0.5668,0.67499,0.48611,0.67961
Baseline,Baseline_only,warning,Alexandrium_catenella,39,0.57261,0.67039,0.48936,0.69
Baseline,Baseline_only,warning,Alexandrium_catenella,40,0.53968,0.60664,0.45946,0.65385
Baseline,Baseline_only,warning,Alexandrium_catenella,41,0.53942,0.62635,0.46429,0.64356
Baseline,Baseline_only,warning,Alexandrium_catenella,42,0.51639,0.65586,0.40385,0.71591
Baseline,Baseline_only,warning,Alexandrium_catenella,43,0.54545,0.68256,0.44056,0.71591
Baseline,Baseline_only,warning,Alexandrium_catenella,44,0.54222,0.67377,0.43885,0.7093
Baseline,Baseline_only,warning,Alexandrium_catenella,45,0.5815,0.67938,0.46809,0.76744
Baseline,Baseline_only,warning,Alexandrium_catenella,46,0.53043,0.623,0.40397,0.77215
Baseline,Baseline_only,warning,Alexandrium_catenella,47,0.48241,0.57792,0.37795,0.66667
Baseline,Baseline_only,warning,Alexandrium_catenella,48,0.53333,0.61415,0.45714,0.64
Baseline,Baseline_only,warning,Alexandrium_catenella,49,0.60504,0.69952,0.5,0.76596
Baseline,Baseline_roms,warning,Alexandrium_catenella,0,0.64407,0.74036,0.53901,0.8
Baseline,Baseline_roms,warning,Alexandrium_catenella,1,0.57522,0.71156,0.45455,0.78313
Baseline,Baseline_roms,warning,Alexandrium_catenella,2,0.57143,0.67138,0.4898,0.68571
Baseline,Baseline_roms,warning,Alexandrium_catenella,3,0.6,0.72188,0.48837,0.77778
Baseline,Baseline_roms,warning,Alexandrium_catenella,4,0.64257,0.72025,0.53333,0.80808
Baseline,Baseline_roms,warning,Alexandrium_catenella,5,0.56897,0.70206,0.47482,0.70968
Baseline,Baseline_roms,warning,Alexandrium_catenella,6,0.58065,0.69779,0.47368,0.75
Baseline,Baseline_roms,warning,Alexandrium_catenella,7,0.63559,0.73519,0.55556,0.74257
Baseline,Baseline_roms,warning,Alexandrium_catenella,8,0.664,0.75331,0.54248,0.85567
Baseline,Baseline_roms,warning,Alexandrium_catenella,9,0.59167,0.70003,0.50355,0.71717
Baseline,Baseline_roms,warning,Alexandrium_catenella,10,0.66403,0.76264,0.58741,0.76364
Baseline,Baseline_roms,warning,Alexandrium_catenella,11,0.6087,0.70078,0.50725,0.76087
Baseline,Baseline_roms,warning,Alexandrium_catenella,12,0.62443,0.68205,0.53488,0.75
Baseline,Baseline_roms,warning,Alexandrium_catenella,13,0.57692,0.66531,0.50847,0.66667
Baseline,Baseline_roms,warning,Alexandrium_catenella,14,0.61803,0.72168,0.51429,0.77419
Baseline,Baseline_roms,warning,Alexandrium_catenella,15,0.62551,0.71712,0.52778,0.76768
Baseline,Baseline_roms,warning,Alexandrium_catenella,16,0.67681,0.74675,0.64493,0.712
Baseline,Baseline_roms,warning,Alexandrium_catenella,17,0.64167,0.7369,0.53472,0.80208
Baseline,Baseline_roms,warning,Alexandrium_catenella,18,0.64906,0.74447,0.56579,0.76106
Baseline,Baseline_roms,warning,Alexandrium_catenella,19,0.63745,0.73494,0.56338,0.73394
Baseline,Baseline_roms,warning,Alexandrium_catenella,20,0.59259,0.71756,0.5035,0.72
Baseline,Baseline_roms,warning,Alexandrium_catenella,21,0.58868,0.6976,0.46988,0.78788
Baseline,Baseline_roms,warning,Alexandrium_catenella,22,0.63158,0.72285,0.52703,0.78788
Baseline,Baseline_roms,warning,Alexandrium_catenella,23,0.64151,0.72149,0.61151,0.6746
Baseline,Baseline_roms,warning,Alexandrium_catenella,24,0.63158,0.73884,0.52703,0.78788
Baseline,Baseline_roms,warning,Alexandrium_catenella,25,0.57005,0.6796,0.45736,0.75641
Baseline,Baseline_roms,warning,Alexandrium_catenella,26,0.53211,0.66613,0.41429,0.74359
Baseline,Baseline_roms,warning,Alexandrium_catenella,27,0.57895,0.69689,0.47826,0.73333
Baseline,Baseline_roms,warning,Alexandrium_catenella,28,0.59167,0.688,0.5,0.72449
Baseline,Baseline_roms,warning,Alexandrium_catenella,29,0.57613,0.71701,0.47619,0.72917
Baseline,Baseline_roms,warning,Alexandrium_catenella,30,0.59649,0.70746,0.48921,0.76404
Baseline,Baseline_roms,warning,Alexandrium_catenella,31,0.55814,0.65064,0.46154,0.70588
Baseline,Baseline_roms,warning,Alexandrium_catenella,32,0.58228,0.71214,0.46622,0.77528
Baseline,Baseline_roms,warning,Alexandrium_catenella,33,0.64135,0.74524,0.54676,0.77551
Baseline,Baseline_roms,warning,Alexandrium_catenella,34,0.61947,0.72954,0.52632,0.75269
Baseline,Baseline_roms,warning,Alexandrium_catenella,35,0.66667,0.76767,0.56667,0.80952
Baseline,Baseline_roms,warning,Alexandrium_catenella,36,0.52675,0.68499,0.4129,0.72727
Baseline,Baseline_roms,warning,Alexandrium_catenella,37,0.6484,0.7505,0.54615,0.79775
Baseline,Baseline_roms,warning,Alexandrium_catenella,38,0.59004,0.70306,0.53472,0.65812
Baseline,Baseline_roms,warning,Alexandrium_catenella,39,0.6378,0.71477,0.57447,0.71681
Baseline,Baseline_roms,warning,Alexandrium_catenella,40,0.59804,0.66654,0.54955,0.65591
Baseline,Baseline_roms,warning,Alexandrium_catenella,41,0.61355,0.68712,0.55,0.69369
Baseline,Baseline_roms,warning,Alexandrium_catenella,42,0.57143,0.69639,0.46154,0.75
Baseline,Baseline_roms,warning,Alexandrium_catenella,43,0.59664,0.71723,0.4965,0.74737
Baseline,Baseline_roms,warning,Alexandrium_catenella,44,0.62097,0.72536,0.55396,0.70642
Baseline,Baseline_roms,warning,Alexandrium_catenella,45,0.63203,0.73392,0.51773,0.81111
Baseline,Baseline_roms,warning,Alexandrium_catenella,46,0.56667,0.69395,0.45033,0.76404
Baseline,Baseline_roms,warning,Alexandrium_catenella,47,0.52381,0.65909,0.43307,0.66265
Baseline,Baseline_roms,warning,Alexandrium_catenella,48,0.6166,0.68271,0.55714,0.69027
Baseline,Baseline_roms,warning,Alexandrium_catenella,49,0.63529,0.72924,0.5625,0.72973
Baseline,Baseline_only,warning,Dinophysis_acuminata,0,0.44724,0.45357,0.38034,0.54268
Baseline,Baseline_only,warning,Dinophysis_acuminata,1,0.41944,0.49829,0.34599,0.53247
Baseline,Baseline_only,warning,Dinophysis_acuminata,2,0.43091,0.44131,0.37705,0.50273
Baseline,Baseline_only,warning,Dinophysis_acuminata,3,0.45161,0.45361,0.42326,0.48404
Baseline,Baseline_only,warning,Dinophysis_acuminata,4,0.43766,0.48762,0.36752,0.54088
Baseline,Baseline_only,warning,Dinophysis_acuminata,5,0.5,0.47352,0.43043,0.59639
Baseline,Baseline_only,warning,Dinophysis_acuminata,6,0.44337,0.4723,0.3786,0.53488
Baseline,Baseline_only,warning,Dinophysis_acuminata,7,0.41538,0.45589,0.36161,0.48795
Baseline,Baseline_only,warning,Dinophysis_acuminata,8,0.43305,0.45068,0.37073,0.52055
Baseline,Baseline_only,warning,Dinophysis_acuminata,9,0.45455,0.46671,0.38636,0.55195
Baseline,Baseline_only,warning,Dinophysis_acuminata,10,0.47002,0.46264,0.4206,0.53261
Baseline,Baseline_only,warning,Dinophysis_acuminata,11,0.44724,0.48583,0.36777,0.57051
Baseline,Baseline_only,warning,Dinophysis_acuminata,12,0.44699,0.45054,0.38424,0.53425
Baseline,Baseline_only,warning,Dinophysis_acuminata,13,0.46111,0.46804,0.38073,0.58451
Baseline,Baseline_only,warning,Dinophysis_acuminata,14,0.45995,0.49332,0.39381,0.5528
Baseline,Baseline_only,warning,Dinophysis_acuminata,15,0.46602,0.48839,0.39506,0.56805
Baseline,Baseline_only,warning,Dinophysis_acuminata,16,0.41489,0.44401,0.35455,0.5
Baseline,Baseline_only,warning,Dinophysis_acuminata,17,0.42051,0.44295,0.34599,0.53595
Baseline,Baseline_only,warning,Dinophysis_acuminata,18,0.46809,0.43122,0.4093,0.54658
Baseline,Baseline_only,warning,Dinophysis_acuminata,19,0.45742,0.4737,0.39167,0.54971
Baseline,Baseline_only,warning,Dinophysis_acuminata,20,0.43523,0.46293,0.375,0.51852
Baseline,Baseline_only,warning,Dinophysis_acuminata,21,0.42077,0.44513,0.36493,0.49677
Baseline,Baseline_only,warning,Dinophysis_acuminata,22,0.42105,0.42315,0.37624,0.47799
Baseline,Baseline_only,warning,Dinophysis_acuminata,23,0.41667,0.4068,0.35545,0.50336
Baseline,Baseline_only,warning,Dinophysis_acuminata,24,0.41753,0.44283,0.35841,0.5
Baseline,Baseline_only,warning,Dinophysis_acuminata,25,0.43085,0.42211,0.39901,0.46821
Baseline,Baseline_only,warning,Dinophysis_acuminata,26,0.47449,0.47523,0.41518,0.55357
Baseline,Baseline_only,warning,Dinophysis_acuminata,27,0.42455,0.44956,0.36087,0.51553
Baseline,Baseline_only,warning,Dinophysis_acuminata,28,0.47745,0.46788,0.39301,0.60811
Baseline,Baseline_only,warning,Dinophysis_acuminata,29,0.44888,0.46313,0.37815,0.55215
Baseline,Baseline_only,warning,Dinophysis_acuminata,30,0.46392,0.4623,0.39474,0.5625
Baseline,Baseline_only,warning,Dinophysis_acuminata,31,0.45614,0.46433,0.41364,0.50838
Baseline,Baseline_only,warning,Dinophysis_acuminata,32,0.48969,0.5201,0.41485,0.59748
Baseline,Baseline_only,warning,Dinophysis_acuminata,33,0.4186,0.45865,0.3375,0.55102
Baseline,Baseline_only,warning,Dinophysis_acuminata,34,0.42359,0.42348,0.36916,0.49686
Baseline,Baseline_only,warning,Dinophysis_acuminata,35,0.41969,0.42582,0.35841,0.50625
Baseline,Baseline_only,warning,Dinophysis_acuminata,36,0.4596,0.4939,0.38889,0.56173
Baseline,Baseline_only,warning,Dinophysis_acuminata,37,0.42748,0.44743,0.35443,0.53846
Baseline,Baseline_only,warning,Dinophysis_acuminata,38,0.4821,0.52137,0.41057,0.58382
Baseline,Baseline_only,warning,Dinophysis_acuminata,39,0.37824,0.3871,0.32883,0.44512
Baseline,Baseline_only,warning,Dinophysis_acuminata,40,0.47721,0.46453,0.43627,0.52663
Baseline,Baseline_only,warning,Dinophysis_acuminata,41,0.43951,0.43561,0.39035,0.50282
Baseline,Baseline_only,warning,Dinophysis_acuminata,42,0.48426,0.53936,0.4065,0.5988
Baseline,Baseline_only,warning,Dinophysis_acuminata,43,0.4715,0.50035,0.40444,0.56522
Baseline,Baseline_only,warning,Dinophysis_acuminata,44,0.41814,0.50062,0.32296,0.59286
Baseline,Baseline_only,warning,Dinophysis_acuminata,45,0.4665,0.49884,0.4,0.55952
Baseline,Baseline_only,warning,Dinophysis_acuminata,46,0.46336,0.47619,0.39516,0.56
Baseline,Baseline_only,warning,Dinophysis_acuminata,47,0.46683,0.46322,0.40084,0.55882
Baseline,Baseline_only,warning,Dinophysis_acuminata,48,0.47185,0.46726,0.40741,0.56051
Baseline,Baseline_only,warning,Dinophysis_acuminata,49,0.43288,0.45616,0.3835,0.49686
Baseline,Baseline_roms,warning,Dinophysis_acuminata,0,0.49,0.52032,0.4188,0.59036
Baseline,Baseline_roms,warning,Dinophysis_acuminata,1,0.46076,0.52963,0.38397,0.57595
Baseline,Baseline_roms,warning,Dinophysis_acuminata,2,0.45498,0.47932,0.39344,0.53933
Baseline,Baseline_roms,warning,Dinophysis_acuminata,3,0.49105,0.50418,0.44651,0.54545
Baseline,Baseline_roms,warning,Dinophysis_acuminata,4,0.48346,0.53105,0.40598,0.59748
Baseline,Baseline_roms,warning,Dinophysis_acuminata,5,0.5213,0.53286,0.45217,0.61538
Baseline,Baseline_roms,warning,Dinophysis_acuminata,6,0.49289,0.5212,0.42798,0.58101
Baseline,Baseline_roms,warning,Dinophysis_acuminata,7,0.49105,0.53204,0.42857,0.57485
Baseline,Baseline_roms,warning,Dinophysis_acuminata,8,0.50282,0.52415,0.43415,0.59732
Baseline,Baseline_roms,warning,Dinophysis_acuminata,9,0.47644,0.52949,0.41364,0.56173
Baseline,Baseline_roms,warning,Dinophysis_acuminata,10,0.48325,0.51467,0.43348,0.54595
Baseline,Baseline_roms,warning,Dinophysis_acuminata,11,0.47739,0.53262,0.39256,0.60897
Baseline,Baseline_roms,warning,Dinophysis_acuminata,12,0.44767,0.51918,0.37931,0.5461
Baseline,Baseline_roms,warning,Dinophysis_acuminata,13,0.47802,0.49631,0.39908,0.59589
Baseline,Baseline_roms,warning,Dinophysis_acuminata,14,0.47721,0.52988,0.39381,0.60544
Baseline,Baseline_roms,warning,Dinophysis_acuminata,15,0.48,0.52564,0.41975,0.56044
Baseline,Baseline_roms,warning,Dinophysis_acuminata,16,0.45026,0.48737,0.39091,0.53086
Baseline,Baseline_roms,warning,Dinophysis_acuminata,17,0.45144,0.50241,0.36287,0.59722
Baseline,Baseline_roms,warning,Dinophysis_acuminata,18,0.48,0.48981,0.4186,0.5625
Baseline,Baseline_roms,warning,Dinophysis_acuminata,19,0.48649,0.52956,0.4125,0.59281
Baseline,Baseline_roms,warning,Dinophysis_acuminata,20,0.46237,0.48703,0.38393,0.58108
Baseline,Baseline_roms,warning,Dinophysis_acuminata,21,0.45699,0.50026,0.40284,0.52795
Baseline,Baseline_roms,warning,Dinophysis_acuminata,22,0.49162,0.4916,0.43564,0.5641
Baseline,Baseline_roms,warning,Dinophysis_acuminata,23,0.42162,0.45106,0.36967,0.49057
Baseline,Baseline_roms,warning,Dinophysis_acuminata,24,0.44041,0.47792,0.37611,0.53125
Baseline,Baseline_roms,warning,Dinophysis_acuminata,25,0.50131,0.49107,0.47291,0.53333
Baseline,Baseline_roms,warning,Dinophysis_acuminata,26,0.509,0.52544,0.44196,0.6
Baseline,Baseline_roms,warning,Dinophysis_acuminata,27,0.46875,0.4913,0.3913,0.58442
Baseline,Baseline_roms,warning,Dinophysis_acuminata,28,0.51531,0.52951,0.44105,0.61963
Baseline,Baseline_roms,warning,Dinophysis_acuminata,29,0.49389,0.52032,0.42437,0.59064
Baseline,Baseline_roms,warning,Dinophysis_acuminata,30,0.46753,0.50128,0.39474,0.57325
Baseline,Baseline_roms,warning,Dinophysis_acuminata,31,0.48259,0.50522,0.44091,0.53297
Baseline,Baseline_roms,warning,Dinophysis_acuminata,32,0.5288,0.55893,0.44105,0.66013
Baseline,Baseline_roms,warning,Dinophysis_acuminata,33,0.44388,0.51364,0.3625,0.57237
Baseline,Baseline_roms,warning,Dinophysis_acuminata,34,0.45213,0.47758,0.3972,0.52469
Baseline,Baseline_roms,warning,Dinophysis_acuminata,35,0.45802,0.47887,0.39823,0.53892
Baseline,Baseline_roms,warning,Dinophysis_acuminata,36,0.50129,0.56021,0.41453,0.63399
Baseline,Baseline_roms,warning,Dinophysis_acuminata,37,0.45802,0.4951,0.37975,0.57692
Baseline,Baseline_roms,warning,Dinophysis_acuminata,38,0.50725,0.56332,0.42683,0.625
Baseline,Baseline_roms,warning,Dinophysis_acuminata,39,0.39687,0.42668,0.34234,0.47205
Baseline,Baseline_roms,warning,Dinophysis_acuminata,40,0.51226,0.52823,0.46078,0.57669
Baseline,Baseline_roms,warning,Dinophysis_acuminata,41,0.45,0.46756,0.39474,0.52326
Baseline,Baseline_roms,warning,Dinophysis_acuminata,42,0.5253,0.58679,0.44309,0.64497
Baseline,Baseline_roms,warning,Dinophysis_acuminata,43,0.5,0.55679,0.42667,0.60377
Baseline,Baseline_roms,warning,Dinophysis_acuminata,44,0.46229,0.54356,0.36965,0.61688
Baseline,Baseline_roms,warning,Dinophysis_acuminata,45,0.51319,0.51525,0.45532,0.58791
Baseline,Baseline_roms,warning,Dinophysis_acuminata,46,0.51972,0.52697,0.45161,0.61202
Baseline,Baseline_roms,warning,Dinophysis_acuminata,47,0.48515,0.52406,0.4135,0.58683
Baseline,Baseline_roms,warning,Dinophysis_acuminata,48,0.51579,0.51646,0.4537,0.59756
Baseline,Baseline_roms,warning,Dinophysis_acuminata,49,0.49724,0.52164,0.43689,0.57692
Baseline,Baseline_only,warning,Dinophysis_norvegica,0,0.02381,0.15853,0.01299,0.14286
Baseline,Baseline_only,warning,Dinophysis_norvegica,1,0.05063,0.15657,0.02899,0.2
Baseline,Baseline_only,warning,Dinophysis_norvegica,2,0.07059,0.15759,0.04,0.3
Baseline,Baseline_only,warning,Dinophysis_norvegica,3,0.175,0.22379,0.10294,0.58333
Baseline,Baseline_only,warning,Dinophysis_norvegica,4,0.09091,0.1449,0.0625,0.16667
Baseline,Baseline_only,warning,Dinophysis_norvegica,5,0.07317,0.18106,0.04348,0.23077
Baseline,Baseline_only,warning,Dinophysis_norvegica,6,0.10256,0.18037,0.0597,0.36364
Baseline,Baseline_only,warning,Dinophysis_norvegica,7,0.06742,0.19468,0.03797,0.3
Baseline,Baseline_only,warning,Dinophysis_norvegica,8,0.1039,0.23167,0.0597,0.4
Baseline,Baseline_only,warning,Dinophysis_norvegica,9,0.11111,0.16265,0.06667,0.33333
Baseline,Baseline_only,warning,Dinophysis_norvegica,10,0.04878,0.1537,0.02857,0.16667
Baseline,Baseline_only,warning,Dinophysis_norvegica,11,0.04706,0.20718,0.02632,0.22222
Baseline,Baseline_only,warning,Dinophysis_norvegica,12,0.05882,0.15545,0.03333,0.25
Baseline,Baseline_only,warning,Dinophysis_norvegica,13,0.05195,0.15829,0.02899,0.25
Baseline,Baseline_only,warning,Dinophysis_norvegica,14,0.08696,0.16864,0.04839,0.42857
Baseline,Baseline_only,warning,Dinophysis_norvegica,15,0.08696,0.2019,0.05195,0.26667
Baseline,Baseline_only,warning,Dinophysis_norvegica,16,0.0,0.19894,0.0,0.0
Baseline,Baseline_only,warning,Dinophysis_norvegica,17,0.10811,0.15565,0.06452,0.33333
Baseline,Baseline_only,warning,Dinophysis_norvegica,18,0.05195,0.15964,0.03125,0.15385
Baseline,Baseline_only,warning,Dinophysis_norvegica,19,0.07895,0.17996,0.04478,0.33333
Baseline,Baseline_only,warning,Dinophysis_norvegica,20,0.07895,0.16589,0.04478,0.33333
Baseline,Baseline_only,warning,Dinophysis_norvegica,21,0.04545,0.18699,0.025,0.25
Baseline,Baseline_only,warning,Dinophysis_norvegica,22,0.13889,0.19202,0.08772,0.33333
Baseline,Baseline_only,warning,Dinophysis_norvegica,23,0.1,0.19435,0.0597,0.30769
Baseline,Baseline_only,warning,Dinophysis_norvegica,24,0.13699,0.17596,0.08772,0.3125
Baseline,Baseline_only,warning,Dinophysis_norvegica,25,0.04494,0.198,0.02532,0.2
Baseline,Baseline_only,warning,Dinophysis_norvegica,26,0.05063,0.17926,0.02857,0.22222
Baseline,Baseline_only,warning,Dinophysis_norvegica,27,0.06593,0.16067,0.03947,0.2
Baseline,Baseline_only,warning,Dinophysis_norvegica,28,0.06897,0.25479,0.03846,0.33333
Baseline,Baseline_only,warning,Dinophysis_norvegica,29,0.08791,0.21158,0.05,0.36364
Baseline,Baseline_only,warning,Dinophysis_norvegica,30,0.09412,0.1834,0.05714,0.26667
Baseline,Baseline_only,warning,Dinophysis_norvegica,31,0.09375,0.16826,0.05556,0.3
Baseline,Baseline_only,warning,Dinophysis_norvegica,32,0.05333,0.16268,0.02941,0.28571
Baseline,Baseline_only,warning,Dinophysis_norvegica,33,0.1,0.20653,0.05556,0.5
Baseline,Baseline_only,warning,Dinophysis_norvegica,34,0.05405,0.18479,0.03226,0.16667
Baseline,Baseline_only,warning,Dinophysis_norvegica,35,0.0,0.15493,0.0,0.0
Baseline,Baseline_only,warning,Dinophysis_norvegica,36,0.12346,0.17098,0.07812,0.29412
Baseline,Baseline_only,warning,Dinophysis_norvegica,37,0.10256,0.19247,0.05882,0.4
Baseline,Baseline_only,warning,Dinophysis_norvegica,38,0.05128,0.15248,0.0303,0.16667
Baseline,Baseline_only,warning,Dinophysis_norvegica,39,0.07059,0.16811,0.0411,0.25
Baseline,Baseline_only,warning,Dinophysis_norvegica,40,0.10667,0.16484,0.06349,0.33333
Baseline,Baseline_only,warning,Dinophysis_norvegica,41,0.07229,0.14361,0.04348,0.21429
Baseline,Baseline_only,warning,Dinophysis_norvegica,42,0.04706,0.17731,0.02667,0.2
Baseline,Baseline_only,warning,Dinophysis_norvegica,43,0.06897,0.20697,0.04054,0.23077
Baseline,Baseline_only,warning,Dinophysis_norvegica,44,0.09091,0.17484,0.05634,0.23529
Baseline,Baseline_only,warning,Dinophysis_norvegica,45,0.02062,0.17778,0.01176,0.08333
Baseline,Baseline_only,warning,Dinophysis_norvegica,46,0.05,0.12293,0.02985,0.15385
Baseline,Baseline_only,warning,Dinophysis_norvegica,47,0.10256,0.18044,0.06349,0.26667
Baseline,Baseline_only,warning,Dinophysis_norvegica,48,0.05195,0.1761,0.02899,0.25
Baseline,Baseline_only,warning,Dinophysis_norvegica,49,0.10989,0.20689,0.0641,0.38462
Baseline,Baseline_roms,warning,Dinophysis_norvegica,0,0.06897,0.18531,0.03896,0.3
Baseline,Baseline_roms,warning,Dinophysis_norvegica,1,0.09639,0.16587,0.05797,0.28571
Baseline,Baseline_roms,warning,Dinophysis_norvegica,2,0.11628,0.18632,0.06667,0.45455
Baseline,Baseline_roms,warning,Dinophysis_norvegica,3,0.16471,0.20915,0.10294,0.41176
Baseline,Baseline_roms,warning,Dinophysis_norvegica,4,0.12903,0.19312,0.09375,0.2069
Baseline,Baseline_roms,warning,Dinophysis_norvegica,5,0.04819,0.19103,0.02899,0.14286
Baseline,Baseline_roms,warning,Dinophysis_norvegica,6,0.11628,0.20099,0.07463,0.26316
Baseline,Baseline_roms,warning,Dinophysis_norvegica,7,0.14286,0.23826,0.08861,0.36842
Baseline,Baseline_roms,warning,Dinophysis_norvegica,8,0.20513,0.25086,0.1194,0.72727
Baseline,Baseline_roms,warning,Dinophysis_norvegica,9,0.08451,0.18566,0.05,0.27273
Baseline,Baseline_roms,warning,Dinophysis_norvegica,10,0.13333,0.18649,0.08571,0.3
Baseline,Baseline_roms,warning,Dinophysis_norvegica,11,0.08989,0.22594,0.05263,0.30769
Baseline,Baseline_roms,warning,Dinophysis_norvegica,12,0.08571,0.22534,0.05,0.3
Baseline,Baseline_roms,warning,Dinophysis_norvegica,13,0.07143,0.19262,0.04348,0.2
Baseline,Baseline_roms,warning,Dinophysis_norvegica,14,0.07792,0.18296,0.04839,0.2
Baseline,Baseline_roms,warning,Dinophysis_norvegica,15,0.17204,0.2215,0.1039,0.5
Baseline,Baseline_roms,warning,Dinophysis_norvegica,16,0.11236,0.20812,0.06667,0.35714
Baseline,Baseline_roms,warning,Dinophysis_norvegica,17,0.07792,0.16619,0.04839,0.2
Baseline,Baseline_roms,warning,Dinophysis_norvegica,18,0.11494,0.1939,0.07812,0.21739
Baseline,Baseline_roms,warning,Dinophysis_norvegica,19,0.16867,0.20109,0.10448,0.4375
Baseline,Baseline_roms,warning,Dinophysis_norvegica,20,0.125,0.20426,0.07463,0.38462
Baseline,Baseline_roms,warning,Dinophysis_norvegica,21,0.10638,0.2027,0.0625,0.35714
Baseline,Baseline_roms,warning,Dinophysis_norvegica,22,0.15,0.18882,0.10526,0.26087
Baseline,Baseline_roms,warning,Dinophysis_norvegica,23,0.16867,0.2255,0.10448,0.4375
Baseline,Baseline_roms,warning,Dinophysis_norvegica,24,0.11429,0.14969,0.07018,0.30769
Baseline,Baseline_roms,warning,Dinophysis_norvegica,25,0.08511,0.21152,0.05063,0.26667
Baseline,Baseline_roms,warning,Dinophysis_norvegica,26,0.15385,0.23066,0.1,0.33333
Baseline,Baseline_roms,warning,Dinophysis_norvegica,27,0.10309,0.19351,0.06579,0.2381
Baseline,Baseline_roms,warning,Dinophysis_norvegica,28,0.15556,0.29527,0.08974,0.58333
Baseline,Baseline_roms,warning,Dinophysis_norvegica,29,0.125,0.24239,0.075,0.375
Baseline,Baseline_roms,warning,Dinophysis_norvegica,30,0.13636,0.22163,0.08571,0.33333
Baseline,Baseline_roms,warning,Dinophysis_norvegica,31,0.17391,0.18724,0.11111,0.4
Baseline,Baseline_roms,warning,Dinophysis_norvegica,32,0.12048,0.19211,0.07353,0.33333
Baseline,Baseline_roms,warning,Dinophysis_norvegica,33,0.14118,0.21813,0.08333,0.46154
Baseline,Baseline_roms,warning,Dinophysis_norvegica,34,0.16667,0.25014,0.1129,0.31818
Baseline,Baseline_roms,warning,Dinophysis_norvegica,35,0.16667,0.22831,0.10526,0.4
Baseline,Baseline_roms,warning,Dinophysis_norvegica,36,0.17073,0.19215,0.10938,0.38889
Baseline,Baseline_roms,warning,Dinophysis_norvegica,37,0.17073,0.21796,0.10294,0.5
Baseline,Baseline_roms,warning,Dinophysis_norvegica,38,0.11494,0.17785,0.07576,0.2381
Baseline,Baseline_roms,warning,Dinophysis_norvegica,39,0.15217,0.23642,0.09589,0.36842
Baseline,Baseline_roms,warning,Dinophysis_norvegica,40,0.14286,0.16908,0.09524,0.28571
Baseline,Baseline_roms,warning,Dinophysis_norvegica,41,0.11494,0.1697,0.07246,0.27778
Baseline,Baseline_roms,warning,Dinophysis_norvegica,42,0.06667,0.19666,0.04,0.2
Baseline,Baseline_roms,warning,Dinophysis_norvegica,43,0.19355,0.22594,0.12162,0.47368
Baseline,Baseline_roms,warning,Dinophysis_norvegica,44,0.15217,0.17213,0.09859,0.33333
Baseline,Baseline_roms,warning,Dinophysis_norvegica,45,0.13725,0.19804,0.08235,0.41176
Baseline,Baseline_roms,warning,Dinophysis_norvegica,46,0.07229,0.15503,0.04478,0.1875
Baseline,Baseline_roms,warning,Dinophysis_norvegica,47,0.16667,0.22697,0.11111,0.33333
Baseline,Baseline_roms,warning,Dinophysis_norvegica,48,0.16867,0.21,0.10145,0.5
Baseline,Baseline_roms,warning,Dinophysis_norvegica,49,0.1875,0.25039,0.11538,0.5
Baseline,Baseline_only,warning,Karenia,0,0.89048,0.97152,0.83296,0.95652
Baseline,Baseline_only,warning,Karenia,1,0.90909,0.97224,0.85746,0.96734
Baseline,Baseline_only,warning,Karenia,2,0.90344,0.97967,0.84969,0.96445
Baseline,Baseline_only,warning,Karenia,3,0.87197,0.96069,0.82174,0.92875
Baseline,Baseline_only,warning,Karenia,4,0.89877,0.96677,0.86461,0.93573
Baseline,Baseline_only,warning,Karenia,5,0.90675,0.97334,0.87037,0.94631
Baseline,Baseline_only,warning,Karenia,6,0.8945,0.96526,0.85714,0.93525
Baseline,Baseline_only,warning,Karenia,7,0.88861,0.96883,0.83771,0.94609
Baseline,Baseline_only,warning,Karenia,8,0.88942,0.97166,0.83521,0.95116
Baseline,Baseline_only,warning,Karenia,9,0.90618,0.97575,0.86652,0.94964
Baseline,Baseline_only,warning,Karenia,10,0.89151,0.96833,0.83814,0.95214
Baseline,Baseline_only,warning,Karenia,11,0.88915,0.96992,0.83073,0.95641
Baseline,Baseline_only,warning,Karenia,12,0.91638,0.97954,0.87912,0.95694
Baseline,Baseline_only,warning,Karenia,13,0.90888,0.97465,0.85906,0.96482
Baseline,Baseline_only,warning,Karenia,14,0.90548,0.9743,0.86031,0.95567
Baseline,Baseline_only,warning,Karenia,15,0.90465,0.97314,0.86253,0.9511
Baseline,Baseline_only,warning,Karenia,16,0.90278,0.97214,0.85526,0.95588
Baseline,Baseline_only,warning,Karenia,17,0.89919,0.96952,0.85275,0.95098
Baseline,Baseline_only,warning,Karenia,18,0.8894,0.97091,0.84649,0.93689
Baseline,Baseline_only,warning,Karenia,19,0.90238,0.9729,0.85941,0.94987
Baseline,Baseline_only,warning,Karenia,20,0.90011,0.97708,0.85684,0.94799
Baseline,Baseline_only,warning,Karenia,21,0.87955,0.9638,0.81132,0.9603
Baseline,Baseline_only,warning,Karenia,22,0.8929,0.96809,0.85681,0.93216
Baseline,Baseline_only,warning,Karenia,23,0.87467,0.95982,0.8231,0.93315
Baseline,Baseline_only,warning,Karenia,24,0.89273,0.97388,0.83047,0.96509
Baseline,Baseline_only,warning,Karenia,25,0.91521,0.97269,0.87946,0.954
Baseline,Baseline_only,warning,Karenia,26,0.8904,0.97046,0.8383,0.9494
Baseline,Baseline_only,warning,Karenia,27,0.90263,0.97126,0.86976,0.9381
Baseline,Baseline_only,warning,Karenia,28,0.89663,0.97381,0.84835,0.95074
Baseline,Baseline_only,warning,Karenia,29,0.90714,0.97196,0.85811,0.96212
Baseline,Baseline_only,warning,Karenia,30,0.89965,0.97126,0.86199,0.94074
Baseline,Baseline_only,warning,Karenia,31,0.90201,0.97286,0.85459,0.955
Baseline,Baseline_only,warning,Karenia,32,0.89526,0.97047,0.83027,0.97129
Baseline,Baseline_only,warning,Karenia,33,0.8972,0.97484,0.84396,0.95761
Baseline,Baseline_only,warning,Karenia,34,0.91096,0.97894,0.87118,0.95455
Baseline,Baseline_only,warning,Karenia,35,0.88628,0.97208,0.8326,0.94737
Baseline,Baseline_only,warning,Karenia,36,0.90012,0.96809,0.86261,0.94103
Baseline,Baseline_only,warning,Karenia,37,0.89623,0.97604,0.85779,0.93827
Baseline,Baseline_only,warning,Karenia,38,0.89882,0.97068,0.84701,0.95739
Baseline,Baseline_only,warning,Karenia,39,0.89753,0.97329,0.84855,0.9525
Baseline,Baseline_only,warning,Karenia,40,0.90134,0.97029,0.85253,0.95607
Baseline,Baseline_only,warning,Karenia,41,0.8854,0.96836,0.84758,0.92677
Baseline,Baseline_only,warning,Karenia,42,0.89703,0.96988,0.84665,0.95377
Baseline,Baseline_only,warning,Karenia,43,0.90932,0.97168,0.87469,0.94681
Baseline,Baseline_only,warning,Karenia,44,0.89367,0.9743,0.83333,0.96341
Baseline,Baseline_only,warning,Karenia,45,0.88834,0.96691,0.83603,0.94764
Baseline,Baseline_only,warning,Karenia,46,0.9046,0.97191,0.85381,0.96181
Baseline,Baseline_only,warning,Karenia,47,0.91096,0.97724,0.875,0.95
Baseline,Baseline_only,warning,Karenia,48,0.89357,0.97007,0.8361,0.95952
Baseline,Baseline_only,warning,Karenia,49,0.89102,0.96743,0.82667,0.96623
Baseline,Baseline_roms,warning,Karenia,0,0.9186,0.97913,0.87973,0.96107
Baseline,Baseline_roms,warning,Karenia,1,0.9229,0.98029,0.8931,0.95476
Baseline,Baseline_roms,warning,Karenia,2,0.92208,0.98285,0.88935,0.9573
Baseline,Baseline_roms,warning,Karenia,3,0.89266,0.97052,0.8587,0.92941
Baseline,Baseline_roms,warning,Karenia,4,0.90976,0.97537,0.88599,0.93484
Baseline,Baseline_roms,warning,Karenia,5,0.92324,0.98028,0.90329,0.94409
Baseline,Baseline_roms,warning,Karenia,6,0.90562,0.97158,0.88571,0.92644
Baseline,Baseline_roms,warning,Karenia,7,0.9145,0.97659,0.88067,0.95103
Baseline,Baseline_roms,warning,Karenia,8,0.91166,0.97672,0.87359,0.9532
Baseline,Baseline_roms,warning,Karenia,9,0.92514,0.98044,0.90591,0.94521
Baseline,Baseline_roms,warning,Karenia,10,0.92273,0.97416,0.90022,0.94639
Baseline,Baseline_roms,warning,Karenia,11,0.90846,0.97718,0.87305,0.94686
Baseline,Baseline_roms,warning,Karenia,12,0.92721,0.98285,0.90989,0.94521
Baseline,Baseline_roms,warning,Karenia,13,0.91917,0.98027,0.89038,0.94988
Baseline,Baseline_roms,warning,Karenia,14,0.92997,0.98081,0.898,0.96429
Baseline,Baseline_roms,warning,Karenia,15,0.93454,0.98141,0.91796,0.95172
Baseline,Baseline_roms,warning,Karenia,16,0.92049,0.97868,0.90132,0.9405
Baseline,Baseline_roms,warning,Karenia,17,0.91324,0.976,0.87912,0.95012
Baseline,Baseline_roms,warning,Karenia,18,0.92031,0.97827,0.89912,0.94253
Baseline,Baseline_roms,warning,Karenia,19,0.92649,0.98043,0.90023,0.95433
Baseline,Baseline_roms,warning,Karenia,20,0.9281,0.9832,0.91026,0.94667
Baseline,Baseline_roms,warning,Karenia,21,0.90604,0.97371,0.84906,0.97122
Baseline,Baseline_roms,warning,Karenia,22,0.91166,0.97684,0.89376,0.93029
Baseline,Baseline_roms,warning,Karenia,23,0.90102,0.97109,0.87224,0.93176
Baseline,Baseline_roms,warning,Karenia,24,0.91855,0.9823,0.87124,0.97129
Baseline,Baseline_roms,warning,Karenia,25,0.93226,0.97979,0.90625,0.95981
Baseline,Baseline_roms,warning,Karenia,26,0.91212,0.97772,0.87234,0.95571
Baseline,Baseline_roms,warning,Karenia,27,0.92605,0.97832,0.89845,0.9554
Baseline,Baseline_roms,warning,Karenia,28,0.92132,0.9818,0.88791,0.95735
Baseline,Baseline_roms,warning,Karenia,29,0.91967,0.977,0.88964,0.95181
Baseline,Baseline_roms,warning,Karenia,30,0.9289,0.98032,0.91629,0.94186
Baseline,Baseline_roms,warning,Karenia,31,0.91792,0.97921,0.88814,0.94976
Baseline,Baseline_roms,warning,Karenia,32,0.91909,0.97869,0.87117,0.9726
Baseline,Baseline_roms,warning,Karenia,33,0.92997,0.98264,0.89011,0.97356
Baseline,Baseline_roms,warning,Karenia,34,0.93512,0.98296,0.91266,0.95872
Baseline,Baseline_roms,warning,Karenia,35,0.92431,0.98265,0.88767,0.96411
Baseline,Baseline_roms,warning,Karenia,36,0.9341,0.98155,0.90991,0.95962
Baseline,Baseline_roms,warning,Karenia,37,0.91954,0.98337,0.90293,0.93677
Baseline,Baseline_roms,warning,Karenia,38,0.92627,0.97916,0.89135,0.96403
Baseline,Baseline_roms,warning,Karenia,39,0.92932,0.98144,0.8931,0.9686
Baseline,Baseline_roms,warning,Karenia,40,0.92253,0.98108,0.89171,0.95556
Baseline,Baseline_roms,warning,Karenia,41,0.91274,0.97668,0.89376,0.93253
Baseline,Baseline_roms,warning,Karenia,42,0.91256,0.97653,0.87905,0.94872
Baseline,Baseline_roms,warning,Karenia,43,0.92462,0.97922,0.90418,0.94602
Baseline,Baseline_roms,warning,Karenia,44,0.92,0.98115,0.87342,0.97183
Baseline,Baseline_roms,warning,Karenia,45,0.90756,0.97452,0.87298,0.945
Baseline,Baseline_roms,warning,Karenia,46,0.92189,0.97996,0.88771,0.95881
Baseline,Baseline_roms,warning,Karenia,47,0.92067,0.98144,0.90351,0.9385
Baseline,Baseline_roms,warning,Karenia,48,0.91621,0.97843,0.87344,0.96339
Baseline,Baseline_roms,warning,Karenia,49,0.91811,0.97775,0.88444,0.95444
Baseline,Baseline_only,warning,Pseudo-nitzschia,0,0.59763,0.74993,0.49754,0.74815
Baseline,Baseline_only,warning,Pseudo-nitzschia,1,0.61039,0.72343,0.51648,0.74603
Baseline,Baseline_only,warning,Pseudo-nitzschia,2,0.61184,0.71369,0.5503,0.68889
Baseline,Baseline_only,warning,Pseudo-nitzschia,3,0.57962,0.6947,0.50276,0.68421
Baseline,Baseline_only,warning,Pseudo-nitzschia,4,0.58333,0.67243,0.49677,0.70642
Baseline,Baseline_only,warning,Pseudo-nitzschia,5,0.63345,0.72262,0.5817,0.69531
Baseline,Baseline_only,warning,Pseudo-nitzschia,6,0.55862,0.69219,0.47368,0.68067
Baseline,Baseline_only,warning,Pseudo-nitzschia,7,0.60265,0.71293,0.51412,0.728
Baseline,Baseline_only,warning,Pseudo-nitzschia,8,0.63091,0.72205,0.56497,0.71429
Baseline,Baseline_only,warning,Pseudo-nitzschia,9,0.59854,0.73114,0.50932,0.72566
Baseline,Baseline_only,warning,Pseudo-nitzschia,10,0.62838,0.70337,0.56024,0.71538
Baseline,Baseline_only,warning,Pseudo-nitzschia,11,0.55634,0.71436,0.45665,0.71171
Baseline,Baseline_only,warning,Pseudo-nitzschia,12,0.63538,0.69437,0.54658,0.75862
Baseline,Baseline_only,warning,Pseudo-nitzschia,13,0.63043,0.76881,0.53049,0.77679
Baseline,Baseline_only,warning,Pseudo-nitzschia,14,0.60563,0.75934,0.48864,0.7963
Baseline,Baseline_only,warning,Pseudo-nitzschia,15,0.57778,0.70478,0.48148,0.72222
Baseline,Baseline_only,warning,Pseudo-nitzschia,16,0.5784,0.73141,0.45604,0.79048
Baseline,Baseline_only,warning,Pseudo-nitzschia,17,0.60317,0.71962,0.50265,0.75397
Baseline,Baseline_only,warning,Pseudo-nitzschia,18,0.61922,0.77359,0.48876,0.84466
Baseline,Baseline_only,warning,Pseudo-nitzschia,19,0.66212,0.77975,0.57396,0.78226
Baseline,Baseline_only,warning,Pseudo-nitzschia,20,0.56106,0.70146,0.46196,0.71429
Baseline,Baseline_only,warning,Pseudo-nitzschia,21,0.62092,0.71059,0.54913,0.71429
Baseline,Baseline_only,warning,Pseudo-nitzschia,22,0.65046,0.77479,0.56915,0.75887
Baseline,Baseline_only,warning,Pseudo-nitzschia,23,0.62696,0.72366,0.54945,0.72993
Baseline,Baseline_only,warning,Pseudo-nitzschia,24,0.60967,0.67704,0.53947,0.70085
Baseline,Baseline_only,warning,Pseudo-nitzschia,25,0.6192,0.76469,0.51546,0.77519
Baseline,Baseline_only,warning,Pseudo-nitzschia,26,0.64605,0.77583,0.55621,0.77049
Baseline,Baseline_only,warning,Pseudo-nitzschia,27,0.62614,0.74083,0.52551,0.77444
Baseline,Baseline_only,warning,Pseudo-nitzschia,28,0.5802,0.71113,0.49133,0.70833
Baseline,Baseline_only,warning,Pseudo-nitzschia,29,0.6319,0.75207,0.53093,0.7803
Baseline,Baseline_only,warning,Pseudo-nitzschia,30,0.61238,0.74979,0.52514,0.73438
Baseline,Baseline_only,warning,Pseudo-nitzschia,31,0.65798,0.76734,0.55495,0.808
Baseline,Baseline_only,warning,Pseudo-nitzschia,32,0.6113,0.73742,0.51397,0.7541
Baseline,Baseline_only,warning,Pseudo-nitzschia,33,0.58108,0.70735,0.48315,0.72881
Baseline,Baseline_only,warning,Pseudo-nitzschia,34,0.62295,0.73884,0.54913,0.7197
Baseline,Baseline_only,warning,Pseudo-nitzschia,35,0.59406,0.70458,0.49724,0.7377
Baseline,Baseline_only,warning,Pseudo-nitzschia,36,0.60736,0.73597,0.50769,0.75573
Baseline,Baseline_only,warning,Pseudo-nitzschia,37,0.65306,0.7401,0.56805,0.768
Baseline,Baseline_only,warning,Pseudo-nitzschia,38,0.64164,0.77023,0.54335,0.78333
Baseline,Baseline_only,warning,Pseudo-nitzschia,39,0.589,0.6611,0.50838,0.7
Baseline,Baseline_only,warning,Pseudo-nitzschia,40,0.61842,0.7388,0.52222,0.75806
Baseline,Baseline_only,warning,Pseudo-nitzschia,41,0.55405,0.67866,0.4581,0.70085
Baseline,Baseline_only,warning,Pseudo-nitzschia,42,0.63871,0.75375,0.53804,0.78571
Baseline,Baseline_only,warning,Pseudo-nitzschia,43,0.55513,0.72355,0.45062,0.72277
Baseline,Baseline_only,warning,Pseudo-nitzschia,44,0.61745,0.75376,0.51111,0.77966
Baseline,Baseline_only,warning,Pseudo-nitzschia,45,0.61168,0.77312,0.50282,0.7807
Baseline,Baseline_only,warning,Pseudo-nitzschia,46,0.62769,0.73523,0.5285,0.77273
Baseline,Baseline_only,warning,Pseudo-nitzschia,47,0.7,0.76,0.61878,0.80576
Baseline,Baseline_only,warning,Pseudo-nitzschia,48,0.66044,0.76654,0.58564,0.75714
Baseline,Baseline_only,warning,Pseudo-nitzschia,49,0.65306,0.77043,0.54545,0.81356
Baseline,Baseline_roms,warning,Pseudo-nitzschia,0,0.70811,0.81957,0.64532,0.78443
Baseline,Baseline_roms,warning,Pseudo-nitzschia,1,0.73112,0.80441,0.66484,0.81208
Baseline,Baseline_roms,warning,Pseudo-nitzschia,2,0.71125,0.76853,0.69231,0.73125
Baseline,Baseline_roms,warning,Pseudo-nitzschia,3,0.7003,0.80347,0.65193,0.75641
Baseline,Baseline_roms,warning,Pseudo-nitzschia,4,0.69686,0.77789,0.64516,0.75758
Baseline,Baseline_roms,warning,Pseudo-nitzschia,5,0.7138,0.80796,0.69281,0.73611
Baseline,Baseline_roms,warning,Pseudo-nitzschia,6,0.68371,0.80034,0.62573,0.75352
Baseline,Baseline_roms,warning,Pseudo-nitzschia,7,0.73394,0.82137,0.67797,0.8
Baseline,Baseline_roms,warning,Pseudo-nitzschia,8,0.73716,0.83956,0.68927,0.79221
Baseline,Baseline_roms,warning,Pseudo-nitzschia,9,0.72603,0.81531,0.65839,0.80916
Baseline,Baseline_roms,warning,Pseudo-nitzschia,10,0.70513,0.7824,0.66265,0.75342
Baseline,Baseline_roms,warning,Pseudo-nitzschia,11,0.7044,0.81345,0.6474,0.77241
Baseline,Baseline_roms,warning,Pseudo-nitzschia,12,0.72852,0.80574,0.65839,0.81538
Baseline,Baseline_roms,warning,Pseudo-nitzschia,13,0.75325,0.85605,0.70732,0.80556
Baseline,Baseline_roms,warning,Pseudo-nitzschia,14,0.72897,0.8318,0.66477,0.8069
Baseline,Baseline_roms,warning,Pseudo-nitzschia,15,0.70796,0.81008,0.63492,0.8
Baseline,Baseline_roms,warning,Pseudo-nitzschia,16,0.70909,0.81141,0.64286,0.79054
Baseline,Baseline_roms,warning,Pseudo-nitzschia,17,0.7284,0.81767,0.62434,0.87407
Baseline,Baseline_roms,warning,Pseudo-nitzschia,18,0.73077,0.83477,0.64045,0.85075
Baseline,Baseline_roms,warning,Pseudo-nitzschia,19,0.74766,0.86831,0.71006,0.78947
Baseline,Baseline_roms,warning,Pseudo-nitzschia,20,0.69753,0.83015,0.61413,0.80714
Baseline,Baseline_roms,warning,Pseudo-nitzschia,21,0.72204,0.81632,0.65318,0.80714
Baseline,Baseline_roms,warning,Pseudo-nitzschia,22,0.76271,0.85979,0.71809,0.81325
Baseline,Baseline_roms,warning,Pseudo-nitzschia,23,0.7362,0.83426,0.65934,0.83333
Baseline,Baseline_roms,warning,Pseudo-nitzschia,24,0.70423,0.76063,0.65789,0.75758
Baseline,Baseline_roms,warning,Pseudo-nitzschia,25,0.72472,0.84854,0.66495,0.7963
Baseline,Baseline_roms,warning,Pseudo-nitzschia,26,0.77023,0.85485,0.70414,0.85
Baseline,Baseline_roms,warning,Pseudo-nitzschia,27,0.70893,0.8255,0.62755,0.81457
Baseline,Baseline_roms,warning,Pseudo-nitzschia,28,0.71207,0.81153,0.66474,0.76667
Baseline,Baseline_roms,warning,Pseudo-nitzschia,29,0.73156,0.85445,0.63918,0.85517
Baseline,Baseline_roms,warning,Pseudo-nitzschia,30,0.72566,0.82945,0.68715,0.76875
Baseline,Baseline_roms,warning,Pseudo-nitzschia,31,0.76737,0.82414,0.6978,0.85235
Baseline,Baseline_roms,warning,Pseudo-nitzschia,32,0.74405,0.80591,0.69832,0.79618
Baseline,Baseline_roms,warning,Pseudo-nitzschia,33,0.69565,0.79741,0.62921,0.77778
Baseline,Baseline_roms,warning,Pseudo-nitzschia,34,0.71875,0.82929,0.66474,0.78231
Baseline,Baseline_roms,warning,Pseudo-nitzschia,35,0.7234,0.81932,0.65746,0.80405
Baseline,Baseline_roms,warning,Pseudo-nitzschia,36,0.73803,0.83311,0.67179,0.81875
Baseline,Baseline_roms,warning,Pseudo-nitzschia,37,0.71827,0.82012,0.68639,0.75325
Baseline,Baseline_roms,warning,Pseudo-nitzschia,38,0.78505,0.86092,0.72832,0.85135
Baseline,Baseline_roms,warning,Pseudo-nitzschia,39,0.68502,0.76814,0.6257,0.75676
Baseline,Baseline_roms,warning,Pseudo-nitzschia,40,0.71429,0.82515,0.66667,0.76923
Baseline,Baseline_roms,warning,Pseudo-nitzschia,41,0.66667,0.81615,0.58101,0.78195
Baseline,Baseline_roms,warning,Pseudo-nitzschia,42,0.70625,0.84669,0.61413,0.83088
Baseline,Baseline_roms,warning,Pseudo-nitzschia,43,0.66667,0.80253,0.58025,0.78333
Baseline,Baseline_roms,warning,Pseudo-nitzschia,44,0.73373,0.82222,0.68889,0.78481
Baseline,Baseline_roms,warning,Pseudo-nitzschia,45,0.76737,0.85092,0.71751,0.82468
Baseline,Baseline_roms,warning,Pseudo-nitzschia,46,0.75,0.81912,0.68394,0.83019
Baseline,Baseline_roms,warning,Pseudo-nitzschia,47,0.77233,0.84004,0.74033,0.80723
Baseline,Baseline_roms,warning,Pseudo-nitzschia,48,0.72781,0.83946,0.67956,0.78344
Baseline,Baseline_roms,warning,Pseudo-nitzschia,49,0.74839,0.8304,0.65909,0.86567
C2RCC,C2RCC_only,warning,Alexandrium_catenella,0,0.57678,0.64667,0.5461,0.61111
C2RCC,C2RCC_only,warning,Alexandrium_catenella,1,0.50633,0.62423,0.41958,0.6383
C2RCC,C2RCC_only,warning,Alexandrium_catenella,2,0.5259,0.62771,0.44898,0.63462
C2RCC,C2RCC_only,warning,Alexandrium_catenella,3,0.55862,0.66891,0.47093,0.68644
C2RCC,C2RCC_only,warning,Alexandrium_catenella,4,0.53696,0.63139,0.46,0.64486
C2RCC,C2RCC_only,warning,Alexandrium_catenella,5,0.52991,0.6226,0.44604,0.65263
C2RCC,C2RCC_only,warning,Alexandrium_catenella,6,0.49302,0.5945,0.3985,0.64634
C2RCC,C2RCC_only,warning,Alexandrium_catenella,7,0.61538,0.66386,0.53333,0.72727
C2RCC,C2RCC_only,warning,Alexandrium_catenella,8,0.59848,0.68746,0.51634,0.71171
C2RCC,C2RCC_only,warning,Alexandrium_catenella,9,0.55061,0.60595,0.48227,0.64151
C2RCC,C2RCC_only,warning,Alexandrium_catenella,10,0.56911,0.67115,0.48951,0.67961
C2RCC,C2RCC_only,warning,Alexandrium_catenella,11,0.5368,0.63755,0.44928,0.66667
C2RCC,C2RCC_only,warning,Alexandrium_catenella,12,0.56769,0.59947,0.50388,0.65
C2RCC,C2RCC_only,warning,Alexandrium_catenella,13,0.52336,0.60457,0.47458,0.58333
C2RCC,C2RCC_only,warning,Alexandrium_catenella,14,0.58874,0.7085,0.48571,0.74725
C2RCC,C2RCC_only,warning,Alexandrium_catenella,15,0.52918,0.60924,0.47222,0.60177
C2RCC,C2RCC_only,warning,Alexandrium_catenella,16,0.57143,0.66513,0.53623,0.61157
C2RCC,C2RCC_only,warning,Alexandrium_catenella,17,0.56349,0.61454,0.49306,0.65741
C2RCC,C2RCC_only,warning,Alexandrium_catenella,18,0.58779,0.6687,0.50658,0.7
C2RCC,C2RCC_only,warning,Alexandrium_catenella,19,0.52033,0.65066,0.4507,0.61538
C2RCC,C2RCC_only,warning,Alexandrium_catenella,20,0.607,0.69302,0.54545,0.68421
C2RCC,C2RCC_only,warning,Alexandrium_catenella,21,0.54412,0.60181,0.44578,0.69811
C2RCC,C2RCC_only,warning,Alexandrium_catenella,22,0.55372,0.64733,0.4527,0.71277
C2RCC,C2RCC_only,warning,Alexandrium_catenella,23,0.62406,0.70425,0.59712,0.65354
C2RCC,C2RCC_only,warning,Alexandrium_catenella,24,0.51737,0.61364,0.4527,0.6036
C2RCC,C2RCC_only,warning,Alexandrium_catenella,25,0.46637,0.58794,0.4031,0.55319
C2RCC,C2RCC_only,warning,Alexandrium_catenella,26,0.51304,0.61315,0.42143,0.65556
C2RCC,C2RCC_only,warning,Alexandrium_catenella,27,0.57258,0.61922,0.51449,0.64545
C2RCC,C2RCC_only,warning,Alexandrium_catenella,28,0.58065,0.60406,0.50704,0.67925
C2RCC,C2RCC_only,warning,Alexandrium_catenella,29,0.56489,0.65208,0.5034,0.64348
C2RCC,C2RCC_only,warning,Alexandrium_catenella,30,0.52101,0.62744,0.44604,0.62626
C2RCC,C2RCC_only,warning,Alexandrium_catenella,31,0.50679,0.5632,0.43077,0.61538
C2RCC,C2RCC_only,warning,Alexandrium_catenella,32,0.58776,0.66776,0.48649,0.74227
C2RCC,C2RCC_only,warning,Alexandrium_catenella,33,0.60729,0.69229,0.53957,0.69444
C2RCC,C2RCC_only,warning,Alexandrium_catenella,34,0.58667,0.68487,0.49624,0.71739
C2RCC,C2RCC_only,warning,Alexandrium_catenella,35,0.56604,0.67982,0.5,0.65217
C2RCC,C2RCC_only,warning,Alexandrium_catenella,36,0.5,0.58222,0.39355,0.68539
C2RCC,C2RCC_only,warning,Alexandrium_catenella,37,0.55507,0.65688,0.48462,0.64948
C2RCC,C2RCC_only,warning,Alexandrium_catenella,38,0.58868,0.64302,0.54167,0.64463
C2RCC,C2RCC_only,warning,Alexandrium_catenella,39,0.55513,0.62184,0.51773,0.59836
C2RCC,C2RCC_only,warning,Alexandrium_catenella,40,0.53398,0.58312,0.4955,0.57895
C2RCC,C2RCC_only,warning,Alexandrium_catenella,41,0.496,0.58442,0.44286,0.56364
C2RCC,C2RCC_only,warning,Alexandrium_catenella,42,0.5037,0.58626,0.4359,0.59649
C2RCC,C2RCC_only,warning,Alexandrium_catenella,43,0.575,0.64057,0.48252,0.71134
C2RCC,C2RCC_only,warning,Alexandrium_catenella,44,0.54545,0.60835,0.47482,0.64078
C2RCC,C2RCC_only,warning,Alexandrium_catenella,45,0.5748,0.65099,0.51773,0.64602
C2RCC,C2RCC_only,warning,Alexandrium_catenella,46,0.51383,0.62341,0.43046,0.63725
C2RCC,C2RCC_only,warning,Alexandrium_catenella,47,0.47273,0.54728,0.40945,0.55914
C2RCC,C2RCC_only,warning,Alexandrium_catenella,48,0.54545,0.64626,0.49286,0.61062
C2RCC,C2RCC_only,warning,Alexandrium_catenella,49,0.56349,0.6498,0.49306,0.65741
C2RCC,C2RCC_roms,warning,Alexandrium_catenella,0,0.63035,0.7269,0.57447,0.69828
C2RCC,C2RCC_roms,warning,Alexandrium_catenella,1,0.60408,0.71725,0.51748,0.72549
C2RCC,C2RCC_roms,warning,Alexandrium_catenella,2,0.60536,0.67903,0.53741,0.69298
C2RCC,C2RCC_roms,warning,Alexandrium_catenella,3,0.61017,0.71996,0.52326,0.73171
C2RCC,C2RCC_roms,warning,Alexandrium_catenella,4,0.63158,0.71541,0.56,0.72414
C2RCC,C2RCC_roms,warning,Alexandrium_catenella,5,0.59836,0.69824,0.52518,0.69524
C2RCC,C2RCC_roms,warning,Alexandrium_catenella,6,0.56522,0.67171,0.48872,0.6701
C2RCC,C2RCC_roms,warning,Alexandrium_catenella,7,0.65587,0.72352,0.6,0.72321
C2RCC,C2RCC_roms,warning,Alexandrium_catenella,8,0.64419,0.76425,0.56209,0.75439
C2RCC,C2RCC_roms,warning,Alexandrium_catenella,9,0.55814,0.66242,0.51064,0.61538
C2RCC,C2RCC_roms,warning,Alexandrium_catenella,10,0.68441,0.73875,0.62937,0.75
C2RCC,C2RCC_roms,warning,Alexandrium_catenella,11,0.63333,0.71643,0.55072,0.7451
C2RCC,C2RCC_roms,warning,Alexandrium_catenella,12,0.61135,0.66442,0.54264,0.7
C2RCC,C2RCC_roms,warning,Alexandrium_catenella,13,0.61883,0.67616,0.58475,0.65714
C2RCC,C2RCC_roms,warning,Alexandrium_catenella,14,0.67755,0.76039,0.59286,0.79048
C2RCC,C2RCC_roms,warning,Alexandrium_catenella,15,0.60484,0.68853,0.52083,0.72115
C2RCC,C2RCC_roms,warning,Alexandrium_catenella,16,0.68382,0.74502,0.67391,0.69403
C2RCC,C2RCC_roms,warning,Alexandrium_catenella,17,0.59608,0.69881,0.52778,0.68468
C2RCC,C2RCC_roms,warning,Alexandrium_catenella,18,0.62687,0.73657,0.55263,0.72414
C2RCC,C2RCC_roms,warning,Alexandrium_catenella,19,0.61069,0.71294,0.56338,0.66667
C2RCC,C2RCC_roms,warning,Alexandrium_catenella,20,0.63566,0.74594,0.57343,0.71304
C2RCC,C2RCC_roms,warning,Alexandrium_catenella,21,0.6386,0.70857,0.54819,0.76471
C2RCC,C2RCC_roms,warning,Alexandrium_catenella,22,0.59375,0.6976,0.51351,0.7037
C2RCC,C2RCC_roms,warning,Alexandrium_catenella,23,0.66667,0.75321,0.66187,0.67153
C2RCC,C2RCC_roms,warning,Alexandrium_catenella,24,0.59398,0.7038,0.53378,0.66949
C2RCC,C2RCC_roms,warning,Alexandrium_catenella,25,0.58974,0.69082,0.53488,0.65714
C2RCC,C2RCC_roms,warning,Alexandrium_catenella,26,0.57511,0.66663,0.47857,0.72043
C2RCC,C2RCC_roms,warning,Alexandrium_catenella,27,0.59072,0.70425,0.50725,0.70707
C2RCC,C2RCC_roms,warning,Alexandrium_catenella,28,0.59055,0.67199,0.52817,0.66964
C2RCC,C2RCC_roms,warning,Alexandrium_catenella,29,0.62731,0.70879,0.57823,0.68548
C2RCC,C2RCC_roms,warning,Alexandrium_catenella,30,0.61044,0.71425,0.54676,0.69091
C2RCC,C2RCC_roms,warning,Alexandrium_catenella,31,0.58577,0.65881,0.53846,0.6422
C2RCC,C2RCC_roms,warning,Alexandrium_catenella,32,0.62348,0.71957,0.52027,0.77778
C2RCC,C2RCC_roms,warning,Alexandrium_catenella,33,0.6749,0.76165,0.58993,0.78846
C2RCC,C2RCC_roms,warning,Alexandrium_catenella,34,0.62661,0.72937,0.54887,0.73
C2RCC,C2RCC_roms,warning,Alexandrium_catenella,35,0.65637,0.7677,0.56667,0.77982
C2RCC,C2RCC_roms,warning,Alexandrium_catenella,36,0.57471,0.67699,0.48387,0.70755
C2RCC,C2RCC_roms,warning,Alexandrium_catenella,37,0.65789,0.73728,0.57692,0.76531
C2RCC,C2RCC_roms,warning,Alexandrium_catenella,38,0.59786,0.69075,0.58333,0.61314
C2RCC,C2RCC_roms,warning,Alexandrium_catenella,39,0.64591,0.69358,0.58865,0.71552
C2RCC,C2RCC_roms,warning,Alexandrium_catenella,40,0.59813,0.66341,0.57658,0.62136
C2RCC,C2RCC_roms,warning,Alexandrium_catenella,41,0.6171,0.69082,0.59286,0.64341
C2RCC,C2RCC_roms,warning,Alexandrium_catenella,42,0.55019,0.65996,0.47436,0.65487
C2RCC,C2RCC_roms,warning,Alexandrium_catenella,43,0.62948,0.69486,0.55245,0.73148
C2RCC,C2RCC_roms,warning,Alexandrium_catenella,44,0.62903,0.70047,0.56115,0.7156
C2RCC,C2RCC_roms,warning,Alexandrium_catenella,45,0.67717,0.74573,0.60993,0.76106
C2RCC,C2RCC_roms,warning,Alexandrium_catenella,46,0.55253,0.69074,0.4702,0.66981
C2RCC,C2RCC_roms,warning,Alexandrium_catenella,47,0.56769,0.66027,0.51181,0.63725
C2RCC,C2RCC_roms,warning,Alexandrium_catenella,48,0.61832,0.70769,0.57857,0.66393
C2RCC,C2RCC_roms,warning,Alexandrium_catenella,49,0.64639,0.71459,0.59028,0.71429
C2RCC,C2RCC_only,warning,Dinophysis_acuminata,0,0.51007,0.50887,0.48718,0.53521
C2RCC,C2RCC_only,warning,Dinophysis_acuminata,1,0.4714,0.49283,0.4346,0.515
C2RCC,C2RCC_only,warning,Dinophysis_acuminata,2,0.46087,0.47044,0.43443,0.49074
C2RCC,C2RCC_only,warning,Dinophysis_acuminata,3,0.47685,0.52279,0.47907,0.47465
C2RCC,C2RCC_only,warning,Dinophysis_acuminata,4,0.44598,0.48825,0.41453,0.48259
C2RCC,C2RCC_only,warning,Dinophysis_acuminata,5,0.48276,0.51022,0.45652,0.5122
C2RCC,C2RCC_only,warning,Dinophysis_acuminata,6,0.50998,0.55123,0.47325,0.55288
C2RCC,C2RCC_only,warning,Dinophysis_acuminata,7,0.50107,0.45942,0.52232,0.48148
C2RCC,C2RCC_only,warning,Dinophysis_acuminata,8,0.46569,0.45513,0.46341,0.46798
C2RCC,C2RCC_only,warning,Dinophysis_acuminata,9,0.49406,0.47526,0.47273,0.51741
C2RCC,C2RCC_only,warning,Dinophysis_acuminata,10,0.48832,0.51067,0.49356,0.48319
C2RCC,C2RCC_only,warning,Dinophysis_acuminata,11,0.49776,0.54595,0.45868,0.54412
C2RCC,C2RCC_only,warning,Dinophysis_acuminata,12,0.46734,0.50197,0.45813,0.47692
C2RCC,C2RCC_only,warning,Dinophysis_acuminata,13,0.45244,0.5037,0.40367,0.51462
C2RCC,C2RCC_only,warning,Dinophysis_acuminata,14,0.45783,0.51007,0.42035,0.50265
C2RCC,C2RCC_only,warning,Dinophysis_acuminata,15,0.52564,0.56214,0.50617,0.54667
C2RCC,C2RCC_only,warning,Dinophysis_acuminata,16,0.44869,0.46556,0.42727,0.47236
C2RCC,C2RCC_only,warning,Dinophysis_acuminata,17,0.47297,0.48472,0.44304,0.50725
C2RCC,C2RCC_only,warning,Dinophysis_acuminata,18,0.48055,0.4894,0.48837,0.47297
C2RCC,C2RCC_only,warning,Dinophysis_acuminata,19,0.47427,0.4863,0.44167,0.51208
C2RCC,C2RCC_only,warning,Dinophysis_acuminata,20,0.44869,0.49143,0.41964,0.48205
C2RCC,C2RCC_only,warning,Dinophysis_acuminata,21,0.51551,0.51763,0.51185,0.51923
C2RCC,C2RCC_only,warning,Dinophysis_acuminata,22,0.4399,0.4674,0.42574,0.45503
C2RCC,C2RCC_only,warning,Dinophysis_acuminata,23,0.43458,0.43559,0.44076,0.42857
C2RCC,C2RCC_only,warning,Dinophysis_acuminata,24,0.48499,0.51237,0.4646,0.50725
C2RCC,C2RCC_only,warning,Dinophysis_acuminata,25,0.4466,0.46339,0.4532,0.44019
C2RCC,C2RCC_only,warning,Dinophysis_acuminata,26,0.46336,0.49846,0.4375,0.49246
C2RCC,C2RCC_only,warning,Dinophysis_acuminata,27,0.45116,0.49264,0.42174,0.485
C2RCC,C2RCC_only,warning,Dinophysis_acuminata,28,0.50115,0.53248,0.47598,0.52913
C2RCC,C2RCC_only,warning,Dinophysis_acuminata,29,0.49339,0.51589,0.47059,0.51852
C2RCC,C2RCC_only,warning,Dinophysis_acuminata,30,0.47926,0.51456,0.45614,0.50485
C2RCC,C2RCC_only,warning,Dinophysis_acuminata,31,0.48037,0.49817,0.47273,0.48826
C2RCC,C2RCC_only,warning,Dinophysis_acuminata,32,0.49321,0.53994,0.47598,0.51174
C2RCC,C2RCC_only,warning,Dinophysis_acuminata,33,0.45977,0.5013,0.41667,0.51282
C2RCC,C2RCC_only,warning,Dinophysis_acuminata,34,0.44928,0.473,0.43458,0.465
C2RCC,C2RCC_only,warning,Dinophysis_acuminata,35,0.42032,0.44625,0.40265,0.43961
C2RCC,C2RCC_only,warning,Dinophysis_acuminata,36,0.5426,0.5613,0.51709,0.57075
C2RCC,C2RCC_only,warning,Dinophysis_acuminata,37,0.48614,0.50761,0.48101,0.49138
C2RCC,C2RCC_only,warning,Dinophysis_acuminata,38,0.51327,0.57534,0.47154,0.56311
C2RCC,C2RCC_only,warning,Dinophysis_acuminata,39,0.44749,0.46555,0.44144,0.4537
C2RCC,C2RCC_only,warning,Dinophysis_acuminata,40,0.47573,0.47296,0.48039,0.47115
C2RCC,C2RCC_only,warning,Dinophysis_acuminata,41,0.48416,0.49718,0.4693,0.5
C2RCC,C2RCC_only,warning,Dinophysis_acuminata,42,0.53159,0.55244,0.49593,0.57277
C2RCC,C2RCC_only,warning,Dinophysis_acuminata,43,0.48499,0.52823,0.46667,0.50481
C2RCC,C2RCC_only,warning,Dinophysis_acuminata,44,0.46222,0.51777,0.40467,0.53886
C2RCC,C2RCC_only,warning,Dinophysis_acuminata,45,0.48879,0.5147,0.46383,0.51659
C2RCC,C2RCC_only,warning,Dinophysis_acuminata,46,0.51125,0.52715,0.50403,0.51867
C2RCC,C2RCC_only,warning,Dinophysis_acuminata,47,0.46154,0.48383,0.43038,0.49756
C2RCC,C2RCC_only,warning,Dinophysis_acuminata,48,0.48889,0.52551,0.50926,0.47009
C2RCC,C2RCC_only,warning,Dinophysis_acuminata,49,0.48095,0.49436,0.49029,0.47196
C2RCC,C2RCC_roms,warning,Dinophysis_acuminata,0,0.52068,0.5614,0.45726,0.60452
C2RCC,C2RCC_roms,warning,Dinophysis_acuminata,1,0.46117,0.521,0.40084,0.54286
C2RCC,C2RCC_roms,warning,Dinophysis_acuminata,2,0.46897,0.49802,0.41803,0.53403
C2RCC,C2RCC_roms,warning,Dinophysis_acuminata,3,0.50124,0.54787,0.46977,0.53723
C2RCC,C2RCC_roms,warning,Dinophysis_acuminata,4,0.47458,0.51326,0.4188,0.54749
C2RCC,C2RCC_roms,warning,Dinophysis_acuminata,5,0.51597,0.54373,0.45652,0.59322
C2RCC,C2RCC_roms,warning,Dinophysis_acuminata,6,0.52796,0.56517,0.4856,0.57843
C2RCC,C2RCC_roms,warning,Dinophysis_acuminata,7,0.52315,0.52434,0.50446,0.54327
C2RCC,C2RCC_roms,warning,Dinophysis_acuminata,8,0.50133,0.51783,0.45854,0.55294
C2RCC,C2RCC_roms,warning,Dinophysis_acuminata,9,0.5284,0.51974,0.48636,0.57838
C2RCC,C2RCC_roms,warning,Dinophysis_acuminata,10,0.5177,0.54114,0.50215,0.53425
C2RCC,C2RCC_roms,warning,Dinophysis_acuminata,11,0.50718,0.56296,0.43802,0.60227
C2RCC,C2RCC_roms,warning,Dinophysis_acuminata,12,0.48649,0.54121,0.44335,0.53892
C2RCC,C2RCC_roms,warning,Dinophysis_acuminata,13,0.4837,0.51814,0.40826,0.59333
C2RCC,C2RCC_roms,warning,Dinophysis_acuminata,14,0.5,0.56454,0.42035,0.61688
C2RCC,C2RCC_roms,warning,Dinophysis_acuminata,15,0.54176,0.57321,0.49383,0.6
C2RCC,C2RCC_roms,warning,Dinophysis_acuminata,16,0.46348,0.49905,0.41818,0.51977
C2RCC,C2RCC_roms,warning,Dinophysis_acuminata,17,0.48379,0.55074,0.40928,0.59146
C2RCC,C2RCC_roms,warning,Dinophysis_acuminata,18,0.52868,0.56207,0.49302,0.56989
C2RCC,C2RCC_roms,warning,Dinophysis_acuminata,19,0.49275,0.55529,0.425,0.58621
C2RCC,C2RCC_roms,warning,Dinophysis_acuminata,20,0.46512,0.51181,0.40179,0.55215
C2RCC,C2RCC_roms,warning,Dinophysis_acuminata,21,0.49875,0.52472,0.47393,0.52632
C2RCC,C2RCC_roms,warning,Dinophysis_acuminata,22,0.50416,0.51857,0.4505,0.57233
C2RCC,C2RCC_roms,warning,Dinophysis_acuminata,23,0.4557,0.47585,0.42654,0.48913
C2RCC,C2RCC_roms,warning,Dinophysis_acuminata,24,0.46809,0.51721,0.43805,0.50254
C2RCC,C2RCC_roms,warning,Dinophysis_acuminata,25,0.48329,0.48311,0.46305,0.50538
C2RCC,C2RCC_roms,warning,Dinophysis_acuminata,26,0.48608,0.52147,0.42857,0.5614
C2RCC,C2RCC_roms,warning,Dinophysis_acuminata,27,0.48379,0.51629,0.42174,0.56725
C2RCC,C2RCC_roms,warning,Dinophysis_acuminata,28,0.51598,0.56319,0.49345,0.54067
C2RCC,C2RCC_roms,warning,Dinophysis_acuminata,29,0.50816,0.54561,0.45798,0.57068
C2RCC,C2RCC_roms,warning,Dinophysis_acuminata,30,0.50856,0.5334,0.45614,0.57459
C2RCC,C2RCC_roms,warning,Dinophysis_acuminata,31,0.5,0.53098,0.46818,0.53646
C2RCC,C2RCC_roms,warning,Dinophysis_acuminata,32,0.50746,0.57062,0.44541,0.5896
C2RCC,C2RCC_roms,warning,Dinophysis_acuminata,33,0.47595,0.54802,0.39167,0.60645
C2RCC,C2RCC_roms,warning,Dinophysis_acuminata,34,0.47179,0.50603,0.42991,0.52273
C2RCC,C2RCC_roms,warning,Dinophysis_acuminata,35,0.47317,0.49124,0.4292,0.52717
C2RCC,C2RCC_roms,warning,Dinophysis_acuminata,36,0.55746,0.57761,0.48718,0.65143
C2RCC,C2RCC_roms,warning,Dinophysis_acuminata,37,0.46667,0.52838,0.4135,0.53552
C2RCC,C2RCC_roms,warning,Dinophysis_acuminata,38,0.5446,0.58943,0.47154,0.64444
C2RCC,C2RCC_roms,warning,Dinophysis_acuminata,39,0.45178,0.49229,0.4009,0.51744
C2RCC,C2RCC_roms,warning,Dinophysis_acuminata,40,0.5,0.55074,0.44118,0.57692
C2RCC,C2RCC_roms,warning,Dinophysis_acuminata,41,0.50847,0.52899,0.46053,0.56757
C2RCC,C2RCC_roms,warning,Dinophysis_acuminata,42,0.55684,0.58709,0.4878,0.64865
C2RCC,C2RCC_roms,warning,Dinophysis_acuminata,43,0.51724,0.56545,0.46667,0.58011
C2RCC,C2RCC_roms,warning,Dinophysis_acuminata,44,0.47796,0.547,0.40078,0.59195
C2RCC,C2RCC_roms,warning,Dinophysis_acuminata,45,0.51869,0.54864,0.47234,0.57513
C2RCC,C2RCC_roms,warning,Dinophysis_acuminata,46,0.52968,0.57388,0.46774,0.61053
C2RCC,C2RCC_roms,warning,Dinophysis_acuminata,47,0.48931,0.54144,0.4346,0.55978
C2RCC,C2RCC_roms,warning,Dinophysis_acuminata,48,0.50754,0.5438,0.46759,0.55495
C2RCC,C2RCC_roms,warning,Dinophysis_acuminata,49,0.49067,0.51898,0.4466,0.54438
C2RCC,C2RCC_only,warning,Dinophysis_norvegica,0,0.0625,0.14814,0.03896,0.15789
C2RCC,C2RCC_only,warning,Dinophysis_norvegica,1,0.09756,0.14648,0.05797,0.30769
C2RCC,C2RCC_only,warning,Dinophysis_norvegica,2,0.06593,0.16449,0.04,0.1875
C2RCC,C2RCC_only,warning,Dinophysis_norvegica,3,0.02469,0.15322,0.01471,0.07692
C2RCC,C2RCC_only,warning,Dinophysis_norvegica,4,0.06742,0.1303,0.04688,0.12
C2RCC,C2RCC_only,warning,Dinophysis_norvegica,5,0.125,0.14969,0.08696,0.22222
C2RCC,C2RCC_only,warning,Dinophysis_norvegica,6,0.11111,0.16705,0.07463,0.21739
C2RCC,C2RCC_only,warning,Dinophysis_norvegica,7,0.15385,0.15913,0.10127,0.32
C2RCC,C2RCC_only,warning,Dinophysis_norvegica,8,0.075,0.16326,0.04478,0.23077
C2RCC,C2RCC_only,warning,Dinophysis_norvegica,9,0.05195,0.13104,0.03333,0.11765
C2RCC,C2RCC_only,warning,Dinophysis_norvegica,10,0.07059,0.17531,0.04286,0.2
C2RCC,C2RCC_only,warning,Dinophysis_norvegica,11,0.02222,0.12831,0.01316,0.07143
C2RCC,C2RCC_only,warning,Dinophysis_norvegica,12,0.05797,0.13775,0.03333,0.22222
C2RCC,C2RCC_only,warning,Dinophysis_norvegica,13,0.08889,0.12975,0.05797,0.19048
C2RCC,C2RCC_only,warning,Dinophysis_norvegica,14,0.075,0.1325,0.04839,0.16667
C2RCC,C2RCC_only,warning,Dinophysis_norvegica,15,0.06061,0.16018,0.03896,0.13636
C2RCC,C2RCC_only,warning,Dinophysis_norvegica,16,0.11236,0.16752,0.06667,0.35714
C2RCC,C2RCC_only,warning,Dinophysis_norvegica,17,0.09756,0.14306,0.06452,0.2
C2RCC,C2RCC_only,warning,Dinophysis_norvegica,18,0.075,0.15904,0.04688,0.1875
C2RCC,C2RCC_only,warning,Dinophysis_norvegica,19,0.11628,0.14912,0.07463,0.26316
C2RCC,C2RCC_only,warning,Dinophysis_norvegica,20,0.11905,0.14362,0.07463,0.29412
C2RCC,C2RCC_only,warning,Dinophysis_norvegica,21,0.07921,0.15661,0.05,0.19048
C2RCC,C2RCC_only,warning,Dinophysis_norvegica,22,0.10667,0.15266,0.07018,0.22222
C2RCC,C2RCC_only,warning,Dinophysis_norvegica,23,0.07229,0.18802,0.04478,0.1875
C2RCC,C2RCC_only,warning,Dinophysis_norvegica,24,0.075,0.09757,0.05263,0.13043
C2RCC,C2RCC_only,warning,Dinophysis_norvegica,25,0.04211,0.1824,0.02532,0.125
C2RCC,C2RCC_only,warning,Dinophysis_norvegica,26,0.12903,0.16358,0.08571,0.26087
C2RCC,C2RCC_only,warning,Dinophysis_norvegica,27,0.0566,0.13729,0.03947,0.1
C2RCC,C2RCC_only,warning,Dinophysis_norvegica,28,0.10101,0.16922,0.0641,0.2381
C2RCC,C2RCC_only,warning,Dinophysis_norvegica,29,0.09615,0.17152,0.0625,0.20833
C2RCC,C2RCC_only,warning,Dinophysis_norvegica,30,0.12766,0.16733,0.08571,0.25
C2RCC,C2RCC_only,warning,Dinophysis_norvegica,31,0.10959,0.1362,0.07407,0.21053
C2RCC,C2RCC_only,warning,Dinophysis_norvegica,32,0.08333,0.1497,0.05882,0.14286
C2RCC,C2RCC_only,warning,Dinophysis_norvegica,33,0.08989,0.21402,0.05556,0.23529
C2RCC,C2RCC_only,warning,Dinophysis_norvegica,34,0.0,0.1368,0.0,0.0
C2RCC,C2RCC_only,warning,Dinophysis_norvegica,35,0.025,0.09758,0.01754,0.04348
C2RCC,C2RCC_only,warning,Dinophysis_norvegica,36,0.07407,0.12959,0.04688,0.17647
C2RCC,C2RCC_only,warning,Dinophysis_norvegica,37,0.11494,0.16782,0.07353,0.26316
C2RCC,C2RCC_only,warning,Dinophysis_norvegica,38,0.04938,0.16129,0.0303,0.13333
C2RCC,C2RCC_only,warning,Dinophysis_norvegica,39,0.04255,0.16406,0.0274,0.09524
C2RCC,C2RCC_only,warning,Dinophysis_norvegica,40,0.09195,0.1284,0.06349,0.16667
C2RCC,C2RCC_only,warning,Dinophysis_norvegica,41,0.10989,0.14627,0.07246,0.22727
C2RCC,C2RCC_only,warning,Dinophysis_norvegica,42,0.04167,0.14227,0.02667,0.09524
C2RCC,C2RCC_only,warning,Dinophysis_norvegica,43,0.10309,0.16927,0.06757,0.21739
C2RCC,C2RCC_only,warning,Dinophysis_norvegica,44,0.08081,0.12227,0.05634,0.14286
C2RCC,C2RCC_only,warning,Dinophysis_norvegica,45,0.03922,0.13974,0.02353,0.11765
C2RCC,C2RCC_only,warning,Dinophysis_norvegica,46,0.06742,0.1226,0.04478,0.13636
C2RCC,C2RCC_only,warning,Dinophysis_norvegica,47,0.08108,0.15226,0.04762,0.27273
C2RCC,C2RCC_only,warning,Dinophysis_norvegica,48,0.04494,0.16783,0.02899,0.1
C2RCC,C2RCC_only,warning,Dinophysis_norvegica,49,0.12,0.20799,0.07692,0.27273
C2RCC,C2RCC_roms,warning,Dinophysis_norvegica,0,0.08163,0.16364,0.05195,0.19048
C2RCC,C2RCC_roms,warning,Dinophysis_norvegica,1,0.10989,0.19185,0.07246,0.22727
C2RCC,C2RCC_roms,warning,Dinophysis_norvegica,2,0.08163,0.19852,0.05333,0.17391
C2RCC,C2RCC_roms,warning,Dinophysis_norvegica,3,0.08511,0.17677,0.05882,0.15385
C2RCC,C2RCC_roms,warning,Dinophysis_norvegica,4,0.10638,0.15008,0.07812,0.16667
C2RCC,C2RCC_roms,warning,Dinophysis_norvegica,5,0.11881,0.1853,0.08696,0.1875
C2RCC,C2RCC_roms,warning,Dinophysis_norvegica,6,0.10753,0.16518,0.07463,0.19231
C2RCC,C2RCC_roms,warning,Dinophysis_norvegica,7,0.15789,0.21279,0.11392,0.25714
C2RCC,C2RCC_roms,warning,Dinophysis_norvegica,8,0.17284,0.22699,0.10448,0.5
C2RCC,C2RCC_roms,warning,Dinophysis_norvegica,9,0.1519,0.15953,0.1,0.31579
C2RCC,C2RCC_roms,warning,Dinophysis_norvegica,10,0.1978,0.20881,0.12857,0.42857
C2RCC,C2RCC_roms,warning,Dinophysis_norvegica,11,0.08081,0.16741,0.05263,0.17391
C2RCC,C2RCC_roms,warning,Dinophysis_norvegica,12,0.05405,0.19038,0.03333,0.14286
C2RCC,C2RCC_roms,warning,Dinophysis_norvegica,13,0.08889,0.14669,0.05797,0.19048
C2RCC,C2RCC_roms,warning,Dinophysis_norvegica,14,0.04598,0.15241,0.03226,0.08
C2RCC,C2RCC_roms,warning,Dinophysis_norvegica,15,0.16667,0.1922,0.11688,0.29032
C2RCC,C2RCC_roms,warning,Dinophysis_norvegica,16,0.14286,0.20548,0.09333,0.30435
C2RCC,C2RCC_roms,warning,Dinophysis_norvegica,17,0.13793,0.15774,0.09677,0.24
C2RCC,C2RCC_roms,warning,Dinophysis_norvegica,18,0.16667,0.20539,0.10938,0.35
C2RCC,C2RCC_roms,warning,Dinophysis_norvegica,19,0.15054,0.1971,0.10448,0.26923
C2RCC,C2RCC_roms,warning,Dinophysis_norvegica,20,0.15385,0.17353,0.10448,0.29167
C2RCC,C2RCC_roms,warning,Dinophysis_norvegica,21,0.1165,0.18856,0.075,0.26087
C2RCC,C2RCC_roms,warning,Dinophysis_norvegica,22,0.16867,0.16845,0.12281,0.26923
C2RCC,C2RCC_roms,warning,Dinophysis_norvegica,23,0.10989,0.20848,0.07463,0.20833
C2RCC,C2RCC_roms,warning,Dinophysis_norvegica,24,0.06897,0.13287,0.05263,0.1
C2RCC,C2RCC_roms,warning,Dinophysis_norvegica,25,0.05941,0.18149,0.03797,0.13636
C2RCC,C2RCC_roms,warning,Dinophysis_norvegica,26,0.24762,0.24775,0.18571,0.37143
C2RCC,C2RCC_roms,warning,Dinophysis_norvegica,27,0.13333,0.1577,0.09211,0.24138
C2RCC,C2RCC_roms,warning,Dinophysis_norvegica,28,0.14141,0.25397,0.08974,0.33333
C2RCC,C2RCC_roms,warning,Dinophysis_norvegica,29,0.15094,0.22918,0.1,0.30769
C2RCC,C2RCC_roms,warning,Dinophysis_norvegica,30,0.12245,0.19481,0.08571,0.21429
C2RCC,C2RCC_roms,warning,Dinophysis_norvegica,31,0.15584,0.16475,0.11111,0.26087
C2RCC,C2RCC_roms,warning,Dinophysis_norvegica,32,0.12371,0.17288,0.08824,0.2069
C2RCC,C2RCC_roms,warning,Dinophysis_norvegica,33,0.13043,0.19814,0.08333,0.3
C2RCC,C2RCC_roms,warning,Dinophysis_norvegica,34,0.09091,0.19001,0.06452,0.15385
C2RCC,C2RCC_roms,warning,Dinophysis_norvegica,35,0.11905,0.15099,0.08772,0.18519
C2RCC,C2RCC_roms,warning,Dinophysis_norvegica,36,0.09524,0.1649,0.0625,0.2
C2RCC,C2RCC_roms,warning,Dinophysis_norvegica,37,0.17391,0.22145,0.11765,0.33333
C2RCC,C2RCC_roms,warning,Dinophysis_norvegica,38,0.08696,0.17331,0.06061,0.15385
C2RCC,C2RCC_roms,warning,Dinophysis_norvegica,39,0.10101,0.21078,0.06849,0.19231
C2RCC,C2RCC_roms,warning,Dinophysis_norvegica,40,0.10638,0.14001,0.07937,0.16129
C2RCC,C2RCC_roms,warning,Dinophysis_norvegica,41,0.16162,0.18043,0.11594,0.26667
C2RCC,C2RCC_roms,warning,Dinophysis_norvegica,42,0.06122,0.15531,0.04,0.13043
C2RCC,C2RCC_roms,warning,Dinophysis_norvegica,43,0.16327,0.23974,0.10811,0.33333
C2RCC,C2RCC_roms,warning,Dinophysis_norvegica,44,0.14815,0.14841,0.11268,0.21622
C2RCC,C2RCC_roms,warning,Dinophysis_norvegica,45,0.07477,0.17038,0.04706,0.18182
C2RCC,C2RCC_roms,warning,Dinophysis_norvegica,46,0.08511,0.14994,0.0597,0.14815
C2RCC,C2RCC_roms,warning,Dinophysis_norvegica,47,0.07407,0.18606,0.04762,0.16667
C2RCC,C2RCC_roms,warning,Dinophysis_norvegica,48,0.12245,0.20302,0.08696,0.2069
C2RCC,C2RCC_roms,warning,Dinophysis_norvegica,49,0.19608,0.25983,0.12821,0.41667
C2RCC,C2RCC_only,warning,Karenia,0,0.87758,0.9717,0.80624,0.96277
C2RCC,C2RCC_only,warning,Karenia,1,0.88095,0.96889,0.82405,0.94629
C2RCC,C2RCC_only,warning,Karenia,2,0.88962,0.97084,0.84134,0.94379
C2RCC,C2RCC_only,warning,Karenia,3,0.85681,0.95959,0.79348,0.93112
C2RCC,C2RCC_only,warning,Karenia,4,0.87065,0.95828,0.83135,0.91384
C2RCC,C2RCC_only,warning,Karenia,5,0.89968,0.9714,0.85802,0.94558
C2RCC,C2RCC_only,warning,Karenia,6,0.87457,0.95949,0.83516,0.91787
C2RCC,C2RCC_only,warning,Karenia,7,0.87199,0.95702,0.821,0.92973
C2RCC,C2RCC_only,warning,Karenia,8,0.88756,0.96286,0.83747,0.94402
C2RCC,C2RCC_only,warning,Karenia,9,0.90352,0.97291,0.8709,0.93868
C2RCC,C2RCC_only,warning,Karenia,10,0.86643,0.96004,0.79823,0.94737
C2RCC,C2RCC_only,warning,Karenia,11,0.86022,0.96488,0.80178,0.92784
C2RCC,C2RCC_only,warning,Karenia,12,0.91429,0.97469,0.87912,0.95238
C2RCC,C2RCC_only,warning,Karenia,13,0.88278,0.97088,0.8255,0.94859
C2RCC,C2RCC_only,warning,Karenia,14,0.89671,0.97305,0.84701,0.95262
C2RCC,C2RCC_only,warning,Karenia,15,0.88889,0.96856,0.84257,0.94059
C2RCC,C2RCC_only,warning,Karenia,16,0.8829,0.96533,0.82675,0.94724
C2RCC,C2RCC_only,warning,Karenia,17,0.86967,0.96226,0.80659,0.94344
C2RCC,C2RCC_only,warning,Karenia,18,0.87833,0.96591,0.83114,0.9312
C2RCC,C2RCC_only,warning,Karenia,19,0.88278,0.9633,0.83673,0.93418
C2RCC,C2RCC_only,warning,Karenia,20,0.8809,0.97169,0.83761,0.92891
C2RCC,C2RCC_only,warning,Karenia,21,0.87557,0.96559,0.81132,0.95086
C2RCC,C2RCC_only,warning,Karenia,22,0.88058,0.96204,0.84296,0.92172
C2RCC,C2RCC_only,warning,Karenia,23,0.86316,0.95593,0.8059,0.92918
C2RCC,C2RCC_only,warning,Karenia,24,0.88112,0.97088,0.81116,0.96429
C2RCC,C2RCC_only,warning,Karenia,25,0.89461,0.96808,0.85268,0.94089
C2RCC,C2RCC_only,warning,Karenia,26,0.87827,0.9682,0.82128,0.94377
C2RCC,C2RCC_only,warning,Karenia,27,0.875,0.96326,0.81898,0.93924
C2RCC,C2RCC_only,warning,Karenia,28,0.88372,0.97038,0.83516,0.93827
C2RCC,C2RCC_only,warning,Karenia,29,0.87589,0.96536,0.82658,0.93147
C2RCC,C2RCC_only,warning,Karenia,30,0.88969,0.971,0.83937,0.94643
C2RCC,C2RCC_only,warning,Karenia,31,0.8726,0.96868,0.81208,0.94286
C2RCC,C2RCC_only,warning,Karenia,32,0.87082,0.9656,0.79959,0.95599
C2RCC,C2RCC_only,warning,Karenia,33,0.88208,0.96762,0.82198,0.95165
C2RCC,C2RCC_only,warning,Karenia,34,0.90433,0.97574,0.86681,0.94524
C2RCC,C2RCC_only,warning,Karenia,35,0.87765,0.96704,0.82159,0.94192
C2RCC,C2RCC_only,warning,Karenia,36,0.87981,0.9632,0.82432,0.9433
C2RCC,C2RCC_only,warning,Karenia,37,0.89151,0.97136,0.85327,0.93333
C2RCC,C2RCC_only,warning,Karenia,38,0.87216,0.96513,0.80931,0.9456
C2RCC,C2RCC_only,warning,Karenia,39,0.88517,0.96874,0.82405,0.95607
C2RCC,C2RCC_only,warning,Karenia,40,0.8801,0.97091,0.82028,0.94933
C2RCC,C2RCC_only,warning,Karenia,41,0.8854,0.96439,0.84758,0.92677
C2RCC,C2RCC_only,warning,Karenia,42,0.88073,0.96552,0.82937,0.93888
C2RCC,C2RCC_only,warning,Karenia,43,0.88114,0.96432,0.83784,0.92916
C2RCC,C2RCC_only,warning,Karenia,44,0.88914,0.97106,0.82068,0.97007
C2RCC,C2RCC_only,warning,Karenia,45,0.86073,0.96201,0.79215,0.94231
C2RCC,C2RCC_only,warning,Karenia,46,0.8851,0.96722,0.82415,0.95577
C2RCC,C2RCC_only,warning,Karenia,47,0.88787,0.96804,0.85088,0.92823
C2RCC,C2RCC_only,warning,Karenia,48,0.89087,0.97054,0.82988,0.96154
C2RCC,C2RCC_only,warning,Karenia,49,0.87441,0.96681,0.82,0.93655
C2RCC,C2RCC_roms,warning,Karenia,0,0.92005,0.9791,0.88419,0.95894
C2RCC,C2RCC_roms,warning,Karenia,1,0.91429,0.98182,0.89087,0.93897
C2RCC,C2RCC_roms,warning,Karenia,2,0.91927,0.97899,0.89144,0.94889
C2RCC,C2RCC_roms,warning,Karenia,3,0.89545,0.9667,0.85652,0.9381
C2RCC,C2RCC_roms,warning,Karenia,4,0.90488,0.97105,0.88124,0.92982
C2RCC,C2RCC_roms,warning,Karenia,5,0.9234,0.97984,0.90535,0.94218
C2RCC,C2RCC_roms,warning,Karenia,6,0.90439,0.97086,0.88352,0.92627
C2RCC,C2RCC_roms,warning,Karenia,7,0.89988,0.97254,0.86874,0.93333
C2RCC,C2RCC_roms,warning,Karenia,8,0.90141,0.97409,0.86682,0.93888
C2RCC,C2RCC_roms,warning,Karenia,9,0.92564,0.98008,0.91247,0.93919
C2RCC,C2RCC_roms,warning,Karenia,10,0.9124,0.97333,0.88914,0.93692
C2RCC,C2RCC_roms,warning,Karenia,11,0.89885,0.97262,0.87082,0.92874
C2RCC,C2RCC_roms,warning,Karenia,12,0.92547,0.98169,0.91429,0.93694
C2RCC,C2RCC_roms,warning,Karenia,13,0.90722,0.97602,0.88591,0.92958
C2RCC,C2RCC_roms,warning,Karenia,14,0.91977,0.98092,0.90244,0.93779
C2RCC,C2RCC_roms,warning,Karenia,15,0.92446,0.9764,0.90909,0.94037
C2RCC,C2RCC_roms,warning,Karenia,16,0.91759,0.97805,0.90351,0.93213
C2RCC,C2RCC_roms,warning,Karenia,17,0.90308,0.97066,0.87033,0.93839
C2RCC,C2RCC_roms,warning,Karenia,18,0.9093,0.97676,0.87939,0.94131
C2RCC,C2RCC_roms,warning,Karenia,19,0.91792,0.97721,0.90023,0.93632
C2RCC,C2RCC_roms,warning,Karenia,20,0.92803,0.9822,0.92308,0.93305
C2RCC,C2RCC_roms,warning,Karenia,21,0.90429,0.97459,0.86164,0.95139
C2RCC,C2RCC_roms,warning,Karenia,22,0.90035,0.97452,0.88684,0.91429
C2RCC,C2RCC_roms,warning,Karenia,23,0.89962,0.96456,0.86978,0.93158
C2RCC,C2RCC_roms,warning,Karenia,24,0.91153,0.98112,0.87339,0.95316
C2RCC,C2RCC_roms,warning,Karenia,25,0.92063,0.97687,0.90625,0.93548
C2RCC,C2RCC_roms,warning,Karenia,26,0.90308,0.97763,0.87234,0.93607
C2RCC,C2RCC_roms,warning,Karenia,27,0.91073,0.97444,0.88962,0.93287
C2RCC,C2RCC_roms,warning,Karenia,28,0.92446,0.98158,0.9011,0.94907
C2RCC,C2RCC_roms,warning,Karenia,29,0.90867,0.9764,0.88514,0.93349
C2RCC,C2RCC_roms,warning,Karenia,30,0.92308,0.98077,0.9095,0.93706
C2RCC,C2RCC_roms,warning,Karenia,31,0.90764,0.97761,0.89038,0.92558
C2RCC,C2RCC_roms,warning,Karenia,32,0.90323,0.97783,0.8589,0.95238
C2RCC,C2RCC_roms,warning,Karenia,33,0.91468,0.97964,0.88352,0.94811
C2RCC,C2RCC_roms,warning,Karenia,34,0.92342,0.98224,0.9083,0.93905
C2RCC,C2RCC_roms,warning,Karenia,35,0.91013,0.97948,0.88106,0.94118
C2RCC,C2RCC_roms,warning,Karenia,36,0.91811,0.97697,0.8964,0.9409
C2RCC,C2RCC_roms,warning,Karenia,37,0.91514,0.98029,0.90068,0.93007
C2RCC,C2RCC_roms,warning,Karenia,38,0.91954,0.97924,0.88692,0.95465
C2RCC,C2RCC_roms,warning,Karenia,39,0.90846,0.97968,0.87305,0.94686
C2RCC,C2RCC_roms,warning,Karenia,40,0.92217,0.98265,0.90092,0.94444
C2RCC,C2RCC_roms,warning,Karenia,41,0.90866,0.9748,0.88453,0.93415
C2RCC,C2RCC_roms,warning,Karenia,42,0.90088,0.97461,0.88337,0.9191
C2RCC,C2RCC_roms,warning,Karenia,43,0.9059,0.97596,0.88698,0.92564
C2RCC,C2RCC_roms,warning,Karenia,44,0.92155,0.98092,0.87975,0.96752
C2RCC,C2RCC_roms,warning,Karenia,45,0.89234,0.97343,0.86143,0.92556
C2RCC,C2RCC_roms,warning,Karenia,46,0.91347,0.97696,0.88347,0.94558
C2RCC,C2RCC_roms,warning,Karenia,47,0.90788,0.97855,0.89693,0.9191
C2RCC,C2RCC_roms,warning,Karenia,48,0.90948,0.97699,0.87552,0.94619
C2RCC,C2RCC_roms,warning,Karenia,49,0.9128,0.97844,0.89556,0.93072
C2RCC,C2RCC_only,warning,Pseudo-nitzschia,0,0.60556,0.70215,0.53695,0.69427
C2RCC,C2RCC_only,warning,Pseudo-nitzschia,1,0.64848,0.72801,0.58791,0.72297
C2RCC,C2RCC_only,warning,Pseudo-nitzschia,2,0.59547,0.68322,0.54438,0.65714
C2RCC,C2RCC_only,warning,Pseudo-nitzschia,3,0.66261,0.7299,0.60221,0.73649
C2RCC,C2RCC_only,warning,Pseudo-nitzschia,4,0.62718,0.67039,0.58065,0.68182
C2RCC,C2RCC_only,warning,Pseudo-nitzschia,5,0.69103,0.73148,0.67974,0.7027
C2RCC,C2RCC_only,warning,Pseudo-nitzschia,6,0.6519,0.72794,0.60234,0.71034
C2RCC,C2RCC_only,warning,Pseudo-nitzschia,7,0.63666,0.70004,0.55932,0.73881
C2RCC,C2RCC_only,warning,Pseudo-nitzschia,8,0.66667,0.74641,0.62712,0.71154
C2RCC,C2RCC_only,warning,Pseudo-nitzschia,9,0.63889,0.71589,0.57143,0.72441
C2RCC,C2RCC_only,warning,Pseudo-nitzschia,10,0.64052,0.69272,0.59036,0.7
C2RCC,C2RCC_only,warning,Pseudo-nitzschia,11,0.62821,0.72924,0.56647,0.70504
C2RCC,C2RCC_only,warning,Pseudo-nitzschia,12,0.65957,0.72502,0.57764,0.7686
C2RCC,C2RCC_only,warning,Pseudo-nitzschia,13,0.64865,0.73181,0.58537,0.72727
C2RCC,C2RCC_only,warning,Pseudo-nitzschia,14,0.65605,0.74389,0.58523,0.74638
C2RCC,C2RCC_only,warning,Pseudo-nitzschia,15,0.6414,0.69564,0.58201,0.71429
C2RCC,C2RCC_only,warning,Pseudo-nitzschia,16,0.63871,0.71843,0.54396,0.77344
C2RCC,C2RCC_only,warning,Pseudo-nitzschia,17,0.6,0.7231,0.50794,0.73282
C2RCC,C2RCC_only,warning,Pseudo-nitzschia,18,0.66667,0.76303,0.57303,0.79688
C2RCC,C2RCC_only,warning,Pseudo-nitzschia,19,0.64026,0.74837,0.57396,0.72388
C2RCC,C2RCC_only,warning,Pseudo-nitzschia,20,0.65231,0.72536,0.57609,0.75177
C2RCC,C2RCC_only,warning,Pseudo-nitzschia,21,0.62667,0.71334,0.54335,0.74016
C2RCC,C2RCC_only,warning,Pseudo-nitzschia,22,0.65846,0.77001,0.56915,0.78102
C2RCC,C2RCC_only,warning,Pseudo-nitzschia,23,0.67847,0.76084,0.63187,0.73248
C2RCC,C2RCC_only,warning,Pseudo-nitzschia,24,0.64808,0.7007,0.61184,0.68889
C2RCC,C2RCC_only,warning,Pseudo-nitzschia,25,0.68406,0.78555,0.60825,0.78146
C2RCC,C2RCC_only,warning,Pseudo-nitzschia,26,0.60131,0.71814,0.54438,0.67153
C2RCC,C2RCC_only,warning,Pseudo-nitzschia,27,0.68249,0.78425,0.58673,0.8156
C2RCC,C2RCC_only,warning,Pseudo-nitzschia,28,0.63924,0.70655,0.58382,0.70629
C2RCC,C2RCC_only,warning,Pseudo-nitzschia,29,0.66077,0.77785,0.57732,0.77241
C2RCC,C2RCC_only,warning,Pseudo-nitzschia,30,0.64557,0.73455,0.56983,0.74453
C2RCC,C2RCC_only,warning,Pseudo-nitzschia,31,0.6135,0.70778,0.54945,0.69444
C2RCC,C2RCC_only,warning,Pseudo-nitzschia,32,0.66875,0.74147,0.59777,0.75887
C2RCC,C2RCC_only,warning,Pseudo-nitzschia,33,0.63898,0.70827,0.5618,0.74074
C2RCC,C2RCC_only,warning,Pseudo-nitzschia,34,0.62264,0.71214,0.57225,0.68276
C2RCC,C2RCC_only,warning,Pseudo-nitzschia,35,0.55591,0.67492,0.48066,0.65909
C2RCC,C2RCC_only,warning,Pseudo-nitzschia,36,0.63804,0.75766,0.53333,0.79389
C2RCC,C2RCC_only,warning,Pseudo-nitzschia,37,0.62821,0.68382,0.57988,0.68531
C2RCC,C2RCC_only,warning,Pseudo-nitzschia,38,0.66225,0.76949,0.57803,0.77519
C2RCC,C2RCC_only,warning,Pseudo-nitzschia,39,0.60815,0.71555,0.5419,0.69286
C2RCC,C2RCC_only,warning,Pseudo-nitzschia,40,0.68553,0.75495,0.60556,0.78986
C2RCC,C2RCC_only,warning,Pseudo-nitzschia,41,0.63462,0.72708,0.55307,0.74436
C2RCC,C2RCC_only,warning,Pseudo-nitzschia,42,0.63975,0.73604,0.55978,0.74638
C2RCC,C2RCC_only,warning,Pseudo-nitzschia,43,0.6383,0.7298,0.55556,0.75
C2RCC,C2RCC_only,warning,Pseudo-nitzschia,44,0.62733,0.70339,0.56111,0.71127
C2RCC,C2RCC_only,warning,Pseudo-nitzschia,45,0.61392,0.73082,0.54802,0.69784
C2RCC,C2RCC_only,warning,Pseudo-nitzschia,46,0.62644,0.69789,0.56477,0.70323
C2RCC,C2RCC_only,warning,Pseudo-nitzschia,47,0.68862,0.74981,0.63536,0.75163
C2RCC,C2RCC_only,warning,Pseudo-nitzschia,48,0.65839,0.75245,0.58564,0.75177
C2RCC,C2RCC_only,warning,Pseudo-nitzschia,49,0.65574,0.76049,0.56818,0.77519
C2RCC,C2RCC_roms,warning,Pseudo-nitzschia,0,0.71875,0.80392,0.6798,0.76243
C2RCC,C2RCC_roms,warning,Pseudo-nitzschia,1,0.74783,0.82798,0.70879,0.79141
C2RCC,C2RCC_roms,warning,Pseudo-nitzschia,2,0.69401,0.75592,0.65089,0.74324
C2RCC,C2RCC_roms,warning,Pseudo-nitzschia,3,0.74302,0.82526,0.73481,0.75141
C2RCC,C2RCC_roms,warning,Pseudo-nitzschia,4,0.73026,0.77366,0.71613,0.74497
C2RCC,C2RCC_roms,warning,Pseudo-nitzschia,5,0.71613,0.80611,0.72549,0.70701
C2RCC,C2RCC_roms,warning,Pseudo-nitzschia,6,0.74847,0.81348,0.71345,0.7871
C2RCC,C2RCC_roms,warning,Pseudo-nitzschia,7,0.73373,0.80472,0.70056,0.77019
C2RCC,C2RCC_roms,warning,Pseudo-nitzschia,8,0.74928,0.85075,0.73446,0.76471
C2RCC,C2RCC_roms,warning,Pseudo-nitzschia,9,0.72241,0.79945,0.67081,0.78261
C2RCC,C2RCC_roms,warning,Pseudo-nitzschia,10,0.73112,0.7881,0.72892,0.73333
C2RCC,C2RCC_roms,warning,Pseudo-nitzschia,11,0.74699,0.83101,0.71676,0.77987
C2RCC,C2RCC_roms,warning,Pseudo-nitzschia,12,0.75839,0.825,0.70186,0.82482
C2RCC,C2RCC_roms,warning,Pseudo-nitzschia,13,0.76677,0.85352,0.73171,0.80537
C2RCC,C2RCC_roms,warning,Pseudo-nitzschia,14,0.74052,0.82484,0.72159,0.76048
C2RCC,C2RCC_roms,warning,Pseudo-nitzschia,15,0.7377,0.82336,0.71429,0.76271
C2RCC,C2RCC_roms,warning,Pseudo-nitzschia,16,0.74636,0.8307,0.7033,0.79503
C2RCC,C2RCC_roms,warning,Pseudo-nitzschia,17,0.70588,0.83946,0.63492,0.7947
C2RCC,C2RCC_roms,warning,Pseudo-nitzschia,18,0.76364,0.84079,0.70787,0.82895
C2RCC,C2RCC_roms,warning,Pseudo-nitzschia,19,0.77743,0.86894,0.73373,0.82667
C2RCC,C2RCC_roms,warning,Pseudo-nitzschia,20,0.75942,0.81746,0.71196,0.81366
C2RCC,C2RCC_roms,warning,Pseudo-nitzschia,21,0.71975,0.80577,0.65318,0.80142
C2RCC,C2RCC_roms,warning,Pseudo-nitzschia,22,0.76966,0.86835,0.72872,0.81548
C2RCC,C2RCC_roms,warning,Pseudo-nitzschia,23,0.7851,0.85355,0.75275,0.82036
C2RCC,C2RCC_roms,warning,Pseudo-nitzschia,24,0.69737,0.77265,0.69737,0.69737
C2RCC,C2RCC_roms,warning,Pseudo-nitzschia,25,0.80729,0.8651,0.79897,0.81579
C2RCC,C2RCC_roms,warning,Pseudo-nitzschia,26,0.73556,0.82699,0.71598,0.75625
C2RCC,C2RCC_roms,warning,Pseudo-nitzschia,27,0.74928,0.83785,0.66327,0.86093
C2RCC,C2RCC_roms,warning,Pseudo-nitzschia,28,0.72289,0.80005,0.69364,0.75472
C2RCC,C2RCC_roms,warning,Pseudo-nitzschia,29,0.74586,0.8465,0.69588,0.80357
C2RCC,C2RCC_roms,warning,Pseudo-nitzschia,30,0.75595,0.81783,0.7095,0.80892
C2RCC,C2RCC_roms,warning,Pseudo-nitzschia,31,0.76111,0.81535,0.75275,0.76966
C2RCC,C2RCC_roms,warning,Pseudo-nitzschia,32,0.74269,0.82272,0.7095,0.77914
C2RCC,C2RCC_roms,warning,Pseudo-nitzschia,33,0.72611,0.81925,0.64045,0.83824
C2RCC,C2RCC_roms,warning,Pseudo-nitzschia,34,0.71642,0.82261,0.69364,0.74074
C2RCC,C2RCC_roms,warning,Pseudo-nitzschia,35,0.68235,0.80236,0.64088,0.72956
C2RCC,C2RCC_roms,warning,Pseudo-nitzschia,36,0.76033,0.85575,0.70769,0.82143
C2RCC,C2RCC_roms,warning,Pseudo-nitzschia,37,0.72671,0.81698,0.69231,0.76471
C2RCC,C2RCC_roms,warning,Pseudo-nitzschia,38,0.7707,0.84762,0.69942,0.85816
C2RCC,C2RCC_roms,warning,Pseudo-nitzschia,39,0.70732,0.7967,0.64804,0.77852
C2RCC,C2RCC_roms,warning,Pseudo-nitzschia,40,0.77143,0.84226,0.75,0.79412
C2RCC,C2RCC_roms,warning,Pseudo-nitzschia,41,0.7234,0.84347,0.6648,0.79333
C2RCC,C2RCC_roms,warning,Pseudo-nitzschia,42,0.7362,0.84446,0.65217,0.84507
C2RCC,C2RCC_roms,warning,Pseudo-nitzschia,43,0.71622,0.82265,0.65432,0.79104
C2RCC,C2RCC_roms,warning,Pseudo-nitzschia,44,0.7093,0.7872,0.67778,0.7439
C2RCC,C2RCC_roms,warning,Pseudo-nitzschia,45,0.72941,0.83786,0.70056,0.76074
C2RCC,C2RCC_roms,warning,Pseudo-nitzschia,46,0.74194,0.83045,0.71503,0.77095
C2RCC,C2RCC_roms,warning,Pseudo-nitzschia,47,0.75073,0.84457,0.70718,0.8
C2RCC,C2RCC_roms,warning,Pseudo-nitzschia,48,0.76744,0.85446,0.72928,0.80982
C2RCC,C2RCC_roms,warning,Pseudo-nitzschia,49,0.7439,0.83781,0.69318,0.80263
