,location_id,latitude,longitude,obs_date,dataset_name
0,19394123,41.325,-70.566,20180101,Martha's Vineyard Coastal Observatory
1,78310702,41.57,-71.41,20180101,GSO Dock
2,19394123,41.325,-70.566,20180102,Martha's Vineyard Coastal Observatory
3,78310702,41.57,-71.41,20180102,GSO Dock
4,19394123,41.325,-70.566,20180105,Martha's Vineyard Coastal Observatory
5,19394123,41.325,-70.566,20180106,Martha's Vineyard Coastal Observatory
6,19394123,41.325,-70.566,20180107,Martha's Vineyard Coastal Observatory
7,19394123,41.325,-70.566,20180108,Martha's Vineyard Coastal Observatory
8,19394123,41.325,-70.566,20180109,Martha's Vineyard Coastal Observatory
9,19394123,41.325,-70.566,20180110,Martha's Vineyard Coastal Observatory
10,19394123,41.325,-70.566,20180122,Martha's Vineyard Coastal Observatory
11,19394123,41.325,-70.566,20180123,Martha's Vineyard Coastal Observatory
12,19394123,41.325,-70.566,20180124,Martha's Vineyard Coastal Observatory
13,19394123,41.325,-70.566,20180125,Martha's Vineyard Coastal Observatory
14,19394123,41.325,-70.566,20180126,Martha's Vineyard Coastal Observatory
15,78310702,41.57,-71.41,20180126,GSO Dock
16,19394123,41.325,-70.566,20180127,Martha's Vineyard Coastal Observatory
17,78310702,41.57,-71.41,20180127,GSO Dock
18,19394123,41.325,-70.566,20180129,Martha's Vineyard Coastal Observatory
19,78310702,41.57,-71.41,20180129,GSO Dock
20,19394123,41.325,-70.566,20180130,Martha's Vineyard Coastal Observatory
21,78310702,41.57,-71.41,20180130,GSO Dock
22,19394123,41.325,-70.566,20180131,Martha's Vineyard Coastal Observatory
23,78310702,41.57,-71.41,20180131,GSO Dock
24,19394123,41.325,-70.566,20180201,Martha's Vineyard Coastal Observatory
25,78310702,41.57,-71.41,20180201,GSO Dock
26,19394123,41.325,-70.566,20180202,Martha's Vineyard Coastal Observatory
27,78310702,41.57,-71.41,20180202,GSO Dock
28,19394123,41.325,-70.566,20180203,Martha's Vineyard Coastal Observatory
29,78310702,41.57,-71.41,20180203,GSO Dock
30,19394123,41.325,-70.566,20180204,Martha's Vineyard Coastal Observatory
31,78310702,41.57,-71.41,20180204,GSO Dock
32,19394123,41.325,-70.566,20180205,Martha's Vineyard Coastal Observatory
33,78310702,41.57,-71.41,20180205,GSO Dock
34,19394123,41.325,-70.566,20180206,Martha's Vineyard Coastal Observatory
35,78310702,41.57,-71.41,20180206,GSO Dock
36,19394123,41.325,-70.566,20180207,Martha's Vineyard Coastal Observatory
37,78310702,41.57,-71.41,20180207,GSO Dock
38,19394123,41.325,-70.566,20180208,Martha's Vineyard Coastal Observatory
39,78310702,41.57,-71.41,20180208,GSO Dock
40,19394123,41.325,-70.566,20180209,Martha's Vineyard Coastal Observatory
41,78310702,41.57,-71.41,20180209,GSO Dock
42,19394123,41.325,-70.566,20180210,Martha's Vineyard Coastal Observatory
43,78310702,41.57,-71.41,20180210,GSO Dock
44,19394123,41.325,-70.566,20180211,Martha's Vineyard Coastal Observatory
45,78310702,41.57,-71.41,20180211,GSO Dock
46,19394123,41.325,-70.566,20180212,Martha's Vineyard Coastal Observatory
47,19394123,41.325,-70.566,20180213,Martha's Vineyard Coastal Observatory
48,19394123,41.325,-70.566,20180214,Martha's Vineyard Coastal Observatory
49,19394123,41.325,-70.566,20180215,Martha's Vineyard Coastal Observatory
50,19394123,41.325,-70.566,20180216,Martha's Vineyard Coastal Observatory
51,19394123,41.325,-70.566,20180217,Martha's Vineyard Coastal Observatory
52,19394123,41.325,-70.566,20180218,Martha's Vineyard Coastal Observatory
53,19394123,41.325,-70.566,20180219,Martha's Vineyard Coastal Observatory
54,19394123,41.325,-70.566,20180220,Martha's Vineyard Coastal Observatory
55,19394123,41.325,-70.566,20180221,Martha's Vineyard Coastal Observatory
56,19394123,41.325,-70.566,20180222,Martha's Vineyard Coastal Observatory
57,19394123,41.325,-70.566,20180223,Martha's Vineyard Coastal Observatory
58,19394123,41.325,-70.566,20180224,Martha's Vineyard Coastal Observatory
59,19394123,41.325,-70.566,20180225,Martha's Vineyard Coastal Observatory
60,19394123,41.325,-70.566,20180226,Martha's Vineyard Coastal Observatory
61,19394123,41.325,-70.566,20180227,Martha's Vineyard Coastal Observatory
62,19394123,41.325,-70.566,20180228,Martha's Vineyard Coastal Observatory
63,19394123,41.325,-70.566,20180510,Martha's Vineyard Coastal Observatory
64,62950397,43.781,-69.975,20180510,Bowdoin College (SCSC)
65,78310702,41.57,-71.41,20180510,GSO Dock
66,19394123,41.325,-70.566,20180511,Martha's Vineyard Coastal Observatory
67,78310702,41.57,-71.41,20180511,GSO Dock
68,19394123,41.325,-70.566,20180512,Martha's Vineyard Coastal Observatory
69,78310702,41.57,-71.41,20180512,GSO Dock
70,19394123,41.325,-70.566,20180513,Martha's Vineyard Coastal Observatory
71,62950397,43.781,-69.975,20180513,Bowdoin College (SCSC)
72,78310702,41.57,-71.41,20180513,GSO Dock
73,19394123,41.325,-70.566,20180514,Martha's Vineyard Coastal Observatory
74,62950397,43.781,-69.975,20180514,Bowdoin College (SCSC)
75,78310702,41.57,-71.41,20180514,GSO Dock
76,19394123,41.325,-70.566,20180515,Martha's Vineyard Coastal Observatory
77,62950397,43.781,-69.975,20180515,Bowdoin College (SCSC)
78,78310702,41.57,-71.41,20180515,GSO Dock
79,19394123,41.325,-70.566,20180516,Martha's Vineyard Coastal Observatory
80,62950397,43.781,-69.975,20180516,Bowdoin College (SCSC)
81,78310702,41.57,-71.41,20180516,GSO Dock
82,19394123,41.325,-70.566,20180517,Martha's Vineyard Coastal Observatory
83,62950397,43.781,-69.975,20180517,Bowdoin College (SCSC)
84,78310702,41.57,-71.41,20180517,GSO Dock
85,19394123,41.325,-70.566,20180518,Martha's Vineyard Coastal Observatory
86,62950397,43.781,-69.975,20180518,Bowdoin College (SCSC)
87,78310702,41.57,-71.41,20180518,GSO Dock
88,19394123,41.325,-70.566,20180519,Martha's Vineyard Coastal Observatory
89,62950397,43.781,-69.975,20180519,Bowdoin College (SCSC)
90,78310702,41.57,-71.41,20180519,GSO Dock
91,19394123,41.325,-70.566,20180520,Martha's Vineyard Coastal Observatory
92,62950397,43.781,-69.975,20180520,Bowdoin College (SCSC)
93,19394123,41.325,-70.566,20180521,Martha's Vineyard Coastal Observatory
94,62950397,43.781,-69.975,20180521,Bowdoin College (SCSC)
95,78310702,41.57,-71.41,20180521,GSO Dock
96,19394123,41.325,-70.566,20180522,Martha's Vineyard Coastal Observatory
97,62950397,43.781,-69.975,20180522,Bowdoin College (SCSC)
98,78310702,41.57,-71.41,20180522,GSO Dock
99,03179507,40.9276,-70.6214,20180523,NESLTER broadscale
100,05442083,41.0026,-70.6197,20180523,NESLTER broadscale
101,05508918,41.1558,-70.6569,20180523,NESLTER broadscale
102,18556827,41.1573,-70.5057,20180523,NESLTER broadscale
103,19394123,41.325,-70.566,20180523,Martha's Vineyard Coastal Observatory
104,21655186,41.1018,-70.6209,20180523,NESLTER broadscale
105,33144094,41.142,-70.548,20180523,NESLTER broadscale
106,42251477,41.1653,-70.6708,20180523,NESLTER broadscale
107,62950397,43.781,-69.975,20180523,Bowdoin College (SCSC)
108,65440586,41.1843,-70.7685,20180523,NESLTER broadscale
109,71306517,41.0781,-70.6179,20180523,NESLTER broadscale
110,78310702,41.57,-71.41,20180523,GSO Dock
111,80329411,41.1079,-70.6186,20180523,NESLTER broadscale
112,96275992,41.16,-70.5569,20180523,NESLTER broadscale
113,01304762,39.9022,-70.7469,20180524,NESLTER broadscale
114,01670454,40.1628,-70.4203,20180524,NESLTER broadscale
115,02411882,40.6826,-71.206,20180524,NESLTER broadscale
116,02694504,39.9863,-70.9064,20180524,NESLTER broadscale
117,03630529,40.029,-70.6114,20180524,NESLTER broadscale
118,08536519,40.7761,-70.6248,20180524,NESLTER broadscale
119,09773614,40.2157,-70.5015,20180524,NESLTER broadscale
120,12386945,40.3352,-70.7498,20180524,NESLTER broadscale
121,13959158,39.9449,-70.8277,20180524,NESLTER broadscale
122,19394123,41.325,-70.566,20180524,Martha's Vineyard Coastal Observatory
123,19513065,40.061,-70.5528,20180524,NESLTER broadscale
124,21753377,40.4869,-70.8438,20180524,NESLTER broadscale
125,22098411,40.317,-71.0908,20180524,NESLTER broadscale
126,23729634,40.4097,-70.9158,20180524,NESLTER broadscale
127,26964168,40.3738,-70.8353,20180524,NESLTER broadscale
128,29987534,40.9027,-71.271,20180524,NESLTER broadscale
129,30593783,41.3719,-71.357,20180524,NESLTER broadscale
130,32373127,40.1152,-70.4853,20180524,NESLTER broadscale
131,36820131,40.2572,-70.5848,20180524,NESLTER broadscale
132,37318398,40.6415,-70.6168,20180524,NESLTER broadscale
133,37970972,40.5408,-70.7476,20180524,NESLTER broadscale
134,38649772,41.4289,-71.3847,20180524,NESLTER broadscale
135,43146549,40.4619,-71.1351,20180524,NESLTER broadscale
136,43988661,40.7002,-70.6245,20180524,NESLTER broadscale
137,46467516,40.033,-70.607,20180524,NESLTER broadscale
138,46794801,40.1734,-70.4189,20180524,NESLTER broadscale
139,47412654,40.0329,-70.5939,20180524,NESLTER broadscale
140,48216472,40.4306,-70.8989,20180524,NESLTER broadscale
141,49660266,41.2961,-71.3557,20180524,NESLTER broadscale
142,53368519,40.6607,-70.6251,20180524,NESLTER broadscale
143,58682686,40.656,-70.622,20180524,NESLTER broadscale
144,60264026,40.6088,-71.1859,20180524,NESLTER broadscale
145,62950397,43.781,-69.975,20180524,Bowdoin College (SCSC)
146,64450442,39.8358,-70.6242,20180524,NESLTER broadscale
147,65109700,41.4204,-71.3854,20180524,NESLTER broadscale
148,66647478,39.9009,-70.6041,20180524,NESLTER broadscale
149,69830805,39.8299,-70.611,20180524,NESLTER broadscale
150,71369124,40.2422,-71.0697,20180524,NESLTER broadscale
151,72430617,40.7573,-71.2248,20180524,NESLTER broadscale
152,73158972,40.9788,-71.2919,20180524,NESLTER broadscale
153,78310702,41.57,-71.41,20180524,GSO Dock
154,80007362,41.0539,-71.3066,20180524,NESLTER broadscale
155,80099413,40.8524,-70.6233,20180524,NESLTER broadscale
156,83044174,39.8296,-70.6136,20180524,NESLTER broadscale
157,83749927,39.8309,-70.6131,20180524,NESLTER broadscale
158,86450704,40.3868,-71.1125,20180524,NESLTER broadscale
159,90416638,40.5832,-70.6673,20180524,NESLTER broadscale
160,92050409,40.2955,-70.6655,20180524,NESLTER broadscale
161,94373071,40.5359,-71.1597,20180524,NESLTER broadscale
162,95624444,40.5022,-70.8259,20180524,NESLTER broadscale
163,96501677,40.8281,-71.2467,20180524,NESLTER broadscale
164,96955122,39.9748,-70.6018,20180524,NESLTER broadscale
165,97036282,39.8582,-70.6679,20180524,NESLTER broadscale
166,98390319,41.2231,-71.3522,20180524,NESLTER broadscale
167,02374603,40.8785,-71.4883,20180525,NESLTER broadscale
168,07461547,40.8152,-71.5173,20180525,NESLTER broadscale
169,19394123,41.325,-70.566,20180525,Martha's Vineyard Coastal Observatory
170,37527870,41.153,-71.4187,20180525,NESLTER broadscale
171,39287557,41.0809,-71.4143,20180525,NESLTER broadscale
172,62950397,43.781,-69.975,20180525,Bowdoin College (SCSC)
173,69377968,41.2957,-71.4181,20180525,NESLTER broadscale
174,70509783,40.9441,-71.4573,20180525,NESLTER broadscale
175,75449409,41.0104,-71.4269,20180525,NESLTER broadscale
176,78310702,41.57,-71.41,20180525,GSO Dock
177,83261127,41.2253,-71.4189,20180525,NESLTER broadscale
178,62950397,43.781,-69.975,20180526,Bowdoin College (SCSC)
179,78310702,41.57,-71.41,20180526,GSO Dock
180,78310702,41.57,-71.41,20180527,GSO Dock
181,10940843,40.8748,-71.2674,20180528,NESLTER broadscale
182,39392782,40.8648,-71.173,20180528,NESLTER broadscale
183,62066757,40.8966,-71.5527,20180528,NESLTER broadscale
184,62950397,43.781,-69.975,20180528,Bowdoin College (SCSC)
185,63439130,40.851,-70.9853,20180528,NESLTER broadscale
186,68332910,40.8855,-71.3606,20180528,NESLTER broadscale
187,78310702,41.57,-71.41,20180528,GSO Dock
188,83231009,40.8914,-71.4552,20180528,NESLTER broadscale
189,87642731,40.8443,-70.888,20180528,NESLTER broadscale
190,98145969,40.8582,-71.0777,20180528,NESLTER broadscale
191,02072096,40.7381,-69.0832,20180529,NESLTER broadscale
192,02106715,40.6092,-69.7633,20180529,NESLTER broadscale
193,03671166,40.8459,-69.7963,20180529,NESLTER broadscale
194,03973564,40.5366,-69.7479,20180529,NESLTER broadscale
195,05531513,40.8692,-69.1394,20180529,NESLTER broadscale
196,05857654,40.9927,-68.5112,20180529,NESLTER broadscale
197,06145815,40.7933,-69.7579,20180529,NESLTER broadscale
198,06376416,40.3919,-69.4788,20180529,NESLTER broadscale
199,10017403,40.8702,-68.115,20180529,NESLTER broadscale
200,11979534,40.5933,-68.8456,20180529,NESLTER broadscale
201,12577810,40.392,-69.693,20180529,NESLTER broadscale
202,14302291,40.4632,-69.7216,20180529,NESLTER broadscale
203,14929952,40.5629,-69.2277,20180529,NESLTER broadscale
204,15133631,40.7436,-68.8399,20180529,NESLTER broadscale
205,16920679,40.9204,-69.0135,20180529,NESLTER broadscale
206,18120051,40.662,-69.7548,20180529,NESLTER broadscale
207,19352411,40.668,-68.8366,20180529,NESLTER broadscale
208,21887359,40.5871,-69.2562,20180529,NESLTER broadscale
209,22657131,40.948,-68.8253,20180529,NESLTER broadscale
210,22723470,40.7177,-69.7542,20180529,NESLTER broadscale
211,23791739,40.7478,-68.9301,20180529,NESLTER broadscale
212,27110979,40.586,-68.8498,20180529,NESLTER broadscale
213,27234517,40.9922,-68.5434,20180529,NESLTER broadscale
214,27444816,40.7526,-69.0698,20180529,NESLTER broadscale
215,33555446,40.8034,-69.1099,20180529,NESLTER broadscale
216,34514216,40.4949,-69.1931,20180529,NESLTER broadscale
217,35829763,40.9635,-68.7315,20180529,NESLTER broadscale
218,42177824,40.7371,-68.8325,20180529,NESLTER broadscale
219,42831319,40.9808,-68.516,20180529,NESLTER broadscale
220,43612894,40.8348,-70.7372,20180529,NESLTER broadscale
221,44499888,40.7848,-69.9738,20180529,NESLTER broadscale
222,46041007,40.9712,-68.4544,20180529,NESLTER broadscale
223,46113858,40.7962,-70.3039,20180529,NESLTER broadscale
224,46409638,40.9234,-68.2795,20180529,NESLTER broadscale
225,46505385,40.9514,-68.3645,20180529,NESLTER broadscale
226,48043167,40.5879,-69.2104,20180529,NESLTER broadscale
227,53595116,40.8964,-68.1959,20180529,NESLTER broadscale
228,56309020,40.9778,-68.6381,20180529,NESLTER broadscale
229,58898167,40.5854,-68.9407,20180529,NESLTER broadscale
230,59305500,40.5837,-69.0332,20180529,NESLTER broadscale
231,59622056,40.8129,-69.882,20180529,NESLTER broadscale
232,62587980,40.4195,-69.3993,20180529,NESLTER broadscale
233,62609806,40.748,-70.0612,20180529,NESLTER broadscale
234,62822241,40.9013,-69.1043,20180529,NESLTER broadscale
235,62950397,43.781,-69.975,20180529,Bowdoin College (SCSC)
236,63009956,40.8111,-70.5063,20180529,NESLTER broadscale
237,63317782,40.7394,-70.1265,20180529,NESLTER broadscale
238,67185395,40.469,-69.2459,20180529,NESLTER broadscale
239,73679505,40.7766,-70.206,20180529,NESLTER broadscale
240,77472152,40.8515,-69.7607,20180529,NESLTER broadscale
241,78310702,41.57,-71.41,20180529,GSO Dock
242,78698408,40.9349,-68.9215,20180529,NESLTER broadscale
243,84185102,40.3397,-69.6416,20180529,NESLTER broadscale
244,84277518,40.75,-69.0208,20180529,NESLTER broadscale
245,85793514,40.8928,-69.1515,20180529,NESLTER broadscale
246,86490037,40.364,-69.5586,20180529,NESLTER broadscale
247,87738964,40.4952,-69.1745,20180529,NESLTER broadscale
248,88377727,40.584,-69.1246,20180529,NESLTER broadscale
249,92885143,40.4411,-69.3197,20180529,NESLTER broadscale
250,93476875,40.746,-69.0751,20180529,NESLTER broadscale
251,94309980,40.8252,-70.6058,20180529,NESLTER broadscale
252,97059130,40.8039,-70.4046,20180529,NESLTER broadscale
253,97065008,40.3381,-69.679,20180529,NESLTER broadscale
254,00144722,41.294,-66.8048,20180530,NESLTER broadscale
255,02049612,41.0899,-66.6709,20180530,NESLTER broadscale
256,04547152,41.1752,-66.6969,20180530,NESLTER broadscale
257,05881580,41.0047,-67.5986,20180530,NESLTER broadscale
258,07203189,40.9065,-67.084,20180530,NESLTER broadscale
259,08018414,40.9898,-66.6845,20180530,NESLTER broadscale
260,09247237,40.3773,-68.0195,20180530,NESLTER broadscale
261,14955518,40.7021,-67.702,20180530,NESLTER broadscale
262,14974992,40.7498,-68.0911,20180530,NESLTER broadscale
263,15344196,40.261,-67.6867,20180530,NESLTER broadscale
264,15428863,41.0495,-67.5292,20180530,NESLTER broadscale
265,16078058,41.168,-67.3456,20180530,NESLTER broadscale
266,19306290,40.2666,-67.7316,20180530,NESLTER broadscale
267,22902065,40.4069,-68.1044,20180530,NESLTER broadscale
268,26849603,40.986,-66.6742,20180530,NESLTER broadscale
269,28026624,40.2917,-67.8226,20180530,NESLTER broadscale
270,28150607,40.8454,-67.7159,20180530,NESLTER broadscale
271,28919350,40.5606,-67.6976,20180530,NESLTER broadscale
272,31455459,40.4234,-68.0866,20180530,NESLTER broadscale
273,33082057,40.9594,-66.7429,20180530,NESLTER broadscale
274,36387205,40.7742,-67.7138,20180530,NESLTER broadscale
275,38359567,41.0756,-67.247,20180530,NESLTER broadscale
276,39239644,41.1391,-67.3819,20180530,NESLTER broadscale
277,42876507,41.3231,-66.8325,20180530,NESLTER broadscale
278,43026896,40.2578,-67.6876,20180530,NESLTER broadscale
279,44028396,41.1568,-66.6747,20180530,NESLTER broadscale
280,46077942,40.3484,-67.933,20180530,NESLTER broadscale
281,47022190,40.3277,-67.9224,20180530,NESLTER broadscale
282,50086116,40.3178,-67.9149,20180530,NESLTER broadscale
283,51540763,41.4922,-66.8411,20180530,NESLTER broadscale
284,54557022,40.8349,-67.0111,20180530,NESLTER broadscale
285,55825207,41.2328,-66.7492,20180530,NESLTER broadscale
286,57292625,40.8415,-67.0054,20180530,NESLTER broadscale
287,58954109,40.9223,-67.7232,20180530,NESLTER broadscale
288,59766918,40.6425,-68.0948,20180530,NESLTER broadscale
289,59979865,40.4987,-68.0878,20180530,NESLTER broadscale
290,62950397,43.781,-69.975,20180530,Bowdoin College (SCSC)
291,63550316,40.9187,-66.8266,20180530,NESLTER broadscale
292,67409313,40.9618,-67.6663,20180530,NESLTER broadscale
293,68855643,40.4189,-67.6942,20180530,NESLTER broadscale
294,70236522,40.8423,-66.9912,20180530,NESLTER broadscale
295,72397042,41.1779,-67.3537,20180530,NESLTER broadscale
296,75120231,41.0201,-67.1912,20180530,NESLTER broadscale
297,75503647,40.4143,-68.1045,20180530,NESLTER broadscale
298,77045334,40.6324,-67.7,20180530,NESLTER broadscale
299,77482231,40.9161,-67.7129,20180530,NESLTER broadscale
300,78310702,41.57,-71.41,20180530,GSO Dock
301,80546369,41.0932,-67.4545,20180530,NESLTER broadscale
302,81299171,40.292,-67.6879,20180530,NESLTER broadscale
303,82551190,41.3732,-66.8364,20180530,NESLTER broadscale
304,83191809,40.8492,-67.0232,20180530,NESLTER broadscale
305,86053644,40.7156,-68.098,20180530,NESLTER broadscale
306,86586736,40.382,-67.7006,20180530,NESLTER broadscale
307,86803485,40.8794,-66.9072,20180530,NESLTER broadscale
308,88147251,41.1298,-67.3025,20180530,NESLTER broadscale
309,88359961,41.1532,-66.6706,20180530,NESLTER broadscale
310,88713076,40.7908,-68.0541,20180530,NESLTER broadscale
311,90007238,40.4929,-67.6958,20180530,NESLTER broadscale
312,94382462,40.8318,-68.0176,20180530,NESLTER broadscale
313,96106112,40.3678,-67.6908,20180530,NESLTER broadscale
314,96180936,41.0199,-66.6712,20180530,NESLTER broadscale
315,96407544,40.9616,-67.1384,20180530,NESLTER broadscale
316,97918874,40.5726,-68.0905,20180530,NESLTER broadscale
317,06352111,42.1113,-65.9547,20180531,NESLTER broadscale
318,09843175,42.0154,-66.0674,20180531,NESLTER broadscale
319,12038605,41.9981,-65.7818,20180531,NESLTER broadscale
320,14598207,41.9103,-65.746,20180531,NESLTER broadscale
321,15812144,41.5398,-66.7184,20180531,NESLTER broadscale
322,16072241,42.1672,-65.8294,20180531,NESLTER broadscale
323,16977559,41.7903,-65.5084,20180531,NESLTER broadscale
324,18170600,41.5122,-66.8014,20180531,NESLTER broadscale
325,18839612,41.7563,-65.4398,20180531,NESLTER broadscale
326,19574545,41.758,-65.4312,20180531,NESLTER broadscale
327,20410903,41.5755,-66.1615,20180531,NESLTER broadscale
328,21282435,42.2087,-65.7515,20180531,NESLTER broadscale
329,24042658,42.2351,-65.746,20180531,NESLTER broadscale
330,24893093,41.9322,-66.1196,20180531,NESLTER broadscale
331,25630061,41.5663,-66.0958,20180531,NESLTER broadscale
332,28412322,41.7498,-65.46,20180531,NESLTER broadscale
333,29052835,41.8728,-65.6753,20180531,NESLTER broadscale
334,29117831,42.1433,-65.7733,20180531,NESLTER broadscale
335,29215441,41.5672,-66.635,20180531,NESLTER broadscale
336,30650505,42.2377,-65.735,20180531,NESLTER broadscale
337,34165823,41.896,-65.781,20180531,NESLTER broadscale
338,36359093,41.5744,-65.9252,20180531,NESLTER broadscale
339,40274759,41.9231,-65.7858,20180531,NESLTER broadscale
340,41374882,42.2178,-65.7653,20180531,NESLTER broadscale
341,42144407,41.5638,-66.5537,20180531,NESLTER broadscale
342,46058863,41.4715,-66.4215,20180531,NESLTER broadscale
343,46150879,42.074,-66.075,20180531,NESLTER broadscale
344,47040900,41.8292,-65.5923,20180531,NESLTER broadscale
345,47287189,42.1632,-65.8275,20180531,NESLTER broadscale
346,47632764,42.138,-65.8765,20180531,NESLTER broadscale
347,47717673,41.422,-66.3337,20180531,NESLTER broadscale
348,47922689,41.5792,-66.1776,20180531,NESLTER broadscale
349,49355635,42.1553,-65.8295,20180531,NESLTER broadscale
350,50209135,41.9465,-66.2161,20180531,NESLTER broadscale
351,51277407,41.5186,-66.4876,20180531,NESLTER broadscale
352,51979639,41.9049,-65.7532,20180531,NESLTER broadscale
353,54488439,41.5797,-65.9966,20180531,NESLTER broadscale
354,54852537,41.5868,-66.1769,20180531,NESLTER broadscale
355,54949474,41.4763,-66.279,20180531,NESLTER broadscale
356,55121449,41.6436,-65.723,20180531,NESLTER broadscale
357,60779040,42.1625,-65.8298,20180531,NESLTER broadscale
358,62950397,43.781,-69.975,20180531,Bowdoin College (SCSC)
359,63283941,41.5854,-65.9259,20180531,NESLTER broadscale
360,65931433,41.6097,-65.812,20180531,NESLTER broadscale
361,69496970,41.5852,-66.5901,20180531,NESLTER broadscale
362,69569297,41.5709,-66.1576,20180531,NESLTER broadscale
363,69672414,42.0883,-66.0333,20180531,NESLTER broadscale
364,75262725,41.5769,-66.1748,20180531,NESLTER broadscale
365,76652630,41.4229,-66.3539,20180531,NESLTER broadscale
366,77228274,42.0591,-66.0658,20180531,NESLTER broadscale
367,78310702,41.57,-71.41,20180531,GSO Dock
368,82397047,41.5884,-65.9253,20180531,NESLTER broadscale
369,84246528,41.5862,-66.1684,20180531,NESLTER broadscale
370,84298985,41.5826,-66.1647,20180531,NESLTER broadscale
371,85589975,41.9465,-66.0817,20180531,NESLTER broadscale
372,86897566,42.2298,-65.7582,20180531,NESLTER broadscale
373,88333972,41.5358,-66.218,20180531,NESLTER broadscale
374,88772004,41.5791,-65.8988,20180531,NESLTER broadscale
375,88912568,42.0704,-65.7777,20180531,NESLTER broadscale
376,89971578,42.2182,-65.7473,20180531,NESLTER broadscale
377,91230482,41.7176,-65.5426,20180531,NESLTER broadscale
378,91526456,41.9612,-66.3153,20180531,NESLTER broadscale
379,93885489,41.6807,-65.6326,20180531,NESLTER broadscale
380,94561979,41.9027,-65.7689,20180531,NESLTER broadscale
381,03208250,41.3751,-68.6985,20180601,NESLTER broadscale
382,04685739,41.3005,-67.8694,20180601,NESLTER broadscale
383,04772153,41.4383,-67.6369,20180601,NESLTER broadscale
384,06639290,41.58,-68.6668,20180601,NESLTER broadscale
385,08284568,41.4626,-67.6853,20180601,NESLTER broadscale
386,12466447,42.0078,-66.6851,20180601,NESLTER broadscale
387,14274700,41.5503,-67.4455,20180601,NESLTER broadscale
388,17104118,41.8326,-67.0839,20180601,NESLTER broadscale
389,17819896,42.007,-66.6299,20180601,NESLTER broadscale
390,17919868,41.9588,-66.8472,20180601,NESLTER broadscale
391,19038783,41.4195,-68.42,20180601,NESLTER broadscale
392,22816451,41.4155,-68.5113,20180601,NESLTER broadscale
393,24289209,41.9989,-66.7594,20180601,NESLTER broadscale
394,25983573,41.8302,-67.0945,20180601,NESLTER broadscale
395,26674267,41.6783,-67.3486,20180601,NESLTER broadscale
396,27035472,41.9142,-66.93,20180601,NESLTER broadscale
397,28427063,41.5024,-68.9056,20180601,NESLTER broadscale
398,30279005,41.4947,-68.906,20180601,NESLTER broadscale
399,31377993,41.81,-67.3463,20180601,NESLTER broadscale
400,31934438,41.8299,-67.1905,20180601,NESLTER broadscale
401,33871369,41.4129,-68.6679,20180601,NESLTER broadscale
402,36066176,41.8346,-67.2851,20180601,NESLTER broadscale
403,40597932,41.4204,-68.2534,20180601,NESLTER broadscale
404,43960858,41.5123,-67.471,20180601,NESLTER broadscale
405,44410750,41.3698,-67.7757,20180601,NESLTER broadscale
406,45037111,41.9963,-66.5177,20180601,NESLTER broadscale
407,47946574,41.6333,-67.4213,20180601,NESLTER broadscale
408,48996563,41.4985,-68.9041,20180601,NESLTER broadscale
409,51129752,41.257,-68.03,20180601,NESLTER broadscale
410,51815527,41.417,-67.6986,20180601,NESLTER broadscale
411,52813161,41.6709,-67.4255,20180601,NESLTER broadscale
412,53146131,41.8795,-67.389,20180601,NESLTER broadscale
413,54087431,41.8736,-67.0072,20180601,NESLTER broadscale
414,54960797,41.6248,-68.5229,20180601,NESLTER broadscale
415,55517091,41.9259,-67.4173,20180601,NESLTER broadscale
416,58337670,41.3788,-68.5612,20180601,NESLTER broadscale
417,61846889,41.3553,-68.6409,20180601,NESLTER broadscale
418,62106507,41.5695,-68.7027,20180601,NESLTER broadscale
419,62950397,43.781,-69.975,20180601,Bowdoin College (SCSC)
420,66344431,41.3913,-68.2438,20180601,NESLTER broadscale
421,67890233,41.7352,-68.2345,20180601,NESLTER broadscale
422,74412511,41.5334,-68.7903,20180601,NESLTER broadscale
423,74656210,41.4607,-67.5332,20180601,NESLTER broadscale
424,75137536,41.4685,-68.8271,20180601,NESLTER broadscale
425,75831650,41.4408,-68.743,20180601,NESLTER broadscale
426,76138194,41.8373,-67.3308,20180601,NESLTER broadscale
427,78206326,41.4205,-67.5822,20180601,NESLTER broadscale
428,78310702,41.57,-71.41,20180601,GSO Dock
429,81709917,41.5745,-68.6568,20180601,NESLTER broadscale
430,82036311,41.587,-68.6088,20180601,NESLTER broadscale
431,83115684,41.2518,-67.9405,20180601,NESLTER broadscale
432,84083472,41.3203,-68.2052,20180601,NESLTER broadscale
433,85641701,41.7343,-68.1392,20180601,NESLTER broadscale
434,85847432,41.2827,-68.1256,20180601,NESLTER broadscale
435,86411833,41.7341,-67.3084,20180601,NESLTER broadscale
436,87873869,41.3736,-68.5663,20180601,NESLTER broadscale
437,89160893,41.7282,-68.0443,20180601,NESLTER broadscale
438,90171290,41.7058,-68.3251,20180601,NESLTER broadscale
439,91846377,41.9859,-66.414,20180601,NESLTER broadscale
440,93345571,41.4995,-68.8727,20180601,NESLTER broadscale
441,95738034,41.7229,-67.9625,20180601,NESLTER broadscale
442,96895017,41.4222,-68.323,20180601,NESLTER broadscale
443,99076646,41.8799,-67.3707,20180601,NESLTER broadscale
444,99352029,41.3365,-67.8259,20180601,NESLTER broadscale
445,00270646,42.3972,-67.0162,20180602,NESLTER broadscale
446,02160572,42.3596,-67.0251,20180602,NESLTER broadscale
447,04297280,42.1077,-67.5075,20180602,NESLTER broadscale
448,05336254,43.0779,-68.585,20180602,NESLTER broadscale
449,07650813,42.522,-67.9633,20180602,NESLTER broadscale
450,08886503,42.4983,-67.0034,20180602,NESLTER broadscale
451,11538428,43.1361,-68.3369,20180602,NESLTER broadscale
452,13002227,42.3754,-67.0318,20180602,NESLTER broadscale
453,15149046,42.5324,-67.156,20180602,NESLTER broadscale
454,15167435,42.8177,-68.4152,20180602,NESLTER broadscale
455,17998473,42.5565,-67.245,20180602,NESLTER broadscale
456,24011845,42.6662,-68.24,20180602,NESLTER broadscale
457,24184940,41.8825,-67.9955,20180602,NESLTER broadscale
458,25887704,42.3848,-67.0421,20180602,NESLTER broadscale
459,27889380,42.7065,-67.686,20180602,NESLTER broadscale
460,28330528,42.0073,-67.6906,20180602,NESLTER broadscale
461,30749374,42.6046,-68.128,20180602,NESLTER broadscale
462,32199828,42.7038,-68.2737,20180602,NESLTER broadscale
463,32872505,42.1498,-67.4182,20180602,NESLTER broadscale
464,36946324,42.5832,-67.3345,20180602,NESLTER broadscale
465,37522146,42.7064,-67.6876,20180602,NESLTER broadscale
466,38064193,43.0949,-68.525,20180602,NESLTER broadscale
467,38998830,42.5002,-67.9215,20180602,NESLTER broadscale
468,39594595,42.237,-67.2521,20180602,NESLTER broadscale
469,40061112,42.0203,-67.6715,20180602,NESLTER broadscale
470,41410058,42.8371,-68.4244,20180602,NESLTER broadscale
471,41635036,42.6642,-67.7406,20180602,NESLTER broadscale
472,42060149,43.0769,-68.5862,20180602,NESLTER broadscale
473,43095460,42.6117,-67.4279,20180602,NESLTER broadscale
474,43912430,42.3321,-67.1075,20180602,NESLTER broadscale
475,46764908,42.4898,-66.9993,20180602,NESLTER broadscale
476,47259990,41.9109,-68.0027,20180602,NESLTER broadscale
477,49634363,42.7579,-68.3448,20180602,NESLTER broadscale
478,52799876,42.4994,-67.9186,20180602,NESLTER broadscale
479,52843951,42.6822,-67.6139,20180602,NESLTER broadscale
480,53340104,42.6772,-68.241,20180602,NESLTER broadscale
481,53774784,42.6441,-67.5233,20180602,NESLTER broadscale
482,55845026,42.0627,-67.5898,20180602,NESLTER broadscale
483,57712967,42.4882,-67.0045,20180602,NESLTER broadscale
484,62945518,41.948,-67.8699,20180602,NESLTER broadscale
485,62950397,43.781,-69.975,20180602,Bowdoin College (SCSC)
486,63049815,41.9813,-67.7786,20180602,NESLTER broadscale
487,67977417,41.7297,-67.9616,20180602,NESLTER broadscale
488,70200679,42.9632,-68.5084,20180602,NESLTER broadscale
489,72562928,42.4717,-67.0079,20180602,NESLTER broadscale
490,76095105,43.2118,-68.1783,20180602,NESLTER broadscale
491,77539842,43.1254,-68.4339,20180602,NESLTER broadscale
492,78201947,41.9138,-67.9588,20180602,NESLTER broadscale
493,78310702,41.57,-71.41,20180602,GSO Dock
494,79294273,42.2853,-67.1777,20180602,NESLTER broadscale
495,82991281,42.3714,-67.027,20180602,NESLTER broadscale
496,83509997,42.3796,-67.0374,20180602,NESLTER broadscale
497,87120228,42.6068,-67.8005,20180602,NESLTER broadscale
498,87300470,42.8997,-68.4663,20180602,NESLTER broadscale
499,88139622,43.1751,-68.2536,20180602,NESLTER broadscale
500,88417214,42.5628,-68.0467,20180602,NESLTER broadscale
501,88584029,42.8107,-68.4075,20180602,NESLTER broadscale
502,88785335,42.5494,-67.8628,20180602,NESLTER broadscale
503,89497420,42.5039,-67.9291,20180602,NESLTER broadscale
504,92840895,42.8158,-68.4136,20180602,NESLTER broadscale
505,94787541,42.6453,-68.2127,20180602,NESLTER broadscale
506,95671087,42.1919,-67.331,20180602,NESLTER broadscale
507,99768901,42.5085,-67.0677,20180602,NESLTER broadscale
508,99929541,41.8054,-67.9837,20180602,NESLTER broadscale
509,00642173,43.3529,-67.8361,20180603,NESLTER broadscale
510,03061609,43.4037,-67.7052,20180603,NESLTER broadscale
511,04552438,43.9249,-68.7451,20180603,NESLTER broadscale
512,08062696,43.93,-68.8283,20180603,NESLTER broadscale
513,08322114,43.7437,-68.0159,20180603,NESLTER broadscale
514,11221872,43.9331,-68.8239,20180603,NESLTER broadscale
515,13442216,43.6896,-69.2323,20180603,NESLTER broadscale
516,18786882,43.4892,-69.7287,20180603,NESLTER broadscale
517,19329873,43.762,-68.0303,20180603,NESLTER broadscale
518,20681198,43.6607,-67.9352,20180603,NESLTER broadscale
519,22445276,43.462,-69.6311,20180603,NESLTER broadscale
520,24101456,43.5614,-69.3676,20180603,NESLTER broadscale
521,24255192,43.5442,-67.815,20180603,NESLTER broadscale
522,24663753,43.2084,-69.6423,20180603,NESLTER broadscale
523,27648860,43.4217,-69.496,20180603,NESLTER broadscale
524,28451012,43.8147,-68.6731,20180603,NESLTER broadscale
525,29167327,43.396,-67.698,20180603,NESLTER broadscale
526,30467945,43.4923,-67.754,20180603,NESLTER broadscale
527,30628869,43.7643,-68.1294,20180603,NESLTER broadscale
528,31701704,43.8404,-68.7417,20180603,NESLTER broadscale
529,32205951,43.7495,-68.0275,20180603,NESLTER broadscale
530,32495306,43.9286,-68.8264,20180603,NESLTER broadscale
531,33892955,43.4452,-69.4723,20180603,NESLTER broadscale
532,37334140,43.4928,-69.7532,20180603,NESLTER broadscale
533,39120808,43.6968,-69.1979,20180603,NESLTER broadscale
534,41567934,43.4941,-69.7544,20180603,NESLTER broadscale
535,41758479,43.2495,-68.0992,20180603,NESLTER broadscale
536,42958363,43.4243,-69.5005,20180603,NESLTER broadscale
537,45243866,43.601,-67.8748,20180603,NESLTER broadscale
538,45272859,43.4053,-67.696,20180603,NESLTER broadscale
539,45872146,43.7869,-68.8116,20180603,NESLTER broadscale
540,46828579,43.4191,-69.4941,20180603,NESLTER broadscale
541,46915746,43.4223,-67.7027,20180603,NESLTER broadscale
542,48580757,43.5022,-69.4209,20180603,NESLTER broadscale
543,51349747,43.7673,-68.6499,20180603,NESLTER broadscale
544,53604435,43.7636,-68.2376,20180603,NESLTER broadscale
545,55005549,43.9251,-68.768,20180603,NESLTER broadscale
546,60065256,43.4144,-69.7202,20180603,NESLTER broadscale
547,60780122,43.7632,-68.548,20180603,NESLTER broadscale
548,60825607,43.3436,-69.6937,20180603,NESLTER broadscale
549,61229340,43.7697,-68.6708,20180603,NESLTER broadscale
550,62003683,43.8794,-68.6723,20180603,NESLTER broadscale
551,62950397,43.781,-69.975,20180603,Bowdoin College (SCSC)
552,63128039,43.7608,-68.345,20180603,NESLTER broadscale
553,65461086,43.2738,-69.6638,20180603,NESLTER broadscale
554,66771101,43.683,-69.2312,20180603,NESLTER broadscale
555,69557017,43.6697,-69.2511,20180603,NESLTER broadscale
556,71094159,43.8933,-68.6763,20180603,NESLTER broadscale
557,73278851,43.9331,-68.6854,20180603,NESLTER broadscale
558,75116626,43.32,-67.9248,20180603,NESLTER broadscale
559,77607169,43.6199,-69.3108,20180603,NESLTER broadscale
560,78310702,41.57,-71.41,20180603,GSO Dock
561,79667073,43.7553,-68.9022,20180603,NESLTER broadscale
562,79976174,43.4823,-69.7427,20180603,NESLTER broadscale
563,80707834,43.3844,-67.7481,20180603,NESLTER broadscale
564,80951442,43.138,-69.6289,20180603,NESLTER broadscale
565,82661452,43.7385,-69.0037,20180603,NESLTER broadscale
566,83056790,43.2865,-68.0132,20180603,NESLTER broadscale
567,88604208,43.4351,-67.6965,20180603,NESLTER broadscale
568,91424742,43.4511,-69.5928,20180603,NESLTER broadscale
569,92687840,43.7606,-68.4492,20180603,NESLTER broadscale
570,94583441,43.41,-67.702,20180603,NESLTER broadscale
571,96198984,43.4893,-69.7482,20180603,NESLTER broadscale
572,98979730,43.7213,-67.9943,20180603,NESLTER broadscale
573,99791082,43.7202,-69.1029,20180603,NESLTER broadscale
574,01713726,42.3583,-70.4548,20180604,NESLTER broadscale
575,06539905,42.0903,-69.9181,20180604,NESLTER broadscale
576,07347288,42.573,-69.6529,20180604,NESLTER broadscale
577,08267409,41.8144,-70.3244,20180604,NESLTER broadscale
578,09815275,42.1788,-70.0692,20180604,NESLTER broadscale
579,10826744,41.9979,-70.4145,20180604,NESLTER broadscale
580,13309364,42.0954,-70.469,20180604,NESLTER broadscale
581,15291785,42.3478,-70.3594,20180604,NESLTER broadscale
582,16099385,42.2734,-70.216,20180604,NESLTER broadscale
583,18190915,41.8227,-70.315,20180604,NESLTER broadscale
584,23099208,42.3212,-70.2851,20180604,NESLTER broadscale
585,23344595,42.1796,-69.6628,20180604,NESLTER broadscale
586,23569814,42.032,-70.4271,20180604,NESLTER broadscale
587,25597477,42.6383,-69.6441,20180604,NESLTER broadscale
588,29664478,41.8092,-70.3323,20180604,NESLTER broadscale
589,29891878,42.0803,-69.918,20180604,NESLTER broadscale
590,32096435,42.9998,-69.5874,20180604,NESLTER broadscale
591,32533405,42.9501,-69.5793,20180604,NESLTER broadscale
592,37564551,41.855,-70.361,20180604,NESLTER broadscale
593,37714187,41.804,-70.3644,20180604,NESLTER broadscale
594,44091321,42.036,-70.4395,20180604,NESLTER broadscale
595,44748419,43.0675,-69.61,20180604,NESLTER broadscale
596,46272913,43.0016,-69.5728,20180604,NESLTER broadscale
597,53811283,42.774,-69.6159,20180604,NESLTER broadscale
598,54399604,42.2084,-69.5917,20180604,NESLTER broadscale
599,62591940,42.1531,-70.4981,20180604,NESLTER broadscale
600,62950397,43.781,-69.975,20180604,Bowdoin College (SCSC)
601,63858556,41.9191,-70.3589,20180604,NESLTER broadscale
602,72548433,42.085,-69.9089,20180604,NESLTER broadscale
603,73438757,42.1637,-70.5075,20180604,NESLTER broadscale
604,73589690,41.9082,-70.3573,20180604,NESLTER broadscale
605,74134166,42.1168,-69.8205,20180604,NESLTER broadscale
606,78310702,41.57,-71.41,20180604,GSO Dock
607,79774236,41.8202,-70.3148,20180604,NESLTER broadscale
608,83952460,41.9424,-70.3892,20180604,NESLTER broadscale
609,85171292,42.134,-69.9954,20180604,NESLTER broadscale
610,85287759,42.2243,-70.1395,20180604,NESLTER broadscale
611,86369966,42.8808,-69.5925,20180604,NESLTER broadscale
612,88360149,42.9983,-69.5904,20180604,NESLTER broadscale
613,92359080,42.8446,-69.5995,20180604,NESLTER broadscale
614,96225871,42.3144,-70.2792,20180604,NESLTER broadscale
615,96401274,42.7046,-69.6321,20180604,NESLTER broadscale
616,99358249,42.1493,-69.7366,20180604,NESLTER broadscale
617,00209664,41.804,-70.3323,20180605,NESLTER broadscale
618,00228607,41.8359,-70.2895,20180605,NESLTER broadscale
619,00731097,41.7852,-70.4702,20180605,NESLTER broadscale
620,04052512,41.6905,-70.6706,20180605,NESLTER broadscale
621,06147498,41.5631,-70.7438,20180605,NESLTER broadscale
622,06554630,41.8777,-70.2606,20180605,NESLTER broadscale
623,12379315,41.788,-70.415,20180605,NESLTER broadscale
624,13323532,41.3975,-71.2592,20180605,NESLTER broadscale
625,14333370,41.7902,-70.4234,20180605,NESLTER broadscale
626,15401961,41.8483,-70.246,20180605,NESLTER broadscale
627,19361709,41.8666,-70.2458,20180605,NESLTER broadscale
628,20073028,41.8352,-70.2875,20180605,NESLTER broadscale
629,21936281,41.8357,-70.2639,20180605,NESLTER broadscale
630,22751785,41.8218,-70.343,20180605,NESLTER broadscale
631,23497569,41.8539,-70.2761,20180605,NESLTER broadscale
632,28698532,41.8633,-70.2752,20180605,NESLTER broadscale
633,29888605,41.7756,-70.5512,20180605,NESLTER broadscale
634,30730043,41.835,-70.3045,20180605,NESLTER broadscale
635,31135292,41.7893,-70.4207,20180605,NESLTER broadscale
636,33371477,41.741,-70.6165,20180605,NESLTER broadscale
637,33912702,41.796,-70.3444,20180605,NESLTER broadscale
638,38500101,41.8082,-70.3308,20180605,NESLTER broadscale
639,39048991,41.6279,-70.6982,20180605,NESLTER broadscale
640,42699408,41.8517,-70.2675,20180605,NESLTER broadscale
641,46525860,41.5188,-70.8248,20180605,NESLTER broadscale
642,47204440,41.8163,-70.3077,20180605,NESLTER broadscale
643,48088418,41.869,-70.2471,20180605,NESLTER broadscale
644,57005682,41.849,-70.29,20180605,NESLTER broadscale
645,58522882,41.8366,-70.3012,20180605,NESLTER broadscale
646,59329196,41.8198,-70.3114,20180605,NESLTER broadscale
647,59934061,41.8278,-70.3102,20180605,NESLTER broadscale
648,62950397,43.781,-69.975,20180605,Bowdoin College (SCSC)
649,66493064,41.8083,-70.3182,20180605,NESLTER broadscale
650,66736738,41.3746,-71.1594,20180605,NESLTER broadscale
651,66928918,41.7887,-70.4229,20180605,NESLTER broadscale
652,67048863,41.4052,-71.0722,20180605,NESLTER broadscale
653,75363647,41.8219,-70.319,20180605,NESLTER broadscale
654,77897682,41.4524,-70.9988,20180605,NESLTER broadscale
655,78310702,41.57,-71.41,20180605,GSO Dock
656,78407009,41.8134,-70.305,20180605,NESLTER broadscale
657,80920108,41.8245,-70.2971,20180605,NESLTER broadscale
658,85559774,41.8595,-70.264,20180605,NESLTER broadscale
659,87215833,41.4846,-70.9112,20180605,NESLTER broadscale
660,88822941,41.7998,-70.397,20180605,NESLTER broadscale
661,89263754,41.4182,-71.3539,20180605,NESLTER broadscale
662,91891984,41.8243,-70.2849,20180605,NESLTER broadscale
663,93348840,41.8647,-70.2513,20180605,NESLTER broadscale
664,78310702,41.57,-71.41,20180606,GSO Dock
665,78310702,41.57,-71.41,20180607,GSO Dock
666,78310702,41.57,-71.41,20180608,GSO Dock
667,78310702,41.57,-71.41,20180609,GSO Dock
668,78310702,41.57,-71.41,20180610,GSO Dock
669,78310702,41.57,-71.41,20180611,GSO Dock
670,78310702,41.57,-71.41,20180612,GSO Dock
671,78310702,41.57,-71.41,20180613,GSO Dock
672,78310702,41.57,-71.41,20180614,GSO Dock
673,78310702,41.57,-71.41,20180615,GSO Dock
674,78310702,41.57,-71.41,20180616,GSO Dock
675,78310702,41.57,-71.41,20180617,GSO Dock
676,78310702,41.57,-71.41,20180618,GSO Dock
677,78310702,41.57,-71.41,20180619,GSO Dock
678,78310702,41.57,-71.41,20180620,GSO Dock
679,78310702,41.57,-71.41,20180621,GSO Dock
680,78310702,41.57,-71.41,20180622,GSO Dock
681,78310702,41.57,-71.41,20180623,GSO Dock
682,78310702,41.57,-71.41,20180624,GSO Dock
683,78310702,41.57,-71.41,20180625,GSO Dock
684,78310702,41.57,-71.41,20180627,GSO Dock
685,78310702,41.57,-71.41,20180628,GSO Dock
686,78310702,41.57,-71.41,20180629,GSO Dock
687,78310702,41.57,-71.41,20180630,GSO Dock
688,78310702,41.57,-71.41,20180701,GSO Dock
689,19394123,41.325,-70.566,20180702,Martha's Vineyard Coastal Observatory
690,78310702,41.57,-71.41,20180702,GSO Dock
691,19394123,41.325,-70.566,20180703,Martha's Vineyard Coastal Observatory
692,78310702,41.57,-71.41,20180703,GSO Dock
693,19394123,41.325,-70.566,20180704,Martha's Vineyard Coastal Observatory
694,78310702,41.57,-71.41,20180704,GSO Dock
695,19394123,41.325,-70.566,20180705,Martha's Vineyard Coastal Observatory
696,78310702,41.57,-71.41,20180705,GSO Dock
697,19394123,41.325,-70.566,20180706,Martha's Vineyard Coastal Observatory
698,78310702,41.57,-71.41,20180706,GSO Dock
699,19394123,41.325,-70.566,20180707,Martha's Vineyard Coastal Observatory
700,78310702,41.57,-71.41,20180707,GSO Dock
701,19394123,41.325,-70.566,20180708,Martha's Vineyard Coastal Observatory
702,78310702,41.57,-71.41,20180708,GSO Dock
703,19394123,41.325,-70.566,20180709,Martha's Vineyard Coastal Observatory
704,78310702,41.57,-71.41,20180709,GSO Dock
705,19394123,41.325,-70.566,20180710,Martha's Vineyard Coastal Observatory
706,78310702,41.57,-71.41,20180710,GSO Dock
707,19394123,41.325,-70.566,20180711,Martha's Vineyard Coastal Observatory
708,78310702,41.57,-71.41,20180711,GSO Dock
709,19394123,41.325,-70.566,20180712,Martha's Vineyard Coastal Observatory
710,78310702,41.57,-71.41,20180712,GSO Dock
711,19394123,41.325,-70.566,20180713,Martha's Vineyard Coastal Observatory
712,78310702,41.57,-71.41,20180713,GSO Dock
713,19394123,41.325,-70.566,20180714,Martha's Vineyard Coastal Observatory
714,78310702,41.57,-71.41,20180714,GSO Dock
715,19394123,41.325,-70.566,20180715,Martha's Vineyard Coastal Observatory
716,78310702,41.57,-71.41,20180715,GSO Dock
717,19394123,41.325,-70.566,20180716,Martha's Vineyard Coastal Observatory
718,78310702,41.57,-71.41,20180716,GSO Dock
719,19394123,41.325,-70.566,20180717,Martha's Vineyard Coastal Observatory
720,78310702,41.57,-71.41,20180717,GSO Dock
721,19394123,41.325,-70.566,20180718,Martha's Vineyard Coastal Observatory
722,78310702,41.57,-71.41,20180718,GSO Dock
723,19394123,41.325,-70.566,20180719,Martha's Vineyard Coastal Observatory
724,78310702,41.57,-71.41,20180719,GSO Dock
725,19394123,41.325,-70.566,20180720,Martha's Vineyard Coastal Observatory
726,50093526,41.645,-70.675,20180720,Fiddlers Cove
727,78310702,41.57,-71.41,20180720,GSO Dock
728,19394123,41.325,-70.566,20180721,Martha's Vineyard Coastal Observatory
729,50093526,41.645,-70.675,20180721,Fiddlers Cove
730,78310702,41.57,-71.41,20180721,GSO Dock
731,19394123,41.325,-70.566,20180722,Martha's Vineyard Coastal Observatory
732,50093526,41.645,-70.675,20180722,Fiddlers Cove
733,78310702,41.57,-71.41,20180722,GSO Dock
734,19394123,41.325,-70.566,20180723,Martha's Vineyard Coastal Observatory
735,50093526,41.645,-70.675,20180723,Fiddlers Cove
736,78310702,41.57,-71.41,20180723,GSO Dock
737,19394123,41.325,-70.566,20180724,Martha's Vineyard Coastal Observatory
738,50093526,41.645,-70.675,20180724,Fiddlers Cove
739,19394123,41.325,-70.566,20180725,Martha's Vineyard Coastal Observatory
740,50093526,41.645,-70.675,20180725,Fiddlers Cove
741,19394123,41.325,-70.566,20180726,Martha's Vineyard Coastal Observatory
742,50093526,41.645,-70.675,20180726,Fiddlers Cove
743,78310702,41.57,-71.41,20180726,GSO Dock
744,19394123,41.325,-70.566,20180727,Martha's Vineyard Coastal Observatory
745,50093526,41.645,-70.675,20180727,Fiddlers Cove
746,78310702,41.57,-71.41,20180727,GSO Dock
747,19394123,41.325,-70.566,20180728,Martha's Vineyard Coastal Observatory
748,50093526,41.645,-70.675,20180728,Fiddlers Cove
749,78310702,41.57,-71.41,20180728,GSO Dock
750,19394123,41.325,-70.566,20180729,Martha's Vineyard Coastal Observatory
751,50093526,41.645,-70.675,20180729,Fiddlers Cove
752,78310702,41.57,-71.41,20180729,GSO Dock
753,19394123,41.325,-70.566,20180730,Martha's Vineyard Coastal Observatory
754,50093526,41.645,-70.675,20180730,Fiddlers Cove
755,78310702,41.57,-71.41,20180730,GSO Dock
756,19394123,41.325,-70.566,20180731,Martha's Vineyard Coastal Observatory
757,50093526,41.645,-70.675,20180731,Fiddlers Cove
758,78310702,41.57,-71.41,20180731,GSO Dock
759,19394123,41.325,-70.566,20180801,Martha's Vineyard Coastal Observatory
760,50093526,41.645,-70.675,20180801,Fiddlers Cove
761,78310702,41.57,-71.41,20180801,GSO Dock
762,19394123,41.325,-70.566,20180802,Martha's Vineyard Coastal Observatory
763,50093526,41.645,-70.675,20180802,Fiddlers Cove
764,78310702,41.57,-71.41,20180802,GSO Dock
765,19394123,41.325,-70.566,20180803,Martha's Vineyard Coastal Observatory
766,50093526,41.645,-70.675,20180803,Fiddlers Cove
767,78310702,41.57,-71.41,20180803,GSO Dock
768,19394123,41.325,-70.566,20180804,Martha's Vineyard Coastal Observatory
769,50093526,41.645,-70.675,20180804,Fiddlers Cove
770,78310702,41.57,-71.41,20180804,GSO Dock
771,19394123,41.325,-70.566,20180805,Martha's Vineyard Coastal Observatory
772,50093526,41.645,-70.675,20180805,Fiddlers Cove
773,78310702,41.57,-71.41,20180805,GSO Dock
774,19394123,41.325,-70.566,20180806,Martha's Vineyard Coastal Observatory
775,50093526,41.645,-70.675,20180806,Fiddlers Cove
776,78310702,41.57,-71.41,20180806,GSO Dock
777,19394123,41.325,-70.566,20180807,Martha's Vineyard Coastal Observatory
778,50093526,41.645,-70.675,20180807,Fiddlers Cove
779,78310702,41.57,-71.41,20180807,GSO Dock
780,19394123,41.325,-70.566,20180808,Martha's Vineyard Coastal Observatory
781,50093526,41.645,-70.675,20180808,Fiddlers Cove
782,78310702,41.57,-71.41,20180808,GSO Dock
783,19394123,41.325,-70.566,20180809,Martha's Vineyard Coastal Observatory
784,50093526,41.645,-70.675,20180809,Fiddlers Cove
785,78310702,41.57,-71.41,20180809,GSO Dock
786,19394123,41.325,-70.566,20180810,Martha's Vineyard Coastal Observatory
787,50093526,41.645,-70.675,20180810,Fiddlers Cove
788,78310702,41.57,-71.41,20180810,GSO Dock
789,19394123,41.325,-70.566,20180811,Martha's Vineyard Coastal Observatory
790,50093526,41.645,-70.675,20180811,Fiddlers Cove
791,78310702,41.57,-71.41,20180811,GSO Dock
792,19394123,41.325,-70.566,20180812,Martha's Vineyard Coastal Observatory
793,50093526,41.645,-70.675,20180812,Fiddlers Cove
794,78310702,41.57,-71.41,20180812,GSO Dock
795,19394123,41.325,-70.566,20180813,Martha's Vineyard Coastal Observatory
796,50093526,41.645,-70.675,20180813,Fiddlers Cove
797,78310702,41.57,-71.41,20180813,GSO Dock
798,19394123,41.325,-70.566,20180814,Martha's Vineyard Coastal Observatory
799,50093526,41.645,-70.675,20180814,Fiddlers Cove
800,78310702,41.57,-71.41,20180814,GSO Dock
801,19394123,41.325,-70.566,20180815,Martha's Vineyard Coastal Observatory
802,50093526,41.645,-70.675,20180815,Fiddlers Cove
803,78310702,41.57,-71.41,20180815,GSO Dock
804,19394123,41.325,-70.566,20180816,Martha's Vineyard Coastal Observatory
805,50093526,41.645,-70.675,20180816,Fiddlers Cove
806,78310702,41.57,-71.41,20180816,GSO Dock
807,19394123,41.325,-70.566,20180817,Martha's Vineyard Coastal Observatory
808,50093526,41.645,-70.675,20180817,Fiddlers Cove
809,78310702,41.57,-71.41,20180817,GSO Dock
810,19394123,41.325,-70.566,20180818,Martha's Vineyard Coastal Observatory
811,50093526,41.645,-70.675,20180818,Fiddlers Cove
812,78310702,41.57,-71.41,20180818,GSO Dock
813,19394123,41.325,-70.566,20180819,Martha's Vineyard Coastal Observatory
814,50093526,41.645,-70.675,20180819,Fiddlers Cove
815,78310702,41.57,-71.41,20180819,GSO Dock
816,19394123,41.325,-70.566,20180820,Martha's Vineyard Coastal Observatory
817,50093526,41.645,-70.675,20180820,Fiddlers Cove
818,78310702,41.57,-71.41,20180820,GSO Dock
819,19394123,41.325,-70.566,20180821,Martha's Vineyard Coastal Observatory
820,50093526,41.645,-70.675,20180821,Fiddlers Cove
821,78310702,41.57,-71.41,20180821,GSO Dock
822,00866159,41.2906,-71.4226,20180822,NESLTER broadscale
823,14438937,41.0879,-71.5818,20180822,NESLTER broadscale
824,18052744,41.0961,-71.5109,20180822,NESLTER broadscale
825,19394123,41.325,-70.566,20180822,Martha's Vineyard Coastal Observatory
826,22276519,41.181,-71.4256,20180822,NESLTER broadscale
827,31714998,41.0759,-71.6812,20180822,NESLTER broadscale
828,31841568,41.0384,-71.645,20180822,NESLTER broadscale
829,33286865,41.1384,-71.4688,20180822,NESLTER broadscale
830,46877813,41.2351,-71.4224,20180822,NESLTER broadscale
831,50093526,41.645,-70.675,20180822,Fiddlers Cove
832,76535100,41.0767,-71.6541,20180822,NESLTER broadscale
833,78310702,41.57,-71.41,20180822,GSO Dock
834,87399046,41.3467,-71.4215,20180822,NESLTER broadscale
835,02519701,40.4308,-69.9824,20180823,NESLTER broadscale
836,02739879,40.9135,-71.5018,20180823,NESLTER broadscale
837,05835983,40.8292,-70.8355,20180823,NESLTER broadscale
838,06169283,41.1309,-70.9704,20180823,NESLTER broadscale
839,06681595,40.4307,-70.069,20180823,NESLTER broadscale
840,07317710,41.1604,-70.5884,20180823,NESLTER broadscale
841,07563090,40.4495,-70.1458,20180823,NESLTER broadscale
842,07737658,40.8073,-71.2341,20180823,NESLTER broadscale
843,08062289,41.1562,-70.5758,20180823,NESLTER broadscale
844,09247255,40.9958,-71.5961,20180823,NESLTER broadscale
845,09798075,41.1286,-71.0217,20180823,NESLTER broadscale
846,12131150,40.7534,-71.1032,20180823,NESLTER broadscale
847,14182160,40.8277,-71.0859,20180823,NESLTER broadscale
848,15335160,41.0851,-70.6442,20180823,NESLTER broadscale
849,15780519,40.9683,-70.8814,20180823,NESLTER broadscale
850,19237298,41.0745,-70.9114,20180823,NESLTER broadscale
851,19394123,41.325,-70.566,20180823,Martha's Vineyard Coastal Observatory
852,22615116,40.8239,-70.4416,20180823,NESLTER broadscale
853,26737405,40.9675,-70.3886,20180823,NESLTER broadscale
854,27095676,41.1047,-70.6226,20180823,NESLTER broadscale
855,30497173,40.9415,-71.0857,20180823,NESLTER broadscale
856,30548300,40.9951,-71.0888,20180823,NESLTER broadscale
857,31197715,40.7307,-70.5506,20180823,NESLTER broadscale
858,33621969,40.5591,-70.522,20180823,NESLTER broadscale
859,33738236,40.7459,-71.084,20180823,NESLTER broadscale
860,35696775,40.9756,-70.73,20180823,NESLTER broadscale
861,36290075,40.7719,-71.0834,20180823,NESLTER broadscale
862,37706973,40.8624,-70.8074,20180823,NESLTER broadscale
863,38969105,40.5793,-70.587,20180823,NESLTER broadscale
864,41859341,41.021,-70.8968,20180823,NESLTER broadscale
865,43727962,40.7777,-70.4957,20180823,NESLTER broadscale
866,47970261,40.9203,-70.7714,20180823,NESLTER broadscale
867,50093526,41.645,-70.675,20180823,Fiddlers Cove
868,50180892,40.6827,-70.6036,20180823,NESLTER broadscale
869,51511084,41.0164,-70.4387,20180823,NESLTER broadscale
870,52216624,40.9544,-71.5439,20180823,NESLTER broadscale
871,55316093,40.9122,-71.4993,20180823,NESLTER broadscale
872,55691658,41.0731,-71.0478,20180823,NESLTER broadscale
873,56040427,41.1081,-70.6135,20180823,NESLTER broadscale
874,59409604,40.5814,-70.5855,20180823,NESLTER broadscale
875,60252674,40.9181,-70.3421,20180823,NESLTER broadscale
876,60430584,40.7806,-71.1675,20180823,NESLTER broadscale
877,60507926,41.0615,-70.4884,20180823,NESLTER broadscale
878,60801731,40.6726,-70.6188,20180823,NESLTER broadscale
879,61450160,40.8695,-70.3882,20180823,NESLTER broadscale
880,62678072,41.0156,-71.0743,20180823,NESLTER broadscale
881,62794673,40.6757,-70.6156,20180823,NESLTER broadscale
882,64610830,41.0883,-70.9261,20180823,NESLTER broadscale
883,65450962,40.4947,-70.2982,20180823,NESLTER broadscale
884,65625883,41.1611,-71.0056,20180823,NESLTER broadscale
885,67146303,40.9182,-70.3426,20180823,NESLTER broadscale
886,67842091,40.5173,-70.3732,20180823,NESLTER broadscale
887,68551021,40.8628,-70.8466,20180823,NESLTER broadscale
888,70100372,40.8612,-71.3695,20180823,NESLTER broadscale
889,80422235,40.4702,-70.2222,20180823,NESLTER broadscale
890,82000617,40.9154,-70.8635,20180823,NESLTER broadscale
891,82850433,40.834,-71.3015,20180823,NESLTER broadscale
892,86433555,40.8888,-71.4378,20180823,NESLTER broadscale
893,90463370,41.0306,-70.6871,20180823,NESLTER broadscale
894,93770302,41.1083,-70.5328,20180823,NESLTER broadscale
895,93827390,40.8841,-71.0854,20180823,NESLTER broadscale
896,96008422,40.4611,-69.9124,20180823,NESLTER broadscale
897,96087794,40.5373,-70.4491,20180823,NESLTER broadscale
898,97168422,40.4132,-70.0042,20180823,NESLTER broadscale
899,00141670,41.1919,-68.3179,20180824,NESLTER broadscale
900,02369300,41.5018,-67.9159,20180824,NESLTER broadscale
901,02618444,40.6543,-68.6963,20180824,NESLTER broadscale
902,02918198,40.6926,-68.7543,20180824,NESLTER broadscale
903,05296689,41.4589,-68.3371,20180824,NESLTER broadscale
904,06907770,40.6653,-68.2527,20180824,NESLTER broadscale
905,07234942,41.6669,-68.4326,20180824,NESLTER broadscale
906,08768522,40.641,-68.347,20180824,NESLTER broadscale
907,09050736,40.5885,-69.6262,20180824,NESLTER broadscale
908,09947691,41.253,-68.323,20180824,NESLTER broadscale
909,12142491,40.6459,-69.5014,20180824,NESLTER broadscale
910,12827811,40.6966,-69.3901,20180824,NESLTER broadscale
911,19394123,41.325,-70.566,20180824,Martha's Vineyard Coastal Observatory
912,24156313,40.5254,-69.7694,20180824,NESLTER broadscale
913,26413699,40.6195,-69.556,20180824,NESLTER broadscale
914,26919822,40.8775,-69.1505,20180824,NESLTER broadscale
915,27311883,41.723,-68.1911,20180824,NESLTER broadscale
916,28129377,41.5811,-67.9994,20180824,NESLTER broadscale
917,28186180,40.7869,-68.2681,20180824,NESLTER broadscale
918,29616192,40.686,-69.0909,20180824,NESLTER broadscale
919,30356411,41.6847,-68.133,20180824,NESLTER broadscale
920,30948455,40.778,-69.2706,20180824,NESLTER broadscale
921,36097582,40.7498,-69.1117,20180824,NESLTER broadscale
922,39922968,40.8767,-69.1774,20180824,NESLTER broadscale
923,40404802,40.7316,-69.3187,20180824,NESLTER broadscale
924,40951774,40.8561,-68.2772,20180824,NESLTER broadscale
925,41915139,40.6052,-68.4969,20180824,NESLTER broadscale
926,43647291,40.72,-68.2598,20180824,NESLTER broadscale
927,47436124,40.6662,-69.4658,20180824,NESLTER broadscale
928,50093526,41.645,-70.675,20180824,Fiddlers Cove
929,50702327,41.5678,-68.3722,20180824,NESLTER broadscale
930,53098112,40.6182,-68.6409,20180824,NESLTER broadscale
931,54389712,40.6648,-69.081,20180824,NESLTER broadscale
932,54527595,40.7445,-68.8423,20180824,NESLTER broadscale
933,55567290,40.8975,-69.1581,20180824,NESLTER broadscale
934,58090484,40.8274,-69.225,20180824,NESLTER broadscale
935,59781234,40.6637,-68.2734,20180824,NESLTER broadscale
936,59840983,41.1283,-68.3108,20180824,NESLTER broadscale
937,61319422,41.5912,-68.0565,20180824,NESLTER broadscale
938,61716788,41.3958,-68.3361,20180824,NESLTER broadscale
939,63344255,40.7279,-68.896,20180824,NESLTER broadscale
940,67243901,41.3368,-68.3351,20180824,NESLTER broadscale
941,67910891,41.5776,-67.9975,20180824,NESLTER broadscale
942,68282257,40.4934,-69.8408,20180824,NESLTER broadscale
943,68490966,40.8143,-69.1314,20180824,NESLTER broadscale
944,68579871,41.463,-67.8715,20180824,NESLTER broadscale
945,69041327,41.4992,-68.3298,20180824,NESLTER broadscale
946,69220956,41.6858,-68.3489,20180824,NESLTER broadscale
947,71196124,40.9262,-68.2853,20180824,NESLTER broadscale
948,72414119,41.499,-68.3342,20180824,NESLTER broadscale
949,75490408,41.6424,-68.0844,20180824,NESLTER broadscale
950,76149640,40.6811,-69.036,20180824,NESLTER broadscale
951,77307416,40.7321,-68.8146,20180824,NESLTER broadscale
952,78493709,40.5878,-68.5745,20180824,NESLTER broadscale
953,79898558,41.3141,-68.3288,20180824,NESLTER broadscale
954,79926925,41.7041,-68.2678,20180824,NESLTER broadscale
955,80107165,40.6223,-68.4224,20180824,NESLTER broadscale
956,81384454,40.5572,-69.6979,20180824,NESLTER broadscale
957,90007447,40.9955,-68.2944,20180824,NESLTER broadscale
958,91696651,41.0627,-68.3024,20180824,NESLTER broadscale
959,92071603,41.6164,-68.4182,20180824,NESLTER broadscale
960,93647812,40.5779,-68.5847,20180824,NESLTER broadscale
961,96156491,40.7046,-68.9666,20180824,NESLTER broadscale
962,96926253,41.5402,-67.9602,20180824,NESLTER broadscale
963,00827247,40.2467,-68.046,20180825,NESLTER broadscale
964,02511218,40.2569,-67.7835,20180825,NESLTER broadscale
965,03641649,40.9797,-67.8091,20180825,NESLTER broadscale
966,05298423,40.0933,-68.9584,20180825,NESLTER broadscale
967,05489404,40.3831,-67.6892,20180825,NESLTER broadscale
968,06492556,40.1331,-68.7963,20180825,NESLTER broadscale
969,09257457,40.3701,-67.7164,20180825,NESLTER broadscale
970,11228979,40.2463,-68.3291,20180825,NESLTER broadscale
971,13742794,40.1948,-68.5479,20180825,NESLTER broadscale
972,14123932,40.9244,-67.7119,20180825,NESLTER broadscale
973,15175849,41.4549,-67.8042,20180825,NESLTER broadscale
974,15588992,40.0348,-69.1906,20180825,NESLTER broadscale
975,17234363,40.4142,-67.6191,20180825,NESLTER broadscale
976,19394123,41.325,-70.566,20180825,Martha's Vineyard Coastal Observatory
977,23255110,41.0001,-67.8381,20180825,NESLTER broadscale
978,24077547,41.1173,-67.8368,20180825,NESLTER broadscale
979,26348849,40.4763,-67.4675,20180825,NESLTER broadscale
980,27788808,40.242,-68.3266,20180825,NESLTER broadscale
981,30306000,40.7632,-67.5974,20180825,NESLTER broadscale
982,31370551,40.1525,-68.7164,20180825,NESLTER broadscale
983,33968832,40.2465,-68.2232,20180825,NESLTER broadscale
984,35584848,41.4663,-67.7223,20180825,NESLTER broadscale
985,36656909,40.0733,-69.0355,20180825,NESLTER broadscale
986,38904565,40.5873,-67.4796,20180825,NESLTER broadscale
987,40108414,40.2544,-67.6885,20180825,NESLTER broadscale
988,43050743,40.2527,-67.9554,20180825,NESLTER broadscale
989,48527268,40.882,-67.6803,20180825,NESLTER broadscale
990,49750496,40.2471,-68.136,20180825,NESLTER broadscale
991,50093526,41.645,-70.675,20180825,Fiddlers Cove
992,50765942,40.4459,-67.5422,20180825,NESLTER broadscale
993,52603319,40.5371,-67.433,20180825,NESLTER broadscale
994,54981319,40.0537,-69.1124,20180825,NESLTER broadscale
995,56611846,40.1696,-68.637,20180825,NESLTER broadscale
996,57068480,40.3119,-67.7075,20180825,NESLTER broadscale
997,58083089,41.396,-67.7178,20180825,NESLTER broadscale
998,61863997,40.0057,-69.3258,20180825,NESLTER broadscale
999,61940763,41.3622,-67.7746,20180825,NESLTER broadscale
1000,62457870,41.4711,-67.6898,20180825,NESLTER broadscale
1001,62769519,41.2486,-67.8368,20180825,NESLTER broadscale
1002,63141465,41.4464,-67.6822,20180825,NESLTER broadscale
1003,63230215,40.0161,-69.269,20180825,NESLTER broadscale
1004,65655188,40.2605,-67.8694,20180825,NESLTER broadscale
1005,67499620,40.2491,-67.6992,20180825,NESLTER broadscale
1006,68670062,41.4152,-67.6715,20180825,NESLTER broadscale
1007,68758591,40.8217,-67.6364,20180825,NESLTER broadscale
1008,71430245,40.0808,-69.2534,20180825,NESLTER broadscale
1009,75091226,40.2149,-68.4681,20180825,NESLTER broadscale
1010,75887941,40.1128,-68.8773,20180825,NESLTER broadscale
1011,78905336,41.313,-67.8381,20180825,NESLTER broadscale
1012,81886491,40.2478,-67.6904,20180825,NESLTER broadscale
1013,83730192,40.4964,-67.3944,20180825,NESLTER broadscale
1014,85414832,40.9428,-67.7347,20180825,NESLTER broadscale
1015,86227623,40.4893,-67.4266,20180825,NESLTER broadscale
1016,86701559,40.3706,-67.7051,20180825,NESLTER broadscale
1017,89727744,40.4916,-67.4127,20180825,NESLTER broadscale
1018,90261869,41.0508,-67.8371,20180825,NESLTER broadscale
1019,91136215,40.2475,-68.3118,20180825,NESLTER broadscale
1020,92080863,41.3306,-67.8352,20180825,NESLTER broadscale
1021,92654600,40.1792,-68.6109,20180825,NESLTER broadscale
1022,94624705,39.9984,-69.3441,20180825,NESLTER broadscale
1023,94905202,41.1827,-67.8366,20180825,NESLTER broadscale
1024,96641733,40.6462,-67.5192,20180825,NESLTER broadscale
1025,99409866,40.0553,-69.2812,20180825,NESLTER broadscale
1026,99512186,40.7045,-67.5582,20180825,NESLTER broadscale
1027,03051442,40.2062,-69.9658,20180826,NESLTER broadscale
1028,05257334,40.2176,-69.7929,20180826,NESLTER broadscale
1029,06810022,39.8296,-70.6161,20180826,NESLTER broadscale
1030,14702070,40.039,-70.6078,20180826,NESLTER broadscale
1031,15094612,40.1001,-70.5939,20180826,NESLTER broadscale
1032,16826933,40.2445,-69.3754,20180826,NESLTER broadscale
1033,17332539,40.1608,-70.5779,20180826,NESLTER broadscale
1034,19394123,41.325,-70.566,20180826,Martha's Vineyard Coastal Observatory
1035,20705720,39.9218,-70.7821,20180826,NESLTER broadscale
1036,20713612,40.1701,-70.5034,20180826,NESLTER broadscale
1037,20968305,40.176,-70.4145,20180826,NESLTER broadscale
1038,23393679,40.2228,-69.7079,20180826,NESLTER broadscale
1039,23674207,39.9911,-70.6103,20180826,NESLTER broadscale
1040,26305007,40.11,-69.2669,20180826,NESLTER broadscale
1041,27889708,40.1642,-70.5878,20180826,NESLTER broadscale
1042,29868014,40.2114,-69.8772,20180826,NESLTER broadscale
1043,32853815,39.851,-70.6554,20180826,NESLTER broadscale
1044,34400881,40.1912,-70.1449,20180826,NESLTER broadscale
1045,37214824,40.2287,-69.6218,20180826,NESLTER broadscale
1046,39959815,40.2318,-69.5361,20180826,NESLTER broadscale
1047,41147658,39.9574,-70.8461,20180826,NESLTER broadscale
1048,42910991,39.8286,-70.6183,20180826,NESLTER broadscale
1049,45484954,39.9934,-70.9102,20180826,NESLTER broadscale
1050,50093526,41.645,-70.675,20180826,Fiddlers Cove
1051,52589191,39.8302,-70.6243,20180826,NESLTER broadscale
1052,53060657,39.8692,-70.6303,20180826,NESLTER broadscale
1053,58992195,40.1664,-69.2949,20180826,NESLTER broadscale
1054,69072086,39.932,-70.6168,20180826,NESLTER broadscale
1055,76480308,40.0367,-70.61,20180826,NESLTER broadscale
1056,78626823,40.182,-70.3251,20180826,NESLTER broadscale
1057,78887180,40.2237,-69.3246,20180826,NESLTER broadscale
1058,82692949,40.2356,-69.4561,20180826,NESLTER broadscale
1059,84596671,40.1856,-70.2359,20180826,NESLTER broadscale
1060,85384776,40.2,-70.0551,20180826,NESLTER broadscale
1061,99118435,39.8883,-70.7219,20180826,NESLTER broadscale
1062,99590861,40.2479,-69.3327,20180826,NESLTER broadscale
1063,19394123,41.325,-70.566,20180827,Martha's Vineyard Coastal Observatory
1064,50093526,41.645,-70.675,20180827,Fiddlers Cove
1065,19394123,41.325,-70.566,20180828,Martha's Vineyard Coastal Observatory
1066,50093526,41.645,-70.675,20180828,Fiddlers Cove
1067,19394123,41.325,-70.566,20180829,Martha's Vineyard Coastal Observatory
1068,19394123,41.325,-70.566,20180830,Martha's Vineyard Coastal Observatory
1069,19394123,41.325,-70.566,20180831,Martha's Vineyard Coastal Observatory
1070,19394123,41.325,-70.566,20180901,Martha's Vineyard Coastal Observatory
1071,19394123,41.325,-70.566,20180902,Martha's Vineyard Coastal Observatory
1072,19394123,41.325,-70.566,20180903,Martha's Vineyard Coastal Observatory
1073,19394123,41.325,-70.566,20180904,Martha's Vineyard Coastal Observatory
1074,19394123,41.325,-70.566,20180905,Martha's Vineyard Coastal Observatory
1075,78310702,41.57,-71.41,20180911,GSO Dock
1076,78310702,41.57,-71.41,20180912,GSO Dock
1077,78310702,41.57,-71.41,20180914,GSO Dock
1078,78310702,41.57,-71.41,20180915,GSO Dock
1079,78310702,41.57,-71.41,20180916,GSO Dock
1080,78310702,41.57,-71.41,20180917,GSO Dock
1081,78310702,41.57,-71.41,20180918,GSO Dock
1082,78310702,41.57,-71.41,20180919,GSO Dock
1083,19394123,41.325,-70.566,20180920,Martha's Vineyard Coastal Observatory
1084,78310702,41.57,-71.41,20180920,GSO Dock
1085,78310702,41.57,-71.41,20180921,GSO Dock
1086,78310702,41.57,-71.41,20180922,GSO Dock
1087,78310702,41.57,-71.41,20180923,GSO Dock
1088,78310702,41.57,-71.41,20180924,GSO Dock
1089,78310702,41.57,-71.41,20180925,GSO Dock
1090,78310702,41.57,-71.41,20180926,GSO Dock
1091,78310702,41.57,-71.41,20180927,GSO Dock
1092,78310702,41.57,-71.41,20180928,GSO Dock
1093,78310702,41.57,-71.41,20180929,GSO Dock
1094,78310702,41.57,-71.41,20180930,GSO Dock
1095,78310702,41.57,-71.41,20181001,GSO Dock
1096,78310702,41.57,-71.41,20181002,GSO Dock
1097,78310702,41.57,-71.41,20181003,GSO Dock
1098,78310702,41.57,-71.41,20181004,GSO Dock
1099,78310702,41.57,-71.41,20181005,GSO Dock
1100,78310702,41.57,-71.41,20181006,GSO Dock
1101,78310702,41.57,-71.41,20181007,GSO Dock
1102,19394123,41.325,-70.566,20181008,Martha's Vineyard Coastal Observatory
1103,78310702,41.57,-71.41,20181008,GSO Dock
1104,78310702,41.57,-71.41,20181009,GSO Dock
1105,78310702,41.57,-71.41,20181012,GSO Dock
1106,78310702,41.57,-71.41,20181013,GSO Dock
1107,78310702,41.57,-71.41,20181015,GSO Dock
1108,78310702,41.57,-71.41,20181016,GSO Dock
1109,78310702,41.57,-71.41,20181017,GSO Dock
1110,78310702,41.57,-71.41,20181030,GSO Dock
1111,19394123,41.325,-70.566,20181031,Martha's Vineyard Coastal Observatory
1112,78310702,41.57,-71.41,20181031,GSO Dock
1113,78310702,41.57,-71.41,20181101,GSO Dock
1114,78310702,41.57,-71.41,20181102,GSO Dock
1115,78310702,41.57,-71.41,20181103,GSO Dock
1116,78310702,41.57,-71.41,20181105,GSO Dock
1117,78310702,41.57,-71.41,20181106,GSO Dock
1118,78310702,41.57,-71.41,20181107,GSO Dock
1119,78310702,41.57,-71.41,20181108,GSO Dock
1120,78310702,41.57,-71.41,20181109,GSO Dock
1121,78310702,41.57,-71.41,20181110,GSO Dock
1122,78310702,41.57,-71.41,20181111,GSO Dock
1123,00014656,40.7761,-70.4151,20181112,NESLTER broadscale
1124,01957812,40.9966,-70.3332,20181112,NESLTER broadscale
1125,04297355,41.0239,-71.1439,20181112,NESLTER broadscale
1126,05417258,40.8025,-70.6211,20181112,NESLTER broadscale
1127,07072899,40.8543,-70.8783,20181112,NESLTER broadscale
1128,08431647,40.8876,-70.1076,20181112,NESLTER broadscale
1129,12561067,40.9981,-71.3622,20181112,NESLTER broadscale
1130,13950656,41.0303,-71.31,20181112,NESLTER broadscale
1131,14328394,41.0562,-71.1976,20181112,NESLTER broadscale
1132,17449191,40.748,-69.8415,20181112,NESLTER broadscale
1133,22631177,40.7501,-70.2778,20181112,NESLTER broadscale
1134,22857807,40.7847,-70.7838,20181112,NESLTER broadscale
1135,23687074,40.9087,-71.5047,20181112,NESLTER broadscale
1136,23924094,40.7356,-70.1357,20181112,NESLTER broadscale
1137,24838855,41.0135,-70.6644,20181112,NESLTER broadscale
1138,25305723,40.9904,-71.09,20181112,NESLTER broadscale
1139,25534360,40.7404,-70.2071,20181112,NESLTER broadscale
1140,25690318,40.9944,-70.3784,20181112,NESLTER broadscale
1141,27340663,40.7379,-69.9915,20181112,NESLTER broadscale
1142,30030315,40.9145,-70.1634,20181112,NESLTER broadscale
1143,31700553,40.8197,-70.8306,20181112,NESLTER broadscale
1144,32162287,41.0864,-71.2558,20181112,NESLTER broadscale
1145,32480742,40.9984,-70.6602,20181112,NESLTER broadscale
1146,33222927,40.838,-69.9961,20181112,NESLTER broadscale
1147,41183813,40.8623,-70.0512,20181112,NESLTER broadscale
1148,41943938,40.9972,-70.5194,20181112,NESLTER broadscale
1149,43064991,40.9399,-71.4799,20181112,NESLTER broadscale
1150,43773946,40.8129,-69.9407,20181112,NESLTER broadscale
1151,47245473,40.941,-70.2212,20181112,NESLTER broadscale
1152,50424024,40.7802,-69.8739,20181112,NESLTER broadscale
1153,52364996,40.751,-70.6233,20181112,NESLTER broadscale
1154,52892505,41.1006,-70.6246,20181112,NESLTER broadscale
1155,53159167,40.8889,-70.93,20181112,NESLTER broadscale
1156,53442553,40.7544,-69.8357,20181112,NESLTER broadscale
1157,56155966,40.6625,-70.6291,20181112,NESLTER broadscale
1158,57430333,41.0655,-70.6397,20181112,NESLTER broadscale
1159,58340577,40.9698,-71.422,20181112,NESLTER broadscale
1160,58524851,40.7864,-70.4847,20181112,NESLTER broadscale
1161,62668338,40.9979,-70.5902,20181112,NESLTER broadscale
1162,62975191,40.6752,-70.6337,20181112,NESLTER broadscale
1163,64216664,40.7,-70.6247,20181112,NESLTER broadscale
1164,68202314,40.7425,-69.9168,20181112,NESLTER broadscale
1165,72590554,40.9567,-71.0361,20181112,NESLTER broadscale
1166,73570170,40.7504,-70.7378,20181112,NESLTER broadscale
1167,76581048,40.9232,-70.9827,20181112,NESLTER broadscale
1168,76603690,40.7965,-70.5547,20181112,NESLTER broadscale
1169,78310702,41.57,-71.41,20181112,GSO Dock
1170,79921669,40.6688,-70.6324,20181112,NESLTER broadscale
1171,84114172,40.9944,-70.4486,20181112,NESLTER broadscale
1172,84730865,40.9683,-70.2796,20181112,NESLTER broadscale
1173,85643803,40.7107,-70.6797,20181112,NESLTER broadscale
1174,87337347,40.888,-71.5757,20181112,NESLTER broadscale
1175,89372272,40.7341,-70.0642,20181112,NESLTER broadscale
1176,90448094,41.0665,-71.2678,20181112,NESLTER broadscale
1177,93018131,40.7599,-70.3474,20181112,NESLTER broadscale
1178,99781705,41.1394,-70.6613,20181112,NESLTER broadscale
1179,48594880,41.1851,-70.7074,20181113,NESLTER broadscale
1180,78310702,41.57,-71.41,20181113,GSO Dock
1181,78310702,41.57,-71.41,20181114,GSO Dock
1182,78310702,41.57,-71.41,20181115,GSO Dock
1183,78310702,41.57,-71.41,20181116,GSO Dock
1184,78310702,41.57,-71.41,20181117,GSO Dock
1185,78310702,41.57,-71.41,20181118,GSO Dock
1186,78310702,41.57,-71.41,20181119,GSO Dock
1187,19394123,41.325,-70.566,20181120,Martha's Vineyard Coastal Observatory
1188,78310702,41.57,-71.41,20181120,GSO Dock
1189,78310702,41.57,-71.41,20181121,GSO Dock
1190,78310702,41.57,-71.41,20181122,GSO Dock
1191,78310702,41.57,-71.41,20181123,GSO Dock
1192,78310702,41.57,-71.41,20181124,GSO Dock
1193,78310702,41.57,-71.41,20181125,GSO Dock
1194,78310702,41.57,-71.41,20181126,GSO Dock
1195,78310702,41.57,-71.41,20181127,GSO Dock
1196,78310702,41.57,-71.41,20181129,GSO Dock
1197,78310702,41.57,-71.41,20181130,GSO Dock
1198,78310702,41.57,-71.41,20181201,GSO Dock
1199,78310702,41.57,-71.41,20181202,GSO Dock
1200,78310702,41.57,-71.41,20181203,GSO Dock
1201,78310702,41.57,-71.41,20181204,GSO Dock
1202,19394123,41.325,-70.566,20181205,Martha's Vineyard Coastal Observatory
1203,78310702,41.57,-71.41,20181205,GSO Dock
1204,78310702,41.57,-71.41,20181206,GSO Dock
1205,78310702,41.57,-71.41,20181207,GSO Dock
1206,78310702,41.57,-71.41,20181208,GSO Dock
1207,78310702,41.57,-71.41,20181209,GSO Dock
1208,78310702,41.57,-71.41,20181210,GSO Dock
1209,78310702,41.57,-71.41,20181211,GSO Dock
1210,78310702,41.57,-71.41,20181212,GSO Dock
1211,78310702,41.57,-71.41,20181213,GSO Dock
1212,78310702,41.57,-71.41,20181214,GSO Dock
1213,78310702,41.57,-71.41,20181216,GSO Dock
1214,78310702,41.57,-71.41,20181218,GSO Dock
1215,78310702,41.57,-71.41,20181219,GSO Dock
1216,19394123,41.325,-70.566,20181220,Martha's Vineyard Coastal Observatory
1217,78310702,41.57,-71.41,20181220,GSO Dock
1218,78310702,41.57,-71.41,20181221,GSO Dock
1219,78310702,41.57,-71.41,20181222,GSO Dock
1220,78310702,41.57,-71.41,20181223,GSO Dock
1221,78310702,41.57,-71.41,20181224,GSO Dock
1222,78310702,41.57,-71.41,20181225,GSO Dock
1223,78310702,41.57,-71.41,20181226,GSO Dock
1224,78310702,41.57,-71.41,20181227,GSO Dock
1225,78310702,41.57,-71.41,20181228,GSO Dock
1226,78310702,41.57,-71.41,20181229,GSO Dock
1227,78310702,41.57,-71.41,20190101,GSO Dock
1228,78310702,41.57,-71.41,20190102,GSO Dock
1229,78310702,41.57,-71.41,20190104,GSO Dock
1230,78310702,41.57,-71.41,20190105,GSO Dock
1231,78310702,41.57,-71.41,20190106,GSO Dock
1232,78310702,41.57,-71.41,20190107,GSO Dock
1233,78310702,41.57,-71.41,20190108,GSO Dock
1234,78310702,41.57,-71.41,20190109,GSO Dock
1235,78310702,41.57,-71.41,20190110,GSO Dock
1236,78310702,41.57,-71.41,20190111,GSO Dock
1237,78310702,41.57,-71.41,20190112,GSO Dock
1238,78310702,41.57,-71.41,20190113,GSO Dock
1239,78310702,41.57,-71.41,20190114,GSO Dock
1240,78310702,41.57,-71.41,20190115,GSO Dock
1241,78310702,41.57,-71.41,20190116,GSO Dock
1242,78310702,41.57,-71.41,20190117,GSO Dock
1243,19394123,41.325,-70.566,20190118,Martha's Vineyard Coastal Observatory
1244,78310702,41.57,-71.41,20190118,GSO Dock
1245,78310702,41.57,-71.41,20190119,GSO Dock
1246,78310702,41.57,-71.41,20190120,GSO Dock
1247,78310702,41.57,-71.41,20190122,GSO Dock
1248,78310702,41.57,-71.41,20190123,GSO Dock
1249,78310702,41.57,-71.41,20190124,GSO Dock
1250,78310702,41.57,-71.41,20190125,GSO Dock
1251,78310702,41.57,-71.41,20190126,GSO Dock
1252,78310702,41.57,-71.41,20190127,GSO Dock
1253,78310702,41.57,-71.41,20190128,GSO Dock
1254,78310702,41.57,-71.41,20190129,GSO Dock
1255,78310702,41.57,-71.41,20190130,GSO Dock
1256,78310702,41.57,-71.41,20190131,GSO Dock
1257,78310702,41.57,-71.41,20190201,GSO Dock
1258,78310702,41.57,-71.41,20190202,GSO Dock
1259,78310702,41.57,-71.41,20190204,GSO Dock
1260,78310702,41.57,-71.41,20190205,GSO Dock
1261,78310702,41.57,-71.41,20190206,GSO Dock
1262,78310702,41.57,-71.41,20190207,GSO Dock
1263,78310702,41.57,-71.41,20190208,GSO Dock
1264,78310702,41.57,-71.41,20190209,GSO Dock
1265,78310702,41.57,-71.41,20190210,GSO Dock
1266,19394123,41.325,-70.566,20190211,Martha's Vineyard Coastal Observatory
1267,78310702,41.57,-71.41,20190211,GSO Dock
1268,78310702,41.57,-71.41,20190212,GSO Dock
1269,78310702,41.57,-71.41,20190213,GSO Dock
1270,78310702,41.57,-71.41,20190214,GSO Dock
1271,78310702,41.57,-71.41,20190215,GSO Dock
1272,78310702,41.57,-71.41,20190216,GSO Dock
1273,78310702,41.57,-71.41,20190217,GSO Dock
1274,78310702,41.57,-71.41,20190218,GSO Dock
1275,78310702,41.57,-71.41,20190219,GSO Dock
1276,19394123,41.325,-70.566,20190220,Martha's Vineyard Coastal Observatory
1277,78310702,41.57,-71.41,20190220,GSO Dock
1278,19394123,41.325,-70.566,20190221,Martha's Vineyard Coastal Observatory
1279,78310702,41.57,-71.41,20190221,GSO Dock
1280,78310702,41.57,-71.41,20190222,GSO Dock
1281,78310702,41.57,-71.41,20190223,GSO Dock
1282,78310702,41.57,-71.41,20190224,GSO Dock
1283,78310702,41.57,-71.41,20190225,GSO Dock
1284,78310702,41.57,-71.41,20190226,GSO Dock
1285,78310702,41.57,-71.41,20190227,GSO Dock
1286,78310702,41.57,-71.41,20190228,GSO Dock
1287,78310702,41.57,-71.41,20190301,GSO Dock
1288,78310702,41.57,-71.41,20190302,GSO Dock
1289,78310702,41.57,-71.41,20190303,GSO Dock
1290,78310702,41.57,-71.41,20190304,GSO Dock
1291,78310702,41.57,-71.41,20190305,GSO Dock
1292,78310702,41.57,-71.41,20190306,GSO Dock
1293,78310702,41.57,-71.41,20190307,GSO Dock
1294,78310702,41.57,-71.41,20190308,GSO Dock
1295,19394123,41.325,-70.566,20190309,Martha's Vineyard Coastal Observatory
1296,78310702,41.57,-71.41,20190309,GSO Dock
1297,19394123,41.325,-70.566,20190310,Martha's Vineyard Coastal Observatory
1298,78310702,41.57,-71.41,20190310,GSO Dock
1299,78310702,41.57,-71.41,20190314,GSO Dock
1300,78310702,41.57,-71.41,20190315,GSO Dock
1301,78310702,41.57,-71.41,20190316,GSO Dock
1302,78310702,41.57,-71.41,20190317,GSO Dock
1303,78310702,41.57,-71.41,20190318,GSO Dock
1304,78310702,41.57,-71.41,20190319,GSO Dock
1305,78310702,41.57,-71.41,20190320,GSO Dock
1306,78310702,41.57,-71.41,20190321,GSO Dock
1307,78310702,41.57,-71.41,20190322,GSO Dock
1308,78310702,41.57,-71.41,20190323,GSO Dock
1309,78310702,41.57,-71.41,20190324,GSO Dock
1310,78310702,41.57,-71.41,20190325,GSO Dock
1311,78310702,41.57,-71.41,20190329,GSO Dock
1312,78310702,41.57,-71.41,20190330,GSO Dock
1313,78310702,41.57,-71.41,20190331,GSO Dock
1314,78310702,41.57,-71.41,20190401,GSO Dock
1315,19394123,41.325,-70.566,20190402,Martha's Vineyard Coastal Observatory
1316,78310702,41.57,-71.41,20190402,GSO Dock
1317,78310702,41.57,-71.41,20190403,GSO Dock
1318,78310702,41.57,-71.41,20190404,GSO Dock
1319,78310702,41.57,-71.41,20190405,GSO Dock
1320,78310702,41.57,-71.41,20190407,GSO Dock
1321,78310702,41.57,-71.41,20190408,GSO Dock
1322,78310702,41.57,-71.41,20190409,GSO Dock
1323,78310702,41.57,-71.41,20190410,GSO Dock
1324,78310702,41.57,-71.41,20190411,GSO Dock
1325,78310702,41.57,-71.41,20190412,GSO Dock
1326,78310702,41.57,-71.41,20190413,GSO Dock
1327,78310702,41.57,-71.41,20190414,GSO Dock
1328,78310702,41.57,-71.41,20190415,GSO Dock
1329,78310702,41.57,-71.41,20190416,GSO Dock
1330,78310702,41.57,-71.41,20190417,GSO Dock
1331,78310702,41.57,-71.41,20190418,GSO Dock
1332,78310702,41.57,-71.41,20190419,GSO Dock
1333,78310702,41.57,-71.41,20190420,GSO Dock
1334,78310702,41.57,-71.41,20190424,GSO Dock
1335,19394123,41.325,-70.566,20190425,Martha's Vineyard Coastal Observatory
1336,62950397,43.781,-69.975,20190425,Bowdoin College (SCSC)
1337,78310702,41.57,-71.41,20190425,GSO Dock
1338,78310702,41.57,-71.41,20190427,GSO Dock
1339,62950397,43.781,-69.975,20190429,Bowdoin College (SCSC)
1340,62950397,43.781,-69.975,20190430,Bowdoin College (SCSC)
1341,78310702,41.57,-71.41,20190430,GSO Dock
1342,19394123,41.325,-70.566,20190501,Martha's Vineyard Coastal Observatory
1343,78310702,41.57,-71.41,20190501,GSO Dock
1344,78310702,41.57,-71.41,20190502,GSO Dock
1345,78310702,41.57,-71.41,20190503,GSO Dock
1346,78310702,41.57,-71.41,20190504,GSO Dock
1347,78310702,41.57,-71.41,20190505,GSO Dock
1348,62950397,43.781,-69.975,20190506,Bowdoin College (SCSC)
1349,78310702,41.57,-71.41,20190506,GSO Dock
1350,19394123,41.325,-70.566,20190507,Martha's Vineyard Coastal Observatory
1351,62950397,43.781,-69.975,20190507,Bowdoin College (SCSC)
1352,78310702,41.57,-71.41,20190507,GSO Dock
1353,62950397,43.781,-69.975,20190508,Bowdoin College (SCSC)
1354,78310702,41.57,-71.41,20190508,GSO Dock
1355,62950397,43.781,-69.975,20190509,Bowdoin College (SCSC)
1356,78310702,41.57,-71.41,20190509,GSO Dock
1357,62950397,43.781,-69.975,20190510,Bowdoin College (SCSC)
1358,78310702,41.57,-71.41,20190510,GSO Dock
1359,62950397,43.781,-69.975,20190511,Bowdoin College (SCSC)
1360,78310702,41.57,-71.41,20190511,GSO Dock
1361,62950397,43.781,-69.975,20190512,Bowdoin College (SCSC)
1362,78310702,41.57,-71.41,20190512,GSO Dock
1363,62950397,43.781,-69.975,20190513,Bowdoin College (SCSC)
1364,78310702,41.57,-71.41,20190513,GSO Dock
1365,62950397,43.781,-69.975,20190514,Bowdoin College (SCSC)
1366,78310702,41.57,-71.41,20190514,GSO Dock
1367,62950397,43.781,-69.975,20190515,Bowdoin College (SCSC)
1368,78310702,41.57,-71.41,20190515,GSO Dock
1369,62950397,43.781,-69.975,20190516,Bowdoin College (SCSC)
1370,78310702,41.57,-71.41,20190516,GSO Dock
1371,62950397,43.781,-69.975,20190517,Bowdoin College (SCSC)
1372,78310702,41.57,-71.41,20190517,GSO Dock
1373,62950397,43.781,-69.975,20190518,Bowdoin College (SCSC)
1374,78310702,41.57,-71.41,20190518,GSO Dock
1375,62950397,43.781,-69.975,20190519,Bowdoin College (SCSC)
1376,78310702,41.57,-71.41,20190519,GSO Dock
1377,62950397,43.781,-69.975,20190520,Bowdoin College (SCSC)
1378,78310702,41.57,-71.41,20190520,GSO Dock
1379,62950397,43.781,-69.975,20190521,Bowdoin College (SCSC)
1380,78310702,41.57,-71.41,20190521,GSO Dock
1381,00598969,41.3643,-71.2559,20190523,NESLTER broadscale
1382,05083829,41.2073,-71.4251,20190523,NESLTER broadscale
1383,12985675,41.3937,-71.3875,20190523,NESLTER broadscale
1384,16998685,41.3506,-71.42,20190523,NESLTER broadscale
1385,20785090,41.343,-71.2969,20190523,NESLTER broadscale
1386,22234931,41.3808,-71.3222,20190523,NESLTER broadscale
1387,31259642,41.3427,-71.297,20190523,NESLTER broadscale
1388,34696432,41.3378,-71.2324,20190523,NESLTER broadscale
1389,36300798,41.0313,-71.5713,20190523,NESLTER broadscale
1390,37819072,41.0858,-71.5135,20190523,NESLTER broadscale
1391,38674658,41.3415,-71.2985,20190523,NESLTER broadscale
1392,49195504,41.279,-71.4199,20190523,NESLTER broadscale
1393,53662930,41.3495,-71.2925,20190523,NESLTER broadscale
1394,59214138,41.4344,-71.3801,20190523,NESLTER broadscale
1395,59228616,41.3687,-71.263,20190523,NESLTER broadscale
1396,60712989,41.4835,-71.3433,20190523,NESLTER broadscale
1397,62813597,41.3688,-71.233,20190523,NESLTER broadscale
1398,62950397,43.781,-69.975,20190523,Bowdoin College (SCSC)
1399,71686106,41.1439,-71.4604,20190523,NESLTER broadscale
1400,73423448,41.3409,-71.2989,20190523,NESLTER broadscale
1401,75629742,41.3323,-71.2666,20190523,NESLTER broadscale
1402,78310702,41.57,-71.41,20190523,GSO Dock
1403,80381858,41.4176,-71.3974,20190523,NESLTER broadscale
1404,80398716,41.3423,-71.2236,20190523,NESLTER broadscale
1405,81273946,41.4886,-71.338,20190523,NESLTER broadscale
1406,83240869,41.3178,-71.2848,20190523,NESLTER broadscale
1407,89282663,41.4125,-71.3896,20190523,NESLTER broadscale
1408,99986448,41.3656,-71.225,20190523,NESLTER broadscale
1409,09253116,40.9821,-71.624,20190524,NESLTER broadscale
1410,62950397,43.781,-69.975,20190524,Bowdoin College (SCSC)
1411,78310702,41.57,-71.41,20190524,GSO Dock
1412,78310702,41.57,-71.41,20190525,GSO Dock
1413,78310702,41.57,-71.41,20190526,GSO Dock
1414,05709123,39.9885,-70.2782,20190527,NESLTER broadscale
1415,07770072,39.9888,-69.7909,20190527,NESLTER broadscale
1416,11666071,39.9222,-69.8888,20190527,NESLTER broadscale
1417,13103086,39.8388,-70.6256,20190527,NESLTER broadscale
1418,15897656,40.0777,-69.6857,20190527,NESLTER broadscale
1419,19650878,39.9351,-69.8496,20190527,NESLTER broadscale
1420,20085406,40.0227,-70.4867,20190527,NESLTER broadscale
1421,26140416,39.8508,-70.6547,20190527,NESLTER broadscale
1422,28326555,40.0284,-70.6133,20190527,NESLTER broadscale
1423,32211191,40.0386,-69.7243,20190527,NESLTER broadscale
1424,32600856,39.9765,-70.8962,20190527,NESLTER broadscale
1425,33956239,40.0013,-70.6064,20190527,NESLTER broadscale
1426,35428230,40.0458,-70.6125,20190527,NESLTER broadscale
1427,40807637,40.0412,-70.6153,20190527,NESLTER broadscale
1428,43031093,39.9705,-70.1827,20190527,NESLTER broadscale
1429,53679577,39.9265,-70.6199,20190527,NESLTER broadscale
1430,64476203,39.9571,-70.0864,20190527,NESLTER broadscale
1431,65577477,39.9421,-69.9792,20190527,NESLTER broadscale
1432,71643458,40.0385,-70.5794,20190527,NESLTER broadscale
1433,73707613,39.9166,-69.838,20190527,NESLTER broadscale
1434,77144008,39.8323,-70.623,20190527,NESLTER broadscale
1435,77417265,39.8351,-70.6301,20190527,NESLTER broadscale
1436,78310702,41.57,-71.41,20190527,GSO Dock
1437,83105318,39.8521,-70.6325,20190527,NESLTER broadscale
1438,84365360,39.8947,-70.7352,20190527,NESLTER broadscale
1439,92494852,39.9355,-70.8158,20190527,NESLTER broadscale
1440,96288200,39.928,-69.8427,20190527,NESLTER broadscale
1441,01736071,40.6746,-70.3995,20190528,NESLTER broadscale
1442,05420456,40.8758,-70.1191,20190528,NESLTER broadscale
1443,09431944,41.0893,-70.3413,20190528,NESLTER broadscale
1444,10047068,41.0001,-70.5839,20190528,NESLTER broadscale
1445,10086187,40.2042,-69.8807,20190528,NESLTER broadscale
1446,10998503,41.0762,-70.1472,20190528,NESLTER broadscale
1447,11315568,40.9299,-70.476,20190528,NESLTER broadscale
1448,13162474,40.0926,-69.705,20190528,NESLTER broadscale
1449,15124020,40.2721,-70.4631,20190528,NESLTER broadscale
1450,18496743,40.4507,-70.8381,20190528,NESLTER broadscale
1451,18603521,40.6559,-70.6424,20190528,NESLTER broadscale
1452,18635545,41.0074,-70.0999,20190528,NESLTER broadscale
1453,18784196,40.1333,-69.7666,20190528,NESLTER broadscale
1454,19110500,40.2733,-70.4905,20190528,NESLTER broadscale
1455,21368267,40.6701,-70.607,20190528,NESLTER broadscale
1456,21885339,40.3739,-70.7003,20190528,NESLTER broadscale
1457,22715365,41.1041,-70.6241,20190528,NESLTER broadscale
1458,23445561,40.3974,-70.2659,20190528,NESLTER broadscale
1459,25949300,41.0952,-70.4355,20190528,NESLTER broadscale
1460,31035567,40.6647,-70.438,20190528,NESLTER broadscale
1461,31925097,40.4123,-70.7694,20190528,NESLTER broadscale
1462,39993691,40.6119,-70.6976,20190528,NESLTER broadscale
1463,41259409,40.5656,-70.7559,20190528,NESLTER broadscale
1464,41505085,40.3248,-70.1292,20190528,NESLTER broadscale
1465,47023132,41.1082,-70.6193,20190528,NESLTER broadscale
1466,49098238,40.1702,-69.8216,20190528,NESLTER broadscale
1467,53996876,40.6671,-70.5224,20190528,NESLTER broadscale
1468,56657901,40.3139,-70.3943,20190528,NESLTER broadscale
1469,57589325,41.1014,-70.5278,20190528,NESLTER broadscale
1470,61171967,40.268,-70.4922,20190528,NESLTER broadscale
1471,61545638,40.7493,-69.9374,20190528,NESLTER broadscale
1472,63199626,40.6691,-70.628,20190528,NESLTER broadscale
1473,63298802,40.7143,-69.745,20190528,NESLTER broadscale
1474,64675191,40.5002,-70.8456,20190528,NESLTER broadscale
1475,65534302,40.8796,-70.3933,20190528,NESLTER broadscale
1476,65984284,40.7316,-69.8412,20190528,NESLTER broadscale
1477,67525649,40.4035,-70.2357,20190528,NESLTER broadscale
1478,75878541,40.8174,-70.1025,20190528,NESLTER broadscale
1479,78310702,41.57,-71.41,20190528,GSO Dock
1480,78539775,40.5021,-70.9115,20190528,NESLTER broadscale
1481,81114390,40.3637,-70.1836,20190528,NESLTER broadscale
1482,81283479,40.2594,-70.494,20190528,NESLTER broadscale
1483,81748071,40.8291,-70.3094,20190528,NESLTER broadscale
1484,82200063,40.2684,-69.9993,20190528,NESLTER broadscale
1485,83579382,40.7232,-70.246,20190528,NESLTER broadscale
1486,85213957,40.52,-70.8143,20190528,NESLTER broadscale
1487,85421555,40.292,-70.0675,20190528,NESLTER broadscale
1488,85896692,40.7798,-70.2242,20190528,NESLTER broadscale
1489,86093914,40.336,-70.6321,20190528,NESLTER broadscale
1490,88216956,40.3551,-70.3302,20190528,NESLTER broadscale
1491,88824656,40.2378,-69.9393,20190528,NESLTER broadscale
1492,88826308,40.6991,-70.3225,20190528,NESLTER broadscale
1493,91698708,40.7704,-70.0317,20190528,NESLTER broadscale
1494,91843663,40.2996,-70.5625,20190528,NESLTER broadscale
1495,93655898,41.1125,-70.6161,20190528,NESLTER broadscale
1496,93755505,40.9416,-70.11,20190528,NESLTER broadscale
1497,94702932,40.4886,-70.9074,20190528,NESLTER broadscale
1498,97348394,41.0726,-70.0912,20190528,NESLTER broadscale
1499,97410037,40.7449,-70.1798,20190528,NESLTER broadscale
1500,98792953,41.0848,-70.2452,20190528,NESLTER broadscale
1501,05478870,40.5096,-68.7681,20190529,NESLTER broadscale
1502,06533861,40.4498,-69.0209,20190529,NESLTER broadscale
1503,10641729,41.6901,-68.3694,20190529,NESLTER broadscale
1504,17432615,41.2293,-68.467,20190529,NESLTER broadscale
1505,18255400,42.0615,-68.2446,20190529,NESLTER broadscale
1506,18698494,42.1276,-68.2302,20190529,NESLTER broadscale
1507,19455392,42.3636,-68.1554,20190529,NESLTER broadscale
1508,19800317,40.9651,-68.7913,20190529,NESLTER broadscale
1509,21688757,41.3598,-68.4339,20190529,NESLTER broadscale
1510,21792395,40.879,-69.1349,20190529,NESLTER broadscale
1511,21844257,40.6141,-68.873,20190529,NESLTER broadscale
1512,22957403,41.4799,-68.4202,20190529,NESLTER broadscale
1513,27459689,42.3286,-68.1904,20190529,NESLTER broadscale
1514,27837414,40.9909,-68.5869,20190529,NESLTER broadscale
1515,29267287,41.918,-68.2661,20190529,NESLTER broadscale
1516,29784894,40.4962,-68.7687,20190529,NESLTER broadscale
1517,30489480,40.4806,-68.8523,20190529,NESLTER broadscale
1518,31859888,40.4905,-69.2653,20190529,NESLTER broadscale
1519,33645449,40.4489,-69.2032,20190529,NESLTER broadscale
1520,43083109,40.4314,-69.105,20190529,NESLTER broadscale
1521,46467481,40.6647,-68.9232,20190529,NESLTER broadscale
1522,46770434,40.7725,-69.0305,20190529,NESLTER broadscale
1523,48614663,41.5715,-68.4261,20190529,NESLTER broadscale
1524,50463225,41.9952,-68.2586,20190529,NESLTER broadscale
1525,54698446,41.0942,-68.4973,20190529,NESLTER broadscale
1526,57679332,40.6995,-69.647,20190529,NESLTER broadscale
1527,58440663,41.4066,-68.4242,20190529,NESLTER broadscale
1528,59741150,41.9287,-68.2712,20190529,NESLTER broadscale
1529,60462532,41.5688,-68.4328,20190529,NESLTER broadscale
1530,62950397,43.781,-69.975,20190529,Bowdoin College (SCSC)
1531,64910684,40.6009,-69.3638,20190529,NESLTER broadscale
1532,65515220,40.6558,-69.4163,20190529,NESLTER broadscale
1533,66607558,41.7895,-68.318,20190529,NESLTER broadscale
1534,67987444,42.1939,-68.2166,20190529,NESLTER broadscale
1535,69508596,40.9776,-68.7051,20190529,NESLTER broadscale
1536,70529501,40.6687,-69.4509,20190529,NESLTER broadscale
1537,70628710,40.826,-69.0827,20190529,NESLTER broadscale
1538,71866402,40.5451,-69.3135,20190529,NESLTER broadscale
1539,72004050,41.6316,-68.4034,20190529,NESLTER broadscale
1540,72504495,41.0418,-68.5401,20190529,NESLTER broadscale
1541,75300086,40.4645,-68.9338,20190529,NESLTER broadscale
1542,76484019,42.3959,-68.1745,20190529,NESLTER broadscale
1543,78310702,41.57,-71.41,20190529,GSO Dock
1544,79548252,40.5615,-68.8206,20190529,NESLTER broadscale
1545,80099758,40.4202,-69.1683,20190529,NESLTER broadscale
1546,80332215,41.2955,-68.4502,20190529,NESLTER broadscale
1547,80479711,41.1628,-68.4816,20190529,NESLTER broadscale
1548,82348694,40.7179,-68.9767,20190529,NESLTER broadscale
1549,83001353,41.0776,-68.5013,20190529,NESLTER broadscale
1550,86338717,41.9075,-68.2578,20190529,NESLTER broadscale
1551,88693626,42.4121,-68.179,20190529,NESLTER broadscale
1552,92511920,41.8496,-68.2871,20190529,NESLTER broadscale
1553,92813080,40.9918,-68.6191,20190529,NESLTER broadscale
1554,96722454,42.2606,-68.2048,20190529,NESLTER broadscale
1555,97234625,40.6849,-69.5485,20190529,NESLTER broadscale
1556,00651733,42.2697,-68.0982,20190530,NESLTER broadscale
1557,01296257,42.0096,-67.6656,20190530,NESLTER broadscale
1558,06687741,41.9353,-67.3318,20190530,NESLTER broadscale
1559,07513992,40.7266,-68.0034,20190530,NESLTER broadscale
1560,10310567,40.6012,-68.0949,20190530,NESLTER broadscale
1561,13165254,41.5448,-67.6179,20190530,NESLTER broadscale
1562,14655274,41.1764,-67.5924,20190530,NESLTER broadscale
1563,16767063,41.3361,-67.6418,20190530,NESLTER broadscale
1564,16915199,41.0066,-67.4729,20190530,NESLTER broadscale
1565,17593595,41.6556,-67.5145,20190530,NESLTER broadscale
1566,19580928,40.8336,-67.9228,20190530,NESLTER broadscale
1567,26778752,42.2234,-68.0103,20190530,NESLTER broadscale
1568,37455428,42.1042,-67.7985,20190530,NESLTER broadscale
1569,37888647,40.5313,-68.1592,20190530,NESLTER broadscale
1570,39035091,40.6634,-68.0492,20190530,NESLTER broadscale
1571,39056656,42.0383,-67.5007,20190530,NESLTER broadscale
1572,40570796,41.0846,-67.4453,20190530,NESLTER broadscale
1573,43129060,40.9249,-67.7311,20190530,NESLTER broadscale
1574,43593676,42.0671,-67.3295,20190530,NESLTER broadscale
1575,44929137,42.3056,-68.12,20190530,NESLTER broadscale
1576,47608106,41.8856,-67.2514,20190530,NESLTER broadscale
1577,50215277,42.0251,-67.5815,20190530,NESLTER broadscale
1578,52809506,41.673,-67.3457,20190530,NESLTER broadscale
1579,53930497,41.8392,-67.2002,20190530,NESLTER broadscale
1580,54143443,42.0059,-67.6895,20190530,NESLTER broadscale
1581,55910001,40.88,-67.8222,20190530,NESLTER broadscale
1582,56765691,42.0508,-67.4168,20190530,NESLTER broadscale
1583,60580791,41.7273,-67.296,20190530,NESLTER broadscale
1584,61119735,41.1636,-67.5435,20190530,NESLTER broadscale
1585,61601307,40.4834,-68.1072,20190530,NESLTER broadscale
1586,62156631,41.2567,-67.6161,20190530,NESLTER broadscale
1587,62788392,42.1432,-67.8695,20190530,NESLTER broadscale
1588,62950397,43.781,-69.975,20190530,Bowdoin College (SCSC)
1589,63091508,41.9867,-67.309,20190530,NESLTER broadscale
1590,63850828,42.2625,-68.0813,20190530,NESLTER broadscale
1591,64907074,40.9137,-67.4991,20190530,NESLTER broadscale
1592,66578599,42.0408,-67.7095,20190530,NESLTER broadscale
1593,67968715,41.1617,-67.4171,20190530,NESLTER broadscale
1594,69144829,41.6637,-67.4983,20190530,NESLTER broadscale
1595,69998607,41.4757,-67.6833,20190530,NESLTER broadscale
1596,73959107,41.4909,-67.6727,20190530,NESLTER broadscale
1597,75115919,40.9106,-67.5264,20190530,NESLTER broadscale
1598,75559188,42.1838,-67.9399,20190530,NESLTER broadscale
1599,75984684,41.9266,-67.3135,20190530,NESLTER broadscale
1600,76494708,40.9306,-67.7053,20190530,NESLTER broadscale
1601,77558135,40.7913,-67.957,20190530,NESLTER broadscale
1602,78310702,41.57,-71.41,20190530,GSO Dock
1603,80722712,41.413,-67.6659,20190530,NESLTER broadscale
1604,81970604,40.5372,-68.1538,20190530,NESLTER broadscale
1605,84299855,40.8371,-67.913,20190530,NESLTER broadscale
1606,84432579,40.5402,-68.1394,20190530,NESLTER broadscale
1607,87932323,42.101,-67.7479,20190530,NESLTER broadscale
1608,88168295,41.1651,-67.4452,20190530,NESLTER broadscale
1609,89236183,42.0549,-67.2819,20190530,NESLTER broadscale
1610,90979339,41.6002,-67.5647,20190530,NESLTER broadscale
1611,92121641,41.6492,-67.4222,20190530,NESLTER broadscale
1612,94474858,42.2558,-68.0852,20190530,NESLTER broadscale
1613,94892368,41.782,-67.2464,20190530,NESLTER broadscale
1614,97442070,40.9322,-67.4978,20190530,NESLTER broadscale
1615,97849598,42.0816,-67.2625,20190530,NESLTER broadscale
1616,99053744,42.0936,-67.7576,20190530,NESLTER broadscale
1617,00770765,40.7314,-67.3653,20190531,NESLTER broadscale
1618,02355159,40.7441,-66.8465,20190531,NESLTER broadscale
1619,08796045,40.2044,-67.7872,20190531,NESLTER broadscale
1620,09152257,40.8067,-66.957,20190531,NESLTER broadscale
1621,13597205,40.6274,-67.5109,20190531,NESLTER broadscale
1622,14352319,40.5772,-67.5783,20190531,NESLTER broadscale
1623,16280006,40.2637,-67.6685,20190531,NESLTER broadscale
1624,16913438,40.3838,-67.7118,20190531,NESLTER broadscale
1625,20318555,40.2479,-67.704,20190531,NESLTER broadscale
1626,21824612,41.0251,-66.5523,20190531,NESLTER broadscale
1627,23105960,41.5774,-66.3486,20190531,NESLTER broadscale
1628,24580308,40.8727,-66.7177,20190531,NESLTER broadscale
1629,26175518,40.8893,-67.1354,20190531,NESLTER broadscale
1630,26193713,40.2493,-67.6735,20190531,NESLTER broadscale
1631,28676319,40.9857,-66.5988,20190531,NESLTER broadscale
1632,28737866,40.7422,-67.3461,20190531,NESLTER broadscale
1633,30375897,40.5275,-67.7358,20190531,NESLTER broadscale
1634,31764488,40.9295,-66.6586,20190531,NESLTER broadscale
1635,31813122,40.5574,-67.6527,20190531,NESLTER broadscale
1636,31845801,41.231,-66.4273,20190531,NESLTER broadscale
1637,31989911,40.7639,-66.8695,20190531,NESLTER broadscale
1638,34441422,40.5754,-67.5957,20190531,NESLTER broadscale
1639,35355057,40.496,-67.8347,20190531,NESLTER broadscale
1640,38710602,40.2522,-67.691,20190531,NESLTER broadscale
1641,39776640,40.3593,-68.0106,20190531,NESLTER broadscale
1642,40907216,41.1483,-66.4377,20190531,NESLTER broadscale
1643,41301603,40.7975,-67.2899,20190531,NESLTER broadscale
1644,45596783,40.9118,-67.1733,20190531,NESLTER broadscale
1645,47067596,40.2517,-67.6809,20190531,NESLTER broadscale
1646,48644375,40.4248,-68.0612,20190531,NESLTER broadscale
1647,48815038,40.496,-67.8171,20190531,NESLTER broadscale
1648,49279851,40.3371,-67.6897,20190531,NESLTER broadscale
1649,50128011,41.5811,-66.4157,20190531,NESLTER broadscale
1650,51083621,40.4012,-67.7324,20190531,NESLTER broadscale
1651,56047391,40.2488,-67.6857,20190531,NESLTER broadscale
1652,57556386,40.2958,-67.9606,20190531,NESLTER broadscale
1653,62904363,40.1801,-67.8496,20190531,NESLTER broadscale
1654,62950397,43.781,-69.975,20190531,Bowdoin College (SCSC)
1655,63929545,41.3578,-66.397,20190531,NESLTER broadscale
1656,66347782,40.2485,-67.6875,20190531,NESLTER broadscale
1657,66743829,40.7441,-67.3445,20190531,NESLTER broadscale
1658,72953608,40.6795,-67.4389,20190531,NESLTER broadscale
1659,74285213,41.4352,-66.3783,20190531,NESLTER broadscale
1660,75091601,41.5038,-66.5845,20190531,NESLTER broadscale
1661,76503734,41.0694,-66.5101,20190531,NESLTER broadscale
1662,78310702,41.57,-71.41,20190531,GSO Dock
1663,78938522,41.5488,-66.5412,20190531,NESLTER broadscale
1664,79108153,40.8493,-67.0456,20190531,NESLTER broadscale
1665,81469117,40.7572,-66.8356,20190531,NESLTER broadscale
1666,81523683,40.1831,-67.827,20190531,NESLTER broadscale
1667,85337352,41.2929,-66.4116,20190531,NESLTER broadscale
1668,90193138,40.2451,-67.691,20190531,NESLTER broadscale
1669,92225346,41.5833,-66.4984,20190531,NESLTER broadscale
1670,93530495,41.1694,-66.4428,20190531,NESLTER broadscale
1671,94961569,40.2333,-67.9094,20190531,NESLTER broadscale
1672,95564956,40.8143,-66.7746,20190531,NESLTER broadscale
1673,96555859,40.8584,-67.2275,20190531,NESLTER broadscale
1674,98404438,41.1569,-66.4397,20190531,NESLTER broadscale
1675,99310939,40.1787,-67.8329,20190531,NESLTER broadscale
1676,99832602,40.4569,-67.7974,20190531,NESLTER broadscale
1677,01089024,41.5734,-66.6649,20190601,NESLTER broadscale
1678,01778205,41.9807,-66.703,20190601,NESLTER broadscale
1679,02088267,42.0412,-66.0111,20190601,NESLTER broadscale
1680,07654289,41.6324,-66.8152,20190601,NESLTER broadscale
1681,10853555,41.7664,-65.4617,20190601,NESLTER broadscale
1682,11366780,41.797,-65.4781,20190601,NESLTER broadscale
1683,14803091,42.0722,-66.1661,20190601,NESLTER broadscale
1684,15066111,42.2844,-65.821,20190601,NESLTER broadscale
1685,16164822,42.1637,-65.7236,20190601,NESLTER broadscale
1686,17114013,42.8257,-66.1883,20190601,NESLTER broadscale
1687,18574962,42.5443,-65.9816,20190601,NESLTER broadscale
1688,19345306,42.0076,-65.9406,20190601,NESLTER broadscale
1689,19556839,42.0043,-66.5179,20190601,NESLTER broadscale
1690,22428235,41.9812,-66.7492,20190601,NESLTER broadscale
1691,23056921,42.0789,-66.0928,20190601,NESLTER broadscale
1692,24361574,41.9912,-66.9207,20190601,NESLTER broadscale
1693,24382269,42.0585,-66.2527,20190601,NESLTER broadscale
1694,28885550,42.0042,-65.7597,20190601,NESLTER broadscale
1695,28994990,41.814,-65.5207,20190601,NESLTER broadscale
1696,29758395,42.2241,-65.7737,20190601,NESLTER broadscale
1697,30276959,41.9861,-66.6075,20190601,NESLTER broadscale
1698,30431081,42.2227,-65.7835,20190601,NESLTER broadscale
1699,37899431,42.0003,-65.7604,20190601,NESLTER broadscale
1700,40549571,41.9581,-65.6992,20190601,NESLTER broadscale
1701,41583310,42.422,-65.9002,20190601,NESLTER broadscale
1702,44568356,41.8729,-66.918,20190601,NESLTER broadscale
1703,44841977,41.9379,-66.9193,20190601,NESLTER broadscale
1704,45513482,42.0413,-66.3416,20190601,NESLTER broadscale
1705,50774335,41.979,-66.7668,20190601,NESLTER broadscale
1706,54722105,41.9403,-65.5707,20190601,NESLTER broadscale
1707,55145789,41.9099,-65.6381,20190601,NESLTER broadscale
1708,57548061,41.6616,-66.9073,20190601,NESLTER broadscale
1709,57925297,42.0069,-65.8548,20190601,NESLTER broadscale
1710,59109102,41.8083,-66.915,20190601,NESLTER broadscale
1711,59276569,42.0374,-65.6388,20190601,NESLTER broadscale
1712,63509497,42.607,-66.0181,20190601,NESLTER broadscale
1713,64604880,42.3536,-65.8584,20190601,NESLTER broadscale
1714,65800408,42.1006,-65.6836,20190601,NESLTER broadscale
1715,65967699,41.6553,-66.8922,20190601,NESLTER broadscale
1716,70996787,41.588,-66.68,20190601,NESLTER broadscale
1717,73619678,41.8708,-65.5248,20190601,NESLTER broadscale
1718,75307477,42.2228,-65.7692,20190601,NESLTER broadscale
1719,75785286,42.7511,-66.1321,20190601,NESLTER broadscale
1720,76904431,41.5142,-66.5989,20190601,NESLTER broadscale
1721,76929234,42.001,-65.773,20190601,NESLTER broadscale
1722,78310702,41.57,-71.41,20190601,GSO Dock
1723,79865630,41.765,-65.4553,20190601,NESLTER broadscale
1724,80530166,42.0029,-65.9361,20190601,NESLTER broadscale
1725,80595844,41.8613,-65.5805,20190601,NESLTER broadscale
1726,81592150,42.5795,-65.9972,20190601,NESLTER broadscale
1727,82179860,41.7595,-65.4499,20190601,NESLTER broadscale
1728,84911355,41.9805,-66.8677,20190601,NESLTER broadscale
1729,87675474,42.077,-66.0857,20190601,NESLTER broadscale
1730,87797507,41.6884,-66.9084,20190601,NESLTER broadscale
1731,89770453,42.0262,-66.4318,20190601,NESLTER broadscale
1732,90756331,42.0145,-65.9398,20190601,NESLTER broadscale
1733,91388575,42.2213,-65.7984,20190601,NESLTER broadscale
1734,93455613,41.6082,-66.7358,20190601,NESLTER broadscale
1735,94109739,41.75,-66.9167,20190601,NESLTER broadscale
1736,95647464,42.6788,-66.0735,20190601,NESLTER broadscale
1737,00556741,42.643,-67.5918,20190602,NESLTER broadscale
1738,02467455,42.9175,-66.4221,20190602,NESLTER broadscale
1739,03973636,43.4129,-67.7128,20190602,NESLTER broadscale
1740,05694877,42.3692,-67.0528,20190602,NESLTER broadscale
1741,06132319,42.6646,-66.5834,20190602,NESLTER broadscale
1742,08126615,42.3609,-67.0533,20190602,NESLTER broadscale
1743,09451664,43.66,-67.7301,20190602,NESLTER broadscale
1744,10056084,43.35,-67.7131,20190602,NESLTER broadscale
1745,10855413,42.6718,-66.58,20190602,NESLTER broadscale
1746,13261143,43.157,-67.7583,20190602,NESLTER broadscale
1747,13485269,43.0925,-67.7756,20190602,NESLTER broadscale
1748,14174530,42.4384,-67.1961,20190602,NESLTER broadscale
1749,18413314,43.028,-66.3401,20190602,NESLTER broadscale
1750,21614283,43.2837,-67.7274,20190602,NESLTER broadscale
1751,22284716,43.0331,-67.7912,20190602,NESLTER broadscale
1752,22598535,42.5733,-67.4546,20190602,NESLTER broadscale
1753,23072520,43.5465,-67.8157,20190602,NESLTER broadscale
1754,23267472,42.7073,-67.7175,20190602,NESLTER broadscale
1755,23546263,42.7671,-67.774,20190602,NESLTER broadscale
1756,27181606,43.3948,-67.7028,20190602,NESLTER broadscale
1757,31932611,42.3715,-67.0649,20190602,NESLTER broadscale
1758,32762256,42.7419,-66.8262,20190602,NESLTER broadscale
1759,33561719,42.8316,-67.8305,20190602,NESLTER broadscale
1760,33882238,43.5783,-67.8287,20190602,NESLTER broadscale
1761,34039954,42.7307,-66.5397,20190602,NESLTER broadscale
1762,34578956,42.3704,-67.0574,20190602,NESLTER broadscale
1763,35988940,42.5953,-66.8386,20190602,NESLTER broadscale
1764,37700219,43.4062,-67.7084,20190602,NESLTER broadscale
1765,38204532,42.6897,-66.6438,20190602,NESLTER broadscale
1766,41773220,42.5285,-67.3676,20190602,NESLTER broadscale
1767,48636661,42.6747,-66.8339,20190602,NESLTER broadscale
1768,50428104,42.5082,-66.843,20190602,NESLTER broadscale
1769,51472854,42.6983,-67.7025,20190602,NESLTER broadscale
1770,52661286,43.035,-66.3506,20190602,NESLTER broadscale
1771,52811659,42.7131,-66.7344,20190602,NESLTER broadscale
1772,57180163,42.3962,-67.117,20190602,NESLTER broadscale
1773,58696582,42.907,-67.8213,20190602,NESLTER broadscale
1774,60176501,42.8235,-67.836,20190602,NESLTER broadscale
1775,62169037,43.5856,-67.828,20190602,NESLTER broadscale
1776,64038682,43.4123,-67.7112,20190602,NESLTER broadscale
1777,64264677,42.514,-66.8285,20190602,NESLTER broadscale
1778,66158319,43.7867,-67.5644,20190602,NESLTER broadscale
1779,66401364,42.5204,-66.8346,20190602,NESLTER broadscale
1780,67523694,42.9721,-67.8046,20190602,NESLTER broadscale
1781,69797458,42.8964,-66.2437,20190602,NESLTER broadscale
1782,72298756,43.4237,-67.7211,20190602,NESLTER broadscale
1783,72930140,43.2201,-67.7431,20190602,NESLTER broadscale
1784,73607369,42.789,-66.5024,20190602,NESLTER broadscale
1785,76435637,42.8476,-67.8328,20190602,NESLTER broadscale
1786,78143006,42.4585,-66.9137,20190602,NESLTER broadscale
1787,78310702,41.57,-71.41,20190602,GSO Dock
1788,79674640,42.4841,-67.2806,20190602,NESLTER broadscale
1789,80583426,42.984,-66.3844,20190602,NESLTER broadscale
1790,81375361,43.4861,-67.77,20190602,NESLTER broadscale
1791,84261928,42.7465,-66.8194,20190602,NESLTER broadscale
1792,85855194,42.9676,-66.2985,20190602,NESLTER broadscale
1793,93904533,42.8517,-66.4601,20190602,NESLTER broadscale
1794,94842262,43.6103,-67.7966,20190602,NESLTER broadscale
1795,96387097,43.7125,-67.6598,20190602,NESLTER broadscale
1796,96696644,42.4123,-66.9909,20190602,NESLTER broadscale
1797,99476837,42.5045,-66.8332,20190602,NESLTER broadscale
1798,02428881,43.4866,-69.4011,20190603,NESLTER broadscale
1799,02731830,44.1964,-67.6997,20190603,NESLTER broadscale
1800,03292830,43.4039,-69.6715,20190603,NESLTER broadscale
1801,03463894,44.0335,-67.3572,20190603,NESLTER broadscale
1802,03539363,43.7375,-68.7613,20190603,NESLTER broadscale
1803,06149628,43.254,-69.5783,20190603,NESLTER broadscale
1804,06351571,43.5433,-69.3583,20190603,NESLTER broadscale
1805,07731927,43.953,-68.4712,20190603,NESLTER broadscale
1806,08957374,44.1557,-67.2582,20190603,NESLTER broadscale
1807,10444340,43.9895,-68.423,20190603,NESLTER broadscale
1808,10989917,43.242,-69.59,20190603,NESLTER broadscale
1809,14572663,44.0962,-67.3037,20190603,NESLTER broadscale
1810,15744812,43.3703,-69.4902,20190603,NESLTER broadscale
1811,16119992,43.8352,-67.508,20190603,NESLTER broadscale
1812,16644924,43.8756,-68.5651,20190603,NESLTER broadscale
1813,18922527,43.6733,-69.0684,20190603,NESLTER broadscale
1814,19649333,44.3268,-67.4967,20190603,NESLTER broadscale
1815,20231537,43.9627,-68.2576,20190603,NESLTER broadscale
1816,20781752,43.8483,-67.501,20190603,NESLTER broadscale
1817,21074091,43.9731,-67.4075,20190603,NESLTER broadscale
1818,22501895,43.6531,-69.1585,20190603,NESLTER broadscale
1819,23049168,43.7002,-68.9455,20190603,NESLTER broadscale
1820,23140322,43.7687,-68.668,20190603,NESLTER broadscale
1821,33347177,44.1364,-67.8537,20190603,NESLTER broadscale
1822,33417771,44.1036,-67.9394,20190603,NESLTER broadscale
1823,34928582,43.3186,-69.6234,20190603,NESLTER broadscale
1824,35385846,43.9233,-68.3349,20190603,NESLTER broadscale
1825,35733708,44.4677,-67.2419,20190603,NESLTER broadscale
1826,36026080,43.3805,-69.8289,20190603,NESLTER broadscale
1827,36153326,43.7175,-68.8516,20190603,NESLTER broadscale
1828,36722842,43.9229,-68.3374,20190603,NESLTER broadscale
1829,37569831,44.2268,-67.6523,20190603,NESLTER broadscale
1830,37845253,44.0784,-68.02,20190603,NESLTER broadscale
1831,40355594,44.4353,-67.234,20190603,NESLTER broadscale
1832,40587639,44.1697,-67.2384,20190603,NESLTER broadscale
1833,41355014,43.3936,-69.7378,20190603,NESLTER broadscale
1834,42116142,43.9316,-68.3203,20190603,NESLTER broadscale
1835,43868224,44.0522,-68.1099,20190603,NESLTER broadscale
1836,48275114,43.9127,-68.5146,20190603,NESLTER broadscale
1837,52157660,44.3726,-67.4123,20190603,NESLTER broadscale
1838,56709420,43.9738,-68.3925,20190603,NESLTER broadscale
1839,59988740,44.423,-67.3241,20190603,NESLTER broadscale
1840,60213267,43.8552,-67.4985,20190603,NESLTER broadscale
1841,63025531,43.6198,-69.2973,20190603,NESLTER broadscale
1842,63619533,43.3128,-69.5352,20190603,NESLTER broadscale
1843,65253536,44.1691,-67.2411,20190603,NESLTER broadscale
1844,65504232,44.1583,-67.7856,20190603,NESLTER broadscale
1845,67524044,44.3699,-67.2411,20190603,NESLTER broadscale
1846,67842586,44.2776,-67.5751,20190603,NESLTER broadscale
1847,72054252,43.2573,-69.594,20190603,NESLTER broadscale
1848,72263553,43.9108,-67.4567,20190603,NESLTER broadscale
1849,74483898,43.3674,-69.9246,20190603,NESLTER broadscale
1850,74617398,44.299,-67.2381,20190603,NESLTER broadscale
1851,75047964,44.2316,-67.2391,20190603,NESLTER broadscale
1852,75787586,43.6017,-69.3083,20190603,NESLTER broadscale
1853,78310702,41.57,-71.41,20190603,GSO Dock
1854,78688063,43.8389,-68.6164,20190603,NESLTER broadscale
1855,79216707,44.4774,-67.2229,20190603,NESLTER broadscale
1856,86655580,44.1915,-67.7011,20190603,NESLTER broadscale
1857,88419122,44.011,-68.1845,20190603,NESLTER broadscale
1858,88832392,43.43,-69.4448,20190603,NESLTER broadscale
1859,94206822,43.7868,-68.6514,20190603,NESLTER broadscale
1860,94858018,43.7617,-68.6743,20190603,NESLTER broadscale
1861,00438886,42.9048,-70.2399,20190604,NESLTER broadscale
1862,03446410,43.1106,-70.3072,20190604,NESLTER broadscale
1863,03558691,42.8515,-69.3329,20190604,NESLTER broadscale
1864,06550256,42.3549,-69.0551,20190604,NESLTER broadscale
1865,06562741,42.9745,-69.7917,20190604,NESLTER broadscale
1866,09576791,42.9856,-69.8097,20190604,NESLTER broadscale
1867,10254867,43.3186,-70.1579,20190604,NESLTER broadscale
1868,10741133,42.9738,-70.412,20190604,NESLTER broadscale
1869,12629473,43.3375,-70.1057,20190604,NESLTER broadscale
1870,12906244,43.0537,-70.3682,20190604,NESLTER broadscale
1871,15145264,42.9501,-69.7003,20190604,NESLTER broadscale
1872,15330683,42.7307,-69.2046,20190604,NESLTER broadscale
1873,15434888,43.3545,-70.0155,20190604,NESLTER broadscale
1874,18645692,42.8331,-69.2569,20190604,NESLTER broadscale
1875,22119637,42.9272,-69.9327,20190604,NESLTER broadscale
1876,22835077,43.1628,-70.2559,20190604,NESLTER broadscale
1877,25294243,42.9323,-69.6058,20190604,NESLTER broadscale
1878,27965206,42.8415,-70.0981,20190604,NESLTER broadscale
1879,28057306,43.2946,-70.1751,20190604,NESLTER broadscale
1880,30585219,42.9989,-70.418,20190604,NESLTER broadscale
1881,30843883,42.87,-70.1519,20190604,NESLTER broadscale
1882,35352853,42.6066,-69.14,20190604,NESLTER broadscale
1883,35742220,42.9384,-70.326,20190604,NESLTER broadscale
1884,37060309,42.9672,-69.8546,20190604,NESLTER broadscale
1885,37654000,42.7963,-69.237,20190604,NESLTER broadscale
1886,44619202,42.4999,-69.0832,20190604,NESLTER broadscale
1887,48280233,42.833,-69.2456,20190604,NESLTER broadscale
1888,49092476,42.4157,-69.075,20190604,NESLTER broadscale
1889,54090059,42.9065,-69.5144,20190604,NESLTER broadscale
1890,57022290,42.8434,-70.0802,20190604,NESLTER broadscale
1891,58024430,42.8848,-70.0073,20190604,NESLTER broadscale
1892,59456229,42.4765,-69.0938,20190604,NESLTER broadscale
1893,62950397,43.781,-69.975,20190604,Bowdoin College (SCSC)
1894,64709959,42.5548,-69.1147,20190604,NESLTER broadscale
1895,68543580,43.2237,-70.2181,20190604,NESLTER broadscale
1896,71886133,42.8806,-69.4246,20190604,NESLTER broadscale
1897,78147041,42.4958,-69.096,20190604,NESLTER broadscale
1898,78310702,41.57,-71.41,20190604,GSO Dock
1899,80197486,42.9916,-70.4299,20190604,NESLTER broadscale
1900,86994152,42.836,-69.2453,20190604,NESLTER broadscale
1901,89681341,42.6685,-69.1719,20190604,NESLTER broadscale
1902,95612347,43.1502,-70.2665,20190604,NESLTER broadscale
1903,98023161,42.9933,-69.7992,20190604,NESLTER broadscale
1904,62950397,43.781,-69.975,20190605,Bowdoin College (SCSC)
1905,78310702,41.57,-71.41,20190605,GSO Dock
1906,62950397,43.781,-69.975,20190606,Bowdoin College (SCSC)
1907,78310702,41.57,-71.41,20190606,GSO Dock
1908,62950397,43.781,-69.975,20190607,Bowdoin College (SCSC)
1909,78310702,41.57,-71.41,20190607,GSO Dock
1910,62950397,43.781,-69.975,20190608,Bowdoin College (SCSC)
1911,78310702,41.57,-71.41,20190608,GSO Dock
1912,62950397,43.781,-69.975,20190609,Bowdoin College (SCSC)
1913,78310702,41.57,-71.41,20190609,GSO Dock
1914,19394123,41.325,-70.566,20190610,Martha's Vineyard Coastal Observatory
1915,62950397,43.781,-69.975,20190610,Bowdoin College (SCSC)
1916,78310702,41.57,-71.41,20190610,GSO Dock
1917,62950397,43.781,-69.975,20190611,Bowdoin College (SCSC)
1918,78310702,41.57,-71.41,20190611,GSO Dock
1919,78310702,41.57,-71.41,20190612,GSO Dock
1920,78310702,41.57,-71.41,20190613,GSO Dock
1921,78310702,41.57,-71.41,20190614,GSO Dock
1922,78310702,41.57,-71.41,20190615,GSO Dock
1923,78310702,41.57,-71.41,20190616,GSO Dock
1924,78310702,41.57,-71.41,20190617,GSO Dock
1925,78310702,41.57,-71.41,20190618,GSO Dock
1926,62950397,43.781,-69.975,20190619,Bowdoin College (SCSC)
1927,78310702,41.57,-71.41,20190619,GSO Dock
1928,78310702,41.57,-71.41,20190620,GSO Dock
1929,78310702,41.57,-71.41,20190622,GSO Dock
1930,78310702,41.57,-71.41,20190623,GSO Dock
1931,78310702,41.57,-71.41,20190624,GSO Dock
1932,78310702,41.57,-71.41,20190625,GSO Dock
1933,78310702,41.57,-71.41,20190626,GSO Dock
1934,78310702,41.57,-71.41,20190627,GSO Dock
1935,78310702,41.57,-71.41,20190628,GSO Dock
1936,78310702,41.57,-71.41,20190701,GSO Dock
1937,78310702,41.57,-71.41,20190702,GSO Dock
1938,78310702,41.57,-71.41,20190703,GSO Dock
1939,78310702,41.57,-71.41,20190704,GSO Dock
1940,78310702,41.57,-71.41,20190710,GSO Dock
1941,78310702,41.57,-71.41,20190711,GSO Dock
1942,78310702,41.57,-71.41,20190712,GSO Dock
1943,78310702,41.57,-71.41,20190713,GSO Dock
1944,78310702,41.57,-71.41,20190714,GSO Dock
1945,78310702,41.57,-71.41,20190715,GSO Dock
1946,78310702,41.57,-71.41,20190716,GSO Dock
1947,78310702,41.57,-71.41,20190725,GSO Dock
1948,78310702,41.57,-71.41,20190730,GSO Dock
1949,78310702,41.57,-71.41,20190731,GSO Dock
1950,78310702,41.57,-71.41,20190801,GSO Dock
1951,19394123,41.325,-70.566,20190802,Martha's Vineyard Coastal Observatory
1952,78310702,41.57,-71.41,20190802,GSO Dock
1953,78310702,41.57,-71.41,20190803,GSO Dock
1954,78310702,41.57,-71.41,20190804,GSO Dock
1955,78310702,41.57,-71.41,20190805,GSO Dock
1956,78310702,41.57,-71.41,20190806,GSO Dock
1957,78310702,41.57,-71.41,20190813,GSO Dock
1958,78310702,41.57,-71.41,20190814,GSO Dock
1959,78310702,41.57,-71.41,20190815,GSO Dock
1960,78310702,41.57,-71.41,20190816,GSO Dock
1961,78310702,41.57,-71.41,20190817,GSO Dock
1962,78310702,41.57,-71.41,20190818,GSO Dock
1963,78310702,41.57,-71.41,20190819,GSO Dock
1964,00860334,40.5637,-71.1555,20190820,NESLTER broadscale
1965,02796357,40.1877,-70.65,20190820,NESLTER broadscale
1966,08083088,40.5722,-71.0834,20190820,NESLTER broadscale
1967,13744024,40.4055,-70.8653,20190820,NESLTER broadscale
1968,21153962,40.5769,-71.0932,20190820,NESLTER broadscale
1969,35432791,40.3632,-70.8117,20190820,NESLTER broadscale
1970,38584608,40.3234,-70.7622,20190820,NESLTER broadscale
1971,47788415,40.0797,-70.6149,20190820,NESLTER broadscale
1972,49959984,40.0415,-70.6059,20190820,NESLTER broadscale
1973,54743726,40.2803,-70.7092,20190820,NESLTER broadscale
1974,67238580,40.5456,-71.2268,20190820,NESLTER broadscale
1975,68025000,40.528,-71.2983,20190820,NESLTER broadscale
1976,72587034,40.0462,-70.612,20190820,NESLTER broadscale
1977,78310702,41.57,-71.41,20190820,GSO Dock
1978,79449809,40.2426,-70.6761,20190820,NESLTER broadscale
1979,80711038,40.5377,-71.0315,20190820,NESLTER broadscale
1980,86384346,40.5683,-71.0869,20190820,NESLTER broadscale
1981,87889246,40.4971,-70.9807,20190820,NESLTER broadscale
1982,91197799,40.1321,-70.6313,20190820,NESLTER broadscale
1983,96405850,40.2482,-70.6743,20190820,NESLTER broadscale
1984,00828437,40.7173,-70.5011,20190821,NESLTER broadscale
1985,02035329,40.275,-70.35,20190821,NESLTER broadscale
1986,03860245,40.7523,-70.4246,20190821,NESLTER broadscale
1987,06047949,40.1916,-70.2415,20190821,NESLTER broadscale
1988,07094498,40.5864,-69.42,20190821,NESLTER broadscale
1989,07569648,40.2471,-70.2512,20190821,NESLTER broadscale
1990,09693175,39.9723,-70.449,20190821,NESLTER broadscale
1991,09865109,40.411,-69.3911,20190821,NESLTER broadscale
1992,11209435,40.6038,-70.145,20190821,NESLTER broadscale
1993,11841034,40.4692,-69.4005,20190821,NESLTER broadscale
1994,12730495,40.6175,-70.2886,20190821,NESLTER broadscale
1995,17068862,40.3301,-70.5873,20190821,NESLTER broadscale
1996,17862925,40.6123,-69.6298,20190821,NESLTER broadscale
1997,18039806,39.9957,-70.4296,20190821,NESLTER broadscale
1998,20287481,40.6092,-69.7937,20190821,NESLTER broadscale
1999,22214045,39.9857,-70.6063,20190821,NESLTER broadscale
2000,24496266,40.7437,-70.43,20190821,NESLTER broadscale
2001,24848710,40.0773,-70.3328,20190821,NESLTER broadscale
2002,25831318,40.6928,-70.5639,20190821,NESLTER broadscale
2003,26145590,40.6754,-70.6332,20190821,NESLTER broadscale
2004,27374449,40.6698,-70.6336,20190821,NESLTER broadscale
2005,28332903,40.4741,-70.6016,20190821,NESLTER broadscale
2006,28362673,39.8313,-70.6188,20190821,NESLTER broadscale
2007,29904972,40.2927,-70.4393,20190821,NESLTER broadscale
2008,32292422,40.533,-70.6072,20190821,NESLTER broadscale
2009,32342056,40.6026,-70.2274,20190821,NESLTER broadscale
2010,32379503,40.2184,-70.2335,20190821,NESLTER broadscale
2011,33632036,39.8313,-70.6057,20190821,NESLTER broadscale
2012,35210127,40.6107,-69.7113,20190821,NESLTER broadscale
2013,36780147,40.6137,-69.5484,20190821,NESLTER broadscale
2014,40793263,40.7076,-70.3786,20190821,NESLTER broadscale
2015,41147954,40.5847,-70.2503,20190821,NESLTER broadscale
2016,42306572,40.653,-70.6201,20190821,NESLTER broadscale
2017,44642928,40.2983,-70.4385,20190821,NESLTER broadscale
2018,49202833,39.8647,-70.619,20190821,NESLTER broadscale
2019,50727544,40.3521,-70.5908,20190821,NESLTER broadscale
2020,55737320,39.8481,-70.5953,20190821,NESLTER broadscale
2021,57486643,40.6147,-69.4636,20190821,NESLTER broadscale
2022,58660275,40.265,-70.2793,20190821,NESLTER broadscale
2023,60024557,39.9372,-70.5068,20190821,NESLTER broadscale
2024,60760690,40.5941,-70.6145,20190821,NESLTER broadscale
2025,62261930,40.0381,-70.3835,20190821,NESLTER broadscale
2026,63840704,40.2901,-70.4197,20190821,NESLTER broadscale
2027,66083695,40.1497,-70.2718,20190821,NESLTER broadscale
2028,66591773,40.4123,-70.5946,20190821,NESLTER broadscale
2029,66892742,39.9252,-70.6123,20190821,NESLTER broadscale
2030,66911846,40.6047,-70.0617,20190821,NESLTER broadscale
2031,71812797,40.6064,-69.9804,20190821,NESLTER broadscale
2032,71816603,40.3276,-70.5741,20190821,NESLTER broadscale
2033,75025670,39.8971,-70.5565,20190821,NESLTER broadscale
2034,78310702,41.57,-71.41,20190821,GSO Dock
2035,81994218,39.8338,-70.6034,20190821,NESLTER broadscale
2036,82025490,40.3542,-69.3808,20190821,NESLTER broadscale
2037,82882099,39.9897,-70.4353,20190821,NESLTER broadscale
2038,85633435,40.529,-69.4107,20190821,NESLTER broadscale
2039,85773239,40.0445,-70.6057,20190821,NESLTER broadscale
2040,86226481,40.5824,-69.4186,20190821,NESLTER broadscale
2041,86312373,39.9849,-70.4377,20190821,NESLTER broadscale
2042,87079946,40.1195,-70.2917,20190821,NESLTER broadscale
2043,91978009,40.663,-70.3342,20190821,NESLTER broadscale
2044,94407194,40.2961,-69.3717,20190821,NESLTER broadscale
2045,99026687,40.3121,-70.5121,20190821,NESLTER broadscale
2046,03123634,40.4999,-67.5311,20190822,NESLTER broadscale
2047,04386306,40.1896,-68.9025,20190822,NESLTER broadscale
2048,06202565,40.5477,-67.4659,20190822,NESLTER broadscale
2049,07462171,40.2719,-67.7827,20190822,NESLTER broadscale
2050,10566052,40.6884,-67.2056,20190822,NESLTER broadscale
2051,11907343,40.306,-67.9039,20190822,NESLTER broadscale
2052,13834617,40.105,-69.2492,20190822,NESLTER broadscale
2053,15403206,40.3238,-67.9664,20190822,NESLTER broadscale
2054,17072811,40.8216,-66.939,20190822,NESLTER broadscale
2055,17150881,40.2676,-68.7135,20190822,NESLTER broadscale
2056,17337493,40.154,-69.044,20190822,NESLTER broadscale
2057,20589175,40.1717,-68.9745,20190822,NESLTER broadscale
2058,22120998,40.9146,-66.7558,20190822,NESLTER broadscale
2059,30259172,40.9225,-66.7521,20190822,NESLTER broadscale
2060,30827302,40.4627,-68.5023,20190822,NESLTER broadscale
2061,31324168,40.2446,-68.6819,20190822,NESLTER broadscale
2062,33442492,40.2497,-68.7502,20190822,NESLTER broadscale
2063,33819549,40.7564,-67.0699,20190822,NESLTER broadscale
2064,35581116,40.3935,-68.2316,20190822,NESLTER broadscale
2065,35959786,40.3849,-68.5919,20190822,NESLTER broadscale
2066,36047382,40.3321,-68.5984,20190822,NESLTER broadscale
2067,38421587,40.0935,-69.3188,20190822,NESLTER broadscale
2068,40404974,40.3299,-68.5887,20190822,NESLTER broadscale
2069,40581819,40.2639,-67.6817,20190822,NESLTER broadscale
2070,43451562,40.5792,-67.4274,20190822,NESLTER broadscale
2071,44018179,40.2541,-68.7109,20190822,NESLTER broadscale
2072,45509667,40.9681,-66.727,20190822,NESLTER broadscale
2073,46666308,40.4078,-68.298,20190822,NESLTER broadscale
2074,46896987,40.4837,-68.574,20190822,NESLTER broadscale
2075,48149919,40.2889,-67.8429,20190822,NESLTER broadscale
2076,49826782,40.3781,-68.1649,20190822,NESLTER broadscale
2077,51555250,40.4235,-68.3645,20190822,NESLTER broadscale
2078,54580449,40.2076,-68.8304,20190822,NESLTER broadscale
2079,54984560,40.3418,-68.0316,20190822,NESLTER broadscale
2080,56672233,40.3005,-68.6478,20190822,NESLTER broadscale
2081,57331439,40.6533,-67.2752,20190822,NESLTER broadscale
2082,61131792,40.0846,-69.3347,20190822,NESLTER broadscale
2083,61691700,40.12,-69.1807,20190822,NESLTER broadscale
2084,62328855,40.4927,-68.5865,20190822,NESLTER broadscale
2085,63295581,40.1214,-69.3425,20190822,NESLTER broadscale
2086,66224643,40.6175,-67.3478,20190822,NESLTER broadscale
2087,73139811,40.7223,-67.1359,20190822,NESLTER broadscale
2088,73232509,40.3036,-67.6761,20190822,NESLTER broadscale
2089,75397520,40.4526,-67.5952,20190822,NESLTER broadscale
2090,76806871,40.2622,-68.6674,20190822,NESLTER broadscale
2091,78310702,41.57,-71.41,20190822,GSO Dock
2092,78352870,40.4428,-68.587,20190822,NESLTER broadscale
2093,78433442,40.9225,-66.7548,20190822,NESLTER broadscale
2094,80242385,40.4044,-67.6621,20190822,NESLTER broadscale
2095,81191486,40.341,-67.6759,20190822,NESLTER broadscale
2096,81298459,40.8852,-66.8116,20190822,NESLTER broadscale
2097,81525944,40.2561,-68.6666,20190822,NESLTER broadscale
2098,81928478,40.1371,-69.1138,20190822,NESLTER broadscale
2099,89334533,40.8538,-66.8749,20190822,NESLTER broadscale
2100,89882141,40.3618,-68.0996,20190822,NESLTER broadscale
2101,89973085,40.2261,-68.7569,20190822,NESLTER broadscale
2102,91302673,40.236,-69.361,20190822,NESLTER broadscale
2103,91459311,40.7901,-67.0025,20190822,NESLTER broadscale
2104,92190324,40.3742,-67.6866,20190822,NESLTER broadscale
2105,95210623,40.441,-68.4327,20190822,NESLTER broadscale
2106,95547156,40.254,-67.7215,20190822,NESLTER broadscale
2107,99029288,40.1791,-69.3524,20190822,NESLTER broadscale
2108,02838917,42.2652,-65.4237,20190823,NESLTER broadscale
2109,03635108,41.5928,-65.9444,20190823,NESLTER broadscale
2110,05440782,41.4545,-66.1102,20190823,NESLTER broadscale
2111,06231159,41.4095,-66.1776,20190823,NESLTER broadscale
2112,10674112,41.2183,-66.4842,20190823,NESLTER broadscale
2113,10770052,42.0711,-65.884,20190823,NESLTER broadscale
2114,11267737,41.4158,-66.1803,20190823,NESLTER broadscale
2115,13308985,41.9879,-66.0772,20190823,NESLTER broadscale
2116,13512797,41.6902,-65.6549,20190823,NESLTER broadscale
2117,16515773,41.0768,-66.6744,20190823,NESLTER broadscale
2118,19208163,42.2802,-65.5562,20190823,NESLTER broadscale
2119,19266197,41.7984,-65.4498,20190823,NESLTER broadscale
2120,22087284,42.3232,-65.4215,20190823,NESLTER broadscale
2121,23718342,41.4924,-66.0531,20190823,NESLTER broadscale
2122,24495354,42.2221,-65.7836,20190823,NESLTER broadscale
2123,27169456,41.1106,-66.6246,20190823,NESLTER broadscale
2124,28088191,42.2669,-65.6283,20190823,NESLTER broadscale
2125,30097925,41.1459,-66.5741,20190823,NESLTER broadscale
2126,31540292,41.8591,-65.4387,20190823,NESLTER broadscale
2127,33192709,41.9769,-65.4353,20190823,NESLTER broadscale
2128,34972168,42.0886,-65.4316,20190823,NESLTER broadscale
2129,36242173,41.6206,-65.8769,20190823,NESLTER broadscale
2130,39423635,41.7464,-65.4459,20190823,NESLTER broadscale
2131,48872182,42.2058,-65.4259,20190823,NESLTER broadscale
2132,50216775,41.9482,-66.0374,20190823,NESLTER broadscale
2133,50574270,41.4245,-66.1632,20190823,NESLTER broadscale
2134,50868422,41.5692,-65.9372,20190823,NESLTER broadscale
2135,50988039,42.1633,-65.8141,20190823,NESLTER broadscale
2136,51806556,42.3103,-65.4951,20190823,NESLTER broadscale
2137,51981707,41.3437,-66.2762,20190823,NESLTER broadscale
2138,52133314,41.6672,-65.725,20190823,NESLTER broadscale
2139,53315935,41.016,-66.703,20190823,NESLTER broadscale
2140,55642764,41.7322,-65.5166,20190823,NESLTER broadscale
2141,58394081,42.2136,-65.7882,20190823,NESLTER broadscale
2142,58826441,41.0712,-66.6765,20190823,NESLTER broadscale
2143,58845707,41.3127,-66.3289,20190823,NESLTER broadscale
2144,58889945,41.2515,-66.4377,20190823,NESLTER broadscale
2145,59069568,41.9319,-65.99,20190823,NESLTER broadscale
2146,61271194,41.6433,-65.8021,20190823,NESLTER broadscale
2147,64995961,41.5985,-65.9457,20190823,NESLTER broadscale
2148,65786038,42.1172,-65.8498,20190823,NESLTER broadscale
2149,66685336,41.3762,-66.2274,20190823,NESLTER broadscale
2150,69105562,41.7125,-65.5857,20190823,NESLTER broadscale
2151,69868379,42.2464,-65.6951,20190823,NESLTER broadscale
2152,70645039,41.5845,-65.9321,20190823,NESLTER broadscale
2153,73960418,41.9782,-65.9547,20190823,NESLTER broadscale
2154,74726047,42.2228,-65.7857,20190823,NESLTER broadscale
2155,76264598,41.9205,-65.4368,20190823,NESLTER broadscale
2156,78310702,41.57,-71.41,20190823,GSO Dock
2157,79450325,42.3323,-65.4409,20190823,NESLTER broadscale
2158,82545969,41.9173,-66.0055,20190823,NESLTER broadscale
2159,82683314,41.0628,-66.6794,20190823,NESLTER broadscale
2160,84159056,42.1468,-65.4277,20190823,NESLTER broadscale
2161,88814357,41.7591,-65.4421,20190823,NESLTER broadscale
2162,89477965,42.0134,-66.1363,20190823,NESLTER broadscale
2163,93056630,41.7722,-65.4491,20190823,NESLTER broadscale
2164,93249456,41.1796,-66.524,20190823,NESLTER broadscale
2165,94264389,42.0234,-65.9199,20190823,NESLTER broadscale
2166,95079429,41.5303,-65.9958,20190823,NESLTER broadscale
2167,96217334,42.0331,-65.4321,20190823,NESLTER broadscale
2168,98057851,42.0006,-66.0802,20190823,NESLTER broadscale
2169,99753445,41.2829,-66.3831,20190823,NESLTER broadscale
2170,02798907,42.6119,-67.7224,20190824,NESLTER broadscale
2171,09543738,42.664,-67.3337,20190824,NESLTER broadscale
2172,10661264,42.2739,-67.0994,20190824,NESLTER broadscale
2173,10937025,42.1361,-66.7815,20190824,NESLTER broadscale
2174,12348484,42.3715,-67.0521,20190824,NESLTER broadscale
2175,12984776,42.413,-67.1572,20190824,NESLTER broadscale
2176,13011962,42.6983,-67.6752,20190824,NESLTER broadscale
2177,15568903,42.6764,-67.4602,20190824,NESLTER broadscale
2178,19853805,42.3245,-67.0717,20190824,NESLTER broadscale
2179,21294984,42.0646,-66.2297,20190824,NESLTER broadscale
2180,22237666,42.1595,-67.8396,20190824,NESLTER broadscale
2181,22397245,42.163,-67.8287,20190824,NESLTER broadscale
2182,27070202,42.4484,-67.7637,20190824,NESLTER broadscale
2183,29234512,42.0897,-66.932,20190824,NESLTER broadscale
2184,29598030,42.0627,-66.9969,20190824,NESLTER broadscale
2185,30263284,42.4052,-67.1597,20190824,NESLTER broadscale
2186,32949098,42.6404,-67.3208,20190824,NESLTER broadscale
2187,34063663,42.1162,-67.1873,20190824,NESLTER broadscale
2188,35489734,42.1296,-66.5614,20190824,NESLTER broadscale
2189,36808410,42.0832,-66.9147,20190824,NESLTER broadscale
2190,39647946,42.1992,-67.8276,20190824,NESLTER broadscale
2191,42090482,42.1476,-66.6271,20190824,NESLTER broadscale
2192,44314462,42.0596,-67.0748,20190824,NESLTER broadscale
2193,45693297,42.4584,-67.1999,20190824,NESLTER broadscale
2194,46484566,42.3283,-67.7951,20190824,NESLTER broadscale
2195,47421692,42.0333,-67.7151,20190824,NESLTER broadscale
2196,50376233,42.697,-67.6905,20190824,NESLTER broadscale
2197,54953398,42.6925,-67.6022,20190824,NESLTER broadscale
2198,55407882,42.6693,-67.3897,20190824,NESLTER broadscale
2199,56448133,42.5042,-67.7504,20190824,NESLTER broadscale
2200,56496962,42.0839,-66.3616,20190824,NESLTER broadscale
2201,60096562,42.5508,-67.2624,20190824,NESLTER broadscale
2202,60479947,42.1229,-67.7985,20190824,NESLTER broadscale
2203,61112157,42.3838,-67.0854,20190824,NESLTER broadscale
2204,62035410,42.1491,-66.7074,20190824,NESLTER broadscale
2205,64680808,42.4182,-67.1507,20190824,NESLTER broadscale
2206,70573423,42.005,-67.6617,20190824,NESLTER broadscale
2207,72072662,42.2216,-67.128,20190824,NESLTER broadscale
2208,73065095,42.3728,-67.0497,20190824,NESLTER broadscale
2209,73744170,42.3896,-67.7794,20190824,NESLTER broadscale
2210,73893872,42.0392,-67.1447,20190824,NESLTER broadscale
2211,74150795,42.11,-66.4966,20190824,NESLTER broadscale
2212,76315627,42.1698,-67.1534,20190824,NESLTER broadscale
2213,78310702,41.57,-71.41,20190824,GSO Dock
2214,79733236,42.2634,-67.8112,20190824,NESLTER broadscale
2215,79888413,42.6835,-67.5287,20190824,NESLTER broadscale
2216,80167669,42.1565,-66.6601,20190824,NESLTER broadscale
2217,82825215,42.3622,-67.0564,20190824,NESLTER broadscale
2218,82913266,42.4212,-67.1484,20190824,NESLTER broadscale
2219,83095294,42.0089,-67.2388,20190824,NESLTER broadscale
2220,86363277,42.012,-67.2082,20190824,NESLTER broadscale
2221,87825378,42.0611,-67.2181,20190824,NESLTER broadscale
2222,89001074,42.007,-67.683,20190824,NESLTER broadscale
2223,89189004,42.6663,-67.3234,20190824,NESLTER broadscale
2224,89245915,42.0768,-66.2936,20190824,NESLTER broadscale
2225,90988709,42.0782,-67.7568,20190824,NESLTER broadscale
2226,91183884,42.5582,-67.7364,20190824,NESLTER broadscale
2227,91515157,42.0364,-66.1816,20190824,NESLTER broadscale
2228,93518505,42.5041,-67.2315,20190824,NESLTER broadscale
2229,94320926,42.0912,-66.4308,20190824,NESLTER broadscale
2230,98579179,42.5954,-67.2912,20190824,NESLTER broadscale
2231,99508594,42.1055,-66.8473,20190824,NESLTER broadscale
2232,00393437,41.9769,-67.6081,20190825,NESLTER broadscale
2233,00489746,41.0259,-67.231,20190825,NESLTER broadscale
2234,01192002,41.9508,-67.6697,20190825,NESLTER broadscale
2235,01426869,41.0455,-67.3479,20190825,NESLTER broadscale
2236,01826485,41.0158,-67.5423,20190825,NESLTER broadscale
2237,03693217,41.6467,-67.5545,20190825,NESLTER broadscale
2238,03924582,41.6477,-67.1543,20190825,NESLTER broadscale
2239,04960412,41.9067,-67.7211,20190825,NESLTER broadscale
2240,06379132,41.2674,-67.0378,20190825,NESLTER broadscale
2241,07674132,41.4532,-67.9819,20190825,NESLTER broadscale
2242,10162549,41.1696,-67.1164,20190825,NESLTER broadscale
2243,11258075,41.3774,-67.8082,20190825,NESLTER broadscale
2244,11511063,41.3698,-66.9697,20190825,NESLTER broadscale
2245,16442860,41.478,-66.9853,20190825,NESLTER broadscale
2246,18660094,41.7299,-67.5121,20190825,NESLTER broadscale
2247,20530098,41.7445,-67.2431,20190825,NESLTER broadscale
2248,22753684,41.251,-68.0039,20190825,NESLTER broadscale
2249,23015948,41.4765,-67.6803,20190825,NESLTER broadscale
2250,26992461,41.4608,-67.6949,20190825,NESLTER broadscale
2251,27678103,41.3494,-67.9927,20190825,NESLTER broadscale
2252,31943036,41.6683,-68.0904,20190825,NESLTER broadscale
2253,33640155,41.2995,-67.9976,20190825,NESLTER broadscale
2254,35436037,41.5069,-67.9866,20190825,NESLTER broadscale
2255,35452893,41.8674,-67.781,20190825,NESLTER broadscale
2256,36062379,41.0,-67.2534,20190825,NESLTER broadscale
2257,38489751,41.2687,-67.9744,20190825,NESLTER broadscale
2258,43027490,41.5905,-68.0603,20190825,NESLTER broadscale
2259,43510493,41.0802,-67.4201,20190825,NESLTER broadscale
2260,44902976,41.6949,-67.2015,20190825,NESLTER broadscale
2261,45453594,41.7363,-67.4335,20190825,NESLTER broadscale
2262,45678616,41.3178,-67.0021,20190825,NESLTER broadscale
2263,48653073,41.6878,-67.5335,20190825,NESLTER broadscale
2264,54473949,41.5595,-67.5989,20190825,NESLTER broadscale
2265,56607591,41.075,-67.4077,20190825,NESLTER broadscale
2266,57320396,41.6028,-67.1088,20190825,NESLTER broadscale
2267,59727879,41.5173,-67.6296,20190825,NESLTER broadscale
2268,62030395,41.6041,-67.5766,20190825,NESLTER broadscale
2269,62447215,41.0745,-67.1916,20190825,NESLTER broadscale
2270,62587307,41.4304,-67.7151,20190825,NESLTER broadscale
2271,62617589,41.5593,-67.0659,20190825,NESLTER broadscale
2272,63027888,41.3034,-67.9189,20190825,NESLTER broadscale
2273,65402648,41.5179,-67.0239,20190825,NESLTER broadscale
2274,66709832,41.1225,-67.1534,20190825,NESLTER broadscale
2275,70283160,41.4032,-67.7623,20190825,NESLTER broadscale
2276,73766246,41.5488,-68.0223,20190825,NESLTER broadscale
2277,74465603,41.7012,-68.0315,20190825,NESLTER broadscale
2278,76542888,41.9919,-67.5919,20190825,NESLTER broadscale
2279,78310702,41.57,-71.41,20190825,GSO Dock
2280,79066913,41.4218,-66.9282,20190825,NESLTER broadscale
2281,79232538,41.6444,-68.0789,20190825,NESLTER broadscale
2282,83236346,41.7862,-67.9028,20190825,NESLTER broadscale
2283,84993312,41.7468,-67.2738,20190825,NESLTER broadscale
2284,86620776,41.3408,-67.864,20190825,NESLTER broadscale
2285,86847467,41.0481,-67.482,20190825,NESLTER broadscale
2286,88543167,41.4007,-67.9871,20190825,NESLTER broadscale
2287,90491524,41.8266,-67.8411,20190825,NESLTER broadscale
2288,94988952,41.0179,-67.2843,20190825,NESLTER broadscale
2289,97530967,41.7475,-67.3406,20190825,NESLTER broadscale
2290,98861323,41.7457,-67.4037,20190825,NESLTER broadscale
2291,99011338,41.2175,-67.0778,20190825,NESLTER broadscale
2292,99071437,41.7431,-67.4927,20190825,NESLTER broadscale
2293,99675400,41.7437,-67.966,20190825,NESLTER broadscale
2294,00183009,40.9183,-67.9922,20190826,NESLTER broadscale
2295,00746381,41.8598,-68.791,20190826,NESLTER broadscale
2296,04804301,40.9153,-68.2999,20190826,NESLTER broadscale
2297,05494660,40.8313,-68.7416,20190826,NESLTER broadscale
2298,09627417,40.8383,-68.5807,20190826,NESLTER broadscale
2299,10980333,40.8932,-68.3993,20190826,NESLTER broadscale
2300,12848505,41.2188,-68.9398,20190826,NESLTER broadscale
2301,13894275,40.8367,-68.9263,20190826,NESLTER broadscale
2302,14317769,40.917,-68.2221,20190826,NESLTER broadscale
2303,14561120,40.9106,-67.7102,20190826,NESLTER broadscale
2304,15669736,40.8357,-68.6566,20190826,NESLTER broadscale
2305,17661886,40.9402,-69.1226,20190826,NESLTER broadscale
2306,17894393,41.9183,-69.1583,20190826,NESLTER broadscale
2307,19307287,41.4451,-68.8089,20190826,NESLTER broadscale
2308,20935678,41.7424,-68.6304,20190826,NESLTER broadscale
2309,21342753,41.914,-69.1739,20190826,NESLTER broadscale
2310,21876225,40.8837,-69.1569,20190826,NESLTER broadscale
2311,22986180,40.8417,-68.8479,20190826,NESLTER broadscale
2312,24802636,40.8916,-69.1504,20190826,NESLTER broadscale
2313,24917387,40.982,-67.6038,20190826,NESLTER broadscale
2314,25791329,40.9905,-69.0941,20190826,NESLTER broadscale
2315,31938140,40.9468,-67.6713,20190826,NESLTER broadscale
2316,32497905,41.8211,-68.5834,20190826,NESLTER broadscale
2317,33539295,40.835,-69.0034,20190826,NESLTER broadscale
2318,35475982,41.1297,-69.0004,20190826,NESLTER broadscale
2319,35769169,41.9444,-69.1187,20190826,NESLTER broadscale
2320,36333034,41.5316,-68.7544,20190826,NESLTER broadscale
2321,41121554,41.1743,-68.9685,20190826,NESLTER broadscale
2322,41583313,40.8318,-68.8246,20190826,NESLTER broadscale
2323,41619012,41.8716,-68.87,20190826,NESLTER broadscale
2324,41982927,41.7946,-68.6045,20190826,NESLTER broadscale
2325,45223351,41.618,-68.6996,20190826,NESLTER broadscale
2326,45463152,41.6594,-68.6704,20190826,NESLTER broadscale
2327,46220574,41.0863,-69.0347,20190826,NESLTER broadscale
2328,46311016,41.4897,-68.7809,20190826,NESLTER broadscale
2329,49331665,41.3144,-68.8943,20190826,NESLTER broadscale
2330,50908156,40.8351,-69.0651,20190826,NESLTER broadscale
2331,52102788,41.6891,-68.6567,20190826,NESLTER broadscale
2332,53347172,40.8628,-69.1328,20190826,NESLTER broadscale
2333,59941793,41.8302,-68.5726,20190826,NESLTER broadscale
2334,61137437,41.8496,-68.7169,20190826,NESLTER broadscale
2335,61739533,40.8416,-68.5544,20190826,NESLTER broadscale
2336,65931405,40.8674,-68.4762,20190826,NESLTER broadscale
2337,68772795,41.9049,-69.1048,20190826,NESLTER broadscale
2338,69561480,40.8354,-69.0838,20190826,NESLTER broadscale
2339,70060114,40.9143,-67.9221,20190826,NESLTER broadscale
2340,73569865,40.9099,-67.7827,20190826,NESLTER broadscale
2341,78310702,41.57,-71.41,20190826,GSO Dock
2342,78387956,41.8268,-68.5689,20190826,NESLTER broadscale
2343,79122411,40.9136,-68.3365,20190826,NESLTER broadscale
2344,79470179,41.8824,-68.9475,20190826,NESLTER broadscale
2345,82663588,40.9223,-67.706,20190826,NESLTER broadscale
2346,88735243,41.4021,-68.8381,20190826,NESLTER broadscale
2347,90418032,41.2686,-68.9185,20190826,NESLTER broadscale
2348,90662194,40.9185,-68.1425,20190826,NESLTER broadscale
2349,91605858,40.92,-68.0657,20190826,NESLTER broadscale
2350,92011141,40.9118,-67.8534,20190826,NESLTER broadscale
2351,92621420,41.8937,-69.0276,20190826,NESLTER broadscale
2352,93409411,41.04,-69.0654,20190826,NESLTER broadscale
2353,94482327,41.5727,-68.7287,20190826,NESLTER broadscale
2354,98272231,41.3586,-68.8657,20190826,NESLTER broadscale
2355,99990098,41.8389,-68.6451,20190826,NESLTER broadscale
2356,04427941,43.1977,-67.7242,20190827,NESLTER broadscale
2357,05062421,42.3091,-68.6439,20190827,NESLTER broadscale
2358,08158077,43.1185,-68.0798,20190827,NESLTER broadscale
2359,08160768,42.4024,-68.5739,20190827,NESLTER broadscale
2360,08985641,42.0111,-69.0075,20190827,NESLTER broadscale
2361,09037235,43.0052,-68.2853,20190827,NESLTER broadscale
2362,09576519,42.1745,-68.7412,20190827,NESLTER broadscale
2363,12584279,43.075,-68.2695,20190827,NESLTER broadscale
2364,13310028,43.0767,-68.4433,20190827,NESLTER broadscale
2365,14348829,42.0777,-68.8961,20190827,NESLTER broadscale
2366,15211669,42.8922,-68.3333,20190827,NESLTER broadscale
2367,16873721,43.283,-68.0713,20190827,NESLTER broadscale
2368,17190410,43.1468,-68.3176,20190827,NESLTER broadscale
2369,17936723,43.4108,-67.7547,20190827,NESLTER broadscale
2370,26201801,42.9489,-68.3108,20190827,NESLTER broadscale
2371,27583678,43.1499,-67.9385,20190827,NESLTER broadscale
2372,27773818,43.1029,-68.1531,20190827,NESLTER broadscale
2373,32233578,43.4166,-67.8402,20190827,NESLTER broadscale
2374,32457081,43.3487,-67.953,20190827,NESLTER broadscale
2375,33437565,43.4124,-67.8232,20190827,NESLTER broadscale
2376,33504993,43.1113,-68.381,20190827,NESLTER broadscale
2377,34318432,42.2186,-68.7117,20190827,NESLTER broadscale
2378,35174436,42.5016,-68.4987,20190827,NESLTER broadscale
2379,36241289,42.4512,-68.5381,20190827,NESLTER broadscale
2380,37159592,42.1093,-68.8433,20190827,NESLTER broadscale
2381,37442847,43.214,-68.195,20190827,NESLTER broadscale
2382,40127390,42.0454,-68.9501,20190827,NESLTER broadscale
2383,47837670,42.7175,-68.4087,20190827,NESLTER broadscale
2384,50058694,43.2455,-67.4757,20190827,NESLTER broadscale
2385,51703878,43.0415,-68.5066,20190827,NESLTER broadscale
2386,52458589,42.835,-68.36,20190827,NESLTER broadscale
2387,53393852,43.2423,-67.4785,20190827,NESLTER broadscale
2388,54584000,43.086,-68.2283,20190827,NESLTER broadscale
2389,58522402,43.1656,-67.8688,20190827,NESLTER broadscale
2390,60117794,43.2439,-67.5022,20190827,NESLTER broadscale
2391,61898271,43.1346,-68.0083,20190827,NESLTER broadscale
2392,64290486,43.1812,-68.2548,20190827,NESLTER broadscale
2393,68244366,43.3425,-67.6258,20190827,NESLTER broadscale
2394,69377925,43.232,-67.5684,20190827,NESLTER broadscale
2395,73081399,42.1566,-68.7596,20190827,NESLTER broadscale
2396,73341818,43.2499,-68.1327,20190827,NESLTER broadscale
2397,74861826,43.3813,-67.8941,20190827,NESLTER broadscale
2398,75131126,42.7754,-68.3845,20190827,NESLTER broadscale
2399,78310702,41.57,-71.41,20190827,GSO Dock
2400,80092189,43.4057,-67.6832,20190827,NESLTER broadscale
2401,81280144,42.4928,-68.5051,20190827,NESLTER broadscale
2402,83796780,43.0621,-68.2595,20190827,NESLTER broadscale
2403,85108253,43.4165,-67.8388,20190827,NESLTER broadscale
2404,85224094,42.141,-68.7907,20190827,NESLTER broadscale
2405,86114915,43.1822,-67.7975,20190827,NESLTER broadscale
2406,87296942,42.6606,-68.4333,20190827,NESLTER broadscale
2407,87640291,42.2623,-68.6794,20190827,NESLTER broadscale
2408,87932311,43.3986,-67.6922,20190827,NESLTER broadscale
2409,88284530,42.6025,-68.4582,20190827,NESLTER broadscale
2410,90134997,43.3158,-68.0117,20190827,NESLTER broadscale
2411,91394201,43.2152,-67.6457,20190827,NESLTER broadscale
2412,91969619,43.2702,-67.5331,20190827,NESLTER broadscale
2413,93604229,42.3554,-68.6097,20190827,NESLTER broadscale
2414,94413422,43.4131,-67.6817,20190827,NESLTER broadscale
2415,95926606,41.978,-69.0628,20190827,NESLTER broadscale
2416,96006181,43.3061,-67.5789,20190827,NESLTER broadscale
2417,98018588,42.5468,-68.4821,20190827,NESLTER broadscale
2418,02218488,42.983,-68.8309,20190828,NESLTER broadscale
2419,03418990,42.3169,-70.2905,20190828,NESLTER broadscale
2420,04669661,42.2514,-70.0992,20190828,NESLTER broadscale
2421,09199147,42.4117,-70.6315,20190828,NESLTER broadscale
2422,09286379,42.9195,-69.9021,20190828,NESLTER broadscale
2423,13383731,43.0476,-69.5844,20190828,NESLTER broadscale
2424,13484343,41.9959,-69.9169,20190828,NESLTER broadscale
2425,14318930,43.0803,-69.334,20190828,NESLTER broadscale
2426,17001863,43.021,-69.6502,20190828,NESLTER broadscale
2427,18362653,42.9954,-69.7119,20190828,NESLTER broadscale
2428,18546987,43.0068,-68.5706,20190828,NESLTER broadscale
2429,22794588,42.2769,-70.168,20190828,NESLTER broadscale
2430,22928303,42.6635,-70.3374,20190828,NESLTER broadscale
2431,27631026,42.8792,-69.9942,20190828,NESLTER broadscale
2432,29293153,43.0617,-68.961,20190828,NESLTER broadscale
2433,33974366,43.0803,-69.4778,20190828,NESLTER broadscale
2434,36702620,42.3538,-70.4491,20190828,NESLTER broadscale
2435,37522069,42.9243,-69.9166,20190828,NESLTER broadscale
2436,41908487,43.0802,-69.1885,20190828,NESLTER broadscale
2437,44829474,42.4712,-70.5515,20190828,NESLTER broadscale
2438,45083742,41.9556,-69.8774,20190828,NESLTER broadscale
2439,48824057,42.8265,-70.0935,20190828,NESLTER broadscale
2440,49005882,42.9194,-69.9346,20190828,NESLTER broadscale
2441,49260933,42.514,-70.4954,20190828,NESLTER broadscale
2442,51922371,42.4072,-70.5476,20190828,NESLTER broadscale
2443,53474917,42.6552,-70.3489,20190828,NESLTER broadscale
2444,55485121,42.3004,-70.2368,20190828,NESLTER broadscale
2445,57923846,42.0993,-70.0125,20190828,NESLTER broadscale
2446,58527141,42.9974,-68.5968,20190828,NESLTER broadscale
2447,59409485,43.08,-69.043,20190828,NESLTER broadscale
2448,59927243,42.3447,-70.3869,20190828,NESLTER broadscale
2449,59992086,43.0801,-69.4061,20190828,NESLTER broadscale
2450,60870665,42.2008,-70.0665,20190828,NESLTER broadscale
2451,61460418,42.3306,-70.3102,20190828,NESLTER broadscale
2452,61847895,42.9961,-68.8156,20190828,NESLTER broadscale
2453,62088189,42.0751,-70.0001,20190828,NESLTER broadscale
2454,63032567,42.6091,-70.3965,20190828,NESLTER broadscale
2455,64513122,42.9452,-69.84,20190828,NESLTER broadscale
2456,64878245,43.0732,-69.5196,20190828,NESLTER broadscale
2457,65261732,42.7424,-70.2603,20190828,NESLTER broadscale
2458,65725497,42.5632,-70.4488,20190828,NESLTER broadscale
2459,65867893,42.794,-70.1593,20190828,NESLTER broadscale
2460,68692355,42.9884,-68.8463,20190828,NESLTER broadscale
2461,70129578,43.0759,-69.502,20190828,NESLTER broadscale
2462,71033655,42.7035,-70.2961,20190828,NESLTER broadscale
2463,71075114,42.0359,-69.9574,20190828,NESLTER broadscale
2464,71427544,42.3606,-70.4779,20190828,NESLTER broadscale
2465,72337169,42.7611,-70.2242,20190828,NESLTER broadscale
2466,72622324,42.8514,-70.045,20190828,NESLTER broadscale
2467,74404877,41.8919,-69.8251,20190828,NESLTER broadscale
2468,78310702,41.57,-71.41,20190828,GSO Dock
2469,79564359,43.08,-69.1171,20190828,NESLTER broadscale
2470,80611468,42.3717,-70.5004,20190828,NESLTER broadscale
2471,83086976,43.0799,-69.2606,20190828,NESLTER broadscale
2472,84771459,43.0789,-68.9948,20190828,NESLTER broadscale
2473,89353327,42.1485,-70.0389,20190828,NESLTER broadscale
2474,95640054,43.0284,-68.8997,20190828,NESLTER broadscale
2475,96149881,42.9709,-69.7757,20190828,NESLTER broadscale
2476,97379657,42.9952,-68.7327,20190828,NESLTER broadscale
2477,98558238,42.4258,-70.6044,20190828,NESLTER broadscale
2478,99689788,42.9968,-68.6468,20190828,NESLTER broadscale
2479,99829982,41.9161,-69.8372,20190828,NESLTER broadscale
2480,00606214,41.2349,-69.412,20190829,NESLTER broadscale
2481,00706137,40.8031,-70.3241,20190829,NESLTER broadscale
2482,02313770,41.004,-69.2894,20190829,NESLTER broadscale
2483,03194980,41.7919,-69.7783,20190829,NESLTER broadscale
2484,05588193,41.1114,-69.3317,20190829,NESLTER broadscale
2485,05878093,40.783,-70.2558,20190829,NESLTER broadscale
2486,06140878,40.7566,-69.2765,20190829,NESLTER broadscale
2487,06383695,40.8792,-70.3313,20190829,NESLTER broadscale
2488,07069722,41.1203,-70.375,20190829,NESLTER broadscale
2489,09177271,41.0424,-69.2939,20190829,NESLTER broadscale
2490,11365954,40.7196,-69.5631,20190829,NESLTER broadscale
2491,12021199,40.9612,-70.2583,20190829,NESLTER broadscale
2492,13544066,41.164,-70.4548,20190829,NESLTER broadscale
2493,15353083,40.7316,-69.5883,20190829,NESLTER broadscale
2494,15891875,41.0046,-70.2587,20190829,NESLTER broadscale
2495,16248831,41.3044,-69.4454,20190829,NESLTER broadscale
2496,17163506,41.1687,-70.5751,20190829,NESLTER broadscale
2497,17204692,40.835,-69.2778,20190829,NESLTER broadscale
2498,18442669,41.3926,-69.5902,20190829,NESLTER broadscale
2499,23330054,41.5774,-69.6779,20190829,NESLTER broadscale
2500,26701214,40.7153,-69.8593,20190829,NESLTER broadscale
2501,30016415,40.7221,-69.4367,20190829,NESLTER broadscale
2502,30972831,41.2744,-69.4369,20190829,NESLTER broadscale
2503,34274146,41.1532,-69.3592,20190829,NESLTER broadscale
2504,34307788,41.0733,-70.3277,20190829,NESLTER broadscale
2505,34487282,40.9063,-70.2716,20190829,NESLTER broadscale
2506,36759474,41.4054,-69.5426,20190829,NESLTER broadscale
2507,43682787,40.708,-69.923,20190829,NESLTER broadscale
2508,47687572,41.0214,-70.2779,20190829,NESLTER broadscale
2509,48706406,41.5182,-69.6475,20190829,NESLTER broadscale
2510,48983530,41.8423,-69.8017,20190829,NESLTER broadscale
2511,50444045,41.684,-69.7271,20190829,NESLTER broadscale
2512,56266490,40.7191,-69.6424,20190829,NESLTER broadscale
2513,57292096,40.9252,-70.2631,20190829,NESLTER broadscale
2514,60830940,40.7243,-70.0584,20190829,NESLTER broadscale
2515,62086106,41.3405,-69.5858,20190829,NESLTER broadscale
2516,67991139,40.7258,-69.3088,20190829,NESLTER broadscale
2517,68509240,40.7633,-70.1893,20190829,NESLTER broadscale
2518,68647207,40.7113,-69.8328,20190829,NESLTER broadscale
2519,69067860,40.7132,-69.7682,20190829,NESLTER broadscale
2520,70382456,41.0704,-69.3049,20190829,NESLTER broadscale
2521,72991684,40.723,-69.3761,20190829,NESLTER broadscale
2522,73104685,40.8527,-70.389,20190829,NESLTER broadscale
2523,74035793,41.6319,-69.7041,20190829,NESLTER broadscale
2524,75033079,40.8769,-69.2788,20190829,NESLTER broadscale
2525,75983564,40.9624,-69.2808,20190829,NESLTER broadscale
2526,78310702,41.57,-71.41,20190829,GSO Dock
2527,78775068,41.3449,-69.469,20190829,NESLTER broadscale
2528,82242199,40.7208,-69.5001,20190829,NESLTER broadscale
2529,83694732,40.8375,-70.4202,20190829,NESLTER broadscale
2530,87033197,41.1643,-70.5275,20190829,NESLTER broadscale
2531,87213960,41.7394,-69.7531,20190829,NESLTER broadscale
2532,87717038,40.7144,-69.7049,20190829,NESLTER broadscale
2533,92322758,41.3846,-69.4993,20190829,NESLTER broadscale
2534,92924562,41.1937,-69.3854,20190829,NESLTER broadscale
2535,93789528,40.7437,-70.1233,20190829,NESLTER broadscale
2536,94541686,40.7931,-69.2769,20190829,NESLTER broadscale
2537,95073862,41.3626,-69.5675,20190829,NESLTER broadscale
2538,96579007,41.1647,-70.419,20190829,NESLTER broadscale
2539,97474086,41.4565,-69.6206,20190829,NESLTER broadscale
2540,97934279,40.9183,-69.2782,20190829,NESLTER broadscale
2541,98445065,40.8235,-70.3936,20190829,NESLTER broadscale
2542,03079934,41.2444,-71.2219,20190830,NESLTER broadscale
2543,10167426,41.4757,-71.3513,20190830,NESLTER broadscale
2544,12966353,41.0784,-71.1554,20190830,NESLTER broadscale
2545,12966534,40.9085,-71.0443,20190830,NESLTER broadscale
2546,19146903,40.998,-70.7426,20190830,NESLTER broadscale
2547,21388397,40.9888,-71.0131,20190830,NESLTER broadscale
2548,29423870,40.9552,-70.92,20190830,NESLTER broadscale
2549,30796581,41.1834,-71.0237,20190830,NESLTER broadscale
2550,30815547,40.9739,-70.8511,20190830,NESLTER broadscale
2551,33788713,41.0251,-71.0415,20190830,NESLTER broadscale
2552,35666369,41.0961,-71.1333,20190830,NESLTER broadscale
2553,39024844,41.1099,-70.6151,20190830,NESLTER broadscale
2554,45619442,41.2995,-71.3505,20190830,NESLTER broadscale
2555,52158008,41.0744,-70.6579,20190830,NESLTER broadscale
2556,52811035,41.3891,-71.3595,20190830,NESLTER broadscale
2557,52880915,41.4214,-71.3701,20190830,NESLTER broadscale
2558,54350392,40.9173,-71.0771,20190830,NESLTER broadscale
2559,55659401,41.2523,-71.3399,20190830,NESLTER broadscale
2560,57516522,41.2452,-71.1405,20190830,NESLTER broadscale
2561,61825886,41.0332,-70.7037,20190830,NESLTER broadscale
2562,63022435,41.2443,-71.305,20190830,NESLTER broadscale
2563,63063028,40.993,-70.7837,20190830,NESLTER broadscale
2564,70088244,41.1147,-70.6135,20190830,NESLTER broadscale
2565,71850254,41.1571,-71.0164,20190830,NESLTER broadscale
2566,73942393,41.1362,-70.6005,20190830,NESLTER broadscale
2567,76501197,40.9579,-71.0291,20190830,NESLTER broadscale
2568,79387537,41.515,-71.3422,20190830,NESLTER broadscale
2569,89356536,40.9388,-70.9888,20190830,NESLTER broadscale
2570,89427665,41.5305,-71.3243,20190830,NESLTER broadscale
2571,91354463,41.3563,-71.3567,20190830,NESLTER broadscale
2572,94703212,41.1265,-71.0775,20190830,NESLTER broadscale
2573,95535278,41.0539,-71.101,20190830,NESLTER broadscale
2574,97597782,41.2293,-71.0675,20190830,NESLTER broadscale
2575,78310702,41.57,-71.41,20190905,GSO Dock
2576,78310702,41.57,-71.41,20190906,GSO Dock
2577,78310702,41.57,-71.41,20190909,GSO Dock
2578,78310702,41.57,-71.41,20190910,GSO Dock
2579,78310702,41.57,-71.41,20190911,GSO Dock
2580,78310702,41.57,-71.41,20190912,GSO Dock
2581,78310702,41.57,-71.41,20190913,GSO Dock
2582,19394123,41.325,-70.566,20190916,Martha's Vineyard Coastal Observatory
2583,78310702,41.57,-71.41,20190916,GSO Dock
2584,19394123,41.325,-70.566,20190917,Martha's Vineyard Coastal Observatory
2585,78310702,41.57,-71.41,20190917,GSO Dock
2586,19394123,41.325,-70.566,20190918,Martha's Vineyard Coastal Observatory
2587,78310702,41.57,-71.41,20190918,GSO Dock
2588,19394123,41.325,-70.566,20190919,Martha's Vineyard Coastal Observatory
2589,78310702,41.57,-71.41,20190919,GSO Dock
2590,19394123,41.325,-70.566,20190920,Martha's Vineyard Coastal Observatory
2591,78310702,41.57,-71.41,20190920,GSO Dock
2592,19394123,41.325,-70.566,20190921,Martha's Vineyard Coastal Observatory
2593,78310702,41.57,-71.41,20190921,GSO Dock
2594,19394123,41.325,-70.566,20190922,Martha's Vineyard Coastal Observatory
2595,78310702,41.57,-71.41,20190922,GSO Dock
2596,19394123,41.325,-70.566,20190923,Martha's Vineyard Coastal Observatory
2597,78310702,41.57,-71.41,20190923,GSO Dock
2598,19394123,41.325,-70.566,20190924,Martha's Vineyard Coastal Observatory
2599,78310702,41.57,-71.41,20190924,GSO Dock
2600,19394123,41.325,-70.566,20190925,Martha's Vineyard Coastal Observatory
2601,78310702,41.57,-71.41,20190925,GSO Dock
2602,19394123,41.325,-70.566,20190926,Martha's Vineyard Coastal Observatory
2603,78310702,41.57,-71.41,20190926,GSO Dock
2604,19394123,41.325,-70.566,20190927,Martha's Vineyard Coastal Observatory
2605,78310702,41.57,-71.41,20190927,GSO Dock
2606,19394123,41.325,-70.566,20190928,Martha's Vineyard Coastal Observatory
2607,19394123,41.325,-70.566,20190929,Martha's Vineyard Coastal Observatory
2608,19394123,41.325,-70.566,20190930,Martha's Vineyard Coastal Observatory
2609,78310702,41.57,-71.41,20190930,GSO Dock
2610,19394123,41.325,-70.566,20191001,Martha's Vineyard Coastal Observatory
2611,78310702,41.57,-71.41,20191001,GSO Dock
2612,19394123,41.325,-70.566,20191002,Martha's Vineyard Coastal Observatory
2613,78310702,41.57,-71.41,20191002,GSO Dock
2614,19394123,41.325,-70.566,20191003,Martha's Vineyard Coastal Observatory
2615,78310702,41.57,-71.41,20191003,GSO Dock
2616,19394123,41.325,-70.566,20191004,Martha's Vineyard Coastal Observatory
2617,78310702,41.57,-71.41,20191004,GSO Dock
2618,19394123,41.325,-70.566,20191005,Martha's Vineyard Coastal Observatory
2619,78310702,41.57,-71.41,20191005,GSO Dock
2620,19394123,41.325,-70.566,20191006,Martha's Vineyard Coastal Observatory
2621,19394123,41.325,-70.566,20191007,Martha's Vineyard Coastal Observatory
2622,78310702,41.57,-71.41,20191007,GSO Dock
2623,19394123,41.325,-70.566,20191008,Martha's Vineyard Coastal Observatory
2624,78310702,41.57,-71.41,20191008,GSO Dock
2625,19394123,41.325,-70.566,20191009,Martha's Vineyard Coastal Observatory
2626,78310702,41.57,-71.41,20191009,GSO Dock
2627,19394123,41.325,-70.566,20191010,Martha's Vineyard Coastal Observatory
2628,78310702,41.57,-71.41,20191010,GSO Dock
2629,19394123,41.325,-70.566,20191011,Martha's Vineyard Coastal Observatory
2630,78310702,41.57,-71.41,20191011,GSO Dock
2631,19394123,41.325,-70.566,20191012,Martha's Vineyard Coastal Observatory
2632,78310702,41.57,-71.41,20191012,GSO Dock
2633,19394123,41.325,-70.566,20191013,Martha's Vineyard Coastal Observatory
2634,78310702,41.57,-71.41,20191013,GSO Dock
2635,19394123,41.325,-70.566,20191014,Martha's Vineyard Coastal Observatory
2636,78310702,41.57,-71.41,20191014,GSO Dock
2637,03118651,41.1012,-71.1695,20191015,NESLTER broadscale
2638,06560971,41.3278,-71.1702,20191015,NESLTER broadscale
2639,07753078,41.2881,-71.169,20191015,NESLTER broadscale
2640,10115337,41.2205,-71.1687,20191015,NESLTER broadscale
2641,12322264,40.9293,-71.2991,20191015,NESLTER broadscale
2642,15177417,40.9974,-71.2501,20191015,NESLTER broadscale
2643,15607637,41.082,-71.1697,20191015,NESLTER broadscale
2644,17126101,41.3195,-71.1676,20191015,NESLTER broadscale
2645,19334926,41.0629,-71.1805,20191015,NESLTER broadscale
2646,19394123,41.325,-70.566,20191015,Martha's Vineyard Coastal Observatory
2647,20080235,41.2696,-71.1697,20191015,NESLTER broadscale
2648,24531868,41.079,-71.17,20191015,NESLTER broadscale
2649,33600428,41.3036,-71.1684,20191015,NESLTER broadscale
2650,36438938,41.0262,-71.225,20191015,NESLTER broadscale
2651,41027259,41.0874,-71.1694,20191015,NESLTER broadscale
2652,42977478,41.0388,-71.2124,20191015,NESLTER broadscale
2653,43234307,40.9506,-71.2661,20191015,NESLTER broadscale
2654,43267906,41.0747,-71.1709,20191015,NESLTER broadscale
2655,44006488,41.2358,-71.1694,20191015,NESLTER broadscale
2656,44069045,41.337,-71.1979,20191015,NESLTER broadscale
2657,45877296,40.9176,-71.3122,20191015,NESLTER broadscale
2658,50005448,40.9412,-71.2814,20191015,NESLTER broadscale
2659,52628115,40.9945,-71.2517,20191015,NESLTER broadscale
2660,55879989,40.9813,-71.2558,20191015,NESLTER broadscale
2661,56859373,40.9668,-71.2594,20191015,NESLTER broadscale
2662,65078582,41.3293,-71.1733,20191015,NESLTER broadscale
2663,66539667,41.1535,-71.1679,20191015,NESLTER broadscale
2664,67492855,41.0017,-71.2478,20191015,NESLTER broadscale
2665,70799614,41.1692,-71.1672,20191015,NESLTER broadscale
2666,76182093,41.1377,-71.169,20191015,NESLTER broadscale
2667,78310702,41.57,-71.41,20191015,GSO Dock
2668,90168693,41.2029,-71.1679,20191015,NESLTER broadscale
2669,92351030,41.3319,-71.1785,20191015,NESLTER broadscale
2670,93879805,41.2542,-71.1701,20191015,NESLTER broadscale
2671,94291413,41.0525,-71.1955,20191015,NESLTER broadscale
2672,94300043,41.0113,-71.2383,20191015,NESLTER broadscale
2673,97960636,41.1875,-71.1676,20191015,NESLTER broadscale
2674,98528379,41.1197,-71.1694,20191015,NESLTER broadscale
2675,02369451,40.8917,-71.3404,20191016,NESLTER broadscale
2676,06754684,40.868,-71.3707,20191016,NESLTER broadscale
2677,12294970,40.9039,-71.3271,20191016,NESLTER broadscale
2678,13600297,40.8422,-71.4252,20191016,NESLTER broadscale
2679,19394123,41.325,-70.566,20191016,Martha's Vineyard Coastal Observatory
2680,25354772,40.8172,-71.5058,20191016,NESLTER broadscale
2681,36758092,40.8356,-71.4475,20191016,NESLTER broadscale
2682,38354204,40.8792,-71.3524,20191016,NESLTER broadscale
2683,44309354,40.8595,-71.3879,20191016,NESLTER broadscale
2684,61721764,40.8499,-71.4074,20191016,NESLTER broadscale
2685,78902011,40.8237,-71.4883,20191016,NESLTER broadscale
2686,81079039,40.8301,-71.4666,20191016,NESLTER broadscale
2687,78310702,41.57,-71.41,20191018,GSO Dock
2688,78310702,41.57,-71.41,20191019,GSO Dock
2689,19394123,41.325,-70.566,20191020,Martha's Vineyard Coastal Observatory
2690,78310702,41.57,-71.41,20191020,GSO Dock
2691,19394123,41.325,-70.566,20191021,Martha's Vineyard Coastal Observatory
2692,78310702,41.57,-71.41,20191021,GSO Dock
2693,19394123,41.325,-70.566,20191022,Martha's Vineyard Coastal Observatory
2694,78310702,41.57,-71.41,20191022,GSO Dock
2695,19394123,41.325,-70.566,20191023,Martha's Vineyard Coastal Observatory
2696,78310702,41.57,-71.41,20191023,GSO Dock
2697,01816525,40.2007,-70.9082,20191024,NESLTER broadscale
2698,15043826,40.3154,-71.1228,20191024,NESLTER broadscale
2699,19394123,41.325,-70.566,20191024,Martha's Vineyard Coastal Observatory
2700,36346097,40.244,-70.9305,20191024,NESLTER broadscale
2701,59069308,40.2916,-71.0488,20191024,NESLTER broadscale
2702,00036930,39.9859,-70.752,20191025,NESLTER broadscale
2703,10979274,41.0006,-70.413,20191025,NESLTER broadscale
2704,11101180,40.7501,-70.6166,20191025,NESLTER broadscale
2705,13768940,41.0968,-70.6324,20191025,NESLTER broadscale
2706,19394123,41.325,-70.566,20191025,Martha's Vineyard Coastal Observatory
2707,19833780,40.7383,-70.0988,20191025,NESLTER broadscale
2708,20384467,40.6879,-70.6184,20191025,NESLTER broadscale
2709,21410710,40.6471,-69.6764,20191025,NESLTER broadscale
2710,22075161,40.5568,-69.7701,20191025,NESLTER broadscale
2711,24502397,41.1002,-70.6333,20191025,NESLTER broadscale
2712,25080528,40.0595,-70.6073,20191025,NESLTER broadscale
2713,25263480,39.8345,-70.6267,20191025,NESLTER broadscale
2714,25568898,40.6694,-70.6202,20191025,NESLTER broadscale
2715,25671522,40.2376,-70.667,20191025,NESLTER broadscale
2716,26870720,40.8722,-70.622,20191025,NESLTER broadscale
2717,29503748,40.0961,-70.8245,20191025,NESLTER broadscale
2718,30545955,40.1768,-70.6473,20191025,NESLTER broadscale
2719,30718634,40.912,-70.0989,20191025,NESLTER broadscale
2720,32938703,40.5073,-69.809,20191025,NESLTER broadscale
2721,37302621,40.6817,-69.8271,20191025,NESLTER broadscale
2722,38122738,40.8524,-70.0985,20191025,NESLTER broadscale
2723,39275264,40.6897,-69.9027,20191025,NESLTER broadscale
2724,40314941,40.7956,-70.0989,20191025,NESLTER broadscale
2725,41139997,40.1488,-70.8655,20191025,NESLTER broadscale
2726,41407276,40.9897,-70.2592,20191025,NESLTER broadscale
2727,43132019,39.9223,-70.6129,20191025,NESLTER broadscale
2728,43805740,39.8409,-70.6407,20191025,NESLTER broadscale
2729,45710394,39.9834,-70.6085,20191025,NESLTER broadscale
2730,47164329,40.039,-70.6056,20191025,NESLTER broadscale
2731,56708988,40.0382,-70.7919,20191025,NESLTER broadscale
2732,62214811,39.9328,-70.7044,20191025,NESLTER broadscale
2733,64474319,39.8396,-70.6296,20191025,NESLTER broadscale
2734,65049371,41.0081,-70.4387,20191025,NESLTER broadscale
2735,71655857,40.1214,-70.619,20191025,NESLTER broadscale
2736,72259846,39.8619,-70.6186,20191025,NESLTER broadscale
2737,72794548,40.9955,-70.3362,20191025,NESLTER broadscale
2738,73135580,41.0445,-70.5043,20191025,NESLTER broadscale
2739,73250240,39.8823,-70.6606,20191025,NESLTER broadscale
2740,76335483,40.7069,-70.05,20191025,NESLTER broadscale
2741,79883437,41.0585,-70.6219,20191025,NESLTER broadscale
2742,80902023,41.0786,-70.5728,20191025,NESLTER broadscale
2743,85016898,39.833,-70.6207,20191025,NESLTER broadscale
2744,85519066,40.0376,-70.6226,20191025,NESLTER broadscale
2745,88239980,40.4639,-69.8594,20191025,NESLTER broadscale
2746,88733665,40.9963,-70.6229,20191025,NESLTER broadscale
2747,88943266,40.036,-70.607,20191025,NESLTER broadscale
2748,91237573,40.6005,-69.7191,20191025,NESLTER broadscale
2749,91276169,40.6655,-69.6709,20191025,NESLTER broadscale
2750,94367823,40.6739,-69.7476,20191025,NESLTER broadscale
2751,97014454,40.8102,-70.6181,20191025,NESLTER broadscale
2752,98019078,40.699,-69.9785,20191025,NESLTER broadscale
2753,98882607,40.9348,-70.6225,20191025,NESLTER broadscale
2754,01823609,40.414,-69.2486,20191026,NESLTER broadscale
2755,12994347,40.8868,-69.173,20191026,NESLTER broadscale
2756,13303364,40.5176,-68.6496,20191026,NESLTER broadscale
2757,13619749,40.5363,-69.2841,20191026,NESLTER broadscale
2758,14198601,40.4814,-69.2695,20191026,NESLTER broadscale
2759,19394123,41.325,-70.566,20191026,Martha's Vineyard Coastal Observatory
2760,21505037,40.498,-68.941,20191026,NESLTER broadscale
2761,23671900,40.5041,-68.658,20191026,NESLTER broadscale
2762,25617723,40.3432,-69.9761,20191026,NESLTER broadscale
2763,29892893,40.4976,-69.0853,20191026,NESLTER broadscale
2764,31872068,40.4248,-69.9098,20191026,NESLTER broadscale
2765,32998749,41.0779,-69.0869,20191026,NESLTER broadscale
2766,36481657,40.4943,-69.0867,20191026,NESLTER broadscale
2767,37279012,40.5028,-68.662,20191026,NESLTER broadscale
2768,39593877,40.7931,-69.2837,20191026,NESLTER broadscale
2769,41796755,40.498,-68.7997,20191026,NESLTER broadscale
2770,42592020,40.3405,-69.9999,20191026,NESLTER broadscale
2771,46030352,40.3781,-69.9554,20191026,NESLTER broadscale
2772,46375456,40.4624,-69.0897,20191026,NESLTER broadscale
2773,46552335,40.7489,-69.33,20191026,NESLTER broadscale
2774,49049430,40.4979,-68.7288,20191026,NESLTER broadscale
2775,53486507,40.4272,-69.2589,20191026,NESLTER broadscale
2776,54450003,41.0074,-69.115,20191026,NESLTER broadscale
2777,61646185,40.9021,-69.156,20191026,NESLTER broadscale
2778,61703909,40.4333,-69.1672,20191026,NESLTER broadscale
2779,61762341,40.4979,-69.0118,20191026,NESLTER broadscale
2780,63231017,40.4981,-68.87,20191026,NESLTER broadscale
2781,65122893,40.5905,-69.2972,20191026,NESLTER broadscale
2782,68173521,40.8394,-69.2293,20191026,NESLTER broadscale
2783,73119535,40.5631,-68.6043,20191026,NESLTER broadscale
2784,84432589,40.9375,-69.1428,20191026,NESLTER broadscale
2785,89299157,40.3271,-69.8961,20191026,NESLTER broadscale
2786,00671272,40.3633,-67.6872,20191027,NESLTER broadscale
2787,03819692,41.4051,-68.2453,20191027,NESLTER broadscale
2788,08813333,40.6588,-67.3676,20191027,NESLTER broadscale
2789,12213137,41.4121,-68.1705,20191027,NESLTER broadscale
2790,12356725,40.4555,-67.4983,20191027,NESLTER broadscale
2791,13230159,41.1444,-68.9214,20191027,NESLTER broadscale
2792,16419027,40.4773,-67.443,20191027,NESLTER broadscale
2793,19394123,41.325,-70.566,20191027,Martha's Vineyard Coastal Observatory
2794,21935033,40.6908,-67.4428,20191027,NESLTER broadscale
2795,24832190,40.5811,-67.1859,20191027,NESLTER broadscale
2796,26254271,40.29,-67.7234,20191027,NESLTER broadscale
2797,28647362,40.7201,-67.5212,20191027,NESLTER broadscale
2798,28865033,40.6301,-67.2922,20191027,NESLTER broadscale
2799,29506886,40.8145,-67.6313,20191027,NESLTER broadscale
2800,30044919,41.1144,-69.0,20191027,NESLTER broadscale
2801,31319046,40.597,-67.2131,20191027,NESLTER broadscale
2802,35099575,40.9275,-67.711,20191027,NESLTER broadscale
2803,38172607,41.1761,-68.8423,20191027,NESLTER broadscale
2804,39702676,40.3408,-67.7614,20191027,NESLTER broadscale
2805,41278351,41.293,-68.5351,20191027,NESLTER broadscale
2806,49571813,40.7565,-67.5964,20191027,NESLTER broadscale
2807,50088302,40.4997,-67.3851,20191027,NESLTER broadscale
2808,57381433,40.5661,-67.2122,20191027,NESLTER broadscale
2809,61785762,41.2364,-68.6871,20191027,NESLTER broadscale
2810,65394471,40.4306,-67.5586,20191027,NESLTER broadscale
2811,66271945,41.3786,-68.315,20191027,NESLTER broadscale
2812,68059248,40.7499,-67.5889,20191027,NESLTER broadscale
2813,71911262,41.2055,-68.7638,20191027,NESLTER broadscale
2814,73805881,41.0847,-69.0777,20191027,NESLTER broadscale
2815,74034783,40.545,-67.2683,20191027,NESLTER broadscale
2816,74197271,40.4085,-67.6172,20191027,NESLTER broadscale
2817,74806947,41.2632,-68.6113,20191027,NESLTER broadscale
2818,75649116,40.5226,-67.3274,20191027,NESLTER broadscale
2819,94522851,41.3229,-68.4596,20191027,NESLTER broadscale
2820,95305938,40.3843,-67.6783,20191027,NESLTER broadscale
2821,96763452,41.3518,-68.3839,20191027,NESLTER broadscale
2822,97909421,40.381,-67.693,20191027,NESLTER broadscale
2823,00483464,40.9083,-67.6543,20191028,NESLTER broadscale
2824,08784446,40.8946,-67.6118,20191028,NESLTER broadscale
2825,16687035,40.9643,-67.6542,20191028,NESLTER broadscale
2826,18652278,40.9457,-67.6416,20191028,NESLTER broadscale
2827,19394123,41.325,-70.566,20191028,Martha's Vineyard Coastal Observatory
2828,19477528,40.8918,-67.6265,20191028,NESLTER broadscale
2829,24133634,40.8794,-67.6127,20191028,NESLTER broadscale
2830,25456760,40.9016,-67.6399,20191028,NESLTER broadscale
2831,25699808,41.0901,-67.496,20191028,NESLTER broadscale
2832,26746310,40.9537,-67.632,20191028,NESLTER broadscale
2833,33514985,41.0462,-67.5506,20191028,NESLTER broadscale
2834,34917785,40.9546,-67.7392,20191028,NESLTER broadscale
2835,35378562,40.932,-67.7512,20191028,NESLTER broadscale
2836,35753232,40.9481,-67.7614,20191028,NESLTER broadscale
2837,37044722,41.0182,-67.5745,20191028,NESLTER broadscale
2838,37338110,40.9295,-67.7125,20191028,NESLTER broadscale
2839,40473050,40.9569,-67.6842,20191028,NESLTER broadscale
2840,42756324,40.9243,-67.699,20191028,NESLTER broadscale
2841,45217237,40.9553,-67.7114,20191028,NESLTER broadscale
2842,51132575,41.0601,-67.539,20191028,NESLTER broadscale
2843,59981338,40.923,-67.6258,20191028,NESLTER broadscale
2844,62625443,41.0329,-67.5605,20191028,NESLTER broadscale
2845,62661607,40.9588,-67.6552,20191028,NESLTER broadscale
2846,64449775,40.9136,-67.6675,20191028,NESLTER broadscale
2847,71370294,40.9324,-67.7241,20191028,NESLTER broadscale
2848,74052667,40.9508,-67.6217,20191028,NESLTER broadscale
2849,76659582,41.0788,-67.5044,20191028,NESLTER broadscale
2850,77395904,41.0011,-67.584,20191028,NESLTER broadscale
2851,78310702,41.57,-71.41,20191028,GSO Dock
2852,94569738,41.0693,-67.5219,20191028,NESLTER broadscale
2853,95735511,40.9666,-67.6604,20191028,NESLTER broadscale
2854,97020307,40.9183,-67.6808,20191028,NESLTER broadscale
2855,00743613,41.5767,-66.3607,20191029,NESLTER broadscale
2856,03007123,41.5684,-66.5837,20191029,NESLTER broadscale
2857,04960894,41.0886,-67.459,20191029,NESLTER broadscale
2858,09163334,41.4625,-66.5795,20191029,NESLTER broadscale
2859,09280305,41.7296,-66.1712,20191029,NESLTER broadscale
2860,19027106,41.1266,-67.2966,20191029,NESLTER broadscale
2861,19394123,41.325,-70.566,20191029,Martha's Vineyard Coastal Observatory
2862,19514453,41.6816,-66.1709,20191029,NESLTER broadscale
2863,19658904,41.5462,-66.5829,20191029,NESLTER broadscale
2864,22818985,41.3231,-66.5765,20191029,NESLTER broadscale
2865,27603649,41.1087,-67.325,20191029,NESLTER broadscale
2866,30144306,41.6347,-66.1707,20191029,NESLTER broadscale
2867,32770767,41.5837,-66.167,20191029,NESLTER broadscale
2868,37502737,41.0873,-67.4197,20191029,NESLTER broadscale
2869,37918979,41.5768,-66.5762,20191029,NESLTER broadscale
2870,43307957,41.1455,-67.2752,20191029,NESLTER broadscale
2871,46522065,41.7793,-66.1703,20191029,NESLTER broadscale
2872,55195805,41.4061,-66.5773,20191029,NESLTER broadscale
2873,64552273,41.5151,-66.5805,20191029,NESLTER broadscale
2874,64569569,41.5759,-66.512,20191029,NESLTER broadscale
2875,66969963,41.3452,-66.5745,20191029,NESLTER broadscale
2876,68228941,41.5774,-66.4355,20191029,NESLTER broadscale
2877,72768876,41.5818,-66.1746,20191029,NESLTER broadscale
2878,73212185,41.0908,-67.3445,20191029,NESLTER broadscale
2879,80451737,41.5788,-66.2888,20191029,NESLTER broadscale
2880,84913574,41.8289,-66.1703,20191029,NESLTER broadscale
2881,93822162,41.087,-67.3804,20191029,NESLTER broadscale
2882,00852214,41.5455,-67.6187,20191030,NESLTER broadscale
2883,04093660,41.9475,-65.9897,20191030,NESLTER broadscale
2884,12081862,41.9904,-65.7872,20191030,NESLTER broadscale
2885,15720878,41.991,-65.7652,20191030,NESLTER broadscale
2886,18817026,41.9163,-66.1138,20191030,NESLTER broadscale
2887,19394123,41.325,-70.566,20191030,Martha's Vineyard Coastal Observatory
2888,22552073,41.693,-67.52,20191030,NESLTER broadscale
2889,22925913,41.9759,-65.8587,20191030,NESLTER broadscale
2890,25666451,41.9899,-65.7685,20191030,NESLTER broadscale
2891,25676057,41.5399,-67.4096,20191030,NESLTER broadscale
2892,27382898,41.4681,-67.6916,20191030,NESLTER broadscale
2893,30526149,42.2127,-65.7666,20191030,NESLTER broadscale
2894,34743349,41.5829,-67.1847,20191030,NESLTER broadscale
2895,35099787,41.6445,-67.5503,20191030,NESLTER broadscale
2896,39669082,41.582,-67.5883,20191030,NESLTER broadscale
2897,43405830,41.7454,-67.4873,20191030,NESLTER broadscale
2898,44869756,42.0277,-65.7656,20191030,NESLTER broadscale
2899,47717554,41.5077,-67.6566,20191030,NESLTER broadscale
2900,48451733,41.5224,-67.4812,20191030,NESLTER broadscale
2901,48953012,41.5946,-67.577,20191030,NESLTER broadscale
2902,49680060,41.9035,-66.1695,20191030,NESLTER broadscale
2903,49729478,42.0901,-65.7585,20191030,NESLTER broadscale
2904,49932733,42.2208,-65.7621,20191030,NESLTER broadscale
2905,50560324,41.5577,-67.3409,20191030,NESLTER broadscale
2906,55337330,41.5749,-67.2746,20191030,NESLTER broadscale
2907,56239919,41.9617,-65.9248,20191030,NESLTER broadscale
2908,63273765,41.5799,-67.2497,20191030,NESLTER broadscale
2909,67717869,42.1538,-65.7635,20191030,NESLTER broadscale
2910,69339139,41.8355,-67.1626,20191030,NESLTER broadscale
2911,71008287,41.8855,-66.1711,20191030,NESLTER broadscale
2912,74005132,41.5046,-67.5547,20191030,NESLTER broadscale
2913,78310702,41.57,-71.41,20191030,GSO Dock
2914,80726249,41.8479,-67.1353,20191030,NESLTER broadscale
2915,89731888,41.9325,-66.0519,20191030,NESLTER broadscale
2916,91808793,42.2181,-65.7627,20191030,NESLTER broadscale
2917,95042998,41.4631,-67.6856,20191030,NESLTER broadscale
2918,99671119,41.4861,-67.627,20191030,NESLTER broadscale
2919,02159910,42.5026,-69.6751,20191031,NESLTER broadscale
2920,13442769,42.3792,-70.5198,20191031,NESLTER broadscale
2921,13711368,42.36,-70.4719,20191031,NESLTER broadscale
2922,18753827,42.5874,-69.4395,20191031,NESLTER broadscale
2923,19394123,41.325,-70.566,20191031,Martha's Vineyard Coastal Observatory
2924,36577268,42.5026,-69.6662,20191031,NESLTER broadscale
2925,36652793,42.5099,-69.6345,20191031,NESLTER broadscale
2926,40378087,42.5723,-69.4793,20191031,NESLTER broadscale
2927,48435956,42.5466,-69.5243,20191031,NESLTER broadscale
2928,48769165,42.5286,-69.579,20191031,NESLTER broadscale
2929,49539553,42.4262,-70.4992,20191031,NESLTER broadscale
2930,52279765,42.428,-70.574,20191031,NESLTER broadscale
2931,54643136,42.4764,-69.8852,20191031,NESLTER broadscale
2932,56087259,42.4258,-70.6142,20191031,NESLTER broadscale
2933,69993134,42.4932,-69.6857,20191031,NESLTER broadscale
2934,70842693,42.4042,-70.5801,20191031,NESLTER broadscale
2935,71021323,42.4841,-69.738,20191031,NESLTER broadscale
2936,72854046,42.3649,-70.4817,20191031,NESLTER broadscale
2937,77660524,42.4818,-69.8089,20191031,NESLTER broadscale
2938,78310702,41.57,-71.41,20191031,GSO Dock
2939,86477387,42.4246,-70.62,20191031,NESLTER broadscale
2940,88343505,42.473,-69.9598,20191031,NESLTER broadscale
2941,97995736,42.5832,-69.4244,20191031,NESLTER broadscale
2942,09028365,42.0892,-70.3097,20191101,NESLTER broadscale
2943,19394123,41.325,-70.566,20191101,Martha's Vineyard Coastal Observatory
2944,19567946,42.3135,-70.2785,20191101,NESLTER broadscale
2945,22476652,42.2694,-70.2923,20191101,NESLTER broadscale
2946,27226338,42.177,-70.3175,20191101,NESLTER broadscale
2947,33530000,42.3301,-70.3287,20191101,NESLTER broadscale
2948,39441241,42.3585,-70.4471,20191101,NESLTER broadscale
2949,40147607,42.1292,-70.331,20191101,NESLTER broadscale
2950,58453061,42.2234,-70.3047,20191101,NESLTER broadscale
2951,83389271,42.3449,-70.3866,20191101,NESLTER broadscale
2952,19394123,41.325,-70.566,20191102,Martha's Vineyard Coastal Observatory
2953,19394123,41.325,-70.566,20191103,Martha's Vineyard Coastal Observatory
2954,19394123,41.325,-70.566,20191104,Martha's Vineyard Coastal Observatory
2955,78310702,41.57,-71.41,20191104,GSO Dock
2956,19394123,41.325,-70.566,20191105,Martha's Vineyard Coastal Observatory
2957,78310702,41.57,-71.41,20191105,GSO Dock
2958,19394123,41.325,-70.566,20191106,Martha's Vineyard Coastal Observatory
2959,78310702,41.57,-71.41,20191106,GSO Dock
2960,19394123,41.325,-70.566,20191107,Martha's Vineyard Coastal Observatory
2961,19394123,41.325,-70.566,20191108,Martha's Vineyard Coastal Observatory
2962,19394123,41.325,-70.566,20191109,Martha's Vineyard Coastal Observatory
2963,19394123,41.325,-70.566,20191110,Martha's Vineyard Coastal Observatory
2964,19394123,41.325,-70.566,20191111,Martha's Vineyard Coastal Observatory
2965,19394123,41.325,-70.566,20191112,Martha's Vineyard Coastal Observatory
2966,19394123,41.325,-70.566,20191113,Martha's Vineyard Coastal Observatory
2967,19394123,41.325,-70.566,20191114,Martha's Vineyard Coastal Observatory
2968,19394123,41.325,-70.566,20191115,Martha's Vineyard Coastal Observatory
2969,19394123,41.325,-70.566,20191116,Martha's Vineyard Coastal Observatory
2970,19394123,41.325,-70.566,20191117,Martha's Vineyard Coastal Observatory
2971,19394123,41.325,-70.566,20191118,Martha's Vineyard Coastal Observatory
2972,19394123,41.325,-70.566,20191119,Martha's Vineyard Coastal Observatory
2973,78310702,41.57,-71.41,20191119,GSO Dock
2974,19394123,41.325,-70.566,20191120,Martha's Vineyard Coastal Observatory
2975,19394123,41.325,-70.566,20191121,Martha's Vineyard Coastal Observatory
2976,19394123,41.325,-70.566,20191122,Martha's Vineyard Coastal Observatory
2977,19394123,41.325,-70.566,20191123,Martha's Vineyard Coastal Observatory
2978,19394123,41.325,-70.566,20191124,Martha's Vineyard Coastal Observatory
2979,19394123,41.325,-70.566,20191125,Martha's Vineyard Coastal Observatory
2980,19394123,41.325,-70.566,20191126,Martha's Vineyard Coastal Observatory
2981,19394123,41.325,-70.566,20191127,Martha's Vineyard Coastal Observatory
2982,19394123,41.325,-70.566,20191128,Martha's Vineyard Coastal Observatory
2983,19394123,41.325,-70.566,20191129,Martha's Vineyard Coastal Observatory
2984,19394123,41.325,-70.566,20191130,Martha's Vineyard Coastal Observatory
2985,19394123,41.325,-70.566,20191201,Martha's Vineyard Coastal Observatory
2986,19394123,41.325,-70.566,20191202,Martha's Vineyard Coastal Observatory
2987,19394123,41.325,-70.566,20191203,Martha's Vineyard Coastal Observatory
2988,19394123,41.325,-70.566,20191204,Martha's Vineyard Coastal Observatory
2989,19394123,41.325,-70.566,20191205,Martha's Vineyard Coastal Observatory
2990,19394123,41.325,-70.566,20191206,Martha's Vineyard Coastal Observatory
2991,19394123,41.325,-70.566,20191207,Martha's Vineyard Coastal Observatory
2992,19394123,41.325,-70.566,20191208,Martha's Vineyard Coastal Observatory
2993,19394123,41.325,-70.566,20191209,Martha's Vineyard Coastal Observatory
2994,19394123,41.325,-70.566,20191210,Martha's Vineyard Coastal Observatory
2995,19394123,41.325,-70.566,20191211,Martha's Vineyard Coastal Observatory
2996,78310702,41.57,-71.41,20191211,GSO Dock
2997,19394123,41.325,-70.566,20191212,Martha's Vineyard Coastal Observatory
2998,78310702,41.57,-71.41,20191212,GSO Dock
2999,19394123,41.325,-70.566,20191213,Martha's Vineyard Coastal Observatory
3000,78310702,41.57,-71.41,20191213,GSO Dock
3001,19394123,41.325,-70.566,20191214,Martha's Vineyard Coastal Observatory
3002,78310702,41.57,-71.41,20191214,GSO Dock
3003,19394123,41.325,-70.566,20191215,Martha's Vineyard Coastal Observatory
3004,78310702,41.57,-71.41,20191215,GSO Dock
3005,19394123,41.325,-70.566,20191216,Martha's Vineyard Coastal Observatory
3006,78310702,41.57,-71.41,20191216,GSO Dock
3007,19394123,41.325,-70.566,20191217,Martha's Vineyard Coastal Observatory
3008,78310702,41.57,-71.41,20191217,GSO Dock
3009,19394123,41.325,-70.566,20191218,Martha's Vineyard Coastal Observatory
3010,78310702,41.57,-71.41,20191218,GSO Dock
3011,19394123,41.325,-70.566,20191219,Martha's Vineyard Coastal Observatory
3012,78310702,41.57,-71.41,20191219,GSO Dock
3013,19394123,41.325,-70.566,20191220,Martha's Vineyard Coastal Observatory
3014,78310702,41.57,-71.41,20191220,GSO Dock
3015,19394123,41.325,-70.566,20191221,Martha's Vineyard Coastal Observatory
3016,78310702,41.57,-71.41,20191221,GSO Dock
3017,19394123,41.325,-70.566,20191222,Martha's Vineyard Coastal Observatory
3018,78310702,41.57,-71.41,20191222,GSO Dock
3019,19394123,41.325,-70.566,20191223,Martha's Vineyard Coastal Observatory
3020,78310702,41.57,-71.41,20191223,GSO Dock
3021,19394123,41.325,-70.566,20191224,Martha's Vineyard Coastal Observatory
3022,78310702,41.57,-71.41,20191224,GSO Dock
3023,19394123,41.325,-70.566,20191225,Martha's Vineyard Coastal Observatory
3024,78310702,41.57,-71.41,20191225,GSO Dock
3025,19394123,41.325,-70.566,20191226,Martha's Vineyard Coastal Observatory
3026,78310702,41.57,-71.41,20191226,GSO Dock
3027,19394123,41.325,-70.566,20191227,Martha's Vineyard Coastal Observatory
3028,78310702,41.57,-71.41,20191227,GSO Dock
3029,19394123,41.325,-70.566,20191228,Martha's Vineyard Coastal Observatory
3030,78310702,41.57,-71.41,20191228,GSO Dock
3031,19394123,41.325,-70.566,20191229,Martha's Vineyard Coastal Observatory
3032,78310702,41.57,-71.41,20191229,GSO Dock
3033,19394123,41.325,-70.566,20191230,Martha's Vineyard Coastal Observatory
3034,78310702,41.57,-71.41,20191230,GSO Dock
3035,19394123,41.325,-70.566,20200101,Martha's Vineyard Coastal Observatory
3036,78310702,41.57,-71.41,20200101,GSO Dock
3037,19394123,41.325,-70.566,20200102,Martha's Vineyard Coastal Observatory
3038,78310702,41.57,-71.41,20200102,GSO Dock
3039,19394123,41.325,-70.566,20200103,Martha's Vineyard Coastal Observatory
3040,78310702,41.57,-71.41,20200103,GSO Dock
3041,19394123,41.325,-70.566,20200104,Martha's Vineyard Coastal Observatory
3042,78310702,41.57,-71.41,20200104,GSO Dock
3043,19394123,41.325,-70.566,20200105,Martha's Vineyard Coastal Observatory
3044,78310702,41.57,-71.41,20200105,GSO Dock
3045,19394123,41.325,-70.566,20200106,Martha's Vineyard Coastal Observatory
3046,78310702,41.57,-71.41,20200106,GSO Dock
3047,19394123,41.325,-70.566,20200107,Martha's Vineyard Coastal Observatory
3048,78310702,41.57,-71.41,20200107,GSO Dock
3049,19394123,41.325,-70.566,20200108,Martha's Vineyard Coastal Observatory
3050,50093526,41.645,-70.675,20200108,Fiddlers Cove
3051,78310702,41.57,-71.41,20200108,GSO Dock
3052,19394123,41.325,-70.566,20200109,Martha's Vineyard Coastal Observatory
3053,50093526,41.645,-70.675,20200109,Fiddlers Cove
3054,78310702,41.57,-71.41,20200109,GSO Dock
3055,19394123,41.325,-70.566,20200110,Martha's Vineyard Coastal Observatory
3056,50093526,41.645,-70.675,20200110,Fiddlers Cove
3057,78310702,41.57,-71.41,20200110,GSO Dock
3058,19394123,41.325,-70.566,20200111,Martha's Vineyard Coastal Observatory
3059,50093526,41.645,-70.675,20200111,Fiddlers Cove
3060,78310702,41.57,-71.41,20200111,GSO Dock
3061,19394123,41.325,-70.566,20200112,Martha's Vineyard Coastal Observatory
3062,50093526,41.645,-70.675,20200112,Fiddlers Cove
3063,78310702,41.57,-71.41,20200112,GSO Dock
3064,19394123,41.325,-70.566,20200113,Martha's Vineyard Coastal Observatory
3065,50093526,41.645,-70.675,20200113,Fiddlers Cove
3066,78310702,41.57,-71.41,20200113,GSO Dock
3067,19394123,41.325,-70.566,20200114,Martha's Vineyard Coastal Observatory
3068,50093526,41.645,-70.675,20200114,Fiddlers Cove
3069,78310702,41.57,-71.41,20200114,GSO Dock
3070,19394123,41.325,-70.566,20200115,Martha's Vineyard Coastal Observatory
3071,50093526,41.645,-70.675,20200115,Fiddlers Cove
3072,78310702,41.57,-71.41,20200115,GSO Dock
3073,19394123,41.325,-70.566,20200116,Martha's Vineyard Coastal Observatory
3074,50093526,41.645,-70.675,20200116,Fiddlers Cove
3075,78310702,41.57,-71.41,20200116,GSO Dock
3076,19394123,41.325,-70.566,20200117,Martha's Vineyard Coastal Observatory
3077,50093526,41.645,-70.675,20200117,Fiddlers Cove
3078,78310702,41.57,-71.41,20200117,GSO Dock
3079,19394123,41.325,-70.566,20200118,Martha's Vineyard Coastal Observatory
3080,50093526,41.645,-70.675,20200118,Fiddlers Cove
3081,19394123,41.325,-70.566,20200119,Martha's Vineyard Coastal Observatory
3082,50093526,41.645,-70.675,20200119,Fiddlers Cove
3083,19394123,41.325,-70.566,20200120,Martha's Vineyard Coastal Observatory
3084,50093526,41.645,-70.675,20200120,Fiddlers Cove
3085,19394123,41.325,-70.566,20200121,Martha's Vineyard Coastal Observatory
3086,50093526,41.645,-70.675,20200121,Fiddlers Cove
3087,19394123,41.325,-70.566,20200122,Martha's Vineyard Coastal Observatory
3088,50093526,41.645,-70.675,20200122,Fiddlers Cove
3089,78310702,41.57,-71.41,20200122,GSO Dock
3090,19394123,41.325,-70.566,20200123,Martha's Vineyard Coastal Observatory
3091,50093526,41.645,-70.675,20200123,Fiddlers Cove
3092,78310702,41.57,-71.41,20200123,GSO Dock
3093,19394123,41.325,-70.566,20200124,Martha's Vineyard Coastal Observatory
3094,50093526,41.645,-70.675,20200124,Fiddlers Cove
3095,78310702,41.57,-71.41,20200124,GSO Dock
3096,19394123,41.325,-70.566,20200125,Martha's Vineyard Coastal Observatory
3097,50093526,41.645,-70.675,20200125,Fiddlers Cove
3098,78310702,41.57,-71.41,20200125,GSO Dock
3099,19394123,41.325,-70.566,20200126,Martha's Vineyard Coastal Observatory
3100,50093526,41.645,-70.675,20200126,Fiddlers Cove
3101,78310702,41.57,-71.41,20200126,GSO Dock
3102,50093526,41.645,-70.675,20200127,Fiddlers Cove
3103,19394123,41.325,-70.566,20200128,Martha's Vineyard Coastal Observatory
3104,50093526,41.645,-70.675,20200128,Fiddlers Cove
3105,19394123,41.325,-70.566,20200129,Martha's Vineyard Coastal Observatory
3106,50093526,41.645,-70.675,20200129,Fiddlers Cove
3107,19394123,41.325,-70.566,20200130,Martha's Vineyard Coastal Observatory
3108,50093526,41.645,-70.675,20200130,Fiddlers Cove
3109,19394123,41.325,-70.566,20200131,Martha's Vineyard Coastal Observatory
3110,50093526,41.645,-70.675,20200131,Fiddlers Cove
3111,19394123,41.325,-70.566,20200201,Martha's Vineyard Coastal Observatory
3112,50093526,41.645,-70.675,20200201,Fiddlers Cove
3113,78310702,41.57,-71.41,20200201,GSO Dock
3114,19394123,41.325,-70.566,20200202,Martha's Vineyard Coastal Observatory
3115,50093526,41.645,-70.675,20200202,Fiddlers Cove
3116,78310702,41.57,-71.41,20200202,GSO Dock
3117,19394123,41.325,-70.566,20200203,Martha's Vineyard Coastal Observatory
3118,50093526,41.645,-70.675,20200203,Fiddlers Cove
3119,19394123,41.325,-70.566,20200204,Martha's Vineyard Coastal Observatory
3120,50093526,41.645,-70.675,20200204,Fiddlers Cove
3121,19394123,41.325,-70.566,20200205,Martha's Vineyard Coastal Observatory
3122,50093526,41.645,-70.675,20200205,Fiddlers Cove
3123,19394123,41.325,-70.566,20200206,Martha's Vineyard Coastal Observatory
3124,50093526,41.645,-70.675,20200206,Fiddlers Cove
3125,50093526,41.645,-70.675,20200207,Fiddlers Cove
3126,50093526,41.645,-70.675,20200208,Fiddlers Cove
3127,50093526,41.645,-70.675,20200209,Fiddlers Cove
3128,50093526,41.645,-70.675,20200210,Fiddlers Cove
3129,50093526,41.645,-70.675,20200211,Fiddlers Cove
3130,50093526,41.645,-70.675,20200212,Fiddlers Cove
3131,50093526,41.645,-70.675,20200213,Fiddlers Cove
3132,50093526,41.645,-70.675,20200214,Fiddlers Cove
3133,50093526,41.645,-70.675,20200215,Fiddlers Cove
3134,50093526,41.645,-70.675,20200216,Fiddlers Cove
3135,50093526,41.645,-70.675,20200217,Fiddlers Cove
3136,50093526,41.645,-70.675,20200218,Fiddlers Cove
3137,50093526,41.645,-70.675,20200219,Fiddlers Cove
3138,50093526,41.645,-70.675,20200220,Fiddlers Cove
3139,50093526,41.645,-70.675,20200221,Fiddlers Cove
3140,62950397,43.781,-69.975,20200221,Bowdoin College (SCSC)
3141,50093526,41.645,-70.675,20200222,Fiddlers Cove
3142,62950397,43.781,-69.975,20200222,Bowdoin College (SCSC)
3143,50093526,41.645,-70.675,20200223,Fiddlers Cove
3144,62950397,43.781,-69.975,20200223,Bowdoin College (SCSC)
3145,50093526,41.645,-70.675,20200224,Fiddlers Cove
3146,62950397,43.781,-69.975,20200224,Bowdoin College (SCSC)
3147,50093526,41.645,-70.675,20200225,Fiddlers Cove
3148,62950397,43.781,-69.975,20200225,Bowdoin College (SCSC)
3149,50093526,41.645,-70.675,20200226,Fiddlers Cove
3150,62950397,43.781,-69.975,20200226,Bowdoin College (SCSC)
3151,50093526,41.645,-70.675,20200227,Fiddlers Cove
3152,62950397,43.781,-69.975,20200227,Bowdoin College (SCSC)
3153,50093526,41.645,-70.675,20200228,Fiddlers Cove
3154,62950397,43.781,-69.975,20200228,Bowdoin College (SCSC)
3155,50093526,41.645,-70.675,20200229,Fiddlers Cove
3156,62950397,43.781,-69.975,20200229,Bowdoin College (SCSC)
3157,50093526,41.645,-70.675,20200301,Fiddlers Cove
3158,62950397,43.781,-69.975,20200301,Bowdoin College (SCSC)
3159,50093526,41.645,-70.675,20200302,Fiddlers Cove
3160,62950397,43.781,-69.975,20200302,Bowdoin College (SCSC)
3161,50093526,41.645,-70.675,20200303,Fiddlers Cove
3162,62950397,43.781,-69.975,20200303,Bowdoin College (SCSC)
3163,50093526,41.645,-70.675,20200304,Fiddlers Cove
3164,62950397,43.781,-69.975,20200304,Bowdoin College (SCSC)
3165,78310702,41.57,-71.41,20200304,GSO Dock
3166,50093526,41.645,-70.675,20200305,Fiddlers Cove
3167,62950397,43.781,-69.975,20200305,Bowdoin College (SCSC)
3168,78310702,41.57,-71.41,20200305,GSO Dock
3169,50093526,41.645,-70.675,20200306,Fiddlers Cove
3170,62950397,43.781,-69.975,20200306,Bowdoin College (SCSC)
3171,78310702,41.57,-71.41,20200306,GSO Dock
3172,50093526,41.645,-70.675,20200307,Fiddlers Cove
3173,62950397,43.781,-69.975,20200307,Bowdoin College (SCSC)
3174,50093526,41.645,-70.675,20200308,Fiddlers Cove
3175,62950397,43.781,-69.975,20200308,Bowdoin College (SCSC)
3176,50093526,41.645,-70.675,20200309,Fiddlers Cove
3177,62950397,43.781,-69.975,20200309,Bowdoin College (SCSC)
3178,50093526,41.645,-70.675,20200310,Fiddlers Cove
3179,62950397,43.781,-69.975,20200310,Bowdoin College (SCSC)
3180,78310702,41.57,-71.41,20200310,GSO Dock
3181,50093526,41.645,-70.675,20200311,Fiddlers Cove
3182,62950397,43.781,-69.975,20200311,Bowdoin College (SCSC)
3183,19394123,41.325,-70.566,20200312,Martha's Vineyard Coastal Observatory
3184,50093526,41.645,-70.675,20200312,Fiddlers Cove
3185,62950397,43.781,-69.975,20200312,Bowdoin College (SCSC)
3186,19394123,41.325,-70.566,20200313,Martha's Vineyard Coastal Observatory
3187,50093526,41.645,-70.675,20200313,Fiddlers Cove
3188,62950397,43.781,-69.975,20200313,Bowdoin College (SCSC)
3189,19394123,41.325,-70.566,20200314,Martha's Vineyard Coastal Observatory
3190,50093526,41.645,-70.675,20200314,Fiddlers Cove
3191,19394123,41.325,-70.566,20200315,Martha's Vineyard Coastal Observatory
3192,50093526,41.645,-70.675,20200315,Fiddlers Cove
3193,19394123,41.325,-70.566,20200316,Martha's Vineyard Coastal Observatory
3194,50093526,41.645,-70.675,20200316,Fiddlers Cove
3195,62950397,43.781,-69.975,20200316,Bowdoin College (SCSC)
3196,19394123,41.325,-70.566,20200317,Martha's Vineyard Coastal Observatory
3197,50093526,41.645,-70.675,20200317,Fiddlers Cove
3198,62950397,43.781,-69.975,20200317,Bowdoin College (SCSC)
3199,19394123,41.325,-70.566,20200318,Martha's Vineyard Coastal Observatory
3200,50093526,41.645,-70.675,20200318,Fiddlers Cove
3201,62950397,43.781,-69.975,20200318,Bowdoin College (SCSC)
3202,19394123,41.325,-70.566,20200319,Martha's Vineyard Coastal Observatory
3203,50093526,41.645,-70.675,20200319,Fiddlers Cove
3204,62950397,43.781,-69.975,20200319,Bowdoin College (SCSC)
3205,19394123,41.325,-70.566,20200320,Martha's Vineyard Coastal Observatory
3206,50093526,41.645,-70.675,20200320,Fiddlers Cove
3207,62950397,43.781,-69.975,20200320,Bowdoin College (SCSC)
3208,78310702,41.57,-71.41,20200320,GSO Dock
3209,19394123,41.325,-70.566,20200321,Martha's Vineyard Coastal Observatory
3210,50093526,41.645,-70.675,20200321,Fiddlers Cove
3211,62950397,43.781,-69.975,20200321,Bowdoin College (SCSC)
3212,78310702,41.57,-71.41,20200321,GSO Dock
3213,19394123,41.325,-70.566,20200322,Martha's Vineyard Coastal Observatory
3214,50093526,41.645,-70.675,20200322,Fiddlers Cove
3215,62950397,43.781,-69.975,20200322,Bowdoin College (SCSC)
3216,78310702,41.57,-71.41,20200322,GSO Dock
3217,19394123,41.325,-70.566,20200323,Martha's Vineyard Coastal Observatory
3218,50093526,41.645,-70.675,20200323,Fiddlers Cove
3219,62950397,43.781,-69.975,20200323,Bowdoin College (SCSC)
3220,78310702,41.57,-71.41,20200323,GSO Dock
3221,19394123,41.325,-70.566,20200324,Martha's Vineyard Coastal Observatory
3222,50093526,41.645,-70.675,20200324,Fiddlers Cove
3223,62950397,43.781,-69.975,20200324,Bowdoin College (SCSC)
3224,78310702,41.57,-71.41,20200324,GSO Dock
3225,19394123,41.325,-70.566,20200325,Martha's Vineyard Coastal Observatory
3226,50093526,41.645,-70.675,20200325,Fiddlers Cove
3227,62950397,43.781,-69.975,20200325,Bowdoin College (SCSC)
3228,78310702,41.57,-71.41,20200325,GSO Dock
3229,19394123,41.325,-70.566,20200326,Martha's Vineyard Coastal Observatory
3230,50093526,41.645,-70.675,20200326,Fiddlers Cove
3231,62950397,43.781,-69.975,20200326,Bowdoin College (SCSC)
3232,78310702,41.57,-71.41,20200326,GSO Dock
3233,19394123,41.325,-70.566,20200327,Martha's Vineyard Coastal Observatory
3234,50093526,41.645,-70.675,20200327,Fiddlers Cove
3235,62950397,43.781,-69.975,20200327,Bowdoin College (SCSC)
3236,78310702,41.57,-71.41,20200327,GSO Dock
3237,19394123,41.325,-70.566,20200328,Martha's Vineyard Coastal Observatory
3238,50093526,41.645,-70.675,20200328,Fiddlers Cove
3239,62950397,43.781,-69.975,20200328,Bowdoin College (SCSC)
3240,78310702,41.57,-71.41,20200328,GSO Dock
3241,19394123,41.325,-70.566,20200329,Martha's Vineyard Coastal Observatory
3242,50093526,41.645,-70.675,20200329,Fiddlers Cove
3243,62950397,43.781,-69.975,20200329,Bowdoin College (SCSC)
3244,78310702,41.57,-71.41,20200329,GSO Dock
3245,19394123,41.325,-70.566,20200330,Martha's Vineyard Coastal Observatory
3246,50093526,41.645,-70.675,20200330,Fiddlers Cove
3247,62950397,43.781,-69.975,20200330,Bowdoin College (SCSC)
3248,78310702,41.57,-71.41,20200330,GSO Dock
3249,19394123,41.325,-70.566,20200331,Martha's Vineyard Coastal Observatory
3250,50093526,41.645,-70.675,20200331,Fiddlers Cove
3251,62950397,43.781,-69.975,20200331,Bowdoin College (SCSC)
3252,78310702,41.57,-71.41,20200331,GSO Dock
3253,19394123,41.325,-70.566,20200401,Martha's Vineyard Coastal Observatory
3254,50093526,41.645,-70.675,20200401,Fiddlers Cove
3255,62950397,43.781,-69.975,20200401,Bowdoin College (SCSC)
3256,78310702,41.57,-71.41,20200401,GSO Dock
3257,19394123,41.325,-70.566,20200402,Martha's Vineyard Coastal Observatory
3258,50093526,41.645,-70.675,20200402,Fiddlers Cove
3259,62950397,43.781,-69.975,20200402,Bowdoin College (SCSC)
3260,78310702,41.57,-71.41,20200402,GSO Dock
3261,19394123,41.325,-70.566,20200403,Martha's Vineyard Coastal Observatory
3262,50093526,41.645,-70.675,20200403,Fiddlers Cove
3263,62950397,43.781,-69.975,20200403,Bowdoin College (SCSC)
3264,78310702,41.57,-71.41,20200403,GSO Dock
3265,19394123,41.325,-70.566,20200404,Martha's Vineyard Coastal Observatory
3266,50093526,41.645,-70.675,20200404,Fiddlers Cove
3267,19394123,41.325,-70.566,20200405,Martha's Vineyard Coastal Observatory
3268,50093526,41.645,-70.675,20200405,Fiddlers Cove
3269,19394123,41.325,-70.566,20200406,Martha's Vineyard Coastal Observatory
3270,50093526,41.645,-70.675,20200406,Fiddlers Cove
3271,62950397,43.781,-69.975,20200406,Bowdoin College (SCSC)
3272,78310702,41.57,-71.41,20200406,GSO Dock
3273,19394123,41.325,-70.566,20200407,Martha's Vineyard Coastal Observatory
3274,50093526,41.645,-70.675,20200407,Fiddlers Cove
3275,62950397,43.781,-69.975,20200407,Bowdoin College (SCSC)
3276,78310702,41.57,-71.41,20200407,GSO Dock
3277,19394123,41.325,-70.566,20200408,Martha's Vineyard Coastal Observatory
3278,50093526,41.645,-70.675,20200408,Fiddlers Cove
3279,62950397,43.781,-69.975,20200408,Bowdoin College (SCSC)
3280,78310702,41.57,-71.41,20200408,GSO Dock
3281,19394123,41.325,-70.566,20200409,Martha's Vineyard Coastal Observatory
3282,50093526,41.645,-70.675,20200409,Fiddlers Cove
3283,62950397,43.781,-69.975,20200409,Bowdoin College (SCSC)
3284,78310702,41.57,-71.41,20200409,GSO Dock
3285,19394123,41.325,-70.566,20200410,Martha's Vineyard Coastal Observatory
3286,50093526,41.645,-70.675,20200410,Fiddlers Cove
3287,62950397,43.781,-69.975,20200410,Bowdoin College (SCSC)
3288,78310702,41.57,-71.41,20200410,GSO Dock
3289,19394123,41.325,-70.566,20200411,Martha's Vineyard Coastal Observatory
3290,50093526,41.645,-70.675,20200411,Fiddlers Cove
3291,78310702,41.57,-71.41,20200411,GSO Dock
3292,19394123,41.325,-70.566,20200412,Martha's Vineyard Coastal Observatory
3293,50093526,41.645,-70.675,20200412,Fiddlers Cove
3294,78310702,41.57,-71.41,20200412,GSO Dock
3295,19394123,41.325,-70.566,20200413,Martha's Vineyard Coastal Observatory
3296,62950397,43.781,-69.975,20200413,Bowdoin College (SCSC)
3297,78310702,41.57,-71.41,20200413,GSO Dock
3298,19394123,41.325,-70.566,20200414,Martha's Vineyard Coastal Observatory
3299,50093526,41.645,-70.675,20200414,Fiddlers Cove
3300,62950397,43.781,-69.975,20200414,Bowdoin College (SCSC)
3301,78310702,41.57,-71.41,20200414,GSO Dock
3302,19394123,41.325,-70.566,20200415,Martha's Vineyard Coastal Observatory
3303,50093526,41.645,-70.675,20200415,Fiddlers Cove
3304,78310702,41.57,-71.41,20200415,GSO Dock
3305,19394123,41.325,-70.566,20200416,Martha's Vineyard Coastal Observatory
3306,50093526,41.645,-70.675,20200416,Fiddlers Cove
3307,62950397,43.781,-69.975,20200416,Bowdoin College (SCSC)
3308,78310702,41.57,-71.41,20200416,GSO Dock
3309,19394123,41.325,-70.566,20200417,Martha's Vineyard Coastal Observatory
3310,50093526,41.645,-70.675,20200417,Fiddlers Cove
3311,62950397,43.781,-69.975,20200417,Bowdoin College (SCSC)
3312,78310702,41.57,-71.41,20200417,GSO Dock
3313,19394123,41.325,-70.566,20200418,Martha's Vineyard Coastal Observatory
3314,50093526,41.645,-70.675,20200418,Fiddlers Cove
3315,62950397,43.781,-69.975,20200418,Bowdoin College (SCSC)
3316,78310702,41.57,-71.41,20200418,GSO Dock
3317,19394123,41.325,-70.566,20200419,Martha's Vineyard Coastal Observatory
3318,50093526,41.645,-70.675,20200419,Fiddlers Cove
3319,62950397,43.781,-69.975,20200419,Bowdoin College (SCSC)
3320,78310702,41.57,-71.41,20200419,GSO Dock
3321,19394123,41.325,-70.566,20200420,Martha's Vineyard Coastal Observatory
3322,50093526,41.645,-70.675,20200420,Fiddlers Cove
3323,62950397,43.781,-69.975,20200420,Bowdoin College (SCSC)
3324,78310702,41.57,-71.41,20200420,GSO Dock
3325,19394123,41.325,-70.566,20200421,Martha's Vineyard Coastal Observatory
3326,50093526,41.645,-70.675,20200421,Fiddlers Cove
3327,62950397,43.781,-69.975,20200421,Bowdoin College (SCSC)
3328,78310702,41.57,-71.41,20200421,GSO Dock
3329,19394123,41.325,-70.566,20200422,Martha's Vineyard Coastal Observatory
3330,50093526,41.645,-70.675,20200422,Fiddlers Cove
3331,62950397,43.781,-69.975,20200422,Bowdoin College (SCSC)
3332,78310702,41.57,-71.41,20200422,GSO Dock
3333,19394123,41.325,-70.566,20200423,Martha's Vineyard Coastal Observatory
3334,50093526,41.645,-70.675,20200423,Fiddlers Cove
3335,62950397,43.781,-69.975,20200423,Bowdoin College (SCSC)
3336,78310702,41.57,-71.41,20200423,GSO Dock
3337,19394123,41.325,-70.566,20200424,Martha's Vineyard Coastal Observatory
3338,50093526,41.645,-70.675,20200424,Fiddlers Cove
3339,62950397,43.781,-69.975,20200424,Bowdoin College (SCSC)
3340,78310702,41.57,-71.41,20200424,GSO Dock
3341,19394123,41.325,-70.566,20200425,Martha's Vineyard Coastal Observatory
3342,50093526,41.645,-70.675,20200425,Fiddlers Cove
3343,62950397,43.781,-69.975,20200425,Bowdoin College (SCSC)
3344,78310702,41.57,-71.41,20200425,GSO Dock
3345,19394123,41.325,-70.566,20200426,Martha's Vineyard Coastal Observatory
3346,50093526,41.645,-70.675,20200426,Fiddlers Cove
3347,62950397,43.781,-69.975,20200426,Bowdoin College (SCSC)
3348,19394123,41.325,-70.566,20200427,Martha's Vineyard Coastal Observatory
3349,50093526,41.645,-70.675,20200427,Fiddlers Cove
3350,62950397,43.781,-69.975,20200427,Bowdoin College (SCSC)
3351,19394123,41.325,-70.566,20200428,Martha's Vineyard Coastal Observatory
3352,50093526,41.645,-70.675,20200428,Fiddlers Cove
3353,62950397,43.781,-69.975,20200428,Bowdoin College (SCSC)
3354,19394123,41.325,-70.566,20200429,Martha's Vineyard Coastal Observatory
3355,50093526,41.645,-70.675,20200429,Fiddlers Cove
3356,62950397,43.781,-69.975,20200429,Bowdoin College (SCSC)
3357,19394123,41.325,-70.566,20200430,Martha's Vineyard Coastal Observatory
3358,50093526,41.645,-70.675,20200430,Fiddlers Cove
3359,62950397,43.781,-69.975,20200430,Bowdoin College (SCSC)
3360,19394123,41.325,-70.566,20200501,Martha's Vineyard Coastal Observatory
3361,50093526,41.645,-70.675,20200501,Fiddlers Cove
3362,62950397,43.781,-69.975,20200501,Bowdoin College (SCSC)
3363,19394123,41.325,-70.566,20200502,Martha's Vineyard Coastal Observatory
3364,50093526,41.645,-70.675,20200502,Fiddlers Cove
3365,62950397,43.781,-69.975,20200502,Bowdoin College (SCSC)
3366,50093526,41.645,-70.675,20200503,Fiddlers Cove
3367,62950397,43.781,-69.975,20200503,Bowdoin College (SCSC)
3368,19394123,41.325,-70.566,20200504,Martha's Vineyard Coastal Observatory
3369,50093526,41.645,-70.675,20200504,Fiddlers Cove
3370,62950397,43.781,-69.975,20200504,Bowdoin College (SCSC)
3371,19394123,41.325,-70.566,20200505,Martha's Vineyard Coastal Observatory
3372,50093526,41.645,-70.675,20200505,Fiddlers Cove
3373,62950397,43.781,-69.975,20200505,Bowdoin College (SCSC)
3374,19394123,41.325,-70.566,20200506,Martha's Vineyard Coastal Observatory
3375,50093526,41.645,-70.675,20200506,Fiddlers Cove
3376,62950397,43.781,-69.975,20200506,Bowdoin College (SCSC)
3377,19394123,41.325,-70.566,20200507,Martha's Vineyard Coastal Observatory
3378,50093526,41.645,-70.675,20200507,Fiddlers Cove
3379,62950397,43.781,-69.975,20200507,Bowdoin College (SCSC)
3380,19394123,41.325,-70.566,20200508,Martha's Vineyard Coastal Observatory
3381,50093526,41.645,-70.675,20200508,Fiddlers Cove
3382,62950397,43.781,-69.975,20200508,Bowdoin College (SCSC)
3383,19394123,41.325,-70.566,20200509,Martha's Vineyard Coastal Observatory
3384,50093526,41.645,-70.675,20200509,Fiddlers Cove
3385,62950397,43.781,-69.975,20200509,Bowdoin College (SCSC)
3386,19394123,41.325,-70.566,20200510,Martha's Vineyard Coastal Observatory
3387,50093526,41.645,-70.675,20200510,Fiddlers Cove
3388,62950397,43.781,-69.975,20200510,Bowdoin College (SCSC)
3389,19394123,41.325,-70.566,20200511,Martha's Vineyard Coastal Observatory
3390,50093526,41.645,-70.675,20200511,Fiddlers Cove
3391,62950397,43.781,-69.975,20200511,Bowdoin College (SCSC)
3392,19394123,41.325,-70.566,20200512,Martha's Vineyard Coastal Observatory
3393,50093526,41.645,-70.675,20200512,Fiddlers Cove
3394,62950397,43.781,-69.975,20200512,Bowdoin College (SCSC)
3395,50093526,41.645,-70.675,20200513,Fiddlers Cove
3396,62950397,43.781,-69.975,20200513,Bowdoin College (SCSC)
3397,19394123,41.325,-70.566,20200514,Martha's Vineyard Coastal Observatory
3398,50093526,41.645,-70.675,20200514,Fiddlers Cove
3399,62950397,43.781,-69.975,20200514,Bowdoin College (SCSC)
3400,19394123,41.325,-70.566,20200515,Martha's Vineyard Coastal Observatory
3401,50093526,41.645,-70.675,20200515,Fiddlers Cove
3402,62950397,43.781,-69.975,20200515,Bowdoin College (SCSC)
3403,50093526,41.645,-70.675,20200516,Fiddlers Cove
3404,62950397,43.781,-69.975,20200516,Bowdoin College (SCSC)
3405,50093526,41.645,-70.675,20200517,Fiddlers Cove
3406,62950397,43.781,-69.975,20200517,Bowdoin College (SCSC)
3407,50093526,41.645,-70.675,20200518,Fiddlers Cove
3408,62950397,43.781,-69.975,20200518,Bowdoin College (SCSC)
3409,50093526,41.645,-70.675,20200519,Fiddlers Cove
3410,50093526,41.645,-70.675,20200520,Fiddlers Cove
3411,62950397,43.781,-69.975,20200520,Bowdoin College (SCSC)
3412,50093526,41.645,-70.675,20200521,Fiddlers Cove
3413,62950397,43.781,-69.975,20200521,Bowdoin College (SCSC)
3414,50093526,41.645,-70.675,20200522,Fiddlers Cove
3415,62950397,43.781,-69.975,20200522,Bowdoin College (SCSC)
3416,50093526,41.645,-70.675,20200523,Fiddlers Cove
3417,62950397,43.781,-69.975,20200523,Bowdoin College (SCSC)
3418,50093526,41.645,-70.675,20200524,Fiddlers Cove
3419,62950397,43.781,-69.975,20200524,Bowdoin College (SCSC)
3420,50093526,41.645,-70.675,20200525,Fiddlers Cove
3421,62950397,43.781,-69.975,20200525,Bowdoin College (SCSC)
3422,50093526,41.645,-70.675,20200526,Fiddlers Cove
3423,62950397,43.781,-69.975,20200526,Bowdoin College (SCSC)
3424,62950397,43.781,-69.975,20200527,Bowdoin College (SCSC)
3425,62950397,43.781,-69.975,20200528,Bowdoin College (SCSC)
3426,19394123,41.325,-70.566,20200529,Martha's Vineyard Coastal Observatory
3427,50093526,41.645,-70.675,20200529,Fiddlers Cove
3428,62950397,43.781,-69.975,20200529,Bowdoin College (SCSC)
3429,50093526,41.645,-70.675,20200530,Fiddlers Cove
3430,62950397,43.781,-69.975,20200530,Bowdoin College (SCSC)
3431,50093526,41.645,-70.675,20200531,Fiddlers Cove
3432,62950397,43.781,-69.975,20200531,Bowdoin College (SCSC)
3433,19394123,41.325,-70.566,20200601,Martha's Vineyard Coastal Observatory
3434,50093526,41.645,-70.675,20200601,Fiddlers Cove
3435,62950397,43.781,-69.975,20200601,Bowdoin College (SCSC)
3436,19394123,41.325,-70.566,20200602,Martha's Vineyard Coastal Observatory
3437,50093526,41.645,-70.675,20200602,Fiddlers Cove
3438,62950397,43.781,-69.975,20200602,Bowdoin College (SCSC)
3439,19394123,41.325,-70.566,20200603,Martha's Vineyard Coastal Observatory
3440,50093526,41.645,-70.675,20200603,Fiddlers Cove
3441,62950397,43.781,-69.975,20200603,Bowdoin College (SCSC)
3442,19394123,41.325,-70.566,20200604,Martha's Vineyard Coastal Observatory
3443,50093526,41.645,-70.675,20200604,Fiddlers Cove
3444,62950397,43.781,-69.975,20200604,Bowdoin College (SCSC)
3445,19394123,41.325,-70.566,20200605,Martha's Vineyard Coastal Observatory
3446,50093526,41.645,-70.675,20200605,Fiddlers Cove
3447,62950397,43.781,-69.975,20200605,Bowdoin College (SCSC)
3448,19394123,41.325,-70.566,20200606,Martha's Vineyard Coastal Observatory
3449,50093526,41.645,-70.675,20200606,Fiddlers Cove
3450,62950397,43.781,-69.975,20200606,Bowdoin College (SCSC)
3451,19394123,41.325,-70.566,20200607,Martha's Vineyard Coastal Observatory
3452,50093526,41.645,-70.675,20200607,Fiddlers Cove
3453,62950397,43.781,-69.975,20200607,Bowdoin College (SCSC)
3454,19394123,41.325,-70.566,20200608,Martha's Vineyard Coastal Observatory
3455,50093526,41.645,-70.675,20200608,Fiddlers Cove
3456,62950397,43.781,-69.975,20200608,Bowdoin College (SCSC)
3457,19394123,41.325,-70.566,20200609,Martha's Vineyard Coastal Observatory
3458,50093526,41.645,-70.675,20200609,Fiddlers Cove
3459,62950397,43.781,-69.975,20200609,Bowdoin College (SCSC)
3460,19394123,41.325,-70.566,20200610,Martha's Vineyard Coastal Observatory
3461,50093526,41.645,-70.675,20200610,Fiddlers Cove
3462,62950397,43.781,-69.975,20200610,Bowdoin College (SCSC)
3463,78310702,41.57,-71.41,20200610,GSO Dock
3464,19394123,41.325,-70.566,20200611,Martha's Vineyard Coastal Observatory
3465,50093526,41.645,-70.675,20200611,Fiddlers Cove
3466,62950397,43.781,-69.975,20200611,Bowdoin College (SCSC)
3467,78310702,41.57,-71.41,20200611,GSO Dock
3468,50093526,41.645,-70.675,20200612,Fiddlers Cove
3469,62950397,43.781,-69.975,20200612,Bowdoin College (SCSC)
3470,78310702,41.57,-71.41,20200612,GSO Dock
3471,50093526,41.645,-70.675,20200613,Fiddlers Cove
3472,62950397,43.781,-69.975,20200613,Bowdoin College (SCSC)
3473,50093526,41.645,-70.675,20200614,Fiddlers Cove
3474,62950397,43.781,-69.975,20200614,Bowdoin College (SCSC)
3475,50093526,41.645,-70.675,20200615,Fiddlers Cove
3476,62950397,43.781,-69.975,20200615,Bowdoin College (SCSC)
3477,78310702,41.57,-71.41,20200615,GSO Dock
3478,50093526,41.645,-70.675,20200616,Fiddlers Cove
3479,62950397,43.781,-69.975,20200616,Bowdoin College (SCSC)
3480,78310702,41.57,-71.41,20200616,GSO Dock
3481,50093526,41.645,-70.675,20200617,Fiddlers Cove
3482,62950397,43.781,-69.975,20200617,Bowdoin College (SCSC)
3483,78310702,41.57,-71.41,20200617,GSO Dock
3484,62950397,43.781,-69.975,20200618,Bowdoin College (SCSC)
3485,62950397,43.781,-69.975,20200619,Bowdoin College (SCSC)
3486,62950397,43.781,-69.975,20200620,Bowdoin College (SCSC)
3487,62950397,43.781,-69.975,20200621,Bowdoin College (SCSC)
3488,62950397,43.781,-69.975,20200622,Bowdoin College (SCSC)
3489,62950397,43.781,-69.975,20200623,Bowdoin College (SCSC)
3490,50093526,41.645,-70.675,20200624,Fiddlers Cove
3491,62950397,43.781,-69.975,20200624,Bowdoin College (SCSC)
3492,50093526,41.645,-70.675,20200625,Fiddlers Cove
3493,62950397,43.781,-69.975,20200625,Bowdoin College (SCSC)
3494,50093526,41.645,-70.675,20200626,Fiddlers Cove
3495,62950397,43.781,-69.975,20200626,Bowdoin College (SCSC)
3496,50093526,41.645,-70.675,20200627,Fiddlers Cove
3497,62950397,43.781,-69.975,20200627,Bowdoin College (SCSC)
3498,50093526,41.645,-70.675,20200628,Fiddlers Cove
3499,62950397,43.781,-69.975,20200628,Bowdoin College (SCSC)
3500,50093526,41.645,-70.675,20200629,Fiddlers Cove
3501,62950397,43.781,-69.975,20200629,Bowdoin College (SCSC)
3502,78310702,41.57,-71.41,20200629,GSO Dock
3503,50093526,41.645,-70.675,20200630,Fiddlers Cove
3504,62950397,43.781,-69.975,20200630,Bowdoin College (SCSC)
3505,78310702,41.57,-71.41,20200630,GSO Dock
3506,50093526,41.645,-70.675,20200701,Fiddlers Cove
3507,62950397,43.781,-69.975,20200701,Bowdoin College (SCSC)
3508,78310702,41.57,-71.41,20200701,GSO Dock
3509,50093526,41.645,-70.675,20200702,Fiddlers Cove
3510,62950397,43.781,-69.975,20200702,Bowdoin College (SCSC)
3511,78310702,41.57,-71.41,20200702,GSO Dock
3512,50093526,41.645,-70.675,20200703,Fiddlers Cove
3513,62950397,43.781,-69.975,20200703,Bowdoin College (SCSC)
3514,78310702,41.57,-71.41,20200703,GSO Dock
3515,50093526,41.645,-70.675,20200704,Fiddlers Cove
3516,62950397,43.781,-69.975,20200704,Bowdoin College (SCSC)
3517,78310702,41.57,-71.41,20200704,GSO Dock
3518,50093526,41.645,-70.675,20200705,Fiddlers Cove
3519,62950397,43.781,-69.975,20200705,Bowdoin College (SCSC)
3520,78310702,41.57,-71.41,20200705,GSO Dock
3521,50093526,41.645,-70.675,20200706,Fiddlers Cove
3522,62950397,43.781,-69.975,20200706,Bowdoin College (SCSC)
3523,78310702,41.57,-71.41,20200706,GSO Dock
3524,50093526,41.645,-70.675,20200707,Fiddlers Cove
3525,62950397,43.781,-69.975,20200707,Bowdoin College (SCSC)
3526,78310702,41.57,-71.41,20200707,GSO Dock
3527,50093526,41.645,-70.675,20200708,Fiddlers Cove
3528,62950397,43.781,-69.975,20200708,Bowdoin College (SCSC)
3529,50093526,41.645,-70.675,20200709,Fiddlers Cove
3530,62950397,43.781,-69.975,20200709,Bowdoin College (SCSC)
3531,78310702,41.57,-71.41,20200709,GSO Dock
3532,50093526,41.645,-70.675,20200710,Fiddlers Cove
3533,62950397,43.781,-69.975,20200710,Bowdoin College (SCSC)
3534,78310702,41.57,-71.41,20200710,GSO Dock
3535,84691237,44.44,-68.205,20200710,Mount Desert Island Biological Laboratory
3536,50093526,41.645,-70.675,20200711,Fiddlers Cove
3537,62950397,43.781,-69.975,20200711,Bowdoin College (SCSC)
3538,78310702,41.57,-71.41,20200711,GSO Dock
3539,84691237,44.44,-68.205,20200711,Mount Desert Island Biological Laboratory
3540,50093526,41.645,-70.675,20200712,Fiddlers Cove
3541,62950397,43.781,-69.975,20200712,Bowdoin College (SCSC)
3542,50093526,41.645,-70.675,20200713,Fiddlers Cove
3543,62950397,43.781,-69.975,20200713,Bowdoin College (SCSC)
3544,78310702,41.57,-71.41,20200713,GSO Dock
3545,50093526,41.645,-70.675,20200714,Fiddlers Cove
3546,62950397,43.781,-69.975,20200714,Bowdoin College (SCSC)
3547,50093526,41.645,-70.675,20200715,Fiddlers Cove
3548,62950397,43.781,-69.975,20200715,Bowdoin College (SCSC)
3549,62950397,43.781,-69.975,20200716,Bowdoin College (SCSC)
3550,50093526,41.645,-70.675,20200717,Fiddlers Cove
3551,62950397,43.781,-69.975,20200717,Bowdoin College (SCSC)
3552,50093526,41.645,-70.675,20200718,Fiddlers Cove
3553,50093526,41.645,-70.675,20200719,Fiddlers Cove
3554,50093526,41.645,-70.675,20200720,Fiddlers Cove
3555,62950397,43.781,-69.975,20200720,Bowdoin College (SCSC)
3556,50093526,41.645,-70.675,20200721,Fiddlers Cove
3557,62950397,43.781,-69.975,20200721,Bowdoin College (SCSC)
3558,50093526,41.645,-70.675,20200722,Fiddlers Cove
3559,62950397,43.781,-69.975,20200722,Bowdoin College (SCSC)
3560,78310702,41.57,-71.41,20200722,GSO Dock
3561,19394123,41.325,-70.566,20200723,Martha's Vineyard Coastal Observatory
3562,50093526,41.645,-70.675,20200723,Fiddlers Cove
3563,62950397,43.781,-69.975,20200723,Bowdoin College (SCSC)
3564,19394123,41.325,-70.566,20200724,Martha's Vineyard Coastal Observatory
3565,50093526,41.645,-70.675,20200724,Fiddlers Cove
3566,62950397,43.781,-69.975,20200724,Bowdoin College (SCSC)
3567,50093526,41.645,-70.675,20200725,Fiddlers Cove
3568,62950397,43.781,-69.975,20200725,Bowdoin College (SCSC)
3569,50093526,41.645,-70.675,20200726,Fiddlers Cove
3570,62950397,43.781,-69.975,20200726,Bowdoin College (SCSC)
3571,50093526,41.645,-70.675,20200727,Fiddlers Cove
3572,62950397,43.781,-69.975,20200727,Bowdoin College (SCSC)
3573,50093526,41.645,-70.675,20200728,Fiddlers Cove
3574,62950397,43.781,-69.975,20200728,Bowdoin College (SCSC)
3575,50093526,41.645,-70.675,20200729,Fiddlers Cove
3576,62950397,43.781,-69.975,20200729,Bowdoin College (SCSC)
3577,50093526,41.645,-70.675,20200730,Fiddlers Cove
3578,62950397,43.781,-69.975,20200730,Bowdoin College (SCSC)
3579,50093526,41.645,-70.675,20200731,Fiddlers Cove
3580,62950397,43.781,-69.975,20200731,Bowdoin College (SCSC)
3581,50093526,41.645,-70.675,20200801,Fiddlers Cove
3582,62950397,43.781,-69.975,20200801,Bowdoin College (SCSC)
3583,50093526,41.645,-70.675,20200802,Fiddlers Cove
3584,62950397,43.781,-69.975,20200802,Bowdoin College (SCSC)
3585,50093526,41.645,-70.675,20200803,Fiddlers Cove
3586,62950397,43.781,-69.975,20200803,Bowdoin College (SCSC)
3587,50093526,41.645,-70.675,20200804,Fiddlers Cove
3588,62950397,43.781,-69.975,20200804,Bowdoin College (SCSC)
3589,50093526,41.645,-70.675,20200805,Fiddlers Cove
3590,62950397,43.781,-69.975,20200805,Bowdoin College (SCSC)
3591,50093526,41.645,-70.675,20200806,Fiddlers Cove
3592,62950397,43.781,-69.975,20200806,Bowdoin College (SCSC)
3593,50093526,41.645,-70.675,20200807,Fiddlers Cove
3594,62950397,43.781,-69.975,20200807,Bowdoin College (SCSC)
3595,50093526,41.645,-70.675,20200808,Fiddlers Cove
3596,62950397,43.781,-69.975,20200808,Bowdoin College (SCSC)
3597,50093526,41.645,-70.675,20200809,Fiddlers Cove
3598,62950397,43.781,-69.975,20200809,Bowdoin College (SCSC)
3599,50093526,41.645,-70.675,20200810,Fiddlers Cove
3600,62950397,43.781,-69.975,20200810,Bowdoin College (SCSC)
3601,50093526,41.645,-70.675,20200811,Fiddlers Cove
3602,62950397,43.781,-69.975,20200811,Bowdoin College (SCSC)
3603,19394123,41.325,-70.566,20200812,Martha's Vineyard Coastal Observatory
3604,62950397,43.781,-69.975,20200812,Bowdoin College (SCSC)
3605,19394123,41.325,-70.566,20200813,Martha's Vineyard Coastal Observatory
3606,62950397,43.781,-69.975,20200813,Bowdoin College (SCSC)
3607,19394123,41.325,-70.566,20200814,Martha's Vineyard Coastal Observatory
3608,50093526,41.645,-70.675,20200814,Fiddlers Cove
3609,62950397,43.781,-69.975,20200814,Bowdoin College (SCSC)
3610,19394123,41.325,-70.566,20200815,Martha's Vineyard Coastal Observatory
3611,50093526,41.645,-70.675,20200815,Fiddlers Cove
3612,62950397,43.781,-69.975,20200815,Bowdoin College (SCSC)
3613,19394123,41.325,-70.566,20200816,Martha's Vineyard Coastal Observatory
3614,50093526,41.645,-70.675,20200816,Fiddlers Cove
3615,62950397,43.781,-69.975,20200816,Bowdoin College (SCSC)
3616,19394123,41.325,-70.566,20200817,Martha's Vineyard Coastal Observatory
3617,50093526,41.645,-70.675,20200817,Fiddlers Cove
3618,62950397,43.781,-69.975,20200817,Bowdoin College (SCSC)
3619,19394123,41.325,-70.566,20200818,Martha's Vineyard Coastal Observatory
3620,50093526,41.645,-70.675,20200818,Fiddlers Cove
3621,62950397,43.781,-69.975,20200818,Bowdoin College (SCSC)
3622,19394123,41.325,-70.566,20200819,Martha's Vineyard Coastal Observatory
3623,50093526,41.645,-70.675,20200819,Fiddlers Cove
3624,62950397,43.781,-69.975,20200819,Bowdoin College (SCSC)
3625,78310702,41.57,-71.41,20200819,GSO Dock
3626,19394123,41.325,-70.566,20200820,Martha's Vineyard Coastal Observatory
3627,50093526,41.645,-70.675,20200820,Fiddlers Cove
3628,62950397,43.781,-69.975,20200820,Bowdoin College (SCSC)
3629,78310702,41.57,-71.41,20200820,GSO Dock
3630,19394123,41.325,-70.566,20200821,Martha's Vineyard Coastal Observatory
3631,50093526,41.645,-70.675,20200821,Fiddlers Cove
3632,62950397,43.781,-69.975,20200821,Bowdoin College (SCSC)
3633,78310702,41.57,-71.41,20200821,GSO Dock
3634,19394123,41.325,-70.566,20200822,Martha's Vineyard Coastal Observatory
3635,50093526,41.645,-70.675,20200822,Fiddlers Cove
3636,62950397,43.781,-69.975,20200822,Bowdoin College (SCSC)
3637,19394123,41.325,-70.566,20200823,Martha's Vineyard Coastal Observatory
3638,50093526,41.645,-70.675,20200823,Fiddlers Cove
3639,62950397,43.781,-69.975,20200823,Bowdoin College (SCSC)
3640,19394123,41.325,-70.566,20200824,Martha's Vineyard Coastal Observatory
3641,50093526,41.645,-70.675,20200824,Fiddlers Cove
3642,62950397,43.781,-69.975,20200824,Bowdoin College (SCSC)
3643,78310702,41.57,-71.41,20200824,GSO Dock
3644,19394123,41.325,-70.566,20200825,Martha's Vineyard Coastal Observatory
3645,50093526,41.645,-70.675,20200825,Fiddlers Cove
3646,62950397,43.781,-69.975,20200825,Bowdoin College (SCSC)
3647,78310702,41.57,-71.41,20200825,GSO Dock
3648,19394123,41.325,-70.566,20200826,Martha's Vineyard Coastal Observatory
3649,50093526,41.645,-70.675,20200826,Fiddlers Cove
3650,62950397,43.781,-69.975,20200826,Bowdoin College (SCSC)
3651,78310702,41.57,-71.41,20200826,GSO Dock
3652,19394123,41.325,-70.566,20200827,Martha's Vineyard Coastal Observatory
3653,62950397,43.781,-69.975,20200827,Bowdoin College (SCSC)
3654,78310702,41.57,-71.41,20200827,GSO Dock
3655,19394123,41.325,-70.566,20200828,Martha's Vineyard Coastal Observatory
3656,62950397,43.781,-69.975,20200828,Bowdoin College (SCSC)
3657,78310702,41.57,-71.41,20200828,GSO Dock
3658,19394123,41.325,-70.566,20200829,Martha's Vineyard Coastal Observatory
3659,62950397,43.781,-69.975,20200829,Bowdoin College (SCSC)
3660,78310702,41.57,-71.41,20200829,GSO Dock
3661,19394123,41.325,-70.566,20200830,Martha's Vineyard Coastal Observatory
3662,62950397,43.781,-69.975,20200830,Bowdoin College (SCSC)
3663,78310702,41.57,-71.41,20200830,GSO Dock
3664,19394123,41.325,-70.566,20200831,Martha's Vineyard Coastal Observatory
3665,50093526,41.645,-70.675,20200831,Fiddlers Cove
3666,62950397,43.781,-69.975,20200831,Bowdoin College (SCSC)
3667,78310702,41.57,-71.41,20200831,GSO Dock
3668,19394123,41.325,-70.566,20200901,Martha's Vineyard Coastal Observatory
3669,50093526,41.645,-70.675,20200901,Fiddlers Cove
3670,62950397,43.781,-69.975,20200901,Bowdoin College (SCSC)
3671,78310702,41.57,-71.41,20200901,GSO Dock
3672,19394123,41.325,-70.566,20200902,Martha's Vineyard Coastal Observatory
3673,50093526,41.645,-70.675,20200902,Fiddlers Cove
3674,62950397,43.781,-69.975,20200902,Bowdoin College (SCSC)
3675,78310702,41.57,-71.41,20200902,GSO Dock
3676,19394123,41.325,-70.566,20200903,Martha's Vineyard Coastal Observatory
3677,50093526,41.645,-70.675,20200903,Fiddlers Cove
3678,62950397,43.781,-69.975,20200903,Bowdoin College (SCSC)
3679,78310702,41.57,-71.41,20200903,GSO Dock
3680,19394123,41.325,-70.566,20200904,Martha's Vineyard Coastal Observatory
3681,50093526,41.645,-70.675,20200904,Fiddlers Cove
3682,62950397,43.781,-69.975,20200904,Bowdoin College (SCSC)
3683,78310702,41.57,-71.41,20200904,GSO Dock
3684,19394123,41.325,-70.566,20200905,Martha's Vineyard Coastal Observatory
3685,50093526,41.645,-70.675,20200905,Fiddlers Cove
3686,62950397,43.781,-69.975,20200905,Bowdoin College (SCSC)
3687,78310702,41.57,-71.41,20200905,GSO Dock
3688,19394123,41.325,-70.566,20200906,Martha's Vineyard Coastal Observatory
3689,50093526,41.645,-70.675,20200906,Fiddlers Cove
3690,62950397,43.781,-69.975,20200906,Bowdoin College (SCSC)
3691,78310702,41.57,-71.41,20200906,GSO Dock
3692,19394123,41.325,-70.566,20200907,Martha's Vineyard Coastal Observatory
3693,50093526,41.645,-70.675,20200907,Fiddlers Cove
3694,62950397,43.781,-69.975,20200907,Bowdoin College (SCSC)
3695,19394123,41.325,-70.566,20200908,Martha's Vineyard Coastal Observatory
3696,50093526,41.645,-70.675,20200908,Fiddlers Cove
3697,62950397,43.781,-69.975,20200908,Bowdoin College (SCSC)
3698,78310702,41.57,-71.41,20200908,GSO Dock
3699,19394123,41.325,-70.566,20200909,Martha's Vineyard Coastal Observatory
3700,50093526,41.645,-70.675,20200909,Fiddlers Cove
3701,62950397,43.781,-69.975,20200909,Bowdoin College (SCSC)
3702,78310702,41.57,-71.41,20200909,GSO Dock
3703,19394123,41.325,-70.566,20200910,Martha's Vineyard Coastal Observatory
3704,50093526,41.645,-70.675,20200910,Fiddlers Cove
3705,62950397,43.781,-69.975,20200910,Bowdoin College (SCSC)
3706,78310702,41.57,-71.41,20200910,GSO Dock
3707,19394123,41.325,-70.566,20200911,Martha's Vineyard Coastal Observatory
3708,50093526,41.645,-70.675,20200911,Fiddlers Cove
3709,78310702,41.57,-71.41,20200911,GSO Dock
3710,19394123,41.325,-70.566,20200912,Martha's Vineyard Coastal Observatory
3711,50093526,41.645,-70.675,20200912,Fiddlers Cove
3712,78310702,41.57,-71.41,20200912,GSO Dock
3713,19394123,41.325,-70.566,20200913,Martha's Vineyard Coastal Observatory
3714,50093526,41.645,-70.675,20200913,Fiddlers Cove
3715,78310702,41.57,-71.41,20200913,GSO Dock
3716,19394123,41.325,-70.566,20200914,Martha's Vineyard Coastal Observatory
3717,50093526,41.645,-70.675,20200914,Fiddlers Cove
3718,78310702,41.57,-71.41,20200914,GSO Dock
3719,19394123,41.325,-70.566,20200915,Martha's Vineyard Coastal Observatory
3720,50093526,41.645,-70.675,20200915,Fiddlers Cove
3721,62950397,43.781,-69.975,20200915,Bowdoin College (SCSC)
3722,78310702,41.57,-71.41,20200915,GSO Dock
3723,19394123,41.325,-70.566,20200916,Martha's Vineyard Coastal Observatory
3724,50093526,41.645,-70.675,20200916,Fiddlers Cove
3725,62950397,43.781,-69.975,20200916,Bowdoin College (SCSC)
3726,78310702,41.57,-71.41,20200916,GSO Dock
3727,19394123,41.325,-70.566,20200917,Martha's Vineyard Coastal Observatory
3728,50093526,41.645,-70.675,20200917,Fiddlers Cove
3729,62950397,43.781,-69.975,20200917,Bowdoin College (SCSC)
3730,78310702,41.57,-71.41,20200917,GSO Dock
3731,50093526,41.645,-70.675,20200918,Fiddlers Cove
3732,62950397,43.781,-69.975,20200918,Bowdoin College (SCSC)
3733,78310702,41.57,-71.41,20200918,GSO Dock
3734,50093526,41.645,-70.675,20200919,Fiddlers Cove
3735,62950397,43.781,-69.975,20200919,Bowdoin College (SCSC)
3736,78310702,41.57,-71.41,20200919,GSO Dock
3737,50093526,41.645,-70.675,20200920,Fiddlers Cove
3738,62950397,43.781,-69.975,20200920,Bowdoin College (SCSC)
3739,78310702,41.57,-71.41,20200920,GSO Dock
3740,19394123,41.325,-70.566,20200921,Martha's Vineyard Coastal Observatory
3741,50093526,41.645,-70.675,20200921,Fiddlers Cove
3742,62950397,43.781,-69.975,20200921,Bowdoin College (SCSC)
3743,78310702,41.57,-71.41,20200921,GSO Dock
3744,19394123,41.325,-70.566,20200922,Martha's Vineyard Coastal Observatory
3745,50093526,41.645,-70.675,20200922,Fiddlers Cove
3746,62950397,43.781,-69.975,20200922,Bowdoin College (SCSC)
3747,78310702,41.57,-71.41,20200922,GSO Dock
3748,19394123,41.325,-70.566,20200923,Martha's Vineyard Coastal Observatory
3749,50093526,41.645,-70.675,20200923,Fiddlers Cove
3750,62950397,43.781,-69.975,20200923,Bowdoin College (SCSC)
3751,78310702,41.57,-71.41,20200923,GSO Dock
3752,19394123,41.325,-70.566,20200924,Martha's Vineyard Coastal Observatory
3753,50093526,41.645,-70.675,20200924,Fiddlers Cove
3754,78310702,41.57,-71.41,20200924,GSO Dock
3755,19394123,41.325,-70.566,20200925,Martha's Vineyard Coastal Observatory
3756,50093526,41.645,-70.675,20200925,Fiddlers Cove
3757,78310702,41.57,-71.41,20200925,GSO Dock
3758,19394123,41.325,-70.566,20200926,Martha's Vineyard Coastal Observatory
3759,50093526,41.645,-70.675,20200926,Fiddlers Cove
3760,78310702,41.57,-71.41,20200926,GSO Dock
3761,19394123,41.325,-70.566,20200927,Martha's Vineyard Coastal Observatory
3762,50093526,41.645,-70.675,20200927,Fiddlers Cove
3763,78310702,41.57,-71.41,20200927,GSO Dock
3764,19394123,41.325,-70.566,20200928,Martha's Vineyard Coastal Observatory
3765,50093526,41.645,-70.675,20200928,Fiddlers Cove
3766,78310702,41.57,-71.41,20200928,GSO Dock
3767,19394123,41.325,-70.566,20200929,Martha's Vineyard Coastal Observatory
3768,50093526,41.645,-70.675,20200929,Fiddlers Cove
3769,78310702,41.57,-71.41,20200929,GSO Dock
3770,19394123,41.325,-70.566,20200930,Martha's Vineyard Coastal Observatory
3771,50093526,41.645,-70.675,20200930,Fiddlers Cove
3772,78310702,41.57,-71.41,20200930,GSO Dock
3773,19394123,41.325,-70.566,20201001,Martha's Vineyard Coastal Observatory
3774,50093526,41.645,-70.675,20201001,Fiddlers Cove
3775,78310702,41.57,-71.41,20201001,GSO Dock
3776,19394123,41.325,-70.566,20201002,Martha's Vineyard Coastal Observatory
3777,50093526,41.645,-70.675,20201002,Fiddlers Cove
3778,78310702,41.57,-71.41,20201002,GSO Dock
3779,19394123,41.325,-70.566,20201003,Martha's Vineyard Coastal Observatory
3780,50093526,41.645,-70.675,20201003,Fiddlers Cove
3781,78310702,41.57,-71.41,20201003,GSO Dock
3782,19394123,41.325,-70.566,20201004,Martha's Vineyard Coastal Observatory
3783,50093526,41.645,-70.675,20201004,Fiddlers Cove
3784,78310702,41.57,-71.41,20201004,GSO Dock
3785,19394123,41.325,-70.566,20201005,Martha's Vineyard Coastal Observatory
3786,50093526,41.645,-70.675,20201005,Fiddlers Cove
3787,78310702,41.57,-71.41,20201005,GSO Dock
3788,19394123,41.325,-70.566,20201006,Martha's Vineyard Coastal Observatory
3789,50093526,41.645,-70.675,20201006,Fiddlers Cove
3790,62950397,43.781,-69.975,20201006,Bowdoin College (SCSC)
3791,78310702,41.57,-71.41,20201006,GSO Dock
3792,19394123,41.325,-70.566,20201007,Martha's Vineyard Coastal Observatory
3793,50093526,41.645,-70.675,20201007,Fiddlers Cove
3794,62950397,43.781,-69.975,20201007,Bowdoin College (SCSC)
3795,78310702,41.57,-71.41,20201007,GSO Dock
3796,19394123,41.325,-70.566,20201008,Martha's Vineyard Coastal Observatory
3797,50093526,41.645,-70.675,20201008,Fiddlers Cove
3798,62950397,43.781,-69.975,20201008,Bowdoin College (SCSC)
3799,78310702,41.57,-71.41,20201008,GSO Dock
3800,19394123,41.325,-70.566,20201009,Martha's Vineyard Coastal Observatory
3801,50093526,41.645,-70.675,20201009,Fiddlers Cove
3802,62950397,43.781,-69.975,20201009,Bowdoin College (SCSC)
3803,78310702,41.57,-71.41,20201009,GSO Dock
3804,19394123,41.325,-70.566,20201010,Martha's Vineyard Coastal Observatory
3805,50093526,41.645,-70.675,20201010,Fiddlers Cove
3806,62950397,43.781,-69.975,20201010,Bowdoin College (SCSC)
3807,78310702,41.57,-71.41,20201010,GSO Dock
3808,19394123,41.325,-70.566,20201011,Martha's Vineyard Coastal Observatory
3809,50093526,41.645,-70.675,20201011,Fiddlers Cove
3810,62950397,43.781,-69.975,20201011,Bowdoin College (SCSC)
3811,78310702,41.57,-71.41,20201011,GSO Dock
3812,19394123,41.325,-70.566,20201012,Martha's Vineyard Coastal Observatory
3813,50093526,41.645,-70.675,20201012,Fiddlers Cove
3814,62950397,43.781,-69.975,20201012,Bowdoin College (SCSC)
3815,78310702,41.57,-71.41,20201012,GSO Dock
3816,19394123,41.325,-70.566,20201013,Martha's Vineyard Coastal Observatory
3817,50093526,41.645,-70.675,20201013,Fiddlers Cove
3818,62950397,43.781,-69.975,20201013,Bowdoin College (SCSC)
3819,78310702,41.57,-71.41,20201013,GSO Dock
3820,19394123,41.325,-70.566,20201014,Martha's Vineyard Coastal Observatory
3821,50093526,41.645,-70.675,20201014,Fiddlers Cove
3822,62950397,43.781,-69.975,20201014,Bowdoin College (SCSC)
3823,78310702,41.57,-71.41,20201014,GSO Dock
3824,19394123,41.325,-70.566,20201015,Martha's Vineyard Coastal Observatory
3825,50093526,41.645,-70.675,20201015,Fiddlers Cove
3826,62950397,43.781,-69.975,20201015,Bowdoin College (SCSC)
3827,78310702,41.57,-71.41,20201015,GSO Dock
3828,19394123,41.325,-70.566,20201016,Martha's Vineyard Coastal Observatory
3829,50093526,41.645,-70.675,20201016,Fiddlers Cove
3830,62950397,43.781,-69.975,20201016,Bowdoin College (SCSC)
3831,78310702,41.57,-71.41,20201016,GSO Dock
3832,19394123,41.325,-70.566,20201017,Martha's Vineyard Coastal Observatory
3833,50093526,41.645,-70.675,20201017,Fiddlers Cove
3834,62950397,43.781,-69.975,20201017,Bowdoin College (SCSC)
3835,78310702,41.57,-71.41,20201017,GSO Dock
3836,19394123,41.325,-70.566,20201018,Martha's Vineyard Coastal Observatory
3837,50093526,41.645,-70.675,20201018,Fiddlers Cove
3838,62950397,43.781,-69.975,20201018,Bowdoin College (SCSC)
3839,78310702,41.57,-71.41,20201018,GSO Dock
3840,19394123,41.325,-70.566,20201019,Martha's Vineyard Coastal Observatory
3841,50093526,41.645,-70.675,20201019,Fiddlers Cove
3842,62950397,43.781,-69.975,20201019,Bowdoin College (SCSC)
3843,78310702,41.57,-71.41,20201019,GSO Dock
3844,19394123,41.325,-70.566,20201020,Martha's Vineyard Coastal Observatory
3845,50093526,41.645,-70.675,20201020,Fiddlers Cove
3846,62950397,43.781,-69.975,20201020,Bowdoin College (SCSC)
3847,78310702,41.57,-71.41,20201020,GSO Dock
3848,19394123,41.325,-70.566,20201021,Martha's Vineyard Coastal Observatory
3849,50093526,41.645,-70.675,20201021,Fiddlers Cove
3850,62950397,43.781,-69.975,20201021,Bowdoin College (SCSC)
3851,78310702,41.57,-71.41,20201021,GSO Dock
3852,19394123,41.325,-70.566,20201022,Martha's Vineyard Coastal Observatory
3853,50093526,41.645,-70.675,20201022,Fiddlers Cove
3854,62950397,43.781,-69.975,20201022,Bowdoin College (SCSC)
3855,78310702,41.57,-71.41,20201022,GSO Dock
3856,19394123,41.325,-70.566,20201023,Martha's Vineyard Coastal Observatory
3857,62950397,43.781,-69.975,20201023,Bowdoin College (SCSC)
3858,78310702,41.57,-71.41,20201023,GSO Dock
3859,19394123,41.325,-70.566,20201024,Martha's Vineyard Coastal Observatory
3860,62950397,43.781,-69.975,20201024,Bowdoin College (SCSC)
3861,19394123,41.325,-70.566,20201025,Martha's Vineyard Coastal Observatory
3862,62950397,43.781,-69.975,20201025,Bowdoin College (SCSC)
3863,78310702,41.57,-71.41,20201025,GSO Dock
3864,19394123,41.325,-70.566,20201026,Martha's Vineyard Coastal Observatory
3865,62950397,43.781,-69.975,20201026,Bowdoin College (SCSC)
3866,78310702,41.57,-71.41,20201026,GSO Dock
3867,19394123,41.325,-70.566,20201027,Martha's Vineyard Coastal Observatory
3868,62950397,43.781,-69.975,20201027,Bowdoin College (SCSC)
3869,78310702,41.57,-71.41,20201027,GSO Dock
3870,19394123,41.325,-70.566,20201028,Martha's Vineyard Coastal Observatory
3871,62950397,43.781,-69.975,20201028,Bowdoin College (SCSC)
3872,78310702,41.57,-71.41,20201028,GSO Dock
3873,19394123,41.325,-70.566,20201029,Martha's Vineyard Coastal Observatory
3874,50093526,41.645,-70.675,20201029,Fiddlers Cove
3875,62950397,43.781,-69.975,20201029,Bowdoin College (SCSC)
3876,78310702,41.57,-71.41,20201029,GSO Dock
3877,19394123,41.325,-70.566,20201030,Martha's Vineyard Coastal Observatory
3878,50093526,41.645,-70.675,20201030,Fiddlers Cove
3879,62950397,43.781,-69.975,20201030,Bowdoin College (SCSC)
3880,78310702,41.57,-71.41,20201030,GSO Dock
3881,19394123,41.325,-70.566,20201031,Martha's Vineyard Coastal Observatory
3882,50093526,41.645,-70.675,20201031,Fiddlers Cove
3883,62950397,43.781,-69.975,20201031,Bowdoin College (SCSC)
3884,78310702,41.57,-71.41,20201031,GSO Dock
3885,19394123,41.325,-70.566,20201101,Martha's Vineyard Coastal Observatory
3886,50093526,41.645,-70.675,20201101,Fiddlers Cove
3887,62950397,43.781,-69.975,20201101,Bowdoin College (SCSC)
3888,78310702,41.57,-71.41,20201101,GSO Dock
3889,19394123,41.325,-70.566,20201102,Martha's Vineyard Coastal Observatory
3890,50093526,41.645,-70.675,20201102,Fiddlers Cove
3891,62950397,43.781,-69.975,20201102,Bowdoin College (SCSC)
3892,78310702,41.57,-71.41,20201102,GSO Dock
3893,19394123,41.325,-70.566,20201103,Martha's Vineyard Coastal Observatory
3894,50093526,41.645,-70.675,20201103,Fiddlers Cove
3895,62950397,43.781,-69.975,20201103,Bowdoin College (SCSC)
3896,78310702,41.57,-71.41,20201103,GSO Dock
3897,19394123,41.325,-70.566,20201104,Martha's Vineyard Coastal Observatory
3898,50093526,41.645,-70.675,20201104,Fiddlers Cove
3899,62950397,43.781,-69.975,20201104,Bowdoin College (SCSC)
3900,78310702,41.57,-71.41,20201104,GSO Dock
3901,19394123,41.325,-70.566,20201105,Martha's Vineyard Coastal Observatory
3902,50093526,41.645,-70.675,20201105,Fiddlers Cove
3903,62950397,43.781,-69.975,20201105,Bowdoin College (SCSC)
3904,78310702,41.57,-71.41,20201105,GSO Dock
3905,19394123,41.325,-70.566,20201106,Martha's Vineyard Coastal Observatory
3906,50093526,41.645,-70.675,20201106,Fiddlers Cove
3907,62950397,43.781,-69.975,20201106,Bowdoin College (SCSC)
3908,78310702,41.57,-71.41,20201106,GSO Dock
3909,19394123,41.325,-70.566,20201107,Martha's Vineyard Coastal Observatory
3910,50093526,41.645,-70.675,20201107,Fiddlers Cove
3911,62950397,43.781,-69.975,20201107,Bowdoin College (SCSC)
3912,78310702,41.57,-71.41,20201107,GSO Dock
3913,19394123,41.325,-70.566,20201108,Martha's Vineyard Coastal Observatory
3914,50093526,41.645,-70.675,20201108,Fiddlers Cove
3915,62950397,43.781,-69.975,20201108,Bowdoin College (SCSC)
3916,78310702,41.57,-71.41,20201108,GSO Dock
3917,19394123,41.325,-70.566,20201109,Martha's Vineyard Coastal Observatory
3918,50093526,41.645,-70.675,20201109,Fiddlers Cove
3919,62950397,43.781,-69.975,20201109,Bowdoin College (SCSC)
3920,78310702,41.57,-71.41,20201109,GSO Dock
3921,19394123,41.325,-70.566,20201110,Martha's Vineyard Coastal Observatory
3922,50093526,41.645,-70.675,20201110,Fiddlers Cove
3923,62950397,43.781,-69.975,20201110,Bowdoin College (SCSC)
3924,78310702,41.57,-71.41,20201110,GSO Dock
3925,19394123,41.325,-70.566,20201111,Martha's Vineyard Coastal Observatory
3926,50093526,41.645,-70.675,20201111,Fiddlers Cove
3927,62950397,43.781,-69.975,20201111,Bowdoin College (SCSC)
3928,78310702,41.57,-71.41,20201111,GSO Dock
3929,19394123,41.325,-70.566,20201112,Martha's Vineyard Coastal Observatory
3930,50093526,41.645,-70.675,20201112,Fiddlers Cove
3931,62950397,43.781,-69.975,20201112,Bowdoin College (SCSC)
3932,78310702,41.57,-71.41,20201112,GSO Dock
3933,19394123,41.325,-70.566,20201113,Martha's Vineyard Coastal Observatory
3934,50093526,41.645,-70.675,20201113,Fiddlers Cove
3935,62950397,43.781,-69.975,20201113,Bowdoin College (SCSC)
3936,78310702,41.57,-71.41,20201113,GSO Dock
3937,19394123,41.325,-70.566,20201114,Martha's Vineyard Coastal Observatory
3938,50093526,41.645,-70.675,20201114,Fiddlers Cove
3939,62950397,43.781,-69.975,20201114,Bowdoin College (SCSC)
3940,78310702,41.57,-71.41,20201114,GSO Dock
3941,19394123,41.325,-70.566,20201115,Martha's Vineyard Coastal Observatory
3942,50093526,41.645,-70.675,20201115,Fiddlers Cove
3943,62950397,43.781,-69.975,20201115,Bowdoin College (SCSC)
3944,78310702,41.57,-71.41,20201115,GSO Dock
3945,19394123,41.325,-70.566,20201116,Martha's Vineyard Coastal Observatory
3946,50093526,41.645,-70.675,20201116,Fiddlers Cove
3947,62950397,43.781,-69.975,20201116,Bowdoin College (SCSC)
3948,78310702,41.57,-71.41,20201116,GSO Dock
3949,19394123,41.325,-70.566,20201117,Martha's Vineyard Coastal Observatory
3950,50093526,41.645,-70.675,20201117,Fiddlers Cove
3951,62950397,43.781,-69.975,20201117,Bowdoin College (SCSC)
3952,78310702,41.57,-71.41,20201117,GSO Dock
3953,19394123,41.325,-70.566,20201118,Martha's Vineyard Coastal Observatory
3954,50093526,41.645,-70.675,20201118,Fiddlers Cove
3955,62950397,43.781,-69.975,20201118,Bowdoin College (SCSC)
3956,78310702,41.57,-71.41,20201118,GSO Dock
3957,19394123,41.325,-70.566,20201119,Martha's Vineyard Coastal Observatory
3958,50093526,41.645,-70.675,20201119,Fiddlers Cove
3959,62950397,43.781,-69.975,20201119,Bowdoin College (SCSC)
3960,78310702,41.57,-71.41,20201119,GSO Dock
3961,19394123,41.325,-70.566,20201120,Martha's Vineyard Coastal Observatory
3962,50093526,41.645,-70.675,20201120,Fiddlers Cove
3963,62950397,43.781,-69.975,20201120,Bowdoin College (SCSC)
3964,78310702,41.57,-71.41,20201120,GSO Dock
3965,19394123,41.325,-70.566,20201121,Martha's Vineyard Coastal Observatory
3966,50093526,41.645,-70.675,20201121,Fiddlers Cove
3967,62950397,43.781,-69.975,20201121,Bowdoin College (SCSC)
3968,78310702,41.57,-71.41,20201121,GSO Dock
3969,19394123,41.325,-70.566,20201122,Martha's Vineyard Coastal Observatory
3970,50093526,41.645,-70.675,20201122,Fiddlers Cove
3971,62950397,43.781,-69.975,20201122,Bowdoin College (SCSC)
3972,78310702,41.57,-71.41,20201122,GSO Dock
3973,19394123,41.325,-70.566,20201123,Martha's Vineyard Coastal Observatory
3974,50093526,41.645,-70.675,20201123,Fiddlers Cove
3975,62950397,43.781,-69.975,20201123,Bowdoin College (SCSC)
3976,78310702,41.57,-71.41,20201123,GSO Dock
3977,19394123,41.325,-70.566,20201125,Martha's Vineyard Coastal Observatory
3978,50093526,41.645,-70.675,20201125,Fiddlers Cove
3979,78310702,41.57,-71.41,20201125,GSO Dock
3980,19394123,41.325,-70.566,20201126,Martha's Vineyard Coastal Observatory
3981,50093526,41.645,-70.675,20201126,Fiddlers Cove
3982,78310702,41.57,-71.41,20201126,GSO Dock
3983,19394123,41.325,-70.566,20201127,Martha's Vineyard Coastal Observatory
3984,50093526,41.645,-70.675,20201127,Fiddlers Cove
3985,78310702,41.57,-71.41,20201127,GSO Dock
3986,50093526,41.645,-70.675,20201128,Fiddlers Cove
3987,78310702,41.57,-71.41,20201128,GSO Dock
3988,50093526,41.645,-70.675,20201129,Fiddlers Cove
3989,78310702,41.57,-71.41,20201129,GSO Dock
3990,50093526,41.645,-70.675,20201130,Fiddlers Cove
3991,62950397,43.781,-69.975,20201130,Bowdoin College (SCSC)
3992,78310702,41.57,-71.41,20201130,GSO Dock
3993,50093526,41.645,-70.675,20201201,Fiddlers Cove
3994,62950397,43.781,-69.975,20201201,Bowdoin College (SCSC)
3995,78310702,41.57,-71.41,20201201,GSO Dock
3996,50093526,41.645,-70.675,20201202,Fiddlers Cove
3997,62950397,43.781,-69.975,20201202,Bowdoin College (SCSC)
3998,78310702,41.57,-71.41,20201202,GSO Dock
3999,50093526,41.645,-70.675,20201203,Fiddlers Cove
4000,62950397,43.781,-69.975,20201203,Bowdoin College (SCSC)
4001,78310702,41.57,-71.41,20201203,GSO Dock
4002,50093526,41.645,-70.675,20201204,Fiddlers Cove
4003,62950397,43.781,-69.975,20201204,Bowdoin College (SCSC)
4004,78310702,41.57,-71.41,20201204,GSO Dock
4005,50093526,41.645,-70.675,20201205,Fiddlers Cove
4006,62950397,43.781,-69.975,20201205,Bowdoin College (SCSC)
4007,78310702,41.57,-71.41,20201205,GSO Dock
4008,50093526,41.645,-70.675,20201206,Fiddlers Cove
4009,62950397,43.781,-69.975,20201206,Bowdoin College (SCSC)
4010,78310702,41.57,-71.41,20201206,GSO Dock
4011,50093526,41.645,-70.675,20201207,Fiddlers Cove
4012,62950397,43.781,-69.975,20201207,Bowdoin College (SCSC)
4013,78310702,41.57,-71.41,20201207,GSO Dock
4014,50093526,41.645,-70.675,20201208,Fiddlers Cove
4015,62950397,43.781,-69.975,20201208,Bowdoin College (SCSC)
4016,78310702,41.57,-71.41,20201208,GSO Dock
4017,50093526,41.645,-70.675,20201209,Fiddlers Cove
4018,62950397,43.781,-69.975,20201209,Bowdoin College (SCSC)
4019,78310702,41.57,-71.41,20201209,GSO Dock
4020,50093526,41.645,-70.675,20201210,Fiddlers Cove
4021,62950397,43.781,-69.975,20201210,Bowdoin College (SCSC)
4022,78310702,41.57,-71.41,20201210,GSO Dock
4023,19394123,41.325,-70.566,20201211,Martha's Vineyard Coastal Observatory
4024,62950397,43.781,-69.975,20201211,Bowdoin College (SCSC)
4025,78310702,41.57,-71.41,20201211,GSO Dock
4026,62950397,43.781,-69.975,20201212,Bowdoin College (SCSC)
4027,78310702,41.57,-71.41,20201212,GSO Dock
4028,62950397,43.781,-69.975,20201213,Bowdoin College (SCSC)
4029,78310702,41.57,-71.41,20201213,GSO Dock
4030,62950397,43.781,-69.975,20201214,Bowdoin College (SCSC)
4031,78310702,41.57,-71.41,20201214,GSO Dock
4032,62950397,43.781,-69.975,20201215,Bowdoin College (SCSC)
4033,78310702,41.57,-71.41,20201215,GSO Dock
4034,62950397,43.781,-69.975,20201216,Bowdoin College (SCSC)
4035,78310702,41.57,-71.41,20201216,GSO Dock
4036,62950397,43.781,-69.975,20201217,Bowdoin College (SCSC)
4037,78310702,41.57,-71.41,20201217,GSO Dock
4038,62950397,43.781,-69.975,20201218,Bowdoin College (SCSC)
4039,78310702,41.57,-71.41,20201218,GSO Dock
4040,62950397,43.781,-69.975,20201219,Bowdoin College (SCSC)
4041,78310702,41.57,-71.41,20201219,GSO Dock
4042,62950397,43.781,-69.975,20201220,Bowdoin College (SCSC)
4043,78310702,41.57,-71.41,20201220,GSO Dock
4044,62950397,43.781,-69.975,20201221,Bowdoin College (SCSC)
4045,78310702,41.57,-71.41,20201221,GSO Dock
4046,62950397,43.781,-69.975,20201222,Bowdoin College (SCSC)
4047,78310702,41.57,-71.41,20201222,GSO Dock
4048,62950397,43.781,-69.975,20201223,Bowdoin College (SCSC)
4049,78310702,41.57,-71.41,20201223,GSO Dock
4050,62950397,43.781,-69.975,20201224,Bowdoin College (SCSC)
4051,78310702,41.57,-71.41,20201224,GSO Dock
4052,62950397,43.781,-69.975,20201225,Bowdoin College (SCSC)
4053,78310702,41.57,-71.41,20201225,GSO Dock
4054,62950397,43.781,-69.975,20201226,Bowdoin College (SCSC)
4055,78310702,41.57,-71.41,20201226,GSO Dock
4056,62950397,43.781,-69.975,20201227,Bowdoin College (SCSC)
4057,78310702,41.57,-71.41,20201227,GSO Dock
4058,62950397,43.781,-69.975,20201228,Bowdoin College (SCSC)
4059,78310702,41.57,-71.41,20201228,GSO Dock
4060,62950397,43.781,-69.975,20201229,Bowdoin College (SCSC)
4061,78310702,41.57,-71.41,20201229,GSO Dock
4062,62950397,43.781,-69.975,20201230,Bowdoin College (SCSC)
4063,78310702,41.57,-71.41,20201230,GSO Dock
4064,78310702,41.57,-71.41,20210101,GSO Dock
4065,78310702,41.57,-71.41,20210102,GSO Dock
4066,78310702,41.57,-71.41,20210103,GSO Dock
4067,78310702,41.57,-71.41,20210104,GSO Dock
4068,78310702,41.57,-71.41,20210105,GSO Dock
4069,50093526,41.645,-70.675,20210106,Fiddlers Cove
4070,78310702,41.57,-71.41,20210106,GSO Dock
4071,50093526,41.645,-70.675,20210107,Fiddlers Cove
4072,78310702,41.57,-71.41,20210107,GSO Dock
4073,50093526,41.645,-70.675,20210108,Fiddlers Cove
4074,78310702,41.57,-71.41,20210108,GSO Dock
4075,50093526,41.645,-70.675,20210109,Fiddlers Cove
4076,78310702,41.57,-71.41,20210109,GSO Dock
4077,50093526,41.645,-70.675,20210110,Fiddlers Cove
4078,78310702,41.57,-71.41,20210110,GSO Dock
4079,50093526,41.645,-70.675,20210111,Fiddlers Cove
4080,78310702,41.57,-71.41,20210111,GSO Dock
4081,50093526,41.645,-70.675,20210112,Fiddlers Cove
4082,78310702,41.57,-71.41,20210112,GSO Dock
4083,50093526,41.645,-70.675,20210113,Fiddlers Cove
4084,78310702,41.57,-71.41,20210113,GSO Dock
4085,50093526,41.645,-70.675,20210114,Fiddlers Cove
4086,78310702,41.57,-71.41,20210114,GSO Dock
4087,50093526,41.645,-70.675,20210115,Fiddlers Cove
4088,78310702,41.57,-71.41,20210115,GSO Dock
4089,50093526,41.645,-70.675,20210116,Fiddlers Cove
4090,78310702,41.57,-71.41,20210116,GSO Dock
4091,50093526,41.645,-70.675,20210117,Fiddlers Cove
4092,78310702,41.57,-71.41,20210117,GSO Dock
4093,50093526,41.645,-70.675,20210118,Fiddlers Cove
4094,78310702,41.57,-71.41,20210118,GSO Dock
4095,50093526,41.645,-70.675,20210119,Fiddlers Cove
4096,78310702,41.57,-71.41,20210119,GSO Dock
4097,50093526,41.645,-70.675,20210120,Fiddlers Cove
4098,78310702,41.57,-71.41,20210120,GSO Dock
4099,50093526,41.645,-70.675,20210121,Fiddlers Cove
4100,78310702,41.57,-71.41,20210121,GSO Dock
4101,50093526,41.645,-70.675,20210122,Fiddlers Cove
4102,78310702,41.57,-71.41,20210122,GSO Dock
4103,50093526,41.645,-70.675,20210123,Fiddlers Cove
4104,78310702,41.57,-71.41,20210123,GSO Dock
4105,50093526,41.645,-70.675,20210124,Fiddlers Cove
4106,78310702,41.57,-71.41,20210124,GSO Dock
4107,50093526,41.645,-70.675,20210125,Fiddlers Cove
4108,78310702,41.57,-71.41,20210125,GSO Dock
4109,50093526,41.645,-70.675,20210126,Fiddlers Cove
4110,78310702,41.57,-71.41,20210126,GSO Dock
4111,50093526,41.645,-70.675,20210127,Fiddlers Cove
4112,78310702,41.57,-71.41,20210127,GSO Dock
4113,50093526,41.645,-70.675,20210128,Fiddlers Cove
4114,78310702,41.57,-71.41,20210128,GSO Dock
4115,50093526,41.645,-70.675,20210129,Fiddlers Cove
4116,78310702,41.57,-71.41,20210129,GSO Dock
4117,50093526,41.645,-70.675,20210130,Fiddlers Cove
4118,78310702,41.57,-71.41,20210130,GSO Dock
4119,50093526,41.645,-70.675,20210131,Fiddlers Cove
4120,78310702,41.57,-71.41,20210131,GSO Dock
4121,50093526,41.645,-70.675,20210201,Fiddlers Cove
4122,78310702,41.57,-71.41,20210201,GSO Dock
4123,50093526,41.645,-70.675,20210202,Fiddlers Cove
4124,78310702,41.57,-71.41,20210202,GSO Dock
4125,50093526,41.645,-70.675,20210203,Fiddlers Cove
4126,78310702,41.57,-71.41,20210203,GSO Dock
4127,50093526,41.645,-70.675,20210204,Fiddlers Cove
4128,78310702,41.57,-71.41,20210204,GSO Dock
4129,50093526,41.645,-70.675,20210205,Fiddlers Cove
4130,78310702,41.57,-71.41,20210205,GSO Dock
4131,50093526,41.645,-70.675,20210206,Fiddlers Cove
4132,78310702,41.57,-71.41,20210206,GSO Dock
4133,50093526,41.645,-70.675,20210207,Fiddlers Cove
4134,78310702,41.57,-71.41,20210207,GSO Dock
4135,50093526,41.645,-70.675,20210208,Fiddlers Cove
4136,78310702,41.57,-71.41,20210208,GSO Dock
4137,78310702,41.57,-71.41,20210209,GSO Dock
4138,78310702,41.57,-71.41,20210210,GSO Dock
4139,50093526,41.645,-70.675,20210211,Fiddlers Cove
4140,78310702,41.57,-71.41,20210211,GSO Dock
4141,50093526,41.645,-70.675,20210212,Fiddlers Cove
4142,78310702,41.57,-71.41,20210212,GSO Dock
4143,50093526,41.645,-70.675,20210213,Fiddlers Cove
4144,50093526,41.645,-70.675,20210214,Fiddlers Cove
4145,50093526,41.645,-70.675,20210215,Fiddlers Cove
4146,78310702,41.57,-71.41,20210215,GSO Dock
4147,50093526,41.645,-70.675,20210216,Fiddlers Cove
4148,78310702,41.57,-71.41,20210216,GSO Dock
4149,50093526,41.645,-70.675,20210217,Fiddlers Cove
4150,78310702,41.57,-71.41,20210217,GSO Dock
4151,50093526,41.645,-70.675,20210218,Fiddlers Cove
4152,78310702,41.57,-71.41,20210218,GSO Dock
4153,50093526,41.645,-70.675,20210219,Fiddlers Cove
4154,78310702,41.57,-71.41,20210219,GSO Dock
4155,50093526,41.645,-70.675,20210220,Fiddlers Cove
4156,78310702,41.57,-71.41,20210220,GSO Dock
4157,50093526,41.645,-70.675,20210221,Fiddlers Cove
4158,78310702,41.57,-71.41,20210221,GSO Dock
4159,50093526,41.645,-70.675,20210222,Fiddlers Cove
4160,78310702,41.57,-71.41,20210222,GSO Dock
4161,50093526,41.645,-70.675,20210223,Fiddlers Cove
4162,78310702,41.57,-71.41,20210223,GSO Dock
4163,78310702,41.57,-71.41,20210224,GSO Dock
4164,78310702,41.57,-71.41,20210226,GSO Dock
4165,78310702,41.57,-71.41,20210227,GSO Dock
4166,78310702,41.57,-71.41,20210228,GSO Dock
4167,78310702,41.57,-71.41,20210301,GSO Dock
4168,78310702,41.57,-71.41,20210302,GSO Dock
4169,78310702,41.57,-71.41,20210303,GSO Dock
4170,78310702,41.57,-71.41,20210304,GSO Dock
4171,78310702,41.57,-71.41,20210305,GSO Dock
4172,78310702,41.57,-71.41,20210306,GSO Dock
4173,78310702,41.57,-71.41,20210307,GSO Dock
4174,78310702,41.57,-71.41,20210308,GSO Dock
4175,78310702,41.57,-71.41,20210309,GSO Dock
4176,78310702,41.57,-71.41,20210310,GSO Dock
4177,78310702,41.57,-71.41,20210311,GSO Dock
4178,78310702,41.57,-71.41,20210312,GSO Dock
4179,78310702,41.57,-71.41,20210313,GSO Dock
4180,78310702,41.57,-71.41,20210314,GSO Dock
4181,78310702,41.57,-71.41,20210315,GSO Dock
4182,78310702,41.57,-71.41,20210316,GSO Dock
4183,78310702,41.57,-71.41,20210317,GSO Dock
4184,78310702,41.57,-71.41,20210318,GSO Dock
4185,78310702,41.57,-71.41,20210319,GSO Dock
4186,78310702,41.57,-71.41,20210320,GSO Dock
4187,78310702,41.57,-71.41,20210321,GSO Dock
4188,78310702,41.57,-71.41,20210322,GSO Dock
4189,78310702,41.57,-71.41,20210323,GSO Dock
4190,78310702,41.57,-71.41,20210324,GSO Dock
4191,78310702,41.57,-71.41,20210325,GSO Dock
4192,78310702,41.57,-71.41,20210326,GSO Dock
4193,78310702,41.57,-71.41,20210327,GSO Dock
4194,78310702,41.57,-71.41,20210328,GSO Dock
4195,78310702,41.57,-71.41,20210329,GSO Dock
4196,78310702,41.57,-71.41,20210331,GSO Dock
4197,50093526,41.645,-70.675,20210401,Fiddlers Cove
4198,78310702,41.57,-71.41,20210401,GSO Dock
4199,50093526,41.645,-70.675,20210402,Fiddlers Cove
4200,78310702,41.57,-71.41,20210402,GSO Dock
4201,50093526,41.645,-70.675,20210403,Fiddlers Cove
4202,78310702,41.57,-71.41,20210403,GSO Dock
4203,50093526,41.645,-70.675,20210404,Fiddlers Cove
4204,78310702,41.57,-71.41,20210404,GSO Dock
4205,50093526,41.645,-70.675,20210405,Fiddlers Cove
4206,78310702,41.57,-71.41,20210405,GSO Dock
4207,50093526,41.645,-70.675,20210407,Fiddlers Cove
4208,78310702,41.57,-71.41,20210407,GSO Dock
4209,50093526,41.645,-70.675,20210408,Fiddlers Cove
4210,78310702,41.57,-71.41,20210408,GSO Dock
4211,50093526,41.645,-70.675,20210409,Fiddlers Cove
4212,78310702,41.57,-71.41,20210409,GSO Dock
4213,50093526,41.645,-70.675,20210410,Fiddlers Cove
4214,78310702,41.57,-71.41,20210410,GSO Dock
4215,50093526,41.645,-70.675,20210411,Fiddlers Cove
4216,78310702,41.57,-71.41,20210411,GSO Dock
4217,50093526,41.645,-70.675,20210412,Fiddlers Cove
4218,78310702,41.57,-71.41,20210412,GSO Dock
4219,78310702,41.57,-71.41,20210413,GSO Dock
4220,78310702,41.57,-71.41,20210414,GSO Dock
4221,19394123,41.325,-70.566,20210430,Martha's Vineyard Coastal Observatory
4222,19394123,41.325,-70.566,20210501,Martha's Vineyard Coastal Observatory
4223,19394123,41.325,-70.566,20210502,Martha's Vineyard Coastal Observatory
4224,19394123,41.325,-70.566,20210503,Martha's Vineyard Coastal Observatory
4225,19394123,41.325,-70.566,20210504,Martha's Vineyard Coastal Observatory
4226,19394123,41.325,-70.566,20210505,Martha's Vineyard Coastal Observatory
4227,19394123,41.325,-70.566,20210506,Martha's Vineyard Coastal Observatory
4228,19394123,41.325,-70.566,20210507,Martha's Vineyard Coastal Observatory
4229,19394123,41.325,-70.566,20210508,Martha's Vineyard Coastal Observatory
4230,19394123,41.325,-70.566,20210509,Martha's Vineyard Coastal Observatory
4231,19394123,41.325,-70.566,20210510,Martha's Vineyard Coastal Observatory
4232,19394123,41.325,-70.566,20210511,Martha's Vineyard Coastal Observatory
4233,19394123,41.325,-70.566,20210512,Martha's Vineyard Coastal Observatory
4234,19394123,41.325,-70.566,20210513,Martha's Vineyard Coastal Observatory
4235,05747817,40.9797,-70.7199,20210514,NESLTER broadscale
4236,08794601,41.1047,-70.6865,20210514,NESLTER broadscale
4237,14684312,41.1073,-70.6251,20210514,NESLTER broadscale
4238,19394123,41.325,-70.566,20210514,Martha's Vineyard Coastal Observatory
4239,29262644,41.1032,-70.604,20210514,NESLTER broadscale
4240,41371906,41.0796,-70.6419,20210514,NESLTER broadscale
4241,46990610,41.0293,-70.681,20210514,NESLTER broadscale
4242,47096444,41.1017,-71.097,20210514,NESLTER broadscale
4243,67549653,41.1049,-71.1793,20210514,NESLTER broadscale
4244,69063860,41.103,-70.9319,20210514,NESLTER broadscale
4245,76395576,41.1094,-70.6257,20210514,NESLTER broadscale
4246,82844125,41.1037,-70.8487,20210514,NESLTER broadscale
4247,90048691,41.1067,-70.6151,20210514,NESLTER broadscale
4248,93565962,41.1041,-70.7675,20210514,NESLTER broadscale
4249,96175145,41.1031,-71.0149,20210514,NESLTER broadscale
4250,98859974,41.1039,-70.6181,20210514,NESLTER broadscale
4251,07733009,40.2395,-71.0292,20210515,NESLTER broadscale
4252,08696904,40.6982,-70.8788,20210515,NESLTER broadscale
4253,16679980,40.3409,-70.9531,20210515,NESLTER broadscale
4254,19394123,41.325,-70.566,20210515,Martha's Vineyard Coastal Observatory
4255,24045098,40.4893,-70.8419,20210515,NESLTER broadscale
4256,25510705,40.4954,-70.8292,20210515,NESLTER broadscale
4257,26439218,40.5413,-70.879,20210515,NESLTER broadscale
4258,27161009,40.6443,-70.8965,20210515,NESLTER broadscale
4259,34344492,40.8364,-70.8259,20210515,NESLTER broadscale
4260,51053842,40.4394,-70.879,20210515,NESLTER broadscale
4261,54995867,40.5811,-70.9137,20210515,NESLTER broadscale
4262,63509589,40.5895,-70.9023,20210515,NESLTER broadscale
4263,76106919,40.8073,-70.8404,20210515,NESLTER broadscale
4264,91554509,40.8689,-70.8063,20210515,NESLTER broadscale
4265,94364511,40.2906,-70.9913,20210515,NESLTER broadscale
4266,97340964,40.753,-70.8603,20210515,NESLTER broadscale
4267,98283362,40.3901,-70.9164,20210515,NESLTER broadscale
4268,19394123,41.325,-70.566,20210516,Martha's Vineyard Coastal Observatory
4269,19394123,41.325,-70.566,20210517,Martha's Vineyard Coastal Observatory
4270,02156775,40.669,-70.6239,20210518,NESLTER broadscale
4271,02575255,40.8808,-71.3294,20210518,NESLTER broadscale
4272,03487728,40.8811,-71.1078,20210518,NESLTER broadscale
4273,05989392,40.6642,-70.624,20210518,NESLTER broadscale
4274,06281887,40.8244,-70.9741,20210518,NESLTER broadscale
4275,12255604,40.5534,-70.6412,20210518,NESLTER broadscale
4276,15574529,40.7948,-70.907,20210518,NESLTER broadscale
4277,15722292,40.7369,-70.7713,20210518,NESLTER broadscale
4278,19394123,41.325,-70.566,20210518,Martha's Vineyard Coastal Observatory
4279,20844359,40.4384,-70.6547,20210518,NESLTER broadscale
4280,32643434,40.4946,-70.6482,20210518,NESLTER broadscale
4281,33379210,40.8856,-71.5327,20210518,NESLTER broadscale
4282,35711838,40.6757,-70.6357,20210518,NESLTER broadscale
4283,45627772,40.9056,-71.1771,20210518,NESLTER broadscale
4284,49526429,40.8907,-71.4574,20210518,NESLTER broadscale
4285,58229654,40.9015,-71.189,20210518,NESLTER broadscale
4286,68320338,40.8534,-71.0404,20210518,NESLTER broadscale
4287,69989504,40.6093,-70.6329,20210518,NESLTER broadscale
4288,80381005,40.3264,-70.6603,20210518,NESLTER broadscale
4289,89793438,40.875,-71.2586,20210518,NESLTER broadscale
4290,91067042,40.7662,-70.8392,20210518,NESLTER broadscale
4291,92005676,40.3828,-70.6601,20210518,NESLTER broadscale
4292,92806400,40.7066,-70.7036,20210518,NESLTER broadscale
4293,98857260,40.8936,-71.3954,20210518,NESLTER broadscale
4294,01217497,40.748,-69.9947,20210519,NESLTER broadscale
4295,03522937,40.0322,-70.5996,20210519,NESLTER broadscale
4296,05976827,40.3452,-69.6145,20210519,NESLTER broadscale
4297,08357542,40.086,-69.7514,20210519,NESLTER broadscale
4298,10170036,39.8333,-70.6172,20210519,NESLTER broadscale
4299,12514358,40.3741,-69.6732,20210519,NESLTER broadscale
4300,12629408,40.8304,-70.0649,20210519,NESLTER broadscale
4301,13580751,40.1141,-70.0704,20210519,NESLTER broadscale
4302,14134939,39.8778,-70.5422,20210519,NESLTER broadscale
4303,15829407,40.3119,-70.6607,20210519,NESLTER broadscale
4304,16525714,40.3504,-69.8718,20210519,NESLTER broadscale
4305,18962039,40.0202,-70.6041,20210519,NESLTER broadscale
4306,19394123,41.325,-70.566,20210519,Martha's Vineyard Coastal Observatory
4307,25582719,40.0295,-70.6109,20210519,NESLTER broadscale
4308,28822200,40.3712,-69.6204,20210519,NESLTER broadscale
4309,29004207,40.1094,-69.7605,20210519,NESLTER broadscale
4310,29341823,40.0938,-70.1364,20210519,NESLTER broadscale
4311,33694238,39.8464,-70.6005,20210519,NESLTER broadscale
4312,35602084,39.9802,-70.3528,20210519,NESLTER broadscale
4313,36455724,40.6353,-69.829,20210519,NESLTER broadscale
4314,36992139,40.4802,-69.7045,20210519,NESLTER broadscale
4315,41076974,40.0302,-70.5969,20210519,NESLTER broadscale
4316,42422742,40.7432,-69.92,20210519,NESLTER broadscale
4317,45778172,40.3811,-69.8142,20210519,NESLTER broadscale
4318,46663112,40.3028,-69.901,20210519,NESLTER broadscale
4319,48282151,39.9066,-70.6026,20210519,NESLTER broadscale
4320,48627164,40.1984,-70.6372,20210519,NESLTER broadscale
4321,50194646,39.8448,-70.6045,20210519,NESLTER broadscale
4322,51809301,40.1405,-70.6246,20210519,NESLTER broadscale
4323,54242694,40.5835,-69.7864,20210519,NESLTER broadscale
4324,59976664,40.7363,-69.9164,20210519,NESLTER broadscale
4325,60376273,40.084,-70.6125,20210519,NESLTER broadscale
4326,60414440,39.913,-70.4768,20210519,NESLTER broadscale
4327,60807298,40.425,-69.6609,20210519,NESLTER broadscale
4328,61860337,40.6881,-69.8706,20210519,NESLTER broadscale
4329,64439562,40.1567,-69.795,20210519,NESLTER broadscale
4330,65471405,40.1392,-69.8699,20210519,NESLTER broadscale
4331,66464981,40.0135,-70.2926,20210519,NESLTER broadscale
4332,66470545,40.7455,-70.0053,20210519,NESLTER broadscale
4333,68217467,39.965,-70.6055,20210519,NESLTER broadscale
4334,70842685,40.0727,-70.1676,20210519,NESLTER broadscale
4335,72661768,40.9136,-70.0791,20210519,NESLTER broadscale
4336,72814958,40.409,-69.7653,20210519,NESLTER broadscale
4337,77522977,40.7781,-70.0317,20210519,NESLTER broadscale
4338,84476477,40.2554,-70.6482,20210519,NESLTER broadscale
4339,84614489,40.0467,-70.2329,20210519,NESLTER broadscale
4340,85234884,39.8322,-70.6118,20210519,NESLTER broadscale
4341,85249399,40.886,-70.0805,20210519,NESLTER broadscale
4342,86508053,40.0836,-70.158,20210519,NESLTER broadscale
4343,87468206,40.3316,-69.9114,20210519,NESLTER broadscale
4344,88702186,40.1371,-70.0018,20210519,NESLTER broadscale
4345,88737113,39.9473,-70.4145,20210519,NESLTER broadscale
4346,90381083,40.8571,-70.043,20210519,NESLTER broadscale
4347,90790440,40.3984,-69.7354,20210519,NESLTER broadscale
4348,90931580,40.5312,-69.7469,20210519,NESLTER broadscale
4349,91285794,39.8342,-70.6183,20210519,NESLTER broadscale
4350,94764937,40.337,-69.6018,20210519,NESLTER broadscale
4351,95632297,40.2042,-69.8319,20210519,NESLTER broadscale
4352,95747086,40.2531,-69.8673,20210519,NESLTER broadscale
4353,98759571,40.1544,-69.9321,20210519,NESLTER broadscale
4354,99257631,40.1607,-69.9241,20210519,NESLTER broadscale
4355,03521780,40.4283,-68.482,20210520,NESLTER broadscale
4356,03849627,40.8729,-69.4706,20210520,NESLTER broadscale
4357,03942506,40.8988,-69.159,20210520,NESLTER broadscale
4358,05211787,40.5103,-68.662,20210520,NESLTER broadscale
4359,12481068,41.0384,-69.0675,20210520,NESLTER broadscale
4360,15380662,40.9002,-69.2609,20210520,NESLTER broadscale
4361,19394123,41.325,-70.566,20210520,Martha's Vineyard Coastal Observatory
4362,19559604,40.9348,-69.0135,20210520,NESLTER broadscale
4363,24589832,40.8415,-69.8279,20210520,NESLTER broadscale
4364,25062311,40.3598,-68.3204,20210520,NESLTER broadscale
4365,34859774,41.001,-69.2485,20210520,NESLTER broadscale
4366,37087603,41.0734,-69.0964,20210520,NESLTER broadscale
4367,39419566,40.4804,-68.6014,20210520,NESLTER broadscale
4368,41557916,40.9281,-69.183,20210520,NESLTER broadscale
4369,42838320,40.5368,-68.7287,20210520,NESLTER broadscale
4370,44366603,40.5819,-68.8205,20210520,NESLTER broadscale
4371,44739342,40.8301,-68.9605,20210520,NESLTER broadscale
4372,44753095,40.8331,-69.9737,20210520,NESLTER broadscale
4373,44872114,40.9871,-69.0386,20210520,NESLTER broadscale
4374,45376000,40.3381,-68.2696,20210520,NESLTER broadscale
4375,47950620,40.6481,-68.8711,20210520,NESLTER broadscale
4376,48532941,40.8363,-69.8995,20210520,NESLTER broadscale
4377,49711747,40.9008,-69.1872,20210520,NESLTER broadscale
4378,53025561,40.8825,-68.9867,20210520,NESLTER broadscale
4379,59504957,40.5934,-68.8422,20210520,NESLTER broadscale
4380,62742057,40.4538,-68.5419,20210520,NESLTER broadscale
4381,64186308,41.0346,-69.1771,20210520,NESLTER broadscale
4382,65076000,41.0666,-69.1107,20210520,NESLTER broadscale
4383,65303849,40.8841,-69.3298,20210520,NESLTER broadscale
4384,66631398,40.5658,-68.7945,20210520,NESLTER broadscale
4385,67553204,40.3295,-68.2671,20210520,NESLTER broadscale
4386,69318224,40.8608,-69.612,20210520,NESLTER broadscale
4387,73001307,40.7756,-68.9338,20210520,NESLTER broadscale
4388,73597355,40.8483,-69.7543,20210520,NESLTER broadscale
4389,75037912,40.5866,-68.8352,20210520,NESLTER broadscale
4390,83191123,40.8542,-69.6826,20210520,NESLTER broadscale
4391,86349265,40.5827,-68.8319,20210520,NESLTER broadscale
4392,87014447,40.8782,-69.4004,20210520,NESLTER broadscale
4393,87935251,40.8675,-69.5414,20210520,NESLTER broadscale
4394,88839573,40.9781,-69.2291,20210520,NESLTER broadscale
4395,92271600,40.405,-68.4252,20210520,NESLTER broadscale
4396,96460842,40.3822,-68.3718,20210520,NESLTER broadscale
4397,02167671,42.4097,-67.2981,20210521,NESLTER broadscale
4398,04924954,42.0571,-67.6489,20210521,NESLTER broadscale
4399,05559470,41.7146,-67.606,20210521,NESLTER broadscale
4400,05966107,41.8063,-67.5983,20210521,NESLTER broadscale
4401,09870502,42.0081,-67.6865,20210521,NESLTER broadscale
4402,12925119,42.3841,-67.3431,20210521,NESLTER broadscale
4403,14566325,42.3903,-67.1645,20210521,NESLTER broadscale
4404,17813013,41.9586,-67.6349,20210521,NESLTER broadscale
4405,17828372,41.4992,-67.6646,20210521,NESLTER broadscale
4406,18716160,41.4686,-67.6895,20210521,NESLTER broadscale
4407,19378343,41.9197,-67.5926,20210521,NESLTER broadscale
4408,19394123,41.325,-70.566,20210521,Martha's Vineyard Coastal Observatory
4409,21775798,42.2501,-67.4807,20210521,NESLTER broadscale
4410,32141664,41.6021,-67.6175,20210521,NESLTER broadscale
4411,38036932,42.366,-67.0481,20210521,NESLTER broadscale
4412,41924900,41.9964,-67.6816,20210521,NESLTER broadscale
4413,43227396,41.8536,-67.5934,20210521,NESLTER broadscale
4414,45080044,42.3684,-67.0509,20210521,NESLTER broadscale
4415,45851550,42.4204,-67.3606,20210521,NESLTER broadscale
4416,52601875,42.1032,-67.608,20210521,NESLTER broadscale
4417,55460097,41.4174,-67.7333,20210521,NESLTER broadscale
4418,62121756,42.2006,-67.5232,20210521,NESLTER broadscale
4419,62193642,42.1509,-67.5656,20210521,NESLTER broadscale
4420,63130202,42.2976,-67.4364,20210521,NESLTER broadscale
4421,63452673,42.3825,-67.0489,20210521,NESLTER broadscale
4422,70525681,41.8999,-67.5892,20210521,NESLTER broadscale
4423,74732448,41.4743,-67.6889,20210521,NESLTER broadscale
4424,74747313,41.4736,-67.6874,20210521,NESLTER broadscale
4425,76568222,42.3405,-67.3869,20210521,NESLTER broadscale
4426,77163377,41.7603,-67.6015,20210521,NESLTER broadscale
4427,78966457,42.3992,-67.2318,20210521,NESLTER broadscale
4428,79661753,42.3798,-67.0943,20210521,NESLTER broadscale
4429,81440616,41.5501,-67.6224,20210521,NESLTER broadscale
4430,84971090,41.2094,-67.8997,20210521,NESLTER broadscale
4431,86245222,42.4161,-67.3424,20210521,NESLTER broadscale
4432,87306428,41.2606,-67.8591,20210521,NESLTER broadscale
4433,90532488,41.365,-67.7753,20210521,NESLTER broadscale
4434,92743056,42.421,-67.3635,20210521,NESLTER broadscale
4435,93957999,42.0034,-67.692,20210521,NESLTER broadscale
4436,94897170,42.4229,-67.3682,20210521,NESLTER broadscale
4437,95201567,41.3124,-67.8169,20210521,NESLTER broadscale
4438,00058440,42.9976,-66.4993,20210522,NESLTER broadscale
4439,04143881,42.9938,-66.5309,20210522,NESLTER broadscale
4440,04922107,43.0105,-66.4342,20210522,NESLTER broadscale
4441,06583604,42.1733,-66.4707,20210522,NESLTER broadscale
4442,07003702,42.6603,-66.3953,20210522,NESLTER broadscale
4443,07986931,42.5129,-66.0665,20210522,NESLTER broadscale
4444,11674027,42.2752,-66.8677,20210522,NESLTER broadscale
4445,12127233,42.1641,-66.5478,20210522,NESLTER broadscale
4446,15359402,42.3079,-65.7244,20210522,NESLTER broadscale
4447,17584907,42.4135,-65.6804,20210522,NESLTER broadscale
4448,19061795,42.8781,-66.3747,20210522,NESLTER broadscale
4449,19394123,41.325,-70.566,20210522,Martha's Vineyard Coastal Observatory
4450,20337862,42.985,-66.3484,20210522,NESLTER broadscale
4451,23544668,42.2124,-65.8819,20210522,NESLTER broadscale
4452,24109938,42.9494,-66.9012,20210522,NESLTER broadscale
4453,26284608,42.1957,-66.1738,20210522,NESLTER broadscale
4454,28202939,42.2078,-66.0327,20210522,NESLTER broadscale
4455,29640529,42.2214,-65.8111,20210522,NESLTER broadscale
4456,30413040,42.6601,-66.4143,20210522,NESLTER broadscale
4457,33532552,42.6481,-66.3894,20210522,NESLTER broadscale
4458,39386377,42.2021,-66.1017,20210522,NESLTER broadscale
4459,42338225,42.4816,-65.9456,20210522,NESLTER broadscale
4460,42848164,42.9295,-66.3623,20210522,NESLTER broadscale
4461,46974290,42.2513,-65.7622,20210522,NESLTER broadscale
4462,48064200,42.4897,-65.9969,20210522,NESLTER broadscale
4463,48419019,42.7661,-66.3845,20210522,NESLTER broadscale
4464,48526185,42.2361,-66.7982,20210522,NESLTER broadscale
4465,49596190,42.5957,-66.2597,20210522,NESLTER broadscale
4466,55464544,42.9851,-66.9635,20210522,NESLTER broadscale
4467,58211548,43.0194,-66.3385,20210522,NESLTER broadscale
4468,58568546,42.6219,-66.3239,20210522,NESLTER broadscale
4469,59028075,42.1854,-66.319,20210522,NESLTER broadscale
4470,59615399,42.7126,-66.39,20210522,NESLTER broadscale
4471,61591457,43.0186,-66.3597,20210522,NESLTER broadscale
4472,62511674,42.4651,-65.8736,20210522,NESLTER broadscale
4473,63198792,42.1804,-66.3938,20210522,NESLTER broadscale
4474,63468040,42.9533,-66.6839,20210522,NESLTER broadscale
4475,65051974,42.428,-65.7273,20210522,NESLTER broadscale
4476,65386940,42.2116,-65.9552,20210522,NESLTER broadscale
4477,67635399,42.4823,-66.0072,20210522,NESLTER broadscale
4478,69412198,42.9322,-66.7575,20210522,NESLTER broadscale
4479,69779739,43.0541,-67.0894,20210522,NESLTER broadscale
4480,70406744,42.4467,-65.8022,20210522,NESLTER broadscale
4481,71764398,42.3462,-66.9984,20210522,NESLTER broadscale
4482,71772726,42.1992,-66.7322,20210522,NESLTER broadscale
4483,72863638,42.1667,-66.6756,20210522,NESLTER broadscale
4484,76858426,42.3111,-66.9334,20210522,NESLTER broadscale
4485,80447003,42.5417,-66.1303,20210522,NESLTER broadscale
4486,82363363,42.2252,-65.7672,20210522,NESLTER broadscale
4487,82957163,43.0142,-66.3393,20210522,NESLTER broadscale
4488,83660246,42.9234,-66.8476,20210522,NESLTER broadscale
4489,83829374,42.1911,-66.2477,20210522,NESLTER broadscale
4490,83847771,42.9714,-66.6058,20210522,NESLTER broadscale
4491,85703796,42.1548,-66.6556,20210522,NESLTER broadscale
4492,87702827,43.0184,-67.028,20210522,NESLTER broadscale
4493,89477716,42.2221,-65.7486,20210522,NESLTER broadscale
4494,90916372,42.8233,-66.3783,20210522,NESLTER broadscale
4495,96979311,42.3684,-67.0451,20210522,NESLTER broadscale
4496,97496785,42.153,-66.6537,20210522,NESLTER broadscale
4497,98069403,42.9192,-66.8257,20210522,NESLTER broadscale
4498,98404691,42.5693,-66.1953,20210522,NESLTER broadscale
4499,99339879,42.2339,-65.7736,20210522,NESLTER broadscale
4500,99587077,42.1567,-66.6259,20210522,NESLTER broadscale
4501,00224812,43.6878,-68.9488,20210523,NESLTER broadscale
4502,02074890,43.8168,-68.2783,20210523,NESLTER broadscale
4503,02138463,43.4531,-68.3842,20210523,NESLTER broadscale
4504,02436440,43.1186,-67.2086,20210523,NESLTER broadscale
4505,05038457,43.8035,-68.4207,20210523,NESLTER broadscale
4506,07442765,43.1744,-68.067,20210523,NESLTER broadscale
4507,11374334,43.5044,-68.3521,20210523,NESLTER broadscale
4508,13252677,43.2725,-68.3629,20210523,NESLTER broadscale
4509,15153824,43.3903,-67.7201,20210523,NESLTER broadscale
4510,15300057,43.1644,-67.2949,20210523,NESLTER broadscale
4511,16662167,43.7731,-68.6434,20210523,NESLTER broadscale
4512,17845716,43.6606,-68.2611,20210523,NESLTER broadscale
4513,19394123,41.325,-70.566,20210523,Martha's Vineyard Coastal Observatory
4514,22657674,43.3214,-67.8292,20210523,NESLTER broadscale
4515,23344990,43.8108,-68.1663,20210523,NESLTER broadscale
4516,24988816,43.4012,-68.4156,20210523,NESLTER broadscale
4517,31327966,43.1751,-68.2703,20210523,NESLTER broadscale
4518,32313152,43.3649,-67.6449,20210523,NESLTER broadscale
4519,32316359,43.7438,-68.7709,20210523,NESLTER broadscale
4520,32431502,43.2712,-67.4752,20210523,NESLTER broadscale
4521,38097857,43.3962,-67.7012,20210523,NESLTER broadscale
4522,38862562,43.617,-69.2302,20210523,NESLTER broadscale
4523,40713780,43.5952,-69.3078,20210523,NESLTER broadscale
4524,46276913,43.3315,-67.5887,20210523,NESLTER broadscale
4525,49214935,43.8257,-68.1667,20210523,NESLTER broadscale
4526,50752339,43.2093,-68.0122,20210523,NESLTER broadscale
4527,51896080,43.394,-67.6909,20210523,NESLTER broadscale
4528,52061167,43.2146,-67.3621,20210523,NESLTER broadscale
4529,53651338,43.3559,-67.7739,20210523,NESLTER broadscale
4530,54212895,43.1662,-67.2565,20210523,NESLTER broadscale
4531,54754306,43.1652,-68.1319,20210523,NESLTER broadscale
4532,55228270,43.7223,-68.8474,20210523,NESLTER broadscale
4533,56776200,43.166,-68.2498,20210523,NESLTER broadscale
4534,57533347,43.2996,-67.5326,20210523,NESLTER broadscale
4535,59164197,43.0874,-67.1517,20210523,NESLTER broadscale
4536,59288944,43.8088,-68.3485,20210523,NESLTER broadscale
4537,59861223,43.1702,-68.0843,20210523,NESLTER broadscale
4538,60057916,43.7647,-68.6943,20210523,NESLTER broadscale
4539,64652734,43.8254,-68.2048,20210523,NESLTER broadscale
4540,67861733,43.7623,-68.2025,20210523,NESLTER broadscale
4541,69818982,43.772,-68.666,20210523,NESLTER broadscale
4542,69962171,43.3324,-68.4317,20210523,NESLTER broadscale
4543,70474154,43.2417,-67.4178,20210523,NESLTER broadscale
4544,73037620,43.6546,-69.0721,20210523,NESLTER broadscale
4545,74432171,43.7921,-68.4928,20210523,NESLTER broadscale
4546,76467312,43.7109,-68.2295,20210523,NESLTER broadscale
4547,76910245,43.3904,-67.6757,20210523,NESLTER broadscale
4548,78771370,43.3478,-68.4442,20210523,NESLTER broadscale
4549,79685902,43.1645,-68.2082,20210523,NESLTER broadscale
4550,80963656,43.1665,-67.2801,20210523,NESLTER broadscale
4551,81168584,43.2253,-68.3144,20210523,NESLTER broadscale
4552,83509481,43.1896,-67.3088,20210523,NESLTER broadscale
4553,83547488,43.5568,-68.3222,20210523,NESLTER broadscale
4554,84469032,43.7702,-68.676,20210523,NESLTER broadscale
4555,86467759,43.609,-68.2918,20210523,NESLTER broadscale
4556,88012362,43.7811,-68.5676,20210523,NESLTER broadscale
4557,90704202,43.6359,-69.1503,20210523,NESLTER broadscale
4558,91190282,43.1489,-67.2603,20210523,NESLTER broadscale
4559,91435171,43.6977,-68.9206,20210523,NESLTER broadscale
4560,96306079,43.2434,-67.9557,20210523,NESLTER broadscale
4561,96389693,43.3206,-68.4086,20210523,NESLTER broadscale
4562,98321197,43.6797,-68.9969,20210523,NESLTER broadscale
4563,02555079,42.5331,-69.7665,20210524,NESLTER broadscale
4564,02917801,42.4175,-69.9136,20210524,NESLTER broadscale
4565,03275977,42.988,-69.3788,20210524,NESLTER broadscale
4566,04855817,43.3453,-69.8568,20210524,NESLTER broadscale
4567,05350024,43.5131,-69.6112,20210524,NESLTER broadscale
4568,06435401,43.4971,-69.6765,20210524,NESLTER broadscale
4569,06529883,43.5588,-69.4463,20210524,NESLTER broadscale
4570,08052818,43.4961,-69.8527,20210524,NESLTER broadscale
4571,10424748,42.7333,-69.9776,20210524,NESLTER broadscale
4572,13535240,43.4975,-70.0253,20210524,NESLTER broadscale
4573,14390867,42.4959,-69.6848,20210524,NESLTER broadscale
4574,14464852,43.0415,-69.4035,20210524,NESLTER broadscale
4575,17744599,43.1544,-69.5709,20210524,NESLTER broadscale
4576,18697643,42.957,-69.4451,20210524,NESLTER broadscale
4577,19394123,41.325,-70.566,20210524,Martha's Vineyard Coastal Observatory
4578,23021509,42.922,-69.5387,20210524,NESLTER broadscale
4579,26325506,42.8448,-69.7473,20210524,NESLTER broadscale
4580,28665995,42.577,-69.9371,20210524,NESLTER broadscale
4581,29813439,42.673,-69.9677,20210524,NESLTER broadscale
4582,30957313,42.9985,-69.3407,20210524,NESLTER broadscale
4583,31323519,42.5099,-69.701,20210524,NESLTER broadscale
4584,32159860,42.8325,-69.7773,20210524,NESLTER broadscale
4585,33129332,42.8052,-69.8495,20210524,NESLTER broadscale
4586,33652308,43.3071,-69.7953,20210524,NESLTER broadscale
4587,34674524,43.4662,-70.041,20210524,NESLTER broadscale
4588,37703767,42.494,-69.6792,20210524,NESLTER broadscale
4589,38743157,42.9877,-69.3262,20210524,NESLTER broadscale
4590,39439419,42.8482,-69.7321,20210524,NESLTER broadscale
4591,41737149,42.483,-69.7291,20210524,NESLTER broadscale
4592,42223478,43.4966,-70.0814,20210524,NESLTER broadscale
4593,42588318,42.9198,-69.5473,20210524,NESLTER broadscale
4594,42776423,43.5812,-69.3647,20210524,NESLTER broadscale
4595,43120451,42.9886,-69.3236,20210524,NESLTER broadscale
4596,44360635,42.434,-69.8609,20210524,NESLTER broadscale
4597,46140326,43.5357,-69.5284,20210524,NESLTER broadscale
4598,49253046,42.751,-69.9915,20210524,NESLTER broadscale
4599,58760073,42.4588,-69.7961,20210524,NESLTER broadscale
4600,59373028,42.7783,-69.9212,20210524,NESLTER broadscale
4601,61188422,43.2299,-69.6834,20210524,NESLTER broadscale
4602,62486434,42.495,-69.6816,20210524,NESLTER broadscale
4603,63442542,43.0798,-69.4597,20210524,NESLTER broadscale
4604,64193225,42.8921,-69.6176,20210524,NESLTER broadscale
4605,66524340,42.5066,-69.6724,20210524,NESLTER broadscale
4606,66560476,43.1889,-69.6351,20210524,NESLTER broadscale
4607,74607600,43.2691,-69.7384,20210524,NESLTER broadscale
4608,74744198,43.3829,-69.9132,20210524,NESLTER broadscale
4609,78212309,42.573,-69.9059,20210524,NESLTER broadscale
4610,78516612,42.5545,-69.8355,20210524,NESLTER broadscale
4611,82490189,43.0007,-69.3582,20210524,NESLTER broadscale
4612,83034022,43.4958,-69.9396,20210524,NESLTER broadscale
4613,83535231,42.4076,-69.9249,20210524,NESLTER broadscale
4614,87421789,42.6137,-69.9513,20210524,NESLTER broadscale
4615,87965598,43.5002,-69.6688,20210524,NESLTER broadscale
4616,89441097,43.3155,-69.8113,20210524,NESLTER broadscale
4617,89529882,42.8665,-69.6867,20210524,NESLTER broadscale
4618,92245436,43.117,-69.5156,20210524,NESLTER broadscale
4619,93014464,43.5953,-69.3126,20210524,NESLTER broadscale
4620,93287866,42.9898,-69.3196,20210524,NESLTER broadscale
4621,95829351,42.9301,-69.514,20210524,NESLTER broadscale
4622,96593255,43.4971,-69.7627,20210524,NESLTER broadscale
4623,97078438,43.1689,-69.6041,20210524,NESLTER broadscale
4624,98239590,42.7557,-69.9891,20210524,NESLTER broadscale
4625,02719920,42.9999,-70.4104,20210525,NESLTER broadscale
4626,09379858,42.8948,-70.5061,20210525,NESLTER broadscale
4627,12023967,42.7852,-70.2267,20210525,NESLTER broadscale
4628,12409834,42.4577,-70.6271,20210525,NESLTER broadscale
4629,12534994,42.3228,-69.6535,20210525,NESLTER broadscale
4630,13175940,42.8464,-70.552,20210525,NESLTER broadscale
4631,14536720,42.6995,-70.5537,20210525,NESLTER broadscale
4632,16132226,42.7456,-70.6186,20210525,NESLTER broadscale
4633,16907790,42.3649,-70.4978,20210525,NESLTER broadscale
4634,17132887,42.342,-70.3782,20210525,NESLTER broadscale
4635,17304278,42.6397,-70.1113,20210525,NESLTER broadscale
4636,18858516,42.3172,-70.2775,20210525,NESLTER broadscale
4637,19394123,41.325,-70.566,20210525,Martha's Vineyard Coastal Observatory
4638,22051766,42.3954,-70.558,20210525,NESLTER broadscale
4639,25048289,42.3294,-69.116,20210525,NESLTER broadscale
4640,25609039,42.3237,-69.5032,20210525,NESLTER broadscale
4641,29649753,42.8813,-70.5224,20210525,NESLTER broadscale
4642,34241291,43.0013,-70.4156,20210525,NESLTER broadscale
4643,41873459,42.3288,-69.2683,20210525,NESLTER broadscale
4644,42367509,42.3701,-70.4921,20210525,NESLTER broadscale
4645,43854282,42.423,-70.6222,20210525,NESLTER broadscale
4646,44637925,42.3047,-70.1905,20210525,NESLTER broadscale
4647,46033320,42.6489,-70.5111,20210525,NESLTER broadscale
4648,47100983,42.5528,-70.5751,20210525,NESLTER broadscale
4649,48893793,42.6671,-70.4951,20210525,NESLTER broadscale
4650,49545593,42.419,-70.6189,20210525,NESLTER broadscale
4651,50947363,42.9205,-70.3499,20210525,NESLTER broadscale
4652,51266192,42.8791,-70.3127,20210525,NESLTER broadscale
4653,51818263,42.3236,-69.5791,20210525,NESLTER broadscale
4654,52706918,42.3059,-70.1128,20210525,NESLTER broadscale
4655,54256904,42.4538,-69.9561,20210525,NESLTER broadscale
4656,54801380,42.3179,-69.9579,20210525,NESLTER broadscale
4657,57608222,42.3319,-69.0174,20210525,NESLTER broadscale
4658,58813363,42.3203,-69.8798,20210525,NESLTER broadscale
4659,59925139,42.8401,-70.2724,20210525,NESLTER broadscale
4660,60163596,42.3138,-70.2676,20210525,NESLTER broadscale
4661,63347127,42.8107,-70.241,20210525,NESLTER broadscale
4662,63497639,42.3245,-70.303,20210525,NESLTER broadscale
4663,65073331,42.5064,-69.9976,20210525,NESLTER broadscale
4664,67131854,42.3633,-70.4871,20210525,NESLTER broadscale
4665,68384074,42.3253,-69.4248,20210525,NESLTER broadscale
4666,69126439,42.9844,-70.4321,20210525,NESLTER broadscale
4667,70103278,42.3357,-69.0314,20210525,NESLTER broadscale
4668,70576840,42.9663,-70.3824,20210525,NESLTER broadscale
4669,71174649,42.344,-69.0333,20210525,NESLTER broadscale
4670,72230358,42.6839,-70.1467,20210525,NESLTER broadscale
4671,73147471,42.3612,-70.4495,20210525,NESLTER broadscale
4672,74186380,42.7982,-70.5929,20210525,NESLTER broadscale
4673,75445973,42.3116,-70.0355,20210525,NESLTER broadscale
4674,77136251,42.557,-70.0399,20210525,NESLTER broadscale
4675,77626556,42.3281,-69.3467,20210525,NESLTER broadscale
4676,77719455,42.5061,-70.6155,20210525,NESLTER broadscale
4677,83602475,42.6026,-70.5448,20210525,NESLTER broadscale
4678,83687947,42.3389,-68.9596,20210525,NESLTER broadscale
4679,85037509,42.3273,-69.1929,20210525,NESLTER broadscale
4680,85134183,42.3225,-69.7258,20210525,NESLTER broadscale
4681,86475702,42.7367,-70.6166,20210525,NESLTER broadscale
4682,87552201,42.3217,-69.7991,20210525,NESLTER broadscale
4683,94452618,42.9405,-70.47,20210525,NESLTER broadscale
4684,96076754,42.3303,-69.0411,20210525,NESLTER broadscale
4685,96853899,42.6074,-70.0785,20210525,NESLTER broadscale
4686,99074966,42.6156,-70.0858,20210525,NESLTER broadscale
4687,04567658,42.3304,-68.7524,20210526,NESLTER broadscale
4688,04776888,41.9468,-68.613,20210526,NESLTER broadscale
4689,07798566,42.0493,-68.5995,20210526,NESLTER broadscale
4690,08951247,41.4287,-68.7459,20210526,NESLTER broadscale
4691,12943919,42.1467,-68.5915,20210526,NESLTER broadscale
4692,14966737,41.4981,-68.6586,20210526,NESLTER broadscale
4693,15322230,41.2052,-68.9935,20210526,NESLTER broadscale
4694,18830666,41.0148,-69.2024,20210526,NESLTER broadscale
4695,19394123,41.325,-70.566,20210526,Martha's Vineyard Coastal Observatory
4696,20634510,42.1945,-68.6129,20210526,NESLTER broadscale
4697,21259359,42.1662,-68.5885,20210526,NESLTER broadscale
4698,21734636,42.3342,-68.8823,20210526,NESLTER broadscale
4699,21853923,41.1064,-69.1137,20210526,NESLTER broadscale
4700,28426500,41.7786,-68.6348,20210526,NESLTER broadscale
4701,30236573,40.8924,-69.3524,20210526,NESLTER broadscale
4702,36107046,40.9849,-69.2335,20210526,NESLTER broadscale
4703,36826322,42.2769,-68.7059,20210526,NESLTER broadscale
4704,38122036,41.5968,-68.6575,20210526,NESLTER broadscale
4705,42793325,41.8927,-68.62,20210526,NESLTER broadscale
4706,45421888,41.2805,-68.9073,20210526,NESLTER broadscale
4707,45977363,40.9158,-69.3065,20210526,NESLTER broadscale
4708,47527467,41.4571,-68.7122,20210526,NESLTER broadscale
4709,48554094,40.8647,-69.5329,20210526,NESLTER broadscale
4710,50574880,41.4021,-68.7767,20210526,NESLTER broadscale
4711,51875878,41.3757,-68.8059,20210526,NESLTER broadscale
4712,52871452,41.242,-68.95,20210526,NESLTER broadscale
4713,53326439,41.3212,-68.8642,20210526,NESLTER broadscale
4714,58733871,40.8828,-69.4098,20210526,NESLTER broadscale
4715,60862526,41.9988,-68.6064,20210526,NESLTER broadscale
4716,60916941,41.4942,-68.6707,20210526,NESLTER broadscale
4717,62496585,41.837,-68.6276,20210526,NESLTER broadscale
4718,63228482,41.0443,-69.1699,20210526,NESLTER broadscale
4719,64161323,41.1679,-69.0313,20210526,NESLTER broadscale
4720,69692752,41.1392,-69.0822,20210526,NESLTER broadscale
4721,75924859,41.6567,-68.65,20210526,NESLTER broadscale
4722,77335328,42.2354,-68.6641,20210526,NESLTER broadscale
4723,78310702,41.57,-71.41,20210526,GSO Dock
4724,82724982,40.8735,-69.4704,20210526,NESLTER broadscale
4725,84741870,41.076,-69.1422,20210526,NESLTER broadscale
4726,89607554,42.3157,-68.7468,20210526,NESLTER broadscale
4727,93931980,41.7179,-68.6422,20210526,NESLTER broadscale
4728,94122874,40.951,-69.2684,20210526,NESLTER broadscale
4729,94515236,41.3497,-68.8341,20210526,NESLTER broadscale
4730,96525280,42.0995,-68.5938,20210526,NESLTER broadscale
4731,19394123,41.325,-70.566,20210527,Martha's Vineyard Coastal Observatory
4732,78310702,41.57,-71.41,20210527,GSO Dock
4733,19394123,41.325,-70.566,20210528,Martha's Vineyard Coastal Observatory
4734,78310702,41.57,-71.41,20210528,GSO Dock
4735,19394123,41.325,-70.566,20210529,Martha's Vineyard Coastal Observatory
4736,78310702,41.57,-71.41,20210529,GSO Dock
4737,19394123,41.325,-70.566,20210530,Martha's Vineyard Coastal Observatory
4738,78310702,41.57,-71.41,20210530,GSO Dock
4739,19394123,41.325,-70.566,20210531,Martha's Vineyard Coastal Observatory
4740,78310702,41.57,-71.41,20210531,GSO Dock
4741,19394123,41.325,-70.566,20210601,Martha's Vineyard Coastal Observatory
4742,78310702,41.57,-71.41,20210601,GSO Dock
4743,19394123,41.325,-70.566,20210602,Martha's Vineyard Coastal Observatory
4744,78310702,41.57,-71.41,20210602,GSO Dock
4745,78310702,41.57,-71.41,20210603,GSO Dock
4746,78310702,41.57,-71.41,20210604,GSO Dock
4747,78310702,41.57,-71.41,20210605,GSO Dock
4748,78310702,41.57,-71.41,20210606,GSO Dock
4749,78310702,41.57,-71.41,20210607,GSO Dock
4750,78310702,41.57,-71.41,20210608,GSO Dock
4751,78310702,41.57,-71.41,20210609,GSO Dock
4752,78310702,41.57,-71.41,20210610,GSO Dock
4753,78310702,41.57,-71.41,20210611,GSO Dock
4754,78310702,41.57,-71.41,20210612,GSO Dock
4755,78310702,41.57,-71.41,20210613,GSO Dock
4756,78310702,41.57,-71.41,20210614,GSO Dock
4757,78310702,41.57,-71.41,20210615,GSO Dock
4758,11273133,41.1657,-71.4123,20210616,NESLTER broadscale
4759,13857603,41.2425,-71.4166,20210616,NESLTER broadscale
4760,18463963,40.9449,-71.3852,20210616,NESLTER broadscale
4761,22792277,41.0164,-71.3971,20210616,NESLTER broadscale
4762,22868147,41.2825,-71.4175,20210616,NESLTER broadscale
4763,26607907,41.1284,-71.4073,20210616,NESLTER broadscale
4764,37704654,40.9805,-71.3917,20210616,NESLTER broadscale
4765,42064984,41.0911,-71.403,20210616,NESLTER broadscale
4766,51553167,41.2028,-71.4153,20210616,NESLTER broadscale
4767,78310702,41.57,-71.41,20210616,GSO Dock
4768,98087989,41.0535,-71.3998,20210616,NESLTER broadscale
4769,22615113,40.57,-71.3353,20210617,NESLTER broadscale
4770,27801947,40.7505,-71.3593,20210617,NESLTER broadscale
4771,31774657,40.6043,-71.3384,20210617,NESLTER broadscale
4772,33076883,40.8717,-71.3718,20210617,NESLTER broadscale
4773,51923418,40.8329,-71.3705,20210617,NESLTER broadscale
4774,57634449,40.6788,-71.3474,20210617,NESLTER broadscale
4775,57724027,40.9081,-71.3779,20210617,NESLTER broadscale
4776,64016987,40.7135,-71.3528,20210617,NESLTER broadscale
4777,78310702,41.57,-71.41,20210617,GSO Dock
4778,90109668,40.641,-71.3429,20210617,NESLTER broadscale
4779,78310702,41.57,-71.41,20210618,GSO Dock
4780,78310702,41.57,-71.41,20210619,GSO Dock
4781,78310702,41.57,-71.41,20210620,GSO Dock
4782,78310702,41.57,-71.41,20210621,GSO Dock
4783,78310702,41.57,-71.41,20210622,GSO Dock
4784,78310702,41.57,-71.41,20210623,GSO Dock
4785,50093526,41.645,-70.675,20210624,Fiddlers Cove
4786,78310702,41.57,-71.41,20210624,GSO Dock
4787,50093526,41.645,-70.675,20210625,Fiddlers Cove
4788,78310702,41.57,-71.41,20210625,GSO Dock
4789,50093526,41.645,-70.675,20210626,Fiddlers Cove
4790,78310702,41.57,-71.41,20210626,GSO Dock
4791,50093526,41.645,-70.675,20210627,Fiddlers Cove
4792,78310702,41.57,-71.41,20210627,GSO Dock
4793,50093526,41.645,-70.675,20210628,Fiddlers Cove
4794,78310702,41.57,-71.41,20210628,GSO Dock
4795,50093526,41.645,-70.675,20210629,Fiddlers Cove
4796,78310702,41.57,-71.41,20210629,GSO Dock
4797,02327048,39.5673,-68.2926,20210630,NESLTER broadscale
4798,06278364,39.6287,-68.4196,20210630,NESLTER broadscale
4799,07980055,39.8969,-69.0206,20210630,NESLTER broadscale
4800,09758858,39.8198,-68.8633,20210630,NESLTER broadscale
4801,19394123,41.325,-70.566,20210630,Martha's Vineyard Coastal Observatory
4802,25341185,39.9279,-68.7425,20210630,NESLTER broadscale
4803,27920800,39.9267,-68.6528,20210630,NESLTER broadscale
4804,28746657,39.6662,-68.477,20210630,NESLTER broadscale
4805,35647034,39.9449,-68.5125,20210630,NESLTER broadscale
4806,39519002,39.7011,-68.5371,20210630,NESLTER broadscale
4807,41461834,39.5978,-68.3594,20210630,NESLTER broadscale
4808,46573430,39.9055,-68.8633,20210630,NESLTER broadscale
4809,48607954,39.5232,-68.2177,20210630,NESLTER broadscale
4810,50093526,41.645,-70.675,20210630,Fiddlers Cove
4811,54105178,39.7752,-68.7356,20210630,NESLTER broadscale
4812,57170459,39.8435,-68.9334,20210630,NESLTER broadscale
4813,58160557,39.9127,-68.7982,20210630,NESLTER broadscale
4814,61760960,39.9334,-68.5717,20210630,NESLTER broadscale
4815,64289699,39.7515,-68.6683,20210630,NESLTER broadscale
4816,67176959,39.902,-68.9369,20210630,NESLTER broadscale
4817,69233810,39.3652,-67.9232,20210630,NESLTER broadscale
4818,75753204,39.4476,-68.0841,20210630,NESLTER broadscale
4819,78310702,41.57,-71.41,20210630,GSO Dock
4820,78853608,39.7295,-68.6035,20210630,NESLTER broadscale
4821,79658121,39.5998,-68.4053,20210630,NESLTER broadscale
4822,85245935,39.4873,-68.153,20210630,NESLTER broadscale
4823,89808140,39.9135,-68.7793,20210630,NESLTER broadscale
4824,90238140,39.7989,-68.8008,20210630,NESLTER broadscale
4825,91151111,39.8689,-69.0052,20210630,NESLTER broadscale
4826,96680612,39.5264,-68.2344,20210630,NESLTER broadscale
4827,03214208,40.4254,-69.9202,20210701,NESLTER broadscale
4828,07576199,39.8813,-68.5985,20210701,NESLTER broadscale
4829,07717621,39.9335,-68.5134,20210701,NESLTER broadscale
4830,08927420,41.066,-70.8502,20210701,NESLTER broadscale
4831,10600227,40.8513,-71.0271,20210701,NESLTER broadscale
4832,15995851,40.2313,-69.4441,20210701,NESLTER broadscale
4833,21932527,40.7063,-70.5942,20210701,NESLTER broadscale
4834,23779829,41.0314,-70.8659,20210701,NESLTER broadscale
4835,24429321,40.0052,-68.9059,20210701,NESLTER broadscale
4836,25955831,41.3329,-71.2147,20210701,NESLTER broadscale
4837,26835558,41.4322,-71.3691,20210701,NESLTER broadscale
4838,26855216,41.0529,-70.8542,20210701,NESLTER broadscale
4839,26919323,40.7737,-70.7209,20210701,NESLTER broadscale
4840,28886794,40.1658,-69.2888,20210701,NESLTER broadscale
4841,28975921,40.495,-70.1011,20210701,NESLTER broadscale
4842,31071649,41.5325,-71.3547,20210701,NESLTER broadscale
4843,31122817,40.5905,-70.344,20210701,NESLTER broadscale
4844,32316950,40.4978,-70.1506,20210701,NESLTER broadscale
4845,32364572,40.6687,-70.5249,20210701,NESLTER broadscale
4846,33738411,41.2947,-71.1501,20210701,NESLTER broadscale
4847,36852236,40.9299,-70.9511,20210701,NESLTER broadscale
4848,40527037,40.0985,-69.1333,20210701,NESLTER broadscale
4849,41052135,40.1332,-69.2106,20210701,NESLTER broadscale
4850,44062267,39.9748,-68.8306,20210701,NESLTER broadscale
4851,44947445,40.3594,-69.7611,20210701,NESLTER broadscale
4852,48212359,41.2308,-71.1311,20210701,NESLTER broadscale
4853,50093526,41.645,-70.675,20210701,Fiddlers Cove
4854,54384389,41.1663,-71.1111,20210701,NESLTER broadscale
4855,55675250,41.5243,-71.3544,20210701,NESLTER broadscale
4856,56888297,40.4852,-70.1005,20210701,NESLTER broadscale
4857,58305152,40.7833,-70.6815,20210701,NESLTER broadscale
4858,61442287,40.9746,-71.0472,20210701,NESLTER broadscale
4859,62450735,40.2947,-69.6035,20210701,NESLTER broadscale
4860,62781737,41.1013,-71.0939,20210701,NESLTER broadscale
4861,62945170,40.5579,-70.2813,20210701,NESLTER broadscale
4862,63259667,40.9105,-70.7408,20210701,NESLTER broadscale
4863,64039055,39.916,-68.6817,20210701,NESLTER broadscale
4864,66292604,40.0366,-68.9801,20210701,NESLTER broadscale
4865,67360940,39.9469,-68.7548,20210701,NESLTER broadscale
4866,69699861,40.3927,-69.8401,20210701,NESLTER broadscale
4867,72205858,41.0376,-70.7979,20210701,NESLTER broadscale
4868,73023071,40.9848,-70.9173,20210701,NESLTER broadscale
4869,74206553,40.4808,-70.0594,20210701,NESLTER broadscale
4870,77025982,40.3262,-69.6826,20210701,NESLTER broadscale
4871,77703750,40.4568,-69.9992,20210701,NESLTER broadscale
4872,78298487,39.8849,-68.6146,20210701,NESLTER broadscale
4873,78310702,41.57,-71.41,20210701,GSO Dock
4874,79169634,41.3739,-71.2977,20210701,NESLTER broadscale
4875,79329586,40.8454,-70.7084,20210701,NESLTER broadscale
4876,80012071,40.8761,-70.9907,20210701,NESLTER broadscale
4877,81259062,40.5256,-70.2178,20210701,NESLTER broadscale
4878,81837828,41.035,-71.0761,20210701,NESLTER broadscale
4879,82000938,40.2629,-69.5221,20210701,NESLTER broadscale
4880,85197673,41.1033,-70.82,20210701,NESLTER broadscale
4881,86589202,41.4825,-71.3452,20210701,NESLTER broadscale
4882,87467887,41.3791,-71.3102,20210701,NESLTER broadscale
4883,88078104,40.7398,-70.6572,20210701,NESLTER broadscale
4884,88353077,40.199,-69.3669,20210701,NESLTER broadscale
4885,88685111,39.9113,-68.5506,20210701,NESLTER broadscale
4886,96832815,40.9731,-70.7708,20210701,NESLTER broadscale
4887,98264778,40.914,-71.0399,20210701,NESLTER broadscale
4888,98521931,41.5326,-71.3547,20210701,NESLTER broadscale
4889,98654959,41.0489,-70.8604,20210701,NESLTER broadscale
4890,99754451,40.0655,-69.0561,20210701,NESLTER broadscale
4891,01061241,41.5327,-71.3554,20210702,NESLTER broadscale
4892,02212205,41.5324,-71.3555,20210702,NESLTER broadscale
4893,05312840,41.5325,-71.3548,20210702,NESLTER broadscale
4894,07455990,41.5327,-71.3553,20210702,NESLTER broadscale
4895,08348806,41.5323,-71.3554,20210702,NESLTER broadscale
4896,10632599,41.5326,-71.3553,20210702,NESLTER broadscale
4897,11754106,41.5331,-71.3544,20210702,NESLTER broadscale
4898,19889888,41.5333,-71.3553,20210702,NESLTER broadscale
4899,31071649,41.5325,-71.3547,20210702,NESLTER broadscale
4900,33017255,41.5332,-71.3552,20210702,NESLTER broadscale
4901,38039891,41.5333,-71.3549,20210702,NESLTER broadscale
4902,39261946,41.5323,-71.3552,20210702,NESLTER broadscale
4903,41501451,41.5325,-71.3558,20210702,NESLTER broadscale
4904,43111202,41.5323,-71.3555,20210702,NESLTER broadscale
4905,43593177,41.5326,-71.3558,20210702,NESLTER broadscale
4906,43643685,41.5324,-71.3556,20210702,NESLTER broadscale
4907,44240721,41.5325,-71.3545,20210702,NESLTER broadscale
4908,44792891,41.5326,-71.3554,20210702,NESLTER broadscale
4909,45292298,41.5334,-71.3543,20210702,NESLTER broadscale
4910,47170513,41.5338,-71.3551,20210702,NESLTER broadscale
4911,50093526,41.645,-70.675,20210702,Fiddlers Cove
4912,52634623,41.5332,-71.355,20210702,NESLTER broadscale
4913,53382823,41.5325,-71.3557,20210702,NESLTER broadscale
4914,54970027,41.5323,-71.3553,20210702,NESLTER broadscale
4915,56326218,41.5329,-71.3551,20210702,NESLTER broadscale
4916,58104031,41.5328,-71.3551,20210702,NESLTER broadscale
4917,64952782,41.5338,-71.3547,20210702,NESLTER broadscale
4918,66207558,41.5326,-71.355,20210702,NESLTER broadscale
4919,72410288,41.5338,-71.3548,20210702,NESLTER broadscale
4920,73414708,41.5337,-71.3549,20210702,NESLTER broadscale
4921,73879988,41.5326,-71.3548,20210702,NESLTER broadscale
4922,74419912,41.5334,-71.3552,20210702,NESLTER broadscale
4923,78310702,41.57,-71.41,20210702,GSO Dock
4924,79992439,41.5325,-71.3556,20210702,NESLTER broadscale
4925,87192233,41.5327,-71.3552,20210702,NESLTER broadscale
4926,89966172,41.5326,-71.3546,20210702,NESLTER broadscale
4927,93854933,41.5326,-71.3552,20210702,NESLTER broadscale
4928,95452618,41.5338,-71.3549,20210702,NESLTER broadscale
4929,98521931,41.5326,-71.3547,20210702,NESLTER broadscale
4930,99851308,41.5325,-71.3546,20210702,NESLTER broadscale
4931,02212205,41.5324,-71.3555,20210703,NESLTER broadscale
4932,02713256,41.5321,-71.3553,20210703,NESLTER broadscale
4933,08348806,41.5323,-71.3554,20210703,NESLTER broadscale
4934,13951947,41.5323,-71.3551,20210703,NESLTER broadscale
4935,19397643,41.5322,-71.3553,20210703,NESLTER broadscale
4936,21976842,41.5323,-71.3558,20210703,NESLTER broadscale
4937,24890406,41.5322,-71.3556,20210703,NESLTER broadscale
4938,39261946,41.5323,-71.3552,20210703,NESLTER broadscale
4939,43643685,41.5324,-71.3556,20210703,NESLTER broadscale
4940,43765109,41.5322,-71.3554,20210703,NESLTER broadscale
4941,49748032,41.5324,-71.3559,20210703,NESLTER broadscale
4942,50093526,41.645,-70.675,20210703,Fiddlers Cove
4943,53382823,41.5325,-71.3557,20210703,NESLTER broadscale
4944,58770830,41.5322,-71.3551,20210703,NESLTER broadscale
4945,63425769,41.5324,-71.3553,20210703,NESLTER broadscale
4946,69907368,41.5324,-71.3554,20210703,NESLTER broadscale
4947,74766723,41.5322,-71.3552,20210703,NESLTER broadscale
4948,78310702,41.57,-71.41,20210703,GSO Dock
4949,79992439,41.5325,-71.3556,20210703,NESLTER broadscale
4950,84015400,41.5327,-71.3559,20210703,NESLTER broadscale
4951,91052022,41.5326,-71.3559,20210703,NESLTER broadscale
4952,92440749,41.5324,-71.3557,20210703,NESLTER broadscale
4953,92475252,41.5322,-71.3555,20210703,NESLTER broadscale
4954,05312840,41.5325,-71.3548,20210704,NESLTER broadscale
4955,19397643,41.5322,-71.3553,20210704,NESLTER broadscale
4956,25654484,41.5323,-71.3548,20210704,NESLTER broadscale
4957,26433026,41.4771,-71.3508,20210704,NESLTER broadscale
4958,29125641,41.3139,-71.4213,20210704,NESLTER broadscale
4959,31071649,41.5325,-71.3547,20210704,NESLTER broadscale
4960,31316800,41.5323,-71.3547,20210704,NESLTER broadscale
4961,31675423,41.3807,-71.4204,20210704,NESLTER broadscale
4962,40968665,41.533,-71.355,20210704,NESLTER broadscale
4963,42102499,41.5331,-71.3547,20210704,NESLTER broadscale
4964,43765109,41.5322,-71.3554,20210704,NESLTER broadscale
4965,45857568,41.5322,-71.355,20210704,NESLTER broadscale
4966,50093526,41.645,-70.675,20210704,Fiddlers Cove
4967,52132234,41.5322,-71.3549,20210704,NESLTER broadscale
4968,53916974,41.5331,-71.3548,20210704,NESLTER broadscale
4969,54761404,41.5328,-71.3547,20210704,NESLTER broadscale
4970,56326218,41.5329,-71.3551,20210704,NESLTER broadscale
4971,58770830,41.5322,-71.3551,20210704,NESLTER broadscale
4972,74766723,41.5322,-71.3552,20210704,NESLTER broadscale
4973,77867591,41.5328,-71.3546,20210704,NESLTER broadscale
4974,77915896,41.5322,-71.3548,20210704,NESLTER broadscale
4975,78310702,41.57,-71.41,20210704,GSO Dock
4976,81419616,41.5316,-71.3529,20210704,NESLTER broadscale
4977,84858994,41.4196,-71.3975,20210704,NESLTER broadscale
4978,84909343,41.5324,-71.3546,20210704,NESLTER broadscale
4979,88979482,41.5329,-71.3547,20210704,NESLTER broadscale
4980,89460795,41.5329,-71.3548,20210704,NESLTER broadscale
4981,89966172,41.5326,-71.3546,20210704,NESLTER broadscale
4982,92475252,41.5322,-71.3555,20210704,NESLTER broadscale
4983,96762329,41.5323,-71.3546,20210704,NESLTER broadscale
4984,98521931,41.5326,-71.3547,20210704,NESLTER broadscale
4985,99851308,41.5325,-71.3546,20210704,NESLTER broadscale
4986,01613225,39.5824,-70.4977,20210705,NESLTER broadscale
4987,01816670,40.837,-71.3732,20210705,NESLTER broadscale
4988,04694871,41.182,-71.4201,20210705,NESLTER broadscale
4989,06993557,39.7083,-70.6722,20210705,NESLTER broadscale
4990,07898481,40.5775,-71.3421,20210705,NESLTER broadscale
4991,08641712,39.8224,-70.4371,20210705,NESLTER broadscale
4992,12393239,39.6457,-70.4834,20210705,NESLTER broadscale
4993,13819527,40.1292,-70.3607,20210705,NESLTER broadscale
4994,16685475,39.697,-70.4692,20210705,NESLTER broadscale
4995,19621774,40.7048,-71.3568,20210705,NESLTER broadscale
4996,21931580,40.0514,-70.0729,20210705,NESLTER broadscale
4997,22066439,40.0048,-70.3883,20210705,NESLTER broadscale
4998,23965211,40.6407,-71.3498,20210705,NESLTER broadscale
4999,25328695,39.6607,-70.6155,20210705,NESLTER broadscale
5000,26483788,40.2222,-70.3081,20210705,NESLTER broadscale
5001,30389304,39.6134,-70.5544,20210705,NESLTER broadscale
5002,31083044,40.1933,-70.3425,20210705,NESLTER broadscale
5003,31451370,41.113,-71.4114,20210705,NESLTER broadscale
5004,34672977,39.6586,-70.4763,20210705,NESLTER broadscale
5005,41078957,39.9248,-69.9337,20210705,NESLTER broadscale
5006,42056932,40.1791,-70.2495,20210705,NESLTER broadscale
5007,46632400,41.0478,-71.4014,20210705,NESLTER broadscale
5008,47900302,40.7696,-71.3634,20210705,NESLTER broadscale
5009,50093526,41.645,-70.675,20210705,Fiddlers Cove
5010,50386781,40.9018,-71.3838,20210705,NESLTER broadscale
5011,57970433,40.1351,-70.1893,20210705,NESLTER broadscale
5012,66020128,40.0297,-70.0565,20210705,NESLTER broadscale
5013,72041616,39.655,-70.4812,20210705,NESLTER broadscale
5014,73626619,41.2482,-71.4202,20210705,NESLTER broadscale
5015,76444143,40.0439,-70.0661,20210705,NESLTER broadscale
5016,78310702,41.57,-71.41,20210705,GSO Dock
5017,79561145,39.8833,-70.4216,20210705,NESLTER broadscale
5018,84870744,39.9441,-70.4035,20210705,NESLTER broadscale
5019,89550764,39.6414,-70.4883,20210705,NESLTER broadscale
5020,94666893,40.0926,-70.1289,20210705,NESLTER broadscale
5021,95242703,39.7604,-70.4539,20210705,NESLTER broadscale
5022,95959003,40.0638,-70.3703,20210705,NESLTER broadscale
5023,99525137,39.7563,-70.7264,20210705,NESLTER broadscale
5024,00713059,39.8005,-67.7096,20210706,NESLTER broadscale
5025,03072172,39.8758,-69.8743,20210706,NESLTER broadscale
5026,10061572,39.864,-67.6925,20210706,NESLTER broadscale
5027,12913893,39.3189,-69.2469,20210706,NESLTER broadscale
5028,13892673,39.1471,-69.0567,20210706,NESLTER broadscale
5029,17992602,39.8199,-69.8111,20210706,NESLTER broadscale
5030,18974902,39.92,-67.7371,20210706,NESLTER broadscale
5031,23728749,39.7645,-69.7497,20210706,NESLTER broadscale
5032,26660477,39.6526,-69.6198,20210706,NESLTER broadscale
5033,30777229,39.5258,-67.7822,20210706,NESLTER broadscale
5034,33022945,39.5898,-67.7638,20210706,NESLTER broadscale
5035,37470802,39.2038,-69.1222,20210706,NESLTER broadscale
5036,37760494,39.2614,-69.1858,20210706,NESLTER broadscale
5037,47125161,39.4626,-67.7972,20210706,NESLTER broadscale
5038,50093526,41.645,-70.675,20210706,Fiddlers Cove
5039,51681131,39.0921,-68.9887,20210706,NESLTER broadscale
5040,56539846,39.9331,-67.6703,20210706,NESLTER broadscale
5041,56881633,39.3995,-67.814,20210706,NESLTER broadscale
5042,68507401,39.9042,-67.8062,20210706,NESLTER broadscale
5043,73144192,39.9237,-67.6754,20210706,NESLTER broadscale
5044,74868988,38.975,-68.8589,20210706,NESLTER broadscale
5045,74930835,39.0352,-68.9216,20210706,NESLTER broadscale
5046,76177740,39.5963,-69.5578,20210706,NESLTER broadscale
5047,76621215,39.5398,-69.4959,20210706,NESLTER broadscale
5048,78310702,41.57,-71.41,20210706,GSO Dock
5049,79546711,39.3763,-69.3105,20210706,NESLTER broadscale
5050,84293551,39.7087,-69.6851,20210706,NESLTER broadscale
5051,86740078,39.654,-67.7471,20210706,NESLTER broadscale
5052,93857310,39.4852,-69.4327,20210706,NESLTER broadscale
5053,98795456,39.4306,-69.3729,20210706,NESLTER broadscale
5054,98860903,39.9287,-67.6726,20210706,NESLTER broadscale
5055,00692507,40.6975,-70.5049,20210707,NESLTER broadscale
5056,00859398,39.7645,-68.525,20210707,NESLTER broadscale
5057,01960469,40.2832,-69.3845,20210707,NESLTER broadscale
5058,02660118,40.2049,-69.1174,20210707,NESLTER broadscale
5059,03255443,40.1217,-68.8412,20210707,NESLTER broadscale
5060,06191477,39.8712,-67.9871,20210707,NESLTER broadscale
5061,09500998,39.8855,-67.9095,20210707,NESLTER broadscale
5062,09536429,39.8458,-68.4181,20210707,NESLTER broadscale
5063,11281723,40.7003,-70.496,20210707,NESLTER broadscale
5064,11452954,39.8525,-68.0863,20210707,NESLTER broadscale
5065,11942913,40.1795,-69.0268,20210707,NESLTER broadscale
5066,15886108,39.8108,-68.299,20210707,NESLTER broadscale
5067,16780263,39.9247,-68.3307,20210707,NESLTER broadscale
5068,18515878,39.7936,-68.3886,20210707,NESLTER broadscale
5069,23261091,40.6269,-70.1688,20210707,NESLTER broadscale
5070,24641279,40.4884,-70.0716,20210707,NESLTER broadscale
5071,25238705,40.775,-70.5256,20210707,NESLTER broadscale
5072,33284836,40.2567,-69.2965,20210707,NESLTER broadscale
5073,35695864,39.7837,-68.4168,20210707,NESLTER broadscale
5074,35699190,40.6954,-70.2059,20210707,NESLTER broadscale
5075,39023391,39.8683,-68.009,20210707,NESLTER broadscale
5076,39290789,39.8239,-68.2161,20210707,NESLTER broadscale
5077,39917287,39.9606,-68.2927,20210707,NESLTER broadscale
5078,41179202,40.7504,-70.4548,20210707,NESLTER broadscale
5079,41913113,39.7764,-68.4838,20210707,NESLTER broadscale
5080,42259274,39.9616,-68.293,20210707,NESLTER broadscale
5081,43889556,40.8004,-70.5953,20210707,NESLTER broadscale
5082,48978574,39.8314,-68.1931,20210707,NESLTER broadscale
5083,49084548,40.3856,-69.7244,20210707,NESLTER broadscale
5084,49607478,39.845,-68.1122,20210707,NESLTER broadscale
5085,49722741,40.0193,-68.4846,20210707,NESLTER broadscale
5086,50093526,41.645,-70.675,20210707,Fiddlers Cove
5087,50688531,39.7647,-68.5204,20210707,NESLTER broadscale
5088,51650541,40.4109,-69.8105,20210707,NESLTER broadscale
5089,51683896,39.8843,-68.3713,20210707,NESLTER broadscale
5090,55186276,39.8895,-67.8793,20210707,NESLTER broadscale
5091,59363959,39.9933,-68.259,20210707,NESLTER broadscale
5092,63041391,40.3091,-69.4703,20210707,NESLTER broadscale
5093,63737242,40.1524,-68.9354,20210707,NESLTER broadscale
5094,64765910,40.3337,-69.5539,20210707,NESLTER broadscale
5095,67059029,39.9726,-68.3393,20210707,NESLTER broadscale
5096,67933698,39.9962,-68.4085,20210707,NESLTER broadscale
5097,68271198,39.9637,-68.2823,20210707,NESLTER broadscale
5098,72216701,40.0951,-68.7501,20210707,NESLTER broadscale
5099,72504883,40.8247,-70.6614,20210707,NESLTER broadscale
5100,72565288,40.8303,-70.2819,20210707,NESLTER broadscale
5101,75329641,39.8064,-68.4667,20210707,NESLTER broadscale
5102,78310702,41.57,-71.41,20210707,GSO Dock
5103,80225142,40.4368,-69.897,20210707,NESLTER broadscale
5104,81460871,39.8036,-68.315,20210707,NESLTER broadscale
5105,82508971,40.4626,-69.9853,20210707,NESLTER broadscale
5106,83702138,40.0693,-68.66,20210707,NESLTER broadscale
5107,84929168,40.8088,-70.4171,20210707,NESLTER broadscale
5108,85181714,39.9664,-68.2746,20210707,NESLTER broadscale
5109,88839275,40.3601,-69.6385,20210707,NESLTER broadscale
5110,89635414,40.8635,-70.373,20210707,NESLTER broadscale
5111,91467979,40.7561,-70.4575,20210707,NESLTER broadscale
5112,92012063,40.042,-68.5699,20210707,NESLTER broadscale
5113,92436208,40.7627,-70.2439,20210707,NESLTER broadscale
5114,93226139,40.8988,-70.3218,20210707,NESLTER broadscale
5115,94044021,39.9744,-68.2674,20210707,NESLTER broadscale
5116,96588523,40.2295,-69.209,20210707,NESLTER broadscale
5117,97502614,39.999,-68.243,20210707,NESLTER broadscale
5118,98472143,39.8913,-67.8788,20210707,NESLTER broadscale
5119,02332720,41.0229,-71.0338,20210708,NESLTER broadscale
5120,03328198,40.8479,-70.7241,20210708,NESLTER broadscale
5121,10112545,40.9255,-70.9036,20210708,NESLTER broadscale
5122,11040599,41.0002,-71.004,20210708,NESLTER broadscale
5123,11271751,40.8908,-70.8498,20210708,NESLTER broadscale
5124,11953975,41.127,-71.1528,20210708,NESLTER broadscale
5125,13725251,40.8683,-70.7877,20210708,NESLTER broadscale
5126,13843505,41.1417,-71.172,20210708,NESLTER broadscale
5127,17431192,40.9135,-70.9124,20210708,NESLTER broadscale
5128,25184724,41.0995,-71.1629,20210708,NESLTER broadscale
5129,26374608,40.9395,-70.9007,20210708,NESLTER broadscale
5130,29901279,41.1303,-71.1737,20210708,NESLTER broadscale
5131,30812985,41.0782,-71.2892,20210708,NESLTER broadscale
5132,41694569,41.0844,-71.1229,20210708,NESLTER broadscale
5133,42049243,41.134,-71.1571,20210708,NESLTER broadscale
5134,44630535,41.0784,-71.2833,20210708,NESLTER broadscale
5135,49465296,41.1892,-71.2204,20210708,NESLTER broadscale
5136,50093526,41.645,-70.675,20210708,Fiddlers Cove
5137,52423531,41.3035,-71.1513,20210708,NESLTER broadscale
5138,54043674,41.0624,-71.2377,20210708,NESLTER broadscale
5139,68339527,41.1057,-71.2291,20210708,NESLTER broadscale
5140,71701074,41.0722,-71.2891,20210708,NESLTER broadscale
5141,72256834,41.0632,-71.0948,20210708,NESLTER broadscale
5142,73156111,41.1315,-71.2559,20210708,NESLTER broadscale
5143,76071650,40.9756,-70.9605,20210708,NESLTER broadscale
5144,78304838,41.0705,-71.274,20210708,NESLTER broadscale
5145,78310702,41.57,-71.41,20210708,GSO Dock
5146,80117800,41.2449,-71.1819,20210708,NESLTER broadscale
5147,81950903,41.0717,-71.2548,20210708,NESLTER broadscale
5148,85564154,41.0803,-71.1189,20210708,NESLTER broadscale
5149,90393709,41.1463,-71.1726,20210708,NESLTER broadscale
5150,90595383,41.0834,-71.2784,20210708,NESLTER broadscale
5151,50093526,41.645,-70.675,20210709,Fiddlers Cove
5152,78310702,41.57,-71.41,20210709,GSO Dock
5153,50093526,41.645,-70.675,20210710,Fiddlers Cove
5154,78310702,41.57,-71.41,20210710,GSO Dock
5155,50093526,41.645,-70.675,20210711,Fiddlers Cove
5156,78310702,41.57,-71.41,20210711,GSO Dock
5157,50093526,41.645,-70.675,20210712,Fiddlers Cove
5158,78310702,41.57,-71.41,20210712,GSO Dock
5159,50093526,41.645,-70.675,20210713,Fiddlers Cove
5160,78310702,41.57,-71.41,20210713,GSO Dock
5161,50093526,41.645,-70.675,20210714,Fiddlers Cove
5162,78310702,41.57,-71.41,20210714,GSO Dock
5163,50093526,41.645,-70.675,20210715,Fiddlers Cove
5164,78310702,41.57,-71.41,20210715,GSO Dock
5165,50093526,41.645,-70.675,20210716,Fiddlers Cove
5166,50093526,41.645,-70.675,20210717,Fiddlers Cove
5167,50093526,41.645,-70.675,20210718,Fiddlers Cove
5168,50093526,41.645,-70.675,20210719,Fiddlers Cove
5169,78310702,41.57,-71.41,20210719,GSO Dock
5170,50093526,41.645,-70.675,20210720,Fiddlers Cove
5171,78310702,41.57,-71.41,20210720,GSO Dock
5172,50093526,41.645,-70.675,20210721,Fiddlers Cove
5173,78310702,41.57,-71.41,20210721,GSO Dock
5174,50093526,41.645,-70.675,20210722,Fiddlers Cove
5175,78310702,41.57,-71.41,20210722,GSO Dock
5176,50093526,41.645,-70.675,20210724,Fiddlers Cove
5177,78310702,41.57,-71.41,20210724,GSO Dock
5178,50093526,41.645,-70.675,20210725,Fiddlers Cove
5179,78310702,41.57,-71.41,20210725,GSO Dock
5180,50093526,41.645,-70.675,20210726,Fiddlers Cove
5181,78310702,41.57,-71.41,20210726,GSO Dock
5182,50093526,41.645,-70.675,20210727,Fiddlers Cove
5183,78310702,41.57,-71.41,20210727,GSO Dock
5184,86247190,41.2516,-71.0436,20210727,NESLTER broadscale
5185,87586409,41.2383,-71.0253,20210727,NESLTER broadscale
5186,92356951,41.2923,-71.1265,20210727,NESLTER broadscale
5187,03816773,41.3585,-71.2647,20210728,NESLTER broadscale
5188,10000567,41.3586,-71.264,20210728,NESLTER broadscale
5189,11907886,41.3586,-71.2648,20210728,NESLTER broadscale
5190,12580989,41.3587,-71.2648,20210728,NESLTER broadscale
5191,18035633,41.3586,-71.2641,20210728,NESLTER broadscale
5192,19541053,41.3589,-71.2642,20210728,NESLTER broadscale
5193,26411052,41.3585,-71.2637,20210728,NESLTER broadscale
5194,30087414,41.3588,-71.2649,20210728,NESLTER broadscale
5195,31638167,41.3591,-71.2649,20210728,NESLTER broadscale
5196,33311905,41.3584,-71.2639,20210728,NESLTER broadscale
5197,33833937,41.3586,-71.2642,20210728,NESLTER broadscale
5198,33874719,41.3585,-71.2645,20210728,NESLTER broadscale
5199,38587390,41.3586,-71.2644,20210728,NESLTER broadscale
5200,47302773,41.3587,-71.2644,20210728,NESLTER broadscale
5201,50093526,41.645,-70.675,20210728,Fiddlers Cove
5202,50270758,41.3587,-71.2642,20210728,NESLTER broadscale
5203,50614897,41.3589,-71.2645,20210728,NESLTER broadscale
5204,54080707,41.3589,-71.265,20210728,NESLTER broadscale
5205,54765631,41.3586,-71.2643,20210728,NESLTER broadscale
5206,56517957,41.3585,-71.2644,20210728,NESLTER broadscale
5207,56760626,41.3584,-71.2644,20210728,NESLTER broadscale
5208,56769000,41.3587,-71.2643,20210728,NESLTER broadscale
5209,61199607,41.3587,-71.2641,20210728,NESLTER broadscale
5210,61512792,41.3585,-71.2638,20210728,NESLTER broadscale
5211,66400823,41.3585,-71.2639,20210728,NESLTER broadscale
5212,69518963,41.281,-71.1063,20210728,NESLTER broadscale
5213,75150302,41.3585,-71.2648,20210728,NESLTER broadscale
5214,77566638,41.359,-71.2649,20210728,NESLTER broadscale
5215,78045191,41.3599,-71.2583,20210728,NESLTER broadscale
5216,78310702,41.57,-71.41,20210728,GSO Dock
5217,78359525,41.3589,-71.2649,20210728,NESLTER broadscale
5218,82404609,41.3585,-71.2646,20210728,NESLTER broadscale
5219,86557345,41.3584,-71.2636,20210728,NESLTER broadscale
5220,92002209,41.3588,-71.2644,20210728,NESLTER broadscale
5221,92266390,41.3586,-71.2646,20210728,NESLTER broadscale
5222,98579731,41.3224,-71.1886,20210728,NESLTER broadscale
5223,99532198,41.3588,-71.2645,20210728,NESLTER broadscale
5224,06820676,41.3784,-71.2842,20210729,NESLTER broadscale
5225,07343961,41.3934,-71.3143,20210729,NESLTER broadscale
5226,09854755,41.3593,-71.2648,20210729,NESLTER broadscale
5227,12338078,41.4067,-71.3216,20210729,NESLTER broadscale
5228,14460219,41.3991,-71.3196,20210729,NESLTER broadscale
5229,15455589,41.36,-71.2639,20210729,NESLTER broadscale
5230,15667154,41.3595,-71.2645,20210729,NESLTER broadscale
5231,19394123,41.325,-70.566,20210729,Martha's Vineyard Coastal Observatory
5232,23570956,41.3604,-71.2801,20210729,NESLTER broadscale
5233,26545153,41.3594,-71.2645,20210729,NESLTER broadscale
5234,26641070,41.1551,-71.1041,20210729,NESLTER broadscale
5235,28546384,41.4044,-71.3139,20210729,NESLTER broadscale
5236,28660825,41.2665,-71.1971,20210729,NESLTER broadscale
5237,28872867,41.3922,-71.3102,20210729,NESLTER broadscale
5238,29808146,41.4092,-71.3301,20210729,NESLTER broadscale
5239,30874013,41.2144,-71.1523,20210729,NESLTER broadscale
5240,31054932,41.3594,-71.2648,20210729,NESLTER broadscale
5241,31638167,41.3591,-71.2649,20210729,NESLTER broadscale
5242,33547078,40.8533,-70.8482,20210729,NESLTER broadscale
5243,35709800,41.0391,-71.0059,20210729,NESLTER broadscale
5244,44608853,40.9093,-70.8962,20210729,NESLTER broadscale
5245,44673439,41.4114,-71.3354,20210729,NESLTER broadscale
5246,47655777,41.3592,-71.2649,20210729,NESLTER broadscale
5247,50093526,41.645,-70.675,20210729,Fiddlers Cove
5248,52947417,41.3594,-71.2647,20210729,NESLTER broadscale
5249,55256582,41.4209,-71.3508,20210729,NESLTER broadscale
5250,56845493,40.7958,-70.8011,20210729,NESLTER broadscale
5251,58699576,41.3133,-71.2389,20210729,NESLTER broadscale
5252,61348253,40.7376,-70.7543,20210729,NESLTER broadscale
5253,63430292,41.3595,-71.2643,20210729,NESLTER broadscale
5254,67913934,41.3594,-71.2643,20210729,NESLTER broadscale
5255,69601574,41.0964,-71.0573,20210729,NESLTER broadscale
5256,71895125,41.3594,-71.2642,20210729,NESLTER broadscale
5257,72876857,41.4181,-71.3319,20210729,NESLTER broadscale
5258,77171690,41.4155,-71.3386,20210729,NESLTER broadscale
5259,77566638,41.359,-71.2649,20210729,NESLTER broadscale
5260,78310702,41.57,-71.41,20210729,GSO Dock
5261,80747914,41.3594,-71.2641,20210729,NESLTER broadscale
5262,81163177,41.4227,-71.3501,20210729,NESLTER broadscale
5263,81321011,41.3594,-71.2644,20210729,NESLTER broadscale
5264,96906800,41.3595,-71.2644,20210729,NESLTER broadscale
5265,97737823,41.3595,-71.2642,20210729,NESLTER broadscale
5266,00669777,40.1082,-70.3244,20210730,NESLTER broadscale
5267,02217528,39.8418,-69.7837,20210730,NESLTER broadscale
5268,02357793,40.2844,-70.2196,20210730,NESLTER broadscale
5269,02379250,39.8208,-69.485,20210730,NESLTER broadscale
5270,02588622,40.5094,-70.5585,20210730,NESLTER broadscale
5271,04982348,40.3316,-70.1913,20210730,NESLTER broadscale
5272,05159462,39.8251,-69.4586,20210730,NESLTER broadscale
5273,13412198,39.954,-69.4868,20210730,NESLTER broadscale
5274,14895584,40.6807,-70.7057,20210730,NESLTER broadscale
5275,15201440,39.7928,-69.718,20210730,NESLTER broadscale
5276,15720013,40.2149,-70.3844,20210730,NESLTER broadscale
5277,16466651,40.2927,-70.3151,20210730,NESLTER broadscale
5278,17092889,40.3075,-70.2045,20210730,NESLTER broadscale
5279,17405649,40.3912,-70.4603,20210730,NESLTER broadscale
5280,18075655,39.9413,-69.9202,20210730,NESLTER broadscale
5281,18243315,40.2662,-70.3297,20210730,NESLTER broadscale
5282,18359312,40.0392,-70.3081,20210730,NESLTER broadscale
5283,19394123,41.325,-70.566,20210730,Martha's Vineyard Coastal Observatory
5284,22030619,40.2027,-70.2727,20210730,NESLTER broadscale
5285,22995873,40.1486,-70.3029,20210730,NESLTER broadscale
5286,26253812,40.2413,-70.2519,20210730,NESLTER broadscale
5287,26563162,39.9282,-69.4613,20210730,NESLTER broadscale
5288,38094657,40.245,-70.3308,20210730,NESLTER broadscale
5289,39076758,40.071,-70.3216,20210730,NESLTER broadscale
5290,41526473,40.4524,-70.5112,20210730,NESLTER broadscale
5291,43354914,40.1744,-70.2724,20210730,NESLTER broadscale
5292,45185219,40.2209,-70.3083,20210730,NESLTER broadscale
5293,45196938,40.221,-70.3438,20210730,NESLTER broadscale
5294,46183886,40.1492,-70.3334,20210730,NESLTER broadscale
5295,46209288,40.0737,-70.3177,20210730,NESLTER broadscale
5296,46774866,40.3257,-70.433,20210730,NESLTER broadscale
5297,47514648,40.3092,-70.266,20210730,NESLTER broadscale
5298,48773543,40.6242,-70.6544,20210730,NESLTER broadscale
5299,50093526,41.645,-70.675,20210730,Fiddlers Cove
5300,50706009,40.2153,-70.3357,20210730,NESLTER broadscale
5301,51737441,40.1402,-70.3565,20210730,NESLTER broadscale
5302,51976257,40.201,-70.2859,20210730,NESLTER broadscale
5303,52767589,40.0383,-70.3019,20210730,NESLTER broadscale
5304,55759848,40.1556,-70.3023,20210730,NESLTER broadscale
5305,59892114,40.1794,-70.371,20210730,NESLTER broadscale
5306,61843858,40.2204,-70.2696,20210730,NESLTER broadscale
5307,65946147,40.1028,-70.1428,20210730,NESLTER broadscale
5308,66435063,40.1607,-70.2812,20210730,NESLTER broadscale
5309,66962399,39.7464,-69.6507,20210730,NESLTER broadscale
5310,69630861,39.8071,-69.4835,20210730,NESLTER broadscale
5311,70077312,40.209,-70.2703,20210730,NESLTER broadscale
5312,70323176,40.1526,-70.3169,20210730,NESLTER broadscale
5313,70904274,40.1415,-70.1976,20210730,NESLTER broadscale
5314,71679181,40.2299,-70.3329,20210730,NESLTER broadscale
5315,71913020,40.0627,-70.0883,20210730,NESLTER broadscale
5316,72109975,40.1808,-70.2516,20210730,NESLTER broadscale
5317,75362769,39.9825,-69.9786,20210730,NESLTER broadscale
5318,75548905,40.2619,-70.4068,20210730,NESLTER broadscale
5319,76732691,40.1033,-70.3384,20210730,NESLTER broadscale
5320,78310702,41.57,-71.41,20210730,GSO Dock
5321,79661366,39.6994,-69.5848,20210730,NESLTER broadscale
5322,79763199,39.7479,-69.5309,20210730,NESLTER broadscale
5323,81260438,40.1786,-70.3021,20210730,NESLTER broadscale
5324,82452767,40.2622,-70.2354,20210730,NESLTER broadscale
5325,82942294,40.323,-70.2211,20210730,NESLTER broadscale
5326,88350569,40.0222,-70.0334,20210730,NESLTER broadscale
5327,90975854,39.8505,-69.479,20210730,NESLTER broadscale
5328,96172663,40.1884,-70.2798,20210730,NESLTER broadscale
5329,96441391,40.1541,-70.3335,20210730,NESLTER broadscale
5330,99348409,40.5667,-70.6066,20210730,NESLTER broadscale
5331,02050477,39.989,-69.5769,20210731,NESLTER broadscale
5332,02854407,39.9978,-69.3219,20210731,NESLTER broadscale
5333,03410253,40.5394,-68.0563,20210731,NESLTER broadscale
5334,05399048,40.5119,-68.0661,20210731,NESLTER broadscale
5335,07374753,40.2563,-69.0083,20210731,NESLTER broadscale
5336,08336474,40.546,-68.0436,20210731,NESLTER broadscale
5337,11240610,40.4569,-68.0871,20210731,NESLTER broadscale
5338,12875264,40.4333,-68.0737,20210731,NESLTER broadscale
5339,15154089,40.054,-69.2741,20210731,NESLTER broadscale
5340,16837055,39.8641,-69.5286,20210731,NESLTER broadscale
5341,19394123,41.325,-70.566,20210731,Martha's Vineyard Coastal Observatory
5342,21395470,40.1468,-68.2166,20210731,NESLTER broadscale
5343,21910506,39.773,-69.4984,20210731,NESLTER broadscale
5344,32384343,39.9305,-69.5643,20210731,NESLTER broadscale
5345,33614214,40.168,-69.1793,20210731,NESLTER broadscale
5346,33648989,40.2698,-68.1643,20210731,NESLTER broadscale
5347,37345892,39.8319,-69.4604,20210731,NESLTER broadscale
5348,37374246,39.9079,-69.5371,20210731,NESLTER broadscale
5349,38767453,39.9606,-69.4491,20210731,NESLTER broadscale
5350,39530238,39.9088,-69.5555,20210731,NESLTER broadscale
5351,39759355,39.9237,-69.5567,20210731,NESLTER broadscale
5352,41624044,39.8416,-69.5161,20210731,NESLTER broadscale
5353,43352994,39.8097,-69.4981,20210731,NESLTER broadscale
5354,43719299,40.1029,-68.6388,20210731,NESLTER broadscale
5355,43976988,39.8873,-69.4146,20210731,NESLTER broadscale
5356,45261872,40.1115,-69.2281,20210731,NESLTER broadscale
5357,46519529,39.7775,-69.4803,20210731,NESLTER broadscale
5358,47720794,40.022,-68.4378,20210731,NESLTER broadscale
5359,48265605,40.3332,-68.1391,20210731,NESLTER broadscale
5360,48880124,40.208,-68.1901,20210731,NESLTER broadscale
5361,50093526,41.645,-70.675,20210731,Fiddlers Cove
5362,51998328,39.8864,-69.5416,20210731,NESLTER broadscale
5363,52972744,39.9609,-69.5854,20210731,NESLTER broadscale
5364,53214845,40.2222,-69.1327,20210731,NESLTER broadscale
5365,54577229,40.1052,-68.6327,20210731,NESLTER broadscale
5366,57089901,40.2799,-69.0849,20210731,NESLTER broadscale
5367,57289661,40.0859,-68.2429,20210731,NESLTER broadscale
5368,59774754,40.0313,-69.6105,20210731,NESLTER broadscale
5369,61709243,39.913,-69.4409,20210731,NESLTER broadscale
5370,61722476,40.155,-68.7659,20210731,NESLTER broadscale
5371,62098938,40.3959,-68.1129,20210731,NESLTER broadscale
5372,62972250,39.9923,-69.6048,20210731,NESLTER broadscale
5373,63497292,40.5387,-68.0514,20210731,NESLTER broadscale
5374,66657183,39.9036,-69.4624,20210731,NESLTER broadscale
5375,69777161,39.9926,-68.3676,20210731,NESLTER broadscale
5376,71830579,40.5183,-68.0635,20210731,NESLTER broadscale
5377,75000823,39.9382,-69.445,20210731,NESLTER broadscale
5378,75580634,40.1901,-68.847,20210731,NESLTER broadscale
5379,77291567,39.9333,-69.5697,20210731,NESLTER broadscale
5380,77364685,40.1101,-68.655,20210731,NESLTER broadscale
5381,77955201,40.0935,-68.6114,20210731,NESLTER broadscale
5382,78310702,41.57,-71.41,20210731,GSO Dock
5383,80037460,39.9566,-69.4649,20210731,NESLTER broadscale
5384,80622356,39.7752,-69.4921,20210731,NESLTER broadscale
5385,81608700,40.0248,-68.2683,20210731,NESLTER broadscale
5386,83247550,39.898,-69.5258,20210731,NESLTER broadscale
5387,83507595,39.9288,-69.5873,20210731,NESLTER broadscale
5388,83949264,40.0134,-69.6072,20210731,NESLTER broadscale
5389,84398434,39.9426,-69.3682,20210731,NESLTER broadscale
5390,89865763,39.7759,-69.4888,20210731,NESLTER broadscale
5391,89919193,39.9649,-68.2967,20210731,NESLTER broadscale
5392,92051927,40.2243,-68.9273,20210731,NESLTER broadscale
5393,96434797,40.1236,-68.6857,20210731,NESLTER broadscale
5394,96570986,39.9319,-69.537,20210731,NESLTER broadscale
5395,00872074,40.5142,-67.8684,20210801,NESLTER broadscale
5396,01167954,40.325,-68.1303,20210801,NESLTER broadscale
5397,01283620,40.5844,-67.9993,20210801,NESLTER broadscale
5398,04557033,40.4066,-67.665,20210801,NESLTER broadscale
5399,04608294,40.2452,-67.3607,20210801,NESLTER broadscale
5400,06321607,40.5138,-68.072,20210801,NESLTER broadscale
5401,09502947,40.409,-68.1126,20210801,NESLTER broadscale
5402,12868369,40.5492,-67.9338,20210801,NESLTER broadscale
5403,13309893,40.5032,-68.0722,20210801,NESLTER broadscale
5404,19394123,41.325,-70.566,20210801,Martha's Vineyard Coastal Observatory
5405,20368990,40.3234,-68.1307,20210801,NESLTER broadscale
5406,22665624,40.4668,-68.1308,20210801,NESLTER broadscale
5407,25378113,40.3597,-68.1763,20210801,NESLTER broadscale
5408,26306700,40.8099,-66.8149,20210801,NESLTER broadscale
5409,26553669,40.3073,-67.167,20210801,NESLTER broadscale
5410,27315635,40.1977,-67.2694,20210801,NESLTER broadscale
5411,27834654,40.4873,-67.0981,20210801,NESLTER broadscale
5412,28209631,40.4927,-68.1427,20210801,NESLTER broadscale
5413,28794257,40.3669,-68.0785,20210801,NESLTER broadscale
5414,30186835,40.3666,-68.1921,20210801,NESLTER broadscale
5415,30975007,40.5065,-68.0692,20210801,NESLTER broadscale
5416,32209848,40.2999,-67.4862,20210801,NESLTER broadscale
5417,35175002,40.1847,-67.2338,20210801,NESLTER broadscale
5418,37187074,40.4797,-67.8013,20210801,NESLTER broadscale
5419,40784337,40.3277,-68.1318,20210801,NESLTER broadscale
5420,40787513,40.6693,-67.0235,20210801,NESLTER broadscale
5421,41273652,40.3654,-68.1731,20210801,NESLTER broadscale
5422,43317039,40.4414,-67.7354,20210801,NESLTER broadscale
5423,43635468,40.8251,-66.9313,20210801,NESLTER broadscale
5424,46512617,40.6093,-67.0517,20210801,NESLTER broadscale
5425,49523240,40.5678,-68.0417,20210801,NESLTER broadscale
5426,49709749,40.3704,-68.0781,20210801,NESLTER broadscale
5427,50079375,40.4379,-68.1168,20210801,NESLTER broadscale
5428,50093526,41.645,-70.675,20210801,Fiddlers Cove
5429,51324484,40.2471,-67.1905,20210801,NESLTER broadscale
5430,52452414,40.5114,-68.0712,20210801,NESLTER broadscale
5431,57361816,40.8134,-66.8257,20210801,NESLTER broadscale
5432,60814882,40.1863,-67.2128,20210801,NESLTER broadscale
5433,61714821,40.3586,-68.1405,20210801,NESLTER broadscale
5434,61977154,40.7351,-67.0024,20210801,NESLTER broadscale
5435,62075427,40.3672,-68.13,20210801,NESLTER broadscale
5436,62084944,40.3666,-67.1435,20210801,NESLTER broadscale
5437,64107176,40.363,-68.1138,20210801,NESLTER broadscale
5438,64145091,40.3623,-68.1344,20210801,NESLTER broadscale
5439,66045759,40.3606,-68.1981,20210801,NESLTER broadscale
5440,67197265,40.3384,-67.5369,20210801,NESLTER broadscale
5441,67278155,40.2061,-67.2601,20210801,NESLTER broadscale
5442,68896266,40.3639,-68.1226,20210801,NESLTER broadscale
5443,69416748,40.3484,-68.111,20210801,NESLTER broadscale
5444,69902082,40.5484,-67.0748,20210801,NESLTER broadscale
5445,70996764,40.2785,-67.4233,20210801,NESLTER broadscale
5446,72145956,40.427,-67.1216,20210801,NESLTER broadscale
5447,74961173,40.3786,-68.1154,20210801,NESLTER broadscale
5448,75639311,40.8089,-66.7268,20210801,NESLTER broadscale
5449,75871768,40.7967,-66.9806,20210801,NESLTER broadscale
5450,76124629,40.3363,-68.1276,20210801,NESLTER broadscale
5451,78310702,41.57,-71.41,20210801,GSO Dock
5452,83007615,40.816,-66.8532,20210801,NESLTER broadscale
5453,83746084,40.3739,-67.601,20210801,NESLTER broadscale
5454,84420981,40.8005,-66.8349,20210801,NESLTER broadscale
5455,86348183,40.8048,-66.7588,20210801,NESLTER broadscale
5456,89564280,40.5053,-68.1076,20210801,NESLTER broadscale
5457,94067779,40.1908,-67.2236,20210801,NESLTER broadscale
5458,96116472,40.1922,-67.2557,20210801,NESLTER broadscale
5459,00073009,40.8093,-66.3011,20210802,NESLTER broadscale
5460,00692655,40.763,-66.5495,20210802,NESLTER broadscale
5461,01854708,40.7302,-66.6116,20210802,NESLTER broadscale
5462,02666345,40.8695,-66.6417,20210802,NESLTER broadscale
5463,04852335,40.7849,-66.6218,20210802,NESLTER broadscale
5464,09649273,40.7538,-66.4058,20210802,NESLTER broadscale
5465,10040277,40.7527,-66.7191,20210802,NESLTER broadscale
5466,10235201,40.7653,-66.3066,20210802,NESLTER broadscale
5467,10552908,40.785,-66.4916,20210802,NESLTER broadscale
5468,11766208,40.7477,-66.2875,20210802,NESLTER broadscale
5469,13554669,40.932,-66.4145,20210802,NESLTER broadscale
5470,16373848,40.8536,-66.2967,20210802,NESLTER broadscale
5471,19394123,41.325,-70.566,20210802,Martha's Vineyard Coastal Observatory
5472,20515807,40.901,-66.5276,20210802,NESLTER broadscale
5473,21515735,40.7809,-66.5862,20210802,NESLTER broadscale
5474,27327205,40.7438,-66.2152,20210802,NESLTER broadscale
5475,29622474,40.7364,-66.1717,20210802,NESLTER broadscale
5476,29818323,40.8532,-66.6981,20210802,NESLTER broadscale
5477,31381373,40.9165,-66.4702,20210802,NESLTER broadscale
5478,32216386,40.8096,-66.8586,20210802,NESLTER broadscale
5479,37359664,40.754,-66.2699,20210802,NESLTER broadscale
5480,38384468,40.7748,-66.543,20210802,NESLTER broadscale
5481,39885032,40.7792,-66.5598,20210802,NESLTER broadscale
5482,41197324,40.8382,-66.7527,20210802,NESLTER broadscale
5483,43087931,40.8287,-66.7928,20210802,NESLTER broadscale
5484,44073788,40.763,-66.4804,20210802,NESLTER broadscale
5485,46463706,40.8275,-66.8322,20210802,NESLTER broadscale
5486,48265658,40.8108,-66.8612,20210802,NESLTER broadscale
5487,50093526,41.645,-70.675,20210802,Fiddlers Cove
5488,50257047,40.7809,-66.5483,20210802,NESLTER broadscale
5489,51612120,40.7494,-66.2994,20210802,NESLTER broadscale
5490,52026810,40.7968,-66.6277,20210802,NESLTER broadscale
5491,55534146,40.8851,-66.5857,20210802,NESLTER broadscale
5492,56294633,40.7905,-66.7807,20210802,NESLTER broadscale
5493,56726992,40.7678,-66.4793,20210802,NESLTER broadscale
5494,58202519,40.8131,-66.8355,20210802,NESLTER broadscale
5495,61799803,40.7933,-66.8451,20210802,NESLTER broadscale
5496,64856131,40.7666,-66.4739,20210802,NESLTER broadscale
5497,65925150,40.8083,-66.8323,20210802,NESLTER broadscale
5498,67556599,40.8023,-66.7516,20210802,NESLTER broadscale
5499,67570546,40.8195,-66.8296,20210802,NESLTER broadscale
5500,68621036,40.7313,-66.1891,20210802,NESLTER broadscale
5501,69251352,40.7516,-66.3352,20210802,NESLTER broadscale
5502,71069637,40.7575,-66.3818,20210802,NESLTER broadscale
5503,73210609,40.7485,-66.3394,20210802,NESLTER broadscale
5504,73488741,40.786,-66.6154,20210802,NESLTER broadscale
5505,74073655,40.757,-66.4009,20210802,NESLTER broadscale
5506,78310702,41.57,-71.41,20210802,GSO Dock
5507,81069100,40.9475,-66.358,20210802,NESLTER broadscale
5508,83407483,40.7162,-66.6591,20210802,NESLTER broadscale
5509,83711249,40.8229,-66.8731,20210802,NESLTER broadscale
5510,84035423,40.8977,-66.2915,20210802,NESLTER broadscale
5511,84504797,40.7619,-66.4058,20210802,NESLTER broadscale
5512,86766924,40.7925,-66.6686,20210802,NESLTER broadscale
5513,86922149,40.7993,-66.8357,20210802,NESLTER broadscale
5514,87986295,40.9621,-66.3015,20210802,NESLTER broadscale
5515,90029532,40.9425,-66.2869,20210802,NESLTER broadscale
5516,92474190,40.7597,-66.4085,20210802,NESLTER broadscale
5517,92823344,40.7578,-66.4484,20210802,NESLTER broadscale
5518,94314780,40.778,-66.5045,20210802,NESLTER broadscale
5519,94873726,40.816,-66.7068,20210802,NESLTER broadscale
5520,96257934,40.7938,-66.6862,20210802,NESLTER broadscale
5521,99582925,40.8054,-66.7784,20210802,NESLTER broadscale
5522,99707105,40.768,-66.4152,20210802,NESLTER broadscale
5523,01915154,41.4191,-66.0826,20210803,NESLTER broadscale
5524,02816143,41.6808,-65.5165,20210803,NESLTER broadscale
5525,04136663,40.8198,-66.8272,20210803,NESLTER broadscale
5526,06068299,40.6469,-66.6,20210803,NESLTER broadscale
5527,08931809,40.6935,-66.6899,20210803,NESLTER broadscale
5528,09679140,40.6936,-66.5866,20210803,NESLTER broadscale
5529,12421474,40.7946,-66.3039,20210803,NESLTER broadscale
5530,12517194,41.4159,-66.0008,20210803,NESLTER broadscale
5531,13080682,40.9585,-66.2737,20210803,NESLTER broadscale
5532,14161255,40.9263,-66.2867,20210803,NESLTER broadscale
5533,15075293,40.6616,-66.5684,20210803,NESLTER broadscale
5534,18387698,41.1505,-66.2627,20210803,NESLTER broadscale
5535,18623148,41.5612,-65.5094,20210803,NESLTER broadscale
5536,19394123,41.325,-70.566,20210803,Martha's Vineyard Coastal Observatory
5537,22409153,41.4275,-66.24,20210803,NESLTER broadscale
5538,23215740,40.8178,-66.8304,20210803,NESLTER broadscale
5539,23508165,41.2947,-66.2476,20210803,NESLTER broadscale
5540,24175591,40.6711,-66.6155,20210803,NESLTER broadscale
5541,25528413,41.6809,-65.5095,20210803,NESLTER broadscale
5542,27190925,41.6266,-65.5087,20210803,NESLTER broadscale
5543,27385446,40.768,-66.4925,20210803,NESLTER broadscale
5544,28373319,40.7303,-66.5989,20210803,NESLTER broadscale
5545,31306212,40.8153,-66.8705,20210803,NESLTER broadscale
5546,31317069,40.8129,-66.8348,20210803,NESLTER broadscale
5547,32379059,41.0188,-66.2773,20210803,NESLTER broadscale
5548,33449058,41.228,-66.2431,20210803,NESLTER broadscale
5549,34410572,40.8601,-66.2968,20210803,NESLTER broadscale
5550,34458094,41.4091,-65.832,20210803,NESLTER broadscale
5551,37640816,40.7264,-66.7308,20210803,NESLTER broadscale
5552,37900832,40.7789,-66.5727,20210803,NESLTER broadscale
5553,40880675,40.6455,-66.6301,20210803,NESLTER broadscale
5554,42839797,40.6919,-66.6587,20210803,NESLTER broadscale
5555,46320983,40.7923,-66.8073,20210803,NESLTER broadscale
5556,48285254,41.6875,-65.4962,20210803,NESLTER broadscale
5557,48446731,40.7571,-66.4114,20210803,NESLTER broadscale
5558,49247069,40.6713,-66.596,20210803,NESLTER broadscale
5559,50093526,41.645,-70.675,20210803,Fiddlers Cove
5560,50197220,41.0856,-66.2687,20210803,NESLTER broadscale
5561,50700941,40.6867,-66.6034,20210803,NESLTER broadscale
5562,53817346,41.4265,-65.5129,20210803,NESLTER broadscale
5563,57344266,40.6929,-66.6109,20210803,NESLTER broadscale
5564,57863244,40.6641,-66.6522,20210803,NESLTER broadscale
5565,58057305,41.2354,-66.2522,20210803,NESLTER broadscale
5566,59217739,40.7902,-66.6527,20210803,NESLTER broadscale
5567,61396197,41.3586,-66.2401,20210803,NESLTER broadscale
5568,63096990,41.2136,-66.2606,20210803,NESLTER broadscale
5569,63840391,40.686,-66.6271,20210803,NESLTER broadscale
5570,64356439,41.405,-65.7449,20210803,NESLTER broadscale
5571,66984873,40.6732,-66.5842,20210803,NESLTER broadscale
5572,73618780,41.4946,-65.5106,20210803,NESLTER broadscale
5573,73859252,41.4201,-66.2357,20210803,NESLTER broadscale
5574,74652719,41.4006,-65.6541,20210803,NESLTER broadscale
5575,75443327,40.676,-66.6368,20210803,NESLTER broadscale
5576,77141964,40.7462,-66.3285,20210803,NESLTER broadscale
5577,78310702,41.57,-71.41,20210803,GSO Dock
5578,80392184,41.3972,-65.5649,20210803,NESLTER broadscale
5579,81328772,41.4231,-66.1636,20210803,NESLTER broadscale
5580,83068992,40.7592,-66.7694,20210803,NESLTER broadscale
5581,83137752,41.4103,-65.9177,20210803,NESLTER broadscale
5582,84137358,40.7166,-66.5844,20210803,NESLTER broadscale
5583,88049759,40.7007,-66.5721,20210803,NESLTER broadscale
5584,91072631,40.8179,-66.8452,20210803,NESLTER broadscale
5585,92486289,40.6684,-66.6441,20210803,NESLTER broadscale
5586,97933804,41.2295,-66.2534,20210803,NESLTER broadscale
5587,01702636,41.8924,-65.5028,20210804,NESLTER broadscale
5588,02653033,41.7098,-65.5062,20210804,NESLTER broadscale
5589,02848556,41.38,-66.172,20210804,NESLTER broadscale
5590,05311216,41.3926,-66.1562,20210804,NESLTER broadscale
5591,05382257,41.7718,-65.5051,20210804,NESLTER broadscale
5592,05995628,41.5014,-65.822,20210804,NESLTER broadscale
5593,07098298,41.6205,-65.6949,20210804,NESLTER broadscale
5594,08897019,41.2703,-66.0666,20210804,NESLTER broadscale
5595,10283958,41.2721,-66.0323,20210804,NESLTER broadscale
5596,15794687,41.5815,-65.7311,20210804,NESLTER broadscale
5597,19394123,41.325,-70.566,20210804,Martha's Vineyard Coastal Observatory
5598,19877979,42.0654,-65.4197,20210804,NESLTER broadscale
5599,19932319,42.0753,-65.3826,20210804,NESLTER broadscale
5600,23228728,42.0407,-65.3513,20210804,NESLTER broadscale
5601,23876611,41.5905,-65.785,20210804,NESLTER broadscale
5602,25068631,41.5019,-65.8335,20210804,NESLTER broadscale
5603,26034725,42.0065,-65.3795,20210804,NESLTER broadscale
5604,27882880,42.0438,-65.3617,20210804,NESLTER broadscale
5605,29351218,41.3813,-65.9089,20210804,NESLTER broadscale
5606,31958224,41.2223,-66.0494,20210804,NESLTER broadscale
5607,32367026,41.4977,-65.8249,20210804,NESLTER broadscale
5608,32743948,41.3714,-66.1953,20210804,NESLTER broadscale
5609,35987231,41.6915,-65.5022,20210804,NESLTER broadscale
5610,38750875,41.2515,-66.0904,20210804,NESLTER broadscale
5611,40977939,41.6515,-65.6054,20210804,NESLTER broadscale
5612,42129260,41.4652,-65.8091,20210804,NESLTER broadscale
5613,44183767,41.5003,-66.0539,20210804,NESLTER broadscale
5614,44763739,41.5612,-65.8762,20210804,NESLTER broadscale
5615,46282938,41.7411,-65.4809,20210804,NESLTER broadscale
5616,47554361,41.5249,-65.7807,20210804,NESLTER broadscale
5617,50093526,41.645,-70.675,20210804,Fiddlers Cove
5618,53004751,42.0562,-65.3498,20210804,NESLTER broadscale
5619,56125928,42.0211,-65.4978,20210804,NESLTER broadscale
5620,57984759,41.5535,-65.7902,20210804,NESLTER broadscale
5621,58645626,42.0487,-65.3426,20210804,NESLTER broadscale
5622,58909240,41.5212,-65.8214,20210804,NESLTER broadscale
5623,60269715,42.0216,-65.3467,20210804,NESLTER broadscale
5624,60651366,41.4886,-65.8517,20210804,NESLTER broadscale
5625,60799160,41.7147,-65.501,20210804,NESLTER broadscale
5626,65831200,41.6642,-65.5533,20210804,NESLTER broadscale
5627,66546201,41.6808,-65.5009,20210804,NESLTER broadscale
5628,66725450,41.3175,-65.9539,20210804,NESLTER broadscale
5629,66899844,41.3103,-66.1442,20210804,NESLTER broadscale
5630,68651932,41.6363,-65.6131,20210804,NESLTER broadscale
5631,71224876,41.5115,-65.8293,20210804,NESLTER broadscale
5632,73381296,41.4428,-66.1199,20210804,NESLTER broadscale
5633,73981361,41.7387,-65.4759,20210804,NESLTER broadscale
5634,74404294,41.2352,-65.9956,20210804,NESLTER broadscale
5635,78096046,41.2641,-66.0462,20210804,NESLTER broadscale
5636,78310702,41.57,-71.41,20210804,GSO Dock
5637,78469311,42.0819,-65.4929,20210804,NESLTER broadscale
5638,78820100,41.4439,-65.864,20210804,NESLTER broadscale
5639,78865869,41.4875,-65.775,20210804,NESLTER broadscale
5640,78874074,41.2792,-66.0415,20210804,NESLTER broadscale
5641,79005227,41.7221,-65.4912,20210804,NESLTER broadscale
5642,81865446,41.5315,-65.9658,20210804,NESLTER broadscale
5643,82511850,42.0363,-65.3521,20210804,NESLTER broadscale
5644,87413471,41.6088,-65.672,20210804,NESLTER broadscale
5645,89063364,41.9563,-65.5004,20210804,NESLTER broadscale
5646,89561141,41.8311,-65.5035,20210804,NESLTER broadscale
5647,91101446,42.0256,-65.4068,20210804,NESLTER broadscale
5648,91387396,41.3646,-66.2113,20210804,NESLTER broadscale
5649,91498784,41.2647,-66.0288,20210804,NESLTER broadscale
5650,92226354,41.5166,-65.8547,20210804,NESLTER broadscale
5651,00523996,41.0539,-71.2168,20210805,NESLTER broadscale
5652,00603304,42.0109,-64.9903,20210805,NESLTER broadscale
5653,02911884,42.3231,-64.865,20210805,NESLTER broadscale
5654,03623642,42.269,-64.957,20210805,NESLTER broadscale
5655,05802446,41.2278,-71.4219,20210805,NESLTER broadscale
5656,06449496,41.5194,-71.3398,20210805,NESLTER broadscale
5657,06576313,42.0487,-65.2823,20210805,NESLTER broadscale
5658,07769920,42.0563,-65.447,20210805,NESLTER broadscale
5659,09620775,42.2991,-64.9039,20210805,NESLTER broadscale
5660,11491050,42.0534,-65.3134,20210805,NESLTER broadscale
5661,13221187,42.237,-65.0095,20210805,NESLTER broadscale
5662,13684784,41.9994,-64.9112,20210805,NESLTER broadscale
5663,15649548,42.0769,-65.4623,20210805,NESLTER broadscale
5664,16369101,41.8561,-65.6484,20210805,NESLTER broadscale
5665,17590903,41.7813,-65.5829,20210805,NESLTER broadscale
5666,19394123,41.325,-70.566,20210805,Martha's Vineyard Coastal Observatory
5667,20488814,41.3292,-71.435,20210805,NESLTER broadscale
5668,21502326,41.9695,-65.5002,20210805,NESLTER broadscale
5669,22179610,42.3462,-64.7999,20210805,NESLTER broadscale
5670,22358849,41.0128,-71.153,20210805,NESLTER broadscale
5671,22609774,42.0251,-65.1555,20210805,NESLTER broadscale
5672,23304352,42.3011,-64.7915,20210805,NESLTER broadscale
5673,23693442,41.9769,-64.7571,20210805,NESLTER broadscale
5674,24358821,41.3356,-71.4389,20210805,NESLTER broadscale
5675,25147352,41.2902,-71.4223,20210805,NESLTER broadscale
5676,25647404,41.9864,-64.8305,20210805,NESLTER broadscale
5677,31278911,42.2556,-64.7822,20210805,NESLTER broadscale
5678,32521224,42.1609,-64.7693,20210805,NESLTER broadscale
5679,32793339,41.97,-64.7449,20210805,NESLTER broadscale
5680,33048364,42.358,-64.8148,20210805,NESLTER broadscale
5681,33200799,41.4138,-71.4036,20210805,NESLTER broadscale
5682,34760371,42.066,-65.4372,20210805,NESLTER broadscale
5683,35100347,41.8294,-65.5043,20210805,NESLTER broadscale
5684,35355467,42.0614,-65.4432,20210805,NESLTER broadscale
5685,35719757,41.6984,-65.5139,20210805,NESLTER broadscale
5686,36354122,42.0207,-65.4859,20210805,NESLTER broadscale
5687,36756737,41.465,-71.3713,20210805,NESLTER broadscale
5688,41459707,42.0556,-65.2283,20210805,NESLTER broadscale
5689,41910067,41.7616,-65.5053,20210805,NESLTER broadscale
5690,42750014,42.211,-65.0512,20210805,NESLTER broadscale
5691,42974466,42.1169,-64.7632,20210805,NESLTER broadscale
5692,43093202,42.2085,-64.7762,20210805,NESLTER broadscale
5693,43548981,41.172,-71.3983,20210805,NESLTER broadscale
5694,44223999,41.9855,-65.5188,20210805,NESLTER broadscale
5695,45549931,41.8991,-65.5023,20210805,NESLTER broadscale
5696,46037298,42.0229,-65.0661,20210805,NESLTER broadscale
5697,46215816,42.3252,-64.8715,20210805,NESLTER broadscale
5698,48481550,41.8966,-65.5968,20210805,NESLTER broadscale
5699,50093526,41.645,-70.675,20210805,Fiddlers Cove
5700,50292360,42.3496,-64.8249,20210805,NESLTER broadscale
5701,50935040,41.8347,-65.6254,20210805,NESLTER broadscale
5702,51706833,42.0417,-65.2968,20210805,NESLTER broadscale
5703,52472998,42.0835,-65.3848,20210805,NESLTER broadscale
5704,56098110,41.7299,-65.5427,20210805,NESLTER broadscale
5705,56716208,41.9801,-64.7744,20210805,NESLTER broadscale
5706,58443778,42.0643,-65.4395,20210805,NESLTER broadscale
5707,59667596,42.0607,-65.3467,20210805,NESLTER broadscale
5708,60334843,41.6711,-65.4989,20210805,NESLTER broadscale
5709,62456900,41.6923,-65.5028,20210805,NESLTER broadscale
5710,63044010,42.291,-64.928,20210805,NESLTER broadscale
5711,63443454,41.8581,-65.6457,20210805,NESLTER broadscale
5712,67767969,41.9609,-65.5319,20210805,NESLTER broadscale
5713,69143453,42.0742,-64.7574,20210805,NESLTER broadscale
5714,70259294,41.5303,-71.3184,20210805,NESLTER broadscale
5715,74206002,41.9127,-65.5842,20210805,NESLTER broadscale
5716,77989255,41.9859,-65.5117,20210805,NESLTER broadscale
5717,78310702,41.57,-71.41,20210805,GSO Dock
5718,80541309,41.3632,-71.4318,20210805,NESLTER broadscale
5719,82467005,41.9876,-64.7474,20210805,NESLTER broadscale
5720,84706251,41.134,-71.3372,20210805,NESLTER broadscale
5721,85758468,41.0927,-71.2751,20210805,NESLTER broadscale
5722,87827944,42.2559,-64.9836,20210805,NESLTER broadscale
5723,93481381,40.9737,-71.0898,20210805,NESLTER broadscale
5724,93842687,40.9304,-71.0276,20210805,NESLTER broadscale
5725,95410452,41.86,-65.6423,20210805,NESLTER broadscale
5726,96716256,41.6943,-65.5069,20210805,NESLTER broadscale
5727,97216617,42.0315,-64.753,20210805,NESLTER broadscale
5728,98502863,41.9877,-65.5086,20210805,NESLTER broadscale
5729,99096331,41.9113,-65.5815,20210805,NESLTER broadscale
5730,99120203,42.0406,-65.4986,20210805,NESLTER broadscale
5731,01170105,41.9929,-64.498,20210806,NESLTER broadscale
5732,02098588,42.058,-64.1843,20210806,NESLTER broadscale
5733,04286888,42.2506,-64.7249,20210806,NESLTER broadscale
5734,04706923,41.9773,-64.5309,20210806,NESLTER broadscale
5735,05837702,42.1433,-63.8748,20210806,NESLTER broadscale
5736,06506541,41.913,-64.886,20210806,NESLTER broadscale
5737,06754839,42.0568,-64.7122,20210806,NESLTER broadscale
5738,08831489,41.9462,-64.8388,20210806,NESLTER broadscale
5739,10171976,40.9094,-71.0054,20210806,NESLTER broadscale
5740,11072845,41.9545,-64.6576,20210806,NESLTER broadscale
5741,11722553,42.0246,-64.3051,20210806,NESLTER broadscale
5742,12382074,42.0945,-64.0338,20210806,NESLTER broadscale
5743,13130215,41.9668,-64.6037,20210806,NESLTER broadscale
5744,13364190,42.0245,-64.34,20210806,NESLTER broadscale
5745,14073173,41.822,-64.9731,20210806,NESLTER broadscale
5746,14139559,42.2628,-64.7513,20210806,NESLTER broadscale
5747,15069130,42.1483,-64.7269,20210806,NESLTER broadscale
5748,16308625,42.275,-64.777,20210806,NESLTER broadscale
5749,16480218,42.047,-64.6927,20210806,NESLTER broadscale
5750,16855451,42.3608,-64.8013,20210806,NESLTER broadscale
5751,18018613,40.8082,-71.2878,20210806,NESLTER broadscale
5752,18338408,42.2243,-64.7295,20210806,NESLTER broadscale
5753,19394123,41.325,-70.566,20210806,Martha's Vineyard Coastal Observatory
5754,20361088,42.1164,-63.9978,20210806,NESLTER broadscale
5755,22923213,42.0143,-64.7397,20210806,NESLTER broadscale
5756,27082403,41.9312,-64.7578,20210806,NESLTER broadscale
5757,28198213,42.1203,-63.9361,20210806,NESLTER broadscale
5758,28592312,41.9023,-64.8534,20210806,NESLTER broadscale
5759,30222668,42.0501,-64.6907,20210806,NESLTER broadscale
5760,31182727,40.7557,-71.4395,20210806,NESLTER broadscale
5761,31751395,41.947,-64.7657,20210806,NESLTER broadscale
5762,32918380,42.0029,-64.3784,20210806,NESLTER broadscale
5763,33880223,41.9816,-64.7881,20210806,NESLTER broadscale
5764,35684813,42.3282,-64.7875,20210806,NESLTER broadscale
5765,36548638,40.7832,-71.3656,20210806,NESLTER broadscale
5766,38223764,42.1376,-64.6997,20210806,NESLTER broadscale
5767,39364900,42.3442,-64.7922,20210806,NESLTER broadscale
5768,41213711,42.1014,-64.0567,20210806,NESLTER broadscale
5769,43957630,42.0038,-64.4463,20210806,NESLTER broadscale
5770,44006563,41.9122,-64.8956,20210806,NESLTER broadscale
5771,46521992,42.0539,-64.2261,20210806,NESLTER broadscale
5772,47433518,42.0829,-64.082,20210806,NESLTER broadscale
5773,48367027,41.9582,-64.6858,20210806,NESLTER broadscale
5774,50093526,41.645,-70.675,20210806,Fiddlers Cove
5775,50157221,42.1374,-63.8792,20210806,NESLTER broadscale
5776,52016738,40.8345,-71.2144,20210806,NESLTER broadscale
5777,57678385,41.9684,-64.6081,20210806,NESLTER broadscale
5778,59501673,41.9436,-64.711,20210806,NESLTER broadscale
5779,63657304,40.8881,-71.069,20210806,NESLTER broadscale
5780,66399560,41.9858,-64.453,20210806,NESLTER broadscale
5781,66475813,41.8503,-64.9358,20210806,NESLTER broadscale
5782,66829390,42.0698,-64.1689,20210806,NESLTER broadscale
5783,68142236,42.0388,-64.282,20210806,NESLTER broadscale
5784,68513077,42.2931,-64.7891,20210806,NESLTER broadscale
5785,69053113,42.068,-64.7558,20210806,NESLTER broadscale
5786,69487453,41.9242,-64.8473,20210806,NESLTER broadscale
5787,71134640,42.1272,-64.6955,20210806,NESLTER broadscale
5788,74887797,42.0956,-64.7274,20210806,NESLTER broadscale
5789,75551171,40.864,-71.1399,20210806,NESLTER broadscale
5790,75721518,42.0706,-64.1312,20210806,NESLTER broadscale
5791,77666126,42.1294,-63.9378,20210806,NESLTER broadscale
5792,78310702,41.57,-71.41,20210806,GSO Dock
5793,79487550,41.8797,-64.8975,20210806,NESLTER broadscale
5794,81226070,42.0854,-64.1136,20210806,NESLTER broadscale
5795,82060125,41.9792,-64.5507,20210806,NESLTER broadscale
5796,85162947,42.0428,-64.2421,20210806,NESLTER broadscale
5797,85669390,42.0672,-64.7368,20210806,NESLTER broadscale
5798,86366562,42.1585,-64.7555,20210806,NESLTER broadscale
5799,87693171,41.9173,-64.8058,20210806,NESLTER broadscale
5800,94775034,42.1056,-63.9895,20210806,NESLTER broadscale
5801,98384034,42.0131,-64.3933,20210806,NESLTER broadscale
5802,19394123,41.325,-70.566,20210808,Martha's Vineyard Coastal Observatory
5803,50093526,41.645,-70.675,20210808,Fiddlers Cove
5804,78310702,41.57,-71.41,20210808,GSO Dock
5805,19394123,41.325,-70.566,20210809,Martha's Vineyard Coastal Observatory
5806,50093526,41.645,-70.675,20210809,Fiddlers Cove
5807,78310702,41.57,-71.41,20210809,GSO Dock
5808,19394123,41.325,-70.566,20210810,Martha's Vineyard Coastal Observatory
5809,50093526,41.645,-70.675,20210810,Fiddlers Cove
5810,78310702,41.57,-71.41,20210810,GSO Dock
5811,19394123,41.325,-70.566,20210811,Martha's Vineyard Coastal Observatory
5812,50093526,41.645,-70.675,20210811,Fiddlers Cove
5813,78310702,41.57,-71.41,20210811,GSO Dock
5814,50093526,41.645,-70.675,20210812,Fiddlers Cove
5815,78310702,41.57,-71.41,20210812,GSO Dock
5816,50093526,41.645,-70.675,20210813,Fiddlers Cove
5817,78310702,41.57,-71.41,20210813,GSO Dock
5818,50093526,41.645,-70.675,20210814,Fiddlers Cove
5819,78310702,41.57,-71.41,20210814,GSO Dock
5820,50093526,41.645,-70.675,20210815,Fiddlers Cove
5821,78310702,41.57,-71.41,20210815,GSO Dock
5822,50093526,41.645,-70.675,20210816,Fiddlers Cove
5823,78310702,41.57,-71.41,20210816,GSO Dock
5824,50093526,41.645,-70.675,20210817,Fiddlers Cove
5825,78310702,41.57,-71.41,20210817,GSO Dock
5826,50093526,41.645,-70.675,20210818,Fiddlers Cove
5827,78310702,41.57,-71.41,20210818,GSO Dock
5828,84691237,44.44,-68.205,20210818,Mount Desert Island Biological Laboratory
5829,50093526,41.645,-70.675,20210819,Fiddlers Cove
5830,78310702,41.57,-71.41,20210819,GSO Dock
5831,84691237,44.44,-68.205,20210819,Mount Desert Island Biological Laboratory
5832,50093526,41.645,-70.675,20210820,Fiddlers Cove
5833,78310702,41.57,-71.41,20210820,GSO Dock
5834,84691237,44.44,-68.205,20210820,Mount Desert Island Biological Laboratory
5835,50093526,41.645,-70.675,20210821,Fiddlers Cove
5836,84691237,44.44,-68.205,20210821,Mount Desert Island Biological Laboratory
5837,50093526,41.645,-70.675,20210822,Fiddlers Cove
5838,84691237,44.44,-68.205,20210822,Mount Desert Island Biological Laboratory
5839,50093526,41.645,-70.675,20210823,Fiddlers Cove
5840,78310702,41.57,-71.41,20210823,GSO Dock
5841,84691237,44.44,-68.205,20210823,Mount Desert Island Biological Laboratory
5842,50093526,41.645,-70.675,20210824,Fiddlers Cove
5843,78310702,41.57,-71.41,20210824,GSO Dock
5844,84691237,44.44,-68.205,20210824,Mount Desert Island Biological Laboratory
5845,50093526,41.645,-70.675,20210825,Fiddlers Cove
5846,78310702,41.57,-71.41,20210825,GSO Dock
5847,84691237,44.44,-68.205,20210825,Mount Desert Island Biological Laboratory
5848,50093526,41.645,-70.675,20210826,Fiddlers Cove
5849,78310702,41.57,-71.41,20210826,GSO Dock
5850,84691237,44.44,-68.205,20210826,Mount Desert Island Biological Laboratory
5851,50093526,41.645,-70.675,20210827,Fiddlers Cove
5852,78310702,41.57,-71.41,20210827,GSO Dock
5853,84691237,44.44,-68.205,20210827,Mount Desert Island Biological Laboratory
5854,50093526,41.645,-70.675,20210828,Fiddlers Cove
5855,78310702,41.57,-71.41,20210828,GSO Dock
5856,84691237,44.44,-68.205,20210828,Mount Desert Island Biological Laboratory
5857,50093526,41.645,-70.675,20210829,Fiddlers Cove
5858,78310702,41.57,-71.41,20210829,GSO Dock
5859,84691237,44.44,-68.205,20210829,Mount Desert Island Biological Laboratory
5860,50093526,41.645,-70.675,20210831,Fiddlers Cove
5861,78310702,41.57,-71.41,20210831,GSO Dock
5862,84691237,44.44,-68.205,20210831,Mount Desert Island Biological Laboratory
5863,50093526,41.645,-70.675,20210901,Fiddlers Cove
5864,78310702,41.57,-71.41,20210901,GSO Dock
5865,84691237,44.44,-68.205,20210901,Mount Desert Island Biological Laboratory
5866,50093526,41.645,-70.675,20210902,Fiddlers Cove
5867,78310702,41.57,-71.41,20210902,GSO Dock
5868,84691237,44.44,-68.205,20210902,Mount Desert Island Biological Laboratory
5869,50093526,41.645,-70.675,20210903,Fiddlers Cove
5870,78310702,41.57,-71.41,20210903,GSO Dock
5871,84691237,44.44,-68.205,20210903,Mount Desert Island Biological Laboratory
5872,50093526,41.645,-70.675,20210904,Fiddlers Cove
5873,78310702,41.57,-71.41,20210904,GSO Dock
5874,84691237,44.44,-68.205,20210904,Mount Desert Island Biological Laboratory
5875,50093526,41.645,-70.675,20210905,Fiddlers Cove
5876,78310702,41.57,-71.41,20210905,GSO Dock
5877,84691237,44.44,-68.205,20210905,Mount Desert Island Biological Laboratory
5878,50093526,41.645,-70.675,20210906,Fiddlers Cove
5879,78310702,41.57,-71.41,20210906,GSO Dock
5880,84691237,44.44,-68.205,20210906,Mount Desert Island Biological Laboratory
5881,50093526,41.645,-70.675,20210907,Fiddlers Cove
5882,78310702,41.57,-71.41,20210907,GSO Dock
5883,84691237,44.44,-68.205,20210907,Mount Desert Island Biological Laboratory
5884,50093526,41.645,-70.675,20210908,Fiddlers Cove
5885,78310702,41.57,-71.41,20210908,GSO Dock
5886,84691237,44.44,-68.205,20210908,Mount Desert Island Biological Laboratory
5887,50093526,41.645,-70.675,20210909,Fiddlers Cove
5888,78310702,41.57,-71.41,20210909,GSO Dock
5889,84691237,44.44,-68.205,20210909,Mount Desert Island Biological Laboratory
5890,50093526,41.645,-70.675,20210910,Fiddlers Cove
5891,78310702,41.57,-71.41,20210910,GSO Dock
5892,84691237,44.44,-68.205,20210910,Mount Desert Island Biological Laboratory
5893,50093526,41.645,-70.675,20210911,Fiddlers Cove
5894,78310702,41.57,-71.41,20210911,GSO Dock
5895,84691237,44.44,-68.205,20210911,Mount Desert Island Biological Laboratory
5896,19394123,41.325,-70.566,20210912,Martha's Vineyard Coastal Observatory
5897,50093526,41.645,-70.675,20210912,Fiddlers Cove
5898,84691237,44.44,-68.205,20210912,Mount Desert Island Biological Laboratory
5899,19394123,41.325,-70.566,20210913,Martha's Vineyard Coastal Observatory
5900,50093526,41.645,-70.675,20210913,Fiddlers Cove
5901,84691237,44.44,-68.205,20210913,Mount Desert Island Biological Laboratory
5902,19394123,41.325,-70.566,20210914,Martha's Vineyard Coastal Observatory
5903,50093526,41.645,-70.675,20210914,Fiddlers Cove
5904,19394123,41.325,-70.566,20210915,Martha's Vineyard Coastal Observatory
5905,50093526,41.645,-70.675,20210915,Fiddlers Cove
5906,19394123,41.325,-70.566,20210916,Martha's Vineyard Coastal Observatory
5907,50093526,41.645,-70.675,20210916,Fiddlers Cove
5908,19394123,41.325,-70.566,20210917,Martha's Vineyard Coastal Observatory
5909,50093526,41.645,-70.675,20210917,Fiddlers Cove
5910,19394123,41.325,-70.566,20210918,Martha's Vineyard Coastal Observatory
5911,50093526,41.645,-70.675,20210918,Fiddlers Cove
5912,19394123,41.325,-70.566,20210919,Martha's Vineyard Coastal Observatory
5913,50093526,41.645,-70.675,20210919,Fiddlers Cove
5914,19394123,41.325,-70.566,20210920,Martha's Vineyard Coastal Observatory
5915,50093526,41.645,-70.675,20210920,Fiddlers Cove
5916,19394123,41.325,-70.566,20210921,Martha's Vineyard Coastal Observatory
5917,50093526,41.645,-70.675,20210921,Fiddlers Cove
5918,19394123,41.325,-70.566,20210922,Martha's Vineyard Coastal Observatory
5919,50093526,41.645,-70.675,20210922,Fiddlers Cove
5920,84691237,44.44,-68.205,20210922,Mount Desert Island Biological Laboratory
5921,19394123,41.325,-70.566,20210923,Martha's Vineyard Coastal Observatory
5922,50093526,41.645,-70.675,20210923,Fiddlers Cove
5923,84691237,44.44,-68.205,20210923,Mount Desert Island Biological Laboratory
5924,19394123,41.325,-70.566,20210924,Martha's Vineyard Coastal Observatory
5925,84691237,44.44,-68.205,20210924,Mount Desert Island Biological Laboratory
5926,19394123,41.325,-70.566,20210925,Martha's Vineyard Coastal Observatory
5927,84691237,44.44,-68.205,20210925,Mount Desert Island Biological Laboratory
5928,19394123,41.325,-70.566,20210926,Martha's Vineyard Coastal Observatory
5929,84691237,44.44,-68.205,20210926,Mount Desert Island Biological Laboratory
5930,19394123,41.325,-70.566,20210927,Martha's Vineyard Coastal Observatory
5931,50093526,41.645,-70.675,20210927,Fiddlers Cove
5932,84691237,44.44,-68.205,20210927,Mount Desert Island Biological Laboratory
5933,19394123,41.325,-70.566,20210928,Martha's Vineyard Coastal Observatory
5934,50093526,41.645,-70.675,20210928,Fiddlers Cove
5935,84691237,44.44,-68.205,20210928,Mount Desert Island Biological Laboratory
5936,19394123,41.325,-70.566,20210929,Martha's Vineyard Coastal Observatory
5937,84691237,44.44,-68.205,20210929,Mount Desert Island Biological Laboratory
5938,19394123,41.325,-70.566,20210930,Martha's Vineyard Coastal Observatory
5939,84691237,44.44,-68.205,20210930,Mount Desert Island Biological Laboratory
5940,19394123,41.325,-70.566,20211001,Martha's Vineyard Coastal Observatory
5941,84691237,44.44,-68.205,20211001,Mount Desert Island Biological Laboratory
5942,19394123,41.325,-70.566,20211002,Martha's Vineyard Coastal Observatory
5943,84691237,44.44,-68.205,20211002,Mount Desert Island Biological Laboratory
5944,19394123,41.325,-70.566,20211003,Martha's Vineyard Coastal Observatory
5945,84691237,44.44,-68.205,20211003,Mount Desert Island Biological Laboratory
5946,19394123,41.325,-70.566,20211004,Martha's Vineyard Coastal Observatory
5947,84691237,44.44,-68.205,20211004,Mount Desert Island Biological Laboratory
5948,19394123,41.325,-70.566,20211005,Martha's Vineyard Coastal Observatory
5949,84691237,44.44,-68.205,20211005,Mount Desert Island Biological Laboratory
5950,19394123,41.325,-70.566,20211006,Martha's Vineyard Coastal Observatory
5951,84691237,44.44,-68.205,20211006,Mount Desert Island Biological Laboratory
5952,19394123,41.325,-70.566,20211007,Martha's Vineyard Coastal Observatory
5953,50093526,41.645,-70.675,20211007,Fiddlers Cove
5954,84691237,44.44,-68.205,20211007,Mount Desert Island Biological Laboratory
5955,19394123,41.325,-70.566,20211008,Martha's Vineyard Coastal Observatory
5956,84691237,44.44,-68.205,20211008,Mount Desert Island Biological Laboratory
5957,19394123,41.325,-70.566,20211009,Martha's Vineyard Coastal Observatory
5958,84691237,44.44,-68.205,20211009,Mount Desert Island Biological Laboratory
5959,19394123,41.325,-70.566,20211010,Martha's Vineyard Coastal Observatory
5960,84691237,44.44,-68.205,20211010,Mount Desert Island Biological Laboratory
5961,19394123,41.325,-70.566,20211011,Martha's Vineyard Coastal Observatory
5962,84691237,44.44,-68.205,20211011,Mount Desert Island Biological Laboratory
5963,19394123,41.325,-70.566,20211012,Martha's Vineyard Coastal Observatory
5964,84691237,44.44,-68.205,20211012,Mount Desert Island Biological Laboratory
5965,19394123,41.325,-70.566,20211013,Martha's Vineyard Coastal Observatory
5966,19394123,41.325,-70.566,20211014,Martha's Vineyard Coastal Observatory
5967,19394123,41.325,-70.566,20211015,Martha's Vineyard Coastal Observatory
5968,84691237,44.44,-68.205,20211015,Mount Desert Island Biological Laboratory
5969,84691237,44.44,-68.205,20211016,Mount Desert Island Biological Laboratory
5970,84691237,44.44,-68.205,20211017,Mount Desert Island Biological Laboratory
5971,84691237,44.44,-68.205,20211018,Mount Desert Island Biological Laboratory
5972,84691237,44.44,-68.205,20211019,Mount Desert Island Biological Laboratory
5973,84691237,44.44,-68.205,20211020,Mount Desert Island Biological Laboratory
5974,84691237,44.44,-68.205,20211021,Mount Desert Island Biological Laboratory
5975,00765228,40.668,-70.6233,20211022,NESLTER broadscale
5976,02597269,40.3294,-69.4301,20211022,NESLTER broadscale
5977,06173641,40.4567,-69.7703,20211022,NESLTER broadscale
5978,09184223,40.1966,-70.1505,20211022,NESLTER broadscale
5979,09423493,40.0584,-70.5361,20211022,NESLTER broadscale
5980,09561133,40.4882,-69.9993,20211022,NESLTER broadscale
5981,09616249,40.3489,-69.4744,20211022,NESLTER broadscale
5982,11779541,40.2676,-69.7609,20211022,NESLTER broadscale
5983,13727354,40.6545,-70.5805,20211022,NESLTER broadscale
5984,14838462,40.2856,-69.6775,20211022,NESLTER broadscale
5985,15232219,40.5161,-70.1561,20211022,NESLTER broadscale
5986,15634965,40.5533,-70.314,20211022,NESLTER broadscale
5987,27401215,40.4498,-69.6945,20211022,NESLTER broadscale
5988,27576493,40.2506,-70.0104,20211022,NESLTER broadscale
5989,32881251,40.3027,-69.5963,20211022,NESLTER broadscale
5990,34611612,40.0103,-70.6044,20211022,NESLTER broadscale
5991,36888307,40.0895,-70.4601,20211022,NESLTER broadscale
5992,41348503,40.4739,-69.9209,20211022,NESLTER broadscale
5993,43667008,39.8244,-70.609,20211022,NESLTER broadscale
5994,48564861,40.0426,-70.6026,20211022,NESLTER broadscale
5995,51670809,40.5748,-70.4227,20211022,NESLTER broadscale
5996,54293366,39.8276,-70.6174,20211022,NESLTER broadscale
5997,54698371,40.5735,-70.3922,20211022,NESLTER broadscale
5998,57955154,40.2483,-69.8396,20211022,NESLTER broadscale
5999,58610258,40.2286,-69.9205,20211022,NESLTER broadscale
6000,59188487,40.0326,-70.5907,20211022,NESLTER broadscale
6001,59710570,40.502,-70.0754,20211022,NESLTER broadscale
6002,59856309,39.8825,-70.607,20211022,NESLTER broadscale
6003,62602936,40.5333,-70.233,20211022,NESLTER broadscale
6004,63744318,40.3252,-69.4174,20211022,NESLTER broadscale
6005,67487158,39.8783,-70.7904,20211022,NESLTER broadscale
6006,68165879,40.4231,-69.5132,20211022,NESLTER broadscale
6007,68679521,40.2235,-69.9908,20211022,NESLTER broadscale
6008,70434419,39.8599,-70.7141,20211022,NESLTER broadscale
6009,71744018,40.0349,-70.598,20211022,NESLTER broadscale
6010,75129038,40.2269,-70.0733,20211022,NESLTER broadscale
6011,76329988,39.8403,-70.6339,20211022,NESLTER broadscale
6012,76703783,40.4275,-69.5506,20211022,NESLTER broadscale
6013,77641864,39.8322,-70.6245,20211022,NESLTER broadscale
6014,80218925,40.4133,-69.483,20211022,NESLTER broadscale
6015,82018205,40.3194,-69.5121,20211022,NESLTER broadscale
6016,84691237,44.44,-68.205,20211022,Mount Desert Island Biological Laboratory
6017,86513182,40.1683,-70.2251,20211022,NESLTER broadscale
6018,87465185,40.1176,-70.3812,20211022,NESLTER broadscale
6019,87669773,40.4386,-69.6195,20211022,NESLTER broadscale
6020,90704434,39.9446,-70.6053,20211022,NESLTER broadscale
6021,93101019,40.4652,-69.8465,20211022,NESLTER broadscale
6022,94903676,40.1412,-70.304,20211022,NESLTER broadscale
6023,00022622,41.0759,-70.201,20211023,NESLTER broadscale
6024,00134542,41.1393,-68.3235,20211023,NESLTER broadscale
6025,02486856,40.7982,-70.0709,20211023,NESLTER broadscale
6026,03042926,40.7931,-69.9412,20211023,NESLTER broadscale
6027,04465705,40.986,-68.4151,20211023,NESLTER broadscale
6028,11338081,40.833,-69.7476,20211023,NESLTER broadscale
6029,14287419,41.1301,-70.8005,20211023,NESLTER broadscale
6030,16254085,40.9079,-69.1225,20211023,NESLTER broadscale
6031,18454300,40.9166,-69.0338,20211023,NESLTER broadscale
6032,19207518,40.8093,-69.8645,20211023,NESLTER broadscale
6033,19607831,40.9906,-68.4139,20211023,NESLTER broadscale
6034,19805630,41.0798,-68.3269,20211023,NESLTER broadscale
6035,21497399,41.1141,-70.5552,20211023,NESLTER broadscale
6036,21878457,40.9515,-68.7783,20211023,NESLTER broadscale
6037,22633980,40.9932,-68.4161,20211023,NESLTER broadscale
6038,23440037,40.9947,-68.413,20211023,NESLTER broadscale
6039,24178393,40.922,-70.6099,20211023,NESLTER broadscale
6040,30239811,40.9835,-68.41,20211023,NESLTER broadscale
6041,30612568,41.1491,-70.2308,20211023,NESLTER broadscale
6042,34598695,40.8888,-69.2994,20211023,NESLTER broadscale
6043,35595390,41.105,-70.6232,20211023,NESLTER broadscale
6044,35772941,41.1431,-70.7597,20211023,NESLTER broadscale
6045,36612134,41.1647,-70.1805,20211023,NESLTER broadscale
6046,36744436,40.9087,-70.5881,20211023,NESLTER broadscale
6047,37288844,40.6639,-70.6207,20211023,NESLTER broadscale
6048,38295711,40.9026,-70.1523,20211023,NESLTER broadscale
6049,42040433,41.0294,-70.6997,20211023,NESLTER broadscale
6050,42172869,40.9054,-69.1545,20211023,NESLTER broadscale
6051,44040542,40.8778,-69.3928,20211023,NESLTER broadscale
6052,44538067,41.1192,-70.6757,20211023,NESLTER broadscale
6053,49652162,41.1279,-70.3037,20211023,NESLTER broadscale
6054,51583943,41.1416,-70.1976,20211023,NESLTER broadscale
6055,52779706,40.9573,-68.6895,20211023,NESLTER broadscale
6056,53188917,41.1643,-70.8382,20211023,NESLTER broadscale
6057,53253877,40.978,-70.6543,20211023,NESLTER broadscale
6058,55294204,40.8686,-69.4832,20211023,NESLTER broadscale
6059,61365651,41.1976,-68.3269,20211023,NESLTER broadscale
6060,62283308,41.1614,-70.843,20211023,NESLTER broadscale
6061,64458220,41.1251,-70.3876,20211023,NESLTER broadscale
6062,65805810,40.8424,-70.5975,20211023,NESLTER broadscale
6063,66770004,40.9873,-68.4953,20211023,NESLTER broadscale
6064,71536773,40.8352,-69.7544,20211023,NESLTER broadscale
6065,72938636,41.1036,-70.6287,20211023,NESLTER broadscale
6066,73831546,40.9945,-68.4005,20211023,NESLTER broadscale
6067,74828904,40.8503,-70.108,20211023,NESLTER broadscale
6068,77347916,40.939,-68.8629,20211023,NESLTER broadscale
6069,77689529,40.7807,-70.0119,20211023,NESLTER broadscale
6070,79284095,40.9275,-68.9492,20211023,NESLTER broadscale
6071,80094337,40.8441,-69.6589,20211023,NESLTER broadscale
6072,82303982,40.9532,-70.1921,20211023,NESLTER broadscale
6073,83419139,41.08,-70.7515,20211023,NESLTER broadscale
6074,87930635,40.778,-70.6062,20211023,NESLTER broadscale
6075,89410566,40.8564,-69.5729,20211023,NESLTER broadscale
6076,90343899,40.8973,-69.2129,20211023,NESLTER broadscale
6077,93136776,41.1226,-70.47,20211023,NESLTER broadscale
6078,93589742,41.0363,-68.3719,20211023,NESLTER broadscale
6079,94144573,40.709,-70.6155,20211023,NESLTER broadscale
6080,94199474,40.826,-69.787,20211023,NESLTER broadscale
6081,96427980,40.9863,-68.4118,20211023,NESLTER broadscale
6082,98370855,41.0132,-70.2052,20211023,NESLTER broadscale
6083,00021006,42.9559,-70.4215,20211024,NESLTER broadscale
6084,00457400,42.988,-70.3913,20211024,NESLTER broadscale
6085,00952770,42.4809,-69.325,20211024,NESLTER broadscale
6086,06042736,42.8217,-70.0797,20211024,NESLTER broadscale
6087,06395689,42.3228,-68.4313,20211024,NESLTER broadscale
6088,06959189,42.414,-68.9043,20211024,NESLTER broadscale
6089,07088333,42.9993,-70.4237,20211024,NESLTER broadscale
6090,09253453,42.0631,-68.618,20211024,NESLTER broadscale
6091,09628207,41.4791,-68.3681,20211024,NESLTER broadscale
6092,10331140,41.995,-68.6716,20211024,NESLTER broadscale
6093,13507582,42.7653,-70.0337,20211024,NESLTER broadscale
6094,18291300,41.324,-68.332,20211024,NESLTER broadscale
6095,18835349,42.4675,-69.1511,20211024,NESLTER broadscale
6096,19465337,41.9381,-68.4866,20211024,NESLTER broadscale
6097,20546280,42.1658,-68.5442,20211024,NESLTER broadscale
6098,26150260,42.9075,-70.1525,20211024,NESLTER broadscale
6099,32919862,42.6731,-69.8927,20211024,NESLTER broadscale
6100,37001677,42.8864,-70.4186,20211024,NESLTER broadscale
6101,37049675,42.3193,-68.4302,20211024,NESLTER broadscale
6102,37976889,41.5458,-68.3846,20211024,NESLTER broadscale
6103,39401653,42.7386,-70.002,20211024,NESLTER broadscale
6104,41387704,42.4607,-69.0639,20211024,NESLTER broadscale
6105,43960901,42.8801,-70.1248,20211024,NESLTER broadscale
6106,50842130,42.3664,-68.6564,20211024,NESLTER broadscale
6107,51714172,42.1155,-68.5812,20211024,NESLTER broadscale
6108,52207450,41.6189,-68.4017,20211024,NESLTER broadscale
6109,55631752,42.4937,-69.6687,20211024,NESLTER broadscale
6110,55708293,42.5764,-69.7677,20211024,NESLTER broadscale
6111,56968837,42.5849,-69.7816,20211024,NESLTER broadscale
6112,60081024,41.6884,-68.416,20211024,NESLTER broadscale
6113,61984931,42.0133,-68.6547,20211024,NESLTER broadscale
6114,62087171,42.4398,-68.9838,20211024,NESLTER broadscale
6115,62620488,41.9982,-68.634,20211024,NESLTER broadscale
6116,64112840,41.261,-68.3297,20211024,NESLTER broadscale
6117,64165920,42.4766,-69.2389,20211024,NESLTER broadscale
6118,65012928,42.9591,-70.3033,20211024,NESLTER broadscale
6119,68127280,42.3766,-68.7416,20211024,NESLTER broadscale
6120,70303748,42.4632,-69.0947,20211024,NESLTER broadscale
6121,70404237,41.7556,-68.4343,20211024,NESLTER broadscale
6122,72630162,41.8173,-68.4524,20211024,NESLTER broadscale
6123,73265160,41.9955,-68.5628,20211024,NESLTER broadscale
6124,78303257,42.7184,-69.9611,20211024,NESLTER broadscale
6125,78362361,42.9311,-70.2224,20211024,NESLTER broadscale
6126,78991604,42.5407,-69.7117,20211024,NESLTER broadscale
6127,79271298,42.6311,-69.8364,20211024,NESLTER broadscale
6128,80834875,41.3905,-68.3358,20211024,NESLTER broadscale
6129,83119460,41.9889,-68.5088,20211024,NESLTER broadscale
6130,84973808,42.5783,-69.755,20211024,NESLTER broadscale
6131,85112622,42.3317,-68.4914,20211024,NESLTER broadscale
6132,85369281,42.3907,-68.8267,20211024,NESLTER broadscale
6133,87216910,42.2675,-68.468,20211024,NESLTER broadscale
6134,87443779,42.4852,-69.4155,20211024,NESLTER broadscale
6135,87634557,42.4986,-69.6692,20211024,NESLTER broadscale
6136,89932375,42.3522,-68.5679,20211024,NESLTER broadscale
6137,89990850,42.4949,-69.6181,20211024,NESLTER broadscale
6138,92557054,41.8795,-68.4689,20211024,NESLTER broadscale
6139,93283464,41.9948,-68.5021,20211024,NESLTER broadscale
6140,96454620,42.5015,-69.6643,20211024,NESLTER broadscale
6141,96467506,42.2177,-68.504,20211024,NESLTER broadscale
6142,98725593,41.4177,-68.3488,20211024,NESLTER broadscale
6143,03845881,40.9869,-69.174,20211025,NESLTER broadscale
6144,05727535,41.4216,-69.3731,20211025,NESLTER broadscale
6145,09911623,42.4776,-70.7208,20211025,NESLTER broadscale
6146,10067495,41.7855,-69.4141,20211025,NESLTER broadscale
6147,12728081,42.2349,-69.799,20211025,NESLTER broadscale
6148,14354206,41.7263,-69.4568,20211025,NESLTER broadscale
6149,15542245,42.2703,-69.8832,20211025,NESLTER broadscale
6150,17339865,41.1765,-69.2739,20211025,NESLTER broadscale
6151,17467201,41.9053,-69.3322,20211025,NESLTER broadscale
6152,17678933,42.6164,-70.4262,20211025,NESLTER broadscale
6153,21436402,42.75,-70.4176,20211025,NESLTER broadscale
6154,21633690,42.8171,-70.4188,20211025,NESLTER broadscale
6155,22938398,41.236,-69.3058,20211025,NESLTER broadscale
6156,25145439,42.3636,-70.3182,20211025,NESLTER broadscale
6157,27610611,42.3205,-70.2871,20211025,NESLTER broadscale
6158,29201643,42.4099,-70.6183,20211025,NESLTER broadscale
6159,29911310,41.8472,-69.3733,20211025,NESLTER broadscale
6160,31055235,42.0067,-69.2675,20211025,NESLTER broadscale
6161,32247106,41.0519,-69.2087,20211025,NESLTER broadscale
6162,39712702,40.9283,-69.2019,20211025,NESLTER broadscale
6163,41788887,42.01,-69.249,20211025,NESLTER broadscale
6164,44485171,41.6572,-69.4892,20211025,NESLTER broadscale
6165,47194727,42.0416,-69.3486,20211025,NESLTER broadscale
6166,47916051,40.8955,-69.2797,20211025,NESLTER broadscale
6167,52891798,42.3165,-70.2928,20211025,NESLTER broadscale
6168,56199460,42.3005,-70.2403,20211025,NESLTER broadscale
6169,56292089,41.5951,-69.4605,20211025,NESLTER broadscale
6170,56380999,41.9675,-69.2878,20211025,NESLTER broadscale
6171,58847224,42.1211,-69.5449,20211025,NESLTER broadscale
6172,60404594,42.5823,-70.5062,20211025,NESLTER broadscale
6173,62134050,41.3008,-69.3277,20211025,NESLTER broadscale
6174,62286629,42.5256,-70.6706,20211025,NESLTER broadscale
6175,62628651,41.5374,-69.4321,20211025,NESLTER broadscale
6176,65031142,41.3604,-69.3508,20211025,NESLTER broadscale
6177,65775306,41.6653,-69.501,20211025,NESLTER broadscale
6178,65845275,42.6815,-70.4174,20211025,NESLTER broadscale
6179,67469707,42.1956,-69.7125,20211025,NESLTER broadscale
6180,70506024,42.4382,-70.6517,20211025,NESLTER broadscale
6181,70834929,42.4073,-70.6188,20211025,NESLTER broadscale
6182,79351214,42.1578,-69.6304,20211025,NESLTER broadscale
6183,79434614,42.2973,-70.1513,20211025,NESLTER broadscale
6184,89068374,42.3725,-70.4433,20211025,NESLTER broadscale
6185,90079439,41.4778,-69.4018,20211025,NESLTER broadscale
6186,90701541,42.2949,-69.9706,20211025,NESLTER broadscale
6187,91166943,42.2924,-70.0581,20211025,NESLTER broadscale
6188,91614727,41.1135,-69.2415,20211025,NESLTER broadscale
6189,92432371,42.3676,-70.4067,20211025,NESLTER broadscale
6190,93256474,42.4039,-70.5428,20211025,NESLTER broadscale
6191,95133613,42.3837,-70.4545,20211025,NESLTER broadscale
6192,97441084,42.5535,-70.5906,20211025,NESLTER broadscale
6193,99677789,42.4985,-70.7428,20211025,NESLTER broadscale
6194,19394123,41.325,-70.566,20211104,Martha's Vineyard Coastal Observatory
6195,19394123,41.325,-70.566,20211110,Martha's Vineyard Coastal Observatory
6196,84691237,44.44,-68.205,20211110,Mount Desert Island Biological Laboratory
6197,19394123,41.325,-70.566,20211111,Martha's Vineyard Coastal Observatory
6198,19394123,41.325,-70.566,20211112,Martha's Vineyard Coastal Observatory
6199,19394123,41.325,-70.566,20211113,Martha's Vineyard Coastal Observatory
6200,19394123,41.325,-70.566,20211114,Martha's Vineyard Coastal Observatory
6201,19394123,41.325,-70.566,20211115,Martha's Vineyard Coastal Observatory
6202,19394123,41.325,-70.566,20211116,Martha's Vineyard Coastal Observatory
6203,19394123,41.325,-70.566,20211117,Martha's Vineyard Coastal Observatory
6204,78310702,41.57,-71.41,20211117,GSO Dock
6205,84691237,44.44,-68.205,20211117,Mount Desert Island Biological Laboratory
6206,19394123,41.325,-70.566,20211118,Martha's Vineyard Coastal Observatory
6207,78310702,41.57,-71.41,20211118,GSO Dock
6208,84691237,44.44,-68.205,20211118,Mount Desert Island Biological Laboratory
6209,19394123,41.325,-70.566,20211119,Martha's Vineyard Coastal Observatory
6210,78310702,41.57,-71.41,20211119,GSO Dock
6211,19394123,41.325,-70.566,20211120,Martha's Vineyard Coastal Observatory
6212,19394123,41.325,-70.566,20211121,Martha's Vineyard Coastal Observatory
6213,19394123,41.325,-70.566,20211122,Martha's Vineyard Coastal Observatory
6214,84691237,44.44,-68.205,20211122,Mount Desert Island Biological Laboratory
6215,19394123,41.325,-70.566,20211123,Martha's Vineyard Coastal Observatory
6216,19394123,41.325,-70.566,20211124,Martha's Vineyard Coastal Observatory
6217,50093526,41.645,-70.675,20211202,Fiddlers Cove
6218,84691237,44.44,-68.205,20211202,Mount Desert Island Biological Laboratory
6219,50093526,41.645,-70.675,20211203,Fiddlers Cove
6220,50093526,41.645,-70.675,20211204,Fiddlers Cove
6221,50093526,41.645,-70.675,20211205,Fiddlers Cove
6222,50093526,41.645,-70.675,20211206,Fiddlers Cove
6223,50093526,41.645,-70.675,20211207,Fiddlers Cove
6224,19394123,41.325,-70.566,20211208,Martha's Vineyard Coastal Observatory
6225,50093526,41.645,-70.675,20211208,Fiddlers Cove
6226,84691237,44.44,-68.205,20211209,Mount Desert Island Biological Laboratory
6227,84691237,44.44,-68.205,20211216,Mount Desert Island Biological Laboratory
6228,19394123,41.325,-70.566,20211220,Martha's Vineyard Coastal Observatory
6229,50093526,41.645,-70.675,20211220,Fiddlers Cove
6230,50093526,41.645,-70.675,20211221,Fiddlers Cove
6231,50093526,41.645,-70.675,20211222,Fiddlers Cove
6232,50093526,41.645,-70.675,20211223,Fiddlers Cove
6233,50093526,41.645,-70.675,20211224,Fiddlers Cove
6234,50093526,41.645,-70.675,20211225,Fiddlers Cove
6235,50093526,41.645,-70.675,20211226,Fiddlers Cove
6236,50093526,41.645,-70.675,20211228,Fiddlers Cove
6237,50093526,41.645,-70.675,20211229,Fiddlers Cove
6238,50093526,41.645,-70.675,20211230,Fiddlers Cove
6239,84691237,44.44,-68.205,20211230,Mount Desert Island Biological Laboratory
6240,50093526,41.645,-70.675,20220101,Fiddlers Cove
6241,50093526,41.645,-70.675,20220102,Fiddlers Cove
6242,50093526,41.645,-70.675,20220103,Fiddlers Cove
6243,50093526,41.645,-70.675,20220104,Fiddlers Cove
6244,50093526,41.645,-70.675,20220105,Fiddlers Cove
6245,50093526,41.645,-70.675,20220106,Fiddlers Cove
6246,50093526,41.645,-70.675,20220107,Fiddlers Cove
6247,50093526,41.645,-70.675,20220108,Fiddlers Cove
6248,50093526,41.645,-70.675,20220109,Fiddlers Cove
6249,50093526,41.645,-70.675,20220110,Fiddlers Cove
6250,50093526,41.645,-70.675,20220111,Fiddlers Cove
6251,50093526,41.645,-70.675,20220112,Fiddlers Cove
6252,50093526,41.645,-70.675,20220113,Fiddlers Cove
6253,50093526,41.645,-70.675,20220114,Fiddlers Cove
6254,50093526,41.645,-70.675,20220115,Fiddlers Cove
6255,50093526,41.645,-70.675,20220116,Fiddlers Cove
6256,50093526,41.645,-70.675,20220117,Fiddlers Cove
6257,50093526,41.645,-70.675,20220118,Fiddlers Cove
6258,50093526,41.645,-70.675,20220119,Fiddlers Cove
6259,50093526,41.645,-70.675,20220120,Fiddlers Cove
6260,50093526,41.645,-70.675,20220121,Fiddlers Cove
6261,50093526,41.645,-70.675,20220122,Fiddlers Cove
6262,50093526,41.645,-70.675,20220123,Fiddlers Cove
6263,19394123,41.325,-70.566,20220124,Martha's Vineyard Coastal Observatory
6264,50093526,41.645,-70.675,20220124,Fiddlers Cove
6265,19394123,41.325,-70.566,20220125,Martha's Vineyard Coastal Observatory
6266,50093526,41.645,-70.675,20220125,Fiddlers Cove
6267,19394123,41.325,-70.566,20220126,Martha's Vineyard Coastal Observatory
6268,50093526,41.645,-70.675,20220126,Fiddlers Cove
6269,19394123,41.325,-70.566,20220127,Martha's Vineyard Coastal Observatory
6270,50093526,41.645,-70.675,20220127,Fiddlers Cove
6271,19394123,41.325,-70.566,20220128,Martha's Vineyard Coastal Observatory
6272,50093526,41.645,-70.675,20220128,Fiddlers Cove
6273,19394123,41.325,-70.566,20220129,Martha's Vineyard Coastal Observatory
6274,50093526,41.645,-70.675,20220129,Fiddlers Cove
6275,19394123,41.325,-70.566,20220130,Martha's Vineyard Coastal Observatory
6276,50093526,41.645,-70.675,20220130,Fiddlers Cove
6277,19394123,41.325,-70.566,20220131,Martha's Vineyard Coastal Observatory
6278,50093526,41.645,-70.675,20220131,Fiddlers Cove
6279,19394123,41.325,-70.566,20220201,Martha's Vineyard Coastal Observatory
6280,50093526,41.645,-70.675,20220201,Fiddlers Cove
6281,19394123,41.325,-70.566,20220202,Martha's Vineyard Coastal Observatory
6282,50093526,41.645,-70.675,20220202,Fiddlers Cove
6283,19394123,41.325,-70.566,20220203,Martha's Vineyard Coastal Observatory
6284,50093526,41.645,-70.675,20220203,Fiddlers Cove
6285,19394123,41.325,-70.566,20220204,Martha's Vineyard Coastal Observatory
6286,50093526,41.645,-70.675,20220204,Fiddlers Cove
6287,19394123,41.325,-70.566,20220205,Martha's Vineyard Coastal Observatory
6288,50093526,41.645,-70.675,20220205,Fiddlers Cove
6289,19394123,41.325,-70.566,20220206,Martha's Vineyard Coastal Observatory
6290,50093526,41.645,-70.675,20220206,Fiddlers Cove
6291,19394123,41.325,-70.566,20220207,Martha's Vineyard Coastal Observatory
6292,50093526,41.645,-70.675,20220207,Fiddlers Cove
6293,19394123,41.325,-70.566,20220208,Martha's Vineyard Coastal Observatory
6294,50093526,41.645,-70.675,20220208,Fiddlers Cove
6295,19394123,41.325,-70.566,20220209,Martha's Vineyard Coastal Observatory
6296,50093526,41.645,-70.675,20220209,Fiddlers Cove
6297,19394123,41.325,-70.566,20220210,Martha's Vineyard Coastal Observatory
6298,50093526,41.645,-70.675,20220210,Fiddlers Cove
6299,19394123,41.325,-70.566,20220211,Martha's Vineyard Coastal Observatory
6300,50093526,41.645,-70.675,20220211,Fiddlers Cove
6301,19394123,41.325,-70.566,20220212,Martha's Vineyard Coastal Observatory
6302,50093526,41.645,-70.675,20220212,Fiddlers Cove
6303,19394123,41.325,-70.566,20220213,Martha's Vineyard Coastal Observatory
6304,50093526,41.645,-70.675,20220213,Fiddlers Cove
6305,19394123,41.325,-70.566,20220214,Martha's Vineyard Coastal Observatory
6306,50093526,41.645,-70.675,20220214,Fiddlers Cove
6307,19394123,41.325,-70.566,20220215,Martha's Vineyard Coastal Observatory
6308,50093526,41.645,-70.675,20220215,Fiddlers Cove
6309,19394123,41.325,-70.566,20220216,Martha's Vineyard Coastal Observatory
6310,50093526,41.645,-70.675,20220216,Fiddlers Cove
6311,19394123,41.325,-70.566,20220217,Martha's Vineyard Coastal Observatory
6312,50093526,41.645,-70.675,20220217,Fiddlers Cove
6313,19394123,41.325,-70.566,20220218,Martha's Vineyard Coastal Observatory
6314,50093526,41.645,-70.675,20220218,Fiddlers Cove
6315,19394123,41.325,-70.566,20220219,Martha's Vineyard Coastal Observatory
6316,50093526,41.645,-70.675,20220219,Fiddlers Cove
6317,19394123,41.325,-70.566,20220220,Martha's Vineyard Coastal Observatory
6318,50093526,41.645,-70.675,20220220,Fiddlers Cove
6319,19394123,41.325,-70.566,20220221,Martha's Vineyard Coastal Observatory
6320,50093526,41.645,-70.675,20220221,Fiddlers Cove
6321,19394123,41.325,-70.566,20220222,Martha's Vineyard Coastal Observatory
6322,50093526,41.645,-70.675,20220222,Fiddlers Cove
6323,19394123,41.325,-70.566,20220223,Martha's Vineyard Coastal Observatory
6324,50093526,41.645,-70.675,20220223,Fiddlers Cove
6325,19394123,41.325,-70.566,20220224,Martha's Vineyard Coastal Observatory
6326,19394123,41.325,-70.566,20220225,Martha's Vineyard Coastal Observatory
6327,19394123,41.325,-70.566,20220226,Martha's Vineyard Coastal Observatory
6328,19394123,41.325,-70.566,20220227,Martha's Vineyard Coastal Observatory
6329,19394123,41.325,-70.566,20220228,Martha's Vineyard Coastal Observatory
6330,19394123,41.325,-70.566,20220301,Martha's Vineyard Coastal Observatory
6331,19394123,41.325,-70.566,20220302,Martha's Vineyard Coastal Observatory
6332,19394123,41.325,-70.566,20220303,Martha's Vineyard Coastal Observatory
6333,19394123,41.325,-70.566,20220304,Martha's Vineyard Coastal Observatory
6334,19394123,41.325,-70.566,20220305,Martha's Vineyard Coastal Observatory
6335,19394123,41.325,-70.566,20220306,Martha's Vineyard Coastal Observatory
6336,19394123,41.325,-70.566,20220307,Martha's Vineyard Coastal Observatory
6337,19394123,41.325,-70.566,20220308,Martha's Vineyard Coastal Observatory
6338,19394123,41.325,-70.566,20220309,Martha's Vineyard Coastal Observatory
6339,19394123,41.325,-70.566,20220310,Martha's Vineyard Coastal Observatory
6340,19394123,41.325,-70.566,20220311,Martha's Vineyard Coastal Observatory
6341,19394123,41.325,-70.566,20220312,Martha's Vineyard Coastal Observatory
6342,19394123,41.325,-70.566,20220313,Martha's Vineyard Coastal Observatory
6343,19394123,41.325,-70.566,20220314,Martha's Vineyard Coastal Observatory
6344,19394123,41.325,-70.566,20220315,Martha's Vineyard Coastal Observatory
6345,19394123,41.325,-70.566,20220316,Martha's Vineyard Coastal Observatory
6346,08032834,40.7298,-70.343,20220317,DFO AZMP
6347,09110759,40.684,-69.8332,20220317,DFO AZMP
6348,09783354,40.8157,-70.6041,20220317,DFO AZMP
6349,12020922,41.2432,-70.918,20220317,DFO AZMP
6350,16632831,40.7039,-70.0394,20220317,DFO AZMP
6351,19394123,41.325,-70.566,20220317,Martha's Vineyard Coastal Observatory
6352,31850077,41.247,-70.918,20220317,DFO AZMP
6353,34323947,40.668,-69.6213,20220317,DFO AZMP
6354,40223991,41.1746,-70.8738,20220317,DFO AZMP
6355,43200671,40.662,-69.5141,20220317,DFO AZMP
6356,45751525,40.694,-69.9368,20220317,DFO AZMP
6357,46635112,40.9576,-70.7126,20220317,DFO AZMP
6358,49109808,40.7469,-70.5496,20220317,DFO AZMP
6359,52293086,40.721,-70.2416,20220317,DFO AZMP
6360,70900495,41.0286,-70.7676,20220317,DFO AZMP
6361,71163456,40.675,-69.7276,20220317,DFO AZMP
6362,76037492,40.8867,-70.6577,20220317,DFO AZMP
6363,76953894,41.2341,-70.9135,20220317,DFO AZMP
6364,81707039,41.247,-70.919,20220317,DFO AZMP
6365,83382514,41.247,-70.917,20220317,DFO AZMP
6366,86267394,40.738,-70.446,20220317,DFO AZMP
6367,90278378,40.7125,-70.142,20220317,DFO AZMP
6368,91684477,41.1016,-70.8204,20220317,DFO AZMP
6369,02019174,40.65,-69.1875,20220318,DFO AZMP
6370,04877129,41.0873,-67.8297,20220318,DFO AZMP
6371,11156847,41.0354,-67.9165,20220318,DFO AZMP
6372,13867128,40.7199,-68.7465,20220318,DFO AZMP
6373,17895774,40.6534,-69.2968,20220318,DFO AZMP
6374,18183624,41.5233,-67.1101,20220318,DFO AZMP
6375,18574408,43.3245,-64.4355,20220318,DFO AZMP
6376,18726964,43.2428,-64.5232,20220318,DFO AZMP
6377,19394123,41.325,-70.566,20220318,Martha's Vineyard Coastal Observatory
6378,21268493,42.1577,-66.1256,20220318,DFO AZMP
6379,22205895,41.3814,-67.3459,20220318,DFO AZMP
6380,24948455,40.7782,-68.5242,20220318,DFO AZMP
6381,28891051,41.3331,-67.4229,20220318,DFO AZMP
6382,30184950,41.2852,-67.5008,20220318,DFO AZMP
6383,32373658,41.1388,-67.7463,20220318,DFO AZMP
6384,32544202,40.6963,-68.858,20220318,DFO AZMP
6385,33300416,41.6199,-66.9512,20220318,DFO AZMP
6386,35759356,41.1891,-67.6638,20220318,DFO AZMP
6387,39863856,41.4277,-67.267,20220318,DFO AZMP
6388,44788767,43.3658,-64.3902,20220318,DFO AZMP
6389,45748216,40.657,-69.406,20220318,DFO AZMP
6390,45998174,41.9357,-66.4656,20220318,DFO AZMP
6391,48595033,42.0513,-66.2974,20220318,DFO AZMP
6392,48985261,40.7461,-68.6352,20220318,DFO AZMP
6393,53113955,40.659,-69.0782,20220318,DFO AZMP
6394,54663657,41.6692,-66.8707,20220318,DFO AZMP
6395,58999948,41.8804,-66.5474,20220318,DFO AZMP
6396,68370998,40.8425,-68.3009,20220318,DFO AZMP
6397,69497797,41.475,-67.189,20220318,DFO AZMP
6398,69703312,41.7195,-66.79,20220318,DFO AZMP
6399,75773054,40.9824,-68.0046,20220318,DFO AZMP
6400,80476615,41.8251,-66.6283,20220318,DFO AZMP
6401,82281711,43.2015,-64.5605,20220318,DFO AZMP
6402,84232420,43.2831,-64.4799,20220318,DFO AZMP
6403,86013757,40.9296,-68.0947,20220318,DFO AZMP
6404,86758628,40.8079,-68.4116,20220318,DFO AZMP
6405,87057961,40.676,-68.9686,20220318,DFO AZMP
6406,87486960,42.1044,-66.2124,20220318,DFO AZMP
6407,89538699,41.994,-66.384,20220318,DFO AZMP
6408,90185036,41.5716,-67.0311,20220318,DFO AZMP
6409,91270478,40.8832,-68.1943,20220318,DFO AZMP
6410,97000095,43.1601,-64.6009,20220318,DFO AZMP
6411,97895260,41.2374,-67.5818,20220318,DFO AZMP
6412,98819750,41.7718,-66.7093,20220318,DFO AZMP
6413,02991706,44.2399,-63.5341,20220319,DFO AZMP
6414,15866488,44.0069,-63.7841,20220319,DFO AZMP
6415,17770253,43.6582,-64.0864,20220319,DFO AZMP
6416,17920634,44.3906,-63.3996,20220319,DFO AZMP
6417,18256296,43.6158,-64.1292,20220319,DFO AZMP
6418,18923526,44.137,-63.663,20220319,DFO AZMP
6419,19394123,41.325,-70.566,20220319,Martha's Vineyard Coastal Observatory
6420,25057041,43.4918,-64.2602,20220319,DFO AZMP
6421,26054242,43.966,-63.817,20220319,DFO AZMP
6422,26342929,44.4679,-63.4579,20220319,DFO AZMP
6423,29084361,43.4495,-64.3028,20220319,DFO AZMP
6424,29402963,44.3499,-63.3941,20220319,DFO AZMP
6425,32937206,44.4306,-63.4303,20220319,DFO AZMP
6426,45921609,43.4072,-64.3448,20220319,DFO AZMP
6427,47589208,43.8819,-63.8911,20220319,DFO AZMP
6428,59302413,44.0936,-63.7054,20220319,DFO AZMP
6429,59760681,43.5352,-64.2178,20220319,DFO AZMP
6430,66087848,44.0533,-63.7457,20220319,DFO AZMP
6431,70098413,44.4976,-63.4826,20220319,DFO AZMP
6432,70538294,43.7922,-63.9744,20220319,DFO AZMP
6433,72456793,43.7015,-64.0495,20220319,DFO AZMP
6434,75915230,43.8386,-63.9354,20220319,DFO AZMP
6435,75930516,43.5765,-64.1755,20220319,DFO AZMP
6436,81024539,43.7469,-64.0121,20220319,DFO AZMP
6437,83398834,44.1733,-63.6187,20220319,DFO AZMP
6438,85766809,44.2762,-63.4868,20220319,DFO AZMP
6439,86435834,44.2073,-63.5764,20220319,DFO AZMP
6440,87377085,44.3136,-63.4404,20220319,DFO AZMP
6441,94597802,43.9272,-63.8494,20220319,DFO AZMP
6442,19394123,41.325,-70.566,20220320,Martha's Vineyard Coastal Observatory
6443,19394123,41.325,-70.566,20220321,Martha's Vineyard Coastal Observatory
6444,33029887,44.681,-63.614,20220321,DFO AZMP
6445,05179880,43.771,-64.2845,20220322,DFO AZMP
6446,05525874,43.8132,-64.1992,20220322,DFO AZMP
6447,10766561,43.5512,-64.7246,20220322,DFO AZMP
6448,14327865,44.0735,-63.6871,20220322,DFO AZMP
6449,15616865,43.8547,-64.1146,20220322,DFO AZMP
6450,19394123,41.325,-70.566,20220322,Martha's Vineyard Coastal Observatory
6451,20677885,43.5965,-64.635,20220322,DFO AZMP
6452,24809711,43.7286,-64.3708,20220322,DFO AZMP
6453,29598151,44.265,-63.316,20220322,DFO AZMP
6454,37123196,43.9415,-63.9471,20220322,DFO AZMP
6455,37539252,44.1188,-63.5984,20220322,DFO AZMP
6456,41325161,43.4625,-64.9018,20220322,DFO AZMP
6457,53036332,44.266,-63.3164,20220322,DFO AZMP
6458,57535837,44.2105,-63.425,20220322,DFO AZMP
6459,62374290,43.9858,-63.8624,20220322,DFO AZMP
6460,66032162,43.5058,-64.8128,20220322,DFO AZMP
6461,66678100,43.6853,-64.4566,20220322,DFO AZMP
6462,66984977,44.265,-63.317,20220322,DFO AZMP
6463,68090006,43.6419,-64.5452,20220322,DFO AZMP
6464,68372166,44.3301,-63.4308,20220322,DFO AZMP
6465,73736489,44.2569,-63.3344,20220322,DFO AZMP
6466,85554703,44.0291,-63.7753,20220322,DFO AZMP
6467,86718787,44.1652,-63.5117,20220322,DFO AZMP
6468,90499586,44.3118,-63.4194,20220322,DFO AZMP
6469,93496101,43.8981,-64.0314,20220322,DFO AZMP
6470,95569618,44.267,-63.316,20220322,DFO AZMP
6471,97709117,44.266,-63.316,20220322,DFO AZMP
6472,00449246,43.172,-65.645,20220323,DFO AZMP
6473,00656678,43.7091,-66.403,20220323,DFO AZMP
6474,00958593,43.679,-66.8481,20220323,DFO AZMP
6475,01387029,43.6828,-66.857,20220323,DFO AZMP
6476,04498017,43.171,-65.7238,20220323,DFO AZMP
6477,05285746,43.7497,-66.4102,20220323,DFO AZMP
6478,06801532,43.526,-67.759,20220323,DFO AZMP
6479,07788438,43.276,-65.2541,20220323,DFO AZMP
6480,16437411,43.609,-67.2926,20220323,DFO AZMP
6481,16839918,43.5731,-66.412,20220323,DFO AZMP
6482,17142928,43.671,-66.9637,20220323,DFO AZMP
6483,19394123,41.325,-70.566,20220323,Martha's Vineyard Coastal Observatory
6484,20013272,43.613,-67.299,20220323,DFO AZMP
6485,21152803,43.68,-66.85,20220323,DFO AZMP
6486,25880469,43.4017,-66.3607,20220323,DFO AZMP
6487,28949384,43.418,-64.9908,20220323,DFO AZMP
6488,30236451,43.5488,-67.6708,20220323,DFO AZMP
6489,30674193,43.192,-66.0657,20220323,DFO AZMP
6490,31097712,43.4924,-66.4047,20220323,DFO AZMP
6491,34536391,43.523,-67.763,20220323,DFO AZMP
6492,37524870,43.6608,-66.405,20220323,DFO AZMP
6493,37786632,43.2466,-66.2266,20220323,DFO AZMP
6494,37830746,43.6164,-66.4193,20220323,DFO AZMP
6495,40400873,43.5892,-67.4451,20220323,DFO AZMP
6496,41859274,43.5685,-67.5574,20220323,DFO AZMP
6497,46064463,43.187,-66.0093,20220323,DFO AZMP
6498,47136807,43.458,-66.392,20220323,DFO AZMP
6499,47320384,43.2132,-66.1512,20220323,DFO AZMP
6500,49439256,43.6986,-66.7428,20220323,DFO AZMP
6501,56349888,43.6299,-67.1866,20220323,DFO AZMP
6502,59475323,43.719,-66.6274,20220323,DFO AZMP
6503,59788923,43.4264,-66.3774,20220323,DFO AZMP
6504,60647199,43.2673,-66.2633,20220323,DFO AZMP
6505,67282718,43.5298,-67.757,20220323,DFO AZMP
6506,67516389,43.75,-66.401,20220323,DFO AZMP
6507,69095362,43.735,-66.515,20220323,DFO AZMP
6508,69340293,43.2076,-65.4529,20220323,DFO AZMP
6509,70215688,43.2383,-65.3495,20220323,DFO AZMP
6510,73357513,43.23,-66.1889,20220323,DFO AZMP
6511,74012816,43.3237,-66.3077,20220323,DFO AZMP
6512,74548921,43.6099,-67.3327,20220323,DFO AZMP
6513,74940802,43.75,-66.402,20220323,DFO AZMP
6514,76265148,43.1995,-66.1121,20220323,DFO AZMP
6515,78385825,43.3274,-65.1683,20220323,DFO AZMP
6516,78406809,43.612,-67.3,20220323,DFO AZMP
6517,78494881,43.376,-66.344,20220323,DFO AZMP
6518,79323783,43.534,-67.754,20220323,DFO AZMP
6519,81384229,43.3503,-66.3273,20220323,DFO AZMP
6520,83040241,43.3737,-65.0786,20220323,DFO AZMP
6521,86359691,43.181,-65.9465,20220323,DFO AZMP
6522,88929979,43.174,-65.8004,20220323,DFO AZMP
6523,90196386,43.6519,-67.0754,20220323,DFO AZMP
6524,93334028,43.1829,-65.5523,20220323,DFO AZMP
6525,96627594,43.294,-66.2889,20220323,DFO AZMP
6526,96742360,43.5388,-67.7542,20220323,DFO AZMP
6527,99040623,43.5324,-66.41,20220323,DFO AZMP
6528,99335001,43.177,-65.8786,20220323,DFO AZMP
6529,01373786,43.302,-69.2619,20220324,DFO AZMP
6530,01619089,43.3262,-69.0937,20220324,DFO AZMP
6531,02632121,43.3805,-68.7602,20220324,DFO AZMP
6532,04028582,43.469,-68.211,20220324,DFO AZMP
6533,04398662,42.9796,-69.6982,20220324,DFO AZMP
6534,06880248,42.989,-69.7496,20220324,DFO AZMP
6535,07731650,43.399,-68.664,20220324,DFO AZMP
6536,09567510,43.0086,-69.8542,20220324,DFO AZMP
6537,09902470,43.4318,-68.4581,20220324,DFO AZMP
6538,10347702,43.223,-69.7879,20220324,DFO AZMP
6539,11561656,42.943,-69.5019,20220324,DFO AZMP
6540,12701488,43.177,-70.0702,20220324,DFO AZMP
6541,12715326,43.326,-69.104,20220324,DFO AZMP
6542,14207111,43.4514,-68.3468,20220324,DFO AZMP
6543,19394123,41.325,-70.566,20220324,Martha's Vineyard Coastal Observatory
6544,19875675,43.157,-70.2572,20220324,DFO AZMP
6545,21768809,43.399,-68.663,20220324,DFO AZMP
6546,25749427,43.261,-69.555,20220324,DFO AZMP
6547,28528996,43.035,-70.011,20220324,DFO AZMP
6548,30971250,43.035,-70.01,20220324,DFO AZMP
6549,31356148,43.47,-68.1966,20220324,DFO AZMP
6550,32608969,43.4121,-68.5724,20220324,DFO AZMP
6551,33635533,43.158,-70.27,20220324,DFO AZMP
6552,33993536,42.956,-69.558,20220324,DFO AZMP
6553,36330778,43.259,-69.556,20220324,DFO AZMP
6554,37280246,43.399,-68.662,20220324,DFO AZMP
6555,47262425,43.47,-68.211,20220324,DFO AZMP
6556,47731235,43.484,-68.0856,20220324,DFO AZMP
6557,52331841,43.191,-70.008,20220324,DFO AZMP
6558,54397505,43.3314,-68.9839,20220324,DFO AZMP
6559,57111568,43.2671,-69.4937,20220324,DFO AZMP
6560,59590346,43.327,-69.103,20220324,DFO AZMP
6561,59713938,43.3191,-69.1456,20220324,DFO AZMP
6562,60941867,42.9989,-69.8028,20220324,DFO AZMP
6563,60947866,43.258,-69.5564,20220324,DFO AZMP
6564,62190707,43.0183,-69.9128,20220324,DFO AZMP
6565,65783766,43.2407,-69.6742,20220324,DFO AZMP
6566,68377138,42.9699,-69.6448,20220324,DFO AZMP
6567,68873440,43.1018,-70.0772,20220324,DFO AZMP
6568,69381236,43.4981,-67.9724,20220324,DFO AZMP
6569,71282143,43.2847,-69.3784,20220324,DFO AZMP
6570,75052431,43.509,-67.8599,20220324,DFO AZMP
6571,76308548,43.2054,-69.9022,20220324,DFO AZMP
6572,79178564,42.9546,-69.5506,20220324,DFO AZMP
6573,82309930,42.96,-69.5905,20220324,DFO AZMP
6574,86798630,43.1877,-70.011,20220324,DFO AZMP
6575,88296445,43.147,-70.1563,20220324,DFO AZMP
6576,89094443,43.353,-68.8696,20220324,DFO AZMP
6577,91275308,43.0434,-70.0184,20220324,DFO AZMP
6578,91991083,43.466,-68.2376,20220324,DFO AZMP
6579,92300996,43.029,-69.9769,20220324,DFO AZMP
6580,94305308,43.1675,-70.1851,20220324,DFO AZMP
6581,97327914,43.256,-69.5646,20220324,DFO AZMP
6582,01713676,42.916,-69.3429,20220325,DFO AZMP
6583,02031177,42.692,-68.1785,20220325,DFO AZMP
6584,04761046,42.461,-66.8433,20220325,DFO AZMP
6585,05390874,42.898,-69.2372,20220325,DFO AZMP
6586,06203832,42.625,-67.752,20220325,DFO AZMP
6587,08231974,42.753,-68.4771,20220325,DFO AZMP
6588,08507998,42.791,-68.657,20220325,DFO AZMP
6589,18787481,42.7982,-68.6906,20220325,DFO AZMP
6590,25417430,42.701,-68.194,20220325,DFO AZMP
6591,27823274,42.87,-68.9561,20220325,DFO AZMP
6592,28595226,42.7039,-68.203,20220325,DFO AZMP
6593,34718316,42.6802,-68.1027,20220325,DFO AZMP
6594,35658690,42.8759,-69.0787,20220325,DFO AZMP
6595,35758424,42.877,-69.109,20220325,DFO AZMP
6596,35997281,42.867,-68.8958,20220325,DFO AZMP
6597,37126028,42.6433,-67.8596,20220325,DFO AZMP
6598,38764405,42.4379,-66.7396,20220325,DFO AZMP
6599,39883612,42.627,-67.754,20220325,DFO AZMP
6600,40885083,42.575,-67.4482,20220325,DFO AZMP
6601,40959208,42.907,-69.2895,20220325,DFO AZMP
6602,42528504,42.462,-66.85,20220325,DFO AZMP
6603,45516115,42.789,-68.657,20220325,DFO AZMP
6604,45662960,42.8179,-68.7428,20220325,DFO AZMP
6605,46999155,42.4222,-66.632,20220325,DFO AZMP
6606,48157644,42.5006,-67.0345,20220325,DFO AZMP
6607,50026860,42.873,-69.0174,20220325,DFO AZMP
6608,51666495,42.935,-69.4498,20220325,DFO AZMP
6609,53087138,42.4629,-66.8479,20220325,DFO AZMP
6610,57330375,42.624,-67.751,20220325,DFO AZMP
6611,58529713,42.791,-68.659,20220325,DFO AZMP
6612,59049656,42.4546,-66.8338,20220325,DFO AZMP
6613,59515284,42.463,-66.85,20220325,DFO AZMP
6614,63370131,42.554,-67.303,20220325,DFO AZMP
6615,64309102,42.61,-67.6599,20220325,DFO AZMP
6616,68563097,42.7809,-68.6116,20220325,DFO AZMP
6617,68937001,42.7,-68.188,20220325,DFO AZMP
6618,69332862,42.625,-67.751,20220325,DFO AZMP
6619,69376018,42.56,-67.3419,20220325,DFO AZMP
6620,70020003,42.554,-67.305,20220325,DFO AZMP
6621,70411668,42.4799,-66.9358,20220325,DFO AZMP
6622,73368172,42.789,-68.656,20220325,DFO AZMP
6623,73742332,42.865,-68.8346,20220325,DFO AZMP
6624,73948962,42.592,-67.5533,20220325,DFO AZMP
6625,78395530,42.7165,-68.2701,20220325,DFO AZMP
6626,78532424,42.533,-67.2029,20220325,DFO AZMP
6627,80049720,42.7399,-68.4086,20220325,DFO AZMP
6628,80595307,42.877,-69.11,20220325,DFO AZMP
6629,82113872,42.729,-68.3386,20220325,DFO AZMP
6630,82798670,42.7662,-68.5456,20220325,DFO AZMP
6631,84900428,42.8445,-68.7861,20220325,DFO AZMP
6632,85510005,42.889,-69.1828,20220325,DFO AZMP
6633,85816878,42.88,-69.1275,20220325,DFO AZMP
6634,91197059,42.925,-69.3972,20220325,DFO AZMP
6635,98453978,42.5486,-67.2779,20220325,DFO AZMP
6636,99708994,42.5173,-67.1199,20220325,DFO AZMP
6637,00121771,42.2621,-65.855,20220326,DFO AZMP
6638,00512313,42.1316,-66.1536,20220326,DFO AZMP
6639,06227287,42.119,-66.037,20220326,DFO AZMP
6640,06607003,42.0214,-66.1186,20220326,DFO AZMP
6641,06978225,42.0651,-66.082,20220326,DFO AZMP
6642,12186384,41.9673,-66.0007,20220326,DFO AZMP
6643,15260475,42.418,-65.736,20220326,DFO AZMP
6644,18375164,42.2111,-65.9253,20220326,DFO AZMP
6645,19672302,42.2888,-65.8446,20220326,DFO AZMP
6646,19716344,42.0854,-66.0586,20220326,DFO AZMP
6647,20836788,42.3469,-65.7961,20220326,DFO AZMP
6648,21289901,42.1387,-65.9974,20220326,DFO AZMP
6649,25887038,42.2,-65.938,20220326,DFO AZMP
6650,27685029,42.4046,-66.5209,20220326,DFO AZMP
6651,30320176,42.1699,-65.9741,20220326,DFO AZMP
6652,32923108,41.986,-66.103,20220326,DFO AZMP
6653,33955805,42.202,-65.941,20220326,DFO AZMP
6654,34268262,41.993,-66.14,20220326,DFO AZMP
6655,37638150,42.201,-65.939,20220326,DFO AZMP
6656,38331120,42.271,-65.867,20220326,DFO AZMP
6657,39374437,42.236,-65.908,20220326,DFO AZMP
6658,40309588,42.4019,-65.7528,20220326,DFO AZMP
6659,42448953,42.232,-65.906,20220326,DFO AZMP
6660,44594862,42.3,-65.839,20220326,DFO AZMP
6661,44651212,42.063,-66.086,20220326,DFO AZMP
6662,47843687,42.375,-66.395,20220326,DFO AZMP
6663,48161916,42.1986,-66.2226,20220326,DFO AZMP
6664,49485052,42.373,-66.395,20220326,DFO AZMP
6665,49903486,42.338,-65.809,20220326,DFO AZMP
6666,50328871,41.9894,-66.143,20220326,DFO AZMP
6667,50635122,42.2334,-65.8961,20220326,DFO AZMP
6668,52985141,42.1238,-66.0336,20220326,DFO AZMP
6669,56212182,41.9487,-65.8897,20220326,DFO AZMP
6670,57394420,42.0787,-66.0987,20220326,DFO AZMP
6671,57613418,42.1691,-65.9889,20220326,DFO AZMP
6672,58721951,42.165,-65.976,20220326,DFO AZMP
6673,60167937,42.3,-65.838,20220326,DFO AZMP
6674,60280512,41.995,-66.145,20220326,DFO AZMP
6675,60780298,42.204,-65.946,20220326,DFO AZMP
6676,61328760,42.329,-65.796,20220326,DFO AZMP
6677,64189965,41.992,-66.143,20220326,DFO AZMP
6678,65051301,42.2648,-65.857,20220326,DFO AZMP
6679,66330888,42.4163,-65.736,20220326,DFO AZMP
6680,74658163,42.2625,-65.8775,20220326,DFO AZMP
6681,75969309,42.417,-65.735,20220326,DFO AZMP
6682,77057280,42.164,-65.972,20220326,DFO AZMP
6683,78245841,42.3346,-66.3546,20220326,DFO AZMP
6684,78600227,42.232,-65.905,20220326,DFO AZMP
6685,79761681,42.3,-65.836,20220326,DFO AZMP
6686,82025508,42.3764,-65.7696,20220326,DFO AZMP
6687,88629584,42.2656,-66.2876,20220326,DFO AZMP
6688,90878946,42.062,-66.085,20220326,DFO AZMP
6689,91978149,42.374,-66.395,20220326,DFO AZMP
6690,93179152,42.334,-65.803,20220326,DFO AZMP
6691,95816538,42.119,-66.038,20220326,DFO AZMP
6692,98252220,42.1097,-66.0456,20220326,DFO AZMP
6693,98569360,42.267,-65.8614,20220326,DFO AZMP
6694,99822989,42.3848,-66.4067,20220326,DFO AZMP
6695,00023937,43.1486,-65.4781,20220327,DFO AZMP
6696,03878328,42.3078,-65.489,20220327,DFO AZMP
6697,07544410,41.862,-65.341,20220327,DFO AZMP
6698,07817874,41.865,-65.343,20220327,DFO AZMP
6699,11909513,42.5946,-65.477,20220327,DFO AZMP
6700,14985739,42.003,-65.514,20220327,DFO AZMP
6701,16148081,42.445,-65.478,20220327,DFO AZMP
6702,16266423,41.9475,-65.4472,20220327,DFO AZMP
6703,17523760,42.002,-65.509,20220327,DFO AZMP
6704,19682901,42.003,-65.522,20220327,DFO AZMP
6705,22270924,43.2753,-65.3726,20220327,DFO AZMP
6706,22444265,43.253,-65.483,20220327,DFO AZMP
6707,24718471,41.866,-65.345,20220327,DFO AZMP
6708,25695922,42.447,-65.479,20220327,DFO AZMP
6709,26052271,42.759,-65.48,20220327,DFO AZMP
6710,27162417,41.864,-65.343,20220327,DFO AZMP
6711,27465351,41.866,-65.344,20220327,DFO AZMP
6712,27815740,41.867,-65.346,20220327,DFO AZMP
6713,30799613,43.001,-65.4832,20220327,DFO AZMP
6714,31137300,41.883,-65.4521,20220327,DFO AZMP
6715,33057011,42.8266,-65.483,20220327,DFO AZMP
6716,38720422,43.255,-65.4641,20220327,DFO AZMP
6717,39207248,41.862,-65.344,20220327,DFO AZMP
6718,39774907,42.9104,-65.4812,20220327,DFO AZMP
6719,40167660,41.8997,-65.5607,20220327,DFO AZMP
6720,41557550,42.133,-65.496,20220327,DFO AZMP
6721,43186205,43.2303,-65.4796,20220327,DFO AZMP
6722,44328994,43.305,-65.2561,20220327,DFO AZMP
6723,49744458,43.0,-65.485,20220327,DFO AZMP
6724,52072446,42.758,-65.479,20220327,DFO AZMP
6725,52860885,42.7549,-65.482,20220327,DFO AZMP
6726,53039072,42.4446,-65.477,20220327,DFO AZMP
6727,53806308,42.2307,-65.4918,20220327,DFO AZMP
6728,54882049,42.5154,-65.477,20220327,DFO AZMP
6729,56908422,42.0176,-65.525,20220327,DFO AZMP
6730,59345594,42.1526,-65.496,20220327,DFO AZMP
6731,59813275,42.003,-65.518,20220327,DFO AZMP
6732,65037338,42.3848,-65.482,20220327,DFO AZMP
6733,66299064,41.998,-65.5266,20220327,DFO AZMP
6734,68499565,41.8633,-65.343,20220327,DFO AZMP
6735,69416880,41.998,-65.516,20220327,DFO AZMP
6736,69641857,41.9153,-65.6727,20220327,DFO AZMP
6737,71571560,41.863,-65.346,20220327,DFO AZMP
6738,79726797,41.999,-65.522,20220327,DFO AZMP
6739,80320220,43.253,-65.485,20220327,DFO AZMP
6740,82061360,42.9935,-65.479,20220327,DFO AZMP
6741,83025510,42.134,-65.498,20220327,DFO AZMP
6742,83253115,42.0634,-65.513,20220327,DFO AZMP
6743,83638252,42.758,-65.4809,20220327,DFO AZMP
6744,84516120,41.998,-65.511,20220327,DFO AZMP
6745,85130252,41.86,-65.342,20220327,DFO AZMP
6746,85773867,43.0649,-65.4808,20220327,DFO AZMP
6747,85990300,41.8673,-65.3523,20220327,DFO AZMP
6748,87430064,43.0,-65.486,20220327,DFO AZMP
6749,88467119,41.8881,-65.3782,20220327,DFO AZMP
6750,93039902,42.1203,-65.5017,20220327,DFO AZMP
6751,95529407,41.931,-65.7821,20220327,DFO AZMP
6752,99809555,42.6744,-65.48,20220327,DFO AZMP
6753,01581891,44.1445,-63.7274,20220328,DFO AZMP
6754,02300265,43.764,-62.75,20220328,DFO AZMP
6755,03482781,43.2584,-62.1964,20220328,DFO AZMP
6756,04433970,43.3189,-62.2774,20220328,DFO AZMP
6757,05260226,44.267,-63.318,20220328,DFO AZMP
6758,07409131,43.763,-62.75,20220328,DFO AZMP
6759,10265105,43.6331,-64.6378,20220328,DFO AZMP
6760,11270862,44.2901,-63.3981,20220328,DFO AZMP
6761,13779255,44.3435,-63.4277,20220328,DFO AZMP
6762,14320249,43.883,-62.881,20220328,DFO AZMP
6763,18041180,43.9782,-64.0355,20220328,DFO AZMP
6764,18492534,44.2006,-63.6229,20220328,DFO AZMP
6765,20029130,43.7483,-64.4383,20220328,DFO AZMP
6766,21572357,44.1167,-63.1387,20220328,DFO AZMP
6767,22575177,44.2339,-63.2789,20220328,DFO AZMP
6768,24121568,44.1778,-63.2138,20220328,DFO AZMP
6769,26751462,43.4376,-62.4366,20220328,DFO AZMP
6770,27004913,43.479,-62.451,20220328,DFO AZMP
6771,37656342,43.518,-62.4915,20220328,DFO AZMP
6772,39640021,44.269,-63.3346,20220328,DFO AZMP
6773,40470852,44.269,-63.311,20220328,DFO AZMP
6774,41224776,43.8655,-64.2399,20220328,DFO AZMP
6775,41377928,43.5757,-64.7366,20220328,DFO AZMP
6776,41434196,43.479,-62.449,20220328,DFO AZMP
6777,42993657,43.765,-62.752,20220328,DFO AZMP
6778,43663777,43.8082,-64.3396,20220328,DFO AZMP
6779,47471861,43.8049,-62.7959,20220328,DFO AZMP
6780,48221146,44.3978,-63.4484,20220328,DFO AZMP
6781,51679705,44.2565,-63.519,20220328,DFO AZMP
6782,51835826,44.09,-63.831,20220328,DFO AZMP
6783,52649393,44.3236,-63.4254,20220328,DFO AZMP
6784,53521623,43.4016,-65.0387,20220328,DFO AZMP
6785,60047055,43.883,-62.882,20220328,DFO AZMP
6786,60983899,43.518,-64.8373,20220328,DFO AZMP
6787,63925725,43.8523,-62.8493,20220328,DFO AZMP
6788,64802776,44.267,-63.319,20220328,DFO AZMP
6789,64818785,43.9171,-62.9111,20220328,DFO AZMP
6790,66153944,43.46,-64.9371,20220328,DFO AZMP
6791,69899249,44.3937,-63.4296,20220328,DFO AZMP
6792,71848522,43.762,-62.7482,20220328,DFO AZMP
6793,72284575,43.7101,-62.6941,20220328,DFO AZMP
6794,72291570,44.269,-63.312,20220328,DFO AZMP
6795,73890362,43.6506,-62.6316,20220328,DFO AZMP
6796,74630660,43.3784,-62.3585,20220328,DFO AZMP
6797,78979916,43.9802,-62.9812,20220328,DFO AZMP
6798,80181069,43.6905,-64.538,20220328,DFO AZMP
6799,83472790,44.268,-63.315,20220328,DFO AZMP
6800,85464060,44.0334,-63.9328,20220328,DFO AZMP
6801,93266955,44.267,-63.317,20220328,DFO AZMP
6802,93273571,43.883,-62.88,20220328,DFO AZMP
6803,94457143,43.5836,-62.5606,20220328,DFO AZMP
6804,94701210,43.2012,-62.1105,20220328,DFO AZMP
6805,94742809,43.4745,-62.452,20220328,DFO AZMP
6806,95017522,44.2694,-63.309,20220328,DFO AZMP
6807,96591964,43.9219,-64.1382,20220328,DFO AZMP
6808,96879884,43.3423,-65.1394,20220328,DFO AZMP
6809,98904226,44.401,-63.448,20220328,DFO AZMP
6810,26718771,43.1442,-62.0548,20220329,DFO AZMP
6811,52029843,43.176,-62.087,20220329,DFO AZMP
6812,68034253,43.1798,-62.0908,20220329,DFO AZMP
6813,79171178,43.184,-62.096,20220329,DFO AZMP
6814,19394123,41.325,-70.566,20220405,Martha's Vineyard Coastal Observatory
6815,19394123,41.325,-70.566,20220406,Martha's Vineyard Coastal Observatory
6816,19394123,41.325,-70.566,20220407,Martha's Vineyard Coastal Observatory
6817,19394123,41.325,-70.566,20220408,Martha's Vineyard Coastal Observatory
6818,19394123,41.325,-70.566,20220409,Martha's Vineyard Coastal Observatory
6819,19394123,41.325,-70.566,20220410,Martha's Vineyard Coastal Observatory
6820,19394123,41.325,-70.566,20220411,Martha's Vineyard Coastal Observatory
6821,19394123,41.325,-70.566,20220412,Martha's Vineyard Coastal Observatory
6822,19394123,41.325,-70.566,20220413,Martha's Vineyard Coastal Observatory
6823,19394123,41.325,-70.566,20220414,Martha's Vineyard Coastal Observatory
6824,19394123,41.325,-70.566,20220415,Martha's Vineyard Coastal Observatory
6825,19394123,41.325,-70.566,20220416,Martha's Vineyard Coastal Observatory
6826,19394123,41.325,-70.566,20220417,Martha's Vineyard Coastal Observatory
6827,19394123,41.325,-70.566,20220418,Martha's Vineyard Coastal Observatory
6828,19394123,41.325,-70.566,20220419,Martha's Vineyard Coastal Observatory
6829,19394123,41.325,-70.566,20220420,Martha's Vineyard Coastal Observatory
6830,19394123,41.325,-70.566,20220421,Martha's Vineyard Coastal Observatory
6831,84691237,44.44,-68.205,20220421,Mount Desert Island Biological Laboratory
6832,19394123,41.325,-70.566,20220422,Martha's Vineyard Coastal Observatory
6833,84691237,44.44,-68.205,20220422,Mount Desert Island Biological Laboratory
6834,19394123,41.325,-70.566,20220423,Martha's Vineyard Coastal Observatory
6835,19394123,41.325,-70.566,20220424,Martha's Vineyard Coastal Observatory
6836,19394123,41.325,-70.566,20220425,Martha's Vineyard Coastal Observatory
6837,19394123,41.325,-70.566,20220426,Martha's Vineyard Coastal Observatory
6838,19394123,41.325,-70.566,20220427,Martha's Vineyard Coastal Observatory
6839,19394123,41.325,-70.566,20220428,Martha's Vineyard Coastal Observatory
6840,84691237,44.44,-68.205,20220428,Mount Desert Island Biological Laboratory
6841,19394123,41.325,-70.566,20220429,Martha's Vineyard Coastal Observatory
6842,19394123,41.325,-70.566,20220430,Martha's Vineyard Coastal Observatory
6843,19394123,41.325,-70.566,20220501,Martha's Vineyard Coastal Observatory
6844,19394123,41.325,-70.566,20220502,Martha's Vineyard Coastal Observatory
6845,19394123,41.325,-70.566,20220503,Martha's Vineyard Coastal Observatory
6846,84691237,44.44,-68.205,20220503,Mount Desert Island Biological Laboratory
6847,19394123,41.325,-70.566,20220504,Martha's Vineyard Coastal Observatory
6848,84691237,44.44,-68.205,20220504,Mount Desert Island Biological Laboratory
6849,19394123,41.325,-70.566,20220505,Martha's Vineyard Coastal Observatory
6850,84691237,44.44,-68.205,20220505,Mount Desert Island Biological Laboratory
6851,19394123,41.325,-70.566,20220506,Martha's Vineyard Coastal Observatory
6852,84691237,44.44,-68.205,20220506,Mount Desert Island Biological Laboratory
6853,19394123,41.325,-70.566,20220507,Martha's Vineyard Coastal Observatory
6854,19394123,41.325,-70.566,20220508,Martha's Vineyard Coastal Observatory
6855,19394123,41.325,-70.566,20220509,Martha's Vineyard Coastal Observatory
6856,84691237,44.44,-68.205,20220509,Mount Desert Island Biological Laboratory
6857,19394123,41.325,-70.566,20220510,Martha's Vineyard Coastal Observatory
6858,84691237,44.44,-68.205,20220510,Mount Desert Island Biological Laboratory
6859,19394123,41.325,-70.566,20220511,Martha's Vineyard Coastal Observatory
6860,19394123,41.325,-70.566,20220512,Martha's Vineyard Coastal Observatory
6861,84691237,44.44,-68.205,20220512,Mount Desert Island Biological Laboratory
6862,19394123,41.325,-70.566,20220513,Martha's Vineyard Coastal Observatory
6863,84691237,44.44,-68.205,20220513,Mount Desert Island Biological Laboratory
6864,19394123,41.325,-70.566,20220514,Martha's Vineyard Coastal Observatory
6865,19394123,41.325,-70.566,20220515,Martha's Vineyard Coastal Observatory
6866,19394123,41.325,-70.566,20220516,Martha's Vineyard Coastal Observatory
6867,19394123,41.325,-70.566,20220517,Martha's Vineyard Coastal Observatory
6868,19394123,41.325,-70.566,20220518,Martha's Vineyard Coastal Observatory
6869,84691237,44.44,-68.205,20220518,Mount Desert Island Biological Laboratory
6870,19394123,41.325,-70.566,20220519,Martha's Vineyard Coastal Observatory
6871,84691237,44.44,-68.205,20220519,Mount Desert Island Biological Laboratory
6872,19394123,41.325,-70.566,20220520,Martha's Vineyard Coastal Observatory
6873,84691237,44.44,-68.205,20220520,Mount Desert Island Biological Laboratory
6874,19394123,41.325,-70.566,20220521,Martha's Vineyard Coastal Observatory
6875,19394123,41.325,-70.566,20220522,Martha's Vineyard Coastal Observatory
6876,19394123,41.325,-70.566,20220523,Martha's Vineyard Coastal Observatory
6877,19394123,41.325,-70.566,20220524,Martha's Vineyard Coastal Observatory
6878,19394123,41.325,-70.566,20220525,Martha's Vineyard Coastal Observatory
6879,84691237,44.44,-68.205,20220525,Mount Desert Island Biological Laboratory
6880,00590494,43.48,-62.451,20220526,DFO AZMP
6881,03496038,43.481,-62.452,20220526,DFO AZMP
6882,03867667,43.6156,-62.5946,20220526,DFO AZMP
6883,15584308,43.182,-62.098,20220526,DFO AZMP
6884,16604235,43.7573,-62.7526,20220526,DFO AZMP
6885,19327736,43.1925,-62.1133,20220526,DFO AZMP
6886,19394123,41.325,-70.566,20220526,Martha's Vineyard Coastal Observatory
6887,23995316,43.9205,-62.9305,20220526,DFO AZMP
6888,24476482,43.76,-62.75,20220526,DFO AZMP
6889,25679711,43.1828,-62.0978,20220526,DFO AZMP
6890,29360531,43.8159,-62.8109,20220526,DFO AZMP
6891,30790765,43.7486,-62.7354,20220526,DFO AZMP
6892,34087222,43.6825,-62.6645,20220526,DFO AZMP
6893,36009452,43.5456,-62.5236,20220526,DFO AZMP
6894,45667098,43.4802,-62.4524,20220526,DFO AZMP
6895,51278420,43.4509,-62.4169,20220526,DFO AZMP
6896,51450374,43.3211,-62.2631,20220526,DFO AZMP
6897,53956190,43.3863,-62.337,20220526,DFO AZMP
6898,56578096,43.8782,-62.8768,20220526,DFO AZMP
6899,58667818,43.882,-62.883,20220526,DFO AZMP
6900,64692065,43.759,-62.749,20220526,DFO AZMP
6901,66687692,43.883,-62.883,20220526,DFO AZMP
6902,68613876,43.8828,-62.883,20220526,DFO AZMP
6903,79492237,43.762,-62.752,20220526,DFO AZMP
6904,88115103,43.2568,-62.1886,20220526,DFO AZMP
6905,93659387,43.1266,-62.0376,20220526,DFO AZMP
6906,02243702,44.402,-63.4397,20220527,DFO AZMP
6907,05722250,44.3842,-63.4054,20220527,DFO AZMP
6908,12804811,44.454,-63.4455,20220527,DFO AZMP
6909,17577482,44.4173,-63.423,20220527,DFO AZMP
6910,19394123,41.325,-70.566,20220527,Martha's Vineyard Coastal Observatory
6911,23499185,44.1637,-63.1981,20220527,DFO AZMP
6912,29598151,44.265,-63.316,20220527,DFO AZMP
6913,33029887,44.681,-63.614,20220527,DFO AZMP
6914,37923493,44.266,-63.317,20220527,DFO AZMP
6915,54890801,44.3134,-63.3504,20220527,DFO AZMP
6916,56791810,44.6442,-63.5555,20220527,DFO AZMP
6917,59372022,44.4974,-63.4819,20220527,DFO AZMP
6918,60595860,44.6784,-63.6124,20220527,DFO AZMP
6919,72343928,44.2668,-63.312,20220527,DFO AZMP
6920,74973512,44.4,-63.449,20220527,DFO AZMP
6921,78357905,43.9819,-62.9974,20220527,DFO AZMP
6922,80471985,44.402,-63.447,20220527,DFO AZMP
6923,84798981,44.47,-63.4582,20220527,DFO AZMP
6924,87604921,44.5633,-63.5291,20220527,DFO AZMP
6925,88416200,44.4369,-63.433,20220527,DFO AZMP
6926,93987415,44.1035,-63.1302,20220527,DFO AZMP
6927,94203835,44.0423,-63.0633,20220527,DFO AZMP
6928,95526487,44.404,-63.4444,20220527,DFO AZMP
6929,96740829,44.4838,-63.47,20220527,DFO AZMP
6930,99043702,44.224,-63.265,20220527,DFO AZMP
6931,05972534,43.7659,-64.0657,20220528,DFO AZMP
6932,12865778,43.9617,-63.8813,20220528,DFO AZMP
6933,12927154,43.3314,-64.4864,20220528,DFO AZMP
6934,17794414,44.0266,-63.8164,20220528,DFO AZMP
6935,18255227,43.2008,-64.6122,20220528,DFO AZMP
6936,19394123,41.325,-70.566,20220528,Martha's Vineyard Coastal Observatory
6937,21963107,43.3947,-64.4235,20220528,DFO AZMP
6938,23406549,44.0916,-63.7535,20220528,DFO AZMP
6939,24287603,43.2651,-64.5503,20220528,DFO AZMP
6940,32224695,42.9508,-64.8759,20220528,DFO AZMP
6941,36011276,43.5785,-64.2375,20220528,DFO AZMP
6942,36918654,43.702,-64.122,20220528,DFO AZMP
6943,38554882,43.6398,-64.1789,20220528,DFO AZMP
6944,39512441,43.0749,-64.7421,20220528,DFO AZMP
6945,42274874,43.5173,-64.2987,20220528,DFO AZMP
6946,47337858,43.8958,-63.9472,20220528,DFO AZMP
6947,53608023,42.7829,-65.0826,20220528,DFO AZMP
6948,55255147,43.4574,-64.3616,20220528,DFO AZMP
6949,63733138,42.8925,-64.9435,20220528,DFO AZMP
6950,70073149,43.012,-64.81,20220528,DFO AZMP
6951,80176118,42.6735,-65.2235,20220528,DFO AZMP
6952,81060481,44.1569,-63.6931,20220528,DFO AZMP
6953,83772952,42.8372,-65.0137,20220528,DFO AZMP
6954,88809672,44.2213,-63.6318,20220528,DFO AZMP
6955,92242030,42.7287,-65.1535,20220528,DFO AZMP
6956,95196432,43.1376,-64.6762,20220528,DFO AZMP
6957,99311643,43.8305,-64.0075,20220528,DFO AZMP
6958,00984298,41.0266,-67.9718,20220529,DFO AZMP
6959,01767626,41.8548,-66.5174,20220529,DFO AZMP
6960,02228880,42.134,-66.039,20220529,DFO AZMP
6961,04019115,41.2636,-67.5649,20220529,DFO AZMP
6962,05599920,41.0719,-67.8932,20220529,DFO AZMP
6963,10559455,42.3807,-65.6799,20220529,DFO AZMP
6964,11870381,40.623,-68.9364,20220529,DFO AZMP
6965,14281025,40.609,-69.0468,20220529,DFO AZMP
6966,14708410,40.596,-69.2759,20220529,DFO AZMP
6967,15122864,40.9803,-68.05,20220529,DFO AZMP
6968,16363111,40.592,-70.0674,20220529,DFO AZMP
6969,16676883,41.171,-67.7205,20220529,DFO AZMP
6970,17331141,41.3581,-67.4068,20220529,DFO AZMP
6971,18482690,40.596,-70.2828,20220529,DFO AZMP
6972,19394123,41.325,-70.566,20220529,Martha's Vineyard Coastal Observatory
6973,21154886,42.1866,-65.9796,20220529,DFO AZMP
6974,22126647,40.782,-68.4926,20220529,DFO AZMP
6975,22247299,41.5562,-67.0686,20220529,DFO AZMP
6976,22647204,40.603,-69.1617,20220529,DFO AZMP
6977,25616406,41.6558,-66.8895,20220529,DFO AZMP
6978,26219618,42.087,-66.095,20220529,DFO AZMP
6979,26516997,41.5069,-67.1582,20220529,DFO AZMP
6980,26564322,42.2862,-65.8347,20220529,DFO AZMP
6981,28580901,40.8232,-68.4007,20220529,DFO AZMP
6982,29096562,41.8096,-66.6139,20220529,DFO AZMP
6983,29371880,41.9977,-66.247,20220529,DFO AZMP
6984,34488038,41.4084,-67.3279,20220529,DFO AZMP
6985,37740928,40.9004,-68.2234,20220529,DFO AZMP
6986,38919043,40.591,-69.9592,20220529,DFO AZMP
6987,40824660,40.59,-69.5104,20220529,DFO AZMP
6988,43036938,42.2369,-65.9097,20220529,DFO AZMP
6989,44378242,42.3325,-65.7578,20220529,DFO AZMP
6990,48007493,41.2173,-67.6416,20220529,DFO AZMP
6991,48455800,40.588,-69.848,20220529,DFO AZMP
6992,50229780,40.595,-70.1755,20220529,DFO AZMP
6993,54658918,41.7633,-66.7104,20220529,DFO AZMP
6994,59652575,41.9021,-66.4238,20220529,DFO AZMP
6995,59806619,40.9381,-68.1339,20220529,DFO AZMP
6996,63230525,40.589,-69.6247,20220529,DFO AZMP
6997,65917397,42.0962,-66.0938,20220529,DFO AZMP
6998,66788617,40.7337,-68.6059,20220529,DFO AZMP
6999,67125889,40.8615,-68.312,20220529,DFO AZMP
7000,67760566,42.5718,-65.3694,20220529,DFO AZMP
7001,67780914,41.9504,-66.3332,20220529,DFO AZMP
7002,68667745,42.428,-65.606,20220529,DFO AZMP
7003,73212807,42.1219,-66.045,20220529,DFO AZMP
7004,74791808,42.0449,-66.1632,20220529,DFO AZMP
7005,75545538,40.587,-69.7373,20220529,DFO AZMP
7006,76871339,42.6191,-65.2914,20220529,DFO AZMP
7007,78056850,41.709,-66.8005,20220529,DFO AZMP
7008,79188721,42.4773,-65.5284,20220529,DFO AZMP
7009,84585184,41.4587,-67.2467,20220529,DFO AZMP
7010,87794114,42.5246,-65.4502,20220529,DFO AZMP
7011,88702188,41.6055,-66.979,20220529,DFO AZMP
7012,91428855,40.5974,-70.3886,20220529,DFO AZMP
7013,91667892,42.1452,-66.035,20220529,DFO AZMP
7014,94084604,40.6864,-68.72,20220529,DFO AZMP
7015,94190069,41.3099,-67.4857,20220529,DFO AZMP
7016,96745130,40.592,-69.3932,20220529,DFO AZMP
7017,99119297,40.6456,-68.8312,20220529,DFO AZMP
7018,10615902,40.6471,-70.4681,20220530,DFO AZMP
7019,16323458,41.2842,-70.9028,20220530,DFO AZMP
7020,19394123,41.325,-70.566,20220530,Martha's Vineyard Coastal Observatory
7021,19401570,40.9947,-70.7427,20220530,DFO AZMP
7022,29458726,41.0627,-70.7996,20220530,DFO AZMP
7023,38986989,41.2026,-70.8991,20220530,DFO AZMP
7024,41255837,40.787,-70.5796,20220530,DFO AZMP
7025,48575195,40.7171,-70.5254,20220530,DFO AZMP
7026,59173451,40.9262,-70.6878,20220530,DFO AZMP
7027,64036101,40.8569,-70.6339,20220530,DFO AZMP
7028,81886280,41.1325,-70.851,20220530,DFO AZMP
7029,99970372,41.3663,-70.906,20220530,DFO AZMP
7030,05536826,41.0965,-71.0771,20220531,NESLTER broadscale
7031,19394123,41.325,-70.566,20220531,Martha's Vineyard Coastal Observatory
7032,42180806,41.2331,-71.266,20220531,NESLTER broadscale
7033,60212838,41.1121,-71.1661,20220531,NESLTER broadscale
7034,66225263,41.1726,-71.1725,20220531,NESLTER broadscale
7035,74890288,41.1032,-71.1565,20220531,NESLTER broadscale
7036,81375399,41.1844,-71.2005,20220531,NESLTER broadscale
7037,86400277,41.0932,-70.9895,20220531,NESLTER broadscale
7038,00886049,40.9769,-70.4757,20220601,NESLTER broadscale
7039,01623790,40.7021,-70.0836,20220601,NESLTER broadscale
7040,04193838,40.6733,-70.5905,20220601,NESLTER broadscale
7041,05045683,41.185,-71.1255,20220601,NESLTER broadscale
7042,07441429,41.117,-71.0685,20220601,NESLTER broadscale
7043,09920950,40.6904,-70.684,20220601,NESLTER broadscale
7044,10977615,41.1179,-70.627,20220601,NESLTER broadscale
7045,11524556,41.3833,-71.3266,20220601,NESLTER broadscale
7046,12761618,40.6673,-70.3954,20220601,NESLTER broadscale
7047,16106947,40.8245,-70.9035,20220601,NESLTER broadscale
7048,16464955,41.3755,-71.3181,20220601,NESLTER broadscale
7049,19394123,41.325,-70.566,20220601,Martha's Vineyard Coastal Observatory
7050,21607136,40.8932,-70.8796,20220601,NESLTER broadscale
7051,21701854,41.3168,-71.2466,20220601,NESLTER broadscale
7052,23755745,40.711,-70.7853,20220601,NESLTER broadscale
7053,26483027,41.1029,-70.7028,20220601,NESLTER broadscale
7054,28046835,40.6768,-70.2945,20220601,NESLTER broadscale
7055,30023168,40.9841,-70.5004,20220601,NESLTER broadscale
7056,30727647,40.7985,-70.2434,20220601,NESLTER broadscale
7057,31088799,40.6725,-70.4066,20220601,NESLTER broadscale
7058,31230585,40.9188,-70.4158,20220601,NESLTER broadscale
7059,35198520,40.7544,-70.1643,20220601,NESLTER broadscale
7060,37689811,40.7467,-70.9143,20220601,NESLTER broadscale
7061,44526512,40.6732,-70.6288,20220601,NESLTER broadscale
7062,44554668,40.6878,-70.1859,20220601,NESLTER broadscale
7063,46287894,40.8399,-70.3103,20220601,NESLTER broadscale
7064,47780834,40.9871,-70.9411,20220601,NESLTER broadscale
7065,49094322,41.3719,-71.3163,20220601,NESLTER broadscale
7066,52155859,40.6795,-70.6266,20220601,NESLTER broadscale
7067,52905048,40.9278,-70.8805,20220601,NESLTER broadscale
7068,55487481,40.8628,-70.3505,20220601,NESLTER broadscale
7069,56157972,41.0938,-70.8919,20220601,NESLTER broadscale
7070,57158713,41.1261,-70.6277,20220601,NESLTER broadscale
7071,58614226,40.7328,-70.8915,20220601,NESLTER broadscale
7072,69577659,40.7102,-70.0807,20220601,NESLTER broadscale
7073,70108739,41.0992,-70.7955,20220601,NESLTER broadscale
7074,76058821,41.2515,-71.1872,20220601,NESLTER broadscale
7075,80289672,41.1084,-70.6304,20220601,NESLTER broadscale
7076,80586553,41.0506,-71.007,20220601,NESLTER broadscale
7077,83417584,41.4464,-71.3724,20220601,NESLTER broadscale
7078,89322599,40.6833,-70.6317,20220601,NESLTER broadscale
7079,92752376,41.0381,-70.5623,20220601,NESLTER broadscale
7080,96087461,41.3762,-71.3188,20220601,NESLTER broadscale
7081,97697512,41.096,-70.6132,20220601,NESLTER broadscale
7082,19394123,41.325,-70.566,20220602,Martha's Vineyard Coastal Observatory
7083,03961100,41.0518,-71.4845,20220603,NESLTER broadscale
7084,19394123,41.325,-70.566,20220603,Martha's Vineyard Coastal Observatory
7085,34812953,41.2767,-71.4281,20220603,NESLTER broadscale
7086,36781282,40.974,-71.4638,20220603,NESLTER broadscale
7087,45997380,40.9184,-71.3911,20220603,NESLTER broadscale
7088,50264525,40.6854,-71.3957,20220603,NESLTER broadscale
7089,53024485,40.754,-71.1772,20220603,NESLTER broadscale
7090,53810438,40.8654,-71.3211,20220603,NESLTER broadscale
7091,54952476,40.7576,-71.1985,20220603,NESLTER broadscale
7092,55948106,41.2018,-71.4387,20220603,NESLTER broadscale
7093,75343722,41.0077,-71.5069,20220603,NESLTER broadscale
7094,76490864,40.7452,-71.3022,20220603,NESLTER broadscale
7095,89506814,40.8082,-71.2481,20220603,NESLTER broadscale
7096,96415995,40.7484,-71.3383,20220603,NESLTER broadscale
7097,99719324,41.1287,-71.454,20220603,NESLTER broadscale
7098,19394123,41.325,-70.566,20220604,Martha's Vineyard Coastal Observatory
7099,19394123,41.325,-70.566,20220605,Martha's Vineyard Coastal Observatory
7100,19394123,41.325,-70.566,20220606,Martha's Vineyard Coastal Observatory
7101,19394123,41.325,-70.566,20220607,Martha's Vineyard Coastal Observatory
7102,19394123,41.325,-70.566,20220608,Martha's Vineyard Coastal Observatory
7103,19394123,41.325,-70.566,20220609,Martha's Vineyard Coastal Observatory
7104,19394123,41.325,-70.566,20220610,Martha's Vineyard Coastal Observatory
7105,19394123,41.325,-70.566,20220611,Martha's Vineyard Coastal Observatory
7106,19394123,41.325,-70.566,20220612,Martha's Vineyard Coastal Observatory
7107,19394123,41.325,-70.566,20220614,Martha's Vineyard Coastal Observatory
7108,50093526,41.645,-70.675,20220614,Fiddlers Cove
7109,19394123,41.325,-70.566,20220615,Martha's Vineyard Coastal Observatory
7110,50093526,41.645,-70.675,20220615,Fiddlers Cove
7111,19394123,41.325,-70.566,20220616,Martha's Vineyard Coastal Observatory
7112,50093526,41.645,-70.675,20220616,Fiddlers Cove
7113,84691237,44.44,-68.205,20220616,Mount Desert Island Biological Laboratory
7114,19394123,41.325,-70.566,20220617,Martha's Vineyard Coastal Observatory
7115,50093526,41.645,-70.675,20220617,Fiddlers Cove
7116,84691237,44.44,-68.205,20220617,Mount Desert Island Biological Laboratory
7117,19394123,41.325,-70.566,20220618,Martha's Vineyard Coastal Observatory
7118,50093526,41.645,-70.675,20220618,Fiddlers Cove
7119,84691237,44.44,-68.205,20220618,Mount Desert Island Biological Laboratory
7120,19394123,41.325,-70.566,20220619,Martha's Vineyard Coastal Observatory
7121,50093526,41.645,-70.675,20220619,Fiddlers Cove
7122,84691237,44.44,-68.205,20220619,Mount Desert Island Biological Laboratory
7123,19394123,41.325,-70.566,20220620,Martha's Vineyard Coastal Observatory
7124,50093526,41.645,-70.675,20220620,Fiddlers Cove
7125,84691237,44.44,-68.205,20220620,Mount Desert Island Biological Laboratory
7126,19394123,41.325,-70.566,20220621,Martha's Vineyard Coastal Observatory
7127,50093526,41.645,-70.675,20220621,Fiddlers Cove
7128,84691237,44.44,-68.205,20220621,Mount Desert Island Biological Laboratory
7129,19394123,41.325,-70.566,20220622,Martha's Vineyard Coastal Observatory
7130,50093526,41.645,-70.675,20220622,Fiddlers Cove
7131,84691237,44.44,-68.205,20220622,Mount Desert Island Biological Laboratory
7132,19394123,41.325,-70.566,20220623,Martha's Vineyard Coastal Observatory
7133,50093526,41.645,-70.675,20220623,Fiddlers Cove
7134,84691237,44.44,-68.205,20220623,Mount Desert Island Biological Laboratory
7135,19394123,41.325,-70.566,20220624,Martha's Vineyard Coastal Observatory
7136,50093526,41.645,-70.675,20220624,Fiddlers Cove
7137,84691237,44.44,-68.205,20220624,Mount Desert Island Biological Laboratory
7138,19394123,41.325,-70.566,20220625,Martha's Vineyard Coastal Observatory
7139,50093526,41.645,-70.675,20220625,Fiddlers Cove
7140,84691237,44.44,-68.205,20220625,Mount Desert Island Biological Laboratory
7141,19394123,41.325,-70.566,20220626,Martha's Vineyard Coastal Observatory
7142,50093526,41.645,-70.675,20220626,Fiddlers Cove
7143,19394123,41.325,-70.566,20220627,Martha's Vineyard Coastal Observatory
7144,50093526,41.645,-70.675,20220627,Fiddlers Cove
7145,84691237,44.44,-68.205,20220627,Mount Desert Island Biological Laboratory
7146,19394123,41.325,-70.566,20220628,Martha's Vineyard Coastal Observatory
7147,50093526,41.645,-70.675,20220628,Fiddlers Cove
7148,84691237,44.44,-68.205,20220628,Mount Desert Island Biological Laboratory
7149,19394123,41.325,-70.566,20220629,Martha's Vineyard Coastal Observatory
7150,50093526,41.645,-70.675,20220629,Fiddlers Cove
7151,19394123,41.325,-70.566,20220630,Martha's Vineyard Coastal Observatory
7152,50093526,41.645,-70.675,20220630,Fiddlers Cove
7153,19394123,41.325,-70.566,20220701,Martha's Vineyard Coastal Observatory
7154,50093526,41.645,-70.675,20220701,Fiddlers Cove
7155,19394123,41.325,-70.566,20220702,Martha's Vineyard Coastal Observatory
7156,50093526,41.645,-70.675,20220702,Fiddlers Cove
7157,19394123,41.325,-70.566,20220703,Martha's Vineyard Coastal Observatory
7158,50093526,41.645,-70.675,20220703,Fiddlers Cove
7159,19394123,41.325,-70.566,20220704,Martha's Vineyard Coastal Observatory
7160,50093526,41.645,-70.675,20220704,Fiddlers Cove
7161,19394123,41.325,-70.566,20220705,Martha's Vineyard Coastal Observatory
7162,50093526,41.645,-70.675,20220705,Fiddlers Cove
7163,19394123,41.325,-70.566,20220706,Martha's Vineyard Coastal Observatory
7164,50093526,41.645,-70.675,20220706,Fiddlers Cove
7165,19394123,41.325,-70.566,20220707,Martha's Vineyard Coastal Observatory
7166,50093526,41.645,-70.675,20220707,Fiddlers Cove
7167,19394123,41.325,-70.566,20220708,Martha's Vineyard Coastal Observatory
7168,50093526,41.645,-70.675,20220708,Fiddlers Cove
7169,19394123,41.325,-70.566,20220709,Martha's Vineyard Coastal Observatory
7170,50093526,41.645,-70.675,20220709,Fiddlers Cove
7171,19394123,41.325,-70.566,20220710,Martha's Vineyard Coastal Observatory
7172,50093526,41.645,-70.675,20220710,Fiddlers Cove
7173,19394123,41.325,-70.566,20220711,Martha's Vineyard Coastal Observatory
7174,50093526,41.645,-70.675,20220711,Fiddlers Cove
7175,19394123,41.325,-70.566,20220712,Martha's Vineyard Coastal Observatory
7176,50093526,41.645,-70.675,20220712,Fiddlers Cove
7177,19394123,41.325,-70.566,20220713,Martha's Vineyard Coastal Observatory
7178,50093526,41.645,-70.675,20220713,Fiddlers Cove
7179,19394123,41.325,-70.566,20220714,Martha's Vineyard Coastal Observatory
7180,50093526,41.645,-70.675,20220714,Fiddlers Cove
7181,19394123,41.325,-70.566,20220715,Martha's Vineyard Coastal Observatory
7182,50093526,41.645,-70.675,20220715,Fiddlers Cove
7183,19394123,41.325,-70.566,20220716,Martha's Vineyard Coastal Observatory
7184,50093526,41.645,-70.675,20220716,Fiddlers Cove
7185,19394123,41.325,-70.566,20220717,Martha's Vineyard Coastal Observatory
7186,50093526,41.645,-70.675,20220717,Fiddlers Cove
7187,19394123,41.325,-70.566,20220718,Martha's Vineyard Coastal Observatory
7188,50093526,41.645,-70.675,20220718,Fiddlers Cove
7189,19394123,41.325,-70.566,20220719,Martha's Vineyard Coastal Observatory
7190,50093526,41.645,-70.675,20220719,Fiddlers Cove
7191,19394123,41.325,-70.566,20220720,Martha's Vineyard Coastal Observatory
7192,50093526,41.645,-70.675,20220720,Fiddlers Cove
7193,19394123,41.325,-70.566,20220721,Martha's Vineyard Coastal Observatory
7194,50093526,41.645,-70.675,20220721,Fiddlers Cove
7195,19394123,41.325,-70.566,20220722,Martha's Vineyard Coastal Observatory
7196,50093526,41.645,-70.675,20220722,Fiddlers Cove
7197,19394123,41.325,-70.566,20220723,Martha's Vineyard Coastal Observatory
7198,50093526,41.645,-70.675,20220723,Fiddlers Cove
7199,19394123,41.325,-70.566,20220724,Martha's Vineyard Coastal Observatory
7200,50093526,41.645,-70.675,20220724,Fiddlers Cove
7201,19394123,41.325,-70.566,20220725,Martha's Vineyard Coastal Observatory
7202,50093526,41.645,-70.675,20220725,Fiddlers Cove
7203,19394123,41.325,-70.566,20220726,Martha's Vineyard Coastal Observatory
7204,50093526,41.645,-70.675,20220726,Fiddlers Cove
7205,19394123,41.325,-70.566,20220727,Martha's Vineyard Coastal Observatory
7206,50093526,41.645,-70.675,20220727,Fiddlers Cove
7207,19394123,41.325,-70.566,20220728,Martha's Vineyard Coastal Observatory
7208,50093526,41.645,-70.675,20220728,Fiddlers Cove
7209,19394123,41.325,-70.566,20220729,Martha's Vineyard Coastal Observatory
7210,50093526,41.645,-70.675,20220729,Fiddlers Cove
7211,19394123,41.325,-70.566,20220730,Martha's Vineyard Coastal Observatory
7212,19394123,41.325,-70.566,20220731,Martha's Vineyard Coastal Observatory
7213,19394123,41.325,-70.566,20220801,Martha's Vineyard Coastal Observatory
7214,19394123,41.325,-70.566,20220802,Martha's Vineyard Coastal Observatory
7215,19394123,41.325,-70.566,20220803,Martha's Vineyard Coastal Observatory
7216,19394123,41.325,-70.566,20220804,Martha's Vineyard Coastal Observatory
7217,19394123,41.325,-70.566,20220805,Martha's Vineyard Coastal Observatory
7218,02081026,41.3721,-71.1054,20220806,"East Coast Ocean Acidification cruise, August 2022"
7219,02304034,41.7786,-70.4889,20220806,"East Coast Ocean Acidification cruise, August 2022"
7220,09649651,41.7581,-70.5731,20220806,"East Coast Ocean Acidification cruise, August 2022"
7221,18517544,41.8184,-70.443,20220806,"East Coast Ocean Acidification cruise, August 2022"
7222,19394123,41.325,-70.566,20220806,Martha's Vineyard Coastal Observatory
7223,22075680,41.7754,-70.5384,20220806,"East Coast Ocean Acidification cruise, August 2022"
7224,28075417,41.5725,-70.7905,20220806,"East Coast Ocean Acidification cruise, August 2022"
7225,37328776,41.6294,-70.7306,20220806,"East Coast Ocean Acidification cruise, August 2022"
7226,37528095,41.6862,-70.674,20220806,"East Coast Ocean Acidification cruise, August 2022"
7227,42656156,41.5155,-70.8503,20220806,"East Coast Ocean Acidification cruise, August 2022"
7228,52250759,41.7356,-70.6262,20220806,"East Coast Ocean Acidification cruise, August 2022"
7229,54304223,41.4308,-71.0152,20220806,"East Coast Ocean Acidification cruise, August 2022"
7230,56175077,41.383,-71.0965,20220806,"East Coast Ocean Acidification cruise, August 2022"
7231,56924577,41.3718,-71.1043,20220806,"East Coast Ocean Acidification cruise, August 2022"
7232,81181746,41.8417,-70.4236,20220806,"East Coast Ocean Acidification cruise, August 2022"
7233,82998672,41.476,-70.9241,20220806,"East Coast Ocean Acidification cruise, August 2022"
7234,93236614,41.8419,-70.4241,20220806,"East Coast Ocean Acidification cruise, August 2022"
7235,03523595,42.2733,-70.1741,20220807,"East Coast Ocean Acidification cruise, August 2022"
7236,05150979,42.6219,-69.7613,20220807,"East Coast Ocean Acidification cruise, August 2022"
7237,05259920,42.9084,-69.7732,20220807,"East Coast Ocean Acidification cruise, August 2022"
7238,09656057,42.2735,-70.1749,20220807,"East Coast Ocean Acidification cruise, August 2022"
7239,11755559,42.3976,-70.093,20220807,"East Coast Ocean Acidification cruise, August 2022"
7240,12884074,42.6702,-69.6531,20220807,"East Coast Ocean Acidification cruise, August 2022"
7241,14932664,42.5538,-69.9108,20220807,"East Coast Ocean Acidification cruise, August 2022"
7242,15836271,43.0015,-69.8207,20220807,"East Coast Ocean Acidification cruise, August 2022"
7243,19394123,41.325,-70.566,20220807,Martha's Vineyard Coastal Observatory
7244,21980866,42.3898,-70.1145,20220807,"East Coast Ocean Acidification cruise, August 2022"
7245,27125218,42.4235,-70.1029,20220807,"East Coast Ocean Acidification cruise, August 2022"
7246,28052047,42.397,-70.0937,20220807,"East Coast Ocean Acidification cruise, August 2022"
7247,28465397,42.9549,-69.797,20220807,"East Coast Ocean Acidification cruise, August 2022"
7248,28924977,42.2735,-70.1752,20220807,"East Coast Ocean Acidification cruise, August 2022"
7249,28927562,42.4008,-70.0925,20220807,"East Coast Ocean Acidification cruise, August 2022"
7250,30822185,42.398,-70.0926,20220807,"East Coast Ocean Acidification cruise, August 2022"
7251,31514707,41.9782,-70.4761,20220807,"East Coast Ocean Acidification cruise, August 2022"
7252,37077304,42.3997,-70.0923,20220807,"East Coast Ocean Acidification cruise, August 2022"
7253,39113214,42.3628,-70.1596,20220807,"East Coast Ocean Acidification cruise, August 2022"
7254,39456751,42.7604,-69.6978,20220807,"East Coast Ocean Acidification cruise, August 2022"
7255,40357933,41.8632,-70.4556,20220807,"East Coast Ocean Acidification cruise, August 2022"
7256,43154961,42.2423,-70.2089,20220807,"East Coast Ocean Acidification cruise, August 2022"
7257,49052699,42.7079,-69.6721,20220807,"East Coast Ocean Acidification cruise, August 2022"
7258,49793184,42.0357,-70.4917,20220807,"East Coast Ocean Acidification cruise, August 2022"
7259,50094259,42.273,-70.1731,20220807,"East Coast Ocean Acidification cruise, August 2022"
7260,50546172,42.4023,-70.0941,20220807,"East Coast Ocean Acidification cruise, August 2022"
7261,51951109,43.0933,-69.8658,20220807,"East Coast Ocean Acidification cruise, August 2022"
7262,52692199,42.2409,-70.2911,20220807,"East Coast Ocean Acidification cruise, August 2022"
7263,54098393,42.6552,-69.6865,20220807,"East Coast Ocean Acidification cruise, August 2022"
7264,55875240,41.921,-70.4617,20220807,"East Coast Ocean Acidification cruise, August 2022"
7265,57285809,42.3981,-70.0926,20220807,"East Coast Ocean Acidification cruise, August 2022"
7266,58890107,42.2717,-70.2008,20220807,"East Coast Ocean Acidification cruise, August 2022"
7267,59435218,42.2723,-70.1934,20220807,"East Coast Ocean Acidification cruise, August 2022"
7268,59819344,42.1484,-70.4861,20220807,"East Coast Ocean Acidification cruise, August 2022"
7269,63032150,42.2736,-70.1755,20220807,"East Coast Ocean Acidification cruise, August 2022"
7270,64078883,42.2736,-70.1754,20220807,"East Coast Ocean Acidification cruise, August 2022"
7271,67284320,42.4042,-70.1083,20220807,"East Coast Ocean Acidification cruise, August 2022"
7272,72154498,42.8088,-69.7234,20220807,"East Coast Ocean Acidification cruise, August 2022"
7273,73124027,42.6708,-69.6549,20220807,"East Coast Ocean Acidification cruise, August 2022"
7274,73311950,42.2171,-70.3668,20220807,"East Coast Ocean Acidification cruise, August 2022"
7275,74478990,42.6709,-69.6551,20220807,"East Coast Ocean Acidification cruise, August 2022"
7276,77198509,42.516,-69.9822,20220807,"East Coast Ocean Acidification cruise, August 2022"
7277,77500419,42.86,-69.7486,20220807,"East Coast Ocean Acidification cruise, August 2022"
7278,77544151,42.2726,-70.1755,20220807,"East Coast Ocean Acidification cruise, August 2022"
7279,78118520,42.2716,-70.1696,20220807,"East Coast Ocean Acidification cruise, August 2022"
7280,78398118,42.3995,-70.0996,20220807,"East Coast Ocean Acidification cruise, August 2022"
7281,79386273,42.1944,-70.4408,20220807,"East Coast Ocean Acidification cruise, August 2022"
7282,80202766,42.2736,-70.1759,20220807,"East Coast Ocean Acidification cruise, August 2022"
7283,80581682,43.0478,-69.8434,20220807,"East Coast Ocean Acidification cruise, August 2022"
7284,81165251,42.3163,-70.1657,20220807,"East Coast Ocean Acidification cruise, August 2022"
7285,84414239,42.398,-70.0927,20220807,"East Coast Ocean Acidification cruise, August 2022"
7286,90903665,42.0936,-70.5065,20220807,"East Coast Ocean Acidification cruise, August 2022"
7287,92032127,42.2709,-70.2003,20220807,"East Coast Ocean Acidification cruise, August 2022"
7288,92233039,42.3986,-70.0924,20220807,"East Coast Ocean Acidification cruise, August 2022"
7289,93102172,42.5875,-69.8361,20220807,"East Coast Ocean Acidification cruise, August 2022"
7290,95200725,42.2737,-70.1758,20220807,"East Coast Ocean Acidification cruise, August 2022"
7291,97621390,43.1384,-69.8884,20220807,"East Coast Ocean Acidification cruise, August 2022"
7292,05939753,43.5125,-69.9234,20220808,"East Coast Ocean Acidification cruise, August 2022"
7293,12655775,43.4194,-69.9624,20220808,"East Coast Ocean Acidification cruise, August 2022"
7294,17648622,43.4737,-70.0503,20220808,"East Coast Ocean Acidification cruise, August 2022"
7295,17896494,43.5297,-70.1204,20220808,"East Coast Ocean Acidification cruise, August 2022"
7296,19394123,41.325,-70.566,20220808,Martha's Vineyard Coastal Observatory
7297,21354436,43.6394,-70.2154,20220808,"East Coast Ocean Acidification cruise, August 2022"
7298,21571289,43.4196,-69.9625,20220808,"East Coast Ocean Acidification cruise, August 2022"
7299,22133470,43.4217,-69.9717,20220808,"East Coast Ocean Acidification cruise, August 2022"
7300,22700845,43.4197,-69.9624,20220808,"East Coast Ocean Acidification cruise, August 2022"
7301,28422003,43.2287,-69.9291,20220808,"East Coast Ocean Acidification cruise, August 2022"
7302,29307057,43.5112,-69.9292,20220808,"East Coast Ocean Acidification cruise, August 2022"
7303,29525029,43.6544,-70.2178,20220808,"East Coast Ocean Acidification cruise, August 2022"
7304,29681372,43.6543,-70.2181,20220808,"East Coast Ocean Acidification cruise, August 2022"
7305,29757282,43.3668,-69.9897,20220808,"East Coast Ocean Acidification cruise, August 2022"
7306,32156367,43.512,-69.9292,20220808,"East Coast Ocean Acidification cruise, August 2022"
7307,33132171,43.5102,-69.9333,20220808,"East Coast Ocean Acidification cruise, August 2022"
7308,35587801,43.4847,-69.9548,20220808,"East Coast Ocean Acidification cruise, August 2022"
7309,35789297,43.1833,-69.9097,20220808,"East Coast Ocean Acidification cruise, August 2022"
7310,37506065,43.4199,-69.9618,20220808,"East Coast Ocean Acidification cruise, August 2022"
7311,44024148,43.5108,-69.9293,20220808,"East Coast Ocean Acidification cruise, August 2022"
7312,44048145,43.6555,-70.217,20220808,"East Coast Ocean Acidification cruise, August 2022"
7313,45021383,43.4196,-69.9623,20220808,"East Coast Ocean Acidification cruise, August 2022"
7314,47087159,43.42,-69.9592,20220808,"East Coast Ocean Acidification cruise, August 2022"
7315,47887843,43.4904,-69.9423,20220808,"East Coast Ocean Acidification cruise, August 2022"
7316,51947163,43.5854,-70.1618,20220808,"East Coast Ocean Acidification cruise, August 2022"
7317,52179943,43.4196,-69.9628,20220808,"East Coast Ocean Acidification cruise, August 2022"
7318,52224753,43.4195,-69.962,20220808,"East Coast Ocean Acidification cruise, August 2022"
7319,53581764,43.6554,-70.2172,20220808,"East Coast Ocean Acidification cruise, August 2022"
7320,54458668,43.5118,-69.9292,20220808,"East Coast Ocean Acidification cruise, August 2022"
7321,55156382,43.3963,-70.003,20220808,"East Coast Ocean Acidification cruise, August 2022"
7322,56529646,43.4196,-69.9622,20220808,"East Coast Ocean Acidification cruise, August 2022"
7323,56721185,43.4196,-69.9621,20220808,"East Coast Ocean Acidification cruise, August 2022"
7324,58298975,43.5846,-70.1607,20220808,"East Coast Ocean Acidification cruise, August 2022"
7325,60472382,43.5107,-69.9292,20220808,"East Coast Ocean Acidification cruise, August 2022"
7326,62741803,43.5114,-69.9291,20220808,"East Coast Ocean Acidification cruise, August 2022"
7327,64025939,43.4195,-69.9619,20220808,"East Coast Ocean Acidification cruise, August 2022"
7328,64085700,43.5117,-69.9292,20220808,"East Coast Ocean Acidification cruise, August 2022"
7329,65529186,43.4199,-69.9637,20220808,"East Coast Ocean Acidification cruise, August 2022"
7330,65537263,43.4193,-69.962,20220808,"East Coast Ocean Acidification cruise, August 2022"
7331,66453605,43.4198,-69.9627,20220808,"East Coast Ocean Acidification cruise, August 2022"
7332,72692471,43.5173,-70.0588,20220808,"East Coast Ocean Acidification cruise, August 2022"
7333,72760006,43.3227,-69.9716,20220808,"East Coast Ocean Acidification cruise, August 2022"
7334,78092046,43.6156,-70.1856,20220808,"East Coast Ocean Acidification cruise, August 2022"
7335,78179431,43.491,-70.0095,20220808,"East Coast Ocean Acidification cruise, August 2022"
7336,79529815,43.5116,-69.9292,20220808,"East Coast Ocean Acidification cruise, August 2022"
7337,82355596,43.5425,-70.1068,20220808,"East Coast Ocean Acidification cruise, August 2022"
7338,83282354,43.4194,-69.9622,20220808,"East Coast Ocean Acidification cruise, August 2022"
7339,84541581,43.6458,-70.2094,20220808,"East Coast Ocean Acidification cruise, August 2022"
7340,85043947,43.4194,-69.9626,20220808,"East Coast Ocean Acidification cruise, August 2022"
7341,86154480,43.5164,-69.9042,20220808,"East Coast Ocean Acidification cruise, August 2022"
7342,88274402,43.4123,-69.9846,20220808,"East Coast Ocean Acidification cruise, August 2022"
7343,88548265,43.4195,-69.9623,20220808,"East Coast Ocean Acidification cruise, August 2022"
7344,92260233,43.276,-69.9498,20220808,"East Coast Ocean Acidification cruise, August 2022"
7345,01589207,43.7251,-69.0666,20220809,"East Coast Ocean Acidification cruise, August 2022"
7346,01962947,44.3323,-67.4128,20220809,"East Coast Ocean Acidification cruise, August 2022"
7347,07248882,44.1073,-68.0837,20220809,"East Coast Ocean Acidification cruise, August 2022"
7348,08342397,43.7299,-68.8272,20220809,"East Coast Ocean Acidification cruise, August 2022"
7349,08914716,44.0986,-68.0952,20220809,"East Coast Ocean Acidification cruise, August 2022"
7350,11905577,43.7613,-68.1071,20220809,"East Coast Ocean Acidification cruise, August 2022"
7351,12878192,44.1333,-67.8794,20220809,"East Coast Ocean Acidification cruise, August 2022"
7352,12973908,43.7479,-68.212,20220809,"East Coast Ocean Acidification cruise, August 2022"
7353,13860026,43.7235,-69.3683,20220809,"East Coast Ocean Acidification cruise, August 2022"
7354,17238976,44.0981,-68.0941,20220809,"East Coast Ocean Acidification cruise, August 2022"
7355,18369779,43.7186,-68.8258,20220809,"East Coast Ocean Acidification cruise, August 2022"
7356,18580131,43.8234,-67.9237,20220809,"East Coast Ocean Acidification cruise, August 2022"
7357,19394123,41.325,-70.566,20220809,Martha's Vineyard Coastal Observatory
7358,20659296,44.1636,-67.7776,20220809,"East Coast Ocean Acidification cruise, August 2022"
7359,22844016,43.5812,-69.5007,20220809,"East Coast Ocean Acidification cruise, August 2022"
7360,23399536,44.3349,-67.4136,20220809,"East Coast Ocean Acidification cruise, August 2022"
7361,23706436,44.1,-68.097,20220809,"East Coast Ocean Acidification cruise, August 2022"
7362,24362996,43.6496,-69.4279,20220809,"East Coast Ocean Acidification cruise, August 2022"
7363,26864343,44.0044,-67.9061,20220809,"East Coast Ocean Acidification cruise, August 2022"
7364,27898569,43.582,-69.5004,20220809,"East Coast Ocean Acidification cruise, August 2022"
7365,31116801,43.7295,-68.8705,20220809,"East Coast Ocean Acidification cruise, August 2022"
7366,32171068,43.5017,-69.7353,20220809,"East Coast Ocean Acidification cruise, August 2022"
7367,33957504,44.0989,-68.0954,20220809,"East Coast Ocean Acidification cruise, August 2022"
7368,34373716,43.7028,-68.5258,20220809,"East Coast Ocean Acidification cruise, August 2022"
7369,36794758,43.5544,-69.5565,20220809,"East Coast Ocean Acidification cruise, August 2022"
7370,39164475,44.1941,-67.6782,20220809,"East Coast Ocean Acidification cruise, August 2022"
7371,40055860,43.607,-69.4654,20220809,"East Coast Ocean Acidification cruise, August 2022"
7372,41404390,44.0984,-68.0949,20220809,"East Coast Ocean Acidification cruise, August 2022"
7373,43340662,43.6951,-69.3868,20220809,"East Coast Ocean Acidification cruise, August 2022"
7374,45105681,43.73,-68.8275,20220809,"East Coast Ocean Acidification cruise, August 2022"
7375,45107485,44.0986,-68.0951,20220809,"East Coast Ocean Acidification cruise, August 2022"
7376,45823130,43.7812,-68.0067,20220809,"East Coast Ocean Acidification cruise, August 2022"
7377,46947859,44.2557,-67.4756,20220809,"East Coast Ocean Acidification cruise, August 2022"
7378,47519676,43.7166,-68.4185,20220809,"East Coast Ocean Acidification cruise, August 2022"
7379,49145699,43.8812,-67.8664,20220809,"East Coast Ocean Acidification cruise, August 2022"
7380,50297932,43.734,-68.315,20220809,"East Coast Ocean Acidification cruise, August 2022"
7381,52062518,44.0499,-67.9979,20220809,"East Coast Ocean Acidification cruise, August 2022"
7382,53830080,43.5805,-69.5009,20220809,"East Coast Ocean Acidification cruise, August 2022"
7383,56267317,43.5165,-69.6416,20220809,"East Coast Ocean Acidification cruise, August 2022"
7384,58702973,43.7225,-69.3681,20220809,"East Coast Ocean Acidification cruise, August 2022"
7385,58870235,43.7233,-69.1628,20220809,"East Coast Ocean Acidification cruise, August 2022"
7386,60742222,43.7213,-69.2595,20220809,"East Coast Ocean Acidification cruise, August 2022"
7387,60765680,43.6972,-68.7405,20220809,"East Coast Ocean Acidification cruise, August 2022"
7388,62025668,43.7256,-69.3524,20220809,"East Coast Ocean Acidification cruise, August 2022"
7389,65090619,44.1031,-68.0996,20220809,"East Coast Ocean Acidification cruise, August 2022"
7390,65157537,43.7163,-69.3766,20220809,"East Coast Ocean Acidification cruise, August 2022"
7391,65961151,43.7298,-68.8267,20220809,"East Coast Ocean Acidification cruise, August 2022"
7392,69516120,43.7233,-69.3692,20220809,"East Coast Ocean Acidification cruise, August 2022"
7393,71138815,43.9494,-67.8457,20220809,"East Coast Ocean Acidification cruise, August 2022"
7394,81775705,44.0943,-68.087,20220809,"East Coast Ocean Acidification cruise, August 2022"
7395,83516096,43.6887,-68.6339,20220809,"East Coast Ocean Acidification cruise, August 2022"
7396,83774739,43.5104,-69.8253,20220809,"East Coast Ocean Acidification cruise, August 2022"
7397,85369909,43.7278,-68.9688,20220809,"East Coast Ocean Acidification cruise, August 2022"
7398,92816430,43.7214,-69.3675,20220809,"East Coast Ocean Acidification cruise, August 2022"
7399,94483672,44.2249,-67.5769,20220809,"East Coast Ocean Acidification cruise, August 2022"
7400,95133852,44.303,-67.4096,20220809,"East Coast Ocean Acidification cruise, August 2022"
7401,97595702,43.7294,-68.8259,20220809,"East Coast Ocean Acidification cruise, August 2022"
7402,98388678,44.0983,-68.0946,20220809,"East Coast Ocean Acidification cruise, August 2022"
7403,98862340,44.1143,-67.9832,20220809,"East Coast Ocean Acidification cruise, August 2022"
7404,99302655,43.5826,-69.493,20220809,"East Coast Ocean Acidification cruise, August 2022"
7405,01188275,44.1471,-66.8019,20220810,"East Coast Ocean Acidification cruise, August 2022"
7406,03426733,44.5372,-67.0061,20220810,"East Coast Ocean Acidification cruise, August 2022"
7407,08132256,44.8181,-66.3853,20220810,"East Coast Ocean Acidification cruise, August 2022"
7408,10184826,44.3792,-66.6789,20220810,"East Coast Ocean Acidification cruise, August 2022"
7409,11108161,44.8787,-66.5539,20220810,"East Coast Ocean Acidification cruise, August 2022"
7410,11307573,44.7634,-66.0779,20220810,"East Coast Ocean Acidification cruise, August 2022"
7411,11621997,44.3957,-67.3561,20220810,"East Coast Ocean Acidification cruise, August 2022"
7412,12166874,44.878,-66.5521,20220810,"East Coast Ocean Acidification cruise, August 2022"
7413,12293094,44.0701,-66.5481,20220810,"East Coast Ocean Acidification cruise, August 2022"
7414,12483407,44.5369,-66.448,20220810,"East Coast Ocean Acidification cruise, August 2022"
7415,13006984,44.5316,-66.4616,20220810,"East Coast Ocean Acidification cruise, August 2022"
7416,13668513,43.8752,-66.3458,20220810,"East Coast Ocean Acidification cruise, August 2022"
7417,14687571,44.5259,-66.4666,20220810,"East Coast Ocean Acidification cruise, August 2022"
7418,17009899,43.8692,-66.3452,20220810,"East Coast Ocean Acidification cruise, August 2022"
7419,18101535,44.13,-66.6042,20220810,"East Coast Ocean Acidification cruise, August 2022"
7420,19394123,41.325,-70.566,20220810,Martha's Vineyard Coastal Observatory
7421,25001765,44.4893,-66.4693,20220810,"East Coast Ocean Acidification cruise, August 2022"
7422,27409024,44.7715,-66.2472,20220810,"East Coast Ocean Acidification cruise, August 2022"
7423,31690941,44.639,-66.328,20220810,"East Coast Ocean Acidification cruise, August 2022"
7424,33548353,44.8795,-66.5587,20220810,"East Coast Ocean Acidification cruise, August 2022"
7425,37716335,44.7062,-66.2855,20220810,"East Coast Ocean Acidification cruise, August 2022"
7426,38139837,44.5368,-66.4453,20220810,"East Coast Ocean Acidification cruise, August 2022"
7427,38667144,44.7925,-66.281,20220810,"East Coast Ocean Acidification cruise, August 2022"
7428,40568329,42.6065,-70.6606,20220810,Ocean Alliance dock
7429,41507661,44.5752,-66.4007,20220810,"East Coast Ocean Acidification cruise, August 2022"
7430,42520027,44.8261,-66.8703,20220810,"East Coast Ocean Acidification cruise, August 2022"
7431,43562739,44.5515,-67.1269,20220810,"East Coast Ocean Acidification cruise, August 2022"
7432,46726182,44.3314,-67.4149,20220810,"East Coast Ocean Acidification cruise, August 2022"
7433,49265048,43.8988,-66.383,20220810,"East Coast Ocean Acidification cruise, August 2022"
7434,51683770,44.33,-66.7804,20220810,"East Coast Ocean Acidification cruise, August 2022"
7435,55690934,44.1414,-66.6161,20220810,"East Coast Ocean Acidification cruise, August 2022"
7436,58194429,44.5423,-67.0212,20220810,"East Coast Ocean Acidification cruise, August 2022"
7437,59512233,44.4293,-66.5692,20220810,"East Coast Ocean Acidification cruise, August 2022"
7438,60483055,44.9016,-66.6905,20220810,"East Coast Ocean Acidification cruise, August 2022"
7439,60624956,44.1415,-66.6154,20220810,"East Coast Ocean Acidification cruise, August 2022"
7440,62590590,44.5345,-66.456,20220810,"East Coast Ocean Acidification cruise, August 2022"
7441,63708321,44.8531,-66.4816,20220810,"East Coast Ocean Acidification cruise, August 2022"
7442,65996791,44.658,-66.974,20220810,"East Coast Ocean Acidification cruise, August 2022"
7443,67593777,44.4631,-67.2978,20220810,"East Coast Ocean Acidification cruise, August 2022"
7444,68701338,44.9258,-66.85,20220810,"East Coast Ocean Acidification cruise, August 2022"
7445,69021212,44.7573,-66.0873,20220810,"East Coast Ocean Acidification cruise, August 2022"
7446,69741205,44.7164,-66.9337,20220810,"East Coast Ocean Acidification cruise, August 2022"
7447,71272505,43.9515,-66.4317,20220810,"East Coast Ocean Acidification cruise, August 2022"
7448,73380509,44.7593,-66.0845,20220810,"East Coast Ocean Acidification cruise, August 2022"
7449,76008424,44.2826,-66.8799,20220810,"East Coast Ocean Acidification cruise, August 2022"
7450,77084429,44.8896,-66.8575,20220810,"East Coast Ocean Acidification cruise, August 2022"
7451,79519494,44.5228,-67.2263,20220810,"East Coast Ocean Acidification cruise, August 2022"
7452,80367815,44.5368,-66.4467,20220810,"East Coast Ocean Acidification cruise, August 2022"
7453,82954090,44.764,-66.1422,20220810,"East Coast Ocean Acidification cruise, August 2022"
7454,83006003,44.0091,-66.4858,20220810,"East Coast Ocean Acidification cruise, August 2022"
7455,84266598,44.5417,-67.0164,20220810,"East Coast Ocean Acidification cruise, August 2022"
7456,84691237,44.44,-68.205,20220810,Mount Desert Island Biological Laboratory
7457,87618056,44.8816,-66.5669,20220810,"East Coast Ocean Acidification cruise, August 2022"
7458,89162022,44.9259,-66.8506,20220810,"East Coast Ocean Acidification cruise, August 2022"
7459,91302657,44.9203,-66.798,20220810,"East Coast Ocean Acidification cruise, August 2022"
7460,91787523,44.7701,-66.8986,20220810,"East Coast Ocean Acidification cruise, August 2022"
7461,92534833,44.5361,-66.4509,20220810,"East Coast Ocean Acidification cruise, August 2022"
7462,93445007,44.7729,-66.1699,20220810,"East Coast Ocean Acidification cruise, August 2022"
7463,94096496,44.9259,-66.8502,20220810,"East Coast Ocean Acidification cruise, August 2022"
7464,96567661,44.8784,-66.5529,20220810,"East Coast Ocean Acidification cruise, August 2022"
7465,96748473,44.8849,-66.5927,20220810,"East Coast Ocean Acidification cruise, August 2022"
7466,97433047,44.5972,-67.0145,20220810,"East Coast Ocean Acidification cruise, August 2022"
7467,99148152,44.1368,-66.7037,20220810,"East Coast Ocean Acidification cruise, August 2022"
7468,01845845,43.4091,-67.0109,20220811,"East Coast Ocean Acidification cruise, August 2022"
7469,06262238,43.679,-67.11,20220811,"East Coast Ocean Acidification cruise, August 2022"
7470,10675570,43.812,-66.4705,20220811,"East Coast Ocean Acidification cruise, August 2022"
7471,14552174,43.6235,-67.3231,20220811,"East Coast Ocean Acidification cruise, August 2022"
7472,17674432,43.4099,-67.0084,20220811,"East Coast Ocean Acidification cruise, August 2022"
7473,18849133,43.818,-66.5254,20220811,"East Coast Ocean Acidification cruise, August 2022"
7474,19367113,43.8223,-66.5315,20220811,"East Coast Ocean Acidification cruise, August 2022"
7475,19394123,41.325,-70.566,20220811,Martha's Vineyard Coastal Observatory
7476,19671205,43.7855,-66.6612,20220811,"East Coast Ocean Acidification cruise, August 2022"
7477,22514208,43.7188,-66.9535,20220811,"East Coast Ocean Acidification cruise, August 2022"
7478,22878616,43.3168,-66.3313,20220811,"East Coast Ocean Acidification cruise, August 2022"
7479,23518130,43.3544,-66.6042,20220811,"East Coast Ocean Acidification cruise, August 2022"
7480,24375005,43.4435,-67.4542,20220811,"East Coast Ocean Acidification cruise, August 2022"
7481,24563322,43.8135,-66.5675,20220811,"East Coast Ocean Acidification cruise, August 2022"
7482,25322161,43.4877,-67.8557,20220811,"East Coast Ocean Acidification cruise, August 2022"
7483,26372390,43.8748,-66.3428,20220811,"East Coast Ocean Acidification cruise, August 2022"
7484,26712893,43.4873,-67.8542,20220811,"East Coast Ocean Acidification cruise, August 2022"
7485,29015053,43.8546,-66.3868,20220811,"East Coast Ocean Acidification cruise, August 2022"
7486,29554538,43.5064,-67.7891,20220811,"East Coast Ocean Acidification cruise, August 2022"
7487,34155576,43.3298,-66.4194,20220811,"East Coast Ocean Acidification cruise, August 2022"
7488,35439052,43.7363,-66.857,20220811,"East Coast Ocean Acidification cruise, August 2022"
7489,36214825,43.4866,-67.8521,20220811,"East Coast Ocean Acidification cruise, August 2022"
7490,36978051,43.7365,-66.8736,20220811,"East Coast Ocean Acidification cruise, August 2022"
7491,38121267,43.6362,-67.2783,20220811,"East Coast Ocean Acidification cruise, August 2022"
7492,38648290,43.5868,-67.4797,20220811,"East Coast Ocean Acidification cruise, August 2022"
7493,40568329,42.6065,-70.6606,20220811,Ocean Alliance dock
7494,40669612,43.6994,-67.0353,20220811,"East Coast Ocean Acidification cruise, August 2022"
7495,40822214,43.4331,-67.3447,20220811,"East Coast Ocean Acidification cruise, August 2022"
7496,46325390,43.4751,-67.7794,20220811,"East Coast Ocean Acidification cruise, August 2022"
7497,46650648,43.3966,-66.9217,20220811,"East Coast Ocean Acidification cruise, August 2022"
7498,47780343,43.417,-67.112,20220811,"East Coast Ocean Acidification cruise, August 2022"
7499,49265040,43.4599,-67.6722,20220811,"East Coast Ocean Acidification cruise, August 2022"
7500,51088437,43.7998,-66.62,20220811,"East Coast Ocean Acidification cruise, August 2022"
7501,51227176,43.6243,-67.322,20220811,"East Coast Ocean Acidification cruise, August 2022"
7502,55070256,43.3675,-66.705,20220811,"East Coast Ocean Acidification cruise, August 2022"
7503,55209572,43.3419,-66.5079,20220811,"East Coast Ocean Acidification cruise, August 2022"
7504,55601237,43.4252,-67.2276,20220811,"East Coast Ocean Acidification cruise, August 2022"
7505,56089499,43.4103,-67.0081,20220811,"East Coast Ocean Acidification cruise, August 2022"
7506,56319334,43.3823,-66.8102,20220811,"East Coast Ocean Acidification cruise, August 2022"
7507,59418642,43.4104,-67.0082,20220811,"East Coast Ocean Acidification cruise, August 2022"
7508,60874867,43.626,-67.3222,20220811,"East Coast Ocean Acidification cruise, August 2022"
7509,60906947,43.4875,-67.8552,20220811,"East Coast Ocean Acidification cruise, August 2022"
7510,66690990,43.7416,-66.8553,20220811,"East Coast Ocean Acidification cruise, August 2022"
7511,67342229,43.4878,-67.8559,20220811,"East Coast Ocean Acidification cruise, August 2022"
7512,68313080,43.5569,-67.6121,20220811,"East Coast Ocean Acidification cruise, August 2022"
7513,68352263,43.4858,-67.8497,20220811,"East Coast Ocean Acidification cruise, August 2022"
7514,69053399,43.5332,-67.6919,20220811,"East Coast Ocean Acidification cruise, August 2022"
7515,69902210,43.7394,-66.8549,20220811,"East Coast Ocean Acidification cruise, August 2022"
7516,71792870,43.4881,-67.8576,20220811,"East Coast Ocean Acidification cruise, August 2022"
7517,72247822,43.6582,-67.1944,20220811,"East Coast Ocean Acidification cruise, August 2022"
7518,72621804,43.7884,-66.6609,20220811,"East Coast Ocean Acidification cruise, August 2022"
7519,73888474,43.5677,-67.5572,20220811,"East Coast Ocean Acidification cruise, August 2022"
7520,73898390,43.4109,-67.0077,20220811,"East Coast Ocean Acidification cruise, August 2022"
7521,75505999,43.6074,-67.3983,20220811,"East Coast Ocean Acidification cruise, August 2022"
7522,76617609,43.5556,-67.6129,20220811,"East Coast Ocean Acidification cruise, August 2022"
7523,78016279,43.5588,-67.6107,20220811,"East Coast Ocean Acidification cruise, August 2022"
7524,83577389,43.6824,-67.0997,20220811,"East Coast Ocean Acidification cruise, August 2022"
7525,84691237,44.44,-68.205,20220811,Mount Desert Island Biological Laboratory
7526,85362309,43.7812,-66.6668,20220811,"East Coast Ocean Acidification cruise, August 2022"
7527,86036371,43.4511,-67.5628,20220811,"East Coast Ocean Acidification cruise, August 2022"
7528,91302518,43.6811,-67.102,20220811,"East Coast Ocean Acidification cruise, August 2022"
7529,98127516,43.7395,-66.8567,20220811,"East Coast Ocean Acidification cruise, August 2022"
7530,01250794,44.3742,-63.4562,20220812,"East Coast Ocean Acidification cruise, August 2022"
7531,05696673,43.3834,-65.1583,20220812,"East Coast Ocean Acidification cruise, August 2022"
7532,06899538,43.9966,-63.9098,20220812,"East Coast Ocean Acidification cruise, August 2022"
7533,07172335,43.3416,-65.252,20220812,"East Coast Ocean Acidification cruise, August 2022"
7534,11509364,44.2027,-63.5977,20220812,"East Coast Ocean Acidification cruise, August 2022"
7535,11657972,43.639,-64.6026,20220812,"East Coast Ocean Acidification cruise, August 2022"
7536,14340429,43.2849,-66.0817,20220812,"East Coast Ocean Acidification cruise, August 2022"
7537,16299553,44.2451,-63.4138,20220812,"East Coast Ocean Acidification cruise, August 2022"
7538,16729051,44.2453,-63.4135,20220812,"East Coast Ocean Acidification cruise, August 2022"
7539,17501549,43.3409,-65.2524,20220812,"East Coast Ocean Acidification cruise, August 2022"
7540,17827276,43.8461,-64.1517,20220812,"East Coast Ocean Acidification cruise, August 2022"
7541,19394123,41.325,-70.566,20220812,Martha's Vineyard Coastal Observatory
7542,23725132,44.1788,-63.3044,20220812,"East Coast Ocean Acidification cruise, August 2022"
7543,23885410,43.8622,-64.1159,20220812,"East Coast Ocean Acidification cruise, August 2022"
7544,24578480,44.1997,-63.6063,20220812,"East Coast Ocean Acidification cruise, August 2022"
7545,25406127,43.3075,-66.259,20220812,"East Coast Ocean Acidification cruise, August 2022"
7546,26338303,44.0222,-63.0747,20220812,"East Coast Ocean Acidification cruise, August 2022"
7547,31667171,43.7221,-64.4208,20220812,"East Coast Ocean Acidification cruise, August 2022"
7548,32254495,43.513,-64.8774,20220812,"East Coast Ocean Acidification cruise, August 2022"
7549,34300473,44.3554,-63.3906,20220812,"East Coast Ocean Acidification cruise, August 2022"
7550,35357413,43.4251,-65.0661,20220812,"East Coast Ocean Acidification cruise, August 2022"
7551,35507874,43.2716,-65.585,20220812,"East Coast Ocean Acidification cruise, August 2022"
7552,36736718,43.597,-64.6928,20220812,"East Coast Ocean Acidification cruise, August 2022"
7553,36781741,43.6804,-64.5125,20220812,"East Coast Ocean Acidification cruise, August 2022"
7554,40467420,43.8936,-64.0661,20220812,"East Coast Ocean Acidification cruise, August 2022"
7555,40568329,42.6065,-70.6606,20220812,Ocean Alliance dock
7556,42938174,43.3401,-65.2485,20220812,"East Coast Ocean Acidification cruise, August 2022"
7557,43992816,44.4018,-63.4309,20220812,"East Coast Ocean Acidification cruise, August 2022"
7558,44544809,43.3394,-65.2512,20220812,"East Coast Ocean Acidification cruise, August 2022"
7559,47800458,43.2722,-65.823,20220812,"East Coast Ocean Acidification cruise, August 2022"
7560,48156377,44.4044,-63.4351,20220812,"East Coast Ocean Acidification cruise, August 2022"
7561,49084645,43.8652,-64.1102,20220812,"East Coast Ocean Acidification cruise, August 2022"
7562,49746952,43.3039,-65.3612,20220812,"East Coast Ocean Acidification cruise, August 2022"
7563,57026127,44.2973,-63.4302,20220812,"East Coast Ocean Acidification cruise, August 2022"
7564,57909370,43.555,-64.7841,20220812,"East Coast Ocean Acidification cruise, August 2022"
7565,58663556,44.0476,-63.8322,20220812,"East Coast Ocean Acidification cruise, August 2022"
7566,59942417,43.8046,-64.2401,20220812,"East Coast Ocean Acidification cruise, August 2022"
7567,59954108,44.2457,-63.4141,20220812,"East Coast Ocean Acidification cruise, August 2022"
7568,60297979,43.8653,-64.111,20220812,"East Coast Ocean Acidification cruise, August 2022"
7569,63174267,43.8653,-64.1111,20220812,"East Coast Ocean Acidification cruise, August 2022"
7570,64669596,44.1478,-63.6797,20220812,"East Coast Ocean Acidification cruise, August 2022"
7571,64884533,43.9453,-63.9869,20220812,"East Coast Ocean Acidification cruise, August 2022"
7572,67006742,43.4682,-64.9727,20220812,"East Coast Ocean Acidification cruise, August 2022"
7573,71416176,44.1963,-63.6063,20220812,"East Coast Ocean Acidification cruise, August 2022"
7574,71585147,44.2287,-63.3861,20220812,"East Coast Ocean Acidification cruise, August 2022"
7575,74507649,44.0757,-63.149,20220812,"East Coast Ocean Acidification cruise, August 2022"
7576,74819574,44.2999,-63.4473,20220812,"East Coast Ocean Acidification cruise, August 2022"
7577,75780733,44.1987,-63.604,20220812,"East Coast Ocean Acidification cruise, August 2022"
7578,76254674,44.2007,-63.6086,20220812,"East Coast Ocean Acidification cruise, August 2022"
7579,78131791,43.2773,-66.0225,20220812,"East Coast Ocean Acidification cruise, August 2022"
7580,79856707,43.2737,-65.4655,20220812,"East Coast Ocean Acidification cruise, August 2022"
7581,80628202,43.2924,-66.1408,20220812,"East Coast Ocean Acidification cruise, August 2022"
7582,80732288,43.273,-65.9362,20220812,"East Coast Ocean Acidification cruise, August 2022"
7583,80978346,44.0979,-63.7555,20220812,"East Coast Ocean Acidification cruise, August 2022"
7584,81559264,43.8654,-64.1104,20220812,"East Coast Ocean Acidification cruise, August 2022"
7585,84691237,44.44,-68.205,20220812,Mount Desert Island Biological Laboratory
7586,87758228,44.2507,-63.524,20220812,"East Coast Ocean Acidification cruise, August 2022"
7587,89357548,43.2717,-65.7056,20220812,"East Coast Ocean Acidification cruise, August 2022"
7588,90007946,44.1294,-63.2234,20220812,"East Coast Ocean Acidification cruise, August 2022"
7589,92040779,43.7638,-64.3298,20220812,"East Coast Ocean Acidification cruise, August 2022"
7590,93355247,43.2999,-66.1999,20220812,"East Coast Ocean Acidification cruise, August 2022"
7591,93813816,43.9683,-63.0002,20220812,"East Coast Ocean Acidification cruise, August 2022"
7592,94579461,44.2021,-63.6111,20220812,"East Coast Ocean Acidification cruise, August 2022"
7593,09610372,43.1857,-62.1002,20220813,"East Coast Ocean Acidification cruise, August 2022"
7594,16153554,43.882,-62.8824,20220813,"East Coast Ocean Acidification cruise, August 2022"
7595,19394123,41.325,-70.566,20220813,Martha's Vineyard Coastal Observatory
7596,40568329,42.6065,-70.6606,20220813,Ocean Alliance dock
7597,43861325,43.8852,-62.8853,20220813,"East Coast Ocean Acidification cruise, August 2022"
7598,49222186,43.1842,-62.0995,20220813,"East Coast Ocean Acidification cruise, August 2022"
7599,50362821,43.14,-62.0469,20220813,"East Coast Ocean Acidification cruise, August 2022"
7600,52977917,43.5809,-62.5603,20220813,"East Coast Ocean Acidification cruise, August 2022"
7601,55099919,43.7081,-62.6955,20220813,"East Coast Ocean Acidification cruise, August 2022"
7602,58353551,43.186,-62.1006,20220813,"East Coast Ocean Acidification cruise, August 2022"
7603,66882567,43.1865,-62.093,20220813,"East Coast Ocean Acidification cruise, August 2022"
7604,76033142,43.8856,-62.8863,20220813,"East Coast Ocean Acidification cruise, August 2022"
7605,78075173,43.8748,-62.8738,20220813,"East Coast Ocean Acidification cruise, August 2022"
7606,80316599,43.1876,-62.1,20220813,"East Coast Ocean Acidification cruise, August 2022"
7607,82825248,43.4534,-62.4206,20220813,"East Coast Ocean Acidification cruise, August 2022"
7608,83203322,43.5147,-62.489,20220813,"East Coast Ocean Acidification cruise, August 2022"
7609,84691237,44.44,-68.205,20220813,Mount Desert Island Biological Laboratory
7610,85125552,43.2126,-62.1343,20220813,"East Coast Ocean Acidification cruise, August 2022"
7611,85822113,43.8319,-62.8253,20220813,"East Coast Ocean Acidification cruise, August 2022"
7612,87651372,43.3926,-62.3476,20220813,"East Coast Ocean Acidification cruise, August 2022"
7613,88004820,43.6453,-62.6291,20220813,"East Coast Ocean Acidification cruise, August 2022"
7614,91742646,43.2722,-62.2046,20220813,"East Coast Ocean Acidification cruise, August 2022"
7615,92232251,43.4757,-62.4509,20220813,"East Coast Ocean Acidification cruise, August 2022"
7616,94163623,43.3313,-62.2759,20220813,"East Coast Ocean Acidification cruise, August 2022"
7617,94305734,43.7696,-62.7622,20220813,"East Coast Ocean Acidification cruise, August 2022"
7618,94736021,43.9128,-62.9259,20220813,"East Coast Ocean Acidification cruise, August 2022"
7619,19394123,41.325,-70.566,20220814,Martha's Vineyard Coastal Observatory
7620,40568329,42.6065,-70.6606,20220814,Ocean Alliance dock
7621,84691237,44.44,-68.205,20220814,Mount Desert Island Biological Laboratory
7622,19394123,41.325,-70.566,20220815,Martha's Vineyard Coastal Observatory
7623,31359290,44.0548,-63.0479,20220815,"East Coast Ocean Acidification cruise, August 2022"
7624,33360677,44.1286,-62.857,20220815,"East Coast Ocean Acidification cruise, August 2022"
7625,34184156,44.2046,-62.6659,20220815,"East Coast Ocean Acidification cruise, August 2022"
7626,40568329,42.6065,-70.6606,20220815,Ocean Alliance dock
7627,47661791,44.017,-63.1424,20220815,"East Coast Ocean Acidification cruise, August 2022"
7628,55398313,44.0919,-62.9529,20220815,"East Coast Ocean Acidification cruise, August 2022"
7629,84691237,44.44,-68.205,20220815,Mount Desert Island Biological Laboratory
7630,96345320,44.1675,-62.7627,20220815,"East Coast Ocean Acidification cruise, August 2022"
7631,00883678,43.1988,-65.1826,20220816,"East Coast Ocean Acidification cruise, August 2022"
7632,01277172,43.2535,-65.378,20220816,"East Coast Ocean Acidification cruise, August 2022"
7633,04285300,43.2245,-65.2853,20220816,"East Coast Ocean Acidification cruise, August 2022"
7634,05185583,42.9019,-65.7625,20220816,"East Coast Ocean Acidification cruise, August 2022"
7635,09273100,42.5957,-65.8497,20220816,"East Coast Ocean Acidification cruise, August 2022"
7636,10422573,42.7602,-65.7979,20220816,"East Coast Ocean Acidification cruise, August 2022"
7637,17260266,43.902,-63.4303,20220816,"East Coast Ocean Acidification cruise, August 2022"
7638,17973727,43.2604,-65.5971,20220816,"East Coast Ocean Acidification cruise, August 2022"
7639,19047261,43.1968,-65.1885,20220816,"East Coast Ocean Acidification cruise, August 2022"
7640,19394123,41.325,-70.566,20220816,Martha's Vineyard Coastal Observatory
7641,24258657,43.2736,-65.4773,20220816,"East Coast Ocean Acidification cruise, August 2022"
7642,24950620,43.8644,-63.5278,20220816,"East Coast Ocean Acidification cruise, August 2022"
7643,25541552,43.1593,-65.6371,20220816,"East Coast Ocean Acidification cruise, August 2022"
7644,29658793,43.9406,-63.3328,20220816,"East Coast Ocean Acidification cruise, August 2022"
7645,31138360,43.041,-65.6995,20220816,"East Coast Ocean Acidification cruise, August 2022"
7646,33553848,43.2124,-65.6144,20220816,"East Coast Ocean Acidification cruise, August 2022"
7647,33787321,42.9034,-65.7518,20220816,"East Coast Ocean Acidification cruise, August 2022"
7648,34498722,42.6074,-65.8541,20220816,"East Coast Ocean Acidification cruise, August 2022"
7649,34727752,42.6097,-65.8575,20220816,"East Coast Ocean Acidification cruise, August 2022"
7650,35873331,43.0414,-65.694,20220816,"East Coast Ocean Acidification cruise, August 2022"
7651,38958718,43.3594,-64.7899,20220816,"East Coast Ocean Acidification cruise, August 2022"
7652,40568329,42.6065,-70.6606,20220816,Ocean Alliance dock
7653,41556325,42.7693,-65.8006,20220816,"East Coast Ocean Acidification cruise, August 2022"
7654,41605425,43.632,-64.1076,20220816,"East Coast Ocean Acidification cruise, August 2022"
7655,42932963,43.042,-65.6899,20220816,"East Coast Ocean Acidification cruise, August 2022"
7656,43605768,43.1984,-65.1828,20220816,"East Coast Ocean Acidification cruise, August 2022"
7657,44786214,43.2859,-64.9728,20220816,"East Coast Ocean Acidification cruise, August 2022"
7658,44814639,43.1264,-65.6504,20220816,"East Coast Ocean Acidification cruise, August 2022"
7659,52233398,43.594,-64.2038,20220816,"East Coast Ocean Acidification cruise, August 2022"
7660,52350608,43.3224,-64.8811,20220816,"East Coast Ocean Acidification cruise, August 2022"
7661,55283489,43.2821,-65.5499,20220816,"East Coast Ocean Acidification cruise, August 2022"
7662,56498081,42.6584,-65.8406,20220816,"East Coast Ocean Acidification cruise, August 2022"
7663,56680427,42.9521,-65.731,20220816,"East Coast Ocean Acidification cruise, August 2022"
7664,59325792,43.7484,-63.8189,20220816,"East Coast Ocean Acidification cruise, August 2022"
7665,59634456,43.0735,-65.6746,20220816,"East Coast Ocean Acidification cruise, August 2022"
7666,61385745,42.7114,-65.8211,20220816,"East Coast Ocean Acidification cruise, August 2022"
7667,65470725,42.7621,-65.8013,20220816,"East Coast Ocean Acidification cruise, August 2022"
7668,66385115,43.041,-65.6988,20220816,"East Coast Ocean Acidification cruise, August 2022"
7669,66565871,43.9783,-63.2369,20220816,"East Coast Ocean Acidification cruise, August 2022"
7670,66859147,43.7087,-63.9151,20220816,"East Coast Ocean Acidification cruise, August 2022"
7671,67710497,43.5555,-64.3,20220816,"East Coast Ocean Acidification cruise, August 2022"
7672,69162226,42.8793,-65.763,20220816,"East Coast Ocean Acidification cruise, August 2022"
7673,69475823,42.4416,-65.8906,20220816,"East Coast Ocean Acidification cruise, August 2022"
7674,71533991,43.7867,-63.7211,20220816,"East Coast Ocean Acidification cruise, August 2022"
7675,75467738,42.9022,-65.7569,20220816,"East Coast Ocean Acidification cruise, August 2022"
7676,75817975,42.5462,-65.8643,20220816,"East Coast Ocean Acidification cruise, August 2022"
7677,77645212,43.4323,-64.607,20220816,"East Coast Ocean Acidification cruise, August 2022"
7678,78335469,43.1971,-65.1969,20220816,"East Coast Ocean Acidification cruise, August 2022"
7679,79441572,42.4007,-65.9023,20220816,"East Coast Ocean Acidification cruise, August 2022"
7680,82139770,42.491,-65.8795,20220816,"East Coast Ocean Acidification cruise, August 2022"
7681,83649659,42.8952,-65.7688,20220816,"East Coast Ocean Acidification cruise, August 2022"
7682,84459182,43.2076,-65.1637,20220816,"East Coast Ocean Acidification cruise, August 2022"
7683,84691237,44.44,-68.205,20220816,Mount Desert Island Biological Laboratory
7684,85927925,43.2832,-65.5511,20220816,"East Coast Ocean Acidification cruise, August 2022"
7685,86148713,43.2468,-65.0679,20220816,"East Coast Ocean Acidification cruise, August 2022"
7686,86816986,43.6701,-64.0114,20220816,"East Coast Ocean Acidification cruise, August 2022"
7687,89839944,43.8252,-63.6239,20220816,"East Coast Ocean Acidification cruise, August 2022"
7688,92815444,43.3956,-64.6978,20220816,"East Coast Ocean Acidification cruise, August 2022"
7689,95761072,43.4713,-64.5116,20220816,"East Coast Ocean Acidification cruise, August 2022"
7690,97354025,43.0057,-65.7089,20220816,"East Coast Ocean Acidification cruise, August 2022"
7691,97388189,43.1627,-65.6323,20220816,"East Coast Ocean Acidification cruise, August 2022"
7692,98524150,42.8248,-65.7805,20220816,"East Coast Ocean Acidification cruise, August 2022"
7693,99457790,42.8994,-65.7526,20220816,"East Coast Ocean Acidification cruise, August 2022"
7694,02222609,42.0265,-66.0043,20220817,"East Coast Ocean Acidification cruise, August 2022"
7695,04946370,42.191,-66.5062,20220817,"East Coast Ocean Acidification cruise, August 2022"
7696,07404407,41.7279,-66.0308,20220817,"East Coast Ocean Acidification cruise, August 2022"
7697,10082384,41.8273,-65.8289,20220817,"East Coast Ocean Acidification cruise, August 2022"
7698,13681713,42.3229,-65.9182,20220817,"East Coast Ocean Acidification cruise, August 2022"
7699,14876069,42.2585,-66.5364,20220817,"East Coast Ocean Acidification cruise, August 2022"
7700,14944022,42.1646,-65.9552,20220817,"East Coast Ocean Acidification cruise, August 2022"
7701,15258201,41.9265,-65.9178,20220817,"East Coast Ocean Acidification cruise, August 2022"
7702,15344465,41.8178,-66.1547,20220817,"East Coast Ocean Acidification cruise, August 2022"
7703,17935146,42.1718,-65.946,20220817,"East Coast Ocean Acidification cruise, August 2022"
7704,18177863,42.2939,-65.9251,20220817,"East Coast Ocean Acidification cruise, August 2022"
7705,18187014,42.166,-65.9652,20220817,"East Coast Ocean Acidification cruise, August 2022"
7706,19227963,42.1118,-66.4803,20220817,"East Coast Ocean Acidification cruise, August 2022"
7707,19394123,41.325,-70.566,20220817,Martha's Vineyard Coastal Observatory
7708,20043340,41.7732,-66.0929,20220817,"East Coast Ocean Acidification cruise, August 2022"
7709,20063985,42.4215,-66.6077,20220817,"East Coast Ocean Acidification cruise, August 2022"
7710,21168133,41.6569,-65.8374,20220817,"East Coast Ocean Acidification cruise, August 2022"
7711,22924349,42.2121,-65.9388,20220817,"East Coast Ocean Acidification cruise, August 2022"
7712,27404224,42.1615,-65.9525,20220817,"East Coast Ocean Acidification cruise, August 2022"
7713,27555979,42.355,-66.5806,20220817,"East Coast Ocean Acidification cruise, August 2022"
7714,29501693,42.0534,-66.4782,20220817,"East Coast Ocean Acidification cruise, August 2022"
7715,30415594,42.1929,-66.5089,20220817,"East Coast Ocean Acidification cruise, August 2022"
7716,30698751,41.651,-65.9017,20220817,"East Coast Ocean Acidification cruise, August 2022"
7717,32151470,41.9183,-66.2908,20220817,"East Coast Ocean Acidification cruise, August 2022"
7718,34751387,41.674,-65.7101,20220817,"East Coast Ocean Acidification cruise, August 2022"
7719,34940026,41.7818,-65.7894,20220817,"East Coast Ocean Acidification cruise, August 2022"
7720,40568329,42.6065,-70.6606,20220817,Ocean Alliance dock
7721,41137402,42.3241,-65.9178,20220817,"East Coast Ocean Acidification cruise, August 2022"
7722,41397012,42.1844,-66.5021,20220817,"East Coast Ocean Acidification cruise, August 2022"
7723,46734169,42.0429,-66.4611,20220817,"East Coast Ocean Acidification cruise, August 2022"
7724,46956469,41.6633,-65.7741,20220817,"East Coast Ocean Acidification cruise, August 2022"
7725,49118621,41.6481,-65.9214,20220817,"East Coast Ocean Acidification cruise, August 2022"
7726,49910408,42.4938,-66.636,20220817,"East Coast Ocean Acidification cruise, August 2022"
7727,51415261,42.3496,-66.5689,20220817,"East Coast Ocean Acidification cruise, August 2022"
7728,51610940,42.0275,-66.0068,20220817,"East Coast Ocean Acidification cruise, August 2022"
7729,52253745,42.0481,-66.4696,20220817,"East Coast Ocean Acidification cruise, August 2022"
7730,53584789,42.3555,-66.5815,20220817,"East Coast Ocean Acidification cruise, August 2022"
7731,54283160,41.9792,-65.9628,20220817,"East Coast Ocean Acidification cruise, August 2022"
7732,56319581,42.1925,-66.5084,20220817,"East Coast Ocean Acidification cruise, August 2022"
7733,59456090,41.6464,-65.9216,20220817,"East Coast Ocean Acidification cruise, August 2022"
7734,60768920,41.8658,-66.218,20220817,"East Coast Ocean Acidification cruise, August 2022"
7735,62119696,42.3553,-66.5759,20220817,"East Coast Ocean Acidification cruise, August 2022"
7736,62791935,42.2063,-66.5105,20220817,"East Coast Ocean Acidification cruise, August 2022"
7737,68253865,41.875,-65.8704,20220817,"East Coast Ocean Acidification cruise, August 2022"
7738,70356554,42.0252,-66.002,20220817,"East Coast Ocean Acidification cruise, August 2022"
7739,70919917,41.9727,-66.3643,20220817,"East Coast Ocean Acidification cruise, August 2022"
7740,73573134,42.0276,-66.4389,20220817,"East Coast Ocean Acidification cruise, August 2022"
7741,76387166,41.6742,-65.6945,20220817,"East Coast Ocean Acidification cruise, August 2022"
7742,78742912,42.2536,-65.9288,20220817,"East Coast Ocean Acidification cruise, August 2022"
7743,81562403,41.6833,-65.9702,20220817,"East Coast Ocean Acidification cruise, August 2022"
7744,81658473,42.1923,-66.5081,20220817,"East Coast Ocean Acidification cruise, August 2022"
7745,82858030,41.6751,-65.6957,20220817,"East Coast Ocean Acidification cruise, August 2022"
7746,84301115,42.3122,-66.5627,20220817,"East Coast Ocean Acidification cruise, August 2022"
7747,84484302,42.1356,-65.9619,20220817,"East Coast Ocean Acidification cruise, August 2022"
7748,84691237,44.44,-68.205,20220817,Mount Desert Island Biological Laboratory
7749,86888000,41.6728,-65.6927,20220817,"East Coast Ocean Acidification cruise, August 2022"
7750,89679651,42.3236,-65.9168,20220817,"East Coast Ocean Acidification cruise, August 2022"
7751,90011749,41.675,-65.6954,20220817,"East Coast Ocean Acidification cruise, August 2022"
7752,96542139,41.6923,-65.7107,20220817,"East Coast Ocean Acidification cruise, August 2022"
7753,96767944,42.3536,-66.5761,20220817,"East Coast Ocean Acidification cruise, August 2022"
7754,98735396,42.3595,-65.9108,20220817,"East Coast Ocean Acidification cruise, August 2022"
7755,02465385,42.644,-67.2396,20220818,"East Coast Ocean Acidification cruise, August 2022"
7756,02814203,43.1369,-67.5462,20220818,"East Coast Ocean Acidification cruise, August 2022"
7757,03422159,43.169,-67.4765,20220818,"East Coast Ocean Acidification cruise, August 2022"
7758,04442762,42.186,-67.0877,20220818,"East Coast Ocean Acidification cruise, August 2022"
7759,04825650,42.4362,-67.121,20220818,"East Coast Ocean Acidification cruise, August 2022"
7760,06945326,42.1865,-67.0907,20220818,"East Coast Ocean Acidification cruise, August 2022"
7761,09286108,42.896,-67.4249,20220818,"East Coast Ocean Acidification cruise, August 2022"
7762,10853228,42.7111,-66.7176,20220818,"East Coast Ocean Acidification cruise, August 2022"
7763,11053950,43.1855,-67.569,20220818,"East Coast Ocean Acidification cruise, August 2022"
7764,11201011,41.9123,-67.0066,20220818,"East Coast Ocean Acidification cruise, August 2022"
7765,14283964,41.6162,-66.8944,20220818,"East Coast Ocean Acidification cruise, August 2022"
7766,14723697,42.1321,-67.0885,20220818,"East Coast Ocean Acidification cruise, August 2022"
7767,17055145,42.5236,-67.1401,20220818,"East Coast Ocean Acidification cruise, August 2022"
7768,19299026,42.8266,-67.3869,20220818,"East Coast Ocean Acidification cruise, August 2022"
7769,19394123,41.325,-70.566,20220818,Martha's Vineyard Coastal Observatory
7770,22554348,43.0961,-67.077,20220818,"East Coast Ocean Acidification cruise, August 2022"
7771,24150650,43.0604,-66.8789,20220818,"East Coast Ocean Acidification cruise, August 2022"
7772,28741502,43.0774,-66.9708,20220818,"East Coast Ocean Acidification cruise, August 2022"
7773,28984725,42.1283,-67.0848,20220818,"East Coast Ocean Acidification cruise, August 2022"
7774,33399971,42.2873,-67.1035,20220818,"East Coast Ocean Acidification cruise, August 2022"
7775,35056958,42.1253,-67.0858,20220818,"East Coast Ocean Acidification cruise, August 2022"
7776,36778748,43.1516,-67.3787,20220818,"East Coast Ocean Acidification cruise, August 2022"
7777,39591291,43.1336,-67.279,20220818,"East Coast Ocean Acidification cruise, August 2022"
7778,39769305,42.5103,-67.1239,20220818,"East Coast Ocean Acidification cruise, August 2022"
7779,39806186,42.7788,-66.7431,20220818,"East Coast Ocean Acidification cruise, August 2022"
7780,40568329,42.6065,-70.6606,20220818,Ocean Alliance dock
7781,41635221,41.8355,-66.9779,20220818,"East Coast Ocean Acidification cruise, August 2022"
7782,42152112,41.9861,-67.0338,20220818,"East Coast Ocean Acidification cruise, August 2022"
7783,42911201,43.0563,-66.8492,20220818,"East Coast Ocean Acidification cruise, August 2022"
7784,45036721,42.8353,-67.3919,20220818,"East Coast Ocean Acidification cruise, August 2022"
7785,47083694,43.0561,-66.8486,20220818,"East Coast Ocean Acidification cruise, August 2022"
7786,47335764,42.639,-66.6912,20220818,"East Coast Ocean Acidification cruise, August 2022"
7787,49180086,42.1349,-67.0912,20220818,"East Coast Ocean Acidification cruise, August 2022"
7788,51199340,42.9715,-67.4633,20220818,"East Coast Ocean Acidification cruise, August 2022"
7789,52298448,42.7056,-67.2884,20220818,"East Coast Ocean Acidification cruise, August 2022"
7790,56029393,42.0576,-67.0603,20220818,"East Coast Ocean Acidification cruise, August 2022"
7791,56160867,42.9223,-66.7991,20220818,"East Coast Ocean Acidification cruise, August 2022"
7792,61675002,41.758,-66.9497,20220818,"East Coast Ocean Acidification cruise, August 2022"
7793,62884261,42.5836,-67.189,20220818,"East Coast Ocean Acidification cruise, August 2022"
7794,64998185,41.6785,-66.9202,20220818,"East Coast Ocean Acidification cruise, August 2022"
7795,65127049,43.1863,-67.5706,20220818,"East Coast Ocean Acidification cruise, August 2022"
7796,66930706,42.7661,-67.3382,20220818,"East Coast Ocean Acidification cruise, August 2022"
7797,67448976,42.8512,-66.7704,20220818,"East Coast Ocean Acidification cruise, August 2022"
7798,68735483,42.513,-67.13,20220818,"East Coast Ocean Acidification cruise, August 2022"
7799,68923316,42.5682,-66.6649,20220818,"East Coast Ocean Acidification cruise, August 2022"
7800,72738812,43.05,-66.8503,20220818,"East Coast Ocean Acidification cruise, August 2022"
7801,73340117,42.1718,-67.0924,20220818,"East Coast Ocean Acidification cruise, August 2022"
7802,75429670,42.8375,-67.3942,20220818,"East Coast Ocean Acidification cruise, August 2022"
7803,77114990,43.1148,-67.1799,20220818,"East Coast Ocean Acidification cruise, August 2022"
7804,78550606,42.5081,-67.1184,20220818,"East Coast Ocean Acidification cruise, August 2022"
7805,84691237,44.44,-68.205,20220818,Mount Desert Island Biological Laboratory
7806,85463207,43.0562,-66.8493,20220818,"East Coast Ocean Acidification cruise, August 2022"
7807,86793310,42.1422,-67.087,20220818,"East Coast Ocean Acidification cruise, August 2022"
7808,87062504,42.5112,-67.1261,20220818,"East Coast Ocean Acidification cruise, August 2022"
7809,90674532,42.1276,-67.0829,20220818,"East Coast Ocean Acidification cruise, August 2022"
7810,90798779,42.1245,-67.0847,20220818,"East Coast Ocean Acidification cruise, August 2022"
7811,93024316,42.9928,-66.8254,20220818,"East Coast Ocean Acidification cruise, August 2022"
7812,93396590,43.1852,-67.5646,20220818,"East Coast Ocean Acidification cruise, August 2022"
7813,94136163,42.2136,-67.0923,20220818,"East Coast Ocean Acidification cruise, August 2022"
7814,95447479,42.5016,-67.1185,20220818,"East Coast Ocean Acidification cruise, August 2022"
7815,95937437,41.6252,-66.8993,20220818,"East Coast Ocean Acidification cruise, August 2022"
7816,97500514,42.5092,-67.1211,20220818,"East Coast Ocean Acidification cruise, August 2022"
7817,98738254,42.3618,-67.1132,20220818,"East Coast Ocean Acidification cruise, August 2022"
7818,01953419,40.6853,-66.719,20220819,"East Coast Ocean Acidification cruise, August 2022"
7819,03116859,40.5251,-66.4105,20220819,"East Coast Ocean Acidification cruise, August 2022"
7820,04345559,40.5329,-66.416,20220819,"East Coast Ocean Acidification cruise, August 2022"
7821,09899178,40.9082,-66.5794,20220819,"East Coast Ocean Acidification cruise, August 2022"
7822,10036904,40.9448,-66.5667,20220819,"East Coast Ocean Acidification cruise, August 2022"
7823,10215855,41.0667,-66.6332,20220819,"East Coast Ocean Acidification cruise, August 2022"
7824,10555649,40.9786,-66.5694,20220819,"East Coast Ocean Acidification cruise, August 2022"
7825,18648903,40.6859,-66.4836,20220819,"East Coast Ocean Acidification cruise, August 2022"
7826,18773762,41.1118,-66.7014,20220819,"East Coast Ocean Acidification cruise, August 2022"
7827,19394123,41.325,-70.566,20220819,Martha's Vineyard Coastal Observatory
7828,21404677,40.5269,-66.4117,20220819,"East Coast Ocean Acidification cruise, August 2022"
7829,22081215,41.6034,-66.8948,20220819,"East Coast Ocean Acidification cruise, August 2022"
7830,26416902,41.2772,-66.7642,20220819,"East Coast Ocean Acidification cruise, August 2022"
7831,28055446,41.0364,-66.5781,20220819,"East Coast Ocean Acidification cruise, August 2022"
7832,28295214,40.6868,-66.4846,20220819,"East Coast Ocean Acidification cruise, August 2022"
7833,28946428,40.5747,-66.4334,20220819,"East Coast Ocean Acidification cruise, August 2022"
7834,29179422,40.9243,-66.5596,20220819,"East Coast Ocean Acidification cruise, August 2022"
7835,31324904,40.9486,-66.5642,20220819,"East Coast Ocean Acidification cruise, August 2022"
7836,31720184,40.9379,-66.5674,20220819,"East Coast Ocean Acidification cruise, August 2022"
7837,31977403,40.888,-66.5503,20220819,"East Coast Ocean Acidification cruise, August 2022"
7838,33646711,40.8462,-66.535,20220819,"East Coast Ocean Acidification cruise, August 2022"
7839,37752274,41.1194,-66.7035,20220819,"East Coast Ocean Acidification cruise, August 2022"
7840,37796879,40.8468,-66.5353,20220819,"East Coast Ocean Acidification cruise, August 2022"
7841,41533515,40.6877,-66.4851,20220819,"East Coast Ocean Acidification cruise, August 2022"
7842,42051130,41.1983,-66.7334,20220819,"East Coast Ocean Acidification cruise, August 2022"
7843,43769685,40.5282,-66.4127,20220819,"East Coast Ocean Acidification cruise, August 2022"
7844,44938093,41.1089,-66.7048,20220819,"East Coast Ocean Acidification cruise, August 2022"
7845,46048010,40.6844,-66.4822,20220819,"East Coast Ocean Acidification cruise, August 2022"
7846,46809390,40.5992,-66.5463,20220819,"East Coast Ocean Acidification cruise, August 2022"
7847,55724026,40.5312,-66.4146,20220819,"East Coast Ocean Acidification cruise, August 2022"
7848,55847074,40.9102,-66.5803,20220819,"East Coast Ocean Acidification cruise, August 2022"
7849,56121197,40.8914,-66.5536,20220819,"East Coast Ocean Acidification cruise, August 2022"
7850,57540114,40.6412,-66.6317,20220819,"East Coast Ocean Acidification cruise, August 2022"
7851,58898632,40.6295,-66.459,20220819,"East Coast Ocean Acidification cruise, August 2022"
7852,59066959,40.5295,-66.4135,20220819,"East Coast Ocean Acidification cruise, August 2022"
7853,62899040,40.8931,-66.5577,20220819,"East Coast Ocean Acidification cruise, August 2022"
7854,66586612,40.9088,-66.5796,20220819,"East Coast Ocean Acidification cruise, August 2022"
7855,67842481,41.3575,-66.7968,20220819,"East Coast Ocean Acidification cruise, August 2022"
7856,73066138,40.9109,-66.5574,20220819,"East Coast Ocean Acidification cruise, August 2022"
7857,73258670,41.0387,-66.5824,20220819,"East Coast Ocean Acidification cruise, August 2022"
7858,74277130,41.0152,-66.577,20220819,"East Coast Ocean Acidification cruise, August 2022"
7859,74757735,40.8442,-66.5338,20220819,"East Coast Ocean Acidification cruise, August 2022"
7860,74832122,40.6865,-66.4843,20220819,"East Coast Ocean Acidification cruise, August 2022"
7861,78410540,40.95,-66.5654,20220819,"East Coast Ocean Acidification cruise, August 2022"
7862,78627231,40.6991,-66.748,20220819,"East Coast Ocean Acidification cruise, August 2022"
7863,79907990,40.6834,-66.4816,20220819,"East Coast Ocean Acidification cruise, August 2022"
7864,80649288,40.8889,-66.5509,20220819,"East Coast Ocean Acidification cruise, August 2022"
7865,81173499,40.7934,-66.5183,20220819,"East Coast Ocean Acidification cruise, August 2022"
7866,81990913,40.5237,-66.4094,20220819,"East Coast Ocean Acidification cruise, August 2022"
7867,82762138,40.8926,-66.5709,20220819,"East Coast Ocean Acidification cruise, August 2022"
7868,84691237,44.44,-68.205,20220819,Mount Desert Island Biological Laboratory
7869,86903840,40.9094,-66.5799,20220819,"East Coast Ocean Acidification cruise, August 2022"
7870,86998594,40.6815,-66.4791,20220819,"East Coast Ocean Acidification cruise, August 2022"
7871,88630436,41.4409,-66.8283,20220819,"East Coast Ocean Acidification cruise, August 2022"
7872,88716746,41.0387,-66.579,20220819,"East Coast Ocean Acidification cruise, August 2022"
7873,88903575,40.5573,-66.4646,20220819,"East Coast Ocean Acidification cruise, August 2022"
7874,89362769,40.6882,-66.4854,20220819,"East Coast Ocean Acidification cruise, August 2022"
7875,91004595,40.7379,-66.5008,20220819,"East Coast Ocean Acidification cruise, August 2022"
7876,91450238,40.8484,-66.5366,20220819,"East Coast Ocean Acidification cruise, August 2022"
7877,96588092,41.5229,-66.8611,20220819,"East Coast Ocean Acidification cruise, August 2022"
7878,97142243,41.0922,-66.6893,20220819,"East Coast Ocean Acidification cruise, August 2022"
7879,02047243,40.4486,-67.5057,20220820,"East Coast Ocean Acidification cruise, August 2022"
7880,02122678,40.3471,-67.9234,20220820,"East Coast Ocean Acidification cruise, August 2022"
7881,03027521,41.0693,-67.8199,20220820,"East Coast Ocean Acidification cruise, August 2022"
7882,04097581,40.7586,-66.7762,20220820,"East Coast Ocean Acidification cruise, August 2022"
7883,04228062,40.3754,-67.6706,20220820,"East Coast Ocean Acidification cruise, August 2022"
7884,04817401,40.6579,-67.0408,20220820,"East Coast Ocean Acidification cruise, August 2022"
7885,07474315,41.4847,-68.1694,20220820,"East Coast Ocean Acidification cruise, August 2022"
7886,07768728,40.3714,-68.1919,20220820,"East Coast Ocean Acidification cruise, August 2022"
7887,08809382,40.3723,-68.191,20220820,"East Coast Ocean Acidification cruise, August 2022"
7888,11520996,40.3301,-68.1387,20220820,"East Coast Ocean Acidification cruise, August 2022"
7889,11640263,41.0812,-67.8113,20220820,"East Coast Ocean Acidification cruise, August 2022"
7890,18790980,40.3669,-67.7156,20220820,"East Coast Ocean Acidification cruise, August 2022"
7891,19394123,41.325,-70.566,20220820,Martha's Vineyard Coastal Observatory
7892,27266966,40.3399,-68.0294,20220820,"East Coast Ocean Acidification cruise, August 2022"
7893,28379903,41.5573,-68.2128,20220820,"East Coast Ocean Acidification cruise, August 2022"
7894,28476104,40.6988,-67.9866,20220820,"East Coast Ocean Acidification cruise, August 2022"
7895,28862001,40.3283,-68.1296,20220820,"East Coast Ocean Acidification cruise, August 2022"
7896,29354413,41.074,-67.8234,20220820,"East Coast Ocean Acidification cruise, August 2022"
7897,29490525,41.0767,-67.8226,20220820,"East Coast Ocean Acidification cruise, August 2022"
7898,30034144,41.3778,-68.0136,20220820,"East Coast Ocean Acidification cruise, August 2022"
7899,31786605,40.5491,-68.0875,20220820,"East Coast Ocean Acidification cruise, August 2022"
7900,35768285,40.708,-66.7645,20220820,"East Coast Ocean Acidification cruise, August 2022"
7901,36307100,40.7845,-67.9319,20220820,"East Coast Ocean Acidification cruise, August 2022"
7902,37432502,40.3708,-67.679,20220820,"East Coast Ocean Acidification cruise, August 2022"
7903,38920243,40.3725,-68.1908,20220820,"East Coast Ocean Acidification cruise, August 2022"
7904,42592876,41.432,-68.0927,20220820,"East Coast Ocean Acidification cruise, August 2022"
7905,43442931,40.6936,-66.7464,20220820,"East Coast Ocean Acidification cruise, August 2022"
7906,43543968,40.3559,-67.8207,20220820,"East Coast Ocean Acidification cruise, August 2022"
7907,43893902,40.3264,-68.129,20220820,"East Coast Ocean Acidification cruise, August 2022"
7908,47236449,40.688,-66.7572,20220820,"East Coast Ocean Acidification cruise, August 2022"
7909,47387311,40.3717,-67.6797,20220820,"East Coast Ocean Acidification cruise, August 2022"
7910,50803837,40.7699,-66.781,20220820,"East Coast Ocean Acidification cruise, August 2022"
7911,52630988,40.9284,-67.868,20220820,"East Coast Ocean Acidification cruise, August 2022"
7912,53659430,41.0654,-67.8143,20220820,"East Coast Ocean Acidification cruise, August 2022"
7913,59089285,40.7711,-66.781,20220820,"East Coast Ocean Acidification cruise, August 2022"
7914,60033969,41.6302,-68.2505,20220820,"East Coast Ocean Acidification cruise, August 2022"
7915,61486756,40.4898,-67.415,20220820,"East Coast Ocean Acidification cruise, August 2022"
7916,61825530,40.5735,-67.228,20220820,"East Coast Ocean Acidification cruise, August 2022"
7917,62032575,40.5317,-67.3212,20220820,"East Coast Ocean Acidification cruise, August 2022"
7918,62662793,40.3667,-68.1869,20220820,"East Coast Ocean Acidification cruise, August 2022"
7919,66861790,40.7136,-67.9756,20220820,"East Coast Ocean Acidification cruise, August 2022"
7920,70668128,40.6188,-68.0445,20220820,"East Coast Ocean Acidification cruise, August 2022"
7921,70678505,40.6883,-67.9991,20220820,"East Coast Ocean Acidification cruise, August 2022"
7922,71507528,41.2288,-67.9095,20220820,"East Coast Ocean Acidification cruise, August 2022"
7923,71674137,40.7006,-66.9455,20220820,"East Coast Ocean Acidification cruise, August 2022"
7924,72350358,41.0006,-67.8346,20220820,"East Coast Ocean Acidification cruise, August 2022"
7925,74138557,40.479,-68.1288,20220820,"East Coast Ocean Acidification cruise, August 2022"
7926,74717218,40.4097,-68.1704,20220820,"East Coast Ocean Acidification cruise, August 2022"
7927,77366165,40.3305,-68.1325,20220820,"East Coast Ocean Acidification cruise, August 2022"
7928,77791722,41.0632,-67.8092,20220820,"East Coast Ocean Acidification cruise, August 2022"
7929,78293368,40.3315,-68.1268,20220820,"East Coast Ocean Acidification cruise, August 2022"
7930,79416367,40.6153,-67.1351,20220820,"East Coast Ocean Acidification cruise, August 2022"
7931,82398982,40.6965,-66.7467,20220820,"East Coast Ocean Acidification cruise, August 2022"
7932,84691237,44.44,-68.205,20220820,Mount Desert Island Biological Laboratory
7933,84692568,40.6996,-67.9883,20220820,"East Coast Ocean Acidification cruise, August 2022"
7934,87729318,40.4084,-67.5972,20220820,"East Coast Ocean Acidification cruise, August 2022"
7935,94587783,41.3055,-67.9615,20220820,"East Coast Ocean Acidification cruise, August 2022"
7936,98336678,41.1521,-67.859,20220820,"East Coast Ocean Acidification cruise, August 2022"
7937,99021851,40.857,-67.9016,20220820,"East Coast Ocean Acidification cruise, August 2022"
7938,99649594,40.7432,-66.8515,20220820,"East Coast Ocean Acidification cruise, August 2022"
7939,00504861,42.8602,-69.8616,20220821,"East Coast Ocean Acidification cruise, August 2022"
7940,01781618,42.5029,-69.2935,20220821,"East Coast Ocean Acidification cruise, August 2022"
7941,03524305,42.9431,-70.304,20220821,"East Coast Ocean Acidification cruise, August 2022"
7942,04659457,42.8565,-69.853,20220821,"East Coast Ocean Acidification cruise, August 2022"
7943,05687145,41.8146,-68.3772,20220821,"East Coast Ocean Acidification cruise, August 2022"
7944,10949656,42.8602,-69.8613,20220821,"East Coast Ocean Acidification cruise, August 2022"
7945,12690890,43.0138,-70.5238,20220821,"East Coast Ocean Acidification cruise, August 2022"
7946,19394123,41.325,-70.566,20220821,Martha's Vineyard Coastal Observatory
7947,20379708,42.9757,-70.5506,20220821,"East Coast Ocean Acidification cruise, August 2022"
7948,27336746,42.9147,-70.199,20220821,"East Coast Ocean Acidification cruise, August 2022"
7949,27409029,42.8988,-70.1364,20220821,"East Coast Ocean Acidification cruise, August 2022"
7950,27900480,41.8117,-68.3704,20220821,"East Coast Ocean Acidification cruise, August 2022"
7951,29291383,41.814,-68.3675,20220821,"East Coast Ocean Acidification cruise, August 2022"
7952,32572292,42.9829,-70.4227,20220821,"East Coast Ocean Acidification cruise, August 2022"
7953,33315666,42.9821,-70.4228,20220821,"East Coast Ocean Acidification cruise, August 2022"
7954,34456388,42.932,-70.2629,20220821,"East Coast Ocean Acidification cruise, August 2022"
7955,35104446,42.9009,-70.1423,20220821,"East Coast Ocean Acidification cruise, August 2022"
7956,35924185,42.6719,-69.5291,20220821,"East Coast Ocean Acidification cruise, August 2022"
7957,38948455,42.2701,-68.9695,20220821,"East Coast Ocean Acidification cruise, August 2022"
7958,39334748,42.885,-70.0442,20220821,"East Coast Ocean Acidification cruise, August 2022"
7959,41723842,42.7515,-69.6379,20220821,"East Coast Ocean Acidification cruise, August 2022"
7960,42143262,41.8141,-68.354,20220821,"East Coast Ocean Acidification cruise, August 2022"
7961,43254715,42.7588,-69.6507,20220821,"East Coast Ocean Acidification cruise, August 2022"
7962,44967456,42.9422,-70.2935,20220821,"East Coast Ocean Acidification cruise, August 2022"
7963,46238672,42.6157,-69.4508,20220821,"East Coast Ocean Acidification cruise, August 2022"
7964,49028861,42.944,-70.2939,20220821,"East Coast Ocean Acidification cruise, August 2022"
7965,51943591,42.0393,-68.6703,20220821,"East Coast Ocean Acidification cruise, August 2022"
7966,52871984,42.7276,-69.6063,20220821,"East Coast Ocean Acidification cruise, August 2022"
7967,52952828,42.1625,-68.805,20220821,"East Coast Ocean Acidification cruise, August 2022"
7968,54010577,42.7698,-69.6766,20220821,"East Coast Ocean Acidification cruise, August 2022"
7969,54359410,42.1041,-68.7298,20220821,"East Coast Ocean Acidification cruise, August 2022"
7970,59350826,42.213,-68.8899,20220821,"East Coast Ocean Acidification cruise, August 2022"
7971,60412591,42.9432,-70.2937,20220821,"East Coast Ocean Acidification cruise, August 2022"
7972,61733280,42.8132,-69.7646,20220821,"East Coast Ocean Acidification cruise, August 2022"
7973,62423458,42.7529,-69.6421,20220821,"East Coast Ocean Acidification cruise, August 2022"
7974,64907727,41.8789,-68.4283,20220821,"East Coast Ocean Acidification cruise, August 2022"
7975,67240980,41.7448,-68.3053,20220821,"East Coast Ocean Acidification cruise, August 2022"
7976,67929392,42.8664,-69.8983,20220821,"East Coast Ocean Acidification cruise, August 2022"
7977,69050008,42.9036,-70.5978,20220821,"East Coast Ocean Acidification cruise, August 2022"
7978,69559365,42.3297,-69.0474,20220821,"East Coast Ocean Acidification cruise, August 2022"
7979,70700364,41.9893,-68.5816,20220821,"East Coast Ocean Acidification cruise, August 2022"
7980,75966714,42.8898,-70.0798,20220821,"East Coast Ocean Acidification cruise, August 2022"
7981,76512826,42.7519,-69.6388,20220821,"East Coast Ocean Acidification cruise, August 2022"
7982,76914760,42.885,-70.0443,20220821,"East Coast Ocean Acidification cruise, August 2022"
7983,80051530,43.0139,-70.5237,20220821,"East Coast Ocean Acidification cruise, August 2022"
7984,80132220,42.8993,-70.1376,20220821,"East Coast Ocean Acidification cruise, August 2022"
7985,81283008,42.996,-70.4589,20220821,"East Coast Ocean Acidification cruise, August 2022"
7986,82996725,42.9427,-70.2936,20220821,"East Coast Ocean Acidification cruise, August 2022"
7987,83092895,43.0148,-70.5178,20220821,"East Coast Ocean Acidification cruise, August 2022"
7988,84591920,41.6794,-68.2548,20220821,"East Coast Ocean Acidification cruise, August 2022"
7989,84664263,42.5591,-69.3715,20220821,"East Coast Ocean Acidification cruise, August 2022"
7990,84691237,44.44,-68.205,20220821,Mount Desert Island Biological Laboratory
7991,89499347,42.8851,-70.0446,20220821,"East Coast Ocean Acidification cruise, August 2022"
7992,91443512,42.8604,-69.8625,20220821,"East Coast Ocean Acidification cruise, August 2022"
7993,92221304,42.9448,-70.2944,20220821,"East Coast Ocean Acidification cruise, August 2022"
7994,92269019,41.9322,-68.5032,20220821,"East Coast Ocean Acidification cruise, August 2022"
7995,94924649,42.4466,-69.2143,20220821,"East Coast Ocean Acidification cruise, August 2022"
7996,96393886,41.6623,-68.2437,20220821,"East Coast Ocean Acidification cruise, August 2022"
7997,96516425,42.8798,-70.0019,20220821,"East Coast Ocean Acidification cruise, August 2022"
7998,98462936,42.971,-70.3823,20220821,"East Coast Ocean Acidification cruise, August 2022"
7999,99150963,41.8148,-68.3681,20220821,"East Coast Ocean Acidification cruise, August 2022"
8000,99928071,41.8324,-68.369,20220821,"East Coast Ocean Acidification cruise, August 2022"
8001,00078959,42.6036,-70.051,20220822,"East Coast Ocean Acidification cruise, August 2022"
8002,00082313,41.5793,-69.3885,20220822,"East Coast Ocean Acidification cruise, August 2022"
8003,00552943,42.0148,-69.6007,20220822,"East Coast Ocean Acidification cruise, August 2022"
8004,05031026,41.6464,-69.4198,20220822,"East Coast Ocean Acidification cruise, August 2022"
8005,05940260,42.6296,-70.1723,20220822,"East Coast Ocean Acidification cruise, August 2022"
8006,06698945,42.0129,-69.5931,20220822,"East Coast Ocean Acidification cruise, August 2022"
8007,08239705,42.717,-70.559,20220822,"East Coast Ocean Acidification cruise, August 2022"
8008,09415361,42.1566,-69.7039,20220822,"East Coast Ocean Acidification cruise, August 2022"
8009,09593056,40.769,-69.0408,20220822,"East Coast Ocean Acidification cruise, August 2022"
8010,10072630,42.6758,-70.3848,20220822,"East Coast Ocean Acidification cruise, August 2022"
8011,12025566,40.8391,-69.0568,20220822,"East Coast Ocean Acidification cruise, August 2022"
8012,13217484,40.906,-69.1008,20220822,"East Coast Ocean Acidification cruise, August 2022"
8013,17331736,40.6234,-69.0559,20220822,"East Coast Ocean Acidification cruise, August 2022"
8014,19394123,41.325,-70.566,20220822,Martha's Vineyard Coastal Observatory
8015,19755225,40.49,-69.0737,20220822,"East Coast Ocean Acidification cruise, August 2022"
8016,20001880,41.3061,-69.262,20220822,"East Coast Ocean Acidification cruise, August 2022"
8017,21175716,42.3733,-69.873,20220822,"East Coast Ocean Acidification cruise, August 2022"
8018,21211271,41.2616,-69.245,20220822,"East Coast Ocean Acidification cruise, August 2022"
8019,21957882,41.2378,-69.2919,20220822,"East Coast Ocean Acidification cruise, August 2022"
8020,24976525,42.012,-69.5937,20220822,"East Coast Ocean Acidification cruise, August 2022"
8021,25316627,42.6014,-70.0489,20220822,"East Coast Ocean Acidification cruise, August 2022"
8022,25565819,41.2341,-69.2906,20220822,"East Coast Ocean Acidification cruise, August 2022"
8023,26403175,42.8202,-70.6563,20220822,"East Coast Ocean Acidification cruise, August 2022"
8024,30057356,40.5506,-69.0655,20220822,"East Coast Ocean Acidification cruise, August 2022"
8025,33447709,41.8539,-69.5176,20220822,"East Coast Ocean Acidification cruise, August 2022"
8026,33993979,42.6532,-70.2808,20220822,"East Coast Ocean Acidification cruise, August 2022"
8027,34520447,42.8334,-70.6474,20220822,"East Coast Ocean Acidification cruise, August 2022"
8028,36317075,41.2629,-69.2453,20220822,"East Coast Ocean Acidification cruise, August 2022"
8029,39663786,41.5095,-69.3568,20220822,"East Coast Ocean Acidification cruise, August 2022"
8030,41029429,42.7158,-70.5552,20220822,"East Coast Ocean Acidification cruise, August 2022"
8031,44640785,41.0365,-69.1885,20220822,"East Coast Ocean Acidification cruise, August 2022"
8032,44985939,42.5834,-70.0375,20220822,"East Coast Ocean Acidification cruise, August 2022"
8033,45584528,40.4855,-69.0749,20220822,"East Coast Ocean Acidification cruise, August 2022"
8034,45652905,41.2595,-69.2419,20220822,"East Coast Ocean Acidification cruise, August 2022"
8035,46783452,41.2379,-69.2904,20220822,"East Coast Ocean Acidification cruise, August 2022"
8036,47051976,41.7119,-69.4511,20220822,"East Coast Ocean Acidification cruise, August 2022"
8037,48056810,41.442,-69.3251,20220822,"East Coast Ocean Acidification cruise, August 2022"
8038,48796444,41.3747,-69.2933,20220822,"East Coast Ocean Acidification cruise, August 2022"
8039,50933006,42.089,-69.6523,20220822,"East Coast Ocean Acidification cruise, August 2022"
8040,52262756,42.5187,-69.9865,20220822,"East Coast Ocean Acidification cruise, August 2022"
8041,54182614,42.0217,-69.6103,20220822,"East Coast Ocean Acidification cruise, August 2022"
8042,55177225,42.003,-69.5876,20220822,"East Coast Ocean Acidification cruise, August 2022"
8043,64886458,41.1043,-69.2334,20220822,"East Coast Ocean Acidification cruise, August 2022"
8044,66489879,41.2583,-69.2406,20220822,"East Coast Ocean Acidification cruise, August 2022"
8045,67177285,41.9297,-69.5522,20220822,"East Coast Ocean Acidification cruise, August 2022"
8046,68170652,41.779,-69.4821,20220822,"East Coast Ocean Acidification cruise, August 2022"
8047,68993335,41.1709,-69.28,20220822,"East Coast Ocean Acidification cruise, August 2022"
8048,70901521,42.7122,-70.5502,20220822,"East Coast Ocean Acidification cruise, August 2022"
8049,71054875,40.9712,-69.1447,20220822,"East Coast Ocean Acidification cruise, August 2022"
8050,72736487,41.2335,-69.2907,20220822,"East Coast Ocean Acidification cruise, August 2022"
8051,73016876,42.6061,-70.0643,20220822,"East Coast Ocean Acidification cruise, August 2022"
8052,74061505,42.0128,-69.5931,20220822,"East Coast Ocean Acidification cruise, August 2022"
8053,74245988,42.2247,-69.7564,20220822,"East Coast Ocean Acidification cruise, August 2022"
8054,76851164,40.4899,-69.0734,20220822,"East Coast Ocean Acidification cruise, August 2022"
8055,81227490,41.2351,-69.2906,20220822,"East Coast Ocean Acidification cruise, August 2022"
8056,84691237,44.44,-68.205,20220822,Mount Desert Island Biological Laboratory
8057,84707452,42.762,-70.6031,20220822,"East Coast Ocean Acidification cruise, August 2022"
8058,86178305,42.0126,-69.5934,20220822,"East Coast Ocean Acidification cruise, August 2022"
8059,87183365,40.6963,-69.0485,20220822,"East Coast Ocean Acidification cruise, August 2022"
8060,90661524,42.4457,-69.9307,20220822,"East Coast Ocean Acidification cruise, August 2022"
8061,92249419,42.8086,-70.6442,20220822,"East Coast Ocean Acidification cruise, August 2022"
8062,93886905,42.699,-70.4909,20220822,"East Coast Ocean Acidification cruise, August 2022"
8063,00352408,38.891,-69.2329,20220823,"East Coast Ocean Acidification cruise, August 2022"
8064,04148534,39.483,-69.1733,20220823,"East Coast Ocean Acidification cruise, August 2022"
8065,06875326,38.7087,-69.4999,20220823,"East Coast Ocean Acidification cruise, August 2022"
8066,08480510,38.7065,-69.4975,20220823,"East Coast Ocean Acidification cruise, August 2022"
8067,19394123,41.325,-70.566,20220823,Martha's Vineyard Coastal Observatory
8068,31849724,39.2179,-69.1994,20220823,"East Coast Ocean Acidification cruise, August 2022"
8069,33928532,38.7015,-69.4936,20220823,"East Coast Ocean Acidification cruise, August 2022"
8070,36455078,40.4518,-69.076,20220823,"East Coast Ocean Acidification cruise, August 2022"
8071,36805194,38.8213,-69.24,20220823,"East Coast Ocean Acidification cruise, August 2022"
8072,37337305,38.7077,-69.4988,20220823,"East Coast Ocean Acidification cruise, August 2022"
8073,38091826,40.2179,-69.0995,20220823,"East Coast Ocean Acidification cruise, August 2022"
8074,38713322,40.0544,-69.1164,20220823,"East Coast Ocean Acidification cruise, August 2022"
8075,42386725,39.9727,-69.1232,20220823,"East Coast Ocean Acidification cruise, August 2022"
8076,46298841,39.0565,-69.2148,20220823,"East Coast Ocean Acidification cruise, August 2022"
8077,48318914,39.8127,-69.1394,20220823,"East Coast Ocean Acidification cruise, August 2022"
8078,54764261,38.705,-69.4962,20220823,"East Coast Ocean Acidification cruise, August 2022"
8079,56485679,38.6973,-69.4912,20220823,"East Coast Ocean Acidification cruise, August 2022"
8080,60645032,39.7361,-69.1473,20220823,"East Coast Ocean Acidification cruise, August 2022"
8081,61528829,38.7035,-69.495,20220823,"East Coast Ocean Acidification cruise, August 2022"
8082,63404107,39.6545,-69.1557,20220823,"East Coast Ocean Acidification cruise, August 2022"
8083,69088345,39.3935,-69.1825,20220823,"East Coast Ocean Acidification cruise, August 2022"
8084,71042083,39.5701,-69.1649,20220823,"East Coast Ocean Acidification cruise, August 2022"
8085,74798820,39.3036,-69.1916,20220823,"East Coast Ocean Acidification cruise, August 2022"
8086,80340364,40.1368,-69.1068,20220823,"East Coast Ocean Acidification cruise, August 2022"
8087,84691237,44.44,-68.205,20220823,Mount Desert Island Biological Laboratory
8088,85602206,40.2963,-69.0918,20220823,"East Coast Ocean Acidification cruise, August 2022"
8089,85817248,39.8907,-69.1321,20220823,"East Coast Ocean Acidification cruise, August 2022"
8090,89877643,39.1363,-69.2083,20220823,"East Coast Ocean Acidification cruise, August 2022"
8091,93120519,38.6994,-69.4924,20220823,"East Coast Ocean Acidification cruise, August 2022"
8092,95919699,40.3738,-69.0833,20220823,"East Coast Ocean Acidification cruise, August 2022"
8093,06655106,39.0951,-69.6732,20220824,"East Coast Ocean Acidification cruise, August 2022"
8094,10157445,39.6869,-69.8543,20220824,"East Coast Ocean Acidification cruise, August 2022"
8095,10306470,38.9301,-69.5881,20220824,"East Coast Ocean Acidification cruise, August 2022"
8096,11897815,39.6379,-69.8404,20220824,"East Coast Ocean Acidification cruise, August 2022"
8097,12885798,40.1347,-70.1048,20220824,"East Coast Ocean Acidification cruise, August 2022"
8098,15321172,40.1348,-70.1048,20220824,"East Coast Ocean Acidification cruise, August 2022"
8099,16120806,40.0255,-70.0734,20220824,"East Coast Ocean Acidification cruise, August 2022"
8100,16640787,39.8611,-69.9671,20220824,"East Coast Ocean Acidification cruise, August 2022"
8101,17113345,39.7874,-69.9197,20220824,"East Coast Ocean Acidification cruise, August 2022"
8102,17740154,39.5596,-69.817,20220824,"East Coast Ocean Acidification cruise, August 2022"
8103,19394123,41.325,-70.566,20220824,Martha's Vineyard Coastal Observatory
8104,20021115,39.9153,-69.9993,20220824,"East Coast Ocean Acidification cruise, August 2022"
8105,20241943,39.9097,-69.9965,20220824,"East Coast Ocean Acidification cruise, August 2022"
8106,23091339,39.09,-69.664,20220824,"East Coast Ocean Acidification cruise, August 2022"
8107,24135308,39.9169,-70.0001,20220824,"East Coast Ocean Acidification cruise, August 2022"
8108,24827926,39.3396,-69.7557,20220824,"East Coast Ocean Acidification cruise, August 2022"
8109,25681915,39.9182,-70.0009,20220824,"East Coast Ocean Acidification cruise, August 2022"
8110,29925097,39.6895,-69.8481,20220824,"East Coast Ocean Acidification cruise, August 2022"
8111,31610196,39.098,-69.6897,20220824,"East Coast Ocean Acidification cruise, August 2022"
8112,31764234,39.2601,-69.7191,20220824,"East Coast Ocean Acidification cruise, August 2022"
8113,33020364,39.097,-69.6793,20220824,"East Coast Ocean Acidification cruise, August 2022"
8114,33436454,39.7214,-69.8624,20220824,"East Coast Ocean Acidification cruise, August 2022"
8115,33604338,40.2474,-70.1805,20220824,"East Coast Ocean Acidification cruise, August 2022"
8116,36534281,38.8542,-69.5576,20220824,"East Coast Ocean Acidification cruise, August 2022"
8117,38522242,40.4874,-70.238,20220824,"East Coast Ocean Acidification cruise, August 2022"
8118,39040496,40.2339,-70.1693,20220824,"East Coast Ocean Acidification cruise, August 2022"
8119,41097234,39.4805,-69.7929,20220824,"East Coast Ocean Acidification cruise, August 2022"
8120,41625212,39.9132,-69.998,20220824,"East Coast Ocean Acidification cruise, August 2022"
8121,41887133,39.3398,-69.7543,20220824,"East Coast Ocean Acidification cruise, August 2022"
8122,42123377,38.7097,-69.505,20220824,"East Coast Ocean Acidification cruise, August 2022"
8123,42138521,39.1026,-69.6911,20220824,"East Coast Ocean Acidification cruise, August 2022"
8124,42331089,39.9563,-70.0302,20220824,"East Coast Ocean Acidification cruise, August 2022"
8125,45662265,39.6915,-69.8417,20220824,"East Coast Ocean Acidification cruise, August 2022"
8126,49761808,39.9187,-70.0011,20220824,"East Coast Ocean Acidification cruise, August 2022"
8127,52263234,40.138,-70.1053,20220824,"East Coast Ocean Acidification cruise, August 2022"
8128,52856506,39.0828,-69.6507,20220824,"East Coast Ocean Acidification cruise, August 2022"
8129,54910377,40.3542,-70.246,20220824,"East Coast Ocean Acidification cruise, August 2022"
8130,55008030,39.3404,-69.7513,20220824,"East Coast Ocean Acidification cruise, August 2022"
8131,59528382,39.6921,-69.8367,20220824,"East Coast Ocean Acidification cruise, August 2022"
8132,65665571,39.9193,-70.0016,20220824,"East Coast Ocean Acidification cruise, August 2022"
8133,70865498,39.9109,-69.9968,20220824,"East Coast Ocean Acidification cruise, August 2022"
8134,71654829,39.3368,-69.7498,20220824,"East Coast Ocean Acidification cruise, August 2022"
8135,72962312,40.2839,-70.2032,20220824,"East Coast Ocean Acidification cruise, August 2022"
8136,73221566,38.6911,-69.4978,20220824,"East Coast Ocean Acidification cruise, August 2022"
8137,76177131,39.9177,-70.0006,20220824,"East Coast Ocean Acidification cruise, August 2022"
8138,76909659,39.6912,-69.8439,20220824,"East Coast Ocean Acidification cruise, August 2022"
8139,77297348,40.4331,-70.2356,20220824,"East Coast Ocean Acidification cruise, August 2022"
8140,77453602,39.0891,-69.6579,20220824,"East Coast Ocean Acidification cruise, August 2022"
8141,80421258,39.9195,-70.0018,20220824,"East Coast Ocean Acidification cruise, August 2022"
8142,80783786,40.1639,-70.1235,20220824,"East Coast Ocean Acidification cruise, August 2022"
8143,82356058,39.0066,-69.6187,20220824,"East Coast Ocean Acidification cruise, August 2022"
8144,82658961,39.4024,-69.7694,20220824,"East Coast Ocean Acidification cruise, August 2022"
8145,83450311,39.1809,-69.6932,20220824,"East Coast Ocean Acidification cruise, August 2022"
8146,83683875,38.7806,-69.5267,20220824,"East Coast Ocean Acidification cruise, August 2022"
8147,84691237,44.44,-68.205,20220824,Mount Desert Island Biological Laboratory
8148,86886254,40.1031,-70.0916,20220824,"East Coast Ocean Acidification cruise, August 2022"
8149,87595538,39.3426,-69.7547,20220824,"East Coast Ocean Acidification cruise, August 2022"
8150,89632701,39.0916,-69.6675,20220824,"East Coast Ocean Acidification cruise, August 2022"
8151,90328886,39.3396,-69.7519,20220824,"East Coast Ocean Acidification cruise, August 2022"
8152,95664527,40.1364,-70.105,20220824,"East Coast Ocean Acidification cruise, August 2022"
8153,96359368,40.2481,-70.1816,20220824,"East Coast Ocean Acidification cruise, August 2022"
8154,99811098,39.3437,-69.7552,20220824,"East Coast Ocean Acidification cruise, August 2022"
8155,02959889,40.9988,-70.4109,20220825,"East Coast Ocean Acidification cruise, August 2022"
8156,04518016,41.2924,-71.6188,20220825,"East Coast Ocean Acidification cruise, August 2022"
8157,05279995,41.1692,-70.469,20220825,"East Coast Ocean Acidification cruise, August 2022"
8158,08524184,41.2688,-71.3201,20220825,"East Coast Ocean Acidification cruise, August 2022"
8159,10321460,41.0043,-70.4092,20220825,"East Coast Ocean Acidification cruise, August 2022"
8160,11276871,41.2774,-71.7226,20220825,"East Coast Ocean Acidification cruise, August 2022"
8161,15814835,40.7547,-70.3269,20220825,"East Coast Ocean Acidification cruise, August 2022"
8162,19394123,41.325,-70.566,20220825,Martha's Vineyard Coastal Observatory
8163,20582927,41.2982,-71.5117,20220825,"East Coast Ocean Acidification cruise, August 2022"
8164,22269457,41.2661,-71.393,20220825,"East Coast Ocean Acidification cruise, August 2022"
8165,23253126,41.1504,-71.0573,20220825,"East Coast Ocean Acidification cruise, August 2022"
8166,23513669,41.1831,-71.198,20220825,"East Coast Ocean Acidification cruise, August 2022"
8167,24347638,40.7899,-70.3292,20220825,"East Coast Ocean Acidification cruise, August 2022"
8168,27259942,41.2562,-71.2958,20220825,"East Coast Ocean Acidification cruise, August 2022"
8169,31611276,40.7566,-70.324,20220825,"East Coast Ocean Acidification cruise, August 2022"
8170,31833306,40.7231,-70.3037,20220825,"East Coast Ocean Acidification cruise, August 2022"
8171,32906674,41.1039,-70.9706,20220825,"East Coast Ocean Acidification cruise, August 2022"
8172,42346502,41.1853,-71.1968,20220825,"East Coast Ocean Acidification cruise, August 2022"
8173,51239811,40.5731,-70.236,20220825,"East Coast Ocean Acidification cruise, August 2022"
8174,53459195,41.2626,-71.4561,20220825,"East Coast Ocean Acidification cruise, August 2022"
8175,53874149,41.3041,-70.5187,20220825,"East Coast Ocean Acidification cruise, August 2022"
8176,54248402,41.2683,-71.3147,20220825,"East Coast Ocean Acidification cruise, August 2022"
8177,57711020,41.2628,-70.6152,20220825,"East Coast Ocean Acidification cruise, August 2022"
8178,58006494,41.2457,-70.4969,20220825,"East Coast Ocean Acidification cruise, August 2022"
8179,59975620,41.1829,-70.8017,20220825,"East Coast Ocean Acidification cruise, August 2022"
8180,60489279,41.2632,-71.4567,20220825,"East Coast Ocean Acidification cruise, August 2022"
8181,62872893,41.2157,-71.2419,20220825,"East Coast Ocean Acidification cruise, August 2022"
8182,65405179,41.1379,-70.8894,20220825,"East Coast Ocean Acidification cruise, August 2022"
8183,76584003,41.1849,-71.1425,20220825,"East Coast Ocean Acidification cruise, August 2022"
8184,78394909,41.2641,-71.8251,20220825,"East Coast Ocean Acidification cruise, August 2022"
8185,79080038,41.0044,-70.4093,20220825,"East Coast Ocean Acidification cruise, August 2022"
8186,82692060,41.2239,-70.7075,20220825,"East Coast Ocean Acidification cruise, August 2022"
8187,82859232,41.3045,-70.5209,20220825,"East Coast Ocean Acidification cruise, August 2022"
8188,83761355,40.4928,-70.2405,20220825,"East Coast Ocean Acidification cruise, August 2022"
8189,84691237,44.44,-68.205,20220825,Mount Desert Island Biological Laboratory
8190,87537975,40.4869,-70.2377,20220825,"East Coast Ocean Acidification cruise, August 2022"
8191,90380238,41.184,-71.1973,20220825,"East Coast Ocean Acidification cruise, August 2022"
8192,93374265,41.0431,-70.4345,20220825,"East Coast Ocean Acidification cruise, August 2022"
8193,94263016,41.0937,-70.4511,20220825,"East Coast Ocean Acidification cruise, August 2022"
8194,96624120,40.6493,-70.2613,20220825,"East Coast Ocean Acidification cruise, August 2022"
8195,97421220,40.8647,-70.3532,20220825,"East Coast Ocean Acidification cruise, August 2022"
8196,97930656,40.9376,-70.3884,20220825,"East Coast Ocean Acidification cruise, August 2022"
8197,00953013,41.0392,-71.6126,20220826,"East Coast Ocean Acidification cruise, August 2022"
8198,01230507,41.2944,-71.6051,20220826,"East Coast Ocean Acidification cruise, August 2022"
8199,03589496,41.2597,-71.8616,20220826,"East Coast Ocean Acidification cruise, August 2022"
8200,10793442,41.2001,-71.4231,20220826,"East Coast Ocean Acidification cruise, August 2022"
8201,19394123,41.325,-70.566,20220826,Martha's Vineyard Coastal Observatory
8202,20963284,41.0649,-71.5111,20220826,"East Coast Ocean Acidification cruise, August 2022"
8203,56596605,41.1281,-71.4587,20220826,"East Coast Ocean Acidification cruise, August 2022"
8204,58346179,41.0526,-71.553,20220826,"East Coast Ocean Acidification cruise, August 2022"
8205,62793972,41.0541,-71.552,20220826,"East Coast Ocean Acidification cruise, August 2022"
8206,68092615,41.2683,-71.8039,20220826,"East Coast Ocean Acidification cruise, August 2022"
8207,72578679,41.2806,-71.7068,20220826,"East Coast Ocean Acidification cruise, August 2022"
8208,84691237,44.44,-68.205,20220826,Mount Desert Island Biological Laboratory
8209,86496794,41.0526,-71.5529,20220826,"East Coast Ocean Acidification cruise, August 2022"
8210,90251839,41.0527,-71.5532,20220826,"East Coast Ocean Acidification cruise, August 2022"
8211,90517757,41.298,-71.5039,20220826,"East Coast Ocean Acidification cruise, August 2022"
8212,93749163,41.2779,-71.4236,20220826,"East Coast Ocean Acidification cruise, August 2022"
8213,94207154,41.2632,-71.8483,20220826,"East Coast Ocean Acidification cruise, August 2022"
8214,19394123,41.325,-70.566,20220827,Martha's Vineyard Coastal Observatory
8215,84691237,44.44,-68.205,20220827,Mount Desert Island Biological Laboratory
8216,19394123,41.325,-70.566,20220828,Martha's Vineyard Coastal Observatory
8217,84691237,44.44,-68.205,20220828,Mount Desert Island Biological Laboratory
8218,19394123,41.325,-70.566,20220829,Martha's Vineyard Coastal Observatory
8219,84691237,44.44,-68.205,20220829,Mount Desert Island Biological Laboratory
8220,19394123,41.325,-70.566,20220830,Martha's Vineyard Coastal Observatory
8221,84691237,44.44,-68.205,20220830,Mount Desert Island Biological Laboratory
8222,19394123,41.325,-70.566,20220831,Martha's Vineyard Coastal Observatory
8223,19394123,41.325,-70.566,20220901,Martha's Vineyard Coastal Observatory
8224,19394123,41.325,-70.566,20220902,Martha's Vineyard Coastal Observatory
8225,19394123,41.325,-70.566,20220903,Martha's Vineyard Coastal Observatory
8226,19394123,41.325,-70.566,20220904,Martha's Vineyard Coastal Observatory
8227,19394123,41.325,-70.566,20220905,Martha's Vineyard Coastal Observatory
8228,19394123,41.325,-70.566,20220906,Martha's Vineyard Coastal Observatory
8229,19394123,41.325,-70.566,20220907,Martha's Vineyard Coastal Observatory
8230,19394123,41.325,-70.566,20220908,Martha's Vineyard Coastal Observatory
8231,19394123,41.325,-70.566,20220909,Martha's Vineyard Coastal Observatory
8232,84691237,44.44,-68.205,20220909,Mount Desert Island Biological Laboratory
8233,19394123,41.325,-70.566,20220910,Martha's Vineyard Coastal Observatory
8234,84691237,44.44,-68.205,20220910,Mount Desert Island Biological Laboratory
8235,19394123,41.325,-70.566,20220911,Martha's Vineyard Coastal Observatory
8236,84691237,44.44,-68.205,20220911,Mount Desert Island Biological Laboratory
8237,19394123,41.325,-70.566,20220912,Martha's Vineyard Coastal Observatory
8238,84691237,44.44,-68.205,20220912,Mount Desert Island Biological Laboratory
8239,19394123,41.325,-70.566,20220913,Martha's Vineyard Coastal Observatory
8240,84691237,44.44,-68.205,20220913,Mount Desert Island Biological Laboratory
8241,19394123,41.325,-70.566,20220914,Martha's Vineyard Coastal Observatory
8242,84691237,44.44,-68.205,20220914,Mount Desert Island Biological Laboratory
8243,19394123,41.325,-70.566,20220915,Martha's Vineyard Coastal Observatory
8244,84691237,44.44,-68.205,20220915,Mount Desert Island Biological Laboratory
8245,19394123,41.325,-70.566,20220916,Martha's Vineyard Coastal Observatory
8246,84691237,44.44,-68.205,20220916,Mount Desert Island Biological Laboratory
8247,19394123,41.325,-70.566,20220917,Martha's Vineyard Coastal Observatory
8248,84691237,44.44,-68.205,20220917,Mount Desert Island Biological Laboratory
8249,19394123,41.325,-70.566,20220918,Martha's Vineyard Coastal Observatory
8250,84691237,44.44,-68.205,20220918,Mount Desert Island Biological Laboratory
8251,19394123,41.325,-70.566,20220919,Martha's Vineyard Coastal Observatory
8252,84691237,44.44,-68.205,20220919,Mount Desert Island Biological Laboratory
8253,19394123,41.325,-70.566,20220920,Martha's Vineyard Coastal Observatory
8254,19394123,41.325,-70.566,20220921,Martha's Vineyard Coastal Observatory
8255,84691237,44.44,-68.205,20220921,Mount Desert Island Biological Laboratory
8256,19394123,41.325,-70.566,20220922,Martha's Vineyard Coastal Observatory
8257,84691237,44.44,-68.205,20220922,Mount Desert Island Biological Laboratory
8258,19394123,41.325,-70.566,20220923,Martha's Vineyard Coastal Observatory
8259,84691237,44.44,-68.205,20220923,Mount Desert Island Biological Laboratory
8260,19394123,41.325,-70.566,20220924,Martha's Vineyard Coastal Observatory
8261,19394123,41.325,-70.566,20220925,Martha's Vineyard Coastal Observatory
8262,19394123,41.325,-70.566,20220926,Martha's Vineyard Coastal Observatory
8263,84691237,44.44,-68.205,20220926,Mount Desert Island Biological Laboratory
8264,19394123,41.325,-70.566,20220927,Martha's Vineyard Coastal Observatory
8265,84691237,44.44,-68.205,20220927,Mount Desert Island Biological Laboratory
8266,19394123,41.325,-70.566,20220928,Martha's Vineyard Coastal Observatory
8267,84691237,44.44,-68.205,20220928,Mount Desert Island Biological Laboratory
8268,19394123,41.325,-70.566,20220929,Martha's Vineyard Coastal Observatory
8269,84691237,44.44,-68.205,20220929,Mount Desert Island Biological Laboratory
8270,19394123,41.325,-70.566,20220930,Martha's Vineyard Coastal Observatory
8271,84691237,44.44,-68.205,20220930,Mount Desert Island Biological Laboratory
8272,19394123,41.325,-70.566,20221001,Martha's Vineyard Coastal Observatory
8273,62950397,43.781,-69.975,20221001,Bowdoin College (SCSC)
8274,84691237,44.44,-68.205,20221001,Mount Desert Island Biological Laboratory
8275,19394123,41.325,-70.566,20221002,Martha's Vineyard Coastal Observatory
8276,62950397,43.781,-69.975,20221002,Bowdoin College (SCSC)
8277,84691237,44.44,-68.205,20221002,Mount Desert Island Biological Laboratory
8278,19394123,41.325,-70.566,20221003,Martha's Vineyard Coastal Observatory
8279,62950397,43.781,-69.975,20221003,Bowdoin College (SCSC)
8280,84691237,44.44,-68.205,20221003,Mount Desert Island Biological Laboratory
8281,19394123,41.325,-70.566,20221004,Martha's Vineyard Coastal Observatory
8282,62950397,43.781,-69.975,20221004,Bowdoin College (SCSC)
8283,84691237,44.44,-68.205,20221004,Mount Desert Island Biological Laboratory
8284,19394123,41.325,-70.566,20221005,Martha's Vineyard Coastal Observatory
8285,62950397,43.781,-69.975,20221005,Bowdoin College (SCSC)
8286,84691237,44.44,-68.205,20221005,Mount Desert Island Biological Laboratory
8287,19394123,41.325,-70.566,20221006,Martha's Vineyard Coastal Observatory
8288,62950397,43.781,-69.975,20221006,Bowdoin College (SCSC)
8289,84691237,44.44,-68.205,20221006,Mount Desert Island Biological Laboratory
8290,19394123,41.325,-70.566,20221007,Martha's Vineyard Coastal Observatory
8291,62950397,43.781,-69.975,20221007,Bowdoin College (SCSC)
8292,19394123,41.325,-70.566,20221008,Martha's Vineyard Coastal Observatory
8293,62950397,43.781,-69.975,20221008,Bowdoin College (SCSC)
8294,19394123,41.325,-70.566,20221009,Martha's Vineyard Coastal Observatory
8295,62950397,43.781,-69.975,20221009,Bowdoin College (SCSC)
8296,19394123,41.325,-70.566,20221015,Martha's Vineyard Coastal Observatory
8297,62950397,43.781,-69.975,20221015,Bowdoin College (SCSC)
8298,19394123,41.325,-70.566,20221016,Martha's Vineyard Coastal Observatory
8299,19394123,41.325,-70.566,20221017,Martha's Vineyard Coastal Observatory
8300,62950397,43.781,-69.975,20221017,Bowdoin College (SCSC)
8301,19394123,41.325,-70.566,20221018,Martha's Vineyard Coastal Observatory
8302,62950397,43.781,-69.975,20221018,Bowdoin College (SCSC)
8303,19394123,41.325,-70.566,20221019,Martha's Vineyard Coastal Observatory
8304,62950397,43.781,-69.975,20221019,Bowdoin College (SCSC)
8305,84691237,44.44,-68.205,20221019,Mount Desert Island Biological Laboratory
8306,19394123,41.325,-70.566,20221020,Martha's Vineyard Coastal Observatory
8307,62950397,43.781,-69.975,20221020,Bowdoin College (SCSC)
8308,19394123,41.325,-70.566,20221021,Martha's Vineyard Coastal Observatory
8309,62950397,43.781,-69.975,20221021,Bowdoin College (SCSC)
8310,19394123,41.325,-70.566,20221022,Martha's Vineyard Coastal Observatory
8311,62950397,43.781,-69.975,20221022,Bowdoin College (SCSC)
8312,19394123,41.325,-70.566,20221023,Martha's Vineyard Coastal Observatory
8313,62950397,43.781,-69.975,20221023,Bowdoin College (SCSC)
8314,19394123,41.325,-70.566,20221024,Martha's Vineyard Coastal Observatory
8315,62950397,43.781,-69.975,20221024,Bowdoin College (SCSC)
8316,19394123,41.325,-70.566,20221025,Martha's Vineyard Coastal Observatory
8317,62950397,43.781,-69.975,20221025,Bowdoin College (SCSC)
8318,19394123,41.325,-70.566,20221026,Martha's Vineyard Coastal Observatory
8319,62950397,43.781,-69.975,20221026,Bowdoin College (SCSC)
8320,19394123,41.325,-70.566,20221027,Martha's Vineyard Coastal Observatory
8321,62950397,43.781,-69.975,20221027,Bowdoin College (SCSC)
8322,19394123,41.325,-70.566,20221028,Martha's Vineyard Coastal Observatory
8323,62950397,43.781,-69.975,20221028,Bowdoin College (SCSC)
8324,84691237,44.44,-68.205,20221028,Mount Desert Island Biological Laboratory
8325,19394123,41.325,-70.566,20221029,Martha's Vineyard Coastal Observatory
8326,62950397,43.781,-69.975,20221029,Bowdoin College (SCSC)
8327,19394123,41.325,-70.566,20221030,Martha's Vineyard Coastal Observatory
8328,19394123,41.325,-70.566,20221101,Martha's Vineyard Coastal Observatory
8329,22473973,41.0446,-71.0985,20221101,NESLTER broadscale
8330,23587148,41.1109,-71.1768,20221101,NESLTER broadscale
8331,28410230,41.1635,-71.2358,20221101,NESLTER broadscale
8332,35052264,41.4451,-71.3843,20221101,NESLTER broadscale
8333,39353947,41.32,-71.4137,20221101,NESLTER broadscale
8334,55677056,41.0835,-71.1588,20221101,NESLTER broadscale
8335,59579895,40.9388,-70.878,20221101,NESLTER broadscale
8336,59582205,41.2651,-71.3531,20221101,NESLTER broadscale
8337,62950397,43.781,-69.975,20221101,Bowdoin College (SCSC)
8338,63737662,40.9742,-70.9486,20221101,NESLTER broadscale
8339,66044166,41.2161,-71.2951,20221101,NESLTER broadscale
8340,74083944,41.3861,-71.416,20221101,NESLTER broadscale
8341,75393245,41.0066,-71.0248,20221101,NESLTER broadscale
8342,85990197,41.3397,-71.421,20221101,NESLTER broadscale
8343,95556014,40.9495,-70.8512,20221101,NESLTER broadscale
8344,01576336,40.9184,-70.0781,20221102,NESLTER broadscale
8345,02644824,40.4982,-70.5066,20221102,NESLTER broadscale
8346,03933660,40.9966,-70.7812,20221102,NESLTER broadscale
8347,04838966,40.9045,-71.5893,20221102,NESLTER broadscale
8348,05686377,40.7449,-70.1584,20221102,NESLTER broadscale
8349,07274618,40.6029,-70.5851,20221102,NESLTER broadscale
8350,07923630,40.9105,-69.9337,20221102,NESLTER broadscale
8351,09525232,41.1427,-70.4557,20221102,NESLTER broadscale
8352,10032538,40.9134,-69.9337,20221102,NESLTER broadscale
8353,13343194,40.7018,-70.0622,20221102,NESLTER broadscale
8354,14535910,40.4992,-70.5643,20221102,NESLTER broadscale
8355,15187113,40.8051,-70.356,20221102,NESLTER broadscale
8356,15895315,40.5764,-70.916,20221102,NESLTER broadscale
8357,15954377,40.9089,-69.9334,20221102,NESLTER broadscale
8358,16058643,41.1035,-70.623,20221102,NESLTER broadscale
8359,16596621,40.9591,-70.4226,20221102,NESLTER broadscale
8360,17819734,40.7218,-71.4485,20221102,NESLTER broadscale
8361,18042206,40.8278,-70.3036,20221102,NESLTER broadscale
8362,19394123,41.325,-70.566,20221102,Martha's Vineyard Coastal Observatory
8363,25884558,40.6813,-70.6216,20221102,NESLTER broadscale
8364,26991461,40.5197,-70.86,20221102,NESLTER broadscale
8365,29456302,40.9844,-70.5018,20221102,NESLTER broadscale
8366,32114072,40.5002,-70.6532,20221102,NESLTER broadscale
8367,34369089,40.4981,-70.7459,20221102,NESLTER broadscale
8368,34936305,41.0416,-70.7191,20221102,NESLTER broadscale
8369,35589541,40.9243,-70.2584,20221102,NESLTER broadscale
8370,39532580,40.6653,-71.0865,20221102,NESLTER broadscale
8371,39795256,40.7785,-71.4902,20221102,NESLTER broadscale
8372,40732161,40.8925,-71.5738,20221102,NESLTER broadscale
8373,40931079,40.9203,-70.1593,20221102,NESLTER broadscale
8374,41871937,41.0047,-70.4846,20221102,NESLTER broadscale
8375,42587730,40.6642,-70.998,20221102,NESLTER broadscale
8376,43835956,40.8359,-71.5315,20221102,NESLTER broadscale
8377,44390083,40.6879,-70.5935,20221102,NESLTER broadscale
8378,45105539,40.8177,-70.0639,20221102,NESLTER broadscale
8379,51814714,41.0857,-70.6521,20221102,NESLTER broadscale
8380,55049501,40.673,-71.4138,20221102,NESLTER broadscale
8381,57213747,41.0762,-70.461,20221102,NESLTER broadscale
8382,61219981,40.8971,-69.9716,20221102,NESLTER broadscale
8383,62627778,40.7681,-70.4429,20221102,NESLTER broadscale
8384,62950397,43.781,-69.975,20221102,Bowdoin College (SCSC)
8385,63804988,40.7487,-70.0609,20221102,NESLTER broadscale
8386,66824597,40.5444,-70.5544,20221102,NESLTER broadscale
8387,67963658,40.7304,-70.0788,20221102,NESLTER broadscale
8388,69109662,40.7995,-70.2579,20221102,NESLTER broadscale
8389,72954711,40.916,-69.9955,20221102,NESLTER broadscale
8390,75900070,40.6661,-71.3576,20221102,NESLTER broadscale
8391,80239695,40.7622,-70.1913,20221102,NESLTER broadscale
8392,81018336,41.1244,-70.5408,20221102,NESLTER broadscale
8393,81748393,40.9091,-69.9335,20221102,NESLTER broadscale
8394,86257538,40.7313,-70.5193,20221102,NESLTER broadscale
8395,86684639,40.6329,-70.9718,20221102,NESLTER broadscale
8396,88782904,40.6666,-71.2692,20221102,NESLTER broadscale
8397,92189167,40.9392,-70.3434,20221102,NESLTER broadscale
8398,93732670,40.9088,-69.9332,20221102,NESLTER broadscale
8399,93834564,40.9264,-70.2426,20221102,NESLTER broadscale
8400,95134754,40.6661,-71.174,20221102,NESLTER broadscale
8401,97706902,41.1404,-70.4333,20221102,NESLTER broadscale
8402,98203477,40.6675,-70.6085,20221102,NESLTER broadscale
8403,99270412,40.8729,-70.0467,20221102,NESLTER broadscale
8404,04987808,39.8317,-70.6292,20221103,NESLTER broadscale
8405,07862044,39.9387,-70.615,20221103,NESLTER broadscale
8406,17264308,39.8453,-70.5146,20221103,NESLTER broadscale
8407,19394123,41.325,-70.566,20221103,Martha's Vineyard Coastal Observatory
8408,33038160,40.039,-70.5994,20221103,NESLTER broadscale
8409,37419032,40.1651,-70.9466,20221103,NESLTER broadscale
8410,41558487,40.1373,-70.8706,20221103,NESLTER broadscale
8411,44141085,39.8693,-70.6205,20221103,NESLTER broadscale
8412,46856830,40.052,-70.6423,20221103,NESLTER broadscale
8413,58763579,40.0037,-70.6051,20221103,NESLTER broadscale
8414,62950397,43.781,-69.975,20221103,Bowdoin College (SCSC)
8415,72270040,39.8323,-70.5913,20221103,NESLTER broadscale
8416,74840361,39.8319,-70.6245,20221103,NESLTER broadscale
8417,77029191,40.0797,-70.7163,20221103,NESLTER broadscale
8418,83707865,39.8311,-70.6231,20221103,NESLTER broadscale
8419,84281521,40.1918,-71.0174,20221103,NESLTER broadscale
8420,87275861,40.1087,-70.7939,20221103,NESLTER broadscale
8421,96942968,40.0377,-70.5984,20221103,NESLTER broadscale
8422,01539747,41.2244,-67.5922,20221104,NESLTER broadscale
8423,01881918,41.1468,-67.6237,20221104,NESLTER broadscale
8424,04021794,39.9702,-69.6052,20221104,NESLTER broadscale
8425,05075437,40.4639,-68.1647,20221104,NESLTER broadscale
8426,06015753,40.6648,-67.7592,20221104,NESLTER broadscale
8427,06113771,40.391,-68.9228,20221104,NESLTER broadscale
8428,06955207,40.5353,-67.7221,20221104,NESLTER broadscale
8429,07788078,40.35,-67.6905,20221104,NESLTER broadscale
8430,18754195,39.9249,-69.8504,20221104,NESLTER broadscale
8431,19310379,40.1739,-69.0704,20221104,NESLTER broadscale
8432,19394123,41.325,-70.566,20221104,Martha's Vineyard Coastal Observatory
8433,22910181,39.9947,-69.4381,20221104,NESLTER broadscale
8434,23684852,40.5734,-68.6694,20221104,NESLTER broadscale
8435,30455601,40.423,-67.9265,20221104,NESLTER broadscale
8436,31363128,40.4931,-68.7827,20221104,NESLTER broadscale
8437,31480784,40.2568,-67.7055,20221104,NESLTER broadscale
8438,34235954,40.0341,-69.3452,20221104,NESLTER broadscale
8439,34342320,41.0756,-67.6539,20221104,NESLTER broadscale
8440,35427664,40.1386,-69.1402,20221104,NESLTER broadscale
8441,35879769,40.2525,-67.6942,20221104,NESLTER broadscale
8442,36547815,40.6056,-67.7402,20221104,NESLTER broadscale
8443,38718256,40.5376,-68.466,20221104,NESLTER broadscale
8444,40862779,39.9536,-69.6901,20221104,NESLTER broadscale
8445,41429540,40.4944,-68.346,20221104,NESLTER broadscale
8446,43632783,40.3824,-67.6839,20221104,NESLTER broadscale
8447,44374178,39.8938,-70.1848,20221104,NESLTER broadscale
8448,45187478,40.5699,-68.6017,20221104,NESLTER broadscale
8449,45614598,40.3531,-67.8322,20221104,NESLTER broadscale
8450,46521549,39.9036,-70.1017,20221104,NESLTER broadscale
8451,46597418,40.3998,-67.9008,20221104,NESLTER broadscale
8452,47235524,40.3413,-68.9875,20221104,NESLTER broadscale
8453,48820107,40.7632,-67.7393,20221104,NESLTER broadscale
8454,51260846,40.2399,-68.9373,20221104,NESLTER broadscale
8455,52420075,40.0684,-69.2765,20221104,NESLTER broadscale
8456,52886067,40.9998,-67.6859,20221104,NESLTER broadscale
8457,53130783,40.1027,-69.2087,20221104,NESLTER broadscale
8458,53387026,40.478,-68.2641,20221104,NESLTER broadscale
8459,53763563,39.8604,-70.43,20221104,NESLTER broadscale
8460,54544826,39.9823,-69.5248,20221104,NESLTER broadscale
8461,62396932,40.5122,-68.3762,20221104,NESLTER broadscale
8462,62950397,43.781,-69.975,20221104,Bowdoin College (SCSC)
8463,65967228,39.8839,-70.2644,20221104,NESLTER broadscale
8464,66817543,39.9132,-70.0182,20221104,NESLTER broadscale
8465,66894890,40.4336,-67.9727,20221104,NESLTER broadscale
8466,68405667,39.999,-69.4131,20221104,NESLTER broadscale
8467,68731335,40.4712,-67.705,20221104,NESLTER broadscale
8468,70410533,40.3206,-69.0032,20221104,NESLTER broadscale
8469,70667919,39.9218,-69.9342,20221104,NESLTER broadscale
8470,75691620,40.2076,-69.0016,20221104,NESLTER broadscale
8471,81146350,39.8727,-70.351,20221104,NESLTER broadscale
8472,81788106,40.5458,-68.7142,20221104,NESLTER broadscale
8473,83204374,40.26,-68.958,20221104,NESLTER broadscale
8474,84215803,40.9086,-67.7179,20221104,NESLTER broadscale
8475,84335615,40.4496,-68.0712,20221104,NESLTER broadscale
8476,87177225,40.4005,-67.6846,20221104,NESLTER broadscale
8477,87995982,39.9376,-69.7684,20221104,NESLTER broadscale
8478,88707670,40.693,-67.7517,20221104,NESLTER broadscale
8479,95050268,40.3033,-67.7669,20221104,NESLTER broadscale
8480,95364871,40.9322,-67.7115,20221104,NESLTER broadscale
8481,97884134,40.558,-68.5475,20221104,NESLTER broadscale
8482,98908406,41.2447,-67.5862,20221104,NESLTER broadscale
8483,99015262,40.4419,-68.8544,20221104,NESLTER broadscale
8484,99691967,40.8352,-67.7289,20221104,NESLTER broadscale
8485,01688752,42.5814,-65.4193,20221105,NESLTER broadscale
8486,02297600,41.914,-65.7559,20221105,NESLTER broadscale
8487,05947410,42.5185,-65.6763,20221105,NESLTER broadscale
8488,06259639,42.0808,-65.8614,20221105,NESLTER broadscale
8489,07880300,42.367,-65.627,20221105,NESLTER broadscale
8490,14678526,41.8425,-65.62,20221105,NESLTER broadscale
8491,16589265,41.3315,-67.0797,20221105,NESLTER broadscale
8492,18038793,41.5541,-65.7683,20221105,NESLTER broadscale
8493,19394123,41.325,-70.566,20221105,Martha's Vineyard Coastal Observatory
8494,21026376,41.3792,-66.6984,20221105,NESLTER broadscale
8495,22426004,41.4118,-66.0078,20221105,NESLTER broadscale
8496,22943281,41.3903,-66.6086,20221105,NESLTER broadscale
8497,23713191,41.4138,-66.0112,20221105,NESLTER broadscale
8498,25181445,41.7646,-65.4677,20221105,NESLTER broadscale
8499,25746542,42.4722,-65.5215,20221105,NESLTER broadscale
8500,26225331,41.7484,-65.4467,20221105,NESLTER broadscale
8501,33256038,41.4145,-66.3435,20221105,NESLTER broadscale
8502,33953414,41.7494,-65.4469,20221105,NESLTER broadscale
8503,34875059,42.247,-65.7316,20221105,NESLTER broadscale
8504,39912659,41.6403,-65.6302,20221105,NESLTER broadscale
8505,40066217,41.3539,-66.872,20221105,NESLTER broadscale
8506,40513140,41.4205,-65.9871,20221105,NESLTER broadscale
8507,43599529,41.8795,-65.6917,20221105,NESLTER broadscale
8508,43901263,41.6779,-65.5685,20221105,NESLTER broadscale
8509,44671818,42.0223,-65.8972,20221105,NESLTER broadscale
8510,44970312,42.1399,-65.8248,20221105,NESLTER broadscale
8511,45200771,41.4144,-66.4151,20221105,NESLTER broadscale
8512,45893563,41.4577,-67.6789,20221105,NESLTER broadscale
8513,45947286,41.3369,-67.2622,20221105,NESLTER broadscale
8514,46230693,41.3307,-67.0027,20221105,NESLTER broadscale
8515,52176519,41.4058,-66.4388,20221105,NESLTER broadscale
8516,52297909,41.3467,-67.2971,20221105,NESLTER broadscale
8517,54025829,42.2184,-65.7575,20221105,NESLTER broadscale
8518,54958138,41.4648,-65.9138,20221105,NESLTER broadscale
8519,57444649,41.5077,-65.8434,20221105,NESLTER broadscale
8520,57948580,41.4433,-67.6676,20221105,NESLTER broadscale
8521,58004057,41.4166,-66.257,20221105,NESLTER broadscale
8522,58600872,41.31,-67.6147,20221105,NESLTER broadscale
8523,59993149,41.4024,-67.4938,20221105,NESLTER broadscale
8524,62950397,43.781,-69.975,20221105,Bowdoin College (SCSC)
8525,69708574,42.312,-65.6799,20221105,NESLTER broadscale
8526,72243306,42.5404,-65.5902,20221105,NESLTER broadscale
8527,72701053,41.3801,-67.6445,20221105,NESLTER broadscale
8528,73944361,41.3654,-66.7868,20221105,NESLTER broadscale
8529,75544482,41.4148,-66.1787,20221105,NESLTER broadscale
8530,79406827,42.5615,-65.5049,20221105,NESLTER broadscale
8531,79832908,41.9811,-65.88,20221105,NESLTER broadscale
8532,80466732,42.2028,-65.7873,20221105,NESLTER broadscale
8533,80517700,41.3387,-66.9647,20221105,NESLTER broadscale
8534,81534346,41.4009,-66.5216,20221105,NESLTER broadscale
8535,82052159,41.5945,-65.7007,20221105,NESLTER broadscale
8536,82567291,41.3749,-67.3948,20221105,NESLTER broadscale
8537,86179572,41.7183,-65.4976,20221105,NESLTER broadscale
8538,86958481,42.5779,-65.4235,20221105,NESLTER broadscale
8539,89018023,42.4188,-65.5732,20221105,NESLTER broadscale
8540,89346841,42.2206,-65.7655,20221105,NESLTER broadscale
8541,95713851,41.8066,-65.5464,20221105,NESLTER broadscale
8542,98426865,41.4139,-66.0956,20221105,NESLTER broadscale
8543,98912642,42.5302,-65.4683,20221105,NESLTER broadscale
8544,98953391,41.3343,-67.1721,20221105,NESLTER broadscale
8545,99244087,41.9487,-65.822,20221105,NESLTER broadscale
8546,99911550,41.4299,-67.5904,20221105,NESLTER broadscale
8547,01677910,42.7071,-66.1465,20221106,NESLTER broadscale
8548,01999273,43.3745,-67.6387,20221106,NESLTER broadscale
8549,02848796,43.0584,-66.9224,20221106,NESLTER broadscale
8550,05555508,42.9418,-66.6628,20221106,NESLTER broadscale
8551,06331941,42.5295,-65.7618,20221106,NESLTER broadscale
8552,06569459,43.2167,-67.2789,20221106,NESLTER broadscale
8553,08668117,42.9126,-66.598,20221106,NESLTER broadscale
8554,09536178,43.2308,-67.3109,20221106,NESLTER broadscale
8555,10387180,43.3458,-67.573,20221106,NESLTER broadscale
8556,12856527,42.971,-66.7276,20221106,NESLTER broadscale
8557,17726982,43.2455,-67.3443,20221106,NESLTER broadscale
8558,17979223,43.3891,-67.6723,20221106,NESLTER broadscale
8559,18137635,42.8391,-66.4357,20221106,NESLTER broadscale
8560,19394123,41.325,-70.566,20221106,Martha's Vineyard Coastal Observatory
8561,20703150,42.8247,-66.4041,20221106,NESLTER broadscale
8562,25006771,42.6625,-66.0494,20221106,NESLTER broadscale
8563,26328245,43.1878,-67.2136,20221106,NESLTER broadscale
8564,29233106,42.7215,-66.1779,20221106,NESLTER broadscale
8565,30933871,42.8977,-66.565,20221106,NESLTER broadscale
8566,31709169,42.648,-66.018,20221106,NESLTER broadscale
8567,32111534,42.766,-66.2752,20221106,NESLTER broadscale
8568,33309244,43.3318,-67.5409,20221106,NESLTER broadscale
8569,33917530,42.9561,-66.6945,20221106,NESLTER broadscale
8570,36868667,42.6329,-65.9852,20221106,NESLTER broadscale
8571,40201640,42.8684,-66.5003,20221106,NESLTER broadscale
8572,42454427,43.2884,-67.4419,20221106,NESLTER broadscale
8573,43077438,42.7804,-66.3067,20221106,NESLTER broadscale
8574,43721527,42.8541,-66.4687,20221106,NESLTER broadscale
8575,44530642,43.1731,-67.1803,20221106,NESLTER broadscale
8576,47659967,42.5143,-65.7291,20221106,NESLTER broadscale
8577,48721784,42.9853,-66.7593,20221106,NESLTER broadscale
8578,54591847,42.5888,-65.8898,20221106,NESLTER broadscale
8579,55178788,43.1589,-67.1483,20221106,NESLTER broadscale
8580,55260082,43.0002,-66.7925,20221106,NESLTER broadscale
8581,55429390,43.0726,-66.9542,20221106,NESLTER broadscale
8582,57872866,43.3605,-67.6066,20221106,NESLTER broadscale
8583,58565305,42.5591,-65.8257,20221106,NESLTER broadscale
8584,59615100,42.5737,-65.8571,20221106,NESLTER broadscale
8585,60442806,43.3031,-67.4753,20221106,NESLTER broadscale
8586,61393345,42.544,-65.7931,20221106,NESLTER broadscale
8587,62207965,42.8834,-66.5333,20221106,NESLTER broadscale
8588,62950397,43.781,-69.975,20221106,Bowdoin College (SCSC)
8589,64090798,43.0874,-66.9875,20221106,NESLTER broadscale
8590,65429239,43.0435,-66.8892,20221106,NESLTER broadscale
8591,65872391,43.0293,-66.8574,20221106,NESLTER broadscale
8592,69804224,43.1164,-67.0526,20221106,NESLTER broadscale
8593,72718658,43.2743,-67.4098,20221106,NESLTER broadscale
8594,74984430,43.1306,-67.0845,20221106,NESLTER broadscale
8595,79859054,43.202,-67.2456,20221106,NESLTER broadscale
8596,82708555,42.8097,-66.3712,20221106,NESLTER broadscale
8597,82748983,42.7365,-66.2108,20221106,NESLTER broadscale
8598,86158103,42.9269,-66.6297,20221106,NESLTER broadscale
8599,86975787,42.7509,-66.2423,20221106,NESLTER broadscale
8600,88191656,43.1016,-67.0193,20221106,NESLTER broadscale
8601,88337812,42.692,-66.1136,20221106,NESLTER broadscale
8602,88896612,43.2596,-67.3764,20221106,NESLTER broadscale
8603,89655076,43.3171,-67.5074,20221106,NESLTER broadscale
8604,91130543,42.7954,-66.3396,20221106,NESLTER broadscale
8605,93698694,42.6775,-66.0822,20221106,NESLTER broadscale
8606,96335478,42.6184,-65.9538,20221106,NESLTER broadscale
8607,96794935,43.0144,-66.8242,20221106,NESLTER broadscale
8608,97296658,42.6033,-65.9211,20221106,NESLTER broadscale
8609,00018644,43.5149,-67.9991,20221107,NESLTER broadscale
8610,00664313,42.6514,-70.0631,20221107,NESLTER broadscale
8611,00759736,43.6916,-68.7461,20221107,NESLTER broadscale
8612,01475628,43.3952,-69.0996,20221107,NESLTER broadscale
8613,05673930,43.3354,-69.1639,20221107,NESLTER broadscale
8614,09384729,43.3299,-69.5776,20221107,NESLTER broadscale
8615,11042532,43.6291,-68.8072,20221107,NESLTER broadscale
8616,13697518,42.8773,-70.294,20221107,NESLTER broadscale
8617,14587819,43.6141,-68.2836,20221107,NESLTER broadscale
8618,17695176,43.5002,-68.9687,20221107,NESLTER broadscale
8619,18156499,43.094,-70.2227,20221107,NESLTER broadscale
8620,19018566,43.4008,-67.6981,20221107,NESLTER broadscale
8621,19394123,41.325,-70.566,20221107,Martha's Vineyard Coastal Observatory
8622,20205384,43.5718,-68.1471,20221107,NESLTER broadscale
8623,21675560,43.4752,-68.9999,20221107,NESLTER broadscale
8624,22954816,43.7479,-68.6804,20221107,NESLTER broadscale
8625,24555228,42.7693,-70.1881,20221107,NESLTER broadscale
8626,26345212,43.4579,-67.8419,20221107,NESLTER broadscale
8627,28442118,43.6596,-68.7751,20221107,NESLTER broadscale
8628,29736305,43.5434,-68.0731,20221107,NESLTER broadscale
8629,29769409,42.6667,-70.0881,20221107,NESLTER broadscale
8630,29939734,43.3298,-69.7078,20221107,NESLTER broadscale
8631,30501246,42.556,-69.8103,20221107,NESLTER broadscale
8632,30542808,43.4014,-67.6967,20221107,NESLTER broadscale
8633,31001971,43.6024,-68.8401,20221107,NESLTER broadscale
8634,36143970,43.4491,-69.0329,20221107,NESLTER broadscale
8635,42078261,43.3292,-69.4932,20221107,NESLTER broadscale
8636,44633260,43.3079,-69.7719,20221107,NESLTER broadscale
8637,45178813,42.9863,-70.4012,20221107,NESLTER broadscale
8638,45605554,43.3291,-69.2379,20221107,NESLTER broadscale
8639,45686964,42.5913,-69.8975,20221107,NESLTER broadscale
8640,48580556,43.3618,-69.1373,20221107,NESLTER broadscale
8641,51205088,42.8246,-70.2419,20221107,NESLTER broadscale
8642,51827820,42.7123,-70.1345,20221107,NESLTER broadscale
8643,55428980,43.4223,-69.0654,20221107,NESLTER broadscale
8644,57968139,43.329,-69.166,20221107,NESLTER broadscale
8645,58872357,43.3296,-69.6466,20221107,NESLTER broadscale
8646,62950397,43.781,-69.975,20221107,Bowdoin College (SCSC)
8647,64588983,43.7377,-68.58,20221107,NESLTER broadscale
8648,64858235,43.485,-67.9169,20221107,NESLTER broadscale
8649,65957049,42.6217,-69.9788,20221107,NESLTER broadscale
8650,68231762,43.1302,-70.1451,20221107,NESLTER broadscale
8651,70223845,43.7676,-68.6556,20221107,NESLTER broadscale
8652,74038980,43.1658,-70.0681,20221107,NESLTER broadscale
8653,74423945,43.3283,-69.3203,20221107,NESLTER broadscale
8654,74561293,43.6438,-68.36,20221107,NESLTER broadscale
8655,75913144,43.5286,-68.9341,20221107,NESLTER broadscale
8656,80561835,43.0012,-70.4186,20221107,NESLTER broadscale
8657,81012049,43.5834,-68.2096,20221107,NESLTER broadscale
8658,82044393,43.7079,-68.5097,20221107,NESLTER broadscale
8659,82502459,43.7211,-68.7118,20221107,NESLTER broadscale
8660,83369107,43.2027,-69.9928,20221107,NESLTER broadscale
8661,85930439,43.0217,-70.3752,20221107,NESLTER broadscale
8662,86030729,43.5686,-68.163,20221107,NESLTER broadscale
8663,89666747,43.0576,-70.3,20221107,NESLTER broadscale
8664,89931771,43.2721,-69.8474,20221107,NESLTER broadscale
8665,90814797,43.5776,-68.8715,20221107,NESLTER broadscale
8666,92842246,42.9346,-70.3495,20221107,NESLTER broadscale
8667,93163506,43.5531,-68.9043,20221107,NESLTER broadscale
8668,93913647,43.3295,-69.4023,20221107,NESLTER broadscale
8669,94363168,43.6745,-68.4328,20221107,NESLTER broadscale
8670,94690757,43.3265,-69.751,20221107,NESLTER broadscale
8671,96211627,43.4278,-67.7603,20221107,NESLTER broadscale
8672,00391083,42.1126,-69.9744,20221108,NESLTER broadscale
8673,00434825,42.4673,-70.0643,20221108,NESLTER broadscale
8674,05592350,42.1613,-69.9008,20221108,NESLTER broadscale
8675,08833919,42.4333,-70.4121,20221108,NESLTER broadscale
8676,11898984,42.3075,-70.2893,20221108,NESLTER broadscale
8677,14171501,41.2282,-69.0602,20221108,NESLTER broadscale
8678,15475495,41.5258,-69.2537,20221108,NESLTER broadscale
8679,19394123,41.325,-70.566,20221108,Martha's Vineyard Coastal Observatory
8680,20251670,41.4028,-69.1761,20221108,NESLTER broadscale
8681,20619974,42.0085,-69.6796,20221108,NESLTER broadscale
8682,20768434,41.6865,-69.359,20221108,NESLTER broadscale
8683,21508632,41.7953,-69.4652,20221108,NESLTER broadscale
8684,27493811,42.1203,-69.951,20221108,NESLTER broadscale
8685,27797021,42.3866,-70.5091,20221108,NESLTER broadscale
8686,28140476,42.1102,-69.7907,20221108,NESLTER broadscale
8687,28307722,40.6539,-69.2272,20221108,NESLTER broadscale
8688,28744015,42.1666,-69.9671,20221108,NESLTER broadscale
8689,30117144,41.3467,-69.1407,20221108,NESLTER broadscale
8690,30435169,40.7144,-69.1983,20221108,NESLTER broadscale
8691,31966737,40.8995,-69.1294,20221108,NESLTER broadscale
8692,32108633,42.1624,-69.839,20221108,NESLTER broadscale
8693,32431184,42.3222,-70.4542,20221108,NESLTER broadscale
8694,38547970,41.2842,-69.0995,20221108,NESLTER broadscale
8695,41550371,42.226,-70.0065,20221108,NESLTER broadscale
8696,41862804,42.296,-70.135,20221108,NESLTER broadscale
8697,45339569,41.0306,-69.0769,20221108,NESLTER broadscale
8698,45690697,42.3071,-70.3078,20221108,NESLTER broadscale
8699,45859047,42.4169,-70.5864,20221108,NESLTER broadscale
8700,47375058,42.2865,-70.0518,20221108,NESLTER broadscale
8701,48144925,41.8517,-69.5234,20221108,NESLTER broadscale
8702,49502371,42.4974,-69.6791,20221108,NESLTER broadscale
8703,51958505,42.4271,-70.4971,20221108,NESLTER broadscale
8704,52491993,42.5235,-69.7311,20221108,NESLTER broadscale
8705,52832349,42.4929,-69.7059,20221108,NESLTER broadscale
8706,53459490,41.5855,-69.2926,20221108,NESLTER broadscale
8707,54661010,42.3132,-70.3855,20221108,NESLTER broadscale
8708,54969120,42.4738,-69.9769,20221108,NESLTER broadscale
8709,57984823,40.6111,-69.2738,20221108,NESLTER broadscale
8710,58994673,41.9564,-69.6284,20221108,NESLTER broadscale
8711,59377125,42.4957,-69.6886,20221108,NESLTER broadscale
8712,62950397,43.781,-69.975,20221108,Bowdoin College (SCSC)
8713,64834349,42.299,-70.2239,20221108,NESLTER broadscale
8714,67325418,42.45,-70.2359,20221108,NESLTER broadscale
8715,68740434,41.4663,-69.2169,20221108,NESLTER broadscale
8716,74100253,41.6455,-69.3313,20221108,NESLTER broadscale
8717,75586741,42.4095,-70.5906,20221108,NESLTER broadscale
8718,77580759,40.9655,-69.1028,20221108,NESLTER broadscale
8719,78296358,42.0612,-69.7354,20221108,NESLTER broadscale
8720,79869077,40.8383,-69.152,20221108,NESLTER broadscale
8721,80033617,42.4803,-69.8857,20221108,NESLTER broadscale
8722,81329896,42.3431,-70.4695,20221108,NESLTER broadscale
8723,84941036,42.4402,-70.3206,20221108,NESLTER broadscale
8724,87879814,42.4189,-70.5867,20221108,NESLTER broadscale
8725,89070604,42.4591,-70.1458,20221108,NESLTER broadscale
8726,89161741,42.0869,-70.0063,20221108,NESLTER broadscale
8727,89690170,41.1663,-69.0344,20221108,NESLTER broadscale
8728,91241901,41.0987,-69.0528,20221108,NESLTER broadscale
8729,96971674,41.9025,-69.5737,20221108,NESLTER broadscale
8730,98290508,41.7418,-69.4133,20221108,NESLTER broadscale
8731,99081166,42.1575,-69.8481,20221108,NESLTER broadscale
8732,99444694,42.4871,-69.7945,20221108,NESLTER broadscale
8733,99790365,40.7731,-69.176,20221108,NESLTER broadscale
8734,00924444,40.6982,-69.6669,20221109,NESLTER broadscale
8735,01339863,40.9411,-70.8836,20221109,NESLTER broadscale
8736,01782024,40.5759,-69.3425,20221109,NESLTER broadscale
8737,04851227,40.5559,-69.4465,20221109,NESLTER broadscale
8738,05689433,40.6917,-70.1594,20221109,NESLTER broadscale
8739,06174857,40.7007,-70.0802,20221109,NESLTER broadscale
8740,09408401,40.5348,-69.3998,20221109,NESLTER broadscale
8741,10359705,40.6197,-70.0999,20221109,NESLTER broadscale
8742,11572668,40.6392,-69.5763,20221109,NESLTER broadscale
8743,13777499,40.6848,-70.1708,20221109,NESLTER broadscale
8744,14997863,41.0406,-71.047,20221109,NESLTER broadscale
8745,15327776,40.7044,-70.1021,20221109,NESLTER broadscale
8746,16513544,40.6974,-70.144,20221109,NESLTER broadscale
8747,16832957,41.0966,-70.6196,20221109,NESLTER broadscale
8748,17873384,40.7241,-69.712,20221109,NESLTER broadscale
8749,18591799,40.8345,-70.3126,20221109,NESLTER broadscale
8750,18682887,40.6055,-69.8634,20221109,NESLTER broadscale
8751,18854810,40.646,-69.8128,20221109,NESLTER broadscale
8752,18987029,40.7908,-70.3914,20221109,NESLTER broadscale
8753,19009408,40.5251,-69.966,20221109,NESLTER broadscale
8754,19394123,41.325,-70.566,20221109,Martha's Vineyard Coastal Observatory
8755,19467529,41.0936,-71.1958,20221109,NESLTER broadscale
8756,25317999,40.7565,-70.4646,20221109,NESLTER broadscale
8757,26271952,41.0796,-71.1827,20221109,NESLTER broadscale
8758,26645839,40.6807,-70.3553,20221109,NESLTER broadscale
8759,29680407,41.039,-70.7188,20221109,NESLTER broadscale
8760,29905094,40.6765,-70.1754,20221109,NESLTER broadscale
8761,33360298,40.8248,-70.3176,20221109,NESLTER broadscale
8762,33411708,41.0307,-70.5442,20221109,NESLTER broadscale
8763,39758391,40.9977,-70.7858,20221109,NESLTER broadscale
8764,40069165,40.5928,-70.0652,20221109,NESLTER broadscale
8765,42924843,40.5833,-69.4886,20221109,NESLTER broadscale
8766,44323653,40.5641,-70.0286,20221109,NESLTER broadscale
8767,46221793,40.6478,-70.1373,20221109,NESLTER broadscale
8768,48411552,40.6121,-69.5337,20221109,NESLTER broadscale
8769,58573859,40.6838,-70.6026,20221109,NESLTER broadscale
8770,60229562,40.6972,-70.1797,20221109,NESLTER broadscale
8771,60554637,40.9581,-70.8522,20221109,NESLTER broadscale
8772,61160736,40.5641,-69.9151,20221109,NESLTER broadscale
8773,61220786,40.6697,-70.6149,20221109,NESLTER broadscale
8774,62569454,40.6687,-70.5312,20221109,NESLTER broadscale
8775,62698273,40.9034,-70.4024,20221109,NESLTER broadscale
8776,62950397,43.781,-69.975,20221109,Bowdoin College (SCSC)
8777,65421663,40.682,-70.1738,20221109,NESLTER broadscale
8778,65715378,40.6697,-69.6235,20221109,NESLTER broadscale
8779,66355873,40.6749,-70.6152,20221109,NESLTER broadscale
8780,68373401,40.6737,-70.4446,20221109,NESLTER broadscale
8781,69805903,40.6886,-70.2663,20221109,NESLTER broadscale
8782,70010077,41.0644,-71.1197,20221109,NESLTER broadscale
8783,70427380,40.9837,-70.4939,20221109,NESLTER broadscale
8784,74435205,41.0005,-70.9907,20221109,NESLTER broadscale
8785,76613504,40.7197,-70.5363,20221109,NESLTER broadscale
8786,78508363,41.0773,-71.1723,20221109,NESLTER broadscale
8787,84691237,44.44,-68.205,20221109,Mount Desert Island Biological Laboratory
8788,85183472,40.6886,-70.1649,20221109,NESLTER broadscale
8789,88075984,41.0811,-70.6489,20221109,NESLTER broadscale
8790,92279980,40.6938,-70.1543,20221109,NESLTER broadscale
8791,93656944,40.5381,-69.9985,20221109,NESLTER broadscale
8792,94154698,40.7008,-70.1309,20221109,NESLTER broadscale
8793,94840257,40.9675,-70.9315,20221109,NESLTER broadscale
8794,94871657,41.0848,-70.6016,20221109,NESLTER broadscale
8795,96536195,40.9516,-70.4645,20221109,NESLTER broadscale
8796,97477620,40.6848,-69.7626,20221109,NESLTER broadscale
8797,02316932,41.1165,-71.2126,20221110,NESLTER broadscale
8798,02702745,41.1146,-71.2097,20221110,NESLTER broadscale
8799,08943299,41.0954,-71.2074,20221110,NESLTER broadscale
8800,10111570,41.1122,-71.2014,20221110,NESLTER broadscale
8801,11274536,41.1103,-71.2111,20221110,NESLTER broadscale
8802,12266373,41.0796,-71.2153,20221110,NESLTER broadscale
8803,13540666,41.1158,-71.2108,20221110,NESLTER broadscale
8804,17014712,41.2883,-71.002,20221110,NESLTER broadscale
8805,19394123,41.325,-70.566,20221110,Martha's Vineyard Coastal Observatory
8806,22065502,41.0865,-71.2123,20221110,NESLTER broadscale
8807,22715580,41.0927,-71.2091,20221110,NESLTER broadscale
8808,25478522,41.3666,-70.9008,20221110,NESLTER broadscale
8809,26573614,41.2302,-71.0746,20221110,NESLTER broadscale
8810,27790481,41.1162,-71.2128,20221110,NESLTER broadscale
8811,30779951,41.1037,-71.2068,20221110,NESLTER broadscale
8812,32645274,41.3914,-70.8396,20221110,NESLTER broadscale
8813,33981247,41.1867,-71.1288,20221110,NESLTER broadscale
8814,38232909,41.1059,-71.209,20221110,NESLTER broadscale
8815,38476283,41.0734,-71.2156,20221110,NESLTER broadscale
8816,42459716,41.0779,-71.2141,20221110,NESLTER broadscale
8817,45892718,41.314,-70.972,20221110,NESLTER broadscale
8818,48635329,41.1161,-71.2116,20221110,NESLTER broadscale
8819,51555960,41.1134,-71.2092,20221110,NESLTER broadscale
8820,55736645,41.1659,-71.1546,20221110,NESLTER broadscale
8821,56475007,41.0988,-71.2063,20221110,NESLTER broadscale
8822,62386521,41.2599,-71.0375,20221110,NESLTER broadscale
8823,62950397,43.781,-69.975,20221110,Bowdoin College (SCSC)
8824,63834987,41.1017,-71.2037,20221110,NESLTER broadscale
8825,67493297,41.2077,-71.1024,20221110,NESLTER broadscale
8826,69600446,41.1299,-71.1908,20221110,NESLTER broadscale
8827,74521564,41.1456,-71.1765,20221110,NESLTER broadscale
8828,84691237,44.44,-68.205,20221110,Mount Desert Island Biological Laboratory
8829,85156740,41.3377,-70.9413,20221110,NESLTER broadscale
8830,94076926,41.1105,-71.2093,20221110,NESLTER broadscale
8831,19394123,41.325,-70.566,20221111,Martha's Vineyard Coastal Observatory
8832,62950397,43.781,-69.975,20221111,Bowdoin College (SCSC)
8833,19394123,41.325,-70.566,20221112,Martha's Vineyard Coastal Observatory
8834,62950397,43.781,-69.975,20221112,Bowdoin College (SCSC)
8835,19394123,41.325,-70.566,20221113,Martha's Vineyard Coastal Observatory
8836,62950397,43.781,-69.975,20221113,Bowdoin College (SCSC)
8837,19394123,41.325,-70.566,20221114,Martha's Vineyard Coastal Observatory
8838,62950397,43.781,-69.975,20221114,Bowdoin College (SCSC)
8839,19394123,41.325,-70.566,20221115,Martha's Vineyard Coastal Observatory
8840,62950397,43.781,-69.975,20221115,Bowdoin College (SCSC)
8841,19394123,41.325,-70.566,20221116,Martha's Vineyard Coastal Observatory
8842,62950397,43.781,-69.975,20221116,Bowdoin College (SCSC)
8843,19394123,41.325,-70.566,20221117,Martha's Vineyard Coastal Observatory
8844,62950397,43.781,-69.975,20221117,Bowdoin College (SCSC)
8845,19394123,41.325,-70.566,20221118,Martha's Vineyard Coastal Observatory
8846,62950397,43.781,-69.975,20221118,Bowdoin College (SCSC)
8847,19394123,41.325,-70.566,20221119,Martha's Vineyard Coastal Observatory
8848,62950397,43.781,-69.975,20221119,Bowdoin College (SCSC)
8849,19394123,41.325,-70.566,20221120,Martha's Vineyard Coastal Observatory
8850,62950397,43.781,-69.975,20221120,Bowdoin College (SCSC)
8851,19394123,41.325,-70.566,20221121,Martha's Vineyard Coastal Observatory
8852,62950397,43.781,-69.975,20221121,Bowdoin College (SCSC)
8853,19394123,41.325,-70.566,20221122,Martha's Vineyard Coastal Observatory
8854,62950397,43.781,-69.975,20221122,Bowdoin College (SCSC)
8855,19394123,41.325,-70.566,20221123,Martha's Vineyard Coastal Observatory
8856,62950397,43.781,-69.975,20221123,Bowdoin College (SCSC)
8857,19394123,41.325,-70.566,20221124,Martha's Vineyard Coastal Observatory
8858,62950397,43.781,-69.975,20221124,Bowdoin College (SCSC)
8859,19394123,41.325,-70.566,20221125,Martha's Vineyard Coastal Observatory
8860,62950397,43.781,-69.975,20221125,Bowdoin College (SCSC)
8861,19394123,41.325,-70.566,20221126,Martha's Vineyard Coastal Observatory
8862,62950397,43.781,-69.975,20221126,Bowdoin College (SCSC)
8863,19394123,41.325,-70.566,20221127,Martha's Vineyard Coastal Observatory
8864,62950397,43.781,-69.975,20221127,Bowdoin College (SCSC)
8865,19394123,41.325,-70.566,20221128,Martha's Vineyard Coastal Observatory
8866,62950397,43.781,-69.975,20221128,Bowdoin College (SCSC)
8867,19394123,41.325,-70.566,20221129,Martha's Vineyard Coastal Observatory
8868,62950397,43.781,-69.975,20221129,Bowdoin College (SCSC)
8869,19394123,41.325,-70.566,20221130,Martha's Vineyard Coastal Observatory
8870,62950397,43.781,-69.975,20221130,Bowdoin College (SCSC)
8871,19394123,41.325,-70.566,20221201,Martha's Vineyard Coastal Observatory
8872,62950397,43.781,-69.975,20221201,Bowdoin College (SCSC)
8873,84691237,44.44,-68.205,20221201,Mount Desert Island Biological Laboratory
8874,19394123,41.325,-70.566,20221202,Martha's Vineyard Coastal Observatory
8875,62950397,43.781,-69.975,20221202,Bowdoin College (SCSC)
8876,19394123,41.325,-70.566,20221203,Martha's Vineyard Coastal Observatory
8877,62950397,43.781,-69.975,20221203,Bowdoin College (SCSC)
8878,19394123,41.325,-70.566,20221204,Martha's Vineyard Coastal Observatory
8879,62950397,43.781,-69.975,20221204,Bowdoin College (SCSC)
8880,19394123,41.325,-70.566,20221205,Martha's Vineyard Coastal Observatory
8881,62950397,43.781,-69.975,20221205,Bowdoin College (SCSC)
8882,19394123,41.325,-70.566,20221206,Martha's Vineyard Coastal Observatory
8883,62950397,43.781,-69.975,20221206,Bowdoin College (SCSC)
8884,19394123,41.325,-70.566,20221207,Martha's Vineyard Coastal Observatory
8885,62950397,43.781,-69.975,20221207,Bowdoin College (SCSC)
8886,19394123,41.325,-70.566,20221208,Martha's Vineyard Coastal Observatory
8887,62950397,43.781,-69.975,20221208,Bowdoin College (SCSC)
8888,19394123,41.325,-70.566,20221209,Martha's Vineyard Coastal Observatory
8889,62950397,43.781,-69.975,20221209,Bowdoin College (SCSC)
8890,84691237,44.44,-68.205,20221209,Mount Desert Island Biological Laboratory
8891,19394123,41.325,-70.566,20221210,Martha's Vineyard Coastal Observatory
8892,62950397,43.781,-69.975,20221210,Bowdoin College (SCSC)
8893,19394123,41.325,-70.566,20221211,Martha's Vineyard Coastal Observatory
8894,62950397,43.781,-69.975,20221211,Bowdoin College (SCSC)
8895,19394123,41.325,-70.566,20221212,Martha's Vineyard Coastal Observatory
8896,62950397,43.781,-69.975,20221212,Bowdoin College (SCSC)
8897,19394123,41.325,-70.566,20221213,Martha's Vineyard Coastal Observatory
8898,62950397,43.781,-69.975,20221213,Bowdoin College (SCSC)
8899,19394123,41.325,-70.566,20221214,Martha's Vineyard Coastal Observatory
8900,62950397,43.781,-69.975,20221214,Bowdoin College (SCSC)
8901,19394123,41.325,-70.566,20221215,Martha's Vineyard Coastal Observatory
8902,62950397,43.781,-69.975,20221215,Bowdoin College (SCSC)
8903,19394123,41.325,-70.566,20221216,Martha's Vineyard Coastal Observatory
8904,62950397,43.781,-69.975,20221216,Bowdoin College (SCSC)
8905,19394123,41.325,-70.566,20221217,Martha's Vineyard Coastal Observatory
8906,62950397,43.781,-69.975,20221217,Bowdoin College (SCSC)
8907,19394123,41.325,-70.566,20221218,Martha's Vineyard Coastal Observatory
8908,62950397,43.781,-69.975,20221218,Bowdoin College (SCSC)
8909,19394123,41.325,-70.566,20221219,Martha's Vineyard Coastal Observatory
8910,62950397,43.781,-69.975,20221219,Bowdoin College (SCSC)
8911,19394123,41.325,-70.566,20221220,Martha's Vineyard Coastal Observatory
8912,62950397,43.781,-69.975,20221220,Bowdoin College (SCSC)
8913,19394123,41.325,-70.566,20221221,Martha's Vineyard Coastal Observatory
8914,62950397,43.781,-69.975,20221221,Bowdoin College (SCSC)
8915,19394123,41.325,-70.566,20221222,Martha's Vineyard Coastal Observatory
8916,62950397,43.781,-69.975,20221222,Bowdoin College (SCSC)
8917,19394123,41.325,-70.566,20221223,Martha's Vineyard Coastal Observatory
8918,62950397,43.781,-69.975,20221223,Bowdoin College (SCSC)
8919,19394123,41.325,-70.566,20221224,Martha's Vineyard Coastal Observatory
8920,62950397,43.781,-69.975,20221224,Bowdoin College (SCSC)
8921,19394123,41.325,-70.566,20221227,Martha's Vineyard Coastal Observatory
8922,62950397,43.781,-69.975,20221227,Bowdoin College (SCSC)
8923,19394123,41.325,-70.566,20221228,Martha's Vineyard Coastal Observatory
8924,62950397,43.781,-69.975,20221228,Bowdoin College (SCSC)
8925,19394123,41.325,-70.566,20221229,Martha's Vineyard Coastal Observatory
8926,62950397,43.781,-69.975,20221229,Bowdoin College (SCSC)
8927,19394123,41.325,-70.566,20221230,Martha's Vineyard Coastal Observatory
8928,62950397,43.781,-69.975,20221230,Bowdoin College (SCSC)
8929,19394123,41.325,-70.566,20230102,Martha's Vineyard Coastal Observatory
8930,19394123,41.325,-70.566,20230103,Martha's Vineyard Coastal Observatory
8931,19394123,41.325,-70.566,20230105,Martha's Vineyard Coastal Observatory
8932,19394123,41.325,-70.566,20230107,Martha's Vineyard Coastal Observatory
8933,19394123,41.325,-70.566,20230108,Martha's Vineyard Coastal Observatory
8934,19394123,41.325,-70.566,20230110,Martha's Vineyard Coastal Observatory
8935,19394123,41.325,-70.566,20230111,Martha's Vineyard Coastal Observatory
8936,19394123,41.325,-70.566,20230113,Martha's Vineyard Coastal Observatory
8937,19394123,41.325,-70.566,20230117,Martha's Vineyard Coastal Observatory
8938,19394123,41.325,-70.566,20230124,Martha's Vineyard Coastal Observatory
8939,19394123,41.325,-70.566,20230126,Martha's Vineyard Coastal Observatory
8940,19394123,41.325,-70.566,20230127,Martha's Vineyard Coastal Observatory
8941,19394123,41.325,-70.566,20230130,Martha's Vineyard Coastal Observatory
8942,19394123,41.325,-70.566,20230201,Martha's Vineyard Coastal Observatory
8943,19394123,41.325,-70.566,20230202,Martha's Vineyard Coastal Observatory
8944,19394123,41.325,-70.566,20230203,Martha's Vineyard Coastal Observatory
8945,19394123,41.325,-70.566,20230204,Martha's Vineyard Coastal Observatory
8946,19394123,41.325,-70.566,20230205,Martha's Vineyard Coastal Observatory
8947,19394123,41.325,-70.566,20230206,Martha's Vineyard Coastal Observatory
8948,19394123,41.325,-70.566,20230207,Martha's Vineyard Coastal Observatory
8949,19394123,41.325,-70.566,20230208,Martha's Vineyard Coastal Observatory
8950,19394123,41.325,-70.566,20230209,Martha's Vineyard Coastal Observatory
8951,19394123,41.325,-70.566,20230210,Martha's Vineyard Coastal Observatory
8952,19394123,41.325,-70.566,20230211,Martha's Vineyard Coastal Observatory
8953,19394123,41.325,-70.566,20230212,Martha's Vineyard Coastal Observatory
8954,19394123,41.325,-70.566,20230213,Martha's Vineyard Coastal Observatory
8955,19394123,41.325,-70.566,20230214,Martha's Vineyard Coastal Observatory
8956,19394123,41.325,-70.566,20230215,Martha's Vineyard Coastal Observatory
8957,19394123,41.325,-70.566,20230216,Martha's Vineyard Coastal Observatory
8958,19394123,41.325,-70.566,20230217,Martha's Vineyard Coastal Observatory
8959,19394123,41.325,-70.566,20230218,Martha's Vineyard Coastal Observatory
8960,19394123,41.325,-70.566,20230219,Martha's Vineyard Coastal Observatory
8961,19394123,41.325,-70.566,20230220,Martha's Vineyard Coastal Observatory
8962,19394123,41.325,-70.566,20230221,Martha's Vineyard Coastal Observatory
8963,19394123,41.325,-70.566,20230222,Martha's Vineyard Coastal Observatory
8964,19394123,41.325,-70.566,20230223,Martha's Vineyard Coastal Observatory
8965,19394123,41.325,-70.566,20230224,Martha's Vineyard Coastal Observatory
8966,19394123,41.325,-70.566,20230225,Martha's Vineyard Coastal Observatory
8967,19394123,41.325,-70.566,20230226,Martha's Vineyard Coastal Observatory
8968,19394123,41.325,-70.566,20230228,Martha's Vineyard Coastal Observatory
8969,19394123,41.325,-70.566,20230301,Martha's Vineyard Coastal Observatory
8970,19394123,41.325,-70.566,20230302,Martha's Vineyard Coastal Observatory
8971,19394123,41.325,-70.566,20230303,Martha's Vineyard Coastal Observatory
8972,19394123,41.325,-70.566,20230304,Martha's Vineyard Coastal Observatory
8973,19394123,41.325,-70.566,20230305,Martha's Vineyard Coastal Observatory
8974,19394123,41.325,-70.566,20230306,Martha's Vineyard Coastal Observatory
8975,19394123,41.325,-70.566,20230307,Martha's Vineyard Coastal Observatory
8976,19394123,41.325,-70.566,20230308,Martha's Vineyard Coastal Observatory
8977,19394123,41.325,-70.566,20230309,Martha's Vineyard Coastal Observatory
8978,19394123,41.325,-70.566,20230310,Martha's Vineyard Coastal Observatory
8979,19394123,41.325,-70.566,20230311,Martha's Vineyard Coastal Observatory
8980,19394123,41.325,-70.566,20230312,Martha's Vineyard Coastal Observatory
8981,19394123,41.325,-70.566,20230313,Martha's Vineyard Coastal Observatory
8982,19394123,41.325,-70.566,20230314,Martha's Vineyard Coastal Observatory
8983,19394123,41.325,-70.566,20230315,Martha's Vineyard Coastal Observatory
8984,19394123,41.325,-70.566,20230316,Martha's Vineyard Coastal Observatory
8985,19394123,41.325,-70.566,20230317,Martha's Vineyard Coastal Observatory
8986,19394123,41.325,-70.566,20230318,Martha's Vineyard Coastal Observatory
8987,19394123,41.325,-70.566,20230319,Martha's Vineyard Coastal Observatory
8988,19394123,41.325,-70.566,20230320,Martha's Vineyard Coastal Observatory
8989,19394123,41.325,-70.566,20230321,Martha's Vineyard Coastal Observatory
8990,19394123,41.325,-70.566,20230322,Martha's Vineyard Coastal Observatory
8991,19394123,41.325,-70.566,20230323,Martha's Vineyard Coastal Observatory
8992,19394123,41.325,-70.566,20230324,Martha's Vineyard Coastal Observatory
8993,19394123,41.325,-70.566,20230325,Martha's Vineyard Coastal Observatory
8994,19394123,41.325,-70.566,20230326,Martha's Vineyard Coastal Observatory
8995,19394123,41.325,-70.566,20230327,Martha's Vineyard Coastal Observatory
8996,19394123,41.325,-70.566,20230328,Martha's Vineyard Coastal Observatory
8997,19394123,41.325,-70.566,20230329,Martha's Vineyard Coastal Observatory
8998,19394123,41.325,-70.566,20230330,Martha's Vineyard Coastal Observatory
8999,19394123,41.325,-70.566,20230331,Martha's Vineyard Coastal Observatory
9000,19394123,41.325,-70.566,20230401,Martha's Vineyard Coastal Observatory
9001,19394123,41.325,-70.566,20230402,Martha's Vineyard Coastal Observatory
9002,19394123,41.325,-70.566,20230403,Martha's Vineyard Coastal Observatory
9003,19394123,41.325,-70.566,20230404,Martha's Vineyard Coastal Observatory
9004,19394123,41.325,-70.566,20230405,Martha's Vineyard Coastal Observatory
9005,19394123,41.325,-70.566,20230406,Martha's Vineyard Coastal Observatory
9006,19394123,41.325,-70.566,20230407,Martha's Vineyard Coastal Observatory
9007,19394123,41.325,-70.566,20230408,Martha's Vineyard Coastal Observatory
9008,19394123,41.325,-70.566,20230409,Martha's Vineyard Coastal Observatory
9009,19394123,41.325,-70.566,20230410,Martha's Vineyard Coastal Observatory
9010,19394123,41.325,-70.566,20230411,Martha's Vineyard Coastal Observatory
9011,19394123,41.325,-70.566,20230412,Martha's Vineyard Coastal Observatory
9012,19394123,41.325,-70.566,20230413,Martha's Vineyard Coastal Observatory
9013,19394123,41.325,-70.566,20230414,Martha's Vineyard Coastal Observatory
9014,19394123,41.325,-70.566,20230415,Martha's Vineyard Coastal Observatory
9015,19394123,41.325,-70.566,20230416,Martha's Vineyard Coastal Observatory
9016,19394123,41.325,-70.566,20230417,Martha's Vineyard Coastal Observatory
9017,19394123,41.325,-70.566,20230418,Martha's Vineyard Coastal Observatory
9018,19394123,41.325,-70.566,20230419,Martha's Vineyard Coastal Observatory
9019,19394123,41.325,-70.566,20230420,Martha's Vineyard Coastal Observatory
9020,19394123,41.325,-70.566,20230421,Martha's Vineyard Coastal Observatory
9021,19394123,41.325,-70.566,20230422,Martha's Vineyard Coastal Observatory
9022,19394123,41.325,-70.566,20230423,Martha's Vineyard Coastal Observatory
9023,19394123,41.325,-70.566,20230424,Martha's Vineyard Coastal Observatory
9024,19394123,41.325,-70.566,20230425,Martha's Vineyard Coastal Observatory
9025,19394123,41.325,-70.566,20230426,Martha's Vineyard Coastal Observatory
9026,19394123,41.325,-70.566,20230427,Martha's Vineyard Coastal Observatory
9027,19394123,41.325,-70.566,20230428,Martha's Vineyard Coastal Observatory
9028,19394123,41.325,-70.566,20230429,Martha's Vineyard Coastal Observatory
9029,19394123,41.325,-70.566,20230430,Martha's Vineyard Coastal Observatory
9030,19394123,41.325,-70.566,20230501,Martha's Vineyard Coastal Observatory
9031,19394123,41.325,-70.566,20230502,Martha's Vineyard Coastal Observatory
9032,02235565,41.76,-69.924,20230503,Gulf of Maine
9033,06982150,41.4891,-70.1142,20230503,Gulf of Maine
9034,09389983,41.8127,-69.9158,20230503,Gulf of Maine
9035,11257721,41.8128,-69.9266,20230503,Gulf of Maine
9036,11454581,41.6109,-69.9229,20230503,Gulf of Maine
9037,16418260,41.812,-69.9216,20230503,Gulf of Maine
9038,19394123,41.325,-70.566,20230503,Martha's Vineyard Coastal Observatory
9039,23066604,41.7106,-69.8858,20230503,Gulf of Maine
9040,24971526,41.5245,-70.6719,20230503,Gulf of Maine
9041,25568865,41.4859,-70.1432,20230503,Gulf of Maine
9042,29170616,41.5409,-70.231,20230503,Gulf of Maine
9043,31806836,41.5831,-69.9225,20230503,Gulf of Maine
9044,33016026,41.6705,-69.9048,20230503,Gulf of Maine
9045,37799227,41.7603,-69.9169,20230503,Gulf of Maine
9046,48560805,41.7106,-69.9187,20230503,Gulf of Maine
9047,49825152,41.5286,-70.0062,20230503,Gulf of Maine
9048,51317045,41.5048,-70.4346,20230503,Gulf of Maine
9049,56003601,41.5185,-70.0206,20230503,Gulf of Maine
9050,63596007,41.5116,-70.5878,20230503,Gulf of Maine
9051,67197453,41.6351,-69.8898,20230503,Gulf of Maine
9052,68694490,41.6098,-69.9071,20230503,Gulf of Maine
9053,70949364,41.5735,-69.9168,20230503,Gulf of Maine
9054,71230928,41.7605,-69.8895,20230503,Gulf of Maine
9055,74774828,41.7946,-69.9107,20230503,Gulf of Maine
9056,75541890,41.8139,-69.8942,20230503,Gulf of Maine
9057,77988828,41.8114,-69.9099,20230503,Gulf of Maine
9058,78842066,41.494,-70.2886,20230503,Gulf of Maine
9059,96741873,41.7709,-69.889,20230503,Gulf of Maine
9060,99224791,41.7077,-69.902,20230503,Gulf of Maine
9061,19394123,41.325,-70.566,20230504,Martha's Vineyard Coastal Observatory
9062,00433317,41.3245,-70.5422,20230505,Gulf of Maine
9063,07042485,41.3234,-70.5669,20230505,Gulf of Maine
9064,09487052,41.3235,-70.5669,20230505,Gulf of Maine
9065,17330853,41.4289,-70.434,20230505,Gulf of Maine
9066,19394123,41.325,-70.566,20230505,Martha's Vineyard Coastal Observatory
9067,32411856,41.3231,-70.562,20230505,Gulf of Maine
9068,37819785,41.3235,-70.5671,20230505,Gulf of Maine
9069,42349507,41.3235,-70.567,20230505,Gulf of Maine
9070,47548262,41.3266,-70.434,20230505,Gulf of Maine
9071,55398305,41.4053,-70.4355,20230505,Gulf of Maine
9072,58345558,41.3234,-70.5668,20230505,Gulf of Maine
9073,58689239,41.3194,-70.559,20230505,Gulf of Maine
9074,84546849,41.3249,-70.5663,20230505,Gulf of Maine
9075,86730300,41.3343,-70.4266,20230505,Gulf of Maine
9076,87333765,41.3227,-70.5195,20230505,Gulf of Maine
9077,96228460,41.4638,-70.5375,20230505,Gulf of Maine
9078,19394123,41.325,-70.566,20230506,Martha's Vineyard Coastal Observatory
9079,19394123,41.325,-70.566,20230507,Martha's Vineyard Coastal Observatory
9080,09235559,41.3247,-70.5661,20230508,Gulf of Maine
9081,12744996,41.3253,-70.5653,20230508,Gulf of Maine
9082,15419012,41.4249,-70.4307,20230508,Gulf of Maine
9083,19394123,41.325,-70.566,20230508,Martha's Vineyard Coastal Observatory
9084,21040699,41.3249,-70.5658,20230508,Gulf of Maine
9085,25568649,41.3251,-70.5658,20230508,Gulf of Maine
9086,27422343,41.3262,-70.5641,20230508,Gulf of Maine
9087,28319654,41.326,-70.5359,20230508,Gulf of Maine
9088,28623606,41.5098,-70.6504,20230508,Gulf of Maine
9089,32822674,41.393,-70.4273,20230508,Gulf of Maine
9090,38787933,41.3253,-70.5652,20230508,Gulf of Maine
9091,48966238,41.3414,-70.4276,20230508,Gulf of Maine
9092,57451304,41.3247,-70.5667,20230508,Gulf of Maine
9093,59897159,41.3268,-70.4432,20230508,Gulf of Maine
9094,67165984,41.3246,-70.5659,20230508,Gulf of Maine
9095,69566401,41.3251,-70.5665,20230508,Gulf of Maine
9096,80221601,41.46,-70.5131,20230508,Gulf of Maine
9097,90598704,41.3251,-70.5662,20230508,Gulf of Maine
9098,91466471,41.325,-70.5654,20230508,Gulf of Maine
9099,19394123,41.325,-70.566,20230509,Martha's Vineyard Coastal Observatory
9100,19394123,41.325,-70.566,20230510,Martha's Vineyard Coastal Observatory
9101,23935795,41.3274,-70.5635,20230510,SeaTrac deployment at MVCO
9102,34201664,41.3275,-70.5633,20230510,SeaTrac deployment at MVCO
9103,42916798,41.3275,-70.5631,20230510,SeaTrac deployment at MVCO
9104,63094055,41.3274,-70.5634,20230510,SeaTrac deployment at MVCO
9105,74630967,41.3277,-70.5633,20230510,SeaTrac deployment at MVCO
9106,76752533,41.3277,-70.5629,20230510,SeaTrac deployment at MVCO
9107,87344290,41.3274,-70.5636,20230510,SeaTrac deployment at MVCO
9108,88617916,41.3276,-70.5628,20230510,SeaTrac deployment at MVCO
9109,89662354,41.3273,-70.5629,20230510,SeaTrac deployment at MVCO
9110,97750569,41.3277,-70.5634,20230510,SeaTrac deployment at MVCO
9111,02215671,41.3274,-70.5637,20230511,SeaTrac deployment at MVCO
9112,05565724,41.3275,-70.5635,20230511,SeaTrac deployment at MVCO
9113,06643283,41.3274,-70.563,20230511,SeaTrac deployment at MVCO
9114,07959914,41.3273,-70.5638,20230511,SeaTrac deployment at MVCO
9115,08938149,41.3273,-70.563,20230511,SeaTrac deployment at MVCO
9116,19133334,41.3274,-70.5631,20230511,SeaTrac deployment at MVCO
9117,19394123,41.325,-70.566,20230511,Martha's Vineyard Coastal Observatory
9118,22554829,41.3276,-70.564,20230511,SeaTrac deployment at MVCO
9119,23935795,41.3274,-70.5635,20230511,SeaTrac deployment at MVCO
9120,27766402,41.3273,-70.5636,20230511,SeaTrac deployment at MVCO
9121,29272781,41.3276,-70.5642,20230511,SeaTrac deployment at MVCO
9122,34201664,41.3275,-70.5633,20230511,SeaTrac deployment at MVCO
9123,39668041,41.3273,-70.5628,20230511,SeaTrac deployment at MVCO
9124,39950568,41.3279,-70.5641,20230511,SeaTrac deployment at MVCO
9125,42779189,41.3272,-70.564,20230511,SeaTrac deployment at MVCO
9126,42826692,41.3275,-70.563,20230511,SeaTrac deployment at MVCO
9127,46465411,41.3273,-70.5633,20230511,SeaTrac deployment at MVCO
9128,47095072,41.3275,-70.5629,20230511,SeaTrac deployment at MVCO
9129,49535212,41.3273,-70.5637,20230511,SeaTrac deployment at MVCO
9130,52769404,41.3273,-70.5635,20230511,SeaTrac deployment at MVCO
9131,53216288,41.3274,-70.5633,20230511,SeaTrac deployment at MVCO
9132,54246803,41.3274,-70.5632,20230511,SeaTrac deployment at MVCO
9133,56134669,41.3275,-70.5628,20230511,SeaTrac deployment at MVCO
9134,59536340,41.3276,-70.563,20230511,SeaTrac deployment at MVCO
9135,60362110,41.3271,-70.5629,20230511,SeaTrac deployment at MVCO
9136,60384790,41.3275,-70.5644,20230511,SeaTrac deployment at MVCO
9137,63094055,41.3274,-70.5634,20230511,SeaTrac deployment at MVCO
9138,71026251,41.3271,-70.5637,20230511,SeaTrac deployment at MVCO
9139,74630967,41.3277,-70.5633,20230511,SeaTrac deployment at MVCO
9140,77441199,41.3276,-70.5629,20230511,SeaTrac deployment at MVCO
9141,79461384,41.3274,-70.5629,20230511,SeaTrac deployment at MVCO
9142,80363292,41.3275,-70.5634,20230511,SeaTrac deployment at MVCO
9143,88617916,41.3276,-70.5628,20230511,SeaTrac deployment at MVCO
9144,92729052,41.3276,-70.5632,20230511,SeaTrac deployment at MVCO
9145,93566263,41.3275,-70.5632,20230511,SeaTrac deployment at MVCO
9146,97849649,41.3272,-70.5643,20230511,SeaTrac deployment at MVCO
9147,02215671,41.3274,-70.5637,20230512,SeaTrac deployment at MVCO
9148,06643283,41.3274,-70.563,20230512,SeaTrac deployment at MVCO
9149,09570299,41.326,-70.4858,20230512,SeaTrac deployment at MVCO
9150,14080919,41.3265,-70.46,20230512,SeaTrac deployment at MVCO
9151,17217013,41.3276,-70.5634,20230512,SeaTrac deployment at MVCO
9152,19133334,41.3274,-70.5631,20230512,SeaTrac deployment at MVCO
9153,19394123,41.325,-70.566,20230512,Martha's Vineyard Coastal Observatory
9154,20526321,41.3276,-70.5631,20230512,SeaTrac deployment at MVCO
9155,23935795,41.3274,-70.5635,20230512,SeaTrac deployment at MVCO
9156,26070668,41.3278,-70.564,20230512,SeaTrac deployment at MVCO
9157,27766402,41.3273,-70.5636,20230512,SeaTrac deployment at MVCO
9158,32535273,41.3271,-70.5638,20230512,SeaTrac deployment at MVCO
9159,36606246,41.3271,-70.5636,20230512,SeaTrac deployment at MVCO
9160,39288740,41.3257,-70.5098,20230512,SeaTrac deployment at MVCO
9161,40825317,41.3269,-70.5643,20230512,SeaTrac deployment at MVCO
9162,42826692,41.3275,-70.563,20230512,SeaTrac deployment at MVCO
9163,45264754,41.3496,-70.4251,20230512,SeaTrac deployment at MVCO
9164,47095072,41.3275,-70.5629,20230512,SeaTrac deployment at MVCO
9165,47572971,41.3292,-70.4265,20230512,SeaTrac deployment at MVCO
9166,50102039,41.3255,-70.5384,20230512,SeaTrac deployment at MVCO
9167,53216288,41.3274,-70.5633,20230512,SeaTrac deployment at MVCO
9168,54246803,41.3274,-70.5632,20230512,SeaTrac deployment at MVCO
9169,56134669,41.3275,-70.5628,20230512,SeaTrac deployment at MVCO
9170,60528970,41.3278,-70.5641,20230512,SeaTrac deployment at MVCO
9171,61314415,41.3272,-70.5645,20230512,SeaTrac deployment at MVCO
9172,63094055,41.3274,-70.5634,20230512,SeaTrac deployment at MVCO
9173,77441199,41.3276,-70.5629,20230512,SeaTrac deployment at MVCO
9174,85620481,41.3274,-70.5628,20230512,SeaTrac deployment at MVCO
9175,86374448,41.3272,-70.5641,20230512,SeaTrac deployment at MVCO
9176,90139645,41.3272,-70.5635,20230512,SeaTrac deployment at MVCO
9177,96597371,41.3277,-70.5642,20230512,SeaTrac deployment at MVCO
9178,97388936,41.3272,-70.5637,20230512,SeaTrac deployment at MVCO
9179,19394123,41.325,-70.566,20230513,Martha's Vineyard Coastal Observatory
9180,19394123,41.325,-70.566,20230514,Martha's Vineyard Coastal Observatory
9181,19394123,41.325,-70.566,20230515,Martha's Vineyard Coastal Observatory
9182,19394123,41.325,-70.566,20230516,Martha's Vineyard Coastal Observatory
9183,19394123,41.325,-70.566,20230517,Martha's Vineyard Coastal Observatory
9184,19394123,41.325,-70.566,20230518,Martha's Vineyard Coastal Observatory
9185,19394123,41.325,-70.566,20230519,Martha's Vineyard Coastal Observatory
9186,19394123,41.325,-70.566,20230520,Martha's Vineyard Coastal Observatory
9187,19394123,41.325,-70.566,20230521,Martha's Vineyard Coastal Observatory
9188,19394123,41.325,-70.566,20230522,Martha's Vineyard Coastal Observatory
9189,19394123,41.325,-70.566,20230523,Martha's Vineyard Coastal Observatory
9190,19394123,41.325,-70.566,20230524,Martha's Vineyard Coastal Observatory
9191,19394123,41.325,-70.566,20230525,Martha's Vineyard Coastal Observatory
9192,19394123,41.325,-70.566,20230526,Martha's Vineyard Coastal Observatory
9193,19394123,41.325,-70.566,20230527,Martha's Vineyard Coastal Observatory
9194,19394123,41.325,-70.566,20230528,Martha's Vineyard Coastal Observatory
9195,19394123,41.325,-70.566,20230529,Martha's Vineyard Coastal Observatory
9196,19394123,41.325,-70.566,20230530,Martha's Vineyard Coastal Observatory
9197,19394123,41.325,-70.566,20230531,Martha's Vineyard Coastal Observatory
9198,19394123,41.325,-70.566,20230601,Martha's Vineyard Coastal Observatory
9199,19394123,41.325,-70.566,20230602,Martha's Vineyard Coastal Observatory
9200,19394123,41.325,-70.566,20230603,Martha's Vineyard Coastal Observatory
9201,19394123,41.325,-70.566,20230604,Martha's Vineyard Coastal Observatory
9202,19394123,41.325,-70.566,20230605,Martha's Vineyard Coastal Observatory
9203,19394123,41.325,-70.566,20230606,Martha's Vineyard Coastal Observatory
9204,19394123,41.325,-70.566,20230607,Martha's Vineyard Coastal Observatory
9205,19394123,41.325,-70.566,20230608,Martha's Vineyard Coastal Observatory
9206,19394123,41.325,-70.566,20230609,Martha's Vineyard Coastal Observatory
9207,19394123,41.325,-70.566,20230610,Martha's Vineyard Coastal Observatory
9208,19394123,41.325,-70.566,20230611,Martha's Vineyard Coastal Observatory
9209,19394123,41.325,-70.566,20230612,Martha's Vineyard Coastal Observatory
9210,19394123,41.325,-70.566,20230613,Martha's Vineyard Coastal Observatory
9211,19394123,41.325,-70.566,20230614,Martha's Vineyard Coastal Observatory
9212,19394123,41.325,-70.566,20230615,Martha's Vineyard Coastal Observatory
9213,19394123,41.325,-70.566,20230616,Martha's Vineyard Coastal Observatory
9214,19394123,41.325,-70.566,20230617,Martha's Vineyard Coastal Observatory
9215,19394123,41.325,-70.566,20230618,Martha's Vineyard Coastal Observatory
9216,19394123,41.325,-70.566,20230619,Martha's Vineyard Coastal Observatory
9217,19394123,41.325,-70.566,20230620,Martha's Vineyard Coastal Observatory
9218,19394123,41.325,-70.566,20230621,Martha's Vineyard Coastal Observatory
9219,19394123,41.325,-70.566,20230622,Martha's Vineyard Coastal Observatory
9220,19394123,41.325,-70.566,20230623,Martha's Vineyard Coastal Observatory
9221,19394123,41.325,-70.566,20230624,Martha's Vineyard Coastal Observatory
9222,19394123,41.325,-70.566,20230625,Martha's Vineyard Coastal Observatory
9223,19394123,41.325,-70.566,20230626,Martha's Vineyard Coastal Observatory
9224,19394123,41.325,-70.566,20230627,Martha's Vineyard Coastal Observatory
9225,19394123,41.325,-70.566,20230628,Martha's Vineyard Coastal Observatory
9226,19394123,41.325,-70.566,20230629,Martha's Vineyard Coastal Observatory
9227,19394123,41.325,-70.566,20230630,Martha's Vineyard Coastal Observatory
9228,04634006,42.9895,-70.6013,20230701,SeaTrac deployment at Isle of Shoals
9229,06217926,42.9893,-70.6025,20230701,SeaTrac deployment at Isle of Shoals
9230,08612671,42.9898,-70.6019,20230701,SeaTrac deployment at Isle of Shoals
9231,09065174,42.9901,-70.6028,20230701,SeaTrac deployment at Isle of Shoals
9232,09405313,42.99,-70.6023,20230701,SeaTrac deployment at Isle of Shoals
9233,12717526,42.9892,-70.6014,20230701,SeaTrac deployment at Isle of Shoals
9234,19394123,41.325,-70.566,20230701,Martha's Vineyard Coastal Observatory
9235,19532315,42.9897,-70.6019,20230701,SeaTrac deployment at Isle of Shoals
9236,26422636,42.9894,-70.6016,20230701,SeaTrac deployment at Isle of Shoals
9237,27037375,42.9892,-70.6015,20230701,SeaTrac deployment at Isle of Shoals
9238,29637245,42.9895,-70.6023,20230701,SeaTrac deployment at Isle of Shoals
9239,35013364,42.9895,-70.6022,20230701,SeaTrac deployment at Isle of Shoals
9240,36618375,42.9894,-70.6014,20230701,SeaTrac deployment at Isle of Shoals
9241,38426738,42.9894,-70.6028,20230701,SeaTrac deployment at Isle of Shoals
9242,38770153,42.9897,-70.6018,20230701,SeaTrac deployment at Isle of Shoals
9243,39480346,42.9895,-70.6016,20230701,SeaTrac deployment at Isle of Shoals
9244,43959285,42.9896,-70.6021,20230701,SeaTrac deployment at Isle of Shoals
9245,48948756,42.9893,-70.6013,20230701,SeaTrac deployment at Isle of Shoals
9246,49349615,42.9896,-70.6023,20230701,SeaTrac deployment at Isle of Shoals
9247,52191104,42.9898,-70.6021,20230701,SeaTrac deployment at Isle of Shoals
9248,52386998,42.9896,-70.6019,20230701,SeaTrac deployment at Isle of Shoals
9249,53147785,42.9899,-70.6024,20230701,SeaTrac deployment at Isle of Shoals
9250,53362724,42.9893,-70.6012,20230701,SeaTrac deployment at Isle of Shoals
9251,58274471,42.9897,-70.6027,20230701,SeaTrac deployment at Isle of Shoals
9252,62379921,42.9897,-70.602,20230701,SeaTrac deployment at Isle of Shoals
9253,70530491,42.9894,-70.602,20230701,SeaTrac deployment at Isle of Shoals
9254,71101916,42.9892,-70.6017,20230701,SeaTrac deployment at Isle of Shoals
9255,71957746,42.9897,-70.6021,20230701,SeaTrac deployment at Isle of Shoals
9256,77262980,42.9895,-70.6021,20230701,SeaTrac deployment at Isle of Shoals
9257,77545640,42.9896,-70.6017,20230701,SeaTrac deployment at Isle of Shoals
9258,80563864,42.9898,-70.602,20230701,SeaTrac deployment at Isle of Shoals
9259,89578587,42.9895,-70.6024,20230701,SeaTrac deployment at Isle of Shoals
9260,19394123,41.325,-70.566,20230702,Martha's Vineyard Coastal Observatory
9261,00079678,42.9897,-70.6022,20230703,SeaTrac deployment at Isle of Shoals
9262,07530834,42.9893,-70.6027,20230703,SeaTrac deployment at Isle of Shoals
9263,08612671,42.9898,-70.6019,20230703,SeaTrac deployment at Isle of Shoals
9264,12717526,42.9892,-70.6014,20230703,SeaTrac deployment at Isle of Shoals
9265,14962259,42.9898,-70.6024,20230703,SeaTrac deployment at Isle of Shoals
9266,15185011,42.9896,-70.6025,20230703,SeaTrac deployment at Isle of Shoals
9267,19394123,41.325,-70.566,20230703,Martha's Vineyard Coastal Observatory
9268,19532315,42.9897,-70.6019,20230703,SeaTrac deployment at Isle of Shoals
9269,25754798,42.99,-70.6026,20230703,SeaTrac deployment at Isle of Shoals
9270,26032556,42.9894,-70.6012,20230703,SeaTrac deployment at Isle of Shoals
9271,26422636,42.9894,-70.6016,20230703,SeaTrac deployment at Isle of Shoals
9272,34773942,42.9903,-70.6025,20230703,SeaTrac deployment at Isle of Shoals
9273,38770153,42.9897,-70.6018,20230703,SeaTrac deployment at Isle of Shoals
9274,39480346,42.9895,-70.6016,20230703,SeaTrac deployment at Isle of Shoals
9275,40551098,42.9896,-70.6018,20230703,SeaTrac deployment at Isle of Shoals
9276,43740209,42.9895,-70.6019,20230703,SeaTrac deployment at Isle of Shoals
9277,43858190,42.9901,-70.6014,20230703,SeaTrac deployment at Isle of Shoals
9278,48268920,42.9896,-70.602,20230703,SeaTrac deployment at Isle of Shoals
9279,49349615,42.9896,-70.6023,20230703,SeaTrac deployment at Isle of Shoals
9280,51734924,42.9897,-70.6014,20230703,SeaTrac deployment at Isle of Shoals
9281,52191104,42.9898,-70.6021,20230703,SeaTrac deployment at Isle of Shoals
9282,52594660,42.9897,-70.6015,20230703,SeaTrac deployment at Isle of Shoals
9283,62379921,42.9897,-70.602,20230703,SeaTrac deployment at Isle of Shoals
9284,66379547,42.9898,-70.6022,20230703,SeaTrac deployment at Isle of Shoals
9285,66864221,42.9895,-70.6017,20230703,SeaTrac deployment at Isle of Shoals
9286,67499151,42.9897,-70.6025,20230703,SeaTrac deployment at Isle of Shoals
9287,69168212,42.9896,-70.6016,20230703,SeaTrac deployment at Isle of Shoals
9288,75787747,42.9896,-70.6022,20230703,SeaTrac deployment at Isle of Shoals
9289,78419106,42.99,-70.6019,20230703,SeaTrac deployment at Isle of Shoals
9290,80563864,42.9898,-70.602,20230703,SeaTrac deployment at Isle of Shoals
9291,80884782,42.9904,-70.6019,20230703,SeaTrac deployment at Isle of Shoals
9292,83352985,42.9904,-70.6021,20230703,SeaTrac deployment at Isle of Shoals
9293,88819190,42.9895,-70.6027,20230703,SeaTrac deployment at Isle of Shoals
9294,89578587,42.9895,-70.6024,20230703,SeaTrac deployment at Isle of Shoals
9295,90735345,42.9893,-70.6015,20230703,SeaTrac deployment at Isle of Shoals
9296,98469306,42.9896,-70.6014,20230703,SeaTrac deployment at Isle of Shoals
9297,08612671,42.9898,-70.6019,20230704,SeaTrac deployment at Isle of Shoals
9298,09065174,42.9901,-70.6028,20230704,SeaTrac deployment at Isle of Shoals
9299,09405313,42.99,-70.6023,20230704,SeaTrac deployment at Isle of Shoals
9300,09634418,42.9896,-70.6027,20230704,SeaTrac deployment at Isle of Shoals
9301,12647802,42.9898,-70.6023,20230704,SeaTrac deployment at Isle of Shoals
9302,15185011,42.9896,-70.6025,20230704,SeaTrac deployment at Isle of Shoals
9303,19394123,41.325,-70.566,20230704,Martha's Vineyard Coastal Observatory
9304,21058851,42.9892,-70.6022,20230704,SeaTrac deployment at Isle of Shoals
9305,23520195,42.9896,-70.6026,20230704,SeaTrac deployment at Isle of Shoals
9306,25046316,42.9899,-70.6025,20230704,SeaTrac deployment at Isle of Shoals
9307,27984579,42.9891,-70.602,20230704,SeaTrac deployment at Isle of Shoals
9308,29326337,42.99,-70.6021,20230704,SeaTrac deployment at Isle of Shoals
9309,29637245,42.9895,-70.6023,20230704,SeaTrac deployment at Isle of Shoals
9310,30460804,42.9891,-70.6023,20230704,SeaTrac deployment at Isle of Shoals
9311,35013364,42.9895,-70.6022,20230704,SeaTrac deployment at Isle of Shoals
9312,39512342,42.99,-70.6027,20230704,SeaTrac deployment at Isle of Shoals
9313,40551098,42.9896,-70.6018,20230704,SeaTrac deployment at Isle of Shoals
9314,42866899,42.9899,-70.6023,20230704,SeaTrac deployment at Isle of Shoals
9315,48076363,42.9894,-70.6024,20230704,SeaTrac deployment at Isle of Shoals
9316,49349615,42.9896,-70.6023,20230704,SeaTrac deployment at Isle of Shoals
9317,52191104,42.9898,-70.6021,20230704,SeaTrac deployment at Isle of Shoals
9318,52386998,42.9896,-70.6019,20230704,SeaTrac deployment at Isle of Shoals
9319,52940421,42.9899,-70.6026,20230704,SeaTrac deployment at Isle of Shoals
9320,62379921,42.9897,-70.602,20230704,SeaTrac deployment at Isle of Shoals
9321,64874248,42.9896,-70.6029,20230704,SeaTrac deployment at Isle of Shoals
9322,67376696,42.9895,-70.6028,20230704,SeaTrac deployment at Isle of Shoals
9323,69168212,42.9896,-70.6016,20230704,SeaTrac deployment at Isle of Shoals
9324,71957746,42.9897,-70.6021,20230704,SeaTrac deployment at Isle of Shoals
9325,74098541,42.9901,-70.6016,20230704,SeaTrac deployment at Isle of Shoals
9326,75787747,42.9896,-70.6022,20230704,SeaTrac deployment at Isle of Shoals
9327,77027603,42.9895,-70.6018,20230704,SeaTrac deployment at Isle of Shoals
9328,80563864,42.9898,-70.602,20230704,SeaTrac deployment at Isle of Shoals
9329,88819190,42.9895,-70.6027,20230704,SeaTrac deployment at Isle of Shoals
9330,98635860,42.9901,-70.6023,20230704,SeaTrac deployment at Isle of Shoals
9331,09405313,42.99,-70.6023,20230705,SeaTrac deployment at Isle of Shoals
9332,18517502,42.9899,-70.6022,20230705,SeaTrac deployment at Isle of Shoals
9333,19394123,41.325,-70.566,20230705,Martha's Vineyard Coastal Observatory
9334,26032556,42.9894,-70.6012,20230705,SeaTrac deployment at Isle of Shoals
9335,30195329,42.9896,-70.6015,20230705,SeaTrac deployment at Isle of Shoals
9336,30736424,42.9901,-70.6015,20230705,SeaTrac deployment at Isle of Shoals
9337,35470579,42.99,-70.602,20230705,SeaTrac deployment at Isle of Shoals
9338,60996576,42.99,-70.6016,20230705,SeaTrac deployment at Isle of Shoals
9339,62379921,42.9897,-70.602,20230705,SeaTrac deployment at Isle of Shoals
9340,70202043,42.9902,-70.6018,20230705,SeaTrac deployment at Isle of Shoals
9341,74098541,42.9901,-70.6016,20230705,SeaTrac deployment at Isle of Shoals
9342,80563864,42.9898,-70.602,20230705,SeaTrac deployment at Isle of Shoals
9343,88994535,42.9903,-70.6018,20230705,SeaTrac deployment at Isle of Shoals
9344,91895108,42.9902,-70.6022,20230705,SeaTrac deployment at Isle of Shoals
9345,93110453,42.9901,-70.6018,20230705,SeaTrac deployment at Isle of Shoals
9346,95912197,42.99,-70.6025,20230705,SeaTrac deployment at Isle of Shoals
9347,98148252,42.99,-70.6018,20230705,SeaTrac deployment at Isle of Shoals
9348,18517502,42.9899,-70.6022,20230706,SeaTrac deployment at Isle of Shoals
9349,19394123,41.325,-70.566,20230706,Martha's Vineyard Coastal Observatory
9350,52524246,42.9904,-70.6024,20230706,SeaTrac deployment at Isle of Shoals
9351,71957746,42.9897,-70.6021,20230706,SeaTrac deployment at Isle of Shoals
9352,72336846,42.9901,-70.602,20230706,SeaTrac deployment at Isle of Shoals
9353,78773575,42.9902,-70.6023,20230706,SeaTrac deployment at Isle of Shoals
9354,80884782,42.9904,-70.6019,20230706,SeaTrac deployment at Isle of Shoals
9355,94748439,42.9899,-70.602,20230706,SeaTrac deployment at Isle of Shoals
9356,99542249,42.9904,-70.6022,20230706,SeaTrac deployment at Isle of Shoals
9357,09405313,42.99,-70.6023,20230707,SeaTrac deployment at Isle of Shoals
9358,18541855,42.9901,-70.6024,20230707,SeaTrac deployment at Isle of Shoals
9359,19394123,41.325,-70.566,20230707,Martha's Vineyard Coastal Observatory
9360,21789484,42.9901,-70.6021,20230707,SeaTrac deployment at Isle of Shoals
9361,22253585,42.9901,-70.6022,20230707,SeaTrac deployment at Isle of Shoals
9362,23713523,42.9902,-70.6024,20230707,SeaTrac deployment at Isle of Shoals
9363,25717529,42.9903,-70.6023,20230707,SeaTrac deployment at Isle of Shoals
9364,27566901,42.9902,-70.6019,20230707,SeaTrac deployment at Isle of Shoals
9365,29326337,42.99,-70.6021,20230707,SeaTrac deployment at Isle of Shoals
9366,42866899,42.9899,-70.6023,20230707,SeaTrac deployment at Isle of Shoals
9367,52191104,42.9898,-70.6021,20230707,SeaTrac deployment at Isle of Shoals
9368,57968494,42.9905,-70.6023,20230707,SeaTrac deployment at Isle of Shoals
9369,63917957,42.9902,-70.602,20230707,SeaTrac deployment at Isle of Shoals
9370,72336846,42.9901,-70.602,20230707,SeaTrac deployment at Isle of Shoals
9371,74624518,42.99,-70.6022,20230707,SeaTrac deployment at Isle of Shoals
9372,78773575,42.9902,-70.6023,20230707,SeaTrac deployment at Isle of Shoals
9373,80563864,42.9898,-70.602,20230707,SeaTrac deployment at Isle of Shoals
9374,89479956,42.9903,-70.602,20230707,SeaTrac deployment at Isle of Shoals
9375,94748439,42.9899,-70.602,20230707,SeaTrac deployment at Isle of Shoals
9376,98148252,42.99,-70.6018,20230707,SeaTrac deployment at Isle of Shoals
9377,99542249,42.9904,-70.6022,20230707,SeaTrac deployment at Isle of Shoals
9378,00300349,42.9892,-70.6019,20230708,SeaTrac deployment at Isle of Shoals
9379,07485586,42.9902,-70.6026,20230708,SeaTrac deployment at Isle of Shoals
9380,08015347,42.9903,-70.6021,20230708,SeaTrac deployment at Isle of Shoals
9381,09065174,42.9901,-70.6028,20230708,SeaTrac deployment at Isle of Shoals
9382,11381080,42.9893,-70.6017,20230708,SeaTrac deployment at Isle of Shoals
9383,11400254,42.9892,-70.6018,20230708,SeaTrac deployment at Isle of Shoals
9384,12647802,42.9898,-70.6023,20230708,SeaTrac deployment at Isle of Shoals
9385,12730671,42.9898,-70.6011,20230708,SeaTrac deployment at Isle of Shoals
9386,18517502,42.9899,-70.6022,20230708,SeaTrac deployment at Isle of Shoals
9387,18534243,42.99,-70.6024,20230708,SeaTrac deployment at Isle of Shoals
9388,18541855,42.9901,-70.6024,20230708,SeaTrac deployment at Isle of Shoals
9389,18883535,42.9894,-70.6017,20230708,SeaTrac deployment at Isle of Shoals
9390,19394123,41.325,-70.566,20230708,Martha's Vineyard Coastal Observatory
9391,19532315,42.9897,-70.6019,20230708,SeaTrac deployment at Isle of Shoals
9392,24594730,42.9897,-70.6028,20230708,SeaTrac deployment at Isle of Shoals
9393,25928033,42.9892,-70.6026,20230708,SeaTrac deployment at Isle of Shoals
9394,27038028,42.9891,-70.6017,20230708,SeaTrac deployment at Isle of Shoals
9395,29326337,42.99,-70.6021,20230708,SeaTrac deployment at Isle of Shoals
9396,33183834,42.989,-70.602,20230708,SeaTrac deployment at Isle of Shoals
9397,34773942,42.9903,-70.6025,20230708,SeaTrac deployment at Isle of Shoals
9398,36618375,42.9894,-70.6014,20230708,SeaTrac deployment at Isle of Shoals
9399,39402700,42.9897,-70.6024,20230708,SeaTrac deployment at Isle of Shoals
9400,39480346,42.9895,-70.6016,20230708,SeaTrac deployment at Isle of Shoals
9401,43740209,42.9895,-70.6019,20230708,SeaTrac deployment at Isle of Shoals
9402,48076363,42.9894,-70.6024,20230708,SeaTrac deployment at Isle of Shoals
9403,48268920,42.9896,-70.602,20230708,SeaTrac deployment at Isle of Shoals
9404,52191104,42.9898,-70.6021,20230708,SeaTrac deployment at Isle of Shoals
9405,55585438,42.9893,-70.6018,20230708,SeaTrac deployment at Isle of Shoals
9406,62379921,42.9897,-70.602,20230708,SeaTrac deployment at Isle of Shoals
9407,63343359,42.9895,-70.602,20230708,SeaTrac deployment at Isle of Shoals
9408,69281170,42.9899,-70.6021,20230708,SeaTrac deployment at Isle of Shoals
9409,71957746,42.9897,-70.6021,20230708,SeaTrac deployment at Isle of Shoals
9410,77262980,42.9895,-70.6021,20230708,SeaTrac deployment at Isle of Shoals
9411,77545640,42.9896,-70.6017,20230708,SeaTrac deployment at Isle of Shoals
9412,80563864,42.9898,-70.602,20230708,SeaTrac deployment at Isle of Shoals
9413,99572353,42.9902,-70.6027,20230708,SeaTrac deployment at Isle of Shoals
9414,00079678,42.9897,-70.6022,20230709,SeaTrac deployment at Isle of Shoals
9415,03686001,42.9894,-70.6023,20230709,SeaTrac deployment at Isle of Shoals
9416,04325995,42.9896,-70.6024,20230709,SeaTrac deployment at Isle of Shoals
9417,08612671,42.9898,-70.6019,20230709,SeaTrac deployment at Isle of Shoals
9418,11141078,42.9893,-70.6014,20230709,SeaTrac deployment at Isle of Shoals
9419,11400254,42.9892,-70.6018,20230709,SeaTrac deployment at Isle of Shoals
9420,11653759,42.9897,-70.6017,20230709,SeaTrac deployment at Isle of Shoals
9421,14962259,42.9898,-70.6024,20230709,SeaTrac deployment at Isle of Shoals
9422,15907818,42.9903,-70.6019,20230709,SeaTrac deployment at Isle of Shoals
9423,17994837,42.9896,-70.6028,20230709,SeaTrac deployment at Isle of Shoals
9424,18883535,42.9894,-70.6017,20230709,SeaTrac deployment at Isle of Shoals
9425,19394123,41.325,-70.566,20230709,Martha's Vineyard Coastal Observatory
9426,19532315,42.9897,-70.6019,20230709,SeaTrac deployment at Isle of Shoals
9427,22007219,42.9894,-70.6027,20230709,SeaTrac deployment at Isle of Shoals
9428,23153516,42.9893,-70.6016,20230709,SeaTrac deployment at Isle of Shoals
9429,23953444,42.9892,-70.6024,20230709,SeaTrac deployment at Isle of Shoals
9430,25242522,42.9898,-70.6027,20230709,SeaTrac deployment at Isle of Shoals
9431,25754798,42.99,-70.6026,20230709,SeaTrac deployment at Isle of Shoals
9432,31463310,42.9816,-70.5871,20230709,SeaTrac deployment at Isle of Shoals
9433,32487602,42.9898,-70.6029,20230709,SeaTrac deployment at Isle of Shoals
9434,39402700,42.9897,-70.6024,20230709,SeaTrac deployment at Isle of Shoals
9435,40551098,42.9896,-70.6018,20230709,SeaTrac deployment at Isle of Shoals
9436,44925747,42.9898,-70.6018,20230709,SeaTrac deployment at Isle of Shoals
9437,46109395,42.9788,-70.5849,20230709,SeaTrac deployment at Isle of Shoals
9438,48460940,42.9897,-70.6026,20230709,SeaTrac deployment at Isle of Shoals
9439,51269918,42.9854,-70.5915,20230709,SeaTrac deployment at Isle of Shoals
9440,52191104,42.9898,-70.6021,20230709,SeaTrac deployment at Isle of Shoals
9441,52386998,42.9896,-70.6019,20230709,SeaTrac deployment at Isle of Shoals
9442,52524246,42.9904,-70.6024,20230709,SeaTrac deployment at Isle of Shoals
9443,53147785,42.9899,-70.6024,20230709,SeaTrac deployment at Isle of Shoals
9444,55524177,42.99,-70.6028,20230709,SeaTrac deployment at Isle of Shoals
9445,56681527,42.9898,-70.6025,20230709,SeaTrac deployment at Isle of Shoals
9446,58274471,42.9897,-70.6027,20230709,SeaTrac deployment at Isle of Shoals
9447,59065123,42.9902,-70.6025,20230709,SeaTrac deployment at Isle of Shoals
9448,59495960,42.9838,-70.5926,20230709,SeaTrac deployment at Isle of Shoals
9449,60878767,42.9881,-70.5966,20230709,SeaTrac deployment at Isle of Shoals
9450,60996576,42.99,-70.6016,20230709,SeaTrac deployment at Isle of Shoals
9451,61191069,42.9901,-70.6025,20230709,SeaTrac deployment at Isle of Shoals
9452,62379921,42.9897,-70.602,20230709,SeaTrac deployment at Isle of Shoals
9453,69168212,42.9896,-70.6016,20230709,SeaTrac deployment at Isle of Shoals
9454,69281170,42.9899,-70.6021,20230709,SeaTrac deployment at Isle of Shoals
9455,71603533,42.9892,-70.6021,20230709,SeaTrac deployment at Isle of Shoals
9456,77027603,42.9895,-70.6018,20230709,SeaTrac deployment at Isle of Shoals
9457,78419106,42.99,-70.6019,20230709,SeaTrac deployment at Isle of Shoals
9458,80563864,42.9898,-70.602,20230709,SeaTrac deployment at Isle of Shoals
9459,86627609,42.9898,-70.6013,20230709,SeaTrac deployment at Isle of Shoals
9460,88819190,42.9895,-70.6027,20230709,SeaTrac deployment at Isle of Shoals
9461,94748439,42.9899,-70.602,20230709,SeaTrac deployment at Isle of Shoals
9462,95912197,42.99,-70.6025,20230709,SeaTrac deployment at Isle of Shoals
9463,00079678,42.9897,-70.6022,20230710,SeaTrac deployment at Isle of Shoals
9464,03686001,42.9894,-70.6023,20230710,SeaTrac deployment at Isle of Shoals
9465,08015347,42.9903,-70.6021,20230710,SeaTrac deployment at Isle of Shoals
9466,10449808,42.9897,-70.6023,20230710,SeaTrac deployment at Isle of Shoals
9467,14962259,42.9898,-70.6024,20230710,SeaTrac deployment at Isle of Shoals
9468,19394123,41.325,-70.566,20230710,Martha's Vineyard Coastal Observatory
9469,19532315,42.9897,-70.6019,20230710,SeaTrac deployment at Isle of Shoals
9470,25754798,42.99,-70.6026,20230710,SeaTrac deployment at Isle of Shoals
9471,35013364,42.9895,-70.6022,20230710,SeaTrac deployment at Isle of Shoals
9472,35302075,42.9898,-70.6017,20230710,SeaTrac deployment at Isle of Shoals
9473,35470579,42.99,-70.602,20230710,SeaTrac deployment at Isle of Shoals
9474,38770153,42.9897,-70.6018,20230710,SeaTrac deployment at Isle of Shoals
9475,42866899,42.9899,-70.6023,20230710,SeaTrac deployment at Isle of Shoals
9476,43493796,42.9896,-70.603,20230710,SeaTrac deployment at Isle of Shoals
9477,44925747,42.9898,-70.6018,20230710,SeaTrac deployment at Isle of Shoals
9478,48262998,42.9895,-70.6025,20230710,SeaTrac deployment at Isle of Shoals
9479,52191104,42.9898,-70.6021,20230710,SeaTrac deployment at Isle of Shoals
9480,52386998,42.9896,-70.6019,20230710,SeaTrac deployment at Isle of Shoals
9481,52940421,42.9899,-70.6026,20230710,SeaTrac deployment at Isle of Shoals
9482,53147785,42.9899,-70.6024,20230710,SeaTrac deployment at Isle of Shoals
9483,55784808,42.9899,-70.6027,20230710,SeaTrac deployment at Isle of Shoals
9484,62379921,42.9897,-70.602,20230710,SeaTrac deployment at Isle of Shoals
9485,66379547,42.9898,-70.6022,20230710,SeaTrac deployment at Isle of Shoals
9486,69168212,42.9896,-70.6016,20230710,SeaTrac deployment at Isle of Shoals
9487,69281170,42.9899,-70.6021,20230710,SeaTrac deployment at Isle of Shoals
9488,75287314,42.9894,-70.6015,20230710,SeaTrac deployment at Isle of Shoals
9489,77545640,42.9896,-70.6017,20230710,SeaTrac deployment at Isle of Shoals
9490,80563864,42.9898,-70.602,20230710,SeaTrac deployment at Isle of Shoals
9491,87499566,42.9899,-70.6028,20230710,SeaTrac deployment at Isle of Shoals
9492,90735345,42.9893,-70.6015,20230710,SeaTrac deployment at Isle of Shoals
9493,95912197,42.99,-70.6025,20230710,SeaTrac deployment at Isle of Shoals
9494,00079678,42.9897,-70.6022,20230711,SeaTrac deployment at Isle of Shoals
9495,10071657,42.9899,-70.6018,20230711,SeaTrac deployment at Isle of Shoals
9496,14582000,42.9898,-70.6015,20230711,SeaTrac deployment at Isle of Shoals
9497,15927732,42.9897,-70.6012,20230711,SeaTrac deployment at Isle of Shoals
9498,19394123,41.325,-70.566,20230711,Martha's Vineyard Coastal Observatory
9499,35470579,42.99,-70.602,20230711,SeaTrac deployment at Isle of Shoals
9500,43152712,42.9898,-70.6028,20230711,SeaTrac deployment at Isle of Shoals
9501,52191104,42.9898,-70.6021,20230711,SeaTrac deployment at Isle of Shoals
9502,64874248,42.9896,-70.6029,20230711,SeaTrac deployment at Isle of Shoals
9503,66379547,42.9898,-70.6022,20230711,SeaTrac deployment at Isle of Shoals
9504,67499151,42.9897,-70.6025,20230711,SeaTrac deployment at Isle of Shoals
9505,69168212,42.9896,-70.6016,20230711,SeaTrac deployment at Isle of Shoals
9506,71957746,42.9897,-70.6021,20230711,SeaTrac deployment at Isle of Shoals
9507,79199362,42.9902,-70.6014,20230711,SeaTrac deployment at Isle of Shoals
9508,88819190,42.9895,-70.6027,20230711,SeaTrac deployment at Isle of Shoals
9509,96395799,42.9899,-70.603,20230711,SeaTrac deployment at Isle of Shoals
9510,97829779,42.9896,-70.6013,20230711,SeaTrac deployment at Isle of Shoals
9511,09065174,42.9901,-70.6028,20230712,SeaTrac deployment at Isle of Shoals
9512,10449808,42.9897,-70.6023,20230712,SeaTrac deployment at Isle of Shoals
9513,14316193,42.9898,-70.6026,20230712,SeaTrac deployment at Isle of Shoals
9514,14962259,42.9898,-70.6024,20230712,SeaTrac deployment at Isle of Shoals
9515,17079658,42.9902,-70.6021,20230712,SeaTrac deployment at Isle of Shoals
9516,19394123,41.325,-70.566,20230712,Martha's Vineyard Coastal Observatory
9517,19532315,42.9897,-70.6019,20230712,SeaTrac deployment at Isle of Shoals
9518,24594730,42.9897,-70.6028,20230712,SeaTrac deployment at Isle of Shoals
9519,25928033,42.9892,-70.6026,20230712,SeaTrac deployment at Isle of Shoals
9520,30195329,42.9896,-70.6015,20230712,SeaTrac deployment at Isle of Shoals
9521,39402700,42.9897,-70.6024,20230712,SeaTrac deployment at Isle of Shoals
9522,43959285,42.9896,-70.6021,20230712,SeaTrac deployment at Isle of Shoals
9523,49349615,42.9896,-70.6023,20230712,SeaTrac deployment at Isle of Shoals
9524,55784808,42.9899,-70.6027,20230712,SeaTrac deployment at Isle of Shoals
9525,56681527,42.9898,-70.6025,20230712,SeaTrac deployment at Isle of Shoals
9526,62379921,42.9897,-70.602,20230712,SeaTrac deployment at Isle of Shoals
9527,65225474,42.9894,-70.6013,20230712,SeaTrac deployment at Isle of Shoals
9528,66864221,42.9895,-70.6017,20230712,SeaTrac deployment at Isle of Shoals
9529,69168212,42.9896,-70.6016,20230712,SeaTrac deployment at Isle of Shoals
9530,75287314,42.9894,-70.6015,20230712,SeaTrac deployment at Isle of Shoals
9531,80563864,42.9898,-70.602,20230712,SeaTrac deployment at Isle of Shoals
9532,89578587,42.9895,-70.6024,20230712,SeaTrac deployment at Isle of Shoals
9533,97033102,42.9893,-70.6026,20230712,SeaTrac deployment at Isle of Shoals
9534,03686001,42.9894,-70.6023,20230713,SeaTrac deployment at Isle of Shoals
9535,06217926,42.9893,-70.6025,20230713,SeaTrac deployment at Isle of Shoals
9536,08657619,42.9893,-70.6019,20230713,SeaTrac deployment at Isle of Shoals
9537,10449808,42.9897,-70.6023,20230713,SeaTrac deployment at Isle of Shoals
9538,11400254,42.9892,-70.6018,20230713,SeaTrac deployment at Isle of Shoals
9539,13428217,42.9894,-70.6033,20230713,SeaTrac deployment at Isle of Shoals
9540,14316193,42.9898,-70.6026,20230713,SeaTrac deployment at Isle of Shoals
9541,19394123,41.325,-70.566,20230713,Martha's Vineyard Coastal Observatory
9542,22242057,42.9894,-70.6022,20230713,SeaTrac deployment at Isle of Shoals
9543,25242522,42.9898,-70.6027,20230713,SeaTrac deployment at Isle of Shoals
9544,25928033,42.9892,-70.6026,20230713,SeaTrac deployment at Isle of Shoals
9545,27037375,42.9892,-70.6015,20230713,SeaTrac deployment at Isle of Shoals
9546,27984579,42.9891,-70.602,20230713,SeaTrac deployment at Isle of Shoals
9547,29637245,42.9895,-70.6023,20230713,SeaTrac deployment at Isle of Shoals
9548,30195329,42.9896,-70.6015,20230713,SeaTrac deployment at Isle of Shoals
9549,34085894,42.9901,-70.6026,20230713,SeaTrac deployment at Isle of Shoals
9550,35013364,42.9895,-70.6022,20230713,SeaTrac deployment at Isle of Shoals
9551,36135877,42.9898,-70.6031,20230713,SeaTrac deployment at Isle of Shoals
9552,37826273,42.99,-70.6031,20230713,SeaTrac deployment at Isle of Shoals
9553,38818897,42.9893,-70.602,20230713,SeaTrac deployment at Isle of Shoals
9554,39402700,42.9897,-70.6024,20230713,SeaTrac deployment at Isle of Shoals
9555,40148306,42.9894,-70.6021,20230713,SeaTrac deployment at Isle of Shoals
9556,43740209,42.9895,-70.6019,20230713,SeaTrac deployment at Isle of Shoals
9557,46473246,42.989,-70.6021,20230713,SeaTrac deployment at Isle of Shoals
9558,48076363,42.9894,-70.6024,20230713,SeaTrac deployment at Isle of Shoals
9559,48262998,42.9895,-70.6025,20230713,SeaTrac deployment at Isle of Shoals
9560,48460940,42.9897,-70.6026,20230713,SeaTrac deployment at Isle of Shoals
9561,49349615,42.9896,-70.6023,20230713,SeaTrac deployment at Isle of Shoals
9562,50964429,42.9892,-70.602,20230713,SeaTrac deployment at Isle of Shoals
9563,52940421,42.9899,-70.6026,20230713,SeaTrac deployment at Isle of Shoals
9564,53835219,42.9893,-70.6023,20230713,SeaTrac deployment at Isle of Shoals
9565,55524177,42.99,-70.6028,20230713,SeaTrac deployment at Isle of Shoals
9566,55585438,42.9893,-70.6018,20230713,SeaTrac deployment at Isle of Shoals
9567,55784808,42.9899,-70.6027,20230713,SeaTrac deployment at Isle of Shoals
9568,60169374,42.9892,-70.6031,20230713,SeaTrac deployment at Isle of Shoals
9569,61063629,42.9899,-70.6032,20230713,SeaTrac deployment at Isle of Shoals
9570,62379921,42.9897,-70.602,20230713,SeaTrac deployment at Isle of Shoals
9571,65342479,42.9889,-70.6024,20230713,SeaTrac deployment at Isle of Shoals
9572,67499151,42.9897,-70.6025,20230713,SeaTrac deployment at Isle of Shoals
9573,69868210,42.9889,-70.6021,20230713,SeaTrac deployment at Isle of Shoals
9574,70530491,42.9894,-70.602,20230713,SeaTrac deployment at Isle of Shoals
9575,75787747,42.9896,-70.6022,20230713,SeaTrac deployment at Isle of Shoals
9576,76169192,42.9891,-70.6029,20230713,SeaTrac deployment at Isle of Shoals
9577,89578587,42.9895,-70.6024,20230713,SeaTrac deployment at Isle of Shoals
9578,97033102,42.9893,-70.6026,20230713,SeaTrac deployment at Isle of Shoals
9579,99572353,42.9902,-70.6027,20230713,SeaTrac deployment at Isle of Shoals
9580,03686001,42.9894,-70.6023,20230714,SeaTrac deployment at Isle of Shoals
9581,10449808,42.9897,-70.6023,20230714,SeaTrac deployment at Isle of Shoals
9582,12647802,42.9898,-70.6023,20230714,SeaTrac deployment at Isle of Shoals
9583,15185011,42.9896,-70.6025,20230714,SeaTrac deployment at Isle of Shoals
9584,19394123,41.325,-70.566,20230714,Martha's Vineyard Coastal Observatory
9585,29637245,42.9895,-70.6023,20230714,SeaTrac deployment at Isle of Shoals
9586,34312510,42.9892,-70.603,20230714,SeaTrac deployment at Isle of Shoals
9587,35013364,42.9895,-70.6022,20230714,SeaTrac deployment at Isle of Shoals
9588,36248416,42.9894,-70.6031,20230714,SeaTrac deployment at Isle of Shoals
9589,38959457,42.9893,-70.6024,20230714,SeaTrac deployment at Isle of Shoals
9590,48076363,42.9894,-70.6024,20230714,SeaTrac deployment at Isle of Shoals
9591,49349615,42.9896,-70.6023,20230714,SeaTrac deployment at Isle of Shoals
9592,55524177,42.99,-70.6028,20230714,SeaTrac deployment at Isle of Shoals
9593,55784808,42.9899,-70.6027,20230714,SeaTrac deployment at Isle of Shoals
9594,64874248,42.9896,-70.6029,20230714,SeaTrac deployment at Isle of Shoals
9595,65628087,42.9898,-70.603,20230714,SeaTrac deployment at Isle of Shoals
9596,69281170,42.9899,-70.6021,20230714,SeaTrac deployment at Isle of Shoals
9597,74581219,42.9895,-70.6026,20230714,SeaTrac deployment at Isle of Shoals
9598,77027603,42.9895,-70.6018,20230714,SeaTrac deployment at Isle of Shoals
9599,89566246,42.9899,-70.6031,20230714,SeaTrac deployment at Isle of Shoals
9600,89578587,42.9895,-70.6024,20230714,SeaTrac deployment at Isle of Shoals
9601,90735345,42.9893,-70.6015,20230714,SeaTrac deployment at Isle of Shoals
9602,04325995,42.9896,-70.6024,20230715,SeaTrac deployment at Isle of Shoals
9603,09065174,42.9901,-70.6028,20230715,SeaTrac deployment at Isle of Shoals
9604,09405313,42.99,-70.6023,20230715,SeaTrac deployment at Isle of Shoals
9605,10449808,42.9897,-70.6023,20230715,SeaTrac deployment at Isle of Shoals
9606,15185011,42.9896,-70.6025,20230715,SeaTrac deployment at Isle of Shoals
9607,18541855,42.9901,-70.6024,20230715,SeaTrac deployment at Isle of Shoals
9608,19394123,41.325,-70.566,20230715,Martha's Vineyard Coastal Observatory
9609,21591362,42.9892,-70.6027,20230715,SeaTrac deployment at Isle of Shoals
9610,22007219,42.9894,-70.6027,20230715,SeaTrac deployment at Isle of Shoals
9611,23520195,42.9896,-70.6026,20230715,SeaTrac deployment at Isle of Shoals
9612,24594730,42.9897,-70.6028,20230715,SeaTrac deployment at Isle of Shoals
9613,25754798,42.99,-70.6026,20230715,SeaTrac deployment at Isle of Shoals
9614,29637245,42.9895,-70.6023,20230715,SeaTrac deployment at Isle of Shoals
9615,31702958,42.9893,-70.6021,20230715,SeaTrac deployment at Isle of Shoals
9616,32447948,42.9902,-70.6029,20230715,SeaTrac deployment at Isle of Shoals
9617,32487602,42.9898,-70.6029,20230715,SeaTrac deployment at Isle of Shoals
9618,34085894,42.9901,-70.6026,20230715,SeaTrac deployment at Isle of Shoals
9619,36248416,42.9894,-70.6031,20230715,SeaTrac deployment at Isle of Shoals
9620,38959457,42.9893,-70.6024,20230715,SeaTrac deployment at Isle of Shoals
9621,39402700,42.9897,-70.6024,20230715,SeaTrac deployment at Isle of Shoals
9622,39512342,42.99,-70.6027,20230715,SeaTrac deployment at Isle of Shoals
9623,41925783,42.9893,-70.6033,20230715,SeaTrac deployment at Isle of Shoals
9624,42250846,42.9894,-70.6026,20230715,SeaTrac deployment at Isle of Shoals
9625,43152712,42.9898,-70.6028,20230715,SeaTrac deployment at Isle of Shoals
9626,43959285,42.9896,-70.6021,20230715,SeaTrac deployment at Isle of Shoals
9627,48076363,42.9894,-70.6024,20230715,SeaTrac deployment at Isle of Shoals
9628,49349615,42.9896,-70.6023,20230715,SeaTrac deployment at Isle of Shoals
9629,50860074,42.9901,-70.6029,20230715,SeaTrac deployment at Isle of Shoals
9630,55524177,42.99,-70.6028,20230715,SeaTrac deployment at Isle of Shoals
9631,56681527,42.9898,-70.6025,20230715,SeaTrac deployment at Isle of Shoals
9632,58274471,42.9897,-70.6027,20230715,SeaTrac deployment at Isle of Shoals
9633,58398121,42.9894,-70.6025,20230715,SeaTrac deployment at Isle of Shoals
9634,66379547,42.9898,-70.6022,20230715,SeaTrac deployment at Isle of Shoals
9635,67376696,42.9895,-70.6028,20230715,SeaTrac deployment at Isle of Shoals
9636,67499151,42.9897,-70.6025,20230715,SeaTrac deployment at Isle of Shoals
9637,69281170,42.9899,-70.6021,20230715,SeaTrac deployment at Isle of Shoals
9638,84709835,42.9889,-70.6019,20230715,SeaTrac deployment at Isle of Shoals
9639,96395799,42.9899,-70.603,20230715,SeaTrac deployment at Isle of Shoals
9640,97033102,42.9893,-70.6026,20230715,SeaTrac deployment at Isle of Shoals
9641,99572353,42.9902,-70.6027,20230715,SeaTrac deployment at Isle of Shoals
9642,00079678,42.9897,-70.6022,20230716,SeaTrac deployment at Isle of Shoals
9643,04757794,42.99,-70.6017,20230716,SeaTrac deployment at Isle of Shoals
9644,07485586,42.9902,-70.6026,20230716,SeaTrac deployment at Isle of Shoals
9645,08612671,42.9898,-70.6019,20230716,SeaTrac deployment at Isle of Shoals
9646,09405313,42.99,-70.6023,20230716,SeaTrac deployment at Isle of Shoals
9647,10449808,42.9897,-70.6023,20230716,SeaTrac deployment at Isle of Shoals
9648,12647802,42.9898,-70.6023,20230716,SeaTrac deployment at Isle of Shoals
9649,13315732,42.9911,-70.603,20230716,SeaTrac deployment at Isle of Shoals
9650,14582000,42.9898,-70.6015,20230716,SeaTrac deployment at Isle of Shoals
9651,14962259,42.9898,-70.6024,20230716,SeaTrac deployment at Isle of Shoals
9652,18517502,42.9899,-70.6022,20230716,SeaTrac deployment at Isle of Shoals
9653,18534243,42.99,-70.6024,20230716,SeaTrac deployment at Isle of Shoals
9654,18541855,42.9901,-70.6024,20230716,SeaTrac deployment at Isle of Shoals
9655,19394123,41.325,-70.566,20230716,Martha's Vineyard Coastal Observatory
9656,22253585,42.9901,-70.6022,20230716,SeaTrac deployment at Isle of Shoals
9657,23153516,42.9893,-70.6016,20230716,SeaTrac deployment at Isle of Shoals
9658,23713523,42.9902,-70.6024,20230716,SeaTrac deployment at Isle of Shoals
9659,25046316,42.9899,-70.6025,20230716,SeaTrac deployment at Isle of Shoals
9660,25754798,42.99,-70.6026,20230716,SeaTrac deployment at Isle of Shoals
9661,29637245,42.9895,-70.6023,20230716,SeaTrac deployment at Isle of Shoals
9662,32447948,42.9902,-70.6029,20230716,SeaTrac deployment at Isle of Shoals
9663,34085894,42.9901,-70.6026,20230716,SeaTrac deployment at Isle of Shoals
9664,35013364,42.9895,-70.6022,20230716,SeaTrac deployment at Isle of Shoals
9665,39402700,42.9897,-70.6024,20230716,SeaTrac deployment at Isle of Shoals
9666,39512342,42.99,-70.6027,20230716,SeaTrac deployment at Isle of Shoals
9667,42866899,42.9899,-70.6023,20230716,SeaTrac deployment at Isle of Shoals
9668,48268920,42.9896,-70.602,20230716,SeaTrac deployment at Isle of Shoals
9669,49349615,42.9896,-70.6023,20230716,SeaTrac deployment at Isle of Shoals
9670,52540754,42.9902,-70.6028,20230716,SeaTrac deployment at Isle of Shoals
9671,52594660,42.9897,-70.6015,20230716,SeaTrac deployment at Isle of Shoals
9672,56681527,42.9898,-70.6025,20230716,SeaTrac deployment at Isle of Shoals
9673,60996576,42.99,-70.6016,20230716,SeaTrac deployment at Isle of Shoals
9674,66864221,42.9895,-70.6017,20230716,SeaTrac deployment at Isle of Shoals
9675,67499151,42.9897,-70.6025,20230716,SeaTrac deployment at Isle of Shoals
9676,77027603,42.9895,-70.6018,20230716,SeaTrac deployment at Isle of Shoals
9677,78773575,42.9902,-70.6023,20230716,SeaTrac deployment at Isle of Shoals
9678,84301452,42.9894,-70.6018,20230716,SeaTrac deployment at Isle of Shoals
9679,89578587,42.9895,-70.6024,20230716,SeaTrac deployment at Isle of Shoals
9680,99572353,42.9902,-70.6027,20230716,SeaTrac deployment at Isle of Shoals
9681,04325995,42.9896,-70.6024,20230717,SeaTrac deployment at Isle of Shoals
9682,07485586,42.9902,-70.6026,20230717,SeaTrac deployment at Isle of Shoals
9683,09405313,42.99,-70.6023,20230717,SeaTrac deployment at Isle of Shoals
9684,10449808,42.9897,-70.6023,20230717,SeaTrac deployment at Isle of Shoals
9685,14962259,42.9898,-70.6024,20230717,SeaTrac deployment at Isle of Shoals
9686,15185011,42.9896,-70.6025,20230717,SeaTrac deployment at Isle of Shoals
9687,17079658,42.9902,-70.6021,20230717,SeaTrac deployment at Isle of Shoals
9688,19394123,41.325,-70.566,20230717,Martha's Vineyard Coastal Observatory
9689,22253585,42.9901,-70.6022,20230717,SeaTrac deployment at Isle of Shoals
9690,23520195,42.9896,-70.6026,20230717,SeaTrac deployment at Isle of Shoals
9691,24594730,42.9897,-70.6028,20230717,SeaTrac deployment at Isle of Shoals
9692,25046316,42.9899,-70.6025,20230717,SeaTrac deployment at Isle of Shoals
9693,25754798,42.99,-70.6026,20230717,SeaTrac deployment at Isle of Shoals
9694,29637245,42.9895,-70.6023,20230717,SeaTrac deployment at Isle of Shoals
9695,30204308,42.9897,-70.603,20230717,SeaTrac deployment at Isle of Shoals
9696,32853994,42.9901,-70.6019,20230717,SeaTrac deployment at Isle of Shoals
9697,34085894,42.9901,-70.6026,20230717,SeaTrac deployment at Isle of Shoals
9698,35013364,42.9895,-70.6022,20230717,SeaTrac deployment at Isle of Shoals
9699,39402700,42.9897,-70.6024,20230717,SeaTrac deployment at Isle of Shoals
9700,39512342,42.99,-70.6027,20230717,SeaTrac deployment at Isle of Shoals
9701,43959285,42.9896,-70.6021,20230717,SeaTrac deployment at Isle of Shoals
9702,48076363,42.9894,-70.6024,20230717,SeaTrac deployment at Isle of Shoals
9703,48262998,42.9895,-70.6025,20230717,SeaTrac deployment at Isle of Shoals
9704,48460940,42.9897,-70.6026,20230717,SeaTrac deployment at Isle of Shoals
9705,49349615,42.9896,-70.6023,20230717,SeaTrac deployment at Isle of Shoals
9706,52191104,42.9898,-70.6021,20230717,SeaTrac deployment at Isle of Shoals
9707,52940421,42.9899,-70.6026,20230717,SeaTrac deployment at Isle of Shoals
9708,55784808,42.9899,-70.6027,20230717,SeaTrac deployment at Isle of Shoals
9709,58274471,42.9897,-70.6027,20230717,SeaTrac deployment at Isle of Shoals
9710,59065123,42.9902,-70.6025,20230717,SeaTrac deployment at Isle of Shoals
9711,61191069,42.9901,-70.6025,20230717,SeaTrac deployment at Isle of Shoals
9712,67499151,42.9897,-70.6025,20230717,SeaTrac deployment at Isle of Shoals
9713,71957746,42.9897,-70.6021,20230717,SeaTrac deployment at Isle of Shoals
9714,73709163,42.9901,-70.6027,20230717,SeaTrac deployment at Isle of Shoals
9715,78773575,42.9902,-70.6023,20230717,SeaTrac deployment at Isle of Shoals
9716,89578587,42.9895,-70.6024,20230717,SeaTrac deployment at Isle of Shoals
9717,95912197,42.99,-70.6025,20230717,SeaTrac deployment at Isle of Shoals
9718,98635860,42.9901,-70.6023,20230717,SeaTrac deployment at Isle of Shoals
9719,00079678,42.9897,-70.6022,20230718,SeaTrac deployment at Isle of Shoals
9720,04325995,42.9896,-70.6024,20230718,SeaTrac deployment at Isle of Shoals
9721,07485586,42.9902,-70.6026,20230718,SeaTrac deployment at Isle of Shoals
9722,09405313,42.99,-70.6023,20230718,SeaTrac deployment at Isle of Shoals
9723,10449808,42.9897,-70.6023,20230718,SeaTrac deployment at Isle of Shoals
9724,14316193,42.9898,-70.6026,20230718,SeaTrac deployment at Isle of Shoals
9725,14962259,42.9898,-70.6024,20230718,SeaTrac deployment at Isle of Shoals
9726,18517502,42.9899,-70.6022,20230718,SeaTrac deployment at Isle of Shoals
9727,19394123,41.325,-70.566,20230718,Martha's Vineyard Coastal Observatory
9728,22242057,42.9894,-70.6022,20230718,SeaTrac deployment at Isle of Shoals
9729,29637245,42.9895,-70.6023,20230718,SeaTrac deployment at Isle of Shoals
9730,34085894,42.9901,-70.6026,20230718,SeaTrac deployment at Isle of Shoals
9731,35013364,42.9895,-70.6022,20230718,SeaTrac deployment at Isle of Shoals
9732,36135877,42.9898,-70.6031,20230718,SeaTrac deployment at Isle of Shoals
9733,39402700,42.9897,-70.6024,20230718,SeaTrac deployment at Isle of Shoals
9734,39480346,42.9895,-70.6016,20230718,SeaTrac deployment at Isle of Shoals
9735,40148306,42.9894,-70.6021,20230718,SeaTrac deployment at Isle of Shoals
9736,42250846,42.9894,-70.6026,20230718,SeaTrac deployment at Isle of Shoals
9737,42866899,42.9899,-70.6023,20230718,SeaTrac deployment at Isle of Shoals
9738,43740209,42.9895,-70.6019,20230718,SeaTrac deployment at Isle of Shoals
9739,48076363,42.9894,-70.6024,20230718,SeaTrac deployment at Isle of Shoals
9740,48262998,42.9895,-70.6025,20230718,SeaTrac deployment at Isle of Shoals
9741,48460940,42.9897,-70.6026,20230718,SeaTrac deployment at Isle of Shoals
9742,49349615,42.9896,-70.6023,20230718,SeaTrac deployment at Isle of Shoals
9743,52940421,42.9899,-70.6026,20230718,SeaTrac deployment at Isle of Shoals
9744,53147785,42.9899,-70.6024,20230718,SeaTrac deployment at Isle of Shoals
9745,55524177,42.99,-70.6028,20230718,SeaTrac deployment at Isle of Shoals
9746,56681527,42.9898,-70.6025,20230718,SeaTrac deployment at Isle of Shoals
9747,66379547,42.9898,-70.6022,20230718,SeaTrac deployment at Isle of Shoals
9748,67499151,42.9897,-70.6025,20230718,SeaTrac deployment at Isle of Shoals
9749,69281170,42.9899,-70.6021,20230718,SeaTrac deployment at Isle of Shoals
9750,70530491,42.9894,-70.602,20230718,SeaTrac deployment at Isle of Shoals
9751,73709163,42.9901,-70.6027,20230718,SeaTrac deployment at Isle of Shoals
9752,75287314,42.9894,-70.6015,20230718,SeaTrac deployment at Isle of Shoals
9753,75787747,42.9896,-70.6022,20230718,SeaTrac deployment at Isle of Shoals
9754,77262980,42.9895,-70.6021,20230718,SeaTrac deployment at Isle of Shoals
9755,78773575,42.9902,-70.6023,20230718,SeaTrac deployment at Isle of Shoals
9756,84301452,42.9894,-70.6018,20230718,SeaTrac deployment at Isle of Shoals
9757,89578587,42.9895,-70.6024,20230718,SeaTrac deployment at Isle of Shoals
9758,00079678,42.9897,-70.6022,20230719,SeaTrac deployment at Isle of Shoals
9759,04325995,42.9896,-70.6024,20230719,SeaTrac deployment at Isle of Shoals
9760,08657619,42.9893,-70.6019,20230719,SeaTrac deployment at Isle of Shoals
9761,09065174,42.9901,-70.6028,20230719,SeaTrac deployment at Isle of Shoals
9762,11141078,42.9893,-70.6014,20230719,SeaTrac deployment at Isle of Shoals
9763,11381080,42.9893,-70.6017,20230719,SeaTrac deployment at Isle of Shoals
9764,12647802,42.9898,-70.6023,20230719,SeaTrac deployment at Isle of Shoals
9765,14316193,42.9898,-70.6026,20230719,SeaTrac deployment at Isle of Shoals
9766,14582000,42.9898,-70.6015,20230719,SeaTrac deployment at Isle of Shoals
9767,15185011,42.9896,-70.6025,20230719,SeaTrac deployment at Isle of Shoals
9768,18517502,42.9899,-70.6022,20230719,SeaTrac deployment at Isle of Shoals
9769,18883535,42.9894,-70.6017,20230719,SeaTrac deployment at Isle of Shoals
9770,19394123,41.325,-70.566,20230719,Martha's Vineyard Coastal Observatory
9771,20654025,42.9891,-70.6015,20230719,SeaTrac deployment at Isle of Shoals
9772,26422636,42.9894,-70.6016,20230719,SeaTrac deployment at Isle of Shoals
9773,29637245,42.9895,-70.6023,20230719,SeaTrac deployment at Isle of Shoals
9774,30195329,42.9896,-70.6015,20230719,SeaTrac deployment at Isle of Shoals
9775,31702958,42.9893,-70.6021,20230719,SeaTrac deployment at Isle of Shoals
9776,35013364,42.9895,-70.6022,20230719,SeaTrac deployment at Isle of Shoals
9777,35470579,42.99,-70.602,20230719,SeaTrac deployment at Isle of Shoals
9778,36618375,42.9894,-70.6014,20230719,SeaTrac deployment at Isle of Shoals
9779,38770153,42.9897,-70.6018,20230719,SeaTrac deployment at Isle of Shoals
9780,40148306,42.9894,-70.6021,20230719,SeaTrac deployment at Isle of Shoals
9781,43740209,42.9895,-70.6019,20230719,SeaTrac deployment at Isle of Shoals
9782,48262998,42.9895,-70.6025,20230719,SeaTrac deployment at Isle of Shoals
9783,48268920,42.9896,-70.602,20230719,SeaTrac deployment at Isle of Shoals
9784,49349615,42.9896,-70.6023,20230719,SeaTrac deployment at Isle of Shoals
9785,50964429,42.9892,-70.602,20230719,SeaTrac deployment at Isle of Shoals
9786,52594660,42.9897,-70.6015,20230719,SeaTrac deployment at Isle of Shoals
9787,55585438,42.9893,-70.6018,20230719,SeaTrac deployment at Isle of Shoals
9788,62379921,42.9897,-70.602,20230719,SeaTrac deployment at Isle of Shoals
9789,63343359,42.9895,-70.602,20230719,SeaTrac deployment at Isle of Shoals
9790,66749610,42.9899,-70.6016,20230719,SeaTrac deployment at Isle of Shoals
9791,67499151,42.9897,-70.6025,20230719,SeaTrac deployment at Isle of Shoals
9792,70530491,42.9894,-70.602,20230719,SeaTrac deployment at Isle of Shoals
9793,75287314,42.9894,-70.6015,20230719,SeaTrac deployment at Isle of Shoals
9794,75787747,42.9896,-70.6022,20230719,SeaTrac deployment at Isle of Shoals
9795,77262980,42.9895,-70.6021,20230719,SeaTrac deployment at Isle of Shoals
9796,84301452,42.9894,-70.6018,20230719,SeaTrac deployment at Isle of Shoals
9797,00079678,42.9897,-70.6022,20230720,SeaTrac deployment at Isle of Shoals
9798,03686001,42.9894,-70.6023,20230720,SeaTrac deployment at Isle of Shoals
9799,04325995,42.9896,-70.6024,20230720,SeaTrac deployment at Isle of Shoals
9800,06217926,42.9893,-70.6025,20230720,SeaTrac deployment at Isle of Shoals
9801,08657619,42.9893,-70.6019,20230720,SeaTrac deployment at Isle of Shoals
9802,09634418,42.9896,-70.6027,20230720,SeaTrac deployment at Isle of Shoals
9803,11375403,42.9891,-70.6021,20230720,SeaTrac deployment at Isle of Shoals
9804,11381080,42.9893,-70.6017,20230720,SeaTrac deployment at Isle of Shoals
9805,15185011,42.9896,-70.6025,20230720,SeaTrac deployment at Isle of Shoals
9806,16340469,42.9891,-70.6022,20230720,SeaTrac deployment at Isle of Shoals
9807,19394123,41.325,-70.566,20230720,Martha's Vineyard Coastal Observatory
9808,20654025,42.9891,-70.6015,20230720,SeaTrac deployment at Isle of Shoals
9809,23153516,42.9893,-70.6016,20230720,SeaTrac deployment at Isle of Shoals
9810,23520195,42.9896,-70.6026,20230720,SeaTrac deployment at Isle of Shoals
9811,23953444,42.9892,-70.6024,20230720,SeaTrac deployment at Isle of Shoals
9812,25717529,42.9903,-70.6023,20230720,SeaTrac deployment at Isle of Shoals
9813,25975140,42.9892,-70.6025,20230720,SeaTrac deployment at Isle of Shoals
9814,27037375,42.9892,-70.6015,20230720,SeaTrac deployment at Isle of Shoals
9815,29637245,42.9895,-70.6023,20230720,SeaTrac deployment at Isle of Shoals
9816,32487602,42.9898,-70.6029,20230720,SeaTrac deployment at Isle of Shoals
9817,32853994,42.9901,-70.6019,20230720,SeaTrac deployment at Isle of Shoals
9818,35013364,42.9895,-70.6022,20230720,SeaTrac deployment at Isle of Shoals
9819,35438685,42.989,-70.6023,20230720,SeaTrac deployment at Isle of Shoals
9820,38818897,42.9893,-70.602,20230720,SeaTrac deployment at Isle of Shoals
9821,39402700,42.9897,-70.6024,20230720,SeaTrac deployment at Isle of Shoals
9822,39665799,42.9892,-70.6016,20230720,SeaTrac deployment at Isle of Shoals
9823,40148306,42.9894,-70.6021,20230720,SeaTrac deployment at Isle of Shoals
9824,43959285,42.9896,-70.6021,20230720,SeaTrac deployment at Isle of Shoals
9825,49349615,42.9896,-70.6023,20230720,SeaTrac deployment at Isle of Shoals
9826,49770111,42.9891,-70.6016,20230720,SeaTrac deployment at Isle of Shoals
9827,50964429,42.9892,-70.602,20230720,SeaTrac deployment at Isle of Shoals
9828,55524177,42.99,-70.6028,20230720,SeaTrac deployment at Isle of Shoals
9829,62379921,42.9897,-70.602,20230720,SeaTrac deployment at Isle of Shoals
9830,63343359,42.9895,-70.602,20230720,SeaTrac deployment at Isle of Shoals
9831,70530491,42.9894,-70.602,20230720,SeaTrac deployment at Isle of Shoals
9832,75787747,42.9896,-70.6022,20230720,SeaTrac deployment at Isle of Shoals
9833,77262980,42.9895,-70.6021,20230720,SeaTrac deployment at Isle of Shoals
9834,77330268,42.9891,-70.6027,20230720,SeaTrac deployment at Isle of Shoals
9835,78773575,42.9902,-70.6023,20230720,SeaTrac deployment at Isle of Shoals
9836,00079678,42.9897,-70.6022,20230721,SeaTrac deployment at Isle of Shoals
9837,03686001,42.9894,-70.6023,20230721,SeaTrac deployment at Isle of Shoals
9838,11375403,42.9891,-70.6021,20230721,SeaTrac deployment at Isle of Shoals
9839,12647802,42.9898,-70.6023,20230721,SeaTrac deployment at Isle of Shoals
9840,15185011,42.9896,-70.6025,20230721,SeaTrac deployment at Isle of Shoals
9841,19394123,41.325,-70.566,20230721,Martha's Vineyard Coastal Observatory
9842,29637245,42.9895,-70.6023,20230721,SeaTrac deployment at Isle of Shoals
9843,32487602,42.9898,-70.6029,20230721,SeaTrac deployment at Isle of Shoals
9844,38818897,42.9893,-70.602,20230721,SeaTrac deployment at Isle of Shoals
9845,42250846,42.9894,-70.6026,20230721,SeaTrac deployment at Isle of Shoals
9846,48262998,42.9895,-70.6025,20230721,SeaTrac deployment at Isle of Shoals
9847,53286080,42.9889,-70.6022,20230721,SeaTrac deployment at Isle of Shoals
9848,55585438,42.9893,-70.6018,20230721,SeaTrac deployment at Isle of Shoals
9849,57234152,42.9895,-70.6029,20230721,SeaTrac deployment at Isle of Shoals
9850,70530491,42.9894,-70.602,20230721,SeaTrac deployment at Isle of Shoals
9851,71603533,42.9892,-70.6021,20230721,SeaTrac deployment at Isle of Shoals
9852,75787747,42.9896,-70.6022,20230721,SeaTrac deployment at Isle of Shoals
9853,89578587,42.9895,-70.6024,20230721,SeaTrac deployment at Isle of Shoals
9854,95912197,42.99,-70.6025,20230721,SeaTrac deployment at Isle of Shoals
9855,06217926,42.9893,-70.6025,20230722,SeaTrac deployment at Isle of Shoals
9856,07530834,42.9893,-70.6027,20230722,SeaTrac deployment at Isle of Shoals
9857,09634418,42.9896,-70.6027,20230722,SeaTrac deployment at Isle of Shoals
9858,10449808,42.9897,-70.6023,20230722,SeaTrac deployment at Isle of Shoals
9859,15185011,42.9896,-70.6025,20230722,SeaTrac deployment at Isle of Shoals
9860,18517502,42.9899,-70.6022,20230722,SeaTrac deployment at Isle of Shoals
9861,19394123,41.325,-70.566,20230722,Martha's Vineyard Coastal Observatory
9862,39402700,42.9897,-70.6024,20230722,SeaTrac deployment at Isle of Shoals
9863,48076363,42.9894,-70.6024,20230722,SeaTrac deployment at Isle of Shoals
9864,48262998,42.9895,-70.6025,20230722,SeaTrac deployment at Isle of Shoals
9865,52940421,42.9899,-70.6026,20230722,SeaTrac deployment at Isle of Shoals
9866,58398121,42.9894,-70.6025,20230722,SeaTrac deployment at Isle of Shoals
9867,61191069,42.9901,-70.6025,20230722,SeaTrac deployment at Isle of Shoals
9868,75787747,42.9896,-70.6022,20230722,SeaTrac deployment at Isle of Shoals
9869,85900177,42.9899,-70.6029,20230722,SeaTrac deployment at Isle of Shoals
9870,87499566,42.9899,-70.6028,20230722,SeaTrac deployment at Isle of Shoals
9871,92777793,42.9897,-70.6029,20230722,SeaTrac deployment at Isle of Shoals
9872,97033102,42.9893,-70.6026,20230722,SeaTrac deployment at Isle of Shoals
9873,03686001,42.9894,-70.6023,20230723,SeaTrac deployment at Isle of Shoals
9874,08657619,42.9893,-70.6019,20230723,SeaTrac deployment at Isle of Shoals
9875,09405313,42.99,-70.6023,20230723,SeaTrac deployment at Isle of Shoals
9876,10449808,42.9897,-70.6023,20230723,SeaTrac deployment at Isle of Shoals
9877,12647802,42.9898,-70.6023,20230723,SeaTrac deployment at Isle of Shoals
9878,14962259,42.9898,-70.6024,20230723,SeaTrac deployment at Isle of Shoals
9879,19394123,41.325,-70.566,20230723,Martha's Vineyard Coastal Observatory
9880,19532315,42.9897,-70.6019,20230723,SeaTrac deployment at Isle of Shoals
9881,21058851,42.9892,-70.6022,20230723,SeaTrac deployment at Isle of Shoals
9882,22007219,42.9894,-70.6027,20230723,SeaTrac deployment at Isle of Shoals
9883,22242057,42.9894,-70.6022,20230723,SeaTrac deployment at Isle of Shoals
9884,22253585,42.9901,-70.6022,20230723,SeaTrac deployment at Isle of Shoals
9885,23153516,42.9893,-70.6016,20230723,SeaTrac deployment at Isle of Shoals
9886,23953444,42.9892,-70.6024,20230723,SeaTrac deployment at Isle of Shoals
9887,29637245,42.9895,-70.6023,20230723,SeaTrac deployment at Isle of Shoals
9888,33040217,42.9889,-70.6025,20230723,SeaTrac deployment at Isle of Shoals
9889,35013364,42.9895,-70.6022,20230723,SeaTrac deployment at Isle of Shoals
9890,35438685,42.989,-70.6023,20230723,SeaTrac deployment at Isle of Shoals
9891,36248416,42.9894,-70.6031,20230723,SeaTrac deployment at Isle of Shoals
9892,37056614,42.9891,-70.6028,20230723,SeaTrac deployment at Isle of Shoals
9893,38818897,42.9893,-70.602,20230723,SeaTrac deployment at Isle of Shoals
9894,39402700,42.9897,-70.6024,20230723,SeaTrac deployment at Isle of Shoals
9895,39665799,42.9892,-70.6016,20230723,SeaTrac deployment at Isle of Shoals
9896,43493796,42.9896,-70.603,20230723,SeaTrac deployment at Isle of Shoals
9897,43959285,42.9896,-70.6021,20230723,SeaTrac deployment at Isle of Shoals
9898,46783966,42.9888,-70.6025,20230723,SeaTrac deployment at Isle of Shoals
9899,48076363,42.9894,-70.6024,20230723,SeaTrac deployment at Isle of Shoals
9900,48262998,42.9895,-70.6025,20230723,SeaTrac deployment at Isle of Shoals
9901,49349615,42.9896,-70.6023,20230723,SeaTrac deployment at Isle of Shoals
9902,53147785,42.9899,-70.6024,20230723,SeaTrac deployment at Isle of Shoals
9903,53835219,42.9893,-70.6023,20230723,SeaTrac deployment at Isle of Shoals
9904,60888778,42.9888,-70.6021,20230723,SeaTrac deployment at Isle of Shoals
9905,69868210,42.9889,-70.6021,20230723,SeaTrac deployment at Isle of Shoals
9906,70530491,42.9894,-70.602,20230723,SeaTrac deployment at Isle of Shoals
9907,76157022,42.989,-70.6016,20230723,SeaTrac deployment at Isle of Shoals
9908,79844698,42.9889,-70.6023,20230723,SeaTrac deployment at Isle of Shoals
9909,80563864,42.9898,-70.602,20230723,SeaTrac deployment at Isle of Shoals
9910,82936997,42.989,-70.6024,20230723,SeaTrac deployment at Isle of Shoals
9911,87499566,42.9899,-70.6028,20230723,SeaTrac deployment at Isle of Shoals
9912,91612890,42.9891,-70.6024,20230723,SeaTrac deployment at Isle of Shoals
9913,91735023,42.989,-70.6026,20230723,SeaTrac deployment at Isle of Shoals
9914,92777793,42.9897,-70.6029,20230723,SeaTrac deployment at Isle of Shoals
9915,00300349,42.9892,-70.6019,20230724,SeaTrac deployment at Isle of Shoals
9916,03686001,42.9894,-70.6023,20230724,SeaTrac deployment at Isle of Shoals
9917,04325995,42.9896,-70.6024,20230724,SeaTrac deployment at Isle of Shoals
9918,09405313,42.99,-70.6023,20230724,SeaTrac deployment at Isle of Shoals
9919,11141078,42.9893,-70.6014,20230724,SeaTrac deployment at Isle of Shoals
9920,14962259,42.9898,-70.6024,20230724,SeaTrac deployment at Isle of Shoals
9921,18517502,42.9899,-70.6022,20230724,SeaTrac deployment at Isle of Shoals
9922,18534243,42.99,-70.6024,20230724,SeaTrac deployment at Isle of Shoals
9923,18883535,42.9894,-70.6017,20230724,SeaTrac deployment at Isle of Shoals
9924,19394123,41.325,-70.566,20230724,Martha's Vineyard Coastal Observatory
9925,20170426,42.99,-70.603,20230724,SeaTrac deployment at Isle of Shoals
9926,22242057,42.9894,-70.6022,20230724,SeaTrac deployment at Isle of Shoals
9927,22253585,42.9901,-70.6022,20230724,SeaTrac deployment at Isle of Shoals
9928,29326337,42.99,-70.6021,20230724,SeaTrac deployment at Isle of Shoals
9929,29637245,42.9895,-70.6023,20230724,SeaTrac deployment at Isle of Shoals
9930,31702958,42.9893,-70.6021,20230724,SeaTrac deployment at Isle of Shoals
9931,35013364,42.9895,-70.6022,20230724,SeaTrac deployment at Isle of Shoals
9932,36618375,42.9894,-70.6014,20230724,SeaTrac deployment at Isle of Shoals
9933,37826273,42.99,-70.6031,20230724,SeaTrac deployment at Isle of Shoals
9934,38818897,42.9893,-70.602,20230724,SeaTrac deployment at Isle of Shoals
9935,39402700,42.9897,-70.6024,20230724,SeaTrac deployment at Isle of Shoals
9936,40148306,42.9894,-70.6021,20230724,SeaTrac deployment at Isle of Shoals
9937,48268920,42.9896,-70.602,20230724,SeaTrac deployment at Isle of Shoals
9938,49349615,42.9896,-70.6023,20230724,SeaTrac deployment at Isle of Shoals
9939,52386998,42.9896,-70.6019,20230724,SeaTrac deployment at Isle of Shoals
9940,53835219,42.9893,-70.6023,20230724,SeaTrac deployment at Isle of Shoals
9941,56681527,42.9898,-70.6025,20230724,SeaTrac deployment at Isle of Shoals
9942,59400770,42.989,-70.6018,20230724,SeaTrac deployment at Isle of Shoals
9943,62379921,42.9897,-70.602,20230724,SeaTrac deployment at Isle of Shoals
9944,64874248,42.9896,-70.6029,20230724,SeaTrac deployment at Isle of Shoals
9945,70530491,42.9894,-70.602,20230724,SeaTrac deployment at Isle of Shoals
9946,73709163,42.9901,-70.6027,20230724,SeaTrac deployment at Isle of Shoals
9947,75787747,42.9896,-70.6022,20230724,SeaTrac deployment at Isle of Shoals
9948,77262980,42.9895,-70.6021,20230724,SeaTrac deployment at Isle of Shoals
9949,87499566,42.9899,-70.6028,20230724,SeaTrac deployment at Isle of Shoals
9950,89578587,42.9895,-70.6024,20230724,SeaTrac deployment at Isle of Shoals
9951,90735345,42.9893,-70.6015,20230724,SeaTrac deployment at Isle of Shoals
9952,95912197,42.99,-70.6025,20230724,SeaTrac deployment at Isle of Shoals
9953,98201008,42.9895,-70.6014,20230724,SeaTrac deployment at Isle of Shoals
9954,98635860,42.9901,-70.6023,20230724,SeaTrac deployment at Isle of Shoals
9955,00079678,42.9897,-70.6022,20230725,SeaTrac deployment at Isle of Shoals
9956,04325995,42.9896,-70.6024,20230725,SeaTrac deployment at Isle of Shoals
9957,07485586,42.9902,-70.6026,20230725,SeaTrac deployment at Isle of Shoals
9958,08015347,42.9903,-70.6021,20230725,SeaTrac deployment at Isle of Shoals
9959,09065174,42.9901,-70.6028,20230725,SeaTrac deployment at Isle of Shoals
9960,09405313,42.99,-70.6023,20230725,SeaTrac deployment at Isle of Shoals
9961,10071657,42.9899,-70.6018,20230725,SeaTrac deployment at Isle of Shoals
9962,10449808,42.9897,-70.6023,20230725,SeaTrac deployment at Isle of Shoals
9963,11141078,42.9893,-70.6014,20230725,SeaTrac deployment at Isle of Shoals
9964,11381080,42.9893,-70.6017,20230725,SeaTrac deployment at Isle of Shoals
9965,11653759,42.9897,-70.6017,20230725,SeaTrac deployment at Isle of Shoals
9966,18517502,42.9899,-70.6022,20230725,SeaTrac deployment at Isle of Shoals
9967,18534243,42.99,-70.6024,20230725,SeaTrac deployment at Isle of Shoals
9968,19394123,41.325,-70.566,20230725,Martha's Vineyard Coastal Observatory
9969,22253585,42.9901,-70.6022,20230725,SeaTrac deployment at Isle of Shoals
9970,25717529,42.9903,-70.6023,20230725,SeaTrac deployment at Isle of Shoals
9971,25808887,42.9899,-70.6019,20230725,SeaTrac deployment at Isle of Shoals
9972,35013364,42.9895,-70.6022,20230725,SeaTrac deployment at Isle of Shoals
9973,39402700,42.9897,-70.6024,20230725,SeaTrac deployment at Isle of Shoals
9974,39665799,42.9892,-70.6016,20230725,SeaTrac deployment at Isle of Shoals
9975,40148306,42.9894,-70.6021,20230725,SeaTrac deployment at Isle of Shoals
9976,40551098,42.9896,-70.6018,20230725,SeaTrac deployment at Isle of Shoals
9977,42611860,42.9894,-70.6019,20230725,SeaTrac deployment at Isle of Shoals
9978,45655515,42.9903,-70.6022,20230725,SeaTrac deployment at Isle of Shoals
9979,49349615,42.9896,-70.6023,20230725,SeaTrac deployment at Isle of Shoals
9980,52540754,42.9902,-70.6028,20230725,SeaTrac deployment at Isle of Shoals
9981,53147785,42.9899,-70.6024,20230725,SeaTrac deployment at Isle of Shoals
9982,55585438,42.9893,-70.6018,20230725,SeaTrac deployment at Isle of Shoals
9983,70530491,42.9894,-70.602,20230725,SeaTrac deployment at Isle of Shoals
9984,73709163,42.9901,-70.6027,20230725,SeaTrac deployment at Isle of Shoals
9985,74624518,42.99,-70.6022,20230725,SeaTrac deployment at Isle of Shoals
9986,77262980,42.9895,-70.6021,20230725,SeaTrac deployment at Isle of Shoals
9987,78419106,42.99,-70.6019,20230725,SeaTrac deployment at Isle of Shoals
9988,80563864,42.9898,-70.602,20230725,SeaTrac deployment at Isle of Shoals
9989,87499566,42.9899,-70.6028,20230725,SeaTrac deployment at Isle of Shoals
9990,89578587,42.9895,-70.6024,20230725,SeaTrac deployment at Isle of Shoals
9991,91895108,42.9902,-70.6022,20230725,SeaTrac deployment at Isle of Shoals
9992,98148252,42.99,-70.6018,20230725,SeaTrac deployment at Isle of Shoals
9993,98635860,42.9901,-70.6023,20230725,SeaTrac deployment at Isle of Shoals
9994,00300349,42.9892,-70.6019,20230726,SeaTrac deployment at Isle of Shoals
9995,04325995,42.9896,-70.6024,20230726,SeaTrac deployment at Isle of Shoals
9996,04757794,42.99,-70.6017,20230726,SeaTrac deployment at Isle of Shoals
9997,08612671,42.9898,-70.6019,20230726,SeaTrac deployment at Isle of Shoals
9998,10449808,42.9897,-70.6023,20230726,SeaTrac deployment at Isle of Shoals
9999,12647802,42.9898,-70.6023,20230726,SeaTrac deployment at Isle of Shoals
10000,15185011,42.9896,-70.6025,20230726,SeaTrac deployment at Isle of Shoals
10001,19394123,41.325,-70.566,20230726,Martha's Vineyard Coastal Observatory
10002,26422636,42.9894,-70.6016,20230726,SeaTrac deployment at Isle of Shoals
10003,35013364,42.9895,-70.6022,20230726,SeaTrac deployment at Isle of Shoals
10004,39402700,42.9897,-70.6024,20230726,SeaTrac deployment at Isle of Shoals
10005,42611860,42.9894,-70.6019,20230726,SeaTrac deployment at Isle of Shoals
10006,48076363,42.9894,-70.6024,20230726,SeaTrac deployment at Isle of Shoals
10007,49349615,42.9896,-70.6023,20230726,SeaTrac deployment at Isle of Shoals
10008,55585438,42.9893,-70.6018,20230726,SeaTrac deployment at Isle of Shoals
10009,66379547,42.9898,-70.6022,20230726,SeaTrac deployment at Isle of Shoals
10010,66749610,42.9899,-70.6016,20230726,SeaTrac deployment at Isle of Shoals
10011,71957746,42.9897,-70.6021,20230726,SeaTrac deployment at Isle of Shoals
10012,77262980,42.9895,-70.6021,20230726,SeaTrac deployment at Isle of Shoals
10013,77545640,42.9896,-70.6017,20230726,SeaTrac deployment at Isle of Shoals
10014,19394123,41.325,-70.566,20230727,Martha's Vineyard Coastal Observatory
10015,00079678,42.9897,-70.6022,20230728,SeaTrac deployment at Isle of Shoals
10016,10449808,42.9897,-70.6023,20230728,SeaTrac deployment at Isle of Shoals
10017,11141078,42.9893,-70.6014,20230728,SeaTrac deployment at Isle of Shoals
10018,19394123,41.325,-70.566,20230728,Martha's Vineyard Coastal Observatory
10019,22242057,42.9894,-70.6022,20230728,SeaTrac deployment at Isle of Shoals
10020,23153516,42.9893,-70.6016,20230728,SeaTrac deployment at Isle of Shoals
10021,25754798,42.99,-70.6026,20230728,SeaTrac deployment at Isle of Shoals
10022,27037375,42.9892,-70.6015,20230728,SeaTrac deployment at Isle of Shoals
10023,29637245,42.9895,-70.6023,20230728,SeaTrac deployment at Isle of Shoals
10024,34085894,42.9901,-70.6026,20230728,SeaTrac deployment at Isle of Shoals
10025,35013364,42.9895,-70.6022,20230728,SeaTrac deployment at Isle of Shoals
10026,39402700,42.9897,-70.6024,20230728,SeaTrac deployment at Isle of Shoals
10027,42611860,42.9894,-70.6019,20230728,SeaTrac deployment at Isle of Shoals
10028,48948756,42.9893,-70.6013,20230728,SeaTrac deployment at Isle of Shoals
10029,49349615,42.9896,-70.6023,20230728,SeaTrac deployment at Isle of Shoals
10030,53147785,42.9899,-70.6024,20230728,SeaTrac deployment at Isle of Shoals
10031,55784808,42.9899,-70.6027,20230728,SeaTrac deployment at Isle of Shoals
10032,61191069,42.9901,-70.6025,20230728,SeaTrac deployment at Isle of Shoals
10033,62379921,42.9897,-70.602,20230728,SeaTrac deployment at Isle of Shoals
10034,69168212,42.9896,-70.6016,20230728,SeaTrac deployment at Isle of Shoals
10035,74624518,42.99,-70.6022,20230728,SeaTrac deployment at Isle of Shoals
10036,95912197,42.99,-70.6025,20230728,SeaTrac deployment at Isle of Shoals
10037,98148252,42.99,-70.6018,20230728,SeaTrac deployment at Isle of Shoals
10038,07666110,42.9886,-70.6014,20230729,SeaTrac deployment at Isle of Shoals
10039,10071657,42.9899,-70.6018,20230729,SeaTrac deployment at Isle of Shoals
10040,19394123,41.325,-70.566,20230729,Martha's Vineyard Coastal Observatory
10041,29637245,42.9895,-70.6023,20230729,SeaTrac deployment at Isle of Shoals
10042,35013364,42.9895,-70.6022,20230729,SeaTrac deployment at Isle of Shoals
10043,35302075,42.9898,-70.6017,20230729,SeaTrac deployment at Isle of Shoals
10044,38770153,42.9897,-70.6018,20230729,SeaTrac deployment at Isle of Shoals
10045,48145344,42.9812,-70.614,20230729,SeaTrac deployment at Isle of Shoals
10046,49349615,42.9896,-70.6023,20230729,SeaTrac deployment at Isle of Shoals
10047,52052778,42.9899,-70.6017,20230729,SeaTrac deployment at Isle of Shoals
10048,52191104,42.9898,-70.6021,20230729,SeaTrac deployment at Isle of Shoals
10049,60445216,42.9895,-70.6015,20230729,SeaTrac deployment at Isle of Shoals
10050,75287314,42.9894,-70.6015,20230729,SeaTrac deployment at Isle of Shoals
10051,75787747,42.9896,-70.6022,20230729,SeaTrac deployment at Isle of Shoals
10052,77027603,42.9895,-70.6018,20230729,SeaTrac deployment at Isle of Shoals
10053,77262980,42.9895,-70.6021,20230729,SeaTrac deployment at Isle of Shoals
10054,84301452,42.9894,-70.6018,20230729,SeaTrac deployment at Isle of Shoals
10055,98148252,42.99,-70.6018,20230729,SeaTrac deployment at Isle of Shoals
10056,19394123,41.325,-70.566,20230730,Martha's Vineyard Coastal Observatory
10057,19394123,41.325,-70.566,20230731,Martha's Vineyard Coastal Observatory
10058,19394123,41.325,-70.566,20230801,Martha's Vineyard Coastal Observatory
10059,19394123,41.325,-70.566,20230802,Martha's Vineyard Coastal Observatory
10060,19394123,41.325,-70.566,20230803,Martha's Vineyard Coastal Observatory
10061,84691237,44.44,-68.205,20230803,Mount Desert Island Biological Laboratory
10062,19394123,41.325,-70.566,20230804,Martha's Vineyard Coastal Observatory
10063,84691237,44.44,-68.205,20230804,Mount Desert Island Biological Laboratory
10064,19394123,41.325,-70.566,20230805,Martha's Vineyard Coastal Observatory
10065,84691237,44.44,-68.205,20230805,Mount Desert Island Biological Laboratory
10066,19394123,41.325,-70.566,20230806,Martha's Vineyard Coastal Observatory
10067,84691237,44.44,-68.205,20230806,Mount Desert Island Biological Laboratory
10068,19394123,41.325,-70.566,20230807,Martha's Vineyard Coastal Observatory
10069,84691237,44.44,-68.205,20230807,Mount Desert Island Biological Laboratory
10070,19394123,41.325,-70.566,20230808,Martha's Vineyard Coastal Observatory
10071,84691237,44.44,-68.205,20230808,Mount Desert Island Biological Laboratory
10072,19394123,41.325,-70.566,20230809,Martha's Vineyard Coastal Observatory
10073,84691237,44.44,-68.205,20230809,Mount Desert Island Biological Laboratory
10074,19394123,41.325,-70.566,20230810,Martha's Vineyard Coastal Observatory
10075,84691237,44.44,-68.205,20230810,Mount Desert Island Biological Laboratory
10076,19394123,41.325,-70.566,20230811,Martha's Vineyard Coastal Observatory
10077,84691237,44.44,-68.205,20230811,Mount Desert Island Biological Laboratory
10078,19394123,41.325,-70.566,20230812,Martha's Vineyard Coastal Observatory
10079,19394123,41.325,-70.566,20230813,Martha's Vineyard Coastal Observatory
10080,19394123,41.325,-70.566,20230814,Martha's Vineyard Coastal Observatory
10081,84691237,44.44,-68.205,20230814,Mount Desert Island Biological Laboratory
10082,19394123,41.325,-70.566,20230815,Martha's Vineyard Coastal Observatory
10083,19394123,41.325,-70.566,20230816,Martha's Vineyard Coastal Observatory
10084,84691237,44.44,-68.205,20230816,Mount Desert Island Biological Laboratory
10085,19394123,41.325,-70.566,20230817,Martha's Vineyard Coastal Observatory
10086,19394123,41.325,-70.566,20230818,Martha's Vineyard Coastal Observatory
10087,19394123,41.325,-70.566,20230819,Martha's Vineyard Coastal Observatory
10088,19394123,41.325,-70.566,20230820,Martha's Vineyard Coastal Observatory
10089,19394123,41.325,-70.566,20230821,Martha's Vineyard Coastal Observatory
10090,19394123,41.325,-70.566,20230823,Martha's Vineyard Coastal Observatory
10091,62950397,43.781,-69.975,20230823,Bowdoin College (SCSC)
10092,84691237,44.44,-68.205,20230823,Mount Desert Island Biological Laboratory
10093,19394123,41.325,-70.566,20230824,Martha's Vineyard Coastal Observatory
10094,62950397,43.781,-69.975,20230824,Bowdoin College (SCSC)
10095,84691237,44.44,-68.205,20230824,Mount Desert Island Biological Laboratory
10096,19394123,41.325,-70.566,20230825,Martha's Vineyard Coastal Observatory
10097,62950397,43.781,-69.975,20230825,Bowdoin College (SCSC)
10098,84691237,44.44,-68.205,20230825,Mount Desert Island Biological Laboratory
10099,19394123,41.325,-70.566,20230905,Martha's Vineyard Coastal Observatory
10100,62950397,43.781,-69.975,20230905,Bowdoin College (SCSC)
10101,19394123,41.325,-70.566,20230906,Martha's Vineyard Coastal Observatory
10102,62950397,43.781,-69.975,20230906,Bowdoin College (SCSC)
10103,19394123,41.325,-70.566,20230907,Martha's Vineyard Coastal Observatory
10104,62950397,43.781,-69.975,20230907,Bowdoin College (SCSC)
10105,19394123,41.325,-70.566,20230908,Martha's Vineyard Coastal Observatory
10106,62950397,43.781,-69.975,20230908,Bowdoin College (SCSC)
10107,19394123,41.325,-70.566,20230909,Martha's Vineyard Coastal Observatory
10108,62950397,43.781,-69.975,20230909,Bowdoin College (SCSC)
10109,19394123,41.325,-70.566,20230910,Martha's Vineyard Coastal Observatory
10110,62950397,43.781,-69.975,20230910,Bowdoin College (SCSC)
10111,84691237,44.44,-68.205,20230910,Mount Desert Island Biological Laboratory
10112,19394123,41.325,-70.566,20230911,Martha's Vineyard Coastal Observatory
10113,62950397,43.781,-69.975,20230911,Bowdoin College (SCSC)
10114,19394123,41.325,-70.566,20230912,Martha's Vineyard Coastal Observatory
10115,62950397,43.781,-69.975,20230912,Bowdoin College (SCSC)
10116,84691237,44.44,-68.205,20230912,Mount Desert Island Biological Laboratory
10117,19394123,41.325,-70.566,20230913,Martha's Vineyard Coastal Observatory
10118,19910825,44.2702,-63.3152,20230913,DFO AZMP
10119,22611720,44.271,-63.318,20230913,DFO AZMP
10120,27563116,44.2724,-63.2501,20230913,DFO AZMP
10121,45536281,44.2109,-62.9827,20230913,DFO AZMP
10122,62950397,43.781,-69.975,20230913,Bowdoin College (SCSC)
10123,77071615,44.2625,-63.1601,20230913,DFO AZMP
10124,81742526,44.1906,-62.9027,20230913,DFO AZMP
10125,96548855,44.2359,-63.0733,20230913,DFO AZMP
10126,19394123,41.325,-70.566,20230914,Martha's Vineyard Coastal Observatory
10127,24285517,44.1288,-62.6223,20230914,DFO AZMP
10128,50784280,44.1687,-62.811,20230914,DFO AZMP
10129,62839674,44.1479,-62.7175,20230914,DFO AZMP
10130,62950397,43.781,-69.975,20230914,Bowdoin College (SCSC)
10131,19394123,41.325,-70.566,20230915,Martha's Vineyard Coastal Observatory
10132,62950397,43.781,-69.975,20230915,Bowdoin College (SCSC)
10133,19394123,41.325,-70.566,20230916,Martha's Vineyard Coastal Observatory
10134,62950397,43.781,-69.975,20230916,Bowdoin College (SCSC)
10135,19394123,41.325,-70.566,20230917,Martha's Vineyard Coastal Observatory
10136,62950397,43.781,-69.975,20230917,Bowdoin College (SCSC)
10137,19394123,41.325,-70.566,20230918,Martha's Vineyard Coastal Observatory
10138,62950397,43.781,-69.975,20230918,Bowdoin College (SCSC)
10139,19394123,41.325,-70.566,20230919,Martha's Vineyard Coastal Observatory
10140,62950397,43.781,-69.975,20230919,Bowdoin College (SCSC)
10141,19394123,41.325,-70.566,20230920,Martha's Vineyard Coastal Observatory
10142,62950397,43.781,-69.975,20230920,Bowdoin College (SCSC)
10143,19394123,41.325,-70.566,20230921,Martha's Vineyard Coastal Observatory
10144,11465535,44.4505,-63.4756,20230922,DFO AZMP
10145,19394123,41.325,-70.566,20230922,Martha's Vineyard Coastal Observatory
10146,19803060,44.2676,-63.3061,20230922,DFO AZMP
10147,24897611,44.2724,-63.3995,20230922,DFO AZMP
10148,27254479,44.2678,-63.3123,20230922,DFO AZMP
10149,36925064,44.3998,-63.4507,20230922,DFO AZMP
10150,41363601,44.1555,-63.1946,20230922,DFO AZMP
10151,42036757,44.3998,-63.4505,20230922,DFO AZMP
10152,43614023,44.1006,-63.1318,20230922,DFO AZMP
10153,49719677,44.0414,-63.0711,20230922,DFO AZMP
10154,51545215,44.3986,-63.4495,20230922,DFO AZMP
10155,53468643,44.2674,-63.3066,20230922,DFO AZMP
10156,54338229,44.3389,-63.4285,20230922,DFO AZMP
10157,56434072,44.4704,-63.07,20230922,DFO AZMP
10158,56776520,44.2675,-63.3066,20230922,DFO AZMP
10159,59043307,44.4044,-62.8488,20230922,DFO AZMP
10160,64693217,43.9305,-62.937,20230922,DFO AZMP
10161,68879910,43.9854,-63.0051,20230922,DFO AZMP
10162,75675249,44.4397,-62.9593,20230922,DFO AZMP
10163,80591874,44.2141,-63.2548,20230922,DFO AZMP
10164,84691237,44.44,-68.205,20230922,Mount Desert Island Biological Laboratory
10165,00439788,43.2668,-62.2016,20230923,DFO AZMP
10166,05274512,43.7635,-62.7528,20230923,DFO AZMP
10167,08049370,43.7255,-62.7135,20230923,DFO AZMP
10168,09425897,43.8547,-62.8379,20230923,DFO AZMP
10169,19394123,41.325,-70.566,20230923,Martha's Vineyard Coastal Observatory
10170,27607169,43.6078,-62.5871,20230923,DFO AZMP
10171,35044829,43.3237,-62.2683,20230923,DFO AZMP
10172,37122280,43.7635,-62.7529,20230923,DFO AZMP
10173,52175977,43.8875,-62.8847,20230923,DFO AZMP
10174,59336056,43.4338,-62.3963,20230923,DFO AZMP
10175,60431949,43.7636,-62.753,20230923,DFO AZMP
10176,72232911,43.4935,-62.4639,20230923,DFO AZMP
10177,73582736,43.7973,-62.7789,20230923,DFO AZMP
10178,74663342,43.1828,-62.0997,20230923,DFO AZMP
10179,76501656,43.38,-62.3319,20230923,DFO AZMP
10180,76625929,43.5499,-62.525,20230923,DFO AZMP
10181,81069985,43.6668,-62.6504,20230923,DFO AZMP
10182,83135726,43.1374,-62.0366,20230923,DFO AZMP
10183,84691237,44.44,-68.205,20230923,Mount Desert Island Biological Laboratory
10184,85964330,43.2102,-62.1334,20230923,DFO AZMP
10185,86215858,43.1826,-62.0994,20230923,DFO AZMP
10186,90165923,43.1828,-62.0996,20230923,DFO AZMP
10187,94936904,43.4799,-62.4499,20230923,DFO AZMP
10188,99214419,43.8838,-62.8832,20230923,DFO AZMP
10189,01657831,42.7702,-62.0949,20230924,DFO AZMP
10190,04821561,42.7706,-62.0631,20230924,DFO AZMP
10191,07178669,42.7702,-62.0952,20230924,DFO AZMP
10192,15134025,42.6679,-63.1923,20230924,DFO AZMP
10193,19003199,42.7434,-62.4039,20230924,DFO AZMP
10194,19394123,41.325,-70.566,20230924,Martha's Vineyard Coastal Observatory
10195,25554940,42.7771,-62.0891,20230924,DFO AZMP
10196,28601302,42.7044,-62.8027,20230924,DFO AZMP
10197,28698668,42.6573,-63.2899,20230924,DFO AZMP
10198,28972046,42.6182,-63.6876,20230924,DFO AZMP
10199,30898818,42.6194,-61.7636,20230924,DFO AZMP
10200,32129813,42.7875,-62.1098,20230924,DFO AZMP
10201,33387933,42.7769,-62.0837,20230924,DFO AZMP
10202,35467028,42.7761,-62.0649,20230924,DFO AZMP
10203,35971992,42.7137,-62.7034,20230924,DFO AZMP
10204,37865783,42.7582,-62.2509,20230924,DFO AZMP
10205,46906470,42.695,-62.902,20230924,DFO AZMP
10206,48442726,42.7787,-62.0826,20230924,DFO AZMP
10207,52193417,42.734,-62.5022,20230924,DFO AZMP
10208,53134982,42.6485,-63.3879,20230924,DFO AZMP
10209,54702099,42.6773,-63.0961,20230924,DFO AZMP
10210,56447563,42.7804,-62.1057,20230924,DFO AZMP
10211,57579281,42.7238,-62.6025,20230924,DFO AZMP
10212,57792074,42.7713,-62.093,20230924,DFO AZMP
10213,60463482,42.6081,-63.7854,20230924,DFO AZMP
10214,60676715,42.6859,-62.9999,20230924,DFO AZMP
10215,62426656,42.7916,-62.1109,20230924,DFO AZMP
10216,64666969,42.628,-63.5892,20230924,DFO AZMP
10217,73445373,42.6389,-63.4874,20230924,DFO AZMP
10218,78617186,42.7014,-61.9384,20230924,DFO AZMP
10219,79749635,42.659,-61.8497,20230924,DFO AZMP
10220,86357972,42.7736,-62.1001,20230924,DFO AZMP
10221,88096237,42.7738,-62.0917,20230924,DFO AZMP
10222,94221426,42.7448,-62.0214,20230924,DFO AZMP
10223,95990871,42.7702,-62.095,20230924,DFO AZMP
10224,98025647,42.7674,-62.1544,20230924,DFO AZMP
10225,00068028,42.5898,-63.985,20230925,DFO AZMP
10226,00493838,42.4366,-65.5572,20230925,DFO AZMP
10227,02788961,42.3042,-65.8325,20230925,DFO AZMP
10228,05898457,42.2753,-65.8598,20230925,DFO AZMP
10229,06044828,42.12,-66.0545,20230925,DFO AZMP
10230,06875885,42.2322,-65.904,20230925,DFO AZMP
10231,09768550,42.1662,-65.9704,20230925,DFO AZMP
10232,11384813,42.1998,-65.9398,20230925,DFO AZMP
10233,11455449,42.4178,-65.7458,20230925,DFO AZMP
10234,12549218,42.3968,-65.7626,20230925,DFO AZMP
10235,13358633,42.2696,-65.8686,20230925,DFO AZMP
10236,14010084,42.3443,-65.8046,20230925,DFO AZMP
10237,15019888,42.0624,-66.0776,20230925,DFO AZMP
10238,15589290,42.3339,-65.8101,20230925,DFO AZMP
10239,17993481,42.0146,-66.1246,20230925,DFO AZMP
10240,18766843,42.5692,-64.1883,20230925,DFO AZMP
10241,19394123,41.325,-70.566,20230925,Martha's Vineyard Coastal Observatory
10242,20300722,42.52,-64.7046,20230925,DFO AZMP
10243,21490825,42.5799,-64.0857,20230925,DFO AZMP
10244,23345423,42.422,-65.7462,20230925,DFO AZMP
10245,28461960,42.1105,-66.0583,20230925,DFO AZMP
10246,32466061,42.4457,-65.4568,20230925,DFO AZMP
10247,32818643,42.4266,-65.7486,20230925,DFO AZMP
10248,33121313,42.2682,-65.8646,20230925,DFO AZMP
10249,34416880,42.4857,-65.0156,20230925,DFO AZMP
10250,34752726,42.3345,-65.8104,20230925,DFO AZMP
10251,35550229,42.467,-65.2241,20230925,DFO AZMP
10252,36073599,42.4264,-65.6709,20230925,DFO AZMP
10253,40796258,42.0716,-66.0909,20230925,DFO AZMP
10254,43228695,42.3329,-65.8079,20230925,DFO AZMP
10255,48464156,42.1195,-66.0457,20230925,DFO AZMP
10256,50905462,42.2318,-65.9035,20230925,DFO AZMP
10257,53878461,42.2975,-65.8413,20230925,DFO AZMP
10258,55250390,42.2023,-65.9401,20230925,DFO AZMP
10259,58442791,42.1602,-65.9849,20230925,DFO AZMP
10260,58642448,42.1633,-65.9764,20230925,DFO AZMP
10261,59929288,42.1864,-65.9565,20230925,DFO AZMP
10262,61270255,42.5402,-64.495,20230925,DFO AZMP
10263,65251166,42.1258,-66.0663,20230925,DFO AZMP
10264,66410208,42.3423,-65.8136,20230925,DFO AZMP
10265,66927024,42.4955,-64.9135,20230925,DFO AZMP
10266,68592009,42.231,-65.9014,20230925,DFO AZMP
10267,71031787,42.5586,-64.2901,20230925,DFO AZMP
10268,71848540,42.5992,-63.8858,20230925,DFO AZMP
10269,72036803,42.2682,-65.8703,20230925,DFO AZMP
10270,73550873,42.21,-65.9264,20230925,DFO AZMP
10271,76041999,42.5485,-64.3925,20230925,DFO AZMP
10272,77317725,42.2977,-65.841,20230925,DFO AZMP
10273,78180918,42.2253,-65.8982,20230925,DFO AZMP
10274,78586082,42.2522,-65.8775,20230925,DFO AZMP
10275,80184597,42.4572,-65.3294,20230925,DFO AZMP
10276,82488537,41.9879,-66.1408,20230925,DFO AZMP
10277,82548804,42.1236,-66.0577,20230925,DFO AZMP
10278,84465237,42.1193,-66.0393,20230925,DFO AZMP
10279,84691237,44.44,-68.205,20230925,Mount Desert Island Biological Laboratory
10280,84870845,42.4769,-65.115,20230925,DFO AZMP
10281,87639907,42.2053,-65.9429,20230925,DFO AZMP
10282,90188956,42.437,-65.7517,20230925,DFO AZMP
10283,93298411,42.5315,-64.599,20230925,DFO AZMP
10284,95569321,42.5076,-64.809,20230925,DFO AZMP
10285,97711126,42.0699,-66.0832,20230925,DFO AZMP
10286,00680329,41.9322,-65.7845,20230926,DFO AZMP
10287,00714372,42.3416,-65.4852,20230926,DFO AZMP
10288,01448118,42.0027,-65.5126,20230926,DFO AZMP
10289,02137597,42.402,-65.4808,20230926,DFO AZMP
10290,03134915,42.83,-65.4873,20230926,DFO AZMP
10291,09420432,41.9122,-65.4394,20230926,DFO AZMP
10292,10697654,41.9032,-65.695,20230926,DFO AZMP
10293,11674540,42.1366,-65.496,20230926,DFO AZMP
10294,12861460,42.5436,-65.4844,20230926,DFO AZMP
10295,13164385,42.0077,-65.5173,20230926,DFO AZMP
10296,15491195,42.0086,-65.5176,20230926,DFO AZMP
10297,16250562,41.9954,-66.141,20230926,DFO AZMP
10298,17639094,41.8686,-65.3537,20230926,DFO AZMP
10299,18271869,41.8651,-65.3488,20230926,DFO AZMP
10300,19138890,42.4721,-65.4905,20230926,DFO AZMP
10301,19394123,41.325,-70.566,20230926,Martha's Vineyard Coastal Observatory
10302,23117750,42.0539,-65.5116,20230926,DFO AZMP
10303,23558970,42.1061,-65.5089,20230926,DFO AZMP
10304,24239848,42.0031,-65.5039,20230926,DFO AZMP
10305,26258970,42.1274,-65.5025,20230926,DFO AZMP
10306,27800061,41.8676,-65.3522,20230926,DFO AZMP
10307,28553129,42.1379,-65.5005,20230926,DFO AZMP
10308,28757401,42.1304,-65.5008,20230926,DFO AZMP
10309,29207498,42.1361,-65.4943,20230926,DFO AZMP
10310,30849150,41.8524,-65.4269,20230926,DFO AZMP
10311,33152615,42.1287,-65.5021,20230926,DFO AZMP
10312,34858924,41.8652,-65.3496,20230926,DFO AZMP
10313,37282446,41.8802,-65.607,20230926,DFO AZMP
10314,41475363,41.8667,-65.5175,20230926,DFO AZMP
10315,50808125,42.0093,-65.5292,20230926,DFO AZMP
10316,51467944,41.9989,-65.5128,20230926,DFO AZMP
10317,51745014,42.2822,-65.4896,20230926,DFO AZMP
10318,52358742,41.9481,-65.8819,20230926,DFO AZMP
10319,54618056,42.4515,-65.4832,20230926,DFO AZMP
10320,56114777,41.9858,-66.074,20230926,DFO AZMP
10321,56185072,42.4521,-65.4859,20230926,DFO AZMP
10322,57004456,42.0042,-65.5068,20230926,DFO AZMP
10323,59944828,41.9617,-65.4945,20230926,DFO AZMP
10324,60006401,41.8663,-65.3477,20230926,DFO AZMP
10325,62452362,42.68,-65.4829,20230926,DFO AZMP
10326,65078137,41.9982,-65.5037,20230926,DFO AZMP
10327,68919532,42.0023,-65.5058,20230926,DFO AZMP
10328,71332432,42.7575,-65.4875,20230926,DFO AZMP
10329,73345436,42.8904,-65.479,20230926,DFO AZMP
10330,73438958,42.4541,-65.4861,20230926,DFO AZMP
10331,74555827,41.8691,-65.3503,20230926,DFO AZMP
10332,77449009,42.6148,-65.4819,20230926,DFO AZMP
10333,78600127,42.0048,-65.5211,20230926,DFO AZMP
10334,78897373,41.8698,-65.357,20230926,DFO AZMP
10335,79907847,42.1909,-65.496,20230926,DFO AZMP
10336,80136504,41.864,-65.3482,20230926,DFO AZMP
10337,84691237,44.44,-68.205,20230926,Mount Desert Island Biological Laboratory
10338,85626820,41.9927,-66.1413,20230926,DFO AZMP
10339,88542607,41.8692,-65.3541,20230926,DFO AZMP
10340,88817735,41.9656,-65.977,20230926,DFO AZMP
10341,90158920,42.7608,-65.4872,20230926,DFO AZMP
10342,90692936,42.0062,-65.5147,20230926,DFO AZMP
10343,92933775,42.7438,-65.4846,20230926,DFO AZMP
10344,94677072,42.7655,-65.4862,20230926,DFO AZMP
10345,95403828,41.8781,-65.3635,20230926,DFO AZMP
10346,98991289,41.867,-65.3485,20230926,DFO AZMP
10347,99081777,42.002,-65.5183,20230926,DFO AZMP
10348,00996946,43.2494,-65.7777,20230927,DFO AZMP
10349,02892613,43.6902,-66.8415,20230927,DFO AZMP
10350,03630683,43.716,-66.3785,20230927,DFO AZMP
10351,04356211,43.0205,-65.4721,20230927,DFO AZMP
10352,04768265,43.0181,-65.4785,20230927,DFO AZMP
10353,05869424,43.6009,-67.3011,20230927,DFO AZMP
10354,09459404,43.5566,-67.6259,20230927,DFO AZMP
10355,09835701,43.7444,-66.4404,20230927,DFO AZMP
10356,10937219,43.6553,-67.0261,20230927,DFO AZMP
10357,10951584,43.24,-65.9919,20230927,DFO AZMP
10358,11218518,43.5048,-67.9757,20230927,DFO AZMP
10359,11934878,43.4763,-68.1696,20230927,DFO AZMP
10360,12359422,43.7497,-66.4008,20230927,DFO AZMP
10361,14796493,43.7015,-66.7247,20230927,DFO AZMP
10362,15281977,43.6865,-66.8233,20230927,DFO AZMP
10363,16326361,43.6075,-67.3019,20230927,DFO AZMP
10364,16923536,43.5344,-67.7859,20230927,DFO AZMP
10365,19264559,43.4407,-66.2069,20230927,DFO AZMP
10366,19394123,41.325,-70.566,20230927,Martha's Vineyard Coastal Observatory
10367,20153469,43.6371,-67.1218,20230927,DFO AZMP
10368,26514055,43.54,-67.7511,20230927,DFO AZMP
10369,26694238,43.5784,-66.2946,20230927,DFO AZMP
10370,27864112,43.1591,-65.4499,20230927,DFO AZMP
10371,27926249,43.5998,-67.3311,20230927,DFO AZMP
10372,28511083,43.7161,-66.6276,20230927,DFO AZMP
10373,31589869,43.2496,-65.4815,20230927,DFO AZMP
10374,32411040,43.2271,-65.4608,20230927,DFO AZMP
10375,34622560,43.6902,-66.8414,20230927,DFO AZMP
10376,36312531,43.4902,-68.0715,20230927,DFO AZMP
10377,38013213,42.9363,-65.4296,20230927,DFO AZMP
10378,39545841,43.2495,-65.884,20230927,DFO AZMP
10379,41665187,43.0844,-65.4626,20230927,DFO AZMP
10380,42571648,43.7488,-66.3998,20230927,DFO AZMP
10381,44576787,43.0258,-65.4565,20230927,DFO AZMP
10382,45234322,43.2353,-66.0964,20230927,DFO AZMP
10383,46644448,43.2498,-65.561,20230927,DFO AZMP
10384,49169880,43.3,-66.1319,20230927,DFO AZMP
10385,52619800,43.5399,-67.751,20230927,DFO AZMP
10386,53667698,43.7564,-66.4046,20230927,DFO AZMP
10387,59191333,43.5191,-67.8803,20230927,DFO AZMP
10388,59713246,43.6858,-66.8439,20230927,DFO AZMP
10389,59722353,43.4685,-68.2073,20230927,DFO AZMP
10390,60918435,43.3694,-66.1678,20230927,DFO AZMP
10391,64155082,43.47,-68.2237,20230927,DFO AZMP
10392,64417506,43.0181,-65.4769,20230927,DFO AZMP
10393,68353171,42.9901,-65.3914,20230927,DFO AZMP
10394,69425731,43.2501,-65.4776,20230927,DFO AZMP
10395,70418236,43.54,-67.7512,20230927,DFO AZMP
10396,71259466,43.25,-65.479,20230927,DFO AZMP
10397,72012918,43.5692,-67.5293,20230927,DFO AZMP
10398,75905643,43.6733,-66.9349,20230927,DFO AZMP
10399,77459095,43.5449,-67.7218,20230927,DFO AZMP
10400,79487504,43.6189,-67.2238,20230927,DFO AZMP
10401,80592451,43.5086,-66.2505,20230927,DFO AZMP
10402,84691237,44.44,-68.205,20230927,Mount Desert Island Biological Laboratory
10403,85543052,43.6076,-67.2974,20230927,DFO AZMP
10404,91038570,43.73,-66.5363,20230927,DFO AZMP
10405,91347196,43.5857,-67.4314,20230927,DFO AZMP
10406,94982338,43.2496,-65.652,20230927,DFO AZMP
10407,95450134,43.6471,-66.3363,20230927,DFO AZMP
10408,01309226,43.1584,-70.2736,20230928,DFO AZMP
10409,03530845,43.4092,-68.6085,20230928,DFO AZMP
10410,07324020,42.8764,-69.1079,20230928,DFO AZMP
10411,10885087,43.4585,-68.3178,20230928,DFO AZMP
10412,11078535,43.3658,-68.824,20230928,DFO AZMP
10413,14083840,42.8315,-68.8615,20230928,DFO AZMP
10414,14786049,43.0968,-70.1365,20230928,DFO AZMP
10415,16352994,42.9798,-69.7007,20230928,DFO AZMP
10416,16398753,43.1888,-70.0373,20230928,DFO AZMP
10417,18198360,43.3989,-68.6651,20230928,DFO AZMP
10418,19394123,41.325,-70.566,20230928,Martha's Vineyard Coastal Observatory
10419,20273334,42.9528,-69.5562,20230928,DFO AZMP
10420,23086202,42.9544,-69.5566,20230928,DFO AZMP
10421,23719597,43.4259,-68.512,20230928,DFO AZMP
10422,25694082,43.1586,-70.2304,20230928,DFO AZMP
10423,26962137,42.9223,-69.3993,20230928,DFO AZMP
10424,30405423,43.2407,-69.6532,20230928,DFO AZMP
10425,31415535,42.8517,-68.9501,20230928,DFO AZMP
10426,32162691,43.1734,-70.1284,20230928,DFO AZMP
10427,34653226,43.2258,-69.7513,20230928,DFO AZMP
10428,37111451,43.2587,-69.5443,20230928,DFO AZMP
10429,37708959,43.0034,-69.8514,20230928,DFO AZMP
10430,39529707,43.2976,-69.2549,20230928,DFO AZMP
10431,40390728,42.964,-69.6044,20230928,DFO AZMP
10432,40835195,43.194,-70.0261,20230928,DFO AZMP
10433,41699388,42.9533,-69.5565,20230928,DFO AZMP
10434,42791352,43.2675,-69.4494,20230928,DFO AZMP
10435,42981262,43.3287,-69.1062,20230928,DFO AZMP
10436,44454828,42.8759,-69.1081,20230928,DFO AZMP
10437,46163362,42.9077,-69.3069,20230928,DFO AZMP
10438,49561862,43.286,-69.3533,20230928,DFO AZMP
10439,52051755,43.1316,-70.2194,20230928,DFO AZMP
10440,56892755,43.3283,-69.1057,20230928,DFO AZMP
10441,57276761,42.9417,-69.4934,20230928,DFO AZMP
10442,58704944,43.3259,-69.1056,20230928,DFO AZMP
10443,62269441,43.2581,-69.5569,20230928,DFO AZMP
10444,63124675,43.2572,-69.5627,20230928,DFO AZMP
10445,64814793,43.1587,-70.2739,20230928,DFO AZMP
10446,65538959,43.1865,-70.0144,20230928,DFO AZMP
10447,65947832,42.8786,-69.1242,20230928,DFO AZMP
10448,67294882,43.0337,-70.0074,20230928,DFO AZMP
10449,68004825,43.3085,-69.1643,20230928,DFO AZMP
10450,70853384,42.9532,-69.5558,20230928,DFO AZMP
10451,71039913,43.0338,-70.0074,20230928,DFO AZMP
10452,71882402,43.1583,-70.2737,20230928,DFO AZMP
10453,73582785,42.8657,-69.043,20230928,DFO AZMP
10454,78593264,43.3989,-68.6649,20230928,DFO AZMP
10455,79834128,43.3844,-68.7265,20230928,DFO AZMP
10456,82988470,43.2083,-69.8488,20230928,DFO AZMP
10457,84691237,44.44,-68.205,20230928,Mount Desert Island Biological Laboratory
10458,85062530,43.3988,-68.6651,20230928,DFO AZMP
10459,85288467,43.0202,-69.9464,20230928,DFO AZMP
10460,87042405,42.8916,-69.2157,20230928,DFO AZMP
10461,89291731,43.3351,-69.0174,20230928,DFO AZMP
10462,89579838,43.0612,-70.0534,20230928,DFO AZMP
10463,92177091,43.4449,-68.4157,20230928,DFO AZMP
10464,92250389,43.3702,-68.9252,20230928,DFO AZMP
10465,95778235,43.1885,-69.9455,20230928,DFO AZMP
10466,00672700,42.6291,-67.7512,20230929,DFO AZMP
10467,03934337,42.3804,-66.3938,20230929,DFO AZMP
10468,04447107,42.7932,-68.7756,20230929,DFO AZMP
10469,06984179,42.3813,-66.3997,20230929,DFO AZMP
10470,09883381,42.7813,-68.6008,20230929,DFO AZMP
10471,12990648,42.3374,-66.3022,20230929,DFO AZMP
10472,19257387,42.1686,-65.5877,20230929,DFO AZMP
10473,19394123,41.325,-70.566,20230929,Martha's Vineyard Coastal Observatory
10474,19829246,42.6294,-67.7523,20230929,DFO AZMP
10475,20015696,42.4516,-66.8536,20230929,DFO AZMP
10476,21299748,42.375,-66.3815,20230929,DFO AZMP
10477,22903435,42.4513,-66.862,20230929,DFO AZMP
10478,22957452,42.1922,-65.6509,20230929,DFO AZMP
10479,23584821,42.6165,-67.7119,20230929,DFO AZMP
10480,25844849,42.6459,-67.851,20230929,DFO AZMP
10481,26108843,42.6602,-67.9546,20230929,DFO AZMP
10482,26164130,42.6301,-67.7535,20230929,DFO AZMP
10483,31870991,42.2747,-65.989,20230929,DFO AZMP
10484,31877021,42.7806,-68.6874,20230929,DFO AZMP
10485,32889207,42.5608,-67.3447,20230929,DFO AZMP
10486,36878657,42.4516,-66.8592,20230929,DFO AZMP
10487,39610463,42.5531,-67.3041,20230929,DFO AZMP
10488,40704494,42.7879,-68.654,20230929,DFO AZMP
10489,41858449,42.6966,-68.1736,20230929,DFO AZMP
10490,44066145,42.4965,-67.073,20230929,DFO AZMP
10491,44347765,42.2522,-65.8929,20230929,DFO AZMP
10492,45875999,42.4684,-66.8945,20230929,DFO AZMP
10493,46815466,42.6761,-68.0549,20230929,DFO AZMP
10494,49407571,42.3869,-66.4639,20230929,DFO AZMP
10495,54361409,42.5928,-67.5235,20230929,DFO AZMP
10496,54906773,42.4522,-66.8435,20230929,DFO AZMP
10497,55952367,42.7432,-68.408,20230929,DFO AZMP
10498,59371663,42.4235,-66.7027,20230929,DFO AZMP
10499,62336714,42.7022,-68.2051,20230929,DFO AZMP
10500,63049747,42.437,-66.7921,20230929,DFO AZMP
10501,64029757,42.7024,-68.2052,20230929,DFO AZMP
10502,64841448,42.4095,-66.6076,20230929,DFO AZMP
10503,65855463,42.3169,-66.2,20230929,DFO AZMP
10504,67064534,42.3779,-66.401,20230929,DFO AZMP
10505,67157425,42.134,-65.5332,20230929,DFO AZMP
10506,72853494,42.2099,-65.7219,20230929,DFO AZMP
10507,74755697,42.5541,-67.3046,20230929,DFO AZMP
10508,77302238,42.4835,-66.9828,20230929,DFO AZMP
10509,83362736,42.7065,-68.2179,20230929,DFO AZMP
10510,83896126,42.7618,-68.5063,20230929,DFO AZMP
10511,84214027,42.7882,-68.6537,20230929,DFO AZMP
10512,84691237,44.44,-68.205,20230929,Mount Desert Island Biological Laboratory
10513,86574461,42.576,-67.4329,20230929,DFO AZMP
10514,89270259,42.4517,-66.8482,20230929,DFO AZMP
10515,89316028,42.5465,-67.248,20230929,DFO AZMP
10516,90061084,42.559,-67.3064,20230929,DFO AZMP
10517,90930741,42.5233,-67.1579,20230929,DFO AZMP
10518,92214741,42.4517,-66.8454,20230929,DFO AZMP
10519,93546910,42.1695,-65.5845,20230929,DFO AZMP
10520,93877507,42.1342,-65.5402,20230929,DFO AZMP
10521,94221093,42.6088,-67.6162,20230929,DFO AZMP
10522,95813289,42.3826,-66.3896,20230929,DFO AZMP
10523,96945852,42.2955,-66.0938,20230929,DFO AZMP
10524,98007178,42.2293,-65.8006,20230929,DFO AZMP
10525,99219422,42.725,-68.3106,20230929,DFO AZMP
10526,00396622,42.1279,-65.4799,20230930,DFO AZMP
10527,01622649,42.1336,-65.5093,20230930,DFO AZMP
10528,03775017,42.2161,-65.6149,20230930,DFO AZMP
10529,08277122,42.1227,-65.5181,20230930,DFO AZMP
10530,09154686,42.1996,-65.6015,20230930,DFO AZMP
10531,12813958,42.1503,-65.5204,20230930,DFO AZMP
10532,13721546,42.6761,-64.9781,20230930,DFO AZMP
10533,17393976,42.21,-65.6135,20230930,DFO AZMP
10534,19394123,41.325,-70.566,20230930,Martha's Vineyard Coastal Observatory
10535,19562415,42.164,-65.5364,20230930,DFO AZMP
10536,19564731,42.422,-65.2288,20230930,DFO AZMP
10537,20304010,43.2321,-64.4257,20230930,DFO AZMP
10538,26133222,43.4599,-64.1998,20230930,DFO AZMP
10539,27224272,42.5091,-65.1421,20230930,DFO AZMP
10540,27380967,43.122,-64.5365,20230930,DFO AZMP
10541,27948248,43.4032,-64.257,20230930,DFO AZMP
10542,29151446,42.1928,-65.6139,20230930,DFO AZMP
10543,32978555,42.1847,-65.5679,20230930,DFO AZMP
10544,33650808,42.1328,-65.5143,20230930,DFO AZMP
10545,35635636,42.1445,-65.5192,20230930,DFO AZMP
10546,36457515,42.8336,-64.8236,20230930,DFO AZMP
10547,37723947,42.257,-65.3892,20230930,DFO AZMP
10548,38351610,42.1932,-65.597,20230930,DFO AZMP
10549,41043558,42.1665,-65.5576,20230930,DFO AZMP
10550,42344873,42.9473,-64.7092,20230930,DFO AZMP
10551,43597767,42.366,-65.2818,20230930,DFO AZMP
10552,44444074,42.2425,-65.6396,20230930,DFO AZMP
10553,44512163,42.1525,-65.5522,20230930,DFO AZMP
10554,45258205,42.1238,-65.5156,20230930,DFO AZMP
10555,45971687,43.0054,-64.6521,20230930,DFO AZMP
10556,46266591,42.1651,-65.5655,20230930,DFO AZMP
10557,46657002,43.1766,-64.4819,20230930,DFO AZMP
10558,48063529,42.202,-65.5898,20230930,DFO AZMP
10559,53438273,42.6198,-65.0334,20230930,DFO AZMP
10560,55805407,42.137,-65.519,20230930,DFO AZMP
10561,56341107,42.2141,-65.6051,20230930,DFO AZMP
10562,63084121,42.1922,-65.6025,20230930,DFO AZMP
10563,64349446,42.1768,-65.5652,20230930,DFO AZMP
10564,70536130,43.3466,-64.3132,20230930,DFO AZMP
10565,71497819,42.1565,-65.5331,20230930,DFO AZMP
10566,72071737,42.1446,-65.501,20230930,DFO AZMP
10567,72176718,42.3114,-65.3353,20230930,DFO AZMP
10568,72885900,42.1804,-65.5543,20230930,DFO AZMP
10569,72890685,42.5635,-65.0879,20230930,DFO AZMP
10570,74780349,42.1472,-65.4887,20230930,DFO AZMP
10571,76626407,43.2888,-64.3709,20230930,DFO AZMP
10572,76796103,42.2383,-65.6519,20230930,DFO AZMP
10573,83621229,42.1998,-65.4443,20230930,DFO AZMP
10574,84106355,42.8906,-64.7655,20230930,DFO AZMP
10575,84306302,42.7793,-64.877,20230930,DFO AZMP
10576,84385049,42.151,-65.5405,20230930,DFO AZMP
10577,84691237,44.44,-68.205,20230930,Mount Desert Island Biological Laboratory
10578,86332651,42.1878,-65.6024,20230930,DFO AZMP
10579,86576372,42.2398,-65.6344,20230930,DFO AZMP
10580,87024933,42.2338,-65.6407,20230930,DFO AZMP
10581,87766049,42.2018,-65.6188,20230930,DFO AZMP
10582,89544407,42.7278,-64.9275,20230930,DFO AZMP
10583,92950626,42.1976,-65.5908,20230930,DFO AZMP
10584,94359810,42.1574,-65.5622,20230930,DFO AZMP
10585,98300413,42.1591,-65.5554,20230930,DFO AZMP
10586,99158695,43.0642,-64.5936,20230930,DFO AZMP
10587,03068933,44.2718,-63.3012,20231001,DFO AZMP
10588,06051478,43.5696,-64.0903,20231001,DFO AZMP
10589,11657428,43.8499,-63.8492,20231001,DFO AZMP
10590,13179861,43.971,-63.7413,20231001,DFO AZMP
10591,17261282,44.206,-63.3968,20231001,DFO AZMP
10592,19394123,41.325,-70.566,20231001,Martha's Vineyard Coastal Observatory
10593,29564027,43.5155,-64.1443,20231001,DFO AZMP
10594,30422807,44.3232,-63.3446,20231001,DFO AZMP
10595,39422908,44.3755,-63.3874,20231001,DFO AZMP
10596,43563952,44.1275,-63.5432,20231001,DFO AZMP
10597,43820535,43.6223,-64.0377,20231001,DFO AZMP
10598,44984421,44.2349,-63.3418,20231001,DFO AZMP
10599,48013696,44.078,-63.617,20231001,DFO AZMP
10600,53941164,44.2675,-63.3038,20231001,DFO AZMP
10601,57900190,44.2617,-63.3073,20231001,DFO AZMP
10602,59434886,44.2674,-63.3038,20231001,DFO AZMP
10603,61276361,44.1868,-63.446,20231001,DFO AZMP
10604,61448437,43.792,-63.9,20231001,DFO AZMP
10605,61741861,44.0294,-63.6876,20231001,DFO AZMP
10606,62820373,43.6783,-63.9944,20231001,DFO AZMP
10607,73004452,44.2676,-63.3038,20231001,DFO AZMP
10608,76353230,44.2334,-63.3665,20231001,DFO AZMP
10609,80215549,44.2297,-63.3683,20231001,DFO AZMP
10610,81697529,44.2224,-63.3763,20231001,DFO AZMP
10611,84691237,44.44,-68.205,20231001,Mount Desert Island Biological Laboratory
10612,87837340,43.7356,-63.9484,20231001,DFO AZMP
10613,88325929,44.2361,-63.3453,20231001,DFO AZMP
10614,88821337,44.2561,-63.315,20231001,DFO AZMP
10615,96054004,43.9109,-63.7952,20231001,DFO AZMP
10616,02467915,44.4198,-62.8085,20231002,DFO AZMP
10617,19394123,41.325,-70.566,20231002,Martha's Vineyard Coastal Observatory
10618,26654711,44.4116,-62.913,20231002,DFO AZMP
10619,62786945,44.3997,-63.12,20231002,DFO AZMP
10620,84691237,44.44,-68.205,20231002,Mount Desert Island Biological Laboratory
10621,86144490,44.4055,-63.0173,20231002,DFO AZMP
10622,90720656,44.3941,-63.2204,20231002,DFO AZMP
10623,19394123,41.325,-70.566,20231003,Martha's Vineyard Coastal Observatory
10624,62950397,43.781,-69.975,20231003,Bowdoin College (SCSC)
10625,84691237,44.44,-68.205,20231003,Mount Desert Island Biological Laboratory
10626,19394123,41.325,-70.566,20231004,Martha's Vineyard Coastal Observatory
10627,62950397,43.781,-69.975,20231004,Bowdoin College (SCSC)
10628,84691237,44.44,-68.205,20231004,Mount Desert Island Biological Laboratory
10629,19394123,41.325,-70.566,20231005,Martha's Vineyard Coastal Observatory
10630,62950397,43.781,-69.975,20231005,Bowdoin College (SCSC)
10631,84691237,44.44,-68.205,20231005,Mount Desert Island Biological Laboratory
10632,19394123,41.325,-70.566,20231006,Martha's Vineyard Coastal Observatory
10633,62950397,43.781,-69.975,20231006,Bowdoin College (SCSC)
10634,19394123,41.325,-70.566,20231013,Martha's Vineyard Coastal Observatory
10635,62950397,43.781,-69.975,20231013,Bowdoin College (SCSC)
10636,84691237,44.44,-68.205,20231013,Mount Desert Island Biological Laboratory
10637,19394123,41.325,-70.566,20231014,Martha's Vineyard Coastal Observatory
10638,62950397,43.781,-69.975,20231014,Bowdoin College (SCSC)
10639,19394123,41.325,-70.566,20231015,Martha's Vineyard Coastal Observatory
10640,62950397,43.781,-69.975,20231015,Bowdoin College (SCSC)
10641,19394123,41.325,-70.566,20231016,Martha's Vineyard Coastal Observatory
10642,62950397,43.781,-69.975,20231016,Bowdoin College (SCSC)
10643,84691237,44.44,-68.205,20231016,Mount Desert Island Biological Laboratory
10644,19394123,41.325,-70.566,20231017,Martha's Vineyard Coastal Observatory
10645,62950397,43.781,-69.975,20231017,Bowdoin College (SCSC)
10646,19394123,41.325,-70.566,20231018,Martha's Vineyard Coastal Observatory
10647,62950397,43.781,-69.975,20231018,Bowdoin College (SCSC)
10648,84691237,44.44,-68.205,20231018,Mount Desert Island Biological Laboratory
10649,19394123,41.325,-70.566,20231019,Martha's Vineyard Coastal Observatory
10650,62950397,43.781,-69.975,20231019,Bowdoin College (SCSC)
10651,19394123,41.325,-70.566,20231020,Martha's Vineyard Coastal Observatory
10652,62950397,43.781,-69.975,20231020,Bowdoin College (SCSC)
10653,19394123,41.325,-70.566,20231021,Martha's Vineyard Coastal Observatory
10654,62950397,43.781,-69.975,20231021,Bowdoin College (SCSC)
10655,19394123,41.325,-70.566,20231022,Martha's Vineyard Coastal Observatory
10656,62950397,43.781,-69.975,20231022,Bowdoin College (SCSC)
10657,19394123,41.325,-70.566,20231023,Martha's Vineyard Coastal Observatory
10658,62950397,43.781,-69.975,20231023,Bowdoin College (SCSC)
10659,19394123,41.325,-70.566,20231024,Martha's Vineyard Coastal Observatory
10660,62950397,43.781,-69.975,20231024,Bowdoin College (SCSC)
10661,19394123,41.325,-70.566,20231025,Martha's Vineyard Coastal Observatory
10662,62950397,43.781,-69.975,20231025,Bowdoin College (SCSC)
10663,84691237,44.44,-68.205,20231025,Mount Desert Island Biological Laboratory
10664,19394123,41.325,-70.566,20231026,Martha's Vineyard Coastal Observatory
10665,62950397,43.781,-69.975,20231026,Bowdoin College (SCSC)
10666,19394123,41.325,-70.566,20231027,Martha's Vineyard Coastal Observatory
10667,62950397,43.781,-69.975,20231027,Bowdoin College (SCSC)
10668,84691237,44.44,-68.205,20231027,Mount Desert Island Biological Laboratory
10669,19394123,41.325,-70.566,20231028,Martha's Vineyard Coastal Observatory
10670,62950397,43.781,-69.975,20231028,Bowdoin College (SCSC)
10671,19394123,41.325,-70.566,20231029,Martha's Vineyard Coastal Observatory
10672,62950397,43.781,-69.975,20231029,Bowdoin College (SCSC)
10673,19394123,41.325,-70.566,20231030,Martha's Vineyard Coastal Observatory
10674,62950397,43.781,-69.975,20231030,Bowdoin College (SCSC)
10675,19394123,41.325,-70.566,20231031,Martha's Vineyard Coastal Observatory
10676,62950397,43.781,-69.975,20231031,Bowdoin College (SCSC)
10677,84691237,44.44,-68.205,20231031,Mount Desert Island Biological Laboratory
10678,19394123,41.325,-70.566,20231101,Martha's Vineyard Coastal Observatory
10679,62950397,43.781,-69.975,20231101,Bowdoin College (SCSC)
10680,19394123,41.325,-70.566,20231102,Martha's Vineyard Coastal Observatory
10681,62950397,43.781,-69.975,20231102,Bowdoin College (SCSC)
10682,84691237,44.44,-68.205,20231102,Mount Desert Island Biological Laboratory
10683,19394123,41.325,-70.566,20231103,Martha's Vineyard Coastal Observatory
10684,62950397,43.781,-69.975,20231103,Bowdoin College (SCSC)
10685,19394123,41.325,-70.566,20231104,Martha's Vineyard Coastal Observatory
10686,62950397,43.781,-69.975,20231104,Bowdoin College (SCSC)
10687,19394123,41.325,-70.566,20231105,Martha's Vineyard Coastal Observatory
10688,62950397,43.781,-69.975,20231105,Bowdoin College (SCSC)
10689,19394123,41.325,-70.566,20231106,Martha's Vineyard Coastal Observatory
10690,62950397,43.781,-69.975,20231106,Bowdoin College (SCSC)
10691,19394123,41.325,-70.566,20231107,Martha's Vineyard Coastal Observatory
10692,62950397,43.781,-69.975,20231107,Bowdoin College (SCSC)
10693,19394123,41.325,-70.566,20231108,Martha's Vineyard Coastal Observatory
10694,62950397,43.781,-69.975,20231108,Bowdoin College (SCSC)
10695,19394123,41.325,-70.566,20231109,Martha's Vineyard Coastal Observatory
10696,19394123,41.325,-70.566,20231110,Martha's Vineyard Coastal Observatory
10697,19394123,41.325,-70.566,20231111,Martha's Vineyard Coastal Observatory
10698,19394123,41.325,-70.566,20231115,Martha's Vineyard Coastal Observatory
10699,19394123,41.325,-70.566,20240125,Martha's Vineyard Coastal Observatory
10700,62950397,43.781,-69.975,20240125,Bowdoin College (SCSC)
10701,19394123,41.325,-70.566,20240202,Martha's Vineyard Coastal Observatory
10702,62950397,43.781,-69.975,20240202,Bowdoin College (SCSC)
10703,19394123,41.325,-70.566,20240203,Martha's Vineyard Coastal Observatory
10704,62950397,43.781,-69.975,20240203,Bowdoin College (SCSC)
10705,19394123,41.325,-70.566,20240204,Martha's Vineyard Coastal Observatory
10706,62950397,43.781,-69.975,20240204,Bowdoin College (SCSC)
10707,19394123,41.325,-70.566,20240205,Martha's Vineyard Coastal Observatory
10708,62950397,43.781,-69.975,20240205,Bowdoin College (SCSC)
10709,19394123,41.325,-70.566,20240206,Martha's Vineyard Coastal Observatory
10710,62950397,43.781,-69.975,20240206,Bowdoin College (SCSC)
10711,19394123,41.325,-70.566,20240207,Martha's Vineyard Coastal Observatory
10712,62950397,43.781,-69.975,20240207,Bowdoin College (SCSC)
10713,19394123,41.325,-70.566,20240211,Martha's Vineyard Coastal Observatory
10714,19394123,41.325,-70.566,20240212,Martha's Vineyard Coastal Observatory
10715,19394123,41.325,-70.566,20240213,Martha's Vineyard Coastal Observatory
10716,19394123,41.325,-70.566,20240214,Martha's Vineyard Coastal Observatory
10717,19394123,41.325,-70.566,20240215,Martha's Vineyard Coastal Observatory
10718,62950397,43.781,-69.975,20240215,Bowdoin College (SCSC)
10719,19394123,41.325,-70.566,20240216,Martha's Vineyard Coastal Observatory
10720,19394123,41.325,-70.566,20240217,Martha's Vineyard Coastal Observatory
10721,19394123,41.325,-70.566,20240218,Martha's Vineyard Coastal Observatory
10722,19394123,41.325,-70.566,20240219,Martha's Vineyard Coastal Observatory
10723,19394123,41.325,-70.566,20240220,Martha's Vineyard Coastal Observatory
10724,19394123,41.325,-70.566,20240221,Martha's Vineyard Coastal Observatory
10725,62950397,43.781,-69.975,20240221,Bowdoin College (SCSC)
10726,19394123,41.325,-70.566,20240222,Martha's Vineyard Coastal Observatory
10727,62950397,43.781,-69.975,20240222,Bowdoin College (SCSC)
10728,19394123,41.325,-70.566,20240224,Martha's Vineyard Coastal Observatory
10729,62950397,43.781,-69.975,20240224,Bowdoin College (SCSC)
10730,62950397,43.781,-69.975,20240320,Bowdoin College (SCSC)
10731,62950397,43.781,-69.975,20240321,Bowdoin College (SCSC)
10732,62950397,43.781,-69.975,20240322,Bowdoin College (SCSC)
10733,62950397,43.781,-69.975,20240327,Bowdoin College (SCSC)
10734,62950397,43.781,-69.975,20240328,Bowdoin College (SCSC)
10735,19394123,41.325,-70.566,20240329,Martha's Vineyard Coastal Observatory
10736,62950397,43.781,-69.975,20240403,Bowdoin College (SCSC)
10737,62950397,43.781,-69.975,20240404,Bowdoin College (SCSC)
10738,62950397,43.781,-69.975,20240405,Bowdoin College (SCSC)
10739,62950397,43.781,-69.975,20240406,Bowdoin College (SCSC)
10740,62950397,43.781,-69.975,20240408,Bowdoin College (SCSC)
10741,62950397,43.781,-69.975,20240409,Bowdoin College (SCSC)
10742,62950397,43.781,-69.975,20240410,Bowdoin College (SCSC)
10743,62950397,43.781,-69.975,20240411,Bowdoin College (SCSC)
10744,62950397,43.781,-69.975,20240412,Bowdoin College (SCSC)
10745,62950397,43.781,-69.975,20240415,Bowdoin College (SCSC)
10746,62950397,43.781,-69.975,20240416,Bowdoin College (SCSC)
10747,62950397,43.781,-69.975,20240417,Bowdoin College (SCSC)
10748,62950397,43.781,-69.975,20240418,Bowdoin College (SCSC)
10749,62950397,43.781,-69.975,20240419,Bowdoin College (SCSC)
10750,62950397,43.781,-69.975,20240420,Bowdoin College (SCSC)
10751,19394123,41.325,-70.566,20240422,Martha's Vineyard Coastal Observatory
10752,62950397,43.781,-69.975,20240422,Bowdoin College (SCSC)
10753,19394123,41.325,-70.566,20240423,Martha's Vineyard Coastal Observatory
10754,62950397,43.781,-69.975,20240423,Bowdoin College (SCSC)
10755,19394123,41.325,-70.566,20240424,Martha's Vineyard Coastal Observatory
10756,19394123,41.325,-70.566,20240425,Martha's Vineyard Coastal Observatory
10757,19394123,41.325,-70.566,20240426,Martha's Vineyard Coastal Observatory
10758,19394123,41.325,-70.566,20240427,Martha's Vineyard Coastal Observatory
10759,19394123,41.325,-70.566,20240428,Martha's Vineyard Coastal Observatory
10760,19394123,41.325,-70.566,20240429,Martha's Vineyard Coastal Observatory
10761,19394123,41.325,-70.566,20240430,Martha's Vineyard Coastal Observatory
10762,19394123,41.325,-70.566,20240501,Martha's Vineyard Coastal Observatory
10763,19394123,41.325,-70.566,20240502,Martha's Vineyard Coastal Observatory
10764,19394123,41.325,-70.566,20240503,Martha's Vineyard Coastal Observatory
10765,19394123,41.325,-70.566,20240504,Martha's Vineyard Coastal Observatory
10766,19394123,41.325,-70.566,20240505,Martha's Vineyard Coastal Observatory
10767,19394123,41.325,-70.566,20240506,Martha's Vineyard Coastal Observatory
10768,62950397,43.781,-69.975,20240506,Bowdoin College (SCSC)
10769,19394123,41.325,-70.566,20240507,Martha's Vineyard Coastal Observatory
10770,62950397,43.781,-69.975,20240507,Bowdoin College (SCSC)
10771,19394123,41.325,-70.566,20240508,Martha's Vineyard Coastal Observatory
10772,62950397,43.781,-69.975,20240508,Bowdoin College (SCSC)
10773,19394123,41.325,-70.566,20240509,Martha's Vineyard Coastal Observatory
10774,62950397,43.781,-69.975,20240509,Bowdoin College (SCSC)
10775,19394123,41.325,-70.566,20240510,Martha's Vineyard Coastal Observatory
10776,62950397,43.781,-69.975,20240510,Bowdoin College (SCSC)
10777,19394123,41.325,-70.566,20240511,Martha's Vineyard Coastal Observatory
10778,62950397,43.781,-69.975,20240511,Bowdoin College (SCSC)
10779,19394123,41.325,-70.566,20240512,Martha's Vineyard Coastal Observatory
10780,62950397,43.781,-69.975,20240512,Bowdoin College (SCSC)
10781,19394123,41.325,-70.566,20240513,Martha's Vineyard Coastal Observatory
10782,62950397,43.781,-69.975,20240513,Bowdoin College (SCSC)
10783,19394123,41.325,-70.566,20240514,Martha's Vineyard Coastal Observatory
10784,62950397,43.781,-69.975,20240514,Bowdoin College (SCSC)
10785,19394123,41.325,-70.566,20240515,Martha's Vineyard Coastal Observatory
10786,62950397,43.781,-69.975,20240515,Bowdoin College (SCSC)
10787,19394123,41.325,-70.566,20240516,Martha's Vineyard Coastal Observatory
10788,62950397,43.781,-69.975,20240516,Bowdoin College (SCSC)
10789,19394123,41.325,-70.566,20240517,Martha's Vineyard Coastal Observatory
10790,62950397,43.781,-69.975,20240517,Bowdoin College (SCSC)
10791,19394123,41.325,-70.566,20240518,Martha's Vineyard Coastal Observatory
10792,62950397,43.781,-69.975,20240518,Bowdoin College (SCSC)
10793,19394123,41.325,-70.566,20240519,Martha's Vineyard Coastal Observatory
10794,62950397,43.781,-69.975,20240519,Bowdoin College (SCSC)
10795,19394123,41.325,-70.566,20240520,Martha's Vineyard Coastal Observatory
10796,62950397,43.781,-69.975,20240520,Bowdoin College (SCSC)
10797,19394123,41.325,-70.566,20240521,Martha's Vineyard Coastal Observatory
10798,62950397,43.781,-69.975,20240521,Bowdoin College (SCSC)
10799,19394123,41.325,-70.566,20240522,Martha's Vineyard Coastal Observatory
10800,62950397,43.781,-69.975,20240522,Bowdoin College (SCSC)
10801,19394123,41.325,-70.566,20240523,Martha's Vineyard Coastal Observatory
10802,19394123,41.325,-70.566,20240524,Martha's Vineyard Coastal Observatory
10803,62950397,43.781,-69.975,20240524,Bowdoin College (SCSC)
10804,19394123,41.325,-70.566,20240525,Martha's Vineyard Coastal Observatory
10805,62950397,43.781,-69.975,20240525,Bowdoin College (SCSC)
10806,19394123,41.325,-70.566,20240526,Martha's Vineyard Coastal Observatory
10807,62950397,43.781,-69.975,20240526,Bowdoin College (SCSC)
10808,19394123,41.325,-70.566,20240527,Martha's Vineyard Coastal Observatory
10809,62950397,43.781,-69.975,20240527,Bowdoin College (SCSC)
10810,19394123,41.325,-70.566,20240528,Martha's Vineyard Coastal Observatory
10811,62950397,43.781,-69.975,20240528,Bowdoin College (SCSC)
10812,19394123,41.325,-70.566,20240529,Martha's Vineyard Coastal Observatory
10813,62950397,43.781,-69.975,20240529,Bowdoin College (SCSC)
10814,19394123,41.325,-70.566,20240530,Martha's Vineyard Coastal Observatory
10815,62950397,43.781,-69.975,20240530,Bowdoin College (SCSC)
10816,19394123,41.325,-70.566,20240531,Martha's Vineyard Coastal Observatory
10817,62950397,43.781,-69.975,20240531,Bowdoin College (SCSC)
10818,19394123,41.325,-70.566,20240601,Martha's Vineyard Coastal Observatory
10819,62950397,43.781,-69.975,20240601,Bowdoin College (SCSC)
10820,19394123,41.325,-70.566,20240603,Martha's Vineyard Coastal Observatory
10821,62950397,43.781,-69.975,20240603,Bowdoin College (SCSC)
10822,19394123,41.325,-70.566,20240604,Martha's Vineyard Coastal Observatory
10823,62950397,43.781,-69.975,20240604,Bowdoin College (SCSC)
10824,19394123,41.325,-70.566,20240605,Martha's Vineyard Coastal Observatory
10825,62950397,43.781,-69.975,20240605,Bowdoin College (SCSC)
10826,19394123,41.325,-70.566,20240606,Martha's Vineyard Coastal Observatory
10827,62950397,43.781,-69.975,20240606,Bowdoin College (SCSC)
10828,19394123,41.325,-70.566,20240607,Martha's Vineyard Coastal Observatory
10829,62950397,43.781,-69.975,20240607,Bowdoin College (SCSC)
10830,19394123,41.325,-70.566,20240608,Martha's Vineyard Coastal Observatory
10831,62950397,43.781,-69.975,20240608,Bowdoin College (SCSC)
10832,19394123,41.325,-70.566,20240609,Martha's Vineyard Coastal Observatory
10833,62950397,43.781,-69.975,20240609,Bowdoin College (SCSC)
10834,19394123,41.325,-70.566,20240610,Martha's Vineyard Coastal Observatory
10835,62950397,43.781,-69.975,20240610,Bowdoin College (SCSC)
10836,19394123,41.325,-70.566,20240611,Martha's Vineyard Coastal Observatory
10837,62950397,43.781,-69.975,20240611,Bowdoin College (SCSC)
10838,19394123,41.325,-70.566,20240612,Martha's Vineyard Coastal Observatory
10839,62950397,43.781,-69.975,20240612,Bowdoin College (SCSC)
10840,19394123,41.325,-70.566,20240613,Martha's Vineyard Coastal Observatory
10841,62950397,43.781,-69.975,20240613,Bowdoin College (SCSC)
10842,19394123,41.325,-70.566,20240614,Martha's Vineyard Coastal Observatory
10843,62950397,43.781,-69.975,20240614,Bowdoin College (SCSC)
10844,62950397,43.781,-69.975,20240615,Bowdoin College (SCSC)
10845,62950397,43.781,-69.975,20240616,Bowdoin College (SCSC)
10846,62950397,43.781,-69.975,20240617,Bowdoin College (SCSC)
10847,62950397,43.781,-69.975,20240618,Bowdoin College (SCSC)
10848,62950397,43.781,-69.975,20240619,Bowdoin College (SCSC)
10849,62950397,43.781,-69.975,20240620,Bowdoin College (SCSC)
10850,62950397,43.781,-69.975,20240621,Bowdoin College (SCSC)
10851,62950397,43.781,-69.975,20240622,Bowdoin College (SCSC)
10852,62950397,43.781,-69.975,20240624,Bowdoin College (SCSC)
10853,02235527,42.9771,-70.3955,20240625,Jeffreys Basin
10854,07817076,42.9752,-70.3949,20240625,Jeffreys Basin
10855,08851090,42.9758,-70.3952,20240625,Jeffreys Basin
10856,15965177,42.9752,-70.3939,20240625,Jeffreys Basin
10857,25711521,42.9758,-70.395,20240625,Jeffreys Basin
10858,30759507,42.9759,-70.3955,20240625,Jeffreys Basin
10859,48228309,42.9755,-70.3952,20240625,Jeffreys Basin
10860,48243901,42.9758,-70.3948,20240625,Jeffreys Basin
10861,51190175,42.977,-70.3945,20240625,Jeffreys Basin
10862,53250916,42.9754,-70.3944,20240625,Jeffreys Basin
10863,58492732,42.9768,-70.3941,20240625,Jeffreys Basin
10864,62950397,43.781,-69.975,20240625,Bowdoin College (SCSC)
10865,78039003,42.9759,-70.3948,20240625,Jeffreys Basin
10866,90124765,42.9759,-70.3949,20240625,Jeffreys Basin
10867,05296202,42.9768,-70.3946,20240626,Jeffreys Basin
10868,06281911,42.9761,-70.3946,20240626,Jeffreys Basin
10869,06540284,42.9766,-70.3945,20240626,Jeffreys Basin
10870,08851090,42.9758,-70.3952,20240626,Jeffreys Basin
10871,09328774,42.9768,-70.3942,20240626,Jeffreys Basin
10872,12953431,42.9763,-70.3954,20240626,Jeffreys Basin
10873,13338205,42.9761,-70.3955,20240626,Jeffreys Basin
10874,17343422,42.9759,-70.3951,20240626,Jeffreys Basin
10875,18427656,42.9764,-70.3947,20240626,Jeffreys Basin
10876,21189211,42.9769,-70.3954,20240626,Jeffreys Basin
10877,23799646,42.9768,-70.3955,20240626,Jeffreys Basin
10878,25845386,42.9757,-70.397,20240626,Jeffreys Basin
10879,27451583,42.976,-70.3954,20240626,Jeffreys Basin
10880,29259007,42.976,-70.3948,20240626,Jeffreys Basin
10881,32327139,42.9762,-70.3949,20240626,Jeffreys Basin
10882,32516498,42.9771,-70.3959,20240626,Jeffreys Basin
10883,34202552,42.9766,-70.3942,20240626,Jeffreys Basin
10884,36931907,42.9759,-70.3944,20240626,Jeffreys Basin
10885,38530536,42.9759,-70.3953,20240626,Jeffreys Basin
10886,41509612,42.9764,-70.395,20240626,Jeffreys Basin
10887,41526484,42.9765,-70.3946,20240626,Jeffreys Basin
10888,41700295,42.9768,-70.3953,20240626,Jeffreys Basin
10889,43374231,42.9769,-70.3947,20240626,Jeffreys Basin
10890,44084231,42.9762,-70.3952,20240626,Jeffreys Basin
10891,46053041,42.9767,-70.3945,20240626,Jeffreys Basin
10892,49184533,42.9762,-70.395,20240626,Jeffreys Basin
10893,49920893,42.9765,-70.3951,20240626,Jeffreys Basin
10894,50608900,42.9764,-70.3943,20240626,Jeffreys Basin
10895,54063094,42.9761,-70.3954,20240626,Jeffreys Basin
10896,54595533,42.9757,-70.3955,20240626,Jeffreys Basin
10897,55262846,42.9771,-70.3949,20240626,Jeffreys Basin
10898,57750264,42.9757,-70.3957,20240626,Jeffreys Basin
10899,58142284,42.9768,-70.3945,20240626,Jeffreys Basin
10900,58586805,42.977,-70.3953,20240626,Jeffreys Basin
10901,62950397,43.781,-69.975,20240626,Bowdoin College (SCSC)
10902,63260681,42.9762,-70.3955,20240626,Jeffreys Basin
10903,69174327,42.9762,-70.3953,20240626,Jeffreys Basin
10904,74333451,42.9763,-70.3946,20240626,Jeffreys Basin
10905,75504208,42.9758,-70.3953,20240626,Jeffreys Basin
10906,79201398,42.9759,-70.3936,20240626,Jeffreys Basin
10907,79847744,42.9767,-70.3941,20240626,Jeffreys Basin
10908,81149198,42.9758,-70.3962,20240626,Jeffreys Basin
10909,86586180,42.977,-70.3948,20240626,Jeffreys Basin
10910,87002739,42.9757,-70.3964,20240626,Jeffreys Basin
10911,89813605,42.9771,-70.3956,20240626,Jeffreys Basin
10912,90213756,42.9769,-70.3949,20240626,Jeffreys Basin
10913,91973409,42.9766,-70.3953,20240626,Jeffreys Basin
10914,94708815,42.9763,-70.395,20240626,Jeffreys Basin
10915,95332693,42.9761,-70.3953,20240626,Jeffreys Basin
10916,96033174,42.9759,-70.3954,20240626,Jeffreys Basin
10917,97302821,42.9761,-70.3966,20240626,Jeffreys Basin
10918,98787763,42.9771,-70.3945,20240626,Jeffreys Basin
10919,98884687,42.9761,-70.3951,20240626,Jeffreys Basin
10920,99764033,42.9764,-70.394,20240626,Jeffreys Basin
10921,01750756,42.9761,-70.3935,20240627,Jeffreys Basin
10922,04301113,42.9763,-70.3949,20240627,Jeffreys Basin
10923,04470813,42.9755,-70.3938,20240627,Jeffreys Basin
10924,08029232,42.9758,-70.3954,20240627,Jeffreys Basin
10925,08912830,42.9758,-70.3957,20240627,Jeffreys Basin
10926,09579123,42.9753,-70.3942,20240627,Jeffreys Basin
10927,12953431,42.9763,-70.3954,20240627,Jeffreys Basin
10928,14761700,42.9751,-70.3951,20240627,Jeffreys Basin
10929,15678197,42.976,-70.3952,20240627,Jeffreys Basin
10930,17662199,42.9767,-70.3958,20240627,Jeffreys Basin
10931,19644421,42.977,-70.3951,20240627,Jeffreys Basin
10932,21774071,42.9766,-70.3952,20240627,Jeffreys Basin
10933,24510548,42.9761,-70.3958,20240627,Jeffreys Basin
10934,25237007,42.976,-70.3942,20240627,Jeffreys Basin
10935,30623295,42.9769,-70.3959,20240627,Jeffreys Basin
10936,32402102,42.9756,-70.3957,20240627,Jeffreys Basin
10937,34202552,42.9766,-70.3942,20240627,Jeffreys Basin
10938,37587288,42.977,-70.3955,20240627,Jeffreys Basin
10939,38086803,42.9751,-70.395,20240627,Jeffreys Basin
10940,38530536,42.9759,-70.3953,20240627,Jeffreys Basin
10941,40522863,42.975,-70.3949,20240627,Jeffreys Basin
10942,40834044,42.9768,-70.395,20240627,Jeffreys Basin
10943,42551264,42.9751,-70.3947,20240627,Jeffreys Basin
10944,42569424,42.9749,-70.3966,20240627,Jeffreys Basin
10945,42570496,42.9765,-70.395,20240627,Jeffreys Basin
10946,43323519,42.976,-70.3951,20240627,Jeffreys Basin
10947,43442915,42.9763,-70.3955,20240627,Jeffreys Basin
10948,45649320,42.9758,-70.3958,20240627,Jeffreys Basin
10949,46760966,42.9764,-70.3953,20240627,Jeffreys Basin
10950,47246043,42.976,-70.3953,20240627,Jeffreys Basin
10951,47297148,42.9752,-70.3944,20240627,Jeffreys Basin
10952,50392482,42.9769,-70.3942,20240627,Jeffreys Basin
10953,54595533,42.9757,-70.3955,20240627,Jeffreys Basin
10954,55171961,42.9762,-70.3946,20240627,Jeffreys Basin
10955,57371872,42.9749,-70.395,20240627,Jeffreys Basin
10956,62950397,43.781,-69.975,20240627,Bowdoin College (SCSC)
10957,63132966,42.9752,-70.3951,20240627,Jeffreys Basin
10958,64034399,42.9753,-70.3948,20240627,Jeffreys Basin
10959,64063060,42.9763,-70.3948,20240627,Jeffreys Basin
10960,65789034,42.9757,-70.3956,20240627,Jeffreys Basin
10961,69174327,42.9762,-70.3953,20240627,Jeffreys Basin
10962,71166755,42.9762,-70.3935,20240627,Jeffreys Basin
10963,74079785,42.9752,-70.3952,20240627,Jeffreys Basin
10964,75504208,42.9758,-70.3953,20240627,Jeffreys Basin
10965,83021220,42.9761,-70.3952,20240627,Jeffreys Basin
10966,84778790,42.9751,-70.3945,20240627,Jeffreys Basin
10967,85336082,42.9753,-70.395,20240627,Jeffreys Basin
10968,85988232,42.9749,-70.3944,20240627,Jeffreys Basin
10969,87785585,42.975,-70.3951,20240627,Jeffreys Basin
10970,89813605,42.9771,-70.3956,20240627,Jeffreys Basin
10971,91973409,42.9766,-70.3953,20240627,Jeffreys Basin
10972,98442534,42.9751,-70.3949,20240627,Jeffreys Basin
10973,00328113,42.9747,-70.3958,20240628,Jeffreys Basin
10974,03244567,42.9761,-70.3949,20240628,Jeffreys Basin
10975,05136878,42.9758,-70.3945,20240628,Jeffreys Basin
10976,06540284,42.9766,-70.3945,20240628,Jeffreys Basin
10977,06955914,42.9756,-70.3954,20240628,Jeffreys Basin
10978,11491028,42.9761,-70.3945,20240628,Jeffreys Basin
10979,11971477,42.9768,-70.3957,20240628,Jeffreys Basin
10980,12171397,42.9768,-70.3943,20240628,Jeffreys Basin
10981,13402684,42.9747,-70.3957,20240628,Jeffreys Basin
10982,16823501,42.9754,-70.3964,20240628,Jeffreys Basin
10983,17662199,42.9767,-70.3958,20240628,Jeffreys Basin
10984,18427656,42.9764,-70.3947,20240628,Jeffreys Basin
10985,18496388,42.9751,-70.3953,20240628,Jeffreys Basin
10986,19914148,42.976,-70.3947,20240628,Jeffreys Basin
10987,21893181,42.976,-70.394,20240628,Jeffreys Basin
10988,25884381,42.9749,-70.3949,20240628,Jeffreys Basin
10989,26415160,42.9754,-70.3954,20240628,Jeffreys Basin
10990,26564853,42.9755,-70.3954,20240628,Jeffreys Basin
10991,31776501,42.9748,-70.395,20240628,Jeffreys Basin
10992,32332366,42.9755,-70.3956,20240628,Jeffreys Basin
10993,32975262,42.9756,-70.3953,20240628,Jeffreys Basin
10994,37493128,42.9757,-70.3949,20240628,Jeffreys Basin
10995,38530536,42.9759,-70.3953,20240628,Jeffreys Basin
10996,40522863,42.975,-70.3949,20240628,Jeffreys Basin
10997,40849709,42.9765,-70.3942,20240628,Jeffreys Basin
10998,45245124,42.9754,-70.3955,20240628,Jeffreys Basin
10999,47792597,42.9757,-70.3946,20240628,Jeffreys Basin
11000,48243901,42.9758,-70.3948,20240628,Jeffreys Basin
11001,48668368,42.9759,-70.3945,20240628,Jeffreys Basin
11002,53191777,42.9752,-70.3953,20240628,Jeffreys Basin
11003,54382350,42.9753,-70.3951,20240628,Jeffreys Basin
11004,59309363,42.9754,-70.3943,20240628,Jeffreys Basin
11005,61174508,42.9768,-70.3947,20240628,Jeffreys Basin
11006,62083702,42.9761,-70.3956,20240628,Jeffreys Basin
11007,62806110,42.9751,-70.3948,20240628,Jeffreys Basin
11008,62950397,43.781,-69.975,20240628,Bowdoin College (SCSC)
11009,63767625,42.9762,-70.3962,20240628,Jeffreys Basin
11010,64206101,42.9757,-70.3935,20240628,Jeffreys Basin
11011,68257389,42.9745,-70.3947,20240628,Jeffreys Basin
11012,71235499,42.9759,-70.3956,20240628,Jeffreys Basin
11013,74079785,42.9752,-70.3952,20240628,Jeffreys Basin
11014,74332853,42.975,-70.3943,20240628,Jeffreys Basin
11015,74333451,42.9763,-70.3946,20240628,Jeffreys Basin
11016,78452224,42.9757,-70.3951,20240628,Jeffreys Basin
11017,79869269,42.976,-70.3959,20240628,Jeffreys Basin
11018,83479283,42.9755,-70.3951,20240628,Jeffreys Basin
11019,83637993,42.9762,-70.3947,20240628,Jeffreys Basin
11020,87144564,42.9753,-70.3955,20240628,Jeffreys Basin
11021,89576703,42.9769,-70.3944,20240628,Jeffreys Basin
11022,89788681,42.9766,-70.3941,20240628,Jeffreys Basin
11023,92267115,42.9766,-70.3955,20240628,Jeffreys Basin
11024,93890839,42.9768,-70.3952,20240628,Jeffreys Basin
11025,99145446,42.9747,-70.3954,20240628,Jeffreys Basin
11026,06281911,42.9761,-70.3946,20240629,Jeffreys Basin
11027,08647126,42.9767,-70.3937,20240629,Jeffreys Basin
11028,09328774,42.9768,-70.3942,20240629,Jeffreys Basin
11029,09663549,42.9758,-70.3949,20240629,Jeffreys Basin
11030,11918582,42.9767,-70.394,20240629,Jeffreys Basin
11031,12171397,42.9768,-70.3943,20240629,Jeffreys Basin
11032,15040738,42.9763,-70.3943,20240629,Jeffreys Basin
11033,19870443,42.9766,-70.3944,20240629,Jeffreys Basin
11034,19914148,42.976,-70.3947,20240629,Jeffreys Basin
11035,20446266,42.9765,-70.3939,20240629,Jeffreys Basin
11036,22217777,42.9768,-70.3937,20240629,Jeffreys Basin
11037,34202552,42.9766,-70.3942,20240629,Jeffreys Basin
11038,37493128,42.9757,-70.3949,20240629,Jeffreys Basin
11039,38145258,42.976,-70.3946,20240629,Jeffreys Basin
11040,38844462,42.9769,-70.3943,20240629,Jeffreys Basin
11041,41087188,42.9762,-70.3945,20240629,Jeffreys Basin
11042,45780617,42.9768,-70.3939,20240629,Jeffreys Basin
11043,48243901,42.9758,-70.3948,20240629,Jeffreys Basin
11044,51190175,42.977,-70.3945,20240629,Jeffreys Basin
11045,53276890,42.9764,-70.3938,20240629,Jeffreys Basin
11046,53587366,42.977,-70.3943,20240629,Jeffreys Basin
11047,55171961,42.9762,-70.3946,20240629,Jeffreys Basin
11048,58492732,42.9768,-70.3941,20240629,Jeffreys Basin
11049,60041198,42.977,-70.3946,20240629,Jeffreys Basin
11050,60760696,42.9761,-70.3942,20240629,Jeffreys Basin
11051,62690109,42.9763,-70.3945,20240629,Jeffreys Basin
11052,62950397,43.781,-69.975,20240629,Bowdoin College (SCSC)
11053,64468045,42.9768,-70.394,20240629,Jeffreys Basin
11054,66744449,42.9758,-70.3946,20240629,Jeffreys Basin
11055,67871121,42.9766,-70.3938,20240629,Jeffreys Basin
11056,71070543,42.9765,-70.3943,20240629,Jeffreys Basin
11057,72832927,42.9766,-70.3943,20240629,Jeffreys Basin
11058,78039003,42.9759,-70.3948,20240629,Jeffreys Basin
11059,79847744,42.9767,-70.3941,20240629,Jeffreys Basin
11060,80188911,42.9766,-70.394,20240629,Jeffreys Basin
11061,80311205,42.9759,-70.3947,20240629,Jeffreys Basin
11062,84166306,42.9769,-70.394,20240629,Jeffreys Basin
11063,89788681,42.9766,-70.3941,20240629,Jeffreys Basin
11064,91516914,42.9766,-70.3937,20240629,Jeffreys Basin
11065,07817076,42.9752,-70.3949,20240701,Jeffreys Basin
11066,11440243,42.974,-70.394,20240701,Jeffreys Basin
11067,14412894,42.9756,-70.3944,20240701,Jeffreys Basin
11068,16598980,42.9743,-70.3932,20240701,Jeffreys Basin
11069,16808405,42.9751,-70.3942,20240701,Jeffreys Basin
11070,23680241,42.9747,-70.3948,20240701,Jeffreys Basin
11071,28992385,42.9742,-70.394,20240701,Jeffreys Basin
11072,32288482,42.9744,-70.3951,20240701,Jeffreys Basin
11073,37493128,42.9757,-70.3949,20240701,Jeffreys Basin
11074,39210081,42.9743,-70.3934,20240701,Jeffreys Basin
11075,45906255,42.9747,-70.394,20240701,Jeffreys Basin
11076,54382350,42.9753,-70.3951,20240701,Jeffreys Basin
11077,60526978,42.9748,-70.3947,20240701,Jeffreys Basin
11078,61710644,42.9752,-70.3948,20240701,Jeffreys Basin
11079,62146883,42.9745,-70.394,20240701,Jeffreys Basin
11080,62950397,43.781,-69.975,20240701,Bowdoin College (SCSC)
11081,65212268,42.9739,-70.3937,20240701,Jeffreys Basin
11082,69714042,42.9742,-70.3943,20240701,Jeffreys Basin
11083,70109122,42.9746,-70.3945,20240701,Jeffreys Basin
11084,70863577,42.9753,-70.3946,20240701,Jeffreys Basin
11085,71547765,42.975,-70.3939,20240701,Jeffreys Basin
11086,71963369,42.974,-70.3936,20240701,Jeffreys Basin
11087,83004184,42.9748,-70.3944,20240701,Jeffreys Basin
11088,89563038,42.9741,-70.3937,20240701,Jeffreys Basin
11089,94442940,42.974,-70.3938,20240701,Jeffreys Basin
11090,00093421,42.9748,-70.3949,20240702,Jeffreys Basin
11091,05087260,42.9755,-70.3948,20240702,Jeffreys Basin
11092,07817076,42.9752,-70.3949,20240702,Jeffreys Basin
11093,08851090,42.9758,-70.3952,20240702,Jeffreys Basin
11094,15311499,42.975,-70.395,20240702,Jeffreys Basin
11095,16568730,42.9744,-70.3939,20240702,Jeffreys Basin
11096,19394123,41.325,-70.566,20240702,Martha's Vineyard Coastal Observatory
11097,19694060,42.9744,-70.3949,20240702,Jeffreys Basin
11098,21968726,42.9737,-70.3944,20240702,Jeffreys Basin
11099,22043175,42.9744,-70.3945,20240702,Jeffreys Basin
11100,23206726,42.975,-70.3948,20240702,Jeffreys Basin
11101,25823380,42.9736,-70.3948,20240702,Jeffreys Basin
11102,25884381,42.9749,-70.3949,20240702,Jeffreys Basin
11103,26721956,42.9742,-70.396,20240702,Jeffreys Basin
11104,27416563,42.9748,-70.3948,20240702,Jeffreys Basin
11105,29429026,42.9738,-70.3947,20240702,Jeffreys Basin
11106,30461091,42.974,-70.3953,20240702,Jeffreys Basin
11107,32975262,42.9756,-70.3953,20240702,Jeffreys Basin
11108,34065571,42.9739,-70.3951,20240702,Jeffreys Basin
11109,34120063,42.9737,-70.3947,20240702,Jeffreys Basin
11110,38086803,42.9751,-70.395,20240702,Jeffreys Basin
11111,38145258,42.976,-70.3946,20240702,Jeffreys Basin
11112,40640594,42.975,-70.3947,20240702,Jeffreys Basin
11113,48243901,42.9758,-70.3948,20240702,Jeffreys Basin
11114,48434989,42.9753,-70.3943,20240702,Jeffreys Basin
11115,50923560,42.9747,-70.3946,20240702,Jeffreys Basin
11116,55279072,42.9745,-70.3952,20240702,Jeffreys Basin
11117,55679691,42.9741,-70.3946,20240702,Jeffreys Basin
11118,56214994,42.9751,-70.3946,20240702,Jeffreys Basin
11119,57100331,42.9744,-70.3947,20240702,Jeffreys Basin
11120,60301437,42.9745,-70.3948,20240702,Jeffreys Basin
11121,60526978,42.9748,-70.3947,20240702,Jeffreys Basin
11122,62950397,43.781,-69.975,20240702,Bowdoin College (SCSC)
11123,63132966,42.9752,-70.3951,20240702,Jeffreys Basin
11124,64013728,42.9743,-70.3953,20240702,Jeffreys Basin
11125,67894858,42.9744,-70.3946,20240702,Jeffreys Basin
11126,69516632,42.9741,-70.3947,20240702,Jeffreys Basin
11127,69714042,42.9742,-70.3943,20240702,Jeffreys Basin
11128,70109122,42.9746,-70.3945,20240702,Jeffreys Basin
11129,72727301,42.9748,-70.3955,20240702,Jeffreys Basin
11130,74079785,42.9752,-70.3952,20240702,Jeffreys Basin
11131,75084481,42.9741,-70.3949,20240702,Jeffreys Basin
11132,75639941,42.975,-70.3921,20240702,Jeffreys Basin
11133,79982667,42.9758,-70.3947,20240702,Jeffreys Basin
11134,81905587,42.9751,-70.3933,20240702,Jeffreys Basin
11135,81972368,42.9739,-70.3945,20240702,Jeffreys Basin
11136,83008634,42.9748,-70.3942,20240702,Jeffreys Basin
11137,83283936,42.974,-70.3952,20240702,Jeffreys Basin
11138,86842358,42.974,-70.3945,20240702,Jeffreys Basin
11139,87650572,42.9753,-70.3947,20240702,Jeffreys Basin
11140,88049282,42.9737,-70.3945,20240702,Jeffreys Basin
11141,88242503,42.9758,-70.3943,20240702,Jeffreys Basin
11142,90553627,42.9752,-70.3943,20240702,Jeffreys Basin
11143,90900797,42.9739,-70.3957,20240702,Jeffreys Basin
11144,91585316,42.9745,-70.395,20240702,Jeffreys Basin
11145,97081361,42.9736,-70.3943,20240702,Jeffreys Basin
11146,00093421,42.9748,-70.3949,20240703,Jeffreys Basin
11147,03708623,42.976,-70.3937,20240703,Jeffreys Basin
11148,09579123,42.9753,-70.3942,20240703,Jeffreys Basin
11149,10684102,42.9756,-70.3958,20240703,Jeffreys Basin
11150,11611974,42.9765,-70.3947,20240703,Jeffreys Basin
11151,14817886,42.9754,-70.3938,20240703,Jeffreys Basin
11152,19394123,41.325,-70.566,20240703,Martha's Vineyard Coastal Observatory
11153,20797489,42.9757,-70.3941,20240703,Jeffreys Basin
11154,23206726,42.975,-70.3948,20240703,Jeffreys Basin
11155,23244489,42.974,-70.3943,20240703,Jeffreys Basin
11156,25884381,42.9749,-70.3949,20240703,Jeffreys Basin
11157,27416563,42.9748,-70.3948,20240703,Jeffreys Basin
11158,28069789,42.9747,-70.3949,20240703,Jeffreys Basin
11159,29503247,42.9748,-70.3952,20240703,Jeffreys Basin
11160,29753371,42.9753,-70.3933,20240703,Jeffreys Basin
11161,29926395,42.9741,-70.3956,20240703,Jeffreys Basin
11162,37001772,42.9752,-70.3946,20240703,Jeffreys Basin
11163,38086803,42.9751,-70.395,20240703,Jeffreys Basin
11164,39041140,42.9743,-70.3942,20240703,Jeffreys Basin
11165,41350093,42.9746,-70.3947,20240703,Jeffreys Basin
11166,43940851,42.9764,-70.3945,20240703,Jeffreys Basin
11167,46263335,42.975,-70.3954,20240703,Jeffreys Basin
11168,50644810,42.9741,-70.3954,20240703,Jeffreys Basin
11169,50797023,42.975,-70.3934,20240703,Jeffreys Basin
11170,54798201,42.9742,-70.3964,20240703,Jeffreys Basin
11171,55043254,42.9755,-70.3934,20240703,Jeffreys Basin
11172,56034581,42.9756,-70.3935,20240703,Jeffreys Basin
11173,57301528,42.9753,-70.3944,20240703,Jeffreys Basin
11174,59309363,42.9754,-70.3943,20240703,Jeffreys Basin
11175,62806110,42.9751,-70.3948,20240703,Jeffreys Basin
11176,62950397,43.781,-69.975,20240703,Bowdoin College (SCSC)
11177,64034399,42.9753,-70.3948,20240703,Jeffreys Basin
11178,68707159,42.9758,-70.3935,20240703,Jeffreys Basin
11179,70863577,42.9753,-70.3946,20240703,Jeffreys Basin
11180,72727301,42.9748,-70.3955,20240703,Jeffreys Basin
11181,76053971,42.9746,-70.3937,20240703,Jeffreys Basin
11182,76154022,42.9748,-70.396,20240703,Jeffreys Basin
11183,77274545,42.9755,-70.3945,20240703,Jeffreys Basin
11184,78039003,42.9759,-70.3948,20240703,Jeffreys Basin
11185,81497552,42.9749,-70.3951,20240703,Jeffreys Basin
11186,84778790,42.9751,-70.3945,20240703,Jeffreys Basin
11187,85336082,42.9753,-70.395,20240703,Jeffreys Basin
11188,86399697,42.9748,-70.3945,20240703,Jeffreys Basin
11189,86842358,42.974,-70.3945,20240703,Jeffreys Basin
11190,88818145,42.9748,-70.3946,20240703,Jeffreys Basin
11191,90553627,42.9752,-70.3943,20240703,Jeffreys Basin
11192,91438389,42.9757,-70.394,20240703,Jeffreys Basin
11193,91585316,42.9745,-70.395,20240703,Jeffreys Basin
11194,92462603,42.9742,-70.3952,20240703,Jeffreys Basin
11195,92679999,42.9746,-70.3953,20240703,Jeffreys Basin
11196,92709319,42.9753,-70.394,20240703,Jeffreys Basin
11197,96449119,42.9755,-70.3942,20240703,Jeffreys Basin
11198,98442534,42.9751,-70.3949,20240703,Jeffreys Basin
11199,00846969,42.9757,-70.3939,20240704,Jeffreys Basin
11200,02226523,42.9752,-70.3945,20240704,Jeffreys Basin
11201,02552226,42.9753,-70.3932,20240704,Jeffreys Basin
11202,03708623,42.976,-70.3937,20240704,Jeffreys Basin
11203,04130093,42.9756,-70.394,20240704,Jeffreys Basin
11204,05823156,42.9758,-70.3939,20240704,Jeffreys Basin
11205,07817076,42.9752,-70.3949,20240704,Jeffreys Basin
11206,10595598,42.9757,-70.3942,20240704,Jeffreys Basin
11207,11080484,42.9759,-70.395,20240704,Jeffreys Basin
11208,15965177,42.9752,-70.3939,20240704,Jeffreys Basin
11209,16767113,42.9752,-70.3947,20240704,Jeffreys Basin
11210,16808405,42.9751,-70.3942,20240704,Jeffreys Basin
11211,19394123,41.325,-70.566,20240704,Martha's Vineyard Coastal Observatory
11212,20981232,42.9754,-70.3946,20240704,Jeffreys Basin
11213,21893181,42.976,-70.394,20240704,Jeffreys Basin
11214,22033820,42.9752,-70.3937,20240704,Jeffreys Basin
11215,23206726,42.975,-70.3948,20240704,Jeffreys Basin
11216,31286096,42.9756,-70.3942,20240704,Jeffreys Basin
11217,32208297,42.9751,-70.3941,20240704,Jeffreys Basin
11218,33911539,42.9755,-70.394,20240704,Jeffreys Basin
11219,36612122,42.9759,-70.3937,20240704,Jeffreys Basin
11220,36931907,42.9759,-70.3944,20240704,Jeffreys Basin
11221,39827652,42.9754,-70.3945,20240704,Jeffreys Basin
11222,40777380,42.9749,-70.3943,20240704,Jeffreys Basin
11223,41586855,42.9751,-70.3943,20240704,Jeffreys Basin
11224,43784534,42.9746,-70.3933,20240704,Jeffreys Basin
11225,46758216,42.975,-70.3941,20240704,Jeffreys Basin
11226,48786469,42.9755,-70.3935,20240704,Jeffreys Basin
11227,49843039,42.9754,-70.3936,20240704,Jeffreys Basin
11228,53250916,42.9754,-70.3944,20240704,Jeffreys Basin
11229,61710644,42.9752,-70.3948,20240704,Jeffreys Basin
11230,62950397,43.781,-69.975,20240704,Bowdoin College (SCSC)
11231,63489797,42.9756,-70.3943,20240704,Jeffreys Basin
11232,63656753,42.9754,-70.3935,20240704,Jeffreys Basin
11233,64034399,42.9753,-70.3948,20240704,Jeffreys Basin
11234,64206101,42.9757,-70.3935,20240704,Jeffreys Basin
11235,68707159,42.9758,-70.3935,20240704,Jeffreys Basin
11236,73468803,42.9753,-70.3936,20240704,Jeffreys Basin
11237,76373460,42.9756,-70.3933,20240704,Jeffreys Basin
11238,77274545,42.9755,-70.3945,20240704,Jeffreys Basin
11239,81974177,42.976,-70.3936,20240704,Jeffreys Basin
11240,83986296,42.9751,-70.3944,20240704,Jeffreys Basin
11241,84778790,42.9751,-70.3945,20240704,Jeffreys Basin
11242,85227556,42.9757,-70.3943,20240704,Jeffreys Basin
11243,87650572,42.9753,-70.3947,20240704,Jeffreys Basin
11244,90553627,42.9752,-70.3943,20240704,Jeffreys Basin
11245,94245277,42.9762,-70.3941,20240704,Jeffreys Basin
11246,94363519,42.9755,-70.3944,20240704,Jeffreys Basin
11247,96449119,42.9755,-70.3942,20240704,Jeffreys Basin
11248,98442534,42.9751,-70.3949,20240704,Jeffreys Basin
11249,01493146,42.9753,-70.3945,20240705,Jeffreys Basin
11250,04130093,42.9756,-70.394,20240705,Jeffreys Basin
11251,04557458,42.9757,-70.3944,20240705,Jeffreys Basin
11252,08608796,42.9749,-70.3945,20240705,Jeffreys Basin
11253,08912830,42.9758,-70.3957,20240705,Jeffreys Basin
11254,18564518,42.9741,-70.3948,20240705,Jeffreys Basin
11255,19394123,41.325,-70.566,20240705,Martha's Vineyard Coastal Observatory
11256,24313106,42.9748,-70.3951,20240705,Jeffreys Basin
11257,26415160,42.9754,-70.3954,20240705,Jeffreys Basin
11258,27060230,42.9757,-70.3933,20240705,Jeffreys Basin
11259,30645183,42.9749,-70.3941,20240705,Jeffreys Basin
11260,37493128,42.9757,-70.3949,20240705,Jeffreys Basin
11261,39590859,42.9743,-70.3949,20240705,Jeffreys Basin
11262,40522863,42.975,-70.3949,20240705,Jeffreys Basin
11263,40881189,42.9748,-70.3941,20240705,Jeffreys Basin
11264,49860635,42.9746,-70.3946,20240705,Jeffreys Basin
11265,50797023,42.975,-70.3934,20240705,Jeffreys Basin
11266,56214994,42.9751,-70.3946,20240705,Jeffreys Basin
11267,57301528,42.9753,-70.3944,20240705,Jeffreys Basin
11268,59309363,42.9754,-70.3943,20240705,Jeffreys Basin
11269,60106154,42.974,-70.3946,20240705,Jeffreys Basin
11270,61710644,42.9752,-70.3948,20240705,Jeffreys Basin
11271,61930776,42.9759,-70.3941,20240705,Jeffreys Basin
11272,62806110,42.9751,-70.3948,20240705,Jeffreys Basin
11273,62950397,43.781,-69.975,20240705,Bowdoin College (SCSC)
11274,63132966,42.9752,-70.3951,20240705,Jeffreys Basin
11275,63489797,42.9756,-70.3943,20240705,Jeffreys Basin
11276,63621058,42.975,-70.394,20240705,Jeffreys Basin
11277,64034399,42.9753,-70.3948,20240705,Jeffreys Basin
11278,67283962,42.9753,-70.3941,20240705,Jeffreys Basin
11279,68250346,42.9761,-70.3944,20240705,Jeffreys Basin
11280,71547765,42.975,-70.3939,20240705,Jeffreys Basin
11281,76732750,42.9748,-70.3932,20240705,Jeffreys Basin
11282,79133882,42.9759,-70.3946,20240705,Jeffreys Basin
11283,83008634,42.9748,-70.3942,20240705,Jeffreys Basin
11284,83986296,42.9751,-70.3944,20240705,Jeffreys Basin
11285,84078600,42.9756,-70.3939,20240705,Jeffreys Basin
11286,84407516,42.9743,-70.3946,20240705,Jeffreys Basin
11287,84778790,42.9751,-70.3945,20240705,Jeffreys Basin
11288,85988232,42.9749,-70.3944,20240705,Jeffreys Basin
11289,87650572,42.9753,-70.3947,20240705,Jeffreys Basin
11290,88458657,42.975,-70.3944,20240705,Jeffreys Basin
11291,90124765,42.9759,-70.3949,20240705,Jeffreys Basin
11292,90526443,42.9756,-70.3947,20240705,Jeffreys Basin
11293,90553627,42.9752,-70.3943,20240705,Jeffreys Basin
11294,90986617,42.9754,-70.3941,20240705,Jeffreys Basin
11295,92340914,42.9755,-70.3941,20240705,Jeffreys Basin
11296,94495678,42.9753,-70.3939,20240705,Jeffreys Basin
11297,98442534,42.9751,-70.3949,20240705,Jeffreys Basin
11298,98669330,42.9747,-70.3963,20240705,Jeffreys Basin
11299,98884687,42.9761,-70.3951,20240705,Jeffreys Basin
11300,01493146,42.9753,-70.3945,20240706,Jeffreys Basin
11301,02226523,42.9752,-70.3945,20240706,Jeffreys Basin
11302,02552226,42.9753,-70.3932,20240706,Jeffreys Basin
11303,04470813,42.9755,-70.3938,20240706,Jeffreys Basin
11304,07817076,42.9752,-70.3949,20240706,Jeffreys Basin
11305,08640440,42.9757,-70.3945,20240706,Jeffreys Basin
11306,19394123,41.325,-70.566,20240706,Martha's Vineyard Coastal Observatory
11307,20981232,42.9754,-70.3946,20240706,Jeffreys Basin
11308,22552778,42.9763,-70.3951,20240706,Jeffreys Basin
11309,24555226,42.9758,-70.3936,20240706,Jeffreys Basin
11310,25237007,42.976,-70.3942,20240706,Jeffreys Basin
11311,26546923,42.9746,-70.3939,20240706,Jeffreys Basin
11312,27264198,42.9761,-70.3943,20240706,Jeffreys Basin
11313,29259007,42.976,-70.3948,20240706,Jeffreys Basin
11314,31286096,42.9756,-70.3942,20240706,Jeffreys Basin
11315,33911539,42.9755,-70.394,20240706,Jeffreys Basin
11316,38530536,42.9759,-70.3953,20240706,Jeffreys Basin
11317,40640594,42.975,-70.3947,20240706,Jeffreys Basin
11318,41586855,42.9751,-70.3943,20240706,Jeffreys Basin
11319,44799617,42.9748,-70.3943,20240706,Jeffreys Basin
11320,48228309,42.9755,-70.3952,20240706,Jeffreys Basin
11321,48243901,42.9758,-70.3948,20240706,Jeffreys Basin
11322,48434989,42.9753,-70.3943,20240706,Jeffreys Basin
11323,50568353,42.9747,-70.3943,20240706,Jeffreys Basin
11324,54343989,42.9747,-70.3942,20240706,Jeffreys Basin
11325,55043254,42.9755,-70.3934,20240706,Jeffreys Basin
11326,56278202,42.9762,-70.394,20240706,Jeffreys Basin
11327,57301528,42.9753,-70.3944,20240706,Jeffreys Basin
11328,57371872,42.9749,-70.395,20240706,Jeffreys Basin
11329,60354303,42.9756,-70.3941,20240706,Jeffreys Basin
11330,61710644,42.9752,-70.3948,20240706,Jeffreys Basin
11331,62142956,42.9761,-70.3938,20240706,Jeffreys Basin
11332,62950397,43.781,-69.975,20240706,Bowdoin College (SCSC)
11333,64034399,42.9753,-70.3948,20240706,Jeffreys Basin
11334,64063060,42.9763,-70.3948,20240706,Jeffreys Basin
11335,68707159,42.9758,-70.3935,20240706,Jeffreys Basin
11336,69512252,42.9759,-70.3942,20240706,Jeffreys Basin
11337,71578911,42.9743,-70.394,20240706,Jeffreys Basin
11338,73093270,42.976,-70.3944,20240706,Jeffreys Basin
11339,73865445,42.9764,-70.3942,20240706,Jeffreys Basin
11340,74773580,42.9749,-70.3932,20240706,Jeffreys Basin
11341,75442175,42.9758,-70.3955,20240706,Jeffreys Basin
11342,77211513,42.976,-70.3943,20240706,Jeffreys Basin
11343,78039003,42.9759,-70.3948,20240706,Jeffreys Basin
11344,81974177,42.976,-70.3936,20240706,Jeffreys Basin
11345,84078600,42.9756,-70.3939,20240706,Jeffreys Basin
11346,85581987,42.9757,-70.3947,20240706,Jeffreys Basin
11347,87396398,42.9759,-70.3943,20240706,Jeffreys Basin
11348,87650572,42.9753,-70.3947,20240706,Jeffreys Basin
11349,89844937,42.9753,-70.3949,20240706,Jeffreys Basin
11350,91438389,42.9757,-70.394,20240706,Jeffreys Basin
11351,92209788,42.9755,-70.3939,20240706,Jeffreys Basin
11352,96449119,42.9755,-70.3942,20240706,Jeffreys Basin
11353,98884687,42.9761,-70.3951,20240706,Jeffreys Basin
11354,00361532,42.9745,-70.3943,20240707,Jeffreys Basin
11355,02226523,42.9752,-70.3945,20240707,Jeffreys Basin
11356,03708623,42.976,-70.3937,20240707,Jeffreys Basin
11357,03969606,42.9745,-70.3954,20240707,Jeffreys Basin
11358,04470813,42.9755,-70.3938,20240707,Jeffreys Basin
11359,06063667,42.9742,-70.3942,20240707,Jeffreys Basin
11360,07817076,42.9752,-70.3949,20240707,Jeffreys Basin
11361,11611974,42.9765,-70.3947,20240707,Jeffreys Basin
11362,11959798,42.9749,-70.3961,20240707,Jeffreys Basin
11363,13778939,42.9752,-70.3941,20240707,Jeffreys Basin
11364,15311499,42.975,-70.395,20240707,Jeffreys Basin
11365,16767113,42.9752,-70.3947,20240707,Jeffreys Basin
11366,16808405,42.9751,-70.3942,20240707,Jeffreys Basin
11367,17216221,42.9748,-70.3936,20240707,Jeffreys Basin
11368,19394123,41.325,-70.566,20240707,Martha's Vineyard Coastal Observatory
11369,21893181,42.976,-70.394,20240707,Jeffreys Basin
11370,24545150,42.9748,-70.3953,20240707,Jeffreys Basin
11371,25671123,42.9745,-70.3944,20240707,Jeffreys Basin
11372,25884381,42.9749,-70.3949,20240707,Jeffreys Basin
11373,26564853,42.9755,-70.3954,20240707,Jeffreys Basin
11374,29204495,42.9746,-70.3948,20240707,Jeffreys Basin
11375,32294651,42.9751,-70.3938,20240707,Jeffreys Basin
11376,37081624,42.9755,-70.396,20240707,Jeffreys Basin
11377,38086803,42.9751,-70.395,20240707,Jeffreys Basin
11378,40443040,42.975,-70.3952,20240707,Jeffreys Basin
11379,40640594,42.975,-70.3947,20240707,Jeffreys Basin
11380,42459581,42.9754,-70.394,20240707,Jeffreys Basin
11381,45274498,42.9746,-70.3944,20240707,Jeffreys Basin
11382,46758216,42.975,-70.3941,20240707,Jeffreys Basin
11383,48434989,42.9753,-70.3943,20240707,Jeffreys Basin
11384,49860635,42.9746,-70.3946,20240707,Jeffreys Basin
11385,50644810,42.9741,-70.3954,20240707,Jeffreys Basin
11386,56168796,42.9758,-70.396,20240707,Jeffreys Basin
11387,57301528,42.9753,-70.3944,20240707,Jeffreys Basin
11388,57331895,42.9758,-70.394,20240707,Jeffreys Basin
11389,60450927,42.9756,-70.3934,20240707,Jeffreys Basin
11390,62806110,42.9751,-70.3948,20240707,Jeffreys Basin
11391,62950397,43.781,-69.975,20240707,Bowdoin College (SCSC)
11392,63489797,42.9756,-70.3943,20240707,Jeffreys Basin
11393,66744449,42.9758,-70.3946,20240707,Jeffreys Basin
11394,69714042,42.9742,-70.3943,20240707,Jeffreys Basin
11395,73239763,42.9754,-70.3939,20240707,Jeffreys Basin
11396,86292400,42.9759,-70.3962,20240707,Jeffreys Basin
11397,87932446,42.9751,-70.394,20240707,Jeffreys Basin
11398,88802303,42.9744,-70.395,20240707,Jeffreys Basin
11399,89844937,42.9753,-70.3949,20240707,Jeffreys Basin
11400,95187728,42.9743,-70.3943,20240707,Jeffreys Basin
11401,95534682,42.9753,-70.3934,20240707,Jeffreys Basin
11402,97052977,42.9742,-70.3963,20240707,Jeffreys Basin
11403,98295819,42.9755,-70.3943,20240707,Jeffreys Basin
11404,98937612,42.975,-70.3946,20240707,Jeffreys Basin
11405,01079153,42.9752,-70.3957,20240708,Jeffreys Basin
11406,06624027,42.975,-70.3942,20240708,Jeffreys Basin
11407,08511517,42.9746,-70.3936,20240708,Jeffreys Basin
11408,09831970,42.9742,-70.3955,20240708,Jeffreys Basin
11409,14061934,42.975,-70.3959,20240708,Jeffreys Basin
11410,14761700,42.9751,-70.3951,20240708,Jeffreys Basin
11411,15311499,42.975,-70.395,20240708,Jeffreys Basin
11412,15678197,42.976,-70.3952,20240708,Jeffreys Basin
11413,16908359,42.9745,-70.3957,20240708,Jeffreys Basin
11414,17125492,42.9747,-70.3952,20240708,Jeffreys Basin
11415,19394123,41.325,-70.566,20240708,Martha's Vineyard Coastal Observatory
11416,22939207,42.9752,-70.395,20240708,Jeffreys Basin
11417,23244489,42.974,-70.3943,20240708,Jeffreys Basin
11418,24619304,42.9751,-70.3957,20240708,Jeffreys Basin
11419,25884381,42.9749,-70.3949,20240708,Jeffreys Basin
11420,26564853,42.9755,-70.3954,20240708,Jeffreys Basin
11421,28069789,42.9747,-70.3949,20240708,Jeffreys Basin
11422,32294651,42.9751,-70.3938,20240708,Jeffreys Basin
11423,32327139,42.9762,-70.3949,20240708,Jeffreys Basin
11424,37390326,42.9739,-70.3946,20240708,Jeffreys Basin
11425,38086803,42.9751,-70.395,20240708,Jeffreys Basin
11426,39041140,42.9743,-70.3942,20240708,Jeffreys Basin
11427,40443040,42.975,-70.3952,20240708,Jeffreys Basin
11428,40881189,42.9748,-70.3941,20240708,Jeffreys Basin
11429,42551264,42.9751,-70.3947,20240708,Jeffreys Basin
11430,45848892,42.974,-70.3942,20240708,Jeffreys Basin
11431,49860635,42.9746,-70.3946,20240708,Jeffreys Basin
11432,50786079,42.9759,-70.3959,20240708,Jeffreys Basin
11433,52163911,42.9744,-70.3966,20240708,Jeffreys Basin
11434,53017958,42.9747,-70.3947,20240708,Jeffreys Basin
11435,53748904,42.9742,-70.3954,20240708,Jeffreys Basin
11436,55279072,42.9745,-70.3952,20240708,Jeffreys Basin
11437,55968363,42.9749,-70.3952,20240708,Jeffreys Basin
11438,57100331,42.9744,-70.3947,20240708,Jeffreys Basin
11439,57659422,42.976,-70.3945,20240708,Jeffreys Basin
11440,59309363,42.9754,-70.3943,20240708,Jeffreys Basin
11441,60301437,42.9745,-70.3948,20240708,Jeffreys Basin
11442,60526978,42.9748,-70.3947,20240708,Jeffreys Basin
11443,62950397,43.781,-69.975,20240708,Bowdoin College (SCSC)
11444,64744137,42.9741,-70.3953,20240708,Jeffreys Basin
11445,66439849,42.9761,-70.396,20240708,Jeffreys Basin
11446,68257389,42.9745,-70.3947,20240708,Jeffreys Basin
11447,72705490,42.9751,-70.3955,20240708,Jeffreys Basin
11448,76404882,42.9752,-70.3942,20240708,Jeffreys Basin
11449,79611689,42.9741,-70.3957,20240708,Jeffreys Basin
11450,81497552,42.9749,-70.3951,20240708,Jeffreys Basin
11451,81972368,42.9739,-70.3945,20240708,Jeffreys Basin
11452,86842358,42.974,-70.3945,20240708,Jeffreys Basin
11453,87144564,42.9753,-70.3955,20240708,Jeffreys Basin
11454,87932446,42.9751,-70.394,20240708,Jeffreys Basin
11455,90526443,42.9756,-70.3947,20240708,Jeffreys Basin
11456,91157410,42.9744,-70.3958,20240708,Jeffreys Basin
11457,96706297,42.9745,-70.3946,20240708,Jeffreys Basin
11458,96987406,42.9742,-70.3945,20240708,Jeffreys Basin
11459,98442534,42.9751,-70.3949,20240708,Jeffreys Basin
11460,00481718,42.9749,-70.3946,20240709,Jeffreys Basin
11461,02178247,42.9745,-70.3941,20240709,Jeffreys Basin
11462,03027202,42.9746,-70.3949,20240709,Jeffreys Basin
11463,04557458,42.9757,-70.3944,20240709,Jeffreys Basin
11464,05087260,42.9755,-70.3948,20240709,Jeffreys Basin
11465,09520460,42.9758,-70.3956,20240709,Jeffreys Basin
11466,09579123,42.9753,-70.3942,20240709,Jeffreys Basin
11467,09663549,42.9758,-70.3949,20240709,Jeffreys Basin
11468,10539734,42.9741,-70.3952,20240709,Jeffreys Basin
11469,11080484,42.9759,-70.395,20240709,Jeffreys Basin
11470,13778939,42.9752,-70.3941,20240709,Jeffreys Basin
11471,17343422,42.9759,-70.3951,20240709,Jeffreys Basin
11472,19394123,41.325,-70.566,20240709,Martha's Vineyard Coastal Observatory
11473,19573209,42.9746,-70.3965,20240709,Jeffreys Basin
11474,20981232,42.9754,-70.3946,20240709,Jeffreys Basin
11475,22939207,42.9752,-70.395,20240709,Jeffreys Basin
11476,28214992,42.9756,-70.3949,20240709,Jeffreys Basin
11477,29259007,42.976,-70.3948,20240709,Jeffreys Basin
11478,33742385,42.9764,-70.3954,20240709,Jeffreys Basin
11479,38086803,42.9751,-70.395,20240709,Jeffreys Basin
11480,41509612,42.9764,-70.395,20240709,Jeffreys Basin
11481,43255271,42.9762,-70.3942,20240709,Jeffreys Basin
11482,45432471,42.9754,-70.3947,20240709,Jeffreys Basin
11483,47670303,42.9762,-70.3959,20240709,Jeffreys Basin
11484,47792597,42.9757,-70.3946,20240709,Jeffreys Basin
11485,49486152,42.9747,-70.3945,20240709,Jeffreys Basin
11486,54595533,42.9757,-70.3955,20240709,Jeffreys Basin
11487,57371872,42.9749,-70.395,20240709,Jeffreys Basin
11488,59278108,42.976,-70.3955,20240709,Jeffreys Basin
11489,61222974,42.9749,-70.3948,20240709,Jeffreys Basin
11490,61710644,42.9752,-70.3948,20240709,Jeffreys Basin
11491,62950397,43.781,-69.975,20240709,Bowdoin College (SCSC)
11492,63711835,42.9757,-70.395,20240709,Jeffreys Basin
11493,64034399,42.9753,-70.3948,20240709,Jeffreys Basin
11494,67476719,42.9757,-70.3958,20240709,Jeffreys Basin
11495,68250346,42.9761,-70.3944,20240709,Jeffreys Basin
11496,70863577,42.9753,-70.3946,20240709,Jeffreys Basin
11497,72912258,42.9756,-70.395,20240709,Jeffreys Basin
11498,74079785,42.9752,-70.3952,20240709,Jeffreys Basin
11499,77211513,42.976,-70.3943,20240709,Jeffreys Basin
11500,78039003,42.9759,-70.3948,20240709,Jeffreys Basin
11501,78468199,42.9745,-70.3955,20240709,Jeffreys Basin
11502,78608096,42.9746,-70.3941,20240709,Jeffreys Basin
11503,80008313,42.9747,-70.3936,20240709,Jeffreys Basin
11504,83021220,42.9761,-70.3952,20240709,Jeffreys Basin
11505,83479283,42.9755,-70.3951,20240709,Jeffreys Basin
11506,84271242,42.9762,-70.3939,20240709,Jeffreys Basin
11507,88802303,42.9744,-70.395,20240709,Jeffreys Basin
11508,89551213,42.9754,-70.3949,20240709,Jeffreys Basin
11509,89844937,42.9753,-70.3949,20240709,Jeffreys Basin
11510,92209788,42.9755,-70.3939,20240709,Jeffreys Basin
11511,95050370,42.9753,-70.3959,20240709,Jeffreys Basin
11512,97883339,42.9738,-70.3949,20240709,Jeffreys Basin
11513,02226523,42.9752,-70.3945,20240710,Jeffreys Basin
11514,04301113,42.9763,-70.3949,20240710,Jeffreys Basin
11515,05087260,42.9755,-70.3948,20240710,Jeffreys Basin
11516,07005312,42.9763,-70.3942,20240710,Jeffreys Basin
11517,07817076,42.9752,-70.3949,20240710,Jeffreys Basin
11518,13171696,42.9754,-70.395,20240710,Jeffreys Basin
11519,14574551,42.976,-70.395,20240710,Jeffreys Basin
11520,15165547,42.9758,-70.3944,20240710,Jeffreys Basin
11521,18564518,42.9741,-70.3948,20240710,Jeffreys Basin
11522,19394123,41.325,-70.566,20240710,Martha's Vineyard Coastal Observatory
11523,20981232,42.9754,-70.3946,20240710,Jeffreys Basin
11524,22939207,42.9752,-70.395,20240710,Jeffreys Basin
11525,23206726,42.975,-70.3948,20240710,Jeffreys Basin
11526,24138382,42.9746,-70.3955,20240710,Jeffreys Basin
11527,25782761,42.9756,-70.3948,20240710,Jeffreys Basin
11528,25798021,42.9751,-70.3956,20240710,Jeffreys Basin
11529,25884381,42.9749,-70.3949,20240710,Jeffreys Basin
11530,31776501,42.9748,-70.395,20240710,Jeffreys Basin
11531,32800046,42.9752,-70.3934,20240710,Jeffreys Basin
11532,33691371,42.9751,-70.3932,20240710,Jeffreys Basin
11533,35631319,42.9747,-70.3953,20240710,Jeffreys Basin
11534,38086803,42.9751,-70.395,20240710,Jeffreys Basin
11535,40522863,42.975,-70.3949,20240710,Jeffreys Basin
11536,40640594,42.975,-70.3947,20240710,Jeffreys Basin
11537,40881189,42.9748,-70.3941,20240710,Jeffreys Basin
11538,44149437,42.9749,-70.3938,20240710,Jeffreys Basin
11539,45185490,42.9763,-70.3956,20240710,Jeffreys Basin
11540,47792597,42.9757,-70.3946,20240710,Jeffreys Basin
11541,48617135,42.9761,-70.3939,20240710,Jeffreys Basin
11542,50568353,42.9747,-70.3943,20240710,Jeffreys Basin
11543,50608900,42.9764,-70.3943,20240710,Jeffreys Basin
11544,53290968,42.9755,-70.3962,20240710,Jeffreys Basin
11545,56214994,42.9751,-70.3946,20240710,Jeffreys Basin
11546,58306010,42.9751,-70.3962,20240710,Jeffreys Basin
11547,61710644,42.9752,-70.3948,20240710,Jeffreys Basin
11548,62806110,42.9751,-70.3948,20240710,Jeffreys Basin
11549,62950397,43.781,-69.975,20240710,Bowdoin College (SCSC)
11550,63132966,42.9752,-70.3951,20240710,Jeffreys Basin
11551,63767625,42.9762,-70.3962,20240710,Jeffreys Basin
11552,67586511,42.9756,-70.3951,20240710,Jeffreys Basin
11553,70109122,42.9746,-70.3945,20240710,Jeffreys Basin
11554,70863577,42.9753,-70.3946,20240710,Jeffreys Basin
11555,77555462,42.9744,-70.3948,20240710,Jeffreys Basin
11556,78039003,42.9759,-70.3948,20240710,Jeffreys Basin
11557,78417154,42.9755,-70.3949,20240710,Jeffreys Basin
11558,80068133,42.9752,-70.3936,20240710,Jeffreys Basin
11559,81497552,42.9749,-70.3951,20240710,Jeffreys Basin
11560,83021220,42.9761,-70.3952,20240710,Jeffreys Basin
11561,83986296,42.9751,-70.3944,20240710,Jeffreys Basin
11562,85336082,42.9753,-70.395,20240710,Jeffreys Basin
11563,88458657,42.975,-70.3944,20240710,Jeffreys Basin
11564,88818145,42.9748,-70.3946,20240710,Jeffreys Basin
11565,89844937,42.9753,-70.3949,20240710,Jeffreys Basin
11566,92710296,42.9737,-70.3951,20240710,Jeffreys Basin
11567,97883339,42.9738,-70.3949,20240710,Jeffreys Basin
11568,01239342,42.9758,-70.3942,20240711,Jeffreys Basin
11569,01493146,42.9753,-70.3945,20240711,Jeffreys Basin
11570,02226523,42.9752,-70.3945,20240711,Jeffreys Basin
11571,03244567,42.9761,-70.3949,20240711,Jeffreys Basin
11572,06281911,42.9761,-70.3946,20240711,Jeffreys Basin
11573,06308596,42.9744,-70.3943,20240711,Jeffreys Basin
11574,07817076,42.9752,-70.3949,20240711,Jeffreys Basin
11575,08640440,42.9757,-70.3945,20240711,Jeffreys Basin
11576,09579123,42.9753,-70.3942,20240711,Jeffreys Basin
11577,09663549,42.9758,-70.3949,20240711,Jeffreys Basin
11578,13171696,42.9754,-70.395,20240711,Jeffreys Basin
11579,19394123,41.325,-70.566,20240711,Martha's Vineyard Coastal Observatory
11580,21893181,42.976,-70.394,20240711,Jeffreys Basin
11581,25237007,42.976,-70.3942,20240711,Jeffreys Basin
11582,25782761,42.9756,-70.3948,20240711,Jeffreys Basin
11583,32208297,42.9751,-70.3941,20240711,Jeffreys Basin
11584,32327139,42.9762,-70.3949,20240711,Jeffreys Basin
11585,37001772,42.9752,-70.3946,20240711,Jeffreys Basin
11586,40522863,42.975,-70.3949,20240711,Jeffreys Basin
11587,40640594,42.975,-70.3947,20240711,Jeffreys Basin
11588,48617135,42.9761,-70.3939,20240711,Jeffreys Basin
11589,48668368,42.9759,-70.3945,20240711,Jeffreys Basin
11590,50113986,42.9754,-70.3951,20240711,Jeffreys Basin
11591,54528046,42.9752,-70.394,20240711,Jeffreys Basin
11592,62000135,42.9755,-70.3946,20240711,Jeffreys Basin
11593,62950397,43.781,-69.975,20240711,Bowdoin College (SCSC)
11594,63711835,42.9757,-70.395,20240711,Jeffreys Basin
11595,64034399,42.9753,-70.3948,20240711,Jeffreys Basin
11596,66098241,42.9754,-70.3948,20240711,Jeffreys Basin
11597,66745537,42.9752,-70.3935,20240711,Jeffreys Basin
11598,68250346,42.9761,-70.3944,20240711,Jeffreys Basin
11599,69174327,42.9762,-70.3953,20240711,Jeffreys Basin
11600,69512252,42.9759,-70.3942,20240711,Jeffreys Basin
11601,70863577,42.9753,-70.3946,20240711,Jeffreys Basin
11602,72177710,42.9744,-70.3942,20240711,Jeffreys Basin
11603,73737071,42.9749,-70.3937,20240711,Jeffreys Basin
11604,73865445,42.9764,-70.3942,20240711,Jeffreys Basin
11605,75233607,42.9762,-70.3944,20240711,Jeffreys Basin
11606,75654579,42.9759,-70.394,20240711,Jeffreys Basin
11607,79982667,42.9758,-70.3947,20240711,Jeffreys Basin
11608,81974177,42.976,-70.3936,20240711,Jeffreys Basin
11609,82577852,42.9756,-70.3936,20240711,Jeffreys Basin
11610,83479283,42.9755,-70.3951,20240711,Jeffreys Basin
11611,84778790,42.9751,-70.3945,20240711,Jeffreys Basin
11612,84999800,42.9761,-70.394,20240711,Jeffreys Basin
11613,85227556,42.9757,-70.3943,20240711,Jeffreys Basin
11614,85336082,42.9753,-70.395,20240711,Jeffreys Basin
11615,87785585,42.975,-70.3951,20240711,Jeffreys Basin
11616,88242503,42.9758,-70.3943,20240711,Jeffreys Basin
11617,89844937,42.9753,-70.3949,20240711,Jeffreys Basin
11618,98295819,42.9755,-70.3943,20240711,Jeffreys Basin
11619,98442534,42.9751,-70.3949,20240711,Jeffreys Basin
11620,98937612,42.975,-70.3946,20240711,Jeffreys Basin
11621,01239342,42.9758,-70.3942,20240712,Jeffreys Basin
11622,01493146,42.9753,-70.3945,20240712,Jeffreys Basin
11623,03657004,42.9761,-70.3948,20240712,Jeffreys Basin
11624,08640440,42.9757,-70.3945,20240712,Jeffreys Basin
11625,11491028,42.9761,-70.3945,20240712,Jeffreys Basin
11626,11611974,42.9765,-70.3947,20240712,Jeffreys Basin
11627,13171696,42.9754,-70.395,20240712,Jeffreys Basin
11628,14761700,42.9751,-70.3951,20240712,Jeffreys Basin
11629,16612597,42.976,-70.3935,20240712,Jeffreys Basin
11630,19394123,41.325,-70.566,20240712,Martha's Vineyard Coastal Observatory
11631,21172364,42.9761,-70.3937,20240712,Jeffreys Basin
11632,23206726,42.975,-70.3948,20240712,Jeffreys Basin
11633,25884381,42.9749,-70.3949,20240712,Jeffreys Basin
11634,34818868,42.9762,-70.3948,20240712,Jeffreys Basin
11635,36612122,42.9759,-70.3937,20240712,Jeffreys Basin
11636,36931907,42.9759,-70.3944,20240712,Jeffreys Basin
11637,44799617,42.9748,-70.3943,20240712,Jeffreys Basin
11638,45432471,42.9754,-70.3947,20240712,Jeffreys Basin
11639,45536625,42.9751,-70.3935,20240712,Jeffreys Basin
11640,49905281,42.9764,-70.3952,20240712,Jeffreys Basin
11641,55322045,42.9745,-70.3945,20240712,Jeffreys Basin
11642,55968363,42.9749,-70.3952,20240712,Jeffreys Basin
11643,56214994,42.9751,-70.3946,20240712,Jeffreys Basin
11644,56278202,42.9762,-70.394,20240712,Jeffreys Basin
11645,62806110,42.9751,-70.3948,20240712,Jeffreys Basin
11646,62950397,43.781,-69.975,20240712,Bowdoin College (SCSC)
11647,66744449,42.9758,-70.3946,20240712,Jeffreys Basin
11648,67984296,42.9758,-70.3938,20240712,Jeffreys Basin
11649,78452224,42.9757,-70.3951,20240712,Jeffreys Basin
11650,78608096,42.9746,-70.3941,20240712,Jeffreys Basin
11651,79133882,42.9759,-70.3946,20240712,Jeffreys Basin
11652,88219729,42.9759,-70.3934,20240712,Jeffreys Basin
11653,89551213,42.9754,-70.3949,20240712,Jeffreys Basin
11654,94363519,42.9755,-70.3944,20240712,Jeffreys Basin
11655,99035364,42.9748,-70.3933,20240712,Jeffreys Basin
11656,19394123,41.325,-70.566,20240713,Martha's Vineyard Coastal Observatory
11657,62950397,43.781,-69.975,20240713,Bowdoin College (SCSC)
11658,00481718,42.9749,-70.3946,20240714,Jeffreys Basin
11659,03657004,42.9761,-70.3948,20240714,Jeffreys Basin
11660,04847725,42.9748,-70.3939,20240714,Jeffreys Basin
11661,06955914,42.9756,-70.3954,20240714,Jeffreys Basin
11662,07817076,42.9752,-70.3949,20240714,Jeffreys Basin
11663,08608796,42.9749,-70.3945,20240714,Jeffreys Basin
11664,09635708,42.974,-70.3959,20240714,Jeffreys Basin
11665,13477573,42.9755,-70.3932,20240714,Jeffreys Basin
11666,15311499,42.975,-70.395,20240714,Jeffreys Basin
11667,16615589,42.9749,-70.3956,20240714,Jeffreys Basin
11668,16767113,42.9752,-70.3947,20240714,Jeffreys Basin
11669,17775810,42.9745,-70.3934,20240714,Jeffreys Basin
11670,19394123,41.325,-70.566,20240714,Martha's Vineyard Coastal Observatory
11671,19914100,42.9749,-70.394,20240714,Jeffreys Basin
11672,23206726,42.975,-70.3948,20240714,Jeffreys Basin
11673,25782761,42.9756,-70.3948,20240714,Jeffreys Basin
11674,28069789,42.9747,-70.3949,20240714,Jeffreys Basin
11675,29753371,42.9753,-70.3933,20240714,Jeffreys Basin
11676,31394990,42.9747,-70.3939,20240714,Jeffreys Basin
11677,32288482,42.9744,-70.3951,20240714,Jeffreys Basin
11678,32294651,42.9751,-70.3938,20240714,Jeffreys Basin
11679,32889773,42.9746,-70.3935,20240714,Jeffreys Basin
11680,34065571,42.9739,-70.3951,20240714,Jeffreys Basin
11681,34107630,42.9747,-70.3956,20240714,Jeffreys Basin
11682,38086803,42.9751,-70.395,20240714,Jeffreys Basin
11683,39827652,42.9754,-70.3945,20240714,Jeffreys Basin
11684,42551264,42.9751,-70.3947,20240714,Jeffreys Basin
11685,46247717,42.9744,-70.3959,20240714,Jeffreys Basin
11686,49764668,42.9739,-70.3942,20240714,Jeffreys Basin
11687,50299682,42.9754,-70.3942,20240714,Jeffreys Basin
11688,52793320,42.9754,-70.3956,20240714,Jeffreys Basin
11689,54528046,42.9752,-70.394,20240714,Jeffreys Basin
11690,56214994,42.9751,-70.3946,20240714,Jeffreys Basin
11691,59915643,42.9742,-70.3957,20240714,Jeffreys Basin
11692,61222974,42.9749,-70.3948,20240714,Jeffreys Basin
11693,62950397,43.781,-69.975,20240714,Bowdoin College (SCSC)
11694,63132966,42.9752,-70.3951,20240714,Jeffreys Basin
11695,66745537,42.9752,-70.3935,20240714,Jeffreys Basin
11696,70863577,42.9753,-70.3946,20240714,Jeffreys Basin
11697,72705490,42.9751,-70.3955,20240714,Jeffreys Basin
11698,72912258,42.9756,-70.395,20240714,Jeffreys Basin
11699,82120406,42.9748,-70.3931,20240714,Jeffreys Basin
11700,84778790,42.9751,-70.3945,20240714,Jeffreys Basin
11701,85336082,42.9753,-70.395,20240714,Jeffreys Basin
11702,85589515,42.9743,-70.3958,20240714,Jeffreys Basin
11703,86947733,42.9746,-70.3951,20240714,Jeffreys Basin
11704,87396398,42.9759,-70.3943,20240714,Jeffreys Basin
11705,87785585,42.975,-70.3951,20240714,Jeffreys Basin
11706,88818145,42.9748,-70.3946,20240714,Jeffreys Basin
11707,94495678,42.9753,-70.3939,20240714,Jeffreys Basin
11708,96987406,42.9742,-70.3945,20240714,Jeffreys Basin
11709,98442534,42.9751,-70.3949,20240714,Jeffreys Basin
11710,98854975,42.9748,-70.394,20240714,Jeffreys Basin
11711,04130093,42.9756,-70.394,20240715,Jeffreys Basin
11712,06308596,42.9744,-70.3943,20240715,Jeffreys Basin
11713,07817076,42.9752,-70.3949,20240715,Jeffreys Basin
11714,08016966,42.9764,-70.3948,20240715,Jeffreys Basin
11715,09164296,42.9764,-70.3946,20240715,Jeffreys Basin
11716,09579123,42.9753,-70.3942,20240715,Jeffreys Basin
11717,10595598,42.9757,-70.3942,20240715,Jeffreys Basin
11718,15990260,42.976,-70.3938,20240715,Jeffreys Basin
11719,16767113,42.9752,-70.3947,20240715,Jeffreys Basin
11720,16844061,42.9746,-70.394,20240715,Jeffreys Basin
11721,19394123,41.325,-70.566,20240715,Martha's Vineyard Coastal Observatory
11722,22939207,42.9752,-70.395,20240715,Jeffreys Basin
11723,23680241,42.9747,-70.3948,20240715,Jeffreys Basin
11724,27060230,42.9757,-70.3933,20240715,Jeffreys Basin
11725,27264198,42.9761,-70.3943,20240715,Jeffreys Basin
11726,28069789,42.9747,-70.3949,20240715,Jeffreys Basin
11727,30967900,42.9748,-70.3937,20240715,Jeffreys Basin
11728,32327139,42.9762,-70.3949,20240715,Jeffreys Basin
11729,32801179,42.9747,-70.3941,20240715,Jeffreys Basin
11730,37765329,42.9754,-70.3937,20240715,Jeffreys Basin
11731,38086803,42.9751,-70.395,20240715,Jeffreys Basin
11732,39041140,42.9743,-70.3942,20240715,Jeffreys Basin
11733,42551264,42.9751,-70.3947,20240715,Jeffreys Basin
11734,42570496,42.9765,-70.395,20240715,Jeffreys Basin
11735,45536625,42.9751,-70.3935,20240715,Jeffreys Basin
11736,46256149,42.976,-70.3957,20240715,Jeffreys Basin
11737,48434989,42.9753,-70.3943,20240715,Jeffreys Basin
11738,48786469,42.9755,-70.3935,20240715,Jeffreys Basin
11739,50498744,42.975,-70.3936,20240715,Jeffreys Basin
11740,53250916,42.9754,-70.3944,20240715,Jeffreys Basin
11741,55322045,42.9745,-70.3945,20240715,Jeffreys Basin
11742,57331895,42.9758,-70.394,20240715,Jeffreys Basin
11743,62950397,43.781,-69.975,20240715,Bowdoin College (SCSC)
11744,64034399,42.9753,-70.3948,20240715,Jeffreys Basin
11745,67283962,42.9753,-70.3941,20240715,Jeffreys Basin
11746,69354849,42.9763,-70.3947,20240715,Jeffreys Basin
11747,73468803,42.9753,-70.3936,20240715,Jeffreys Basin
11748,74333451,42.9763,-70.3946,20240715,Jeffreys Basin
11749,77274545,42.9755,-70.3945,20240715,Jeffreys Basin
11750,82577852,42.9756,-70.3936,20240715,Jeffreys Basin
11751,83639410,42.9755,-70.395,20240715,Jeffreys Basin
11752,84778790,42.9751,-70.3945,20240715,Jeffreys Basin
11753,87014929,42.9756,-70.3952,20240715,Jeffreys Basin
11754,89001880,42.9756,-70.3945,20240715,Jeffreys Basin
11755,94363519,42.9755,-70.3944,20240715,Jeffreys Basin
11756,96375118,42.9755,-70.3947,20240715,Jeffreys Basin
11757,98295819,42.9755,-70.3943,20240715,Jeffreys Basin
11758,98442534,42.9751,-70.3949,20240715,Jeffreys Basin
11759,01493146,42.9753,-70.3945,20240716,Jeffreys Basin
11760,04130093,42.9756,-70.394,20240716,Jeffreys Basin
11761,09579123,42.9753,-70.3942,20240716,Jeffreys Basin
11762,14412894,42.9756,-70.3944,20240716,Jeffreys Basin
11763,17343422,42.9759,-70.3951,20240716,Jeffreys Basin
11764,19394123,41.325,-70.566,20240716,Martha's Vineyard Coastal Observatory
11765,22033820,42.9752,-70.3937,20240716,Jeffreys Basin
11766,33911539,42.9755,-70.394,20240716,Jeffreys Basin
11767,37200766,42.9764,-70.3944,20240716,Jeffreys Basin
11768,40007935,42.9756,-70.3956,20240716,Jeffreys Basin
11769,41087188,42.9762,-70.3945,20240716,Jeffreys Basin
11770,41526484,42.9765,-70.3946,20240716,Jeffreys Basin
11771,53250916,42.9754,-70.3944,20240716,Jeffreys Basin
11772,62806110,42.9751,-70.3948,20240716,Jeffreys Basin
11773,62950397,43.781,-69.975,20240716,Bowdoin College (SCSC)
11774,63656753,42.9754,-70.3935,20240716,Jeffreys Basin
11775,81614492,42.9752,-70.3931,20240716,Jeffreys Basin
11776,87766399,42.9755,-70.3937,20240716,Jeffreys Basin
11777,88656958,42.9758,-70.3937,20240716,Jeffreys Basin
11778,89551213,42.9754,-70.3949,20240716,Jeffreys Basin
11779,89844937,42.9753,-70.3949,20240716,Jeffreys Basin
11780,89968122,42.9756,-70.3938,20240716,Jeffreys Basin
11781,90124765,42.9759,-70.3949,20240716,Jeffreys Basin
11782,90553627,42.9752,-70.3943,20240716,Jeffreys Basin
11783,90979066,42.9751,-70.3937,20240716,Jeffreys Basin
11784,90986617,42.9754,-70.3941,20240716,Jeffreys Basin
11785,92709319,42.9753,-70.394,20240716,Jeffreys Basin
11786,94495678,42.9753,-70.3939,20240716,Jeffreys Basin
11787,98295819,42.9755,-70.3943,20240716,Jeffreys Basin
11788,98442534,42.9751,-70.3949,20240716,Jeffreys Basin
11789,19394123,41.325,-70.566,20240717,Martha's Vineyard Coastal Observatory
11790,62950397,43.781,-69.975,20240717,Bowdoin College (SCSC)
11791,19394123,41.325,-70.566,20240718,Martha's Vineyard Coastal Observatory
11792,62950397,43.781,-69.975,20240718,Bowdoin College (SCSC)
11793,19394123,41.325,-70.566,20240719,Martha's Vineyard Coastal Observatory
11794,62950397,43.781,-69.975,20240719,Bowdoin College (SCSC)
11795,19394123,41.325,-70.566,20240720,Martha's Vineyard Coastal Observatory
11796,62950397,43.781,-69.975,20240720,Bowdoin College (SCSC)
11797,19394123,41.325,-70.566,20240721,Martha's Vineyard Coastal Observatory
11798,62950397,43.781,-69.975,20240721,Bowdoin College (SCSC)
11799,19394123,41.325,-70.566,20240722,Martha's Vineyard Coastal Observatory
11800,62950397,43.781,-69.975,20240722,Bowdoin College (SCSC)
11801,19394123,41.325,-70.566,20240723,Martha's Vineyard Coastal Observatory
11802,62950397,43.781,-69.975,20240723,Bowdoin College (SCSC)
11803,19394123,41.325,-70.566,20240724,Martha's Vineyard Coastal Observatory
11804,62950397,43.781,-69.975,20240724,Bowdoin College (SCSC)
11805,19394123,41.325,-70.566,20240725,Martha's Vineyard Coastal Observatory
11806,62950397,43.781,-69.975,20240725,Bowdoin College (SCSC)
11807,19394123,41.325,-70.566,20240726,Martha's Vineyard Coastal Observatory
11808,62950397,43.781,-69.975,20240726,Bowdoin College (SCSC)
11809,19394123,41.325,-70.566,20240727,Martha's Vineyard Coastal Observatory
11810,62950397,43.781,-69.975,20240727,Bowdoin College (SCSC)
11811,19394123,41.325,-70.566,20240728,Martha's Vineyard Coastal Observatory
11812,62950397,43.781,-69.975,20240728,Bowdoin College (SCSC)
11813,04557458,42.9757,-70.3944,20240729,Jeffreys Basin
11814,14795606,42.9753,-70.3957,20240729,Jeffreys Basin
11815,16808405,42.9751,-70.3942,20240729,Jeffreys Basin
11816,19394123,41.325,-70.566,20240729,Martha's Vineyard Coastal Observatory
11817,30572244,42.9758,-70.3959,20240729,Jeffreys Basin
11818,30645183,42.9749,-70.3941,20240729,Jeffreys Basin
11819,34971947,42.9757,-70.3953,20240729,Jeffreys Basin
11820,46127943,42.9753,-70.3961,20240729,Jeffreys Basin
11821,46758216,42.975,-70.3941,20240729,Jeffreys Basin
11822,48738190,42.9749,-70.3942,20240729,Jeffreys Basin
11823,54382350,42.9753,-70.3951,20240729,Jeffreys Basin
11824,56093552,42.9751,-70.3952,20240729,Jeffreys Basin
11825,57178281,42.9756,-70.3971,20240729,Jeffreys Basin
11826,62238820,42.9758,-70.3964,20240729,Jeffreys Basin
11827,62925330,42.9754,-70.3962,20240729,Jeffreys Basin
11828,62950397,43.781,-69.975,20240729,Bowdoin College (SCSC)
11829,66098241,42.9754,-70.3948,20240729,Jeffreys Basin
11830,67452819,42.9752,-70.3954,20240729,Jeffreys Basin
11831,85336082,42.9753,-70.395,20240729,Jeffreys Basin
11832,87932446,42.9751,-70.394,20240729,Jeffreys Basin
11833,92709319,42.9753,-70.394,20240729,Jeffreys Basin
11834,95332693,42.9761,-70.3953,20240729,Jeffreys Basin
11835,02223461,42.9753,-70.3956,20240730,Jeffreys Basin
11836,02332573,42.9759,-70.396,20240730,Jeffreys Basin
11837,08912830,42.9758,-70.3957,20240730,Jeffreys Basin
11838,12843593,42.9749,-70.3954,20240730,Jeffreys Basin
11839,19394123,41.325,-70.566,20240730,Martha's Vineyard Coastal Observatory
11840,25013214,42.9765,-70.3957,20240730,Jeffreys Basin
11841,26415160,42.9754,-70.3954,20240730,Jeffreys Basin
11842,29259007,42.976,-70.3948,20240730,Jeffreys Basin
11843,30759507,42.9759,-70.3955,20240730,Jeffreys Basin
11844,35631319,42.9747,-70.3953,20240730,Jeffreys Basin
11845,37493128,42.9757,-70.3949,20240730,Jeffreys Basin
11846,40908137,42.9754,-70.3952,20240730,Jeffreys Basin
11847,41087188,42.9762,-70.3945,20240730,Jeffreys Basin
11848,41337285,42.9755,-70.3965,20240730,Jeffreys Basin
11849,41861943,42.9761,-70.3957,20240730,Jeffreys Basin
11850,46127943,42.9753,-70.3961,20240730,Jeffreys Basin
11851,47246043,42.976,-70.3953,20240730,Jeffreys Basin
11852,48738190,42.9749,-70.3942,20240730,Jeffreys Basin
11853,49184533,42.9762,-70.395,20240730,Jeffreys Basin
11854,52793320,42.9754,-70.3956,20240730,Jeffreys Basin
11855,57433371,42.976,-70.3961,20240730,Jeffreys Basin
11856,57491297,42.9754,-70.396,20240730,Jeffreys Basin
11857,57750264,42.9757,-70.3957,20240730,Jeffreys Basin
11858,62950397,43.781,-69.975,20240730,Bowdoin College (SCSC)
11859,63767625,42.9762,-70.3962,20240730,Jeffreys Basin
11860,68572921,42.9761,-70.3959,20240730,Jeffreys Basin
11861,69354849,42.9763,-70.3947,20240730,Jeffreys Basin
11862,72047777,42.9753,-70.3954,20240730,Jeffreys Basin
11863,73146654,42.9758,-70.3963,20240730,Jeffreys Basin
11864,74333451,42.9763,-70.3946,20240730,Jeffreys Basin
11865,79869269,42.976,-70.3959,20240730,Jeffreys Basin
11866,83479283,42.9755,-70.3951,20240730,Jeffreys Basin
11867,85988232,42.9749,-70.3944,20240730,Jeffreys Basin
11868,87014929,42.9756,-70.3952,20240730,Jeffreys Basin
11869,87144564,42.9753,-70.3955,20240730,Jeffreys Basin
11870,88818145,42.9748,-70.3946,20240730,Jeffreys Basin
11871,94708815,42.9763,-70.395,20240730,Jeffreys Basin
11872,06955914,42.9756,-70.3954,20240731,Jeffreys Basin
11873,15678197,42.976,-70.3952,20240731,Jeffreys Basin
11874,19394123,41.325,-70.566,20240731,Martha's Vineyard Coastal Observatory
11875,21750137,42.9761,-70.395,20240731,Jeffreys Basin
11876,32327139,42.9762,-70.3949,20240731,Jeffreys Basin
11877,40908137,42.9754,-70.3952,20240731,Jeffreys Basin
11878,53191777,42.9752,-70.3953,20240731,Jeffreys Basin
11879,62950397,43.781,-69.975,20240731,Bowdoin College (SCSC)
11880,78039003,42.9759,-70.3948,20240731,Jeffreys Basin
11881,83479283,42.9755,-70.3951,20240731,Jeffreys Basin
11882,19394123,41.325,-70.566,20240801,Martha's Vineyard Coastal Observatory
11883,62950397,43.781,-69.975,20240801,Bowdoin College (SCSC)
11884,01079153,42.9752,-70.3957,20240802,Jeffreys Basin
11885,02271570,42.9747,-70.3955,20240802,Jeffreys Basin
11886,07817076,42.9752,-70.3949,20240802,Jeffreys Basin
11887,09831970,42.9742,-70.3955,20240802,Jeffreys Basin
11888,13171696,42.9754,-70.395,20240802,Jeffreys Basin
11889,14010659,42.9741,-70.3965,20240802,Jeffreys Basin
11890,14761700,42.9751,-70.3951,20240802,Jeffreys Basin
11891,16615589,42.9749,-70.3956,20240802,Jeffreys Basin
11892,17335215,42.9745,-70.3961,20240802,Jeffreys Basin
11893,17567467,42.9744,-70.3955,20240802,Jeffreys Basin
11894,18496388,42.9751,-70.3953,20240802,Jeffreys Basin
11895,19394123,41.325,-70.566,20240802,Martha's Vineyard Coastal Observatory
11896,22043175,42.9744,-70.3945,20240802,Jeffreys Basin
11897,24479672,42.9754,-70.3953,20240802,Jeffreys Basin
11898,24619304,42.9751,-70.3957,20240802,Jeffreys Basin
11899,25798021,42.9751,-70.3956,20240802,Jeffreys Basin
11900,29503247,42.9748,-70.3952,20240802,Jeffreys Basin
11901,36908948,42.9746,-70.3942,20240802,Jeffreys Basin
11902,37787632,42.974,-70.3954,20240802,Jeffreys Basin
11903,37965208,42.9743,-70.395,20240802,Jeffreys Basin
11904,38086803,42.9751,-70.395,20240802,Jeffreys Basin
11905,38950660,42.9743,-70.3957,20240802,Jeffreys Basin
11906,39041140,42.9743,-70.3942,20240802,Jeffreys Basin
11907,41831344,42.975,-70.3945,20240802,Jeffreys Basin
11908,46247717,42.9744,-70.3959,20240802,Jeffreys Basin
11909,49694235,42.9751,-70.3954,20240802,Jeffreys Basin
11910,53191777,42.9752,-70.3953,20240802,Jeffreys Basin
11911,53840737,42.975,-70.3956,20240802,Jeffreys Basin
11912,54382350,42.9753,-70.3951,20240802,Jeffreys Basin
11913,55968363,42.9749,-70.3952,20240802,Jeffreys Basin
11914,60433774,42.975,-70.3957,20240802,Jeffreys Basin
11915,62950397,43.781,-69.975,20240802,Bowdoin College (SCSC)
11916,67586511,42.9756,-70.3951,20240802,Jeffreys Basin
11917,88818145,42.9748,-70.3946,20240802,Jeffreys Basin
11918,95050370,42.9753,-70.3959,20240802,Jeffreys Basin
11919,98442534,42.9751,-70.3949,20240802,Jeffreys Basin
11920,12843593,42.9749,-70.3954,20240803,Jeffreys Basin
11921,19394123,41.325,-70.566,20240803,Martha's Vineyard Coastal Observatory
11922,40443040,42.975,-70.3952,20240803,Jeffreys Basin
11923,44805791,42.9749,-70.3953,20240803,Jeffreys Basin
11924,49486152,42.9747,-70.3945,20240803,Jeffreys Basin
11925,62000135,42.9755,-70.3946,20240803,Jeffreys Basin
11926,62950397,43.781,-69.975,20240803,Bowdoin College (SCSC)
11927,71547765,42.975,-70.3939,20240803,Jeffreys Basin
11928,72705490,42.9751,-70.3955,20240803,Jeffreys Basin
11929,98772697,42.975,-70.3955,20240803,Jeffreys Basin
11930,19394123,41.325,-70.566,20240804,Martha's Vineyard Coastal Observatory
11931,62950397,43.781,-69.975,20240804,Bowdoin College (SCSC)
11932,19394123,41.325,-70.566,20240805,Martha's Vineyard Coastal Observatory
11933,26415160,42.9754,-70.3954,20240805,Jeffreys Basin
11934,49694235,42.9751,-70.3954,20240805,Jeffreys Basin
11935,62950397,43.781,-69.975,20240805,Bowdoin College (SCSC)
11936,02825849,42.9745,-70.3966,20240806,Jeffreys Basin
11937,13778939,42.9752,-70.3941,20240806,Jeffreys Basin
11938,19394123,41.325,-70.566,20240806,Martha's Vineyard Coastal Observatory
11939,19694060,42.9744,-70.3949,20240806,Jeffreys Basin
11940,25782761,42.9756,-70.3948,20240806,Jeffreys Basin
11941,25884381,42.9749,-70.3949,20240806,Jeffreys Basin
11942,28069789,42.9747,-70.3949,20240806,Jeffreys Basin
11943,35740966,42.974,-70.3949,20240806,Jeffreys Basin
11944,38086803,42.9751,-70.395,20240806,Jeffreys Basin
11945,47792597,42.9757,-70.3946,20240806,Jeffreys Basin
11946,53191777,42.9752,-70.3953,20240806,Jeffreys Basin
11947,55322045,42.9745,-70.3945,20240806,Jeffreys Basin
11948,56969874,42.9738,-70.3963,20240806,Jeffreys Basin
11949,61617198,42.974,-70.3947,20240806,Jeffreys Basin
11950,62950397,43.781,-69.975,20240806,Bowdoin College (SCSC)
11951,63925488,42.9747,-70.3962,20240806,Jeffreys Basin
11952,68257389,42.9745,-70.3947,20240806,Jeffreys Basin
11953,69512252,42.9759,-70.3942,20240806,Jeffreys Basin
11954,71578911,42.9743,-70.394,20240806,Jeffreys Basin
11955,73892203,42.9748,-70.3966,20240806,Jeffreys Basin
11956,76404882,42.9752,-70.3942,20240806,Jeffreys Basin
11957,81438762,42.9743,-70.3947,20240806,Jeffreys Basin
11958,81972368,42.9739,-70.3945,20240806,Jeffreys Basin
11959,85451411,42.974,-70.3957,20240806,Jeffreys Basin
11960,87650572,42.9753,-70.3947,20240806,Jeffreys Basin
11961,89264986,42.9749,-70.3958,20240806,Jeffreys Basin
11962,95187728,42.9743,-70.3943,20240806,Jeffreys Basin
11963,95382008,42.9745,-70.3959,20240806,Jeffreys Basin
11964,19394123,41.325,-70.566,20240807,Martha's Vineyard Coastal Observatory
11965,62950397,43.781,-69.975,20240807,Bowdoin College (SCSC)
11966,00863102,42.9753,-70.3966,20240808,Jeffreys Basin
11967,01783998,42.9759,-70.3958,20240808,Jeffreys Basin
11968,02223461,42.9753,-70.3956,20240808,Jeffreys Basin
11969,02990308,42.9755,-70.3958,20240808,Jeffreys Basin
11970,03579213,42.9752,-70.396,20240808,Jeffreys Basin
11971,05823156,42.9758,-70.3939,20240808,Jeffreys Basin
11972,13171696,42.9754,-70.395,20240808,Jeffreys Basin
11973,15678197,42.976,-70.3952,20240808,Jeffreys Basin
11974,17343422,42.9759,-70.3951,20240808,Jeffreys Basin
11975,19394123,41.325,-70.566,20240808,Martha's Vineyard Coastal Observatory
11976,21353749,42.9754,-70.3957,20240808,Jeffreys Basin
11977,27383415,42.9752,-70.3958,20240808,Jeffreys Basin
11978,30572244,42.9758,-70.3959,20240808,Jeffreys Basin
11979,44465771,42.9756,-70.3968,20240808,Jeffreys Basin
11980,48816908,42.9757,-70.3938,20240808,Jeffreys Basin
11981,50113986,42.9754,-70.3951,20240808,Jeffreys Basin
11982,57178281,42.9756,-70.3971,20240808,Jeffreys Basin
11983,62950397,43.781,-69.975,20240808,Bowdoin College (SCSC)
11984,67399215,42.9763,-70.3959,20240808,Jeffreys Basin
11985,71174844,42.9756,-70.3964,20240808,Jeffreys Basin
11986,84691237,44.44,-68.205,20240808,Mount Desert Island Biological Laboratory
11987,89844937,42.9753,-70.3949,20240808,Jeffreys Basin
11988,19394123,41.325,-70.566,20240809,Martha's Vineyard Coastal Observatory
11989,62950397,43.781,-69.975,20240809,Bowdoin College (SCSC)
11990,02226523,42.9752,-70.3945,20240810,Jeffreys Basin
11991,04470813,42.9755,-70.3938,20240810,Jeffreys Basin
11992,05087260,42.9755,-70.3948,20240810,Jeffreys Basin
11993,06281911,42.9761,-70.3946,20240810,Jeffreys Basin
11994,14761700,42.9751,-70.3951,20240810,Jeffreys Basin
11995,14785055,42.9743,-70.3945,20240810,Jeffreys Basin
11996,17125492,42.9747,-70.3952,20240810,Jeffreys Basin
11997,17799468,42.9745,-70.397,20240810,Jeffreys Basin
11998,19394123,41.325,-70.566,20240810,Martha's Vineyard Coastal Observatory
11999,19651375,42.9764,-70.3949,20240810,Jeffreys Basin
12000,19694060,42.9744,-70.3949,20240810,Jeffreys Basin
12001,21747899,42.9755,-70.3953,20240810,Jeffreys Basin
12002,22939207,42.9752,-70.395,20240810,Jeffreys Basin
12003,23244489,42.974,-70.3943,20240810,Jeffreys Basin
12004,25884381,42.9749,-70.3949,20240810,Jeffreys Basin
12005,26415160,42.9754,-70.3954,20240810,Jeffreys Basin
12006,26787703,42.9754,-70.3968,20240810,Jeffreys Basin
12007,30755668,42.9757,-70.3954,20240810,Jeffreys Basin
12008,32402102,42.9756,-70.3957,20240810,Jeffreys Basin
12009,35631319,42.9747,-70.3953,20240810,Jeffreys Basin
12010,37765329,42.9754,-70.3937,20240810,Jeffreys Basin
12011,38908348,42.976,-70.3949,20240810,Jeffreys Basin
12012,40007935,42.9756,-70.3956,20240810,Jeffreys Basin
12013,40522863,42.975,-70.3949,20240810,Jeffreys Basin
12014,44465771,42.9756,-70.3968,20240810,Jeffreys Basin
12015,44805791,42.9749,-70.3953,20240810,Jeffreys Basin
12016,45274498,42.9746,-70.3944,20240810,Jeffreys Basin
12017,46102430,42.9761,-70.3947,20240810,Jeffreys Basin
12018,46263335,42.975,-70.3954,20240810,Jeffreys Basin
12019,46760966,42.9764,-70.3953,20240810,Jeffreys Basin
12020,47246043,42.976,-70.3953,20240810,Jeffreys Basin
12021,52354914,42.9756,-70.3962,20240810,Jeffreys Basin
12022,54096542,42.9753,-70.3968,20240810,Jeffreys Basin
12023,54382350,42.9753,-70.3951,20240810,Jeffreys Basin
12024,55171961,42.9762,-70.3946,20240810,Jeffreys Basin
12025,55268365,42.9748,-70.3963,20240810,Jeffreys Basin
12026,55968363,42.9749,-70.3952,20240810,Jeffreys Basin
12027,56093552,42.9751,-70.3952,20240810,Jeffreys Basin
12028,57301528,42.9753,-70.3944,20240810,Jeffreys Basin
12029,59135436,42.9745,-70.3962,20240810,Jeffreys Basin
12030,62690109,42.9763,-70.3945,20240810,Jeffreys Basin
12031,62950397,43.781,-69.975,20240810,Bowdoin College (SCSC)
12032,63489797,42.9756,-70.3943,20240810,Jeffreys Basin
12033,70863577,42.9753,-70.3946,20240810,Jeffreys Basin
12034,71235499,42.9759,-70.3956,20240810,Jeffreys Basin
12035,72705490,42.9751,-70.3955,20240810,Jeffreys Basin
12036,72727301,42.9748,-70.3955,20240810,Jeffreys Basin
12037,74332853,42.975,-70.3943,20240810,Jeffreys Basin
12038,75084481,42.9741,-70.3949,20240810,Jeffreys Basin
12039,76246439,42.9757,-70.3966,20240810,Jeffreys Basin
12040,76404882,42.9752,-70.3942,20240810,Jeffreys Basin
12041,82176049,42.9757,-70.3965,20240810,Jeffreys Basin
12042,84215100,42.9757,-70.3937,20240810,Jeffreys Basin
12043,85336082,42.9753,-70.395,20240810,Jeffreys Basin
12044,87144564,42.9753,-70.3955,20240810,Jeffreys Basin
12045,89001880,42.9756,-70.3945,20240810,Jeffreys Basin
12046,89264986,42.9749,-70.3958,20240810,Jeffreys Basin
12047,90366326,42.9755,-70.3936,20240810,Jeffreys Basin
12048,91611364,42.9745,-70.3939,20240810,Jeffreys Basin
12049,95364597,42.9742,-70.3962,20240810,Jeffreys Basin
12050,02223461,42.9753,-70.3956,20240811,Jeffreys Basin
12051,04557458,42.9757,-70.3944,20240811,Jeffreys Basin
12052,08029232,42.9758,-70.3954,20240811,Jeffreys Basin
12053,08721369,42.9743,-70.3944,20240811,Jeffreys Basin
12054,10539734,42.9741,-70.3952,20240811,Jeffreys Basin
12055,10595598,42.9757,-70.3942,20240811,Jeffreys Basin
12056,13402684,42.9747,-70.3957,20240811,Jeffreys Basin
12057,14761700,42.9751,-70.3951,20240811,Jeffreys Basin
12058,16767113,42.9752,-70.3947,20240811,Jeffreys Basin
12059,17343422,42.9759,-70.3951,20240811,Jeffreys Basin
12060,17799468,42.9745,-70.397,20240811,Jeffreys Basin
12061,19394123,41.325,-70.566,20240811,Martha's Vineyard Coastal Observatory
12062,21747899,42.9755,-70.3953,20240811,Jeffreys Basin
12063,22867804,42.9755,-70.3963,20240811,Jeffreys Basin
12064,25711521,42.9758,-70.395,20240811,Jeffreys Basin
12065,27775969,42.975,-70.3953,20240811,Jeffreys Basin
12066,29335476,42.9741,-70.3966,20240811,Jeffreys Basin
12067,29695687,42.9746,-70.3961,20240811,Jeffreys Basin
12068,30645183,42.9749,-70.3941,20240811,Jeffreys Basin
12069,32208297,42.9751,-70.3941,20240811,Jeffreys Basin
12070,40881189,42.9748,-70.3941,20240811,Jeffreys Basin
12071,40935414,42.975,-70.3972,20240811,Jeffreys Basin
12072,44084231,42.9762,-70.3952,20240811,Jeffreys Basin
12073,45649320,42.9758,-70.3958,20240811,Jeffreys Basin
12074,47926152,42.974,-70.3962,20240811,Jeffreys Basin
12075,50692619,42.9763,-70.3953,20240811,Jeffreys Basin
12076,51625707,42.9765,-70.3953,20240811,Jeffreys Basin
12077,53191777,42.9752,-70.3953,20240811,Jeffreys Basin
12078,54798201,42.9742,-70.3964,20240811,Jeffreys Basin
12079,57331895,42.9758,-70.394,20240811,Jeffreys Basin
12080,60354303,42.9756,-70.3941,20240811,Jeffreys Basin
12081,61930776,42.9759,-70.3941,20240811,Jeffreys Basin
12082,62950397,43.781,-69.975,20240811,Bowdoin College (SCSC)
12083,64201673,42.974,-70.3951,20240811,Jeffreys Basin
12084,64744137,42.9741,-70.3953,20240811,Jeffreys Basin
12085,66098241,42.9754,-70.3948,20240811,Jeffreys Basin
12086,66651722,42.9738,-70.3956,20240811,Jeffreys Basin
12087,66744449,42.9758,-70.3946,20240811,Jeffreys Basin
12088,67452819,42.9752,-70.3954,20240811,Jeffreys Basin
12089,69253487,42.9762,-70.3958,20240811,Jeffreys Basin
12090,69714042,42.9742,-70.3943,20240811,Jeffreys Basin
12091,72047777,42.9753,-70.3954,20240811,Jeffreys Basin
12092,72705490,42.9751,-70.3955,20240811,Jeffreys Basin
12093,78608096,42.9746,-70.3941,20240811,Jeffreys Basin
12094,79611689,42.9741,-70.3957,20240811,Jeffreys Basin
12095,81497552,42.9749,-70.3951,20240811,Jeffreys Basin
12096,84691237,44.44,-68.205,20240811,Mount Desert Island Biological Laboratory
12097,85336082,42.9753,-70.395,20240811,Jeffreys Basin
12098,87734187,42.9742,-70.3946,20240811,Jeffreys Basin
12099,88056389,42.9743,-70.3951,20240811,Jeffreys Basin
12100,89001880,42.9756,-70.3945,20240811,Jeffreys Basin
12101,90780274,42.9745,-70.3963,20240811,Jeffreys Basin
12102,91157410,42.9744,-70.3958,20240811,Jeffreys Basin
12103,92019314,42.9759,-70.3952,20240811,Jeffreys Basin
12104,92709319,42.9753,-70.394,20240811,Jeffreys Basin
12105,96987406,42.9742,-70.3945,20240811,Jeffreys Basin
12106,00093421,42.9748,-70.3949,20240812,Jeffreys Basin
12107,00361532,42.9745,-70.3943,20240812,Jeffreys Basin
12108,06308596,42.9744,-70.3943,20240812,Jeffreys Basin
12109,08640440,42.9757,-70.3945,20240812,Jeffreys Basin
12110,16767113,42.9752,-70.3947,20240812,Jeffreys Basin
12111,19394123,41.325,-70.566,20240812,Martha's Vineyard Coastal Observatory
12112,21285682,42.9846,-70.4367,20240812,Jeffreys Basin
12113,23680241,42.9747,-70.3948,20240812,Jeffreys Basin
12114,28214992,42.9756,-70.3949,20240812,Jeffreys Basin
12115,29365296,42.9747,-70.3938,20240812,Jeffreys Basin
12116,31776501,42.9748,-70.395,20240812,Jeffreys Basin
12117,40443040,42.975,-70.3952,20240812,Jeffreys Basin
12118,47853783,42.9815,-70.4231,20240812,Jeffreys Basin
12119,48107650,42.9744,-70.3941,20240812,Jeffreys Basin
12120,52694612,42.9747,-70.3937,20240812,Jeffreys Basin
12121,53017958,42.9747,-70.3947,20240812,Jeffreys Basin
12122,53191777,42.9752,-70.3953,20240812,Jeffreys Basin
12123,54343989,42.9747,-70.3942,20240812,Jeffreys Basin
12124,55322045,42.9745,-70.3945,20240812,Jeffreys Basin
12125,56093552,42.9751,-70.3952,20240812,Jeffreys Basin
12126,56135733,42.9743,-70.3941,20240812,Jeffreys Basin
12127,57371872,42.9749,-70.395,20240812,Jeffreys Basin
12128,60526978,42.9748,-70.3947,20240812,Jeffreys Basin
12129,61930776,42.9759,-70.3941,20240812,Jeffreys Basin
12130,62806110,42.9751,-70.3948,20240812,Jeffreys Basin
12131,62950397,43.781,-69.975,20240812,Bowdoin College (SCSC)
12132,78417154,42.9755,-70.3949,20240812,Jeffreys Basin
12133,78608096,42.9746,-70.3941,20240812,Jeffreys Basin
12134,80343331,42.9836,-70.4404,20240812,Jeffreys Basin
12135,83004184,42.9748,-70.3944,20240812,Jeffreys Basin
12136,83008634,42.9748,-70.3942,20240812,Jeffreys Basin
12137,84691237,44.44,-68.205,20240812,Mount Desert Island Biological Laboratory
12138,87396398,42.9759,-70.3943,20240812,Jeffreys Basin
12139,87785585,42.975,-70.3951,20240812,Jeffreys Basin
12140,92594745,42.9783,-70.4096,20240812,Jeffreys Basin
12141,19394123,41.325,-70.566,20240813,Martha's Vineyard Coastal Observatory
12142,62950397,43.781,-69.975,20240813,Bowdoin College (SCSC)
12143,84691237,44.44,-68.205,20240813,Mount Desert Island Biological Laboratory
12144,19394123,41.325,-70.566,20240814,Martha's Vineyard Coastal Observatory
12145,62950397,43.781,-69.975,20240814,Bowdoin College (SCSC)
12146,84691237,44.44,-68.205,20240814,Mount Desert Island Biological Laboratory
12147,19394123,41.325,-70.566,20240815,Martha's Vineyard Coastal Observatory
12148,62950397,43.781,-69.975,20240815,Bowdoin College (SCSC)
12149,84691237,44.44,-68.205,20240815,Mount Desert Island Biological Laboratory
12150,19394123,41.325,-70.566,20240816,Martha's Vineyard Coastal Observatory
12151,62950397,43.781,-69.975,20240816,Bowdoin College (SCSC)
12152,84691237,44.44,-68.205,20240816,Mount Desert Island Biological Laboratory
12153,19394123,41.325,-70.566,20240817,Martha's Vineyard Coastal Observatory
12154,62950397,43.781,-69.975,20240817,Bowdoin College (SCSC)
12155,84691237,44.44,-68.205,20240817,Mount Desert Island Biological Laboratory
12156,19394123,41.325,-70.566,20240818,Martha's Vineyard Coastal Observatory
12157,62950397,43.781,-69.975,20240818,Bowdoin College (SCSC)
12158,84691237,44.44,-68.205,20240818,Mount Desert Island Biological Laboratory
12159,19394123,41.325,-70.566,20240819,Martha's Vineyard Coastal Observatory
12160,62950397,43.781,-69.975,20240819,Bowdoin College (SCSC)
12161,84691237,44.44,-68.205,20240819,Mount Desert Island Biological Laboratory
12162,19394123,41.325,-70.566,20240820,Martha's Vineyard Coastal Observatory
12163,62950397,43.781,-69.975,20240820,Bowdoin College (SCSC)
12164,84691237,44.44,-68.205,20240820,Mount Desert Island Biological Laboratory
12165,19394123,41.325,-70.566,20240821,Martha's Vineyard Coastal Observatory
12166,62950397,43.781,-69.975,20240821,Bowdoin College (SCSC)
12167,84691237,44.44,-68.205,20240821,Mount Desert Island Biological Laboratory
12168,19394123,41.325,-70.566,20240822,Martha's Vineyard Coastal Observatory
12169,62950397,43.781,-69.975,20240822,Bowdoin College (SCSC)
12170,84691237,44.44,-68.205,20240822,Mount Desert Island Biological Laboratory
12171,19394123,41.325,-70.566,20240823,Martha's Vineyard Coastal Observatory
12172,62950397,43.781,-69.975,20240823,Bowdoin College (SCSC)
12173,84691237,44.44,-68.205,20240823,Mount Desert Island Biological Laboratory
12174,19394123,41.325,-70.566,20240824,Martha's Vineyard Coastal Observatory
12175,62950397,43.781,-69.975,20240824,Bowdoin College (SCSC)
12176,84691237,44.44,-68.205,20240824,Mount Desert Island Biological Laboratory
12177,19394123,41.325,-70.566,20240825,Martha's Vineyard Coastal Observatory
12178,62950397,43.781,-69.975,20240825,Bowdoin College (SCSC)
12179,84691237,44.44,-68.205,20240825,Mount Desert Island Biological Laboratory
12180,19394123,41.325,-70.566,20240826,Martha's Vineyard Coastal Observatory
12181,62950397,43.781,-69.975,20240826,Bowdoin College (SCSC)
12182,84691237,44.44,-68.205,20240826,Mount Desert Island Biological Laboratory
12183,19394123,41.325,-70.566,20240911,Martha's Vineyard Coastal Observatory
12184,62950397,43.781,-69.975,20240911,Bowdoin College (SCSC)
12185,19394123,41.325,-70.566,20240912,Martha's Vineyard Coastal Observatory
12186,62950397,43.781,-69.975,20240912,Bowdoin College (SCSC)
12187,19394123,41.325,-70.566,20240913,Martha's Vineyard Coastal Observatory
12188,62950397,43.781,-69.975,20240913,Bowdoin College (SCSC)
12189,19394123,41.325,-70.566,20240914,Martha's Vineyard Coastal Observatory
12190,62950397,43.781,-69.975,20240914,Bowdoin College (SCSC)
12191,84691237,44.44,-68.205,20240914,Mount Desert Island Biological Laboratory
12192,19394123,41.325,-70.566,20240915,Martha's Vineyard Coastal Observatory
12193,62950397,43.781,-69.975,20240915,Bowdoin College (SCSC)
12194,84691237,44.44,-68.205,20240915,Mount Desert Island Biological Laboratory
12195,19394123,41.325,-70.566,20240916,Martha's Vineyard Coastal Observatory
12196,62950397,43.781,-69.975,20240916,Bowdoin College (SCSC)
12197,84691237,44.44,-68.205,20240916,Mount Desert Island Biological Laboratory
12198,19394123,41.325,-70.566,20240917,Martha's Vineyard Coastal Observatory
12199,62950397,43.781,-69.975,20240917,Bowdoin College (SCSC)
12200,84691237,44.44,-68.205,20240917,Mount Desert Island Biological Laboratory
12201,19394123,41.325,-70.566,20240918,Martha's Vineyard Coastal Observatory
12202,62950397,43.781,-69.975,20240918,Bowdoin College (SCSC)
12203,84691237,44.44,-68.205,20240918,Mount Desert Island Biological Laboratory
12204,19394123,41.325,-70.566,20240919,Martha's Vineyard Coastal Observatory
12205,62950397,43.781,-69.975,20240919,Bowdoin College (SCSC)
12206,84691237,44.44,-68.205,20240919,Mount Desert Island Biological Laboratory
12207,19394123,41.325,-70.566,20240920,Martha's Vineyard Coastal Observatory
12208,62950397,43.781,-69.975,20240920,Bowdoin College (SCSC)
12209,84691237,44.44,-68.205,20240920,Mount Desert Island Biological Laboratory
12210,19394123,41.325,-70.566,20240921,Martha's Vineyard Coastal Observatory
12211,62950397,43.781,-69.975,20240921,Bowdoin College (SCSC)
12212,19394123,41.325,-70.566,20240922,Martha's Vineyard Coastal Observatory
12213,62950397,43.781,-69.975,20240922,Bowdoin College (SCSC)
12214,19394123,41.325,-70.566,20240928,Martha's Vineyard Coastal Observatory
12215,62950397,43.781,-69.975,20240928,Bowdoin College (SCSC)
12216,84691237,44.44,-68.205,20240928,Mount Desert Island Biological Laboratory
12217,19394123,41.325,-70.566,20240929,Martha's Vineyard Coastal Observatory
12218,62950397,43.781,-69.975,20240929,Bowdoin College (SCSC)
12219,00222964,43.7629,-66.4076,20241007,DFO AZMP
12220,03263360,43.7557,-66.403,20241007,DFO AZMP
12221,04103031,43.6217,-67.2275,20241007,DFO AZMP
12222,05379451,43.0022,-65.4838,20241007,DFO AZMP
12223,05904682,43.0011,-65.4834,20241007,DFO AZMP
12224,06625680,43.6778,-66.8516,20241007,DFO AZMP
12225,07513916,43.2512,-66.0817,20241007,DFO AZMP
12226,11672917,43.6837,-66.8483,20241007,DFO AZMP
12227,15393481,43.2497,-65.4794,20241007,DFO AZMP
12228,19394123,41.325,-70.566,20241007,Martha's Vineyard Coastal Observatory
12229,23936026,43.2503,-65.8652,20241007,DFO AZMP
12230,26268011,43.6613,-66.9433,20241007,DFO AZMP
12231,30273872,43.713,-66.6609,20241007,DFO AZMP
12232,31967688,43.0014,-65.4819,20241007,DFO AZMP
12233,32237727,43.697,-66.7529,20241007,DFO AZMP
12234,34361574,43.3039,-66.1489,20241007,DFO AZMP
12235,35742910,43.4361,-66.2508,20241007,DFO AZMP
12236,35890805,43.6075,-67.3022,20241007,DFO AZMP
12237,42165319,43.6473,-67.0376,20241007,DFO AZMP
12238,46924808,43.0907,-65.4805,20241007,DFO AZMP
12239,48653466,43.0003,-65.4794,20241007,DFO AZMP
12240,48880762,43.6086,-67.3017,20241007,DFO AZMP
12241,50578060,43.7262,-66.3991,20241007,DFO AZMP
12242,52923592,43.5046,-66.3031,20241007,DFO AZMP
12243,53344638,43.0003,-65.4793,20241007,DFO AZMP
12244,56276468,43.2502,-65.4794,20241007,DFO AZMP
12245,56909352,42.8046,-65.483,20241007,DFO AZMP
12246,58343925,43.7393,-66.4841,20241007,DFO AZMP
12247,58406229,43.2502,-65.4793,20241007,DFO AZMP
12248,60340271,43.6355,-67.1332,20241007,DFO AZMP
12249,61795978,42.7602,-65.4832,20241007,DFO AZMP
12250,62337346,43.1555,-65.4804,20241007,DFO AZMP
12251,62350503,43.2447,-65.5653,20241007,DFO AZMP
12252,62950397,43.781,-69.975,20241007,Bowdoin College (SCSC)
12253,64566755,43.5717,-66.356,20241007,DFO AZMP
12254,65319344,42.9167,-65.4697,20241007,DFO AZMP
12255,65494724,43.0005,-65.4797,20241007,DFO AZMP
12256,66844878,43.645,-66.3867,20241007,DFO AZMP
12257,71266238,43.576,-67.5463,20241007,DFO AZMP
12258,72071324,43.2472,-65.6599,20241007,DFO AZMP
12259,74653421,43.2225,-65.4805,20241007,DFO AZMP
12260,74682647,42.9736,-65.4733,20241007,DFO AZMP
12261,76521877,43.0004,-65.4797,20241007,DFO AZMP
12262,77610772,43.599,-67.3568,20241007,DFO AZMP
12263,80247318,43.0304,-65.4803,20241007,DFO AZMP
12264,80831622,42.8605,-65.468,20241007,DFO AZMP
12265,82704154,43.6085,-67.3023,20241007,DFO AZMP
12266,82788069,43.369,-66.2001,20241007,DFO AZMP
12267,83949746,43.0023,-65.4838,20241007,DFO AZMP
12268,84691237,44.44,-68.205,20241007,Mount Desert Island Biological Laboratory
12269,86444956,43.2497,-65.7608,20241007,DFO AZMP
12270,90425947,43.7267,-66.5709,20241007,DFO AZMP
12271,91550068,43.5871,-67.4531,20241007,DFO AZMP
12272,92681685,42.7601,-65.4833,20241007,DFO AZMP
12273,94788700,43.6799,-66.8509,20241007,DFO AZMP
12274,95256674,43.6075,-67.3023,20241007,DFO AZMP
12275,99177844,43.2505,-65.9727,20241007,DFO AZMP
12276,00107718,44.4222,-66.5897,20241008,DFO AZMP
12277,02926437,43.5467,-67.7173,20241008,DFO AZMP
12278,04943129,43.7769,-67.4241,20241008,DFO AZMP
12279,06613097,43.9595,-67.4154,20241008,DFO AZMP
12280,13553301,43.915,-67.4927,20241008,DFO AZMP
12281,14171354,44.1459,-67.1317,20241008,DFO AZMP
12282,14863785,44.3555,-66.506,20241008,DFO AZMP
12283,15329390,43.8702,-67.5669,20241008,DFO AZMP
12284,19394123,41.325,-70.566,20241008,Martha's Vineyard Coastal Observatory
12285,20861240,44.0993,-67.1999,20241008,DFO AZMP
12286,21776223,43.6186,-67.6398,20241008,DFO AZMP
12287,21865216,43.5099,-68.1465,20241008,DFO AZMP
12288,22194581,44.2743,-66.644,20241008,DFO AZMP
12289,22259241,43.5391,-67.7531,20241008,DFO AZMP
12290,22507245,44.3984,-66.4366,20241008,DFO AZMP
12291,27508067,43.8253,-67.6391,20241008,DFO AZMP
12292,29521675,44.5958,-66.4577,20241008,DFO AZMP
12293,29680057,43.473,-68.2073,20241008,DFO AZMP
12294,30404002,44.6722,-66.5301,20241008,DFO AZMP
12295,33123840,43.5397,-67.7512,20241008,DFO AZMP
12296,33185724,44.1085,-66.9152,20241008,DFO AZMP
12297,34260593,44.4954,-66.3668,20241008,DFO AZMP
12298,34284952,43.6386,-67.9325,20241008,DFO AZMP
12299,35420978,44.2241,-66.9865,20241008,DFO AZMP
12300,37639076,43.5649,-67.7146,20241008,DFO AZMP
12301,39014569,44.2362,-66.7081,20241008,DFO AZMP
12302,39918288,43.5391,-67.753,20241008,DFO AZMP
12303,42008516,44.6738,-66.5328,20241008,DFO AZMP
12304,42241931,44.0508,-67.2664,20241008,DFO AZMP
12305,44328841,43.9669,-67.1325,20241008,DFO AZMP
12306,47158382,44.546,-66.4126,20241008,DFO AZMP
12307,48732835,43.7257,-67.4955,20241008,DFO AZMP
12308,50338891,44.0139,-67.0604,20241008,DFO AZMP
12309,51850698,43.5519,-68.077,20241008,DFO AZMP
12310,55946625,44.0053,-67.3396,20241008,DFO AZMP
12311,58821627,43.6844,-67.8603,20241008,DFO AZMP
12312,59123725,43.8727,-67.2778,20241008,DFO AZMP
12313,62950397,43.781,-69.975,20241008,Bowdoin College (SCSC)
12314,62955080,43.9199,-67.2049,20241008,DFO AZMP
12315,64499029,44.5143,-66.5236,20241008,DFO AZMP
12316,64576547,44.3914,-66.6485,20241008,DFO AZMP
12317,65664636,44.1832,-67.0561,20241008,DFO AZMP
12318,66375590,44.6477,-66.5061,20241008,DFO AZMP
12319,67301909,43.5598,-67.6357,20241008,DFO AZMP
12320,67909945,43.7781,-67.7111,20241008,DFO AZMP
12321,71097012,44.1533,-66.8455,20241008,DFO AZMP
12322,72556863,43.6737,-67.5672,20241008,DFO AZMP
12323,75894283,44.5785,-66.525,20241008,DFO AZMP
12324,77780544,44.4416,-66.3697,20241008,DFO AZMP
12325,79570031,43.7314,-67.7858,20241008,DFO AZMP
12326,81304494,44.3127,-66.5782,20241008,DFO AZMP
12327,82640766,44.0608,-66.9883,20241008,DFO AZMP
12328,84245178,44.3609,-66.712,20241008,DFO AZMP
12329,84518034,43.5391,-67.7528,20241008,DFO AZMP
12330,84691237,44.44,-68.205,20241008,Mount Desert Island Biological Laboratory
12331,90470220,43.5392,-67.7511,20241008,DFO AZMP
12332,90479687,44.1944,-66.7776,20241008,DFO AZMP
12333,91331128,44.2965,-66.8513,20241008,DFO AZMP
12334,93922588,43.8243,-67.3516,20241008,DFO AZMP
12335,94530370,43.5948,-68.0067,20241008,DFO AZMP
12336,97328138,44.4564,-66.5305,20241008,DFO AZMP
12337,98082725,44.6442,-66.5276,20241008,DFO AZMP
12338,99661859,44.3301,-66.7795,20241008,DFO AZMP
12339,05849296,43.258,-69.5585,20241009,DFO AZMP
12340,06274069,43.3283,-69.1068,20241009,DFO AZMP
12341,10448122,42.9207,-69.3488,20241009,DFO AZMP
12342,10518333,42.9552,-69.5576,20241009,DFO AZMP
12343,14364579,42.9041,-69.2582,20241009,DFO AZMP
12344,14584424,43.2123,-69.8515,20241009,DFO AZMP
12345,19394123,41.325,-70.566,20241009,Martha's Vineyard Coastal Observatory
12346,20478280,43.4223,-68.5239,20241009,DFO AZMP
12347,23095856,43.0339,-70.0087,20241009,DFO AZMP
12348,25743305,43.0149,-69.9102,20241009,DFO AZMP
12349,29453809,42.9523,-69.558,20241009,DFO AZMP
12350,29758313,43.3988,-68.665,20241009,DFO AZMP
12351,31339776,43.3873,-68.7418,20241009,DFO AZMP
12352,31887339,43.4374,-68.4351,20241009,DFO AZMP
12353,32884820,43.2261,-69.7631,20241009,DFO AZMP
12354,33911412,42.9373,-69.4395,20241009,DFO AZMP
12355,36745244,43.0779,-70.1124,20241009,DFO AZMP
12356,38492391,43.3297,-69.1005,20241009,DFO AZMP
12357,41324654,43.296,-69.3165,20241009,DFO AZMP
12358,44098758,43.3439,-69.022,20241009,DFO AZMP
12359,46909905,43.2397,-69.6757,20241009,DFO AZMP
12360,52891243,42.964,-69.6271,20241009,DFO AZMP
12361,57807732,43.4693,-68.2127,20241009,DFO AZMP
12362,58814789,43.399,-68.6646,20241009,DFO AZMP
12363,61284091,43.3284,-69.1075,20241009,DFO AZMP
12364,62655214,43.258,-69.5583,20241009,DFO AZMP
12365,62950397,43.781,-69.975,20241009,Bowdoin College (SCSC)
12366,63286033,43.1202,-70.196,20241009,DFO AZMP
12367,63721919,43.4689,-68.2128,20241009,DFO AZMP
12368,69958757,43.2532,-69.5892,20241009,DFO AZMP
12369,70771991,43.3582,-68.9302,20241009,DFO AZMP
12370,71580572,42.9796,-69.7208,20241009,DFO AZMP
12371,72755359,43.4503,-68.347,20241009,DFO AZMP
12372,73566184,43.373,-68.8343,20241009,DFO AZMP
12373,73680620,42.955,-69.5578,20241009,DFO AZMP
12374,74537332,43.3241,-69.1359,20241009,DFO AZMP
12375,83126850,43.0339,-70.0086,20241009,DFO AZMP
12376,83212367,43.4628,-68.2594,20241009,DFO AZMP
12377,83694750,43.4064,-68.6134,20241009,DFO AZMP
12378,84691237,44.44,-68.205,20241009,Mount Desert Island Biological Laboratory
12379,85040510,43.0336,-70.0013,20241009,DFO AZMP
12380,86126715,42.9543,-69.5321,20241009,DFO AZMP
12381,86481103,43.3987,-68.6649,20241009,DFO AZMP
12382,86994506,42.8877,-69.1691,20241009,DFO AZMP
12383,88351815,43.469,-68.2128,20241009,DFO AZMP
12384,90283661,42.9966,-69.8153,20241009,DFO AZMP
12385,90386125,43.3101,-69.2259,20241009,DFO AZMP
12386,93315278,43.2819,-69.4069,20241009,DFO AZMP
12387,95033332,43.0402,-70.027,20241009,DFO AZMP
12388,96791063,43.1981,-69.9417,20241009,DFO AZMP
12389,97901645,43.1866,-70.0099,20241009,DFO AZMP
12390,98649706,43.2675,-69.499,20241009,DFO AZMP
12391,00528974,42.8763,-69.1064,20241010,DFO AZMP
12392,13497433,42.6256,-67.7541,20241010,DFO AZMP
12393,14018397,42.753,-68.4628,20241010,DFO AZMP
12394,16019598,42.6257,-67.754,20241010,DFO AZMP
12395,19394123,41.325,-70.566,20241010,Martha's Vineyard Coastal Observatory
12396,19579326,41.9874,-66.1399,20241010,DFO AZMP
12397,20245354,42.3675,-66.3973,20241010,DFO AZMP
12398,23670370,42.1783,-66.2729,20241010,DFO AZMP
12399,24120724,42.8762,-69.1059,20241010,DFO AZMP
12400,25216120,42.4624,-66.8517,20241010,DFO AZMP
12401,26095424,42.0336,-66.1653,20241010,DFO AZMP
12402,29883295,42.3778,-66.4012,20241010,DFO AZMP
12403,31963061,42.6923,-68.1358,20241010,DFO AZMP
12404,32781930,42.7928,-68.6757,20241010,DFO AZMP
12405,34000786,42.8273,-68.8613,20241010,DFO AZMP
12406,34437786,42.3777,-66.401,20241010,DFO AZMP
12407,36218701,42.4007,-66.5458,20241010,DFO AZMP
12408,38807735,42.6257,-67.7538,20241010,DFO AZMP
12409,39429649,42.8451,-68.9484,20241010,DFO AZMP
12410,41895854,42.6469,-67.8642,20241010,DFO AZMP
12411,43200043,42.8761,-69.1058,20241010,DFO AZMP
12412,46674273,42.7161,-68.2776,20241010,DFO AZMP
12413,49421232,42.8086,-68.7699,20241010,DFO AZMP
12414,49564711,42.553,-67.3025,20241010,DFO AZMP
12415,50497284,42.7867,-68.6442,20241010,DFO AZMP
12416,51049010,42.4702,-66.8921,20241010,DFO AZMP
12417,51850093,42.553,-67.3022,20241010,DFO AZMP
12418,53786125,42.3777,-66.4014,20241010,DFO AZMP
12419,56027273,42.6128,-67.672,20241010,DFO AZMP
12420,58724094,42.77,-68.5537,20241010,DFO AZMP
12421,58819022,42.5654,-67.3703,20241010,DFO AZMP
12422,59317591,42.3842,-66.461,20241010,DFO AZMP
12423,60340527,42.7024,-68.2046,20241010,DFO AZMP
12424,60842710,42.7888,-68.6554,20241010,DFO AZMP
12425,61764736,42.7349,-68.3722,20241010,DFO AZMP
12426,62950397,43.781,-69.975,20241010,Bowdoin College (SCSC)
12427,64267492,42.7022,-68.2042,20241010,DFO AZMP
12428,67064534,42.3779,-66.401,20241010,DFO AZMP
12429,68982881,42.7019,-68.2041,20241010,DFO AZMP
12430,69119211,42.5096,-67.0824,20241010,DFO AZMP
12431,69466323,42.6779,-68.0444,20241010,DFO AZMP
12432,70848362,42.3061,-66.3616,20241010,DFO AZMP
12433,78868272,42.8628,-69.0353,20241010,DFO AZMP
12434,83713377,42.5282,-67.1765,20241010,DFO AZMP
12435,84124230,42.5971,-67.573,20241010,DFO AZMP
12436,84691237,44.44,-68.205,20241010,Mount Desert Island Biological Laboratory
12437,85007935,42.4906,-66.9865,20241010,DFO AZMP
12438,85838743,42.4625,-66.8517,20241010,DFO AZMP
12439,87078127,42.5467,-67.2694,20241010,DFO AZMP
12440,87822114,42.7888,-68.6555,20241010,DFO AZMP
12441,95287908,42.243,-66.3226,20241010,DFO AZMP
12442,95509768,42.6291,-67.7706,20241010,DFO AZMP
12443,95896175,42.1084,-66.2157,20241010,DFO AZMP
12444,96528611,42.6636,-67.9554,20241010,DFO AZMP
12445,96977915,42.5814,-67.4708,20241010,DFO AZMP
12446,01744255,42.7485,-65.4349,20241011,DFO AZMP
12447,02126217,42.2927,-65.8317,20241011,DFO AZMP
12448,08128981,42.2718,-65.8698,20241011,DFO AZMP
12449,08500890,42.0267,-66.0972,20241011,DFO AZMP
12450,08900568,42.6533,-65.5283,20241011,DFO AZMP
12451,09157607,42.3351,-65.8096,20241011,DFO AZMP
12452,09640918,42.8484,-65.3097,20241011,DFO AZMP
12453,11093486,42.3347,-65.8067,20241011,DFO AZMP
12454,11961213,42.3273,-65.799,20241011,DFO AZMP
12455,14806740,42.6054,-65.5754,20241011,DFO AZMP
12456,15115518,42.2315,-65.9061,20241011,DFO AZMP
12457,15284479,42.3321,-65.804,20241011,DFO AZMP
12458,18691590,42.8463,-65.3054,20241011,DFO AZMP
12459,19394123,41.325,-70.566,20241011,Martha's Vineyard Coastal Observatory
12460,22500559,42.1635,-65.9692,20241011,DFO AZMP
12461,22940995,42.2679,-65.8731,20241011,DFO AZMP
12462,23683356,42.1664,-65.9793,20241011,DFO AZMP
12463,24921046,42.4277,-65.7491,20241011,DFO AZMP
12464,26359192,42.3978,-65.7546,20241011,DFO AZMP
12465,27131300,42.5147,-65.6647,20241011,DFO AZMP
12466,28386499,42.0582,-66.0816,20241011,DFO AZMP
12467,30418776,42.5602,-65.6201,20241011,DFO AZMP
12468,34900307,42.349,-65.7815,20241011,DFO AZMP
12469,35000681,42.1058,-66.0452,20241011,DFO AZMP
12470,35210629,42.8783,-65.3148,20241011,DFO AZMP
12471,38350620,42.4179,-65.7449,20241011,DFO AZMP
12472,40825500,42.1994,-65.9395,20241011,DFO AZMP
12473,41421917,41.9841,-66.1169,20241011,DFO AZMP
12474,41590588,42.8309,-65.3311,20241011,DFO AZMP
12475,46582041,42.8466,-65.3082,20241011,DFO AZMP
12476,47638729,42.2332,-65.9044,20241011,DFO AZMP
12477,51156624,42.8784,-65.3149,20241011,DFO AZMP
12478,51675288,42.8737,-65.3145,20241011,DFO AZMP
12479,52840770,42.4703,-65.7082,20241011,DFO AZMP
12480,54723301,42.1174,-66.0369,20241011,DFO AZMP
12481,54951544,42.1994,-65.939,20241011,DFO AZMP
12482,55550346,42.1644,-65.9731,20241011,DFO AZMP
12483,55900546,42.3001,-65.8402,20241011,DFO AZMP
12484,57329035,42.8515,-65.3166,20241011,DFO AZMP
12485,62950397,43.781,-69.975,20241011,Bowdoin College (SCSC)
12486,65447184,42.2925,-65.8298,20241011,DFO AZMP
12487,69070657,42.1992,-65.9386,20241011,DFO AZMP
12488,69991679,42.2298,-65.9081,20241011,DFO AZMP
12489,70651751,41.9802,-66.1314,20241011,DFO AZMP
12490,72098859,42.2711,-65.8692,20241011,DFO AZMP
12491,73215305,42.0617,-66.0839,20241011,DFO AZMP
12492,73904058,42.0606,-66.074,20241011,DFO AZMP
12493,76190814,42.2015,-65.9353,20241011,DFO AZMP
12494,76662972,42.1184,-66.0377,20241011,DFO AZMP
12495,78320210,42.1966,-65.9432,20241011,DFO AZMP
12496,84338230,42.7896,-65.3834,20241011,DFO AZMP
12497,84691237,44.44,-68.205,20241011,Mount Desert Island Biological Laboratory
12498,91788909,42.2714,-65.8705,20241011,DFO AZMP
12499,92507994,42.4174,-65.7468,20241011,DFO AZMP
12500,92586427,42.2715,-65.8698,20241011,DFO AZMP
12501,93556519,42.2968,-65.8357,20241011,DFO AZMP
12502,97566717,42.3234,-65.7986,20241011,DFO AZMP
12503,98763569,41.9858,-66.1371,20241011,DFO AZMP
12504,98948603,42.1369,-66.0091,20241011,DFO AZMP
12505,02624693,43.2069,-64.9471,20241012,DFO AZMP
12506,08194130,42.8929,-65.2167,20241012,DFO AZMP
12507,13188422,42.8607,-65.4682,20241012,DFO AZMP
12508,13614352,42.9002,-65.1632,20241012,DFO AZMP
12509,14075116,43.7949,-64.073,20241012,DFO AZMP
12510,15473309,42.8496,-65.4725,20241012,DFO AZMP
12511,15707251,42.963,-65.1655,20241012,DFO AZMP
12512,15742388,43.1049,-65.1046,20241012,DFO AZMP
12513,18169017,43.5073,-64.498,20241012,DFO AZMP
12514,19394123,41.325,-70.566,20241012,Martha's Vineyard Coastal Observatory
12515,19526743,43.5461,-64.4368,20241012,DFO AZMP
12516,22621589,43.3948,-64.6809,20241012,DFO AZMP
12517,24604638,42.9366,-65.0336,20241012,DFO AZMP
12518,24990532,43.4315,-64.6173,20241012,DFO AZMP
12519,26760389,42.9365,-65.3692,20241012,DFO AZMP
12520,26980008,42.8785,-65.3148,20241012,DFO AZMP
12521,27609605,42.9,-65.1657,20241012,DFO AZMP
12522,27714679,43.5857,-64.3772,20241012,DFO AZMP
12523,28594910,43.1735,-64.9992,20241012,DFO AZMP
12524,28626886,42.9196,-65.0971,20241012,DFO AZMP
12525,29743410,43.7107,-64.1978,20241012,DFO AZMP
12526,31390195,42.8999,-65.1658,20241012,DFO AZMP
12527,35490769,43.6258,-64.319,20241012,DFO AZMP
12528,36191146,42.8496,-65.4822,20241012,DFO AZMP
12529,37805516,42.9359,-65.0321,20241012,DFO AZMP
12530,39758799,43.2781,-64.8476,20241012,DFO AZMP
12531,39992842,42.996,-65.2634,20241012,DFO AZMP
12532,43178434,43.6668,-64.2604,20241012,DFO AZMP
12533,43496427,42.9,-65.1654,20241012,DFO AZMP
12534,43538975,43.3173,-64.7986,20241012,DFO AZMP
12535,44771376,43.7541,-64.1356,20241012,DFO AZMP
12536,47109570,42.9629,-65.1656,20241012,DFO AZMP
12537,48077118,43.0327,-65.2102,20241012,DFO AZMP
12538,51392435,43.3574,-64.7433,20241012,DFO AZMP
12539,53369388,42.9747,-65.2753,20241012,DFO AZMP
12540,53943410,42.8985,-65.4188,20241012,DFO AZMP
12541,55328591,42.9667,-65.1917,20241012,DFO AZMP
12542,55738313,42.963,-65.1654,20241012,DFO AZMP
12543,56158417,42.9361,-65.0336,20241012,DFO AZMP
12544,57132506,42.8775,-65.3026,20241012,DFO AZMP
12545,59649185,42.9199,-65.3712,20241012,DFO AZMP
12546,61840815,42.8782,-65.3145,20241012,DFO AZMP
12547,62950397,43.781,-69.975,20241012,Bowdoin College (SCSC)
12548,70870147,42.8803,-65.4257,20241012,DFO AZMP
12549,73134040,43.8747,-63.9467,20241012,DFO AZMP
12550,74164067,42.9498,-65.099,20241012,DFO AZMP
12551,76252572,43.8352,-64.0096,20241012,DFO AZMP
12552,77157940,43.2416,-64.8964,20241012,DFO AZMP
12553,79033057,43.1386,-65.0536,20241012,DFO AZMP
12554,79577418,42.9586,-65.3168,20241012,DFO AZMP
12555,82633512,42.978,-65.3148,20241012,DFO AZMP
12556,85711450,42.9756,-65.3174,20241012,DFO AZMP
12557,90476701,42.9779,-65.3147,20241012,DFO AZMP
12558,95222998,42.9629,-65.1654,20241012,DFO AZMP
12559,98068916,42.9362,-65.0337,20241012,DFO AZMP
12560,98933053,43.0692,-65.1569,20241012,DFO AZMP
12561,05329508,44.275,-63.3989,20241013,DFO AZMP
12562,07065582,43.479,-62.4514,20241013,DFO AZMP
12563,07757387,44.3849,-63.4108,20241013,DFO AZMP
12564,12672756,43.1826,-62.0988,20241013,DFO AZMP
12565,13129733,43.4085,-62.3706,20241013,DFO AZMP
12566,14937257,43.8134,-62.8111,20241013,DFO AZMP
12567,15051990,44.1704,-63.5098,20241013,DFO AZMP
12568,18770712,43.915,-63.8828,20241013,DFO AZMP
12569,19394123,41.325,-70.566,20241013,Martha's Vineyard Coastal Observatory
12570,20574179,44.073,-63.1024,20241013,DFO AZMP
12571,20811836,43.3092,-62.2521,20241013,DFO AZMP
12572,23549391,43.8833,-62.8839,20241013,DFO AZMP
12573,25933035,43.9517,-63.8289,20241013,DFO AZMP
12574,28425482,44.267,-63.3165,20241013,DFO AZMP
12575,33456966,44.2665,-63.3179,20241013,DFO AZMP
12576,34899666,44.0187,-63.0392,20241013,DFO AZMP
12577,38960948,43.4801,-62.4519,20241013,DFO AZMP
12578,41180153,43.4576,-62.4291,20241013,DFO AZMP
12579,41684096,44.207,-63.4555,20241013,DFO AZMP
12580,42537784,43.5771,-62.5557,20241013,DFO AZMP
12581,44440203,43.7637,-62.7527,20241013,DFO AZMP
12582,46122169,43.9648,-62.9766,20241013,DFO AZMP
12583,49996227,43.2601,-62.1925,20241013,DFO AZMP
12584,50425666,43.8625,-62.872,20241013,DFO AZMP
12585,51728386,44.3305,-63.4276,20241013,DFO AZMP
12586,51910067,43.7658,-62.7531,20241013,DFO AZMP
12587,53281746,43.7638,-62.7537,20241013,DFO AZMP
12588,55073165,44.1321,-63.5612,20241013,DFO AZMP
12589,59468990,43.3592,-62.3116,20241013,DFO AZMP
12590,60105105,44.0562,-63.6615,20241013,DFO AZMP
12591,62734872,43.6731,-62.6641,20241013,DFO AZMP
12592,62950397,43.781,-69.975,20241013,Bowdoin College (SCSC)
12593,63389594,44.1273,-63.1641,20241013,DFO AZMP
12594,66266385,44.2671,-63.3163,20241013,DFO AZMP
12595,66280653,43.7227,-62.7146,20241013,DFO AZMP
12596,67175312,44.0221,-63.718,20241013,DFO AZMP
12597,67698445,44.3871,-63.4512,20241013,DFO AZMP
12598,73899661,43.9102,-62.9138,20241013,DFO AZMP
12599,75132858,43.8832,-62.884,20241013,DFO AZMP
12600,83209031,43.9876,-63.7745,20241013,DFO AZMP
12601,85240770,43.5272,-62.5031,20241013,DFO AZMP
12602,85623476,44.2671,-63.3164,20241013,DFO AZMP
12603,87099626,44.339,-63.3598,20241013,DFO AZMP
12604,87977035,43.7636,-62.7528,20241013,DFO AZMP
12605,88684969,44.0935,-63.6115,20241013,DFO AZMP
12606,89625362,44.2453,-63.3983,20241013,DFO AZMP
12607,93392107,43.6252,-62.6114,20241013,DFO AZMP
12608,93393504,43.2092,-62.1299,20241013,DFO AZMP
12609,95133411,44.2873,-63.3386,20241013,DFO AZMP
12610,98431249,44.4005,-63.4506,20241013,DFO AZMP
12611,99446426,44.1809,-63.2243,20241013,DFO AZMP
12612,12672756,43.1826,-62.0988,20241014,DFO AZMP
12613,16272339,43.1211,-62.0353,20241014,DFO AZMP
12614,19394123,41.325,-70.566,20241014,Martha's Vineyard Coastal Observatory
12615,19943646,43.17,-62.0863,20241014,DFO AZMP
12616,62950397,43.781,-69.975,20241014,Bowdoin College (SCSC)
12617,84691237,44.44,-68.205,20241014,Mount Desert Island Biological Laboratory
12618,19394123,41.325,-70.566,20241015,Martha's Vineyard Coastal Observatory
12619,62950397,43.781,-69.975,20241015,Bowdoin College (SCSC)
12620,84691237,44.44,-68.205,20241015,Mount Desert Island Biological Laboratory
12621,19394123,41.325,-70.566,20241025,Martha's Vineyard Coastal Observatory
12622,62950397,43.781,-69.975,20241025,Bowdoin College (SCSC)
12623,84691237,44.44,-68.205,20241025,Mount Desert Island Biological Laboratory
12624,19394123,41.325,-70.566,20241026,Martha's Vineyard Coastal Observatory
12625,62950397,43.781,-69.975,20241026,Bowdoin College (SCSC)
12626,84691237,44.44,-68.205,20241026,Mount Desert Island Biological Laboratory
12627,19394123,41.325,-70.566,20241027,Martha's Vineyard Coastal Observatory
12628,62950397,43.781,-69.975,20241027,Bowdoin College (SCSC)
12629,19394123,41.325,-70.566,20241028,Martha's Vineyard Coastal Observatory
12630,62950397,43.781,-69.975,20241028,Bowdoin College (SCSC)
12631,84691237,44.44,-68.205,20241028,Mount Desert Island Biological Laboratory
12632,19394123,41.325,-70.566,20241029,Martha's Vineyard Coastal Observatory
12633,62950397,43.781,-69.975,20241029,Bowdoin College (SCSC)
12634,84691237,44.44,-68.205,20241029,Mount Desert Island Biological Laboratory
12635,19394123,41.325,-70.566,20241030,Martha's Vineyard Coastal Observatory
12636,62950397,43.781,-69.975,20241030,Bowdoin College (SCSC)
12637,84691237,44.44,-68.205,20241030,Mount Desert Island Biological Laboratory
12638,19394123,41.325,-70.566,20241031,Martha's Vineyard Coastal Observatory
12639,62950397,43.781,-69.975,20241031,Bowdoin College (SCSC)
12640,84691237,44.44,-68.205,20241031,Mount Desert Island Biological Laboratory
12641,19394123,41.325,-70.566,20241101,Martha's Vineyard Coastal Observatory
12642,62950397,43.781,-69.975,20241101,Bowdoin College (SCSC)
12643,19394123,41.325,-70.566,20241102,Martha's Vineyard Coastal Observatory
12644,62950397,43.781,-69.975,20241102,Bowdoin College (SCSC)
12645,19394123,41.325,-70.566,20241103,Martha's Vineyard Coastal Observatory
12646,62950397,43.781,-69.975,20241103,Bowdoin College (SCSC)
12647,19394123,41.325,-70.566,20241104,Martha's Vineyard Coastal Observatory
12648,62950397,43.781,-69.975,20241104,Bowdoin College (SCSC)
12649,19394123,41.325,-70.566,20241105,Martha's Vineyard Coastal Observatory
12650,62950397,43.781,-69.975,20241105,Bowdoin College (SCSC)
12651,19394123,41.325,-70.566,20241106,Martha's Vineyard Coastal Observatory
12652,62950397,43.781,-69.975,20241106,Bowdoin College (SCSC)
12653,19394123,41.325,-70.566,20241107,Martha's Vineyard Coastal Observatory
12654,62950397,43.781,-69.975,20241107,Bowdoin College (SCSC)
12655,19394123,41.325,-70.566,20241113,Martha's Vineyard Coastal Observatory
12656,62950397,43.781,-69.975,20241113,Bowdoin College (SCSC)
12657,19394123,41.325,-70.566,20241114,Martha's Vineyard Coastal Observatory
12658,62950397,43.781,-69.975,20241114,Bowdoin College (SCSC)
12659,19394123,41.325,-70.566,20241115,Martha's Vineyard Coastal Observatory
12660,62950397,43.781,-69.975,20241115,Bowdoin College (SCSC)
12661,19394123,41.325,-70.566,20241120,Martha's Vineyard Coastal Observatory
12662,62950397,43.781,-69.975,20241120,Bowdoin College (SCSC)
12663,19394123,41.325,-70.566,20241121,Martha's Vineyard Coastal Observatory
12664,62950397,43.781,-69.975,20241121,Bowdoin College (SCSC)
12665,19394123,41.325,-70.566,20241122,Martha's Vineyard Coastal Observatory
12666,62950397,43.781,-69.975,20241122,Bowdoin College (SCSC)
12667,19394123,41.325,-70.566,20241123,Martha's Vineyard Coastal Observatory
12668,62950397,43.781,-69.975,20241123,Bowdoin College (SCSC)
12669,19394123,41.325,-70.566,20241124,Martha's Vineyard Coastal Observatory
12670,62950397,43.781,-69.975,20241124,Bowdoin College (SCSC)
12671,19394123,41.325,-70.566,20241125,Martha's Vineyard Coastal Observatory
12672,62950397,43.781,-69.975,20241125,Bowdoin College (SCSC)
12673,19394123,41.325,-70.566,20241126,Martha's Vineyard Coastal Observatory
12674,62950397,43.781,-69.975,20241126,Bowdoin College (SCSC)
12675,19394123,41.325,-70.566,20241127,Martha's Vineyard Coastal Observatory
12676,62950397,43.781,-69.975,20241127,Bowdoin College (SCSC)
12677,19394123,41.325,-70.566,20241128,Martha's Vineyard Coastal Observatory
12678,62950397,43.781,-69.975,20241128,Bowdoin College (SCSC)
12679,19394123,41.325,-70.566,20241130,Martha's Vineyard Coastal Observatory
12680,62950397,43.781,-69.975,20241130,Bowdoin College (SCSC)
12681,19394123,41.325,-70.566,20241201,Martha's Vineyard Coastal Observatory
12682,62950397,43.781,-69.975,20241201,Bowdoin College (SCSC)
12683,19394123,41.325,-70.566,20241202,Martha's Vineyard Coastal Observatory
12684,62950397,43.781,-69.975,20241202,Bowdoin College (SCSC)
12685,19394123,41.325,-70.566,20241203,Martha's Vineyard Coastal Observatory
12686,62950397,43.781,-69.975,20241203,Bowdoin College (SCSC)
12687,19394123,41.325,-70.566,20241204,Martha's Vineyard Coastal Observatory
12688,62950397,43.781,-69.975,20241204,Bowdoin College (SCSC)
12689,19394123,41.325,-70.566,20241205,Martha's Vineyard Coastal Observatory
12690,62950397,43.781,-69.975,20241205,Bowdoin College (SCSC)
12691,19394123,41.325,-70.566,20241206,Martha's Vineyard Coastal Observatory
12692,62950397,43.781,-69.975,20241206,Bowdoin College (SCSC)
12693,19394123,41.325,-70.566,20241208,Martha's Vineyard Coastal Observatory
12694,62950397,43.781,-69.975,20241208,Bowdoin College (SCSC)
12695,19394123,41.325,-70.566,20241209,Martha's Vineyard Coastal Observatory
12696,62950397,43.781,-69.975,20241209,Bowdoin College (SCSC)
12697,19394123,41.325,-70.566,20241210,Martha's Vineyard Coastal Observatory
12698,62950397,43.781,-69.975,20241210,Bowdoin College (SCSC)
12699,19394123,41.325,-70.566,20241211,Martha's Vineyard Coastal Observatory
12700,62950397,43.781,-69.975,20241211,Bowdoin College (SCSC)
12701,19394123,41.325,-70.566,20241212,Martha's Vineyard Coastal Observatory
12702,62950397,43.781,-69.975,20241212,Bowdoin College (SCSC)
12703,19394123,41.325,-70.566,20241213,Martha's Vineyard Coastal Observatory
12704,62950397,43.781,-69.975,20241213,Bowdoin College (SCSC)
12705,19394123,41.325,-70.566,20241214,Martha's Vineyard Coastal Observatory
12706,62950397,43.781,-69.975,20241214,Bowdoin College (SCSC)
12707,19394123,41.325,-70.566,20241215,Martha's Vineyard Coastal Observatory
12708,62950397,43.781,-69.975,20241215,Bowdoin College (SCSC)
12709,19394123,41.325,-70.566,20241216,Martha's Vineyard Coastal Observatory
12710,62950397,43.781,-69.975,20241216,Bowdoin College (SCSC)
12711,19394123,41.325,-70.566,20241217,Martha's Vineyard Coastal Observatory
12712,62950397,43.781,-69.975,20241217,Bowdoin College (SCSC)
12713,19394123,41.325,-70.566,20241218,Martha's Vineyard Coastal Observatory
12714,62950397,43.781,-69.975,20241218,Bowdoin College (SCSC)
12715,19394123,41.325,-70.566,20241219,Martha's Vineyard Coastal Observatory
12716,19394123,41.325,-70.566,20241220,Martha's Vineyard Coastal Observatory
12717,19394123,41.325,-70.566,20241222,Martha's Vineyard Coastal Observatory
12718,19394123,41.325,-70.566,20241223,Martha's Vineyard Coastal Observatory
12719,19394123,41.325,-70.566,20241224,Martha's Vineyard Coastal Observatory
12720,19394123,41.325,-70.566,20241225,Martha's Vineyard Coastal Observatory
12721,19394123,41.325,-70.566,20241226,Martha's Vineyard Coastal Observatory
12722,19394123,41.325,-70.566,20241227,Martha's Vineyard Coastal Observatory
12723,19394123,41.325,-70.566,20241228,Martha's Vineyard Coastal Observatory
12724,19394123,41.325,-70.566,20241229,Martha's Vineyard Coastal Observatory
12725,19394123,41.325,-70.566,20241230,Martha's Vineyard Coastal Observatory
12726,19394123,41.325,-70.566,20250101,Martha's Vineyard Coastal Observatory
12727,19394123,41.325,-70.566,20250102,Martha's Vineyard Coastal Observatory
12728,19394123,41.325,-70.566,20250103,Martha's Vineyard Coastal Observatory
12729,19394123,41.325,-70.566,20250104,Martha's Vineyard Coastal Observatory
12730,19394123,41.325,-70.566,20250105,Martha's Vineyard Coastal Observatory
12731,19394123,41.325,-70.566,20250106,Martha's Vineyard Coastal Observatory
12732,19394123,41.325,-70.566,20250107,Martha's Vineyard Coastal Observatory
12733,19394123,41.325,-70.566,20250108,Martha's Vineyard Coastal Observatory
12734,19394123,41.325,-70.566,20250109,Martha's Vineyard Coastal Observatory
12735,19394123,41.325,-70.566,20250110,Martha's Vineyard Coastal Observatory
12736,19394123,41.325,-70.566,20250111,Martha's Vineyard Coastal Observatory
12737,19394123,41.325,-70.566,20250112,Martha's Vineyard Coastal Observatory
12738,19394123,41.325,-70.566,20250113,Martha's Vineyard Coastal Observatory
12739,19394123,41.325,-70.566,20250114,Martha's Vineyard Coastal Observatory
12740,19394123,41.325,-70.566,20250115,Martha's Vineyard Coastal Observatory
12741,19394123,41.325,-70.566,20250116,Martha's Vineyard Coastal Observatory
12742,19394123,41.325,-70.566,20250117,Martha's Vineyard Coastal Observatory
12743,19394123,41.325,-70.566,20250118,Martha's Vineyard Coastal Observatory
12744,19394123,41.325,-70.566,20250119,Martha's Vineyard Coastal Observatory
12745,19394123,41.325,-70.566,20250120,Martha's Vineyard Coastal Observatory
12746,19394123,41.325,-70.566,20250121,Martha's Vineyard Coastal Observatory
12747,19394123,41.325,-70.566,20250122,Martha's Vineyard Coastal Observatory
12748,19394123,41.325,-70.566,20250123,Martha's Vineyard Coastal Observatory
12749,19394123,41.325,-70.566,20250124,Martha's Vineyard Coastal Observatory
12750,19394123,41.325,-70.566,20250125,Martha's Vineyard Coastal Observatory
12751,19394123,41.325,-70.566,20250126,Martha's Vineyard Coastal Observatory
12752,19394123,41.325,-70.566,20250127,Martha's Vineyard Coastal Observatory
12753,19394123,41.325,-70.566,20250128,Martha's Vineyard Coastal Observatory
12754,62950397,43.781,-69.975,20250128,Bowdoin College (SCSC)
12755,19394123,41.325,-70.566,20250129,Martha's Vineyard Coastal Observatory
12756,62950397,43.781,-69.975,20250129,Bowdoin College (SCSC)
12757,19394123,41.325,-70.566,20250130,Martha's Vineyard Coastal Observatory
12758,62950397,43.781,-69.975,20250130,Bowdoin College (SCSC)
12759,19394123,41.325,-70.566,20250131,Martha's Vineyard Coastal Observatory
12760,62950397,43.781,-69.975,20250131,Bowdoin College (SCSC)
12761,19394123,41.325,-70.566,20250201,Martha's Vineyard Coastal Observatory
12762,19394123,41.325,-70.566,20250202,Martha's Vineyard Coastal Observatory
12763,19394123,41.325,-70.566,20250203,Martha's Vineyard Coastal Observatory
12764,19394123,41.325,-70.566,20250204,Martha's Vineyard Coastal Observatory
12765,19394123,41.325,-70.566,20250205,Martha's Vineyard Coastal Observatory
12766,19394123,41.325,-70.566,20250206,Martha's Vineyard Coastal Observatory
12767,19394123,41.325,-70.566,20250207,Martha's Vineyard Coastal Observatory
12768,19394123,41.325,-70.566,20250208,Martha's Vineyard Coastal Observatory
12769,19394123,41.325,-70.566,20250209,Martha's Vineyard Coastal Observatory
12770,19394123,41.325,-70.566,20250210,Martha's Vineyard Coastal Observatory
12771,62950397,43.781,-69.975,20250210,Bowdoin College (SCSC)
12772,19394123,41.325,-70.566,20250211,Martha's Vineyard Coastal Observatory
12773,62950397,43.781,-69.975,20250211,Bowdoin College (SCSC)
12774,19394123,41.325,-70.566,20250212,Martha's Vineyard Coastal Observatory
12775,62950397,43.781,-69.975,20250212,Bowdoin College (SCSC)
12776,19394123,41.325,-70.566,20250213,Martha's Vineyard Coastal Observatory
12777,62950397,43.781,-69.975,20250213,Bowdoin College (SCSC)
12778,19394123,41.325,-70.566,20250214,Martha's Vineyard Coastal Observatory
12779,62950397,43.781,-69.975,20250214,Bowdoin College (SCSC)
12780,19394123,41.325,-70.566,20250215,Martha's Vineyard Coastal Observatory
12781,62950397,43.781,-69.975,20250215,Bowdoin College (SCSC)
12782,19394123,41.325,-70.566,20250216,Martha's Vineyard Coastal Observatory
12783,62950397,43.781,-69.975,20250216,Bowdoin College (SCSC)
12784,19394123,41.325,-70.566,20250217,Martha's Vineyard Coastal Observatory
12785,62950397,43.781,-69.975,20250217,Bowdoin College (SCSC)
12786,19394123,41.325,-70.566,20250218,Martha's Vineyard Coastal Observatory
12787,62950397,43.781,-69.975,20250218,Bowdoin College (SCSC)
12788,05146790,40.5474,-70.5058,20250324,DFO AZMP
12789,10807866,40.5933,-70.5777,20250324,DFO AZMP
12790,11070869,40.7261,-70.7776,20250324,DFO AZMP
12791,33170890,40.4522,-70.3607,20250324,DFO AZMP
12792,56487807,40.8396,-70.9577,20250324,DFO AZMP
12793,61279682,40.765,-70.8386,20250324,DFO AZMP
12794,62950397,43.781,-69.975,20250324,Bowdoin College (SCSC)
12795,69019471,40.6391,-70.6475,20250324,DFO AZMP
12796,90095517,40.5002,-70.4342,20250324,DFO AZMP
12797,97551041,40.6838,-70.7151,20250324,DFO AZMP
12798,01156232,42.589,-66.0933,20250325,DFO AZMP
12799,01488348,41.4535,-67.7191,20250325,DFO AZMP
12800,01869257,40.6252,-68.9385,20250325,DFO AZMP
12801,01896108,40.4311,-70.0758,20250325,DFO AZMP
12802,04891019,42.3616,-66.4408,20250325,DFO AZMP
12803,05674808,40.4391,-69.4024,20250325,DFO AZMP
12804,07045889,42.6356,-66.0226,20250325,DFO AZMP
12805,08670825,40.931,-68.4387,20250325,DFO AZMP
12806,10466498,40.6705,-68.8695,20250325,DFO AZMP
12807,11449952,40.979,-68.3652,20250325,DFO AZMP
12808,13420309,40.4918,-69.1488,20250325,DFO AZMP
12809,15395737,42.5439,-66.163,20250325,DFO AZMP
12810,15523652,41.6101,-67.5331,20250325,DFO AZMP
12811,15941377,42.2718,-66.5796,20250325,DFO AZMP
12812,15965297,41.3988,-67.7868,20250325,DFO AZMP
12813,16961238,41.0741,-68.2121,20250325,DFO AZMP
12814,17811459,40.4475,-69.2181,20250325,DFO AZMP
12815,20128000,42.4983,-66.2357,20250325,DFO AZMP
12816,20947567,42.1335,-66.789,20250325,DFO AZMP
12817,22787952,40.4327,-69.9804,20250325,DFO AZMP
12818,24436629,40.714,-68.7985,20250325,DFO AZMP
12819,27415599,41.961,-67.0425,20250325,DFO AZMP
12820,27495012,41.7053,-67.414,20250325,DFO AZMP
12821,30956647,42.1762,-66.7177,20250325,DFO AZMP
12822,31052151,41.3431,-67.8544,20250325,DFO AZMP
12823,40863746,40.4263,-70.2755,20250325,DFO AZMP
12824,41368059,42.0033,-66.9818,20250325,DFO AZMP
12825,41630721,41.836,-67.2305,20250325,DFO AZMP
12826,42121916,42.0458,-66.9194,20250325,DFO AZMP
12827,43733980,42.7357,-65.8698,20250325,DFO AZMP
12828,44630316,41.2295,-67.9921,20250325,DFO AZMP
12829,46639464,42.0898,-66.8575,20250325,DFO AZMP
12830,47846671,40.7785,-68.6406,20250325,DFO AZMP
12831,48217910,42.2238,-66.6487,20250325,DFO AZMP
12832,50632181,41.1737,-68.0612,20250325,DFO AZMP
12833,52968012,42.4069,-66.3714,20250325,DFO AZMP
12834,54515879,41.56,-67.593,20250325,DFO AZMP
12835,55405013,40.7479,-68.7203,20250325,DFO AZMP
12836,56276369,41.0261,-68.2892,20250325,DFO AZMP
12837,57977042,41.9199,-67.105,20250325,DFO AZMP
12838,58287299,41.1216,-68.1347,20250325,DFO AZMP
12839,61766527,41.8786,-67.1682,20250325,DFO AZMP
12840,62950397,43.781,-69.975,20250325,Bowdoin College (SCSC)
12841,67576253,42.6858,-65.948,20250325,DFO AZMP
12842,73197657,41.7512,-67.358,20250325,DFO AZMP
12843,73524669,41.5079,-67.6535,20250325,DFO AZMP
12844,74856153,40.4384,-69.6912,20250325,DFO AZMP
12845,75648090,41.6572,-67.471,20250325,DFO AZMP
12846,78798556,40.4398,-69.5955,20250325,DFO AZMP
12847,82427470,40.4285,-70.1739,20250325,DFO AZMP
12848,84645173,40.8294,-68.5741,20250325,DFO AZMP
12849,85714369,40.5823,-69.0095,20250325,DFO AZMP
12850,88464642,40.434,-69.8836,20250325,DFO AZMP
12851,88728804,41.2867,-67.9236,20250325,DFO AZMP
12852,89319149,41.7946,-67.2945,20250325,DFO AZMP
12853,90345376,40.4397,-69.3085,20250325,DFO AZMP
12854,91621173,40.4402,-69.4993,20250325,DFO AZMP
12855,91747517,42.3163,-66.5091,20250325,DFO AZMP
12856,92623442,40.8803,-68.5071,20250325,DFO AZMP
12857,96442712,40.5386,-69.081,20250325,DFO AZMP
12858,97120312,40.4365,-69.7865,20250325,DFO AZMP
12859,10546343,43.1627,-65.2067,20250326,DFO AZMP
12860,11316595,43.5692,-64.579,20250326,DFO AZMP
12861,13613160,43.2137,-65.1398,20250326,DFO AZMP
12862,18416797,43.8444,-64.1694,20250326,DFO AZMP
12863,19394123,41.325,-70.566,20250326,Martha's Vineyard Coastal Observatory
12864,21969717,43.1137,-65.2756,20250326,DFO AZMP
12865,22083761,43.2929,-64.9865,20250326,DFO AZMP
12866,23300592,43.8898,-64.0979,20250326,DFO AZMP
12867,23358098,43.7563,-64.3134,20250326,DFO AZMP
12868,26572195,44.1237,-63.7374,20250326,DFO AZMP
12869,30806440,44.1697,-63.662,20250326,DFO AZMP
12870,31432180,43.4798,-64.7133,20250326,DFO AZMP
12871,33447865,42.9292,-65.5685,20250326,DFO AZMP
12872,34802077,43.6617,-64.4473,20250326,DFO AZMP
12873,36948512,44.2206,-63.5917,20250326,DFO AZMP
12874,37183034,43.9346,-64.0268,20250326,DFO AZMP
12875,38865797,43.9802,-63.9559,20250326,DFO AZMP
12876,52561464,43.5248,-64.6455,20250326,DFO AZMP
12877,52733796,42.8331,-65.7193,20250326,DFO AZMP
12878,52885072,42.8805,-65.6433,20250326,DFO AZMP
12879,60137555,43.0668,-65.3441,20250326,DFO AZMP
12880,62950397,43.781,-69.975,20250326,Bowdoin College (SCSC)
12881,64176022,42.9766,-65.4917,20250326,DFO AZMP
12882,65706524,43.4314,-64.7789,20250326,DFO AZMP
12883,67103295,43.7077,-64.3796,20250326,DFO AZMP
12884,69192115,42.7855,-65.7951,20250326,DFO AZMP
12885,73975078,44.0745,-63.8088,20250326,DFO AZMP
12886,75446345,44.0272,-63.8832,20250326,DFO AZMP
12887,81519802,43.6153,-64.5149,20250326,DFO AZMP
12888,83866124,43.3353,-64.9127,20250326,DFO AZMP
12889,87349174,43.383,-64.8455,20250326,DFO AZMP
12890,89093441,43.8042,-64.2459,20250326,DFO AZMP
12891,94101235,43.2578,-65.0668,20250326,DFO AZMP
12892,94928639,43.0205,-65.4141,20250326,DFO AZMP
12893,10396295,44.2786,-63.4137,20250329,DFO AZMP
12894,26550894,43.8176,-64.1728,20250329,DFO AZMP
12895,46816213,44.267,-63.3347,20250329,DFO AZMP
12896,52600052,44.2644,-63.3219,20250329,DFO AZMP
12897,58219120,44.3437,-63.4416,20250329,DFO AZMP
12898,62950397,43.781,-69.975,20250329,Bowdoin College (SCSC)
12899,98166281,43.8939,-64.0251,20250329,DFO AZMP
12900,99222710,43.8556,-64.099,20250329,DFO AZMP
12901,15365698,42.7655,-65.4912,20250330,DFO AZMP
12902,17866101,42.2788,-65.4826,20250330,DFO AZMP
12903,18979134,42.4289,-65.4602,20250330,DFO AZMP
12904,21346045,42.8473,-65.3174,20250330,DFO AZMP
12905,23870346,42.1347,-65.4996,20250330,DFO AZMP
12906,27703699,42.767,-65.4705,20250330,DFO AZMP
12907,30646857,42.7632,-65.4862,20250330,DFO AZMP
12908,30892608,42.448,-65.4709,20250330,DFO AZMP
12909,33602245,42.6919,-65.4902,20250330,DFO AZMP
12910,34274892,41.9971,-65.5238,20250330,DFO AZMP
12911,35112134,41.9946,-65.517,20250330,DFO AZMP
12912,37055487,42.628,-65.4886,20250330,DFO AZMP
12913,41944139,42.8076,-65.3934,20250330,DFO AZMP
12914,43404753,41.994,-65.5117,20250330,DFO AZMP
12915,46760103,42.5613,-65.486,20250330,DFO AZMP
12916,48016639,42.1261,-65.4906,20250330,DFO AZMP
12917,51127806,42.8519,-65.3156,20250330,DFO AZMP
12918,55625975,42.003,-65.5089,20250330,DFO AZMP
12919,58250124,42.9853,-65.5019,20250330,DFO AZMP
12920,59405932,42.8505,-65.3164,20250330,DFO AZMP
12921,62950397,43.781,-69.975,20250330,Bowdoin College (SCSC)
12922,65160790,43.7807,-64.2485,20250330,DFO AZMP
12923,67625283,42.354,-65.4671,20250330,DFO AZMP
12924,68009237,42.1225,-65.4921,20250330,DFO AZMP
12925,69684683,42.4477,-65.479,20250330,DFO AZMP
12926,71762952,42.4935,-65.4863,20250330,DFO AZMP
12927,73749948,42.0968,-65.4961,20250330,DFO AZMP
12928,74641919,42.4465,-65.4633,20250330,DFO AZMP
12929,74781728,42.8613,-65.3293,20250330,DFO AZMP
12930,76977170,42.1325,-65.4943,20250330,DFO AZMP
12931,80909399,42.204,-65.4913,20250330,DFO AZMP
12932,82014561,41.9951,-65.5084,20250330,DFO AZMP
12933,86431524,42.9046,-65.3872,20250330,DFO AZMP
12934,86980966,42.9884,-65.4962,20250330,DFO AZMP
12935,87267344,42.7438,-65.4941,20250330,DFO AZMP
12936,88108327,42.766,-65.4953,20250330,DFO AZMP
12937,91177384,43.7434,-64.3251,20250330,DFO AZMP
12938,92618746,42.9463,-65.4462,20250330,DFO AZMP
12939,92827712,42.071,-65.5005,20250330,DFO AZMP
12940,01575368,41.8642,-65.3523,20250331,DFO AZMP
12941,05418157,43.6825,-66.8215,20250331,DFO AZMP
12942,07343595,42.2348,-65.5977,20250331,DFO AZMP
12943,09397359,43.7111,-66.4193,20250331,DFO AZMP
12944,09633605,43.7461,-66.3906,20250331,DFO AZMP
12945,11201316,41.862,-65.3456,20250331,DFO AZMP
12946,13298567,42.0022,-65.5313,20250331,DFO AZMP
12947,13305583,43.705,-66.4996,20250331,DFO AZMP
12948,13855137,43.7319,-66.383,20250331,DFO AZMP
12949,18223561,41.9248,-65.3953,20250331,DFO AZMP
12950,27072956,41.9921,-65.5308,20250331,DFO AZMP
12951,27665512,42.9086,-66.0385,20250331,DFO AZMP
12952,29537458,43.1805,-66.2159,20250331,DFO AZMP
12953,31399636,42.6475,-65.8655,20250331,DFO AZMP
12954,31936743,43.6751,-66.8548,20250331,DFO AZMP
12955,35878663,41.8894,-65.3981,20250331,DFO AZMP
12956,36291836,43.6969,-66.3902,20250331,DFO AZMP
12957,37202966,43.2953,-66.2948,20250331,DFO AZMP
12958,41216951,42.5215,-65.7841,20250331,DFO AZMP
12959,44229008,41.8656,-65.3515,20250331,DFO AZMP
12960,44941401,42.7116,-65.9086,20250331,DFO AZMP
12961,45426087,42.4586,-65.7437,20250331,DFO AZMP
12962,45882172,42.3466,-65.6698,20250331,DFO AZMP
12963,46923450,43.718,-66.3896,20250331,DFO AZMP
12964,47374440,42.0608,-65.4842,20250331,DFO AZMP
12965,48124631,43.4234,-66.3657,20250331,DFO AZMP
12966,51370446,41.9276,-65.4592,20250331,DFO AZMP
12967,52559135,43.6753,-66.8622,20250331,DFO AZMP
12968,53510645,43.754,-66.4021,20250331,DFO AZMP
12969,55230697,41.9933,-65.4407,20250331,DFO AZMP
12970,55375740,42.0144,-65.5433,20250331,DFO AZMP
12971,55540366,43.687,-66.7394,20250331,DFO AZMP
12972,56616404,43.6789,-66.8562,20250331,DFO AZMP
12973,56851359,42.0074,-65.5371,20250331,DFO AZMP
12974,56981160,41.9646,-65.5138,20250331,DFO AZMP
12975,57077621,43.7,-66.5805,20250331,DFO AZMP
12976,58606829,41.8632,-65.3476,20250331,DFO AZMP
12977,59132610,42.5842,-65.8236,20250331,DFO AZMP
12978,62024206,42.2915,-65.6337,20250331,DFO AZMP
12979,62950397,43.781,-69.975,20250331,Bowdoin College (SCSC)
12980,64282232,43.6928,-66.6606,20250331,DFO AZMP
12981,65539684,41.8632,-65.3502,20250331,DFO AZMP
12982,67746805,41.8942,-65.3782,20250331,DFO AZMP
12983,69142090,41.8603,-65.3417,20250331,DFO AZMP
12984,71236882,43.6737,-66.853,20250331,DFO AZMP
12985,72666213,42.778,-65.953,20250331,DFO AZMP
12986,77909002,41.861,-65.3433,20250331,DFO AZMP
12987,82637675,41.8677,-65.3605,20250331,DFO AZMP
12988,84181314,43.4946,-66.3738,20250331,DFO AZMP
12989,85501074,42.1787,-65.5624,20250331,DFO AZMP
12990,86313343,42.1217,-65.5253,20250331,DFO AZMP
12991,86602844,43.6299,-66.3897,20250331,DFO AZMP
12992,87582859,41.8551,-65.3427,20250331,DFO AZMP
12993,91858219,43.5637,-66.3807,20250331,DFO AZMP
12994,94813737,41.858,-65.3411,20250331,DFO AZMP
12995,96317402,43.356,-66.33,20250331,DFO AZMP
12996,96521519,43.2526,-66.2617,20250331,DFO AZMP
12997,01678379,43.4383,-68.4424,20250401,DFO AZMP
12998,03255179,43.2767,-69.4557,20250401,DFO AZMP
12999,03711967,43.5042,-67.8977,20250401,DFO AZMP
13000,03868466,43.6575,-66.9961,20250401,DFO AZMP
13001,04469529,43.293,-69.3654,20250401,DFO AZMP
13002,05470610,43.3344,-69.1069,20250401,DFO AZMP
13003,10844509,43.3472,-69.0043,20250401,DFO AZMP
13004,11229907,43.2474,-69.6769,20250401,DFO AZMP
13005,12352430,43.5984,-67.3929,20250401,DFO AZMP
13006,13029769,43.4555,-68.2173,20250401,DFO AZMP
13007,19356931,43.3966,-68.6599,20250401,DFO AZMP
13008,20650745,43.5583,-67.6289,20250401,DFO AZMP
13009,21291865,43.475,-68.1528,20250401,DFO AZMP
13010,21649482,43.4839,-68.0667,20250401,DFO AZMP
13011,22448725,43.4048,-68.6583,20250401,DFO AZMP
13012,25073456,43.3294,-69.0914,20250401,DFO AZMP
13013,28440671,43.4615,-68.272,20250401,DFO AZMP
13014,29526819,43.5266,-67.7495,20250401,DFO AZMP
13015,29757543,43.4547,-68.3546,20250401,DFO AZMP
13016,30229648,43.5123,-67.8129,20250401,DFO AZMP
13017,30701567,43.4645,-68.2145,20250401,DFO AZMP
13018,31015639,43.3606,-68.9148,20250401,DFO AZMP
13019,31575037,43.3306,-69.104,20250401,DFO AZMP
13020,32038536,43.2643,-69.5903,20250401,DFO AZMP
13021,34133821,43.4016,-68.6527,20250401,DFO AZMP
13022,35227951,43.3285,-69.1077,20250401,DFO AZMP
13023,35945904,43.4602,-68.2157,20250401,DFO AZMP
13024,39229433,43.633,-67.1513,20250401,DFO AZMP
13025,40602843,43.6191,-67.2263,20250401,DFO AZMP
13026,40798094,43.6149,-67.3156,20250401,DFO AZMP
13027,46415208,43.6131,-67.3074,20250401,DFO AZMP
13028,47980123,43.5192,-67.7555,20250401,DFO AZMP
13029,48233688,43.6687,-66.916,20250401,DFO AZMP
13030,53610733,43.6459,-67.075,20250401,DFO AZMP
13031,55710452,43.3775,-68.8275,20250401,DFO AZMP
13032,59831946,43.6113,-67.3089,20250401,DFO AZMP
13033,61729573,43.2587,-69.5453,20250401,DFO AZMP
13034,62950397,43.781,-69.975,20250401,Bowdoin College (SCSC)
13035,65670488,43.3963,-68.6548,20250401,DFO AZMP
13036,67071997,43.6108,-67.3046,20250401,DFO AZMP
13037,67844658,43.4487,-68.2361,20250401,DFO AZMP
13038,68108280,43.468,-68.213,20250401,DFO AZMP
13039,73259345,43.61,-67.3007,20250401,DFO AZMP
13040,73515147,43.5718,-67.5494,20250401,DFO AZMP
13041,73860525,43.3287,-69.0985,20250401,DFO AZMP
13042,75466853,43.2335,-69.7634,20250401,DFO AZMP
13043,76404017,43.4212,-68.5308,20250401,DFO AZMP
13044,77682865,43.2651,-69.5615,20250401,DFO AZMP
13045,78152662,43.4063,-68.6209,20250401,DFO AZMP
13046,79759904,43.5855,-67.471,20250401,DFO AZMP
13047,81211814,43.3085,-69.2771,20250401,DFO AZMP
13048,83587917,43.3258,-69.189,20250401,DFO AZMP
13049,84130563,43.2618,-69.5596,20250401,DFO AZMP
13050,84275378,43.2604,-69.5569,20250401,DFO AZMP
13051,85271973,43.2154,-69.8506,20250401,DFO AZMP
13052,86781566,43.5456,-67.7102,20250401,DFO AZMP
13053,90297231,43.3922,-68.7391,20250401,DFO AZMP
13054,94475619,43.6144,-67.3292,20250401,DFO AZMP
13055,96815516,43.5374,-67.7546,20250401,DFO AZMP
13056,98815013,43.4934,-67.9819,20250401,DFO AZMP
13057,99846260,43.5334,-67.7538,20250401,DFO AZMP
13058,99913258,43.3402,-69.1104,20250401,DFO AZMP
13059,02817190,42.9155,-69.341,20250402,DFO AZMP
13060,04130980,42.6406,-67.86,20250402,DFO AZMP
13061,06540350,43.0372,-70.0156,20250402,DFO AZMP
13062,10343499,42.9541,-69.5651,20250402,DFO AZMP
13063,10367945,42.6974,-68.2021,20250402,DFO AZMP
13064,13982850,42.7404,-68.3728,20250402,DFO AZMP
13065,14676583,43.158,-70.2773,20250402,DFO AZMP
13066,15410666,43.1917,-70.0189,20250402,DFO AZMP
13067,15442006,42.7916,-68.6562,20250402,DFO AZMP
13068,19073245,42.7989,-68.6627,20250402,DFO AZMP
13069,21205060,42.9795,-69.6941,20250402,DFO AZMP
13070,22483539,42.9475,-69.5189,20250402,DFO AZMP
13071,22505032,42.6157,-67.7383,20250402,DFO AZMP
13072,23369817,43.1559,-70.2712,20250402,DFO AZMP
13073,23924459,42.7968,-68.6306,20250402,DFO AZMP
13074,25314761,43.0953,-70.1417,20250402,DFO AZMP
13075,26883229,42.6789,-68.1256,20250402,DFO AZMP
13076,30176473,42.7212,-68.2873,20250402,DFO AZMP
13077,30668249,43.1905,-70.0115,20250402,DFO AZMP
13078,31847183,42.8608,-68.9936,20250402,DFO AZMP
13079,33851627,43.176,-70.1072,20250402,DFO AZMP
13080,36328411,42.8827,-69.097,20250402,DFO AZMP
13081,39203416,42.9952,-69.7821,20250402,DFO AZMP
13082,42843201,43.1603,-70.2844,20250402,DFO AZMP
13083,43593560,42.8812,-69.1108,20250402,DFO AZMP
13084,44234314,42.7028,-68.2046,20250402,DFO AZMP
13085,44916191,42.7938,-68.6582,20250402,DFO AZMP
13086,45226911,43.163,-70.1991,20250402,DFO AZMP
13087,47084650,43.0262,-69.9594,20250402,DFO AZMP
13088,47872025,43.1633,-70.2916,20250402,DFO AZMP
13089,58769552,43.1466,-70.2613,20250402,DFO AZMP
13090,59606499,42.6921,-68.2008,20250402,DFO AZMP
13091,61817389,43.0373,-70.0193,20250402,DFO AZMP
13092,62950397,43.781,-69.975,20250402,Bowdoin College (SCSC)
13093,63041053,43.1979,-69.9385,20250402,DFO AZMP
13094,63299837,42.9643,-69.6066,20250402,DFO AZMP
13095,63933681,43.1872,-70.0078,20250402,DFO AZMP
13096,65770121,42.6886,-68.187,20250402,DFO AZMP
13097,70083052,42.7601,-68.4572,20250402,DFO AZMP
13098,70451787,42.9545,-69.5627,20250402,DFO AZMP
13099,72229438,42.6542,-67.9528,20250402,DFO AZMP
13100,73438799,42.8426,-68.9109,20250402,DFO AZMP
13101,73615922,42.6225,-67.7401,20250402,DFO AZMP
13102,79239602,42.8856,-69.1176,20250402,DFO AZMP
13103,80431404,42.8782,-69.1076,20250402,DFO AZMP
13104,81786592,43.0361,-70.0116,20250402,DFO AZMP
13105,82555229,43.0111,-69.8704,20250402,DFO AZMP
13106,82839780,43.1911,-70.0091,20250402,DFO AZMP
13107,87879537,42.627,-67.7639,20250402,DFO AZMP
13108,90201756,42.7785,-68.5439,20250402,DFO AZMP
13109,90990334,42.8086,-68.745,20250402,DFO AZMP
13110,91432832,42.9007,-69.2522,20250402,DFO AZMP
13111,93446668,42.956,-69.5597,20250402,DFO AZMP
13112,95008405,42.8736,-69.0543,20250402,DFO AZMP
13113,95400279,42.6665,-68.0452,20250402,DFO AZMP
13114,95613139,42.7896,-68.6623,20250402,DFO AZMP
13115,96217912,43.0339,-70.0074,20250402,DFO AZMP
13116,98340851,42.9313,-69.43,20250402,DFO AZMP
13117,98493315,43.0605,-70.0634,20250402,DFO AZMP
13118,98759927,43.1285,-70.2206,20250402,DFO AZMP
13119,98943210,42.8856,-69.1627,20250402,DFO AZMP
13120,02056667,42.2593,-65.8494,20250403,DFO AZMP
13121,02068067,42.1617,-65.9639,20250403,DFO AZMP
13122,04524033,42.6095,-67.7383,20250403,DFO AZMP
13123,06807256,42.2649,-65.8575,20250403,DFO AZMP
13124,08459145,42.1616,-65.9749,20250403,DFO AZMP
13125,11419269,42.2325,-65.8958,20250403,DFO AZMP
13126,17878902,42.1968,-65.9336,20250403,DFO AZMP
13127,19526089,42.3789,-66.3732,20250403,DFO AZMP
13128,22694839,42.2674,-65.882,20250403,DFO AZMP
13129,22830938,42.3787,-66.3837,20250403,DFO AZMP
13130,24251120,42.5526,-67.3122,20250403,DFO AZMP
13131,24377444,42.5466,-67.2722,20250403,DFO AZMP
13132,24449422,42.4586,-66.8492,20250403,DFO AZMP
13133,37663922,42.5588,-67.3472,20250403,DFO AZMP
13134,38229233,42.604,-67.7396,20250403,DFO AZMP
13135,38906666,42.4596,-66.8468,20250403,DFO AZMP
13136,41470319,42.5066,-67.073,20250403,DFO AZMP
13137,41944551,42.1628,-65.9676,20250403,DFO AZMP
13138,44245824,42.5378,-67.2257,20250403,DFO AZMP
13139,46477674,42.588,-67.5229,20250403,DFO AZMP
13140,46757263,42.5884,-67.6115,20250403,DFO AZMP
13141,49696839,42.5228,-67.1594,20250403,DFO AZMP
13142,51232875,42.2286,-65.8867,20250403,DFO AZMP
13143,57022962,42.4889,-66.9874,20250403,DFO AZMP
13144,57526956,42.5554,-67.3156,20250403,DFO AZMP
13145,57903759,42.1918,-65.9138,20250403,DFO AZMP
13146,58749778,42.2702,-65.8666,20250403,DFO AZMP
13147,61292280,42.1166,-66.0379,20250403,DFO AZMP
13148,62950397,43.781,-69.975,20250403,Bowdoin College (SCSC)
13149,64987784,42.4029,-66.5367,20250403,DFO AZMP
13150,65698381,42.2333,-65.9086,20250403,DFO AZMP
13151,66972827,42.4504,-66.799,20250403,DFO AZMP
13152,67659129,42.5987,-67.7031,20250403,DFO AZMP
13153,68876169,42.4586,-66.8483,20250403,DFO AZMP
13154,71489402,42.46,-66.8502,20250403,DFO AZMP
13155,73462430,42.5733,-67.4344,20250403,DFO AZMP
13156,75799048,42.4723,-66.9034,20250403,DFO AZMP
13157,77405789,42.1944,-65.9235,20250403,DFO AZMP
13158,77760516,42.2004,-65.9386,20250403,DFO AZMP
13159,78496327,42.553,-67.307,20250403,DFO AZMP
13160,83778730,42.1279,-66.0326,20250403,DFO AZMP
13161,87170444,42.3859,-66.4441,20250403,DFO AZMP
13162,89081314,42.5528,-67.3038,20250403,DFO AZMP
13163,96410811,42.4362,-66.7131,20250403,DFO AZMP
13164,98687180,42.4202,-66.6262,20250403,DFO AZMP
13165,98739713,42.116,-66.0427,20250403,DFO AZMP
13166,99899264,42.3786,-66.3948,20250403,DFO AZMP
13167,01009340,43.2311,-64.7895,20250404,DFO AZMP
13168,02520931,42.8161,-65.2918,20250404,DFO AZMP
13169,03101275,42.3503,-65.8464,20250404,DFO AZMP
13170,06956591,42.6081,-65.5453,20250404,DFO AZMP
13171,08075602,44.3996,-63.4533,20250404,DFO AZMP
13172,09099589,42.2927,-65.8431,20250404,DFO AZMP
13173,10333206,42.8665,-65.2329,20250404,DFO AZMP
13174,14243001,43.9334,-63.9097,20250404,DFO AZMP
13175,16069687,42.4289,-65.779,20250404,DFO AZMP
13176,16241176,43.384,-64.601,20250404,DFO AZMP
13177,18039157,43.5837,-64.3485,20250404,DFO AZMP
13178,20246635,43.1778,-64.8496,20250404,DFO AZMP
13179,22223796,42.4211,-65.7464,20250404,DFO AZMP
13180,22694256,42.3012,-65.839,20250404,DFO AZMP
13181,28234736,44.0321,-63.7888,20250404,DFO AZMP
13182,28968018,43.0222,-65.0399,20250404,DFO AZMP
13183,32941608,44.3204,-63.4217,20250404,DFO AZMP
13184,33061341,44.4007,-63.4482,20250404,DFO AZMP
13185,34381585,43.7353,-64.162,20250404,DFO AZMP
13186,34510432,42.3228,-65.8731,20250404,DFO AZMP
13187,38710024,43.4332,-64.5392,20250404,DFO AZMP
13188,40057579,42.3258,-65.8525,20250404,DFO AZMP
13189,42131773,44.3637,-63.4321,20250404,DFO AZMP
13190,43701629,43.4843,-64.4752,20250404,DFO AZMP
13191,44254234,43.5347,-64.4105,20250404,DFO AZMP
13192,44379352,42.6615,-65.4791,20250404,DFO AZMP
13193,44552600,43.7859,-64.0986,20250404,DFO AZMP
13194,46323337,42.3296,-65.8367,20250404,DFO AZMP
13195,46651205,42.2859,-65.8489,20250404,DFO AZMP
13196,47989896,42.4488,-65.7444,20250404,DFO AZMP
13197,49358887,43.1258,-64.9125,20250404,DFO AZMP
13198,51823048,43.6358,-64.2918,20250404,DFO AZMP
13199,52349920,42.3329,-65.8222,20250404,DFO AZMP
13200,54158844,42.7649,-65.3518,20250404,DFO AZMP
13201,56841681,42.5004,-65.6768,20250404,DFO AZMP
13202,58744323,44.1777,-63.6045,20250404,DFO AZMP
13203,61787009,44.081,-63.727,20250404,DFO AZMP
13204,62950397,43.781,-69.975,20250404,Bowdoin College (SCSC)
13205,70727680,42.4247,-65.7683,20250404,DFO AZMP
13206,71961809,42.2472,-65.834,20250404,DFO AZMP
13207,72679748,44.1296,-63.6656,20250404,DFO AZMP
13208,73157490,43.0747,-64.9751,20250404,DFO AZMP
13209,76851623,43.9834,-63.8506,20250404,DFO AZMP
13210,79811871,43.6854,-64.2285,20250404,DFO AZMP
13211,80440668,42.9172,-65.1697,20250404,DFO AZMP
13212,81211163,44.2243,-63.5412,20250404,DFO AZMP
13213,83646724,42.3906,-65.7871,20250404,DFO AZMP
13214,83970056,43.885,-63.9738,20250404,DFO AZMP
13215,84211259,42.2909,-65.8375,20250404,DFO AZMP
13216,84219214,44.4009,-63.4503,20250404,DFO AZMP
13217,87493520,42.9694,-65.1051,20250404,DFO AZMP
13218,88403664,42.3364,-65.8116,20250404,DFO AZMP
13219,88771933,44.3984,-63.4502,20250404,DFO AZMP
13220,93599975,44.2727,-63.4808,20250404,DFO AZMP
13221,95997918,42.4234,-65.7593,20250404,DFO AZMP
13222,96297778,42.7143,-65.4148,20250404,DFO AZMP
13223,96539440,42.2542,-65.8396,20250404,DFO AZMP
13224,96626228,43.3339,-64.6621,20250404,DFO AZMP
13225,97102843,44.3772,-63.4097,20250404,DFO AZMP
13226,97760096,42.2972,-65.8418,20250404,DFO AZMP
13227,98039677,42.5543,-65.6112,20250404,DFO AZMP
13228,98608323,43.2838,-64.7264,20250404,DFO AZMP
13229,00456735,44.1239,-63.1855,20250405,DFO AZMP
13230,02081062,44.0728,-63.1204,20250405,DFO AZMP
13231,05873507,43.7653,-62.7536,20250405,DFO AZMP
13232,09090272,44.2657,-63.3232,20250405,DFO AZMP
13233,09786420,43.6314,-62.6133,20250405,DFO AZMP
13234,11720249,43.9177,-62.9271,20250405,DFO AZMP
13235,12360688,43.5187,-62.4958,20250405,DFO AZMP
13236,22071538,43.6879,-62.6717,20250405,DFO AZMP
13237,22535361,43.8629,-62.8604,20250405,DFO AZMP
13238,27475746,43.8877,-62.8853,20250405,DFO AZMP
13239,29260038,43.3548,-62.3089,20250405,DFO AZMP
13240,29906796,43.1873,-62.1053,20250405,DFO AZMP
13241,30890865,43.8843,-62.8813,20250405,DFO AZMP
13242,32007381,43.1835,-62.1005,20250405,DFO AZMP
13243,33331086,43.8268,-62.8197,20250405,DFO AZMP
13244,37834714,43.1923,-62.1108,20250405,DFO AZMP
13245,38593023,43.7636,-62.7525,20250405,DFO AZMP
13246,39755542,43.9701,-62.9912,20250405,DFO AZMP
13247,41112730,44.2614,-63.353,20250405,DFO AZMP
13248,48091054,44.3013,-63.4013,20250405,DFO AZMP
13249,48327496,43.742,-62.7256,20250405,DFO AZMP
13250,49479384,43.1563,-62.0727,20250405,DFO AZMP
13251,52975078,43.2565,-62.1887,20250405,DFO AZMP
13252,57253289,43.8828,-62.8801,20250405,DFO AZMP
13253,62072521,43.2083,-62.1294,20250405,DFO AZMP
13254,62950397,43.781,-69.975,20250405,Bowdoin College (SCSC)
13255,66144166,44.2623,-63.3328,20250405,DFO AZMP
13256,67091462,43.4794,-62.4519,20250405,DFO AZMP
13257,67476042,43.4801,-62.4583,20250405,DFO AZMP
13258,70913642,43.7689,-62.7551,20250405,DFO AZMP
13259,71057526,43.3053,-62.249,20250405,DFO AZMP
13260,78557649,43.4795,-62.462,20250405,DFO AZMP
13261,78692319,43.8882,-62.8916,20250405,DFO AZMP
13262,79199032,44.0211,-63.0569,20250405,DFO AZMP
13263,80064996,44.173,-63.2498,20250405,DFO AZMP
13264,82706426,43.5756,-62.5535,20250405,DFO AZMP
13265,83308563,43.4408,-62.417,20250405,DFO AZMP
13266,89502300,43.7772,-62.7663,20250405,DFO AZMP
13267,89626039,44.2668,-63.3413,20250405,DFO AZMP
13268,90099264,44.2606,-63.3536,20250405,DFO AZMP
13269,92504139,43.4024,-62.3672,20250405,DFO AZMP
13270,96701303,44.2152,-63.2999,20250405,DFO AZMP
13271,97260312,43.1097,-62.0198,20250405,DFO AZMP
13272,99497003,44.259,-63.3443,20250405,DFO AZMP
13273,62950397,43.781,-69.975,20250406,Bowdoin College (SCSC)
13274,19394123,41.325,-70.566,20250414,Martha's Vineyard Coastal Observatory
13275,62950397,43.781,-69.975,20250414,Bowdoin College (SCSC)
13276,62950397,43.781,-69.975,20250415,Bowdoin College (SCSC)
13277,62950397,43.781,-69.975,20250416,Bowdoin College (SCSC)
13278,01853640,42.8672,-61.949,20250417,DFO AZMP
13279,03298005,42.6155,-61.7293,20250417,DFO AZMP
13280,05564189,43.8358,-62.8396,20250417,DFO AZMP
13281,14018910,44.1703,-63.2993,20250417,DFO AZMP
13282,20860544,43.7892,-62.7869,20250417,DFO AZMP
13283,31874820,43.6518,-62.6264,20250417,DFO AZMP
13284,32026069,42.8164,-61.9226,20250417,DFO AZMP
13285,34430399,43.9682,-63.0023,20250417,DFO AZMP
13286,41482399,42.6656,-61.7775,20250417,DFO AZMP
13287,43018724,44.025,-63.2226,20250417,DFO AZMP
13288,43801449,42.9219,-61.9161,20250417,DFO AZMP
13289,44094663,44.055,-63.2804,20250417,DFO AZMP
13290,45968594,42.7165,-61.8255,20250417,DFO AZMP
13291,46509154,43.8814,-62.8935,20250417,DFO AZMP
13292,46687763,44.1127,-63.2901,20250417,DFO AZMP
13293,49781027,42.7667,-61.8753,20250417,DFO AZMP
13294,49972354,43.5115,-62.4761,20250417,DFO AZMP
13295,60406915,43.4611,-62.3378,20250417,DFO AZMP
13296,62789619,43.987,-63.0766,20250417,DFO AZMP
13297,62950397,43.781,-69.975,20250417,Bowdoin College (SCSC)
13298,65999374,43.4449,-62.2631,20250417,DFO AZMP
13299,66269626,43.6967,-62.6787,20250417,DFO AZMP
13300,66765822,43.4055,-62.2031,20250417,DFO AZMP
13301,67539062,43.56,-62.5255,20250417,DFO AZMP
13302,71505350,43.9264,-62.9467,20250417,DFO AZMP
13303,73445945,44.2275,-63.3096,20250417,DFO AZMP
13304,75165417,44.2585,-63.3242,20250417,DFO AZMP
13305,78775403,44.2644,-63.3176,20250417,DFO AZMP
13306,82224111,43.7425,-62.7325,20250417,DFO AZMP
13307,89936312,43.4776,-62.4134,20250417,DFO AZMP
13308,94940545,44.0055,-63.149,20250417,DFO AZMP
13309,03951208,44.3288,-63.2583,20250418,DFO AZMP
13310,08308683,44.257,-63.3287,20250418,DFO AZMP
13311,12331813,44.2486,-63.375,20250418,DFO AZMP
13312,14983789,44.2472,-63.3868,20250418,DFO AZMP
13313,18897864,44.3323,-63.2493,20250418,DFO AZMP
13314,20510889,44.2844,-63.3041,20250418,DFO AZMP
13315,21758473,44.2564,-63.339,20250418,DFO AZMP
13316,21931258,44.2587,-63.3271,20250418,DFO AZMP
13317,25329301,44.2514,-63.3624,20250418,DFO AZMP
13318,35182711,44.2996,-63.3401,20250418,DFO AZMP
13319,35795184,44.2914,-63.2977,20250418,DFO AZMP
13320,36691710,44.3462,-63.2424,20250418,DFO AZMP
13321,49732531,44.32,-63.254,20250418,DFO AZMP
13322,49978664,44.2543,-63.3501,20250418,DFO AZMP
13323,56289204,44.2933,-63.274,20250418,DFO AZMP
13324,56452411,44.3135,-63.261,20250418,DFO AZMP
13325,58319743,44.3234,-63.2544,20250418,DFO AZMP
13326,60422884,44.3427,-63.3717,20250418,DFO AZMP
13327,62950397,43.781,-69.975,20250418,Bowdoin College (SCSC)
13328,64813398,44.3081,-63.2701,20250418,DFO AZMP
13329,68193799,44.3,-63.2708,20250418,DFO AZMP
13330,69532182,44.3403,-63.2472,20250418,DFO AZMP
13331,80443028,44.3168,-63.2681,20250418,DFO AZMP
13332,82521559,44.2627,-63.3418,20250418,DFO AZMP
13333,92145917,44.263,-63.3208,20250418,DFO AZMP
13334,92176787,44.3065,-63.2665,20250418,DFO AZMP
13335,94641865,44.3187,-63.2526,20250418,DFO AZMP
13336,07843497,43.466,-64.8959,20250421,DFO AZMP
13337,16625093,43.9267,-64.1626,20250421,DFO AZMP
13338,28367595,43.6037,-64.6763,20250421,DFO AZMP
13339,40351581,43.7433,-64.4539,20250421,DFO AZMP
13340,45303644,43.6498,-64.6022,20250421,DFO AZMP
13341,46041497,43.7899,-64.3814,20250421,DFO AZMP
13342,53182964,44.0897,-63.9025,20250421,DFO AZMP
13343,56156923,43.4181,-64.9679,20250421,DFO AZMP
13344,58185135,43.8806,-64.2352,20250421,DFO AZMP
13345,62872981,43.8351,-64.3079,20250421,DFO AZMP
13346,62950397,43.781,-69.975,20250421,Bowdoin College (SCSC)
13347,65987777,43.3737,-65.043,20250421,DFO AZMP
13348,72016119,44.137,-63.8281,20250421,DFO AZMP
13349,81579206,44.1848,-63.7542,20250421,DFO AZMP
13350,87295596,43.5576,-64.7491,20250421,DFO AZMP
13351,87988045,43.9727,-64.0904,20250421,DFO AZMP
13352,91465217,43.698,-64.5291,20250421,DFO AZMP
13353,96017532,43.5125,-64.8223,20250421,DFO AZMP
13354,02889199,41.3719,-67.8206,20250422,DFO AZMP
13355,08090139,42.863,-65.8503,20250422,DFO AZMP
13356,09967368,41.1349,-68.1286,20250422,DFO AZMP
13357,10081317,43.0922,-65.4787,20250422,DFO AZMP
13358,12385435,40.8423,-68.8318,20250422,DFO AZMP
13359,14611300,42.9114,-65.7778,20250422,DFO AZMP
13360,15410616,43.1862,-65.3334,20250422,DFO AZMP
13361,15939089,42.3834,-66.5991,20250422,DFO AZMP
13362,18411535,41.2232,-68.0031,20250422,DFO AZMP
13363,19394123,41.325,-70.566,20250422,Martha's Vineyard Coastal Observatory
13364,22696390,42.0456,-67.0485,20250422,DFO AZMP
13365,24624737,43.0458,-65.5515,20250422,DFO AZMP
13366,25091474,42.5303,-66.3833,20250422,DFO AZMP
13367,25891958,42.1986,-66.8837,20250422,DFO AZMP
13368,27676026,42.5827,-66.3181,20250422,DFO AZMP
13369,28481106,42.2436,-66.8147,20250422,DFO AZMP
13370,32549115,43.1386,-65.4059,20250422,DFO AZMP
13371,35068965,41.2726,-67.9428,20250422,DFO AZMP
13372,37121435,42.2895,-66.7444,20250422,DFO AZMP
13373,38912131,41.7286,-67.3853,20250422,DFO AZMP
13374,39445400,43.0011,-65.6252,20250422,DFO AZMP
13375,40848227,40.7551,-69.0408,20250422,DFO AZMP
13376,41631921,40.8139,-68.9004,20250422,DFO AZMP
13377,44353076,40.9573,-68.5576,20250422,DFO AZMP
13378,48535955,40.9,-68.6947,20250422,DFO AZMP
13379,48809162,43.3276,-65.1154,20250422,DFO AZMP
13380,52979695,41.1056,-68.2047,20250422,DFO AZMP
13381,55380203,43.2805,-65.1884,20250422,DFO AZMP
13382,56139636,42.0971,-66.9946,20250422,DFO AZMP
13383,56304186,41.526,-67.6335,20250422,DFO AZMP
13384,62372698,42.6833,-66.1715,20250422,DFO AZMP
13385,62950397,43.781,-69.975,20250422,Bowdoin College (SCSC)
13386,64437411,40.928,-68.6248,20250422,DFO AZMP
13387,65769464,41.0733,-68.2767,20250422,DFO AZMP
13388,66252706,41.174,-68.0612,20250422,DFO AZMP
13389,67252493,42.8169,-65.9276,20250422,DFO AZMP
13390,67353332,40.986,-68.4887,20250422,DFO AZMP
13391,67858538,41.5774,-67.57,20250422,DFO AZMP
13392,68973270,41.473,-67.6948,20250422,DFO AZMP
13393,69566278,40.8708,-68.7632,20250422,DFO AZMP
13394,71227517,42.6336,-66.2474,20250422,DFO AZMP
13395,71312623,41.8332,-67.27,20250422,DFO AZMP
13396,74670034,41.7804,-67.3265,20250422,DFO AZMP
13397,77449566,42.7728,-66.0076,20250422,DFO AZMP
13398,78224349,43.2332,-65.2613,20250422,DFO AZMP
13399,78943737,42.1475,-66.9407,20250422,DFO AZMP
13400,79016567,41.6285,-67.5083,20250422,DFO AZMP
13401,80438992,42.7291,-66.089,20250422,DFO AZMP
13402,80810005,41.322,-67.8818,20250422,DFO AZMP
13403,80984863,40.7254,-69.1119,20250422,DFO AZMP
13404,81521704,41.0145,-68.4189,20250422,DFO AZMP
13405,81550347,41.9401,-67.1583,20250422,DFO AZMP
13406,82973324,40.7842,-68.9697,20250422,DFO AZMP
13407,86919553,41.8872,-67.2147,20250422,DFO AZMP
13408,91006682,42.4795,-66.4528,20250422,DFO AZMP
13409,91187877,42.3356,-66.6719,20250422,DFO AZMP
13410,92215084,41.9938,-67.1034,20250422,DFO AZMP
13411,94803535,40.6965,-69.1826,20250422,DFO AZMP
13412,95384878,41.4225,-67.7587,20250422,DFO AZMP
13413,97344617,42.9582,-65.7016,20250422,DFO AZMP
13414,98133350,42.4299,-66.5241,20250422,DFO AZMP
13415,98966742,41.6781,-67.4472,20250422,DFO AZMP
13416,00324556,40.6728,-70.052,20250423,DFO AZMP
13417,01893219,40.6696,-69.8679,20250423,DFO AZMP
13418,05542373,40.6753,-69.4268,20250423,DFO AZMP
13419,05652929,40.7008,-70.2214,20250423,DFO AZMP
13420,05896377,40.6716,-69.5122,20250423,DFO AZMP
13421,10475633,40.9384,-70.994,20250423,DFO AZMP
13422,13990859,40.7992,-70.5004,20250423,DFO AZMP
13423,14804716,40.727,-70.2907,20250423,DFO AZMP
13424,18959350,40.8963,-70.7721,20250423,DFO AZMP
13425,19394123,41.325,-70.566,20250423,Martha's Vineyard Coastal Observatory
13426,19451796,40.9416,-71.245,20250423,DFO AZMP
13427,19568790,41.225,-71.3554,20250423,DFO AZMP
13428,23481913,40.6724,-69.5985,20250423,DFO AZMP
13429,25500754,41.0382,-71.3113,20250423,DFO AZMP
13430,26942506,41.1005,-71.3313,20250423,DFO AZMP
13431,30536433,40.6806,-69.3434,20250423,DFO AZMP
13432,33147177,40.6688,-69.7767,20250423,DFO AZMP
13433,36524255,40.6861,-69.2615,20250423,DFO AZMP
13434,36610350,41.1619,-71.3499,20250423,DFO AZMP
13435,38629849,40.8746,-70.7027,20250423,DFO AZMP
13436,42312545,40.6708,-69.9597,20250423,DFO AZMP
13437,44279190,40.9327,-70.9113,20250423,DFO AZMP
13438,54306014,41.2911,-71.357,20250423,DFO AZMP
13439,56635571,40.671,-69.6868,20250423,DFO AZMP
13440,62950397,43.781,-69.975,20250423,Bowdoin College (SCSC)
13441,71237331,40.9387,-71.1616,20250423,DFO AZMP
13442,71251848,40.7769,-70.4309,20250423,DFO AZMP
13443,73606115,40.939,-71.0781,20250423,DFO AZMP
13444,76346828,40.853,-70.633,20250423,DFO AZMP
13445,88247471,40.9764,-71.2928,20250423,DFO AZMP
13446,89858960,40.9189,-70.8406,20250423,DFO AZMP
13447,96770023,40.8244,-70.5677,20250423,DFO AZMP
13448,19394123,41.325,-70.566,20250424,Martha's Vineyard Coastal Observatory
13449,62950397,43.781,-69.975,20250424,Bowdoin College (SCSC)
13450,19394123,41.325,-70.566,20250425,Martha's Vineyard Coastal Observatory
13451,62950397,43.781,-69.975,20250425,Bowdoin College (SCSC)
13452,19394123,41.325,-70.566,20250426,Martha's Vineyard Coastal Observatory
13453,62950397,43.781,-69.975,20250426,Bowdoin College (SCSC)
13454,19394123,41.325,-70.566,20250427,Martha's Vineyard Coastal Observatory
13455,62950397,43.781,-69.975,20250427,Bowdoin College (SCSC)
13456,19394123,41.325,-70.566,20250428,Martha's Vineyard Coastal Observatory
13457,62950397,43.781,-69.975,20250428,Bowdoin College (SCSC)
13458,19394123,41.325,-70.566,20250429,Martha's Vineyard Coastal Observatory
13459,62950397,43.781,-69.975,20250429,Bowdoin College (SCSC)
13460,19394123,41.325,-70.566,20250430,Martha's Vineyard Coastal Observatory
13461,62950397,43.781,-69.975,20250430,Bowdoin College (SCSC)
13462,62950397,43.781,-69.975,20250502,Bowdoin College (SCSC)
13463,62950397,43.781,-69.975,20250503,Bowdoin College (SCSC)
13464,62950397,43.781,-69.975,20250504,Bowdoin College (SCSC)
13465,62950397,43.781,-69.975,20250505,Bowdoin College (SCSC)
13466,62950397,43.781,-69.975,20250506,Bowdoin College (SCSC)
13467,62950397,43.781,-69.975,20250507,Bowdoin College (SCSC)
13468,62950397,43.781,-69.975,20250508,Bowdoin College (SCSC)
13469,62950397,43.781,-69.975,20250509,Bowdoin College (SCSC)
13470,62950397,43.781,-69.975,20250510,Bowdoin College (SCSC)
13471,62950397,43.781,-69.975,20250513,Bowdoin College (SCSC)
13472,62950397,43.781,-69.975,20250514,Bowdoin College (SCSC)
13473,62950397,43.781,-69.975,20250515,Bowdoin College (SCSC)
13474,62950397,43.781,-69.975,20250516,Bowdoin College (SCSC)
13475,62950397,43.781,-69.975,20250518,Bowdoin College (SCSC)
13476,19394123,41.325,-70.566,20250520,Martha's Vineyard Coastal Observatory
13477,62950397,43.781,-69.975,20250520,Bowdoin College (SCSC)
13478,62950397,43.781,-69.975,20250526,Bowdoin College (SCSC)
13479,19394123,41.325,-70.566,20250527,Martha's Vineyard Coastal Observatory
13480,62950397,43.781,-69.975,20250527,Bowdoin College (SCSC)
13481,62950397,43.781,-69.975,20250529,Bowdoin College (SCSC)
13482,62950397,43.781,-69.975,20250602,Bowdoin College (SCSC)
13483,62950397,43.781,-69.975,20250603,Bowdoin College (SCSC)
13484,19394123,41.325,-70.566,20250604,Martha's Vineyard Coastal Observatory
13485,62950397,43.781,-69.975,20250604,Bowdoin College (SCSC)
13486,19394123,41.325,-70.566,20250605,Martha's Vineyard Coastal Observatory
13487,62950397,43.781,-69.975,20250605,Bowdoin College (SCSC)
13488,19394123,41.325,-70.566,20250606,Martha's Vineyard Coastal Observatory
13489,62950397,43.781,-69.975,20250606,Bowdoin College (SCSC)
13490,19394123,41.325,-70.566,20250607,Martha's Vineyard Coastal Observatory
13491,62950397,43.781,-69.975,20250607,Bowdoin College (SCSC)
13492,19394123,41.325,-70.566,20250608,Martha's Vineyard Coastal Observatory
13493,62950397,43.781,-69.975,20250608,Bowdoin College (SCSC)
13494,07152585,43.039,-69.7194,20250609,Gulf of Maine
13495,08393646,43.3165,-69.8951,20250609,Gulf of Maine
13496,08818918,42.81,-69.7263,20250609,Gulf of Maine
13497,12911923,42.9308,-70.2988,20250609,Gulf of Maine
13498,14154932,43.154,-70.3154,20250609,Gulf of Maine
13499,15385773,43.1112,-70.4574,20250609,Gulf of Maine
13500,15648833,42.9734,-70.4411,20250609,Gulf of Maine
13501,18044892,42.8468,-70.0204,20250609,Gulf of Maine
13502,19394123,41.325,-70.566,20250609,Martha's Vineyard Coastal Observatory
13503,20292618,43.208,-70.1766,20250609,Gulf of Maine
13504,25773601,42.8182,-69.9219,20250609,Gulf of Maine
13505,28790326,43.368,-69.7615,20250609,Gulf of Maine
13506,36636855,42.7698,-69.784,20250609,Gulf of Maine
13507,42208198,43.3853,-69.7094,20250609,Gulf of Maine
13508,44234299,42.9233,-69.7229,20250609,Gulf of Maine
13509,52217648,43.272,-69.7128,20250609,Gulf of Maine
13510,61893590,42.8887,-70.1588,20250609,Gulf of Maine
13511,62950397,43.781,-69.975,20250609,Bowdoin College (SCSC)
13512,76876010,43.2618,-70.0374,20250609,Gulf of Maine
13513,83619510,42.7479,-69.7243,20250609,Gulf of Maine
13514,89578283,42.8333,-69.9665,20250609,Gulf of Maine
13515,95522179,43.1558,-69.7159,20250609,Gulf of Maine
13516,19394123,41.325,-70.566,20250610,Martha's Vineyard Coastal Observatory
13517,62950397,43.781,-69.975,20250610,Bowdoin College (SCSC)
13518,00148857,42.4226,-70.8482,20250611,Gulf of Maine
13519,00960074,42.346,-70.5705,20250611,Gulf of Maine
13520,01528019,42.4035,-70.5018,20250611,Gulf of Maine
13521,02089109,42.242,-70.637,20250611,Gulf of Maine
13522,02969337,41.982,-70.5345,20250611,Gulf of Maine
13523,04368813,42.0286,-70.5536,20250611,Gulf of Maine
13524,04520841,42.3538,-70.7966,20250611,Gulf of Maine
13525,04954021,42.0983,-70.527,20250611,Gulf of Maine
13526,05037778,42.378,-70.5321,20250611,Gulf of Maine
13527,06226443,42.3393,-70.9407,20250611,Gulf of Maine
13528,06877534,42.4029,-70.5022,20250611,Gulf of Maine
13529,08788840,42.198,-70.6806,20250611,Gulf of Maine
13530,09258839,42.5401,-70.5456,20250611,Gulf of Maine
13531,10258787,42.3498,-70.9329,20250611,Gulf of Maine
13532,14022776,42.3565,-70.7056,20250611,Gulf of Maine
13533,15196633,42.315,-70.7279,20250611,Gulf of Maine
13534,15248813,42.4588,-70.6794,20250611,Gulf of Maine
13535,17847451,42.1033,-70.6175,20250611,Gulf of Maine
13536,19292793,42.3314,-70.8315,20250611,Gulf of Maine
13537,19394123,41.325,-70.566,20250611,Martha's Vineyard Coastal Observatory
13538,24423747,42.4807,-70.6172,20250611,Gulf of Maine
13539,24814128,42.2695,-70.6197,20250611,Gulf of Maine
13540,26108167,42.332,-70.5795,20250611,Gulf of Maine
13541,27406003,42.3253,-70.875,20250611,Gulf of Maine
13542,28511782,41.8444,-70.4983,20250611,Gulf of Maine
13543,30337343,42.1705,-70.5765,20250611,Gulf of Maine
13544,32258850,41.9954,-70.5128,20250611,Gulf of Maine
13545,32592913,42.5707,-70.5818,20250611,Gulf of Maine
13546,33482816,42.3413,-70.712,20250611,Gulf of Maine
13547,33899632,42.2683,-70.7344,20250611,Gulf of Maine
13548,34590956,42.315,-70.7268,20250611,Gulf of Maine
13549,36601629,42.3221,-70.9218,20250611,Gulf of Maine
13550,37247801,42.2558,-70.723,20250611,Gulf of Maine
13551,38255297,42.3006,-70.5997,20250611,Gulf of Maine
13552,40834426,42.5482,-70.6065,20250611,Gulf of Maine
13553,42739792,42.2246,-70.6991,20250611,Gulf of Maine
13554,44172546,41.8096,-70.4924,20250611,Gulf of Maine
13555,44367509,42.1672,-70.6643,20250611,Gulf of Maine
13556,44990589,42.4752,-70.6381,20250611,Gulf of Maine
13557,46789144,42.1839,-70.5877,20250611,Gulf of Maine
13558,47907877,41.7782,-70.492,20250611,Gulf of Maine
13559,47926079,41.9614,-70.5082,20250611,Gulf of Maine
13560,51142107,42.2134,-70.6128,20250611,Gulf of Maine
13561,51832123,42.4227,-70.5079,20250611,Gulf of Maine
13562,53431520,42.5826,-70.6008,20250611,Gulf of Maine
13563,54605827,42.0641,-70.5223,20250611,Gulf of Maine
13564,57465751,41.7718,-70.5022,20250611,Gulf of Maine
13565,57638795,42.5139,-70.6132,20250611,Gulf of Maine
13566,58762563,42.017,-70.5474,20250611,Gulf of Maine
13567,59306998,42.2204,-70.6942,20250611,Gulf of Maine
13568,60405024,42.0987,-70.5267,20250611,Gulf of Maine
13569,61392706,42.3772,-70.9048,20250611,Gulf of Maine
13570,61689917,42.4804,-70.6176,20250611,Gulf of Maine
13571,64203481,42.3639,-70.7607,20250611,Gulf of Maine
13572,66187934,42.5248,-70.5406,20250611,Gulf of Maine
13573,66507444,42.4312,-70.8041,20250611,Gulf of Maine
13574,66917741,42.2417,-70.637,20250611,Gulf of Maine
13575,68504977,42.0724,-70.5918,20250611,Gulf of Maine
13576,69162249,42.5443,-70.5502,20250611,Gulf of Maine
13577,69840107,42.4195,-70.8639,20250611,Gulf of Maine
13578,72756021,42.1391,-70.6498,20250611,Gulf of Maine
13579,75510214,41.7718,-70.5023,20250611,Gulf of Maine
13580,75750805,42.4909,-70.5297,20250611,Gulf of Maine
13581,76194627,42.3575,-70.7145,20250611,Gulf of Maine
13582,76746770,42.444,-70.7362,20250611,Gulf of Maine
13583,76929963,42.1268,-70.5462,20250611,Gulf of Maine
13584,80215478,42.0412,-70.5658,20250611,Gulf of Maine
13585,80600146,42.2917,-70.7309,20250611,Gulf of Maine
13586,80756299,42.4402,-70.7585,20250611,Gulf of Maine
13587,81065794,42.3658,-70.7772,20250611,Gulf of Maine
13588,84596649,42.4055,-70.877,20250611,Gulf of Maine
13589,85241581,42.1583,-70.568,20250611,Gulf of Maine
13590,85372911,42.0294,-70.5175,20250611,Gulf of Maine
13591,88412370,42.5878,-70.6015,20250611,Gulf of Maine
13592,88434389,41.879,-70.5042,20250611,Gulf of Maine
13593,90245806,42.4469,-70.7247,20250611,Gulf of Maine
13594,91715763,42.3525,-70.5626,20250611,Gulf of Maine
13595,92214114,41.9136,-70.5101,20250611,Gulf of Maine
13596,97642590,41.9476,-70.522,20250611,Gulf of Maine
13597,99494986,42.3315,-70.8336,20250611,Gulf of Maine
13598,99732375,42.1339,-70.643,20250611,Gulf of Maine
13599,19394123,41.325,-70.566,20250612,Martha's Vineyard Coastal Observatory
13600,84761721,42.9661,-70.3597,20250616,Gulf of Maine
13601,01015775,42.2447,-70.6405,20250617,Gulf of Maine
13602,02041911,42.3311,-70.8332,20250617,Gulf of Maine
13603,02066895,41.9478,-70.5232,20250617,Gulf of Maine
13604,03082847,42.967,-70.3594,20250617,Gulf of Maine
13605,03688930,42.0112,-70.5481,20250617,Gulf of Maine
13606,03927184,42.4808,-70.6192,20250617,Gulf of Maine
13607,04203805,42.2426,-70.6378,20250617,Gulf of Maine
13608,04334566,41.7723,-70.5032,20250617,Gulf of Maine
13609,05384702,42.2085,-70.6088,20250617,Gulf of Maine
13610,06148819,42.4821,-70.6207,20250617,Gulf of Maine
13611,09021290,42.4397,-70.7647,20250617,Gulf of Maine
13612,09919345,42.3561,-70.7063,20250617,Gulf of Maine
13613,12064714,42.3155,-70.7277,20250617,Gulf of Maine
13614,13134842,42.9671,-70.3591,20250617,Gulf of Maine
13615,14622926,41.7719,-70.5027,20250617,Gulf of Maine
13616,16943039,42.3573,-70.7074,20250617,Gulf of Maine
13617,17943063,42.0291,-70.5556,20250617,Gulf of Maine
13618,18824308,42.974,-70.3678,20250617,Gulf of Maine
13619,18965466,41.9318,-70.5199,20250617,Gulf of Maine
13620,19549953,42.3594,-70.7216,20250617,Gulf of Maine
13621,20120267,42.059,-70.5603,20250617,Gulf of Maine
13622,20989371,42.1389,-70.6504,20250617,Gulf of Maine
13623,21983751,42.2694,-70.7367,20250617,Gulf of Maine
13624,22773858,42.4441,-70.7354,20250617,Gulf of Maine
13625,25526016,42.9652,-70.361,20250617,Gulf of Maine
13626,25953755,42.0615,-70.6013,20250617,Gulf of Maine
13627,27837414,42.9668,-70.3597,20250617,Gulf of Maine
13628,29351100,42.3767,-70.7824,20250617,Gulf of Maine
13629,30230314,42.4206,-70.8668,20250617,Gulf of Maine
13630,31630200,42.2383,-70.6339,20250617,Gulf of Maine
13631,32904945,41.9128,-70.5103,20250617,Gulf of Maine
13632,33733043,42.0947,-70.5655,20250617,Gulf of Maine
13633,34749521,41.8273,-70.4955,20250617,Gulf of Maine
13634,34898355,42.3164,-70.7291,20250617,Gulf of Maine
13635,37254962,42.9665,-70.3597,20250617,Gulf of Maine
13636,38348816,42.3407,-70.9416,20250617,Gulf of Maine
13637,39665132,42.3334,-70.7201,20250617,Gulf of Maine
13638,40344927,41.8625,-70.5015,20250617,Gulf of Maine
13639,40481557,42.4718,-70.648,20250617,Gulf of Maine
13640,41090607,42.9664,-70.3596,20250617,Gulf of Maine
13641,41958451,42.9664,-70.3597,20250617,Gulf of Maine
13642,43630806,41.7725,-70.5025,20250617,Gulf of Maine
13643,44251823,42.4444,-70.7378,20250617,Gulf of Maine
13644,46809365,42.4321,-70.8112,20250617,Gulf of Maine
13645,48443717,42.967,-70.3591,20250617,Gulf of Maine
13646,48743509,42.2922,-70.6987,20250617,Gulf of Maine
13647,49492388,42.9671,-70.3589,20250617,Gulf of Maine
13648,49787387,42.3628,-70.7516,20250617,Gulf of Maine
13649,53333549,42.0289,-70.5808,20250617,Gulf of Maine
13650,54788727,42.2156,-70.7015,20250617,Gulf of Maine
13651,55228492,41.7918,-70.4894,20250617,Gulf of Maine
13652,55256691,42.3082,-70.7984,20250617,Gulf of Maine
13653,55782025,42.3876,-70.7853,20250617,Gulf of Maine
13654,56051236,41.9825,-70.5368,20250617,Gulf of Maine
13655,61564076,43.02,-70.577,20250617,Gulf of Maine
13656,61819725,42.9773,-70.3697,20250617,Gulf of Maine
13657,62223560,42.4591,-70.6571,20250617,Gulf of Maine
13658,63035268,42.9665,-70.3596,20250617,Gulf of Maine
13659,64357785,42.9745,-70.4201,20250617,Gulf of Maine
13660,64939654,42.1708,-70.5767,20250617,Gulf of Maine
13661,66072149,42.3272,-70.8654,20250617,Gulf of Maine
13662,66635151,42.1547,-70.6605,20250617,Gulf of Maine
13663,66745909,42.3626,-70.9201,20250617,Gulf of Maine
13664,68438339,42.126,-70.6419,20250617,Gulf of Maine
13665,71310662,42.3659,-70.7776,20250617,Gulf of Maine
13666,71749893,42.1865,-70.6819,20250617,Gulf of Maine
13667,72650455,42.0283,-70.5548,20250617,Gulf of Maine
13668,75348683,42.1662,-70.576,20250617,Gulf of Maine
13669,75961844,42.3296,-70.8324,20250617,Gulf of Maine
13670,76204961,42.2856,-70.7625,20250617,Gulf of Maine
13671,76738995,41.9965,-70.5604,20250617,Gulf of Maine
13672,79233765,41.9643,-70.5402,20250617,Gulf of Maine
13673,79656491,42.3369,-70.9416,20250617,Gulf of Maine
13674,79846484,42.3893,-70.7872,20250617,Gulf of Maine
13675,80030151,42.2681,-70.7347,20250617,Gulf of Maine
13676,80112843,42.9673,-70.3591,20250617,Gulf of Maine
13677,81340532,42.2668,-70.6674,20250617,Gulf of Maine
13678,81402700,42.0937,-70.6216,20250617,Gulf of Maine
13679,81579416,42.1305,-70.5707,20250617,Gulf of Maine
13680,82339518,42.4213,-70.8565,20250617,Gulf of Maine
13681,84012582,42.3209,-70.9079,20250617,Gulf of Maine
13682,84183022,42.4386,-70.6958,20250617,Gulf of Maine
13683,84502692,42.4803,-70.6184,20250617,Gulf of Maine
13684,86171363,42.9665,-70.3595,20250617,Gulf of Maine
13685,87471695,42.3918,-70.894,20250617,Gulf of Maine
13686,88812595,42.9685,-70.3612,20250617,Gulf of Maine
13687,89473159,42.3981,-70.7728,20250617,Gulf of Maine
13688,90824916,42.4793,-70.6186,20250617,Gulf of Maine
13689,90968894,42.4183,-70.7346,20250617,Gulf of Maine
13690,97726103,42.1787,-70.5838,20250617,Gulf of Maine
13691,98224145,42.4579,-70.6919,20250617,Gulf of Maine
13692,98306735,42.3671,-70.7796,20250617,Gulf of Maine
13693,98440437,42.2443,-70.7207,20250617,Gulf of Maine
13694,98814406,41.8978,-70.5077,20250617,Gulf of Maine
13695,99038253,41.8768,-70.504,20250617,Gulf of Maine
13696,99774575,42.4794,-70.6171,20250617,Gulf of Maine
13697,00474787,42.9665,-70.3594,20250618,Gulf of Maine
13698,01209205,42.9668,-70.3599,20250618,Gulf of Maine
13699,01302819,42.9924,-70.4555,20250618,Gulf of Maine
13700,01305185,42.9667,-70.3592,20250618,Gulf of Maine
13701,04151556,42.9668,-70.3598,20250618,Gulf of Maine
13702,05248959,42.9812,-70.4135,20250618,Gulf of Maine
13703,11147467,42.9669,-70.3592,20250618,Gulf of Maine
13704,12565703,43.0267,-70.582,20250618,Gulf of Maine
13705,14221335,42.9672,-70.3595,20250618,Gulf of Maine
13706,18249834,42.9671,-70.3603,20250618,Gulf of Maine
13707,22669071,42.9671,-70.36,20250618,Gulf of Maine
13708,24368514,42.9672,-70.3598,20250618,Gulf of Maine
13709,27462965,42.9667,-70.3598,20250618,Gulf of Maine
13710,31753851,43.0033,-70.496,20250618,Gulf of Maine
13711,32952288,42.9666,-70.3593,20250618,Gulf of Maine
13712,34108884,43.025,-70.5775,20250618,Gulf of Maine
13713,36810198,42.9669,-70.3595,20250618,Gulf of Maine
13714,36832132,42.9665,-70.3593,20250618,Gulf of Maine
13715,38068128,43.0144,-70.5376,20250618,Gulf of Maine
13716,39160091,42.9668,-70.3596,20250618,Gulf of Maine
13717,41958451,42.9664,-70.3597,20250618,Gulf of Maine
13718,45112175,42.967,-70.3593,20250618,Gulf of Maine
13719,47058407,42.9668,-70.36,20250618,Gulf of Maine
13720,48278087,42.9677,-70.3644,20250618,Gulf of Maine
13721,48547507,42.973,-70.3838,20250618,Gulf of Maine
13722,51711996,42.9664,-70.3595,20250618,Gulf of Maine
13723,53114048,42.9667,-70.3593,20250618,Gulf of Maine
13724,54597459,43.0273,-70.5813,20250618,Gulf of Maine
13725,62724742,42.9671,-70.3588,20250618,Gulf of Maine
13726,63035268,42.9665,-70.3596,20250618,Gulf of Maine
13727,69030276,42.9667,-70.3597,20250618,Gulf of Maine
13728,69234746,42.9672,-70.3589,20250618,Gulf of Maine
13729,73991784,42.9671,-70.3592,20250618,Gulf of Maine
13730,78951559,42.9666,-70.3591,20250618,Gulf of Maine
13731,80112843,42.9673,-70.3591,20250618,Gulf of Maine
13732,83019272,43.0193,-70.5557,20250618,Gulf of Maine
13733,86171363,42.9665,-70.3595,20250618,Gulf of Maine
13734,88554807,42.9868,-70.4347,20250618,Gulf of Maine
13735,92889627,43.0093,-70.5185,20250618,Gulf of Maine
13736,93153186,42.9666,-70.3592,20250618,Gulf of Maine
13737,98791428,42.977,-70.3979,20250618,Gulf of Maine
13738,99651714,43.0265,-70.5818,20250618,Gulf of Maine
13739,62950397,43.781,-69.975,20250623,Bowdoin College (SCSC)
13740,62950397,43.781,-69.975,20250624,Bowdoin College (SCSC)
13741,00729195,42.4348,-70.5117,20250625,Gulf of Maine
13742,01202111,42.3877,-70.8954,20250625,Gulf of Maine
13743,02382148,42.5658,-70.5768,20250625,Gulf of Maine
13744,02530391,42.3424,-70.7139,20250625,Gulf of Maine
13745,03016436,42.2844,-70.7326,20250625,Gulf of Maine
13746,03170305,42.4032,-70.5017,20250625,Gulf of Maine
13747,07877669,42.0044,-70.5445,20250625,Gulf of Maine
13748,08329443,42.3605,-70.9216,20250625,Gulf of Maine
13749,09079451,42.2207,-70.6961,20250625,Gulf of Maine
13750,09970889,41.971,-70.5316,20250625,Gulf of Maine
13751,12064714,42.3155,-70.7277,20250625,Gulf of Maine
13752,12816553,42.4193,-70.8644,20250625,Gulf of Maine
13753,18933036,42.3157,-70.7276,20250625,Gulf of Maine
13754,18961014,42.54,-70.5453,20250625,Gulf of Maine
13755,21095562,42.0593,-70.5818,20250625,Gulf of Maine
13756,22102170,42.1317,-70.5501,20250625,Gulf of Maine
13757,24453251,42.4438,-70.737,20250625,Gulf of Maine
13758,25131522,42.4505,-70.7135,20250625,Gulf of Maine
13759,25368665,42.1602,-70.5695,20250625,Gulf of Maine
13760,28063582,41.8693,-70.5028,20250625,Gulf of Maine
13761,28151921,42.1709,-70.5768,20250625,Gulf of Maine
13762,28825339,42.0307,-70.5572,20250625,Gulf of Maine
13763,31048457,42.3583,-70.7901,20250625,Gulf of Maine
13764,32704127,42.479,-70.6175,20250625,Gulf of Maine
13765,33092489,42.521,-70.6115,20250625,Gulf of Maine
13766,33214762,42.3654,-70.7777,20250625,Gulf of Maine
13767,33925846,42.2414,-70.6365,20250625,Gulf of Maine
13768,35636227,42.3315,-70.8337,20250625,Gulf of Maine
13769,35711608,42.4031,-70.5016,20250625,Gulf of Maine
13770,36212050,42.3378,-70.8242,20250625,Gulf of Maine
13771,39005395,41.9036,-70.5088,20250625,Gulf of Maine
13772,40479210,42.0457,-70.5202,20250625,Gulf of Maine
13773,41662240,42.5421,-70.549,20250625,Gulf of Maine
13774,41666870,42.2314,-70.7054,20250625,Gulf of Maine
13775,42133831,41.7756,-70.4979,20250625,Gulf of Maine
13776,44542350,42.328,-70.5819,20250625,Gulf of Maine
13777,44951960,42.4999,-70.5326,20250625,Gulf of Maine
13778,46160970,42.5866,-70.6018,20250625,Gulf of Maine
13779,46504882,42.2972,-70.6013,20250625,Gulf of Maine
13780,46870218,42.3473,-70.5675,20250625,Gulf of Maine
13781,47419481,42.3573,-70.714,20250625,Gulf of Maine
13782,48005130,42.0781,-70.5244,20250625,Gulf of Maine
13783,48181131,42.1394,-70.6509,20250625,Gulf of Maine
13784,48820977,42.3561,-70.7069,20250625,Gulf of Maine
13785,49124844,42.339,-70.9423,20250625,Gulf of Maine
13786,50868932,41.9498,-70.5078,20250625,Gulf of Maine
13787,53063749,42.4335,-70.7912,20250625,Gulf of Maine
13788,55303044,42.1166,-70.6313,20250625,Gulf of Maine
13789,55724167,42.146,-70.6538,20250625,Gulf of Maine
13790,55835101,42.4872,-70.6166,20250625,Gulf of Maine
13791,56282930,41.9375,-70.5187,20250625,Gulf of Maine
13792,57540038,42.0988,-70.5273,20250625,Gulf of Maine
13793,57742545,42.3715,-70.539,20250625,Gulf of Maine
13794,59157576,42.0134,-70.516,20250625,Gulf of Maine
13795,60366710,42.3355,-70.9397,20250625,Gulf of Maine
13796,61698293,42.2597,-70.7298,20250625,Gulf of Maine
13797,62950397,43.781,-69.975,20250625,Bowdoin College (SCSC)
13798,62966171,41.918,-70.5037,20250625,Gulf of Maine
13799,63324256,42.4419,-70.7475,20250625,Gulf of Maine
13800,63399756,42.2686,-70.7357,20250625,Gulf of Maine
13801,65501710,42.5874,-70.602,20250625,Gulf of Maine
13802,65504973,41.8858,-70.4996,20250625,Gulf of Maine
13803,65677677,42.4628,-70.6712,20250625,Gulf of Maine
13804,65885345,42.4251,-70.8349,20250625,Gulf of Maine
13805,67178820,42.3961,-70.5102,20250625,Gulf of Maine
13806,67383044,41.7998,-70.4908,20250625,Gulf of Maine
13807,67905535,41.9817,-70.512,20250625,Gulf of Maine
13808,68312308,42.5546,-70.6065,20250625,Gulf of Maine
13809,68363743,42.4153,-70.8689,20250625,Gulf of Maine
13810,72475067,42.2418,-70.6374,20250625,Gulf of Maine
13811,74894708,42.5299,-70.5406,20250625,Gulf of Maine
13812,75819000,42.088,-70.6065,20250625,Gulf of Maine
13813,77522097,42.327,-70.8603,20250625,Gulf of Maine
13814,83390329,42.4674,-70.5222,20250625,Gulf of Maine
13815,85632895,42.4741,-70.6326,20250625,Gulf of Maine
13816,85777438,42.214,-70.6135,20250625,Gulf of Maine
13817,86238658,42.2026,-70.6859,20250625,Gulf of Maine
13818,86342559,42.1034,-70.531,20250625,Gulf of Maine
13819,86899588,42.1866,-70.5903,20250625,Gulf of Maine
13820,89274494,42.0287,-70.5547,20250625,Gulf of Maine
13821,90193776,42.1741,-70.6698,20250625,Gulf of Maine
13822,91307567,42.3459,-70.57,20250625,Gulf of Maine
13823,95901527,42.2664,-70.6207,20250625,Gulf of Maine
13824,97343407,41.8348,-70.4968,20250625,Gulf of Maine
13825,98896780,42.3628,-70.756,20250625,Gulf of Maine
13826,62950397,43.781,-69.975,20250626,Bowdoin College (SCSC)
13827,62950397,43.781,-69.975,20250627,Bowdoin College (SCSC)
13828,62950397,43.781,-69.975,20250628,Bowdoin College (SCSC)
13829,62950397,43.781,-69.975,20250629,Bowdoin College (SCSC)
13830,62950397,43.781,-69.975,20250630,Bowdoin College (SCSC)
13831,62950397,43.781,-69.975,20250702,Bowdoin College (SCSC)
13832,62950397,43.781,-69.975,20250703,Bowdoin College (SCSC)
13833,62950397,43.781,-69.975,20250704,Bowdoin College (SCSC)
13834,62950397,43.781,-69.975,20250705,Bowdoin College (SCSC)
13835,62950397,43.781,-69.975,20250706,Bowdoin College (SCSC)
13836,62950397,43.781,-69.975,20250707,Bowdoin College (SCSC)
13837,04334721,42.4793,-70.6176,20250708,Gulf of Maine
13838,10486652,41.841,-70.4979,20250708,Gulf of Maine
13839,19889621,42.028,-70.5548,20250708,Gulf of Maine
13840,38842125,42.3561,-70.704,20250708,Gulf of Maine
13841,56382074,41.956,-70.5262,20250708,Gulf of Maine
13842,56808066,42.1924,-70.6796,20250708,Gulf of Maine
13843,62303683,41.7724,-70.5028,20250708,Gulf of Maine
13844,62950397,43.781,-69.975,20250708,Bowdoin College (SCSC)
13845,65342479,42.3295,-70.7191,20250708,Gulf of Maine
13846,68454776,42.5083,-70.6137,20250708,Gulf of Maine
13847,80362706,42.5432,-70.6088,20250708,Gulf of Maine
13848,85524832,42.3157,-70.7272,20250708,Gulf of Maine
13849,87614129,42.2604,-70.7288,20250708,Gulf of Maine
13850,95423793,42.1232,-70.6361,20250708,Gulf of Maine
13851,95492901,42.5787,-70.6037,20250708,Gulf of Maine
13852,62303683,41.7724,-70.5028,20250709,Gulf of Maine
13853,62950397,43.781,-69.975,20250709,Bowdoin College (SCSC)
13854,92991255,41.7724,-70.5029,20250709,Gulf of Maine
13855,62950397,43.781,-69.975,20250710,Bowdoin College (SCSC)
13856,62950397,43.781,-69.975,20250711,Bowdoin College (SCSC)
13857,62950397,43.781,-69.975,20250712,Bowdoin College (SCSC)
13858,62950397,43.781,-69.975,20250713,Bowdoin College (SCSC)
13859,00045520,42.9674,-70.359,20250715,Gulf of Maine
13860,13134842,42.9671,-70.3591,20250715,Gulf of Maine
13861,15163552,42.9995,-70.5028,20250715,Gulf of Maine
13862,30379539,42.967,-70.3588,20250715,Gulf of Maine
13863,32512228,42.9673,-70.3585,20250715,Gulf of Maine
13864,44986930,42.9729,-70.3971,20250715,Gulf of Maine
13865,47515343,42.9669,-70.3593,20250715,Gulf of Maine
13866,51459947,42.9676,-70.3592,20250715,Gulf of Maine
13867,58668887,42.9675,-70.3589,20250715,Gulf of Maine
13868,59591036,42.9672,-70.3586,20250715,Gulf of Maine
13869,60788753,42.9673,-70.3593,20250715,Gulf of Maine
13870,62909456,42.9668,-70.3593,20250715,Gulf of Maine
13871,62950397,43.781,-69.975,20250715,Bowdoin College (SCSC)
13872,68422197,43.015,-70.5589,20250715,Gulf of Maine
13873,76717792,42.9669,-70.3594,20250715,Gulf of Maine
13874,81803348,43.0289,-70.6072,20250715,Gulf of Maine
13875,89205517,43.0424,-70.6583,20250715,Gulf of Maine
13876,90142411,42.984,-70.452,20250715,Gulf of Maine
13877,92789102,42.9666,-70.3597,20250715,Gulf of Maine
13878,03082847,42.967,-70.3594,20250716,Gulf of Maine
13879,21765269,42.9673,-70.3588,20250716,Gulf of Maine
13880,30379539,42.967,-70.3588,20250716,Gulf of Maine
13881,32952288,42.9666,-70.3593,20250716,Gulf of Maine
13882,58185289,42.9667,-70.3591,20250716,Gulf of Maine
13883,62950397,43.781,-69.975,20250716,Bowdoin College (SCSC)
13884,68758356,42.9672,-70.3584,20250716,Gulf of Maine
13885,80130348,42.9667,-70.3594,20250716,Gulf of Maine
13886,90446288,42.9666,-70.3587,20250716,Gulf of Maine
13887,13642677,42.9932,-70.4653,20250717,Gulf of Maine
13888,26040577,43.0021,-70.5003,20250717,Gulf of Maine
13889,28923979,42.9836,-70.4266,20250717,Gulf of Maine
13890,31876941,42.9788,-70.4073,20250717,Gulf of Maine
13891,39849826,42.967,-70.3607,20250717,Gulf of Maine
13892,62950397,43.781,-69.975,20250717,Bowdoin College (SCSC)
13893,72897119,42.9873,-70.4411,20250717,Gulf of Maine
13894,78688510,42.9727,-70.3831,20250717,Gulf of Maine
13895,79509446,43.0166,-70.5572,20250717,Gulf of Maine
13896,83917368,42.9984,-70.4858,20250717,Gulf of Maine
13897,86675146,43.0077,-70.5214,20250717,Gulf of Maine
13898,91001335,43.0122,-70.5395,20250717,Gulf of Maine
13899,00066121,42.9664,-70.359,20250718,Gulf of Maine
13900,04557247,42.9665,-70.3585,20250718,Gulf of Maine
13901,04836495,42.9662,-70.3592,20250718,Gulf of Maine
13902,05172163,42.9663,-70.3583,20250718,Gulf of Maine
13903,07351003,42.966,-70.3591,20250718,Gulf of Maine
13904,11100615,42.9664,-70.3593,20250718,Gulf of Maine
13905,16875116,42.9664,-70.3587,20250718,Gulf of Maine
13906,23218870,42.9662,-70.3581,20250718,Gulf of Maine
13907,23892636,42.9658,-70.3588,20250718,Gulf of Maine
13908,29525046,42.9672,-70.3571,20250718,Gulf of Maine
13909,29748414,42.9669,-70.3596,20250718,Gulf of Maine
13910,29770001,42.9659,-70.3593,20250718,Gulf of Maine
13911,30250811,42.9671,-70.3601,20250718,Gulf of Maine
13912,31244327,42.9662,-70.3605,20250718,Gulf of Maine
13913,36814616,42.9663,-70.3599,20250718,Gulf of Maine
13914,36832132,42.9665,-70.3593,20250718,Gulf of Maine
13915,37124633,42.9665,-70.3598,20250718,Gulf of Maine
13916,39160091,42.9668,-70.3596,20250718,Gulf of Maine
13917,39777707,42.966,-70.3584,20250718,Gulf of Maine
13918,41958451,42.9664,-70.3597,20250718,Gulf of Maine
13919,42452484,42.9658,-70.3593,20250718,Gulf of Maine
13920,42490944,42.9663,-70.3588,20250718,Gulf of Maine
13921,43132420,42.9659,-70.3592,20250718,Gulf of Maine
13922,44055487,42.9664,-70.3586,20250718,Gulf of Maine
13923,45063382,42.9664,-70.3588,20250718,Gulf of Maine
13924,49219614,42.9659,-70.3594,20250718,Gulf of Maine
13925,50754982,42.9663,-70.3584,20250718,Gulf of Maine
13926,51158288,42.9663,-70.3593,20250718,Gulf of Maine
13927,51192603,42.9663,-70.3595,20250718,Gulf of Maine
13928,59730429,42.9674,-70.3588,20250718,Gulf of Maine
13929,62950397,43.781,-69.975,20250718,Bowdoin College (SCSC)
13930,63035268,42.9665,-70.3596,20250718,Gulf of Maine
13931,64017904,42.9666,-70.3601,20250718,Gulf of Maine
13932,65315878,42.966,-70.3581,20250718,Gulf of Maine
13933,70714400,42.9682,-70.3552,20250718,Gulf of Maine
13934,73829965,42.9662,-70.3585,20250718,Gulf of Maine
13935,75782153,42.9673,-70.3572,20250718,Gulf of Maine
13936,76604146,42.9663,-70.3581,20250718,Gulf of Maine
13937,76856750,42.9671,-70.3595,20250718,Gulf of Maine
13938,79134789,42.9668,-70.359,20250718,Gulf of Maine
13939,79937960,42.9673,-70.3569,20250718,Gulf of Maine
13940,80091447,42.9673,-70.3602,20250718,Gulf of Maine
13941,85305168,42.966,-70.3589,20250718,Gulf of Maine
13942,86171363,42.9665,-70.3595,20250718,Gulf of Maine
13943,92789102,42.9666,-70.3597,20250718,Gulf of Maine
13944,92914752,42.9664,-70.3594,20250718,Gulf of Maine
13945,96727843,42.9661,-70.3592,20250718,Gulf of Maine
13946,97535464,42.9659,-70.3578,20250718,Gulf of Maine
13947,01305185,42.9667,-70.3592,20250719,Gulf of Maine
13948,02030930,42.9656,-70.3595,20250719,Gulf of Maine
13949,03358971,42.9673,-70.3597,20250719,Gulf of Maine
13950,11100615,42.9664,-70.3593,20250719,Gulf of Maine
13951,16123346,42.9674,-70.3589,20250719,Gulf of Maine
13952,19614973,42.9665,-70.3592,20250719,Gulf of Maine
13953,21946742,42.966,-70.3597,20250719,Gulf of Maine
13954,26443002,42.9674,-70.3601,20250719,Gulf of Maine
13955,32952288,42.9666,-70.3593,20250719,Gulf of Maine
13956,33186210,42.9659,-70.3587,20250719,Gulf of Maine
13957,36832132,42.9665,-70.3593,20250719,Gulf of Maine
13958,37459853,42.9663,-70.359,20250719,Gulf of Maine
13959,44106152,42.9663,-70.3592,20250719,Gulf of Maine
13960,44205889,42.9666,-70.3594,20250719,Gulf of Maine
13961,45592195,42.9669,-70.3597,20250719,Gulf of Maine
13962,50592728,42.9671,-70.3596,20250719,Gulf of Maine
13963,51192603,42.9663,-70.3595,20250719,Gulf of Maine
13964,54479958,42.9663,-70.3586,20250719,Gulf of Maine
13965,54736592,42.9666,-70.3589,20250719,Gulf of Maine
13966,55473662,42.9659,-70.3601,20250719,Gulf of Maine
13967,57353078,42.9662,-70.3595,20250719,Gulf of Maine
13968,58624644,42.967,-70.3598,20250719,Gulf of Maine
13969,60508938,42.9664,-70.3602,20250719,Gulf of Maine
13970,61143744,42.9671,-70.3594,20250719,Gulf of Maine
13971,62724742,42.9671,-70.3588,20250719,Gulf of Maine
13972,62909456,42.9668,-70.3593,20250719,Gulf of Maine
13973,62950397,43.781,-69.975,20250719,Bowdoin College (SCSC)
13974,63920405,42.9668,-70.3595,20250719,Gulf of Maine
13975,68629188,42.9671,-70.3604,20250719,Gulf of Maine
13976,70824398,42.9674,-70.3598,20250719,Gulf of Maine
13977,71711075,42.9665,-70.3606,20250719,Gulf of Maine
13978,73991784,42.9671,-70.3592,20250719,Gulf of Maine
13979,74520805,42.9664,-70.3601,20250719,Gulf of Maine
13980,76295076,42.966,-70.3596,20250719,Gulf of Maine
13981,76717792,42.9669,-70.3594,20250719,Gulf of Maine
13982,76856750,42.9671,-70.3595,20250719,Gulf of Maine
13983,78951559,42.9666,-70.3591,20250719,Gulf of Maine
13984,80130348,42.9667,-70.3594,20250719,Gulf of Maine
13985,85746121,42.9665,-70.3599,20250719,Gulf of Maine
13986,86171363,42.9665,-70.3595,20250719,Gulf of Maine
13987,87795382,42.9667,-70.3595,20250719,Gulf of Maine
13988,90041886,42.9667,-70.3596,20250719,Gulf of Maine
13989,90446288,42.9666,-70.3587,20250719,Gulf of Maine
13990,92539811,42.967,-70.3603,20250719,Gulf of Maine
13991,92789102,42.9666,-70.3597,20250719,Gulf of Maine
13992,92914752,42.9664,-70.3594,20250719,Gulf of Maine
13993,96737292,42.9668,-70.3587,20250719,Gulf of Maine
13994,98417510,42.9666,-70.3595,20250719,Gulf of Maine
13995,98722481,42.9667,-70.36,20250719,Gulf of Maine
13996,00456848,42.9673,-70.3592,20250720,Gulf of Maine
13997,01305185,42.9667,-70.3592,20250720,Gulf of Maine
13998,03762834,42.9668,-70.3591,20250720,Gulf of Maine
13999,04557247,42.9665,-70.3585,20250720,Gulf of Maine
14000,10610752,42.9668,-70.3583,20250720,Gulf of Maine
14001,11147467,42.9669,-70.3592,20250720,Gulf of Maine
14002,11363565,42.9667,-70.3586,20250720,Gulf of Maine
14003,13125091,42.9671,-70.3584,20250720,Gulf of Maine
14004,15136621,42.9669,-70.359,20250720,Gulf of Maine
14005,16123346,42.9674,-70.3589,20250720,Gulf of Maine
14006,21765269,42.9673,-70.3588,20250720,Gulf of Maine
14007,23881720,42.9671,-70.3586,20250720,Gulf of Maine
14008,27707597,42.967,-70.359,20250720,Gulf of Maine
14009,30360555,42.9668,-70.3592,20250720,Gulf of Maine
14010,32952288,42.9666,-70.3593,20250720,Gulf of Maine
14011,36832132,42.9665,-70.3593,20250720,Gulf of Maine
14012,37607314,42.9667,-70.3585,20250720,Gulf of Maine
14013,42370323,42.967,-70.3589,20250720,Gulf of Maine
14014,42876627,42.9671,-70.3585,20250720,Gulf of Maine
14015,44106152,42.9663,-70.3592,20250720,Gulf of Maine
14016,44734458,42.967,-70.3582,20250720,Gulf of Maine
14017,47409150,42.9672,-70.3588,20250720,Gulf of Maine
14018,47741468,42.9668,-70.3588,20250720,Gulf of Maine
14019,49259140,42.9675,-70.3591,20250720,Gulf of Maine
14020,55645302,42.967,-70.3597,20250720,Gulf of Maine
14021,58185289,42.9667,-70.3591,20250720,Gulf of Maine
14022,59699105,42.9675,-70.3593,20250720,Gulf of Maine
14023,60428719,42.967,-70.3592,20250720,Gulf of Maine
14024,61143744,42.9671,-70.3594,20250720,Gulf of Maine
14025,62950397,43.781,-69.975,20250720,Bowdoin College (SCSC)
14026,67902241,42.967,-70.3584,20250720,Gulf of Maine
14027,68758356,42.9672,-70.3584,20250720,Gulf of Maine
14028,69902933,42.9668,-70.3586,20250720,Gulf of Maine
14029,70965503,42.9665,-70.3589,20250720,Gulf of Maine
14030,71499364,42.9669,-70.3591,20250720,Gulf of Maine
14031,73991784,42.9671,-70.3592,20250720,Gulf of Maine
14032,79621111,42.9672,-70.359,20250720,Gulf of Maine
14033,79767811,42.9665,-70.3581,20250720,Gulf of Maine
14034,81241191,42.9673,-70.359,20250720,Gulf of Maine
14035,82186576,42.9668,-70.3589,20250720,Gulf of Maine
14036,85342095,42.9666,-70.359,20250720,Gulf of Maine
14037,90635854,42.9667,-70.359,20250720,Gulf of Maine
14038,94205208,42.9667,-70.3589,20250720,Gulf of Maine
14039,95802670,42.9672,-70.3594,20250720,Gulf of Maine
14040,97030056,42.9672,-70.3593,20250720,Gulf of Maine
14041,00124316,42.9665,-70.3586,20250721,Gulf of Maine
14042,00474787,42.9665,-70.3594,20250721,Gulf of Maine
14043,04354557,42.9657,-70.3592,20250721,Gulf of Maine
14044,04836495,42.9662,-70.3592,20250721,Gulf of Maine
14045,07351003,42.966,-70.3591,20250721,Gulf of Maine
14046,07555869,42.9661,-70.3593,20250721,Gulf of Maine
14047,11100615,42.9664,-70.3593,20250721,Gulf of Maine
14048,14361817,42.9659,-70.3599,20250721,Gulf of Maine
14049,14995136,42.9662,-70.3588,20250721,Gulf of Maine
14050,17928677,42.9658,-70.3587,20250721,Gulf of Maine
14051,19614973,42.9665,-70.3592,20250721,Gulf of Maine
14052,21492983,42.9659,-70.3588,20250721,Gulf of Maine
14053,23621075,42.9656,-70.3593,20250721,Gulf of Maine
14054,25708240,42.9663,-70.3594,20250721,Gulf of Maine
14055,26474702,42.9658,-70.3597,20250721,Gulf of Maine
14056,36383385,42.9662,-70.3593,20250721,Gulf of Maine
14057,36500119,42.9661,-70.3588,20250721,Gulf of Maine
14058,36633283,42.9659,-70.3589,20250721,Gulf of Maine
14059,36716245,42.9665,-70.359,20250721,Gulf of Maine
14060,36774809,42.9662,-70.3587,20250721,Gulf of Maine
14061,36832132,42.9665,-70.3593,20250721,Gulf of Maine
14062,37124633,42.9665,-70.3598,20250721,Gulf of Maine
14063,37459853,42.9663,-70.359,20250721,Gulf of Maine
14064,39755399,42.9657,-70.3595,20250721,Gulf of Maine
14065,42452484,42.9658,-70.3593,20250721,Gulf of Maine
14066,50453327,42.9665,-70.3591,20250721,Gulf of Maine
14067,51158288,42.9663,-70.3593,20250721,Gulf of Maine
14068,51711996,42.9664,-70.3595,20250721,Gulf of Maine
14069,54736592,42.9666,-70.3589,20250721,Gulf of Maine
14070,55645302,42.967,-70.3597,20250721,Gulf of Maine
14071,60477686,42.9664,-70.3585,20250721,Gulf of Maine
14072,62950397,43.781,-69.975,20250721,Bowdoin College (SCSC)
14073,69169556,42.9658,-70.3592,20250721,Gulf of Maine
14074,73829965,42.9662,-70.3585,20250721,Gulf of Maine
14075,75680686,42.966,-70.3587,20250721,Gulf of Maine
14076,76085300,42.9661,-70.3589,20250721,Gulf of Maine
14077,79410816,42.9664,-70.3592,20250721,Gulf of Maine
14078,80130348,42.9667,-70.3594,20250721,Gulf of Maine
14079,82796529,42.9666,-70.3607,20250721,Gulf of Maine
14080,83793623,42.966,-70.3586,20250721,Gulf of Maine
14081,85622813,42.9668,-70.3594,20250721,Gulf of Maine
14082,86171363,42.9665,-70.3595,20250721,Gulf of Maine
14083,87795382,42.9667,-70.3595,20250721,Gulf of Maine
14084,90810817,42.9659,-70.3591,20250721,Gulf of Maine
14085,92914752,42.9664,-70.3594,20250721,Gulf of Maine
14086,95927824,42.9657,-70.3591,20250721,Gulf of Maine
14087,00066121,42.9664,-70.359,20250722,Gulf of Maine
14088,00373785,42.966,-70.3598,20250722,Gulf of Maine
14089,00474787,42.9665,-70.3594,20250722,Gulf of Maine
14090,00531489,42.9661,-70.3584,20250722,Gulf of Maine
14091,00765584,42.9666,-70.3596,20250722,Gulf of Maine
14092,11236303,42.9675,-70.3594,20250722,Gulf of Maine
14093,11874249,42.9675,-70.3596,20250722,Gulf of Maine
14094,14221335,42.9672,-70.3595,20250722,Gulf of Maine
14095,23358597,42.9674,-70.3592,20250722,Gulf of Maine
14096,23892636,42.9658,-70.3588,20250722,Gulf of Maine
14097,32166856,42.9663,-70.36,20250722,Gulf of Maine
14098,32952288,42.9666,-70.3593,20250722,Gulf of Maine
14099,34842100,42.9663,-70.3591,20250722,Gulf of Maine
14100,36633283,42.9659,-70.3589,20250722,Gulf of Maine
14101,36774809,42.9662,-70.3587,20250722,Gulf of Maine
14102,36832132,42.9665,-70.3593,20250722,Gulf of Maine
14103,37459853,42.9663,-70.359,20250722,Gulf of Maine
14104,38423317,42.9662,-70.3586,20250722,Gulf of Maine
14105,39104756,42.9674,-70.3593,20250722,Gulf of Maine
14106,39160091,42.9668,-70.3596,20250722,Gulf of Maine
14107,39904787,42.9675,-70.3599,20250722,Gulf of Maine
14108,40470508,42.9661,-70.3602,20250722,Gulf of Maine
14109,41090607,42.9664,-70.3596,20250722,Gulf of Maine
14110,41958451,42.9664,-70.3597,20250722,Gulf of Maine
14111,44205889,42.9666,-70.3594,20250722,Gulf of Maine
14112,48443717,42.967,-70.3591,20250722,Gulf of Maine
14113,49435917,42.9661,-70.3596,20250722,Gulf of Maine
14114,50806292,42.9663,-70.3589,20250722,Gulf of Maine
14115,51192603,42.9663,-70.3595,20250722,Gulf of Maine
14116,55473662,42.9659,-70.3601,20250722,Gulf of Maine
14117,60984331,42.9661,-70.3582,20250722,Gulf of Maine
14118,62909456,42.9668,-70.3593,20250722,Gulf of Maine
14119,62950397,43.781,-69.975,20250722,Bowdoin College (SCSC)
14120,70108653,42.9657,-70.3597,20250722,Gulf of Maine
14121,70357569,42.966,-70.3594,20250722,Gulf of Maine
14122,74161462,42.9663,-70.3598,20250722,Gulf of Maine
14123,76856750,42.9671,-70.3595,20250722,Gulf of Maine
14124,85457005,42.9657,-70.3599,20250722,Gulf of Maine
14125,85622813,42.9668,-70.3594,20250722,Gulf of Maine
14126,86171363,42.9665,-70.3595,20250722,Gulf of Maine
14127,88866721,42.9664,-70.3591,20250722,Gulf of Maine
14128,92789102,42.9666,-70.3597,20250722,Gulf of Maine
14129,96816197,42.9659,-70.3586,20250722,Gulf of Maine
14130,98417510,42.9666,-70.3595,20250722,Gulf of Maine
14131,99653386,42.9663,-70.3585,20250722,Gulf of Maine
14132,00066121,42.9664,-70.359,20250723,Gulf of Maine
14133,00124316,42.9665,-70.3586,20250723,Gulf of Maine
14134,01305185,42.9667,-70.3592,20250723,Gulf of Maine
14135,03762834,42.9668,-70.3591,20250723,Gulf of Maine
14136,07555869,42.9661,-70.3593,20250723,Gulf of Maine
14137,11874249,42.9675,-70.3596,20250723,Gulf of Maine
14138,12590603,42.9669,-70.3586,20250723,Gulf of Maine
14139,14221335,42.9672,-70.3595,20250723,Gulf of Maine
14140,15136621,42.9669,-70.359,20250723,Gulf of Maine
14141,16682048,42.967,-70.3585,20250723,Gulf of Maine
14142,17065432,42.9661,-70.3599,20250723,Gulf of Maine
14143,22147509,42.9671,-70.3583,20250723,Gulf of Maine
14144,23059086,42.9666,-70.3583,20250723,Gulf of Maine
14145,25157748,42.9669,-70.3584,20250723,Gulf of Maine
14146,27415561,42.967,-70.3602,20250723,Gulf of Maine
14147,30379539,42.967,-70.3588,20250723,Gulf of Maine
14148,35015460,42.9668,-70.3584,20250723,Gulf of Maine
14149,36774809,42.9662,-70.3587,20250723,Gulf of Maine
14150,36832132,42.9665,-70.3593,20250723,Gulf of Maine
14151,37254962,42.9665,-70.3597,20250723,Gulf of Maine
14152,37279023,42.9669,-70.3582,20250723,Gulf of Maine
14153,38423317,42.9662,-70.3586,20250723,Gulf of Maine
14154,43840461,42.9667,-70.3584,20250723,Gulf of Maine
14155,44205889,42.9666,-70.3594,20250723,Gulf of Maine
14156,47515343,42.9669,-70.3593,20250723,Gulf of Maine
14157,48042443,42.9669,-70.3574,20250723,Gulf of Maine
14158,48290433,42.9666,-70.3588,20250723,Gulf of Maine
14159,49492388,42.9671,-70.3589,20250723,Gulf of Maine
14160,50453327,42.9665,-70.3591,20250723,Gulf of Maine
14161,50806292,42.9663,-70.3589,20250723,Gulf of Maine
14162,50968029,42.9663,-70.3587,20250723,Gulf of Maine
14163,54736592,42.9666,-70.3589,20250723,Gulf of Maine
14164,57353078,42.9662,-70.3595,20250723,Gulf of Maine
14165,61143744,42.9671,-70.3594,20250723,Gulf of Maine
14166,62950397,43.781,-69.975,20250723,Bowdoin College (SCSC)
14167,63920405,42.9668,-70.3595,20250723,Gulf of Maine
14168,64017904,42.9666,-70.3601,20250723,Gulf of Maine
14169,64307075,42.9666,-70.3604,20250723,Gulf of Maine
14170,67902241,42.967,-70.3584,20250723,Gulf of Maine
14171,68758356,42.9672,-70.3584,20250723,Gulf of Maine
14172,69234746,42.9672,-70.3589,20250723,Gulf of Maine
14173,69902933,42.9668,-70.3586,20250723,Gulf of Maine
14174,74161462,42.9663,-70.3598,20250723,Gulf of Maine
14175,76226414,42.9662,-70.3604,20250723,Gulf of Maine
14176,80112843,42.9673,-70.3591,20250723,Gulf of Maine
14177,85457005,42.9657,-70.3599,20250723,Gulf of Maine
14178,86171363,42.9665,-70.3595,20250723,Gulf of Maine
14179,88410154,42.9667,-70.3588,20250723,Gulf of Maine
14180,88866721,42.9664,-70.3591,20250723,Gulf of Maine
14181,93153186,42.9666,-70.3592,20250723,Gulf of Maine
14182,94205208,42.9667,-70.3589,20250723,Gulf of Maine
14183,97260494,42.9667,-70.3603,20250723,Gulf of Maine
14184,00474787,42.9665,-70.3594,20250724,Gulf of Maine
14185,01305185,42.9667,-70.3592,20250724,Gulf of Maine
14186,01344360,42.9673,-70.3587,20250724,Gulf of Maine
14187,03762834,42.9668,-70.3591,20250724,Gulf of Maine
14188,04557247,42.9665,-70.3585,20250724,Gulf of Maine
14189,11363565,42.9667,-70.3586,20250724,Gulf of Maine
14190,12590603,42.9669,-70.3586,20250724,Gulf of Maine
14191,14718562,42.9666,-70.3581,20250724,Gulf of Maine
14192,15136621,42.9669,-70.359,20250724,Gulf of Maine
14193,16123346,42.9674,-70.3589,20250724,Gulf of Maine
14194,16682048,42.967,-70.3585,20250724,Gulf of Maine
14195,16875116,42.9664,-70.3587,20250724,Gulf of Maine
14196,22595786,42.9669,-70.3581,20250724,Gulf of Maine
14197,23218870,42.9662,-70.3581,20250724,Gulf of Maine
14198,23881720,42.9671,-70.3586,20250724,Gulf of Maine
14199,27306825,42.9667,-70.3582,20250724,Gulf of Maine
14200,30379539,42.967,-70.3588,20250724,Gulf of Maine
14201,31087458,42.9667,-70.358,20250724,Gulf of Maine
14202,35015460,42.9668,-70.3584,20250724,Gulf of Maine
14203,35703751,42.966,-70.3583,20250724,Gulf of Maine
14204,36004774,42.9673,-70.3586,20250724,Gulf of Maine
14205,36716245,42.9665,-70.359,20250724,Gulf of Maine
14206,41903172,42.9666,-70.358,20250724,Gulf of Maine
14207,42513478,42.9657,-70.3594,20250724,Gulf of Maine
14208,43475270,42.9672,-70.3587,20250724,Gulf of Maine
14209,44357553,42.9664,-70.358,20250724,Gulf of Maine
14210,44734458,42.967,-70.3582,20250724,Gulf of Maine
14211,46767309,42.9672,-70.3592,20250724,Gulf of Maine
14212,47409150,42.9672,-70.3588,20250724,Gulf of Maine
14213,47515343,42.9669,-70.3593,20250724,Gulf of Maine
14214,50453327,42.9665,-70.3591,20250724,Gulf of Maine
14215,50968029,42.9663,-70.3587,20250724,Gulf of Maine
14216,52199119,42.9674,-70.3591,20250724,Gulf of Maine
14217,53114048,42.9667,-70.3593,20250724,Gulf of Maine
14218,60788753,42.9673,-70.3593,20250724,Gulf of Maine
14219,61143744,42.9671,-70.3594,20250724,Gulf of Maine
14220,62724742,42.9671,-70.3588,20250724,Gulf of Maine
14221,62950397,43.781,-69.975,20250724,Bowdoin College (SCSC)
14222,66646020,42.9662,-70.3594,20250724,Gulf of Maine
14223,71499364,42.9669,-70.3591,20250724,Gulf of Maine
14224,73605601,42.967,-70.3586,20250724,Gulf of Maine
14225,76915917,42.9661,-70.3604,20250724,Gulf of Maine
14226,78951559,42.9666,-70.3591,20250724,Gulf of Maine
14227,79134789,42.9668,-70.359,20250724,Gulf of Maine
14228,84909966,42.9669,-70.3589,20250724,Gulf of Maine
14229,90635854,42.9667,-70.359,20250724,Gulf of Maine
14230,92914752,42.9664,-70.3594,20250724,Gulf of Maine
14231,93153186,42.9666,-70.3592,20250724,Gulf of Maine
14232,94205208,42.9667,-70.3589,20250724,Gulf of Maine
14233,96737292,42.9668,-70.3587,20250724,Gulf of Maine
14234,00124316,42.9665,-70.3586,20250725,Gulf of Maine
14235,00474787,42.9665,-70.3594,20250725,Gulf of Maine
14236,01305185,42.9667,-70.3592,20250725,Gulf of Maine
14237,02105759,42.9661,-70.3587,20250725,Gulf of Maine
14238,04557247,42.9665,-70.3585,20250725,Gulf of Maine
14239,04826806,42.9666,-70.3577,20250725,Gulf of Maine
14240,06017474,42.9666,-70.3584,20250725,Gulf of Maine
14241,07093362,42.9667,-70.3587,20250725,Gulf of Maine
14242,14718562,42.9666,-70.3581,20250725,Gulf of Maine
14243,19324078,42.9669,-70.3583,20250725,Gulf of Maine
14244,19614973,42.9665,-70.3592,20250725,Gulf of Maine
14245,21492983,42.9659,-70.3588,20250725,Gulf of Maine
14246,23059086,42.9666,-70.3583,20250725,Gulf of Maine
14247,26406545,42.9674,-70.3594,20250725,Gulf of Maine
14248,28836990,42.967,-70.3587,20250725,Gulf of Maine
14249,30652355,42.9671,-70.3587,20250725,Gulf of Maine
14250,36832132,42.9665,-70.3593,20250725,Gulf of Maine
14251,43475270,42.9672,-70.3587,20250725,Gulf of Maine
14252,44546211,42.9667,-70.3583,20250725,Gulf of Maine
14253,45112175,42.967,-70.3593,20250725,Gulf of Maine
14254,47515343,42.9669,-70.3593,20250725,Gulf of Maine
14255,47898647,42.9671,-70.359,20250725,Gulf of Maine
14256,48290433,42.9666,-70.3588,20250725,Gulf of Maine
14257,50453327,42.9665,-70.3591,20250725,Gulf of Maine
14258,50592728,42.9671,-70.3596,20250725,Gulf of Maine
14259,52199119,42.9674,-70.3591,20250725,Gulf of Maine
14260,53114048,42.9667,-70.3593,20250725,Gulf of Maine
14261,54736592,42.9666,-70.3589,20250725,Gulf of Maine
14262,58959904,42.9666,-70.3586,20250725,Gulf of Maine
14263,62950397,43.781,-69.975,20250725,Bowdoin College (SCSC)
14264,63855689,42.9666,-70.3585,20250725,Gulf of Maine
14265,68758356,42.9672,-70.3584,20250725,Gulf of Maine
14266,70601798,42.9666,-70.3551,20250725,Gulf of Maine
14267,78951559,42.9666,-70.3591,20250725,Gulf of Maine
14268,79621111,42.9672,-70.359,20250725,Gulf of Maine
14269,79971184,42.9657,-70.3589,20250725,Gulf of Maine
14270,81079349,42.967,-70.3599,20250725,Gulf of Maine
14271,85342095,42.9666,-70.359,20250725,Gulf of Maine
14272,88410154,42.9667,-70.3588,20250725,Gulf of Maine
14273,90446288,42.9666,-70.3587,20250725,Gulf of Maine
14274,90635854,42.9667,-70.359,20250725,Gulf of Maine
14275,93153186,42.9666,-70.3592,20250725,Gulf of Maine
14276,95802670,42.9672,-70.3594,20250725,Gulf of Maine
14277,96737292,42.9668,-70.3587,20250725,Gulf of Maine
14278,97030056,42.9672,-70.3593,20250725,Gulf of Maine
14279,98417510,42.9666,-70.3595,20250725,Gulf of Maine
14280,98418327,42.9664,-70.3584,20250725,Gulf of Maine
14281,02105759,42.9661,-70.3587,20250726,Gulf of Maine
14282,03762834,42.9668,-70.3591,20250726,Gulf of Maine
14283,04151556,42.9668,-70.3598,20250726,Gulf of Maine
14284,06017474,42.9666,-70.3584,20250726,Gulf of Maine
14285,07351003,42.966,-70.3591,20250726,Gulf of Maine
14286,11363565,42.9667,-70.3586,20250726,Gulf of Maine
14287,12590603,42.9669,-70.3586,20250726,Gulf of Maine
14288,15136621,42.9669,-70.359,20250726,Gulf of Maine
14289,19614973,42.9665,-70.3592,20250726,Gulf of Maine
14290,20729030,42.9669,-70.3601,20250726,Gulf of Maine
14291,21848222,42.9659,-70.3584,20250726,Gulf of Maine
14292,25284560,42.9661,-70.3595,20250726,Gulf of Maine
14293,29782479,42.9662,-70.3599,20250726,Gulf of Maine
14294,30360555,42.9668,-70.3592,20250726,Gulf of Maine
14295,30379539,42.967,-70.3588,20250726,Gulf of Maine
14296,32952288,42.9666,-70.3593,20250726,Gulf of Maine
14297,36633283,42.9659,-70.3589,20250726,Gulf of Maine
14298,36716245,42.9665,-70.359,20250726,Gulf of Maine
14299,36832132,42.9665,-70.3593,20250726,Gulf of Maine
14300,39777707,42.966,-70.3584,20250726,Gulf of Maine
14301,44106152,42.9663,-70.3592,20250726,Gulf of Maine
14302,44546211,42.9667,-70.3583,20250726,Gulf of Maine
14303,47741468,42.9668,-70.3588,20250726,Gulf of Maine
14304,53114048,42.9667,-70.3593,20250726,Gulf of Maine
14305,53371231,42.9669,-70.3587,20250726,Gulf of Maine
14306,54808248,42.9675,-70.359,20250726,Gulf of Maine
14307,55600985,42.9662,-70.3591,20250726,Gulf of Maine
14308,58010363,42.9674,-70.358,20250726,Gulf of Maine
14309,58185289,42.9667,-70.3591,20250726,Gulf of Maine
14310,59591036,42.9672,-70.3586,20250726,Gulf of Maine
14311,60984331,42.9661,-70.3582,20250726,Gulf of Maine
14312,62950397,43.781,-69.975,20250726,Bowdoin College (SCSC)
14313,67452942,42.9664,-70.3581,20250726,Gulf of Maine
14314,68758356,42.9672,-70.3584,20250726,Gulf of Maine
14315,69030276,42.9667,-70.3597,20250726,Gulf of Maine
14316,70295584,42.9674,-70.3586,20250726,Gulf of Maine
14317,73782020,42.9673,-70.3583,20250726,Gulf of Maine
14318,75611582,42.966,-70.3592,20250726,Gulf of Maine
14319,76717792,42.9669,-70.3594,20250726,Gulf of Maine
14320,82186576,42.9668,-70.3589,20250726,Gulf of Maine
14321,84909966,42.9669,-70.3589,20250726,Gulf of Maine
14322,88410154,42.9667,-70.3588,20250726,Gulf of Maine
14323,94205208,42.9667,-70.3589,20250726,Gulf of Maine
14324,98417510,42.9666,-70.3595,20250726,Gulf of Maine
14325,99653386,42.9663,-70.3585,20250726,Gulf of Maine
14326,03359315,42.9674,-70.3582,20250727,Gulf of Maine
14327,07403113,42.9669,-70.3588,20250727,Gulf of Maine
14328,11445134,42.9676,-70.3589,20250727,Gulf of Maine
14329,12590603,42.9669,-70.3586,20250727,Gulf of Maine
14330,13125091,42.9671,-70.3584,20250727,Gulf of Maine
14331,15342694,42.9673,-70.3584,20250727,Gulf of Maine
14332,16123346,42.9674,-70.3589,20250727,Gulf of Maine
14333,18154843,42.9669,-70.3577,20250727,Gulf of Maine
14334,19374349,42.9676,-70.3584,20250727,Gulf of Maine
14335,21765269,42.9673,-70.3588,20250727,Gulf of Maine
14336,22147509,42.9671,-70.3583,20250727,Gulf of Maine
14337,24368514,42.9672,-70.3598,20250727,Gulf of Maine
14338,30379539,42.967,-70.3588,20250727,Gulf of Maine
14339,32512228,42.9673,-70.3585,20250727,Gulf of Maine
14340,35567401,42.9671,-70.3579,20250727,Gulf of Maine
14341,36004774,42.9673,-70.3586,20250727,Gulf of Maine
14342,41434566,42.9677,-70.3583,20250727,Gulf of Maine
14343,42370323,42.967,-70.3589,20250727,Gulf of Maine
14344,43776295,42.9668,-70.3578,20250727,Gulf of Maine
14345,43965471,42.9668,-70.3579,20250727,Gulf of Maine
14346,44546211,42.9667,-70.3583,20250727,Gulf of Maine
14347,47409150,42.9672,-70.3588,20250727,Gulf of Maine
14348,47741468,42.9668,-70.3588,20250727,Gulf of Maine
14349,52519254,42.9672,-70.3581,20250727,Gulf of Maine
14350,53371231,42.9669,-70.3587,20250727,Gulf of Maine
14351,59143457,42.9675,-70.3584,20250727,Gulf of Maine
14352,59679616,42.9672,-70.3585,20250727,Gulf of Maine
14353,61755968,42.968,-70.3587,20250727,Gulf of Maine
14354,61929957,42.9674,-70.3583,20250727,Gulf of Maine
14355,62724742,42.9671,-70.3588,20250727,Gulf of Maine
14356,62950397,43.781,-69.975,20250727,Bowdoin College (SCSC)
14357,66217473,42.9677,-70.3586,20250727,Gulf of Maine
14358,68425031,42.9669,-70.3576,20250727,Gulf of Maine
14359,68758356,42.9672,-70.3584,20250727,Gulf of Maine
14360,69234746,42.9672,-70.3589,20250727,Gulf of Maine
14361,70642727,42.9673,-70.3579,20250727,Gulf of Maine
14362,73605601,42.967,-70.3586,20250727,Gulf of Maine
14363,73782020,42.9673,-70.3583,20250727,Gulf of Maine
14364,80112843,42.9673,-70.3591,20250727,Gulf of Maine
14365,82186576,42.9668,-70.3589,20250727,Gulf of Maine
14366,83880103,42.9671,-70.3582,20250727,Gulf of Maine
14367,85458915,42.9672,-70.3578,20250727,Gulf of Maine
14368,88410154,42.9667,-70.3588,20250727,Gulf of Maine
14369,89305736,42.9674,-70.3579,20250727,Gulf of Maine
14370,89871102,42.9673,-70.3578,20250727,Gulf of Maine
14371,90529977,42.9674,-70.3581,20250727,Gulf of Maine
14372,95050092,42.9672,-70.358,20250727,Gulf of Maine
14373,96386364,42.9669,-70.3585,20250727,Gulf of Maine
14374,97852966,42.9675,-70.3581,20250727,Gulf of Maine
14375,97870267,42.9673,-70.3582,20250727,Gulf of Maine
14376,00045520,42.9674,-70.359,20250728,Gulf of Maine
14377,01305185,42.9667,-70.3592,20250728,Gulf of Maine
14378,04151556,42.9668,-70.3598,20250728,Gulf of Maine
14379,05484122,42.9677,-70.358,20250728,Gulf of Maine
14380,07403113,42.9669,-70.3588,20250728,Gulf of Maine
14381,09478898,42.9665,-70.3578,20250728,Gulf of Maine
14382,11147467,42.9669,-70.3592,20250728,Gulf of Maine
14383,15136621,42.9669,-70.359,20250728,Gulf of Maine
14384,16875116,42.9664,-70.3587,20250728,Gulf of Maine
14385,21765269,42.9673,-70.3588,20250728,Gulf of Maine
14386,22595786,42.9669,-70.3581,20250728,Gulf of Maine
14387,23676724,42.9667,-70.3599,20250728,Gulf of Maine
14388,25077767,42.9675,-70.3576,20250728,Gulf of Maine
14389,25157748,42.9669,-70.3584,20250728,Gulf of Maine
14390,26589764,42.9672,-70.3574,20250728,Gulf of Maine
14391,30379539,42.967,-70.3588,20250728,Gulf of Maine
14392,34842100,42.9663,-70.3591,20250728,Gulf of Maine
14393,35361297,42.9666,-70.3599,20250728,Gulf of Maine
14394,36004774,42.9673,-70.3586,20250728,Gulf of Maine
14395,36832132,42.9665,-70.3593,20250728,Gulf of Maine
14396,42876627,42.9671,-70.3585,20250728,Gulf of Maine
14397,43840461,42.9667,-70.3584,20250728,Gulf of Maine
14398,45427702,42.9672,-70.3583,20250728,Gulf of Maine
14399,47722694,42.9663,-70.3597,20250728,Gulf of Maine
14400,47741468,42.9668,-70.3588,20250728,Gulf of Maine
14401,48290433,42.9666,-70.3588,20250728,Gulf of Maine
14402,49492388,42.9671,-70.3589,20250728,Gulf of Maine
14403,54479958,42.9663,-70.3586,20250728,Gulf of Maine
14404,57353078,42.9662,-70.3595,20250728,Gulf of Maine
14405,58185289,42.9667,-70.3591,20250728,Gulf of Maine
14406,59679616,42.9672,-70.3585,20250728,Gulf of Maine
14407,60428719,42.967,-70.3592,20250728,Gulf of Maine
14408,61929957,42.9674,-70.3583,20250728,Gulf of Maine
14409,62950397,43.781,-69.975,20250728,Bowdoin College (SCSC)
14410,63027570,42.9675,-70.3582,20250728,Gulf of Maine
14411,66083330,42.9665,-70.36,20250728,Gulf of Maine
14412,68129912,42.967,-70.3596,20250728,Gulf of Maine
14413,68758356,42.9672,-70.3584,20250728,Gulf of Maine
14414,70295584,42.9674,-70.3586,20250728,Gulf of Maine
14415,76085300,42.9661,-70.3589,20250728,Gulf of Maine
14416,76424708,42.9663,-70.3578,20250728,Gulf of Maine
14417,77360304,42.9675,-70.3577,20250728,Gulf of Maine
14418,78951559,42.9666,-70.3591,20250728,Gulf of Maine
14419,82186576,42.9668,-70.3589,20250728,Gulf of Maine
14420,83793623,42.966,-70.3586,20250728,Gulf of Maine
14421,84909966,42.9669,-70.3589,20250728,Gulf of Maine
14422,85342095,42.9666,-70.359,20250728,Gulf of Maine
14423,85622813,42.9668,-70.3594,20250728,Gulf of Maine
14424,88410154,42.9667,-70.3588,20250728,Gulf of Maine
14425,88866721,42.9664,-70.3591,20250728,Gulf of Maine
14426,91237896,42.9681,-70.3591,20250728,Gulf of Maine
14427,93473316,42.9667,-70.3577,20250728,Gulf of Maine
14428,94311029,42.9661,-70.3594,20250728,Gulf of Maine
14429,97263711,42.9678,-70.3588,20250728,Gulf of Maine
14430,98417510,42.9666,-70.3595,20250728,Gulf of Maine
14431,98722481,42.9667,-70.36,20250728,Gulf of Maine
14432,00546872,42.9678,-70.3585,20250729,Gulf of Maine
14433,06424132,42.9677,-70.3585,20250729,Gulf of Maine
14434,08358498,42.9599,-70.3471,20250729,Gulf of Maine
14435,09752387,42.9672,-70.3599,20250729,Gulf of Maine
14436,11236303,42.9675,-70.3594,20250729,Gulf of Maine
14437,11852397,42.9596,-70.3476,20250729,Gulf of Maine
14438,12852545,42.9601,-70.3473,20250729,Gulf of Maine
14439,14308996,42.9668,-70.3576,20250729,Gulf of Maine
14440,15353129,42.9673,-70.3575,20250729,Gulf of Maine
14441,15374303,42.967,-70.3577,20250729,Gulf of Maine
14442,19324078,42.9669,-70.3583,20250729,Gulf of Maine
14443,21765269,42.9673,-70.3588,20250729,Gulf of Maine
14444,23059086,42.9666,-70.3583,20250729,Gulf of Maine
14445,23195104,42.9673,-70.3589,20250729,Gulf of Maine
14446,28809226,42.9598,-70.3475,20250729,Gulf of Maine
14447,28836990,42.967,-70.3587,20250729,Gulf of Maine
14448,29925718,42.96,-70.3474,20250729,Gulf of Maine
14449,30360555,42.9668,-70.3592,20250729,Gulf of Maine
14450,30652355,42.9671,-70.3587,20250729,Gulf of Maine
14451,31465744,42.9599,-70.3475,20250729,Gulf of Maine
14452,37233849,42.9594,-70.3467,20250729,Gulf of Maine
14453,39866719,42.9603,-70.3481,20250729,Gulf of Maine
14454,40532356,42.9602,-70.348,20250729,Gulf of Maine
14455,41320080,42.9679,-70.3582,20250729,Gulf of Maine
14456,41434566,42.9677,-70.3583,20250729,Gulf of Maine
14457,43188568,42.967,-70.3578,20250729,Gulf of Maine
14458,43357968,42.9601,-70.3469,20250729,Gulf of Maine
14459,43475270,42.9672,-70.3587,20250729,Gulf of Maine
14460,43501593,42.9645,-70.3528,20250729,Gulf of Maine
14461,45370920,42.9606,-70.3481,20250729,Gulf of Maine
14462,48618876,42.9676,-70.3577,20250729,Gulf of Maine
14463,52477953,42.96,-70.3476,20250729,Gulf of Maine
14464,53371231,42.9669,-70.3587,20250729,Gulf of Maine
14465,55392653,42.96,-70.3475,20250729,Gulf of Maine
14466,57348054,42.9673,-70.358,20250729,Gulf of Maine
14467,58047836,42.9604,-70.3481,20250729,Gulf of Maine
14468,58226991,42.9602,-70.3477,20250729,Gulf of Maine
14469,58668887,42.9675,-70.3589,20250729,Gulf of Maine
14470,59679616,42.9672,-70.3585,20250729,Gulf of Maine
14471,61656205,42.9593,-70.3472,20250729,Gulf of Maine
14472,61929957,42.9674,-70.3583,20250729,Gulf of Maine
14473,62724742,42.9671,-70.3588,20250729,Gulf of Maine
14474,62950397,43.781,-69.975,20250729,Bowdoin College (SCSC)
14475,63027570,42.9675,-70.3582,20250729,Gulf of Maine
14476,66424758,42.9603,-70.3473,20250729,Gulf of Maine
14477,69280603,42.9596,-70.348,20250729,Gulf of Maine
14478,76717792,42.9669,-70.3594,20250729,Gulf of Maine
14479,81241191,42.9673,-70.359,20250729,Gulf of Maine
14480,84387274,42.9598,-70.3481,20250729,Gulf of Maine
14481,87844949,42.96,-70.3471,20250729,Gulf of Maine
14482,88163828,42.9602,-70.3473,20250729,Gulf of Maine
14483,89305736,42.9674,-70.3579,20250729,Gulf of Maine
14484,90680869,42.9601,-70.3475,20250729,Gulf of Maine
14485,96386364,42.9669,-70.3585,20250729,Gulf of Maine
14486,99379283,42.9603,-70.3487,20250729,Gulf of Maine
14487,09882014,42.961,-70.347,20250730,Gulf of Maine
14488,12627939,42.96,-70.3479,20250730,Gulf of Maine
14489,12852545,42.9601,-70.3473,20250730,Gulf of Maine
14490,16153957,42.9605,-70.348,20250730,Gulf of Maine
14491,20345225,42.9609,-70.3477,20250730,Gulf of Maine
14492,24023039,42.9599,-70.3465,20250730,Gulf of Maine
14493,27960007,42.9603,-70.3472,20250730,Gulf of Maine
14494,29067712,42.9604,-70.348,20250730,Gulf of Maine
14495,29925718,42.96,-70.3474,20250730,Gulf of Maine
14496,31205939,42.9607,-70.3478,20250730,Gulf of Maine
14497,31402031,42.9595,-70.3482,20250730,Gulf of Maine
14498,31465744,42.9599,-70.3475,20250730,Gulf of Maine
14499,31641109,42.9593,-70.3473,20250730,Gulf of Maine
14500,40001891,42.9593,-70.3471,20250730,Gulf of Maine
14501,42983169,42.9605,-70.3472,20250730,Gulf of Maine
14502,44940764,42.9602,-70.3474,20250730,Gulf of Maine
14503,45435426,42.9595,-70.3474,20250730,Gulf of Maine
14504,47022864,42.9607,-70.3465,20250730,Gulf of Maine
14505,57013717,42.9601,-70.3479,20250730,Gulf of Maine
14506,57386067,42.9602,-70.3478,20250730,Gulf of Maine
14507,58047836,42.9604,-70.3481,20250730,Gulf of Maine
14508,58300620,42.9604,-70.3479,20250730,Gulf of Maine
14509,62096902,42.9611,-70.3476,20250730,Gulf of Maine
14510,67211521,42.9595,-70.3476,20250730,Gulf of Maine
14511,70822016,42.9595,-70.3472,20250730,Gulf of Maine
14512,71642767,42.9603,-70.3484,20250730,Gulf of Maine
14513,72169788,42.9601,-70.3484,20250730,Gulf of Maine
14514,73707563,42.9597,-70.3482,20250730,Gulf of Maine
14515,74668437,42.9607,-70.3472,20250730,Gulf of Maine
14516,74950705,42.9608,-70.3466,20250730,Gulf of Maine
14517,75128063,42.9595,-70.3465,20250730,Gulf of Maine
14518,76821459,42.9602,-70.3475,20250730,Gulf of Maine
14519,77722263,42.9607,-70.3467,20250730,Gulf of Maine
14520,81777070,42.9603,-70.3476,20250730,Gulf of Maine
14521,84221739,42.9607,-70.3479,20250730,Gulf of Maine
14522,86668681,42.9601,-70.348,20250730,Gulf of Maine
14523,87742055,42.9596,-70.3477,20250730,Gulf of Maine
14524,87805846,42.9593,-70.3468,20250730,Gulf of Maine
14525,88163828,42.9602,-70.3473,20250730,Gulf of Maine
14526,88758554,42.9596,-70.3484,20250730,Gulf of Maine
14527,90193220,42.9611,-70.3475,20250730,Gulf of Maine
14528,91144093,42.9604,-70.3473,20250730,Gulf of Maine
14529,94299799,42.9607,-70.3466,20250730,Gulf of Maine
14530,95820200,42.961,-70.3476,20250730,Gulf of Maine
14531,95941749,42.9608,-70.3473,20250730,Gulf of Maine
14532,96538434,42.9606,-70.347,20250730,Gulf of Maine
14533,97094989,42.9601,-70.3478,20250730,Gulf of Maine
14534,97610473,42.9609,-70.3481,20250730,Gulf of Maine
14535,98075519,42.9602,-70.3472,20250730,Gulf of Maine
14536,01195435,42.9601,-70.3472,20250731,Gulf of Maine
14537,04540752,42.9598,-70.3468,20250731,Gulf of Maine
14538,08965003,42.9601,-70.3474,20250731,Gulf of Maine
14539,11021901,42.9595,-70.3485,20250731,Gulf of Maine
14540,11852397,42.9596,-70.3476,20250731,Gulf of Maine
14541,13020684,42.9598,-70.3476,20250731,Gulf of Maine
14542,14859810,42.9596,-70.3482,20250731,Gulf of Maine
14543,19432352,42.9621,-70.3582,20250731,Gulf of Maine
14544,23165899,42.9599,-70.3477,20250731,Gulf of Maine
14545,23511564,42.9594,-70.3488,20250731,Gulf of Maine
14546,23518338,42.9598,-70.3472,20250731,Gulf of Maine
14547,30170365,42.9601,-70.3486,20250731,Gulf of Maine
14548,30696438,42.9597,-70.3484,20250731,Gulf of Maine
14549,31465744,42.9599,-70.3475,20250731,Gulf of Maine
14550,31797202,42.9596,-70.3465,20250731,Gulf of Maine
14551,32115045,42.9601,-70.3471,20250731,Gulf of Maine
14552,32642154,42.9602,-70.3482,20250731,Gulf of Maine
14553,36577596,42.9597,-70.3473,20250731,Gulf of Maine
14554,42536624,42.9599,-70.3467,20250731,Gulf of Maine
14555,44516902,42.9599,-70.3476,20250731,Gulf of Maine
14556,44940764,42.9602,-70.3474,20250731,Gulf of Maine
14557,51657121,42.9603,-70.3475,20250731,Gulf of Maine
14558,52477953,42.96,-70.3476,20250731,Gulf of Maine
14559,57845982,42.9602,-70.3476,20250731,Gulf of Maine
14560,59761789,42.9594,-70.349,20250731,Gulf of Maine
14561,62950397,43.781,-69.975,20250731,Bowdoin College (SCSC)
14562,65286297,42.9594,-70.3478,20250731,Gulf of Maine
14563,65524251,42.9594,-70.3489,20250731,Gulf of Maine
14564,66398605,42.96,-70.3478,20250731,Gulf of Maine
14565,68053287,42.9596,-70.3475,20250731,Gulf of Maine
14566,70291404,42.9599,-70.348,20250731,Gulf of Maine
14567,71642767,42.9603,-70.3484,20250731,Gulf of Maine
14568,76821459,42.9602,-70.3475,20250731,Gulf of Maine
14569,80332645,42.9595,-70.3487,20250731,Gulf of Maine
14570,82779138,42.9597,-70.3481,20250731,Gulf of Maine
14571,82792234,42.9598,-70.3486,20250731,Gulf of Maine
14572,84387274,42.9598,-70.3481,20250731,Gulf of Maine
14573,87844949,42.96,-70.3471,20250731,Gulf of Maine
14574,88163828,42.9602,-70.3473,20250731,Gulf of Maine
14575,88182609,42.9599,-70.3473,20250731,Gulf of Maine
14576,88940258,42.9596,-70.3483,20250731,Gulf of Maine
14577,90000576,42.9599,-70.3479,20250731,Gulf of Maine
14578,90440980,42.9602,-70.3484,20250731,Gulf of Maine
14579,91099669,42.9595,-70.347,20250731,Gulf of Maine
14580,91884223,42.9597,-70.3466,20250731,Gulf of Maine
14581,94192495,42.9602,-70.3483,20250731,Gulf of Maine
14582,95482479,42.9603,-70.3518,20250731,Gulf of Maine
14583,99274521,42.9599,-70.3482,20250731,Gulf of Maine
14584,03628622,42.9597,-70.3494,20250801,Gulf of Maine
14585,05238235,42.9596,-70.3488,20250801,Gulf of Maine
14586,07775072,42.9592,-70.3492,20250801,Gulf of Maine
14587,11831070,42.9594,-70.3493,20250801,Gulf of Maine
14588,14859810,42.9596,-70.3482,20250801,Gulf of Maine
14589,18772649,42.9595,-70.349,20250801,Gulf of Maine
14590,21601834,42.9595,-70.3481,20250801,Gulf of Maine
14591,35461595,42.9591,-70.3492,20250801,Gulf of Maine
14592,39577713,42.9596,-70.3487,20250801,Gulf of Maine
14593,41241428,42.9593,-70.3491,20250801,Gulf of Maine
14594,58680506,42.9595,-70.3489,20250801,Gulf of Maine
14595,62950397,43.781,-69.975,20250801,Bowdoin College (SCSC)
14596,75940293,42.9593,-70.3494,20250801,Gulf of Maine
14597,76711117,42.9593,-70.3489,20250801,Gulf of Maine
14598,80191047,42.9597,-70.3487,20250801,Gulf of Maine
14599,80332645,42.9595,-70.3487,20250801,Gulf of Maine
14600,84691237,44.44,-68.205,20250801,Mount Desert Island Biological Laboratory
14601,84764268,42.96,-70.3482,20250801,Gulf of Maine
14602,88758554,42.9596,-70.3484,20250801,Gulf of Maine
14603,88940258,42.9596,-70.3483,20250801,Gulf of Maine
14604,90000576,42.9599,-70.3479,20250801,Gulf of Maine
14605,93348742,42.9595,-70.3484,20250801,Gulf of Maine
14606,97442860,42.9598,-70.3484,20250801,Gulf of Maine
14607,98527829,42.9594,-70.3491,20250801,Gulf of Maine
14608,99553068,42.9598,-70.3489,20250801,Gulf of Maine
14609,00045864,42.959,-70.3481,20250802,Gulf of Maine
14610,01083838,42.982,-70.3574,20250802,Gulf of Maine
14611,01195435,42.9601,-70.3472,20250802,Gulf of Maine
14612,05937675,42.9594,-70.3471,20250802,Gulf of Maine
14613,05975804,42.9591,-70.3486,20250802,Gulf of Maine
14614,11852397,42.9596,-70.3476,20250802,Gulf of Maine
14615,12923133,42.9593,-70.3476,20250802,Gulf of Maine
14616,13182605,42.9599,-70.3478,20250802,Gulf of Maine
14617,14859810,42.9596,-70.3482,20250802,Gulf of Maine
14618,17865721,42.9589,-70.3478,20250802,Gulf of Maine
14619,19326056,42.9653,-70.3544,20250802,Gulf of Maine
14620,21601834,42.9595,-70.3481,20250802,Gulf of Maine
14621,25879809,42.9595,-70.3483,20250802,Gulf of Maine
14622,27096828,42.9694,-70.3574,20250802,Gulf of Maine
14623,29891434,42.9596,-70.3481,20250802,Gulf of Maine
14624,35461595,42.9591,-70.3492,20250802,Gulf of Maine
14625,40682779,42.9598,-70.3471,20250802,Gulf of Maine
14626,43671176,42.959,-70.3491,20250802,Gulf of Maine
14627,43920385,42.9741,-70.3589,20250802,Gulf of Maine
14628,44940764,42.9602,-70.3474,20250802,Gulf of Maine
14629,45420707,42.959,-70.3475,20250802,Gulf of Maine
14630,45435426,42.9595,-70.3474,20250802,Gulf of Maine
14631,46347576,42.9599,-70.3492,20250802,Gulf of Maine
14632,48002403,42.9594,-70.3483,20250802,Gulf of Maine
14633,48980409,42.9594,-70.3475,20250802,Gulf of Maine
14634,50717640,42.9592,-70.349,20250802,Gulf of Maine
14635,54590667,42.9592,-70.3484,20250802,Gulf of Maine
14636,56503616,42.9593,-70.348,20250802,Gulf of Maine
14637,58680506,42.9595,-70.3489,20250802,Gulf of Maine
14638,59003663,42.9593,-70.3487,20250802,Gulf of Maine
14639,62950397,43.781,-69.975,20250802,Bowdoin College (SCSC)
14640,63738750,42.9619,-70.3482,20250802,Gulf of Maine
14641,69280603,42.9596,-70.348,20250802,Gulf of Maine
14642,69698458,42.9735,-70.3521,20250802,Gulf of Maine
14643,69817684,42.9597,-70.3472,20250802,Gulf of Maine
14644,69982008,42.9616,-70.3508,20250802,Gulf of Maine
14645,72572142,42.9596,-70.3471,20250802,Gulf of Maine
14646,75721301,42.9596,-70.3486,20250802,Gulf of Maine
14647,76174403,42.9596,-70.349,20250802,Gulf of Maine
14648,78974897,42.9788,-70.3587,20250802,Gulf of Maine
14649,79160025,42.9593,-70.3477,20250802,Gulf of Maine
14650,79189641,42.96,-70.3487,20250802,Gulf of Maine
14651,81010381,42.9598,-70.3485,20250802,Gulf of Maine
14652,82792234,42.9598,-70.3486,20250802,Gulf of Maine
14653,84691237,44.44,-68.205,20250802,Mount Desert Island Biological Laboratory
14654,86668681,42.9601,-70.348,20250802,Gulf of Maine
14655,88940258,42.9596,-70.3483,20250802,Gulf of Maine
14656,92523273,42.959,-70.3485,20250802,Gulf of Maine
14657,92951621,42.9598,-70.347,20250802,Gulf of Maine
14658,93348742,42.9595,-70.3484,20250802,Gulf of Maine
14659,94518662,42.959,-70.3476,20250802,Gulf of Maine
14660,95852424,42.9599,-70.3484,20250802,Gulf of Maine
14661,97773199,42.9594,-70.3485,20250802,Gulf of Maine
14662,05238235,42.9596,-70.3488,20250803,Gulf of Maine
14663,05459259,42.9597,-70.3483,20250803,Gulf of Maine
14664,05498028,42.9603,-70.3485,20250803,Gulf of Maine
14665,08192511,42.9594,-70.348,20250803,Gulf of Maine
14666,08565529,42.9597,-70.3491,20250803,Gulf of Maine
14667,13870802,42.9597,-70.3477,20250803,Gulf of Maine
14668,14863756,42.959,-70.3488,20250803,Gulf of Maine
14669,15532588,42.9597,-70.3478,20250803,Gulf of Maine
14670,15693258,42.9591,-70.3493,20250803,Gulf of Maine
14671,16391584,42.9597,-70.3486,20250803,Gulf of Maine
14672,16566210,42.9604,-70.3482,20250803,Gulf of Maine
14673,17166202,42.9597,-70.3502,20250803,Gulf of Maine
14674,25232298,42.9599,-70.3486,20250803,Gulf of Maine
14675,28770280,42.9597,-70.3485,20250803,Gulf of Maine
14676,29891434,42.9596,-70.3481,20250803,Gulf of Maine
14677,30696438,42.9597,-70.3484,20250803,Gulf of Maine
14678,31481559,42.9601,-70.3482,20250803,Gulf of Maine
14679,32183254,42.9593,-70.3481,20250803,Gulf of Maine
14680,39353632,42.9598,-70.348,20250803,Gulf of Maine
14681,39577713,42.9596,-70.3487,20250803,Gulf of Maine
14682,39724656,42.9598,-70.3494,20250803,Gulf of Maine
14683,46328737,42.9595,-70.3477,20250803,Gulf of Maine
14684,50051335,42.9593,-70.35,20250803,Gulf of Maine
14685,52962959,42.9602,-70.3486,20250803,Gulf of Maine
14686,56503616,42.9593,-70.348,20250803,Gulf of Maine
14687,58020717,42.9593,-70.3483,20250803,Gulf of Maine
14688,58673703,42.9593,-70.3479,20250803,Gulf of Maine
14689,58680506,42.9595,-70.3489,20250803,Gulf of Maine
14690,59873535,42.959,-70.3483,20250803,Gulf of Maine
14691,62218158,42.9596,-70.3478,20250803,Gulf of Maine
14692,62950397,43.781,-69.975,20250803,Bowdoin College (SCSC)
14693,70375215,42.9596,-70.3489,20250803,Gulf of Maine
14694,74281894,42.9596,-70.3494,20250803,Gulf of Maine
14695,75155009,42.9596,-70.3493,20250803,Gulf of Maine
14696,76174403,42.9596,-70.349,20250803,Gulf of Maine
14697,76711117,42.9593,-70.3489,20250803,Gulf of Maine
14698,80191047,42.9597,-70.3487,20250803,Gulf of Maine
14699,80437396,42.9598,-70.3492,20250803,Gulf of Maine
14700,84387274,42.9598,-70.3481,20250803,Gulf of Maine
14701,84691237,44.44,-68.205,20250803,Mount Desert Island Biological Laboratory
14702,88940258,42.9596,-70.3483,20250803,Gulf of Maine
14703,90190673,42.9597,-70.3488,20250803,Gulf of Maine
14704,90422680,42.9591,-70.3483,20250803,Gulf of Maine
14705,90691689,42.9604,-70.3497,20250803,Gulf of Maine
14706,92523273,42.959,-70.3485,20250803,Gulf of Maine
14707,94192495,42.9602,-70.3483,20250803,Gulf of Maine
14708,97094989,42.9601,-70.3478,20250803,Gulf of Maine
14709,97442860,42.9598,-70.3484,20250803,Gulf of Maine
14710,99713796,42.9594,-70.3484,20250803,Gulf of Maine
14711,05238235,42.9596,-70.3488,20250804,Gulf of Maine
14712,10334146,42.9604,-70.3484,20250804,Gulf of Maine
14713,13721639,42.9597,-70.3489,20250804,Gulf of Maine
14714,14923541,42.9599,-70.3491,20250804,Gulf of Maine
14715,18772649,42.9595,-70.349,20250804,Gulf of Maine
14716,21292340,42.9599,-70.3487,20250804,Gulf of Maine
14717,22103327,42.9592,-70.3486,20250804,Gulf of Maine
14718,22908813,42.9595,-70.3492,20250804,Gulf of Maine
14719,24654232,42.9606,-70.349,20250804,Gulf of Maine
14720,25232298,42.9599,-70.3486,20250804,Gulf of Maine
14721,28770280,42.9597,-70.3485,20250804,Gulf of Maine
14722,34275362,42.9598,-70.3487,20250804,Gulf of Maine
14723,34532714,42.9592,-70.3493,20250804,Gulf of Maine
14724,35461595,42.9591,-70.3492,20250804,Gulf of Maine
14725,37382090,42.9589,-70.3484,20250804,Gulf of Maine
14726,38111922,42.9597,-70.3501,20250804,Gulf of Maine
14727,39471591,42.9602,-70.3497,20250804,Gulf of Maine
14728,39577713,42.9596,-70.3487,20250804,Gulf of Maine
14729,40354673,42.9588,-70.3486,20250804,Gulf of Maine
14730,43467015,42.9591,-70.3497,20250804,Gulf of Maine
14731,46360270,42.9588,-70.3491,20250804,Gulf of Maine
14732,46809272,42.9597,-70.3492,20250804,Gulf of Maine
14733,53300292,42.9598,-70.3488,20250804,Gulf of Maine
14734,60870479,42.9596,-70.3491,20250804,Gulf of Maine
14735,62950397,43.781,-69.975,20250804,Bowdoin College (SCSC)
14736,63402023,42.9597,-70.349,20250804,Gulf of Maine
14737,63930453,42.9588,-70.3495,20250804,Gulf of Maine
14738,64274706,42.96,-70.348,20250804,Gulf of Maine
14739,64894875,42.9591,-70.349,20250804,Gulf of Maine
14740,70375215,42.9596,-70.3489,20250804,Gulf of Maine
14741,71694417,42.9591,-70.3484,20250804,Gulf of Maine
14742,72491247,42.96,-70.349,20250804,Gulf of Maine
14743,75626992,42.9602,-70.3485,20250804,Gulf of Maine
14744,76174403,42.9596,-70.349,20250804,Gulf of Maine
14745,76242008,42.9594,-70.3477,20250804,Gulf of Maine
14746,76574000,42.9598,-70.3479,20250804,Gulf of Maine
14747,76711117,42.9593,-70.3489,20250804,Gulf of Maine
14748,78690716,42.9597,-70.3493,20250804,Gulf of Maine
14749,80191047,42.9597,-70.3487,20250804,Gulf of Maine
14750,82779138,42.9597,-70.3481,20250804,Gulf of Maine
14751,83154792,42.9604,-70.3485,20250804,Gulf of Maine
14752,84387274,42.9598,-70.3481,20250804,Gulf of Maine
14753,84691237,44.44,-68.205,20250804,Mount Desert Island Biological Laboratory
14754,86668681,42.9601,-70.348,20250804,Gulf of Maine
14755,86919517,42.959,-70.3487,20250804,Gulf of Maine
14756,87071031,42.9595,-70.3493,20250804,Gulf of Maine
14757,90190673,42.9597,-70.3488,20250804,Gulf of Maine
14758,95208192,42.96,-70.3485,20250804,Gulf of Maine
14759,96228039,42.9589,-70.3483,20250804,Gulf of Maine
14760,97773199,42.9594,-70.3485,20250804,Gulf of Maine
14761,99274521,42.9599,-70.3482,20250804,Gulf of Maine
14762,99553068,42.9598,-70.3489,20250804,Gulf of Maine
14763,99713796,42.9594,-70.3484,20250804,Gulf of Maine
14764,03429522,42.9596,-70.3495,20250805,Gulf of Maine
14765,03628622,42.9597,-70.3494,20250805,Gulf of Maine
14766,04587280,42.959,-70.3496,20250805,Gulf of Maine
14767,05238235,42.9596,-70.3488,20250805,Gulf of Maine
14768,05498028,42.9603,-70.3485,20250805,Gulf of Maine
14769,06411737,42.9593,-70.3488,20250805,Gulf of Maine
14770,07115552,42.9601,-70.3488,20250805,Gulf of Maine
14771,07125404,42.9595,-70.348,20250805,Gulf of Maine
14772,07652119,42.9597,-70.3495,20250805,Gulf of Maine
14773,08565529,42.9597,-70.3491,20250805,Gulf of Maine
14774,11831070,42.9594,-70.3493,20250805,Gulf of Maine
14775,18772649,42.9595,-70.349,20250805,Gulf of Maine
14776,22125685,42.9591,-70.3495,20250805,Gulf of Maine
14777,22664746,42.9595,-70.3488,20250805,Gulf of Maine
14778,22908813,42.9595,-70.3492,20250805,Gulf of Maine
14779,23511564,42.9594,-70.3488,20250805,Gulf of Maine
14780,34532714,42.9592,-70.3493,20250805,Gulf of Maine
14781,38111922,42.9597,-70.3501,20250805,Gulf of Maine
14782,45901270,42.9595,-70.3502,20250805,Gulf of Maine
14783,46360270,42.9588,-70.3491,20250805,Gulf of Maine
14784,48086165,42.9589,-70.3498,20250805,Gulf of Maine
14785,49342733,42.9592,-70.3487,20250805,Gulf of Maine
14786,56503616,42.9593,-70.348,20250805,Gulf of Maine
14787,56559448,42.9591,-70.3491,20250805,Gulf of Maine
14788,59415284,42.9597,-70.3479,20250805,Gulf of Maine
14789,59761789,42.9594,-70.349,20250805,Gulf of Maine
14790,60870479,42.9596,-70.3491,20250805,Gulf of Maine
14791,61832177,42.9596,-70.3492,20250805,Gulf of Maine
14792,62950397,43.781,-69.975,20250805,Bowdoin College (SCSC)
14793,63402023,42.9597,-70.349,20250805,Gulf of Maine
14794,63930453,42.9588,-70.3495,20250805,Gulf of Maine
14795,64894875,42.9591,-70.349,20250805,Gulf of Maine
14796,69375236,42.9595,-70.3497,20250805,Gulf of Maine
14797,70375215,42.9596,-70.3489,20250805,Gulf of Maine
14798,71694417,42.9591,-70.3484,20250805,Gulf of Maine
14799,72228982,42.9595,-70.3491,20250805,Gulf of Maine
14800,74281894,42.9596,-70.3494,20250805,Gulf of Maine
14801,75014264,42.9591,-70.3482,20250805,Gulf of Maine
14802,76174403,42.9596,-70.349,20250805,Gulf of Maine
14803,80332645,42.9595,-70.3487,20250805,Gulf of Maine
14804,80945067,42.9594,-70.3498,20250805,Gulf of Maine
14805,84691237,44.44,-68.205,20250805,Mount Desert Island Biological Laboratory
14806,86402373,42.9599,-70.3494,20250805,Gulf of Maine
14807,87071031,42.9595,-70.3493,20250805,Gulf of Maine
14808,88758554,42.9596,-70.3484,20250805,Gulf of Maine
14809,89367229,42.9594,-70.3492,20250805,Gulf of Maine
14810,89686161,42.9598,-70.349,20250805,Gulf of Maine
14811,90652014,42.9596,-70.3501,20250805,Gulf of Maine
14812,94443336,42.9601,-70.3489,20250805,Gulf of Maine
14813,95852424,42.9599,-70.3484,20250805,Gulf of Maine
14814,96058663,42.9595,-70.3495,20250805,Gulf of Maine
14815,00540292,42.9595,-70.3498,20250806,Gulf of Maine
14816,05238235,42.9596,-70.3488,20250806,Gulf of Maine
14817,07474467,42.9598,-70.3498,20250806,Gulf of Maine
14818,08565529,42.9597,-70.3491,20250806,Gulf of Maine
14819,10513903,42.9592,-70.3496,20250806,Gulf of Maine
14820,13721639,42.9597,-70.3489,20250806,Gulf of Maine
14821,14863756,42.959,-70.3488,20250806,Gulf of Maine
14822,15693258,42.9591,-70.3493,20250806,Gulf of Maine
14823,15774594,42.9595,-70.3486,20250806,Gulf of Maine
14824,17666484,42.9592,-70.3498,20250806,Gulf of Maine
14825,19311932,42.9591,-70.3496,20250806,Gulf of Maine
14826,22090094,42.9597,-70.3496,20250806,Gulf of Maine
14827,22664746,42.9595,-70.3488,20250806,Gulf of Maine
14828,22908813,42.9595,-70.3492,20250806,Gulf of Maine
14829,24925616,42.959,-70.3497,20250806,Gulf of Maine
14830,27167310,42.9589,-70.3492,20250806,Gulf of Maine
14831,34532714,42.9592,-70.3493,20250806,Gulf of Maine
14832,34782782,42.9587,-70.3486,20250806,Gulf of Maine
14833,37382090,42.9589,-70.3484,20250806,Gulf of Maine
14834,37409259,42.9593,-70.3484,20250806,Gulf of Maine
14835,39577713,42.9596,-70.3487,20250806,Gulf of Maine
14836,40354673,42.9588,-70.3486,20250806,Gulf of Maine
14837,43467015,42.9591,-70.3497,20250806,Gulf of Maine
14838,45901270,42.9595,-70.3502,20250806,Gulf of Maine
14839,46809272,42.9597,-70.3492,20250806,Gulf of Maine
14840,57948834,42.959,-70.3484,20250806,Gulf of Maine
14841,58680506,42.9595,-70.3489,20250806,Gulf of Maine
14842,59761789,42.9594,-70.349,20250806,Gulf of Maine
14843,60797063,42.9592,-70.3485,20250806,Gulf of Maine
14844,60870479,42.9596,-70.3491,20250806,Gulf of Maine
14845,62950397,43.781,-69.975,20250806,Bowdoin College (SCSC)
14846,63402023,42.9597,-70.349,20250806,Gulf of Maine
14847,63946872,42.9595,-70.3499,20250806,Gulf of Maine
14848,65916536,42.959,-70.3493,20250806,Gulf of Maine
14849,69270087,42.9593,-70.3495,20250806,Gulf of Maine
14850,70375215,42.9596,-70.3489,20250806,Gulf of Maine
14851,71694417,42.9591,-70.3484,20250806,Gulf of Maine
14852,72228982,42.9595,-70.3491,20250806,Gulf of Maine
14853,74873683,42.96,-70.3497,20250806,Gulf of Maine
14854,76174403,42.9596,-70.349,20250806,Gulf of Maine
14855,80332645,42.9595,-70.3487,20250806,Gulf of Maine
14856,80945067,42.9594,-70.3498,20250806,Gulf of Maine
14857,82703978,42.9596,-70.3498,20250806,Gulf of Maine
14858,84691237,44.44,-68.205,20250806,Mount Desert Island Biological Laboratory
14859,90422680,42.9591,-70.3483,20250806,Gulf of Maine
14860,97816128,42.9593,-70.3496,20250806,Gulf of Maine
14861,00166539,42.96,-70.3486,20250807,Gulf of Maine
14862,01438586,42.9603,-70.3493,20250807,Gulf of Maine
14863,03258505,42.9595,-70.3478,20250807,Gulf of Maine
14864,05459259,42.9597,-70.3483,20250807,Gulf of Maine
14865,06411737,42.9593,-70.3488,20250807,Gulf of Maine
14866,07474467,42.9598,-70.3498,20250807,Gulf of Maine
14867,08565529,42.9597,-70.3491,20250807,Gulf of Maine
14868,09442971,42.9601,-70.3483,20250807,Gulf of Maine
14869,10334146,42.9604,-70.3484,20250807,Gulf of Maine
14870,12235882,42.9601,-70.3485,20250807,Gulf of Maine
14871,13692554,42.9593,-70.3498,20250807,Gulf of Maine
14872,13721639,42.9597,-70.3489,20250807,Gulf of Maine
14873,20568734,42.9594,-70.3486,20250807,Gulf of Maine
14874,21292340,42.9599,-70.3487,20250807,Gulf of Maine
14875,22908813,42.9595,-70.3492,20250807,Gulf of Maine
14876,31816025,42.9602,-70.3492,20250807,Gulf of Maine
14877,32642154,42.9602,-70.3482,20250807,Gulf of Maine
14878,32788192,42.9599,-70.3489,20250807,Gulf of Maine
14879,34275362,42.9598,-70.3487,20250807,Gulf of Maine
14880,39335381,42.9603,-70.348,20250807,Gulf of Maine
14881,39577713,42.9596,-70.3487,20250807,Gulf of Maine
14882,39724656,42.9598,-70.3494,20250807,Gulf of Maine
14883,39866719,42.9603,-70.3481,20250807,Gulf of Maine
14884,43556623,42.9591,-70.3489,20250807,Gulf of Maine
14885,43577281,42.9602,-70.3479,20250807,Gulf of Maine
14886,43590726,42.9592,-70.3501,20250807,Gulf of Maine
14887,43671176,42.959,-70.3491,20250807,Gulf of Maine
14888,51829672,42.9603,-70.3482,20250807,Gulf of Maine
14889,53300292,42.9598,-70.3488,20250807,Gulf of Maine
14890,56482298,42.9597,-70.3476,20250807,Gulf of Maine
14891,62950397,43.781,-69.975,20250807,Bowdoin College (SCSC)
14892,63256083,42.9599,-70.3481,20250807,Gulf of Maine
14893,63402023,42.9597,-70.349,20250807,Gulf of Maine
14894,64570035,42.9602,-70.3488,20250807,Gulf of Maine
14895,65286297,42.9594,-70.3478,20250807,Gulf of Maine
14896,65524251,42.9594,-70.3489,20250807,Gulf of Maine
14897,70375215,42.9596,-70.3489,20250807,Gulf of Maine
14898,73479733,42.9591,-70.3488,20250807,Gulf of Maine
14899,74717746,42.9604,-70.3483,20250807,Gulf of Maine
14900,75300682,42.9593,-70.3492,20250807,Gulf of Maine
14901,75721301,42.9596,-70.3486,20250807,Gulf of Maine
14902,76174403,42.9596,-70.349,20250807,Gulf of Maine
14903,76242008,42.9594,-70.3477,20250807,Gulf of Maine
14904,80191047,42.9597,-70.3487,20250807,Gulf of Maine
14905,80437396,42.9598,-70.3492,20250807,Gulf of Maine
14906,82779138,42.9597,-70.3481,20250807,Gulf of Maine
14907,83313889,42.96,-70.3489,20250807,Gulf of Maine
14908,84691237,44.44,-68.205,20250807,Mount Desert Island Biological Laboratory
14909,87071031,42.9595,-70.3493,20250807,Gulf of Maine
14910,90190673,42.9597,-70.3488,20250807,Gulf of Maine
14911,94192495,42.9602,-70.3483,20250807,Gulf of Maine
14912,94443336,42.9601,-70.3489,20250807,Gulf of Maine
14913,99553068,42.9598,-70.3489,20250807,Gulf of Maine
14914,05238235,42.9596,-70.3488,20250808,Gulf of Maine
14915,05459259,42.9597,-70.3483,20250808,Gulf of Maine
14916,07115552,42.9601,-70.3488,20250808,Gulf of Maine
14917,10334146,42.9604,-70.3484,20250808,Gulf of Maine
14918,13721639,42.9597,-70.3489,20250808,Gulf of Maine
14919,15331779,42.9605,-70.3483,20250808,Gulf of Maine
14920,15774594,42.9595,-70.3486,20250808,Gulf of Maine
14921,16566210,42.9604,-70.3482,20250808,Gulf of Maine
14922,25232298,42.9599,-70.3486,20250808,Gulf of Maine
14923,30170365,42.9601,-70.3486,20250808,Gulf of Maine
14924,30696438,42.9597,-70.3484,20250808,Gulf of Maine
14925,32017824,42.9605,-70.3484,20250808,Gulf of Maine
14926,32642154,42.9602,-70.3482,20250808,Gulf of Maine
14927,34275362,42.9598,-70.3487,20250808,Gulf of Maine
14928,39577713,42.9596,-70.3487,20250808,Gulf of Maine
14929,43577281,42.9602,-70.3479,20250808,Gulf of Maine
14930,46347576,42.9599,-70.3492,20250808,Gulf of Maine
14931,52962959,42.9602,-70.3486,20250808,Gulf of Maine
14932,53300292,42.9598,-70.3488,20250808,Gulf of Maine
14933,58047836,42.9604,-70.3481,20250808,Gulf of Maine
14934,58680506,42.9595,-70.3489,20250808,Gulf of Maine
14935,60870479,42.9596,-70.3491,20250808,Gulf of Maine
14936,61445248,42.9604,-70.3488,20250808,Gulf of Maine
14937,61780526,42.9599,-70.3483,20250808,Gulf of Maine
14938,62950397,43.781,-69.975,20250808,Bowdoin College (SCSC)
14939,63402023,42.9597,-70.349,20250808,Gulf of Maine
14940,64274706,42.96,-70.348,20250808,Gulf of Maine
14941,69280603,42.9596,-70.348,20250808,Gulf of Maine
14942,70375215,42.9596,-70.3489,20250808,Gulf of Maine
14943,70396636,42.9598,-70.3478,20250808,Gulf of Maine
14944,73707563,42.9597,-70.3482,20250808,Gulf of Maine
14945,74717746,42.9604,-70.3483,20250808,Gulf of Maine
14946,75721301,42.9596,-70.3486,20250808,Gulf of Maine
14947,76174403,42.9596,-70.349,20250808,Gulf of Maine
14948,77197361,42.9601,-70.3481,20250808,Gulf of Maine
14949,77974371,42.9598,-70.3483,20250808,Gulf of Maine
14950,78241754,42.9598,-70.3477,20250808,Gulf of Maine
14951,79189641,42.96,-70.3487,20250808,Gulf of Maine
14952,84691237,44.44,-68.205,20250808,Mount Desert Island Biological Laboratory
14953,85166308,42.9599,-70.3488,20250808,Gulf of Maine
14954,86402373,42.9599,-70.3494,20250808,Gulf of Maine
14955,86668681,42.9601,-70.348,20250808,Gulf of Maine
14956,88402951,44.322,-67.3377,20250808,Gulf of Maine
14957,89735903,42.96,-70.3484,20250808,Gulf of Maine
14958,90190673,42.9597,-70.3488,20250808,Gulf of Maine
14959,90422680,42.9591,-70.3483,20250808,Gulf of Maine
14960,95208192,42.96,-70.3485,20250808,Gulf of Maine
14961,95852424,42.9599,-70.3484,20250808,Gulf of Maine
14962,00267502,42.9605,-70.3488,20250809,Gulf of Maine
14963,03228785,42.96,-70.3494,20250809,Gulf of Maine
14964,07115552,42.9601,-70.3488,20250809,Gulf of Maine
14965,08565529,42.9597,-70.3491,20250809,Gulf of Maine
14966,13721639,42.9597,-70.3489,20250809,Gulf of Maine
14967,16566210,42.9604,-70.3482,20250809,Gulf of Maine
14968,20153875,42.9602,-70.3487,20250809,Gulf of Maine
14969,22281890,42.9601,-70.3496,20250809,Gulf of Maine
14970,22604802,42.9606,-70.3493,20250809,Gulf of Maine
14971,24654232,42.9606,-70.349,20250809,Gulf of Maine
14972,28627451,42.9601,-70.3492,20250809,Gulf of Maine
14973,28770280,42.9597,-70.3485,20250809,Gulf of Maine
14974,32788192,42.9599,-70.3489,20250809,Gulf of Maine
14975,34269013,42.9605,-70.3486,20250809,Gulf of Maine
14976,34275362,42.9598,-70.3487,20250809,Gulf of Maine
14977,39311059,42.9602,-70.3496,20250809,Gulf of Maine
14978,39577713,42.9596,-70.3487,20250809,Gulf of Maine
14979,39866719,42.9603,-70.3481,20250809,Gulf of Maine
14980,40150513,42.9599,-70.349,20250809,Gulf of Maine
14981,40532356,42.9602,-70.348,20250809,Gulf of Maine
14982,49150012,42.96,-70.3491,20250809,Gulf of Maine
14983,50308187,42.96,-70.3481,20250809,Gulf of Maine
14984,52962959,42.9602,-70.3486,20250809,Gulf of Maine
14985,53431020,42.9604,-70.3496,20250809,Gulf of Maine
14986,61800679,42.9604,-70.3486,20250809,Gulf of Maine
14987,62950397,43.781,-69.975,20250809,Bowdoin College (SCSC)
14988,63402023,42.9597,-70.349,20250809,Gulf of Maine
14989,64570035,42.9602,-70.3488,20250809,Gulf of Maine
14990,68114190,42.9606,-70.3488,20250809,Gulf of Maine
14991,68228677,42.96,-70.3492,20250809,Gulf of Maine
14992,70375215,42.9596,-70.3489,20250809,Gulf of Maine
14993,72491247,42.96,-70.349,20250809,Gulf of Maine
14994,75626992,42.9602,-70.3485,20250809,Gulf of Maine
14995,77197361,42.9601,-70.3481,20250809,Gulf of Maine
14996,80191047,42.9597,-70.3487,20250809,Gulf of Maine
14997,82524135,42.9602,-70.3481,20250809,Gulf of Maine
14998,82779138,42.9597,-70.3481,20250809,Gulf of Maine
14999,82792234,42.9598,-70.3486,20250809,Gulf of Maine
15000,83154792,42.9604,-70.3485,20250809,Gulf of Maine
15001,84691237,44.44,-68.205,20250809,Mount Desert Island Biological Laboratory
15002,86668681,42.9601,-70.348,20250809,Gulf of Maine
15003,88394079,42.9603,-70.3494,20250809,Gulf of Maine
15004,88402951,44.322,-67.3377,20250809,Gulf of Maine
15005,89686161,42.9598,-70.349,20250809,Gulf of Maine
15006,92025424,42.9605,-70.3494,20250809,Gulf of Maine
15007,94443336,42.9601,-70.3489,20250809,Gulf of Maine
15008,95852424,42.9599,-70.3484,20250809,Gulf of Maine
15009,96212143,42.9604,-70.3492,20250809,Gulf of Maine
15010,99553068,42.9598,-70.3489,20250809,Gulf of Maine
15011,00045864,42.959,-70.3481,20250810,Gulf of Maine
15012,03228785,42.96,-70.3494,20250810,Gulf of Maine
15013,03451502,42.9606,-70.3489,20250810,Gulf of Maine
15014,08565529,42.9597,-70.3491,20250810,Gulf of Maine
15015,09690086,42.9602,-70.3495,20250810,Gulf of Maine
15016,13721639,42.9597,-70.3489,20250810,Gulf of Maine
15017,14859810,42.9596,-70.3482,20250810,Gulf of Maine
15018,18772649,42.9595,-70.349,20250810,Gulf of Maine
15019,22604802,42.9606,-70.3493,20250810,Gulf of Maine
15020,25232298,42.9599,-70.3486,20250810,Gulf of Maine
15021,30170365,42.9601,-70.3486,20250810,Gulf of Maine
15022,32017824,42.9605,-70.3484,20250810,Gulf of Maine
15023,33739278,42.9603,-70.3486,20250810,Gulf of Maine
15024,36439616,42.9603,-70.3496,20250810,Gulf of Maine
15025,39577713,42.9596,-70.3487,20250810,Gulf of Maine
15026,44925863,42.96,-70.3488,20250810,Gulf of Maine
15027,52708400,42.9603,-70.3488,20250810,Gulf of Maine
15028,52840084,42.9603,-70.3483,20250810,Gulf of Maine
15029,53300292,42.9598,-70.3488,20250810,Gulf of Maine
15030,55886036,42.9605,-70.349,20250810,Gulf of Maine
15031,58680506,42.9595,-70.3489,20250810,Gulf of Maine
15032,59083273,42.9598,-70.3491,20250810,Gulf of Maine
15033,60884969,42.9604,-70.3489,20250810,Gulf of Maine
15034,61780526,42.9599,-70.3483,20250810,Gulf of Maine
15035,62439272,42.9597,-70.3498,20250810,Gulf of Maine
15036,62950397,43.781,-69.975,20250810,Bowdoin College (SCSC)
15037,63402023,42.9597,-70.349,20250810,Gulf of Maine
15038,64274706,42.96,-70.348,20250810,Gulf of Maine
15039,64881715,42.9603,-70.3492,20250810,Gulf of Maine
15040,65286297,42.9594,-70.3478,20250810,Gulf of Maine
15041,70375215,42.9596,-70.3489,20250810,Gulf of Maine
15042,72228982,42.9595,-70.3491,20250810,Gulf of Maine
15043,72491247,42.96,-70.349,20250810,Gulf of Maine
15044,76174403,42.9596,-70.349,20250810,Gulf of Maine
15045,76435728,42.9594,-70.3479,20250810,Gulf of Maine
15046,79189641,42.96,-70.3487,20250810,Gulf of Maine
15047,80332645,42.9595,-70.3487,20250810,Gulf of Maine
15048,83154792,42.9604,-70.3485,20250810,Gulf of Maine
15049,84691237,44.44,-68.205,20250810,Mount Desert Island Biological Laboratory
15050,85166308,42.9599,-70.3488,20250810,Gulf of Maine
15051,87742055,42.9596,-70.3477,20250810,Gulf of Maine
15052,88402951,44.322,-67.3377,20250810,Gulf of Maine
15053,88455795,42.9596,-70.3485,20250810,Gulf of Maine
15054,88758554,42.9596,-70.3484,20250810,Gulf of Maine
15055,90190673,42.9597,-70.3488,20250810,Gulf of Maine
15056,90440980,42.9602,-70.3484,20250810,Gulf of Maine
15057,91084089,42.9603,-70.349,20250810,Gulf of Maine
15058,92154704,42.9606,-70.3492,20250810,Gulf of Maine
15059,94443336,42.9601,-70.3489,20250810,Gulf of Maine
15060,95456166,42.9601,-70.3494,20250810,Gulf of Maine
15061,99553068,42.9598,-70.3489,20250810,Gulf of Maine
15062,00166539,42.96,-70.3486,20250811,Gulf of Maine
15063,00774138,42.9606,-70.3485,20250811,Gulf of Maine
15064,02721899,42.9609,-70.3493,20250811,Gulf of Maine
15065,03197601,42.9605,-70.3489,20250811,Gulf of Maine
15066,03556579,42.9607,-70.349,20250811,Gulf of Maine
15067,10334146,42.9604,-70.3484,20250811,Gulf of Maine
15068,11831070,42.9594,-70.3493,20250811,Gulf of Maine
15069,12184678,44.3224,-67.3374,20250811,Gulf of Maine
15070,13721639,42.9597,-70.3489,20250811,Gulf of Maine
15071,14863756,42.959,-70.3488,20250811,Gulf of Maine
15072,15774594,42.9595,-70.3486,20250811,Gulf of Maine
15073,21178962,42.9606,-70.3486,20250811,Gulf of Maine
15074,22664746,42.9595,-70.3488,20250811,Gulf of Maine
15075,22908813,42.9595,-70.3492,20250811,Gulf of Maine
15076,24654232,42.9606,-70.349,20250811,Gulf of Maine
15077,32183254,42.9593,-70.3481,20250811,Gulf of Maine
15078,32642154,42.9602,-70.3482,20250811,Gulf of Maine
15079,32788192,42.9599,-70.3489,20250811,Gulf of Maine
15080,33710550,42.9605,-70.3498,20250811,Gulf of Maine
15081,34269013,42.9605,-70.3486,20250811,Gulf of Maine
15082,37409259,42.9593,-70.3484,20250811,Gulf of Maine
15083,39086467,44.3222,-67.3378,20250811,Gulf of Maine
15084,43467015,42.9591,-70.3497,20250811,Gulf of Maine
15085,48192243,42.9602,-70.3489,20250811,Gulf of Maine
15086,51045588,42.9606,-70.3477,20250811,Gulf of Maine
15087,51381388,42.9604,-70.3487,20250811,Gulf of Maine
15088,58929722,42.9609,-70.3485,20250811,Gulf of Maine
15089,60870479,42.9596,-70.3491,20250811,Gulf of Maine
15090,61445248,42.9604,-70.3488,20250811,Gulf of Maine
15091,61800679,42.9604,-70.3486,20250811,Gulf of Maine
15092,62950397,43.781,-69.975,20250811,Bowdoin College (SCSC)
15093,63402023,42.9597,-70.349,20250811,Gulf of Maine
15094,67952987,42.9612,-70.3483,20250811,Gulf of Maine
15095,70375215,42.9596,-70.3489,20250811,Gulf of Maine
15096,70414889,42.9604,-70.3491,20250811,Gulf of Maine
15097,71064726,42.9607,-70.3486,20250811,Gulf of Maine
15098,71642767,42.9603,-70.3484,20250811,Gulf of Maine
15099,71971190,42.9604,-70.349,20250811,Gulf of Maine
15100,72169788,42.9601,-70.3484,20250811,Gulf of Maine
15101,72228982,42.9595,-70.3491,20250811,Gulf of Maine
15102,75014264,42.9591,-70.3482,20250811,Gulf of Maine
15103,76242008,42.9594,-70.3477,20250811,Gulf of Maine
15104,76435728,42.9594,-70.3479,20250811,Gulf of Maine
15105,80212201,42.9611,-70.3484,20250811,Gulf of Maine
15106,84691237,44.44,-68.205,20250811,Mount Desert Island Biological Laboratory
15107,84764268,42.96,-70.3482,20250811,Gulf of Maine
15108,85166308,42.9599,-70.3488,20250811,Gulf of Maine
15109,87439168,44.3225,-67.3381,20250811,Gulf of Maine
15110,88402951,44.322,-67.3377,20250811,Gulf of Maine
15111,89179880,44.3225,-67.3376,20250811,Gulf of Maine
15112,90190673,42.9597,-70.3488,20250811,Gulf of Maine
15113,91926238,42.9605,-70.3485,20250811,Gulf of Maine
15114,96106596,42.96,-70.3501,20250811,Gulf of Maine
15115,97442860,42.9598,-70.3484,20250811,Gulf of Maine
15116,98841189,42.9606,-70.3483,20250811,Gulf of Maine
15117,99274521,42.9599,-70.3482,20250811,Gulf of Maine
15118,99985496,42.9607,-70.3482,20250811,Gulf of Maine
15119,02385933,44.322,-67.3382,20250812,Gulf of Maine
15120,03556579,42.9607,-70.349,20250812,Gulf of Maine
15121,04769583,44.3232,-67.3369,20250812,Gulf of Maine
15122,07392574,44.3229,-67.3368,20250812,Gulf of Maine
15123,07668175,42.9603,-70.3477,20250812,Gulf of Maine
15124,07995488,44.3225,-67.3377,20250812,Gulf of Maine
15125,08435714,42.9606,-70.3495,20250812,Gulf of Maine
15126,09366051,44.3233,-67.3382,20250812,Gulf of Maine
15127,12538257,44.3223,-67.3379,20250812,Gulf of Maine
15128,13721639,42.9597,-70.3489,20250812,Gulf of Maine
15129,15128936,42.9609,-70.3486,20250812,Gulf of Maine
15130,18045945,42.9608,-70.3486,20250812,Gulf of Maine
15131,19648417,44.3231,-67.3378,20250812,Gulf of Maine
15132,20645796,42.9613,-70.3487,20250812,Gulf of Maine
15133,22013440,44.3234,-67.3374,20250812,Gulf of Maine
15134,23254232,44.3228,-67.3376,20250812,Gulf of Maine
15135,23844748,44.3221,-67.3378,20250812,Gulf of Maine
15136,25232298,42.9599,-70.3486,20250812,Gulf of Maine
15137,27321080,44.3224,-67.3376,20250812,Gulf of Maine
15138,29493808,42.9612,-70.3481,20250812,Gulf of Maine
15139,30549883,42.9609,-70.3478,20250812,Gulf of Maine
15140,34269013,42.9605,-70.3486,20250812,Gulf of Maine
15141,39335381,42.9603,-70.348,20250812,Gulf of Maine
15142,39866719,42.9603,-70.3481,20250812,Gulf of Maine
15143,40281224,44.323,-67.3373,20250812,Gulf of Maine
15144,43065645,44.3233,-67.3376,20250812,Gulf of Maine
15145,43613137,44.3233,-67.3375,20250812,Gulf of Maine
15146,45370920,42.9606,-70.3481,20250812,Gulf of Maine
15147,47843951,44.3234,-67.337,20250812,Gulf of Maine
15148,48461795,44.3231,-67.3379,20250812,Gulf of Maine
15149,49048657,44.3221,-67.3371,20250812,Gulf of Maine
15150,50382741,42.9606,-70.3479,20250812,Gulf of Maine
15151,50499630,44.3224,-67.3378,20250812,Gulf of Maine
15152,53901109,44.3228,-67.3375,20250812,Gulf of Maine
15153,55221681,42.9609,-70.3483,20250812,Gulf of Maine
15154,58053638,44.322,-67.3379,20250812,Gulf of Maine
15155,59083273,42.9598,-70.3491,20250812,Gulf of Maine
15156,60884969,42.9604,-70.3489,20250812,Gulf of Maine
15157,60892650,44.3229,-67.3375,20250812,Gulf of Maine
15158,61445248,42.9604,-70.3488,20250812,Gulf of Maine
15159,62301796,44.3224,-67.3375,20250812,Gulf of Maine
15160,62950397,43.781,-69.975,20250812,Bowdoin College (SCSC)
15161,66602485,44.3227,-67.3374,20250812,Gulf of Maine
15162,68114190,42.9606,-70.3488,20250812,Gulf of Maine
15163,69444896,44.3221,-67.3382,20250812,Gulf of Maine
15164,69605668,42.9611,-70.3485,20250812,Gulf of Maine
15165,70897236,44.3232,-67.3375,20250812,Gulf of Maine
15166,71642767,42.9603,-70.3484,20250812,Gulf of Maine
15167,71971190,42.9604,-70.349,20250812,Gulf of Maine
15168,72092155,44.3219,-67.338,20250812,Gulf of Maine
15169,72169788,42.9601,-70.3484,20250812,Gulf of Maine
15170,75155009,42.9596,-70.3493,20250812,Gulf of Maine
15171,75256925,42.9603,-70.3489,20250812,Gulf of Maine
15172,75301571,42.9601,-70.349,20250812,Gulf of Maine
15173,75631243,42.9611,-70.3482,20250812,Gulf of Maine
15174,77221810,44.3232,-67.3373,20250812,Gulf of Maine
15175,79119467,42.9605,-70.3478,20250812,Gulf of Maine
15176,81244222,42.9612,-70.3482,20250812,Gulf of Maine
15177,83125155,42.9606,-70.3487,20250812,Gulf of Maine
15178,83313889,42.96,-70.3489,20250812,Gulf of Maine
15179,84221739,42.9607,-70.3479,20250812,Gulf of Maine
15180,84387274,42.9598,-70.3481,20250812,Gulf of Maine
15181,84691237,44.44,-68.205,20250812,Mount Desert Island Biological Laboratory
15182,89179880,44.3225,-67.3376,20250812,Gulf of Maine
15183,89539661,42.9608,-70.3489,20250812,Gulf of Maine
15184,89686161,42.9598,-70.349,20250812,Gulf of Maine
15185,91187708,42.9605,-70.3477,20250812,Gulf of Maine
15186,91867997,44.3228,-67.3374,20250812,Gulf of Maine
15187,92154704,42.9606,-70.3492,20250812,Gulf of Maine
15188,92794951,44.3223,-67.3375,20250812,Gulf of Maine
15189,92982787,42.9609,-70.348,20250812,Gulf of Maine
15190,93795035,42.9612,-70.3492,20250812,Gulf of Maine
15191,93950155,44.3234,-67.3372,20250812,Gulf of Maine
15192,94443336,42.9601,-70.3489,20250812,Gulf of Maine
15193,95208192,42.96,-70.3485,20250812,Gulf of Maine
15194,96388014,42.9606,-70.3484,20250812,Gulf of Maine
15195,97981406,44.3233,-67.3378,20250812,Gulf of Maine
15196,01828319,44.322,-67.3378,20250813,Gulf of Maine
15197,02721899,42.9609,-70.3493,20250813,Gulf of Maine
15198,02736299,44.3229,-67.337,20250813,Gulf of Maine
15199,03197601,42.9605,-70.3489,20250813,Gulf of Maine
15200,03451502,42.9606,-70.3489,20250813,Gulf of Maine
15201,06390954,42.9828,-70.4297,20250813,Gulf of Maine
15202,07407990,44.3227,-67.3375,20250813,Gulf of Maine
15203,07995488,44.3225,-67.3377,20250813,Gulf of Maine
15204,09185393,44.3225,-67.3375,20250813,Gulf of Maine
15205,11701655,44.3224,-67.3379,20250813,Gulf of Maine
15206,12235882,42.9601,-70.3485,20250813,Gulf of Maine
15207,12538257,44.3223,-67.3379,20250813,Gulf of Maine
15208,13166873,42.9612,-70.3487,20250813,Gulf of Maine
15209,13182605,42.9599,-70.3478,20250813,Gulf of Maine
15210,13378945,44.3234,-67.3379,20250813,Gulf of Maine
15211,15118410,44.3226,-67.3366,20250813,Gulf of Maine
15212,15752076,44.3231,-67.3384,20250813,Gulf of Maine
15213,18760074,42.9603,-70.3478,20250813,Gulf of Maine
15214,18851315,44.3222,-67.3375,20250813,Gulf of Maine
15215,19277636,42.9612,-70.3484,20250813,Gulf of Maine
15216,19578742,42.9607,-70.3488,20250813,Gulf of Maine
15217,21178962,42.9606,-70.3486,20250813,Gulf of Maine
15218,21239205,44.3231,-67.3372,20250813,Gulf of Maine
15219,22013440,44.3234,-67.3374,20250813,Gulf of Maine
15220,23861482,44.3226,-67.3375,20250813,Gulf of Maine
15221,23895920,44.3224,-67.3383,20250813,Gulf of Maine
15222,24015176,42.9609,-70.3488,20250813,Gulf of Maine
15223,24654232,42.9606,-70.349,20250813,Gulf of Maine
15224,28214849,44.3224,-67.3377,20250813,Gulf of Maine
15225,28697285,42.9611,-70.348,20250813,Gulf of Maine
15226,33041580,42.9612,-70.3491,20250813,Gulf of Maine
15227,33811469,43.0027,-70.5005,20250813,Gulf of Maine
15228,34066870,44.3224,-67.338,20250813,Gulf of Maine
15229,34269013,42.9605,-70.3486,20250813,Gulf of Maine
15230,35323764,44.323,-67.3378,20250813,Gulf of Maine
15231,36664548,44.3226,-67.3376,20250813,Gulf of Maine
15232,37418151,44.3235,-67.3378,20250813,Gulf of Maine
15233,39086467,44.3222,-67.3378,20250813,Gulf of Maine
15234,39335381,42.9603,-70.348,20250813,Gulf of Maine
15235,41963409,44.323,-67.3377,20250813,Gulf of Maine
15236,43065645,44.3233,-67.3376,20250813,Gulf of Maine
15237,43577281,42.9602,-70.3479,20250813,Gulf of Maine
15238,45325738,44.3226,-67.3377,20250813,Gulf of Maine
15239,50308187,42.96,-70.3481,20250813,Gulf of Maine
15240,50499630,44.3224,-67.3378,20250813,Gulf of Maine
15241,51158636,42.9612,-70.349,20250813,Gulf of Maine
15242,51388349,43.0052,-70.5118,20250813,Gulf of Maine
15243,52314372,43.0139,-70.5455,20250813,Gulf of Maine
15244,53901109,44.3228,-67.3375,20250813,Gulf of Maine
15245,56685895,43.0099,-70.5301,20250813,Gulf of Maine
15246,57406201,44.3227,-67.3377,20250813,Gulf of Maine
15247,58135719,44.3226,-67.3378,20250813,Gulf of Maine
15248,60884969,42.9604,-70.3489,20250813,Gulf of Maine
15249,61445248,42.9604,-70.3488,20250813,Gulf of Maine
15250,62641637,44.3235,-67.3373,20250813,Gulf of Maine
15251,62950397,43.781,-69.975,20250813,Bowdoin College (SCSC)
15252,64281992,42.9607,-70.3487,20250813,Gulf of Maine
15253,66398605,42.96,-70.3478,20250813,Gulf of Maine
15254,66784044,44.3228,-67.3378,20250813,Gulf of Maine
15255,69444896,44.3221,-67.3382,20250813,Gulf of Maine
15256,70231153,42.9611,-70.349,20250813,Gulf of Maine
15257,70291404,42.9599,-70.348,20250813,Gulf of Maine
15258,71750870,44.3229,-67.3376,20250813,Gulf of Maine
15259,73338617,42.9775,-70.4102,20250813,Gulf of Maine
15260,75256925,42.9603,-70.3489,20250813,Gulf of Maine
15261,75631243,42.9611,-70.3482,20250813,Gulf of Maine
15262,75646007,42.9612,-70.3493,20250813,Gulf of Maine
15263,76066753,44.3229,-67.3377,20250813,Gulf of Maine
15264,76859776,42.9607,-70.3485,20250813,Gulf of Maine
15265,77346865,44.3223,-67.3378,20250813,Gulf of Maine
15266,78976026,44.3227,-67.3376,20250813,Gulf of Maine
15267,79119467,42.9605,-70.3478,20250813,Gulf of Maine
15268,81025769,44.323,-67.3382,20250813,Gulf of Maine
15269,82524135,42.9602,-70.3481,20250813,Gulf of Maine
15270,82777859,42.96,-70.3477,20250813,Gulf of Maine
15271,82935698,44.3233,-67.3369,20250813,Gulf of Maine
15272,83125155,42.9606,-70.3487,20250813,Gulf of Maine
15273,83154792,42.9604,-70.3485,20250813,Gulf of Maine
15274,84226878,44.3229,-67.3381,20250813,Gulf of Maine
15275,84691237,44.44,-68.205,20250813,Mount Desert Island Biological Laboratory
15276,86668681,42.9601,-70.348,20250813,Gulf of Maine
15277,87075675,42.9605,-70.3487,20250813,Gulf of Maine
15278,87082555,43.0181,-70.5613,20250813,Gulf of Maine
15279,88402951,44.322,-67.3377,20250813,Gulf of Maine
15280,89179880,44.3225,-67.3376,20250813,Gulf of Maine
15281,90286940,44.3221,-67.3379,20250813,Gulf of Maine
15282,91867997,44.3228,-67.3374,20250813,Gulf of Maine
15283,93281027,44.3232,-67.3383,20250813,Gulf of Maine
15284,93324248,44.3223,-67.3377,20250813,Gulf of Maine
15285,93765197,44.3231,-67.3376,20250813,Gulf of Maine
15286,95780431,44.3225,-67.3378,20250813,Gulf of Maine
15287,95852424,42.9599,-70.3484,20250813,Gulf of Maine
15288,97442860,42.9598,-70.3484,20250813,Gulf of Maine
15289,98310955,44.323,-67.3383,20250813,Gulf of Maine
15290,98841189,42.9606,-70.3483,20250813,Gulf of Maine
15291,01246368,44.3228,-67.3383,20250814,Gulf of Maine
15292,02187257,43.0178,-70.5619,20250814,Gulf of Maine
15293,04848538,43.0183,-70.5613,20250814,Gulf of Maine
15294,07346723,43.021,-70.57,20250814,Gulf of Maine
15295,11790247,44.3219,-67.3379,20250814,Gulf of Maine
15296,15098261,43.0257,-70.5902,20250814,Gulf of Maine
15297,19648417,44.3231,-67.3378,20250814,Gulf of Maine
15298,20011694,43.0176,-70.5622,20250814,Gulf of Maine
15299,22861882,44.3229,-67.3374,20250814,Gulf of Maine
15300,23216774,43.0183,-70.562,20250814,Gulf of Maine
15301,26690072,44.3229,-67.3365,20250814,Gulf of Maine
15302,28644933,44.3232,-67.3379,20250814,Gulf of Maine
15303,34959872,44.3229,-67.3386,20250814,Gulf of Maine
15304,35598619,44.322,-67.338,20250814,Gulf of Maine
15305,36664548,44.3226,-67.3376,20250814,Gulf of Maine
15306,37787361,43.0181,-70.5619,20250814,Gulf of Maine
15307,38981711,43.0181,-70.5622,20250814,Gulf of Maine
15308,40700321,44.3223,-67.3376,20250814,Gulf of Maine
15309,43404191,43.031,-70.6134,20250814,Gulf of Maine
15310,44783161,44.3222,-67.3371,20250814,Gulf of Maine
15311,44792807,44.323,-67.3371,20250814,Gulf of Maine
15312,47085533,44.3221,-67.3375,20250814,Gulf of Maine
15313,47282555,43.0721,-70.7112,20250814,Gulf of Maine
15314,48199140,43.0184,-70.5626,20250814,Gulf of Maine
15315,49955043,44.3233,-67.337,20250814,Gulf of Maine
15316,50101423,44.3218,-67.3376,20250814,Gulf of Maine
15317,53204376,44.3222,-67.3381,20250814,Gulf of Maine
15318,58053638,44.322,-67.3379,20250814,Gulf of Maine
15319,59406513,44.3223,-67.338,20250814,Gulf of Maine
15320,60502512,44.3229,-67.3378,20250814,Gulf of Maine
15321,62301796,44.3224,-67.3375,20250814,Gulf of Maine
15322,62950397,43.781,-69.975,20250814,Bowdoin College (SCSC)
15323,63403055,44.3231,-67.338,20250814,Gulf of Maine
15324,65866499,44.3229,-67.3373,20250814,Gulf of Maine
15325,66602485,44.3227,-67.3374,20250814,Gulf of Maine
15326,67745527,44.3228,-67.3373,20250814,Gulf of Maine
15327,68107940,44.3231,-67.3369,20250814,Gulf of Maine
15328,69444896,44.3221,-67.3382,20250814,Gulf of Maine
15329,69836610,44.3235,-67.3372,20250814,Gulf of Maine
15330,70901450,44.3227,-67.3372,20250814,Gulf of Maine
15331,71041454,44.3219,-67.3375,20250814,Gulf of Maine
15332,72195345,44.3234,-67.3376,20250814,Gulf of Maine
15333,75467585,43.0722,-70.711,20250814,Gulf of Maine
15334,76679040,44.323,-67.3366,20250814,Gulf of Maine
15335,78976026,44.3227,-67.3376,20250814,Gulf of Maine
15336,79870898,43.0572,-70.7013,20250814,Gulf of Maine
15337,80046954,43.0721,-70.7113,20250814,Gulf of Maine
15338,80386404,43.0183,-70.5623,20250814,Gulf of Maine
15339,84691237,44.44,-68.205,20250814,Mount Desert Island Biological Laboratory
15340,87167717,43.0183,-70.5621,20250814,Gulf of Maine
15341,87554551,43.0358,-70.6342,20250814,Gulf of Maine
15342,88402951,44.322,-67.3377,20250814,Gulf of Maine
15343,89179880,44.3225,-67.3376,20250814,Gulf of Maine
15344,89797072,44.3234,-67.3373,20250814,Gulf of Maine
15345,89825549,43.0323,-70.6579,20250814,Gulf of Maine
15346,89989833,44.3234,-67.3377,20250814,Gulf of Maine
15347,90673548,43.0183,-70.5619,20250814,Gulf of Maine
15348,91867997,44.3228,-67.3374,20250814,Gulf of Maine
15349,93765197,44.3231,-67.3376,20250814,Gulf of Maine
15350,95780431,44.3225,-67.3378,20250814,Gulf of Maine
15351,96369704,44.3232,-67.3374,20250814,Gulf of Maine
15352,99424693,44.3231,-67.3373,20250814,Gulf of Maine
15353,07995488,44.3225,-67.3377,20250815,Gulf of Maine
15354,10846048,44.3233,-67.3377,20250815,Gulf of Maine
15355,44922262,44.323,-67.3375,20250815,Gulf of Maine
15356,44965911,44.3223,-67.3382,20250815,Gulf of Maine
15357,48461795,44.3231,-67.3379,20250815,Gulf of Maine
15358,50418941,44.3232,-67.337,20250815,Gulf of Maine
15359,52190183,44.3234,-67.3378,20250815,Gulf of Maine
15360,53548298,44.3231,-67.3368,20250815,Gulf of Maine
15361,58135719,44.3226,-67.3378,20250815,Gulf of Maine
15362,58188342,44.3224,-67.3385,20250815,Gulf of Maine
15363,60502512,44.3229,-67.3378,20250815,Gulf of Maine
15364,62382194,44.3224,-67.3384,20250815,Gulf of Maine
15365,62950397,43.781,-69.975,20250815,Bowdoin College (SCSC)
15366,67745527,44.3228,-67.3373,20250815,Gulf of Maine
15367,69345641,44.3231,-67.3382,20250815,Gulf of Maine
15368,78976026,44.3227,-67.3376,20250815,Gulf of Maine
15369,84691237,44.44,-68.205,20250815,Mount Desert Island Biological Laboratory
15370,86872651,44.3233,-67.3374,20250815,Gulf of Maine
15371,87439168,44.3225,-67.3381,20250815,Gulf of Maine
15372,95780431,44.3225,-67.3378,20250815,Gulf of Maine
15373,97009414,44.3228,-67.3372,20250815,Gulf of Maine
15374,62950397,43.781,-69.975,20250816,Bowdoin College (SCSC)
15375,84691237,44.44,-68.205,20250816,Mount Desert Island Biological Laboratory
15376,62950397,43.781,-69.975,20250817,Bowdoin College (SCSC)
15377,84691237,44.44,-68.205,20250817,Mount Desert Island Biological Laboratory
15378,62950397,43.781,-69.975,20250818,Bowdoin College (SCSC)
15379,84691237,44.44,-68.205,20250818,Mount Desert Island Biological Laboratory
15380,62950397,43.781,-69.975,20250819,Bowdoin College (SCSC)
15381,84691237,44.44,-68.205,20250819,Mount Desert Island Biological Laboratory
15382,62950397,43.781,-69.975,20250820,Bowdoin College (SCSC)
15383,05266207,43.2192,-65.4554,20251005,DFO AZMP
15384,05578372,43.0753,-65.2432,20251005,DFO AZMP
15385,09716077,43.2462,-64.5837,20251005,DFO AZMP
15386,10353060,42.9951,-65.1201,20251005,DFO AZMP
15387,10558002,42.9704,-65.2283,20251005,DFO AZMP
15388,14117402,42.9334,-65.0319,20251005,DFO AZMP
15389,14507820,43.1232,-65.3275,20251005,DFO AZMP
15390,16829109,42.8626,-65.2992,20251005,DFO AZMP
15391,19394123,41.325,-70.566,20251005,Martha's Vineyard Coastal Observatory
15392,22875068,43.1558,-64.7481,20251005,DFO AZMP
15393,23140797,42.9353,-65.0324,20251005,DFO AZMP
15394,24241414,43.0493,-65.2009,20251005,DFO AZMP
15395,24987216,42.9632,-65.1659,20251005,DFO AZMP
15396,26177807,43.1117,-64.8308,20251005,DFO AZMP
15397,26497362,42.9362,-65.0332,20251005,DFO AZMP
15398,32312699,42.8496,-65.3137,20251005,DFO AZMP
15399,32647684,42.8495,-65.3136,20251005,DFO AZMP
15400,33290263,42.848,-65.3087,20251005,DFO AZMP
15401,34330634,42.9631,-65.1655,20251005,DFO AZMP
15402,39830633,42.9644,-65.1748,20251005,DFO AZMP
15403,42843183,42.9959,-65.4464,20251005,DFO AZMP
15404,46270336,43.1644,-65.3914,20251005,DFO AZMP
15405,50199743,42.9371,-65.4053,20251005,DFO AZMP
15406,51956602,42.9561,-65.1221,20251005,DFO AZMP
15407,55174998,42.8932,-65.2411,20251005,DFO AZMP
15408,56406029,42.85,-65.3144,20251005,DFO AZMP
15409,59222916,42.9627,-65.164,20251005,DFO AZMP
15410,60122894,43.0986,-65.2857,20251005,DFO AZMP
15411,61767719,43.0001,-65.4799,20251005,DFO AZMP
15412,61946049,43.0662,-64.9156,20251005,DFO AZMP
15413,64496358,42.9746,-65.2824,20251005,DFO AZMP
15414,65930416,43.2314,-65.4684,20251005,DFO AZMP
15415,68470433,42.8973,-65.3573,20251005,DFO AZMP
15416,70420355,42.9511,-65.1166,20251005,DFO AZMP
15417,71285119,42.8507,-65.3103,20251005,DFO AZMP
15418,71417306,43.2003,-64.6668,20251005,DFO AZMP
15419,73766985,42.9257,-65.1833,20251005,DFO AZMP
15420,74405282,42.9659,-65.0821,20251005,DFO AZMP
15421,74521026,42.9375,-65.0428,20251005,DFO AZMP
15422,75514237,42.978,-65.314,20251005,DFO AZMP
15423,75688666,43.0,-65.4798,20251005,DFO AZMP
15424,77036466,42.9762,-65.4545,20251005,DFO AZMP
15425,77779478,43.0227,-65.1601,20251005,DFO AZMP
15426,77866096,42.8492,-65.3119,20251005,DFO AZMP
15427,79052028,42.9861,-65.3755,20251005,DFO AZMP
15428,79382215,42.9632,-65.1658,20251005,DFO AZMP
15429,84691237,44.44,-68.205,20251005,Mount Desert Island Biological Laboratory
15430,85199013,42.987,-65.0626,20251005,DFO AZMP
15431,87476076,42.8501,-65.3142,20251005,DFO AZMP
15432,88178858,42.9296,-65.0316,20251005,DFO AZMP
15433,91425359,43.0196,-65.0006,20251005,DFO AZMP
15434,94809712,42.9782,-65.3168,20251005,DFO AZMP
15435,98686791,42.9387,-65.0653,20251005,DFO AZMP
15436,99784989,42.9315,-65.0317,20251005,DFO AZMP
15437,01216321,43.3848,-64.3268,20251006,DFO AZMP
15438,02841529,44.0516,-63.0121,20251006,DFO AZMP
15439,04265331,44.2085,-63.5346,20251006,DFO AZMP
15440,10085964,44.3248,-63.4201,20251006,DFO AZMP
15441,11906320,44.267,-63.3163,20251006,DFO AZMP
15442,12447100,44.1138,-63.0607,20251006,DFO AZMP
15443,15355667,43.7635,-62.7527,20251006,DFO AZMP
15444,16372634,43.3375,-64.4125,20251006,DFO AZMP
15445,19309645,44.1764,-63.1075,20251006,DFO AZMP
15446,19394123,41.325,-70.566,20251006,Martha's Vineyard Coastal Observatory
15447,19715118,44.3473,-63.4331,20251006,DFO AZMP
15448,21227805,43.9387,-63.6584,20251006,DFO AZMP
15449,24732080,43.8294,-62.8232,20251006,DFO AZMP
15450,25194828,44.2802,-63.3973,20251006,DFO AZMP
15451,28663701,43.7265,-63.7479,20251006,DFO AZMP
15452,29114059,43.8835,-62.883,20251006,DFO AZMP
15453,29435143,44.2696,-63.4856,20251006,DFO AZMP
15454,31415260,44.2674,-63.3158,20251006,DFO AZMP
15455,35688855,44.261,-63.2696,20251006,DFO AZMP
15456,36461274,43.6171,-63.897,20251006,DFO AZMP
15457,40001756,43.9896,-62.9633,20251006,DFO AZMP
15458,41250419,43.6612,-63.813,20251006,DFO AZMP
15459,44457507,43.5714,-63.9815,20251006,DFO AZMP
15460,54298015,43.8718,-62.8716,20251006,DFO AZMP
15461,54384105,44.4002,-63.45,20251006,DFO AZMP
15462,56017559,43.7962,-63.7171,20251006,DFO AZMP
15463,58219010,44.2525,-63.1757,20251006,DFO AZMP
15464,60148301,43.5248,-64.0658,20251006,DFO AZMP
15465,62491223,43.6901,-63.7596,20251006,DFO AZMP
15466,66036344,43.9279,-62.9154,20251006,DFO AZMP
15467,66079649,43.7922,-62.7789,20251006,DFO AZMP
15468,69209460,44.2667,-63.3149,20251006,DFO AZMP
15469,69723092,43.8835,-62.8829,20251006,DFO AZMP
15470,70210204,43.4795,-64.1518,20251006,DFO AZMP
15471,72144308,44.076,-63.5906,20251006,DFO AZMP
15472,74325072,43.7642,-62.751,20251006,DFO AZMP
15473,79524694,44.1431,-63.5592,20251006,DFO AZMP
15474,80457871,44.2494,-63.1669,20251006,DFO AZMP
15475,81741560,44.3892,-63.4194,20251006,DFO AZMP
15476,82215668,43.867,-63.6868,20251006,DFO AZMP
15477,84691237,44.44,-68.205,20251006,Mount Desert Island Biological Laboratory
15478,88717075,43.6915,-63.7539,20251006,DFO AZMP
15479,88867551,43.2918,-64.4989,20251006,DFO AZMP
15480,93560731,43.4323,-64.2379,20251006,DFO AZMP
15481,96858503,44.2498,-63.1675,20251006,DFO AZMP
15482,98999083,44.0098,-63.6306,20251006,DFO AZMP
15483,14687812,43.4787,-62.4504,20251007,DFO AZMP
15484,15355667,43.7635,-62.7527,20251007,DFO AZMP
15485,19394123,41.325,-70.566,20251007,Martha's Vineyard Coastal Observatory
15486,19421374,43.1861,-62.1013,20251007,DFO AZMP
15487,20672688,43.4786,-62.4504,20251007,DFO AZMP
15488,21365320,43.3484,-62.2979,20251007,DFO AZMP
15489,43666762,43.6934,-62.6765,20251007,DFO AZMP
15490,47002895,43.6361,-62.6148,20251007,DFO AZMP
15491,52539112,43.1825,-62.0983,20251007,DFO AZMP
15492,60896165,43.5228,-62.495,20251007,DFO AZMP
15493,64304328,43.4562,-62.4292,20251007,DFO AZMP
15494,65014254,43.7458,-62.7355,20251007,DFO AZMP
15495,74095767,43.2942,-62.2307,20251007,DFO AZMP
15496,75601153,43.1789,-62.0954,20251007,DFO AZMP
15497,76073230,43.2399,-62.1652,20251007,DFO AZMP
15498,80179604,43.4032,-62.3642,20251007,DFO AZMP
15499,84691237,44.44,-68.205,20251007,Mount Desert Island Biological Laboratory
15500,92983306,43.58,-62.5535,20251007,DFO AZMP
15501,96971144,43.1263,-62.0331,20251007,DFO AZMP
15502,19394123,41.325,-70.566,20251103,Martha's Vineyard Coastal Observatory
15503,19394123,41.325,-70.566,20251104,Martha's Vineyard Coastal Observatory
15504,62950397,43.781,-69.975,20251104,Bowdoin College (SCSC)
15505,19394123,41.325,-70.566,20251105,Martha's Vineyard Coastal Observatory
15506,62950397,43.781,-69.975,20251105,Bowdoin College (SCSC)
15507,84691237,44.44,-68.205,20251105,Mount Desert Island Biological Laboratory
15508,19394123,41.325,-70.566,20251106,Martha's Vineyard Coastal Observatory
15509,62950397,43.781,-69.975,20251106,Bowdoin College (SCSC)
15510,84691237,44.44,-68.205,20251106,Mount Desert Island Biological Laboratory
15511,19394123,41.325,-70.566,20251107,Martha's Vineyard Coastal Observatory
15512,62950397,43.781,-69.975,20251107,Bowdoin College (SCSC)
15513,84691237,44.44,-68.205,20251107,Mount Desert Island Biological Laboratory
15514,19394123,41.325,-70.566,20251108,Martha's Vineyard Coastal Observatory
15515,62950397,43.781,-69.975,20251108,Bowdoin College (SCSC)
15516,84691237,44.44,-68.205,20251108,Mount Desert Island Biological Laboratory
15517,01485777,40.5404,-70.883,20251109,NESLTER broadscale
15518,01679092,41.039,-70.8831,20251109,NESLTER broadscale
15519,01908324,40.366,-70.8815,20251109,NESLTER broadscale
15520,02526883,40.5133,-70.8815,20251109,NESLTER broadscale
15521,03241474,40.7254,-70.8829,20251109,NESLTER broadscale
15522,03266836,40.946,-70.8829,20251109,NESLTER broadscale
15523,04576565,40.1081,-70.8836,20251109,NESLTER broadscale
15524,07805188,41.2315,-70.8858,20251109,NESLTER broadscale
15525,08258965,40.863,-70.8819,20251109,NESLTER broadscale
15526,08835490,40.863,-70.8818,20251109,NESLTER broadscale
15527,09101992,40.9915,-70.8865,20251109,NESLTER broadscale
15528,12591978,40.0425,-70.8825,20251109,NESLTER broadscale
15529,16284760,40.1544,-70.8803,20251109,NESLTER broadscale
15530,17341144,40.3675,-70.8828,20251109,NESLTER broadscale
15531,19137192,41.2912,-70.889,20251109,NESLTER broadscale
15532,19394123,41.325,-70.566,20251109,Martha's Vineyard Coastal Observatory
15533,22170263,40.451,-70.8828,20251109,NESLTER broadscale
15534,26250606,40.5767,-70.8869,20251109,NESLTER broadscale
15535,26504579,41.1699,-70.8837,20251109,NESLTER broadscale
15536,28652910,40.1569,-70.8805,20251109,NESLTER broadscale
15537,30281704,40.0497,-70.8826,20251109,NESLTER broadscale
15538,30556429,40.7546,-70.8831,20251109,NESLTER broadscale
15539,32491110,40.6965,-70.8819,20251109,NESLTER broadscale
15540,39292907,40.1938,-70.8836,20251109,NESLTER broadscale
15541,40551302,40.2603,-70.8857,20251109,NESLTER broadscale
15542,40703410,41.0111,-70.8897,20251109,NESLTER broadscale
15543,42300936,40.6942,-70.8825,20251109,NESLTER broadscale
15544,44013454,40.9326,-70.8831,20251109,NESLTER broadscale
15545,44991040,40.3919,-70.8829,20251109,NESLTER broadscale
15546,47926267,41.1971,-70.8835,20251109,NESLTER broadscale
15547,51914676,40.6964,-70.8816,20251109,NESLTER broadscale
15548,57828577,40.3163,-70.8834,20251109,NESLTER broadscale
15549,60943006,39.9678,-70.8836,20251109,NESLTER broadscale
15550,61462180,40.3566,-70.883,20251109,NESLTER broadscale
15551,62950397,43.781,-69.975,20251109,Bowdoin College (SCSC)
15552,64554177,41.039,-70.8833,20251109,NESLTER broadscale
15553,67474846,40.8728,-70.8834,20251109,NESLTER broadscale
15554,67565967,40.795,-70.8829,20251109,NESLTER broadscale
15555,67586923,40.513,-70.8829,20251109,NESLTER broadscale
15556,74478206,40.6404,-70.8829,20251109,NESLTER broadscale
15557,75445581,40.0471,-70.8825,20251109,NESLTER broadscale
15558,75730924,40.8156,-70.8831,20251109,NESLTER broadscale
15559,76632921,40.0504,-70.8833,20251109,NESLTER broadscale
15560,76989578,41.1127,-70.8746,20251109,NESLTER broadscale
15561,77790972,40.1542,-70.8805,20251109,NESLTER broadscale
15562,81474889,40.2409,-70.8836,20251109,NESLTER broadscale
15563,81518348,40.2602,-70.8853,20251109,NESLTER broadscale
15564,84691237,44.44,-68.205,20251109,Mount Desert Island Biological Laboratory
15565,87391703,41.0542,-70.8831,20251109,NESLTER broadscale
15566,87708910,40.1688,-70.8831,20251109,NESLTER broadscale
15567,87796729,40.2573,-70.8821,20251109,NESLTER broadscale
15568,89151767,39.9806,-70.8835,20251109,NESLTER broadscale
15569,93068750,40.0497,-70.8825,20251109,NESLTER broadscale
15570,94221475,40.3659,-70.8813,20251109,NESLTER broadscale
15571,96746023,40.2912,-70.8836,20251109,NESLTER broadscale
15572,99604549,40.4587,-70.8827,20251109,NESLTER broadscale
15573,19394123,41.325,-70.566,20251110,Martha's Vineyard Coastal Observatory
15574,62950397,43.781,-69.975,20251110,Bowdoin College (SCSC)
15575,84691237,44.44,-68.205,20251110,Mount Desert Island Biological Laboratory
15576,19394123,41.325,-70.566,20251111,Martha's Vineyard Coastal Observatory
15577,62950397,43.781,-69.975,20251111,Bowdoin College (SCSC)
15578,84691237,44.44,-68.205,20251111,Mount Desert Island Biological Laboratory
15579,19394123,41.325,-70.566,20251112,Martha's Vineyard Coastal Observatory
15580,62950397,43.781,-69.975,20251112,Bowdoin College (SCSC)
15581,19394123,41.325,-70.566,20251113,Martha's Vineyard Coastal Observatory
15582,62950397,43.781,-69.975,20251113,Bowdoin College (SCSC)
15583,19394123,41.325,-70.566,20251114,Martha's Vineyard Coastal Observatory
15584,62950397,43.781,-69.975,20251114,Bowdoin College (SCSC)
15585,19394123,41.325,-70.566,20251115,Martha's Vineyard Coastal Observatory
15586,62950397,43.781,-69.975,20251115,Bowdoin College (SCSC)
15587,19394123,41.325,-70.566,20251116,Martha's Vineyard Coastal Observatory
15588,19394123,41.325,-70.566,20251117,Martha's Vineyard Coastal Observatory
15589,19394123,41.325,-70.566,20251118,Martha's Vineyard Coastal Observatory
15590,19394123,41.325,-70.566,20251119,Martha's Vineyard Coastal Observatory
15591,19394123,41.325,-70.566,20251120,Martha's Vineyard Coastal Observatory
15592,19394123,41.325,-70.566,20251121,Martha's Vineyard Coastal Observatory
15593,19394123,41.325,-70.566,20251122,Martha's Vineyard Coastal Observatory
15594,19394123,41.325,-70.566,20251123,Martha's Vineyard Coastal Observatory
15595,19394123,41.325,-70.566,20251124,Martha's Vineyard Coastal Observatory
15596,19394123,41.325,-70.566,20251125,Martha's Vineyard Coastal Observatory
15597,19394123,41.325,-70.566,20251126,Martha's Vineyard Coastal Observatory
15598,19394123,41.325,-70.566,20251127,Martha's Vineyard Coastal Observatory
15599,19394123,41.325,-70.566,20251128,Martha's Vineyard Coastal Observatory
15600,62950397,43.781,-69.975,20251218,Bowdoin College (SCSC)
